plan_stamp,point_idx,x,y
865.27,0,0.026122376345044412,0.39440800009787275
865.27,1,0.02888443381453857,0.38593980511151804
865.27,2,0.050567006060742714,0.34765317479768476
865.27,3,0.07942374966372265,0.31443739016700234
865.27,4,0.11430423731874789,0.2876166597342264
865.27,5,0.1538178940547565,0.2682602413840025
865.27,6,0.19638943507023818,0.2571398144332438
865.27,7,0.24032166736717198,0.25469871521194043
865.27,8,0.28386315148005503,0.26103426264271173
865.27,9,0.32527802584040544,0.2758938784424689
865.27,10,0.36291521009966954,0.29868515662150485
865.27,11,0.6,0.6
865.919,0,-0.016383667710581154,-0.014958551202007939
865.919,1,-0.016383667710581154,-0.014958551202007939
865.919,2,-0.016383667710581154,-0.014958551202007939
865.919,3,-0.016383667710581154,-0.014958551202007939
865.919,4,-0.016383667710581154,-0.014958551202007939
865.919,5,-0.016170440799283637,-0.015063003931507904
865.919,6,-0.01397417618011479,-0.015636706449185647
865.919,7,-0.011713504792537258,-0.015824430286223018
865.919,8,-0.009951334813670519,-0.015665056608638254
865.919,9,-0.00846499338740261,-0.015264494280045185
865.919,10,-0.007098094710414451,-0.014627639800603146
865.919,11,0.6,0.6
866.502,0,-43.93703099892374,-57.07005356065021
866.502,1,-43.97012244823852,-57.04105431958691
866.502,2,-44.00831553153987,-57.01920738872842
866.502,3,-44.047579641531925,-56.99934965304351
866.502,4,-44.086882371442314,-56.97956846446468
866.502,5,-44.12614741542027,-56.95971257563014
866.502,6,-44.1654684202984,-56.93996773895383
866.502,7,-44.20485206713261,-56.92034814767272
866.502,8,-44.24407527875852,-56.90040975080263
866.502,9,-44.28294381591899,-56.8797884797699
866.502,10,-44.32198847532928,-56.859502657835975
866.502,11,0.6,0.6
13.564,0,-44.11192775395966,-50.71081858128021
13.564,1,-44.11192775395966,-50.71081858128021
13.564,2,-44.11192775395966,-50.71081858128021
13.564,3,-44.11192775395966,-50.71081858128021
13.564,4,-44.11192775395966,-50.71081858128021
13.564,5,-44.132157274996665,-50.74989244055484
13.564,6,-44.15974632992444,-50.78416843869045
13.564,7,-44.19359503018531,-50.81228009980554
13.564,8,-44.23235393491562,-50.83310670068293
13.564,9,-44.274477848894584,-50.84581795046778
13.564,10,-44.317720898980795,-50.853944365374836
13.564,11,0.6,0.6
13.71,0,-48.83142777144396,-54.53302878288731
13.71,1,-48.83142777144396,-54.53302878288731
13.71,2,-48.83142777144396,-54.53302878288731
13.71,3,-48.83142777144396,-54.53302878288731
13.71,4,-48.83142777144396,-54.53302878288731
13.71,5,-48.83142777144396,-54.53302878288731
13.71,6,-48.83142777144396,-54.53302878288731
13.71,7,-48.83142777144396,-54.53302878288731
13.71,8,-48.83142777144396,-54.53302878288731
13.71,9,-48.83142777144396,-54.53302878288731
13.71,10,-48.83142777144396,-54.53302878288731
13.71,11,0.6,0.6
866.877,0,-88.24981070022817,-88.6229861995653
866.877,1,-88.24981070022817,-88.6229861995653
866.877,2,-88.24981070022817,-88.6229861995653
866.877,3,-88.24981070022817,-88.6229861995653
866.877,4,-88.24981070022817,-88.6229861995653
866.877,5,-88.24981070022817,-88.6229861995653
866.877,6,-88.24981070022817,-88.6229861995653
866.877,7,-88.24981070022817,-88.6229861995653
866.877,8,-88.24981070022817,-88.6229861995653
866.877,9,-88.24981070022817,-88.6229861995653
866.877,10,-88.24981070022817,-88.6229861995653
866.877,11,0.6,0.6
866.95,0,-88.24981070022817,-88.6229861995653
866.95,1,-88.24981070022817,-88.6229861995653
866.95,2,-88.24981070022817,-88.6229861995653
866.95,3,-88.24981070022817,-88.6229861995653
866.95,4,-88.24981070022817,-88.6229861995653
866.95,5,-88.24981070022817,-88.6229861995653
866.95,6,-88.24981070022817,-88.6229861995653
866.95,7,-88.24981070022817,-88.6229861995653
866.95,8,-88.24981070022817,-88.6229861995653
866.95,9,-88.24981070022817,-88.6229861995653
866.95,10,-88.24981070022817,-88.6229861995653
866.95,11,0.6,0.6
867.004,0,-88.24981070022817,-88.6229861995653
867.004,1,-88.24981070022817,-88.6229861995653
867.004,2,-88.24981070022817,-88.6229861995653
867.004,3,-88.24981070022817,-88.6229861995653
867.004,4,-88.24981070022817,-88.6229861995653
867.004,5,-88.24981070022817,-88.6229861995653
867.004,6,-88.24981070022817,-88.6229861995653
867.004,7,-88.24981070022817,-88.6229861995653
867.004,8,-88.24981070022817,-88.6229861995653
867.004,9,-88.24981070022817,-88.6229861995653
867.004,10,-88.24981070022817,-88.6229861995653
867.004,11,0.6,0.6
867.039,0,-94.95386364619365,-95.17864807591452
867.039,1,-94.95386364619365,-95.17864807591452
867.039,2,-94.95386364619365,-95.17864807591452
867.039,3,-94.95386364619365,-95.17864807591452
867.039,4,-94.95386364619365,-95.17864807591452
867.039,5,-94.95386364619365,-95.17864807591452
867.039,6,-94.95386364619365,-95.17864807591452
867.039,7,-94.95386364619365,-95.17864807591452
867.039,8,-94.95386364619365,-95.17864807591452
867.039,9,-94.95386364619365,-95.17864807591452
867.039,10,-94.95386364619365,-95.17864807591452
867.039,11,0.6,0.6
867.055,0,-94.95386364619365,-95.17864807591452
867.055,1,-94.95386364619365,-95.17864807591452
867.055,2,-94.95386364619365,-95.17864807591452
867.055,3,-94.95386364619365,-95.17864807591452
867.055,4,-94.95386364619365,-95.17864807591452
867.055,5,-94.95386364619365,-95.17864807591452
867.055,6,-94.95386364619365,-95.17864807591452
867.055,7,-94.95386364619365,-95.17864807591452
867.055,8,-94.95386364619365,-95.17864807591452
867.055,9,-94.95386364619365,-95.17864807591452
867.055,10,-94.95386364619365,-95.17864807591452
867.055,11,0.6,0.6
13.879,0,-94.95386364619365,-95.17864807591452
13.879,1,-94.95386364619365,-95.17864807591452
13.879,2,-94.95386364619365,-95.17864807591452
13.879,3,-94.95386364619365,-95.17864807591452
13.879,4,-94.95386364619365,-95.17864807591452
13.879,5,-94.95386364619365,-95.17864807591452
13.879,6,-94.95386364619365,-95.17864807591452
13.879,7,-94.95386364619365,-95.17864807591452
13.879,8,-94.95386364619365,-95.17864807591452
13.879,9,-94.95386364619365,-95.17864807591452
13.879,10,-94.95386364619365,-95.17864807591452
13.879,11,0.6,0.6
14.159,0,-100.65844076736377,-100.8210904078136
14.159,1,-100.68132128959881,-100.85867340532913
14.159,2,-100.71013932386582,-100.89192277977415
14.159,3,-100.74210218394693,-100.92216142351747
14.159,4,-100.77635917962205,-100.94977407002798
14.159,5,-100.81274086657339,-100.97452023851068
14.159,6,-100.85116313841664,-100.99596153106508
14.159,7,-100.89138808642663,-101.01379278333722
14.159,8,-100.93301281287911,-101.02805399463766
14.159,9,-100.97557513930822,-101.03920963755695
14.159,10,-101.0186668074849,-101.04810391289284
14.159,11,0.6,0.6
867.703,0,-127.9693603329347,-128.02217065081683
867.703,1,-128.0133122076717,-128.02011329642264
867.703,2,-128.0567967043556,-128.02682884168328
867.703,3,-128.09811510101824,-128.04195465066093
867.703,4,-128.13668496108585,-128.06312930282726
867.703,5,-128.17304749632356,-128.08790360465568
867.703,6,-128.20827270427083,-128.11426996058654
867.703,7,-128.24340757986434,-128.14075657073258
867.703,8,-128.27913617502182,-128.16643666979923
867.703,9,-128.31464778268193,-128.19013110948293
867.703,10,-128.33193880871414,-128.2008521383142
867.703,11,0.6,0.6
14.55,0,-134.68203293953832,-134.6604911390015
14.55,1,-134.68203293953832,-134.6604911390015
14.55,2,-134.72150641735075,-134.64105291507565
14.55,3,-134.76405483260507,-134.62984433089449
14.55,4,-134.80798191425436,-134.62731223733857
14.55,5,-134.8515364281732,-134.63355758098749
14.55,6,-134.89352880546292,-134.6466968446487
14.55,7,-134.93417806163853,-134.663538399576
14.55,8,-134.97409709534543,-134.68204436477393
14.55,9,-135.0138254033513,-134.70095630658304
14.55,10,-135.0536731947176,-134.7196151790899
14.55,11,0.6,0.6
14.805,0,-140.70138248484105,-140.70778291130088
14.805,1,-140.718246655969,-140.74842278989527
14.805,2,-140.74047595855973,-140.78639459662514
14.805,3,-140.76598078937323,-140.82224851698504
14.805,4,-140.79316821549597,-140.85684394819813
14.805,5,-140.82072299362355,-140.89114750781428
14.805,6,-140.84813713306696,-140.92556356451138
14.805,7,-140.87560638505408,-140.95993564904617
14.805,8,-140.90326668377904,-140.99415418020178
14.805,9,-140.93113609458567,-141.02820261542706
14.805,10,-140.9521568342264,-141.05361651761663
14.805,11,0.6,0.6
868.552,0,-243.29688244267703,-70.76099770019425
868.552,1,-243.3022825917964,-70.80466506088263
868.552,2,-243.2988997321381,-70.84853482564758
868.552,3,-243.28770167232543,-70.8910860119581
868.552,4,-243.2761574208319,-70.93354458302984
868.552,5,-243.26464495126743,-70.97601178266116
868.552,6,-243.2530218428115,-71.01844883427673
868.552,7,-243.24133599941362,-71.0608686535135
868.552,8,-243.22980193342,-71.10332999265458
868.552,9,-243.218434531904,-71.14583625316729
868.552,10,-243.20633158016085,-71.18813895472526
868.552,11,0.6,0.6
868.948,0,-38.20941923782232,-88.27567687112452
868.948,1,-38.20660706672321,-88.23176683020323
868.948,2,-38.21257453026282,-88.18817337451429
868.948,3,-38.22708372450124,-88.14663443756892
868.948,4,-38.2495562136506,-88.10880604569942
868.948,5,-38.27909609048455,-88.07619629751525
868.948,6,-38.3145256933322,-88.0501052407705
868.948,7,-38.354432555732586,-88.03157304356249
868.948,8,-38.39565941488636,-88.0161994921083
868.948,9,-38.43680153961808,-88.00060059559094
868.948,10,-38.4783163149001,-87.986022412121
868.948,11,0.6,0.6
869.196,0,-51.58802717365308,-65.3341978797763
869.196,1,-51.56798684336165,-65.29502665102598
869.196,2,-51.55612810723637,-65.2526548399069
869.196,3,-51.552923735664145,-65.2087716768164
869.196,4,-51.55850147682758,-65.16512664498558
869.196,5,-51.57263896378807,-65.12345973410366
869.196,6,-51.594772579553926,-65.08543207241996
869.196,7,-51.62401992671122,-65.0525597028026
869.196,8,-51.65921500582414,-65.02615314289345
869.196,9,-51.69731540341016,-65.00414496932572
869.196,10,-51.736506924268106,-64.98414435201421
869.196,11,0.6,0.6
869.567,0,-54.45122992531407,-63.61066979562452
869.567,1,-54.45122992531407,-63.61066979562452
869.567,2,-54.45122992531407,-63.61066979562452
869.567,3,-54.45122992531407,-63.61066979562452
869.567,4,-54.45122992531407,-63.61066979562452
869.567,5,-54.45122992531407,-63.61066979562452
869.567,6,-54.45122992531407,-63.61066979562452
869.567,7,-54.45122992531407,-63.61066979562452
869.567,8,-54.45122992531407,-63.61066979562452
869.567,9,-54.45122992531407,-63.61066979562452
869.567,10,-54.45122992531407,-63.61066979562452
869.567,11,0.6,0.6
869.883,0,-64.29556425642716,-71.07517091274184
869.883,1,-64.33825568628545,-71.08582181958839
869.883,2,-64.38221213838538,-71.08777893961177
869.883,3,-64.42568120769434,-71.08096424861267
869.883,4,-64.46698430849388,-71.06579672197373
869.883,5,-64.50721368108532,-71.04797545431683
869.883,6,-64.54720734544117,-71.02963133233207
869.883,7,-64.5872974890891,-71.01149903015369
869.883,8,-64.62759789342208,-70.99383897889106
869.883,9,-64.66738343211127,-70.97504773329075
869.883,10,-64.70604935650913,-70.95404901212828
869.883,11,0.6,0.6
870.146,0,-104.30231860306878,-111.65292175988027
870.146,1,-104.30231860306878,-111.65292175988027
870.146,2,-104.30231860306878,-111.65292175988027
870.146,3,-104.30231860306878,-111.65292175988027
870.146,4,-104.30231860306878,-111.65292175988027
870.146,5,-104.30231860306878,-111.65292175988027
870.146,6,-104.30231860306878,-111.65292175988027
870.146,7,-104.30231860306878,-111.65292175988027
870.146,8,-104.30231860306878,-111.65292175988027
870.146,9,-104.30231860306878,-111.65292175988027
870.146,10,-104.30231860306878,-111.65292175988027
870.146,11,0.6,0.6
870.274,0,53.471493679913436,-48.485170275641806
870.274,1,53.471493679913436,-48.485170275641806
870.274,2,53.471493679913436,-48.485170275641806
870.274,3,53.471493679913436,-48.485170275641806
870.274,4,53.471493679913436,-48.485170275641806
870.274,5,53.471493679913436,-48.485170275641806
870.274,6,53.471493679913436,-48.485170275641806
870.274,7,53.471493679913436,-48.485170275641806
870.274,8,53.471493679913436,-48.485170275641806
870.274,9,53.471493679913436,-48.485170275641806
870.274,10,53.471493679913436,-48.485170275641806
870.274,11,0.6,0.6
870.468,0,53.471493679913436,-48.485170275641806
870.468,1,53.471493679913436,-48.485170275641806
870.468,2,53.471493679913436,-48.485170275641806
870.468,3,53.471493679913436,-48.485170275641806
870.468,4,53.471493679913436,-48.485170275641806
870.468,5,53.471493679913436,-48.485170275641806
870.468,6,53.471493679913436,-48.485170275641806
870.468,7,53.471493679913436,-48.485170275641806
870.468,8,53.471493679913436,-48.485170275641806
870.468,9,53.471493679913436,-48.485170275641806
870.468,10,53.471493679913436,-48.485170275641806
870.468,11,0.6,0.6
870.796,0,12.19213171441225,-2.204440319309338
870.796,1,12.234499925063535,-2.1925687260629205
870.796,2,12.273665070800059,-2.1725165102393063
870.796,3,12.308065760854072,-2.145083090404956
870.796,4,12.336330548270777,-2.1113621504375035
870.796,5,12.357332605170562,-2.0726980378008713
870.796,6,12.370234645820657,-2.0306321686542184
870.796,7,12.374522306575086,-1.986841576453896
870.796,8,12.370024651930066,-1.943072053921726
870.796,9,12.36289839982132,-1.899652973658752
870.796,10,12.3555514085486,-1.8562706994071805
870.796,11,0.6,0.6
871.029,0,-7.008225241685941,-4.344966996624224
871.029,1,-7.005181728225926,-4.388861609343996
871.029,2,-7.010919395739101,-4.432485905000296
871.029,3,-7.025209501527972,-4.474100720589733
871.029,4,-7.044853933348065,-4.5134719829325345
871.029,5,-7.063989667854771,-4.553092983234002
871.029,6,-7.083026005303652,-4.592761835707099
871.029,7,-7.102577438077533,-4.632179363235959
871.029,8,-7.122073309957308,-4.671624400688691
871.029,9,-7.139875053492398,-4.711862416632707
871.029,10,-7.156028127631199,-4.752790135795475
871.029,11,0.6,0.6
871.348,0,-12.41914022678998,-11.321629629177462
871.348,1,-12.413732833356157,-11.365296093383439
871.348,2,-12.417108415000419,-11.40916641875906
871.348,3,-12.42913239793487,-11.451491633872418
871.348,4,-12.449325423903787,-11.490584365961883
871.348,5,-12.470482288910208,-11.529163985751353
871.348,6,-12.491770389275644,-11.567671345863818
871.348,7,-12.513205059515718,-11.606097312497063
871.348,8,-12.53433400319389,-11.644692231062136
871.348,9,-12.553902189278398,-11.684101444367682
871.348,10,-12.571752295800499,-11.724318029219578
871.348,11,0.6,0.6
871.859,0,-141.43890088535562,-202.31839094597936
871.859,1,-141.4244945907248,-202.27681620996083
871.859,2,-141.4186350878294,-202.23320811179295
871.859,3,-141.4215559765591,-202.18930516873638
871.859,4,-141.43314081029766,-202.14685765258702
871.859,5,-141.45292773828197,-202.10755781186288
871.859,6,-141.48012791813457,-202.07297240719578
871.859,7,-141.51365696451987,-202.04448024952927
871.859,8,-141.54927084782096,-202.01864129993342
871.859,9,-141.58554242618695,-201.99373401981617
871.859,10,-141.62236398832894,-201.96964724831346
871.859,11,0.6,0.6
17.717,0,-156.16295890289175,-194.63165933842276
17.717,1,-156.16295890289175,-194.63165933842276
17.717,2,-156.16295890289175,-194.63165933842276
17.717,3,-156.16295890289175,-194.63165933842276
17.717,4,-156.16295890289175,-194.63165933842276
17.717,5,-156.16295890289175,-194.63165933842276
17.717,6,-156.16295890289175,-194.63165933842276
17.717,7,-156.14116774926762,-194.59343440384166
17.717,8,-156.1274050900809,-194.5516421891108
17.717,9,-156.12221959912281,-194.50794881794852
17.717,10,-156.12074567873486,-194.46397351171092
17.717,11,0.6,0.6
17.854,0,-157.49215715398645,-196.2142040086975
17.854,1,-157.49215715398645,-196.2142040086975
17.854,2,-157.49215715398645,-196.2142040086975
17.854,3,-157.49215715398645,-196.2142040086975
17.854,4,-157.49215715398645,-196.2142040086975
17.854,5,-157.49215715398645,-196.2142040086975
17.854,6,-157.49215715398645,-196.2142040086975
17.854,7,-157.46830203643972,-196.1772319467205
17.854,8,-157.45226764783277,-196.1362575842239
17.854,9,-157.44469322863995,-196.0929144397384
17.854,10,-157.44588074705197,-196.0489304676574
17.854,11,0.6,0.6
18.052,0,-166.15499491710796,-194.0765755820716
18.052,1,-166.15499491710796,-194.0765755820716
18.052,2,-166.15499491710796,-194.0765755820716
18.052,3,-166.15499491710796,-194.0765755820716
18.052,4,-166.15499491710796,-194.0765755820716
18.052,5,-166.15499491710796,-194.0765755820716
18.052,6,-166.15499491710796,-194.0765755820716
18.052,7,-166.15499491710796,-194.0765755820716
18.052,8,-166.15499491710796,-194.0765755820716
18.052,9,-166.15499491710796,-194.0765755820716
18.052,10,-166.15499491710796,-194.0765755820716
18.052,11,0.6,0.6
872.646,0,-177.04878919324543,-211.9862640513838
872.646,1,-177.04878919324543,-211.9862640513838
872.646,2,-177.04878919324543,-211.9862640513838
872.646,3,-177.04878919324543,-211.9862640513838
872.646,4,-177.04878919324543,-211.9862640513838
872.646,5,-177.04878919324543,-211.9862640513838
872.646,6,-177.04878919324543,-211.9862640513838
872.646,7,-177.04878919324543,-211.9862640513838
872.646,8,-177.04878919324543,-211.9862640513838
872.646,9,-177.04878919324543,-211.9862640513838
872.646,10,-177.04878919324543,-211.9862640513838
872.646,11,0.6,0.6
872.719,0,-183.5654478209952,-216.52754100469335
872.719,1,-183.5654478209952,-216.52754100469335
872.719,2,-183.5654478209952,-216.52754100469335
872.719,3,-183.5654478209952,-216.52754100469335
872.719,4,-183.5654478209952,-216.52754100469335
872.719,5,-183.5654478209952,-216.52754100469335
872.719,6,-183.5654478209952,-216.52754100469335
872.719,7,-183.5654478209952,-216.52754100469335
872.719,8,-183.5654478209952,-216.52754100469335
872.719,9,-183.5654478209952,-216.52754100469335
872.719,10,-183.5654478209952,-216.52754100469335
872.719,11,0.6,0.6
872.785,0,-184.4696697059235,-219.91822439938022
872.785,1,-184.4696697059235,-219.91822439938022
872.785,2,-184.4696697059235,-219.91822439938022
872.785,3,-184.4696697059235,-219.91822439938022
872.785,4,-184.4696697059235,-219.91822439938022
872.785,5,-184.4696697059235,-219.91822439938022
872.785,6,-184.4696697059235,-219.91822439938022
872.785,7,-184.4696697059235,-219.91822439938022
872.785,8,-184.4696697059235,-219.91822439938022
872.785,9,-184.4696697059235,-219.91822439938022
872.785,10,-184.4696697059235,-219.91822439938022
872.785,11,0.6,0.6
872.786,0,-188.6957852434728,-221.43545190112192
872.786,1,-188.6957852434728,-221.43545190112192
872.786,2,-188.6957852434728,-221.43545190112192
872.786,3,-188.6957852434728,-221.43545190112192
872.786,4,-188.6957852434728,-221.43545190112192
872.786,5,-188.6957852434728,-221.43545190112192
872.786,6,-188.6957852434728,-221.43545190112192
872.786,7,-188.6957852434728,-221.43545190112192
872.786,8,-188.6957852434728,-221.43545190112192
872.786,9,-188.6957852434728,-221.43545190112192
872.786,10,-188.6957852434728,-221.43545190112192
872.786,11,0.6,0.6
872.851,0,-188.6957852434728,-221.43545190112192
872.851,1,-188.6957852434728,-221.43545190112192
872.851,2,-188.6957852434728,-221.43545190112192
872.851,3,-188.6957852434728,-221.43545190112192
872.851,4,-188.6957852434728,-221.43545190112192
872.851,5,-188.6957852434728,-221.43545190112192
872.851,6,-188.6957852434728,-221.43545190112192
872.851,7,-188.6957852434728,-221.43545190112192
872.851,8,-188.6957852434728,-221.43545190112192
872.851,9,-188.6957852434728,-221.43545190112192
872.851,10,-188.6957852434728,-221.43545190112192
872.851,11,0.6,0.6
18.311,0,-188.6957852434728,-221.43545190112192
18.311,1,-188.6957852434728,-221.43545190112192
18.311,2,-188.6957852434728,-221.43545190112192
18.311,3,-188.6957852434728,-221.43545190112192
18.311,4,-188.6957852434728,-221.43545190112192
18.311,5,-188.6957852434728,-221.43545190112192
18.311,6,-188.6957852434728,-221.43545190112192
18.311,7,-188.6957852434728,-221.43545190112192
18.311,8,-188.6957852434728,-221.43545190112192
18.311,9,-188.6957852434728,-221.43545190112192
18.311,10,-188.6957852434728,-221.43545190112192
18.311,11,0.6,0.6
872.918,0,-193.87644651206844,-235.04721430312645
872.918,1,-193.87644651206844,-235.04721430312645
872.918,2,-193.87644651206844,-235.04721430312645
872.918,3,-193.87644651206844,-235.04721430312645
872.918,4,-193.87644651206844,-235.04721430312645
872.918,5,-193.87644651206844,-235.04721430312645
872.918,6,-193.87644651206844,-235.04721430312645
872.918,7,-193.87644651206844,-235.04721430312645
872.918,8,-193.87644651206844,-235.04721430312645
872.918,9,-193.87644651206844,-235.04721430312645
872.918,10,-193.87644651206844,-235.04721430312645
872.918,11,0.6,0.6
18.376,0,-193.87644651206844,-235.04721430312645
18.376,1,-193.87644651206844,-235.04721430312645
18.376,2,-193.87644651206844,-235.04721430312645
18.376,3,-193.87644651206844,-235.04721430312645
18.376,4,-193.87644651206844,-235.04721430312645
18.376,5,-193.87644651206844,-235.04721430312645
18.376,6,-193.87644651206844,-235.04721430312645
18.376,7,-193.87644651206844,-235.04721430312645
18.376,8,-193.87644651206844,-235.04721430312645
18.376,9,-193.87644651206844,-235.04721430312645
18.376,10,-193.87644651206844,-235.04721430312645
18.376,11,0.6,0.6
873.044,0,-193.87644651206844,-235.04721430312645
873.044,1,-193.87644651206844,-235.04721430312645
873.044,2,-193.87644651206844,-235.04721430312645
873.044,3,-193.87644651206844,-235.04721430312645
873.044,4,-193.87644651206844,-235.04721430312645
873.044,5,-193.87644651206844,-235.04721430312645
873.044,6,-193.87644651206844,-235.04721430312645
873.044,7,-193.87644651206844,-235.04721430312645
873.044,8,-193.87644651206844,-235.04721430312645
873.044,9,-193.87644651206844,-235.04721430312645
873.044,10,-193.87644651206844,-235.04721430312645
873.044,11,0.6,0.6
18.456,0,-208.26909925800197,-239.4010885508121
18.456,1,-208.26909925800197,-239.4010885508121
18.456,2,-208.26909925800197,-239.4010885508121
18.456,3,-208.26909925800197,-239.4010885508121
18.456,4,-208.26909925800197,-239.4010885508121
18.456,5,-208.26909925800197,-239.4010885508121
18.456,6,-208.26909925800197,-239.4010885508121
18.456,7,-208.26909925800197,-239.4010885508121
18.456,8,-208.26909925800197,-239.4010885508121
18.456,9,-208.26909925800197,-239.4010885508121
18.456,10,-208.26909925800197,-239.4010885508121
18.456,11,0.6,0.6
18.498,0,-208.26909925800197,-239.4010885508121
18.498,1,-208.26909925800197,-239.4010885508121
18.498,2,-208.26909925800197,-239.4010885508121
18.498,3,-208.26909925800197,-239.4010885508121
18.498,4,-208.26909925800197,-239.4010885508121
18.498,5,-208.26909925800197,-239.4010885508121
18.498,6,-208.26909925800197,-239.4010885508121
18.498,7,-208.26909925800197,-239.4010885508121
18.498,8,-208.26909925800197,-239.4010885508121
18.498,9,-208.26909925800197,-239.4010885508121
18.498,10,-208.26909925800197,-239.4010885508121
18.498,11,0.6,0.6
873.164,0,-208.2960788816829,-244.82616890369522
873.164,1,-208.2960788816829,-244.82616890369522
873.164,2,-208.2960788816829,-244.82616890369522
873.164,3,-208.2960788816829,-244.82616890369522
873.164,4,-208.2960788816829,-244.82616890369522
873.164,5,-208.2960788816829,-244.82616890369522
873.164,6,-208.2960788816829,-244.82616890369522
873.164,7,-208.2960788816829,-244.82616890369522
873.164,8,-208.2960788816829,-244.82616890369522
873.164,9,-208.2960788816829,-244.82616890369522
873.164,10,-208.2960788816829,-244.82616890369522
873.164,11,0.6,0.6
18.832,0,-221.02053282567428,-251.08267443062502
18.832,1,-221.04902172158245,-251.116206248499
18.832,2,-221.08360448011902,-251.14340979260638
18.832,3,-221.12290239583334,-251.16320054348935
18.832,4,-221.1653487848376,-251.17478950636354
18.832,5,-221.20925144354953,-251.1777146658502
18.832,6,-221.25286011150916,-251.17185940507153
18.832,7,-221.29443624874006,-251.15745715479738
18.832,8,-221.33319484737163,-251.13662998427145
18.832,9,-221.37022887058973,-251.11287117276328
18.832,10,-221.4065475221206,-251.08803258280776
18.832,11,0.6,0.6
873.699,0,-234.80357265006043,-267.5220037240724
873.699,1,-234.840249972405,-267.5463095675187
873.699,2,-234.88102501585146,-267.56284425324105
873.699,3,-234.92427220809074,-267.570948595498
873.699,4,-234.96826742004268,-267.5702994997385
873.699,5,-235.01125670144165,-267.5609228433621
873.699,6,-235.05152620529879,-267.54319244406884
873.699,7,-235.0894052338523,-267.52080541220124
873.699,8,-235.1258041165275,-267.49608454368905
873.699,9,-235.16155502246616,-267.4704355139888
873.699,10,-235.19703428554533,-267.44441202668673
873.699,11,0.6,0.6
874.13,0,-293.9978501458141,-704.1027354082225
874.13,1,-294.0349389797423,-704.1264085659723
874.13,2,-294.0759916366944,-704.1422414228583
874.13,3,-294.1193714767869,-704.14960277284
874.13,4,-294.1633490826882,-704.1481991421236
874.13,5,-294.2061712060305,-704.1380864890366
874.13,6,-294.2475630256338,-704.1231627740189
874.13,7,-294.28840419601573,-704.1067921050701
874.13,8,-294.3291470973053,-704.090178375973
874.13,9,-294.3699415664823,-704.0736916757402
874.13,10,-294.410732438156,-704.0571960766878
874.13,11,0.6,0.6
874.549,0,-241.6917847744734,-421.85783437709614
874.549,1,-241.73573662289306,-421.85577646055384
874.549,2,-241.7784035156612,-421.845027681018
874.549,3,-241.81808445840636,-421.826016558409
874.549,4,-241.8567802087814,-421.80507285045377
874.549,5,-241.89526222182548,-421.78373896491746
874.549,6,-241.93377746647448,-421.7624651328784
874.549,7,-241.972350948858,-421.7412970801383
874.549,8,-242.0109605803573,-421.72019503389896
874.549,9,-242.0495966585989,-421.699141448501
874.549,10,-242.08821309970452,-421.6780518663255
874.549,11,0.6,0.6
874.796,0,-587.6171802180186,-611.8330799204969
874.796,1,-587.6171802180186,-611.8330799204969
874.796,2,-587.6171802180186,-611.8330799204969
874.796,3,-587.6171802180186,-611.8330799204969
874.796,4,-587.6171802180186,-611.8330799204969
874.796,5,-587.6171802180186,-611.8330799204969
874.796,6,-587.6171802180186,-611.8330799204969
874.796,7,-587.6171802180186,-611.8330799204969
874.796,8,-587.6171802180186,-611.8330799204969
874.796,9,-587.6171802180186,-611.8330799204969
874.796,10,-587.6171802180186,-611.8330799204969
874.796,11,0.6,0.6
875.228,0,-655.0547839498531,-835.3718187816447
875.228,1,-655.0866986572049,-835.4021082427599
875.228,2,-655.1239947821919,-835.4254534577076
875.228,3,-655.1651854460056,-835.440923726438
875.228,4,-655.2086285068643,-835.4479022981559
875.228,5,-655.2525920270242,-835.4461109592293
875.228,6,-655.2953233196714,-835.435621124688
875.228,7,-655.3363132329496,-835.4196265315562
875.228,8,-655.3759900321442,-835.4006067627439
875.228,9,-655.4149468513996,-835.3801527598716
875.228,10,-655.4536559301691,-835.3592336962978
875.228,11,0.6,0.6
20.185,0,-693.6177353812966,-858.257573042819
20.185,1,-693.6472213375525,-858.2249145311616
20.185,2,-693.678993528651,-858.1944756107996
20.185,3,-693.7125876831803,-858.1660602490836
20.185,4,-693.7475328657529,-858.1393238653534
20.185,5,-693.7827604026313,-858.1129606211395
20.185,6,-693.8172452391319,-858.0856330516989
20.185,7,-693.85131951411,-858.0577952395591
20.185,8,-693.885236754601,-858.0297663116904
20.185,9,-693.9190986917636,-858.0016705965082
20.185,10,-693.9529462396317,-857.9735575478775
20.185,11,0.6,0.6
875.587,0,-664.7320996212998,-976.4867096402118
875.587,1,-664.7675893347556,-976.512718873934
875.587,2,-664.807538853829,-976.531158936998
875.587,3,-664.8503555172624,-976.5412946822805
875.587,4,-664.8943323598005,-976.5427220296021
875.587,5,-664.9377161635083,-976.5353840751295
875.587,6,-664.9787773530569,-976.5195733600017
875.587,7,-665.0158789484307,-976.4959202075539
875.587,8,-665.0491001508389,-976.4670697013096
875.587,9,-665.0801259031886,-976.4358702992138
875.587,10,-665.1103860450324,-976.403927791241
875.587,11,0.6,0.6
875.755,0,-757.8766000072806,-1039.8541971703871
875.755,1,-757.9195373631954,-1039.8445855385257
875.755,2,-757.9597092941988,-1039.8266351636141
875.755,3,-757.9975749733288,-1039.8042255597795
875.755,4,-758.0343171337729,-1039.780017841054
875.755,5,-758.0706948625282,-1039.7552658542527
875.755,6,-758.1069655469659,-1039.73035727239
875.755,7,-758.1429477184734,-1039.7050336997033
875.755,8,-758.1786760179065,-1039.6793531892017
875.755,9,-758.2143415251949,-1039.653585543018
875.755,10,-758.2499946351917,-1039.627800746188
875.755,11,0.6,0.6
20.622,0,-807.567823847968,-1071.6922316355958
20.622,1,-807.594769970955,-1071.6574479259607
20.622,2,-807.6261411249355,-1071.6265958482684
20.622,3,-807.6596886977004,-1071.5981255064792
20.622,4,-807.6942684195458,-1071.5709181023933
20.622,5,-807.729317020176,-1071.544317433344
20.622,6,-807.7644439900073,-1071.5178203393434
20.622,7,-807.7994098024726,-1071.491110941023
20.622,8,-807.8342042591952,-1071.4641786967536
20.622,9,-807.8689282106749,-1071.4371556104452
20.622,10,-807.9036304617764,-1071.4101046628004
20.622,11,0.6,0.6
876.372,0,-842.0000004752713,-1092.8323405144836
876.372,1,-842.0103316927837,-1092.789570595794
876.372,2,-842.0289540449002,-1092.749705724019
876.372,3,-842.0551251172081,-1092.7143351857949
876.372,4,-842.0856641813123,-1092.6826592396583
876.372,5,-842.1183514129128,-1092.6532051246606
876.372,6,-842.1520714992026,-1092.6249393188061
876.372,7,-842.1862455219458,-1092.5972240491963
876.372,8,-842.2206168096899,-1092.56975380022
876.372,9,-842.2550850479206,-1092.542405298373
876.372,10,-842.2895852457858,-1092.5150971247385
876.372,11,0.6,0.6
21.023,0,-999.3549099728524,-1357.6328912267104
21.023,1,-999.3549099728524,-1357.6328912267104
21.023,2,-999.3865868294633,-1357.6634293464176
21.023,3,-999.4236992457247,-1357.6870655169882
21.023,4,-999.4647676667153,-1357.7028574388899
21.023,5,-999.5081548240889,-1357.7101755380304
21.023,6,-999.5521310087973,-1357.708728064891
21.023,7,-999.5949479319471,-1357.6985934167967
21.023,8,-999.6363780488407,-1357.6837763518315
21.023,9,-999.6769659686677,-1357.6667875094897
21.023,10,-999.7172538803902,-1357.6490989773563
21.023,11,0.6,0.6
21.196,0,-1015.1759638025537,-1335.6608240335904
21.196,1,-1015.2053886472885,-1335.6935376165848
21.196,2,-1015.2407261398126,-1335.7197532917069
21.196,3,-1015.2805674858131,-1335.7384259227179
21.196,4,-1015.3233243365515,-1335.748811090744
21.196,5,-1015.3672921113159,-1335.7504947719087
21.196,6,-1015.4107179536749,-1335.743409843157
21.196,7,-1015.4524328736991,-1335.729414649433
21.196,8,-1015.4928345236419,-1335.7119874671623
21.196,9,-1015.5325432963164,-1335.6930345419871
21.196,10,-1015.5720175782169,-1335.6735979510197
21.196,11,0.6,0.6
877.094,0,-1023.0916262872598,-1320.4612590562824
877.094,1,-1023.1284122726377,-1320.437117985888
877.094,2,-1023.1643462918595,-1320.411726131632
877.094,3,-1023.1998548947156,-1320.3857426922289
877.094,4,-1023.2352047823613,-1320.3595437334052
877.094,5,-1023.2705045474848,-1320.3332772798528
877.094,6,-1023.3056854710544,-1320.306851863739
877.094,7,-1023.3407438562494,-1320.280264091596
877.094,8,-1023.375857893804,-1320.253749862084
877.094,9,-1023.411030748615,-1320.2273137072116
877.094,10,-1023.4462269721855,-1320.2009086727226
877.094,11,0.6,0.6
21.782,0,-1328.1337826335264,-1598.332527248156
21.782,1,-1328.1566340698428,-1598.2949265585578
21.782,2,-1328.182596726135,-1598.2594027569842
21.782,3,-1328.2112444736708,-1598.226006551195
21.782,4,-1328.2420453756667,-1598.1945851502676
21.782,5,-1328.2744416491225,-1598.1648113116473
21.782,6,-1328.3078564112702,-1598.1361852104349
21.782,7,-1328.341893060804,-1598.1083014070982
21.782,8,-1328.3764002237988,-1598.0810020352728
21.782,9,-1328.4111636111927,-1598.0540296995027
21.782,10,-1328.4460147195757,-1598.027170804431
21.782,11,0.6,0.6
877.791,0,-1320.5137622587615,-1592.677909242773
877.791,1,-1320.5137622587615,-1592.677909242773
877.791,2,-1320.492988879747,-1592.6391217870132
877.791,3,-1320.480335463145,-1592.5969804646763
877.791,4,-1320.4763064607453,-1592.5531653172993
877.791,5,-1320.4810624961594,-1592.5094231165415
877.791,6,-1320.494413961264,-1592.4674977259106
877.791,7,-1320.5129358295724,-1592.4275860685361
877.791,8,-1320.5343193650986,-1592.3891316226502
877.791,9,-1320.5570625212627,-1592.3514653400132
877.791,10,-1320.5802490978483,-1592.3140703849226
877.791,11,0.6,0.6
22.231,0,-1141.5397551092738,-1595.7865317035707
22.231,1,-1141.5397551092738,-1595.7865317035707
22.231,2,-1141.5397551092738,-1595.7865317035707
22.231,3,-1141.5397551092738,-1595.7865317035707
22.231,4,-1141.5397551092738,-1595.7865317035707
22.231,5,-1141.5397551092738,-1595.7865317035707
22.231,6,-1141.5397551092738,-1595.7865317035707
22.231,7,-1141.5397551092738,-1595.7865317035707
22.231,8,-1141.5397551092738,-1595.7865317035707
22.231,9,-1141.5397551092738,-1595.7865317035707
22.231,10,-1141.5397551092738,-1595.7865317035707
22.231,11,0.6,0.6
878.164,0,-1269.9548611528642,-1560.5670122708398
878.164,1,-1269.9548611528642,-1560.5670122708398
878.164,2,-1269.9548611528642,-1560.5670122708398
878.164,3,-1269.9548611528642,-1560.5670122708398
878.164,4,-1269.9548611528642,-1560.5670122708398
878.164,5,-1269.9548611528642,-1560.5670122708398
878.164,6,-1269.9548611528642,-1560.5670122708398
878.164,7,-1269.9548611528642,-1560.5670122708398
878.164,8,-1269.9548611528642,-1560.5670122708398
878.164,9,-1269.9548611528642,-1560.5670122708398
878.164,10,-1269.9548611528642,-1560.5670122708398
878.164,11,0.6,0.6
22.293,0,-1269.9548611528642,-1560.5670122708398
22.293,1,-1269.9548611528642,-1560.5670122708398
22.293,2,-1269.9548611528642,-1560.5670122708398
22.293,3,-1269.9548611528642,-1560.5670122708398
22.293,4,-1269.9548611528642,-1560.5670122708398
22.293,5,-1269.9548611528642,-1560.5670122708398
22.293,6,-1269.9548611528642,-1560.5670122708398
22.293,7,-1269.9548611528642,-1560.5670122708398
22.293,8,-1269.9548611528642,-1560.5670122708398
22.293,9,-1269.9548611528642,-1560.5670122708398
22.293,10,-1269.9548611528642,-1560.5670122708398
22.293,11,0.6,0.6
22.32,0,-1277.4023940414568,-1535.6788126645079
22.32,1,-1277.4023940414568,-1535.6788126645079
22.32,2,-1277.4023940414568,-1535.6788126645079
22.32,3,-1277.4023940414568,-1535.6788126645079
22.32,4,-1277.4023940414568,-1535.6788126645079
22.32,5,-1277.4023940414568,-1535.6788126645079
22.32,6,-1277.4023940414568,-1535.6788126645079
22.32,7,-1277.4023940414568,-1535.6788126645079
22.32,8,-1277.4023940414568,-1535.6788126645079
22.32,9,-1277.4023940414568,-1535.6788126645079
22.32,10,-1277.4023940414568,-1535.6788126645079
22.32,11,0.6,0.6
878.296,0,-1277.4023940414568,-1535.6788126645079
878.296,1,-1277.4023940414568,-1535.6788126645079
878.296,2,-1277.4023940414568,-1535.6788126645079
878.296,3,-1277.4023940414568,-1535.6788126645079
878.296,4,-1277.4023940414568,-1535.6788126645079
878.296,5,-1277.4023940414568,-1535.6788126645079
878.296,6,-1277.4023940414568,-1535.6788126645079
878.296,7,-1277.4023940414568,-1535.6788126645079
878.296,8,-1277.4023940414568,-1535.6788126645079
878.296,9,-1277.4023940414568,-1535.6788126645079
878.296,10,-1277.4023940414568,-1535.6788126645079
878.296,11,0.6,0.6
22.373,0,-1277.4023940414568,-1535.6788126645079
22.373,1,-1277.4023940414568,-1535.6788126645079
22.373,2,-1277.4023940414568,-1535.6788126645079
22.373,3,-1277.4023940414568,-1535.6788126645079
22.373,4,-1277.4023940414568,-1535.6788126645079
22.373,5,-1277.4023940414568,-1535.6788126645079
22.373,6,-1277.4023940414568,-1535.6788126645079
22.373,7,-1277.4023940414568,-1535.6788126645079
22.373,8,-1277.4023940414568,-1535.6788126645079
22.373,9,-1277.4023940414568,-1535.6788126645079
22.373,10,-1277.4023940414568,-1535.6788126645079
22.373,11,0.6,0.6
22.401,0,-1295.036396506136,-1578.4240101063765
22.401,1,-1295.036396506136,-1578.4240101063765
22.401,2,-1295.036396506136,-1578.4240101063765
22.401,3,-1295.036396506136,-1578.4240101063765
22.401,4,-1295.036396506136,-1578.4240101063765
22.401,5,-1295.036396506136,-1578.4240101063765
22.401,6,-1295.036396506136,-1578.4240101063765
22.401,7,-1295.036396506136,-1578.4240101063765
22.401,8,-1295.036396506136,-1578.4240101063765
22.401,9,-1295.036396506136,-1578.4240101063765
22.401,10,-1295.036396506136,-1578.4240101063765
22.401,11,0.6,0.6
878.444,0,-1295.036396506136,-1578.4240101063765
878.444,1,-1295.036396506136,-1578.4240101063765
878.444,2,-1295.036396506136,-1578.4240101063765
878.444,3,-1295.036396506136,-1578.4240101063765
878.444,4,-1295.036396506136,-1578.4240101063765
878.444,5,-1295.036396506136,-1578.4240101063765
878.444,6,-1295.036396506136,-1578.4240101063765
878.444,7,-1295.036396506136,-1578.4240101063765
878.444,8,-1295.036396506136,-1578.4240101063765
878.444,9,-1295.036396506136,-1578.4240101063765
878.444,10,-1295.036396506136,-1578.4240101063765
878.444,11,0.6,0.6
878.494,0,-1295.036396506136,-1578.4240101063765
878.494,1,-1295.036396506136,-1578.4240101063765
878.494,2,-1295.036396506136,-1578.4240101063765
878.494,3,-1295.036396506136,-1578.4240101063765
878.494,4,-1295.036396506136,-1578.4240101063765
878.494,5,-1295.036396506136,-1578.4240101063765
878.494,6,-1295.036396506136,-1578.4240101063765
878.494,7,-1295.036396506136,-1578.4240101063765
878.494,8,-1295.036396506136,-1578.4240101063765
878.494,9,-1295.036396506136,-1578.4240101063765
878.494,10,-1295.036396506136,-1578.4240101063765
878.494,11,0.6,0.6
878.553,0,-1306.614235827693,-1588.6354170442883
878.553,1,-1306.614235827693,-1588.6354170442883
878.553,2,-1306.614235827693,-1588.6354170442883
878.553,3,-1306.614235827693,-1588.6354170442883
878.553,4,-1306.614235827693,-1588.6354170442883
878.553,5,-1306.614235827693,-1588.6354170442883
878.553,6,-1306.614235827693,-1588.6354170442883
878.553,7,-1306.614235827693,-1588.6354170442883
878.553,8,-1306.614235827693,-1588.6354170442883
878.553,9,-1306.614235827693,-1588.6354170442883
878.553,10,-1306.614235827693,-1588.6354170442883
878.553,11,0.6,0.6
878.555,0,-1306.614235827693,-1588.6354170442883
878.555,1,-1306.614235827693,-1588.6354170442883
878.555,2,-1306.614235827693,-1588.6354170442883
878.555,3,-1306.614235827693,-1588.6354170442883
878.555,4,-1306.614235827693,-1588.6354170442883
878.555,5,-1306.614235827693,-1588.6354170442883
878.555,6,-1306.614235827693,-1588.6354170442883
878.555,7,-1306.614235827693,-1588.6354170442883
878.555,8,-1306.614235827693,-1588.6354170442883
878.555,9,-1306.614235827693,-1588.6354170442883
878.555,10,-1306.614235827693,-1588.6354170442883
878.555,11,0.6,0.6
22.573,0,-1306.614235827693,-1588.6354170442883
22.573,1,-1306.614235827693,-1588.6354170442883
22.573,2,-1306.614235827693,-1588.6354170442883
22.573,3,-1306.614235827693,-1588.6354170442883
22.573,4,-1306.614235827693,-1588.6354170442883
22.573,5,-1306.614235827693,-1588.6354170442883
22.573,6,-1306.614235827693,-1588.6354170442883
22.573,7,-1306.614235827693,-1588.6354170442883
22.573,8,-1306.614235827693,-1588.6354170442883
22.573,9,-1306.614235827693,-1588.6354170442883
22.573,10,-1306.614235827693,-1588.6354170442883
22.573,11,0.6,0.6
22.605,0,-1306.614235827693,-1588.6354170442883
22.605,1,-1306.614235827693,-1588.6354170442883
22.605,2,-1306.614235827693,-1588.6354170442883
22.605,3,-1306.614235827693,-1588.6354170442883
22.605,4,-1306.614235827693,-1588.6354170442883
22.605,5,-1306.614235827693,-1588.6354170442883
22.605,6,-1306.614235827693,-1588.6354170442883
22.605,7,-1306.614235827693,-1588.6354170442883
22.605,8,-1306.614235827693,-1588.6354170442883
22.605,9,-1306.614235827693,-1588.6354170442883
22.605,10,-1306.614235827693,-1588.6354170442883
22.605,11,0.6,0.6
878.657,0,-1328.6797624775295,-1609.917225768096
878.657,1,-1328.6797624775295,-1609.917225768096
878.657,2,-1328.6797624775295,-1609.917225768096
878.657,3,-1328.6797624775295,-1609.917225768096
878.657,4,-1328.6797624775295,-1609.917225768096
878.657,5,-1328.6797624775295,-1609.917225768096
878.657,6,-1328.6797624775295,-1609.917225768096
878.657,7,-1328.6797624775295,-1609.917225768096
878.657,8,-1328.6797624775295,-1609.917225768096
878.657,9,-1328.6797624775295,-1609.917225768096
878.657,10,-1328.6797624775295,-1609.917225768096
878.657,11,0.6,0.6
878.692,0,-1328.6797624775295,-1609.917225768096
878.692,1,-1328.6797624775295,-1609.917225768096
878.692,2,-1328.6797624775295,-1609.917225768096
878.692,3,-1328.6797624775295,-1609.917225768096
878.692,4,-1328.6797624775295,-1609.917225768096
878.692,5,-1328.6797624775295,-1609.917225768096
878.692,6,-1328.6797624775295,-1609.917225768096
878.692,7,-1328.6797624775295,-1609.917225768096
878.692,8,-1328.6797624775295,-1609.917225768096
878.692,9,-1328.6797624775295,-1609.917225768096
878.692,10,-1328.6797624775295,-1609.917225768096
878.692,11,0.6,0.6
878.74,0,-1328.6797624775295,-1609.917225768096
878.74,1,-1328.6797624775295,-1609.917225768096
878.74,2,-1328.6797624775295,-1609.917225768096
878.74,3,-1328.6797624775295,-1609.917225768096
878.74,4,-1328.6797624775295,-1609.917225768096
878.74,5,-1328.6797624775295,-1609.917225768096
878.74,6,-1328.6797624775295,-1609.917225768096
878.74,7,-1328.6797624775295,-1609.917225768096
878.74,8,-1328.6797624775295,-1609.917225768096
878.74,9,-1328.6797624775295,-1609.917225768096
878.74,10,-1328.6797624775295,-1609.917225768096
878.74,11,0.6,0.6
878.776,0,-1335.9070836067347,-1601.2187411052794
878.776,1,-1335.9070836067347,-1601.2187411052794
878.776,2,-1335.9070836067347,-1601.2187411052794
878.776,3,-1335.9070836067347,-1601.2187411052794
878.776,4,-1335.9070836067347,-1601.2187411052794
878.776,5,-1335.9070836067347,-1601.2187411052794
878.776,6,-1335.9070836067347,-1601.2187411052794
878.776,7,-1335.9070836067347,-1601.2187411052794
878.776,8,-1335.9070836067347,-1601.2187411052794
878.776,9,-1335.9070836067347,-1601.2187411052794
878.776,10,-1335.9070836067347,-1601.2187411052794
878.776,11,0.6,0.6
22.813,0,-1348.6667238581215,-1630.7242683774766
22.813,1,-1348.6667238581215,-1630.7242683774766
22.813,2,-1348.6667238581215,-1630.7242683774766
22.813,3,-1348.6667238581215,-1630.7242683774766
22.813,4,-1348.6667238581215,-1630.7242683774766
22.813,5,-1348.6667238581215,-1630.7242683774766
22.813,6,-1348.6667238581215,-1630.7242683774766
22.813,7,-1348.6667238581215,-1630.7242683774766
22.813,8,-1348.6667238581215,-1630.7242683774766
22.813,9,-1348.6667238581215,-1630.7242683774766
22.813,10,-1348.6667238581215,-1630.7242683774766
22.813,11,0.6,0.6
878.892,0,-1348.6667238581215,-1630.7242683774766
878.892,1,-1348.6667238581215,-1630.7242683774766
878.892,2,-1348.6667238581215,-1630.7242683774766
878.892,3,-1348.6667238581215,-1630.7242683774766
878.892,4,-1348.6667238581215,-1630.7242683774766
878.892,5,-1348.6667238581215,-1630.7242683774766
878.892,6,-1348.6667238581215,-1630.7242683774766
878.892,7,-1348.6667238581215,-1630.7242683774766
878.892,8,-1348.6667238581215,-1630.7242683774766
878.892,9,-1348.6667238581215,-1630.7242683774766
878.892,10,-1348.6667238581215,-1630.7242683774766
878.892,11,0.6,0.6
22.912,0,-1364.2917046780533,-1636.4321562298232
22.912,1,-1364.2917046780533,-1636.4321562298232
22.912,2,-1364.2917046780533,-1636.4321562298232
22.912,3,-1364.2917046780533,-1636.4321562298232
22.912,4,-1364.2917046780533,-1636.4321562298232
22.912,5,-1364.2917046780533,-1636.4321562298232
22.912,6,-1364.2917046780533,-1636.4321562298232
22.912,7,-1364.2917046780533,-1636.4321562298232
22.912,8,-1364.2917046780533,-1636.4321562298232
22.912,9,-1364.2917046780533,-1636.4321562298232
22.912,10,-1364.2917046780533,-1636.4321562298232
22.912,11,0.6,0.6
22.942,0,-1368.9854555330392,-1631.1049241450455
22.942,1,-1368.9854555330392,-1631.1049241450455
22.942,2,-1368.9854555330392,-1631.1049241450455
22.942,3,-1368.9854555330392,-1631.1049241450455
22.942,4,-1368.9854555330392,-1631.1049241450455
22.942,5,-1368.9854555330392,-1631.1049241450455
22.942,6,-1368.9854555330392,-1631.1049241450455
22.942,7,-1368.9854555330392,-1631.1049241450455
22.942,8,-1368.9854555330392,-1631.1049241450455
22.942,9,-1368.9854555330392,-1631.1049241450455
22.942,10,-1368.9854555330392,-1631.1049241450455
22.942,11,0.6,0.6
879.054,0,-1368.9854555330392,-1631.1049241450455
879.054,1,-1368.9854555330392,-1631.1049241450455
879.054,2,-1368.9854555330392,-1631.1049241450455
879.054,3,-1368.9854555330392,-1631.1049241450455
879.054,4,-1368.9854555330392,-1631.1049241450455
879.054,5,-1368.9854555330392,-1631.1049241450455
879.054,6,-1368.9854555330392,-1631.1049241450455
879.054,7,-1368.9854555330392,-1631.1049241450455
879.054,8,-1368.9854555330392,-1631.1049241450455
879.054,9,-1368.9854555330392,-1631.1049241450455
879.054,10,-1368.9854555330392,-1631.1049241450455
879.054,11,0.6,0.6
879.118,0,-1368.9854555330392,-1631.1049241450455
879.118,1,-1368.9854555330392,-1631.1049241450455
879.118,2,-1368.9854555330392,-1631.1049241450455
879.118,3,-1368.9854555330392,-1631.1049241450455
879.118,4,-1368.9854555330392,-1631.1049241450455
879.118,5,-1368.9854555330392,-1631.1049241450455
879.118,6,-1368.9854555330392,-1631.1049241450455
879.118,7,-1368.9854555330392,-1631.1049241450455
879.118,8,-1368.9854555330392,-1631.1049241450455
879.118,9,-1368.9854555330392,-1631.1049241450455
879.118,10,-1368.9854555330392,-1631.1049241450455
879.118,11,0.6,0.6
879.219,0,-1378.0314589065692,-1643.2375300975364
879.219,1,-1378.0314589065692,-1643.2375300975364
879.219,2,-1378.0314589065692,-1643.2375300975364
879.219,3,-1378.0314589065692,-1643.2375300975364
879.219,4,-1378.0314589065692,-1643.2375300975364
879.219,5,-1378.0314589065692,-1643.2375300975364
879.219,6,-1378.0314589065692,-1643.2375300975364
879.219,7,-1378.0314589065692,-1643.2375300975364
879.219,8,-1378.0314589065692,-1643.2375300975364
879.219,9,-1378.0314589065692,-1643.2375300975364
879.219,10,-1378.0314589065692,-1643.2375300975364
879.219,11,0.6,0.6
23.154,0,-1384.1729025033753,-1682.6306401723732
23.154,1,-1384.1729025033753,-1682.6306401723732
23.154,2,-1384.1729025033753,-1682.6306401723732
23.154,3,-1384.1729025033753,-1682.6306401723732
23.154,4,-1384.1729025033753,-1682.6306401723732
23.154,5,-1384.1729025033753,-1682.6306401723732
23.154,6,-1384.1729025033753,-1682.6306401723732
23.154,7,-1384.1729025033753,-1682.6306401723732
23.154,8,-1384.1729025033753,-1682.6306401723732
23.154,9,-1384.1729025033753,-1682.6306401723732
23.154,10,-1384.1729025033753,-1682.6306401723732
23.154,11,0.6,0.6
23.197,0,-1384.1729025033753,-1682.6306401723732
23.197,1,-1384.1729025033753,-1682.6306401723732
23.197,2,-1384.1729025033753,-1682.6306401723732
23.197,3,-1384.1729025033753,-1682.6306401723732
23.197,4,-1384.1729025033753,-1682.6306401723732
23.197,5,-1384.1729025033753,-1682.6306401723732
23.197,6,-1384.1729025033753,-1682.6306401723732
23.197,7,-1384.1729025033753,-1682.6306401723732
23.197,8,-1384.1729025033753,-1682.6306401723732
23.197,9,-1384.1729025033753,-1682.6306401723732
23.197,10,-1384.1729025033753,-1682.6306401723732
23.197,11,0.6,0.6
23.229,0,-1392.902021743354,-1680.6695930862245
23.229,1,-1392.902021743354,-1680.6695930862245
23.229,2,-1392.902021743354,-1680.6695930862245
23.229,3,-1392.902021743354,-1680.6695930862245
23.229,4,-1392.902021743354,-1680.6695930862245
23.229,5,-1392.902021743354,-1680.6695930862245
23.229,6,-1392.902021743354,-1680.6695930862245
23.229,7,-1392.902021743354,-1680.6695930862245
23.229,8,-1392.902021743354,-1680.6695930862245
23.229,9,-1392.902021743354,-1680.6695930862245
23.229,10,-1392.902021743354,-1680.6695930862245
23.229,11,0.6,0.6
23.251,0,-1393.5580703466812,-1692.0675118048164
23.251,1,-1393.5580703466812,-1692.0675118048164
23.251,2,-1393.5580703466812,-1692.0675118048164
23.251,3,-1393.5580703466812,-1692.0675118048164
23.251,4,-1393.5580703466812,-1692.0675118048164
23.251,5,-1393.5580703466812,-1692.0675118048164
23.251,6,-1393.5580703466812,-1692.0675118048164
23.251,7,-1393.5580703466812,-1692.0675118048164
23.251,8,-1393.5580703466812,-1692.0675118048164
23.251,9,-1393.5580703466812,-1692.0675118048164
23.251,10,-1393.5580703466812,-1692.0675118048164
23.251,11,0.6,0.6
23.282,0,-1393.5580703466812,-1692.0675118048164
23.282,1,-1393.5580703466812,-1692.0675118048164
23.282,2,-1393.5580703466812,-1692.0675118048164
23.282,3,-1393.5580703466812,-1692.0675118048164
23.282,4,-1393.5580703466812,-1692.0675118048164
23.282,5,-1393.5580703466812,-1692.0675118048164
23.282,6,-1393.5580703466812,-1692.0675118048164
23.282,7,-1393.5580703466812,-1692.0675118048164
23.282,8,-1393.5580703466812,-1692.0675118048164
23.282,9,-1393.5580703466812,-1692.0675118048164
23.282,10,-1393.5580703466812,-1692.0675118048164
23.282,11,0.6,0.6
879.505,0,-1402.589520114429,-1701.3913456936932
879.505,1,-1402.589520114429,-1701.3913456936932
879.505,2,-1402.589520114429,-1701.3913456936932
879.505,3,-1402.589520114429,-1701.3913456936932
879.505,4,-1402.589520114429,-1701.3913456936932
879.505,5,-1402.589520114429,-1701.3913456936932
879.505,6,-1402.589520114429,-1701.3913456936932
879.505,7,-1402.589520114429,-1701.3913456936932
879.505,8,-1402.589520114429,-1701.3913456936932
879.505,9,-1402.589520114429,-1701.3913456936932
879.505,10,-1402.589520114429,-1701.3913456936932
879.505,11,0.6,0.6
23.338,0,-1402.589520114429,-1701.3913456936932
23.338,1,-1402.589520114429,-1701.3913456936932
23.338,2,-1402.589520114429,-1701.3913456936932
23.338,3,-1402.589520114429,-1701.3913456936932
23.338,4,-1402.589520114429,-1701.3913456936932
23.338,5,-1402.589520114429,-1701.3913456936932
23.338,6,-1402.589520114429,-1701.3913456936932
23.338,7,-1402.589520114429,-1701.3913456936932
23.338,8,-1402.589520114429,-1701.3913456936932
23.338,9,-1402.589520114429,-1701.3913456936932
23.338,10,-1402.589520114429,-1701.3913456936932
23.338,11,0.6,0.6
23.367,0,-1402.589520114429,-1701.3913456936932
23.367,1,-1402.589520114429,-1701.3913456936932
23.367,2,-1402.589520114429,-1701.3913456936932
23.367,3,-1402.589520114429,-1701.3913456936932
23.367,4,-1402.589520114429,-1701.3913456936932
23.367,5,-1402.589520114429,-1701.3913456936932
23.367,6,-1402.589520114429,-1701.3913456936932
23.367,7,-1402.589520114429,-1701.3913456936932
23.367,8,-1402.589520114429,-1701.3913456936932
23.367,9,-1402.589520114429,-1701.3913456936932
23.367,10,-1402.589520114429,-1701.3913456936932
23.367,11,0.6,0.6
879.642,0,-1411.3286034774346,-1710.6023321229502
879.642,1,-1411.3286034774346,-1710.6023321229502
879.642,2,-1411.3286034774346,-1710.6023321229502
879.642,3,-1411.3286034774346,-1710.6023321229502
879.642,4,-1411.3286034774346,-1710.6023321229502
879.642,5,-1411.3286034774346,-1710.6023321229502
879.642,6,-1411.3286034774346,-1710.6023321229502
879.642,7,-1411.3286034774346,-1710.6023321229502
879.642,8,-1411.3286034774346,-1710.6023321229502
879.642,9,-1411.3286034774346,-1710.6023321229502
879.642,10,-1411.3286034774346,-1710.6023321229502
879.642,11,0.6,0.6
23.493,0,-1411.3286034774346,-1710.6023321229502
23.493,1,-1411.3286034774346,-1710.6023321229502
23.493,2,-1411.3286034774346,-1710.6023321229502
23.493,3,-1411.3286034774346,-1710.6023321229502
23.493,4,-1411.3286034774346,-1710.6023321229502
23.493,5,-1411.3286034774346,-1710.6023321229502
23.493,6,-1411.3286034774346,-1710.6023321229502
23.493,7,-1411.3286034774346,-1710.6023321229502
23.493,8,-1411.3286034774346,-1710.6023321229502
23.493,9,-1411.3286034774346,-1710.6023321229502
23.493,10,-1411.3286034774346,-1710.6023321229502
23.493,11,0.6,0.6
23.523,0,-1420.5444247929743,-1728.4410923575754
23.523,1,-1420.5444247929743,-1728.4410923575754
23.523,2,-1420.5444247929743,-1728.4410923575754
23.523,3,-1420.5444247929743,-1728.4410923575754
23.523,4,-1420.5444247929743,-1728.4410923575754
23.523,5,-1420.5444247929743,-1728.4410923575754
23.523,6,-1420.5444247929743,-1728.4410923575754
23.523,7,-1420.5444247929743,-1728.4410923575754
23.523,8,-1420.5444247929743,-1728.4410923575754
23.523,9,-1420.5444247929743,-1728.4410923575754
23.523,10,-1420.5444247929743,-1728.4410923575754
23.523,11,0.6,0.6
23.54,0,-1420.5444247929743,-1728.4410923575754
23.54,1,-1420.5444247929743,-1728.4410923575754
23.54,2,-1420.5444247929743,-1728.4410923575754
23.54,3,-1420.5444247929743,-1728.4410923575754
23.54,4,-1420.5444247929743,-1728.4410923575754
23.54,5,-1420.5444247929743,-1728.4410923575754
23.54,6,-1420.5444247929743,-1728.4410923575754
23.54,7,-1420.5444247929743,-1728.4410923575754
23.54,8,-1420.5444247929743,-1728.4410923575754
23.54,9,-1420.5444247929743,-1728.4410923575754
23.54,10,-1420.5444247929743,-1728.4410923575754
23.54,11,0.6,0.6
879.839,0,-1420.5444247929743,-1728.4410923575754
879.839,1,-1420.5444247929743,-1728.4410923575754
879.839,2,-1420.5444247929743,-1728.4410923575754
879.839,3,-1420.5444247929743,-1728.4410923575754
879.839,4,-1420.5444247929743,-1728.4410923575754
879.839,5,-1420.5444247929743,-1728.4410923575754
879.839,6,-1420.5444247929743,-1728.4410923575754
879.839,7,-1420.5444247929743,-1728.4410923575754
879.839,8,-1420.5444247929743,-1728.4410923575754
879.839,9,-1420.5444247929743,-1728.4410923575754
879.839,10,-1420.5444247929743,-1728.4410923575754
879.839,11,0.6,0.6
23.636,0,-1420.5444247929743,-1728.4410923575754
23.636,1,-1420.5444247929743,-1728.4410923575754
23.636,2,-1420.5444247929743,-1728.4410923575754
23.636,3,-1420.5444247929743,-1728.4410923575754
23.636,4,-1420.5444247929743,-1728.4410923575754
23.636,5,-1420.5444247929743,-1728.4410923575754
23.636,6,-1420.5444247929743,-1728.4410923575754
23.636,7,-1420.5444247929743,-1728.4410923575754
23.636,8,-1420.5444247929743,-1728.4410923575754
23.636,9,-1420.5444247929743,-1728.4410923575754
23.636,10,-1420.5444247929743,-1728.4410923575754
23.636,11,0.6,0.6
879.913,0,-1420.5444247929743,-1728.4410923575754
879.913,1,-1420.5444247929743,-1728.4410923575754
879.913,2,-1420.5444247929743,-1728.4410923575754
879.913,3,-1420.5444247929743,-1728.4410923575754
879.913,4,-1420.5444247929743,-1728.4410923575754
879.913,5,-1420.5444247929743,-1728.4410923575754
879.913,6,-1420.5444247929743,-1728.4410923575754
879.913,7,-1420.5444247929743,-1728.4410923575754
879.913,8,-1420.5444247929743,-1728.4410923575754
879.913,9,-1420.5444247929743,-1728.4410923575754
879.913,10,-1420.5444247929743,-1728.4410923575754
879.913,11,0.6,0.6
879.979,0,-1429.465886362764,-1744.6806237971239
879.979,1,-1429.465886362764,-1744.6806237971239
879.979,2,-1429.465886362764,-1744.6806237971239
879.979,3,-1429.465886362764,-1744.6806237971239
879.979,4,-1429.465886362764,-1744.6806237971239
879.979,5,-1429.465886362764,-1744.6806237971239
879.979,6,-1429.465886362764,-1744.6806237971239
879.979,7,-1429.465886362764,-1744.6806237971239
879.979,8,-1429.465886362764,-1744.6806237971239
879.979,9,-1429.465886362764,-1744.6806237971239
879.979,10,-1429.465886362764,-1744.6806237971239
879.979,11,0.6,0.6
23.759,0,-1429.465886362764,-1744.6806237971239
23.759,1,-1429.465886362764,-1744.6806237971239
23.759,2,-1429.465886362764,-1744.6806237971239
23.759,3,-1429.465886362764,-1744.6806237971239
23.759,4,-1429.465886362764,-1744.6806237971239
23.759,5,-1429.465886362764,-1744.6806237971239
23.759,6,-1429.465886362764,-1744.6806237971239
23.759,7,-1429.465886362764,-1744.6806237971239
23.759,8,-1429.465886362764,-1744.6806237971239
23.759,9,-1429.465886362764,-1744.6806237971239
23.759,10,-1429.465886362764,-1744.6806237971239
23.759,11,0.6,0.6
23.791,0,-1429.465886362764,-1744.6806237971239
23.791,1,-1429.465886362764,-1744.6806237971239
23.791,2,-1429.465886362764,-1744.6806237971239
23.791,3,-1429.465886362764,-1744.6806237971239
23.791,4,-1429.465886362764,-1744.6806237971239
23.791,5,-1429.465886362764,-1744.6806237971239
23.791,6,-1429.465886362764,-1744.6806237971239
23.791,7,-1429.465886362764,-1744.6806237971239
23.791,8,-1429.465886362764,-1744.6806237971239
23.791,9,-1429.465886362764,-1744.6806237971239
23.791,10,-1429.465886362764,-1744.6806237971239
23.791,11,0.6,0.6
880.071,0,-1446.4608749170382,-1761.8986949638386
880.071,1,-1446.4608749170382,-1761.8986949638386
880.071,2,-1446.4608749170382,-1761.8986949638386
880.071,3,-1446.4608749170382,-1761.8986949638386
880.071,4,-1446.4608749170382,-1761.8986949638386
880.071,5,-1446.4608749170382,-1761.8986949638386
880.071,6,-1446.4608749170382,-1761.8986949638386
880.071,7,-1446.4608749170382,-1761.8986949638386
880.071,8,-1446.4608749170382,-1761.8986949638386
880.071,9,-1446.4608749170382,-1761.8986949638386
880.071,10,-1446.4608749170382,-1761.8986949638386
880.071,11,0.6,0.6
880.106,0,-1446.4608749170382,-1761.8986949638386
880.106,1,-1446.4608749170382,-1761.8986949638386
880.106,2,-1446.4608749170382,-1761.8986949638386
880.106,3,-1446.4608749170382,-1761.8986949638386
880.106,4,-1446.4608749170382,-1761.8986949638386
880.106,5,-1446.4608749170382,-1761.8986949638386
880.106,6,-1446.4608749170382,-1761.8986949638386
880.106,7,-1446.4608749170382,-1761.8986949638386
880.106,8,-1446.4608749170382,-1761.8986949638386
880.106,9,-1446.4608749170382,-1761.8986949638386
880.106,10,-1446.4608749170382,-1761.8986949638386
880.106,11,0.6,0.6
23.919,0,-1446.4608749170382,-1761.8986949638386
23.919,1,-1446.4608749170382,-1761.8986949638386
23.919,2,-1446.4608749170382,-1761.8986949638386
23.919,3,-1446.4608749170382,-1761.8986949638386
23.919,4,-1446.4608749170382,-1761.8986949638386
23.919,5,-1446.4608749170382,-1761.8986949638386
23.919,6,-1446.4608749170382,-1761.8986949638386
23.919,7,-1446.4608749170382,-1761.8986949638386
23.919,8,-1446.4608749170382,-1761.8986949638386
23.919,9,-1446.4608749170382,-1761.8986949638386
23.919,10,-1446.4608749170382,-1761.8986949638386
23.919,11,0.6,0.6
880.176,0,-1454.7387585416732,-1770.371549027606
880.176,1,-1454.7387585416732,-1770.371549027606
880.176,2,-1454.7387585416732,-1770.371549027606
880.176,3,-1454.7387585416732,-1770.371549027606
880.176,4,-1454.7387585416732,-1770.371549027606
880.176,5,-1454.7387585416732,-1770.371549027606
880.176,6,-1454.7387585416732,-1770.371549027606
880.176,7,-1454.7387585416732,-1770.371549027606
880.176,8,-1454.7387585416732,-1770.371549027606
880.176,9,-1454.7387585416732,-1770.371549027606
880.176,10,-1454.7387585416732,-1770.371549027606
880.176,11,0.6,0.6
880.238,0,-1454.7387585416732,-1770.371549027606
880.238,1,-1454.7387585416732,-1770.371549027606
880.238,2,-1454.7387585416732,-1770.371549027606
880.238,3,-1454.7387585416732,-1770.371549027606
880.238,4,-1454.7387585416732,-1770.371549027606
880.238,5,-1454.7387585416732,-1770.371549027606
880.238,6,-1454.7387585416732,-1770.371549027606
880.238,7,-1454.7387585416732,-1770.371549027606
880.238,8,-1454.7387585416732,-1770.371549027606
880.238,9,-1454.7387585416732,-1770.371549027606
880.238,10,-1454.7387585416732,-1770.371549027606
880.238,11,0.6,0.6
880.24,0,-1454.7387585416732,-1770.371549027606
880.24,1,-1454.7387585416732,-1770.371549027606
880.24,2,-1454.7387585416732,-1770.371549027606
880.24,3,-1454.7387585416732,-1770.371549027606
880.24,4,-1454.7387585416732,-1770.371549027606
880.24,5,-1454.7387585416732,-1770.371549027606
880.24,6,-1454.7387585416732,-1770.371549027606
880.24,7,-1454.7387585416732,-1770.371549027606
880.24,8,-1454.7387585416732,-1770.371549027606
880.24,9,-1454.7387585416732,-1770.371549027606
880.24,10,-1454.7387585416732,-1770.371549027606
880.24,11,0.6,0.6
24.08,0,-1454.91609087842,-1777.477749067918
24.08,1,-1454.91609087842,-1777.477749067918
24.08,2,-1454.91609087842,-1777.477749067918
24.08,3,-1454.91609087842,-1777.477749067918
24.08,4,-1454.91609087842,-1777.477749067918
24.08,5,-1454.91609087842,-1777.477749067918
24.08,6,-1454.91609087842,-1777.477749067918
24.08,7,-1454.91609087842,-1777.477749067918
24.08,8,-1454.91609087842,-1777.477749067918
24.08,9,-1454.91609087842,-1777.477749067918
24.08,10,-1454.91609087842,-1777.477749067918
24.08,11,0.6,0.6
880.34,0,-1454.91609087842,-1777.477749067918
880.34,1,-1454.91609087842,-1777.477749067918
880.34,2,-1454.91609087842,-1777.477749067918
880.34,3,-1454.91609087842,-1777.477749067918
880.34,4,-1454.91609087842,-1777.477749067918
880.34,5,-1454.91609087842,-1777.477749067918
880.34,6,-1454.91609087842,-1777.477749067918
880.34,7,-1454.91609087842,-1777.477749067918
880.34,8,-1454.91609087842,-1777.477749067918
880.34,9,-1454.91609087842,-1777.477749067918
880.34,10,-1454.91609087842,-1777.477749067918
880.34,11,0.6,0.6
24.142,0,-1454.6810918282113,-1783.690052944755
24.142,1,-1454.6810918282113,-1783.690052944755
24.142,2,-1454.6810918282113,-1783.690052944755
24.142,3,-1454.6810918282113,-1783.690052944755
24.142,4,-1454.6810918282113,-1783.690052944755
24.142,5,-1454.6810918282113,-1783.690052944755
24.142,6,-1454.6810918282113,-1783.690052944755
24.142,7,-1454.6810918282113,-1783.690052944755
24.142,8,-1454.6810918282113,-1783.690052944755
24.142,9,-1454.6810918282113,-1783.690052944755
24.142,10,-1454.6810918282113,-1783.690052944755
24.142,11,0.6,0.6
880.412,0,-1454.6810918282113,-1783.690052944755
880.412,1,-1454.6810918282113,-1783.690052944755
880.412,2,-1454.6810918282113,-1783.690052944755
880.412,3,-1454.6810918282113,-1783.690052944755
880.412,4,-1454.6810918282113,-1783.690052944755
880.412,5,-1454.6810918282113,-1783.690052944755
880.412,6,-1454.6810918282113,-1783.690052944755
880.412,7,-1454.6810918282113,-1783.690052944755
880.412,8,-1454.6810918282113,-1783.690052944755
880.412,9,-1454.6810918282113,-1783.690052944755
880.412,10,-1454.6810918282113,-1783.690052944755
880.412,11,0.6,0.6
880.443,0,-1454.6810918282113,-1783.690052944755
880.443,1,-1454.6810918282113,-1783.690052944755
880.443,2,-1454.6810918282113,-1783.690052944755
880.443,3,-1454.6810918282113,-1783.690052944755
880.443,4,-1454.6810918282113,-1783.690052944755
880.443,5,-1454.6810918282113,-1783.690052944755
880.443,6,-1454.6810918282113,-1783.690052944755
880.443,7,-1454.6810918282113,-1783.690052944755
880.443,8,-1454.6810918282113,-1783.690052944755
880.443,9,-1454.6810918282113,-1783.690052944755
880.443,10,-1454.6810918282113,-1783.690052944755
880.443,11,0.6,0.6
880.567,0,-1454.1017861421196,-1789.1273903401573
880.567,1,-1454.1017861421196,-1789.1273903401573
880.567,2,-1454.1017861421196,-1789.1273903401573
880.567,3,-1454.1017861421196,-1789.1273903401573
880.567,4,-1454.1017861421196,-1789.1273903401573
880.567,5,-1454.1017861421196,-1789.1273903401573
880.567,6,-1454.1017861421196,-1789.1273903401573
880.567,7,-1454.1017861421196,-1789.1273903401573
880.567,8,-1454.1017861421196,-1789.1273903401573
880.567,9,-1454.1017861421196,-1789.1273903401573
880.567,10,-1454.1017861421196,-1789.1273903401573
880.567,11,0.6,0.6
880.636,0,-1454.1017861421196,-1789.1273903401573
880.636,1,-1454.1017861421196,-1789.1273903401573
880.636,2,-1454.1017861421196,-1789.1273903401573
880.636,3,-1454.1017861421196,-1789.1273903401573
880.636,4,-1454.1017861421196,-1789.1273903401573
880.636,5,-1454.1017861421196,-1789.1273903401573
880.636,6,-1454.1017861421196,-1789.1273903401573
880.636,7,-1454.1017861421196,-1789.1273903401573
880.636,8,-1454.1017861421196,-1789.1273903401573
880.636,9,-1454.1017861421196,-1789.1273903401573
880.636,10,-1454.1017861421196,-1789.1273903401573
880.636,11,0.6,0.6
880.643,0,-1454.1017861421196,-1789.1273903401573
880.643,1,-1454.1017861421196,-1789.1273903401573
880.643,2,-1454.1017861421196,-1789.1273903401573
880.643,3,-1454.1017861421196,-1789.1273903401573
880.643,4,-1454.1017861421196,-1789.1273903401573
880.643,5,-1454.1017861421196,-1789.1273903401573
880.643,6,-1454.1017861421196,-1789.1273903401573
880.643,7,-1454.1017861421196,-1789.1273903401573
880.643,8,-1454.1017861421196,-1789.1273903401573
880.643,9,-1454.1017861421196,-1789.1273903401573
880.643,10,-1454.1017861421196,-1789.1273903401573
880.643,11,0.6,0.6
880.717,0,-1454.1017861421196,-1789.1273903401573
880.717,1,-1454.1017861421196,-1789.1273903401573
880.717,2,-1454.1017861421196,-1789.1273903401573
880.717,3,-1454.1017861421196,-1789.1273903401573
880.717,4,-1454.1017861421196,-1789.1273903401573
880.717,5,-1454.1017861421196,-1789.1273903401573
880.717,6,-1454.1017861421196,-1789.1273903401573
880.717,7,-1454.1017861421196,-1789.1273903401573
880.717,8,-1454.1017861421196,-1789.1273903401573
880.717,9,-1454.1017861421196,-1789.1273903401573
880.717,10,-1454.1017861421196,-1789.1273903401573
880.717,11,0.6,0.6
880.804,0,-1453.2337594812136,-1793.8887217707165
880.804,1,-1453.2337594812136,-1793.8887217707165
880.804,2,-1453.2337594812136,-1793.8887217707165
880.804,3,-1453.2337594812136,-1793.8887217707165
880.804,4,-1453.2337594812136,-1793.8887217707165
880.804,5,-1453.2337594812136,-1793.8887217707165
880.804,6,-1453.2337594812136,-1793.8887217707165
880.804,7,-1453.2337594812136,-1793.8887217707165
880.804,8,-1453.2337594812136,-1793.8887217707165
880.804,9,-1453.2337594812136,-1793.8887217707165
880.804,10,-1453.2337594812136,-1793.8887217707165
880.804,11,0.6,0.6
24.452,0,-1453.2337594812136,-1793.8887217707165
24.452,1,-1453.2337594812136,-1793.8887217707165
24.452,2,-1453.2337594812136,-1793.8887217707165
24.452,3,-1453.2337594812136,-1793.8887217707165
24.452,4,-1453.2337594812136,-1793.8887217707165
24.452,5,-1453.2337594812136,-1793.8887217707165
24.452,6,-1453.2337594812136,-1793.8887217707165
24.452,7,-1453.2337594812136,-1793.8887217707165
24.452,8,-1453.2337594812136,-1793.8887217707165
24.452,9,-1453.2337594812136,-1793.8887217707165
24.452,10,-1453.2337594812136,-1793.8887217707165
24.452,11,0.6,0.6
24.476,0,-1450.813912815611,-1801.710089964144
24.476,1,-1450.813912815611,-1801.710089964144
24.476,2,-1450.813912815611,-1801.710089964144
24.476,3,-1450.813912815611,-1801.710089964144
24.476,4,-1450.813912815611,-1801.710089964144
24.476,5,-1450.813912815611,-1801.710089964144
24.476,6,-1450.813912815611,-1801.710089964144
24.476,7,-1450.813912815611,-1801.710089964144
24.476,8,-1450.813912815611,-1801.710089964144
24.476,9,-1450.813912815611,-1801.710089964144
24.476,10,-1450.813912815611,-1801.710089964144
24.476,11,0.6,0.6
880.912,0,-1447.7226436349808,-1807.70050144544
880.912,1,-1447.7226436349808,-1807.70050144544
880.912,2,-1447.7226436349808,-1807.70050144544
880.912,3,-1447.7226436349808,-1807.70050144544
880.912,4,-1447.7226436349808,-1807.70050144544
880.912,5,-1447.7226436349808,-1807.70050144544
880.912,6,-1447.7226436349808,-1807.70050144544
880.912,7,-1447.7226436349808,-1807.70050144544
880.912,8,-1447.7226436349808,-1807.70050144544
880.912,9,-1447.7226436349808,-1807.70050144544
880.912,10,-1447.7226436349808,-1807.70050144544
880.912,11,0.6,0.6
24.52,0,-1445.383818727232,-1810.6775056308236
24.52,1,-1445.383818727232,-1810.6775056308236
24.52,2,-1445.383818727232,-1810.6775056308236
24.52,3,-1445.383818727232,-1810.6775056308236
24.52,4,-1445.383818727232,-1810.6775056308236
24.52,5,-1445.383818727232,-1810.6775056308236
24.52,6,-1445.383818727232,-1810.6775056308236
24.52,7,-1445.383818727232,-1810.6775056308236
24.52,8,-1445.383818727232,-1810.6775056308236
24.52,9,-1445.383818727232,-1810.6775056308236
24.52,10,-1445.383818727232,-1810.6775056308236
24.52,11,0.6,0.6
24.543,0,-1445.383818727232,-1810.6775056308236
24.543,1,-1445.383818727232,-1810.6775056308236
24.543,2,-1445.383818727232,-1810.6775056308236
24.543,3,-1445.383818727232,-1810.6775056308236
24.543,4,-1445.383818727232,-1810.6775056308236
24.543,5,-1445.383818727232,-1810.6775056308236
24.543,6,-1445.383818727232,-1810.6775056308236
24.543,7,-1445.383818727232,-1810.6775056308236
24.543,8,-1445.383818727232,-1810.6775056308236
24.543,9,-1445.383818727232,-1810.6775056308236
24.543,10,-1445.383818727232,-1810.6775056308236
24.543,11,0.6,0.6
880.971,0,-1445.383818727232,-1810.6775056308236
880.971,1,-1445.383818727232,-1810.6775056308236
880.971,2,-1445.383818727232,-1810.6775056308236
880.971,3,-1445.383818727232,-1810.6775056308236
880.971,4,-1445.383818727232,-1810.6775056308236
880.971,5,-1445.383818727232,-1810.6775056308236
880.971,6,-1445.383818727232,-1810.6775056308236
880.971,7,-1445.383818727232,-1810.6775056308236
880.971,8,-1445.383818727232,-1810.6775056308236
880.971,9,-1445.383818727232,-1810.6775056308236
880.971,10,-1445.383818727232,-1810.6775056308236
880.971,11,0.6,0.6
881.012,0,-1456.8829064645145,-1820.4362878811914
881.012,1,-1456.8829064645145,-1820.4362878811914
881.012,2,-1456.8829064645145,-1820.4362878811914
881.012,3,-1456.8829064645145,-1820.4362878811914
881.012,4,-1456.8829064645145,-1820.4362878811914
881.012,5,-1456.8829064645145,-1820.4362878811914
881.012,6,-1456.8829064645145,-1820.4362878811914
881.012,7,-1456.8829064645145,-1820.4362878811914
881.012,8,-1456.8829064645145,-1820.4362878811914
881.012,9,-1456.8829064645145,-1820.4362878811914
881.012,10,-1456.8829064645145,-1820.4362878811914
881.012,11,0.6,0.6
24.631,0,-1456.8829064645145,-1820.4362878811914
24.631,1,-1456.8829064645145,-1820.4362878811914
24.631,2,-1456.8829064645145,-1820.4362878811914
24.631,3,-1456.8829064645145,-1820.4362878811914
24.631,4,-1456.8829064645145,-1820.4362878811914
24.631,5,-1456.8829064645145,-1820.4362878811914
24.631,6,-1456.8829064645145,-1820.4362878811914
24.631,7,-1456.8829064645145,-1820.4362878811914
24.631,8,-1456.8829064645145,-1820.4362878811914
24.631,9,-1456.8829064645145,-1820.4362878811914
24.631,10,-1456.8829064645145,-1820.4362878811914
24.631,11,0.6,0.6
24.671,0,-1456.8829064645145,-1820.4362878811914
24.671,1,-1456.8829064645145,-1820.4362878811914
24.671,2,-1456.8829064645145,-1820.4362878811914
24.671,3,-1456.8829064645145,-1820.4362878811914
24.671,4,-1456.8829064645145,-1820.4362878811914
24.671,5,-1456.8829064645145,-1820.4362878811914
24.671,6,-1456.8829064645145,-1820.4362878811914
24.671,7,-1456.8829064645145,-1820.4362878811914
24.671,8,-1456.8829064645145,-1820.4362878811914
24.671,9,-1456.8829064645145,-1820.4362878811914
24.671,10,-1456.8829064645145,-1820.4362878811914
24.671,11,0.6,0.6
881.153,0,-1454.9416345052591,-1823.365336113922
881.153,1,-1454.9416345052591,-1823.365336113922
881.153,2,-1454.9416345052591,-1823.365336113922
881.153,3,-1454.9416345052591,-1823.365336113922
881.153,4,-1454.9416345052591,-1823.365336113922
881.153,5,-1454.9416345052591,-1823.365336113922
881.153,6,-1454.9416345052591,-1823.365336113922
881.153,7,-1454.9416345052591,-1823.365336113922
881.153,8,-1454.9416345052591,-1823.365336113922
881.153,9,-1454.9416345052591,-1823.365336113922
881.153,10,-1454.9416345052591,-1823.365336113922
881.153,11,0.6,0.6
24.693,0,-1454.9416345052591,-1823.365336113922
24.693,1,-1454.9416345052591,-1823.365336113922
24.693,2,-1454.9416345052591,-1823.365336113922
24.693,3,-1454.9416345052591,-1823.365336113922
24.693,4,-1454.9416345052591,-1823.365336113922
24.693,5,-1454.9416345052591,-1823.365336113922
24.693,6,-1454.9416345052591,-1823.365336113922
24.693,7,-1454.9416345052591,-1823.365336113922
24.693,8,-1454.9416345052591,-1823.365336113922
24.693,9,-1454.9416345052591,-1823.365336113922
24.693,10,-1454.9416345052591,-1823.365336113922
24.693,11,0.6,0.6
881.202,0,-1454.9416345052591,-1823.365336113922
881.202,1,-1454.9416345052591,-1823.365336113922
881.202,2,-1454.9416345052591,-1823.365336113922
881.202,3,-1454.9416345052591,-1823.365336113922
881.202,4,-1454.9416345052591,-1823.365336113922
881.202,5,-1454.9416345052591,-1823.365336113922
881.202,6,-1454.9416345052591,-1823.365336113922
881.202,7,-1454.9416345052591,-1823.365336113922
881.202,8,-1454.9416345052591,-1823.365336113922
881.202,9,-1454.9416345052591,-1823.365336113922
881.202,10,-1454.9416345052591,-1823.365336113922
881.202,11,0.6,0.6
881.238,0,-1454.9416345052591,-1823.365336113922
881.238,1,-1454.9416345052591,-1823.365336113922
881.238,2,-1454.9416345052591,-1823.365336113922
881.238,3,-1454.9416345052591,-1823.365336113922
881.238,4,-1454.9416345052591,-1823.365336113922
881.238,5,-1454.9416345052591,-1823.365336113922
881.238,6,-1454.9416345052591,-1823.365336113922
881.238,7,-1454.9416345052591,-1823.365336113922
881.238,8,-1454.9416345052591,-1823.365336113922
881.238,9,-1454.9416345052591,-1823.365336113922
881.238,10,-1454.9416345052591,-1823.365336113922
881.238,11,0.6,0.6
881.288,0,-1454.9416345052591,-1823.365336113922
881.288,1,-1454.9416345052591,-1823.365336113922
881.288,2,-1454.9416345052591,-1823.365336113922
881.288,3,-1454.9416345052591,-1823.365336113922
881.288,4,-1454.9416345052591,-1823.365336113922
881.288,5,-1454.9416345052591,-1823.365336113922
881.288,6,-1454.9416345052591,-1823.365336113922
881.288,7,-1454.9416345052591,-1823.365336113922
881.288,8,-1454.9416345052591,-1823.365336113922
881.288,9,-1454.9416345052591,-1823.365336113922
881.288,10,-1454.9416345052591,-1823.365336113922
881.288,11,0.6,0.6
881.299,0,-1452.9130407841985,-1825.9140758706974
881.299,1,-1452.9130407841985,-1825.9140758706974
881.299,2,-1452.9130407841985,-1825.9140758706974
881.299,3,-1452.9130407841985,-1825.9140758706974
881.299,4,-1452.9130407841985,-1825.9140758706974
881.299,5,-1452.9130407841985,-1825.9140758706974
881.299,6,-1452.9130407841985,-1825.9140758706974
881.299,7,-1452.9130407841985,-1825.9140758706974
881.299,8,-1452.9130407841985,-1825.9140758706974
881.299,9,-1452.9130407841985,-1825.9140758706974
881.299,10,-1452.9130407841985,-1825.9140758706974
881.299,11,0.6,0.6
24.817,0,-1452.9130407841985,-1825.9140758706974
24.817,1,-1452.9130407841985,-1825.9140758706974
24.817,2,-1452.9130407841985,-1825.9140758706974
24.817,3,-1452.9130407841985,-1825.9140758706974
24.817,4,-1452.9130407841985,-1825.9140758706974
24.817,5,-1452.9130407841985,-1825.9140758706974
24.817,6,-1452.9130407841985,-1825.9140758706974
24.817,7,-1452.9130407841985,-1825.9140758706974
24.817,8,-1452.9130407841985,-1825.9140758706974
24.817,9,-1452.9130407841985,-1825.9140758706974
24.817,10,-1452.9130407841985,-1825.9140758706974
24.817,11,0.6,0.6
881.361,0,-1452.9130407841985,-1825.9140758706974
881.361,1,-1452.9130407841985,-1825.9140758706974
881.361,2,-1452.9130407841985,-1825.9140758706974
881.361,3,-1452.9130407841985,-1825.9140758706974
881.361,4,-1452.9130407841985,-1825.9140758706974
881.361,5,-1452.9130407841985,-1825.9140758706974
881.361,6,-1452.9130407841985,-1825.9140758706974
881.361,7,-1452.9130407841985,-1825.9140758706974
881.361,8,-1452.9130407841985,-1825.9140758706974
881.361,9,-1452.9130407841985,-1825.9140758706974
881.361,10,-1452.9130407841985,-1825.9140758706974
881.361,11,0.6,0.6
881.391,0,-1464.3458588296548,-1835.789520067856
881.391,1,-1464.3458588296548,-1835.789520067856
881.391,2,-1464.3458588296548,-1835.789520067856
881.391,3,-1464.3458588296548,-1835.789520067856
881.391,4,-1464.3458588296548,-1835.789520067856
881.391,5,-1464.3458588296548,-1835.789520067856
881.391,6,-1464.3458588296548,-1835.789520067856
881.391,7,-1464.3458588296548,-1835.789520067856
881.391,8,-1464.3458588296548,-1835.789520067856
881.391,9,-1464.3458588296548,-1835.789520067856
881.391,10,-1464.3458588296548,-1835.789520067856
881.391,11,0.6,0.6
881.527,0,-1464.3458588296548,-1835.789520067856
881.527,1,-1464.3458588296548,-1835.789520067856
881.527,2,-1464.3458588296548,-1835.789520067856
881.527,3,-1464.3458588296548,-1835.789520067856
881.527,4,-1464.3458588296548,-1835.789520067856
881.527,5,-1464.3458588296548,-1835.789520067856
881.527,6,-1464.3458588296548,-1835.789520067856
881.527,7,-1464.3458588296548,-1835.789520067856
881.527,8,-1464.3458588296548,-1835.789520067856
881.527,9,-1464.3458588296548,-1835.789520067856
881.527,10,-1464.3458588296548,-1835.789520067856
881.527,11,0.6,0.6
881.528,0,-1476.2156891212712,-1841.9051934498393
881.528,1,-1476.2156891212712,-1841.9051934498393
881.528,2,-1476.2156891212712,-1841.9051934498393
881.528,3,-1476.2156891212712,-1841.9051934498393
881.528,4,-1476.2156891212712,-1841.9051934498393
881.528,5,-1476.2156891212712,-1841.9051934498393
881.528,6,-1476.2156891212712,-1841.9051934498393
881.528,7,-1476.2156891212712,-1841.9051934498393
881.528,8,-1476.2156891212712,-1841.9051934498393
881.528,9,-1476.2156891212712,-1841.9051934498393
881.528,10,-1476.2156891212712,-1841.9051934498393
881.528,11,0.6,0.6
25.105,0,-1483.945700430833,-1857.1161824653386
25.105,1,-1483.945700430833,-1857.1161824653386
25.105,2,-1483.945700430833,-1857.1161824653386
25.105,3,-1483.945700430833,-1857.1161824653386
25.105,4,-1483.945700430833,-1857.1161824653386
25.105,5,-1483.945700430833,-1857.1161824653386
25.105,6,-1483.945700430833,-1857.1161824653386
25.105,7,-1483.945700430833,-1857.1161824653386
25.105,8,-1483.945700430833,-1857.1161824653386
25.105,9,-1483.945700430833,-1857.1161824653386
25.105,10,-1483.945700430833,-1857.1161824653386
25.105,11,0.6,0.6
881.767,0,-1494.3407936358224,-1862.4766141987554
881.767,1,-1494.3407936358224,-1862.4766141987554
881.767,2,-1494.3407936358224,-1862.4766141987554
881.767,3,-1494.3407936358224,-1862.4766141987554
881.767,4,-1494.3407936358224,-1862.4766141987554
881.767,5,-1494.3407936358224,-1862.4766141987554
881.767,6,-1494.3407936358224,-1862.4766141987554
881.767,7,-1494.3407936358224,-1862.4766141987554
881.767,8,-1494.3407936358224,-1862.4766141987554
881.767,9,-1494.3407936358224,-1862.4766141987554
881.767,10,-1494.3407936358224,-1862.4766141987554
881.767,11,0.6,0.6
25.15,0,-1494.3407936358224,-1862.4766141987554
25.15,1,-1494.3407936358224,-1862.4766141987554
25.15,2,-1494.3407936358224,-1862.4766141987554
25.15,3,-1494.3407936358224,-1862.4766141987554
25.15,4,-1494.3407936358224,-1862.4766141987554
25.15,5,-1494.3407936358224,-1862.4766141987554
25.15,6,-1494.3407936358224,-1862.4766141987554
25.15,7,-1494.3407936358224,-1862.4766141987554
25.15,8,-1494.3407936358224,-1862.4766141987554
25.15,9,-1494.3407936358224,-1862.4766141987554
25.15,10,-1494.3407936358224,-1862.4766141987554
25.15,11,0.6,0.6
25.215,0,-1493.6505768267082,-1865.8510072154638
25.215,1,-1493.6505768267082,-1865.8510072154638
25.215,2,-1493.6505768267082,-1865.8510072154638
25.215,3,-1493.6505768267082,-1865.8510072154638
25.215,4,-1493.6505768267082,-1865.8510072154638
25.215,5,-1493.6505768267082,-1865.8510072154638
25.215,6,-1493.6505768267082,-1865.8510072154638
25.215,7,-1493.6505768267082,-1865.8510072154638
25.215,8,-1493.6505768267082,-1865.8510072154638
25.215,9,-1493.6505768267082,-1865.8510072154638
25.215,10,-1493.6505768267082,-1865.8510072154638
25.215,11,0.6,0.6
881.925,0,-1502.8396630553884,-1874.248660957974
881.925,1,-1502.8396630553884,-1874.248660957974
881.925,2,-1502.8396630553884,-1874.248660957974
881.925,3,-1502.8396630553884,-1874.248660957974
881.925,4,-1502.8396630553884,-1874.248660957974
881.925,5,-1502.8396630553884,-1874.248660957974
881.925,6,-1502.8396630553884,-1874.248660957974
881.925,7,-1502.8396630553884,-1874.248660957974
881.925,8,-1502.8396630553884,-1874.248660957974
881.925,9,-1502.8396630553884,-1874.248660957974
881.925,10,-1502.8396630553884,-1874.248660957974
881.925,11,0.6,0.6
882.036,0,-1510.3802687389305,-1889.8368743025396
882.036,1,-1510.3802687389305,-1889.8368743025396
882.036,2,-1510.3802687389305,-1889.8368743025396
882.036,3,-1510.3802687389305,-1889.8368743025396
882.036,4,-1510.3802687389305,-1889.8368743025396
882.036,5,-1510.3802687389305,-1889.8368743025396
882.036,6,-1510.3802687389305,-1889.8368743025396
882.036,7,-1510.3802687389305,-1889.8368743025396
882.036,8,-1510.3802687389305,-1889.8368743025396
882.036,9,-1510.3802687389305,-1889.8368743025396
882.036,10,-1510.3802687389305,-1889.8368743025396
882.036,11,0.6,0.6
882.071,0,-1510.3802687389305,-1889.8368743025396
882.071,1,-1510.3802687389305,-1889.8368743025396
882.071,2,-1510.3802687389305,-1889.8368743025396
882.071,3,-1510.3802687389305,-1889.8368743025396
882.071,4,-1510.3802687389305,-1889.8368743025396
882.071,5,-1510.3802687389305,-1889.8368743025396
882.071,6,-1510.3802687389305,-1889.8368743025396
882.071,7,-1510.3802687389305,-1889.8368743025396
882.071,8,-1510.3802687389305,-1889.8368743025396
882.071,9,-1510.3802687389305,-1889.8368743025396
882.071,10,-1510.3802687389305,-1889.8368743025396
882.071,11,0.6,0.6
25.38,0,-1510.3802687389305,-1889.8368743025396
25.38,1,-1510.3802687389305,-1889.8368743025396
25.38,2,-1510.3802687389305,-1889.8368743025396
25.38,3,-1510.3802687389305,-1889.8368743025396
25.38,4,-1510.3802687389305,-1889.8368743025396
25.38,5,-1510.3802687389305,-1889.8368743025396
25.38,6,-1510.3802687389305,-1889.8368743025396
25.38,7,-1510.3802687389305,-1889.8368743025396
25.38,8,-1510.3802687389305,-1889.8368743025396
25.38,9,-1510.3802687389305,-1889.8368743025396
25.38,10,-1510.3802687389305,-1889.8368743025396
25.38,11,0.6,0.6
882.142,0,-1510.3802687389305,-1889.8368743025396
882.142,1,-1510.3802687389305,-1889.8368743025396
882.142,2,-1510.3802687389305,-1889.8368743025396
882.142,3,-1510.3802687389305,-1889.8368743025396
882.142,4,-1510.3802687389305,-1889.8368743025396
882.142,5,-1510.3802687389305,-1889.8368743025396
882.142,6,-1510.3802687389305,-1889.8368743025396
882.142,7,-1510.3802687389305,-1889.8368743025396
882.142,8,-1510.3802687389305,-1889.8368743025396
882.142,9,-1510.3802687389305,-1889.8368743025396
882.142,10,-1510.3802687389305,-1889.8368743025396
882.142,11,0.6,0.6
25.456,0,-1510.3802687389305,-1889.8368743025396
25.456,1,-1510.3802687389305,-1889.8368743025396
25.456,2,-1510.3802687389305,-1889.8368743025396
25.456,3,-1510.3802687389305,-1889.8368743025396
25.456,4,-1510.3802687389305,-1889.8368743025396
25.456,5,-1510.3802687389305,-1889.8368743025396
25.456,6,-1510.3802687389305,-1889.8368743025396
25.456,7,-1510.3802687389305,-1889.8368743025396
25.456,8,-1510.3802687389305,-1889.8368743025396
25.456,9,-1510.3802687389305,-1889.8368743025396
25.456,10,-1510.3802687389305,-1889.8368743025396
25.456,11,0.6,0.6
25.486,0,-1510.3802687389305,-1889.8368743025396
25.486,1,-1510.3802687389305,-1889.8368743025396
25.486,2,-1510.3802687389305,-1889.8368743025396
25.486,3,-1510.3802687389305,-1889.8368743025396
25.486,4,-1510.3802687389305,-1889.8368743025396
25.486,5,-1510.3802687389305,-1889.8368743025396
25.486,6,-1510.3802687389305,-1889.8368743025396
25.486,7,-1510.3802687389305,-1889.8368743025396
25.486,8,-1510.3802687389305,-1889.8368743025396
25.486,9,-1510.3802687389305,-1889.8368743025396
25.486,10,-1510.3802687389305,-1889.8368743025396
25.486,11,0.6,0.6
25.541,0,-1508.7126458836908,-1893.5815825175528
25.541,1,-1508.7126458836908,-1893.5815825175528
25.541,2,-1508.7126458836908,-1893.5815825175528
25.541,3,-1508.7126458836908,-1893.5815825175528
25.541,4,-1508.7126458836908,-1893.5815825175528
25.541,5,-1508.7126458836908,-1893.5815825175528
25.541,6,-1508.7126458836908,-1893.5815825175528
25.541,7,-1508.7126458836908,-1893.5815825175528
25.541,8,-1508.7126458836908,-1893.5815825175528
25.541,9,-1508.7126458836908,-1893.5815825175528
25.541,10,-1508.7126458836908,-1893.5815825175528
25.541,11,0.6,0.6
25.568,0,-1516.2385380230307,-1908.6662542293664
25.568,1,-1516.2385380230307,-1908.6662542293664
25.568,2,-1516.2385380230307,-1908.6662542293664
25.568,3,-1516.2385380230307,-1908.6662542293664
25.568,4,-1516.2385380230307,-1908.6662542293664
25.568,5,-1516.2385380230307,-1908.6662542293664
25.568,6,-1516.2385380230307,-1908.6662542293664
25.568,7,-1516.2385380230307,-1908.6662542293664
25.568,8,-1516.2385380230307,-1908.6662542293664
25.568,9,-1516.2385380230307,-1908.6662542293664
25.568,10,-1516.2385380230307,-1908.6662542293664
25.568,11,0.6,0.6
882.353,0,-1516.2385380230307,-1908.6662542293664
882.353,1,-1516.2385380230307,-1908.6662542293664
882.353,2,-1516.2385380230307,-1908.6662542293664
882.353,3,-1516.2385380230307,-1908.6662542293664
882.353,4,-1516.2385380230307,-1908.6662542293664
882.353,5,-1516.2385380230307,-1908.6662542293664
882.353,6,-1516.2385380230307,-1908.6662542293664
882.353,7,-1516.2385380230307,-1908.6662542293664
882.353,8,-1516.2385380230307,-1908.6662542293664
882.353,9,-1516.2385380230307,-1908.6662542293664
882.353,10,-1516.2385380230307,-1908.6662542293664
882.353,11,0.6,0.6
882.391,0,-1514.7264931117172,-1911.58392908766
882.391,1,-1514.7264931117172,-1911.58392908766
882.391,2,-1514.7264931117172,-1911.58392908766
882.391,3,-1514.7264931117172,-1911.58392908766
882.391,4,-1514.7264931117172,-1911.58392908766
882.391,5,-1514.7264931117172,-1911.58392908766
882.391,6,-1514.7264931117172,-1911.58392908766
882.391,7,-1514.7264931117172,-1911.58392908766
882.391,8,-1514.7264931117172,-1911.58392908766
882.391,9,-1514.7264931117172,-1911.58392908766
882.391,10,-1514.7264931117172,-1911.58392908766
882.391,11,0.6,0.6
25.667,0,-1514.7264931117172,-1911.58392908766
25.667,1,-1514.7264931117172,-1911.58392908766
25.667,2,-1514.7264931117172,-1911.58392908766
25.667,3,-1514.7264931117172,-1911.58392908766
25.667,4,-1514.7264931117172,-1911.58392908766
25.667,5,-1514.7264931117172,-1911.58392908766
25.667,6,-1514.7264931117172,-1911.58392908766
25.667,7,-1514.7264931117172,-1911.58392908766
25.667,8,-1514.7264931117172,-1911.58392908766
25.667,9,-1514.7264931117172,-1911.58392908766
25.667,10,-1514.7264931117172,-1911.58392908766
25.667,11,0.6,0.6
882.483,0,-1513.1535445484874,-1914.198831362205
882.483,1,-1513.1535445484874,-1914.198831362205
882.483,2,-1513.1535445484874,-1914.198831362205
882.483,3,-1513.1535445484874,-1914.198831362205
882.483,4,-1513.1535445484874,-1914.198831362205
882.483,5,-1513.1535445484874,-1914.198831362205
882.483,6,-1513.1535445484874,-1914.198831362205
882.483,7,-1513.1535445484874,-1914.198831362205
882.483,8,-1513.1535445484874,-1914.198831362205
882.483,9,-1513.1535445484874,-1914.198831362205
882.483,10,-1513.1535445484874,-1914.198831362205
882.483,11,0.6,0.6
882.551,0,-1513.1535445484874,-1914.198831362205
882.551,1,-1513.1535445484874,-1914.198831362205
882.551,2,-1513.1535445484874,-1914.198831362205
882.551,3,-1513.1535445484874,-1914.198831362205
882.551,4,-1513.1535445484874,-1914.198831362205
882.551,5,-1513.1535445484874,-1914.198831362205
882.551,6,-1513.1535445484874,-1914.198831362205
882.551,7,-1513.1535445484874,-1914.198831362205
882.551,8,-1513.1535445484874,-1914.198831362205
882.551,9,-1513.1535445484874,-1914.198831362205
882.551,10,-1513.1535445484874,-1914.198831362205
882.551,11,0.6,0.6
25.766,0,-1513.1535445484874,-1914.198831362205
25.766,1,-1513.1535445484874,-1914.198831362205
25.766,2,-1513.1535445484874,-1914.198831362205
25.766,3,-1513.1535445484874,-1914.198831362205
25.766,4,-1513.1535445484874,-1914.198831362205
25.766,5,-1513.1535445484874,-1914.198831362205
25.766,6,-1513.1535445484874,-1914.198831362205
25.766,7,-1513.1535445484874,-1914.198831362205
25.766,8,-1513.1535445484874,-1914.198831362205
25.766,9,-1513.1535445484874,-1914.198831362205
25.766,10,-1513.1535445484874,-1914.198831362205
25.766,11,0.6,0.6
25.822,0,-1524.7744621638703,-1922.8394545530848
25.822,1,-1524.7744621638703,-1922.8394545530848
25.822,2,-1524.7744621638703,-1922.8394545530848
25.822,3,-1524.7744621638703,-1922.8394545530848
25.822,4,-1524.7744621638703,-1922.8394545530848
25.822,5,-1524.7744621638703,-1922.8394545530848
25.822,6,-1524.7744621638703,-1922.8394545530848
25.822,7,-1524.7744621638703,-1922.8394545530848
25.822,8,-1524.7744621638703,-1922.8394545530848
25.822,9,-1524.7744621638703,-1922.8394545530848
25.822,10,-1524.7744621638703,-1922.8394545530848
25.822,11,0.6,0.6
882.632,0,-1524.7744621638703,-1922.8394545530848
882.632,1,-1524.7744621638703,-1922.8394545530848
882.632,2,-1524.7744621638703,-1922.8394545530848
882.632,3,-1524.7744621638703,-1922.8394545530848
882.632,4,-1524.7744621638703,-1922.8394545530848
882.632,5,-1524.7744621638703,-1922.8394545530848
882.632,6,-1524.7744621638703,-1922.8394545530848
882.632,7,-1524.7744621638703,-1922.8394545530848
882.632,8,-1524.7744621638703,-1922.8394545530848
882.632,9,-1524.7744621638703,-1922.8394545530848
882.632,10,-1524.7744621638703,-1922.8394545530848
882.632,11,0.6,0.6
882.675,0,-1524.7744621638703,-1922.8394545530848
882.675,1,-1524.7744621638703,-1922.8394545530848
882.675,2,-1524.7744621638703,-1922.8394545530848
882.675,3,-1524.7744621638703,-1922.8394545530848
882.675,4,-1524.7744621638703,-1922.8394545530848
882.675,5,-1524.7744621638703,-1922.8394545530848
882.675,6,-1524.7744621638703,-1922.8394545530848
882.675,7,-1524.7744621638703,-1922.8394545530848
882.675,8,-1524.7744621638703,-1922.8394545530848
882.675,9,-1524.7744621638703,-1922.8394545530848
882.675,10,-1524.7744621638703,-1922.8394545530848
882.675,11,0.6,0.6
882.711,0,-1522.5273651335212,-1926.442667678978
882.711,1,-1522.5273651335212,-1926.442667678978
882.711,2,-1522.5273651335212,-1926.442667678978
882.711,3,-1522.5273651335212,-1926.442667678978
882.711,4,-1522.5273651335212,-1926.442667678978
882.711,5,-1522.5273651335212,-1926.442667678978
882.711,6,-1522.5273651335212,-1926.442667678978
882.711,7,-1522.5273651335212,-1926.442667678978
882.711,8,-1522.5273651335212,-1926.442667678978
882.711,9,-1522.5273651335212,-1926.442667678978
882.711,10,-1522.5273651335212,-1926.442667678978
882.711,11,0.6,0.6
25.965,0,-1522.5273651335212,-1926.442667678978
25.965,1,-1522.5273651335212,-1926.442667678978
25.965,2,-1522.5273651335212,-1926.442667678978
25.965,3,-1522.5273651335212,-1926.442667678978
25.965,4,-1522.5273651335212,-1926.442667678978
25.965,5,-1522.5273651335212,-1926.442667678978
25.965,6,-1522.5273651335212,-1926.442667678978
25.965,7,-1522.5273651335212,-1926.442667678978
25.965,8,-1522.5273651335212,-1926.442667678978
25.965,9,-1522.5273651335212,-1926.442667678978
25.965,10,-1522.5273651335212,-1926.442667678978
25.965,11,0.6,0.6
882.835,0,-1522.5273651335212,-1926.442667678978
882.835,1,-1522.5273651335212,-1926.442667678978
882.835,2,-1522.5273651335212,-1926.442667678978
882.835,3,-1522.5273651335212,-1926.442667678978
882.835,4,-1522.5273651335212,-1926.442667678978
882.835,5,-1522.5273651335212,-1926.442667678978
882.835,6,-1522.5273651335212,-1926.442667678978
882.835,7,-1522.5273651335212,-1926.442667678978
882.835,8,-1522.5273651335212,-1926.442667678978
882.835,9,-1522.5273651335212,-1926.442667678978
882.835,10,-1522.5273651335212,-1926.442667678978
882.835,11,0.6,0.6
882.864,0,-1520.2594720523578,-1929.6154103827498
882.864,1,-1520.2594720523578,-1929.6154103827498
882.864,2,-1520.2594720523578,-1929.6154103827498
882.864,3,-1520.2594720523578,-1929.6154103827498
882.864,4,-1520.2594720523578,-1929.6154103827498
882.864,5,-1520.2594720523578,-1929.6154103827498
882.864,6,-1520.2594720523578,-1929.6154103827498
882.864,7,-1520.2594720523578,-1929.6154103827498
882.864,8,-1520.2594720523578,-1929.6154103827498
882.864,9,-1520.2594720523578,-1929.6154103827498
882.864,10,-1520.2594720523578,-1929.6154103827498
882.864,11,0.6,0.6
26.042,0,-1520.2594720523578,-1929.6154103827498
26.042,1,-1520.2594720523578,-1929.6154103827498
26.042,2,-1520.2594720523578,-1929.6154103827498
26.042,3,-1520.2594720523578,-1929.6154103827498
26.042,4,-1520.2594720523578,-1929.6154103827498
26.042,5,-1520.2594720523578,-1929.6154103827498
26.042,6,-1520.2594720523578,-1929.6154103827498
26.042,7,-1520.2594720523578,-1929.6154103827498
26.042,8,-1520.2594720523578,-1929.6154103827498
26.042,9,-1520.2594720523578,-1929.6154103827498
26.042,10,-1520.2594720523578,-1929.6154103827498
26.042,11,0.6,0.6
882.904,0,-1520.2594720523578,-1929.6154103827498
882.904,1,-1520.2594720523578,-1929.6154103827498
882.904,2,-1520.2594720523578,-1929.6154103827498
882.904,3,-1520.2594720523578,-1929.6154103827498
882.904,4,-1520.2594720523578,-1929.6154103827498
882.904,5,-1520.2594720523578,-1929.6154103827498
882.904,6,-1520.2594720523578,-1929.6154103827498
882.904,7,-1520.2594720523578,-1929.6154103827498
882.904,8,-1520.2594720523578,-1929.6154103827498
882.904,9,-1520.2594720523578,-1929.6154103827498
882.904,10,-1520.2594720523578,-1929.6154103827498
882.904,11,0.6,0.6
882.945,0,-1520.2594720523578,-1929.6154103827498
882.945,1,-1520.2594720523578,-1929.6154103827498
882.945,2,-1520.2594720523578,-1929.6154103827498
882.945,3,-1520.2594720523578,-1929.6154103827498
882.945,4,-1520.2594720523578,-1929.6154103827498
882.945,5,-1520.2594720523578,-1929.6154103827498
882.945,6,-1520.2594720523578,-1929.6154103827498
882.945,7,-1520.2594720523578,-1929.6154103827498
882.945,8,-1520.2594720523578,-1929.6154103827498
882.945,9,-1520.2594720523578,-1929.6154103827498
882.945,10,-1520.2594720523578,-1929.6154103827498
882.945,11,0.6,0.6
26.134,0,-1517.5036366570205,-1932.8465278132965
26.134,1,-1517.5036366570205,-1932.8465278132965
26.134,2,-1517.5036366570205,-1932.8465278132965
26.134,3,-1517.5036366570205,-1932.8465278132965
26.134,4,-1517.5036366570205,-1932.8465278132965
26.134,5,-1517.5036366570205,-1932.8465278132965
26.134,6,-1517.5036366570205,-1932.8465278132965
26.134,7,-1517.5036366570205,-1932.8465278132965
26.134,8,-1517.5036366570205,-1932.8465278132965
26.134,9,-1517.5036366570205,-1932.8465278132965
26.134,10,-1517.5036366570205,-1932.8465278132965
26.134,11,0.6,0.6
883.005,0,-1517.5036366570205,-1932.8465278132965
883.005,1,-1517.5036366570205,-1932.8465278132965
883.005,2,-1517.5036366570205,-1932.8465278132965
883.005,3,-1517.5036366570205,-1932.8465278132965
883.005,4,-1517.5036366570205,-1932.8465278132965
883.005,5,-1517.5036366570205,-1932.8465278132965
883.005,6,-1517.5036366570205,-1932.8465278132965
883.005,7,-1517.5036366570205,-1932.8465278132965
883.005,8,-1517.5036366570205,-1932.8465278132965
883.005,9,-1517.5036366570205,-1932.8465278132965
883.005,10,-1517.5036366570205,-1932.8465278132965
883.005,11,0.6,0.6
883.039,0,-1517.5036366570205,-1932.8465278132965
883.039,1,-1517.5036366570205,-1932.8465278132965
883.039,2,-1517.5036366570205,-1932.8465278132965
883.039,3,-1517.5036366570205,-1932.8465278132965
883.039,4,-1517.5036366570205,-1932.8465278132965
883.039,5,-1517.5036366570205,-1932.8465278132965
883.039,6,-1517.5036366570205,-1932.8465278132965
883.039,7,-1517.5036366570205,-1932.8465278132965
883.039,8,-1517.5036366570205,-1932.8465278132965
883.039,9,-1517.5036366570205,-1932.8465278132965
883.039,10,-1517.5036366570205,-1932.8465278132965
883.039,11,0.6,0.6
883.081,0,-1512.1845646055306,-1938.1996000124677
883.081,1,-1512.1845646055306,-1938.1996000124677
883.081,2,-1512.1845646055306,-1938.1996000124677
883.081,3,-1512.1845646055306,-1938.1996000124677
883.081,4,-1512.1845646055306,-1938.1996000124677
883.081,5,-1512.1845646055306,-1938.1996000124677
883.081,6,-1512.1845646055306,-1938.1996000124677
883.081,7,-1512.1845646055306,-1938.1996000124677
883.081,8,-1512.1845646055306,-1938.1996000124677
883.081,9,-1512.1845646055306,-1938.1996000124677
883.081,10,-1512.1845646055306,-1938.1996000124677
883.081,11,0.6,0.6
26.302,0,-1512.1845646055306,-1938.1996000124677
26.302,1,-1512.1845646055306,-1938.1996000124677
26.302,2,-1512.1845646055306,-1938.1996000124677
26.302,3,-1512.1845646055306,-1938.1996000124677
26.302,4,-1512.1845646055306,-1938.1996000124677
26.302,5,-1512.1845646055306,-1938.1996000124677
26.302,6,-1512.1845646055306,-1938.1996000124677
26.302,7,-1512.1845646055306,-1938.1996000124677
26.302,8,-1512.1845646055306,-1938.1996000124677
26.302,9,-1512.1845646055306,-1938.1996000124677
26.302,10,-1512.1845646055306,-1938.1996000124677
26.302,11,0.6,0.6
26.321,0,-1540.7675943697238,-1953.0784554584188
26.321,1,-1540.7675943697238,-1953.0784554584188
26.321,2,-1540.7675943697238,-1953.0784554584188
26.321,3,-1540.7675943697238,-1953.0784554584188
26.321,4,-1540.7675943697238,-1953.0784554584188
26.321,5,-1540.7675943697238,-1953.0784554584188
26.321,6,-1540.7675943697238,-1953.0784554584188
26.321,7,-1540.7675943697238,-1953.0784554584188
26.321,8,-1540.7675943697238,-1953.0784554584188
26.321,9,-1540.7675943697238,-1953.0784554584188
26.321,10,-1540.7675943697238,-1953.0784554584188
26.321,11,0.6,0.6
26.389,0,-1540.7675943697238,-1953.0784554584188
26.389,1,-1540.7675943697238,-1953.0784554584188
26.389,2,-1540.7675943697238,-1953.0784554584188
26.389,3,-1540.7675943697238,-1953.0784554584188
26.389,4,-1540.7675943697238,-1953.0784554584188
26.389,5,-1540.7675943697238,-1953.0784554584188
26.389,6,-1540.7675943697238,-1953.0784554584188
26.389,7,-1540.7675943697238,-1953.0784554584188
26.389,8,-1540.7675943697238,-1953.0784554584188
26.389,9,-1540.7675943697238,-1953.0784554584188
26.389,10,-1540.7675943697238,-1953.0784554584188
26.389,11,0.6,0.6
883.247,0,-1551.1818956084464,-1964.1112358080352
883.247,1,-1551.1818956084464,-1964.1112358080352
883.247,2,-1551.1818956084464,-1964.1112358080352
883.247,3,-1551.1818956084464,-1964.1112358080352
883.247,4,-1551.1818956084464,-1964.1112358080352
883.247,5,-1551.1818956084464,-1964.1112358080352
883.247,6,-1551.1818956084464,-1964.1112358080352
883.247,7,-1551.1818956084464,-1964.1112358080352
883.247,8,-1551.1818956084464,-1964.1112358080352
883.247,9,-1551.1818956084464,-1964.1112358080352
883.247,10,-1551.1818956084464,-1964.1112358080352
883.247,11,0.6,0.6
883.324,0,-1572.414897933259,-1977.4560612384041
883.324,1,-1572.414897933259,-1977.4560612384041
883.324,2,-1572.414897933259,-1977.4560612384041
883.324,3,-1572.414897933259,-1977.4560612384041
883.324,4,-1572.414897933259,-1977.4560612384041
883.324,5,-1572.414897933259,-1977.4560612384041
883.324,6,-1572.414897933259,-1977.4560612384041
883.324,7,-1572.414897933259,-1977.4560612384041
883.324,8,-1572.414897933259,-1977.4560612384041
883.324,9,-1572.414897933259,-1977.4560612384041
883.324,10,-1572.414897933259,-1977.4560612384041
883.324,11,0.6,0.6
883.324,0,-1572.414897933259,-1977.4560612384041
883.324,1,-1572.414897933259,-1977.4560612384041
883.324,2,-1572.414897933259,-1977.4560612384041
883.324,3,-1572.414897933259,-1977.4560612384041
883.324,4,-1572.414897933259,-1977.4560612384041
883.324,5,-1572.414897933259,-1977.4560612384041
883.324,6,-1572.414897933259,-1977.4560612384041
883.324,7,-1572.414897933259,-1977.4560612384041
883.324,8,-1572.414897933259,-1977.4560612384041
883.324,9,-1572.414897933259,-1977.4560612384041
883.324,10,-1572.414897933259,-1977.4560612384041
883.324,11,0.6,0.6
26.528,0,-1572.414897933259,-1977.4560612384041
26.528,1,-1572.414897933259,-1977.4560612384041
26.528,2,-1572.414897933259,-1977.4560612384041
26.528,3,-1572.414897933259,-1977.4560612384041
26.528,4,-1572.414897933259,-1977.4560612384041
26.528,5,-1572.414897933259,-1977.4560612384041
26.528,6,-1572.414897933259,-1977.4560612384041
26.528,7,-1572.414897933259,-1977.4560612384041
26.528,8,-1572.414897933259,-1977.4560612384041
26.528,9,-1572.414897933259,-1977.4560612384041
26.528,10,-1572.414897933259,-1977.4560612384041
26.528,11,0.6,0.6
883.444,0,-1582.614403274084,-1977.5161486095822
883.444,1,-1582.614403274084,-1977.5161486095822
883.444,2,-1582.614403274084,-1977.5161486095822
883.444,3,-1582.614403274084,-1977.5161486095822
883.444,4,-1582.614403274084,-1977.5161486095822
883.444,5,-1582.614403274084,-1977.5161486095822
883.444,6,-1582.614403274084,-1977.5161486095822
883.444,7,-1582.614403274084,-1977.5161486095822
883.444,8,-1582.614403274084,-1977.5161486095822
883.444,9,-1582.614403274084,-1977.5161486095822
883.444,10,-1582.614403274084,-1977.5161486095822
883.444,11,0.6,0.6
883.444,0,-1582.614403274084,-1977.5161486095822
883.444,1,-1582.614403274084,-1977.5161486095822
883.444,2,-1582.614403274084,-1977.5161486095822
883.444,3,-1582.614403274084,-1977.5161486095822
883.444,4,-1582.614403274084,-1977.5161486095822
883.444,5,-1582.614403274084,-1977.5161486095822
883.444,6,-1582.614403274084,-1977.5161486095822
883.444,7,-1582.614403274084,-1977.5161486095822
883.444,8,-1582.614403274084,-1977.5161486095822
883.444,9,-1582.614403274084,-1977.5161486095822
883.444,10,-1582.614403274084,-1977.5161486095822
883.444,11,0.6,0.6
