stamp,x,y,yaw,cov_x,cov_y,cov_yaw,cmd_v,cmd_w,goal_x,goal_y,goal_dist,plan_points,plan_length,efe_total,efe_risk,efe_ambiguity,efe_control,efe_boundary,seed
7.2780000000000005,-0.7856960152559999,-0.6403656042507219,-0.21180772587006166,0.0075632284160092825,0.00025603486394111026,0.011543200039868228,0.0,0.0,0.0,0.0,0.0,0,0.0,0.0,0.0,0.0,0.0,0.0,0
7.393,-0.7905539479086185,-0.6419142316394177,-0.2030193023136171,0.009333772301284505,0.00024996037897059457,0.015095279587506795,0.0,0.0,0.0,0.0,0.0,0,0.0,0.0,0.0,0.0,0.0,0.0,0
7.483,-0.7814485055215247,-0.6316187382714025,-0.22458041209824733,0.0107092994666779,0.00024883772463861947,0.01612983978850181,0.0,0.0,0.0,0.0,0.0,0,0.0,0.0,0.0,0.0,0.0,0.0,0
7.579,-0.7787308285786991,-0.6274269885316267,-0.2229188484283601,0.01215523879157112,0.00026025542898311274,0.01872407829960238,0.0,0.0,0.0,0.0,0.0,0,0.0,0.0,0.0,0.0,0.0,0.0,0
7.674,-0.7620437864851239,-0.6167294066098419,-0.2745760170961504,0.013579891349591176,0.00027179368566337855,0.021364683747441292,0.0,0.0,0.0,0.0,0.0,0,0.0,0.0,0.0,0.0,0.0,0.0,0
7.775,-0.7658437305757999,-0.6241881479296452,-0.2190792039866536,0.015108764739893239,0.0002590624394101647,0.023805858256468724,0.0,0.0,0.0,0.0,0.0,0,0.0,0.0,0.0,0.0,0.0,0.0,0
7.882,-0.771980907818745,-0.6056042532276539,-0.21842832761584202,0.016475428993704074,0.0002688408832529628,0.02648939710643897,0.0,0.0,0.6,0.6,1.8264208788830016,0,0.0,0.0,0.0,0.0,0.0,0.0,0
7.978,-0.7725648026627254,-0.6407693834257034,-0.25509587161814884,0.018302308628618286,0.0002661073104849383,0.026947007055850337,0.0,0.0,0.6,0.6,1.8502547933609486,0,0.0,0.0,0.0,0.0,0.0,0.0,0
8.073,-0.7762017482446223,-0.6062360719257819,-0.21222620419191088,0.019504961116777526,0.0002580866990853807,0.030575436991885387,0.0,0.0,0.6,0.6,1.830010030870458,0,0.0,0.0,0.0,0.0,0.0,0.0,0
8.178,-0.7836113095914785,-0.6201431305581928,-0.2592333869924635,0.020674346824848956,0.00028214292269251125,0.03235094868884428,0.0,0.0,0.6,0.6,1.8447573051970259,0,0.0,0.0,0.0,0.0,0.0,0.0,0
8.274000000000001,-0.7703074773877258,-0.6136542792912575,-0.22296139538203544,0.021635346294651015,0.00026427836184370155,0.03414493668760849,0.0,0.0,0.6,0.6,1.8304915438828704,0,0.0,0.0,0.0,0.0,0.0,0.0,0
8.374,-0.7768581427236005,-0.62531688294855,-0.17740362088606088,0.023160860586491937,0.00025655277453081726,0.035910450476315414,0.0,0.0,0.6,0.6,1.8431331500526578,0,0.0,0.0,0.0,0.0,0.0,0.0,0
8.475,-0.7633771095688622,-0.6461082743872885,-0.2074057506889371,0.02473944352042536,0.00028514510189806404,0.03585823144358226,0.0,0.0,0.6,0.6,1.8470470958783944,0,0.0,0.0,0.0,0.0,0.0,0.0,0
8.576,-0.8003826713470374,-0.6117042117737693,-0.2126534825842117,0.02530250310850537,0.0002805477111305813,0.04011031478603383,0.0,0.0,0.6,0.6,1.851836581083589,0,0.0,0.0,0.0,0.0,0.0,0.0,0
8.674,-0.8087517363153214,-0.6011114421235338,-0.21372590151636553,0.02536894771907627,0.0002495662946914063,0.0384264340937423,0.0,0.0,0.6,0.6,1.851283379434793,0,0.0,0.0,0.0,0.0,0.0,0.0,0
8.769,-0.8129298818749923,-0.6117009105853619,-0.2471474287918721,0.02651477625517041,0.0002498617190858832,0.04115210761943814,0.0,0.0,0.6,0.6,1.8613409004824115,0,0.0,0.0,0.0,0.0,0.0,0.0,0
8.895,-0.7971807748585398,-0.6148928478882084,-0.2900147141749553,0.028061382105184263,0.00025086080087997247,0.042415725449462295,0.0,0.0,0.6,0.6,1.8515071562065946,0,0.0,0.0,0.0,0.0,0.0,0.0,0
8.977,-0.8161844548116026,-0.6194982391109538,-0.23285293317786412,0.028773755872673258,0.0002477438158978724,0.0442404857755483,0.0,0.0,0.6,0.6,1.868891212790288,0,0.0,0.0,0.0,0.0,0.0,0.0,0
9.074,-0.8050158326211989,-0.61501268588707,-0.19293715407714906,0.029822384399808353,0.00024724897699143663,0.04495962916406015,0.0,0.0,0.6,0.6,1.857505132370501,0,0.0,0.0,0.0,0.0,0.0,0.0,0
9.175,-0.8073709324880991,-0.6221658270241028,-0.22493810433712227,0.02991007753589141,0.0002479031392033504,0.04939115115134391,0.0,0.0,0.6,0.6,1.8639694875072206,0,0.0,0.0,0.0,0.0,0.0,0.0,0
9.273,-0.8418698495461882,-0.6254662554714617,-0.29036982190929544,0.030367675152955208,0.000284429129669679,0.045521562124862254,0.0,0.0,0.6,0.6,1.892288616022829,0,0.0,0.0,0.0,0.0,0.0,0.0,0
9.394,-0.8495176606642711,-0.6050612625138003,-0.2995750735038115,0.03038438617658425,0.000337971260545069,0.046982007072579185,0.0,0.0,0.6,0.6,1.8850130224985118,0,0.0,0.0,0.0,0.0,0.0,0.0,0
9.458,-0.8514191066596566,-0.6015816245254096,-0.2825216884603711,0.03125782059831339,0.00035483840748202025,0.048276250287224855,0.0,0.0,0.6,0.6,1.884254713029488,0,0.0,0.0,0.0,0.0,0.0,0.0,0
9.594,-0.8340728141679431,-0.6208032941823892,-0.2693173199829691,0.03226175108947569,0.0003039217209984084,0.049143336342392444,0.0,0.0,0.6,0.6,1.8833283089844257,0,0.0,0.0,0.0,0.0,0.0,0.0,0
9.677,-0.850467517770193,-0.6015560120890576,-0.26515364859598084,0.0324305941508197,0.00035154732513200206,0.05140829760209985,0.0,0.0,0.6,0.6,1.8835054739219064,0,0.0,0.0,0.0,0.0,0.0,0.0,0
9.793,-0.8314907956547963,-0.6340890995261519,-0.17036516528935716,0.03421358535091925,0.00035555246773429696,0.05152831133542181,0.0,0.0,0.6,0.6,1.8900110591247,0,0.0,0.0,0.0,0.0,0.0,0.0,0
9.873,-0.8318093688338238,-0.6215626290489223,-0.2682288684539485,0.034672759912326344,0.0002903631232756981,0.05171162430662221,0.0,0.0,0.6,0.6,1.8820981178911018,0,0.0,0.0,0.0,0.0,0.0,0.0,0
9.975,-0.8295346630661339,-0.6236488863304271,-0.2688691497397858,0.03541277882637174,0.0002957566627951033,0.05407425105384116,0.0,0.0,0.6,0.6,1.881724196030146,0,0.0,0.0,0.0,0.0,0.0,0.0,0
10.099,-0.8352984158992076,-0.6338016932376561,-0.2610125780256678,0.03724823038444998,0.00031023519499443213,0.05525041580429487,0.0,0.0,0.6,0.6,1.8927092119284679,0,0.0,0.0,0.0,0.0,0.0,0.0,0
10.194,-0.8015547165672847,-0.6409905471038366,-0.24971414478787776,0.03806957275656704,0.000309559323439942,0.056992574138542876,0.0,0.0,0.6,0.6,1.8720077888548117,0,0.0,0.0,0.0,0.0,0.0,0.0,0
10.294,-0.8755450715788418,-0.6132816799607634,-0.33266063596775264,0.03411807280979404,0.0002910909330204628,0.05153569931149168,0.0,0.0,0.6,0.6,1.9103103656707259,0,0.0,0.0,0.0,0.0,0.0,0.0,0
10.374,-0.8868378536887184,-0.6074394702699097,-0.428703206082266,0.02412641401344833,0.0004384115445450893,0.03599065573073447,0.0,0.0,0.6,0.6,1.915358159072959,0,0.0,0.0,0.0,0.0,0.0,0.0,0
10.48,-0.8945889161375895,-0.619906268360055,-0.35253411838119364,0.023869618402295862,0.0005644113843489265,0.03721069576529249,0.0,0.0,0.6,0.6,1.9292400918044104,0,0.0,0.0,0.0,0.0,0.0,0.0,0
10.594,-0.8943588834169599,-0.6041688207398344,-0.3545839743321215,0.025415538644245173,0.0006324222784428739,0.03947731289937232,0.0,0.0,0.6,0.6,1.9191485146515228,0,0.0,0.0,0.0,0.0,0.0,0.0,0
10.673,-0.8924847939092722,-0.6219194883666568,-0.34221616109522673,0.02648341249080739,0.0006114825372860293,0.04229598536636048,0.0,0.0,0.6,0.6,1.9288851951582382,0,0.0,0.0,0.0,0.0,0.0,0.0,0
10.774000000000001,-0.887618897847387,-0.6204300980009518,-0.37099528301569606,0.028299969463566388,0.0005918637571430638,0.04178258062926336,0.0,0.0,0.6,0.6,1.9241776449536272,0,0.0,0.0,0.0,0.0,0.0,0.0,0
10.874,-0.8961669319945024,-0.6145341566168078,-0.4072287157362235,0.028902066361511495,0.0006009246180568481,0.04575352677990045,0.0,0.0,0.6,0.6,1.9270725741348567,0,0.0,0.0,0.0,0.0,0.0,0.0,0
10.976,-0.8917295941518021,-0.6044736156449027,-0.4036112874573159,0.030097721096346144,0.0005235632911085359,0.04542558636949654,0.0,0.0,0.6,0.6,1.9172933716187006,0,0.0,0.0,0.0,0.0,0.0,0.0,0
11.075,-0.823321518024917,-0.6553412321628588,-0.23077365391517443,0.021405250935050673,0.00040468370460569175,0.03186283399564546,0.0,0.0,0.6,0.6,1.8978213174166103,0,0.0,0.0,0.0,0.0,0.0,0.0,0
11.176,-0.8520369437310041,-0.6297790714210245,-0.3430491059935821,0.02111584385491856,0.00030235201173707554,0.03264319267063224,0.0,0.0,0.6,0.6,1.9028315349669902,0,0.0,0.0,0.0,0.0,0.0,0.0,0
11.276,-0.8588927754603802,-0.6289611133523825,-0.3329315217891698,0.022630137021371514,0.0003556093710684887,0.03394540446711017,0.0,0.0,0.6,0.6,1.9075412311200035,0,0.0,0.0,0.0,0.0,0.0,0.0,0
11.373,-0.8613442610220295,-0.6045095877137241,-0.26978538293674026,0.023868548240703273,0.00032491033767163076,0.03667969305134623,0.0,0.0,0.6,0.6,1.893771474100375,0,0.0,0.0,0.0,0.0,0.0,0.0,0
11.474,-0.8391408781195833,-0.5901527759571009,-0.2627857794004071,0.024640935036406277,0.0003077177994673719,0.03789447627051916,0.0,0.0,0.6,0.6,1.8675090621448664,0,0.0,0.0,0.0,0.0,0.0,0.0,0
11.575,-0.7999887649531161,-0.6121696783266136,-0.30893832720892067,0.024145571178260973,0.00025040353887110514,0.03982358901066388,0.0,0.0,0.6,0.6,1.8518433710898439,0,0.0,0.0,0.0,0.0,0.0,0.0,0
11.683,-0.8016897438726961,-0.6192531438182733,-0.2490810442938621,0.025855680386755925,0.0002472148929167551,0.038785012174635015,0.0,0.0,0.6,0.6,1.857770805774665,0,0.0,0.0,0.0,0.0,0.0,0.0,0
11.774000000000001,-0.806979125138102,-0.6346900774834973,-0.27194489577664377,0.026951371496234135,0.0002509773186340653,0.04147407531792624,0.0,0.0,0.6,0.6,1.8719107473409577,0,0.0,0.0,0.0,0.0,0.0,0.0,0
11.878,-0.8091746496820091,-0.624870199216775,-0.25470347932195153,0.02845831179022649,0.0002525484661931395,0.04211394070107276,0.0,0.0,0.6,0.6,1.8671047635940934,0,0.0,0.0,0.0,0.0,0.0,0.0,0
11.974,-0.8092028805532975,-0.625037085306116,-0.23601298485470573,0.029013728816844664,0.0002517708903660704,0.043626639684984786,0.0,0.0,0.6,0.6,1.8672355552888915,0,0.0,0.0,0.0,0.0,0.0,0.0,0
12.074,-0.8172541391232757,-0.6353343331805127,-0.2943347613741575,0.030553858935318767,0.0002529177681306822,0.04477838263061477,0.0,0.0,0.6,0.6,1.8800692034062467,0,0.0,0.0,0.0,0.0,0.0,0.0,0
12.173,-0.8365574287156261,-0.6129482365065462,-0.2818318798479362,0.03037439680868382,0.0002767321615655659,0.047455468829285405,0.0,0.0,0.6,0.6,1.880143789831616,0,0.0,0.0,0.0,0.0,0.0,0.0,0
12.294,-0.8404632348615702,-0.6337194800615871,-0.3014188355687786,0.031847137628358745,0.0003324656421495589,0.046497285413671964,0.0,0.0,0.6,0.6,1.8965753574459654,0,0.0,0.0,0.0,0.0,0.0,0.0,0
12.385,-0.8617202919012578,-0.6154639475744533,-0.29759970719790785,0.03012183672967774,0.0005268435053870463,0.04532333657775658,0.0,0.0,0.6,0.6,1.9010467694428697,0,0.0,0.0,0.0,0.0,0.0,0.0,0
12.495,-0.8419778739491497,-0.6433444643718342,-0.2606196814239812,0.030726145302600302,0.0003100365636077768,0.04453309608675308,0.0,0.0,0.6,0.6,1.9039972809967438,0,0.0,0.0,0.0,0.0,0.0,0.0,0
12.591,-0.8484038160148771,-0.6277014548627944,-0.29800283394189736,0.031259351825478766,0.0003754534572741995,0.04601340997385012,0.0,0.0,0.6,0.6,1.898716534008876,0,0.0,0.0,0.0,0.0,0.0,0.0,0
12.673,-0.8522447462683618,-0.5977448445135132,-0.2998417140554273,0.031937203999549954,0.0003381184235196544,0.04963473848914912,0.0,0.0,0.6,0.6,1.8824472145647957,0,0.0,0.0,0.0,0.0,0.0,0.0,0
12.795,-0.8601385462244995,-0.610840053179877,-0.3759514361709479,0.031039276407884394,0.000498474264140502,0.04950319267706578,0.0,0.0,0.6,0.6,1.8968759075267003,0,0.0,0.0,0.0,0.0,0.0,0.0,0
12.894,-0.8664984261217428,-0.618764898774438,-0.3125421500300923,0.031560052967455794,0.0003346117597853375,0.048142264480909504,0.0,0.0,0.6,0.6,1.9068312752580432,0,0.0,0.0,0.0,0.0,0.0,0.0,0
12.996,-0.7871263887473544,-0.6440218553986978,-0.26370131851760986,0.02572812977380299,0.0002475376072413019,0.03791241793557459,0.0,0.0,0.6,0.6,1.8632525312122603,0,0.0,0.0,0.0,0.0,0.0,0.0,0
13.059,-0.7992501623977084,-0.6208297317529738,-0.23883229122447158,0.025996042157435457,0.00025083279098505516,0.03908992635493786,0.0,0.0,0.6,0.6,1.8569669493294845,0,0.0,0.0,0.0,0.0,0.0,0.0,0
13.187,-0.8071021421687924,-0.6273071598907048,-0.26519051460293275,0.027811810224514556,0.0002502042273678838,0.03978398461961957,0.0,0.0,0.6,0.6,1.8671420147420474,0,0.0,0.0,0.0,0.0,0.0,0.0,0
13.282,-0.8344339783861121,-0.6166727674430925,-0.2774967298401063,0.028125885689046663,0.000285800315888639,0.04270285379280948,0.0,0.0,0.6,0.6,1.8809288825966395,0,0.0,0.0,0.0,0.0,0.0,0.0,0
13.393,-0.8349214732520084,-0.6503745224879891,-0.24128354016909678,0.029706069789180282,0.0002808049485472635,0.04519163385024979,0.0,0.0,0.6,0.6,1.903269839220593,0,0.0,0.0,0.0,0.0,0.0,0.0,0
13.493,-0.851516913844722,-0.624595475520205,-0.2723604321206952,0.030640399873853683,0.000310271219294142,0.046966463162447195,0.0,0.0,0.6,0.6,1.8990880521560507,0,0.0,0.0,0.0,0.0,0.0,0.0,0
13.594,-0.8447553075496701,-0.6339962976521903,-0.29437248332033494,0.03152367288087213,0.0003133673937565809,0.04864195220377054,0.0,0.0,0.6,0.6,1.9000170423741611,0,0.0,0.0,0.0,0.0,0.0,0.0,0
13.696,-0.8167889271366321,-0.610444909457211,-0.3011226186793827,0.032522503150446636,0.0003825265744257694,0.04873838173475775,0.0,0.0,0.6,0.6,1.8634558601930566,0,0.0,0.0,0.0,0.0,0.0,0.0,0
13.782,-0.827264209046472,-0.6392762019419915,-0.2825260562975352,0.02796789008779923,0.00025599666308864956,0.042197427979629575,0.0,0.0,0.6,0.6,1.8902086200006651,0,0.0,0.0,0.0,0.0,0.0,0.0,0
13.875,-0.7673458976151792,-0.6200253855191885,-0.1944009539742042,0.026620938710321722,0.0002884293370101624,0.04044487573788685,0.0,0.0,0.6,0.6,1.8325110490898289,0,0.0,0.0,0.0,0.0,0.0,0.0,0
13.974,-0.74744460901025,-0.6322968198535428,-0.20374466404570749,0.02750979393736838,0.00034750426998571797,0.040730671394326866,0.0,0.0,0.6,0.6,1.8259689007680115,0,0.0,0.0,0.0,0.0,0.0,0.0,0
14.082,-0.7488970840070699,-0.6289312506747108,-0.15311770451287332,0.028764582356913787,0.00035031388729478365,0.042330095517374225,0.0,0.0,0.6,0.6,1.8247726877963963,0,0.0,0.0,0.0,0.0,0.0,0.0,0
14.176,-0.7432359957151096,-0.5923431319708982,-0.1989675366478442,0.029649751151935518,0.00033465666729538547,0.04720274182142716,0.0,0.0,0.6,0.6,1.7960971812635673,0,0.0,0.0,0.0,0.0,0.0,0.0,0
14.274000000000001,-0.7423150710536932,-0.6302035890627257,-0.18101038093611482,0.03096901616178672,0.0003920550242773193,0.04687318882487105,0.0,0.0,0.6,0.6,1.8207719847692883,0,0.0,0.0,0.0,0.0,0.0,0.0,0
14.386,-0.7469720931815498,-0.6174201343459722,-0.23695028973320534,0.032538051343725664,0.0003664032073460286,0.047552957387728134,0.0,0.0,0.6,0.6,1.815611633395438,0,0.0,0.0,0.0,0.0,0.0,0.0,0
14.476,-0.7726337991868726,-0.6312502242656371,-0.2285643075581007,0.0313879830867182,0.00029223996831622345,0.04715314553930192,0.0,0.0,0.6,0.6,1.843936186917641,0,0.0,0.0,0.0,0.0,0.0,0.0,0
14.577,-0.8146449034246147,-0.6055505785234975,-0.23513840848245268,0.030901533119626307,0.0002546234600363404,0.04747090108110036,0.0,0.0,0.6,0.6,1.8586480032979824,0,0.0,0.0,0.0,0.0,0.0,0.0,0
14.674,-0.7883548326110318,-0.6293975694724311,-0.25462430830957933,0.031281616791930075,0.0002476030889846442,0.0480750924371664,0.0,0.0,0.6,0.6,1.8544399491650105,0,0.0,0.0,0.0,0.0,0.0,0.0,0
14.785,-0.7897535565509306,-0.6088384871063048,-0.24896562917774637,0.0319202894858166,0.00024728308651062906,0.04938104606090928,0.0,0.0,0.6,0.6,1.8419298129558086,0,0.0,0.0,0.0,0.0,0.0,0.0,0
14.884,-0.7807597994157732,-0.6298030019935046,-0.2311846008063128,0.03313757347327804,0.00026126114190179966,0.05073922078160857,0.0,0.0,0.6,0.6,1.8490302992095402,0,0.0,0.0,0.0,0.0,0.0,0.0,0
14.975,-0.7791359880600625,-0.6456632289053095,-0.1769372527744613,0.03480279666483139,0.0002697268337833532,0.050426209452576205,0.0,0.0,0.6,0.6,1.8584114058542596,0,0.0,0.0,0.0,0.0,0.0,0.0,0
15.076,-0.762997131728706,-0.6254160897036477,-0.22087632559565568,0.03579639447156828,0.0002913012626032144,0.05400031123531094,0.0,0.0,0.6,0.6,1.832868182386627,0,0.0,0.0,0.0,0.0,0.0,0.0,0
15.175,-0.7672000594769818,-0.6075054258027516,-0.22224868415728707,0.037009742037501944,0.0002935231977050029,0.05684134593803233,0.0,0.0,0.6,0.6,1.82409028175059,0,0.0,0.0,0.0,0.0,0.0,0.0,0
15.279,-0.7515320790413378,-0.649146645917589,-0.1877884566427705,0.038200692790677136,0.00035069071803658865,0.05499856368114158,0.0,0.0,0.6,0.6,1.8403821080647798,0,0.0,0.0,0.0,0.0,0.0,0.0,0
15.373,-0.7690924802085088,-0.6164418363169604,-0.16870045010806042,0.039052727648671445,0.0003945614079522668,0.05788740513568271,0.0,0.0,0.6,0.6,1.8314324886562605,0,0.0,0.0,0.0,0.0,0.0,0.0,0
15.473,-0.7520585857571269,-0.6207980333828585,-0.1734652380337173,0.03931180289036416,0.0003891362955976164,0.058207262454340214,0.0,0.0,0.6,0.6,1.8216504213572418,0,0.0,0.0,0.0,0.0,0.0,0.0,0
15.595,-0.7515691338344932,-0.619144246673219,-0.1962327350250438,0.04056064942458434,0.00038891962125647573,0.061033861345079106,0.0,0.0,0.6,0.6,1.8201790619965204,0,0.0,0.0,0.0,0.0,0.0,0.0,0
15.695,-0.7598808447748067,-0.6077720549612933,-0.16270187347706414,0.04208333023582338,0.0003956885911008418,0.06289446269384467,0.0,0.0,0.6,0.6,1.818787851490895,0,0.0,0.0,0.0,0.0,0.0,0.0,0
15.794,-0.7789037801951024,-0.6307403124228553,-0.17640857965158302,0.04093487239178534,0.0004494000311171072,0.06159693422082428,0.0,0.0,0.6,0.6,1.8482687444360062,0,0.0,0.0,0.0,0.0,0.0,0.0,0
15.893,-0.7740876952380521,-0.621743686192233,-0.20960217631691008,0.03607714361112847,0.0002671643545485257,0.053342610115202777,0.0,0.0,0.6,0.6,1.838688290318728,0,0.0,0.0,0.0,0.0,0.0,0.0,0
15.96,-0.7775819753420008,-0.6155420627425134,-0.22574267243284318,0.036778023593791564,0.0002790238041954692,0.05480000710102915,0.0,0.0,0.6,0.6,1.8371920436044495,0,0.0,0.0,0.0,0.0,0.0,0.0,0
16.087,-0.7921473820188163,-0.6152749713433203,-0.17893199076787733,0.037305681782163966,0.00027103955620662236,0.05831397581412664,0.0,0.0,0.6,0.6,1.8479630919570207,0,0.0,0.0,0.0,0.0,0.0,0.0,0
16.195,-0.7806186282590009,-0.6301893745985278,-0.24745277311578917,0.03849386454026858,0.00025771891842021064,0.05727770788679929,0.0,0.0,0.6,0.6,1.8491818985894497,0,0.0,0.0,0.0,0.0,0.0,0.0,0
16.293,-0.7720744462823138,-0.5979628656113343,-0.19453763707962599,0.03746498022898952,0.0003060676498284207,0.058839120227341855,0.0,0.0,0.6,0.6,1.8214563715677181,0,0.0,0.0,0.0,0.0,0.0,0.0,0
16.376,-0.7709539543721279,-0.5887959905514237,-0.2029494543261529,0.03866619147709119,0.0003177309747917406,0.05985237647564362,0.0,0.0,0.6,0.6,1.8145937981156322,0,0.0,0.0,0.0,0.0,0.0,0.0,0
16.475,-0.7752383362847309,-0.6144260328362525,-0.17673709485221809,0.03830546607230641,0.0003080394120026648,0.0592648724314795,0.0,0.0,0.6,0.6,1.8346964519553617,0,0.0,0.0,0.0,0.0,0.0,0.0,0
16.595,-0.7722385068468112,-0.5972434214340296,-0.19682940028985316,0.03768418155242549,0.0005297710785641303,0.0556014430962082,0.0,0.0,0.6,0.6,1.8211068968734996,0,0.0,0.0,0.0,0.0,0.0,0.0,0
16.695,-0.8621015664733599,-0.619686279120551,-0.2932882806442098,0.023642334078033914,0.0004073695625524492,0.03552592834127074,0.0,0.0,0.6,0.6,1.904041913971115,0,0.0,0.0,0.0,0.0,0.0,0.0,0
16.794,-0.8532914475726092,-0.6289263844967062,-0.3231016723676119,0.02471640662128569,0.00034445860645047427,0.03736714471560056,0.0,0.0,0.6,0.6,1.903238316685495,0,0.0,0.0,0.0,0.0,0.0,0.0,0
16.895,-0.8525968685008841,-0.6201989953274181,-0.28727677091489123,0.026090538191178313,0.0003466544862689235,0.040340391470044666,0.0,0.0,0.6,0.6,1.8970828264935127,0,0.0,0.0,0.0,0.0,0.0,0.0,0
16.973,-0.8490003889100154,-0.6124953022535926,-0.3376439497967804,0.027414451655626434,0.00033322561794326316,0.04076676344496704,0.0,0.0,0.6,0.6,1.8893774067264608,0,0.0,0.0,0.0,0.0,0.0,0.0,0
17.095,-0.861583926110647,-0.6146855944336088,-0.3166927512671984,0.02862310975308647,0.00043365636760571105,0.04267567262452435,0.0,0.0,0.6,0.6,1.9004443339360253,0,0.0,0.0,0.0,0.0,0.0,0.0,0
17.194,-0.8641098373969555,-0.6181898029050747,-0.34468487839728484,0.029751703575631658,0.000449575198897158,0.04472258819095242,0.0,0.0,0.6,0.6,1.9046270007181048,0,0.0,0.0,0.0,0.0,0.0,0.0,0
17.293,-0.9154517816822463,-0.6190048949616546,-0.38477484742889145,0.028432259132926133,0.0006643702945093402,0.042227096432438084,0.0,0.0,0.6,0.6,1.944882268042045,0,0.0,0.0,0.0,0.0,0.0,0.0,0
17.373,-0.9157517241228468,-0.6038877682681585,-0.37651651961604377,0.026778717941643847,0.0010317626014276176,0.04169973566087426,0.0,0.0,0.6,0.6,1.9356779297618367,0,0.0,0.0,0.0,0.0,0.0,0.0,0
17.473,-0.9256679479433932,-0.6145170136758247,-0.3916005981931586,0.027695819178151834,0.0009415407829125238,0.042550712522950805,0.0,0.0,0.6,0.6,1.9500549386850228,0,0.0,0.0,0.0,0.0,0.0,0.0,0
17.59,-1.0129471781365689,-0.602594274173469,-0.45757432204238235,0.021679752991648097,0.0015017153935923916,0.0350058954038906,0.0,0.0,0.6,0.6,2.011922361258886,0,0.0,0.0,0.0,0.0,0.0,0.0,0
17.677,-0.9889956853436132,-0.6227428191250328,-0.5393676293615334,0.022814195538184624,0.0015332524965939586,0.03684524905684282,0.0,0.0,0.6,0.6,2.004995583477044,0,0.0,0.0,0.0,0.0,0.0,0.0,0
17.773,-1.0011236045262684,-0.6055781786918986,-0.5135794155861723,0.023704906982570235,0.001664883993088924,0.03695803204996681,0.0,0.0,0.6,0.6,2.0042493711884424,0,0.0,0.0,0.0,0.0,0.0,0.0,0
17.894,-0.9988175429583162,-0.6133224198837803,-0.500426387273287,0.02579977626315651,0.001684535484488945,0.03916204916580553,0.22,-1.0,0.6,0.6,2.007079677108983,7,2.032092600149258,3150.006072959972,3169.831264022836,-20.34939106286395,0.5242,0.0,0
17.973,-0.9608057099864364,-0.606697236398452,-0.6264338543054547,0.027045296552815835,0.0014112682396041454,0.04220530220126848,0.22,-1.0,0.6,0.6,1.9728742191680457,7,2.032092600149258,3150.006072959972,3169.831264022836,-20.34939106286395,0.5242,0.0,0
18.074,-0.9398471017029446,-0.618736526411044,-0.7217571499142175,0.02960538365405198,0.0011036261106467842,0.0434504417237249,0.22,-1.0,0.6,0.6,1.9637840557025144,7,2.032092600149258,3150.006072959972,3169.831264022836,-20.34939106286395,0.5242,0.0,0
18.174,-0.935057173478939,-0.632123715684419,-0.7842139214667051,0.03175779316763018,0.0010509457024598136,0.04687307463921647,0.22,-1.0,0.6,0.6,1.9683824264103578,7,2.032092600149258,3150.006072959972,3169.831264022836,-20.34939106286395,0.5242,0.0,0
18.275,-0.9126689835609502,-0.6588877578400341,-0.9161605843080644,0.03435755035305327,0.0008229714473730064,0.04755772011558854,0.22,-1.0,0.6,0.6,1.9679852236911806,7,2.032092600149258,3150.006072959972,3169.831264022836,-20.34939106286395,0.5242,0.0,0
18.393,-0.9170500418488309,-0.6717875087444056,-1.0395031947356028,0.03700339957782772,0.0008006377929042689,0.0501762100902092,0.22,-1.0,0.6,0.6,1.9796172096826803,7,2.032092600149258,3150.006072959972,3169.831264022836,-20.34939106286395,0.5242,0.0,0
18.473,-0.9352646495887272,-0.7047127762835405,-1.1339238560081726,0.038525949488217894,0.0010212355404840606,0.04822483470005878,0.22,-1.0,0.6,0.6,2.014773677829423,7,2.032092600149258,3150.006072959972,3169.831264022836,-20.34939106286395,0.5242,0.0,0
18.574,-0.9125985864458789,-0.7125289561212415,-1.2082340020961218,0.03880697374222797,0.0006169567657664348,0.04619442723151037,0.22,-1.0,0.6,0.6,2.0026699039968587,7,2.032092600149258,3150.006072959972,3169.831264022836,-20.34939106286395,0.5242,0.0,0
18.677,-0.888360977351092,-0.7631164762494239,-1.2486048462210857,0.04072415475055046,0.000599053981740004,0.04682524956223633,0.22,-1.0,0.6,0.6,2.0182430296483482,7,2.032092600149258,3150.006072959972,3169.831264022836,-20.34939106286395,0.5242,0.0,0
18.777,-0.8423803775920001,-0.7454882235152223,-1.3520196983590549,0.04107613438077018,0.00032924819256312205,0.045383402652570105,0.22,-1.0,0.6,0.6,1.972511017277366,7,2.032092600149258,3150.006072959972,3169.831264022836,-20.34939106286395,0.5242,0.0,0
18.876,-0.8063599100527161,-0.7723947491028506,-1.4000971007802243,0.04201269548079272,0.0002508005274194849,0.04545235815087586,0.22,-1.0,0.6,0.6,1.9650230390426875,7,2.032092600149258,3150.006072959972,3169.831264022836,-20.34939106286395,0.5242,0.0,0
18.973,-0.8025635104115384,-0.7859374620343291,-1.490505626206598,0.045466375869468986,0.0002480700926403208,0.045998146429040446,0.22,-1.0,0.6,0.6,1.971802994573265,7,2.032092600149258,3150.006072959972,3169.831264022836,-20.34939106286395,0.5242,0.0,0
19.093,-0.844802106177503,-0.8375615022362842,-1.6066896463710403,0.048255450217409845,0.00025018992420235294,0.047353231371248625,0.22,-1.0,0.6,0.6,2.0381452840086722,7,2.032092600149258,3150.006072959972,3169.831264022836,-20.34939106286395,0.5242,0.0,0
19.194,-0.822204429810616,-0.8407848855477829,-1.7653539071126467,0.04917948583530331,0.0003173377666340648,0.04549699897362435,0.22,-1.0,0.6,0.6,2.0244817921127067,7,2.032092600149258,3150.006072959972,3169.831264022836,-20.34939106286395,0.5242,0.0,0
19.273,-0.7857983128731275,-0.8954927688137712,-1.800085482022107,0.05026871408015305,0.00024965835085859596,0.0446344373597874,0.22,-1.0,0.6,0.6,2.038856440639283,7,2.032092600149258,3150.006072959972,3169.831264022836,-20.34939106286395,0.5242,0.0,0
19.391,-0.7870946074868106,-0.8781532432038318,-1.9035632013859556,0.05104422345771301,0.00026844209668430057,0.04371301241113582,0.22,-1.0,0.6,0.6,2.027059066853503,7,2.032092600149258,3150.006072959972,3169.831264022836,-20.34939106286395,0.5242,0.0,0
19.459,-0.8641274066672577,-0.9022932057187143,-2.0124664482170624,0.04560790576568324,0.0003575483165057524,0.039779091520832255,0.22,-1.0,0.6,0.6,2.097749732189901,7,2.032092600149258,3150.006072959972,3169.831264022836,-20.34939106286395,0.5242,0.0,0
19.594,-0.8744108570287459,-0.9285535491362704,-2.120098336563369,0.04898519326525939,0.0004391700316531682,0.03919217167568689,0.22,-1.0,0.6,0.6,2.123761598650218,7,2.032092600149258,3150.006072959972,3169.831264022836,-20.34939106286395,0.5242,0.0,0
19.688,-0.8606573339455152,-0.9809326801794387,-2.2834508780021814,0.051641676697959375,0.00047259690242538527,0.03993992154209527,0.22,-1.0,0.6,0.6,2.1524098091367647,7,2.032092600149258,3150.006072959972,3169.831264022836,-20.34939106286395,0.5242,0.0,0
19.794,-0.8727799619253513,-0.9620322405556446,-2.320444748038857,0.044334715632498696,0.0005138010253683959,0.03294898047161744,0.22,-1.0,0.6,0.6,2.1468641169818192,7,2.032092600149258,3150.006072959972,3169.831264022836,-20.34939106286395,0.5242,0.0,0
19.886,-0.8695569068434258,-0.9845018348550278,-2.425996825944574,0.04548010108597048,0.0003968739880597903,0.03353601321248,0.22,-1.0,0.6,0.6,2.1610746324711156,7,2.032092600149258,3150.006072959972,3169.831264022836,-20.34939106286395,0.5242,0.0,0
19.995,-0.8703036233523496,-1.0236915584676658,-2.5516727430513058,0.04840377110145982,0.0004290396662816438,0.03431442651493765,0.22,-1.0,0.6,0.6,2.1904718719678202,7,2.032092600149258,3150.006072959972,3169.831264022836,-20.34939106286395,0.5242,0.0,0
20.094,-0.9221330537265232,-1.0261466427220678,-2.6420156441674822,0.050238791105347264,0.000596688425501655,0.03558452996856381,0.22,-1.0,0.6,0.6,2.2273845507417627,7,2.032092600149258,3150.006072959972,3169.831264022836,-20.34939106286395,0.5242,0.0,0
20.193,-0.9252832974217582,-1.0296346165267922,-2.780561032954225,0.05183164059261902,0.0008091670675528422,0.03565624597048387,0.22,-1.0,0.6,0.6,2.2320838068442272,7,2.032092600149258,3150.006072959972,3169.831264022836,-20.34939106286395,0.5242,0.0,0
20.294,-0.926312604539693,-1.040971799004226,-2.874426634076587,0.05379526104872223,0.0009966619608580438,0.03801356512192858,0.22,-1.0,0.6,0.6,2.2410753249063062,7,2.032092600149258,3150.006072959972,3169.831264022836,-20.34939106286395,0.5242,0.0,0
20.373,-0.9678864477944764,-1.0319586947945532,-2.9708169747776885,0.05295562868061763,0.0010317192264184042,0.03786701611115974,0.22,-1.0,0.6,0.6,2.2630857462087297,7,2.032092600149258,3150.006072959972,3169.831264022836,-20.34939106286395,0.5242,0.0,0
20.474,-0.9766849449809808,-1.0487965059272348,-3.0208957898149396,0.05445374522357959,0.0013385290078134985,0.03648446196826973,0.22,-1.0,0.6,0.6,2.281329729277979,7,2.032092600149258,3150.006072959972,3169.831264022836,-20.34939106286395,0.5242,0.0,0
20.593,-1.0051755598550436,-1.0378804190920075,3.1245012920531927,0.05609973320079784,0.0018337333458936906,0.03819817466918751,0.22,-1.0,0.6,0.6,2.2933034786527844,7,2.032092600149258,3150.006072959972,3169.831264022836,-20.34939106286395,0.5242,0.0,0
20.681,-1.026398465045472,-1.0308479944930973,2.9890411392715537,0.05708733839484323,0.002139351382576211,0.039485537103554735,0.22,-1.0,0.6,0.6,2.3032232085154978,7,2.032092600149258,3150.006072959972,3169.831264022836,-20.34939106286395,0.5242,0.0,0
20.776,-1.0511686969200453,-1.0297353011898982,3.034115883865102,0.05817434320305282,0.002671090335417781,0.03885129489190926,0.22,-1.0,0.6,0.6,2.3199989693172642,7,2.032092600149258,3150.006072959972,3169.831264022836,-20.34939106286395,0.5242,0.0,0
20.873,-1.062551359436602,-1.036399858711496,2.9249817203065867,0.05918159084358777,0.002882330615461495,0.039510870782809,0.22,-1.0,0.6,0.6,2.3327840706665284,7,2.032092600149258,3150.006072959972,3169.831264022836,-20.34939106286395,0.5242,0.0,0
20.973,-1.1217515679853554,-1.0211817605669224,2.729451488760161,0.05450363153627214,0.0034146825215295887,0.0380378499434524,0.22,-1.0,0.6,0.6,2.364880285057765,7,2.032092600149258,3150.006072959972,3169.831264022836,-20.34939106286395,0.5242,0.0,0
21.079,-1.1268827645386676,-1.0076529071041698,2.6987022939991836,0.046816584745646414,0.0033994354250663113,0.03268291600362367,0.22,-1.0,0.6,0.6,2.359379569331989,7,2.032092600149258,3150.006072959972,3169.831264022836,-20.34939106286395,0.5242,0.0,0
21.174,-1.1320691249843358,-1.0177534167376172,2.5531303235324856,0.04729254310471808,0.0037100333802788667,0.033190967103109606,0.22,-1.0,0.6,0.6,2.370061090159964,7,2.032092600149258,3150.006072959972,3169.831264022836,-20.34939106286395,0.5242,0.0,0
21.273,-1.141847727348596,-1.0092779919155657,2.5384994935440495,0.04785110428677089,0.004082010802543985,0.03434206678861366,0.22,-1.0,0.6,0.6,2.371457180834869,7,2.032092600149258,3150.006072959972,3169.831264022836,-20.34939106286395,0.5242,0.0,0
21.379,-1.1454045678577423,-0.9548883089838192,2.3597888142254497,0.04822765649278294,0.0046863095462432065,0.03518842030719325,0.22,-1.0,0.6,0.6,2.3375446004115585,7,2.032092600149258,3150.006072959972,3169.831264022836,-20.34939106286395,0.5242,0.0,0
21.482,-1.1625809637468392,-0.9651083488174861,2.280228847477124,0.047868559361776926,0.004994304397028561,0.03691104893242087,0.22,-1.0,0.6,0.6,2.3571711429806985,7,2.032092600149258,3150.006072959972,3169.831264022836,-20.34939106286395,0.5242,0.0,0
21.573,-1.171520505699031,-0.9442875414057197,2.190192226437755,0.04811732734092679,0.005430320944615722,0.038487575255086955,0.22,-1.0,0.6,0.6,2.3501295523126107,7,2.032092600149258,3150.006072959972,3169.831264022836,-20.34939106286395,0.5242,0.0,0
21.673000000000002,-1.1775234982907985,-0.9392480149374299,2.0762258341460305,0.04839381495154669,0.00572907658435403,0.038880688575096196,0.22,-1.0,0.6,0.6,2.351355829827714,7,2.032092600149258,3150.006072959972,3169.831264022836,-20.34939106286395,0.5242,0.0,0
21.773,-1.1915500123393326,-0.9233386793950081,2.0222800464497075,0.04803962989656977,0.006166992276091939,0.040120096614308536,0.22,-1.0,0.6,0.6,2.3516403166415545,7,2.032092600149258,3150.006072959972,3169.831264022836,-20.34939106286395,0.5242,0.0,0
21.893,-1.2028969856442473,-0.885196917994861,1.8220781989221833,0.04726429196413415,0.006870646880543121,0.041817645006776524,0.22,-1.0,0.6,0.6,2.3358611743994007,7,2.032092600149258,3150.006072959972,3169.831264022836,-20.34939106286395,0.5242,0.0,0
21.995,-1.2130765476033283,-0.8571280819611045,1.8119277028495,0.04695853142381708,0.007191455777511797,0.04271694777882119,0.22,-1.0,0.6,0.6,2.3260414473325386,7,2.032092600149258,3150.006072959972,3169.831264022836,-20.34939106286395,0.5242,0.0,0
22.076,-1.1556146486964058,-0.8819141837656066,1.7289030230370968,0.04414082138051529,0.0057950869494052745,0.0408854252885594,0.22,-1.0,0.6,0.6,2.2974447638111104,7,2.032092600149258,3150.006072959972,3169.831264022836,-20.34939106286395,0.5242,0.0,0
22.177,-1.1719480280365253,-0.8452471254201867,1.6180858190913894,0.042707584475032846,0.0056673226213433195,0.040174310725402215,0.22,-1.0,0.6,0.6,2.286599892328748,7,2.032092600149258,3150.006072959972,3169.831264022836,-20.34939106286395,0.5242,0.0,0
22.273,-1.17514498888714,-0.8240993315284192,1.5011772892561053,0.042299623864500785,0.005892266287862296,0.04161175022042308,0.22,-1.0,0.6,0.6,2.2757852793334465,7,2.032092600149258,3150.006072959972,3169.831264022836,-20.34939106286395,0.5242,0.0,0
22.397,-1.1732851651988323,-0.7966288340911577,1.3899792848132444,0.040510204159630483,0.006209002232194936,0.04172829173505936,0.22,-1.0,0.6,0.6,2.2572355608861643,7,2.032092600149258,3150.006072959972,3169.831264022836,-20.34939106286395,0.5242,0.0,0
22.493,-1.1732525563884608,-0.7715055048723,1.2827586385430931,0.0398085601699588,0.00594620228857456,0.04375707934599174,0.22,-1.0,0.6,0.6,2.2417519886537924,7,2.032092600149258,3150.006072959972,3169.831264022836,-20.34939106286395,0.5242,0.0,0
22.594,-1.149758514784569,-0.7707293280596159,1.2171561733482383,0.039006056235663486,0.005354085722639446,0.0430630873322245,0.22,-1.0,0.6,0.6,2.222735645744646,7,2.032092600149258,3150.006072959972,3169.831264022836,-20.34939106286395,0.5242,0.0,0
22.675,-1.1458579587214044,-0.7654783450417344,1.1058628708911755,0.038706262026817824,0.005327127745392686,0.04366853188246894,0.22,-1.0,0.6,0.6,2.216427558664795,7,2.032092600149258,3150.006072959972,3169.831264022836,-20.34939106286395,0.5242,0.0,0
22.796,-1.118934849405232,-0.7028861537555834,1.064879226163684,0.036144476357259196,0.005655863125845287,0.0447252585857296,0.22,-1.0,0.6,0.6,2.156907356876462,7,2.032092600149258,3150.006072959972,3169.831264022836,-20.34939106286395,0.5242,0.0,0
22.882,-1.0979759173315509,-0.7403504372432407,0.9860955458422105,0.03496879859896325,0.0042757137699100806,0.04366974235641332,0.22,-1.0,0.6,0.6,2.163252530440232,7,2.032092600149258,3150.006072959972,3169.831264022836,-20.34939106286395,0.5242,0.0,0
22.993,-1.1152849532553648,-0.6968173717611088,0.790408663862926,0.03004093786652272,0.003688300640685305,0.03867146258752523,0.22,-1.0,0.6,0.6,2.1503343383217524,7,2.032092600149258,3150.006072959972,3169.831264022836,-20.34939106286395,0.5242,0.0,0
23.093,-1.0579500501228434,-0.6839378173284756,0.732380185207369,0.029649195692516554,0.0030526166163526896,0.0407739304609361,0.22,-1.0,0.6,0.6,2.096972743616032,7,2.032092600149258,3150.006072959972,3169.831264022836,-20.34939106286395,0.5242,0.0,0
23.193,-1.0426654937480069,-0.657395905524663,0.6993241581504946,0.030110844876593226,0.0024357430683911623,0.040816707026866274,0.22,-1.0,0.6,0.6,2.068669714473669,7,2.032092600149258,3150.006072959972,3169.831264022836,-20.34939106286395,0.5242,0.0,0
23.294,-1.0238052025817914,-0.6200379804649498,0.5575863047524017,0.030207067612705654,0.002503747575781182,0.041148614905192296,0.22,-1.0,0.6,0.6,2.0310677019018066,7,2.032092600149258,3150.006072959972,3169.831264022836,-20.34939106286395,0.5242,0.0,0
23.393,-0.991110676313882,-0.6323911848235804,0.5002691173694379,0.02965699252215955,0.0017977356120733219,0.043776759339491406,0.22,-1.0,0.6,0.6,2.012565829162089,7,2.032092600149258,3150.006072959972,3169.831264022836,-20.34939106286395,0.5242,0.0,0
23.493,-0.9567607704789659,-0.6406079530493917,0.39162275926442036,0.030191911828169632,0.0013796387419293921,0.04438816921775503,0.22,-1.0,0.6,0.6,1.9906311033618622,7,2.032092600149258,3150.006072959972,3169.831264022836,-20.34939106286395,0.5242,0.0,0
23.582,-0.9493511934851213,-0.6054155904931035,0.34244872761463735,0.030232936330768623,0.0012507617184251971,0.04590359440519241,0.22,-1.0,0.6,0.6,1.9630374083439184,7,2.032092600149258,3150.006072959972,3169.831264022836,-20.34939106286395,0.5242,0.0,0
23.68,-0.9522419507889182,-0.6163209543427006,0.23014512626927436,0.031110843943246026,0.0011263116114803985,0.045904009960030516,0.22,-1.0,0.6,0.6,1.9720273166876072,7,2.032092600149258,3150.006072959972,3169.831264022836,-20.34939106286395,0.5242,0.0,0
23.778,-0.9286712699777939,-0.5999206207140544,0.08779311004505193,0.028546973022543998,0.001048103677869014,0.04605257626507841,0.22,-1.0,0.6,0.6,1.9433592945387952,7,2.032092600149258,3150.006072959972,3169.831264022836,-20.34939106286395,0.5242,0.0,0
23.873,-0.9204899486310788,-0.581276645334294,-0.03127414326754069,0.028171885307468354,0.000758835903827411,0.04503192147914107,0.22,-1.0,0.6,0.6,1.9254361055876106,7,2.032092600149258,3150.006072959972,3169.831264022836,-20.34939106286395,0.5242,0.0,0
23.974,-0.9155868429077925,-0.596329599236678,-0.17457598992346768,0.028376121586504315,0.0008510881172740431,0.04482866059799467,0.22,-1.0,0.6,0.6,1.930856801631079,7,2.032092600149258,3150.006072959972,3169.831264022836,-20.34939106286395,0.5242,0.0,0
24.078,-0.8920947524382661,-0.5767348372833905,-0.30043911438008547,0.030226022729810505,0.0006208496742164001,0.046392264999780594,0.22,-1.0,0.6,0.6,1.900276723935274,7,2.032092600149258,3150.006072959972,3169.831264022836,-20.34939106286395,0.5242,0.0,0
24.179,-0.9065876470738913,-0.6153600580077818,-0.4029098703240299,0.029273139825678605,0.000818984869287979,0.0438968980235455,0.22,-1.0,0.6,0.6,1.9356927465164306,7,2.032092600149258,3150.006072959972,3169.831264022836,-20.34939106286395,0.5242,0.0,0
24.278,-0.8844929115097689,-0.6416101053442812,-0.43666690059177027,0.031174554447290972,0.0005192435833606501,0.04522863093669712,0.22,-1.0,0.6,0.6,1.9352815965682586,7,2.032092600149258,3150.006072959972,3169.831264022836,-20.34939106286395,0.5242,0.0,0
24.375,-0.8595427061992578,-0.6332604322004322,-0.6256460090669428,0.033291590804615925,0.00043072408633845836,0.04688314559658158,0.22,-1.0,0.6,0.6,1.9108103529263831,7,2.032092600149258,3150.006072959972,3169.831264022836,-20.34939106286395,0.5242,0.0,0
24.473,-0.8497172796744511,-0.6519367437575889,-0.6848255348766529,0.03417834594770473,0.00042276539945284485,0.04602624141356605,0.22,-1.0,0.6,0.6,1.9154701254149191,7,2.032092600149258,3150.006072959972,3169.831264022836,-20.34939106286395,0.5242,0.0,0
24.586,-0.8399231384556374,-0.6673934418712745,-0.7918861539160554,0.036161214652090656,0.00030991286715769496,0.04979136262228324,0.22,-1.0,0.6,0.6,1.9182452348848018,7,2.032092600149258,3150.006072959972,3169.831264022836,-20.34939106286395,0.5242,0.0,0
24.675,-0.8318681943291631,-0.6684335164563887,-0.8464765642207513,0.03905542380934324,0.0002734238643242321,0.050337155267542684,0.22,-1.0,0.6,0.6,1.9128957398670159,7,2.246722338067334,3872.870829358375,3892.696020421239,-20.34939106286396,0.5242,0.0,0
24.774,-0.8047450545542251,-0.7152051662141163,-0.971478673783079,0.04143560046670769,0.00024775995037515185,0.05019723348306588,0.22,-1.0,0.6,0.6,1.9243371060006234,7,2.246722338067334,3872.870829358375,3892.696020421239,-20.34939106286396,0.5242,0.0,0
24.874,-0.7816441819328416,-0.7468864063603304,-1.0750854530957112,0.04359949916124317,0.00025397525984367986,0.05097126237236028,0.22,-1.0,0.6,0.6,1.9295190170369183,7,2.246722338067334,3872.870829358375,3892.696020421239,-20.34939106286396,0.5242,0.0,0
24.973,-0.7839722641719511,-0.7592327649877961,-1.2540700361747306,0.04319374072561051,0.00024772498111772943,0.04971435083836722,0.22,-1.0,0.6,0.6,1.9398177588148857,7,2.246722338067334,3872.870829358375,3892.696020421239,-20.34939106286396,0.5242,0.0,0
25.081,-0.7888900341665006,-0.7617395714024693,-1.3502448376369989,0.04618790982183832,0.0002530920627137906,0.04999935526436773,0.22,-1.0,0.6,0.6,1.9450835939183706,7,2.246722338067334,3872.870829358375,3892.696020421239,-20.34939106286396,0.5242,0.0,0
25.177,-0.8015792716276332,-0.7802970538109135,-1.4182624540835347,0.047429242899812395,0.0002624280517370594,0.04758944162319829,0.22,-1.0,0.6,0.6,1.9671411772964682,7,2.246722338067334,3872.870829358375,3892.696020421239,-20.34939106286396,0.5242,0.0,0
25.275,-0.8086692494038961,-0.8204101471699966,-1.5444213814937562,0.04728498635963525,0.00024786136887802317,0.04680843402233385,0.22,-1.0,0.6,0.6,2.0004784528706194,7,2.246722338067334,3872.870829358375,3892.696020421239,-20.34939106286396,0.5242,0.0,0
25.393,-0.8176391788499103,-0.8289875510799819,-1.6508274804958403,0.046776966983278226,0.0002844655156100336,0.045584346803670975,0.22,-1.0,0.6,0.6,2.012885059448704,7,2.246722338067334,3872.870829358375,3892.696020421239,-20.34939106286396,0.5242,0.0,0
25.475,-0.8128255575404529,-0.8448162343616411,-1.7402161528786562,0.049407142488403145,0.00025909610098975654,0.04549726491715314,0.22,-1.0,0.6,0.6,2.0207845028885303,7,2.246722338067334,3872.870829358375,3892.696020421239,-20.34939106286396,0.5242,0.0,0
25.593,-0.8552009247240011,-0.8649791094889039,-1.878966544076511,0.05176917217479508,0.0003203080084133088,0.04778098682050157,0.22,-1.0,0.6,0.6,2.064890680534078,7,2.246722338067334,3872.870829358375,3892.696020421239,-20.34939106286396,0.5242,0.0,0
25.673000000000002,-0.8408853626446486,-0.879029873365522,-1.9519837818387855,0.05354816773386862,0.0003384421018428103,0.04811659898131119,0.22,-1.0,0.6,0.6,2.0648680332145277,7,2.246722338067334,3872.870829358375,3892.696020421239,-20.34939106286396,0.5242,0.0,0
25.791,-0.8416206461640542,-0.9187691458199088,-2.06467619120571,0.05665812623447151,0.0003381961877529277,0.04679259921859936,0.22,-1.0,0.6,0.6,2.0940223985767203,7,2.246722338067334,3872.870829358375,3892.696020421239,-20.34939106286396,0.5242,0.0,0
25.893,-0.8660651582517533,-0.9367718230858365,-2.1387294177918448,0.059737091178508055,0.0004063891841840755,0.04819354818080036,0.22,-1.0,0.6,0.6,2.123914942852068,7,2.246722338067334,3872.870829358375,3892.696020421239,-20.34939106286396,0.5242,0.0,0
25.994,-0.8692823132243006,-0.9520938740093396,-2.224205423299948,0.06295009113631872,0.0005112478143266538,0.04833209364773386,0.22,-1.0,0.6,0.6,2.137237916024108,7,2.246722338067334,3872.870829358375,3892.696020421239,-20.34939106286396,0.5242,0.0,0
26.055,-0.8648388165821725,-0.9722527737765364,-2.3685141884462126,0.06469015138954311,0.0004575144762451675,0.04826634574827618,0.22,-1.0,0.6,0.6,2.1488907704240976,7,2.246722338067334,3872.870829358375,3892.696020421239,-20.34939106286396,0.5242,0.0,0
26.193,-0.8780623873631079,-0.9650420976948619,-2.438098207801913,0.0499104079473274,0.00045979339250286794,0.037634850226209014,0.22,-1.0,0.6,0.6,2.1526786078034648,7,2.246722338067334,3872.870829358375,3892.696020421239,-20.34939106286396,0.5242,0.0,0
26.294,-0.8666078737960304,-1.0105253568302763,-2.52777607233973,0.052403622176468614,0.0005316910526419717,0.03833283286044238,0.22,-1.0,0.6,0.6,2.178240248566214,7,2.246722338067334,3872.870829358375,3892.696020421239,-20.34939106286396,0.5242,0.0,0
26.395,-0.9320827980337857,-1.0129395988141994,-2.62387167628415,0.05355663760763795,0.0006324562392884324,0.038777201278672645,0.22,-1.0,0.6,0.6,2.2246015035178646,7,2.246722338067334,3872.870829358375,3892.696020421239,-20.34939106286396,0.5242,0.0,0
26.493,-0.9423241270729984,-1.0051947697520967,-2.7687395963969137,0.05392462926972081,0.0009326125314671932,0.03896495780655737,0.22,-1.0,0.6,0.6,2.226075911057611,7,2.246722338067334,3872.870829358375,3892.696020421239,-20.34939106286396,0.5242,0.0,0
26.593,-0.9578662652911705,-1.025158968403105,-2.873700047973483,0.0561957116755389,0.0011926040970804245,0.038584296054762664,0.22,-1.0,0.6,0.6,2.251241651425565,7,2.246722338067334,3872.870829358375,3892.696020421239,-20.34939106286396,0.5242,0.0,0
26.693,-1.005629710715204,-1.0515728065361132,-2.9887443938260727,0.05670492779773248,0.0013674564821135582,0.03836903477072083,0.22,-1.0,0.6,0.6,2.3034190897925986,7,2.246722338067334,3872.870829358375,3892.696020421239,-20.34939106286396,0.5242,0.0,0
26.793,-1.010054223632268,-1.023425959946062,-3.007139341825446,0.056000122825533696,0.001815813237259775,0.03807420609778356,0.22,-1.0,0.6,0.6,2.286435315171391,7,2.246722338067334,3872.870829358375,3892.696020421239,-20.34939106286396,0.5242,0.0,0
26.879,-1.0156627576361374,-1.0551951185024997,-3.1281519175528887,0.05707055974482557,0.0020428703048180575,0.0399951517807366,0.22,-1.0,0.6,0.6,2.3130147052552243,7,2.246722338067334,3872.870829358375,3892.696020421239,-20.34939106286396,0.5242,0.0,0
26.993,-1.0252511679739282,-1.0441957301332165,3.015247518891647,0.058669624680141697,0.0022743770271371555,0.03930257164621414,0.22,-1.0,0.6,0.6,2.3118868826110237,7,2.246722338067334,3872.870829358375,3892.696020421239,-20.34939106286396,0.5242,0.0,0
27.081,-1.043393461689081,-1.0312312336600322,2.936905140595845,0.059837100030772854,0.002559108120173443,0.03965319666483643,0.22,-1.0,0.6,0.6,2.315525298412965,7,2.246722338067334,3872.870829358375,3892.696020421239,-20.34939106286396,0.5242,0.0,0
27.193,-1.090118552339603,-1.014923505605731,2.8086411684732235,0.057529319577980284,0.0032223587379963804,0.04035688113730572,0.22,-1.0,0.6,0.6,2.337622435279149,7,2.246722338067334,3872.870829358375,3892.696020421239,-20.34939106286396,0.5242,0.0,0
27.273,-1.125665071732358,-1.0217541462511464,2.6868782159771825,0.056772486111016936,0.004239433887951722,0.03939433843624443,0.22,-1.0,0.6,0.6,2.3681229804804964,7,2.246722338067334,3872.870829358375,3892.696020421239,-20.34939106286396,0.5242,0.0,0
27.381,-1.1416894758086522,-0.9987081009513585,2.5900436321234928,0.05726418957651537,0.004866178210579599,0.04094136677927244,0.22,-1.0,0.6,0.6,2.3641805815525423,7,2.246722338067334,3872.870829358375,3892.696020421239,-20.34939106286396,0.5242,0.0,0
27.475,-1.1632475059676606,-0.9680057352733744,2.5760772576747244,0.057285458777581386,0.005684741586426126,0.04231159062181707,0.22,-1.0,0.6,0.6,2.359593980571948,7,2.246722338067334,3872.870829358375,3892.696020421239,-20.34939106286396,0.5242,0.0,0
27.574,-1.169489645338867,-0.979401225467934,2.44613347661667,0.056078372298884266,0.005651385069116474,0.04083872612019392,0.22,-1.0,0.6,0.6,2.371835119895791,7,2.246722338067334,3872.870829358375,3892.696020421239,-20.34939106286396,0.5242,0.0,0
27.693,-1.1465516309938042,-0.9527738553287639,2.292553249705334,0.054839832858989475,0.005498154937832372,0.04126708010677556,0.22,-1.0,0.6,0.6,2.3369957735348326,7,2.246722338067334,3872.870829358375,3892.696020421239,-20.34939106286396,0.5242,0.0,0
27.774,-1.2327636873463024,-0.9477109987608667,2.2354383154836204,0.04982572311910875,0.005110475766842949,0.03879680002753959,0.22,-1.0,0.6,0.6,2.3988397339840306,7,2.246722338067334,3872.870829358375,3892.696020421239,-20.34939106286396,0.5242,0.0,0
27.874,-1.1379732749465892,-0.9541058227254519,2.2316789198891875,0.0240749055015838,0.00232834936811097,0.01903747394375308,0.22,-1.0,0.6,0.6,2.3314793614050555,7,2.246722338067334,3872.870829358375,3892.696020421239,-20.34939106286396,0.5242,0.0,0
27.974,-1.1535070727352779,-0.9485904661375638,2.1183405443514647,0.024809472654404394,0.002618467004665328,0.020960655468583184,0.22,-1.0,0.6,0.6,2.3394271704724643,7,2.246722338067334,3872.870829358375,3892.696020421239,-20.34939106286396,0.5242,0.0,0
28.073,-1.1608680222462273,-0.9281772510457815,2.0451779577837836,0.02561468666339362,0.002802102160983282,0.021833818920865215,0.22,-1.0,0.6,0.6,2.331519226252098,7,2.246722338067334,3872.870829358375,3892.696020421239,-20.34939106286396,0.5242,0.0,0
28.173,-1.1656081123906408,-0.900438352056726,1.943914382174897,0.026441514702415313,0.003068959656025732,0.022116745416127747,0.22,-1.0,0.6,0.6,2.317042782268455,7,2.246722338067334,3872.870829358375,3892.696020421239,-20.34939106286396,0.5242,0.0,0
28.276,-1.1643838730571394,-0.8817096565629188,1.8584685974302986,0.026779430443906328,0.003210222948925465,0.024261844308623076,0.22,-1.0,0.6,0.6,2.304021258117189,7,2.246722338067334,3872.870829358375,3892.696020421239,-20.34939106286396,0.5242,0.0,0
28.375,-1.1719385329624223,-0.8701528624286086,1.723366931488394,0.027280692142150235,0.003507710928567901,0.025011507349455026,0.22,-1.0,0.6,0.6,2.302415167493485,7,2.246722338067334,3872.870829358375,3892.696020421239,-20.34939106286396,0.5242,0.0,0
28.48,-1.1754315145762315,-0.8497037949309383,1.5861814128330909,0.02752274370302281,0.0035714132133926207,0.026942770514315418,0.22,-1.0,0.6,0.6,2.292116523213341,7,2.246722338067334,3872.870829358375,3892.696020421239,-20.34939106286396,0.5242,0.0,0
28.594,-1.1719019569351057,-0.8250652560987566,1.513677572276807,0.02757307319620482,0.003941879015524748,0.028816473846661816,0.22,-1.0,0.6,0.6,2.2738618095940377,7,2.246722338067334,3872.870829358375,3892.696020421239,-20.34939106286396,0.5242,0.0,0
28.674,-1.1506736852486341,-0.7816983919215552,1.3897844040196545,0.027747633841759968,0.004099133249164537,0.029448036861907067,0.22,-1.0,0.6,0.6,2.2302351442080375,7,2.246722338067334,3872.870829358375,3892.696020421239,-20.34939106286396,0.5242,0.0,0
28.793,-1.137078232970965,-0.769278700526418,1.270310600992861,0.028087814622383495,0.003969314859482402,0.031123588202097013,0.22,-1.0,0.6,0.6,2.2118691071527823,7,2.246722338067334,3872.870829358375,3892.696020421239,-20.34939106286396,0.5242,0.0,0
28.894,-1.1350741330927903,-0.7586332058414367,1.140991711710374,0.028017185297517205,0.003908338588415238,0.0316307621020364,0.22,-1.0,0.6,0.6,2.203716505211747,7,2.246722338067334,3872.870829358375,3892.696020421239,-20.34939106286396,0.5242,0.0,0
28.974,-1.1267846291673844,-0.7166234878920037,1.191658071525671,0.028124186934608924,0.0038674773766386094,0.03286897292000345,0.22,-1.0,0.6,0.6,2.171470138960618,7,2.246722338067334,3872.870829358375,3892.696020421239,-20.34939106286396,0.5242,0.0,0
29.074,-1.1087221633272895,-0.7120966924716163,1.0457158064616654,0.027821162693085176,0.0035335358464556694,0.03567648488325312,0.22,-1.0,0.6,0.6,2.1543744247091423,7,2.246722338067334,3872.870829358375,3892.696020421239,-20.34939106286396,0.5242,0.0,0
29.18,-1.0922439084615203,-0.6913340308534632,0.9390038409102468,0.027896698519411525,0.003308417129102791,0.03536541162358368,0.22,-1.0,0.6,0.6,2.1286693085036426,7,2.246722338067334,3872.870829358375,3892.696020421239,-20.34939106286396,0.5242,0.0,0
29.221,-1.0651802556753873,-0.7260514690447254,0.8902520952027217,0.027843414713405276,0.0028863418348684163,0.03517342452430741,0.22,-1.0,0.6,0.6,2.1286704259811624,7,2.246722338067334,3872.870829358375,3892.696020421239,-20.34939106286396,0.5242,0.0,0
29.221,-1.0651802556753873,-0.7260514690447254,0.8902520952027217,0.027843414713405276,0.0028863418348684163,0.03517342452430741,0.22,-1.0,0.6,0.6,2.1286704259811624,7,2.246722338067334,3872.870829358375,3892.696020421239,-20.34939106286396,0.5242,0.0,0
29.493,-0.999545463001671,-0.6489228271179058,0.6863125561530085,0.01967404121895335,0.0013051465151615413,0.02795927317537021,0.22,-1.0,0.6,0.6,2.029372788894493,7,2.246722338067334,3872.870829358375,3892.696020421239,-20.34939106286396,0.5242,0.0,0
29.561,-0.9983412717919515,-0.6548157231208955,0.6260014310357188,0.020183797595730205,0.0012684448371836768,0.02818605969030461,0.22,-1.0,0.6,0.6,2.032057410632123,7,2.246722338067334,3872.870829358375,3892.696020421239,-20.34939106286396,0.5242,0.0,0
29.673000000000002,-0.9500027919273903,-0.6257287817017718,0.5224460390981696,0.020693087938466533,0.0008930999048733305,0.03088950490531169,0.22,-1.0,0.6,0.6,1.976086967032275,7,2.246722338067334,3872.870829358375,3892.696020421239,-20.34939106286396,0.5242,0.0,0
29.793,-0.9360958489540513,-0.6434117902032842,0.3828708674336055,0.022097657129843937,0.0007903326817741202,0.031717443105849535,0.22,-1.0,0.6,0.6,1.97627511677661,7,2.246722338067334,3872.870829358375,3892.696020421239,-20.34939106286396,0.5242,0.0,0
29.893,-0.9216216097854658,-0.633809001189837,0.26379991833259103,0.022928166809601906,0.0007542813285080957,0.034110255122449896,0.22,-1.0,0.6,0.6,1.9589836586309688,7,2.246722338067334,3872.870829358375,3892.696020421239,-20.34939106286396,0.5242,0.0,0
29.998,-0.8875094063114296,-0.6141397598077762,0.1719585495953848,0.023865125074274948,0.0005641248476867556,0.0370785261858026,0.22,-1.0,0.6,0.6,1.9201092651750489,7,2.246722338067334,3872.870829358375,3892.696020421239,-20.34939106286396,0.5242,0.0,0
30.08,-0.8776088536739255,-0.6057210575873335,0.1202437214402622,0.02472981135259097,0.0004659568661858373,0.038561014375906824,0.22,-1.0,0.6,0.6,1.907115935952791,7,2.246722338067334,3872.870829358375,3892.696020421239,-20.34939106286396,0.5242,0.0,0
30.196,-0.8693199951598491,-0.6035430495269614,0.006816204793896616,0.02598102404031711,0.00030964584124015083,0.0417324918699644,0.22,-1.0,0.6,0.6,1.8993201731780762,7,2.246722338067334,3872.870829358375,3892.696020421239,-20.34939106286396,0.5242,0.0,0
30.295,-0.8619659184430413,-0.6241677081485543,-0.16107079086494147,0.02505514967435637,0.0003814181116963761,0.03855475428666779,0.22,-1.0,0.6,0.6,1.9068117170719006,7,2.246722338067334,3872.870829358375,3892.696020421239,-20.34939106286396,0.5242,0.0,0
30.381,-0.8492511427006721,-0.6370677913461708,-0.22023852892839732,0.02642776049580381,0.00032024594689286943,0.04096908309768412,0.22,-1.0,0.6,0.6,1.9054305537083467,7,2.246722338067334,3872.870829358375,3892.696020421239,-20.34939106286396,0.5242,0.0,0
30.476,-0.8401965087192738,-0.6380302220735004,-0.36130141037842356,0.027994148368506833,0.0003099558439366691,0.041483383457064024,0.22,-1.0,0.6,0.6,1.899180037409446,7,2.246722338067334,3872.870829358375,3892.696020421239,-20.34939106286396,0.5242,0.0,0
30.575,-0.8539015658473222,-0.6492476714040739,-0.493098618753223,0.028574123158457705,0.0003520236969350703,0.04188006065723963,0.22,-1.0,0.6,0.6,1.9168853663382681,7,2.246722338067334,3872.870829358375,3892.696020421239,-20.34939106286396,0.5242,0.0,0
30.674,-0.8611090796661872,-0.6458597511816543,-0.6553353676380079,0.026528174053483945,0.0004469725029558309,0.037761433231385186,0.22,-1.0,0.6,0.6,1.920157874315908,7,2.246722338067334,3872.870829358375,3892.696020421239,-20.34939106286396,0.5242,0.0,0
30.776,-0.8444597116097732,-0.6793832365476552,-0.6921603188654074,0.028807816621108973,0.0003141330478930123,0.039742479512542776,0.22,-1.0,0.6,0.6,1.9295816449227905,7,2.246722338067334,3872.870829358375,3892.696020421239,-20.34939106286396,0.5242,0.0,0
30.876,-0.8205117076040982,-0.6666400525355846,-0.7798806723888438,0.030819316431837572,0.00026617394318810745,0.041787154991506134,0.22,-1.0,0.6,0.6,1.9032158401315546,7,2.246722338067334,3872.870829358375,3892.696020421239,-20.34939106286396,0.5242,0.0,0
30.973,-0.780581445758473,-0.6954422712606185,-0.9433692157686463,0.03316620065245258,0.0002483984585440391,0.04360058206358416,0.22,-1.0,0.6,0.6,1.8931919624120068,7,2.246722338067334,3872.870829358375,3892.696020421239,-20.34939106286396,0.5242,0.0,0
30.993,-0.7729833237808573,-0.7062169012447574,-0.9293100442710629,0.033559296946452,0.0002587279540517765,0.043011880446897584,0.22,-1.0,0.6,0.6,1.895068811541625,7,2.246722338067334,3872.870829358375,3892.696020421239,-20.34939106286396,0.5242,0.0,0
31.181,-0.7315401884175561,-0.7289789789749719,-1.068025367007516,0.032936147187527895,0.0002821768754583577,0.04075815227447158,0.22,-1.0,0.6,0.6,1.8812720164634407,7,2.246722338067334,3872.870829358375,3892.696020421239,-20.34939106286396,0.5242,0.0,0
31.273,-0.7428590236401329,-0.7389217418918679,-1.199606888686529,0.03494001145169934,0.00038532575041374194,0.03946048049182839,0.22,-1.0,0.6,0.6,1.8963074086978842,7,2.246722338067334,3872.870829358375,3892.696020421239,-20.34939106286396,0.5242,0.0,0
31.377,-0.7533252098274146,-0.7704343648324745,-1.291072441221204,0.03686330961585332,0.000319712922976915,0.03992093912198961,0.22,-1.0,0.6,0.6,1.926026861668394,7,2.246722338067334,3872.870829358375,3892.696020421239,-20.34939106286396,0.5242,0.0,0
31.478,-0.7683657489865913,-0.7802022735527503,-1.4228326393860102,0.039309044573743505,0.0003038511787739374,0.042541444659241236,0.22,-1.0,0.6,0.6,1.9435491089550108,7,2.246722338067334,3872.870829358375,3892.696020421239,-20.34939106286396,0.5242,0.0,0
31.593,-0.7826327568194671,-0.8325388985853805,-1.5430675874430335,0.04318291585672937,0.0002641453249647359,0.04218892148313437,0.22,-1.0,0.6,0.6,1.9909397369559971,7,2.246722338067334,3872.870829358375,3892.696020421239,-20.34939106286396,0.5242,0.0,0
31.673000000000002,-0.8107892564719037,-0.8448584951394107,-1.5954443802024645,0.04481565139717637,0.00024738366221658734,0.042696903767192866,0.22,-1.0,0.6,0.6,2.019391590839446,7,2.231631429454408,3028.238775549469,3048.0639666123334,-20.349391062863944,0.5242,0.0,0
31.774,-0.8065768651277798,-0.8456559469856016,-1.688257263438135,0.047632381836407424,0.00024845264121961557,0.043982177349489913,0.22,-1.0,0.6,0.6,2.017022457625975,7,2.231631429454408,3028.238775549469,3048.0639666123334,-20.349391062863944,0.5242,0.0,0
31.874,-0.7913699585510293,-0.8703877656380071,-1.8312659769504671,0.04986622209730953,0.00025437909285576355,0.044338454788025033,0.22,-1.0,0.6,0.6,2.024339532513314,7,2.231631429454408,3028.238775549469,3048.0639666123334,-20.349391062863944,0.5242,0.0,0
31.995,-0.8132603805699822,-0.884839332539027,-1.960580815802605,0.05137675243638306,0.0002483550133267438,0.04356031368568708,0.22,-1.0,0.6,0.6,2.0498909109373975,7,2.231631429454408,3028.238775549469,3048.0639666123334,-20.349391062863944,0.5242,0.0,0
32.093,-0.8284532940989644,-0.9388782188047478,-2.037888275840487,0.05422736072149553,0.0002844254927351905,0.04412548678659477,0.22,-1.0,0.6,0.6,2.0996725901277693,7,2.231631429454408,3028.238775549469,3048.0639666123334,-20.349391062863944,0.5242,0.0,0
32.184,-0.7422955748063679,-0.9447148422308709,-2.080525652773067,0.05189220604696408,0.00024748112887694636,0.04201090140185013,0.22,-1.0,0.6,0.6,2.046436256997296,7,2.231631429454408,3028.238775549469,3048.0639666123334,-20.349391062863944,0.5242,0.0,0
32.293,-0.7776764442472838,-0.9706751004946343,-2.170757039664925,0.050206140877869246,0.00026170095692018086,0.03836845812749123,0.22,-1.0,0.6,0.6,2.089261270484778,7,2.231631429454408,3028.238775549469,3048.0639666123334,-20.349391062863944,0.5242,0.0,0
32.394,-0.7895498451428089,-0.9898462967808326,-2.3916676189281696,0.05166473113976422,0.0002673779876013192,0.03791074113305765,0.22,-1.0,0.6,0.6,2.11150657577099,7,2.231631429454408,3028.238775549469,3048.0639666123334,-20.349391062863944,0.5242,0.0,0
32.493,-0.7725965605876244,-0.9824515573716704,-2.438619209897261,0.0505823921135461,0.00026858786788508144,0.037411916832690024,0.22,-1.0,0.6,0.6,2.094796947096544,7,2.231631429454408,3028.238775549469,3048.0639666123334,-20.349391062863944,0.5242,0.0,0
32.59,-0.7951512387315983,-1.0177925974184194,-2.490808718046703,0.053187758369276104,0.0002478408984863908,0.03685025487098664,0.22,-1.0,0.6,0.6,2.136281785532084,7,2.231631429454408,3028.238775549469,3048.0639666123334,-20.349391062863944,0.5242,0.0,0
32.59,-0.7951512387315983,-1.0177925974184194,-2.490808718046703,0.053187758369276104,0.0002478408984863908,0.03685025487098664,0.22,-1.0,0.6,0.6,2.136281785532084,7,2.231631429454408,3028.238775549469,3048.0639666123334,-20.349391062863944,0.5242,0.0,0
32.758,-0.8272471753605918,-1.0296032372355741,-2.5797193083114083,0.056687589592738424,0.0002542311647045973,0.038872985351926494,0.22,-1.0,0.6,0.6,2.1662504957606936,7,2.231631429454408,3028.238775549469,3048.0639666123334,-20.349391062863944,0.5242,0.0,0
32.894,-0.8136472434107962,-1.0515799712178582,-2.7539230955547,0.058791434600454356,0.0002795080025310783,0.03955520525247044,0.22,-1.0,0.6,0.6,2.1739629550962736,7,2.231631429454408,3028.238775549469,3048.0639666123334,-20.349391062863944,0.5242,0.0,0
32.977,-0.8301648320450024,-1.0123783358486331,-2.8723047771617405,0.05750425716146991,0.0002540172750357218,0.038877516541529863,0.22,-1.0,0.6,0.6,2.155257605190692,7,2.231631429454408,3028.238775549469,3048.0639666123334,-20.349391062863944,0.5242,0.0,0
33.08,-0.8589870381389586,-1.018662869486443,-2.9758095400844176,0.04997972626515936,0.0004280358442770191,0.033567740815256035,0.22,-1.0,0.6,0.6,2.1791541162826404,7,2.231631429454408,3028.238775549469,3048.0639666123334,-20.349391062863944,0.5242,0.0,0
33.193,-0.8773325439336574,-1.0536030564322085,-3.0179492933297016,0.0501291161963979,0.00041115484451116017,0.03333565435066222,0.22,-1.0,0.6,0.6,2.217411669854615,7,2.231631429454408,3028.238775549469,3048.0639666123334,-20.349391062863944,0.5242,0.0,0
33.294,-0.8895669748648263,-1.0758596895872081,3.124190522096495,0.05192756571146062,0.0005512106592544619,0.03450989979023288,0.22,-1.0,0.6,0.6,2.242167583342352,7,2.231631429454408,3028.238775549469,3048.0639666123334,-20.349391062863944,0.5242,0.0,0
33.382,-0.9091459958484307,-1.0524866062373488,3.0285994276732024,0.05286708711199686,0.0006399209295303985,0.03489956928889141,0.22,-1.0,0.6,0.6,2.2379083137115297,7,2.231631429454408,3028.238775549469,3048.0639666123334,-20.349391062863944,0.5242,0.0,0
33.483,-0.9438514903865907,-1.0600135790715979,2.9623350816052447,0.05413248488464648,0.0009062522984204617,0.036176773629528494,0.22,-1.0,0.6,0.6,2.2669632787213367,7,2.231631429454408,3028.238775549469,3048.0639666123334,-20.349391062863944,0.5242,0.0,0
33.574,-0.9655481183500232,-1.0651051158211242,2.873786782928919,0.05534330693380431,0.0011796566592762463,0.036336385247629416,0.22,-1.0,0.6,0.6,2.285501248654872,7,2.231631429454408,3028.238775549469,3048.0639666123334,-20.349391062863944,0.5242,0.0,0
33.694,-1.0005713918622536,-1.0425073916122436,2.7720823846207012,0.05421813075364262,0.0017896691353125448,0.036442840092636,0.22,-1.0,0.6,0.6,2.2933947135084987,7,2.231631429454408,3028.238775549469,3048.0639666123334,-20.349391062863944,0.5242,0.0,0
33.797,-1.015117320050464,-1.0452770419214354,2.594390202668825,0.054852851697207126,0.0019543083155092815,0.037200018790985535,0.22,-1.0,0.6,0.6,2.3055455975106502,7,2.231631429454408,3028.238775549469,3048.0639666123334,-20.349391062863944,0.5242,0.0,0
33.875,-1.0433879999905715,-0.9864112423427024,2.553493466171926,0.05419379595575236,0.0021888316922693725,0.03812071255544626,0.22,-1.0,0.6,0.6,2.2841682837182393,7,2.231631429454408,3028.238775549469,3048.0639666123334,-20.349391062863944,0.5242,0.0,0
33.974,-1.069753830833941,-0.9949855209535933,2.3912794698703386,0.05301683263098065,0.0029431458104982413,0.037636205789070995,0.22,-1.0,0.6,0.6,2.309124653983891,7,2.231631429454408,3028.238775549469,3048.0639666123334,-20.349391062863944,0.5242,0.0,0
34.074,-1.0960088856994386,-0.9638811480967509,2.321955463058912,0.05270788567069554,0.00346840263109483,0.04016898001515814,0.22,-1.0,0.6,0.6,2.3069829617367925,7,2.231631429454408,3028.238775549469,3048.0639666123334,-20.349391062863944,0.5242,0.0,0
34.174,-1.0784361407934837,-0.9573268822908729,2.204564566781481,0.048612509720846006,0.002573700519388271,0.03705811719604048,0.22,-1.0,0.6,0.6,2.2896320440253133,7,2.231631429454408,3028.238775549469,3048.0639666123334,-20.349391062863944,0.5242,0.0,0
34.279,-1.1270415066101278,-0.9011513403816543,2.072536660312693,0.04326875760521468,0.0037959546888882037,0.0345586624687378,0.22,-1.0,0.6,0.6,2.2882586637624294,7,2.231631429454408,3028.238775549469,3048.0639666123334,-20.349391062863944,0.5242,0.0,0
34.374,-1.0766061867068153,-0.9422876645324563,2.0869474444346006,0.038581274081640846,0.0024936422390852892,0.030730950622679575,0.22,-1.0,0.6,0.6,2.278082427277939,7,2.231631429454408,3028.238775549469,3048.0639666123334,-20.349391062863944,0.5242,0.0,0
34.481,-1.0851524039192517,-0.9148447756923708,1.9610940508470676,0.038768741476248425,0.0027616263628307274,0.032097946748894025,0.22,-1.0,0.6,0.6,2.265942037845916,7,2.231631429454408,3028.238775549469,3048.0639666123334,-20.349391062863944,0.5242,0.0,0
34.576,-1.0901903228416272,-0.9112382140213905,1.871881202336756,0.03906425107946521,0.0029053815225614605,0.03310392971440644,0.22,-1.0,0.6,0.6,2.267285660640504,7,2.231631429454408,3028.238775549469,3048.0639666123334,-20.349391062863944,0.5242,0.0,0
34.674,-1.094358527320547,-0.878046032822985,1.7607385868905585,0.03846139225021842,0.003234673025134546,0.033846331691270624,0.22,-1.0,0.6,0.6,2.2484374339188578,7,2.231631429454408,3028.238775549469,3048.0639666123334,-20.349391062863944,0.5242,0.0,0
34.773,-1.0917710484975747,-0.8489820120839767,1.6402000512875714,0.03843588446845634,0.003311344896296992,0.034974177035492465,0.22,-1.0,0.6,0.6,2.2274734907238543,7,2.231631429454408,3028.238775549469,3048.0639666123334,-20.349391062863944,0.5242,0.0,0
34.874,-1.1081798253959876,-0.847708784239807,1.592782911628017,0.03811755817168358,0.003481190071431651,0.036555336994469244,0.22,-1.0,0.6,0.6,2.239138012685901,7,2.231631429454408,3028.238775549469,3048.0639666123334,-20.349391062863944,0.5242,0.0,0
34.993,-1.0881225627155413,-0.7980632305719843,1.431167793592361,0.03790088895251634,0.00343346269474781,0.03911019149931716,0.22,-1.0,0.6,0.6,2.191880148052502,7,2.231631429454408,3028.238775549469,3048.0639666123334,-20.349391062863944,0.5242,0.0,0
35.076,-1.0929152170136847,-0.7926748707432268,1.4115375204837783,0.03781853918476573,0.0034609227460829315,0.03931521106324869,0.22,-1.0,0.6,0.6,2.1921462605392357,7,2.231631429454408,3028.238775549469,3048.0639666123334,-20.349391062863944,0.5242,0.0,0
35.193,-1.124670504281856,-0.7577386024550675,1.2523171008491631,0.034284703594987954,0.004211090841036889,0.03836358154752319,0.22,-1.0,0.6,0.6,2.194981198310471,7,2.231631429454408,3028.238775549469,3048.0639666123334,-20.349391062863944,0.5242,0.0,0
35.294,-1.1089858185427461,-0.7288869759952648,1.1817726737388146,0.032320916612959764,0.0040563183766917366,0.03906217452562112,0.22,-1.0,0.6,0.6,2.164849445792954,7,2.231631429454408,3028.238775549469,3048.0639666123334,-20.349391062863944,0.5242,0.0,0
35.396,-1.1029806189746876,-0.7494631322771214,1.0477327046586569,0.032527218832236825,0.003415788211063664,0.038362334002476114,0.22,-1.0,0.6,0.6,2.1728308111720502,7,2.231631429454408,3028.238775549469,3048.0639666123334,-20.349391062863944,0.5242,0.0,0
35.423,-1.0833591930293078,-0.7192613711628195,1.0475246847998165,0.032438898239647886,0.0034513567007745786,0.03791042441470717,0.22,-1.0,0.6,0.6,2.1387259614543153,7,2.231631429454408,3028.238775549469,3048.0639666123334,-20.349391062863944,0.5242,0.0,0
35.573,-1.0615434186017636,-0.6839990662309382,0.8450028499848291,0.02940179429335673,0.002655230757340519,0.036694481424686204,0.22,-1.0,0.6,0.6,2.099852407666014,7,2.231631429454408,3028.238775549469,3048.0639666123334,-20.349391062863944,0.5242,0.0,0
35.694,-1.0807388070113544,-0.6586087616839726,0.7049961480076306,0.027937268325616476,0.0029183642499594135,0.040019182711314764,0.22,-1.0,0.6,0.6,2.099756879350944,7,2.231631429454408,3028.238775549469,3048.0639666123334,-20.349391062863944,0.5242,0.0,0
35.795,-1.059806310228608,-0.6419424453672018,0.54366254972602,0.027967887102669262,0.0029391957052458855,0.040200703503533865,0.22,-1.0,0.6,0.6,2.0730118246356843,7,2.231631429454408,3028.238775549469,3048.0639666123334,-20.349391062863944,0.5242,0.0,0
35.893,-1.0409507783618126,-0.6344646862215251,0.5086038339866934,0.02834927930588655,0.0026565622731754258,0.0431446016232094,0.22,-1.0,0.6,0.6,2.0534416277396947,7,2.231631429454408,3028.238775549469,3048.0639666123334,-20.349391062863944,0.5242,0.0,0
35.955,-1.0257755474191108,-0.5976256884412152,0.4087923419725781,0.02873796493760079,0.0024085701569398856,0.04434293955648556,0.22,-1.0,0.6,0.6,2.019270516845181,7,2.231631429454408,3028.238775549469,3048.0639666123334,-20.349391062863944,0.5242,0.0,0
36.094,-1.0270848500785785,-0.5982234565105178,0.3073986978469123,0.028212605491004086,0.002429644265435305,0.04363319269969276,0.22,-1.0,0.6,0.6,2.020679232606512,7,2.231631429454408,3028.238775549469,3048.0639666123334,-20.349391062863944,0.5242,0.0,0
36.194,-0.9768779373944919,-0.6155852782113667,0.21868656359597283,0.02834477102009927,0.001502334507099244,0.04346757129016768,0.22,-1.0,0.6,0.6,1.9910277743029385,7,2.231631429454408,3028.238775549469,3048.0639666123334,-20.349391062863944,0.5242,0.0,0
36.293,-0.9429283819180182,-0.6153556554919893,0.09217685347652287,0.029480188264882506,0.0011580406454997398,0.045506589652112905,0.22,-1.0,0.6,0.6,1.9641072682174252,7,2.231631429454408,3028.238775549469,3048.0639666123334,-20.349391062863944,0.5242,0.0,0
36.394,-0.9307728902135145,-0.6286515542448049,0.014165724757592436,0.031060551034059535,0.0009615179312191882,0.04655971436876433,0.22,-1.0,0.6,0.6,1.9628678720588433,7,2.231631429454408,3028.238775549469,3048.0639666123334,-20.349391062863944,0.5242,0.0,0
36.493,-0.8807662594846954,-0.6109733864249682,-0.05699204899938762,0.03151292441748299,0.0005105055724007807,0.04655382477494375,0.22,-1.0,0.6,0.6,1.9128840157881637,7,2.231631429454408,3028.238775549469,3048.0639666123334,-20.349391062863944,0.5242,0.0,0
36.593,-0.8372456527200152,-0.6303487067545946,-0.12267931069729121,0.03223787420081606,0.00031465883463479953,0.04905691694039475,0.22,-1.0,0.6,0.6,1.8919389542147722,7,2.231631429454408,3028.238775549469,3048.0639666123334,-20.349391062863944,0.5242,0.0,0
36.683,-0.8297020082955424,-0.6561689450531379,-0.23564591466688314,0.03360057514455526,0.00026114647299038256,0.050117265060918355,0.22,-1.0,0.6,0.6,1.903157442525505,7,2.231631429454408,3028.238775549469,3048.0639666123334,-20.349391062863944,0.5242,0.0,0
36.776,-0.7720231551446519,-0.6159321715587378,-0.2679866843187401,0.033265505894306886,0.0002472697244792404,0.0507301733697366,0.22,-1.0,0.6,0.6,1.8332862799041052,7,2.231631429454408,3028.238775549469,3048.0639666123334,-20.349391062863944,0.5242,0.0,0
36.881,-0.7927763631158713,-0.6575440190605324,-0.45636579266569677,0.03368271196871807,0.0002566172200474026,0.04810229434495499,0.22,-1.0,0.6,0.6,1.8764975239869595,7,2.231631429454408,3028.238775549469,3048.0639666123334,-20.349391062863944,0.5242,0.0,0
36.978,-0.7633920606734683,-0.6365825176530011,-0.5866925138129849,0.034980990870539914,0.0002870907851916579,0.050567027855561046,0.22,-1.0,0.6,0.6,1.8406450592312689,7,2.231631429454408,3028.238775549469,3048.0639666123334,-20.349391062863944,0.5242,0.0,0
37.077,-0.7327832776627756,-0.6785858145134643,-0.562293495464132,0.03690121786074797,0.00046801351201567886,0.04942299659006498,0.22,-1.0,0.6,0.6,1.8469144404364242,7,2.231631429454408,3028.238775549469,3048.0639666123334,-20.349391062863944,0.5242,0.0,0
37.174,-0.733335858650037,-0.6829391364216468,-0.7661621569037597,0.039344165993318074,0.0006089071809020941,0.049765643320389165,0.22,-1.0,0.6,0.6,1.8503289814852795,7,2.231631429454408,3028.238775549469,3048.0639666123334,-20.349391062863944,0.5242,0.0,0
37.275,-0.7119229154335988,-0.6875892049282798,-0.8640837168936618,0.040833726502343064,0.0005989615214838191,0.05331022679290457,0.22,-1.0,0.6,0.6,1.8382131804248476,7,2.231631429454408,3028.238775549469,3048.0639666123334,-20.349391062863944,0.5242,0.0,0
37.378,-0.6985693460083271,-0.7042008027364355,-0.9271367448415749,0.04390820807920518,0.0007670673924991153,0.054198778362641184,0.22,-1.0,0.6,0.6,1.840440729893483,7,2.231631429454408,3028.238775549469,3048.0639666123334,-20.349391062863944,0.5242,0.0,0
37.473,-0.6928735056379882,-0.7148268700605271,-1.0502514708472677,0.0465931257899426,0.0008298573049773045,0.056420694340438476,0.22,-1.0,0.6,0.6,1.8439879608646645,7,2.231631429454408,3028.238775549469,3048.0639666123334,-20.349391062863944,0.5242,0.0,0
37.573,-0.617180950116373,-0.7250361166910316,-1.042751467141907,0.0316752520568619,0.0015801063784873475,0.0382412378078178,0.22,-1.0,0.6,0.6,1.799235997822922,7,2.231631429454408,3028.238775549469,3048.0639666123334,-20.349391062863944,0.5242,0.0,0
37.673,-0.5742075235335862,-0.7437330326010845,-1.179703596026071,0.034362858874304264,0.0015959428228759438,0.0400226587835274,0.22,-1.0,0.6,0.6,1.7844836147261718,7,2.231631429454408,3028.238775549469,3048.0639666123334,-20.349391062863944,0.5242,0.0,0
37.773,-0.6266250492078583,-0.7581484025771141,-1.3229059723820158,0.03276939410804612,0.0013164752495751343,0.03668125615883368,0.22,-1.0,0.6,0.6,1.8300754341739436,7,2.231631429454408,3028.238775549469,3048.0639666123334,-20.349391062863944,0.5242,0.0,0
37.873,-0.6216143822908706,-0.7610559226127972,-1.4498597746051376,0.035665219878209635,0.0014161532470519872,0.038960393268571626,0.22,-1.0,0.6,0.6,1.8288835182972365,7,2.231631429454408,3028.238775549469,3048.0639666123334,-20.349391062863944,0.5242,0.0,0
37.973,-0.6135567026907941,-0.8172770802556176,-1.5256371613493627,0.038239120374996424,0.0016081117785365243,0.039073109106666934,0.22,-1.0,0.6,0.6,1.8658494561093724,7,2.231631429454408,3028.238775549469,3048.0639666123334,-20.349391062863944,0.5242,0.0,0
38.073,-0.6144704004589565,-0.846231604369806,-1.5916555581477911,0.04155440594545082,0.0015767259357061896,0.03944646447829571,0.22,-1.0,0.6,0.6,1.8885243464326853,7,2.231631429454408,3028.238775549469,3048.0639666123334,-20.349391062863944,0.5242,0.0,0
38.173,-0.6497673939714832,-0.87989006068491,-1.7054088589860006,0.04378923843985099,0.0012051871678477937,0.03923033873119159,0.22,-1.0,0.6,0.6,1.9370062288873156,7,2.231631429454408,3028.238775549469,3048.0639666123334,-20.349391062863944,0.5242,0.0,0
38.273,-0.653007822303583,-0.8702796749196976,-1.859335477638014,0.04719400502544257,0.0011309046720458997,0.040088879131346344,0.22,-1.0,0.6,0.6,1.9317740357598605,7,2.231631429454408,3028.238775549469,3048.0639666123334,-20.349391062863944,0.5242,0.0,0
38.374,-0.6828910410835398,-0.9158905790199872,-1.946047004630899,0.04300927568312498,0.0007736233508222861,0.03569169371585892,0.22,-1.0,0.6,0.6,1.9858835995228827,7,2.231631429454408,3028.238775549469,3048.0639666123334,-20.349391062863944,0.5242,0.0,0
38.477,-0.6757199852051046,-0.9302345625376647,-1.973694956515811,0.04484281203597346,0.0008693780445789952,0.035642585435412016,0.22,-1.0,0.6,0.6,1.9922548273342318,7,2.231631429454408,3028.238775549469,3048.0639666123334,-20.349391062863944,0.5242,0.0,0
38.594,-0.6873336264605066,-0.9500244103452109,-2.1664388733636404,0.04845956616947082,0.0006826038818828151,0.037258462193689924,0.22,-1.0,0.6,0.6,2.0148954162640744,7,2.231631429454408,3028.238775549469,3048.0639666123334,-20.349391062863944,0.5242,0.0,0
38.694,-0.6880273349209662,-0.984747352997674,-2.2399661397279935,0.05116884362738872,0.0006390480273136729,0.03866953243430628,0.22,-1.0,0.6,0.6,2.0421651716589286,7,2.231631429454408,3028.238775549469,3048.0639666123334,-20.349391062863944,0.5242,0.0,0
38.793,-0.7190502817469162,-0.9974184093574748,-2.3374901316102417,0.05397450576489603,0.0005164226103664511,0.038625637802988125,0.22,-1.0,0.6,0.6,2.071627191444152,7,2.231631429454408,3028.238775549469,3048.0639666123334,-20.349391062863944,0.5242,0.0,0
38.894,-0.754466441008461,-1.0194731805844301,-2.4580247330093807,0.055114647326503986,0.0003720725630683729,0.03919692200664801,0.22,-1.0,0.6,0.6,2.111225407778709,7,2.404788550144136,2349.4955201478188,2369.320711210683,-20.34939106286396,0.5242,0.0,0
38.993,-0.7634248123711559,-1.0213063154171482,-2.575099828865136,0.05785089871350387,0.0002923692486268853,0.03928523707712279,0.22,-1.0,0.6,0.6,2.1183865056690787,7,2.404788550144136,2349.4955201478188,2369.320711210683,-20.34939106286396,0.5242,0.0,0
39.093,-0.7892152387643102,-1.0245894132758513,-2.6542530522004086,0.060158473983621424,0.0002489554929906596,0.04082891051516157,0.22,-1.0,0.6,0.6,2.137570990948126,7,2.404788550144136,2349.4955201478188,2369.320711210683,-20.34939106286396,0.5242,0.0,0
39.195,-0.8149294551949288,-1.0400737092853194,-2.7838208715121864,0.06259546247242488,0.00025674527762757936,0.041999936772487964,0.22,-1.0,0.6,0.6,2.1660718213085928,7,2.404788550144136,2349.4955201478188,2369.320711210683,-20.34939106286396,0.5242,0.0,0
39.294,-0.8615607741543025,-1.0768044568051947,-2.891574911844671,0.06485981245951529,0.00029446555295163467,0.04290963064442973,0.22,-1.0,0.6,0.6,2.224372514420255,7,2.404788550144136,2349.4955201478188,2369.320711210683,-20.34939106286396,0.5242,0.0,0
39.387,-0.8864995171399155,-1.061142846944412,-2.8931819851902376,0.06403903739160306,0.0004745761594736502,0.04134928378323918,0.22,-1.0,0.6,0.6,2.2291425195379024,7,2.404788550144136,2349.4955201478188,2369.320711210683,-20.34939106286396,0.5242,0.0,0
39.495,-0.7936510859414397,-1.0779304802118623,-2.9906618079681238,0.05609295283501924,0.0002545758903034911,0.03678466173413338,0.22,-1.0,0.6,0.6,2.18121847731257,7,2.404788550144136,2349.4955201478188,2369.320711210683,-20.34939106286396,0.5242,0.0,0
39.578,-0.8267568833430298,-1.0317792115403233,-3.094389226336135,0.05468882712133048,0.00024926318785139015,0.03591379973402862,0.22,-1.0,0.6,0.6,2.167565131520129,7,2.404788550144136,2349.4955201478188,2369.320711210683,-20.34939106286396,0.5242,0.0,0
39.677,-0.8885175530931478,-1.0421208142302756,3.072384035400092,0.04970462895036967,0.0004939383640325831,0.03294937141701546,0.22,-1.0,0.6,0.6,2.2163585617843324,7,2.404788550144136,2349.4955201478188,2369.320711210683,-20.34939106286396,0.5242,0.0,0
39.779,-0.9033041711801001,-1.0589618215107799,3.017831234434739,0.05114666987796097,0.0006170147655536696,0.034078962164401816,0.22,-1.0,0.6,0.6,2.2387670169800726,7,2.404788550144136,2349.4955201478188,2369.320711210683,-20.34939106286396,0.5242,0.0,0
39.896,-0.932846649394848,-1.0543775326811424,2.84914702901324,0.05257107787711833,0.0008487542209500932,0.03483421374158228,0.22,-1.0,0.6,0.6,2.2553456212299605,7,2.404788550144136,2349.4955201478188,2369.320711210683,-20.34939106286396,0.5242,0.0,0
39.975,-0.9463214318748858,-1.0264484429905958,2.6983118928074536,0.05307032434871492,0.00105896911019183,0.03596272575238319,0.22,-1.0,0.6,0.6,2.2442024214366514,7,2.404788550144136,2349.4955201478188,2369.320711210683,-20.34939106286396,0.5242,0.0,0
40.094,-0.9712422689490804,-1.0209915148493967,2.5723007859011533,0.05253756007827286,0.0013692208628438242,0.037144123488282534,0.22,-1.0,0.6,0.6,2.257524254342796,7,2.404788550144136,2349.4955201478188,2369.320711210683,-20.34939106286396,0.5242,0.0,0
40.173,-0.9716725917584438,-1.0223730792011734,2.5171231019420293,0.05276717502527587,0.001374027461944072,0.03633692849655266,0.22,-1.0,0.6,0.6,2.2588158720447757,7,2.404788550144136,2349.4955201478188,2369.320711210683,-20.34939106286396,0.5242,0.0,0
40.274,-1.0053025803460938,-1.0055530907798698,2.4476756034529195,0.053002673617047004,0.0015811345317295656,0.037694340558727765,0.22,-1.0,0.6,0.6,2.2704178253745764,7,2.404788550144136,2349.4955201478188,2369.320711210683,-20.34939106286396,0.5242,0.0,0
40.393,-1.0805719639839382,-0.9792131733567686,2.3513328230148516,0.03737286624318381,0.0023675693283236347,0.027884566351202178,0.22,-1.0,0.6,0.6,2.3061301726122023,7,2.404788550144136,2349.4955201478188,2369.320711210683,-20.34939106286396,0.5242,0.0,0
40.474,-1.0733240919344988,-0.9697848256437599,2.2434215148721903,0.037638393320071864,0.0022745362453481265,0.028701365613047092,0.22,-1.0,0.6,0.6,2.294392711692971,7,2.404788550144136,2349.4955201478188,2369.320711210683,-20.34939106286396,0.5242,0.0,0
40.579,-1.0810115117991164,-0.9479382799894995,2.089275964498754,0.03749905168088328,0.00276614563566658,0.02902110753715207,0.22,-1.0,0.6,0.6,2.285150459260396,7,2.404788550144136,2349.4955201478188,2369.320711210683,-20.34939106286396,0.5242,0.0,0
40.697,-1.0842440128346285,-0.9241800825196697,2.040442933173491,0.036873531673319145,0.002743382287092453,0.030227194056101782,0.22,-1.0,0.6,0.6,2.271519935796065,7,2.404788550144136,2349.4955201478188,2369.320711210683,-20.34939106286396,0.5242,0.0,0
40.777,-1.0962271231805762,-0.9250084556146889,1.9418661765750556,0.03671049776534913,0.0027863812264228576,0.03045507904952419,0.22,-1.0,0.6,0.6,2.280972872067915,7,2.404788550144136,2349.4955201478188,2369.320711210683,-20.34939106286396,0.5242,0.0,0
40.887,-1.1277673325676343,-0.8839406091047475,1.8758499427221536,0.03622531888594425,0.0031234234677420254,0.032355300863594616,0.22,-1.0,0.6,0.6,2.2775556385823044,7,2.404788550144136,2349.4955201478188,2369.320711210683,-20.34939106286396,0.5242,0.0,0
40.978,-1.1033535349783998,-0.8489551793985362,1.6488156693057499,0.03516761241855388,0.0033857073746069726,0.03328762248589761,0.22,-1.0,0.6,0.6,2.23626572147168,7,2.404788550144136,2349.4955201478188,2369.320711210683,-20.34939106286396,0.5242,0.0,0
41.08,-1.1059565903026662,-0.8656335708777049,1.58776373903458,0.03495636865385062,0.0033012008318865035,0.03297326986117223,0.22,-1.0,0.6,0.6,2.249081957617559,7,2.404788550144136,2349.4955201478188,2369.320711210683,-20.34939106286396,0.5242,0.0,0
41.185,-1.113665959891148,-0.8332005534395106,1.5536464336687004,0.035217746444408816,0.003244247574946912,0.03336494679926113,0.22,-1.0,0.6,0.6,2.233990789701016,7,2.404788550144136,2349.4955201478188,2369.320711210683,-20.34939106286396,0.5242,0.0,0
41.276,-1.1194983154762421,-0.8123745727179862,1.4686609498619876,0.03488902402549394,0.0034626135469599056,0.035600302729401935,0.22,-1.0,0.6,0.6,2.225191315502096,7,2.404788550144136,2349.4955201478188,2369.320711210683,-20.34939106286396,0.5242,0.0,0
41.376,-1.123601326178479,-0.7844659069624144,1.3667890591674499,0.03415730742870718,0.003922212554398739,0.03628863972322579,0.22,-1.0,0.6,0.6,2.2107798124520386,7,2.404788550144136,2349.4955201478188,2369.320711210683,-20.34939106286396,0.5242,0.0,0
41.474,-1.1287419140754227,-0.7588484275697297,1.2210191767666738,0.03343111279165311,0.004049026683303349,0.03864836735394232,0.22,-1.0,0.6,0.6,2.1988673572068604,7,2.404788550144136,2349.4955201478188,2369.320711210683,-20.34939106286396,0.5242,0.0,0
41.573,-1.1216294222159946,-0.7389514208232267,1.101120806840456,0.033481717214723046,0.0041606426937644695,0.038723667580544595,0.22,-1.0,0.6,0.6,2.181008659947117,7,2.404788550144136,2349.4955201478188,2369.320711210683,-20.34939106286396,0.5242,0.0,0
41.676,-1.1018163083867925,-0.7218077370540983,1.0401896158363455,0.03330068574198584,0.003913837119518009,0.040864455884938256,0.22,-1.0,0.6,0.6,2.1548444123015766,7,2.404788550144136,2349.4955201478188,2369.320711210683,-20.34939106286396,0.5242,0.0,0
41.793,-1.0552395403935169,-0.7064846142343028,0.9250704994762966,0.03316655194339802,0.0033150168182890516,0.04388439073877619,0.22,-1.0,0.6,0.6,2.1087247291462905,7,2.404788550144136,2349.4955201478188,2369.320711210683,-20.34939106286396,0.5242,0.0,0
41.873,-1.0503436250225753,-0.6842488516230488,0.8343928725894241,0.033232644729229946,0.0028281276645044,0.043202399104248744,0.22,-1.0,0.6,0.6,2.091154990321802,7,2.404788550144136,2349.4955201478188,2369.320711210683,-20.34939106286396,0.5242,0.0,0
41.964,-1.0341856622336223,-0.6772354889499898,0.7310869653759214,0.03317448071078979,0.0027005733981078097,0.04430266196362743,0.22,-1.0,0.6,0.6,2.07410059372328,7,2.404788550144136,2349.4955201478188,2369.320711210683,-20.34939106286396,0.5242,0.0,0
42.08,-1.0125738817128977,-0.6700725307390525,0.6793258841039307,0.03342441736123087,0.0021419950900195984,0.044598065685669354,0.22,-1.0,0.6,0.6,2.052675999109578,7,2.404788550144136,2349.4955201478188,2369.320711210683,-20.34939106286396,0.5242,0.0,0
42.176,-0.9740806456947043,-0.6559121732099114,0.5455643161929855,0.033318310679946575,0.0017743423017190397,0.04909927231285901,0.22,-1.0,0.6,0.6,2.013714296013091,7,2.404788550144136,2349.4955201478188,2369.320711210683,-20.34939106286396,0.5242,0.0,0
42.294,-0.9565147125171531,-0.6288532578983417,0.4687154850550046,0.03385586451781374,0.001242479433638593,0.04954899076640504,0.22,-1.0,0.6,0.6,1.9831334750161735,7,2.404788550144136,2349.4955201478188,2369.320711210683,-20.34939106286396,0.5242,0.0,0
42.376,-0.9499215411719957,-0.6343070815256554,0.3603080761891995,0.033699288634795224,0.0012753635846060782,0.050709953924503004,0.22,-1.0,0.6,0.6,1.9813557871551881,7,2.404788550144136,2349.4955201478188,2369.320711210683,-20.34939106286396,0.5242,0.0,0
42.493,-0.9162554001351284,-0.6330750838044035,0.2239714032257197,0.03430920625173901,0.0008443920511876458,0.05215536532705682,0.22,-1.0,0.6,0.6,1.9543552903037293,7,2.404788550144136,2349.4955201478188,2369.320711210683,-20.34939106286396,0.5242,0.0,0
42.573,-0.9031721963679148,-0.6021685911725271,0.17380866156527977,0.0351851857252237,0.0007461339245571127,0.052428029502753166,0.22,-1.0,0.6,0.6,1.9247690701835583,7,2.404788550144136,2349.4955201478188,2369.320711210683,-20.34939106286396,0.5242,0.0,0
42.694,-0.8264007814557978,-0.6287664565712648,0.058956155749489036,0.028558899610626954,0.0003516030406819688,0.04298611892299651,0.22,-1.0,0.6,0.6,1.8826805873892716,7,2.404788550144136,2349.4955201478188,2369.320711210683,-20.34939106286396,0.5242,0.0,0
42.789,-0.7968478626349773,-0.619043577720382,-0.02536029946121208,0.028811579718675158,0.0002513952089301461,0.04472037596099395,0.22,-1.0,0.6,0.6,1.8539825230376938,7,2.404788550144136,2349.4955201478188,2369.320711210683,-20.34939106286396,0.5242,0.0,0
42.894,-0.7599541666896912,-0.6311294193537818,-0.11142001125300484,0.030306695919905625,0.0002715447986062918,0.04683935955118584,0.22,-1.0,0.6,0.6,1.8344358758743875,7,2.404788550144136,2349.4955201478188,2369.320711210683,-20.34939106286396,0.5242,0.0,0
42.995,-0.7531985067410577,-0.6350982859743872,-0.15753731135953086,0.03163155243083534,0.0003612971741383061,0.04613868347155141,0.22,-1.0,0.6,0.6,1.8321064310413566,7,2.404788550144136,2349.4955201478188,2369.320711210683,-20.34939106286396,0.5242,0.0,0
43.08,-0.7346381562659908,-0.625731676162858,-0.27805059939386567,0.028974229315826133,0.0007102586974169466,0.04325231301063524,0.22,-1.0,0.6,0.6,1.8120919265065147,7,2.404788550144136,2349.4955201478188,2369.320711210683,-20.34939106286396,0.5242,0.0,0
43.181,-0.7573364197447242,-0.6278799336570634,-0.3529819958950736,0.025678821593765642,0.00033239875553150235,0.03676881446059294,0.22,-1.0,0.6,0.6,1.8303145324897305,7,2.404788550144136,2349.4955201478188,2369.320711210683,-20.34939106286396,0.5242,0.0,0
43.275,-0.7266589196582062,-0.6451338774257052,-0.4499225375673307,0.026541935655782275,0.0004519762366785989,0.037759622966138086,0.22,-1.0,0.6,0.6,1.8194455918828267,7,2.404788550144136,2349.4955201478188,2369.320711210683,-20.34939106286396,0.5242,0.0,0
43.394,-0.6937128865863723,-0.6390279023803709,-0.629074846133743,0.028660373857184198,0.0006605821643596882,0.04157041785355962,0.22,-1.0,0.6,0.6,1.7913355843606595,7,2.404788550144136,2349.4955201478188,2369.320711210683,-20.34939106286396,0.5242,0.0,0
43.475,-0.6774911919813735,-0.6742618263979198,-0.7059426276477874,0.03074885943386737,0.0008603541332367806,0.04188980168645703,0.22,-1.0,0.6,0.6,1.8043633081519233,7,2.404788550144136,2349.4955201478188,2369.320711210683,-20.34939106286396,0.5242,0.0,0
43.581,-0.6715557855313554,-0.6923406079067623,-0.7457064685742576,0.03330089931655387,0.0011204678685911844,0.0441946522097548,0.22,-1.0,0.6,0.6,1.8130080977654464,7,2.404788550144136,2349.4955201478188,2369.320711210683,-20.34939106286396,0.5242,0.0,0
43.676,-0.6843874416801123,-0.7227130952659472,-0.9464793414613014,0.03502596593497008,0.0010301908565872437,0.04397294202015406,0.22,-1.0,0.6,0.6,1.8436976522015767,7,2.404788550144136,2349.4955201478188,2369.320711210683,-20.34939106286396,0.5242,0.0,0
43.754,-0.5978373131161804,-0.7140712679419334,-0.9040571099831389,0.0286858704578155,0.0016355877581037909,0.036400478036922486,0.22,-1.0,0.6,0.6,1.7780881659591323,7,2.404788550144136,2349.4955201478188,2369.320711210683,-20.34939106286396,0.5242,0.0,0
43.878,-0.5908223228231716,-0.715169285462879,-1.0606008992439764,0.0319357220733236,0.0018235637825034744,0.03848611038975988,0.22,-1.0,0.6,0.6,1.774183771191393,7,2.404788550144136,2349.4955201478188,2369.320711210683,-20.34939106286396,0.5242,0.0,0
43.974,-0.5799945512116194,-0.7408875956932324,-1.13904648560919,0.03447928554770997,0.002251959832288594,0.04014423716832515,0.22,-1.0,0.6,0.6,1.786159759140567,7,2.404788550144136,2349.4955201478188,2369.320711210683,-20.34939106286396,0.5242,0.0,0
44.076,-0.5767197138262976,-0.747376377398864,-1.2462146463263803,0.03722878026575342,0.002531900014349836,0.04113987735660115,0.22,-1.0,0.6,0.6,1.7888802048432224,7,2.404788550144136,2349.4955201478188,2369.320711210683,-20.34939106286396,0.5242,0.0,0
44.175,-0.5828358152951375,-0.7820231132622367,-1.372179738245594,0.03965703226064602,0.00227922915710208,0.04133378388403241,0.22,-1.0,0.6,0.6,1.8190900064416708,7,2.404788550144136,2349.4955201478188,2369.320711210683,-20.34939106286396,0.5242,0.0,0
44.274,-0.5641811191370562,-0.8168561207611573,-1.505770504453572,0.042564516752549145,0.0022215646236994563,0.042889673326143345,0.22,-1.0,0.6,0.6,1.8337935939176915,7,2.404788550144136,2349.4955201478188,2369.320711210683,-20.34939106286396,0.5242,0.0,0
44.375,-0.5807971344489984,-0.8268001114686002,-1.6061051024252933,0.044616276533887514,0.0021226252794271736,0.04262942154961671,0.22,-1.0,0.6,0.6,1.852036833005698,7,2.404788550144136,2349.4955201478188,2369.320711210683,-20.34939106286396,0.5242,0.0,0
44.473,-0.591792745298534,-0.8691263404204672,-1.62220548329103,0.04802463624097795,0.0020876192523797722,0.0427432678702153,0.22,-1.0,0.6,0.6,1.8917457947259855,7,2.404788550144136,2349.4955201478188,2369.320711210683,-20.34939106286396,0.5242,0.0,0
44.573,-0.5669532337608021,-0.8971323569212337,-1.811308480105252,0.05109461925885183,0.0022421183733798583,0.043230329471840793,0.22,-1.0,0.6,0.6,1.8982057696480963,7,2.404788550144136,2349.4955201478188,2369.320711210683,-20.34939106286396,0.5242,0.0,0
44.673,-0.5875567697936233,-0.9199118930483937,-1.9344624080227548,0.05377444086439478,0.0021773961380228152,0.04458620029914008,0.22,-1.0,0.6,0.6,1.9288398700028513,7,2.404788550144136,2349.4955201478188,2369.320711210683,-20.34939106286396,0.5242,0.0,0
44.775,-0.5981712433344639,-0.9284021271942527,-2.087177063866149,0.05679839404007804,0.0020155934747968667,0.046474118271561574,0.22,-1.0,0.6,0.6,1.9420678131222844,7,2.404788550144136,2349.4955201478188,2369.320711210683,-20.34939106286396,0.5242,0.0,0
44.873,-0.6013749561819791,-0.9409111755363412,-2.111147264899601,0.06027211307124251,0.0018701777754444708,0.046688155050459326,0.22,-1.0,0.6,0.6,1.9538958611538233,7,2.404788550144136,2349.4955201478188,2369.320711210683,-20.34939106286396,0.5242,0.0,0
44.98,-0.6243113139778355,-0.9388058665405857,-2.2086579344746538,0.06195526415833294,0.001749469212712406,0.04684148912920073,0.22,-1.0,0.6,0.6,1.9664337488036197,7,2.404788550144136,2349.4955201478188,2369.320711210683,-20.34939106286396,0.5242,0.0,0
45.093,-0.6764646309524623,-0.9586625547332723,-2.329112550639665,0.062280785072404164,0.0011594945368013346,0.04480112173062994,0.22,-1.0,0.6,0.6,2.0146441158676778,7,2.404788550144136,2349.4955201478188,2369.320711210683,-20.34939106286396,0.5242,0.0,0
45.193,-0.7070042937557879,-1.0169178875567932,-2.431623674664305,0.06284877619585787,0.000636285740220998,0.04505898808632145,0.22,-1.0,0.6,0.6,2.0791064616794372,7,2.404788550144136,2349.4955201478188,2369.320711210683,-20.34939106286396,0.5242,0.0,0
45.278,-0.6982159764344026,-1.048395249222126,-2.500735587304132,0.06498850901248707,0.0005459667557697876,0.04566785302596752,0.22,-1.0,0.6,0.6,2.0982305924582274,7,2.404788550144136,2349.4955201478188,2369.320711210683,-20.34939106286396,0.5242,0.0,0
45.38,-0.7859246465206923,-1.0442143003269573,-2.6861918786603476,0.03601862032545516,0.0002472563348436046,0.024648088701462283,0.22,-1.0,0.6,0.6,2.1504017743745405,7,2.404788550144136,2349.4955201478188,2369.320711210683,-20.34939106286396,0.5242,0.0,0
45.494,-0.8158584286443438,-1.0675394581552058,-2.7545687449731986,0.038308966832927324,0.00025137257504000984,0.02526415555882772,0.22,-1.0,0.6,0.6,2.1875426703193215,7,2.404788550144136,2349.4955201478188,2369.320711210683,-20.34939106286396,0.5242,0.0,0
45.593,-0.826640887924562,-1.04799975433574,-2.953521492496969,0.040144646910207735,0.00028332231498100544,0.026932686040789192,0.22,-1.0,0.6,0.6,2.1797264537984673,7,2.404788550144136,2349.4955201478188,2369.320711210683,-20.34939106286396,0.5242,0.0,0
45.682,-0.8407922982190105,-1.0617847943274705,-2.9993403480777747,0.041561181038393416,0.00030833364459280404,0.027987030970710442,0.22,-1.0,0.6,0.6,2.199411546133468,7,2.404788550144136,2349.4955201478188,2369.320711210683,-20.34939106286396,0.5242,0.0,0
45.754,-0.8614328567468942,-1.0661952910809525,-3.0690310156338114,0.0430337665001465,0.0003489971646863095,0.028119757428366046,0.22,-1.0,0.6,0.6,2.216301591119703,7,2.404788550144136,2349.4955201478188,2369.320711210683,-20.34939106286396,0.5242,0.0,0
45.875,-0.8991122616496183,-1.059414987145805,-3.12960198462162,0.0449859123005514,0.0004864770148854477,0.030084517481083588,0.22,-1.0,0.6,0.6,2.2362906055770897,7,2.404788550144136,2349.4955201478188,2369.320711210683,-20.34939106286396,0.5242,0.0,0
45.994,-0.9198908263904874,-1.031788228008417,3.0338801353486957,0.04662202675907304,0.0006994766740351744,0.03164019791512684,0.22,-1.0,0.6,0.6,2.22997779029586,7,2.404788550144136,2349.4955201478188,2369.320711210683,-20.34939106286396,0.5242,0.0,0
46.095,-0.9536611996487022,-1.078574655153386,2.8724768766859143,0.04806110393640273,0.0008922896042997966,0.03208212440607505,0.22,-1.0,0.6,0.6,2.2872420064822947,7,2.191348959811758,1906.8596737386845,1926.703566586462,-20.34939106286396,0.5054982150864635,0.0,0
46.195,-0.9676222246089,-1.024302080303603,2.7846025448464515,0.04866614277601722,0.0010520944027052862,0.03256351075789833,0.22,-1.0,0.6,0.6,2.2573871371934344,7,2.191348959811758,1906.8596737386845,1926.703566586462,-20.34939106286396,0.5054982150864635,0.0,0
46.294,-0.989826877128644,-1.0192435077039723,2.7173813547380754,0.047795578843131035,0.0012074811170359144,0.03250889592365646,0.22,-1.0,0.6,0.6,2.2692507654470626,7,2.191348959811758,1906.8596737386845,1926.703566586462,-20.34939106286396,0.5054982150864635,0.0,0
46.394,-0.999340896183201,-1.0083473934533378,2.6470413797074346,0.046117723255962376,0.0012440654107497664,0.03247748842351561,0.22,-1.0,0.6,0.6,2.268187082282286,7,2.191348959811758,1906.8596737386845,1926.703566586462,-20.34939106286396,0.5054982150864635,0.0,0
46.494,-1.029796938294716,-1.0315736196911482,2.506811502831317,0.045157868226713894,0.0019331883915983234,0.03230114564654527,0.22,-1.0,0.6,0.6,2.306137579709178,7,2.191348959811758,1906.8596737386845,1926.703566586462,-20.34939106286396,0.5054982150864635,0.0,0
46.58,-1.0455277390564268,-0.9912086082759638,2.3365746472302873,0.045433166991938834,0.002090021730187871,0.03257238718874803,0.22,-1.0,0.6,0.6,2.2890404922271874,7,2.191348959811758,1906.8596737386845,1926.703566586462,-20.34939106286396,0.5054982150864635,0.0,0
46.695,-1.0347343474899633,-0.9991153053104553,2.336124274549308,0.04085105116560607,0.001668727363050377,0.029816467497224677,0.22,-1.0,0.6,0.6,2.286815722033935,7,2.191348959811758,1906.8596737386845,1926.703566586462,-20.34939106286396,0.5054982150864635,0.0,0
46.795,-1.0406719183997362,-0.9751151629520001,2.1967423128505694,0.04120678779675483,0.0019924950004291155,0.03082711883702082,0.22,-1.0,0.6,0.6,2.274377303876113,7,2.191348959811758,1906.8596737386845,1926.703566586462,-20.34939106286396,0.5054982150864635,0.0,0
46.875,-1.0500381679544724,-0.9682150726252063,2.0790456583101617,0.04150042341366454,0.0021322986363870883,0.03141537146503728,0.22,-1.0,0.6,0.6,2.2763840778118776,7,2.191348959811758,1906.8596737386845,1926.703566586462,-20.34939106286396,0.5054982150864635,0.0,0
46.993,-1.0702563733675403,-0.9315920473561045,2.0089865359955312,0.0412591038039369,0.002560937182853755,0.03281908751151506,0.22,-1.0,0.6,0.6,2.2661709009470914,7,2.191348959811758,1906.8596737386845,1926.703566586462,-20.34939106286396,0.5054982150864635,0.0,0
47.077,-1.0568427195007066,-0.906860844463859,1.9243943990497285,0.040321818763771014,0.0023157446577306805,0.034068944823597735,0.22,-1.0,0.6,0.6,2.2395886679791963,7,2.191348959811758,1906.8596737386845,1926.703566586462,-20.34939106286396,0.5054982150864635,0.0,0
47.174,-1.053857104130174,-0.9059384322810281,1.8891075725003565,0.03988629293013007,0.0024419928681699847,0.034684259123090234,0.22,-1.0,0.6,0.6,2.2367596837172488,7,2.191348959811758,1906.8596737386845,1926.703566586462,-20.34939106286396,0.5054982150864635,0.0,0
47.283,-1.0598671933192527,-0.8802520446514165,1.744608661066137,0.039697501669172415,0.0025057167367445,0.035985586585149686,0.22,-1.0,0.6,0.6,2.224029049979391,7,2.191348959811758,1906.8596737386845,1926.703566586462,-20.34939106286396,0.5054982150864635,0.0,0
47.374,-1.0606911096171947,-0.8549410028827397,1.6687367181714166,0.03979858043567516,0.0027540341114057733,0.036553928757940106,0.22,-1.0,0.6,0.6,2.2078832132680892,7,2.191348959811758,1906.8596737386845,1926.703566586462,-20.34939106286396,0.5054982150864635,0.0,0
47.473,-1.07451977842033,-0.8295676174891723,1.5995378656002335,0.039578495351965864,0.0028908075703407486,0.038437609617680155,0.22,-1.0,0.6,0.6,2.2017447766020792,7,2.191348959811758,1906.8596737386845,1926.703566586462,-20.34939106286396,0.5054982150864635,0.0,0
47.576,-1.0405525847065515,-0.8165040756723756,1.4925309686861008,0.037226747566966575,0.0022531438724599103,0.03708798260990183,0.22,-1.0,0.6,0.6,2.1674631668343984,7,2.191348959811758,1906.8596737386845,1926.703566586462,-20.34939106286396,0.5054982150864635,0.0,0
47.674,-1.0410452414487812,-0.8043039854226265,1.4039432830034249,0.03693816281951476,0.002430375208301058,0.038983439526647665,0.22,-1.0,0.6,0.6,2.1598840635449768,7,2.191348959811758,1906.8596737386845,1926.703566586462,-20.34939106286396,0.5054982150864635,0.0,0
47.775,-1.0117673413870005,-0.8086639919168943,1.3201960519583718,0.03661312656512426,0.002085911256294921,0.039056014596815694,0.22,-1.0,0.6,0.6,2.140590620572967,7,2.191348959811758,1906.8596737386845,1926.703566586462,-20.34939106286396,0.5054982150864635,0.0,0
47.873,-1.0123826977374002,-0.7749844203391779,1.192992318418346,0.03588519684536779,0.0021109948629185775,0.04022370179628711,0.22,-1.0,0.6,0.6,2.1190469839383934,7,2.191348959811758,1906.8596737386845,1926.703566586462,-20.34939106286396,0.5054982150864635,0.0,0
47.975,-1.0036595038941318,-0.7344464004749802,1.0935819376884008,0.0358479971588651,0.0019939096833687764,0.040632044278243865,0.22,-1.0,0.6,0.6,2.0862576543108484,7,2.191348959811758,1906.8596737386845,1926.703566586462,-20.34939106286396,0.5054982150864635,0.0,0
48.074,-0.983932103178365,-0.7165889339803694,1.038452779418562,0.035738837209937604,0.0018520794483824756,0.04167045207498334,0.22,-1.0,0.6,0.6,2.0596716555214822,7,2.191348959811758,1906.8596737386845,1926.703566586462,-20.34939106286396,0.5054982150864635,0.0,0
48.185,-0.9337269770022719,-0.7280496157426676,0.8938382074864744,0.03361164066766068,0.001228055740826083,0.04223490780013597,0.22,-1.0,0.6,0.6,2.0288011784940325,7,2.191348959811758,1906.8596737386845,1926.703566586462,-20.34939106286396,0.5054982150864635,0.0,0
48.297,-0.9355767865029252,-0.7067274383652311,0.8302493008583327,0.03311601748998524,0.0008257306471459883,0.04397822641231922,0.22,-1.0,0.6,0.6,2.016316608428153,7,2.191348959811758,1906.8596737386845,1926.703566586462,-20.34939106286396,0.5054982150864635,0.0,0
48.374,-0.9122153058225551,-0.6712449364140972,0.6978034562293134,0.03296184268832864,0.0009438910566116872,0.04169920731134694,0.22,-1.0,0.6,0.6,1.9755654429865102,7,2.191348959811758,1906.8596737386845,1926.703566586462,-20.34939106286396,0.5054982150864635,0.0,0
48.493,-0.9296103696476055,-0.6658180525884579,0.5061702871526238,0.029023807371724174,0.0010545373047897123,0.04131441063543607,0.22,-1.0,0.6,0.6,1.9854478651408403,7,2.191348959811758,1906.8596737386845,1926.703566586462,-20.34939106286396,0.5054982150864635,0.0,0
48.557,-0.9228534969958508,-0.6484389300910112,0.5273270478647167,0.02855276524889208,0.0008271496866927832,0.03996450535895293,0.22,-1.0,0.6,0.6,1.9691832153152433,7,2.191348959811758,1906.8596737386845,1926.703566586462,-20.34939106286396,0.5054982150864635,0.0,0
48.673,-0.9035697422867747,-0.6661656499100809,0.3655467249938635,0.029215794184695536,0.0007117482442402391,0.04171828505818138,0.22,-1.0,0.6,0.6,1.9656798882148985,7,2.191348959811758,1906.8596737386845,1926.703566586462,-20.34939106286396,0.5054982150864635,0.0,0
48.775,-0.9112574339537399,-0.6477358418419485,0.25202151036224585,0.029360821764528523,0.0007183960730831246,0.04220435846620379,0.22,-1.0,0.6,0.6,1.95978155994424,7,2.191348959811758,1906.8596737386845,1926.703566586462,-20.34939106286396,0.5054982150864635,0.0,0
48.874,-0.8778322357052033,-0.6124023112600816,0.15887027049452124,0.029255314874945915,0.0005508741349477151,0.0454892387515239,0.22,-1.0,0.6,0.6,1.91151967848574,7,2.191348959811758,1906.8596737386845,1926.703566586462,-20.34939106286396,0.5054982150864635,0.0,0
48.996,-0.8538895876311035,-0.5908982297089126,0.06451654175312842,0.03027684566368497,0.00031413263629041197,0.04754678299615046,0.22,-1.0,0.6,0.6,1.8793705133756786,7,2.191348959811758,1906.8596737386845,1926.703566586462,-20.34939106286396,0.5054982150864635,0.0,0
49.055,-0.8469075166778515,-0.6097194834550892,-0.03182925289661334,0.028327738601617632,0.0004581044024304014,0.04181440298199231,0.22,-1.0,0.6,0.6,1.8859911427336329,7,2.191348959811758,1906.8596737386845,1926.703566586462,-20.34939106286396,0.5054982150864635,0.0,0
49.193,-0.7680259085768751,-0.6320878866650581,-0.10686720372163495,0.025425420002899643,0.000260733500796179,0.03951692180653042,0.22,-1.0,0.6,0.6,1.841069104353325,7,2.191348959811758,1906.8596737386845,1926.703566586462,-20.34939106286396,0.5054982150864635,0.0,0
49.293,-0.7362407337314841,-0.6128396069160456,-0.23485535461659213,0.02616151074444498,0.00042207528659787754,0.040481992480485694,0.22,-1.0,0.6,0.6,1.8045828356125753,7,2.191348959811758,1906.8596737386845,1926.703566586462,-20.34939106286396,0.5054982150864635,0.0,0
49.387,-0.7206780367872577,-0.6169655625479966,-0.2912426935928141,0.02757740329486068,0.0005252650538131311,0.0418282116669094,0.22,-1.0,0.6,0.6,1.7958829742719895,7,2.191348959811758,1906.8596737386845,1926.703566586462,-20.34939106286396,0.5054982150864635,0.0,0
49.491,-0.6874128630095365,-0.6381810015694156,-0.33787845066978756,0.02921251886613204,0.0007351504289818207,0.04177241626168902,0.22,-1.0,0.6,0.6,1.7862038160551144,7,2.191348959811758,1906.8596737386845,1926.703566586462,-20.34939106286396,0.5054982150864635,0.0,0
49.593,-0.6433531517926412,-0.6458141761537086,-0.42042132676123883,0.029283989480567426,0.0012718474721402503,0.04206397762750556,0.22,-1.0,0.6,0.6,1.7601079573646152,7,2.191348959811758,1906.8596737386845,1926.703566586462,-20.34939106286396,0.5054982150864635,0.0,0
49.693,-0.6056045602544871,-0.6628362087929707,-0.5275802098095883,0.031278554502179506,0.0016731430732569445,0.04362038144862011,0.22,-1.0,0.6,0.6,1.7459202862516428,7,2.191348959811758,1906.8596737386845,1926.703566586462,-20.34939106286396,0.5054982150864635,0.0,0
49.793,-0.6081829248061952,-0.6613297711100954,-0.6667456126335677,0.032680756822484607,0.0017236145841139198,0.045240113338228735,0.22,-1.0,0.6,0.6,1.7466135151434896,7,2.191348959811758,1906.8596737386845,1926.703566586462,-20.34939106286396,0.5054982150864635,0.0,0
49.893,-0.6249604110209959,-0.691031325870234,-0.7494577425871802,0.03199078151509394,0.0010692248927081014,0.03957382555905176,0.22,-1.0,0.6,0.6,1.779688144857683,7,2.191348959811758,1906.8596737386845,1926.703566586462,-20.34939106286396,0.5054982150864635,0.0,0
49.983,-0.594519294247622,-0.6625164279723192,-0.8697887022235155,0.02923941223988585,0.0017381984531905973,0.03760567569476443,0.22,-1.0,0.6,0.6,1.7380518045299516,7,2.191348959811758,1906.8596737386845,1926.703566586462,-20.34939106286396,0.5054982150864635,0.0,0
50.074,-0.5678386870241001,-0.716480777234407,-0.9471897484441225,0.03113522331873809,0.0022220932094987158,0.038369838165699034,0.22,-1.0,0.6,0.6,1.7598206828361467,7,2.191348959811758,1906.8596737386845,1926.703566586462,-20.34939106286396,0.5054982150864635,0.0,0
50.177,-0.559591468897802,-0.7345128429960782,-1.0763503667542147,0.03377920458963461,0.0023726673172256474,0.04113912334162379,0.22,-1.0,0.6,0.6,1.7679301182066098,7,2.191348959811758,1906.8596737386845,1926.703566586462,-20.34939106286396,0.5054982150864635,0.0,0
50.274,-0.5414994480348996,-0.7385232671647094,-1.1827855502253606,0.03644203561531388,0.002833154562286401,0.04216793715076445,0.22,-1.0,0.6,0.6,1.7591661452532754,7,2.191348959811758,1906.8596737386845,1926.703566586462,-20.34939106286396,0.5054982150864635,0.0,0
50.374,-0.5323357928285051,-0.7653513912309242,-1.178980557953784,0.039468685956816865,0.0031850468455183086,0.04236039282413308,0.22,-1.0,0.6,0.6,1.7738006565724287,7,2.191348959811758,1906.8596737386845,1926.703566586462,-20.34939106286396,0.5054982150864635,0.0,0
50.48,-0.5060431922369326,-0.789505116349384,-1.271045221463909,0.04191408495481581,0.003553915407195153,0.04448596393664063,0.22,-1.0,0.6,0.6,1.7759662191198289,7,2.191348959811758,1906.8596737386845,1926.703566586462,-20.34939106286396,0.5054982150864635,0.0,0
50.577,-0.47952237554154536,-0.8174559430025036,-1.4062357850499205,0.04358668073922806,0.004415795386646855,0.04365396495083371,0.22,-1.0,0.6,0.6,1.7817266652458164,7,2.191348959811758,1906.8596737386845,1926.703566586462,-20.34939106286396,0.5054982150864635,0.0,0
50.674,-0.48342655657539046,-0.810235227265831,-1.4699796316099036,0.04619898523377848,0.004657307055668667,0.045856037364403995,0.22,-1.0,0.6,0.6,1.7783634329670406,7,2.191348959811758,1906.8596737386845,1926.703566586462,-20.34939106286396,0.5054982150864635,0.0,0
50.781,-0.49883821746072254,-0.8413764972857573,-1.618979765071422,0.04848413496588552,0.004047278220502624,0.044233574837665664,0.22,-1.0,0.6,0.6,1.8124601057899223,7,2.191348959811758,1906.8596737386845,1926.703566586462,-20.34939106286396,0.5054982150864635,0.0,0
50.874,-0.5173606531855662,-0.8764943231008248,-1.6885035835233513,0.04960198293698586,0.003925948514229102,0.04462381798802557,0.22,-1.0,0.6,0.6,1.8516290976964684,7,2.191348959811758,1906.8596737386845,1926.703566586462,-20.34939106286396,0.5054982150864635,0.0,0
50.977,-0.5134965565455251,-0.8868651149709946,-1.9168197743712134,0.051519202411867346,0.003857072693353741,0.04527796662544852,0.22,-1.0,0.6,0.6,1.8575904961956633,7,2.191348959811758,1906.8596737386845,1926.703566586462,-20.34939106286396,0.5054982150864635,0.0,0
51.075,-0.5141817561627542,-0.9047678430437917,-1.925267850916838,0.05460102720259051,0.003819161456768243,0.04713012778024342,0.22,-1.0,0.6,0.6,1.8723587389238698,7,2.191348959811758,1906.8596737386845,1926.703566586462,-20.34939106286396,0.5054982150864635,0.0,0
51.183,-0.5082727209570779,-0.939970506279083,-2.032675925650175,0.05741717845281536,0.0037438862442981083,0.046159929560989875,0.22,-1.0,0.6,0.6,1.8973079834932072,7,2.191348959811758,1906.8596737386845,1926.703566586462,-20.34939106286396,0.5054982150864635,0.0,0
51.273,-0.5301583016453438,-0.9408512121567959,-2.1173335688350474,0.05583419889021281,0.003789912215266986,0.04358326118635118,0.22,-1.0,0.6,0.6,1.9108846759506328,7,2.191348959811758,1906.8596737386845,1926.703566586462,-20.34939106286396,0.5054982150864635,0.0,0
51.373,-0.539060239235287,-0.9390871654676446,-2.1539394226303656,0.05816282720708395,0.0029961898026268745,0.04486811471898857,0.22,-1.0,0.6,0.6,1.9147447692875355,7,2.191348959811758,1906.8596737386845,1926.703566586462,-20.34939106286396,0.5054982150864635,0.0,0
51.473,-0.5254416392364827,-0.9734682540238345,-2.266584174364855,0.05728174503572912,0.0034271329809037725,0.042733491767865325,0.22,-1.0,0.6,0.6,1.9345338533476522,7,2.191348959811758,1906.8596737386845,1926.703566586462,-20.34939106286396,0.5054982150864635,0.0,0
51.594,-0.56355735838592,-1.0145251301317917,-2.4499991733546134,0.06071037506832779,0.0027064517235640966,0.042964629630947083,0.22,-1.0,0.6,0.6,1.990114851479959,7,2.191348959811758,1906.8596737386845,1926.703566586462,-20.34939106286396,0.5054982150864635,0.0,0
51.694,-0.5737414900902565,-0.9746025341298509,-2.531460749866671,0.0629692144177581,0.0021914985632692564,0.046064316181059994,0.22,-1.0,0.6,0.6,1.9639353925339407,7,2.191348959811758,1906.8596737386845,1926.703566586462,-20.34939106286396,0.5054982150864635,0.0,0
51.773,-0.7242277244633316,-1.0552346638211667,-2.669131212746337,0.03488613167106427,0.0006558185687279722,0.0242688319216042,0.22,-1.0,0.6,0.6,2.1197596228234237,7,2.191348959811758,1906.8596737386845,1926.703566586462,-20.34939106286396,0.5054982150864635,0.0,0
51.896,-0.7070134642623314,-1.039186692851262,-2.82437984766972,0.03468937662352085,0.0004340725470361046,0.02380674714779333,0.22,-1.0,0.6,0.6,2.0964773334772016,7,2.191348959811758,1906.8596737386845,1926.703566586462,-20.34939106286396,0.5054982150864635,0.0,0
51.995,-0.738012555473431,-1.0624085801123713,-2.8820766986416166,0.036723876806417144,0.00034176987474666796,0.024901764555833622,0.22,-1.0,0.6,0.6,2.133982166241267,7,2.191348959811758,1906.8596737386845,1926.703566586462,-20.34939106286396,0.5054982150864635,0.0,0
52.075,-0.7488639815240432,-1.0550236446342935,-2.988374817559854,0.03830459824639176,0.00030040259397959567,0.025668068361250226,0.22,-1.0,0.6,0.6,2.1350731380801626,7,2.191348959811758,1906.8596737386845,1926.703566586462,-20.34939106286396,0.5054982150864635,0.0,0
52.174,-0.7689340947612222,-1.0522732883792372,-3.104924421786449,0.040104490070796125,0.0002589369590504947,0.026499300751777678,0.22,-1.0,0.6,0.6,2.1456904658620415,7,2.191348959811758,1906.8596737386845,1926.703566586462,-20.34939106286396,0.5054982150864635,0.0,0
52.285,-0.796956373735825,-1.0660936817527202,3.103745586588934,0.04124826615943196,0.00024754259369636595,0.027168921999591818,0.22,-1.0,0.6,0.6,2.1742482071965656,7,2.191348959811758,1906.8596737386845,1926.703566586462,-20.34939106286396,0.5054982150864635,0.0,0
52.394,-0.8166913238324611,-1.0439792823879468,2.9775397785347115,0.043020791655116755,0.0002518200717986366,0.028334835124783676,0.22,-1.0,0.6,0.6,2.170180220152916,7,2.191348959811758,1906.8596737386845,1926.703566586462,-20.34939106286396,0.5054982150864635,0.0,0
52.495,-0.8369215662792601,-1.0575009090645249,2.935405465912398,0.044329666171440824,0.0002832551145564599,0.02906529264890993,0.22,-1.0,0.6,0.6,2.1936391798078754,7,2.191348959811758,1906.8596737386845,1926.703566586462,-20.34939106286396,0.5054982150864635,0.0,0
52.593,-0.8520494794069979,-1.0616728848438794,2.7754957796584647,0.04569118096596271,0.00032994154796306874,0.03004903650584727,0.22,-1.0,0.6,0.6,2.206718030667152,7,2.191348959811758,1906.8596737386845,1926.703566586462,-20.34939106286396,0.5054982150864635,0.0,0
52.693,-0.8602376017081464,-1.035079470777526,2.6531859335849757,0.04673610441917188,0.0004300202093511396,0.031294580404022235,0.22,-1.0,0.6,0.6,2.1922086418040765,7,2.191348959811758,1906.8596737386845,1926.703566586462,-20.34939106286396,0.5054982150864635,0.0,0
52.778,-0.8855325561671968,-1.0194717100022757,2.607150106630156,0.04692114932629607,0.00047583276017246147,0.032697002627993826,0.22,-1.0,0.6,0.6,2.1976113384605434,7,2.191348959811758,1906.8596737386845,1926.703566586462,-20.34939106286396,0.5054982150864635,0.0,0
52.891,-0.9037638830824193,-1.0231129338737757,2.478075106524626,0.04758713363185698,0.0006330772199481703,0.03333390305021597,0.22,-1.0,0.6,0.6,2.2126457945571523,7,2.191348959811758,1906.8596737386845,1926.703566586462,-20.34939106286396,0.5054982150864635,0.0,0
52.994,-0.9374279514885254,-1.0149345960234821,2.3935600487875215,0.04791244722844088,0.0008364504251223081,0.03378365199460231,0.22,-1.0,0.6,0.6,2.2297305791175153,7,2.191348959811758,1906.8596737386845,1926.703566586462,-20.34939106286396,0.5054982150864635,0.0,0
53.096,-0.9162611961242676,-0.9868618722721235,2.309364985486185,0.047277880010751956,0.0008453326339122067,0.0356513102181027,0.22,-1.0,0.6,0.6,2.194807193478093,7,2.191348959811758,1906.8596737386845,1926.703566586462,-20.34939106286396,0.5054982150864635,0.0,0
53.196,-0.9253000303025576,-0.9935646223374712,2.2924812145795084,0.046924660748802124,0.0009081473976820876,0.0356635360399176,0.22,1.0,0.6,0.6,2.205898544359316,7,2.6355371820273623,13608.387894032498,13628.213085095362,-20.34939106286396,0.5242,0.0,0
53.294,-0.8968648385781381,-0.9568160859394199,2.3841443254088235,0.04391041687508837,0.0005799365891142945,0.03406825463761758,0.22,1.0,0.6,0.6,2.159694578039055,7,2.6355371820273623,13608.387894032498,13628.213085095362,-20.34939106286396,0.5242,0.0,0
53.393,-0.9176805672818845,-0.9379442442649722,2.5283494223168943,0.04447754009220686,0.0007099961362494911,0.03539911866592603,0.22,1.0,0.6,0.6,2.160700535190571,7,2.6355371820273623,13608.387894032498,13628.213085095362,-20.34939106286396,0.5242,0.0,0
53.488,-0.9241343310304978,-0.9586430972354474,2.576052060934183,0.04489115472755641,0.0009195375956365168,0.03649283028734256,0.22,1.0,0.6,0.6,2.1799893952919795,7,2.6355371820273623,13608.387894032498,13628.213085095362,-20.34939106286396,0.5242,0.0,0
53.578,-0.9405496300701048,-0.9207422290907108,2.726989152103902,0.045081363500834845,0.0009034232622888497,0.03695260656475604,0.22,1.0,0.6,0.6,2.164705543497526,7,2.6355371820273623,13608.387894032498,13628.213085095362,-20.34939106286396,0.5242,0.0,0
53.673,-0.9363482931859113,-0.9217331694525972,2.844316710911832,0.04555046396167945,0.0008706262757595959,0.036804979625771665,0.22,1.0,0.6,0.6,2.162414834620663,7,2.6355371820273623,13608.387894032498,13628.213085095362,-20.34939106286396,0.5242,0.0,0
53.773,-0.9560229155122929,-0.9080065321537919,2.9700223902443397,0.04639069534639797,0.001195136098722085,0.03845650570778758,0.22,1.0,0.6,0.6,2.1668620202075353,7,2.6355371820273623,13608.387894032498,13628.213085095362,-20.34939106286396,0.5242,0.0,0
53.878,-0.9763432465565638,-0.9165878713723852,3.0815229574739593,0.047318237925547096,0.0014402760413483764,0.03916531031580249,0.22,1.0,0.6,0.6,2.187440696923761,7,2.6355371820273623,13608.387894032498,13628.213085095362,-20.34939106286396,0.5242,0.0,0
53.978,-0.9845466026684503,-0.9358722106078534,-3.1178126998902025,0.048864197308700084,0.0015753496242881364,0.03991334988399212,0.22,1.0,0.6,0.6,2.2067377241859942,7,2.6355371820273623,13608.387894032498,13628.213085095362,-20.34939106286396,0.5242,0.0,0
54.075,-1.0914785101221407,-0.9044040219854004,-3.10033680587864,0.046919339396181446,0.002168634512062843,0.04087493448099374,0.22,1.0,0.6,0.6,2.2636985248859585,7,2.6355371820273623,13608.387894032498,13628.213085095362,-20.34939106286396,0.5242,0.0,0
54.193,-1.1039972733852519,-0.9065420872591903,-2.9372812557433363,0.041555784864465095,0.0033370176089146564,0.03495509421012891,0.22,1.0,0.6,0.6,2.274483626757434,7,2.6355371820273623,13608.387894032498,13628.213085095362,-20.34939106286396,0.5242,0.0,0
54.276,-1.1158700813139353,-0.9053969563829941,-2.9785281724236876,0.04325790250124831,0.003771060703359439,0.035375201343221585,0.22,1.0,0.6,0.6,2.2826366623349132,7,2.6355371820273623,13608.387894032498,13628.213085095362,-20.34939106286396,0.5242,0.0,0
54.375,-1.1375039396995021,-0.9227294089090093,-2.822576201618877,0.04447618300068433,0.004221677897800567,0.03632940958522473,0.22,1.0,0.6,0.6,2.3103300182501356,7,2.6355371820273623,13608.387894032498,13628.213085095362,-20.34939106286396,0.5242,0.0,0
54.474,-1.15909816784776,-0.9303161166215218,-2.699976681840352,0.046653014241448014,0.0048454474032055645,0.03770125194811635,0.22,1.0,0.6,0.6,2.3315861084070906,7,2.6355371820273623,13608.387894032498,13628.213085095362,-20.34939106286396,0.5242,0.0,0
54.595,-1.1621947097582173,-0.9410800294261342,-2.5842938537886355,0.04918736692748603,0.005391797343694925,0.03941449347448597,0.22,1.0,0.6,0.6,2.3409950559956125,7,2.6355371820273623,13608.387894032498,13628.213085095362,-20.34939106286396,0.5242,0.0,0
54.695,-1.190863933052703,-0.9678718848253236,-2.467542228645042,0.04720531000356571,0.006198098611085168,0.03698316016478697,0.22,1.0,0.6,0.6,2.3802134093258758,7,2.6355371820273623,13608.387894032498,13628.213085095362,-20.34939106286396,0.5242,0.0,0
54.775,-1.1872257691798465,-0.9834593934069857,-2.320583330582617,0.0338211202880561,0.004650811409693507,0.025954591960260707,0.22,1.0,0.6,0.6,2.3877855013776492,7,2.6355371820273623,13608.387894032498,13628.213085095362,-20.34939106286396,0.5242,0.0,0
54.874,-1.2069671331807343,-1.0141582680166639,-2.2650786469621984,0.03570174826392674,0.004209556159709893,0.025522276254495345,0.22,1.0,0.6,0.6,2.4229397711461913,7,2.6355371820273623,13608.387894032498,13628.213085095362,-20.34939106286396,0.5242,0.0,0
54.993,-1.202065356935149,-1.0135428198512124,-2.146403020401899,0.03848136826101571,0.0040770329932074125,0.02627633758468514,0.22,1.0,0.6,0.6,2.418875768235981,7,2.6355371820273623,13608.387894032498,13628.213085095362,-20.34939106286396,0.5242,0.0,0
55.093,-1.2121954788441627,-1.0269912295139458,-2.027710807474918,0.04050150774165239,0.004727833911890642,0.02814731824446676,0.22,1.0,0.6,0.6,2.435395843483873,7,2.6355371820273623,13608.387894032498,13628.213085095362,-20.34939106286396,0.5242,0.0,0
55.193,-1.2292328798631433,-1.0525872668795013,-1.9519799254254024,0.04331158261107718,0.005211074528451391,0.029308733435694952,0.22,1.0,0.6,0.6,2.465185105306429,7,2.6355371820273623,13608.387894032498,13628.213085095362,-20.34939106286396,0.5242,0.0,0
55.274,-1.233384336900822,-1.042735794234681,-1.8569284627874738,0.045449998587977214,0.0054983111184893525,0.030524930793779173,0.22,1.0,0.6,0.6,2.4616821517923704,7,2.6355371820273623,13608.387894032498,13628.213085095362,-20.34939106286396,0.5242,0.0,0
55.393,-1.2434142586448758,-1.0887059657853344,-1.7577880741218892,0.04887732281846502,0.00611392210199731,0.03138478345458761,0.22,1.0,0.6,0.6,2.4999807934970653,7,2.6355371820273623,13608.387894032498,13628.213085095362,-20.34939106286396,0.5242,0.0,0
55.49,-1.2550063248424261,-1.1064165587912234,-1.6616499342531386,0.05179674936017799,0.006312024864943034,0.032203832016557944,0.22,1.0,0.6,0.6,2.520497160744738,7,2.6355371820273623,13608.387894032498,13628.213085095362,-20.34939106286396,0.5242,0.0,0
55.578,-1.2640272729535298,-1.1238396794690442,-1.522241405607009,0.05474853563000247,0.0066188986779330584,0.03266616754490325,0.22,1.0,0.6,0.6,2.538940904161912,7,2.6355371820273623,13608.387894032498,13628.213085095362,-20.34939106286396,0.5242,0.0,0
55.696,-1.254114494566683,-1.139172883600249,-1.4536031128947962,0.05784807874317087,0.006871964291679484,0.03347269596688315,0.22,1.0,0.6,0.6,2.5421374624541198,7,2.6355371820273623,13608.387894032498,13628.213085095362,-20.34939106286396,0.5242,0.0,0
55.793,-1.2591623587284,-1.1571737230086458,-1.345879024789015,0.06123724452752055,0.007020474256161449,0.0341331314286879,0.22,1.0,0.6,0.6,2.5581524913391327,7,2.6355371820273623,13608.387894032498,13628.213085095362,-20.34939106286396,0.5242,0.0,0
55.893,-1.2991022552485376,-1.1901486575732798,-1.2716180740290008,0.06282301350486875,0.007025653564062192,0.033829727911501344,0.22,1.0,0.6,0.6,2.6098317171996928,7,2.6355371820273623,13608.387894032498,13628.213085095362,-20.34939106286396,0.5242,0.0,0
55.994,-1.27139215277364,-1.197965558409421,-1.1488918658320981,0.061920480960669017,0.00735472550892416,0.033351309998522025,0.22,1.0,0.6,0.6,2.5951471516446345,7,2.6355371820273623,13608.387894032498,13628.213085095362,-20.34939106286396,0.5242,0.0,0
56.076,-1.2619597195980223,-1.2106310308250852,-1.1479042593613382,0.06477995018825788,0.007191501967597784,0.033795709875231915,0.22,1.0,0.6,0.6,2.597167443041025,7,2.6355371820273623,13608.387894032498,13628.213085095362,-20.34939106286396,0.5242,0.0,0
56.193,-1.236223978358436,-1.231927870403138,-0.9715937925101995,0.06860596154681461,0.006907820283458116,0.033838447049937326,0.22,1.0,0.6,0.6,2.5937768256074496,7,2.6355371820273623,13608.387894032498,13628.213085095362,-20.34939106286396,0.5242,0.0,0
56.294,-1.2110957029011546,-1.2718925912615053,-0.9082710495577584,0.07103152177246971,0.005721721523583317,0.03395845729041752,0.22,1.0,0.6,0.6,2.60462080124665,7,2.6355371820273623,13608.387894032498,13628.213085095362,-20.34939106286396,0.5242,0.0,0
56.378,-1.2143912962577854,-1.2688913483106214,-0.7665944661198237,0.0728334445413661,0.005652608247795232,0.03513653419839822,0.22,1.0,0.6,0.6,2.604759230279509,7,2.6355371820273623,13608.387894032498,13628.213085095362,-20.34939106286396,0.5242,0.0,0
56.476,-1.257901215077392,-1.2800182337684285,-0.704570515360647,0.05895238249490301,0.00496616170839392,0.028007747931830786,0.22,1.0,0.6,0.6,2.6431544571378742,7,2.6355371820273623,13608.387894032498,13628.213085095362,-20.34939106286396,0.5242,0.0,0
56.595,-1.2161404487025367,-1.3211697237995952,-0.6057230863268633,0.059500671561891164,0.004489081785720607,0.027589762309866185,0.22,1.0,0.6,0.6,2.643720718430308,7,2.6355371820273623,13608.387894032498,13628.213085095362,-20.34939106286396,0.5242,0.0,0
56.675,-1.2152976537951847,-1.3133463506309162,-0.4930022012434359,0.06060539291800593,0.004165363977626442,0.027846333433469077,0.22,1.0,0.6,0.6,2.637460867832345,7,2.6355371820273623,13608.387894032498,13628.213085095362,-20.34939106286396,0.5242,0.0,0
56.774,-1.1768237342377488,-1.3123007722694289,-0.4512282863696169,0.060794092225629794,0.004173473464300042,0.028077162644306028,0.22,1.0,0.6,0.6,2.6103633513694664,7,2.6355371820273623,13608.387894032498,13628.213085095362,-20.34939106286396,0.5242,0.0,0
56.893,-1.149623797376135,-1.300083236261529,-0.315511061897917,0.06360768335808556,0.003667818299844517,0.029112718404124348,0.22,1.0,0.6,0.6,2.582924647965359,7,2.6355371820273623,13608.387894032498,13628.213085095362,-20.34939106286396,0.5242,0.0,0
