stamp,x,y,yaw,cov_x,cov_y,cov_yaw,cmd_v,cmd_w,goal_x,goal_y,goal_dist,plan_points,plan_length,efe_total,efe_risk,efe_ambiguity,efe_control,efe_boundary,efe_visibility,seed
6.4030000000000005,-4.218646313441339,-3.166967780974304,0.75755075128535,0.0,0.0,1e-12,0.0,0.0,0.0,0.0,0.0,0,0.0,0.0,0.0,0.0,0.0,0.0,0.0,0
6.601,-4.218646313441339,-3.166967780974304,0.75755075128535,0.0,0.0,1e-12,0.0,0.0,0.0,0.0,0.0,0,0.0,0.0,0.0,0.0,0.0,0.0,0.0,0
6.667,-4.218646313441339,-3.166967780974304,0.75755075128535,0.0,0.0,1e-12,0.0,0.0,0.0,0.0,0.0,0,0.0,0.0,0.0,0.0,0.0,0.0,0.0,0
6.7330000000000005,-4.218646313441339,-3.166967780974304,0.75755075128535,0.0,0.0,1e-12,0.0,0.0,0.0,0.0,0.0,0,0.0,0.0,0.0,0.0,0.0,0.0,0.0,0
6.832,-4.218646313441339,-3.166967780974304,0.75755075128535,0.0,0.0,1e-12,0.0,0.0,0.0,0.0,0.0,0,0.0,0.0,0.0,0.0,0.0,0.0,0.0,0
6.865,-4.218646313441339,-3.166967780974304,0.75755075128535,0.0,0.0,1e-12,0.0,0.0,0.0,0.0,0.0,0,0.0,0.0,0.0,0.0,0.0,0.0,0.0,0
7.096,-4.218646313441339,-3.166967780974304,0.75755075128535,0.0,0.0,1e-12,0.0,0.0,0.0,0.0,0.0,0,0.0,0.0,0.0,0.0,0.0,0.0,0.0,0
7.162,-4.218646313441339,-3.166967780974304,0.75755075128535,0.0,0.0,1e-12,0.0,0.0,4.4,3.8,11.082405169336212,0,0.0,0.0,0.0,0.0,0.0,0.0,0.0,0
7.2940000000000005,-4.218646313441339,-3.166967780974304,0.75755075128535,0.0,0.0,1e-12,0.0,0.0,4.4,3.8,11.082405169336212,0,0.0,0.0,0.0,0.0,0.0,0.0,0.0,0
7.2940000000000005,-4.218646313441339,-3.166967780974304,0.75755075128535,0.0,0.0,1e-12,0.0,0.0,4.4,3.8,11.082405169336212,0,0.0,0.0,0.0,0.0,0.0,0.0,0.0,0
7.459,-4.218646313441339,-3.166967780974304,0.75755075128535,0.0,0.0,1e-12,0.0,0.0,4.4,3.8,11.082405169336212,0,0.0,0.0,0.0,0.0,0.0,0.0,0.0,0
7.492,-4.218646313441339,-3.166967780974304,0.75755075128535,0.0,0.0,1e-12,0.0,0.0,4.4,3.8,11.082405169336212,0,0.0,0.0,0.0,0.0,0.0,0.0,0.0,0
7.591,-4.218646313441339,-3.166967780974304,0.75755075128535,0.0,0.0,1e-12,0.0,0.0,4.4,3.8,11.082405169336212,0,0.0,0.0,0.0,0.0,0.0,0.0,0.0,0
7.756,-4.218646313441339,-3.166967780974304,0.75755075128535,0.0,0.0,1e-12,0.0,0.0,4.4,3.8,11.082405169336212,0,0.0,0.0,0.0,0.0,0.0,0.0,0.0,0
7.888,-4.218646313441339,-3.166967780974304,0.75755075128535,0.0,0.0,1e-12,0.0,0.0,4.4,3.8,11.082405169336212,0,0.0,0.0,0.0,0.0,0.0,0.0,0.0,0
7.888,-4.218646313441339,-3.166967780974304,0.75755075128535,0.0,0.0,1e-12,0.0,0.0,4.4,3.8,11.082405169336212,0,0.0,0.0,0.0,0.0,0.0,0.0,0.0,0
8.02,-4.218646313441339,-3.166967780974304,0.75755075128535,0.0,0.0,1e-12,0.0,0.0,4.4,3.8,11.082405169336212,0,0.0,0.0,0.0,0.0,0.0,0.0,0.0,0
8.185,-4.218646313441339,-3.166967780974304,0.75755075128535,0.0,0.0,1e-12,0.0,0.0,4.4,3.8,11.082405169336212,0,0.0,0.0,0.0,0.0,0.0,0.0,0.0,0
8.284,-4.218646313441339,-3.166967780974304,0.75755075128535,0.0,0.0,1e-12,0.0,0.0,4.4,3.8,11.082405169336212,0,0.0,0.0,0.0,0.0,0.0,0.0,0.0,0
8.383,-4.218646313441339,-3.166967780974304,0.75755075128535,0.0,0.0,1e-12,0.0,0.0,4.4,3.8,11.082405169336212,0,0.0,0.0,0.0,0.0,0.0,0.0,0.0,0
8.449,-4.218646313441339,-3.166967780974304,0.75755075128535,0.0,0.0,1e-12,0.0,0.0,4.4,3.8,11.082405169336212,0,0.0,0.0,0.0,0.0,0.0,0.0,0.0,0
8.581,-4.218646313441339,-3.166967780974304,0.75755075128535,0.0,0.0,1e-12,0.0,0.0,4.4,3.8,11.082405169336212,0,0.0,0.0,0.0,0.0,0.0,0.0,0.0,0
8.614,-4.218646313441339,-3.166967780974304,0.75755075128535,0.0,0.0,1e-12,0.0,0.0,4.4,3.8,11.082405169336212,0,0.0,0.0,0.0,0.0,0.0,0.0,0.0,0
8.779,-4.218646313441339,-3.166967780974304,0.75755075128535,0.0,0.0,1e-12,0.0,0.0,4.4,3.8,11.082405169336212,0,0.0,0.0,0.0,0.0,0.0,0.0,0.0,0
8.878,-4.218646313441339,-3.166967780974304,0.75755075128535,0.0,0.0,1e-12,0.0,0.0,4.4,3.8,11.082405169336212,0,0.0,0.0,0.0,0.0,0.0,0.0,0.0,0
9.01,-4.218646313441339,-3.166967780974304,0.75755075128535,0.0,0.0,1e-12,0.0,0.0,4.4,3.8,11.082405169336212,0,0.0,0.0,0.0,0.0,0.0,0.0,0.0,0
9.043,-4.218646313441339,-3.166967780974304,0.75755075128535,0.0,0.0,1e-12,0.0,0.0,4.4,3.8,11.082405169336212,0,0.0,0.0,0.0,0.0,0.0,0.0,0.0,0
9.175,-4.218646313441339,-3.166967780974304,0.75755075128535,0.0,0.0,1e-12,0.0,0.0,4.4,3.8,11.082405169336212,0,0.0,0.0,0.0,0.0,0.0,0.0,0.0,0
9.274000000000001,-4.218646313441339,-3.166967780974304,0.75755075128535,0.0,0.0,1e-12,0.0,0.0,4.4,3.8,11.082405169336212,0,0.0,0.0,0.0,0.0,0.0,0.0,0.0,0
9.373,-4.218646313441339,-3.166967780974304,0.75755075128535,0.0,0.0,1e-12,0.0,0.0,4.4,3.8,11.082405169336212,0,0.0,0.0,0.0,0.0,0.0,0.0,0.0,0
9.505,-4.218646313441339,-3.166967780974304,0.75755075128535,0.0,0.0,1e-12,0.0,0.0,4.4,3.8,11.082405169336212,0,0.0,0.0,0.0,0.0,0.0,0.0,0.0,0
9.604,-4.218646313441339,-3.166967780974304,0.75755075128535,0.0,0.0,1e-12,0.0,0.0,4.4,3.8,11.082405169336212,0,0.0,0.0,0.0,0.0,0.0,0.0,0.0,0
9.703,-4.218646313441339,-3.166967780974304,0.75755075128535,0.0,0.0,1e-12,0.0,0.0,4.4,3.8,11.082405169336212,0,0.0,0.0,0.0,0.0,0.0,0.0,0.0,0
9.769,-4.218646313441339,-3.166967780974304,0.75755075128535,0.0,0.0,1e-12,0.0,0.0,4.4,3.8,11.082405169336212,0,0.0,0.0,0.0,0.0,0.0,0.0,0.0,0
9.868,-4.218646313441339,-3.166967780974304,0.75755075128535,0.0,0.0,1e-12,0.0,0.0,4.4,3.8,11.082405169336212,0,0.0,0.0,0.0,0.0,0.0,0.0,0.0,0
9.934,-4.218646313441339,-3.166967780974304,0.75755075128535,0.0,0.0,1e-12,0.0,0.0,4.4,3.8,11.082405169336212,0,0.0,0.0,0.0,0.0,0.0,0.0,0.0,0
10.033,-4.218646313441339,-3.166967780974304,0.75755075128535,0.0,0.0,1e-12,0.0,0.0,4.4,3.8,11.082405169336212,0,0.0,0.0,0.0,0.0,0.0,0.0,0.0,0
10.099,-4.218646313441339,-3.166967780974304,0.75755075128535,0.0,0.0,1e-12,0.0,0.0,4.4,3.8,11.082405169336212,0,0.0,0.0,0.0,0.0,0.0,0.0,0.0,0
10.231,-4.218646313441339,-3.166967780974304,0.75755075128535,0.0,0.0,1e-12,0.0,0.0,4.4,3.8,11.082405169336212,0,0.0,0.0,0.0,0.0,0.0,0.0,0.0,0
10.363,-4.218646313441339,-3.166967780974304,0.75755075128535,0.0,0.0,1e-12,0.0,0.0,4.4,3.8,11.082405169336212,0,0.0,0.0,0.0,0.0,0.0,0.0,0.0,0
10.495,-4.218646313441339,-3.166967780974304,0.75755075128535,0.0,0.0,1e-12,0.0,0.0,4.4,3.8,11.082405169336212,0,0.0,0.0,0.0,0.0,0.0,0.0,0.0,0
10.594,-4.218646313441339,-3.166967780974304,0.75755075128535,0.0,0.0,1e-12,0.0,0.0,4.4,3.8,11.082405169336212,0,0.0,0.0,0.0,0.0,0.0,0.0,0.0,0
10.693,-4.218646313441339,-3.166967780974304,0.75755075128535,0.0,0.0,1e-12,0.0,0.0,4.4,3.8,11.082405169336212,0,0.0,0.0,0.0,0.0,0.0,0.0,0.0,0
10.792,-4.218646313441339,-3.166967780974304,0.75755075128535,0.0,0.0,1e-12,0.0,0.0,4.4,3.8,11.082405169336212,0,0.0,0.0,0.0,0.0,0.0,0.0,0.0,0
10.924,-4.218646313441339,-3.166967780974304,0.75755075128535,0.0,0.0,1e-12,0.0,0.0,4.4,3.8,11.082405169336212,0,0.0,0.0,0.0,0.0,0.0,0.0,0.0,0
10.957,-4.218646313441339,-3.166967780974304,0.75755075128535,0.0,0.0,1e-12,0.0,0.0,4.4,3.8,11.082405169336212,0,0.0,0.0,0.0,0.0,0.0,0.0,0.0,0
11.089,-4.218646313441339,-3.166967780974304,0.75755075128535,0.0,0.0,1e-12,0.0,0.0,4.4,3.8,11.082405169336212,0,0.0,0.0,0.0,0.0,0.0,0.0,0.0,0
11.155,-4.218646313441339,-3.166967780974304,0.75755075128535,0.0,0.0,1e-12,0.0,0.0,4.4,3.8,11.082405169336212,0,0.0,0.0,0.0,0.0,0.0,0.0,0.0,0
11.221,-4.218646313441339,-3.166967780974304,0.75755075128535,0.0,0.0,1e-12,0.0,0.0,4.4,3.8,11.082405169336212,0,0.0,0.0,0.0,0.0,0.0,0.0,0.0,0
11.287,-4.218646313441339,-3.166967780974304,0.75755075128535,0.0,0.0,1e-12,0.0,0.0,4.4,3.8,11.082405169336212,0,0.0,0.0,0.0,0.0,0.0,0.0,0.0,0
11.386,-4.218646313441339,-3.166967780974304,0.75755075128535,0.0,0.0,1e-12,0.0,0.0,4.4,3.8,11.082405169336212,0,0.0,0.0,0.0,0.0,0.0,0.0,0.0,0
11.452,-4.218646313441339,-3.166967780974304,0.75755075128535,0.0,0.0,1e-12,0.0,0.0,4.4,3.8,11.082405169336212,0,0.0,0.0,0.0,0.0,0.0,0.0,0.0,0
11.716,-4.218646313441339,-3.166967780974304,0.75755075128535,0.0,0.0,1e-12,0.0,0.0,4.4,3.8,11.082405169336212,0,0.0,0.0,0.0,0.0,0.0,0.0,0.0,0
11.815,-4.218646313441339,-3.166967780974304,0.75755075128535,0.0,0.0,1e-12,0.0,0.0,4.4,3.8,11.082405169336212,0,0.0,0.0,0.0,0.0,0.0,0.0,0.0,0
11.914,-4.218646313441339,-3.166967780974304,0.75755075128535,0.0,0.0,1e-12,0.0,0.0,4.4,3.8,11.082405169336212,0,0.0,0.0,0.0,0.0,0.0,0.0,0.0,0
11.98,-4.218646313441339,-3.166967780974304,0.75755075128535,0.0,0.0,1e-12,0.0,0.0,4.4,3.8,11.082405169336212,0,0.0,0.0,0.0,0.0,0.0,0.0,0.0,0
12.112,-4.218646313441339,-3.166967780974304,0.75755075128535,0.0,0.0,1e-12,0.0,0.0,4.4,3.8,11.082405169336212,0,0.0,0.0,0.0,0.0,0.0,0.0,0.0,0
12.145,-4.218646313441339,-3.166967780974304,0.75755075128535,0.0,0.0,1e-12,0.0,0.0,4.4,3.8,11.082405169336212,0,0.0,0.0,0.0,0.0,0.0,0.0,0.0,0
12.31,-4.218646313441339,-3.166967780974304,0.75755075128535,0.0,0.0,1e-12,0.0,0.0,4.4,3.8,11.082405169336212,0,0.0,0.0,0.0,0.0,0.0,0.0,0.0,0
12.343,-4.218646313441339,-3.166967780974304,0.75755075128535,0.0,0.0,1e-12,0.0,0.0,4.4,3.8,11.082405169336212,0,0.0,0.0,0.0,0.0,0.0,0.0,0.0,0
12.475,-4.218646313441339,-3.166967780974304,0.75755075128535,0.0,0.0,1e-12,0.0,0.0,4.4,3.8,11.082405169336212,0,0.0,0.0,0.0,0.0,0.0,0.0,0.0,0
12.541,-4.218646313441339,-3.166967780974304,0.75755075128535,0.0,0.0,1e-12,0.0,0.0,4.4,3.8,11.082405169336212,0,0.0,0.0,0.0,0.0,0.0,0.0,0.0,0
12.673,-4.218646313441339,-3.166967780974304,0.75755075128535,0.0,0.0,1e-12,0.0,0.0,4.4,3.8,11.082405169336212,0,0.0,0.0,0.0,0.0,0.0,0.0,0.0,0
12.805,-4.218646313441339,-3.166967780974304,0.75755075128535,0.0,0.0,1e-12,0.0,0.0,4.4,3.8,11.082405169336212,0,0.0,0.0,0.0,0.0,0.0,0.0,0.0,0
12.904,-4.218646313441339,-3.166967780974304,0.75755075128535,0.0,0.0,1e-12,0.0,0.0,4.4,3.8,11.082405169336212,0,0.0,0.0,0.0,0.0,0.0,0.0,0.0,0
12.97,-4.218646313441339,-3.166967780974304,0.75755075128535,0.0,0.0,1e-12,0.0,0.0,4.4,3.8,11.082405169336212,0,0.0,0.0,0.0,0.0,0.0,0.0,0.0,0
13.102,-4.218646313441339,-3.166967780974304,0.75755075128535,0.0,0.0,1e-12,0.0,0.0,4.4,3.8,11.082405169336212,0,0.0,0.0,0.0,0.0,0.0,0.0,0.0,0
13.102,-4.218646313441339,-3.166967780974304,0.75755075128535,0.0,0.0,1e-12,0.0,0.0,4.4,3.8,11.082405169336212,0,0.0,0.0,0.0,0.0,0.0,0.0,0.0,0
13.3,-4.218646313441339,-3.166967780974304,0.75755075128535,0.0,0.0,1e-12,0.0,0.0,4.4,3.8,11.082405169336212,0,0.0,0.0,0.0,0.0,0.0,0.0,0.0,0
13.3,-4.218646313441339,-3.166967780974304,0.75755075128535,0.0,0.0,1e-12,0.0,0.0,4.4,3.8,11.082405169336212,0,0.0,0.0,0.0,0.0,0.0,0.0,0.0,0
13.531,-4.218646313441339,-3.166967780974304,0.75755075128535,0.0,0.0,1e-12,0.0,0.0,4.4,3.8,11.082405169336212,0,0.0,0.0,0.0,0.0,0.0,0.0,0.0,0
13.597,-4.218646313441339,-3.166967780974304,0.75755075128535,0.0,0.0,1e-12,0.0,0.0,4.4,3.8,11.082405169336212,0,0.0,0.0,0.0,0.0,0.0,0.0,0.0,0
13.696,-4.218646313441339,-3.166967780974304,0.75755075128535,0.0,0.0,1e-12,0.0,0.0,4.4,3.8,11.082405169336212,0,0.0,0.0,0.0,0.0,0.0,0.0,0.0,0
13.795,-4.218646313441339,-3.166967780974304,0.75755075128535,0.0,0.0,1e-12,0.0,0.0,4.4,3.8,11.082405169336212,0,0.0,0.0,0.0,0.0,0.0,0.0,0.0,0
13.894,-4.218646313441339,-3.166967780974304,0.75755075128535,0.0,0.0,1e-12,0.0,0.0,4.4,3.8,11.082405169336212,0,0.0,0.0,0.0,0.0,0.0,0.0,0.0,0
13.993,-4.218646313441339,-3.166967780974304,0.75755075128535,0.0,0.0,1e-12,0.0,0.0,4.4,3.8,11.082405169336212,0,0.0,0.0,0.0,0.0,0.0,0.0,0.0,0
14.092,-4.218646313441339,-3.166967780974304,0.75755075128535,0.0,0.0,1e-12,0.0,0.0,4.4,3.8,11.082405169336212,0,0.0,0.0,0.0,0.0,0.0,0.0,0.0,0
14.224,-4.218646313441339,-3.166967780974304,0.75755075128535,0.0,0.0,1e-12,0.0,0.0,4.4,3.8,11.082405169336212,0,0.0,0.0,0.0,0.0,0.0,0.0,0.0,0
14.323,-4.218646313441339,-3.166967780974304,0.75755075128535,0.0,0.0,1e-12,0.0,0.0,4.4,3.8,11.082405169336212,0,0.0,0.0,0.0,0.0,0.0,0.0,0.0,0
14.422,-4.218646313441339,-3.166967780974304,0.75755075128535,0.0,0.0,1e-12,0.0,0.0,4.4,3.8,11.082405169336212,0,0.0,0.0,0.0,0.0,0.0,0.0,0.0,0
14.488,-4.218646313441339,-3.166967780974304,0.75755075128535,0.0,0.0,1e-12,0.0,0.0,4.4,3.8,11.082405169336212,0,0.0,0.0,0.0,0.0,0.0,0.0,0.0,0
14.554,-4.218646313441339,-3.166967780974304,0.75755075128535,0.0,0.0,1e-12,0.0,0.0,4.4,3.8,11.082405169336212,0,0.0,0.0,0.0,0.0,0.0,0.0,0.0,0
14.686,-4.218646313441339,-3.166967780974304,0.75755075128535,0.0,0.0,1e-12,0.0,0.0,4.4,3.8,11.082405169336212,0,0.0,0.0,0.0,0.0,0.0,0.0,0.0,0
14.752,-4.218646313441339,-3.166967780974304,0.75755075128535,0.0,0.0,1e-12,0.0,0.0,4.4,3.8,11.082405169336212,0,0.0,0.0,0.0,0.0,0.0,0.0,0.0,0
14.818,-4.218646313441339,-3.166967780974304,0.75755075128535,0.0,0.0,1e-12,0.0,0.0,4.4,3.8,11.082405169336212,0,0.0,0.0,0.0,0.0,0.0,0.0,0.0,0
15.016,-4.218646313441339,-3.166967780974304,0.75755075128535,0.0,0.0,1e-12,0.0,0.0,4.4,3.8,11.082405169336212,0,0.0,0.0,0.0,0.0,0.0,0.0,0.0,0
15.016,-4.218646313441339,-3.166967780974304,0.75755075128535,0.0,0.0,1e-12,0.0,0.0,4.4,3.8,11.082405169336212,0,0.0,0.0,0.0,0.0,0.0,0.0,0.0,0
15.214,-4.218646313441339,-3.166967780974304,0.75755075128535,0.0,0.0,1e-12,0.0,0.0,4.4,3.8,11.082405169336212,0,0.0,0.0,0.0,0.0,0.0,0.0,0.0,0
15.214,-4.218646313441339,-3.166967780974304,0.75755075128535,0.0,0.0,1e-12,0.0,0.0,4.4,3.8,11.082405169336212,0,0.0,0.0,0.0,0.0,0.0,0.0,0.0,0
15.379,-4.218646313441339,-3.166967780974304,0.75755075128535,0.0,0.0,1e-12,0.0,0.0,4.4,3.8,11.082405169336212,0,0.0,0.0,0.0,0.0,0.0,0.0,0.0,0
15.511,-4.218646313441339,-3.166967780974304,0.75755075128535,0.0,0.0,1e-12,0.0,0.0,4.4,3.8,11.082405169336212,0,0.0,0.0,0.0,0.0,0.0,0.0,0.0,0
15.61,-4.218646313441339,-3.166967780974304,0.75755075128535,0.0,0.0,1e-12,0.0,0.0,4.4,3.8,11.082405169336212,0,0.0,0.0,0.0,0.0,0.0,0.0,0.0,0
15.709,-4.218646313441339,-3.166967780974304,0.75755075128535,0.0,0.0,1e-12,0.0,0.0,4.4,3.8,11.082405169336212,0,0.0,0.0,0.0,0.0,0.0,0.0,0.0,0
15.808,-4.218646313441339,-3.166967780974304,0.75755075128535,0.0,0.0,1e-12,0.0,0.0,4.4,3.8,11.082405169336212,0,0.0,0.0,0.0,0.0,0.0,0.0,0.0,0
15.907,-4.218646313441339,-3.166967780974304,0.75755075128535,0.0,0.0,1e-12,0.0,0.0,4.4,3.8,11.082405169336212,0,0.0,0.0,0.0,0.0,0.0,0.0,0.0,0
16.006,-4.218646313441339,-3.166967780974304,0.75755075128535,0.0,0.0,1e-12,0.0,0.0,4.4,3.8,11.082405169336212,0,0.0,0.0,0.0,0.0,0.0,0.0,0.0,0
16.105,-4.218646313441339,-3.166967780974304,0.75755075128535,0.0,0.0,1e-12,0.0,0.0,4.4,3.8,11.082405169336212,0,0.0,0.0,0.0,0.0,0.0,0.0,0.0,0
16.171,-4.218646313441339,-3.166967780974304,0.75755075128535,0.0,0.0,1e-12,0.0,0.0,4.4,3.8,11.082405169336212,0,0.0,0.0,0.0,0.0,0.0,0.0,0.0,0
16.303,-4.218646313441339,-3.166967780974304,0.75755075128535,0.0,0.0,1e-12,0.0,0.0,4.4,3.8,11.082405169336212,0,0.0,0.0,0.0,0.0,0.0,0.0,0.0,0
16.402,-4.218646313441339,-3.166967780974304,0.75755075128535,0.0,0.0,1e-12,0.0,0.0,4.4,3.8,11.082405169336212,0,0.0,0.0,0.0,0.0,0.0,0.0,0.0,0
16.501,-4.218646313441339,-3.166967780974304,0.75755075128535,0.0,0.0,1e-12,0.0,0.0,4.4,3.8,11.082405169336212,0,0.0,0.0,0.0,0.0,0.0,0.0,0.0,0
16.633,-4.218646313441339,-3.166967780974304,0.75755075128535,0.0,0.0,1e-12,0.0,0.0,4.4,3.8,11.082405169336212,0,0.0,0.0,0.0,0.0,0.0,0.0,0.0,0
16.699,-4.218646313441339,-3.166967780974304,0.75755075128535,0.0,0.0,1e-12,0.0,0.0,4.4,3.8,11.082405169336212,0,0.0,0.0,0.0,0.0,0.0,0.0,0.0,0
16.798000000000002,-4.218646313441339,-3.166967780974304,0.75755075128535,0.0,0.0,1e-12,0.0,0.0,4.4,3.8,11.082405169336212,0,0.0,0.0,0.0,0.0,0.0,0.0,0.0,0
16.897,-4.218646313441339,-3.166967780974304,0.75755075128535,0.0,0.0,1e-12,0.0,0.0,4.4,3.8,11.082405169336212,0,0.0,0.0,0.0,0.0,0.0,0.0,0.0,0
16.996,-4.218646313441339,-3.166967780974304,0.75755075128535,0.0,0.0,1e-12,0.0,0.0,4.4,3.8,11.082405169336212,0,0.0,0.0,0.0,0.0,0.0,0.0,0.0,0
17.095,-4.218646313441339,-3.166967780974304,0.75755075128535,0.0,0.0,1e-12,0.0,0.0,4.4,3.8,11.082405169336212,0,0.0,0.0,0.0,0.0,0.0,0.0,0.0,0
17.227,-4.218646313441339,-3.166967780974304,0.75755075128535,0.0,0.0,1e-12,0.0,0.0,4.4,3.8,11.082405169336212,0,0.0,0.0,0.0,0.0,0.0,0.0,0.0,0
17.293,-4.218646313441339,-3.166967780974304,0.75755075128535,0.0,0.0,1e-12,0.0,0.0,4.4,3.8,11.082405169336212,0,0.0,0.0,0.0,0.0,0.0,0.0,0.0,0
17.392,-4.218646313441339,-3.166967780974304,0.75755075128535,0.0,0.0,1e-12,0.0,0.0,4.4,3.8,11.082405169336212,0,0.0,0.0,0.0,0.0,0.0,0.0,0.0,0
17.491,-4.218646313441339,-3.166967780974304,0.75755075128535,0.0,0.0,1e-12,0.0,0.0,4.4,3.8,11.082405169336212,0,0.0,0.0,0.0,0.0,0.0,0.0,0.0,0
17.623,-4.218646313441339,-3.166967780974304,0.75755075128535,0.0,0.0,1e-12,0.0,0.0,4.4,3.8,11.082405169336212,0,0.0,0.0,0.0,0.0,0.0,0.0,0.0,0
17.722,-4.218646313441339,-3.166967780974304,0.75755075128535,0.0,0.0,1e-12,0.0,0.0,4.4,3.8,11.082405169336212,0,0.0,0.0,0.0,0.0,0.0,0.0,0.0,0
17.821,-4.218646313441339,-3.166967780974304,0.75755075128535,0.0,0.0,1e-12,0.0,0.0,4.4,3.8,11.082405169336212,0,0.0,0.0,0.0,0.0,0.0,0.0,0.0,0
17.887,-4.218646313441339,-3.166967780974304,0.75755075128535,0.0,0.0,1e-12,0.0,0.0,4.4,3.8,11.082405169336212,0,0.0,0.0,0.0,0.0,0.0,0.0,0.0,0
17.986,-4.218646313441339,-3.166967780974304,0.75755075128535,0.0,0.0,1e-12,0.0,0.0,4.4,3.8,11.082405169336212,0,0.0,0.0,0.0,0.0,0.0,0.0,0.0,0
18.052,-4.218646313441339,-3.166967780974304,0.75755075128535,0.0,0.0,1e-12,0.0,0.0,4.4,3.8,11.082405169336212,0,0.0,0.0,0.0,0.0,0.0,0.0,0.0,0
18.217,-4.218646313441339,-3.166967780974304,0.75755075128535,0.0,0.0,1e-12,0.0,0.0,4.4,3.8,11.082405169336212,0,0.0,0.0,0.0,0.0,0.0,0.0,0.0,0
18.217,-4.218646313441339,-3.166967780974304,0.75755075128535,0.0,0.0,1e-12,0.0,0.0,4.4,3.8,11.082405169336212,0,0.0,0.0,0.0,0.0,0.0,0.0,0.0,0
18.349,-4.218646313441339,-3.166967780974304,0.75755075128535,0.0,0.0,1e-12,0.0,0.0,4.4,3.8,11.082405169336212,0,0.0,0.0,0.0,0.0,0.0,0.0,0.0,0
18.514,-4.218646313441339,-3.166967780974304,0.75755075128535,0.0,0.0,1e-12,0.0,0.0,4.4,3.8,11.082405169336212,0,0.0,0.0,0.0,0.0,0.0,0.0,0.0,0
18.613,-4.218646313441339,-3.166967780974304,0.75755075128535,0.0,0.0,1e-12,0.0,0.0,4.4,3.8,11.082405169336212,0,0.0,0.0,0.0,0.0,0.0,0.0,0.0,0
18.679,-4.218646313441339,-3.166967780974304,0.75755075128535,0.0,0.0,1e-12,0.0,0.0,4.4,3.8,11.082405169336212,0,0.0,0.0,0.0,0.0,0.0,0.0,0.0,0
18.712,-4.218646313441339,-3.166967780974304,0.75755075128535,0.0,0.0,1e-12,0.0,0.0,4.4,3.8,11.082405169336212,0,0.0,0.0,0.0,0.0,0.0,0.0,0.0,0
18.877,-4.218646313441339,-3.166967780974304,0.75755075128535,0.0,0.0,1e-12,0.0,0.0,4.4,3.8,11.082405169336212,0,0.0,0.0,0.0,0.0,0.0,0.0,0.0,0
19.009,-4.218646313441339,-3.166967780974304,0.75755075128535,0.0,0.0,1e-12,0.0,0.0,4.4,3.8,11.082405169336212,0,0.0,0.0,0.0,0.0,0.0,0.0,0.0,0
19.042,-4.218646313441339,-3.166967780974304,0.75755075128535,0.0,0.0,1e-12,0.0,0.0,4.4,3.8,11.082405169336212,0,0.0,0.0,0.0,0.0,0.0,0.0,0.0,0
19.24,-4.218646313441339,-3.166967780974304,0.75755075128535,0.0,0.0,1e-12,0.0,0.0,4.4,3.8,11.082405169336212,0,0.0,0.0,0.0,0.0,0.0,0.0,0.0,0
19.306,-4.218646313441339,-3.166967780974304,0.75755075128535,0.0,0.0,1e-12,0.0,0.0,4.4,3.8,11.082405169336212,0,0.0,0.0,0.0,0.0,0.0,0.0,0.0,0
19.405,-4.218646313441339,-3.166967780974304,0.75755075128535,0.0,0.0,1e-12,0.0,0.0,4.4,3.8,11.082405169336212,0,0.0,0.0,0.0,0.0,0.0,0.0,0.0,0
19.504,-4.218646313441339,-3.166967780974304,0.75755075128535,0.0,0.0,1e-12,0.0,0.0,4.4,3.8,11.082405169336212,0,0.0,0.0,0.0,0.0,0.0,0.0,0.0,0
19.504,-4.218646313441339,-3.166967780974304,0.75755075128535,0.0,0.0,1e-12,0.0,0.0,4.4,3.8,11.082405169336212,0,0.0,0.0,0.0,0.0,0.0,0.0,0.0,0
19.636,-4.218646313441339,-3.166967780974304,0.75755075128535,0.0,0.0,1e-12,0.0,0.0,4.4,3.8,11.082405169336212,0,0.0,0.0,0.0,0.0,0.0,0.0,0.0,0
19.801,-4.218646313441339,-3.166967780974304,0.75755075128535,0.0,0.0,1e-12,0.0,0.0,4.4,3.8,11.082405169336212,0,0.0,0.0,0.0,0.0,0.0,0.0,0.0,0
19.801,-4.218646313441339,-3.166967780974304,0.75755075128535,0.0,0.0,1e-12,0.0,0.0,4.4,3.8,11.082405169336212,0,0.0,0.0,0.0,0.0,0.0,0.0,0.0,0
20.032,-4.218646313441339,-3.166967780974304,0.75755075128535,0.0,0.0,1e-12,0.0,0.0,4.4,3.8,11.082405169336212,0,0.0,0.0,0.0,0.0,0.0,0.0,0.0,0
20.131,-4.218646313441339,-3.166967780974304,0.75755075128535,0.0,0.0,1e-12,0.0,0.0,4.4,3.8,11.082405169336212,0,0.0,0.0,0.0,0.0,0.0,0.0,0.0,0
20.197,-4.218646313441339,-3.166967780974304,0.75755075128535,0.0,0.0,1e-12,0.0,0.0,4.4,3.8,11.082405169336212,0,0.0,0.0,0.0,0.0,0.0,0.0,0.0,0
20.263,-4.218646313441339,-3.166967780974304,0.75755075128535,0.0,0.0,1e-12,0.0,0.0,4.4,3.8,11.082405169336212,0,0.0,0.0,0.0,0.0,0.0,0.0,0.0,0
20.395,-4.218646313441339,-3.166967780974304,0.75755075128535,0.0,0.0,1e-12,0.0,0.0,4.4,3.8,11.082405169336212,0,0.0,0.0,0.0,0.0,0.0,0.0,0.0,0
20.494,-4.218646313441339,-3.166967780974304,0.75755075128535,0.0,0.0,1e-12,0.0,0.0,4.4,3.8,11.082405169336212,0,0.0,0.0,0.0,0.0,0.0,0.0,0.0,0
20.626,-4.218646313441339,-3.166967780974304,0.75755075128535,0.0,0.0,1e-12,0.0,0.0,4.4,3.8,11.082405169336212,0,0.0,0.0,0.0,0.0,0.0,0.0,0.0,0
20.725,-4.218646313441339,-3.166967780974304,0.75755075128535,0.0,0.0,1e-12,0.0,0.0,4.4,3.8,11.082405169336212,0,0.0,0.0,0.0,0.0,0.0,0.0,0.0,0
20.791,-4.218646313441339,-3.166967780974304,0.75755075128535,0.0,0.0,1e-12,0.0,0.0,4.4,3.8,11.082405169336212,0,0.0,0.0,0.0,0.0,0.0,0.0,0.0,0
20.89,-4.218646313441339,-3.166967780974304,0.75755075128535,0.0,0.0,1e-12,0.0,0.0,4.4,3.8,11.082405169336212,0,0.0,0.0,0.0,0.0,0.0,0.0,0.0,0
21.022,-4.218646313441339,-3.166967780974304,0.75755075128535,0.0,0.0,1e-12,0.0,0.0,4.4,3.8,11.082405169336212,0,0.0,0.0,0.0,0.0,0.0,0.0,0.0,0
21.088,-4.218646313441339,-3.166967780974304,0.75755075128535,0.0,0.0,1e-12,0.0,0.0,4.4,3.8,11.082405169336212,0,0.0,0.0,0.0,0.0,0.0,0.0,0.0,0
21.187,-4.218646313441339,-3.166967780974304,0.75755075128535,0.0,0.0,1e-12,0.0,0.0,4.4,3.8,11.082405169336212,0,0.0,0.0,0.0,0.0,0.0,0.0,0.0,0
21.319,-4.218646313441339,-3.166967780974304,0.75755075128535,0.0,0.0,1e-12,0.0,0.0,4.4,3.8,11.082405169336212,0,0.0,0.0,0.0,0.0,0.0,0.0,0.0,0
21.352,-4.218646313441339,-3.166967780974304,0.75755075128535,0.0,0.0,1e-12,0.0,0.0,4.4,3.8,11.082405169336212,0,0.0,0.0,0.0,0.0,0.0,0.0,0.0,0
21.484,-4.218646313441339,-3.166967780974304,0.75755075128535,0.0,0.0,1e-12,0.0,0.0,4.4,3.8,11.082405169336212,0,0.0,0.0,0.0,0.0,0.0,0.0,0.0,0
21.55,-4.218646313441339,-3.166967780974304,0.75755075128535,0.0,0.0,1e-12,0.0,0.0,4.4,3.8,11.082405169336212,0,0.0,0.0,0.0,0.0,0.0,0.0,0.0,0
21.616,-4.218646313441339,-3.166967780974304,0.75755075128535,0.0,0.0,1e-12,0.0,0.0,4.4,3.8,11.082405169336212,0,0.0,0.0,0.0,0.0,0.0,0.0,0.0,0
21.748,-4.218646313441339,-3.166967780974304,0.75755075128535,0.0,0.0,1e-12,0.0,0.0,4.4,3.8,11.082405169336212,0,0.0,0.0,0.0,0.0,0.0,0.0,0.0,0
21.814,-4.218646313441339,-3.166967780974304,0.75755075128535,0.0,0.0,1e-12,0.0,0.0,4.4,3.8,11.082405169336212,0,0.0,0.0,0.0,0.0,0.0,0.0,0.0,0
21.88,-4.218646313441339,-3.166967780974304,0.75755075128535,0.0,0.0,1e-12,0.0,0.0,4.4,3.8,11.082405169336212,0,0.0,0.0,0.0,0.0,0.0,0.0,0.0,0
22.111,-4.218646313441339,-3.166967780974304,0.75755075128535,0.0,0.0,1e-12,0.0,0.0,4.4,3.8,11.082405169336212,0,0.0,0.0,0.0,0.0,0.0,0.0,0.0,0
22.21,-4.218646313441339,-3.166967780974304,0.75755075128535,0.0,0.0,1e-12,0.0,0.0,4.4,3.8,11.082405169336212,0,0.0,0.0,0.0,0.0,0.0,0.0,0.0,0
22.309,-4.218646313441339,-3.166967780974304,0.75755075128535,0.0,0.0,1e-12,0.0,0.0,4.4,3.8,11.082405169336212,0,0.0,0.0,0.0,0.0,0.0,0.0,0.0,0
22.375,-4.218646313441339,-3.166967780974304,0.75755075128535,0.0,0.0,1e-12,0.0,0.0,4.4,3.8,11.082405169336212,0,0.0,0.0,0.0,0.0,0.0,0.0,0.0,0
22.507,-4.218646313441339,-3.166967780974304,0.75755075128535,0.0,0.0,1e-12,0.0,0.0,4.4,3.8,11.082405169336212,0,0.0,0.0,0.0,0.0,0.0,0.0,0.0,0
22.54,-4.218646313441339,-3.166967780974304,0.75755075128535,0.0,0.0,1e-12,0.0,0.0,4.4,3.8,11.082405169336212,0,0.0,0.0,0.0,0.0,0.0,0.0,0.0,0
22.705,-4.218646313441339,-3.166967780974304,0.75755075128535,0.0,0.0,1e-12,0.0,0.0,4.4,3.8,11.082405169336212,0,0.0,0.0,0.0,0.0,0.0,0.0,0.0,0
22.738,-4.218646313441339,-3.166967780974304,0.75755075128535,0.0,0.0,1e-12,0.0,0.0,4.4,3.8,11.082405169336212,0,0.0,0.0,0.0,0.0,0.0,0.0,0.0,0
22.87,-4.218646313441339,-3.166967780974304,0.75755075128535,0.0,0.0,1e-12,0.0,0.0,4.4,3.8,11.082405169336212,0,0.0,0.0,0.0,0.0,0.0,0.0,0.0,0
23.002,-4.218646313441339,-3.166967780974304,0.75755075128535,0.0,0.0,1e-12,0.0,0.0,4.4,3.8,11.082405169336212,0,0.0,0.0,0.0,0.0,0.0,0.0,0.0,0
23.134,-4.218646313441339,-3.166967780974304,0.75755075128535,0.0,0.0,1e-12,0.0,0.0,4.4,3.8,11.082405169336212,0,0.0,0.0,0.0,0.0,0.0,0.0,0.0,0
23.2,-4.218646313441339,-3.166967780974304,0.75755075128535,0.0,0.0,1e-12,0.0,0.0,4.4,3.8,11.082405169336212,0,0.0,0.0,0.0,0.0,0.0,0.0,0.0,0
23.299,-4.218646313441339,-3.166967780974304,0.75755075128535,0.0,0.0,1e-12,0.0,0.0,4.4,3.8,11.082405169336212,0,0.0,0.0,0.0,0.0,0.0,0.0,0.0,0
23.431,-4.218646313441339,-3.166967780974304,0.75755075128535,0.0,0.0,1e-12,0.0,0.0,4.4,3.8,11.082405169336212,0,0.0,0.0,0.0,0.0,0.0,0.0,0.0,0
23.464,-4.218646313441339,-3.166967780974304,0.75755075128535,0.0,0.0,1e-12,0.0,0.0,4.4,3.8,11.082405169336212,0,0.0,0.0,0.0,0.0,0.0,0.0,0.0,0
23.629,-4.218646313441339,-3.166967780974304,0.75755075128535,0.0,0.0,1e-12,0.0,0.0,4.4,3.8,11.082405169336212,0,0.0,0.0,0.0,0.0,0.0,0.0,0.0,0
23.662,-4.218646313441339,-3.166967780974304,0.75755075128535,0.0,0.0,1e-12,0.0,0.0,4.4,3.8,11.082405169336212,0,0.0,0.0,0.0,0.0,0.0,0.0,0.0,0
23.662,-4.218646313441339,-3.166967780974304,0.75755075128535,0.0,0.0,1e-12,0.0,0.0,4.4,3.8,11.082405169336212,0,0.0,0.0,0.0,0.0,0.0,0.0,0.0,0
23.662,-4.218646313441339,-3.166967780974304,0.75755075128535,0.0,0.0,1e-12,0.0,0.0,4.4,3.8,11.082405169336212,0,0.0,0.0,0.0,0.0,0.0,0.0,0.0,0
24.025,-4.218646313441339,-3.166967780974304,0.75755075128535,0.0,0.0,1e-12,0.0,0.0,4.4,3.8,11.082405169336212,0,0.0,0.0,0.0,0.0,0.0,0.0,0.0,0
24.025,-4.218646313441339,-3.166967780974304,0.75755075128535,0.0,0.0,1e-12,0.0,0.0,4.4,3.8,11.082405169336212,0,0.0,0.0,0.0,0.0,0.0,0.0,0.0,0
24.223,-4.218646313441339,-3.166967780974304,0.75755075128535,0.0,0.0,1e-12,0.0,0.0,4.4,3.8,11.082405169336212,0,0.0,0.0,0.0,0.0,0.0,0.0,0.0,0
24.289,-4.218646313441339,-3.166967780974304,0.75755075128535,0.0,0.0,1e-12,0.0,0.0,4.4,3.8,11.082405169336212,0,0.0,0.0,0.0,0.0,0.0,0.0,0.0,0
24.388,-4.218646313441339,-3.166967780974304,0.75755075128535,0.0,0.0,1e-12,0.0,0.0,4.4,3.8,11.082405169336212,0,0.0,0.0,0.0,0.0,0.0,0.0,0.0,0
24.487,-4.218646313441339,-3.166967780974304,0.75755075128535,0.0,0.0,1e-12,0.0,0.0,4.4,3.8,11.082405169336212,0,0.0,0.0,0.0,0.0,0.0,0.0,0.0,0
24.487,-4.218646313441339,-3.166967780974304,0.75755075128535,0.0,0.0,1e-12,0.0,0.0,4.4,3.8,11.082405169336212,0,0.0,0.0,0.0,0.0,0.0,0.0,0.0,0
24.718,-4.218646313441339,-3.166967780974304,0.75755075128535,0.0,0.0,1e-12,0.0,0.0,4.4,3.8,11.082405169336212,0,0.0,0.0,0.0,0.0,0.0,0.0,0.0,0
24.784,-4.218646313441339,-3.166967780974304,0.75755075128535,0.0,0.0,1e-12,0.0,0.0,4.4,3.8,11.082405169336212,0,0.0,0.0,0.0,0.0,0.0,0.0,0.0,0
24.883,-4.218646313441339,-3.166967780974304,0.75755075128535,0.0,0.0,1e-12,0.0,0.0,4.4,3.8,11.082405169336212,0,0.0,0.0,0.0,0.0,0.0,0.0,0.0,0
25.015,-4.218646313441339,-3.166967780974304,0.75755075128535,0.0,0.0,1e-12,0.0,0.0,4.4,3.8,11.082405169336212,0,0.0,0.0,0.0,0.0,0.0,0.0,0.0,0
25.114,-4.218646313441339,-3.166967780974304,0.75755075128535,0.0,0.0,1e-12,0.0,0.0,4.4,3.8,11.082405169336212,0,0.0,0.0,0.0,0.0,0.0,0.0,0.0,0
25.18,-4.218646313441339,-3.166967780974304,0.75755075128535,0.0,0.0,1e-12,0.22,-1.0,4.4,3.8,11.082405169336212,7,11.086035717450748,141674.9560270399,141646.0210556198,28.173953735964535,0.1478220174150324,0.0,0.6131956667100011,0
25.246,-4.218180043771178,-3.1662814647796638,0.7561319499308067,0.0,0.0,1e-12,0.22,-1.0,4.4,3.8,11.081611106395519,7,11.086035717450748,141674.9560270399,141646.0210556198,28.173953735964535,0.1478220174150324,0.0,0.6131956667100011,0
25.378,-4.203257697054352,-3.149320431955754,0.7385731617442539,0.0,0.0,1e-12,0.22,-1.0,4.4,3.8,11.05934435072544,7,11.086016432289531,141686.60808669528,141657.67176755588,28.175141493825414,0.14782201773806602,0.0,0.613355627822588,0
25.543,-4.175813618642142,-3.126888050738336,0.720488847569261,0.0,0.0,1e-12,0.22,-1.0,4.4,3.8,11.023899368605901,7,11.086016432289531,141686.60808669528,141657.67176755588,28.175141493825414,0.14782201773806602,0.0,0.613355627822588,0
25.543,-4.175813618642142,-3.126888050738336,0.720488847569261,0.0,0.0,1e-12,0.22,-1.0,4.4,3.8,11.023899368605901,7,11.086016432289531,141686.60808669528,141657.67176755588,28.175141493825414,0.14782201773806602,0.0,0.613355627822588,0
25.708,-4.146715125182283,-3.1118268871387578,0.7051889787992474,0.0,0.0,1e-12,0.22,-0.2846280120978355,4.4,3.8,10.99180105118328,7,11.055042734145845,138653.28202665615,138622.5709064368,29.822813190838666,0.032460534099528586,0.0,0.8558464944107165,0
25.807,-4.128403922473778,-3.105764343424089,0.7018442637636476,0.0,0.0,1e-12,0.22,-0.2846280120978355,4.4,3.8,10.973752987550506,7,11.055042734145845,138653.28202665615,138622.5709064368,29.822813190838666,0.032460534099528586,0.0,0.8558464944107165,0
25.906,-4.107443368438333,-3.100809459425653,0.7026624823579309,0.0,0.0,1e-12,0.22,-0.2846280120978355,4.4,3.8,10.954349084381233,7,11.055042734145845,138653.28202665615,138622.5709064368,29.822813190838666,0.032460534099528586,0.0,0.8558464944107165,0
26.005,-4.084802059333283,-3.094457719184722,0.7083882052775795,0.0,0.0,1e-12,0.22,-0.2846280120978355,4.4,3.8,10.932767866724882,7,11.055042734145845,138653.28202665615,138622.5709064368,29.822813190838666,0.032460534099528586,0.0,0.8558464944107165,0
26.005,-4.084802059333283,-3.094457719184722,0.7083882052775795,0.0,0.0,1e-12,0.22,-0.2846280120978355,4.4,3.8,10.932767866724882,7,11.055042734145845,138653.28202665615,138622.5709064368,29.822813190838666,0.032460534099528586,0.0,0.8558464944107165,0
26.005,-4.084802059333283,-3.094457719184722,0.7083882052775795,0.0,0.0,1e-12,0.22,-0.2846280120978355,4.4,3.8,10.932767866724882,7,11.055042734145845,138653.28202665615,138622.5709064368,29.822813190838666,0.032460534099528586,0.0,0.8558464944107165,0
26.005,-4.084802059333283,-3.094457719184722,0.7083882052775795,0.0,0.0,1e-12,0.22,1.0,4.4,3.8,10.932767866724882,7,10.961241449030917,129921.25519799715,129887.29993345942,32.08453775447696,0.13160384264729053,0.0,1.73912294060398,0
26.434,-3.9879921805714384,-3.0786746824767235,0.7454207821197258,0.0,0.0,1e-12,0.22,1.0,4.4,3.8,10.84779139773041,7,10.961241449030917,129921.25519799715,129887.29993345942,32.08453775447696,0.13160384264729053,0.0,1.73912294060398,0
26.5,-3.9709786772888633,-3.077181549117945,0.7587433127144766,0.0,0.0,1e-12,0.22,1.0,4.4,3.8,10.833693279540135,7,10.961241449030917,129921.25519799715,129887.29993345942,32.08453775447696,0.13160384264729053,0.0,1.73912294060398,0
26.5,-3.9709786772888633,-3.077181549117945,0.7587433127144766,0.0,0.0,1e-12,0.22,1.0,4.4,3.8,10.833693279540135,7,10.961241449030917,129921.25519799715,129887.29993345942,32.08453775447696,0.13160384264729053,0.0,1.73912294060398,0
26.5,-3.9709786772888633,-3.077181549117945,0.7587433127144766,0.0,0.0,1e-12,0.22,-0.7879004079371714,4.4,3.8,10.833693279540135,7,10.843712857362073,120255.84917364761,120220.44263036974,32.20374975122767,0.08628009002714278,0.0,3.1165134366287695,0
26.797,-3.898289460638941,-3.0501462813928786,0.8027195048984768,0.0,0.0,1e-12,0.22,-0.7879004079371714,4.4,3.8,10.760395534042045,7,10.843712857362073,120255.84917364761,120220.44263036974,32.20374975122767,0.08628009002714278,0.0,3.1165134366287695,0
26.896,-3.877972001428117,-3.039339720436826,0.8027899200120339,0.0,0.0,1e-12,0.22,-0.7879004079371714,4.4,3.8,10.737848400306866,7,10.843712857362073,120255.84917364761,120220.44263036974,32.20374975122767,0.08628009002714278,0.0,3.1165134366287695,0
26.962,-3.8689549724475367,-3.040899279354184,0.7983251340052678,0.0,0.0,1e-12,0.22,-0.7879004079371714,4.4,3.8,10.731892623700324,7,10.843712857362073,120255.84917364761,120220.44263036974,32.20374975122767,0.08628009002714278,0.0,3.1165134366287695,0
27.094,-3.840998560131959,-3.030281941201259,0.7988666214687181,0.0,0.0,1e-12,0.22,0.7182581111890028,4.4,3.8,10.703588588151035,7,10.74676634980484,112629.62709721725,112594.02311579756,31.267319100786022,0.07580317221364172,0.0,4.260859146680231,0
27.127,-3.8268336882412686,-3.018025171039032,0.8104600489382788,0.0,0.0,1e-12,0.22,0.7182581111890028,4.4,3.8,10.684861242285894,7,10.74676634980484,112629.62709721725,112594.02311579756,31.267319100786022,0.07580317221364172,0.0,4.260859146680231,0
27.292,-3.7979577337148918,-3.025627228112137,0.8194374755272862,0.0,0.0,1e-12,0.22,0.7182581111890028,4.4,3.8,10.667506646865592,7,10.74676634980484,112629.62709721725,112594.02311579756,31.267319100786022,0.07580317221364172,0.0,4.260859146680231,0
27.424,-3.766699820712789,-3.0195430274027535,0.8451997902183627,0.0,0.0,1e-12,0.22,0.7182581111890028,4.4,3.8,10.639603050124935,7,10.74676634980484,112629.62709721725,112594.02311579756,31.267319100786022,0.07580317221364172,0.0,4.260859146680231,0
27.49,-3.7485795821849597,-3.0151336339282855,0.8577062057288973,0.0,0.0,1e-12,0.22,0.7182581111890028,4.4,3.8,10.622871347027703,7,10.74676634980484,112629.62709721725,112594.02311579756,31.267319100786022,0.07580317221364172,0.0,4.260859146680231,0
27.622,-3.7201811039994257,-3.0098194511516705,0.8758199876155635,0.0,0.0,1e-12,0.22,0.4187348802173332,4.4,3.8,10.597687583573737,7,10.62845320208651,104208.84524258116,104173.64784210363,29.45155621439382,0.0418215215456803,0.0,5.704022741588423,0
27.721,-3.6954807601095485,-2.9995263807140775,0.89321682408388,0.0,0.0,1e-12,0.22,0.4187348802173332,4.4,3.8,10.572150573054214,7,10.62845320208651,104208.84524258116,104173.64784210363,29.45155621439382,0.0418215215456803,0.0,5.704022741588423,0
27.82,-3.6745044526428403,-2.9904155725253987,0.901603281067039,0.0,0.0,1e-12,0.22,0.4187348802173332,4.4,3.8,10.55023060427328,7,10.62845320208651,104208.84524258116,104173.64784210363,29.45155621439382,0.0418215215456803,0.0,5.704022741588423,0
27.919,-3.6512395190524707,-2.977662467905188,0.9157145953652069,0.0,0.0,1e-12,0.22,0.4187348802173332,4.4,3.8,10.524218086014889,7,10.62845320208651,104208.84524258116,104173.64784210363,29.45155621439382,0.0418215215456803,0.0,5.704022741588423,0
27.985,-3.635498853952075,-2.9679061919888015,0.9247402414265945,0.0,0.0,1e-12,0.22,0.4187348802173332,4.4,3.8,10.505893396347856,7,10.62845320208651,104208.84524258116,104173.64784210363,29.45155621439382,0.0418215215456803,0.0,5.704022741588423,0
28.117,-3.6067915337256093,-2.952411093012478,0.936585362215978,0.0,0.0,1e-12,0.22,0.4187348802173332,4.4,3.8,10.473956570159057,7,10.62845320208651,104208.84524258116,104173.64784210363,29.45155621439382,0.0418215215456803,0.0,5.704022741588423,0
28.15,-3.5996630755522903,-2.948686569500797,0.9448025329933869,0.0,0.0,1e-12,0.22,-0.6778645974265048,4.4,3.8,10.466106235640606,7,10.528938500442427,98057.65960393181,98022.98275431524,27.58207787006625,0.17152655813089968,0.0,6.923245188376135,0
28.282,-3.574946025684055,-2.9290273611076225,0.9517113840813393,0.0,0.0,1e-12,0.22,-0.6778645974265048,4.4,3.8,10.434537523968608,7,10.528938500442427,98057.65960393181,98022.98275431524,27.58207787006625,0.17152655813089968,0.0,6.923245188376135,0
28.414,-3.554504841963717,-2.916949824169656,0.9498515927509149,0.0,0.0,1e-12,0.22,-0.6778645974265048,4.4,3.8,10.411126846851737,7,10.528938500442427,98057.65960393181,98022.98275431524,27.58207787006625,0.17152655813089968,0.0,6.923245188376135,0
28.513,-3.539539899616429,-2.9091440848305434,0.9481030548979767,0.0,0.0,1e-12,0.22,-0.6778645974265048,4.4,3.8,10.394657674431512,7,10.528938500442427,98057.65960393181,98022.98275431524,27.58207787006625,0.17152655813089968,0.0,6.923245188376135,0
28.513,-3.539539899616429,-2.9091440848305434,0.9481030548979767,0.0,0.0,1e-12,0.22,-0.6778645974265048,4.4,3.8,10.394657674431512,7,10.528938500442427,98057.65960393181,98022.98275431524,27.58207787006625,0.17152655813089968,0.0,6.923245188376135,0
28.711,-3.5006747220897223,-2.8876065527781396,0.9563056386669949,0.0,0.0,1e-12,0.22,-0.18710193940036518,4.4,3.8,10.351074459640826,7,10.414363352403031,92341.94233965196,92308.36804724297,24.814609526991635,0.22827901498324282,0.0,8.531403867021613,0
28.744,-3.4959825724402824,-2.8859942434810653,0.9586825660734791,0.0,0.0,1e-12,0.22,-0.18710193940036518,4.4,3.8,10.346451556361853,7,10.414363352403031,92341.94233965196,92308.36804724297,24.814609526991635,0.22827901498324282,0.0,8.531403867021613,0
28.942,-3.455515630944402,-2.873220952006209,0.9764504095081374,0.0,0.0,1e-12,0.22,-0.18710193940036518,4.4,3.8,10.307327670269656,7,10.414363352403031,92341.94233965196,92308.36804724297,24.814609526991635,0.22827901498324282,0.0,8.531403867021613,0
29.008,-3.442450561544182,-2.86940853587587,0.9865254905086295,0.0,0.0,1e-12,0.22,-0.18710193940036518,4.4,3.8,10.294903643486839,7,10.414363352403031,92341.94233965196,92308.36804724297,24.814609526991635,0.22827901498324282,0.0,8.531403867021613,0
29.008,-3.442450561544182,-2.86940853587587,0.9865254905086295,0.0,0.0,1e-12,0.22,-0.18710193940036518,4.4,3.8,10.294903643486839,7,10.414363352403031,92341.94233965196,92308.36804724297,24.814609526991635,0.22827901498324282,0.0,8.531403867021613,0
29.008,-3.442450561544182,-2.86940853587587,0.9865254905086295,0.0,0.0,1e-12,0.22,-0.18710193940036518,4.4,3.8,10.294903643486839,7,10.414363352403031,92341.94233965196,92308.36804724297,24.814609526991635,0.22827901498324282,0.0,8.531403867021613,0
29.338,-3.374594866608423,-2.8502170976693413,1.021498947204947,0.0,0.0,1e-12,0.22,0.3399116258930852,4.4,3.8,10.230821706296503,7,10.304471425421756,91239.93549780242,91206.54082019483,23.884569591203704,0.42110443987146856,0.0,9.089003576522401,0
29.437,-3.3540833579023674,-2.8471627973838727,1.0387983183058336,0.0,0.0,1e-12,0.22,0.3399116258930852,4.4,3.8,10.213255209590264,7,10.304471425421756,91239.93549780242,91206.54082019483,23.884569591203704,0.42110443987146856,0.0,9.089003576522401,0
29.503,-3.343598628193746,-2.846985152138683,1.046738926154086,0.0,0.0,1e-12,0.22,0.3399116258930852,4.4,3.8,10.205181592079397,7,10.304471425421756,91239.93549780242,91206.54082019483,23.884569591203704,0.42110443987146856,0.0,9.089003576522401,0
29.569,-3.3275301165662654,-2.8411495938266333,1.0587767581995235,0.0,0.0,1e-12,0.22,0.3399116258930852,4.4,3.8,10.189189841691158,7,10.304471425421756,91239.93549780242,91206.54082019483,23.884569591203704,0.42110443987146856,0.0,9.089003576522401,0
29.701,-3.29938526736436,-2.831489647006023,1.078678475253698,0.0,0.0,1e-12,0.22,0.3399116258930852,4.4,3.8,10.161554429990296,7,10.304471425421756,91239.93549780242,91206.54082019483,23.884569591203704,0.42110443987146856,0.0,9.089003576522401,0
29.833,-3.2725792850344924,-2.8234193438693755,1.103302038756637,0.0,0.0,1e-12,0.22,0.3399116258930852,4.4,3.8,10.135983262115396,7,10.304471425421756,91239.93549780242,91206.54082019483,23.884569591203704,0.42110443987146856,0.0,9.089003576522401,0
29.833,-3.2725792850344924,-2.8234193438693755,1.103302038756637,0.0,0.0,1e-12,0.044869468983080384,-1.0,4.4,3.8,10.135983262115396,7,10.180488123479275,91414.77984317708,91381.76449039788,22.7222924943422,0.5002052700256978,0.0,9.792855014816611,0
29.932,-3.251296995786164,-2.811808822682532,1.1143504169139933,0.0,0.0,1e-12,0.0,-0.9999999862642797,4.4,3.8,10.112287655393757,7,9.933383821222643,154201.5035342338,154168.96409531863,18.463056967564263,0.4999999862642729,0.0,13.5763819613498,0
30.13,-3.2438432945762936,-2.8020108358799245,1.1120305260327827,0.0,0.0,1e-12,0.0,-0.9999999862642797,4.4,3.8,10.100241947058244,7,9.933383821222643,154201.5035342338,154168.96409531863,18.463056967564263,0.4999999862642729,0.0,13.5763819613498,0
30.229,-3.227751331117092,-2.7450705190170805,1.113733570703386,0.0,0.0,1e-12,0.0,-0.9999999862642797,4.4,3.8,10.050897396166429,7,9.933383821222643,154201.5035342338,154168.96409531863,18.463056967564263,0.4999999862642729,0.0,13.5763819613498,0
30.229,-3.227751331117092,-2.7450705190170805,1.113733570703386,0.0,0.0,1e-12,0.0,-0.9999999862642797,4.4,3.8,10.050897396166429,7,9.933383821222643,154201.5035342338,154168.96409531863,18.463056967564263,0.4999999862642729,0.0,13.5763819613498,0
30.427,-3.2264506679174976,-2.74483018143734,1.1064156205703046,0.0,0.0,1e-12,0.0,-0.9999999862642797,4.4,3.8,10.049753822558658,7,9.933383821222643,154201.5035342338,154168.96409531863,18.463056967564263,0.4999999862642729,0.0,13.5763819613498,0
30.526,-3.2268701911722912,-2.744547112063898,1.1024315601602837,0.0,0.0,1e-12,0.0,-0.9999999862642797,4.4,3.8,10.04988785086761,7,9.933383821222643,154201.5035342338,154168.96409531863,18.463056967564263,0.4999999862642729,0.0,13.5763819613498,0
30.526,-3.2268701911722912,-2.744547112063898,1.1024315601602837,0.0,0.0,1e-12,0.0,-0.9999999862642797,4.4,3.8,10.04988785086761,7,9.933383821222643,154201.5035342338,154168.96409531863,18.463056967564263,0.4999999862642729,0.0,13.5763819613498,0
30.691,-3.2281294173915946,-2.7475731233584977,1.1022892930719284,0.0,0.0,1e-12,0.0,-0.9999999862642797,4.4,3.8,10.052814144019653,7,9.933383821222643,154201.5035342338,154168.96409531863,18.463056967564263,0.4999999862642729,0.0,13.5763819613498,0
30.823,-3.2264540368495664,-2.7462316419820643,1.1043468361576232,0.0,0.0,1e-12,0.0,-0.9999999862642797,4.4,3.8,10.050669126315235,7,9.933383821222643,154201.5035342338,154168.96409531863,18.463056967564263,0.4999999862642729,0.0,13.5763819613498,0
30.823,-3.2264540368495664,-2.7462316419820643,1.1043468361576232,0.0,0.0,1e-12,0.0,-0.9999999862642797,4.4,3.8,10.050669126315235,7,9.933383821222643,154201.5035342338,154168.96409531863,18.463056967564263,0.4999999862642729,0.0,13.5763819613498,0
30.988,-3.2263058440772148,-2.7572316306438225,1.104847198390592,0.0,0.0,1e-12,0.0,-0.9999999862642797,4.4,3.8,10.057724766830823,7,9.933383821222643,154201.5035342338,154168.96409531863,18.463056967564263,0.4999999862642729,0.0,13.5763819613498,0
31.12,-3.2098508588386854,-2.729897119157843,1.1188228068807515,0.0,0.0,1e-12,0.05981581231181472,1.0,4.4,3.8,10.027431699121854,7,9.292462630004277,24804037381.686035,24804037359.675274,1.9510464892261108,0.3572166264695309,0.0,19.702498578698584,0
31.186,-3.2256116443472993,-2.7649712066396677,1.1057180431037537,0.0,0.0,1e-12,0.05981581231181472,1.0,4.4,3.8,10.062246264846285,7,9.292462630004277,24804037381.686035,24804037359.675274,1.9510464892261108,0.3572166264695309,0.0,19.702498578698584,0
31.285,-3.2180995241173784,-2.7555830710378486,1.1200976569355945,0.0,0.0,1e-12,0.0,0.9999122923810546,4.4,3.8,10.050428337172274,7,6.268857740712978,246092046017331.03,246092046017159.6,170.45848875048836,0.3924444039541609,0.0,0.5639559142782447,0
31.384,-3.2146351151747035,-2.7552358263536187,1.1205938464811416,0.0,0.0,1e-12,0.0,0.9999122923810546,4.4,3.8,10.04757605974504,7,6.268857740712978,246092046017331.03,246092046017159.6,170.45848875048836,0.3924444039541609,0.0,0.5639559142782447,0
31.483,-3.216230822731429,-2.7556214249336577,1.1163831086933023,0.0,0.0,1e-12,0.0,0.9999122923810546,4.4,3.8,10.049036979341526,7,6.268857740712978,246092046017331.03,246092046017159.6,170.45848875048836,0.3924444039541609,0.0,0.5639559142782447,0
31.615,-3.218924656740224,-2.756475712779556,1.1117957915120689,0.0,0.0,1e-12,0.05714720622156489,1.0,4.4,3.8,10.051636020934717,7,269.3176256143361,20460940415.277927,20460940304.45196,109.32578273556891,0.3927769412595926,0.0,1.1074077425524997,0
31.681,-3.2189033512931764,-2.7587132193463892,1.1118284708932993,0.0,0.0,1e-12,0.05714720622156489,1.0,4.4,3.8,10.053079496849485,7,269.3176256143361,20460940415.277927,20460940304.45196,109.32578273556891,0.3927769412595926,0.0,1.1074077425524997,0
31.813,-3.2116187595329535,-2.7550741401878938,1.123925842516833,0.0,0.0,1e-12,0.05714720622156489,1.0,4.4,3.8,10.04518477300612,7,269.3176256143361,20460940415.277927,20460940304.45196,109.32578273556891,0.3927769412595926,0.0,1.1074077425524997,0
31.879,-3.207559163726239,-2.7521662786202428,1.1279398616057885,0.0,0.0,1e-12,0.05714720622156489,1.0,4.4,3.8,10.040211121897952,7,269.3176256143361,20460940415.277927,20460940304.45196,109.32578273556891,0.3927769412595926,0.0,1.1074077425524997,0
31.978,-3.2014021943603974,-2.7515299525921835,1.1342487138192943,0.0,0.0,1e-12,0.05714720622156489,1.0,4.4,3.8,10.03513129162442,7,269.3176256143361,20460940415.277927,20460940304.45196,109.32578273556891,0.3927769412595926,0.0,1.1074077425524997,0
32.11,-3.2196564198771584,-2.8173924867919147,1.1337915547984245,0.0,0.0,1e-12,0.0,0.9999654608598162,4.4,3.8,10.09202889815647,7,628.2577958002046,4679583780.788671,4679583680.9353695,98.45588883022337,0.2900051794866828,0.0,1.1074077425524997,0
32.209,-3.2134216721010196,-2.819358533176853,1.1405074355810976,0.0,0.0,1e-12,0.0,0.9999654608598162,4.4,3.8,10.088612240935753,7,628.2577958002046,4679583780.788671,4679583680.9353695,98.45588883022337,0.2900051794866828,0.0,1.1074077425524997,0
32.242,-3.212151266186022,-2.8175537594137365,1.149397926342907,0.0,0.0,1e-12,0.0,0.9999654608598162,4.4,3.8,10.086469385172808,7,628.2577958002046,4679583780.788671,4679583680.9353695,98.45588883022337,0.2900051794866828,0.0,1.1074077425524997,0
32.341,-3.2125181590288094,-2.8246594676095915,1.148349990876661,0.0,0.0,1e-12,0.0,0.9999654608598162,4.4,3.8,10.091409504292885,7,628.2577958002046,4679583780.788671,4679583680.9353695,98.45588883022337,0.2900051794866828,0.0,1.1074077425524997,0
32.44,-3.20676892773738,-2.818513693040379,1.1635494482546884,0.0,0.0,1e-12,0.0,0.9999654608598162,4.4,3.8,10.083038085069099,7,628.2577958002046,4679583780.788671,4679583680.9353695,98.45588883022337,0.2900051794866828,0.0,1.1074077425524997,0
32.572,-3.1976439792291673,-2.803090831285694,1.1758572537213214,0.0,0.0,1e-12,0.0,0.999177153223314,4.4,3.8,10.066032116048827,7,789.5774765389754,7739830254.751761,7739830153.435239,99.91956724865878,0.2895481173385146,0.0,1.1074077425524997,0
32.671,-3.191573933993909,-2.80072408075756,1.184192593394715,0.0,0.0,1e-12,0.0,0.999177153223314,4.4,3.8,10.059898269147084,7,789.5774765389754,7739830254.751761,7739830153.435239,99.91956724865878,0.2895481173385146,0.0,1.1074077425524997,0
32.803,-3.1807178626589203,-2.7832603469822352,1.1984194720742478,0.0,0.0,1e-12,0.0,0.999177153223314,4.4,3.8,10.040249006343652,7,789.5774765389754,7739830254.751761,7739830153.435239,99.91956724865878,0.2895481173385146,0.0,1.1074077425524997,0
32.902,-3.1789246045053043,-2.789202474623492,1.2109570389066802,0.0,0.0,1e-12,0.0,0.999177153223314,4.4,3.8,10.042792809391232,7,789.5774765389754,7739830254.751761,7739830153.435239,99.91956724865878,0.2895481173385146,0.0,1.1074077425524997,0
33.001,-3.1857571694305644,-2.8259013037893057,1.215593216278302,0.0,0.0,1e-12,0.0,0.999177153223314,4.4,3.8,10.072054404197985,7,789.5774765389754,7739830254.751761,7739830153.435239,99.91956724865878,0.2895481173385146,0.0,1.1074077425524997,0
33.133,-3.1731745869325225,-2.8116945400763087,1.2268387306461175,0.0,0.0,1e-12,0.0,0.9975362361410912,4.4,3.8,10.053232217323714,7,1095.0992540872332,13145856740.966322,13145856638.982641,100.58767502363848,0.2885978668003707,0.0,1.1074077425524997,0
33.199,-3.1677404548513035,-2.803414772838916,1.2353563430264312,0.0,0.0,1e-12,0.0,0.9975362361410912,4.4,3.8,10.043693655928593,7,1095.0992540872332,13145856740.966322,13145856638.982641,100.58767502363848,0.2885978668003707,0.0,1.1074077425524997,0
33.298,-3.15827066685734,-2.791007345529717,1.2447669343608474,0.0,0.0,1e-12,0.0,0.9975362361410912,4.4,3.8,10.028401333328397,7,1095.0992540872332,13145856740.966322,13145856638.982641,100.58767502363848,0.2885978668003707,0.0,1.1074077425524997,0
33.43,-3.145629159728863,-2.771057235506078,1.2588336884302624,0.0,0.0,1e-12,0.0,0.9975362361410912,4.4,3.8,10.005763969255286,7,1095.0992540872332,13145856740.966322,13145856638.982641,100.58767502363848,0.2885978668003707,0.0,1.1074077425524997,0
33.529,-3.1416579237171844,-2.773367682017062,1.2699811087706743,0.0,0.0,1e-12,0.0,0.9975362361410912,4.4,3.8,10.004287426966128,7,1095.0992540872332,13145856740.966322,13145856638.982641,100.58767502363848,0.2885978668003707,0.0,1.1074077425524997,0
33.628,-3.1347073784659614,-2.771132601899271,1.2770613062623501,0.0,0.0,1e-12,0.0,0.9910594202495427,4.4,3.8,9.997579654639061,7,1134.4435319119273,56326102646.48103,56326102537.23319,107.85557263854784,0.28486240930040124,0.0,1.1074077425524997,0
33.661,-3.1352763291226227,-2.775214792475866,1.2833847904440416,0.0,0.0,1e-12,0.0,0.9910594202495427,4.4,3.8,10.000691922233639,7,1134.4435319119273,56326102646.48103,56326102537.23319,107.85557263854784,0.28486240930040124,0.0,1.1074077425524997,0
33.826,-3.145085354435219,-2.830610506098575,1.3084933631110318,0.0,0.0,1e-12,0.0,0.9910594202495427,4.4,3.8,10.044566127478959,7,1134.4435319119273,56326102646.48103,56326102537.23319,107.85557263854784,0.28486240930040124,0.0,1.1074077425524997,0
33.892,-3.139278386284366,-2.8198683230617196,1.3165881866358233,0.0,0.0,1e-12,0.0,0.9910594202495427,4.4,3.8,10.033113933399271,7,1134.4435319119273,56326102646.48103,56326102537.23319,107.85557263854784,0.28486240930040124,0.0,1.1074077425524997,0
33.991,-3.1285047195796984,-2.803901507270531,1.318658979497916,0.0,0.0,1e-12,0.0,0.9910594202495427,4.4,3.8,10.014484431585272,7,1134.4435319119273,56326102646.48103,56326102537.23319,107.85557263854784,0.28486240930040124,0.0,1.1074077425524997,0
34.057,-3.1233309293037537,-2.795004943000184,1.3203788572164514,0.0,0.0,1e-12,0.0,0.9783475487784985,4.4,3.8,10.004728805420731,7,1693.052747462367,93972417078.34613,93972416968.76517,108.19596033661759,0.27760167220057513,0.0,1.1074077425524997,0
34.189,-3.1107393821655123,-2.771834724307171,1.3282012371722896,0.0,0.0,1e-12,0.0,0.9783475487784985,4.4,3.8,9.979990867251407,7,1693.052747462367,93972417078.34613,93972416968.76517,108.19596033661759,0.27760167220057513,0.0,1.1074077425524997,0
34.321,-3.1049501198590876,-2.7730105202622473,1.3332077104714666,0.0,0.0,1e-12,0.0,0.9783475487784985,4.4,3.8,9.976409354123913,7,1693.052747462367,93972417078.34613,93972416968.76517,108.19596033661759,0.27760167220057513,0.0,1.1074077425524997,0
34.42,-3.1017643971912943,-2.7749813797543172,1.3415872269812297,0.0,0.0,1e-12,0.0,0.9783475487784985,4.4,3.8,9.975311985852015,7,1693.052747462367,93972417078.34613,93972416968.76517,108.19596033661759,0.27760167220057513,0.0,1.1074077425524997,0
34.486,-3.103621163905691,-2.7823862251136537,1.3424684373969853,0.0,0.0,1e-12,0.0,0.9783475487784985,4.4,3.8,9.981590002999491,7,1693.052747462367,93972417078.34613,93972416968.76517,108.19596033661759,0.27760167220057513,0.0,1.1074077425524997,0
34.618,-3.107808228028857,-2.8065810792830863,1.3572178082605297,0.0,0.0,1e-12,0.0,0.9651062584113339,4.4,3.8,10.000704872457694,7,3121.6559649092424,80519506142.78603,80519506031.89116,109.51732475385845,0.27013821112390574,0.0,1.1074077425524997,0
34.717,-3.1009730633700117,-2.7970435681701638,1.3620543246371837,0.0,0.0,1e-12,0.0,0.9651062584113339,4.4,3.8,9.989273283764831,7,3121.6559649092424,80519506142.78603,80519506031.89116,109.51732475385845,0.27013821112390574,0.0,1.1074077425524997,0
34.816,-3.09517280723375,-2.7843127864953394,1.3563159327908616,0.0,0.0,1e-12,0.0,0.9651062584113339,4.4,3.8,9.97651192956247,7,3121.6559649092424,80519506142.78603,80519506031.89116,109.51732475385845,0.27013821112390574,0.0,1.1074077425524997,0
34.882,-3.0917406946615404,-2.773629802185686,1.3560122047026988,0.0,0.0,1e-12,0.0,0.9651062584113339,4.4,3.8,9.966884538923464,7,3121.6559649092424,80519506142.78603,80519506031.89116,109.51732475385845,0.27013821112390574,0.0,1.1074077425524997,0
35.014,-3.089425323362891,-2.767716315498337,1.3538603277500276,0.0,0.0,1e-12,0.0,0.9651062584113339,4.4,3.8,9.961244363787708,7,3121.6559649092424,80519506142.78603,80519506031.89116,109.51732475385845,0.27013821112390574,0.0,1.1074077425524997,0
35.113,-3.0867717157290926,-2.7595948452189605,1.3534776909216777,0.0,0.0,1e-12,0.0,0.9651062584113339,4.4,3.8,9.953895481511964,7,3121.6559649092424,80519506142.78603,80519506031.89116,109.51732475385845,0.27013821112390574,0.0,1.1074077425524997,0
35.113,-3.0867717157290926,-2.7595948452189605,1.3534776909216777,0.0,0.0,1e-12,0.0,0.9651062584113339,4.4,3.8,9.953895481511964,7,3121.6559649092424,80519506142.78603,80519506031.89116,109.51732475385845,0.27013821112390574,0.0,1.1074077425524997,0
35.245,-3.1077660957280533,-2.8224631460822454,1.374538291840004,0.0,0.0,1e-12,0.22,-0.3085328981446351,4.4,3.8,10.011172252507755,7,9292.238418107105,9739583546424.307,9739583546303.006,118.39538005392546,0.08540141312271259,0.0,2.8210297967442854,0
35.41,-3.107941964774568,-2.8053077523125687,1.3621103517626287,0.0,0.0,1e-12,0.22,-0.3085328981446351,4.4,3.8,9.999964152394924,7,9292.238418107105,9739583546424.307,9739583546303.006,118.39538005392546,0.08540141312271259,0.0,2.8210297967442854,0
35.509,-3.128329404562998,-2.8184583394758738,1.3515794685331821,0.0,0.0,1e-12,0.22,-0.3085328981446351,4.4,3.8,10.023958021409786,7,9292.238418107105,9739583546424.307,9739583546303.006,118.39538005392546,0.08540141312271259,0.0,2.8210297967442854,0
35.608,-3.149036258703062,-2.825608466234051,1.3398597225171924,0.0,0.0,1e-12,0.03332550864545747,1.0,4.4,3.8,10.044233966960638,7,18321.60408919857,542724925632.82355,542724925506.8526,123.87325660305588,0.5194710589526479,0.0,1.5782503553060234,0
35.707,-3.1643422669388452,-2.8283428499396446,1.3286477565144166,0.0,0.0,1e-12,0.03332550864545747,1.0,4.4,3.8,10.057544574484545,7,18321.60408919857,542724925632.82355,542724925506.8526,123.87325660305588,0.5194710589526479,0.0,1.5782503553060234,0
35.806,-3.168097869003126,-2.818080836735971,1.3106004435984997,0.0,0.0,1e-12,0.03332550864545747,1.0,4.4,3.8,10.053611257472687,7,18321.60408919857,542724925632.82355,542724925506.8526,123.87325660305588,0.5194710589526479,0.0,1.5782503553060234,0
35.872,-3.1695672738746685,-2.8154806361294282,1.3005587347663845,0.0,0.0,1e-12,0.03332550864545747,1.0,4.4,3.8,10.053006155410321,7,18321.60408919857,542724925632.82355,542724925506.8526,123.87325660305588,0.5194710589526479,0.0,1.5782503553060234,0
36.004,-3.158911394574564,-2.785726172151681,1.289231980539945,0.0,0.0,1e-12,0.03332550864545747,1.0,4.4,3.8,10.025414240099648,7,18321.60408919857,542724925632.82355,542724925506.8526,123.87325660305588,0.5194710589526479,0.0,1.5782503553060234,0
36.103,-3.157685375597996,-2.7679308233076267,1.276675809251129,0.0,0.0,1e-12,0.0,1.0,4.4,3.8,10.01280797460344,7,28349.590024031953,681274719071532.6,681274719071381.6,149.24760385811507,0.5158269559523085,0.0,1.2349757355286561,0
36.202,-3.1594136241819695,-2.757553062147977,1.2698713244168232,0.0,0.0,1e-12,0.0,1.0,4.4,3.8,10.007309154031082,7,28349.590024031953,681274719071532.6,681274719071381.6,149.24760385811507,0.5158269559523085,0.0,1.2349757355286561,0
36.301,-3.1742256486773086,-2.7822561436509146,1.2602637896793125,0.0,0.0,1e-12,0.0,1.0,4.4,3.8,10.034689338375724,7,28349.590024031953,681274719071532.6,681274719071381.6,149.24760385811507,0.5158269559523085,0.0,1.2349757355286561,0
36.433,-3.1759924003888975,-2.7705588603574847,1.2421400398049485,0.0,0.0,1e-12,0.0,1.0,4.4,3.8,10.028355029025079,7,28349.590024031953,681274719071532.6,681274719071381.6,149.24760385811507,0.5158269559523085,0.0,1.2349757355286561,0
36.532,-3.179450362780579,-2.7653771287276463,1.234391685447207,0.0,0.0,1e-12,0.0,1.0,4.4,3.8,10.027574215346139,7,28349.590024031953,681274719071532.6,681274719071381.6,149.24760385811507,0.5158269559523085,0.0,1.2349757355286561,0
36.631,-3.1811257632756935,-2.7558151906053077,1.2206846862420972,0.0,0.0,1e-12,0.0,1.0,4.4,3.8,10.022583531803253,7,28349.590024031953,681274719071532.6,681274719071381.6,149.24760385811507,0.5158269559523085,0.0,1.2349757355286561,0
36.73,-3.185906963545835,-2.7558422652647483,1.21179343417215,0.0,0.0,1e-12,2.7464757985180227e-07,1.0,4.4,3.8,10.026218243515588,7,146326.31408525177,1967092576.3188872,1967092542.7196302,31.864281122213455,0.5000000000000075,0.0,1.2349757355286561,0
36.763,-3.186218013806335,-2.75175945213039,1.2054404650281814,0.0,0.0,1e-12,2.7464757985180227e-07,1.0,4.4,3.8,10.02378449846063,7,146326.31408525177,1967092576.3188872,1967092542.7196302,31.864281122213455,0.5000000000000075,0.0,1.2349757355286561,0
36.862,-3.1894144883196547,-2.7422429324206847,1.1908985827197056,0.0,0.0,1e-12,2.7464757985180227e-07,1.0,4.4,3.8,10.019987767573605,7,146326.31408525177,1967092576.3188872,1967092542.7196302,31.864281122213455,0.5000000000000075,0.0,1.2349757355286561,0
36.994,-3.1927563044052674,-2.73584583817611,1.1805819775339326,0.0,0.0,1e-12,2.7464757985180227e-07,1.0,4.4,3.8,10.018344629652642,7,146326.31408525177,1967092576.3188872,1967092542.7196302,31.864281122213455,0.5000000000000075,0.0,1.2349757355286561,0
37.093,-3.236804643035882,-2.8252458398150524,1.1612996725717415,0.0,0.0,1e-12,2.73405072916458e-07,0.9985381922602108,4.4,3.8,10.110126982084896,7,150887.32490828622,5.277729673161243e+19,5.277729673161243e+19,181.2846474715106,0.49970785186655703,0.0,1.2349757355286561,0
37.225,-3.2361285676755633,-2.8069707317351913,1.143418552881529,0.0,0.0,1e-12,2.73405072916458e-07,0.9985381922602108,4.4,3.8,10.097649318137183,7,150887.32490828622,5.277729673161243e+19,5.277729673161243e+19,181.2846474715106,0.49970785186655703,0.0,1.2349757355286561,0
37.291,-3.2396463261864716,-2.8083846046843775,1.1356619594186383,0.0,0.0,1e-12,2.73405072916458e-07,0.9985381922602108,4.4,3.8,10.101234730103243,7,150887.32490828622,5.277729673161243e+19,5.277729673161243e+19,181.2846474715106,0.49970785186655703,0.0,1.2349757355286561,0
37.423,-3.2425120947830126,-2.800428060947654,1.1192927566484012,0.0,0.0,1e-12,2.73405072916458e-07,0.9985381922602108,4.4,3.8,10.098199924078045,7,150887.32490828622,5.277729673161243e+19,5.277729673161243e+19,181.2846474715106,0.49970785186655703,0.0,1.2349757355286561,0
37.489,-3.2420340176671423,-2.7937285331602117,1.112348816125756,0.0,0.0,1e-12,0.0,-2.422697964714774e-07,4.4,3.8,10.093460253857096,7,46838943.95510316,161988775720136.97,161988775719983.53,151.84435641882618,2.867682536479206e-14,0.0,1.5782503553060234,0
37.588,-3.2406783281792366,-2.7815363104024833,1.1062159809827725,0.0,0.0,1e-12,0.0,-2.422697964714774e-07,4.4,3.8,10.084472495864828,7,46838943.95510316,161988775720136.97,161988775719983.53,151.84435641882618,2.867682536479206e-14,0.0,1.5782503553060234,0
37.72,-3.2406783281792366,-2.7815363104024833,1.1062159809827725,0.0,0.0,1e-12,0.0,-2.422697964714774e-07,4.4,3.8,10.084472495864828,7,46838943.95510316,161988775720136.97,161988775719983.53,151.84435641882618,2.867682536479206e-14,0.0,1.5782503553060234,0
37.819,-3.2406783281792366,-2.7815363104024833,1.1062159809827725,0.0,0.0,1e-12,0.0,-2.422697964714774e-07,4.4,3.8,10.084472495864828,7,46838943.95510316,161988775720136.97,161988775719983.53,151.84435641882618,2.867682536479206e-14,0.0,1.5782503553060234,0
37.918,-3.2406783281792366,-2.7815363104024833,1.1062159809827725,0.0,0.0,1e-12,0.0,-2.422697964714774e-07,4.4,3.8,10.084472495864828,7,46838943.95510316,161988775720136.97,161988775719983.53,151.84435641882618,2.867682536479206e-14,0.0,1.5782503553060234,0
37.984,-3.2406783281792366,-2.7815363104024833,1.1062159809827725,0.0,0.0,1e-12,0.0,-2.422697964714774e-07,4.4,3.8,10.084472495864828,7,46838943.95510316,161988775720136.97,161988775719983.53,151.84435641882618,2.867682536479206e-14,0.0,1.5782503553060234,0
38.116,-3.2406783281792366,-2.7815363104024833,1.1062159809827725,0.0,0.0,1e-12,7.468979686185724e-06,-2.3885586205517126e-07,4.4,3.8,10.084472495864828,7,50833573.59228831,1822244823157709.5,1822244823157550.0,157.88291932321485,1.2300715577078452e-11,0.0,1.5782503553060234,0
38.248,-3.2406783281792366,-2.7815363104024833,1.1062159809827725,0.0,0.0,1e-12,7.468979686185724e-06,-2.3885586205517126e-07,4.4,3.8,10.084472495864828,7,50833573.59228831,1822244823157709.5,1822244823157550.0,157.88291932321485,1.2300715577078452e-11,0.0,1.5782503553060234,0
38.347,-3.2406783281792366,-2.7815363104024833,1.1062159809827725,0.0,0.0,1e-12,7.468979686185724e-06,-2.3885586205517126e-07,4.4,3.8,10.084472495864828,7,50833573.59228831,1822244823157709.5,1822244823157550.0,157.88291932321485,1.2300715577078452e-11,0.0,1.5782503553060234,0
38.446,-3.2406783281792366,-2.7815363104024833,1.1062159809827725,0.0,0.0,1e-12,7.468979686185724e-06,-2.3885586205517126e-07,4.4,3.8,10.084472495864828,7,50833573.59228831,1822244823157709.5,1822244823157550.0,157.88291932321485,1.2300715577078452e-11,0.0,1.5782503553060234,0
38.479,-3.2406783281792366,-2.7815363104024833,1.1062159809827725,0.0,0.0,1e-12,7.468979686185724e-06,-2.3885586205517126e-07,4.4,3.8,10.084472495864828,7,50833573.59228831,1822244823157709.5,1822244823157550.0,157.88291932321485,1.2300715577078452e-11,0.0,1.5782503553060234,0
38.644,-3.2406783281792366,-2.7815363104024833,1.1062159809827725,0.0,0.0,1e-12,1.6060403636691107e-05,-2.3825317645924389e-07,4.4,3.8,10.084472495864828,7,82528632.14265661,3543066649597227.0,3543066649597102.5,122.88981350064287,5.675064209965374e-11,0.0,1.5782503553060234,0
38.677,-3.2406783281792366,-2.7815363104024833,1.1062159809827725,0.0,0.0,1e-12,1.6060403636691107e-05,-2.3825317645924389e-07,4.4,3.8,10.084472495864828,7,82528632.14265661,3543066649597227.0,3543066649597102.5,122.88981350064287,5.675064209965374e-11,0.0,1.5782503553060234,0
38.776,-3.2406783281792366,-2.7815363104024833,1.1062159809827725,0.0,0.0,1e-12,1.6060403636691107e-05,-2.3825317645924389e-07,4.4,3.8,10.084472495864828,7,82528632.14265661,3543066649597227.0,3543066649597102.5,122.88981350064287,5.675064209965374e-11,0.0,1.5782503553060234,0
38.875,-3.2406783281792366,-2.7815363104024833,1.1062159809827725,0.0,0.0,1e-12,1.6060403636691107e-05,-2.3825317645924389e-07,4.4,3.8,10.084472495864828,7,82528632.14265661,3543066649597227.0,3543066649597102.5,122.88981350064287,5.675064209965374e-11,0.0,1.5782503553060234,0
39.007,-3.2406783281792366,-2.7815363104024833,1.1062159809827725,0.0,0.0,1e-12,1.6060403636691107e-05,-2.3825317645924389e-07,4.4,3.8,10.084472495864828,7,107030591.68202694,4.202668997831646e+16,4.202668997831632e+16,144.64878837816417,5.675064209965374e-11,0.0,1.5782503553060234,0
39.106,-3.2406783281792366,-2.7815363104024833,1.1062159809827725,0.0,0.0,1e-12,1.6060403636691107e-05,-2.3825317645924389e-07,4.4,3.8,10.084472495864828,7,107030591.68202694,4.202668997831646e+16,4.202668997831632e+16,144.64878837816417,5.675064209965374e-11,0.0,1.5782503553060234,0
39.172,-3.2406783281792366,-2.7815363104024833,1.1062159809827725,0.0,0.0,1e-12,1.6060403636691107e-05,-2.3825317645924389e-07,4.4,3.8,10.084472495864828,7,107030591.68202694,4.202668997831646e+16,4.202668997831632e+16,144.64878837816417,5.675064209965374e-11,0.0,1.5782503553060234,0
39.304,-3.2406783281792366,-2.7815363104024833,1.1062159809827725,0.0,0.0,1e-12,1.6060403636691107e-05,-2.3825317645924389e-07,4.4,3.8,10.084472495864828,7,107030591.68202694,4.202668997831646e+16,4.202668997831632e+16,144.64878837816417,5.675064209965374e-11,0.0,1.5782503553060234,0
39.403,-3.2406783281792366,-2.7815363104024833,1.1062159809827725,0.0,0.0,1e-12,1.6060403636691107e-05,-2.3825317645924389e-07,4.4,3.8,10.084472495864828,7,107030591.68202694,4.202668997831646e+16,4.202668997831632e+16,144.64878837816417,5.675064209965374e-11,0.0,1.5782503553060234,0
39.469,-3.2406783281792366,-2.7815363104024833,1.1062159809827725,0.0,0.0,1e-12,1.6060403636691107e-05,-2.3825317645924389e-07,4.4,3.8,10.084472495864828,7,214728864.00588086,2.547430669084718e+16,2.5474306690847012e+16,169.04190400265094,5.675064209965374e-11,0.0,1.5782503553060234,0
39.601,-3.2406783281792366,-2.7815363104024833,1.1062159809827725,0.0,0.0,1e-12,1.6060403636691107e-05,-2.3825317645924389e-07,4.4,3.8,10.084472495864828,7,214728864.00588086,2.547430669084718e+16,2.5474306690847012e+16,169.04190400265094,5.675064209965374e-11,0.0,1.5782503553060234,0
39.7,-3.2406783281792366,-2.7815363104024833,1.1062159809827725,0.0,0.0,1e-12,1.6060403636691107e-05,-2.3825317645924389e-07,4.4,3.8,10.084472495864828,7,214728864.00588086,2.547430669084718e+16,2.5474306690847012e+16,169.04190400265094,5.675064209965374e-11,0.0,1.5782503553060234,0
39.799,-3.2406783281792366,-2.7815363104024833,1.1062159809827725,0.0,0.0,1e-12,1.6060403636691107e-05,-2.3825317645924389e-07,4.4,3.8,10.084472495864828,7,214728864.00588086,2.547430669084718e+16,2.5474306690847012e+16,169.04190400265094,5.675064209965374e-11,0.0,1.5782503553060234,0
39.898,-3.2406783281792366,-2.7815363104024833,1.1062159809827725,0.0,0.0,1e-12,1.6060403636691107e-05,-2.3825317645924389e-07,4.4,3.8,10.084472495864828,7,214728864.00588086,2.547430669084718e+16,2.5474306690847012e+16,169.04190400265094,5.675064209965374e-11,0.0,1.5782503553060234,0
39.964,-3.2406783281792366,-2.7815363104024833,1.1062159809827725,0.0,0.0,1e-12,1.6060403636691107e-05,-2.3825317645924389e-07,4.4,3.8,10.084472495864828,7,214728863.82697833,6.091786466015391e+17,6.09178646601539e+17,170.41624982273268,5.675064209965374e-11,0.0,1.5782503553060234,0
40.129,-3.2406783281792366,-2.7815363104024833,1.1062159809827725,0.0,0.0,1e-12,1.6060403636691107e-05,-2.3825317645924389e-07,4.4,3.8,10.084472495864828,7,214728863.82697833,6.091786466015391e+17,6.09178646601539e+17,170.41624982273268,5.675064209965374e-11,0.0,1.5782503553060234,0
40.129,-3.2406783281792366,-2.7815363104024833,1.1062159809827725,0.0,0.0,1e-12,1.6060403636691107e-05,-2.3825317645924389e-07,4.4,3.8,10.084472495864828,7,214728863.82697833,6.091786466015391e+17,6.09178646601539e+17,170.41624982273268,5.675064209965374e-11,0.0,1.5782503553060234,0
40.294,-3.2406783281792366,-2.7815363104024833,1.1062159809827725,0.0,0.0,1e-12,1.6060403636691107e-05,-2.3825317645924389e-07,4.4,3.8,10.084472495864828,7,214728863.82697833,6.091786466015391e+17,6.09178646601539e+17,170.41624982273268,5.675064209965374e-11,0.0,1.5782503553060234,0
40.393,-3.2406783281792366,-2.7815363104024833,1.1062159809827725,0.0,0.0,1e-12,1.6060403636691107e-05,-2.3825317645924389e-07,4.4,3.8,10.084472495864828,7,214728863.82697833,6.091786466015391e+17,6.09178646601539e+17,170.41624982273268,5.675064209965374e-11,0.0,1.5782503553060234,0
40.525,-3.2406783281792366,-2.7815363104024833,1.1062159809827725,0.0,0.0,1e-12,1.6060403636691107e-05,-2.3825317645924389e-07,4.4,3.8,10.084472495864828,7,214728852.19031137,4.0660444409558697e+18,4.0660444409558697e+18,178.58094626260254,5.675064209965374e-11,0.0,1.5782503553060234,0
40.558,-3.2406783281792366,-2.7815363104024833,1.1062159809827725,0.0,0.0,1e-12,1.6060403636691107e-05,-2.3825317645924389e-07,4.4,3.8,10.084472495864828,7,214728852.19031137,4.0660444409558697e+18,4.0660444409558697e+18,178.58094626260254,5.675064209965374e-11,0.0,1.5782503553060234,0
40.69,-3.2406783281792366,-2.7815363104024833,1.1062159809827725,0.0,0.0,1e-12,1.6060403636691107e-05,-2.3825317645924389e-07,4.4,3.8,10.084472495864828,7,214728852.19031137,4.0660444409558697e+18,4.0660444409558697e+18,178.58094626260254,5.675064209965374e-11,0.0,1.5782503553060234,0
40.822,-3.2406783281792366,-2.7815363104024833,1.1062159809827725,0.0,0.0,1e-12,1.6060403636691107e-05,-2.3825317645924389e-07,4.4,3.8,10.084472495864828,7,214728852.19031137,4.0660444409558697e+18,4.0660444409558697e+18,178.58094626260254,5.675064209965374e-11,0.0,1.5782503553060234,0
40.921,-3.2406783281792366,-2.7815363104024833,1.1062159809827725,0.0,0.0,1e-12,1.6060403636691107e-05,-2.3825317645924389e-07,4.4,3.8,10.084472495864828,7,214728852.19031137,4.0660444409558697e+18,4.0660444409558697e+18,178.58094626260254,5.675064209965374e-11,0.0,1.5782503553060234,0
41.053,-3.2406783281792366,-2.7815363104024833,1.1062159809827725,0.0,0.0,1e-12,1.6060403636691107e-05,-2.3825317645924389e-07,4.4,3.8,10.084472495864828,7,214728855.1639512,4.4673039132562896e+20,4.4673039132562896e+20,215.02208874099165,5.675064209965374e-11,0.0,1.5782503553060234,0
41.086,-3.2406783281792366,-2.7815363104024833,1.1062159809827725,0.0,0.0,1e-12,1.6060403636691107e-05,-2.3825317645924389e-07,4.4,3.8,10.084472495864828,7,214728855.1639512,4.4673039132562896e+20,4.4673039132562896e+20,215.02208874099165,5.675064209965374e-11,0.0,1.5782503553060234,0
41.218,-3.2406783281792366,-2.7815363104024833,1.1062159809827725,0.0,0.0,1e-12,1.6060403636691107e-05,-2.3825317645924389e-07,4.4,3.8,10.084472495864828,7,214728855.1639512,4.4673039132562896e+20,4.4673039132562896e+20,215.02208874099165,5.675064209965374e-11,0.0,1.5782503553060234,0
41.284,-3.2406783281792366,-2.7815363104024833,1.1062159809827725,0.0,0.0,1e-12,1.6060403636691107e-05,-2.3825317645924389e-07,4.4,3.8,10.084472495864828,7,214728855.1639512,4.4673039132562896e+20,4.4673039132562896e+20,215.02208874099165,5.675064209965374e-11,0.0,1.5782503553060234,0
41.35,-3.2406783281792366,-2.7815363104024833,1.1062159809827725,0.0,0.0,1e-12,1.6060403636691107e-05,-2.3825317645924389e-07,4.4,3.8,10.084472495864828,7,214728855.1639512,4.4673039132562896e+20,4.4673039132562896e+20,215.02208874099165,5.675064209965374e-11,0.0,1.5782503553060234,0
41.449,-3.2406783281792366,-2.7815363104024833,1.1062159809827725,0.0,0.0,1e-12,1.6060403636691107e-05,-2.3825317645924389e-07,4.4,3.8,10.084472495864828,7,214728855.1639512,4.4673039132562896e+20,4.4673039132562896e+20,215.02208874099165,5.675064209965374e-11,0.0,1.5782503553060234,0
41.548,-3.2406783281792366,-2.7815363104024833,1.1062159809827725,0.0,0.0,1e-12,3.387771015544495e-05,-2.3595862852658143e-07,4.4,3.8,10.084472495864828,7,214728855.6034389,4.887754033342345e+21,4.887754033342345e+21,206.03030742820374,2.512759756264317e-10,0.0,1.5782503553060234,0
41.647,-3.2406783281792366,-2.7815363104024833,1.1062159809827725,0.0,0.0,1e-12,3.387771015544495e-05,-2.3595862852658143e-07,4.4,3.8,10.084472495864828,7,214728855.6034389,4.887754033342345e+21,4.887754033342345e+21,206.03030742820374,2.512759756264317e-10,0.0,1.5782503553060234,0
41.812,-3.2406783281792366,-2.7815363104024833,1.1062159809827725,0.0,0.0,1e-12,3.387771015544495e-05,-2.3595862852658143e-07,4.4,3.8,10.084472495864828,7,214728855.6034389,4.887754033342345e+21,4.887754033342345e+21,206.03030742820374,2.512759756264317e-10,0.0,1.5782503553060234,0
41.878,-3.2406783281792366,-2.7815363104024833,1.1062159809827725,0.0,0.0,1e-12,3.387771015544495e-05,-2.3595862852658143e-07,4.4,3.8,10.084472495864828,7,214728855.6034389,4.887754033342345e+21,4.887754033342345e+21,206.03030742820374,2.512759756264317e-10,0.0,1.5782503553060234,0
42.01,-3.2406783281792366,-2.7815363104024833,1.1062159809827725,0.0,0.0,1e-12,3.387771015544495e-05,-2.3595862852658143e-07,4.4,3.8,10.084472495864828,7,214728855.6034389,4.887754033342345e+21,4.887754033342345e+21,206.03030742820374,2.512759756264317e-10,0.0,1.5782503553060234,0
42.076,-3.2406783281792366,-2.7815363104024833,1.1062159809827725,0.0,0.0,1e-12,4.6629581069237706e-05,-2.3592340932680396e-07,4.4,3.8,10.084472495864828,7,214728859.41465658,2.951302861939733e+22,2.951302861939733e+22,198.24182803025224,4.759598528651806e-10,0.0,1.5782503553060234,0
42.076,-3.2406783281792366,-2.7815363104024833,1.1062159809827725,0.0,0.0,1e-12,4.6629581069237706e-05,-2.3592340932680396e-07,4.4,3.8,10.084472495864828,7,214728859.41465658,2.951302861939733e+22,2.951302861939733e+22,198.24182803025224,4.759598528651806e-10,0.0,1.5782503553060234,0
42.34,-3.2406783281792366,-2.7815363104024833,1.1062159809827725,0.0,0.0,1e-12,4.6629581069237706e-05,-2.3592340932680396e-07,4.4,3.8,10.084472495864828,7,214728859.41465658,2.951302861939733e+22,2.951302861939733e+22,198.24182803025224,4.759598528651806e-10,0.0,1.5782503553060234,0
42.406,-3.2406783281792366,-2.7815363104024833,1.1062159809827725,0.0,0.0,1e-12,4.6629581069237706e-05,-2.3592340932680396e-07,4.4,3.8,10.084472495864828,7,214728859.41465658,2.951302861939733e+22,2.951302861939733e+22,198.24182803025224,4.759598528651806e-10,0.0,1.5782503553060234,0
42.505,-3.2406783281792366,-2.7815363104024833,1.1062159809827725,0.0,0.0,1e-12,4.6629581069237706e-05,-2.3592340932680396e-07,4.4,3.8,10.084472495864828,7,214728859.41465658,2.951302861939733e+22,2.951302861939733e+22,198.24182803025224,4.759598528651806e-10,0.0,1.5782503553060234,0
42.637,-3.2406783281792366,-2.7815363104024833,1.1062159809827725,0.0,0.0,1e-12,4.6629581069237706e-05,-2.3592340932680396e-07,4.4,3.8,10.084472495864828,7,214728859.41465658,2.951302861939733e+22,2.951302861939733e+22,198.24182803025224,4.759598528651806e-10,0.0,1.5782503553060234,0
42.703,-3.2406783281792366,-2.7815363104024833,1.1062159809827725,0.0,0.0,1e-12,5.9446014986758884e-05,-2.3603789264770197e-07,4.4,3.8,10.084472495864828,7,214728869.10458595,8.296259195999271e+23,8.296259195999271e+23,248.31416751214903,7.738379502078912e-10,0.0,1.5782503553060234,0
42.802,-3.2406783281792366,-2.7815363104024833,1.1062159809827725,0.0,0.0,1e-12,5.9446014986758884e-05,-2.3603789264770197e-07,4.4,3.8,10.084472495864828,7,214728869.10458595,8.296259195999271e+23,8.296259195999271e+23,248.31416751214903,7.738379502078912e-10,0.0,1.5782503553060234,0
42.934,-3.2406783281792366,-2.7815363104024833,1.1062159809827725,0.0,0.0,1e-12,5.9446014986758884e-05,-2.3603789264770197e-07,4.4,3.8,10.084472495864828,7,214728869.10458595,8.296259195999271e+23,8.296259195999271e+23,248.31416751214903,7.738379502078912e-10,0.0,1.5782503553060234,0
43.033,-3.2406783281792366,-2.7815363104024833,1.1062159809827725,0.0,0.0,1e-12,5.9446014986758884e-05,-2.3603789264770197e-07,4.4,3.8,10.084472495864828,7,214728869.10458595,8.296259195999271e+23,8.296259195999271e+23,248.31416751214903,7.738379502078912e-10,0.0,1.5782503553060234,0
43.099,-3.2406783281792366,-2.7815363104024833,1.1062159809827725,0.0,0.0,1e-12,5.9446014986758884e-05,-2.3603789264770197e-07,4.4,3.8,10.084472495864828,7,214728869.10458595,8.296259195999271e+23,8.296259195999271e+23,248.31416751214903,7.738379502078912e-10,0.0,1.5782503553060234,0
43.198,-3.2406783281792366,-2.7815363104024833,1.1062159809827725,0.0,0.0,1e-12,6.56734741954709e-05,-2.3612183515759544e-07,4.4,3.8,10.084472495864828,7,177619554.79596367,8.459969310101744e+23,8.459969310101744e+23,249.6886929926889,9.442171245424732e-10,0.0,1.5782503553060234,0
43.264,-3.2406783281792366,-2.7815363104024833,1.1062159809827725,0.0,0.0,1e-12,6.56734741954709e-05,-2.3612183515759544e-07,4.4,3.8,10.084472495864828,7,177619554.79596367,8.459969310101744e+23,8.459969310101744e+23,249.6886929926889,9.442171245424732e-10,0.0,1.5782503553060234,0
43.396,-3.2406783281792366,-2.7815363104024833,1.1062159809827725,0.0,0.0,1e-12,6.56734741954709e-05,-2.3612183515759544e-07,4.4,3.8,10.084472495864828,7,177619554.79596367,8.459969310101744e+23,8.459969310101744e+23,249.6886929926889,9.442171245424732e-10,0.0,1.5782503553060234,0
43.462,-3.2406783281792366,-2.7815363104024833,1.1062159809827725,0.0,0.0,1e-12,6.56734741954709e-05,-2.3612183515759544e-07,4.4,3.8,10.084472495864828,7,177619554.79596367,8.459969310101744e+23,8.459969310101744e+23,249.6886929926889,9.442171245424732e-10,0.0,1.5782503553060234,0
43.627,-3.2406783281792366,-2.7815363104024833,1.1062159809827725,0.0,0.0,1e-12,6.56734741954709e-05,-2.3612183515759544e-07,4.4,3.8,10.084472495864828,7,177619554.79596367,8.459969310101744e+23,8.459969310101744e+23,249.6886929926889,9.442171245424732e-10,0.0,1.5782503553060234,0
43.726,-3.2406783281792366,-2.7815363104024833,1.1062159809827725,0.0,0.0,1e-12,7.135670473953675e-05,-2.365788813546462e-07,4.4,3.8,10.084472495864828,7,177619555.5117708,9.796547656889933e+24,9.796547656889933e+24,180.81153937141042,1.1835634465043023e-09,0.0,1.5782503553060234,0
43.792,-3.2406783281792366,-2.7815363104024833,1.1062159809827725,0.0,0.0,1e-12,7.135670473953675e-05,-2.365788813546462e-07,4.4,3.8,10.084472495864828,7,177619555.5117708,9.796547656889933e+24,9.796547656889933e+24,180.81153937141042,1.1835634465043023e-09,0.0,1.5782503553060234,0
43.891,-3.2406783281792366,-2.7815363104024833,1.1062159809827725,0.0,0.0,1e-12,7.135670473953675e-05,-2.365788813546462e-07,4.4,3.8,10.084472495864828,7,177619555.5117708,9.796547656889933e+24,9.796547656889933e+24,180.81153937141042,1.1835634465043023e-09,0.0,1.5782503553060234,0
43.99,-3.2406783281792366,-2.7815363104024833,1.1062159809827725,0.0,0.0,1e-12,7.135670473953675e-05,-2.365788813546462e-07,4.4,3.8,10.084472495864828,7,177619555.5117708,9.796547656889933e+24,9.796547656889933e+24,180.81153937141042,1.1835634465043023e-09,0.0,1.5782503553060234,0
44.089,-3.2406783281792366,-2.7815363104024833,1.1062159809827725,0.0,0.0,1e-12,7.135670473953675e-05,-2.365788813546462e-07,4.4,3.8,10.084472495864828,7,177619555.5117708,9.796547656889933e+24,9.796547656889933e+24,180.81153937141042,1.1835634465043023e-09,0.0,1.5782503553060234,0
44.155,-3.2406783281792366,-2.7815363104024833,1.1062159809827725,0.0,0.0,1e-12,7.65628484336364e-05,-2.510820968927534e-07,4.4,3.8,10.084472495864828,7,177619556.55635434,6.986601479479505e+26,6.986601479479505e+26,281.9797802035439,1.4311712943064093e-09,0.0,1.5782503553060234,0
44.287,-3.2406783281792366,-2.7815363104024833,1.1062159809827725,0.0,0.0,1e-12,7.65628484336364e-05,-2.510820968927534e-07,4.4,3.8,10.084472495864828,7,177619556.55635434,6.986601479479505e+26,6.986601479479505e+26,281.9797802035439,1.4311712943064093e-09,0.0,1.5782503553060234,0
44.419,-3.2406783281792366,-2.7815363104024833,1.1062159809827725,0.0,0.0,1e-12,7.65628484336364e-05,-2.510820968927534e-07,4.4,3.8,10.084472495864828,7,177619556.55635434,6.986601479479505e+26,6.986601479479505e+26,281.9797802035439,1.4311712943064093e-09,0.0,1.5782503553060234,0
44.518,-3.2406783281792366,-2.7815363104024833,1.1062159809827725,0.0,0.0,1e-12,7.65628484336364e-05,-2.510820968927534e-07,4.4,3.8,10.084472495864828,7,177619556.55635434,6.986601479479505e+26,6.986601479479505e+26,281.9797802035439,1.4311712943064093e-09,0.0,1.5782503553060234,0
44.518,-3.2406783281792366,-2.7815363104024833,1.1062159809827725,0.0,0.0,1e-12,7.65628484336364e-05,-2.510820968927534e-07,4.4,3.8,10.084472495864828,7,177619556.55635434,6.986601479479505e+26,6.986601479479505e+26,281.9797802035439,1.4311712943064093e-09,0.0,1.5782503553060234,0
44.716,-3.2406783281792366,-2.7815363104024833,1.1062159809827725,0.0,0.0,1e-12,8.270608510173315e-05,-5.119813491669394e-07,4.4,3.8,10.084472495864828,7,177619556.69702047,9.387745576849619e+27,9.387745576849619e+27,295.68463262688556,1.758246951381258e-09,0.0,1.5782503553060234,0
44.782,-3.2406783281792366,-2.7815363104024833,1.1062159809827725,0.0,0.0,1e-12,8.270608510173315e-05,-5.119813491669394e-07,4.4,3.8,10.084472495864828,7,177619556.69702047,9.387745576849619e+27,9.387745576849619e+27,295.68463262688556,1.758246951381258e-09,0.0,1.5782503553060234,0
44.881,-3.2406783281792366,-2.7815363104024833,1.1062159809827725,0.0,0.0,1e-12,8.270608510173315e-05,-5.119813491669394e-07,4.4,3.8,10.084472495864828,7,177619556.69702047,9.387745576849619e+27,9.387745576849619e+27,295.68463262688556,1.758246951381258e-09,0.0,1.5782503553060234,0
44.881,-3.2406783281792366,-2.7815363104024833,1.1062159809827725,0.0,0.0,1e-12,8.270608510173315e-05,-5.119813491669394e-07,4.4,3.8,10.084472495864828,7,177619556.69702047,9.387745576849619e+27,9.387745576849619e+27,295.68463262688556,1.758246951381258e-09,0.0,1.5782503553060234,0
45.079,-3.2406783281792366,-2.7815363104024833,1.1062159809827725,0.0,0.0,1e-12,8.270608510173315e-05,-5.119813491669394e-07,4.4,3.8,10.084472495864828,7,177619556.69702047,9.387745576849619e+27,9.387745576849619e+27,295.68463262688556,1.758246951381258e-09,0.0,1.5782503553060234,0
45.178,-3.2406783281792366,-2.7815363104024833,1.1062159809827725,0.0,0.0,1e-12,8.700752694853909e-05,-1.6942559610900661e-06,4.4,3.8,10.084472495864828,7,177619558.87778333,3.000154674640984e+28,3.000154674640984e+28,300.21433738277284,2.0100745508301925e-09,0.0,1.5782503553060234,0
45.343,-3.2406783281792366,-2.7815363104024833,1.1062159809827725,0.0,0.0,1e-12,8.700752694853909e-05,-1.6942559610900661e-06,4.4,3.8,10.084472495864828,7,177619558.87778333,3.000154674640984e+28,3.000154674640984e+28,300.21433738277284,2.0100745508301925e-09,0.0,1.5782503553060234,0
45.376,-3.2406783281792366,-2.7815363104024833,1.1062159809827725,0.0,0.0,1e-12,8.700752694853909e-05,-1.6942559610900661e-06,4.4,3.8,10.084472495864828,7,177619558.87778333,3.000154674640984e+28,3.000154674640984e+28,300.21433738277284,2.0100745508301925e-09,0.0,1.5782503553060234,0
45.376,-3.2406783281792366,-2.7815363104024833,1.1062159809827725,0.0,0.0,1e-12,8.700752694853909e-05,-1.6942559610900661e-06,4.4,3.8,10.084472495864828,7,177619558.87778333,3.000154674640984e+28,3.000154674640984e+28,300.21433738277284,2.0100745508301925e-09,0.0,1.5782503553060234,0
45.607,-3.2406783281792366,-2.7815363104024833,1.1062159809827725,0.0,0.0,1e-12,9.14160267798099e-05,-1.179039365414384e-05,4.4,3.8,10.084472495864828,7,177619559.14106393,6.312285292390272e+29,6.312285292390272e+29,283.1410066882354,2.3050742774686237e-09,0.0,1.5782503553060234,0
45.706,-3.240401574880031,-2.780907537315092,1.1063629362418752,0.0,0.0,1e-12,9.14160267798099e-05,-1.179039365414384e-05,4.4,3.8,10.083852450334636,7,177619559.14106393,6.312285292390272e+29,6.312285292390272e+29,283.1410066882354,2.3050742774686237e-09,0.0,1.5782503553060234,0
45.805,-3.240401574880031,-2.780907537315092,1.1063629362418752,0.0,0.0,1e-12,9.14160267798099e-05,-1.179039365414384e-05,4.4,3.8,10.083852450334636,7,177619559.14106393,6.312285292390272e+29,6.312285292390272e+29,283.1410066882354,2.3050742774686237e-09,0.0,1.5782503553060234,0
45.838,-3.240401574880031,-2.780907537315092,1.1063629362418752,0.0,0.0,1e-12,9.14160267798099e-05,-1.179039365414384e-05,4.4,3.8,10.083852450334636,7,177619559.14106393,6.312285292390272e+29,6.312285292390272e+29,283.1410066882354,2.3050742774686237e-09,0.0,1.5782503553060234,0
46.003,-3.240401574880031,-2.780907537315092,1.1063629362418752,0.0,0.0,1e-12,9.14160267798099e-05,-1.179039365414384e-05,4.4,3.8,10.083852450334636,7,177619559.14106393,6.312285292390272e+29,6.312285292390272e+29,283.1410066882354,2.3050742774686237e-09,0.0,1.5782503553060234,0
46.069,-3.240401574880031,-2.780907537315092,1.1063629362418752,0.0,0.0,1e-12,9.57187738171477e-05,-3.135623427990312e-05,4.4,3.8,10.083852450334636,7,177619558.32473958,5.335321298641882e+30,5.335321298641882e+30,321.85184371285476,2.7863027380911864e-09,0.0,1.5782503553060234,0
46.201,-3.240401574880031,-2.780907537315092,1.1063629362418752,0.0,0.0,1e-12,9.57187738171477e-05,-3.135623427990312e-05,4.4,3.8,10.083852450334636,7,177619558.32473958,5.335321298641882e+30,5.335321298641882e+30,321.85184371285476,2.7863027380911864e-09,0.0,1.5782503553060234,0
46.3,-3.240401574880031,-2.780907537315092,1.1063629362418752,0.0,0.0,1e-12,9.57187738171477e-05,-3.135623427990312e-05,4.4,3.8,10.083852450334636,7,177619558.32473958,5.335321298641882e+30,5.335321298641882e+30,321.85184371285476,2.7863027380911864e-09,0.0,1.5782503553060234,0
46.399,-3.240401574880031,-2.780907537315092,1.1063629362418752,0.0,0.0,1e-12,9.57187738171477e-05,-3.135623427990312e-05,4.4,3.8,10.083852450334636,7,177619558.32473958,5.335321298641882e+30,5.335321298641882e+30,321.85184371285476,2.7863027380911864e-09,0.0,1.5782503553060234,0
46.531,-3.240401574880031,-2.780907537315092,1.1063629362418752,0.0,0.0,1e-12,9.57187738171477e-05,-3.135623427990312e-05,4.4,3.8,10.083852450334636,7,177619558.32473958,5.335321298641882e+30,5.335321298641882e+30,321.85184371285476,2.7863027380911864e-09,0.0,1.5782503553060234,0
46.63,-3.240401574880031,-2.780907537315092,1.1063629362418752,0.0,0.0,1e-12,9.57187738171477e-05,-3.135623427990312e-05,4.4,3.8,10.083852450334636,7,177619558.32473958,5.335321298641882e+30,5.335321298641882e+30,321.85184371285476,2.7863027380911864e-09,0.0,1.5782503553060234,0
46.696,-3.240401574880031,-2.780907537315092,1.1063629362418752,0.0,0.0,1e-12,9.57187738171477e-05,-3.135623427990312e-05,4.4,3.8,10.083852450334636,7,177619560.88358173,6.180121248208464e+31,6.180121248208464e+31,334.75290935033985,2.7863027380911864e-09,0.0,1.5782503553060234,0
46.795,-3.240401574880031,-2.780907537315092,1.1063629362418752,0.0,0.0,1e-12,9.57187738171477e-05,-3.135623427990312e-05,4.4,3.8,10.083852450334636,7,177619560.88358173,6.180121248208464e+31,6.180121248208464e+31,334.75290935033985,2.7863027380911864e-09,0.0,1.5782503553060234,0
46.894,-3.240401574880031,-2.780907537315092,1.1063629362418752,0.0,0.0,1e-12,9.57187738171477e-05,-3.135623427990312e-05,4.4,3.8,10.083852450334636,7,177619560.88358173,6.180121248208464e+31,6.180121248208464e+31,334.75290935033985,2.7863027380911864e-09,0.0,1.5782503553060234,0
47.026,-3.240401574880031,-2.780907537315092,1.1063629362418752,0.0,0.0,1e-12,9.57187738171477e-05,-3.135623427990312e-05,4.4,3.8,10.083852450334636,7,177619560.88358173,6.180121248208464e+31,6.180121248208464e+31,334.75290935033985,2.7863027380911864e-09,0.0,1.5782503553060234,0
47.026,-3.240401574880031,-2.780907537315092,1.1063629362418752,0.0,0.0,1e-12,9.57187738171477e-05,-3.135623427990312e-05,4.4,3.8,10.083852450334636,7,177619560.88358173,6.180121248208464e+31,6.180121248208464e+31,334.75290935033985,2.7863027380911864e-09,0.0,1.5782503553060234,0
47.224,-3.240401574880031,-2.780907537315092,1.1063629362418752,0.0,0.0,1e-12,9.57187738171477e-05,-3.135623427990312e-05,4.4,3.8,10.083852450334636,7,177619559.03122878,9.095730154318311e+32,9.095730154318311e+32,346.5019500989084,2.7863027380911864e-09,0.0,1.5782503553060234,0
47.224,-3.240401574880031,-2.780907537315092,1.1063629362418752,0.0,0.0,1e-12,9.57187738171477e-05,-3.135623427990312e-05,4.4,3.8,10.083852450334636,7,177619559.03122878,9.095730154318311e+32,9.095730154318311e+32,346.5019500989084,2.7863027380911864e-09,0.0,1.5782503553060234,0
47.389,-3.240401574880031,-2.780907537315092,1.1063629362418752,0.0,0.0,1e-12,9.57187738171477e-05,-3.135623427990312e-05,4.4,3.8,10.083852450334636,7,177619559.03122878,9.095730154318311e+32,9.095730154318311e+32,346.5019500989084,2.7863027380911864e-09,0.0,1.5782503553060234,0
47.488,-3.240401574880031,-2.780907537315092,1.1063629362418752,0.0,0.0,1e-12,9.57187738171477e-05,-3.135623427990312e-05,4.4,3.8,10.083852450334636,7,177619559.03122878,9.095730154318311e+32,9.095730154318311e+32,346.5019500989084,2.7863027380911864e-09,0.0,1.5782503553060234,0
47.587,-3.240401574880031,-2.780907537315092,1.1063629362418752,0.0,0.0,1e-12,9.57187738171477e-05,-3.135623427990312e-05,4.4,3.8,10.083852450334636,7,177619559.03122878,9.095730154318311e+32,9.095730154318311e+32,346.5019500989084,2.7863027380911864e-09,0.0,1.5782503553060234,0
47.719,-3.240401574880031,-2.780907537315092,1.1063629362418752,0.0,0.0,1e-12,9.57187738171477e-05,-3.135623427990312e-05,4.4,3.8,10.083852450334636,7,177619560.12552723,5.42937199770171e+33,5.42937199770171e+33,352.37725299043643,2.7863027380911864e-09,0.0,1.5782503553060234,0
47.818,-3.240401574880031,-2.780907537315092,1.1063629362418752,0.0,0.0,1e-12,9.57187738171477e-05,-3.135623427990312e-05,4.4,3.8,10.083852450334636,7,177619560.12552723,5.42937199770171e+33,5.42937199770171e+33,352.37725299043643,2.7863027380911864e-09,0.0,1.5782503553060234,0
47.917,-3.240401574880031,-2.780907537315092,1.1063629362418752,0.0,0.0,1e-12,9.57187738171477e-05,-3.135623427990312e-05,4.4,3.8,10.083852450334636,7,177619560.12552723,5.42937199770171e+33,5.42937199770171e+33,352.37725299043643,2.7863027380911864e-09,0.0,1.5782503553060234,0
47.95,-3.240401574880031,-2.780907537315092,1.1063629362418752,0.0,0.0,1e-12,9.57187738171477e-05,-3.135623427990312e-05,4.4,3.8,10.083852450334636,7,177619560.12552723,5.42937199770171e+33,5.42937199770171e+33,352.37725299043643,2.7863027380911864e-09,0.0,1.5782503553060234,0
48.115,-3.240401574880031,-2.780907537315092,1.1063629362418752,0.0,0.0,1e-12,9.57187738171477e-05,-3.135623427990312e-05,4.4,3.8,10.083852450334636,7,177619560.12552723,5.42937199770171e+33,5.42937199770171e+33,352.37725299043643,2.7863027380911864e-09,0.0,1.5782503553060234,0
48.115,-3.240401574880031,-2.780907537315092,1.1063629362418752,0.0,0.0,1e-12,9.57187738171477e-05,-3.135623427990312e-05,4.4,3.8,10.083852450334636,7,177619559.4195854,5.928526826512226e+34,5.928526826512226e+34,332.0719986434629,2.7863027380911864e-09,0.0,1.5782503553060234,0
48.247,-3.240401574880031,-2.780907537315092,1.1063629362418752,0.0,0.0,1e-12,9.57187738171477e-05,-3.135623427990312e-05,4.4,3.8,10.083852450334636,7,177619559.4195854,5.928526826512226e+34,5.928526826512226e+34,332.0719986434629,2.7863027380911864e-09,0.0,1.5782503553060234,0
48.379,-3.240401574880031,-2.780907537315092,1.1063629362418752,0.0,0.0,1e-12,9.57187738171477e-05,-3.135623427990312e-05,4.4,3.8,10.083852450334636,7,177619559.4195854,5.928526826512226e+34,5.928526826512226e+34,332.0719986434629,2.7863027380911864e-09,0.0,1.5782503553060234,0
48.379,-3.240401574880031,-2.780907537315092,1.1063629362418752,0.0,0.0,1e-12,9.57187738171477e-05,-3.135623427990312e-05,4.4,3.8,10.083852450334636,7,177619559.4195854,5.928526826512226e+34,5.928526826512226e+34,332.0719986434629,2.7863027380911864e-09,0.0,1.5782503553060234,0
48.544,-3.240401574880031,-2.780907537315092,1.1063629362418752,0.0,0.0,1e-12,9.57187738171477e-05,-3.135623427990312e-05,4.4,3.8,10.083852450334636,7,177619559.4195854,5.928526826512226e+34,5.928526826512226e+34,332.0719986434629,2.7863027380911864e-09,0.0,1.5782503553060234,0
48.709,-3.240401574880031,-2.780907537315092,1.1063629362418752,0.0,0.0,1e-12,9.57187738171477e-05,-3.135623427990312e-05,4.4,3.8,10.083852450334636,7,177619561.43793204,1.001771115768621e+35,1.001771115768621e+35,252.58969700686765,2.7863027380911864e-09,0.0,1.5782503553060234,0
48.808,-3.240401574880031,-2.780907537315092,1.1063629362418752,0.0,0.0,1e-12,9.57187738171477e-05,-3.135623427990312e-05,4.4,3.8,10.083852450334636,7,177619561.43793204,1.001771115768621e+35,1.001771115768621e+35,252.58969700686765,2.7863027380911864e-09,0.0,1.5782503553060234,0
48.874,-3.240401574880031,-2.780907537315092,1.1063629362418752,0.0,0.0,1e-12,9.57187738171477e-05,-3.135623427990312e-05,4.4,3.8,10.083852450334636,7,177619561.43793204,1.001771115768621e+35,1.001771115768621e+35,252.58969700686765,2.7863027380911864e-09,0.0,1.5782503553060234,0
49.006,-3.240401574880031,-2.780907537315092,1.1063629362418752,0.0,0.0,1e-12,9.57187738171477e-05,-3.135623427990312e-05,4.4,3.8,10.083852450334636,7,177619561.43793204,1.001771115768621e+35,1.001771115768621e+35,252.58969700686765,2.7863027380911864e-09,0.0,1.5782503553060234,0
49.105,-3.240401574880031,-2.780907537315092,1.1063629362418752,0.0,0.0,1e-12,9.57187738171477e-05,-3.135623427990312e-05,4.4,3.8,10.083852450334636,7,177619561.43793204,1.001771115768621e+35,1.001771115768621e+35,252.58969700686765,2.7863027380911864e-09,0.0,1.5782503553060234,0
49.171,-3.240401574880031,-2.780907537315092,1.1063629362418752,0.0,0.0,1e-12,9.57187738171477e-05,-3.135623427990312e-05,4.4,3.8,10.083852450334636,7,177619562.99992126,1.3893935801109346e+36,1.3893935801109346e+36,292.38993680208,2.7863027380911864e-09,0.0,1.5782503553060234,0
49.303,-3.240401574880031,-2.780907537315092,1.1063629362418752,0.0,0.0,1e-12,9.57187738171477e-05,-3.135623427990312e-05,4.4,3.8,10.083852450334636,7,177619562.99992126,1.3893935801109346e+36,1.3893935801109346e+36,292.38993680208,2.7863027380911864e-09,0.0,1.5782503553060234,0
49.435,-3.240758868906482,-2.7820072886978497,1.1056174487562898,0.0,0.0,1e-12,9.57187738171477e-05,-3.135623427990312e-05,4.4,3.8,10.084840903120122,7,177619562.99992126,1.3893935801109346e+36,1.3893935801109346e+36,292.38993680208,2.7863027380911864e-09,0.0,1.5782503553060234,0
49.534,-3.240758868906482,-2.7820072886978497,1.1056174487562898,0.0,0.0,1e-12,9.57187738171477e-05,-3.135623427990312e-05,4.4,3.8,10.084840903120122,7,177619562.99992126,1.3893935801109346e+36,1.3893935801109346e+36,292.38993680208,2.7863027380911864e-09,0.0,1.5782503553060234,0
49.633,-3.240758868906482,-2.7820072886978497,1.1056174487562898,0.0,0.0,1e-12,9.57187738171477e-05,-3.135623427990312e-05,4.4,3.8,10.084840903120122,7,177619562.99992126,1.3893935801109346e+36,1.3893935801109346e+36,292.38993680208,2.7863027380911864e-09,0.0,1.5782503553060234,0
49.732,-3.2409614139852763,-2.7826001000503786,1.1052509259120102,0.0,0.0,1e-12,9.57187738171477e-05,-3.135623427990312e-05,4.4,3.8,10.085381272276974,7,177619562.8185706,3.4719545894966865e+37,3.4719545894966865e+37,393.72171117436335,2.7863027380911864e-09,0.0,1.5782503553060234,0
49.732,-3.2409614139852763,-2.7826001000503786,1.1052509259120102,0.0,0.0,1e-12,9.57187738171477e-05,-3.135623427990312e-05,4.4,3.8,10.085381272276974,7,177619562.8185706,3.4719545894966865e+37,3.4719545894966865e+37,393.72171117436335,2.7863027380911864e-09,0.0,1.5782503553060234,0
49.93,-3.240737675115625,-2.782041458017284,1.1054698887914842,0.0,0.0,1e-12,9.57187738171477e-05,-3.135623427990312e-05,4.4,3.8,10.084847146833194,7,177619562.8185706,3.4719545894966865e+37,3.4719545894966865e+37,393.72171117436335,2.7863027380911864e-09,0.0,1.5782503553060234,0
49.93,-3.240737675115625,-2.782041458017284,1.1054698887914842,0.0,0.0,1e-12,9.57187738171477e-05,-3.135623427990312e-05,4.4,3.8,10.084847146833194,7,177619562.8185706,3.4719545894966865e+37,3.4719545894966865e+37,393.72171117436335,2.7863027380911864e-09,0.0,1.5782503553060234,0
50.128,-3.240737675115625,-2.782041458017284,1.1054698887914842,0.0,0.0,1e-12,9.57187738171477e-05,-3.135623427990312e-05,4.4,3.8,10.084847146833194,7,177619562.8185706,3.4719545894966865e+37,3.4719545894966865e+37,393.72171117436335,2.7863027380911864e-09,0.0,1.5782503553060234,0
50.227,-3.2408750019096475,-2.7825440802818395,1.1050262340440107,0.0,0.0,1e-12,9.57187738171477e-05,-3.135623427990312e-05,4.4,3.8,10.08527924073802,7,177619565.28910723,7.086492056908152e+38,7.086492056908152e+38,404.9941887580513,2.7863027380911864e-09,0.0,1.5782503553060234,0
50.293,-3.2408750019096475,-2.7825440802818395,1.1050262340440107,0.0,0.0,1e-12,9.57187738171477e-05,-3.135623427990312e-05,4.4,3.8,10.08527924073802,7,177619565.28910723,7.086492056908152e+38,7.086492056908152e+38,404.9941887580513,2.7863027380911864e-09,0.0,1.5782503553060234,0
50.425,-3.2408750019096475,-2.7825440802818395,1.1050262340440107,0.0,0.0,1e-12,9.57187738171477e-05,-3.135623427990312e-05,4.4,3.8,10.08527924073802,7,177619565.28910723,7.086492056908152e+38,7.086492056908152e+38,404.9941887580513,2.7863027380911864e-09,0.0,1.5782503553060234,0
50.425,-3.2408750019096475,-2.7825440802818395,1.1050262340440107,0.0,0.0,1e-12,9.57187738171477e-05,-3.135623427990312e-05,4.4,3.8,10.08527924073802,7,177619565.28910723,7.086492056908152e+38,7.086492056908152e+38,404.9941887580513,2.7863027380911864e-09,0.0,1.5782503553060234,0
50.623,-3.2408750019096475,-2.7825440802818395,1.1050262340440107,0.0,0.0,1e-12,9.57187738171477e-05,-3.135623427990312e-05,4.4,3.8,10.08527924073802,7,177619565.28910723,7.086492056908152e+38,7.086492056908152e+38,404.9941887580513,2.7863027380911864e-09,0.0,1.5782503553060234,0
50.722,-3.2408750019096475,-2.7825440802818395,1.1050262340440107,0.0,0.0,1e-12,9.57187738171477e-05,-3.135623427990312e-05,4.4,3.8,10.08527924073802,7,177619565.6951324,7.23313103381404e+39,7.23313103381404e+39,324.9970022830894,2.7863027380911864e-09,0.0,1.5782503553060234,0
50.821,-3.2408750019096475,-2.7825440802818395,1.1050262340440107,0.0,0.0,1e-12,9.57187738171477e-05,-3.135623427990312e-05,4.4,3.8,10.08527924073802,7,177619565.6951324,7.23313103381404e+39,7.23313103381404e+39,324.9970022830894,2.7863027380911864e-09,0.0,1.5782503553060234,0
50.92,-3.2408750019096475,-2.7825440802818395,1.1050262340440107,0.0,0.0,1e-12,9.57187738171477e-05,-3.135623427990312e-05,4.4,3.8,10.08527924073802,7,177619565.6951324,7.23313103381404e+39,7.23313103381404e+39,324.9970022830894,2.7863027380911864e-09,0.0,1.5782503553060234,0
50.92,-3.2408750019096475,-2.7825440802818395,1.1050262340440107,0.0,0.0,1e-12,9.57187738171477e-05,-3.135623427990312e-05,4.4,3.8,10.08527924073802,7,177619565.6951324,7.23313103381404e+39,7.23313103381404e+39,324.9970022830894,2.7863027380911864e-09,0.0,1.5782503553060234,0
51.085,-3.2408750019096475,-2.7825440802818395,1.1050262340440107,0.0,0.0,1e-12,9.57187738171477e-05,-3.135623427990312e-05,4.4,3.8,10.08527924073802,7,177619565.6951324,7.23313103381404e+39,7.23313103381404e+39,324.9970022830894,2.7863027380911864e-09,0.0,1.5782503553060234,0
51.217,-3.2408750019096475,-2.7825440802818395,1.1050262340440107,0.0,0.0,1e-12,9.57187738171477e-05,-3.135623427990312e-05,4.4,3.8,10.08527924073802,7,177619565.66958293,1.3426861684871246e+41,1.3426861684871246e+41,389.6346114598853,2.7863027380911864e-09,0.0,1.5782503553060234,0
51.316,-3.2408750019096475,-2.7825440802818395,1.1050262340440107,0.0,0.0,1e-12,9.57187738171477e-05,-3.135623427990312e-05,4.4,3.8,10.08527924073802,7,177619565.66958293,1.3426861684871246e+41,1.3426861684871246e+41,389.6346114598853,2.7863027380911864e-09,0.0,1.5782503553060234,0
51.415,-3.2408750019096475,-2.7825440802818395,1.1050262340440107,0.0,0.0,1e-12,9.57187738171477e-05,-3.135623427990312e-05,4.4,3.8,10.08527924073802,7,177619565.66958293,1.3426861684871246e+41,1.3426861684871246e+41,389.6346114598853,2.7863027380911864e-09,0.0,1.5782503553060234,0
51.514,-3.2408750019096475,-2.7825440802818395,1.1050262340440107,0.0,0.0,1e-12,9.57187738171477e-05,-3.135623427990312e-05,4.4,3.8,10.08527924073802,7,177619565.66958293,1.3426861684871246e+41,1.3426861684871246e+41,389.6346114598853,2.7863027380911864e-09,0.0,1.5782503553060234,0
51.613,-3.2408750019096475,-2.7825440802818395,1.1050262340440107,0.0,0.0,1e-12,9.57187738171477e-05,-3.135623427990312e-05,4.4,3.8,10.08527924073802,7,177619565.66958293,1.3426861684871246e+41,1.3426861684871246e+41,389.6346114598853,2.7863027380911864e-09,0.0,1.5782503553060234,0
51.712,-3.2408750019096475,-2.7825440802818395,1.1050262340440107,0.0,0.0,1e-12,9.57187738171477e-05,-3.135623427990312e-05,4.4,3.8,10.08527924073802,7,177619565.31240302,9.747805057394512e+41,9.747805057394512e+41,398.051248481614,2.7863027380911864e-09,0.0,1.5782503553060234,0
51.745,-3.2408750019096475,-2.7825440802818395,1.1050262340440107,0.0,0.0,1e-12,9.57187738171477e-05,-3.135623427990312e-05,4.4,3.8,10.08527924073802,7,177619565.31240302,9.747805057394512e+41,9.747805057394512e+41,398.051248481614,2.7863027380911864e-09,0.0,1.5782503553060234,0
51.844,-3.2408750019096475,-2.7825440802818395,1.1050262340440107,0.0,0.0,1e-12,9.57187738171477e-05,-3.135623427990312e-05,4.4,3.8,10.08527924073802,7,177619565.31240302,9.747805057394512e+41,9.747805057394512e+41,398.051248481614,2.7863027380911864e-09,0.0,1.5782503553060234,0
51.943,-3.2408750019096475,-2.7825440802818395,1.1050262340440107,0.0,0.0,1e-12,9.57187738171477e-05,-3.135623427990312e-05,4.4,3.8,10.08527924073802,7,177619565.31240302,9.747805057394512e+41,9.747805057394512e+41,398.051248481614,2.7863027380911864e-09,0.0,1.5782503553060234,0
52.108,-3.2408750019096475,-2.7825440802818395,1.1050262340440107,0.0,0.0,1e-12,9.57187738171477e-05,-3.135623427990312e-05,4.4,3.8,10.08527924073802,7,177619565.31240302,9.747805057394512e+41,9.747805057394512e+41,398.051248481614,2.7863027380911864e-09,0.0,1.5782503553060234,0
52.207,-3.2408750019096475,-2.7825440802818395,1.1050262340440107,0.0,0.0,1e-12,9.57187738171477e-05,-3.135623427990312e-05,4.4,3.8,10.08527924073802,7,177619562.64282352,1.1443999054390859e+43,1.1443999054390859e+43,449.54505414333784,2.7863027380911864e-09,0.0,1.5782503553060234,0
52.306,-3.2408750019096475,-2.7825440802818395,1.1050262340440107,0.0,0.0,1e-12,9.57187738171477e-05,-3.135623427990312e-05,4.4,3.8,10.08527924073802,7,177619562.64282352,1.1443999054390859e+43,1.1443999054390859e+43,449.54505414333784,2.7863027380911864e-09,0.0,1.5782503553060234,0
52.372,-3.2408750019096475,-2.7825440802818395,1.1050262340440107,0.0,0.0,1e-12,9.57187738171477e-05,-3.135623427990312e-05,4.4,3.8,10.08527924073802,7,177619562.64282352,1.1443999054390859e+43,1.1443999054390859e+43,449.54505414333784,2.7863027380911864e-09,0.0,1.5782503553060234,0
52.537,-3.2408750019096475,-2.7825440802818395,1.1050262340440107,0.0,0.0,1e-12,9.57187738171477e-05,-3.135623427990312e-05,4.4,3.8,10.08527924073802,7,177619562.64282352,1.1443999054390859e+43,1.1443999054390859e+43,449.54505414333784,2.7863027380911864e-09,0.0,1.5782503553060234,0
52.603,-3.2408750019096475,-2.7825440802818395,1.1050262340440107,0.0,0.0,1e-12,9.57187738171477e-05,-3.135623427990312e-05,4.4,3.8,10.08527924073802,7,177619562.64282352,1.1443999054390859e+43,1.1443999054390859e+43,449.54505414333784,2.7863027380911864e-09,0.0,1.5782503553060234,0
52.702,-3.2408750019096475,-2.7825440802818395,1.1050262340440107,0.0,0.0,1e-12,9.57187738171477e-05,-3.135623427990312e-05,4.4,3.8,10.08527924073802,7,177619561.2375183,8.80628351691265e+43,8.80628351691265e+43,447.90009162593867,2.7863027380911864e-09,0.0,1.5782503553060234,0
52.801,-3.2408750019096475,-2.7825440802818395,1.1050262340440107,0.0,0.0,1e-12,9.57187738171477e-05,-3.135623427990312e-05,4.4,3.8,10.08527924073802,7,177619561.2375183,8.80628351691265e+43,8.80628351691265e+43,447.90009162593867,2.7863027380911864e-09,0.0,1.5782503553060234,0
52.9,-3.2408750019096475,-2.7825440802818395,1.1050262340440107,0.0,0.0,1e-12,9.57187738171477e-05,-3.135623427990312e-05,4.4,3.8,10.08527924073802,7,177619561.2375183,8.80628351691265e+43,8.80628351691265e+43,447.90009162593867,2.7863027380911864e-09,0.0,1.5782503553060234,0
53.032,-3.2408750019096475,-2.7825440802818395,1.1050262340440107,0.0,0.0,1e-12,9.57187738171477e-05,-3.135623427990312e-05,4.4,3.8,10.08527924073802,7,177619561.2375183,8.80628351691265e+43,8.80628351691265e+43,447.90009162593867,2.7863027380911864e-09,0.0,1.5782503553060234,0
53.131,-3.2408750019096475,-2.7825440802818395,1.1050262340440107,0.0,0.0,1e-12,9.57187738171477e-05,-3.135623427990312e-05,4.4,3.8,10.08527924073802,7,177619561.2375183,8.80628351691265e+43,8.80628351691265e+43,447.90009162593867,2.7863027380911864e-09,0.0,1.5782503553060234,0
53.23,-3.2414595562646173,-2.7838635974096504,1.104720859771594,0.0,0.0,1e-12,9.57187738171477e-05,-3.135623427990312e-05,4.4,3.8,10.086583366994187,7,177619561.64000022,8.191685047415733e+44,8.191685047415733e+44,430.63692193444774,2.7863027380911864e-09,0.0,1.5782503553060234,0
53.329,-3.2414595562646173,-2.7838635974096504,1.104720859771594,0.0,0.0,1e-12,9.57187738171477e-05,-3.135623427990312e-05,4.4,3.8,10.086583366994187,7,177619561.64000022,8.191685047415733e+44,8.191685047415733e+44,430.63692193444774,2.7863027380911864e-09,0.0,1.5782503553060234,0
53.428,-3.2414595562646173,-2.7838635974096504,1.104720859771594,0.0,0.0,1e-12,9.57187738171477e-05,-3.135623427990312e-05,4.4,3.8,10.086583366994187,7,177619561.64000022,8.191685047415733e+44,8.191685047415733e+44,430.63692193444774,2.7863027380911864e-09,0.0,1.5782503553060234,0
53.494,-3.2414595562646173,-2.7838635974096504,1.104720859771594,0.0,0.0,1e-12,9.57187738171477e-05,-3.135623427990312e-05,4.4,3.8,10.086583366994187,7,177619561.64000022,8.191685047415733e+44,8.191685047415733e+44,430.63692193444774,2.7863027380911864e-09,0.0,1.5782503553060234,0
53.56,-3.2414595562646173,-2.7838635974096504,1.104720859771594,0.0,0.0,1e-12,9.57187738171477e-05,-3.135623427990312e-05,4.4,3.8,10.086583366994187,7,177619561.64000022,8.191685047415733e+44,8.191685047415733e+44,430.63692193444774,2.7863027380911864e-09,0.0,1.5782503553060234,0
53.692,-3.2414595562646173,-2.7838635974096504,1.104720859771594,0.0,0.0,1e-12,9.57187738171477e-05,-3.135623427990312e-05,4.4,3.8,10.086583366994187,7,179136075.40504345,4.1465788719552785e+45,4.1465788719552785e+45,479.1455943563185,2.7863027380911864e-09,0.0,1.5782503553060234,0
53.791,-3.2414595562646173,-2.7838635974096504,1.104720859771594,0.0,0.0,1e-12,9.57187738171477e-05,-3.135623427990312e-05,4.4,3.8,10.086583366994187,7,179136075.40504345,4.1465788719552785e+45,4.1465788719552785e+45,479.1455943563185,2.7863027380911864e-09,0.0,1.5782503553060234,0
53.923,-3.2414595562646173,-2.7838635974096504,1.104720859771594,0.0,0.0,1e-12,9.57187738171477e-05,-3.135623427990312e-05,4.4,3.8,10.086583366994187,7,179136075.40504345,4.1465788719552785e+45,4.1465788719552785e+45,479.1455943563185,2.7863027380911864e-09,0.0,1.5782503553060234,0
53.989,-3.2414595562646173,-2.7838635974096504,1.104720859771594,0.0,0.0,1e-12,9.57187738171477e-05,-3.135623427990312e-05,4.4,3.8,10.086583366994187,7,179136075.40504345,4.1465788719552785e+45,4.1465788719552785e+45,479.1455943563185,2.7863027380911864e-09,0.0,1.5782503553060234,0
54.088,-3.2414595562646173,-2.7838635974096504,1.104720859771594,0.0,0.0,1e-12,9.57187738171477e-05,-3.135623427990312e-05,4.4,3.8,10.086583366994187,7,179136075.40504345,4.1465788719552785e+45,4.1465788719552785e+45,479.1455943563185,2.7863027380911864e-09,0.0,1.5782503553060234,0
54.187,-3.2411927929120745,-2.7832513227498383,1.1048803545518546,0.0,0.0,1e-12,9.57187738171477e-05,-3.135623427990312e-05,4.4,3.8,10.085981621881874,7,179136075.4218055,6.675220279067776e+46,6.675220279067776e+46,493.7003808340488,2.7863027380911864e-09,0.0,1.5782503553060234,0
54.286,-3.2411927929120745,-2.7832513227498383,1.1048803545518546,0.0,0.0,1e-12,9.57187738171477e-05,-3.135623427990312e-05,4.4,3.8,10.085981621881874,7,179136075.4218055,6.675220279067776e+46,6.675220279067776e+46,493.7003808340488,2.7863027380911864e-09,0.0,1.5782503553060234,0
54.451,-3.2411927929120745,-2.7832513227498383,1.1048803545518546,0.0,0.0,1e-12,9.57187738171477e-05,-3.135623427990312e-05,4.4,3.8,10.085981621881874,7,179136075.4218055,6.675220279067776e+46,6.675220279067776e+46,493.7003808340488,2.7863027380911864e-09,0.0,1.5782503553060234,0
54.55,-3.2411927929120745,-2.7832513227498383,1.1048803545518546,0.0,0.0,1e-12,9.57187738171477e-05,-3.135623427990312e-05,4.4,3.8,10.085981621881874,7,179136075.4218055,6.675220279067776e+46,6.675220279067776e+46,493.7003808340488,2.7863027380911864e-09,0.0,1.5782503553060234,0
54.616,-3.2411927929120745,-2.7832513227498383,1.1048803545518546,0.0,0.0,1e-12,9.57187738171477e-05,-3.135623427990312e-05,4.4,3.8,10.085981621881874,7,179136075.4218055,6.675220279067776e+46,6.675220279067776e+46,493.7003808340488,2.7863027380911864e-09,0.0,1.5782503553060234,0
54.748,-3.2411927929120745,-2.7832513227498383,1.1048803545518546,0.0,0.0,1e-12,9.57187738171477e-05,-3.135623427990312e-05,4.4,3.8,10.085981621881874,7,179136075.45489383,4.254431633996212e+47,4.254431633996212e+47,506.3820188752808,2.7863027380911864e-09,0.0,1.5782503553060234,0
54.847,-3.2411927929120745,-2.7832513227498383,1.1048803545518546,0.0,0.0,1e-12,9.57187738171477e-05,-3.135623427990312e-05,4.4,3.8,10.085981621881874,7,179136075.45489383,4.254431633996212e+47,4.254431633996212e+47,506.3820188752808,2.7863027380911864e-09,0.0,1.5782503553060234,0
54.88,-3.2411927929120745,-2.7832513227498383,1.1048803545518546,0.0,0.0,1e-12,9.57187738171477e-05,-3.135623427990312e-05,4.4,3.8,10.085981621881874,7,179136075.45489383,4.254431633996212e+47,4.254431633996212e+47,506.3820188752808,2.7863027380911864e-09,0.0,1.5782503553060234,0
55.012,-3.2411927929120745,-2.7832513227498383,1.1048803545518546,0.0,0.0,1e-12,9.57187738171477e-05,-3.135623427990312e-05,4.4,3.8,10.085981621881874,7,179136075.45489383,4.254431633996212e+47,4.254431633996212e+47,506.3820188752808,2.7863027380911864e-09,0.0,1.5782503553060234,0
55.078,-3.240977600914692,-2.7833712406216784,1.105854584352289,0.0,0.0,1e-12,9.57187738171477e-05,-3.135623427990312e-05,4.4,3.8,10.08589686589768,7,179136075.45489383,4.254431633996212e+47,4.254431633996212e+47,506.3820188752808,2.7863027380911864e-09,0.0,1.5782503553060234,0
55.177,-3.240977600914692,-2.7833712406216784,1.105854584352289,0.0,0.0,1e-12,9.57187738171477e-05,-3.135623427990312e-05,4.4,3.8,10.08589686589768,7,179136075.5188819,1.5309292715678202e+49,1.5309292715678202e+49,519.6946448468727,2.7863027380911864e-09,0.0,1.5782503553060234,0
55.276,-3.2409428679766155,-2.7836270978174826,1.1064310704769753,0.0,0.0,1e-12,9.57187738171477e-05,-3.135623427990312e-05,4.4,3.8,10.086037560647856,7,179136075.5188819,1.5309292715678202e+49,1.5309292715678202e+49,519.6946448468727,2.7863027380911864e-09,0.0,1.5782503553060234,0
55.342,-3.2409428679766155,-2.7836270978174826,1.1064310704769753,0.0,0.0,1e-12,9.57187738171477e-05,-3.135623427990312e-05,4.4,3.8,10.086037560647856,7,179136075.5188819,1.5309292715678202e+49,1.5309292715678202e+49,519.6946448468727,2.7863027380911864e-09,0.0,1.5782503553060234,0
55.507,-3.2409428679766155,-2.7836270978174826,1.1064310704769753,0.0,0.0,1e-12,9.57187738171477e-05,-3.135623427990312e-05,4.4,3.8,10.086037560647856,7,179136075.5188819,1.5309292715678202e+49,1.5309292715678202e+49,519.6946448468727,2.7863027380911864e-09,0.0,1.5782503553060234,0
55.606,-3.2409428679766155,-2.7836270978174826,1.1064310704769753,0.0,0.0,1e-12,9.57187738171477e-05,-3.135623427990312e-05,4.4,3.8,10.086037560647856,7,179136075.5188819,1.5309292715678202e+49,1.5309292715678202e+49,519.6946448468727,2.7863027380911864e-09,0.0,1.5782503553060234,0
55.705,-3.2409428679766155,-2.7836270978174826,1.1064310704769753,0.0,0.0,1e-12,9.57187738171477e-05,-3.135623427990312e-05,4.4,3.8,10.086037560647856,7,179136075.56381717,2.710705729696043e+50,2.710705729696043e+50,531.5770690935925,2.7863027380911864e-09,0.0,1.5782503553060234,0
55.771,-3.2409428679766155,-2.7836270978174826,1.1064310704769753,0.0,0.0,1e-12,9.57187738171477e-05,-3.135623427990312e-05,4.4,3.8,10.086037560647856,7,179136075.56381717,2.710705729696043e+50,2.710705729696043e+50,531.5770690935925,2.7863027380911864e-09,0.0,1.5782503553060234,0
55.771,-3.2409428679766155,-2.7836270978174826,1.1064310704769753,0.0,0.0,1e-12,9.57187738171477e-05,-3.135623427990312e-05,4.4,3.8,10.086037560647856,7,179136075.56381717,2.710705729696043e+50,2.710705729696043e+50,531.5770690935925,2.7863027380911864e-09,0.0,1.5782503553060234,0
56.002,-3.2411936888176074,-2.7841650378477363,1.1063588162366518,0.0,0.0,1e-12,9.57187738171477e-05,-3.135623427990312e-05,4.4,3.8,10.086578718061071,7,179136075.56381717,2.710705729696043e+50,2.710705729696043e+50,531.5770690935925,2.7863027380911864e-09,0.0,1.5782503553060234,0
56.068,-3.2411936888176074,-2.7841650378477363,1.1063588162366518,0.0,0.0,1e-12,9.57187738171477e-05,-3.135623427990312e-05,4.4,3.8,10.086578718061071,7,179136075.56381717,2.710705729696043e+50,2.710705729696043e+50,531.5770690935925,2.7863027380911864e-09,0.0,1.5782503553060234,0
56.134,-3.2411936888176074,-2.7841650378477363,1.1063588162366518,0.0,0.0,1e-12,9.57187738171477e-05,-3.135623427990312e-05,4.4,3.8,10.086578718061071,7,179136075.5896745,1.5922732628998452e+51,1.5922732628998452e+51,423.28323115634004,2.7863027380911864e-09,0.0,1.5782503553060234,0
56.332,-3.2410481124318014,-2.784340626018401,1.1071866347295116,0.0,0.0,1e-12,9.57187738171477e-05,-3.135623427990312e-05,4.4,3.8,10.086583055521528,7,179136075.5896745,1.5922732628998452e+51,1.5922732628998452e+51,423.28323115634004,2.7863027380911864e-09,0.0,1.5782503553060234,0
56.398,-3.2410481124318014,-2.784340626018401,1.1071866347295116,0.0,0.0,1e-12,9.57187738171477e-05,-3.135623427990312e-05,4.4,3.8,10.086583055521528,7,179136075.5896745,1.5922732628998452e+51,1.5922732628998452e+51,423.28323115634004,2.7863027380911864e-09,0.0,1.5782503553060234,0
56.464,-3.2409640683658294,-2.7838977762689,1.1077183255879142,0.0,0.0,1e-12,9.57187738171477e-05,-3.135623427990312e-05,4.4,3.8,10.086230307821463,7,179136075.5896745,1.5922732628998452e+51,1.5922732628998452e+51,423.28323115634004,2.7863027380911864e-09,0.0,1.5782503553060234,0
56.629,-3.2409640683658294,-2.7838977762689,1.1077183255879142,0.0,0.0,1e-12,9.57187738171477e-05,-3.135623427990312e-05,4.4,3.8,10.086230307821463,7,179136075.5896745,1.5922732628998452e+51,1.5922732628998452e+51,423.28323115634004,2.7863027380911864e-09,0.0,1.5782503553060234,0
56.695,-3.2409640683658294,-2.7838977762689,1.1077183255879142,0.0,0.0,1e-12,9.57187738171477e-05,-3.135623427990312e-05,4.4,3.8,10.086230307821463,7,179136075.6636003,1.0421171037844584e+52,1.0421171037844584e+52,550.8771030820542,2.7863027380911864e-09,0.0,1.5782503553060234,0
56.794,-3.240994421002812,-2.7841519927165015,1.1080598555164725,0.0,0.0,1e-12,9.57187738171477e-05,-3.135623427990312e-05,4.4,3.8,10.086419245945946,7,179136075.6636003,1.0421171037844584e+52,1.0421171037844584e+52,550.8771030820542,2.7863027380911864e-09,0.0,1.5782503553060234,0
56.893,-3.240994421002812,-2.7841519927165015,1.1080598555164725,0.0,0.0,1e-12,9.57187738171477e-05,-3.135623427990312e-05,4.4,3.8,10.086419245945946,7,179136075.6636003,1.0421171037844584e+52,1.0421171037844584e+52,550.8771030820542,2.7863027380911864e-09,0.0,1.5782503553060234,0
56.959,-3.240994421002812,-2.7841519927165015,1.1080598555164725,0.0,0.0,1e-12,9.57187738171477e-05,-3.135623427990312e-05,4.4,3.8,10.086419245945946,7,179136075.6636003,1.0421171037844584e+52,1.0421171037844584e+52,550.8771030820542,2.7863027380911864e-09,0.0,1.5782503553060234,0
57.058,-3.240994421002812,-2.7841519927165015,1.1080598555164725,0.0,0.0,1e-12,9.57187738171477e-05,-3.135623427990312e-05,4.4,3.8,10.086419245945946,7,179136075.6636003,1.0421171037844584e+52,1.0421171037844584e+52,550.8771030820542,2.7863027380911864e-09,0.0,1.5782503553060234,0
57.124,-3.240994421002812,-2.7841519927165015,1.1080598555164725,0.0,0.0,1e-12,9.57187738171477e-05,-3.135623427990312e-05,4.4,3.8,10.086419245945946,7,179136075.6599282,4.0791124380399845e+53,4.0791124380399845e+53,441.7126695602872,2.7863027380911864e-09,0.0,1.5782503553060234,0
57.289,-3.2410784595487305,-2.784594806508303,1.1075293219131324,0.0,0.0,1e-12,9.57187738171477e-05,-3.135623427990312e-05,4.4,3.8,10.086771970797978,7,179136075.6599282,4.0791124380399845e+53,4.0791124380399845e+53,441.7126695602872,2.7863027380911864e-09,0.0,1.5782503553060234,0
57.421,-3.241296920767119,-2.785200471181004,1.1072025679712303,0.0,0.0,1e-12,9.57187738171477e-05,-3.135623427990312e-05,4.4,3.8,10.087332842578736,7,179136075.6599282,4.0791124380399845e+53,4.0791124380399845e+53,441.7126695602872,2.7863027380911864e-09,0.0,1.5782503553060234,0
57.52,-3.241296920767119,-2.785200471181004,1.1072025679712303,0.0,0.0,1e-12,9.57187738171477e-05,-3.135623427990312e-05,4.4,3.8,10.087332842578736,7,179136075.6599282,4.0791124380399845e+53,4.0791124380399845e+53,441.7126695602872,2.7863027380911864e-09,0.0,1.5782503553060234,0
57.619,-3.2414054694062626,-2.78533375888054,1.1073655406549536,0.0,0.0,1e-12,9.57187738171477e-05,-3.135623427990312e-05,4.4,3.8,10.087502082464402,7,179136075.6599282,4.0791124380399845e+53,4.0791124380399845e+53,441.7126695602872,2.7863027380911864e-09,0.0,1.5782503553060234,0
57.718,-3.2414054694062626,-2.78533375888054,1.1073655406549536,0.0,0.0,1e-12,9.57187738171477e-05,-3.135623427990312e-05,4.4,3.8,10.087502082464402,7,179136075.62846953,7.553652232823908e+54,7.553652232823908e+54,458.4993474247336,2.7863027380911864e-09,0.0,1.5782503553060234,0
57.817,-3.2414054694062626,-2.78533375888054,1.1073655406549536,0.0,0.0,1e-12,9.57187738171477e-05,-3.135623427990312e-05,4.4,3.8,10.087502082464402,7,179136075.62846953,7.553652232823908e+54,7.553652232823908e+54,458.4993474247336,2.7863027380911864e-09,0.0,1.5782503553060234,0
57.883,-3.2414054694062626,-2.78533375888054,1.1073655406549536,0.0,0.0,1e-12,9.57187738171477e-05,-3.135623427990312e-05,4.4,3.8,10.087502082464402,7,179136075.62846953,7.553652232823908e+54,7.553652232823908e+54,458.4993474247336,2.7863027380911864e-09,0.0,1.5782503553060234,0
58.015,-3.2414054694062626,-2.78533375888054,1.1073655406549536,0.0,0.0,1e-12,9.57187738171477e-05,-3.135623427990312e-05,4.4,3.8,10.087502082464402,7,179136075.62846953,7.553652232823908e+54,7.553652232823908e+54,458.4993474247336,2.7863027380911864e-09,0.0,1.5782503553060234,0
58.114,-3.2414054694062626,-2.78533375888054,1.1073655406549536,0.0,0.0,1e-12,9.57187738171477e-05,-3.135623427990312e-05,4.4,3.8,10.087502082464402,7,179136075.62846953,7.553652232823908e+54,7.553652232823908e+54,458.4993474247336,2.7863027380911864e-09,0.0,1.5782503553060234,0
58.213,-3.2414054694062626,-2.78533375888054,1.1073655406549536,0.0,0.0,1e-12,9.57187738171477e-05,-3.135623427990312e-05,4.4,3.8,10.087502082464402,7,179136075.64588344,5.548557943101784e+55,5.548557943101784e+55,460.6164193491347,2.7863027380911864e-09,0.0,1.5782503553060234,0
58.312,-3.2414054694062626,-2.78533375888054,1.1073655406549536,0.0,0.0,1e-12,9.57187738171477e-05,-3.135623427990312e-05,4.4,3.8,10.087502082464402,7,179136075.64588344,5.548557943101784e+55,5.548557943101784e+55,460.6164193491347,2.7863027380911864e-09,0.0,1.5782503553060234,0
58.378,-3.2414054694062626,-2.78533375888054,1.1073655406549536,0.0,0.0,1e-12,9.57187738171477e-05,-3.135623427990312e-05,4.4,3.8,10.087502082464402,7,179136075.64588344,5.548557943101784e+55,5.548557943101784e+55,460.6164193491347,2.7863027380911864e-09,0.0,1.5782503553060234,0
58.477,-3.2414054694062626,-2.78533375888054,1.1073655406549536,0.0,0.0,1e-12,9.57187738171477e-05,-3.135623427990312e-05,4.4,3.8,10.087502082464402,7,179136075.64588344,5.548557943101784e+55,5.548557943101784e+55,460.6164193491347,2.7863027380911864e-09,0.0,1.5782503553060234,0
58.609,-3.2414054694062626,-2.78533375888054,1.1073655406549536,0.0,0.0,1e-12,9.57187738171477e-05,-3.135623427990312e-05,4.4,3.8,10.087502082464402,7,179136075.64588344,5.548557943101784e+55,5.548557943101784e+55,460.6164193491347,2.7863027380911864e-09,0.0,1.5782503553060234,0
58.675,-3.2414054694062626,-2.78533375888054,1.1073655406549536,0.0,0.0,1e-12,9.57187738171477e-05,-3.135623427990312e-05,4.4,3.8,10.087502082464402,7,179136075.65657002,1.754419309926316e+57,1.754419309926316e+57,603.0300222204147,2.7863027380911864e-09,0.0,1.5782503553060234,0
58.807,-3.2414054694062626,-2.78533375888054,1.1073655406549536,0.0,0.0,1e-12,9.57187738171477e-05,-3.135623427990312e-05,4.4,3.8,10.087502082464402,7,179136075.65657002,1.754419309926316e+57,1.754419309926316e+57,603.0300222204147,2.7863027380911864e-09,0.0,1.5782503553060234,0
58.906,-3.2414054694062626,-2.78533375888054,1.1073655406549536,0.0,0.0,1e-12,9.57187738171477e-05,-3.135623427990312e-05,4.4,3.8,10.087502082464402,7,179136075.65657002,1.754419309926316e+57,1.754419309926316e+57,603.0300222204147,2.7863027380911864e-09,0.0,1.5782503553060234,0
59.005,-3.2414054694062626,-2.78533375888054,1.1073655406549536,0.0,0.0,1e-12,9.57187738171477e-05,-3.135623427990312e-05,4.4,3.8,10.087502082464402,7,179136075.65657002,1.754419309926316e+57,1.754419309926316e+57,603.0300222204147,2.7863027380911864e-09,0.0,1.5782503553060234,0
59.104,-3.2414054694062626,-2.78533375888054,1.1073655406549536,0.0,0.0,1e-12,9.57187738171477e-05,-3.135623427990312e-05,4.4,3.8,10.087502082464402,7,179136075.65657002,1.754419309926316e+57,1.754419309926316e+57,603.0300222204147,2.7863027380911864e-09,0.0,1.5782503553060234,0
59.17,-3.2414054694062626,-2.78533375888054,1.1073655406549536,0.0,0.0,1e-12,9.57187738171477e-05,-3.135623427990312e-05,4.4,3.8,10.087502082464402,7,179136075.57830894,1.9822113592961538e+58,1.9822113592961538e+58,616.3070803028779,2.7863027380911864e-09,0.0,1.5782503553060234,0
59.302,-3.2414054694062626,-2.78533375888054,1.1073655406549536,0.0,0.0,1e-12,9.57187738171477e-05,-3.135623427990312e-05,4.4,3.8,10.087502082464402,7,179136075.57830894,1.9822113592961538e+58,1.9822113592961538e+58,616.3070803028779,2.7863027380911864e-09,0.0,1.5782503553060234,0
59.401,-3.2414054694062626,-2.78533375888054,1.1073655406549536,0.0,0.0,1e-12,9.57187738171477e-05,-3.135623427990312e-05,4.4,3.8,10.087502082464402,7,179136075.57830894,1.9822113592961538e+58,1.9822113592961538e+58,616.3070803028779,2.7863027380911864e-09,0.0,1.5782503553060234,0
59.5,-3.241947331324191,-2.786614490821069,1.1069815303864496,0.0,0.0,1e-12,9.57187738171477e-05,-3.135623427990312e-05,4.4,3.8,10.08874865706481,7,179136075.57830894,1.9822113592961538e+58,1.9822113592961538e+58,616.3070803028779,2.7863027380911864e-09,0.0,1.5782503553060234,0
59.566,-3.241947331324191,-2.786614490821069,1.1069815303864496,0.0,0.0,1e-12,9.57187738171477e-05,-3.135623427990312e-05,4.4,3.8,10.08874865706481,7,179136075.57830894,1.9822113592961538e+58,1.9822113592961538e+58,616.3070803028779,2.7863027380911864e-09,0.0,1.5782503553060234,0
59.566,-3.241947331324191,-2.786614490821069,1.1069815303864496,0.0,0.0,1e-12,9.57187738171477e-05,-3.135623427990312e-05,4.4,3.8,10.08874865706481,7,179136075.56505218,1.227067190514708e+59,1.227067190514708e+59,627.0719987825245,2.7863027380911864e-09,0.0,1.5782503553060234,0
59.797,-3.241947331324191,-2.786614490821069,1.1069815303864496,0.0,0.0,1e-12,9.57187738171477e-05,-3.135623427990312e-05,4.4,3.8,10.08874865706481,7,179136075.56505218,1.227067190514708e+59,1.227067190514708e+59,627.0719987825245,2.7863027380911864e-09,0.0,1.5782503553060234,0
59.863,-3.241947331324191,-2.786614490821069,1.1069815303864496,0.0,0.0,1e-12,9.57187738171477e-05,-3.135623427990312e-05,4.4,3.8,10.08874865706481,7,179136075.56505218,1.227067190514708e+59,1.227067190514708e+59,627.0719987825245,2.7863027380911864e-09,0.0,1.5782503553060234,0
59.962,-3.241947331324191,-2.786614490821069,1.1069815303864496,0.0,0.0,1e-12,9.57187738171477e-05,-3.135623427990312e-05,4.4,3.8,10.08874865706481,7,179136075.56505218,1.227067190514708e+59,1.227067190514708e+59,627.0719987825245,2.7863027380911864e-09,0.0,1.5782503553060234,0
60.094,-3.242009922337555,-2.7868281053197914,1.107139815280867,0.0,0.0,1e-12,9.57187738171477e-05,-3.135623427990312e-05,4.4,3.8,10.088935530675986,7,179136075.56505218,1.227067190514708e+59,1.227067190514708e+59,627.0719987825245,2.7863027380911864e-09,0.0,1.5782503553060234,0
60.226,-3.242009922337555,-2.7868281053197914,1.107139815280867,0.0,0.0,1e-12,9.57187738171477e-05,-3.135623427990312e-05,4.4,3.8,10.088935530675986,7,179136075.61758584,2.000668400208828e+60,2.000668400208828e+60,635.4923108299437,2.7863027380911864e-09,0.0,1.5782503553060234,0
60.325,-3.242009922337555,-2.7868281053197914,1.107139815280867,0.0,0.0,1e-12,9.57187738171477e-05,-3.135623427990312e-05,4.4,3.8,10.088935530675986,7,179136075.61758584,2.000668400208828e+60,2.000668400208828e+60,635.4923108299437,2.7863027380911864e-09,0.0,1.5782503553060234,0
60.424,-3.242009922337555,-2.7868281053197914,1.107139815280867,0.0,0.0,1e-12,9.57187738171477e-05,-3.135623427990312e-05,4.4,3.8,10.088935530675986,7,179136075.61758584,2.000668400208828e+60,2.000668400208828e+60,635.4923108299437,2.7863027380911864e-09,0.0,1.5782503553060234,0
60.523,-3.242009922337555,-2.7868281053197914,1.107139815280867,0.0,0.0,1e-12,9.57187738171477e-05,-3.135623427990312e-05,4.4,3.8,10.088935530675986,7,179136075.61758584,2.000668400208828e+60,2.000668400208828e+60,635.4923108299437,2.7863027380911864e-09,0.0,1.5782503553060234,0
60.556,-3.242009922337555,-2.7868281053197914,1.107139815280867,0.0,0.0,1e-12,9.57187738171477e-05,-3.135623427990312e-05,4.4,3.8,10.088935530675986,7,179136075.61758584,2.000668400208828e+60,2.000668400208828e+60,635.4923108299437,2.7863027380911864e-09,0.0,1.5782503553060234,0
60.721000000000004,-3.242009922337555,-2.7868281053197914,1.107139815280867,0.0,0.0,1e-12,9.57187738171477e-05,-3.135623427990312e-05,4.4,3.8,10.088935530675986,7,179136075.63826147,2.636130537108229e+61,2.636130537108229e+61,649.4328190028164,2.7863027380911864e-09,0.0,1.5782503553060234,0
60.787,-3.242009922337555,-2.7868281053197914,1.107139815280867,0.0,0.0,1e-12,9.57187738171477e-05,-3.135623427990312e-05,4.4,3.8,10.088935530675986,7,179136075.63826147,2.636130537108229e+61,2.636130537108229e+61,649.4328190028164,2.7863027380911864e-09,0.0,1.5782503553060234,0
60.919,-3.242009922337555,-2.7868281053197914,1.107139815280867,0.0,0.0,1e-12,9.57187738171477e-05,-3.135623427990312e-05,4.4,3.8,10.088935530675986,7,179136075.63826147,2.636130537108229e+61,2.636130537108229e+61,649.4328190028164,2.7863027380911864e-09,0.0,1.5782503553060234,0
61.018,-3.242309521118714,-2.7874788244571524,1.1070387816192624,0.0,0.0,1e-12,9.57187738171477e-05,-3.135623427990312e-05,4.4,3.8,10.08958730966005,7,179136075.63826147,2.636130537108229e+61,2.636130537108229e+61,649.4328190028164,2.7863027380911864e-09,0.0,1.5782503553060234,0
61.084,-3.242309521118714,-2.7874788244571524,1.1070387816192624,0.0,0.0,1e-12,9.57187738171477e-05,-3.135623427990312e-05,4.4,3.8,10.08958730966005,7,179136075.63826147,2.636130537108229e+61,2.636130537108229e+61,649.4328190028164,2.7863027380911864e-09,0.0,1.5782503553060234,0
61.183,-3.242309521118714,-2.7874788244571524,1.1070387816192624,0.0,0.0,1e-12,9.57187738171477e-05,-3.135623427990312e-05,4.4,3.8,10.08958730966005,7,179136075.65191337,3.7178721323296177e+62,3.7178721323296177e+62,518.528274294355,2.7863027380911864e-09,0.0,1.5782503553060234,0
61.315,-3.242309521118714,-2.7874788244571524,1.1070387816192624,0.0,0.0,1e-12,9.57187738171477e-05,-3.135623427990312e-05,4.4,3.8,10.08958730966005,7,179136075.65191337,3.7178721323296177e+62,3.7178721323296177e+62,518.528274294355,2.7863027380911864e-09,0.0,1.5782503553060234,0
61.414,-3.242309521118714,-2.7874788244571524,1.1070387816192624,0.0,0.0,1e-12,9.57187738171477e-05,-3.135623427990312e-05,4.4,3.8,10.08958730966005,7,179136075.65191337,3.7178721323296177e+62,3.7178721323296177e+62,518.528274294355,2.7863027380911864e-09,0.0,1.5782503553060234,0
61.513,-3.242309521118714,-2.7874788244571524,1.1070387816192624,0.0,0.0,1e-12,9.57187738171477e-05,-3.135623427990312e-05,4.4,3.8,10.08958730966005,7,179136075.65191337,3.7178721323296177e+62,3.7178721323296177e+62,518.528274294355,2.7863027380911864e-09,0.0,1.5782503553060234,0
61.579,-3.242309521118714,-2.7874788244571524,1.1070387816192624,0.0,0.0,1e-12,9.57187738171477e-05,-3.135623427990312e-05,4.4,3.8,10.08958730966005,7,179136075.65191337,3.7178721323296177e+62,3.7178721323296177e+62,518.528274294355,2.7863027380911864e-09,0.0,1.5782503553060234,0
61.711,-3.242309521118714,-2.7874788244571524,1.1070387816192624,0.0,0.0,1e-12,9.57187738171477e-05,-3.135623427990312e-05,4.4,3.8,10.08958730966005,7,179136075.55800718,7.919769923163202e+63,7.919769923163202e+63,599.8318838883542,2.7863027380911864e-09,0.0,1.5782503553060234,0
61.81,-3.242309521118714,-2.7874788244571524,1.1070387816192624,0.0,0.0,1e-12,9.57187738171477e-05,-3.135623427990312e-05,4.4,3.8,10.08958730966005,7,179136075.55800718,7.919769923163202e+63,7.919769923163202e+63,599.8318838883542,2.7863027380911864e-09,0.0,1.5782503553060234,0
61.876,-3.242309521118714,-2.7874788244571524,1.1070387816192624,0.0,0.0,1e-12,9.57187738171477e-05,-3.135623427990312e-05,4.4,3.8,10.08958730966005,7,179136075.55800718,7.919769923163202e+63,7.919769923163202e+63,599.8318838883542,2.7863027380911864e-09,0.0,1.5782503553060234,0
62.008,-3.242309521118714,-2.7874788244571524,1.1070387816192624,0.0,0.0,1e-12,9.57187738171477e-05,-3.135623427990312e-05,4.4,3.8,10.08958730966005,7,179136075.55800718,7.919769923163202e+63,7.919769923163202e+63,599.8318838883542,2.7863027380911864e-09,0.0,1.5782503553060234,0
62.074,-3.242309521118714,-2.7874788244571524,1.1070387816192624,0.0,0.0,1e-12,9.57187738171477e-05,-3.135623427990312e-05,4.4,3.8,10.08958730966005,7,179136075.55800718,7.919769923163202e+63,7.919769923163202e+63,599.8318838883542,2.7863027380911864e-09,0.0,1.5782503553060234,0
62.173,-3.242309521118714,-2.7874788244571524,1.1070387816192624,0.0,0.0,1e-12,9.57187738171477e-05,-3.135623427990312e-05,4.4,3.8,10.08958730966005,7,179136075.60171294,1.718766369895875e+65,1.718766369895875e+65,690.7940681958582,2.7863027380911864e-09,0.0,1.5782503553060234,0
62.305,-3.242309521118714,-2.7874788244571524,1.1070387816192624,0.0,0.0,1e-12,9.57187738171477e-05,-3.135623427990312e-05,4.4,3.8,10.08958730966005,7,179136075.60171294,1.718766369895875e+65,1.718766369895875e+65,690.7940681958582,2.7863027380911864e-09,0.0,1.5782503553060234,0
62.404,-3.242309521118714,-2.7874788244571524,1.1070387816192624,0.0,0.0,1e-12,9.57187738171477e-05,-3.135623427990312e-05,4.4,3.8,10.08958730966005,7,179136075.60171294,1.718766369895875e+65,1.718766369895875e+65,690.7940681958582,2.7863027380911864e-09,0.0,1.5782503553060234,0
62.536,-3.242007631071601,-2.7867819742760633,1.107181874958924,0.0,0.0,1e-12,9.57187738171477e-05,-3.135623427990312e-05,4.4,3.8,10.088903677308286,7,179136075.60171294,1.718766369895875e+65,1.718766369895875e+65,690.7940681958582,2.7863027380911864e-09,0.0,1.5782503553060234,0
62.635,-3.242007631071601,-2.7867819742760633,1.107181874958924,0.0,0.0,1e-12,9.57187738171477e-05,-3.135623427990312e-05,4.4,3.8,10.088903677308286,7,179136075.60171294,1.718766369895875e+65,1.718766369895875e+65,690.7940681958582,2.7863027380911864e-09,0.0,1.5782503553060234,0
62.734,-3.2418340152931737,-2.786865717244526,1.1079531837227878,0.0,0.0,1e-12,9.57187738171477e-05,-3.135623427990312e-05,4.4,3.8,10.088826844301723,7,179136075.5764437,3.855690413830052e+66,3.855690413830052e+66,704.030724540643,2.7863027380911864e-09,0.0,1.5782503553060234,0
62.833,-3.2418340152931737,-2.786865717244526,1.1079531837227878,0.0,0.0,1e-12,9.57187738171477e-05,-3.135623427990312e-05,4.4,3.8,10.088826844301723,7,179136075.5764437,3.855690413830052e+66,3.855690413830052e+66,704.030724540643,2.7863027380911864e-09,0.0,1.5782503553060234,0
62.932,-3.2418340152931737,-2.786865717244526,1.1079531837227878,0.0,0.0,1e-12,9.57187738171477e-05,-3.135623427990312e-05,4.4,3.8,10.088826844301723,7,179136075.5764437,3.855690413830052e+66,3.855690413830052e+66,704.030724540643,2.7863027380911864e-09,0.0,1.5782503553060234,0
62.932,-3.2418340152931737,-2.786865717244526,1.1079531837227878,0.0,0.0,1e-12,9.57187738171477e-05,-3.135623427990312e-05,4.4,3.8,10.088826844301723,7,179136075.5764437,3.855690413830052e+66,3.855690413830052e+66,704.030724540643,2.7863027380911864e-09,0.0,1.5782503553060234,0
63.097,-3.2418340152931737,-2.786865717244526,1.1079531837227878,0.0,0.0,1e-12,9.57187738171477e-05,-3.135623427990312e-05,4.4,3.8,10.088826844301723,7,179136075.5764437,3.855690413830052e+66,3.855690413830052e+66,704.030724540643,2.7863027380911864e-09,0.0,1.5782503553060234,0
63.097,-3.2418340152931737,-2.786865717244526,1.1079531837227878,0.0,0.0,1e-12,9.57187738171477e-05,-3.135623427990312e-05,4.4,3.8,10.088826844301723,7,179136075.5412166,2.53684730568959e+68,2.53684730568959e+68,723.1608076401162,2.7863027380911864e-09,0.0,1.5782503553060234,0
63.262,-3.241645360498432,-2.785813921298373,1.1092628081487825,0.0,0.0,1e-12,9.57187738171477e-05,-3.135623427990312e-05,4.4,3.8,10.087997265146074,7,179136075.5412166,2.53684730568959e+68,2.53684730568959e+68,723.1608076401162,2.7863027380911864e-09,0.0,1.5782503553060234,0
63.328,-3.241645360498432,-2.785813921298373,1.1092628081487825,0.0,0.0,1e-12,9.57187738171477e-05,-3.135623427990312e-05,4.4,3.8,10.087997265146074,7,179136075.5412166,2.53684730568959e+68,2.53684730568959e+68,723.1608076401162,2.7863027380911864e-09,0.0,1.5782503553060234,0
63.46,-3.241645360498432,-2.785813921298373,1.1092628081487825,0.0,0.0,1e-12,9.57187738171477e-05,-3.135623427990312e-05,4.4,3.8,10.087997265146074,7,179136075.5412166,2.53684730568959e+68,2.53684730568959e+68,723.1608076401162,2.7863027380911864e-09,0.0,1.5782503553060234,0
63.559,-3.241645360498432,-2.785813921298373,1.1092628081487825,0.0,0.0,1e-12,9.57187738171477e-05,-3.135623427990312e-05,4.4,3.8,10.087997265146074,7,179136075.5412166,2.53684730568959e+68,2.53684730568959e+68,723.1608076401162,2.7863027380911864e-09,0.0,1.5782503553060234,0
63.625,-3.241645360498432,-2.785813921298373,1.1092628081487825,0.0,0.0,1e-12,9.57187738171477e-05,-3.135623427990312e-05,4.4,3.8,10.087997265146074,7,179136075.49547958,3.376471962506159e+68,3.376471962506159e+68,727.6914021310445,2.7863027380911864e-09,0.0,1.5782503553060234,0
63.757,-3.241645360498432,-2.785813921298373,1.1092628081487825,0.0,0.0,1e-12,9.57187738171477e-05,-3.135623427990312e-05,4.4,3.8,10.087997265146074,7,179136075.49547958,3.376471962506159e+68,3.376471962506159e+68,727.6914021310445,2.7863027380911864e-09,0.0,1.5782503553060234,0
63.889,-3.241645360498432,-2.785813921298373,1.1092628081487825,0.0,0.0,1e-12,9.57187738171477e-05,-3.135623427990312e-05,4.4,3.8,10.087997265146074,7,179136075.49547958,3.376471962506159e+68,3.376471962506159e+68,727.6914021310445,2.7863027380911864e-09,0.0,1.5782503553060234,0
63.988,-3.241645360498432,-2.785813921298373,1.1092628081487825,0.0,0.0,1e-12,9.57187738171477e-05,-3.135623427990312e-05,4.4,3.8,10.087997265146074,7,179136075.49547958,3.376471962506159e+68,3.376471962506159e+68,727.6914021310445,2.7863027380911864e-09,0.0,1.5782503553060234,0
64.12,-3.241645360498432,-2.785813921298373,1.1092628081487825,0.0,0.0,1e-12,9.57187738171477e-05,-3.135623427990312e-05,4.4,3.8,10.087997265146074,7,179136075.49547958,3.376471962506159e+68,3.376471962506159e+68,727.6914021310445,2.7863027380911864e-09,0.0,1.5782503553060234,0
64.186,-3.2414296419202446,-2.7858099110493404,1.1100252215292723,0.0,0.0,1e-12,9.57187738171477e-05,-3.135623427990312e-05,4.4,3.8,10.087831241495522,7,179136075.52923897,2.2729913560908805e+69,2.2729913560908805e+69,716.7618025490948,2.7863027380911864e-09,0.0,1.5782503553060234,0
64.318,-3.241645360498432,-2.785813921298373,1.1092628081487825,0.0,0.0,1e-12,9.57187738171477e-05,-3.135623427990312e-05,4.4,3.8,10.087997265146074,7,179136075.52923897,2.2729913560908805e+69,2.2729913560908805e+69,716.7618025490948,2.7863027380911864e-09,0.0,1.5782503553060234,0
64.384,-3.241645360498432,-2.785813921298373,1.1092628081487825,0.0,0.0,1e-12,9.57187738171477e-05,-3.135623427990312e-05,4.4,3.8,10.087997265146074,7,179136075.52923897,2.2729913560908805e+69,2.2729913560908805e+69,716.7618025490948,2.7863027380911864e-09,0.0,1.5782503553060234,0
64.384,-3.241645360498432,-2.785813921298373,1.1092628081487825,0.0,0.0,1e-12,9.57187738171477e-05,-3.135623427990312e-05,4.4,3.8,10.087997265146074,7,179136075.52923897,2.2729913560908805e+69,2.2729913560908805e+69,716.7618025490948,2.7863027380911864e-09,0.0,1.5782503553060234,0
64.615,-3.2414296419202446,-2.7858099110493404,1.1100252215292723,0.0,0.0,1e-12,9.57187738171477e-05,-3.135623427990312e-05,4.4,3.8,10.087831241495522,7,179136075.52923897,2.2729913560908805e+69,2.2729913560908805e+69,716.7618025490948,2.7863027380911864e-09,0.0,1.5782503553060234,0
64.714,-3.2414296419202446,-2.7858099110493404,1.1100252215292723,0.0,0.0,1e-12,9.57187738171477e-05,-3.135623427990312e-05,4.4,3.8,10.087831241495522,7,179136075.49082083,6.372783031005689e+70,6.372783031005689e+70,594.643854541818,2.7863027380911864e-09,0.0,1.5782503553060234,0
64.813,-3.2414296419202446,-2.7858099110493404,1.1100252215292723,0.0,0.0,1e-12,9.57187738171477e-05,-3.135623427990312e-05,4.4,3.8,10.087831241495522,7,179136075.49082083,6.372783031005689e+70,6.372783031005689e+70,594.643854541818,2.7863027380911864e-09,0.0,1.5782503553060234,0
64.879,-3.2414296419202446,-2.7858099110493404,1.1100252215292723,0.0,0.0,1e-12,9.57187738171477e-05,-3.135623427990312e-05,4.4,3.8,10.087831241495522,7,179136075.49082083,6.372783031005689e+70,6.372783031005689e+70,594.643854541818,2.7863027380911864e-09,0.0,1.5782503553060234,0
64.978,-3.2414296419202446,-2.7858099110493404,1.1100252215292723,0.0,0.0,1e-12,9.57187738171477e-05,-3.135623427990312e-05,4.4,3.8,10.087831241495522,7,179136075.49082083,6.372783031005689e+70,6.372783031005689e+70,594.643854541818,2.7863027380911864e-09,0.0,1.5782503553060234,0
65.077,-3.2414296419202446,-2.7858099110493404,1.1100252215292723,0.0,0.0,1e-12,9.57187738171477e-05,-3.135623427990312e-05,4.4,3.8,10.087831241495522,7,179136075.49082083,6.372783031005689e+70,6.372783031005689e+70,594.643854541818,2.7863027380911864e-09,0.0,1.5782503553060234,0
65.143,-3.2414296419202446,-2.7858099110493404,1.1100252215292723,0.0,0.0,1e-12,9.57187738171477e-05,-3.135623427990312e-05,4.4,3.8,10.087831241495522,7,179136075.5140957,2.1926297605054234e+71,2.1926297605054234e+71,592.7737690431316,2.7863027380911864e-09,0.0,1.5782503553060234,0
65.308,-3.2414296419202446,-2.7858099110493404,1.1100252215292723,0.0,0.0,1e-12,9.57187738171477e-05,-3.135623427990312e-05,4.4,3.8,10.087831241495522,7,179136075.5140957,2.1926297605054234e+71,2.1926297605054234e+71,592.7737690431316,2.7863027380911864e-09,0.0,1.5782503553060234,0
65.407,-3.2414296419202446,-2.7858099110493404,1.1100252215292723,0.0,0.0,1e-12,9.57187738171477e-05,-3.135623427990312e-05,4.4,3.8,10.087831241495522,7,179136075.5140957,2.1926297605054234e+71,2.1926297605054234e+71,592.7737690431316,2.7863027380911864e-09,0.0,1.5782503553060234,0
65.473,-3.2416137630257946,-2.7863734569937644,1.109651231416747,0.0,0.0,1e-12,9.57187738171477e-05,-3.135623427990312e-05,4.4,3.8,10.08833862527707,7,179136075.5140957,2.1926297605054234e+71,2.1926297605054234e+71,592.7737690431316,2.7863027380911864e-09,0.0,1.5782503553060234,0
65.572,-3.2416137630257946,-2.7863734569937644,1.109651231416747,0.0,0.0,1e-12,9.57187738171477e-05,-3.135623427990312e-05,4.4,3.8,10.08833862527707,7,179136075.5140957,2.1926297605054234e+71,2.1926297605054234e+71,592.7737690431316,2.7863027380911864e-09,0.0,1.5782503553060234,0
65.638,-3.2416137630257946,-2.7863734569937644,1.109651231416747,0.0,0.0,1e-12,9.57187738171477e-05,-3.135623427990312e-05,4.4,3.8,10.08833862527707,7,179136075.4404017,9.353238219791742e+71,9.353238219791742e+71,760.3872514192096,2.7863027380911864e-09,0.0,1.5782503553060234,0
65.77,-3.242116092077589,-2.7876235174604034,1.1091839838507547,0.0,0.0,1e-12,9.57187738171477e-05,-3.135623427990312e-05,4.4,3.8,10.089535270397176,7,179136075.4404017,9.353238219791742e+71,9.353238219791742e+71,760.3872514192096,2.7863027380911864e-09,0.0,1.5782503553060234,0
65.902,-3.242116092077589,-2.7876235174604034,1.1091839838507547,0.0,0.0,1e-12,9.57187738171477e-05,-3.135623427990312e-05,4.4,3.8,10.089535270397176,7,179136075.4404017,9.353238219791742e+71,9.353238219791742e+71,760.3872514192096,2.7863027380911864e-09,0.0,1.5782503553060234,0
66.034,-3.242116092077589,-2.7876235174604034,1.1091839838507547,0.0,0.0,1e-12,9.57187738171477e-05,-3.135623427990312e-05,4.4,3.8,10.089535270397176,7,179136075.4404017,9.353238219791742e+71,9.353238219791742e+71,760.3872514192096,2.7863027380911864e-09,0.0,1.5782503553060234,0
66.1,-3.242116092077589,-2.7876235174604034,1.1091839838507547,0.0,0.0,1e-12,9.57187738171477e-05,-3.135623427990312e-05,4.4,3.8,10.089535270397176,7,179136075.4404017,9.353238219791742e+71,9.353238219791742e+71,760.3872514192096,2.7863027380911864e-09,0.0,1.5782503553060234,0
66.166,-3.242116092077589,-2.7876235174604034,1.1091839838507547,0.0,0.0,1e-12,9.57187738171477e-05,-3.135623427990312e-05,4.4,3.8,10.089535270397176,7,179136075.45378053,4.879233623780121e+72,4.879233623780121e+72,767.4165159129574,2.7863027380911864e-09,0.0,1.5782503553060234,0
66.298,-3.242438856136521,-2.7880435878129095,1.1096324885643518,0.0,0.0,1e-12,9.57187738171477e-05,-3.135623427990312e-05,4.4,3.8,10.09005401297278,7,179136075.45378053,4.879233623780121e+72,4.879233623780121e+72,767.4165159129574,2.7863027380911864e-09,0.0,1.5782503553060234,0
66.397,-3.242438856136521,-2.7880435878129095,1.1096324885643518,0.0,0.0,1e-12,9.57187738171477e-05,-3.135623427990312e-05,4.4,3.8,10.09005401297278,7,179136075.45378053,4.879233623780121e+72,4.879233623780121e+72,767.4165159129574,2.7863027380911864e-09,0.0,1.5782503553060234,0
66.397,-3.242438856136521,-2.7880435878129095,1.1096324885643518,0.0,0.0,1e-12,9.57187738171477e-05,-3.135623427990312e-05,4.4,3.8,10.09005401297278,7,179136075.45378053,4.879233623780121e+72,4.879233623780121e+72,767.4165159129574,2.7863027380911864e-09,0.0,1.5782503553060234,0
66.595,-3.242438856136521,-2.7880435878129095,1.1096324885643518,0.0,0.0,1e-12,9.57187738171477e-05,-3.135623427990312e-05,4.4,3.8,10.09005401297278,7,179136075.45378053,4.879233623780121e+72,4.879233623780121e+72,767.4165159129574,2.7863027380911864e-09,0.0,1.5782503553060234,0
66.694,-3.242141483775033,-2.7873965451784106,1.1097273652881543,0.0,0.0,1e-12,9.57187738171477e-05,-3.135623427990312e-05,4.4,3.8,10.089406310653949,7,179136075.44686842,6.783810727040328e+73,6.783810727040328e+73,781.3274667958318,2.7863027380911864e-09,0.0,1.5782503553060234,0
66.793,-3.242141483775033,-2.7873965451784106,1.1097273652881543,0.0,0.0,1e-12,9.57187738171477e-05,-3.135623427990312e-05,4.4,3.8,10.089406310653949,7,179136075.44686842,6.783810727040328e+73,6.783810727040328e+73,781.3274667958318,2.7863027380911864e-09,0.0,1.5782503553060234,0
66.892,-3.242141483775033,-2.7873965451784106,1.1097273652881543,0.0,0.0,1e-12,9.57187738171477e-05,-3.135623427990312e-05,4.4,3.8,10.089406310653949,7,179136075.44686842,6.783810727040328e+73,6.783810727040328e+73,781.3274667958318,2.7863027380911864e-09,0.0,1.5782503553060234,0
66.991,-3.242141483775033,-2.7873965451784106,1.1097273652881543,0.0,0.0,1e-12,9.57187738171477e-05,-3.135623427990312e-05,4.4,3.8,10.089406310653949,7,179136075.44686842,6.783810727040328e+73,6.783810727040328e+73,781.3274667958318,2.7863027380911864e-09,0.0,1.5782503553060234,0
67.09,-3.242141483775033,-2.7873965451784106,1.1097273652881543,0.0,0.0,1e-12,9.57187738171477e-05,-3.135623427990312e-05,4.4,3.8,10.089406310653949,7,179136075.44686842,6.783810727040328e+73,6.783810727040328e+73,781.3274667958318,2.7863027380911864e-09,0.0,1.5782503553060234,0
67.222,-3.242141483775033,-2.7873965451784106,1.1097273652881543,0.0,0.0,1e-12,9.57187738171477e-05,-3.135623427990312e-05,4.4,3.8,10.089406310653949,7,179136075.45310944,6.366854817748789e+74,6.366854817748789e+74,790.768083112819,2.7863027380911864e-09,0.0,1.5782503553060234,0
67.321,-3.242141483775033,-2.7873965451784106,1.1097273652881543,0.0,0.0,1e-12,9.57187738171477e-05,-3.135623427990312e-05,4.4,3.8,10.089406310653949,7,179136075.45310944,6.366854817748789e+74,6.366854817748789e+74,790.768083112819,2.7863027380911864e-09,0.0,1.5782503553060234,0
67.387,-3.242141483775033,-2.7873965451784106,1.1097273652881543,0.0,0.0,1e-12,9.57187738171477e-05,-3.135623427990312e-05,4.4,3.8,10.089406310653949,7,179136075.45310944,6.366854817748789e+74,6.366854817748789e+74,790.768083112819,2.7863027380911864e-09,0.0,1.5782503553060234,0
67.486,-3.242141483775033,-2.7873965451784106,1.1097273652881543,0.0,0.0,1e-12,9.57187738171477e-05,-3.135623427990312e-05,4.4,3.8,10.089406310653949,7,179136075.45310944,6.366854817748789e+74,6.366854817748789e+74,790.768083112819,2.7863027380911864e-09,0.0,1.5782503553060234,0
67.618,-3.2420128270230015,-2.7873014167959416,1.1100203818031626,0.0,0.0,1e-12,9.57187738171477e-05,-3.135623427990312e-05,4.4,3.8,10.089246751076411,7,179136075.45310944,6.366854817748789e+74,6.366854817748789e+74,790.768083112819,2.7863027380911864e-09,0.0,1.5782503553060234,0
67.684,-3.2420128270230015,-2.7873014167959416,1.1100203818031626,0.0,0.0,1e-12,9.57187738171477e-05,-3.135623427990312e-05,4.4,3.8,10.089246751076411,7,179136075.47585058,5.6729152387995465e+75,5.6729152387995465e+75,554.8852683535143,2.7863027380911864e-09,0.0,1.5782503553060234,0
67.816,-3.2420128270230015,-2.7873014167959416,1.1100203818031626,0.0,0.0,1e-12,9.57187738171477e-05,-3.135623427990312e-05,4.4,3.8,10.089246751076411,7,179136075.47585058,5.6729152387995465e+75,5.6729152387995465e+75,554.8852683535143,2.7863027380911864e-09,0.0,1.5782503553060234,0
67.915,-3.2420128270230015,-2.7873014167959416,1.1100203818031626,0.0,0.0,1e-12,9.57187738171477e-05,-3.135623427990312e-05,4.4,3.8,10.089246751076411,7,179136075.47585058,5.6729152387995465e+75,5.6729152387995465e+75,554.8852683535143,2.7863027380911864e-09,0.0,1.5782503553060234,0
67.981,-3.2420128270230015,-2.7873014167959416,1.1100203818031626,0.0,0.0,1e-12,9.57187738171477e-05,-3.135623427990312e-05,4.4,3.8,10.089246751076411,7,179136075.47585058,5.6729152387995465e+75,5.6729152387995465e+75,554.8852683535143,2.7863027380911864e-09,0.0,1.5782503553060234,0
68.113,-3.2420128270230015,-2.7873014167959416,1.1100203818031626,0.0,0.0,1e-12,9.57187738171477e-05,-3.135623427990312e-05,4.4,3.8,10.089246751076411,7,179136075.47585058,5.6729152387995465e+75,5.6729152387995465e+75,554.8852683535143,2.7863027380911864e-09,0.0,1.5782503553060234,0
68.212,-3.2420128270230015,-2.7873014167959416,1.1100203818031626,0.0,0.0,1e-12,9.57187738171477e-05,-3.135623427990312e-05,4.4,3.8,10.089246751076411,7,179136075.5195852,4.264341413039107e+76,4.264341413039107e+76,721.4380399683407,2.7863027380911864e-09,0.0,1.5782503553060234,0
68.212,-3.2420128270230015,-2.7873014167959416,1.1100203818031626,0.0,0.0,1e-12,9.57187738171477e-05,-3.135623427990312e-05,4.4,3.8,10.089246751076411,7,179136075.5195852,4.264341413039107e+76,4.264341413039107e+76,721.4380399683407,2.7863027380911864e-09,0.0,1.5782503553060234,0
68.41,-3.2420128270230015,-2.7873014167959416,1.1100203818031626,0.0,0.0,1e-12,9.57187738171477e-05,-3.135623427990312e-05,4.4,3.8,10.089246751076411,7,179136075.5195852,4.264341413039107e+76,4.264341413039107e+76,721.4380399683407,2.7863027380911864e-09,0.0,1.5782503553060234,0
68.509,-3.2420128270230015,-2.7873014167959416,1.1100203818031626,0.0,0.0,1e-12,9.57187738171477e-05,-3.135623427990312e-05,4.4,3.8,10.089246751076411,7,179136075.5195852,4.264341413039107e+76,4.264341413039107e+76,721.4380399683407,2.7863027380911864e-09,0.0,1.5782503553060234,0
68.575,-3.2420128270230015,-2.7873014167959416,1.1100203818031626,0.0,0.0,1e-12,9.57187738171477e-05,-3.135623427990312e-05,4.4,3.8,10.089246751076411,7,179136075.5195852,4.264341413039107e+76,4.264341413039107e+76,721.4380399683407,2.7863027380911864e-09,0.0,1.5782503553060234,0
68.674,-3.241931261568886,-2.7875464361765414,1.1107514107983985,0.0,0.0,1e-12,9.57187738171477e-05,-3.135623427990312e-05,4.4,3.8,10.089344946790455,7,179136075.51910913,1.2107855737969287e+78,1.2107855737969287e+78,734.5146617547622,2.7863027380911864e-09,0.0,1.5782503553060234,0
68.839,-3.241931261568886,-2.7875464361765414,1.1107514107983985,0.0,0.0,1e-12,9.57187738171477e-05,-3.135623427990312e-05,4.4,3.8,10.089344946790455,7,179136075.51910913,1.2107855737969287e+78,1.2107855737969287e+78,734.5146617547622,2.7863027380911864e-09,0.0,1.5782503553060234,0
68.938,-3.241931261568886,-2.7875464361765414,1.1107514107983985,0.0,0.0,1e-12,9.57187738171477e-05,-3.135623427990312e-05,4.4,3.8,10.089344946790455,7,179136075.51910913,1.2107855737969287e+78,1.2107855737969287e+78,734.5146617547622,2.7863027380911864e-09,0.0,1.5782503553060234,0
69.004,-3.241931261568886,-2.7875464361765414,1.1107514107983985,0.0,0.0,1e-12,9.57187738171477e-05,-3.135623427990312e-05,4.4,3.8,10.089344946790455,7,179136075.51910913,1.2107855737969287e+78,1.2107855737969287e+78,734.5146617547622,2.7863027380911864e-09,0.0,1.5782503553060234,0
69.07,-3.241931261568886,-2.7875464361765414,1.1107514107983985,0.0,0.0,1e-12,9.57187738171477e-05,-3.135623427990312e-05,4.4,3.8,10.089344946790455,7,179136075.51910913,1.2107855737969287e+78,1.2107855737969287e+78,734.5146617547622,2.7863027380911864e-09,0.0,1.5782503553060234,0
69.202,-3.241931261568886,-2.7875464361765414,1.1107514107983985,0.0,0.0,1e-12,9.57187738171477e-05,-3.135623427990312e-05,4.4,3.8,10.089344946790455,7,179136075.49309543,1.7026370362495668e+79,1.7026370362495668e+79,746.3634127295315,2.7863027380911864e-09,0.0,1.5782503553060234,0
69.268,-3.241931261568886,-2.7875464361765414,1.1107514107983985,0.0,0.0,1e-12,9.57187738171477e-05,-3.135623427990312e-05,4.4,3.8,10.089344946790455,7,179136075.49309543,1.7026370362495668e+79,1.7026370362495668e+79,746.3634127295315,2.7863027380911864e-09,0.0,1.5782503553060234,0
69.4,-3.241931261568886,-2.7875464361765414,1.1107514107983985,0.0,0.0,1e-12,9.57187738171477e-05,-3.135623427990312e-05,4.4,3.8,10.089344946790455,7,179136075.49309543,1.7026370362495668e+79,1.7026370362495668e+79,746.3634127295315,2.7863027380911864e-09,0.0,1.5782503553060234,0
69.466,-3.241931261568886,-2.7875464361765414,1.1107514107983985,0.0,0.0,1e-12,9.57187738171477e-05,-3.135623427990312e-05,4.4,3.8,10.089344946790455,7,179136075.49309543,1.7026370362495668e+79,1.7026370362495668e+79,746.3634127295315,2.7863027380911864e-09,0.0,1.5782503553060234,0
69.631,-3.241931261568886,-2.7875464361765414,1.1107514107983985,0.0,0.0,1e-12,9.57187738171477e-05,-3.135623427990312e-05,4.4,3.8,10.089344946790455,7,179136075.49309543,1.7026370362495668e+79,1.7026370362495668e+79,746.3634127295315,2.7863027380911864e-09,0.0,1.5782503553060234,0
69.697,-3.241931261568886,-2.7875464361765414,1.1107514107983985,0.0,0.0,1e-12,9.57187738171477e-05,-3.135623427990312e-05,4.4,3.8,10.089344946790455,7,179136075.50232917,1.3326547100421906e+80,1.3326547100421906e+80,753.1620208143453,2.7863027380911864e-09,0.0,1.5782503553060234,0
69.796,-3.241931261568886,-2.7875464361765414,1.1107514107983985,0.0,0.0,1e-12,9.57187738171477e-05,-3.135623427990312e-05,4.4,3.8,10.089344946790455,7,179136075.50232917,1.3326547100421906e+80,1.3326547100421906e+80,753.1620208143453,2.7863027380911864e-09,0.0,1.5782503553060234,0
69.928,-3.241931261568886,-2.7875464361765414,1.1107514107983985,0.0,0.0,1e-12,9.57187738171477e-05,-3.135623427990312e-05,4.4,3.8,10.089344946790455,7,179136075.50232917,1.3326547100421906e+80,1.3326547100421906e+80,753.1620208143453,2.7863027380911864e-09,0.0,1.5782503553060234,0
69.961,-3.241931261568886,-2.7875464361765414,1.1107514107983985,0.0,0.0,1e-12,9.57187738171477e-05,-3.135623427990312e-05,4.4,3.8,10.089344946790455,7,179136075.50232917,1.3326547100421906e+80,1.3326547100421906e+80,753.1620208143453,2.7863027380911864e-09,0.0,1.5782503553060234,0
70.093,-3.241931261568886,-2.7875464361765414,1.1107514107983985,0.0,0.0,1e-12,9.57187738171477e-05,-3.135623427990312e-05,4.4,3.8,10.089344946790455,7,179136075.50232917,1.3326547100421906e+80,1.3326547100421906e+80,753.1620208143453,2.7863027380911864e-09,0.0,1.5782503553060234,0
70.225,-3.241931261568886,-2.7875464361765414,1.1107514107983985,0.0,0.0,1e-12,9.57187738171477e-05,-3.135623427990312e-05,4.4,3.8,10.089344946790455,7,179136075.43319526,1.971971826676882e+81,1.971971826676882e+81,861.6348027953471,2.7863027380911864e-09,0.0,1.5782503553060234,0
70.324,-3.2421621949660637,-2.7881584763134737,1.1104662222361177,0.0,0.0,1e-12,9.57187738171477e-05,-3.135623427990312e-05,4.4,3.8,10.089919480510714,7,179136075.43319526,1.971971826676882e+81,1.971971826676882e+81,861.6348027953471,2.7863027380911864e-09,0.0,1.5782503553060234,0
70.423,-3.2421621949660637,-2.7881584763134737,1.1104662222361177,0.0,0.0,1e-12,9.57187738171477e-05,-3.135623427990312e-05,4.4,3.8,10.089919480510714,7,179136075.43319526,1.971971826676882e+81,1.971971826676882e+81,861.6348027953471,2.7863027380911864e-09,0.0,1.5782503553060234,0
70.489,-3.2421621949660637,-2.7881584763134737,1.1104662222361177,0.0,0.0,1e-12,9.57187738171477e-05,-3.135623427990312e-05,4.4,3.8,10.089919480510714,7,179136075.43319526,1.971971826676882e+81,1.971971826676882e+81,861.6348027953471,2.7863027380911864e-09,0.0,1.5782503553060234,0
70.588,-3.2421621949660637,-2.7881584763134737,1.1104662222361177,0.0,0.0,1e-12,9.57187738171477e-05,-3.135623427990312e-05,4.4,3.8,10.089919480510714,7,179136075.43319526,1.971971826676882e+81,1.971971826676882e+81,861.6348027953471,2.7863027380911864e-09,0.0,1.5782503553060234,0
70.687,-3.2421621949660637,-2.7881584763134737,1.1104662222361177,0.0,0.0,1e-12,9.57187738171477e-05,-3.135623427990312e-05,4.4,3.8,10.089919480510714,7,179136075.42961386,3.2254096157014526e+82,3.2254096157014526e+82,780.137063796814,2.7863027380911864e-09,0.0,1.5782503553060234,0
70.687,-3.2421621949660637,-2.7881584763134737,1.1104662222361177,0.0,0.0,1e-12,9.57187738171477e-05,-3.135623427990312e-05,4.4,3.8,10.089919480510714,7,179136075.42961386,3.2254096157014526e+82,3.2254096157014526e+82,780.137063796814,2.7863027380911864e-09,0.0,1.5782503553060234,0
70.885,-3.2419149596455625,-2.7875754470346426,1.1106307997626828,0.0,0.0,1e-12,9.57187738171477e-05,-3.135623427990312e-05,4.4,3.8,10.089351541146156,7,179136075.42961386,3.2254096157014526e+82,3.2254096157014526e+82,780.137063796814,2.7863027380911864e-09,0.0,1.5782503553060234,0
70.885,-3.2419149596455625,-2.7875754470346426,1.1106307997626828,0.0,0.0,1e-12,9.57187738171477e-05,-3.135623427990312e-05,4.4,3.8,10.089351541146156,7,179136075.42961386,3.2254096157014526e+82,3.2254096157014526e+82,780.137063796814,2.7863027380911864e-09,0.0,1.5782503553060234,0
71.05,-3.2419149596455625,-2.7875754470346426,1.1106307997626828,0.0,0.0,1e-12,9.57187738171477e-05,-3.135623427990312e-05,4.4,3.8,10.089351541146156,7,179136075.42961386,3.2254096157014526e+82,3.2254096157014526e+82,780.137063796814,2.7863027380911864e-09,0.0,1.5782503553060234,0
71.215,-3.2419149596455625,-2.7875754470346426,1.1106307997626828,0.0,0.0,1e-12,9.57187738171477e-05,-3.135623427990312e-05,4.4,3.8,10.089351541146156,7,179136075.43987566,1.0643084396218428e+83,1.0643084396218428e+83,787.4369979631707,2.7863027380911864e-09,0.0,1.5782503553060234,0
71.314,-3.2419149596455625,-2.7875754470346426,1.1106307997626828,0.0,0.0,1e-12,9.57187738171477e-05,-3.135623427990312e-05,4.4,3.8,10.089351541146156,7,179136075.43987566,1.0643084396218428e+83,1.0643084396218428e+83,787.4369979631707,2.7863027380911864e-09,0.0,1.5782503553060234,0
71.413,-3.2417499566271437,-2.7871743193260934,1.1107635001281984,0.0,0.0,1e-12,9.57187738171477e-05,-3.135623427990312e-05,4.4,3.8,10.088964660102649,7,179136075.43987566,1.0643084396218428e+83,1.0643084396218428e+83,787.4369979631707,2.7863027380911864e-09,0.0,1.5782503553060234,0
71.512,-3.2417262954862034,-2.7871010306857835,1.1107180397405452,0.0,0.0,1e-12,9.57187738171477e-05,-3.135623427990312e-05,4.4,3.8,10.088898887568801,7,179136075.43987566,1.0643084396218428e+83,1.0643084396218428e+83,787.4369979631707,2.7863027380911864e-09,0.0,1.5782503553060234,0
71.644,-3.2418913025724287,-2.787502169518778,1.1105852101621374,0.0,0.0,1e-12,9.57187738171477e-05,-3.135623427990312e-05,4.4,3.8,10.089285778178093,7,179136075.43987566,1.0643084396218428e+83,1.0643084396218428e+83,787.4369979631707,2.7863027380911864e-09,0.0,1.5782503553060234,0
71.71,-3.2418913025724287,-2.787502169518778,1.1105852101621374,0.0,0.0,1e-12,9.57187738171477e-05,-3.135623427990312e-05,4.4,3.8,10.089285778178093,7,179136075.48707512,1.3357960213751322e+84,1.3357960213751322e+84,704.5744049421213,2.7863027380911864e-09,0.0,1.5782503553060234,0
71.809,-3.2418913025724287,-2.787502169518778,1.1105852101621374,0.0,0.0,1e-12,9.57187738171477e-05,-3.135623427990312e-05,4.4,3.8,10.089285778178093,7,179136075.48707512,1.3357960213751322e+84,1.3357960213751322e+84,704.5744049421213,2.7863027380911864e-09,0.0,1.5782503553060234,0
71.842,-3.2418913025724287,-2.787502169518778,1.1105852101621374,0.0,0.0,1e-12,9.57187738171477e-05,-3.135623427990312e-05,4.4,3.8,10.089285778178093,7,179136075.48707512,1.3357960213751322e+84,1.3357960213751322e+84,704.5744049421213,2.7863027380911864e-09,0.0,1.5782503553060234,0
71.842,-3.2418913025724287,-2.787502169518778,1.1105852101621374,0.0,0.0,1e-12,9.57187738171477e-05,-3.135623427990312e-05,4.4,3.8,10.089285778178093,7,179136075.48707512,1.3357960213751322e+84,1.3357960213751322e+84,704.5744049421213,2.7863027380911864e-09,0.0,1.5782503553060234,0
72.073,-3.241608237945395,-2.7870662627144864,1.1103224095322892,0.0,0.0,1e-12,9.57187738171477e-05,-3.135623427990312e-05,4.4,3.8,10.088786766089683,7,179136075.48707512,1.3357960213751322e+84,1.3357960213751322e+84,704.5744049421213,2.7863027380911864e-09,0.0,1.5782503553060234,0
72.205,-3.24144234979129,-2.7866634759844198,1.1104551860854543,0.0,0.0,1e-12,9.57187738171477e-05,-3.135623427990312e-05,4.4,3.8,10.088398135038634,7,179136075.5561994,1.6800098150798134e+85,1.6800098150798134e+85,753.103881512975,2.7863027380911864e-09,0.0,1.5782503553060234,0
72.271,-3.24144234979129,-2.7866634759844198,1.1104551860854543,0.0,0.0,1e-12,9.57187738171477e-05,-3.135623427990312e-05,4.4,3.8,10.088398135038634,7,179136075.5561994,1.6800098150798134e+85,1.6800098150798134e+85,753.103881512975,2.7863027380911864e-09,0.0,1.5782503553060234,0
72.436,-3.24144234979129,-2.7866634759844198,1.1104551860854543,0.0,0.0,1e-12,9.57187738171477e-05,-3.135623427990312e-05,4.4,3.8,10.088398135038634,7,179136075.5561994,1.6800098150798134e+85,1.6800098150798134e+85,753.103881512975,2.7863027380911864e-09,0.0,1.5782503553060234,0
72.502,-3.24144234979129,-2.7866634759844198,1.1104551860854543,0.0,0.0,1e-12,9.57187738171477e-05,-3.135623427990312e-05,4.4,3.8,10.088398135038634,7,179136075.5561994,1.6800098150798134e+85,1.6800098150798134e+85,753.103881512975,2.7863027380911864e-09,0.0,1.5782503553060234,0
72.601,-3.24144234979129,-2.7866634759844198,1.1104551860854543,0.0,0.0,1e-12,9.57187738171477e-05,-3.135623427990312e-05,4.4,3.8,10.088398135038634,7,179136075.5561994,1.6800098150798134e+85,1.6800098150798134e+85,753.103881512975,2.7863027380911864e-09,0.0,1.5782503553060234,0
72.7,-3.24144234979129,-2.7866634759844198,1.1104551860854543,0.0,0.0,1e-12,9.57187738171477e-05,-3.135623427990312e-05,4.4,3.8,10.088398135038634,7,179136075.5839761,1.0542369509404315e+86,1.0542369509404315e+86,912.2949689990396,2.7863027380911864e-09,0.0,1.5782503553060234,0
72.7,-3.24144234979129,-2.7866634759844198,1.1104551860854543,0.0,0.0,1e-12,9.57187738171477e-05,-3.135623427990312e-05,4.4,3.8,10.088398135038634,7,179136075.5839761,1.0542369509404315e+86,1.0542369509404315e+86,912.2949689990396,2.7863027380911864e-09,0.0,1.5782503553060234,0
72.898,-3.24144234979129,-2.7866634759844198,1.1104551860854543,0.0,0.0,1e-12,9.57187738171477e-05,-3.135623427990312e-05,4.4,3.8,10.088398135038634,7,179136075.5839761,1.0542369509404315e+86,1.0542369509404315e+86,912.2949689990396,2.7863027380911864e-09,0.0,1.5782503553060234,0
72.964,-3.24144234979129,-2.7866634759844198,1.1104551860854543,0.0,0.0,1e-12,9.57187738171477e-05,-3.135623427990312e-05,4.4,3.8,10.088398135038634,7,179136075.5839761,1.0542369509404315e+86,1.0542369509404315e+86,912.2949689990396,2.7863027380911864e-09,0.0,1.5782503553060234,0
73.063,-3.2412625197094105,-2.786810994235782,1.1113615590808872,0.0,0.0,1e-12,9.57187738171477e-05,-3.135623427990312e-05,4.4,3.8,10.0883582395205,7,179136075.5839761,1.0542369509404315e+86,1.0542369509404315e+86,912.2949689990396,2.7863027380911864e-09,0.0,1.5782503553060234,0
73.195,-3.2412625197094105,-2.786810994235782,1.1113615590808872,0.0,0.0,1e-12,9.57187738171477e-05,-3.135623427990312e-05,4.4,3.8,10.0883582395205,7,179136075.6862546,3.2734311517499717e+87,3.2734311517499717e+87,923.6685549352395,2.7863027380911864e-09,0.0,1.5782503553060234,0
73.327,-3.2414404199271796,-2.7873673357220006,1.1109793118718618,0.0,0.0,1e-12,9.57187738171477e-05,-3.135623427990312e-05,4.4,3.8,10.088856233837117,7,179136075.6862546,3.2734311517499717e+87,3.2734311517499717e+87,923.6685549352395,2.7863027380911864e-09,0.0,1.5782503553060234,0
73.426,-3.24159165891419,-2.7878838954524805,1.1105678159180092,0.0,0.0,1e-12,9.57187738171477e-05,-3.135623427990312e-05,4.4,3.8,10.089308068522294,7,179136075.6862546,3.2734311517499717e+87,3.2734311517499717e+87,923.6685549352395,2.7863027380911864e-09,0.0,1.5782503553060234,0
73.492,-3.241803010453431,-2.7877707316384988,1.109604466106162,0.0,0.0,1e-12,9.57187738171477e-05,-3.135623427990312e-05,4.4,3.8,10.089394256505589,7,179136075.6862546,3.2734311517499717e+87,3.2734311517499717e+87,923.6685549352395,2.7863027380911864e-09,0.0,1.5782503553060234,0
73.624,-3.241803010453431,-2.7877707316384988,1.109604466106162,0.0,0.0,1e-12,9.57187738171477e-05,-3.135623427990312e-05,4.4,3.8,10.089394256505589,7,179136075.6862546,3.2734311517499717e+87,3.2734311517499717e+87,923.6685549352395,2.7863027380911864e-09,0.0,1.5782503553060234,0
73.756,-3.241803010453431,-2.7877707316384988,1.109604466106162,0.0,0.0,1e-12,9.57187738171477e-05,-3.135623427990312e-05,4.4,3.8,10.089394256505589,7,179136075.63438803,5.53447754210114e+88,5.53447754210114e+88,638.0947484343311,2.7863027380911864e-09,0.0,1.5782503553060234,0
73.789,-3.241803010453431,-2.7877707316384988,1.109604466106162,0.0,0.0,1e-12,9.57187738171477e-05,-3.135623427990312e-05,4.4,3.8,10.089394256505589,7,179136075.63438803,5.53447754210114e+88,5.53447754210114e+88,638.0947484343311,2.7863027380911864e-09,0.0,1.5782503553060234,0
73.921,-3.2416128754970726,-2.7876504484138596,1.1103092961751824,0.0,0.0,1e-12,9.57187738171477e-05,-3.135623427990312e-05,4.4,3.8,10.08917170879007,7,179136075.63438803,5.53447754210114e+88,5.53447754210114e+88,638.0947484343311,2.7863027380911864e-09,0.0,1.5782503553060234,0
73.954,-3.2416128754970726,-2.7876504484138596,1.1103092961751824,0.0,0.0,1e-12,9.57187738171477e-05,-3.135623427990312e-05,4.4,3.8,10.08917170879007,7,179136075.63438803,5.53447754210114e+88,5.53447754210114e+88,638.0947484343311,2.7863027380911864e-09,0.0,1.5782503553060234,0
74.053,-3.2416128754970726,-2.7876504484138596,1.1103092961751824,0.0,0.0,1e-12,9.57187738171477e-05,-3.135623427990312e-05,4.4,3.8,10.08917170879007,7,179136075.63438803,5.53447754210114e+88,5.53447754210114e+88,638.0947484343311,2.7863027380911864e-09,0.0,1.5782503553060234,0
74.185,-3.2416128754970726,-2.7876504484138596,1.1103092961751824,0.0,0.0,1e-12,9.57187738171477e-05,-3.135623427990312e-05,4.4,3.8,10.08917170879007,7,179136075.59924373,8.736511535431241e+89,8.736511535431241e+89,951.3117059013007,2.7863027380911864e-09,0.0,1.5782503553060234,0
74.317,-3.2416128754970726,-2.7876504484138596,1.1103092961751824,0.0,0.0,1e-12,9.57187738171477e-05,-3.135623427990312e-05,4.4,3.8,10.08917170879007,7,179136075.59924373,8.736511535431241e+89,8.736511535431241e+89,951.3117059013007,2.7863027380911864e-09,0.0,1.5782503553060234,0
74.416,-3.2416128754970726,-2.7876504484138596,1.1103092961751824,0.0,0.0,1e-12,9.57187738171477e-05,-3.135623427990312e-05,4.4,3.8,10.08917170879007,7,179136075.59924373,8.736511535431241e+89,8.736511535431241e+89,951.3117059013007,2.7863027380911864e-09,0.0,1.5782503553060234,0
74.482,-3.2416128754970726,-2.7876504484138596,1.1103092961751824,0.0,0.0,1e-12,9.57187738171477e-05,-3.135623427990312e-05,4.4,3.8,10.08917170879007,7,179136075.59924373,8.736511535431241e+89,8.736511535431241e+89,951.3117059013007,2.7863027380911864e-09,0.0,1.5782503553060234,0
74.614,-3.2416128754970726,-2.7876504484138596,1.1103092961751824,0.0,0.0,1e-12,9.57187738171477e-05,-3.135623427990312e-05,4.4,3.8,10.08917170879007,7,179136075.59924373,8.736511535431241e+89,8.736511535431241e+89,951.3117059013007,2.7863027380911864e-09,0.0,1.5782503553060234,0
74.647,-3.2416128754970726,-2.7876504484138596,1.1103092961751824,0.0,0.0,1e-12,9.57187738171477e-05,-3.135623427990312e-05,4.4,3.8,10.08917170879007,7,179136075.5810081,1.3965479781718767e+91,1.3965479781718767e+91,961.1847129960114,2.7863027380911864e-09,0.0,1.5782503553060234,0
74.812,-3.2416359114642335,-2.787719396583627,1.1103493517408691,0.0,0.0,1e-12,9.57187738171477e-05,-3.135623427990312e-05,4.4,3.8,10.089234175669823,7,179136075.5810081,1.3965479781718767e+91,1.3965479781718767e+91,961.1847129960114,2.7863027380911864e-09,0.0,1.5782503553060234,0
74.911,-3.2416359114642335,-2.787719396583627,1.1103493517408691,0.0,0.0,1e-12,9.57187738171477e-05,-3.135623427990312e-05,4.4,3.8,10.089234175669823,7,179136075.5810081,1.3965479781718767e+91,1.3965479781718767e+91,961.1847129960114,2.7863027380911864e-09,0.0,1.5782503553060234,0
74.977,-3.2416359114642335,-2.787719396583627,1.1103493517408691,0.0,0.0,1e-12,9.57187738171477e-05,-3.135623427990312e-05,4.4,3.8,10.089234175669823,7,179136075.5810081,1.3965479781718767e+91,1.3965479781718767e+91,961.1847129960114,2.7863027380911864e-09,0.0,1.5782503553060234,0
75.109,-3.241342188284091,-2.7870748260277955,1.1104508990388198,0.0,0.0,1e-12,9.57187738171477e-05,-3.135623427990312e-05,4.4,3.8,10.088590843231746,7,179136075.5810081,1.3965479781718767e+91,1.3965479781718767e+91,961.1847129960114,2.7863027380911864e-09,0.0,1.5782503553060234,0
75.109,-3.241342188284091,-2.7870748260277955,1.1104508990388198,0.0,0.0,1e-12,9.57187738171477e-05,-3.135623427990312e-05,4.4,3.8,10.088590843231746,7,179136075.58525896,2.253148672009093e+92,2.253148672009093e+92,975.8608905017222,2.7863027380911864e-09,0.0,1.5782503553060234,0
75.34,-3.241342188284091,-2.7870748260277955,1.1104508990388198,0.0,0.0,1e-12,9.57187738171477e-05,-3.135623427990312e-05,4.4,3.8,10.088590843231746,7,179136075.58525896,2.253148672009093e+92,2.253148672009093e+92,975.8608905017222,2.7863027380911864e-09,0.0,1.5782503553060234,0
75.406,-3.241342188284091,-2.7870748260277955,1.1104508990388198,0.0,0.0,1e-12,9.57187738171477e-05,-3.135623427990312e-05,4.4,3.8,10.088590843231746,7,179136075.58525896,2.253148672009093e+92,2.253148672009093e+92,975.8608905017222,2.7863027380911864e-09,0.0,1.5782503553060234,0
75.538,-3.241568470964027,-2.7876085663393937,1.1103005087243862,0.0,0.0,1e-12,9.57187738171477e-05,-3.135623427990312e-05,4.4,3.8,10.089110729878014,7,179136075.58525896,2.253148672009093e+92,2.253148672009093e+92,975.8608905017222,2.7863027380911864e-09,0.0,1.5782503553060234,0
75.538,-3.241568470964027,-2.7876085663393937,1.1103005087243862,0.0,0.0,1e-12,9.57187738171477e-05,-3.135623427990312e-05,4.4,3.8,10.089110729878014,7,179136075.58525896,2.253148672009093e+92,2.253148672009093e+92,975.8608905017222,2.7863027380911864e-09,0.0,1.5782503553060234,0
75.67,-3.241568470964027,-2.7876085663393937,1.1103005087243862,0.0,0.0,1e-12,9.57187738171477e-05,-3.135623427990312e-05,4.4,3.8,10.089110729878014,7,179136075.6153334,1.2910807940388834e+93,1.2910807940388834e+93,986.0921843523802,2.7863027380911864e-09,0.0,1.5782503553060234,0
75.802,-3.241568470964027,-2.7876085663393937,1.1103005087243862,0.0,0.0,1e-12,9.57187738171477e-05,-3.135623427990312e-05,4.4,3.8,10.089110729878014,7,179136075.6153334,1.2910807940388834e+93,1.2910807940388834e+93,986.0921843523802,2.7863027380911864e-09,0.0,1.5782503553060234,0
75.802,-3.241568470964027,-2.7876085663393937,1.1103005087243862,0.0,0.0,1e-12,9.57187738171477e-05,-3.135623427990312e-05,4.4,3.8,10.089110729878014,7,179136075.6153334,1.2910807940388834e+93,1.2910807940388834e+93,986.0921843523802,2.7863027380911864e-09,0.0,1.5782503553060234,0
75.967,-3.241568470964027,-2.7876085663393937,1.1103005087243862,0.0,0.0,1e-12,9.57187738171477e-05,-3.135623427990312e-05,4.4,3.8,10.089110729878014,7,179136075.6153334,1.2910807940388834e+93,1.2910807940388834e+93,986.0921843523802,2.7863027380911864e-09,0.0,1.5782503553060234,0
76.066,-3.241568470964027,-2.7876085663393937,1.1103005087243862,0.0,0.0,1e-12,9.57187738171477e-05,-3.135623427990312e-05,4.4,3.8,10.089110729878014,7,179136075.6153334,1.2910807940388834e+93,1.2910807940388834e+93,986.0921843523802,2.7863027380911864e-09,0.0,1.5782503553060234,0
76.165,-3.241568470964027,-2.7876085663393937,1.1103005087243862,0.0,0.0,1e-12,9.57187738171477e-05,-3.135623427990312e-05,4.4,3.8,10.089110729878014,7,179136075.60868084,1.2734919776991715e+94,1.2734919776991715e+94,787.1019563157718,2.7863027380911864e-09,0.0,1.5782503553060234,0
76.33,-3.241568470964027,-2.7876085663393937,1.1103005087243862,0.0,0.0,1e-12,9.57187738171477e-05,-3.135623427990312e-05,4.4,3.8,10.089110729878014,7,179136075.60868084,1.2734919776991715e+94,1.2734919776991715e+94,787.1019563157718,2.7863027380911864e-09,0.0,1.5782503553060234,0
76.429,-3.241568470964027,-2.7876085663393937,1.1103005087243862,0.0,0.0,1e-12,9.57187738171477e-05,-3.135623427990312e-05,4.4,3.8,10.089110729878014,7,179136075.60868084,1.2734919776991715e+94,1.2734919776991715e+94,787.1019563157718,2.7863027380911864e-09,0.0,1.5782503553060234,0
76.495,-3.241568470964027,-2.7876085663393937,1.1103005087243862,0.0,0.0,1e-12,9.57187738171477e-05,-3.135623427990312e-05,4.4,3.8,10.089110729878014,7,179136075.60868084,1.2734919776991715e+94,1.2734919776991715e+94,787.1019563157718,2.7863027380911864e-09,0.0,1.5782503553060234,0
76.627,-3.241568470964027,-2.7876085663393937,1.1103005087243862,0.0,0.0,1e-12,9.57187738171477e-05,-3.135623427990312e-05,4.4,3.8,10.089110729878014,7,179136075.60868084,1.2734919776991715e+94,1.2734919776991715e+94,787.1019563157718,2.7863027380911864e-09,0.0,1.5782503553060234,0
76.693,-3.241568470964027,-2.7876085663393937,1.1103005087243862,0.0,0.0,1e-12,9.57187738171477e-05,-3.135623427990312e-05,4.4,3.8,10.089110729878014,7,179136075.63323346,2.068938865937179e+95,2.068938865937179e+95,796.097916749026,2.7863027380911864e-09,0.0,1.5782503553060234,0
76.825,-3.241568470964027,-2.7876085663393937,1.1103005087243862,0.0,0.0,1e-12,9.57187738171477e-05,-3.135623427990312e-05,4.4,3.8,10.089110729878014,7,179136075.63323346,2.068938865937179e+95,2.068938865937179e+95,796.097916749026,2.7863027380911864e-09,0.0,1.5782503553060234,0
76.924,-3.241568470964027,-2.7876085663393937,1.1103005087243862,0.0,0.0,1e-12,9.57187738171477e-05,-3.135623427990312e-05,4.4,3.8,10.089110729878014,7,179136075.63323346,2.068938865937179e+95,2.068938865937179e+95,796.097916749026,2.7863027380911864e-09,0.0,1.5782503553060234,0
76.99,-3.2416923426811044,-2.7880765116188075,1.1098755341951752,0.0,0.0,1e-12,9.57187738171477e-05,-3.135623427990312e-05,4.4,3.8,10.089510096289832,7,179136075.63323346,2.068938865937179e+95,2.068938865937179e+95,796.097916749026,2.7863027380911864e-09,0.0,1.5782503553060234,0
77.089,-3.2416923426811044,-2.7880765116188075,1.1098755341951752,0.0,0.0,1e-12,9.57187738171477e-05,-3.135623427990312e-05,4.4,3.8,10.089510096289832,7,179136075.63323346,2.068938865937179e+95,2.068938865937179e+95,796.097916749026,2.7863027380911864e-09,0.0,1.5782503553060234,0
77.155,-3.2416923426811044,-2.7880765116188075,1.1098755341951752,0.0,0.0,1e-12,9.57187738171477e-05,-3.135623427990312e-05,4.4,3.8,10.089510096289832,7,179136075.65033373,5.334291131843224e+96,5.334291131843224e+96,1020.8772198815044,2.7863027380911864e-09,0.0,1.5782503553060234,0
77.32,-3.2416923426811044,-2.7880765116188075,1.1098755341951752,0.0,0.0,1e-12,9.57187738171477e-05,-3.135623427990312e-05,4.4,3.8,10.089510096289832,7,179136075.65033373,5.334291131843224e+96,5.334291131843224e+96,1020.8772198815044,2.7863027380911864e-09,0.0,1.5782503553060234,0
77.419,-3.2416923426811044,-2.7880765116188075,1.1098755341951752,0.0,0.0,1e-12,9.57187738171477e-05,-3.135623427990312e-05,4.4,3.8,10.089510096289832,7,179136075.65033373,5.334291131843224e+96,5.334291131843224e+96,1020.8772198815044,2.7863027380911864e-09,0.0,1.5782503553060234,0
77.518,-3.2416923426811044,-2.7880765116188075,1.1098755341951752,0.0,0.0,1e-12,9.57187738171477e-05,-3.135623427990312e-05,4.4,3.8,10.089510096289832,7,179136075.65033373,5.334291131843224e+96,5.334291131843224e+96,1020.8772198815044,2.7863027380911864e-09,0.0,1.5782503553060234,0
77.551,-3.2416923426811044,-2.7880765116188075,1.1098755341951752,0.0,0.0,1e-12,9.57187738171477e-05,-3.135623427990312e-05,4.4,3.8,10.089510096289832,7,179136075.65033373,5.334291131843224e+96,5.334291131843224e+96,1020.8772198815044,2.7863027380911864e-09,0.0,1.5782503553060234,0
77.683,-3.2415203818814438,-2.787631187313353,1.110068169516395,0.0,0.0,1e-12,9.57187738171477e-05,-3.135623427990312e-05,4.4,3.8,10.089089077155235,7,179136075.69366366,4.659272533009306e+97,4.659272533009306e+97,1032.560004531267,2.7863027380911864e-09,0.0,1.5782503553060234,0
77.815,-3.2415203818814438,-2.787631187313353,1.110068169516395,0.0,0.0,1e-12,9.57187738171477e-05,-3.135623427990312e-05,4.4,3.8,10.089089077155235,7,179136075.69366366,4.659272533009306e+97,4.659272533009306e+97,1032.560004531267,2.7863027380911864e-09,0.0,1.5782503553060234,0
77.914,-3.2415203818814438,-2.787631187313353,1.110068169516395,0.0,0.0,1e-12,9.57187738171477e-05,-3.135623427990312e-05,4.4,3.8,10.089089077155235,7,179136075.69366366,4.659272533009306e+97,4.659272533009306e+97,1032.560004531267,2.7863027380911864e-09,0.0,1.5782503553060234,0
78.013,-3.2415203818814438,-2.787631187313353,1.110068169516395,0.0,0.0,1e-12,9.57187738171477e-05,-3.135623427990312e-05,4.4,3.8,10.089089077155235,7,179136075.69366366,4.659272533009306e+97,4.659272533009306e+97,1032.560004531267,2.7863027380911864e-09,0.0,1.5782503553060234,0
78.112,-3.2415203818814438,-2.787631187313353,1.110068169516395,0.0,0.0,1e-12,9.57187738171477e-05,-3.135623427990312e-05,4.4,3.8,10.089089077155235,7,179136075.69366366,4.659272533009306e+97,4.659272533009306e+97,1032.560004531267,2.7863027380911864e-09,0.0,1.5782503553060234,0
78.145,-3.2415203818814438,-2.787631187313353,1.110068169516395,0.0,0.0,1e-12,9.57187738171477e-05,-3.135623427990312e-05,4.4,3.8,10.089089077155235,7,179136075.70689937,3.564946817780324e+98,3.564946817780324e+98,821.2974210617376,2.7863027380911864e-09,0.0,1.5782503553060234,0
78.343,-3.2415203818814438,-2.787631187313353,1.110068169516395,0.0,0.0,1e-12,9.57187738171477e-05,-3.135623427990312e-05,4.4,3.8,10.089089077155235,7,179136075.70689937,3.564946817780324e+98,3.564946817780324e+98,821.2974210617376,2.7863027380911864e-09,0.0,1.5782503553060234,0
78.442,-3.2415203818814438,-2.787631187313353,1.110068169516395,0.0,0.0,1e-12,9.57187738171477e-05,-3.135623427990312e-05,4.4,3.8,10.089089077155235,7,179136075.70689937,3.564946817780324e+98,3.564946817780324e+98,821.2974210617376,2.7863027380911864e-09,0.0,1.5782503553060234,0
78.508,-3.2415203818814438,-2.787631187313353,1.110068169516395,0.0,0.0,1e-12,9.57187738171477e-05,-3.135623427990312e-05,4.4,3.8,10.089089077155235,7,179136075.70689937,3.564946817780324e+98,3.564946817780324e+98,821.2974210617376,2.7863027380911864e-09,0.0,1.5782503553060234,0
78.607,-3.2415203818814438,-2.787631187313353,1.110068169516395,0.0,0.0,1e-12,9.57187738171477e-05,-3.135623427990312e-05,4.4,3.8,10.089089077155235,7,179136075.70689937,3.564946817780324e+98,3.564946817780324e+98,821.2974210617376,2.7863027380911864e-09,0.0,1.5782503553060234,0
78.706,-3.2414926894402982,-2.7878931930133,1.1106330948937848,0.0,0.0,1e-12,9.57187738171477e-05,-3.135623427990312e-05,4.4,3.8,10.089239180697447,7,179136075.673913,8.766956229541414e+99,8.766956229541414e+99,1056.8154941264813,2.7863027380911864e-09,0.0,1.5782503553060234,0
78.772,-3.2414926894402982,-2.7878931930133,1.1106330948937848,0.0,0.0,1e-12,9.57187738171477e-05,-3.135623427990312e-05,4.4,3.8,10.089239180697447,7,179136075.673913,8.766956229541414e+99,8.766956229541414e+99,1056.8154941264813,2.7863027380911864e-09,0.0,1.5782503553060234,0
78.937,-3.2414926894402982,-2.7878931930133,1.1106330948937848,0.0,0.0,1e-12,9.57187738171477e-05,-3.135623427990312e-05,4.4,3.8,10.089239180697447,7,179136075.673913,8.766956229541414e+99,8.766956229541414e+99,1056.8154941264813,2.7863027380911864e-09,0.0,1.5782503553060234,0
79.003,-3.2414926894402982,-2.7878931930133,1.1106330948937848,0.0,0.0,1e-12,9.57187738171477e-05,-3.135623427990312e-05,4.4,3.8,10.089239180697447,7,179136075.673913,8.766956229541414e+99,8.766956229541414e+99,1056.8154941264813,2.7863027380911864e-09,0.0,1.5782503553060234,0
79.102,-3.2414926894402982,-2.7878931930133,1.1106330948937848,0.0,0.0,1e-12,9.57187738171477e-05,-3.135623427990312e-05,4.4,3.8,10.089239180697447,7,179136075.63676906,1.9503127024590418e+101,1.9503127024590418e+101,623.0059182747037,2.7863027380911864e-09,0.0,1.5782503553060234,0
79.201,-3.2414926894402982,-2.7878931930133,1.1106330948937848,0.0,0.0,1e-12,9.57187738171477e-05,-3.135623427990312e-05,4.4,3.8,10.089239180697447,7,179136075.63676906,1.9503127024590418e+101,1.9503127024590418e+101,623.0059182747037,2.7863027380911864e-09,0.0,1.5782503553060234,0
79.3,-3.24124924225568,-2.7873128136222,1.1108057271115157,0.0,0.0,1e-12,9.57187738171477e-05,-3.135623427990312e-05,4.4,3.8,10.088675834161004,7,179136075.63676906,1.9503127024590418e+101,1.9503127024590418e+101,623.0059182747037,2.7863027380911864e-09,0.0,1.5782503553060234,0
79.399,-3.24124924225568,-2.7873128136222,1.1108057271115157,0.0,0.0,1e-12,9.57187738171477e-05,-3.135623427990312e-05,4.4,3.8,10.088675834161004,7,179136075.63676906,1.9503127024590418e+101,1.9503127024590418e+101,623.0059182747037,2.7863027380911864e-09,0.0,1.5782503553060234,0
79.432,-3.2410316518627655,-2.7868439397615923,1.1108630198442062,0.0,0.0,1e-12,9.57187738171477e-05,-3.135623427990312e-05,4.4,3.8,10.088204884494695,7,179136075.63676906,1.9503127024590418e+101,1.9503127024590418e+101,623.0059182747037,2.7863027380911864e-09,0.0,1.5782503553060234,0
79.564,-3.2410316518627655,-2.7868439397615923,1.1108630198442062,0.0,0.0,1e-12,9.57187738171477e-05,-3.135623427990312e-05,4.4,3.8,10.088204884494695,7,179136075.63676906,1.9503127024590418e+101,1.9503127024590418e+101,623.0059182747037,2.7863027380911864e-09,0.0,1.5782503553060234,0
79.663,-3.2410316518627655,-2.7868439397615923,1.1108630198442062,0.0,0.0,1e-12,9.57187738171477e-05,-3.135623427990312e-05,4.4,3.8,10.088204884494695,7,179136075.61945823,1.141166258711622e+102,1.141166258711622e+102,977.0437363087277,2.7863027380911864e-09,0.0,1.5782503553060234,0
79.795,-3.2410316518627655,-2.7868439397615923,1.1108630198442062,0.0,0.0,1e-12,9.57187738171477e-05,-3.135623427990312e-05,4.4,3.8,10.088204884494695,7,179136075.61945823,1.141166258711622e+102,1.141166258711622e+102,977.0437363087277,2.7863027380911864e-09,0.0,1.5782503553060234,0
79.828,-3.2410316518627655,-2.7868439397615923,1.1108630198442062,0.0,0.0,1e-12,9.57187738171477e-05,-3.135623427990312e-05,4.4,3.8,10.088204884494695,7,179136075.61945823,1.141166258711622e+102,1.141166258711622e+102,977.0437363087277,2.7863027380911864e-09,0.0,1.5782503553060234,0
80.026,-3.2410316518627655,-2.7868439397615923,1.1108630198442062,0.0,0.0,1e-12,9.57187738171477e-05,-3.135623427990312e-05,4.4,3.8,10.088204884494695,7,179136075.61945823,1.141166258711622e+102,1.141166258711622e+102,977.0437363087277,2.7863027380911864e-09,0.0,1.5782503553060234,0
80.125,-3.2410316518627655,-2.7868439397615923,1.1108630198442062,0.0,0.0,1e-12,9.57187738171477e-05,-3.135623427990312e-05,4.4,3.8,10.088204884494695,7,179136075.61945823,1.141166258711622e+102,1.141166258711622e+102,977.0437363087277,2.7863027380911864e-09,0.0,1.5782503553060234,0
80.224,-3.2410316518627655,-2.7868439397615923,1.1108630198442062,0.0,0.0,1e-12,9.57187738171477e-05,-3.135623427990312e-05,4.4,3.8,10.088204884494695,7,179136075.64373705,5.300211596915837e+102,5.300211596915837e+102,1087.2431456670079,2.7863027380911864e-09,0.0,1.5782503553060234,0
80.323,-3.2410316518627655,-2.7868439397615923,1.1108630198442062,0.0,0.0,1e-12,9.57187738171477e-05,-3.135623427990312e-05,4.4,3.8,10.088204884494695,7,179136075.64373705,5.300211596915837e+102,5.300211596915837e+102,1087.2431456670079,2.7863027380911864e-09,0.0,1.5782503553060234,0
80.422,-3.2410316518627655,-2.7868439397615923,1.1108630198442062,0.0,0.0,1e-12,9.57187738171477e-05,-3.135623427990312e-05,4.4,3.8,10.088204884494695,7,179136075.64373705,5.300211596915837e+102,5.300211596915837e+102,1087.2431456670079,2.7863027380911864e-09,0.0,1.5782503553060234,0
80.488,-3.2410316518627655,-2.7868439397615923,1.1108630198442062,0.0,0.0,1e-12,9.57187738171477e-05,-3.135623427990312e-05,4.4,3.8,10.088204884494695,7,179136075.64373705,5.300211596915837e+102,5.300211596915837e+102,1087.2431456670079,2.7863027380911864e-09,0.0,1.5782503553060234,0
80.587,-3.2410316518627655,-2.7868439397615923,1.1108630198442062,0.0,0.0,1e-12,9.57187738171477e-05,-3.135623427990312e-05,4.4,3.8,10.088204884494695,7,179136075.64373705,5.300211596915837e+102,5.300211596915837e+102,1087.2431456670079,2.7863027380911864e-09,0.0,1.5782503553060234,0
80.653,-3.2410316518627655,-2.7868439397615923,1.1108630198442062,0.0,0.0,1e-12,9.57187738171477e-05,-3.135623427990312e-05,4.4,3.8,10.088204884494695,7,179136075.63459256,3.2011554907665205e+104,3.2011554907665205e+104,1105.7124852586855,2.7863027380911864e-09,0.0,1.5782503553060234,0
80.818,-3.2410316518627655,-2.7868439397615923,1.1108630198442062,0.0,0.0,1e-12,9.57187738171477e-05,-3.135623427990312e-05,4.4,3.8,10.088204884494695,7,179136075.63459256,3.2011554907665205e+104,3.2011554907665205e+104,1105.7124852586855,2.7863027380911864e-09,0.0,1.5782503553060234,0
80.917,-3.2410316518627655,-2.7868439397615923,1.1108630198442062,0.0,0.0,1e-12,9.57187738171477e-05,-3.135623427990312e-05,4.4,3.8,10.088204884494695,7,179136075.63459256,3.2011554907665205e+104,3.2011554907665205e+104,1105.7124852586855,2.7863027380911864e-09,0.0,1.5782503553060234,0
81.016,-3.241204645323759,-2.787395690274434,1.1104712119585871,0.0,0.0,1e-12,9.57187738171477e-05,-3.135623427990312e-05,4.4,3.8,10.088696170068934,7,179136075.63459256,3.2011554907665205e+104,3.2011554907665205e+104,1105.7124852586855,2.7863027380911864e-09,0.0,1.5782503553060234,0
81.115,-3.241204645323759,-2.787395690274434,1.1104712119585871,0.0,0.0,1e-12,9.57187738171477e-05,-3.135623427990312e-05,4.4,3.8,10.088696170068934,7,179136075.63459256,3.2011554907665205e+104,3.2011554907665205e+104,1105.7124852586855,2.7863027380911864e-09,0.0,1.5782503553060234,0
81.115,-3.241204645323759,-2.787395690274434,1.1104712119585871,0.0,0.0,1e-12,9.57187738171477e-05,-3.135623427990312e-05,4.4,3.8,10.088696170068934,7,179136075.63303858,3.3802168158178477e+105,3.3802168158178477e+105,1118.3166082056714,2.7863027380911864e-09,0.0,1.5782503553060234,0
81.28,-3.241340452470819,-2.7875639005971116,1.1094763751722123,0.0,0.0,1e-12,9.57187738171477e-05,-3.135623427990312e-05,4.4,3.8,10.088908863450852,7,179136075.63303858,3.3802168158178477e+105,3.3802168158178477e+105,1118.3166082056714,2.7863027380911864e-09,0.0,1.5782503553060234,0
81.346,-3.241340452470819,-2.7875639005971116,1.1094763751722123,0.0,0.0,1e-12,9.57187738171477e-05,-3.135623427990312e-05,4.4,3.8,10.088908863450852,7,179136075.63303858,3.3802168158178477e+105,3.3802168158178477e+105,1118.3166082056714,2.7863027380911864e-09,0.0,1.5782503553060234,0
81.511,-3.241340452470819,-2.7875639005971116,1.1094763751722123,0.0,0.0,1e-12,9.57187738171477e-05,-3.135623427990312e-05,4.4,3.8,10.088908863450852,7,179136075.63303858,3.3802168158178477e+105,3.3802168158178477e+105,1118.3166082056714,2.7863027380911864e-09,0.0,1.5782503553060234,0
81.61,-3.241340452470819,-2.7875639005971116,1.1094763751722123,0.0,0.0,1e-12,9.57187738171477e-05,-3.135623427990312e-05,4.4,3.8,10.088908863450852,7,179136075.63303858,3.3802168158178477e+105,3.3802168158178477e+105,1118.3166082056714,2.7863027380911864e-09,0.0,1.5782503553060234,0
81.709,-3.241340452470819,-2.7875639005971116,1.1094763751722123,0.0,0.0,1e-12,9.57187738171477e-05,-3.135623427990312e-05,4.4,3.8,10.088908863450852,7,179136075.64982107,1.3200129843523383e+106,1.3200129843523383e+106,880.5293600560399,2.7863027380911864e-09,0.0,1.5782503553060234,0
81.808,-3.241340452470819,-2.7875639005971116,1.1094763751722123,0.0,0.0,1e-12,9.57187738171477e-05,-3.135623427990312e-05,4.4,3.8,10.088908863450852,7,179136075.64982107,1.3200129843523383e+106,1.3200129843523383e+106,880.5293600560399,2.7863027380911864e-09,0.0,1.5782503553060234,0
81.874,-3.241340452470819,-2.7875639005971116,1.1094763751722123,0.0,0.0,1e-12,9.57187738171477e-05,-3.135623427990312e-05,4.4,3.8,10.088908863450852,7,179136075.64982107,1.3200129843523383e+106,1.3200129843523383e+106,880.5293600560399,2.7863027380911864e-09,0.0,1.5782503553060234,0
81.94,-3.241340452470819,-2.7875639005971116,1.1094763751722123,0.0,0.0,1e-12,9.57187738171477e-05,-3.135623427990312e-05,4.4,3.8,10.088908863450852,7,179136075.64982107,1.3200129843523383e+106,1.3200129843523383e+106,880.5293600560399,2.7863027380911864e-09,0.0,1.5782503553060234,0
82.072,-3.241340452470819,-2.7875639005971116,1.1094763751722123,0.0,0.0,1e-12,9.57187738171477e-05,-3.135623427990312e-05,4.4,3.8,10.088908863450852,7,179136075.64982107,1.3200129843523383e+106,1.3200129843523383e+106,880.5293600560399,2.7863027380911864e-09,0.0,1.5782503553060234,0
82.171,-3.241340452470819,-2.7875639005971116,1.1094763751722123,0.0,0.0,1e-12,9.57187738171477e-05,-3.135623427990312e-05,4.4,3.8,10.088908863450852,7,179136075.65352088,5.546229610050668e+107,5.546229610050668e+107,1138.242567523237,2.7863027380911864e-09,0.0,1.5782503553060234,0
82.303,-3.241340452470819,-2.7875639005971116,1.1094763751722123,0.0,0.0,1e-12,9.57187738171477e-05,-3.135623427990312e-05,4.4,3.8,10.088908863450852,7,179136075.65352088,5.546229610050668e+107,5.546229610050668e+107,1138.242567523237,2.7863027380911864e-09,0.0,1.5782503553060234,0
82.402,-3.241340452470819,-2.7875639005971116,1.1094763751722123,0.0,0.0,1e-12,9.57187738171477e-05,-3.135623427990312e-05,4.4,3.8,10.088908863450852,7,179136075.65352088,5.546229610050668e+107,5.546229610050668e+107,1138.242567523237,2.7863027380911864e-09,0.0,1.5782503553060234,0
82.435,-3.241340452470819,-2.7875639005971116,1.1094763751722123,0.0,0.0,1e-12,9.57187738171477e-05,-3.135623427990312e-05,4.4,3.8,10.088908863450852,7,179136075.65352088,5.546229610050668e+107,5.546229610050668e+107,1138.242567523237,2.7863027380911864e-09,0.0,1.5782503553060234,0
82.633,-3.241340452470819,-2.7875639005971116,1.1094763751722123,0.0,0.0,1e-12,9.57187738171477e-05,-3.135623427990312e-05,4.4,3.8,10.088908863450852,7,179136075.65352088,5.546229610050668e+107,5.546229610050668e+107,1138.242567523237,2.7863027380911864e-09,0.0,1.5782503553060234,0
82.699,-3.241340452470819,-2.7875639005971116,1.1094763751722123,0.0,0.0,1e-12,9.57187738171477e-05,-3.135623427990312e-05,4.4,3.8,10.088908863450852,7,179136075.58450368,1.6994388420451798e+109,1.6994388420451798e+109,913.2246134230454,2.7863027380911864e-09,0.0,1.5782503553060234,0
82.831,-3.241340452470819,-2.7875639005971116,1.1094763751722123,0.0,0.0,1e-12,9.57187738171477e-05,-3.135623427990312e-05,4.4,3.8,10.088908863450852,7,179136075.58450368,1.6994388420451798e+109,1.6994388420451798e+109,913.2246134230454,2.7863027380911864e-09,0.0,1.5782503553060234,0
82.93,-3.241340452470819,-2.7875639005971116,1.1094763751722123,0.0,0.0,1e-12,9.57187738171477e-05,-3.135623427990312e-05,4.4,3.8,10.088908863450852,7,179136075.58450368,1.6994388420451798e+109,1.6994388420451798e+109,913.2246134230454,2.7863027380911864e-09,0.0,1.5782503553060234,0
82.996,-3.2415644396390633,-2.7870931734430875,1.1112673850555639,0.0,0.0,1e-12,9.57187738171477e-05,-3.135623427990312e-05,4.4,3.8,10.088771162078006,7,179136075.58450368,1.6994388420451798e+109,1.6994388420451798e+109,913.2246134230454,2.7863027380911864e-09,0.0,1.5782503553060234,0
83.062,-3.2415644396390633,-2.7870931734430875,1.1112673850555639,0.0,0.0,1e-12,9.57187738171477e-05,-3.135623427990312e-05,4.4,3.8,10.088771162078006,7,179136075.58450368,1.6994388420451798e+109,1.6994388420451798e+109,913.2246134230454,2.7863027380911864e-09,0.0,1.5782503553060234,0
83.227,-3.2415644396390633,-2.7870931734430875,1.1112673850555639,0.0,0.0,1e-12,9.57187738171477e-05,-3.135623427990312e-05,4.4,3.8,10.088771162078006,7,179136075.5710216,1.0184355875933137e+110,1.0184355875933137e+110,1165.6053463175178,2.7863027380911864e-09,0.0,1.5782503553060234,0
83.326,-3.2415644396390633,-2.7870931734430875,1.1112673850555639,0.0,0.0,1e-12,9.57187738171477e-05,-3.135623427990312e-05,4.4,3.8,10.088771162078006,7,179136075.5710216,1.0184355875933137e+110,1.0184355875933137e+110,1165.6053463175178,2.7863027380911864e-09,0.0,1.5782503553060234,0
83.392,-3.2415644396390633,-2.7870931734430875,1.1112673850555639,0.0,0.0,1e-12,9.57187738171477e-05,-3.135623427990312e-05,4.4,3.8,10.088771162078006,7,179136075.5710216,1.0184355875933137e+110,1.0184355875933137e+110,1165.6053463175178,2.7863027380911864e-09,0.0,1.5782503553060234,0
83.524,-3.2414533900659137,-2.7863070539074806,1.110487809108763,0.0,0.0,1e-12,9.57187738171477e-05,-3.135623427990312e-05,4.4,3.8,10.088173795137616,7,179136075.5710216,1.0184355875933137e+110,1.0184355875933137e+110,1165.6053463175178,2.7863027380911864e-09,0.0,1.5782503553060234,0
83.623,-3.2414533900659137,-2.7863070539074806,1.110487809108763,0.0,0.0,1e-12,9.57187738171477e-05,-3.135623427990312e-05,4.4,3.8,10.088173795137616,7,179136075.5710216,1.0184355875933137e+110,1.0184355875933137e+110,1165.6053463175178,2.7863027380911864e-09,0.0,1.5782503553060234,0
83.722,-3.2414533900659137,-2.7863070539074806,1.110487809108763,0.0,0.0,1e-12,9.57187738171477e-05,-3.135623427990312e-05,4.4,3.8,10.088173795137616,7,179136075.5199753,2.3846613296992174e+111,2.3846613296992174e+111,931.0520844655607,2.7863027380911864e-09,0.0,1.5782503553060234,0
83.788,-3.2414533900659137,-2.7863070539074806,1.110487809108763,0.0,0.0,1e-12,9.57187738171477e-05,-3.135623427990312e-05,4.4,3.8,10.088173795137616,7,179136075.5199753,2.3846613296992174e+111,2.3846613296992174e+111,931.0520844655607,2.7863027380911864e-09,0.0,1.5782503553060234,0
83.92,-3.2414533900659137,-2.7863070539074806,1.110487809108763,0.0,0.0,1e-12,9.57187738171477e-05,-3.135623427990312e-05,4.4,3.8,10.088173795137616,7,179136075.5199753,2.3846613296992174e+111,2.3846613296992174e+111,931.0520844655607,2.7863027380911864e-09,0.0,1.5782503553060234,0
83.92,-3.2414533900659137,-2.7863070539074806,1.110487809108763,0.0,0.0,1e-12,9.57187738171477e-05,-3.135623427990312e-05,4.4,3.8,10.088173795137616,7,179136075.5199753,2.3846613296992174e+111,2.3846613296992174e+111,931.0520844655607,2.7863027380911864e-09,0.0,1.5782503553060234,0
84.118,-3.2414533900659137,-2.7863070539074806,1.110487809108763,0.0,0.0,1e-12,9.57187738171477e-05,-3.135623427990312e-05,4.4,3.8,10.088173795137616,7,179136075.5199753,2.3846613296992174e+111,2.3846613296992174e+111,931.0520844655607,2.7863027380911864e-09,0.0,1.5782503553060234,0
84.217,-3.2414533900659137,-2.7863070539074806,1.110487809108763,0.0,0.0,1e-12,9.57187738171477e-05,-3.135623427990312e-05,4.4,3.8,10.088173795137616,7,179136075.4641729,2.524765327296266e+112,2.524765327296266e+112,1190.8309352476426,2.7863027380911864e-09,0.0,1.5782503553060234,0
84.25,-3.2414533900659137,-2.7863070539074806,1.110487809108763,0.0,0.0,1e-12,9.57187738171477e-05,-3.135623427990312e-05,4.4,3.8,10.088173795137616,7,179136075.4641729,2.524765327296266e+112,2.524765327296266e+112,1190.8309352476426,2.7863027380911864e-09,0.0,1.5782503553060234,0
84.415,-3.2414533900659137,-2.7863070539074806,1.110487809108763,0.0,0.0,1e-12,9.57187738171477e-05,-3.135623427990312e-05,4.4,3.8,10.088173795137616,7,179136075.4641729,2.524765327296266e+112,2.524765327296266e+112,1190.8309352476426,2.7863027380911864e-09,0.0,1.5782503553060234,0
84.514,-3.2414533900659137,-2.7863070539074806,1.110487809108763,0.0,0.0,1e-12,9.57187738171477e-05,-3.135623427990312e-05,4.4,3.8,10.088173795137616,7,179136075.4641729,2.524765327296266e+112,2.524765327296266e+112,1190.8309352476426,2.7863027380911864e-09,0.0,1.5782503553060234,0
84.514,-3.2414533900659137,-2.7863070539074806,1.110487809108763,0.0,0.0,1e-12,9.57187738171477e-05,-3.135623427990312e-05,4.4,3.8,10.088173795137616,7,179136075.4641729,2.524765327296266e+112,2.524765327296266e+112,1190.8309352476426,2.7863027380911864e-09,0.0,1.5782503553060234,0
84.745,-3.2414533900659137,-2.7863070539074806,1.110487809108763,0.0,0.0,1e-12,9.57187738171477e-05,-3.135623427990312e-05,4.4,3.8,10.088173795137616,7,179136075.42328966,3.771070048080762e+113,3.771070048080762e+113,1199.2699354842155,2.7863027380911864e-09,0.0,1.5782503553060234,0
84.745,-3.2414533900659137,-2.7863070539074806,1.110487809108763,0.0,0.0,1e-12,9.57187738171477e-05,-3.135623427990312e-05,4.4,3.8,10.088173795137616,7,179136075.42328966,3.771070048080762e+113,3.771070048080762e+113,1199.2699354842155,2.7863027380911864e-09,0.0,1.5782503553060234,0
84.91,-3.2414533900659137,-2.7863070539074806,1.110487809108763,0.0,0.0,1e-12,9.57187738171477e-05,-3.135623427990312e-05,4.4,3.8,10.088173795137616,7,179136075.42328966,3.771070048080762e+113,3.771070048080762e+113,1199.2699354842155,2.7863027380911864e-09,0.0,1.5782503553060234,0
84.976,-3.2414533900659137,-2.7863070539074806,1.110487809108763,0.0,0.0,1e-12,9.57187738171477e-05,-3.135623427990312e-05,4.4,3.8,10.088173795137616,7,179136075.42328966,3.771070048080762e+113,3.771070048080762e+113,1199.2699354842155,2.7863027380911864e-09,0.0,1.5782503553060234,0
85.075,-3.2414533900659137,-2.7863070539074806,1.110487809108763,0.0,0.0,1e-12,9.57187738171477e-05,-3.135623427990312e-05,4.4,3.8,10.088173795137616,7,179136075.42328966,3.771070048080762e+113,3.771070048080762e+113,1199.2699354842155,2.7863027380911864e-09,0.0,1.5782503553060234,0
85.24,-3.2414533900659137,-2.7863070539074806,1.110487809108763,0.0,0.0,1e-12,9.57187738171477e-05,-3.135623427990312e-05,4.4,3.8,10.088173795137616,7,179136075.42328966,3.771070048080762e+113,3.771070048080762e+113,1199.2699354842155,2.7863027380911864e-09,0.0,1.5782503553060234,0
85.339,-3.2414533900659137,-2.7863070539074806,1.110487809108763,0.0,0.0,1e-12,9.57187738171477e-05,-3.135623427990312e-05,4.4,3.8,10.088173795137616,7,179136075.3532082,1.1555432502462939e+114,1.1555432502462939e+114,1190.3266689669529,2.7863027380911864e-09,0.0,1.5782503553060234,0
85.405,-3.2414533900659137,-2.7863070539074806,1.110487809108763,0.0,0.0,1e-12,9.57187738171477e-05,-3.135623427990312e-05,4.4,3.8,10.088173795137616,7,179136075.3532082,1.1555432502462939e+114,1.1555432502462939e+114,1190.3266689669529,2.7863027380911864e-09,0.0,1.5782503553060234,0
85.504,-3.2414533900659137,-2.7863070539074806,1.110487809108763,0.0,0.0,1e-12,9.57187738171477e-05,-3.135623427990312e-05,4.4,3.8,10.088173795137616,7,179136075.3532082,1.1555432502462939e+114,1.1555432502462939e+114,1190.3266689669529,2.7863027380911864e-09,0.0,1.5782503553060234,0
85.603,-3.2414533900659137,-2.7863070539074806,1.110487809108763,0.0,0.0,1e-12,9.57187738171477e-05,-3.135623427990312e-05,4.4,3.8,10.088173795137616,7,179136075.3532082,1.1555432502462939e+114,1.1555432502462939e+114,1190.3266689669529,2.7863027380911864e-09,0.0,1.5782503553060234,0
85.669,-3.2414533900659137,-2.7863070539074806,1.110487809108763,0.0,0.0,1e-12,9.57187738171477e-05,-3.135623427990312e-05,4.4,3.8,10.088173795137616,7,179136075.40079173,2.1737174164156908e+115,2.1737174164156908e+115,1221.9837072431444,2.7863027380911864e-09,0.0,1.5782503553060234,0
85.801,-3.2414533900659137,-2.7863070539074806,1.110487809108763,0.0,0.0,1e-12,9.57187738171477e-05,-3.135623427990312e-05,4.4,3.8,10.088173795137616,7,179136075.40079173,2.1737174164156908e+115,2.1737174164156908e+115,1221.9837072431444,2.7863027380911864e-09,0.0,1.5782503553060234,0
85.867,-3.2414533900659137,-2.7863070539074806,1.110487809108763,0.0,0.0,1e-12,9.57187738171477e-05,-3.135623427990312e-05,4.4,3.8,10.088173795137616,7,179136075.40079173,2.1737174164156908e+115,2.1737174164156908e+115,1221.9837072431444,2.7863027380911864e-09,0.0,1.5782503553060234,0
85.966,-3.2414533900659137,-2.7863070539074806,1.110487809108763,0.0,0.0,1e-12,9.57187738171477e-05,-3.135623427990312e-05,4.4,3.8,10.088173795137616,7,179136075.40079173,2.1737174164156908e+115,2.1737174164156908e+115,1221.9837072431444,2.7863027380911864e-09,0.0,1.5782503553060234,0
86.098,-3.2414533900659137,-2.7863070539074806,1.110487809108763,0.0,0.0,1e-12,9.57187738171477e-05,-3.135623427990312e-05,4.4,3.8,10.088173795137616,7,179136075.40079173,2.1737174164156908e+115,2.1737174164156908e+115,1221.9837072431444,2.7863027380911864e-09,0.0,1.5782503553060234,0
86.197,-3.2414533900659137,-2.7863070539074806,1.110487809108763,0.0,0.0,1e-12,9.57187738171477e-05,-3.135623427990312e-05,4.4,3.8,10.088173795137616,7,179136075.46374673,5.165941533744794e+116,5.165941533744794e+116,1151.5176298874783,2.7863027380911864e-09,0.0,1.5782503553060234,0
86.329,-3.2414533900659137,-2.7863070539074806,1.110487809108763,0.0,0.0,1e-12,9.57187738171477e-05,-3.135623427990312e-05,4.4,3.8,10.088173795137616,7,179136075.46374673,5.165941533744794e+116,5.165941533744794e+116,1151.5176298874783,2.7863027380911864e-09,0.0,1.5782503553060234,0
86.428,-3.2414533900659137,-2.7863070539074806,1.110487809108763,0.0,0.0,1e-12,9.57187738171477e-05,-3.135623427990312e-05,4.4,3.8,10.088173795137616,7,179136075.46374673,5.165941533744794e+116,5.165941533744794e+116,1151.5176298874783,2.7863027380911864e-09,0.0,1.5782503553060234,0
86.494,-3.2414533900659137,-2.7863070539074806,1.110487809108763,0.0,0.0,1e-12,9.57187738171477e-05,-3.135623427990312e-05,4.4,3.8,10.088173795137616,7,179136075.46374673,5.165941533744794e+116,5.165941533744794e+116,1151.5176298874783,2.7863027380911864e-09,0.0,1.5782503553060234,0
86.593,-3.2414533900659137,-2.7863070539074806,1.110487809108763,0.0,0.0,1e-12,9.57187738171477e-05,-3.135623427990312e-05,4.4,3.8,10.088173795137616,7,179136075.46374673,5.165941533744794e+116,5.165941533744794e+116,1151.5176298874783,2.7863027380911864e-09,0.0,1.5782503553060234,0
86.725,-3.2414533900659137,-2.7863070539074806,1.110487809108763,0.0,0.0,1e-12,9.57187738171477e-05,-3.135623427990312e-05,4.4,3.8,10.088173795137616,7,179136075.48371103,2.231170072619537e+118,2.231170072619537e+118,1026.0647437654145,2.7863027380911864e-09,0.0,1.5782503553060234,0
86.791,-3.2414533900659137,-2.7863070539074806,1.110487809108763,0.0,0.0,1e-12,9.57187738171477e-05,-3.135623427990312e-05,4.4,3.8,10.088173795137616,7,179136075.48371103,2.231170072619537e+118,2.231170072619537e+118,1026.0647437654145,2.7863027380911864e-09,0.0,1.5782503553060234,0
86.923,-3.2414533900659137,-2.7863070539074806,1.110487809108763,0.0,0.0,1e-12,9.57187738171477e-05,-3.135623427990312e-05,4.4,3.8,10.088173795137616,7,179136075.48371103,2.231170072619537e+118,2.231170072619537e+118,1026.0647437654145,2.7863027380911864e-09,0.0,1.5782503553060234,0
86.923,-3.2414533900659137,-2.7863070539074806,1.110487809108763,0.0,0.0,1e-12,9.57187738171477e-05,-3.135623427990312e-05,4.4,3.8,10.088173795137616,7,179136075.48371103,2.231170072619537e+118,2.231170072619537e+118,1026.0647437654145,2.7863027380911864e-09,0.0,1.5782503553060234,0
87.055,-3.2414533900659137,-2.7863070539074806,1.110487809108763,0.0,0.0,1e-12,9.57187738171477e-05,-3.135623427990312e-05,4.4,3.8,10.088173795137616,7,179136075.48371103,2.231170072619537e+118,2.231170072619537e+118,1026.0647437654145,2.7863027380911864e-09,0.0,1.5782503553060234,0
87.22,-3.2414533900659137,-2.7863070539074806,1.110487809108763,0.0,0.0,1e-12,9.57187738171477e-05,-3.135623427990312e-05,4.4,3.8,10.088173795137616,7,179136075.4681973,2.2603089492307286e+119,2.2603089492307286e+119,1262.9845444629,2.7863027380911864e-09,0.0,1.5782503553060234,0
87.286,-3.2414533900659137,-2.7863070539074806,1.110487809108763,0.0,0.0,1e-12,9.57187738171477e-05,-3.135623427990312e-05,4.4,3.8,10.088173795137616,7,179136075.4681973,2.2603089492307286e+119,2.2603089492307286e+119,1262.9845444629,2.7863027380911864e-09,0.0,1.5782503553060234,0
87.418,-3.2414533900659137,-2.7863070539074806,1.110487809108763,0.0,0.0,1e-12,9.57187738171477e-05,-3.135623427990312e-05,4.4,3.8,10.088173795137616,7,179136075.4681973,2.2603089492307286e+119,2.2603089492307286e+119,1262.9845444629,2.7863027380911864e-09,0.0,1.5782503553060234,0
87.451,-3.2414533900659137,-2.7863070539074806,1.110487809108763,0.0,0.0,1e-12,9.57187738171477e-05,-3.135623427990312e-05,4.4,3.8,10.088173795137616,7,179136075.4681973,2.2603089492307286e+119,2.2603089492307286e+119,1262.9845444629,2.7863027380911864e-09,0.0,1.5782503553060234,0
87.616,-3.241215611362515,-2.7857309580830067,1.110674068239438,0.0,0.0,1e-12,9.57187738171477e-05,-3.135623427990312e-05,4.4,3.8,10.087617571636185,7,179136075.4681973,2.2603089492307286e+119,2.2603089492307286e+119,1262.9845444629,2.7863027380911864e-09,0.0,1.5782503553060234,0
87.682,-3.241215611362515,-2.7857309580830067,1.110674068239438,0.0,0.0,1e-12,9.57187738171477e-05,-3.135623427990312e-05,4.4,3.8,10.087617571636185,7,179136075.41460666,2.6972113368488334e+120,2.6972113368488334e+120,1276.1106869023129,2.7863027380911864e-09,0.0,1.5782503553060234,0
87.814,-3.241215611362515,-2.7857309580830067,1.110674068239438,0.0,0.0,1e-12,9.57187738171477e-05,-3.135623427990312e-05,4.4,3.8,10.087617571636185,7,179136075.41460666,2.6972113368488334e+120,2.6972113368488334e+120,1276.1106869023129,2.7863027380911864e-09,0.0,1.5782503553060234,0
87.88,-3.241215611362515,-2.7857309580830067,1.110674068239438,0.0,0.0,1e-12,9.57187738171477e-05,-3.135623427990312e-05,4.4,3.8,10.087617571636185,7,179136075.41460666,2.6972113368488334e+120,2.6972113368488334e+120,1276.1106869023129,2.7863027380911864e-09,0.0,1.5782503553060234,0
87.979,-3.241215611362515,-2.7857309580830067,1.110674068239438,0.0,0.0,1e-12,9.57187738171477e-05,-3.135623427990312e-05,4.4,3.8,10.087617571636185,7,179136075.41460666,2.6972113368488334e+120,2.6972113368488334e+120,1276.1106869023129,2.7863027380911864e-09,0.0,1.5782503553060234,0
88.111,-3.241215611362515,-2.7857309580830067,1.110674068239438,0.0,0.0,1e-12,9.57187738171477e-05,-3.135623427990312e-05,4.4,3.8,10.087617571636185,7,179136075.41460666,2.6972113368488334e+120,2.6972113368488334e+120,1276.1106869023129,2.7863027380911864e-09,0.0,1.5782503553060234,0
88.243,-3.241215611362515,-2.7857309580830067,1.110674068239438,0.0,0.0,1e-12,9.57187738171477e-05,-3.135623427990312e-05,4.4,3.8,10.087617571636185,7,179136075.37416747,3.2707572642127102e+121,3.2707572642127102e+121,1020.5458055733825,2.7863027380911864e-09,0.0,1.5782503553060234,0
88.276,-3.241215611362515,-2.7857309580830067,1.110674068239438,0.0,0.0,1e-12,9.57187738171477e-05,-3.135623427990312e-05,4.4,3.8,10.087617571636185,7,179136075.37416747,3.2707572642127102e+121,3.2707572642127102e+121,1020.5458055733825,2.7863027380911864e-09,0.0,1.5782503553060234,0
88.375,-3.241215611362515,-2.7857309580830067,1.110674068239438,0.0,0.0,1e-12,9.57187738171477e-05,-3.135623427990312e-05,4.4,3.8,10.087617571636185,7,179136075.37416747,3.2707572642127102e+121,3.2707572642127102e+121,1020.5458055733825,2.7863027380911864e-09,0.0,1.5782503553060234,0
88.474,-3.241215611362515,-2.7857309580830067,1.110674068239438,0.0,0.0,1e-12,9.57187738171477e-05,-3.135623427990312e-05,4.4,3.8,10.087617571636185,7,179136075.37416747,3.2707572642127102e+121,3.2707572642127102e+121,1020.5458055733825,2.7863027380911864e-09,0.0,1.5782503553060234,0
88.606,-3.241215611362515,-2.7857309580830067,1.110674068239438,0.0,0.0,1e-12,9.57187738171477e-05,-3.135623427990312e-05,4.4,3.8,10.087617571636185,7,179136075.37416747,3.2707572642127102e+121,3.2707572642127102e+121,1020.5458055733825,2.7863027380911864e-09,0.0,1.5782503553060234,0
88.705,-3.241215611362515,-2.7857309580830067,1.110674068239438,0.0,0.0,1e-12,9.57187738171477e-05,-3.135623427990312e-05,4.4,3.8,10.087617571636185,7,179136075.41105196,8.848311162653568e+122,8.848311162653568e+122,1300.1971097588719,2.7863027380911864e-09,0.0,1.5782503553060234,0
88.837,-3.241215611362515,-2.7857309580830067,1.110674068239438,0.0,0.0,1e-12,9.57187738171477e-05,-3.135623427990312e-05,4.4,3.8,10.087617571636185,7,179136075.41105196,8.848311162653568e+122,8.848311162653568e+122,1300.1971097588719,2.7863027380911864e-09,0.0,1.5782503553060234,0
88.903,-3.241522066311352,-2.786782054892717,1.1098355546464307,0.0,0.0,1e-12,9.57187738171477e-05,-3.135623427990312e-05,4.4,3.8,10.088535935832319,7,179136075.41105196,8.848311162653568e+122,8.848311162653568e+122,1300.1971097588719,2.7863027380911864e-09,0.0,1.5782503553060234,0
89.035,-3.2418162007855735,-2.787435461288328,1.1097164661790617,0.0,0.0,1e-12,9.57187738171477e-05,-3.135623427990312e-05,4.4,3.8,10.089185338927411,7,179136075.41105196,8.848311162653568e+122,8.848311162653568e+122,1300.1971097588719,2.7863027380911864e-09,0.0,1.5782503553060234,0
89.101,-3.2418162007855735,-2.787435461288328,1.1097164661790617,0.0,0.0,1e-12,9.57187738171477e-05,-3.135623427990312e-05,4.4,3.8,10.089185338927411,7,179136075.41105196,8.848311162653568e+122,8.848311162653568e+122,1300.1971097588719,2.7863027380911864e-09,0.0,1.5782503553060234,0
89.2,-3.2418162007855735,-2.787435461288328,1.1097164661790617,0.0,0.0,1e-12,9.57187738171477e-05,-3.135623427990312e-05,4.4,3.8,10.089185338927411,7,179136075.41105196,8.848311162653568e+122,8.848311162653568e+122,1300.1971097588719,2.7863027380911864e-09,0.0,1.5782503553060234,0
89.299,-3.2418162007855735,-2.787435461288328,1.1097164661790617,0.0,0.0,1e-12,9.57187738171477e-05,-3.135623427990312e-05,4.4,3.8,10.089185338927411,7,179136075.40361953,1.9925918918074624e+124,1.9925918918074624e+124,1314.9923658219882,2.7863027380911864e-09,0.0,1.5782503553060234,0
89.398,-3.2418162007855735,-2.787435461288328,1.1097164661790617,0.0,0.0,1e-12,9.57187738171477e-05,-3.135623427990312e-05,4.4,3.8,10.089185338927411,7,179136075.40361953,1.9925918918074624e+124,1.9925918918074624e+124,1314.9923658219882,2.7863027380911864e-09,0.0,1.5782503553060234,0
89.464,-3.2418162007855735,-2.787435461288328,1.1097164661790617,0.0,0.0,1e-12,9.57187738171477e-05,-3.135623427990312e-05,4.4,3.8,10.089185338927411,7,179136075.40361953,1.9925918918074624e+124,1.9925918918074624e+124,1314.9923658219882,2.7863027380911864e-09,0.0,1.5782503553060234,0
89.596,-3.2418162007855735,-2.787435461288328,1.1097164661790617,0.0,0.0,1e-12,9.57187738171477e-05,-3.135623427990312e-05,4.4,3.8,10.089185338927411,7,179136075.40361953,1.9925918918074624e+124,1.9925918918074624e+124,1314.9923658219882,2.7863027380911864e-09,0.0,1.5782503553060234,0
89.695,-3.2418162007855735,-2.787435461288328,1.1097164661790617,0.0,0.0,1e-12,9.57187738171477e-05,-3.135623427990312e-05,4.4,3.8,10.089185338927411,7,179136075.40536815,1.3984315147288954e+125,1.3984315147288954e+125,1325.1955902156471,2.7863027380911864e-09,0.0,1.5782503553060234,0
89.794,-3.2418162007855735,-2.787435461288328,1.1097164661790617,0.0,0.0,1e-12,9.57187738171477e-05,-3.135623427990312e-05,4.4,3.8,10.089185338927411,7,179136075.40536815,1.3984315147288954e+125,1.3984315147288954e+125,1325.1955902156471,2.7863027380911864e-09,0.0,1.5782503553060234,0
89.86,-3.2410926547660504,-2.786864223964663,1.110813596082234,0.0,0.0,1e-12,9.57187738171477e-05,-3.135623427990312e-05,4.4,3.8,10.088264333554374,7,179136075.40536815,1.3984315147288954e+125,1.3984315147288954e+125,1325.1955902156471,2.7863027380911864e-09,0.0,1.5782503553060234,0
89.992,-3.241111355540058,-2.786542350243818,1.1101740280371766,0.0,0.0,1e-12,9.57187738171477e-05,-3.135623427990312e-05,4.4,3.8,10.08806834231998,7,179136075.40536815,1.3984315147288954e+125,1.3984315147288954e+125,1325.1955902156471,2.7863027380911864e-09,0.0,1.5782503553060234,0
90.058,-3.241111355540058,-2.786542350243818,1.1101740280371766,0.0,0.0,1e-12,9.57187738171477e-05,-3.135623427990312e-05,4.4,3.8,10.08806834231998,7,179136075.40536815,1.3984315147288954e+125,1.3984315147288954e+125,1325.1955902156471,2.7863027380911864e-09,0.0,1.5782503553060234,0
90.157,-3.241111355540058,-2.786542350243818,1.1101740280371766,0.0,0.0,1e-12,9.57187738171477e-05,-3.135623427990312e-05,4.4,3.8,10.08806834231998,7,179136075.2553935,1.3984315147288954e+125,1.3984315147288954e+125,1325.1955902156471,2.7863027380911864e-09,0.0,1.5782503553060234,0
90.256,-3.241111355540058,-2.786542350243818,1.1101740280371766,0.0,0.0,1e-12,9.57187738171477e-05,-3.135623427990312e-05,4.4,3.8,10.08806834231998,7,179136075.2553935,8.134684283583541e+126,8.134684283583541e+126,1343.5152396300855,2.7863027380911864e-09,0.0,1.5782503553060234,0
90.388,-3.24090438657306,-2.786638683378563,1.111410947251877,0.0,0.0,1e-12,9.57187738171477e-05,-3.135623427990312e-05,4.4,3.8,10.087974474101841,7,179136075.2553935,8.134684283583541e+126,8.134684283583541e+126,1343.5152396300855,2.7863027380911864e-09,0.0,1.5782503553060234,0
90.487,-3.24090438657306,-2.786638683378563,1.111410947251877,0.0,0.0,1e-12,9.57187738171477e-05,-3.135623427990312e-05,4.4,3.8,10.087974474101841,7,179136075.2553935,8.134684283583541e+126,8.134684283583541e+126,1343.5152396300855,2.7863027380911864e-09,0.0,1.5782503553060234,0
90.553,-3.24090438657306,-2.786638683378563,1.111410947251877,0.0,0.0,1e-12,9.57187738171477e-05,-3.135623427990312e-05,4.4,3.8,10.087974474101841,7,179136075.2553935,8.134684283583541e+126,8.134684283583541e+126,1343.5152396300855,2.7863027380911864e-09,0.0,1.5782503553060234,0
90.751,-3.24090438657306,-2.786638683378563,1.111410947251877,0.0,0.0,1e-12,9.57187738171477e-05,-3.135623427990312e-05,4.4,3.8,10.087974474101841,7,179136075.35767734,2.0584653304409433e+128,2.0584653304409433e+128,1357.976591726652,2.7863027380911864e-09,0.0,1.5782503553060234,0
90.784,-3.24072211776393,-2.7867892816422692,1.112328789691965,0.0,0.0,1e-12,9.57187738171477e-05,-3.135623427990312e-05,4.4,3.8,10.087934750068737,7,179136075.35767734,2.0584653304409433e+128,2.0584653304409433e+128,1357.976591726652,2.7863027380911864e-09,0.0,1.5782503553060234,0
90.883,-3.24072211776393,-2.7867892816422692,1.112328789691965,0.0,0.0,1e-12,9.57187738171477e-05,-3.135623427990312e-05,4.4,3.8,10.087934750068737,7,179136075.35767734,2.0584653304409433e+128,2.0584653304409433e+128,1357.976591726652,2.7863027380911864e-09,0.0,1.5782503553060234,0
90.982,-3.24072211776393,-2.7867892816422692,1.112328789691965,0.0,0.0,1e-12,9.57187738171477e-05,-3.135623427990312e-05,4.4,3.8,10.087934750068737,7,179136075.35767734,2.0584653304409433e+128,2.0584653304409433e+128,1357.976591726652,2.7863027380911864e-09,0.0,1.5782503553060234,0
91.114,-3.24072211776393,-2.7867892816422692,1.112328789691965,0.0,0.0,1e-12,9.57187738171477e-05,-3.135623427990312e-05,4.4,3.8,10.087934750068737,7,179136075.35767734,2.0584653304409433e+128,2.0584653304409433e+128,1357.976591726652,2.7863027380911864e-09,0.0,1.5782503553060234,0
91.213,-3.24072211776393,-2.7867892816422692,1.112328789691965,0.0,0.0,1e-12,9.57187738171477e-05,-3.135623427990312e-05,4.4,3.8,10.087934750068737,7,179136075.27325487,3.2175857275223555e+129,3.2175857275223555e+129,1368.1622632462006,2.7863027380911864e-09,0.0,1.5782503553060234,0
91.312,-3.24072211776393,-2.7867892816422692,1.112328789691965,0.0,0.0,1e-12,9.57187738171477e-05,-3.135623427990312e-05,4.4,3.8,10.087934750068737,7,179136075.27325487,3.2175857275223555e+129,3.2175857275223555e+129,1368.1622632462006,2.7863027380911864e-09,0.0,1.5782503553060234,0
91.411,-3.24072211776393,-2.7867892816422692,1.112328789691965,0.0,0.0,1e-12,9.57187738171477e-05,-3.135623427990312e-05,4.4,3.8,10.087934750068737,7,179136075.27325487,3.2175857275223555e+129,3.2175857275223555e+129,1368.1622632462006,2.7863027380911864e-09,0.0,1.5782503553060234,0
91.543,-3.24072211776393,-2.7867892816422692,1.112328789691965,0.0,0.0,1e-12,9.57187738171477e-05,-3.135623427990312e-05,4.4,3.8,10.087934750068737,7,179136075.27325487,3.2175857275223555e+129,3.2175857275223555e+129,1368.1622632462006,2.7863027380911864e-09,0.0,1.5782503553060234,0
91.576,-3.240600643925942,-2.787012918023952,1.113157444908401,0.0,0.0,1e-12,9.57187738171477e-05,-3.135623427990312e-05,4.4,3.8,10.087988767944577,7,179136075.27325487,3.2175857275223555e+129,3.2175857275223555e+129,1368.1622632462006,2.7863027380911864e-09,0.0,1.5782503553060234,0
91.675,-3.240600643925942,-2.787012918023952,1.113157444908401,0.0,0.0,1e-12,9.57187738171477e-05,-3.135623427990312e-05,4.4,3.8,10.087988767944577,7,179136075.25711825,9.181994561891372e+129,9.181994561891372e+129,1097.3053505164862,2.7863027380911864e-09,0.0,1.5782503553060234,0
91.807,-3.240600643925942,-2.787012918023952,1.113157444908401,0.0,0.0,1e-12,9.57187738171477e-05,-3.135623427990312e-05,4.4,3.8,10.087988767944577,7,179136075.25711825,9.181994561891372e+129,9.181994561891372e+129,1097.3053505164862,2.7863027380911864e-09,0.0,1.5782503553060234,0
91.906,-3.240318156337184,-2.7863796298330192,1.1132720499452147,0.0,0.0,1e-12,9.57187738171477e-05,-3.135623427990312e-05,4.4,3.8,10.087361308009887,7,179136075.25711825,9.181994561891372e+129,9.181994561891372e+129,1097.3053505164862,2.7863027380911864e-09,0.0,1.5782503553060234,0
92.038,-3.240318156337184,-2.7863796298330192,1.1132720499452147,0.0,0.0,1e-12,9.57187738171477e-05,-3.135623427990312e-05,4.4,3.8,10.087361308009887,7,179136075.25711825,9.181994561891372e+129,9.181994561891372e+129,1097.3053505164862,2.7863027380911864e-09,0.0,1.5782503553060234,0
92.104,-3.240318156337184,-2.7863796298330192,1.1132720499452147,0.0,0.0,1e-12,9.57187738171477e-05,-3.135623427990312e-05,4.4,3.8,10.087361308009887,7,179136075.25711825,9.181994561891372e+129,9.181994561891372e+129,1097.3053505164862,2.7863027380911864e-09,0.0,1.5782503553060234,0
92.203,-3.240318156337184,-2.7863796298330192,1.1132720499452147,0.0,0.0,1e-12,9.57187738171477e-05,-3.135623427990312e-05,4.4,3.8,10.087361308009887,7,179136075.2992632,2.6958315442249573e+131,2.6958315442249573e+131,1102.2096857481972,2.7863027380911864e-09,0.0,1.5782503553060234,0
92.302,-3.240318156337184,-2.7863796298330192,1.1132720499452147,0.0,0.0,1e-12,9.57187738171477e-05,-3.135623427990312e-05,4.4,3.8,10.087361308009887,7,179136075.2992632,2.6958315442249573e+131,2.6958315442249573e+131,1102.2096857481972,2.7863027380911864e-09,0.0,1.5782503553060234,0
92.401,-3.240318156337184,-2.7863796298330192,1.1132720499452147,0.0,0.0,1e-12,9.57187738171477e-05,-3.135623427990312e-05,4.4,3.8,10.087361308009887,7,179136075.2992632,2.6958315442249573e+131,2.6958315442249573e+131,1102.2096857481972,2.7863027380911864e-09,0.0,1.5782503553060234,0
92.434,-3.240318156337184,-2.7863796298330192,1.1132720499452147,0.0,0.0,1e-12,9.57187738171477e-05,-3.135623427990312e-05,4.4,3.8,10.087361308009887,7,179136075.2992632,2.6958315442249573e+131,2.6958315442249573e+131,1102.2096857481972,2.7863027380911864e-09,0.0,1.5782503553060234,0
92.632,-3.240318156337184,-2.7863796298330192,1.1132720499452147,0.0,0.0,1e-12,9.57187738171477e-05,-3.135623427990312e-05,4.4,3.8,10.087361308009887,7,179136075.2992632,2.6958315442249573e+131,2.6958315442249573e+131,1102.2096857481972,2.7863027380911864e-09,0.0,1.5782503553060234,0
92.698,-3.240318156337184,-2.7863796298330192,1.1132720499452147,0.0,0.0,1e-12,9.57187738171477e-05,-3.135623427990312e-05,4.4,3.8,10.087361308009887,7,179136075.41060627,5.908517975797534e+132,5.908517975797534e+132,815.5854568196517,2.7863027380911864e-09,0.0,1.5782503553060234,0
92.83,-3.240537185134316,-2.786457922094463,1.1126292289368702,0.0,0.0,1e-12,9.57187738171477e-05,-3.135623427990312e-05,4.4,3.8,10.087578323707882,7,179136075.41060627,5.908517975797534e+132,5.908517975797534e+132,815.5854568196517,2.7863027380911864e-09,0.0,1.5782503553060234,0
92.896,-3.240537185134316,-2.786457922094463,1.1126292289368702,0.0,0.0,1e-12,9.57187738171477e-05,-3.135623427990312e-05,4.4,3.8,10.087578323707882,7,179136075.41060627,5.908517975797534e+132,5.908517975797534e+132,815.5854568196517,2.7863027380911864e-09,0.0,1.5782503553060234,0
92.962,-3.240537185134316,-2.786457922094463,1.1126292289368702,0.0,0.0,1e-12,9.57187738171477e-05,-3.135623427990312e-05,4.4,3.8,10.087578323707882,7,179136075.41060627,5.908517975797534e+132,5.908517975797534e+132,815.5854568196517,2.7863027380911864e-09,0.0,1.5782503553060234,0
92.995,-3.240537185134316,-2.786457922094463,1.1126292289368702,0.0,0.0,1e-12,9.57187738171477e-05,-3.135623427990312e-05,4.4,3.8,10.087578323707882,7,179136075.41060627,5.908517975797534e+132,5.908517975797534e+132,815.5854568196517,2.7863027380911864e-09,0.0,1.5782503553060234,0
93.193,-3.240384464364485,-2.786649536048258,1.1135091109352544,0.0,0.0,1e-12,9.57187738171477e-05,-3.135623427990312e-05,4.4,3.8,10.087587762890934,7,179136075.41060627,5.908517975797534e+132,5.908517975797534e+132,815.5854568196517,2.7863027380911864e-09,0.0,1.5782503553060234,0
93.292,-3.240384464364485,-2.786649536048258,1.1135091109352544,0.0,0.0,1e-12,9.57187738171477e-05,-3.135623427990312e-05,4.4,3.8,10.087587762890934,7,179136075.44542366,5.547011171136411e+133,5.547011171136411e+133,1322.03435249708,2.7863027380911864e-09,0.0,1.5782503553060234,0
93.358,-3.240384464364485,-2.786649536048258,1.1135091109352544,0.0,0.0,1e-12,9.57187738171477e-05,-3.135623427990312e-05,4.4,3.8,10.087587762890934,7,179136075.44542366,5.547011171136411e+133,5.547011171136411e+133,1322.03435249708,2.7863027380911864e-09,0.0,1.5782503553060234,0
93.49,-3.2401617127824327,-2.786572385431782,1.1141675162878566,0.0,0.0,1e-12,9.57187738171477e-05,-3.135623427990312e-05,4.4,3.8,10.08736867503112,7,179136075.44542366,5.547011171136411e+133,5.547011171136411e+133,1322.03435249708,2.7863027380911864e-09,0.0,1.5782503553060234,0
93.622,-3.240384464364485,-2.786649536048258,1.1135091109352544,0.0,0.0,1e-12,9.57187738171477e-05,-3.135623427990312e-05,4.4,3.8,10.087587762890934,7,179136075.44542366,5.547011171136411e+133,5.547011171136411e+133,1322.03435249708,2.7863027380911864e-09,0.0,1.5782503553060234,0
93.688,-3.240384464364485,-2.786649536048258,1.1135091109352544,0.0,0.0,1e-12,9.57187738171477e-05,-3.135623427990312e-05,4.4,3.8,10.087587762890934,7,179136075.43849936,1.2858455689545418e+135,1.2858455689545418e+135,1275.9936752428048,2.7863027380911864e-09,0.0,1.5782503553060234,0
93.82,-3.240384464364485,-2.786649536048258,1.1135091109352544,0.0,0.0,1e-12,9.57187738171477e-05,-3.135623427990312e-05,4.4,3.8,10.087587762890934,7,179136075.43849936,1.2858455689545418e+135,1.2858455689545418e+135,1275.9936752428048,2.7863027380911864e-09,0.0,1.5782503553060234,0
93.886,-3.240384464364485,-2.786649536048258,1.1135091109352544,0.0,0.0,1e-12,9.57187738171477e-05,-3.135623427990312e-05,4.4,3.8,10.087587762890934,7,179136075.43849936,1.2858455689545418e+135,1.2858455689545418e+135,1275.9936752428048,2.7863027380911864e-09,0.0,1.5782503553060234,0
93.952,-3.240384464364485,-2.786649536048258,1.1135091109352544,0.0,0.0,1e-12,9.57187738171477e-05,-3.135623427990312e-05,4.4,3.8,10.087587762890934,7,179136075.43849936,1.2858455689545418e+135,1.2858455689545418e+135,1275.9936752428048,2.7863027380911864e-09,0.0,1.5782503553060234,0
94.117,-3.240384464364485,-2.786649536048258,1.1135091109352544,0.0,0.0,1e-12,9.57187738171477e-05,-3.135623427990312e-05,4.4,3.8,10.087587762890934,7,179136075.43849936,1.2858455689545418e+135,1.2858455689545418e+135,1275.9936752428048,2.7863027380911864e-09,0.0,1.5782503553060234,0
94.183,-3.240384464364485,-2.786649536048258,1.1135091109352544,0.0,0.0,1e-12,9.57187738171477e-05,-3.135623427990312e-05,4.4,3.8,10.087587762890934,7,179136075.53968504,2.1753003945825255e+136,2.1753003945825255e+136,1442.7454577106193,2.7863027380911864e-09,0.0,1.5782503553060234,0
94.315,-3.240384464364485,-2.786649536048258,1.1135091109352544,0.0,0.0,1e-12,9.57187738171477e-05,-3.135623427990312e-05,4.4,3.8,10.087587762890934,7,179136075.53968504,2.1753003945825255e+136,2.1753003945825255e+136,1442.7454577106193,2.7863027380911864e-09,0.0,1.5782503553060234,0
94.414,-3.240218358500142,-2.78625444785494,1.113619108221748,0.0,0.0,1e-12,9.57187738171477e-05,-3.135623427990312e-05,4.4,3.8,10.08720398413017,7,179136075.53968504,2.1753003945825255e+136,2.1753003945825255e+136,1442.7454577106193,2.7863027380911864e-09,0.0,1.5782503553060234,0
94.48,-3.240218358500142,-2.78625444785494,1.113619108221748,0.0,0.0,1e-12,9.57187738171477e-05,-3.135623427990312e-05,4.4,3.8,10.08720398413017,7,179136075.53968504,2.1753003945825255e+136,2.1753003945825255e+136,1442.7454577106193,2.7863027380911864e-09,0.0,1.5782503553060234,0
94.612,-3.240218358500142,-2.78625444785494,1.113619108221748,0.0,0.0,1e-12,9.57187738171477e-05,-3.135623427990312e-05,4.4,3.8,10.08720398413017,7,179136075.53968504,2.1753003945825255e+136,2.1753003945825255e+136,1442.7454577106193,2.7863027380911864e-09,0.0,1.5782503553060234,0
94.678,-3.240218358500142,-2.78625444785494,1.113619108221748,0.0,0.0,1e-12,9.57187738171477e-05,-3.135623427990312e-05,4.4,3.8,10.08720398413017,7,179136075.4748758,6.46103577429193e+137,6.46103577429193e+137,1316.0214301380327,2.7863027380911864e-09,0.0,1.5782503553060234,0
94.777,-3.240218358500142,-2.78625444785494,1.113619108221748,0.0,0.0,1e-12,9.57187738171477e-05,-3.135623427990312e-05,4.4,3.8,10.08720398413017,7,179136075.4748758,6.46103577429193e+137,6.46103577429193e+137,1316.0214301380327,2.7863027380911864e-09,0.0,1.5782503553060234,0
94.942,-3.240218358500142,-2.78625444785494,1.113619108221748,0.0,0.0,1e-12,9.57187738171477e-05,-3.135623427990312e-05,4.4,3.8,10.08720398413017,7,179136075.4748758,6.46103577429193e+137,6.46103577429193e+137,1316.0214301380327,2.7863027380911864e-09,0.0,1.5782503553060234,0
95.008,-3.240218358500142,-2.78625444785494,1.113619108221748,0.0,0.0,1e-12,9.57187738171477e-05,-3.135623427990312e-05,4.4,3.8,10.08720398413017,7,179136075.4748758,6.46103577429193e+137,6.46103577429193e+137,1316.0214301380327,2.7863027380911864e-09,0.0,1.5782503553060234,0
95.107,-3.239965689229709,-2.7867255055579414,1.1117341521632742,0.0,0.0,1e-12,9.57187738171477e-05,-3.135623427990312e-05,4.4,3.8,10.087320190128532,7,179136075.4748758,6.46103577429193e+137,6.46103577429193e+137,1316.0214301380327,2.7863027380911864e-09,0.0,1.5782503553060234,0
95.173,-3.239965689229709,-2.7867255055579414,1.1117341521632742,0.0,0.0,1e-12,9.57187738171477e-05,-3.135623427990312e-05,4.4,3.8,10.087320190128532,7,179136075.4736393,3.366840372524873e+139,3.366840372524873e+139,1476.5858948304246,2.7863027380911864e-09,0.0,1.5782503553060234,0
95.338,-3.2402471916418962,-2.7873766622553293,1.111576791611638,0.0,0.0,1e-12,9.57187738171477e-05,-3.135623427990312e-05,4.4,3.8,10.087958586345309,7,179136075.4736393,3.366840372524873e+139,3.366840372524873e+139,1476.5858948304246,2.7863027380911864e-09,0.0,1.5782503553060234,0
95.404,-3.2402471916418962,-2.7873766622553293,1.111576791611638,0.0,0.0,1e-12,9.57187738171477e-05,-3.135623427990312e-05,4.4,3.8,10.087958586345309,7,179136075.4736393,3.366840372524873e+139,3.366840372524873e+139,1476.5858948304246,2.7863027380911864e-09,0.0,1.5782503553060234,0
95.503,-3.2402471916418962,-2.7873766622553293,1.111576791611638,0.0,0.0,1e-12,9.57187738171477e-05,-3.135623427990312e-05,4.4,3.8,10.087958586345309,7,179136075.4736393,3.366840372524873e+139,3.366840372524873e+139,1476.5858948304246,2.7863027380911864e-09,0.0,1.5782503553060234,0
95.602,-3.2402471916418962,-2.7873766622553293,1.111576791611638,0.0,0.0,1e-12,9.57187738171477e-05,-3.135623427990312e-05,4.4,3.8,10.087958586345309,7,179136075.4736393,3.366840372524873e+139,3.366840372524873e+139,1476.5858948304246,2.7863027380911864e-09,0.0,1.5782503553060234,0
95.701,-3.2402471916418962,-2.7873766622553293,1.111576791611638,0.0,0.0,1e-12,9.57187738171477e-05,-3.135623427990312e-05,4.4,3.8,10.087958586345309,7,179136075.35696712,5.586602292952855e+140,5.586602292952855e+140,1183.3761832520572,2.7863027380911864e-09,0.0,1.5782503553060234,0
95.8,-3.240013534364476,-2.786805806460992,1.1117658649046764,0.0,0.0,1e-12,9.57187738171477e-05,-3.135623427990312e-05,4.4,3.8,10.08740886141236,7,179136075.35696712,5.586602292952855e+140,5.586602292952855e+140,1183.3761832520572,2.7863027380911864e-09,0.0,1.5782503553060234,0
95.899,-3.240013534364476,-2.786805806460992,1.1117658649046764,0.0,0.0,1e-12,9.57187738171477e-05,-3.135623427990312e-05,4.4,3.8,10.08740886141236,7,179136075.35696712,5.586602292952855e+140,5.586602292952855e+140,1183.3761832520572,2.7863027380911864e-09,0.0,1.5782503553060234,0
95.998,-3.240013534364476,-2.786805806460992,1.1117658649046764,0.0,0.0,1e-12,9.57187738171477e-05,-3.135623427990312e-05,4.4,3.8,10.08740886141236,7,179136075.35696712,5.586602292952855e+140,5.586602292952855e+140,1183.3761832520572,2.7863027380911864e-09,0.0,1.5782503553060234,0
96.064,-3.240013534364476,-2.786805806460992,1.1117658649046764,0.0,0.0,1e-12,9.57187738171477e-05,-3.135623427990312e-05,4.4,3.8,10.08740886141236,7,179136075.35696712,5.586602292952855e+140,5.586602292952855e+140,1183.3761832520572,2.7863027380911864e-09,0.0,1.5782503553060234,0
96.229,-3.240013534364476,-2.786805806460992,1.1117658649046764,0.0,0.0,1e-12,9.57187738171477e-05,-3.135623427990312e-05,4.4,3.8,10.08740886141236,7,179136075.2997382,2.691275691408033e+141,2.691275691408033e+141,1182.6140069370088,2.7863027380911864e-09,0.0,1.5782503553060234,0
96.295,-3.240257461224097,-2.7873408178619434,1.111685936988287,0.0,0.0,1e-12,9.57187738171477e-05,-3.135623427990312e-05,4.4,3.8,10.087942958029677,7,179136075.2997382,2.691275691408033e+141,2.691275691408033e+141,1182.6140069370088,2.7863027380911864e-09,0.0,1.5782503553060234,0
96.427,-3.240257461224097,-2.7873408178619434,1.111685936988287,0.0,0.0,1e-12,9.57187738171477e-05,-3.135623427990312e-05,4.4,3.8,10.087942958029677,7,179136075.2997382,2.691275691408033e+141,2.691275691408033e+141,1182.6140069370088,2.7863027380911864e-09,0.0,1.5782503553060234,0
96.526,-3.240257461224097,-2.7873408178619434,1.111685936988287,0.0,0.0,1e-12,9.57187738171477e-05,-3.135623427990312e-05,4.4,3.8,10.087942958029677,7,179136075.2997382,2.691275691408033e+141,2.691275691408033e+141,1182.6140069370088,2.7863027380911864e-09,0.0,1.5782503553060234,0
96.592,-3.240257461224097,-2.7873408178619434,1.111685936988287,0.0,0.0,1e-12,9.57187738171477e-05,-3.135623427990312e-05,4.4,3.8,10.087942958029677,7,179136075.2997382,2.691275691408033e+141,2.691275691408033e+141,1182.6140069370088,2.7863027380911864e-09,0.0,1.5782503553060234,0
96.691,-3.240257461224097,-2.7873408178619434,1.111685936988287,0.0,0.0,1e-12,9.57187738171477e-05,-3.135623427990312e-05,4.4,3.8,10.087942958029677,7,179136075.321007,8.256018390561741e+142,8.256018390561741e+142,1514.8304809498206,2.7863027380911864e-09,0.0,1.5782503553060234,0
96.757,-3.240257461224097,-2.7873408178619434,1.111685936988287,0.0,0.0,1e-12,9.57187738171477e-05,-3.135623427990312e-05,4.4,3.8,10.087942958029677,7,179136075.321007,8.256018390561741e+142,8.256018390561741e+142,1514.8304809498206,2.7863027380911864e-09,0.0,1.5782503553060234,0
96.922,-3.2405534563817486,-2.788376946163757,1.1108390197879745,0.0,0.0,1e-12,9.57187738171477e-05,-3.135623427990312e-05,4.4,3.8,10.088843734768082,7,179136075.321007,8.256018390561741e+142,8.256018390561741e+142,1514.8304809498206,2.7863027380911864e-09,0.0,1.5782503553060234,0
97.021,-3.2405534563817486,-2.788376946163757,1.1108390197879745,0.0,0.0,1e-12,9.57187738171477e-05,-3.135623427990312e-05,4.4,3.8,10.088843734768082,7,179136075.321007,8.256018390561741e+142,8.256018390561741e+142,1514.8304809498206,2.7863027380911864e-09,0.0,1.5782503553060234,0
97.087,-3.2405534563817486,-2.788376946163757,1.1108390197879745,0.0,0.0,1e-12,9.57187738171477e-05,-3.135623427990312e-05,4.4,3.8,10.088843734768082,7,179136075.321007,8.256018390561741e+142,8.256018390561741e+142,1514.8304809498206,2.7863027380911864e-09,0.0,1.5782503553060234,0
97.219,-3.2405534563817486,-2.788376946163757,1.1108390197879745,0.0,0.0,1e-12,9.57187738171477e-05,-3.135623427990312e-05,4.4,3.8,10.088843734768082,7,179136075.3170837,1.6900201211584633e+144,1.6900201211584633e+144,1366.052221995919,2.7863027380911864e-09,0.0,1.5782503553060234,0
97.318,-3.2405534563817486,-2.788376946163757,1.1108390197879745,0.0,0.0,1e-12,9.57187738171477e-05,-3.135623427990312e-05,4.4,3.8,10.088843734768082,7,179136075.3170837,1.6900201211584633e+144,1.6900201211584633e+144,1366.052221995919,2.7863027380911864e-09,0.0,1.5782503553060234,0
97.384,-3.2405534563817486,-2.788376946163757,1.1108390197879745,0.0,0.0,1e-12,9.57187738171477e-05,-3.135623427990312e-05,4.4,3.8,10.088843734768082,7,179136075.3170837,1.6900201211584633e+144,1.6900201211584633e+144,1366.052221995919,2.7863027380911864e-09,0.0,1.5782503553060234,0
97.516,-3.2405534563817486,-2.788376946163757,1.1108390197879745,0.0,0.0,1e-12,9.57187738171477e-05,-3.135623427990312e-05,4.4,3.8,10.088843734768082,7,179136075.3170837,1.6900201211584633e+144,1.6900201211584633e+144,1366.052221995919,2.7863027380911864e-09,0.0,1.5782503553060234,0
97.615,-3.2405534563817486,-2.788376946163757,1.1108390197879745,0.0,0.0,1e-12,9.57187738171477e-05,-3.135623427990312e-05,4.4,3.8,10.088843734768082,7,179136075.3170837,1.6900201211584633e+144,1.6900201211584633e+144,1366.052221995919,2.7863027380911864e-09,0.0,1.5782503553060234,0
97.714,-3.2405534563817486,-2.788376946163757,1.1108390197879745,0.0,0.0,1e-12,9.57187738171477e-05,-3.135623427990312e-05,4.4,3.8,10.088843734768082,7,179136075.379762,1.4869724269985907e+145,1.4869724269985907e+145,1538.4905988232817,2.7863027380911864e-09,0.0,1.5782503553060234,0
97.846,-3.2405534563817486,-2.788376946163757,1.1108390197879745,0.0,0.0,1e-12,9.57187738171477e-05,-3.135623427990312e-05,4.4,3.8,10.088843734768082,7,179136075.379762,1.4869724269985907e+145,1.4869724269985907e+145,1538.4905988232817,2.7863027380911864e-09,0.0,1.5782503553060234,0
97.912,-3.2405534563817486,-2.788376946163757,1.1108390197879745,0.0,0.0,1e-12,9.57187738171477e-05,-3.135623427990312e-05,4.4,3.8,10.088843734768082,7,179136075.379762,1.4869724269985907e+145,1.4869724269985907e+145,1538.4905988232817,2.7863027380911864e-09,0.0,1.5782503553060234,0
98.011,-3.2405534563817486,-2.788376946163757,1.1108390197879745,0.0,0.0,1e-12,9.57187738171477e-05,-3.135623427990312e-05,4.4,3.8,10.088843734768082,7,179136075.379762,1.4869724269985907e+145,1.4869724269985907e+145,1538.4905988232817,2.7863027380911864e-09,0.0,1.5782503553060234,0
98.143,-3.2403130498770514,-2.7888521478389285,1.1089733317117785,0.0,0.0,1e-12,9.57187738171477e-05,-3.135623427990312e-05,4.4,3.8,10.088972005422715,7,179136075.379762,1.4869724269985907e+145,1.4869724269985907e+145,1538.4905988232817,2.7863027380911864e-09,0.0,1.5782503553060234,0
98.209,-3.2403130498770514,-2.7888521478389285,1.1089733317117785,0.0,0.0,1e-12,9.57187738171477e-05,-3.135623427990312e-05,4.4,3.8,10.088972005422715,7,179136075.3961146,1.4385267430415656e+147,1.4385267430415656e+147,1556.240235848266,2.7863027380911864e-09,0.0,1.5782503553060234,0
98.308,-3.2403130498770514,-2.7888521478389285,1.1089733317117785,0.0,0.0,1e-12,9.57187738171477e-05,-3.135623427990312e-05,4.4,3.8,10.088972005422715,7,179136075.3961146,1.4385267430415656e+147,1.4385267430415656e+147,1556.240235848266,2.7863027380911864e-09,0.0,1.5782503553060234,0
98.407,-3.2403130498770514,-2.7888521478389285,1.1089733317117785,0.0,0.0,1e-12,9.57187738171477e-05,-3.135623427990312e-05,4.4,3.8,10.088972005422715,7,179136075.3961146,1.4385267430415656e+147,1.4385267430415656e+147,1556.240235848266,2.7863027380911864e-09,0.0,1.5782503553060234,0
98.506,-3.2403130498770514,-2.7888521478389285,1.1089733317117785,0.0,0.0,1e-12,9.57187738171477e-05,-3.135623427990312e-05,4.4,3.8,10.088972005422715,7,179136075.3961146,1.4385267430415656e+147,1.4385267430415656e+147,1556.240235848266,2.7863027380911864e-09,0.0,1.5782503553060234,0
98.605,-3.2403130498770514,-2.7888521478389285,1.1089733317117785,0.0,0.0,1e-12,9.57187738171477e-05,-3.135623427990312e-05,4.4,3.8,10.088972005422715,7,179136075.3961146,1.4385267430415656e+147,1.4385267430415656e+147,1556.240235848266,2.7863027380911864e-09,0.0,1.5782503553060234,0
98.704,-3.2400749722478333,-2.788392749491969,1.1089364928081966,0.0,0.0,1e-12,9.57187738171477e-05,-3.135623427990312e-05,4.4,3.8,10.088491691185856,7,179136075.48522487,3.435692176549993e+148,3.435692176549993e+148,1571.947140293621,2.7863027380911864e-09,0.0,1.5782503553060234,0
98.77,-3.2400749722478333,-2.788392749491969,1.1089364928081966,0.0,0.0,1e-12,9.57187738171477e-05,-3.135623427990312e-05,4.4,3.8,10.088491691185856,7,179136075.48522487,3.435692176549993e+148,3.435692176549993e+148,1571.947140293621,2.7863027380911864e-09,0.0,1.5782503553060234,0
98.869,-3.2397903788186437,-2.7882019625379875,1.1099497977008734,0.0,0.0,1e-12,9.57187738171477e-05,-3.135623427990312e-05,4.4,3.8,10.08815157159523,7,179136075.48522487,3.435692176549993e+148,3.435692176549993e+148,1571.947140293621,2.7863027380911864e-09,0.0,1.5782503553060234,0
99.001,-3.2397903788186437,-2.7882019625379875,1.1099497977008734,0.0,0.0,1e-12,9.57187738171477e-05,-3.135623427990312e-05,4.4,3.8,10.08815157159523,7,179136075.48522487,3.435692176549993e+148,3.435692176549993e+148,1571.947140293621,2.7863027380911864e-09,0.0,1.5782503553060234,0
99.1,-3.2397903788186437,-2.7882019625379875,1.1099497977008734,0.0,0.0,1e-12,9.57187738171477e-05,-3.135623427990312e-05,4.4,3.8,10.08815157159523,7,179136075.48522487,3.435692176549993e+148,3.435692176549993e+148,1571.947140293621,2.7863027380911864e-09,0.0,1.5782503553060234,0
99.232,-3.2400323568799534,-2.7888262466614058,1.1096839462987296,0.0,0.0,1e-12,9.57187738171477e-05,-3.135623427990312e-05,4.4,3.8,10.08874252436184,7,179136075.45172417,5.718520597388894e+149,5.718520597388894e+149,1416.8009565864884,2.7863027380911864e-09,0.0,1.5782503553060234,0
99.265,-3.2400323568799534,-2.7888262466614058,1.1096839462987296,0.0,0.0,1e-12,9.57187738171477e-05,-3.135623427990312e-05,4.4,3.8,10.08874252436184,7,179136075.45172417,5.718520597388894e+149,5.718520597388894e+149,1416.8009565864884,2.7863027380911864e-09,0.0,1.5782503553060234,0
99.43,-3.2400323568799534,-2.7888262466614058,1.1096839462987296,0.0,0.0,1e-12,9.57187738171477e-05,-3.135623427990312e-05,4.4,3.8,10.08874252436184,7,179136075.45172417,5.718520597388894e+149,5.718520597388894e+149,1416.8009565864884,2.7863027380911864e-09,0.0,1.5782503553060234,0
99.463,-3.2400323568799534,-2.7888262466614058,1.1096839462987296,0.0,0.0,1e-12,9.57187738171477e-05,-3.135623427990312e-05,4.4,3.8,10.08874252436184,7,179136075.45172417,5.718520597388894e+149,5.718520597388894e+149,1416.8009565864884,2.7863027380911864e-09,0.0,1.5782503553060234,0
99.628,-3.239800784103133,-2.7886860025362337,1.1105525986113367,0.0,0.0,1e-12,9.57187738171477e-05,-3.135623427990312e-05,4.4,3.8,10.08847556674445,7,179136075.45172417,5.718520597388894e+149,5.718520597388894e+149,1416.8009565864884,2.7863027380911864e-09,0.0,1.5782503553060234,0
99.694,-3.239800784103133,-2.7886860025362337,1.1105525986113367,0.0,0.0,1e-12,9.57187738171477e-05,-3.135623427990312e-05,4.4,3.8,10.08847556674445,7,179136075.42931047,5.133463271674697e+150,5.133463271674697e+150,1261.2791444121092,2.7863027380911864e-09,0.0,1.5782503553060234,0
99.793,-3.239800784103133,-2.7886860025362337,1.1105525986113367,0.0,0.0,1e-12,9.57187738171477e-05,-3.135623427990312e-05,4.4,3.8,10.08847556674445,7,179136075.42931047,5.133463271674697e+150,5.133463271674697e+150,1261.2791444121092,2.7863027380911864e-09,0.0,1.5782503553060234,0
99.859,-3.239800784103133,-2.7886860025362337,1.1105525986113367,0.0,0.0,1e-12,9.57187738171477e-05,-3.135623427990312e-05,4.4,3.8,10.08847556674445,7,179136075.42931047,5.133463271674697e+150,5.133463271674697e+150,1261.2791444121092,2.7863027380911864e-09,0.0,1.5782503553060234,0
99.991,-3.239800784103133,-2.7886860025362337,1.1105525986113367,0.0,0.0,1e-12,9.57187738171477e-05,-3.135623427990312e-05,4.4,3.8,10.08847556674445,7,179136075.42931047,5.133463271674697e+150,5.133463271674697e+150,1261.2791444121092,2.7863027380911864e-09,0.0,1.5782503553060234,0
100.057,-3.239800784103133,-2.7886860025362337,1.1105525986113367,0.0,0.0,1e-12,9.57187738171477e-05,-3.135623427990312e-05,4.4,3.8,10.08847556674445,7,179136075.42931047,5.133463271674697e+150,5.133463271674697e+150,1261.2791444121092,2.7863027380911864e-09,0.0,1.5782503553060234,0
100.222,-3.239800784103133,-2.7886860025362337,1.1105525986113367,0.0,0.0,1e-12,9.57187738171477e-05,-3.135623427990312e-05,4.4,3.8,10.08847556674445,7,179136075.36625534,1.0238208537049265e+152,1.0238208537049265e+152,1276.5163165596039,2.7863027380911864e-09,0.0,1.5782503553060234,0
100.222,-3.239800784103133,-2.7886860025362337,1.1105525986113367,0.0,0.0,1e-12,9.57187738171477e-05,-3.135623427990312e-05,4.4,3.8,10.08847556674445,7,179136075.36625534,1.0238208537049265e+152,1.0238208537049265e+152,1276.5163165596039,2.7863027380911864e-09,0.0,1.5782503553060234,0
100.387,-3.239521407028219,-2.7880576323529014,1.1106775418698258,0.0,0.0,1e-12,9.57187738171477e-05,-3.135623427990312e-05,4.4,3.8,10.087853621838777,7,179136075.36625534,1.0238208537049265e+152,1.0238208537049265e+152,1276.5163165596039,2.7863027380911864e-09,0.0,1.5782503553060234,0
100.486,-3.239521407028219,-2.7880576323529014,1.1106775418698258,0.0,0.0,1e-12,9.57187738171477e-05,-3.135623427990312e-05,4.4,3.8,10.087853621838777,7,179136075.36625534,1.0238208537049265e+152,1.0238208537049265e+152,1276.5163165596039,2.7863027380911864e-09,0.0,1.5782503553060234,0
100.618,-3.239521407028219,-2.7880576323529014,1.1106775418698258,0.0,0.0,1e-12,9.57187738171477e-05,-3.135623427990312e-05,4.4,3.8,10.087853621838777,7,179136075.36625534,1.0238208537049265e+152,1.0238208537049265e+152,1276.5163165596039,2.7863027380911864e-09,0.0,1.5782503553060234,0
100.651,-3.239521407028219,-2.7880576323529014,1.1106775418698258,0.0,0.0,1e-12,9.57187738171477e-05,-3.135623427990312e-05,4.4,3.8,10.087853621838777,7,179136075.40576363,9.15725512766031e+152,9.15725512766031e+152,1621.852884938386,2.7863027380911864e-09,0.0,1.5782503553060234,0
100.816,-3.2393525686767024,-2.7876237653511255,1.1108567400521687,0.0,0.0,1e-12,9.57187738171477e-05,-3.135623427990312e-05,4.4,3.8,10.087442418292472,7,179136075.40576363,9.15725512766031e+152,9.15725512766031e+152,1621.852884938386,2.7863027380911864e-09,0.0,1.5782503553060234,0
100.915,-3.239482570157145,-2.787647186995116,1.1104367791841663,0.0,0.0,1e-12,9.57187738171477e-05,-3.135623427990312e-05,4.4,3.8,10.087556165893675,7,179136075.40576363,9.15725512766031e+152,9.15725512766031e+152,1621.852884938386,2.7863027380911864e-09,0.0,1.5782503553060234,0
101.014,-3.239482570157145,-2.787647186995116,1.1104367791841663,0.0,0.0,1e-12,9.57187738171477e-05,-3.135623427990312e-05,4.4,3.8,10.087556165893675,7,179136075.40576363,9.15725512766031e+152,9.15725512766031e+152,1621.852884938386,2.7863027380911864e-09,0.0,1.5782503553060234,0
101.113,-3.239482570157145,-2.787647186995116,1.1104367791841663,0.0,0.0,1e-12,9.57187738171477e-05,-3.135623427990312e-05,4.4,3.8,10.087556165893675,7,179136075.40576363,9.15725512766031e+152,9.15725512766031e+152,1621.852884938386,2.7863027380911864e-09,0.0,1.5782503553060234,0
101.212,-3.239482570157145,-2.787647186995116,1.1104367791841663,0.0,0.0,1e-12,9.57187738171477e-05,-3.135623427990312e-05,4.4,3.8,10.087556165893675,7,179136075.33255425,6.03604061682739e+154,6.03604061682739e+154,1299.933808129697,2.7863027380911864e-09,0.0,1.5782503553060234,0
101.311,-3.239482570157145,-2.787647186995116,1.1104367791841663,0.0,0.0,1e-12,9.57187738171477e-05,-3.135623427990312e-05,4.4,3.8,10.087556165893675,7,179136075.33255425,6.03604061682739e+154,6.03604061682739e+154,1299.933808129697,2.7863027380911864e-09,0.0,1.5782503553060234,0
101.41,-3.239998079056594,-2.7889238297150523,1.1099780402200505,0.0,0.0,1e-12,9.57187738171477e-05,-3.135623427990312e-05,4.4,3.8,10.088780297031715,7,179136075.33255425,6.03604061682739e+154,6.03604061682739e+154,1299.933808129697,2.7863027380911864e-09,0.0,1.5782503553060234,0
101.509,-3.2402096964006195,-2.7884525444348185,1.1117137458723918,0.0,0.0,1e-12,9.57187738171477e-05,-3.135623427990312e-05,4.4,3.8,10.088632768380643,7,179136075.33255425,6.03604061682739e+154,6.03604061682739e+154,1299.933808129697,2.7863027380911864e-09,0.0,1.5782503553060234,0
101.641,-3.2402096964006195,-2.7884525444348185,1.1117137458723918,0.0,0.0,1e-12,9.57187738171477e-05,-3.135623427990312e-05,4.4,3.8,10.088632768380643,7,179136075.33255425,6.03604061682739e+154,6.03604061682739e+154,1299.933808129697,2.7863027380911864e-09,0.0,1.5782503553060234,0
101.641,-3.2402096964006195,-2.7884525444348185,1.1117137458723918,0.0,0.0,1e-12,9.57187738171477e-05,-3.135623427990312e-05,4.4,3.8,10.088632768380643,7,179136075.32412615,1.020983365377064e+156,1.020983365377064e+156,1635.2877868179864,2.7863027380911864e-09,0.0,1.5782503553060234,0
101.806,-3.2402096964006195,-2.7884525444348185,1.1117137458723918,0.0,0.0,1e-12,9.57187738171477e-05,-3.135623427990312e-05,4.4,3.8,10.088632768380643,7,179136075.32412615,1.020983365377064e+156,1.020983365377064e+156,1635.2877868179864,2.7863027380911864e-09,0.0,1.5782503553060234,0
101.905,-3.240254336377249,-2.788715867552888,1.1120184257640677,0.0,0.0,1e-12,9.57187738171477e-05,-3.135623427990312e-05,4.4,3.8,10.088838541074715,7,179136075.32412615,1.020983365377064e+156,1.020983365377064e+156,1635.2877868179864,2.7863027380911864e-09,0.0,1.5782503553060234,0
102.004,-3.240254336377249,-2.788715867552888,1.1120184257640677,0.0,0.0,1e-12,9.57187738171477e-05,-3.135623427990312e-05,4.4,3.8,10.088838541074715,7,179136075.32412615,1.020983365377064e+156,1.020983365377064e+156,1635.2877868179864,2.7863027380911864e-09,0.0,1.5782503553060234,0
102.136,-3.240254336377249,-2.788715867552888,1.1120184257640677,0.0,0.0,1e-12,9.57187738171477e-05,-3.135623427990312e-05,4.4,3.8,10.088838541074715,7,179136075.32412615,1.020983365377064e+156,1.020983365377064e+156,1635.2877868179864,2.7863027380911864e-09,0.0,1.5782503553060234,0
102.202,-3.240254336377249,-2.788715867552888,1.1120184257640677,0.0,0.0,1e-12,9.57187738171477e-05,-3.135623427990312e-05,4.4,3.8,10.088838541074715,7,179136075.3980195,3.026721373880868e+157,3.026721373880868e+157,1668.357057949359,2.7863027380911864e-09,0.0,1.5782503553060234,0
102.301,-3.240254336377249,-2.788715867552888,1.1120184257640677,0.0,0.0,1e-12,9.57187738171477e-05,-3.135623427990312e-05,4.4,3.8,10.088838541074715,7,179136075.3980195,3.026721373880868e+157,3.026721373880868e+157,1668.357057949359,2.7863027380911864e-09,0.0,1.5782503553060234,0
102.433,-3.240254336377249,-2.788715867552888,1.1120184257640677,0.0,0.0,1e-12,9.57187738171477e-05,-3.135623427990312e-05,4.4,3.8,10.088838541074715,7,179136075.3980195,3.026721373880868e+157,3.026721373880868e+157,1668.357057949359,2.7863027380911864e-09,0.0,1.5782503553060234,0
102.499,-3.240254336377249,-2.788715867552888,1.1120184257640677,0.0,0.0,1e-12,9.57187738171477e-05,-3.135623427990312e-05,4.4,3.8,10.088838541074715,7,179136075.3980195,3.026721373880868e+157,3.026721373880868e+157,1668.357057949359,2.7863027380911864e-09,0.0,1.5782503553060234,0
102.631,-3.240254336377249,-2.788715867552888,1.1120184257640677,0.0,0.0,1e-12,9.57187738171477e-05,-3.135623427990312e-05,4.4,3.8,10.088838541074715,7,179136075.3980195,3.026721373880868e+157,3.026721373880868e+157,1668.357057949359,2.7863027380911864e-09,0.0,1.5782503553060234,0
102.73,-3.240254336377249,-2.788715867552888,1.1120184257640677,0.0,0.0,1e-12,9.57187738171477e-05,-3.135623427990312e-05,4.4,3.8,10.088838541074715,7,179136075.35239008,3.052676704691504e+158,3.052676704691504e+158,1504.0333584269338,2.7863027380911864e-09,0.0,1.5782503553060234,0
102.796,-3.240254336377249,-2.788715867552888,1.1120184257640677,0.0,0.0,1e-12,9.57187738171477e-05,-3.135623427990312e-05,4.4,3.8,10.088838541074715,7,179136075.35239008,3.052676704691504e+158,3.052676704691504e+158,1504.0333584269338,2.7863027380911864e-09,0.0,1.5782503553060234,0
102.895,-3.240254336377249,-2.788715867552888,1.1120184257640677,0.0,0.0,1e-12,9.57187738171477e-05,-3.135623427990312e-05,4.4,3.8,10.088838541074715,7,179136075.35239008,3.052676704691504e+158,3.052676704691504e+158,1504.0333584269338,2.7863027380911864e-09,0.0,1.5782503553060234,0
102.895,-3.240254336377249,-2.788715867552888,1.1120184257640677,0.0,0.0,1e-12,9.57187738171477e-05,-3.135623427990312e-05,4.4,3.8,10.088838541074715,7,179136075.35239008,3.052676704691504e+158,3.052676704691504e+158,1504.0333584269338,2.7863027380911864e-09,0.0,1.5782503553060234,0
103.06,-3.240254336377249,-2.788715867552888,1.1120184257640677,0.0,0.0,1e-12,9.57187738171477e-05,-3.135623427990312e-05,4.4,3.8,10.088838541074715,7,179136075.35239008,3.052676704691504e+158,3.052676704691504e+158,1504.0333584269338,2.7863027380911864e-09,0.0,1.5782503553060234,0
103.225,-3.240254336377249,-2.788715867552888,1.1120184257640677,0.0,0.0,1e-12,9.57187738171477e-05,-3.135623427990312e-05,4.4,3.8,10.088838541074715,7,179136075.31183055,8.676098536069582e+159,8.676098536069582e+159,1519.4401400609106,2.7863027380911864e-09,0.0,1.5782503553060234,0
103.291,-3.240254336377249,-2.788715867552888,1.1120184257640677,0.0,0.0,1e-12,9.57187738171477e-05,-3.135623427990312e-05,4.4,3.8,10.088838541074715,7,179136075.31183055,8.676098536069582e+159,8.676098536069582e+159,1519.4401400609106,2.7863027380911864e-09,0.0,1.5782503553060234,0
103.423,-3.240254336377249,-2.788715867552888,1.1120184257640677,0.0,0.0,1e-12,9.57187738171477e-05,-3.135623427990312e-05,4.4,3.8,10.088838541074715,7,179136075.31183055,8.676098536069582e+159,8.676098536069582e+159,1519.4401400609106,2.7863027380911864e-09,0.0,1.5782503553060234,0
103.456,-3.240254336377249,-2.788715867552888,1.1120184257640677,0.0,0.0,1e-12,9.57187738171477e-05,-3.135623427990312e-05,4.4,3.8,10.088838541074715,7,179136075.31183055,8.676098536069582e+159,8.676098536069582e+159,1519.4401400609106,2.7863027380911864e-09,0.0,1.5782503553060234,0
103.555,-3.239965626277766,-2.78826523167328,1.1117614132419114,0.0,0.0,1e-12,9.57187738171477e-05,-3.135623427990312e-05,4.4,3.8,10.08832560604488,7,179136075.31183055,8.676098536069582e+159,8.676098536069582e+159,1519.4401400609106,2.7863027380911864e-09,0.0,1.5782503553060234,0
103.72,-3.239965626277766,-2.78826523167328,1.1117614132419114,0.0,0.0,1e-12,9.57187738171477e-05,-3.135623427990312e-05,4.4,3.8,10.08832560604488,7,179136075.34734342,2.0038683463609957e+161,2.0038683463609957e+161,1356.1864464180628,2.7863027380911864e-09,0.0,1.5782503553060234,0
103.786,-3.239965626277766,-2.78826523167328,1.1117614132419114,0.0,0.0,1e-12,9.57187738171477e-05,-3.135623427990312e-05,4.4,3.8,10.08832560604488,7,179136075.34734342,2.0038683463609957e+161,2.0038683463609957e+161,1356.1864464180628,2.7863027380911864e-09,0.0,1.5782503553060234,0
103.918,-3.239965626277766,-2.78826523167328,1.1117614132419114,0.0,0.0,1e-12,9.57187738171477e-05,-3.135623427990312e-05,4.4,3.8,10.08832560604488,7,179136075.34734342,2.0038683463609957e+161,2.0038683463609957e+161,1356.1864464180628,2.7863027380911864e-09,0.0,1.5782503553060234,0
103.984,-3.239965626277766,-2.78826523167328,1.1117614132419114,0.0,0.0,1e-12,9.57187738171477e-05,-3.135623427990312e-05,4.4,3.8,10.08832560604488,7,179136075.34734342,2.0038683463609957e+161,2.0038683463609957e+161,1356.1864464180628,2.7863027380911864e-09,0.0,1.5782503553060234,0
104.116,-3.2397370705746917,-2.7877001489918025,1.1119580541800136,0.0,0.0,1e-12,9.57187738171477e-05,-3.135623427990312e-05,4.4,3.8,10.087783490962709,7,179136075.34734342,2.0038683463609957e+161,2.0038683463609957e+161,1356.1864464180628,2.7863027380911864e-09,0.0,1.5782503553060234,0
104.215,-3.2397370705746917,-2.7877001489918025,1.1119580541800136,0.0,0.0,1e-12,9.57187738171477e-05,-3.135623427990312e-05,4.4,3.8,10.087783490962709,7,179136075.33193293,1.3026599654440783e+162,1.3026599654440783e+162,1363.9869493356823,2.7863027380911864e-09,0.0,1.5782503553060234,0
104.314,-3.2397370705746917,-2.7877001489918025,1.1119580541800136,0.0,0.0,1e-12,9.57187738171477e-05,-3.135623427990312e-05,4.4,3.8,10.087783490962709,7,179136075.33193293,1.3026599654440783e+162,1.3026599654440783e+162,1363.9869493356823,2.7863027380911864e-09,0.0,1.5782503553060234,0
104.413,-3.2397370705746917,-2.7877001489918025,1.1119580541800136,0.0,0.0,1e-12,9.57187738171477e-05,-3.135623427990312e-05,4.4,3.8,10.087783490962709,7,179136075.33193293,1.3026599654440783e+162,1.3026599654440783e+162,1363.9869493356823,2.7863027380911864e-09,0.0,1.5782503553060234,0
104.512,-3.2398939654429375,-2.788234415958063,1.1115421781893278,0.0,0.0,1e-12,9.57187738171477e-05,-3.135623427990312e-05,4.4,3.8,10.088251212317509,7,179136075.33193293,1.3026599654440783e+162,1.3026599654440783e+162,1363.9869493356823,2.7863027380911864e-09,0.0,1.5782503553060234,0
104.545,-3.2398939654429375,-2.788234415958063,1.1115421781893278,0.0,0.0,1e-12,9.57187738171477e-05,-3.135623427990312e-05,4.4,3.8,10.088251212317509,7,179136075.33193293,1.3026599654440783e+162,1.3026599654440783e+162,1363.9869493356823,2.7863027380911864e-09,0.0,1.5782503553060234,0
104.71,-3.240228729074559,-2.7893120581245503,1.1107686927877227,0.0,0.0,1e-12,9.57187738171477e-05,-3.135623427990312e-05,4.4,3.8,10.089208513650703,7,179136075.313302,2.6698596317952548e+163,2.6698596317952548e+163,1733.0316610880664,2.7863027380911864e-09,0.0,1.5782503553060234,0
104.809,-3.240228729074559,-2.7893120581245503,1.1107686927877227,0.0,0.0,1e-12,9.57187738171477e-05,-3.135623427990312e-05,4.4,3.8,10.089208513650703,7,179136075.313302,2.6698596317952548e+163,2.6698596317952548e+163,1733.0316610880664,2.7863027380911864e-09,0.0,1.5782503553060234,0
104.941,-3.240228729074559,-2.7893120581245503,1.1107686927877227,0.0,0.0,1e-12,9.57187738171477e-05,-3.135623427990312e-05,4.4,3.8,10.089208513650703,7,179136075.313302,2.6698596317952548e+163,2.6698596317952548e+163,1733.0316610880664,2.7863027380911864e-09,0.0,1.5782503553060234,0
105.007,-3.240228729074559,-2.7893120581245503,1.1107686927877227,0.0,0.0,1e-12,9.57187738171477e-05,-3.135623427990312e-05,4.4,3.8,10.089208513650703,7,179136075.313302,2.6698596317952548e+163,2.6698596317952548e+163,1733.0316610880664,2.7863027380911864e-09,0.0,1.5782503553060234,0
105.073,-3.240228729074559,-2.7893120581245503,1.1107686927877227,0.0,0.0,1e-12,9.57187738171477e-05,-3.135623427990312e-05,4.4,3.8,10.089208513650703,7,179136075.313302,2.6698596317952548e+163,2.6698596317952548e+163,1733.0316610880664,2.7863027380911864e-09,0.0,1.5782503553060234,0
105.139,-3.2401129524434653,-2.7892094919396806,1.1110006956347402,0.0,0.0,1e-12,9.57187738171477e-05,-3.135623427990312e-05,4.4,3.8,10.089053853298752,7,179136075.3231149,1.623760760235044e+165,1.623760760235044e+165,1749.8560803091707,2.7863027380911864e-09,0.0,1.5782503553060234,0
105.337,-3.240368641552972,-2.788732757480597,1.1129181445183962,0.0,0.0,1e-12,9.57187738171477e-05,-3.135623427990312e-05,4.4,3.8,10.088936134614189,7,179136075.3231149,1.623760760235044e+165,1.623760760235044e+165,1749.8560803091707,2.7863027380911864e-09,0.0,1.5782503553060234,0
105.436,-3.240368641552972,-2.788732757480597,1.1129181445183962,0.0,0.0,1e-12,9.57187738171477e-05,-3.135623427990312e-05,4.4,3.8,10.088936134614189,7,179136075.3231149,1.623760760235044e+165,1.623760760235044e+165,1749.8560803091707,2.7863027380911864e-09,0.0,1.5782503553060234,0
105.535,-3.240368641552972,-2.788732757480597,1.1129181445183962,0.0,0.0,1e-12,9.57187738171477e-05,-3.135623427990312e-05,4.4,3.8,10.088936134614189,7,179136075.3231149,1.623760760235044e+165,1.623760760235044e+165,1749.8560803091707,2.7863027380911864e-09,0.0,1.5782503553060234,0
105.634,-3.240368641552972,-2.788732757480597,1.1129181445183962,0.0,0.0,1e-12,9.57187738171477e-05,-3.135623427990312e-05,4.4,3.8,10.088936134614189,7,179136075.3231149,1.623760760235044e+165,1.623760760235044e+165,1749.8560803091707,2.7863027380911864e-09,0.0,1.5782503553060234,0
105.733,-3.240368641552972,-2.788732757480597,1.1129181445183962,0.0,0.0,1e-12,9.57187738171477e-05,-3.135623427990312e-05,4.4,3.8,10.088936134614189,7,179136075.3175418,2.6321585181831957e+166,2.6321585181831957e+166,1760.2656778381959,2.7863027380911864e-09,0.0,1.5782503553060234,0
105.799,-3.240368641552972,-2.788732757480597,1.1129181445183962,0.0,0.0,1e-12,9.57187738171477e-05,-3.135623427990312e-05,4.4,3.8,10.088936134614189,7,179136075.3175418,2.6321585181831957e+166,2.6321585181831957e+166,1760.2656778381959,2.7863027380911864e-09,0.0,1.5782503553060234,0
105.865,-3.240368641552972,-2.788732757480597,1.1129181445183962,0.0,0.0,1e-12,9.57187738171477e-05,-3.135623427990312e-05,4.4,3.8,10.088936134614189,7,179136075.3175418,2.6321585181831957e+166,2.6321585181831957e+166,1760.2656778381959,2.7863027380911864e-09,0.0,1.5782503553060234,0
105.997,-3.240368641552972,-2.788732757480597,1.1129181445183962,0.0,0.0,1e-12,9.57187738171477e-05,-3.135623427990312e-05,4.4,3.8,10.088936134614189,7,179136075.3175418,2.6321585181831957e+166,2.6321585181831957e+166,1760.2656778381959,2.7863027380911864e-09,0.0,1.5782503553060234,0
106.096,-3.240368641552972,-2.788732757480597,1.1129181445183962,0.0,0.0,1e-12,9.57187738171477e-05,-3.135623427990312e-05,4.4,3.8,10.088936134614189,7,179136075.3175418,2.6321585181831957e+166,2.6321585181831957e+166,1760.2656778381959,2.7863027380911864e-09,0.0,1.5782503553060234,0
106.228,-3.240368641552972,-2.788732757480597,1.1129181445183962,0.0,0.0,1e-12,9.57187738171477e-05,-3.135623427990312e-05,4.4,3.8,10.088936134614189,7,179136075.3283078,5.605856993858277e+167,5.605856993858277e+167,1776.48017603353,2.7863027380911864e-09,0.0,1.5782503553060234,0
106.327,-3.240368641552972,-2.788732757480597,1.1129181445183962,0.0,0.0,1e-12,9.57187738171477e-05,-3.135623427990312e-05,4.4,3.8,10.088936134614189,7,179136075.3283078,5.605856993858277e+167,5.605856993858277e+167,1776.48017603353,2.7863027380911864e-09,0.0,1.5782503553060234,0
106.36,-3.240368641552972,-2.788732757480597,1.1129181445183962,0.0,0.0,1e-12,9.57187738171477e-05,-3.135623427990312e-05,4.4,3.8,10.088936134614189,7,179136075.3283078,5.605856993858277e+167,5.605856993858277e+167,1776.48017603353,2.7863027380911864e-09,0.0,1.5782503553060234,0
106.492,-3.240368641552972,-2.788732757480597,1.1129181445183962,0.0,0.0,1e-12,9.57187738171477e-05,-3.135623427990312e-05,4.4,3.8,10.088936134614189,7,179136075.3283078,5.605856993858277e+167,5.605856993858277e+167,1776.48017603353,2.7863027380911864e-09,0.0,1.5782503553060234,0
106.624,-3.240368641552972,-2.788732757480597,1.1129181445183962,0.0,0.0,1e-12,9.57187738171477e-05,-3.135623427990312e-05,4.4,3.8,10.088936134614189,7,179136075.3283078,5.605856993858277e+167,5.605856993858277e+167,1776.48017603353,2.7863027380911864e-09,0.0,1.5782503553060234,0
106.624,-3.240368641552972,-2.788732757480597,1.1129181445183962,0.0,0.0,1e-12,9.57187738171477e-05,-3.135623427990312e-05,4.4,3.8,10.088936134614189,7,179136075.29704195,5.268341451760052e+168,5.268341451760052e+168,1786.2862195151679,2.7863027380911864e-09,0.0,1.5782503553060234,0
106.822,-3.239873952695529,-2.7886200964647485,1.1134378259689113,0.0,0.0,1e-12,9.57187738171477e-05,-3.135623427990312e-05,4.4,3.8,10.088487933710123,7,179136075.29704195,5.268341451760052e+168,5.268341451760052e+168,1786.2862195151679,2.7863027380911864e-09,0.0,1.5782503553060234,0
106.921,-3.239873952695529,-2.7886200964647485,1.1134378259689113,0.0,0.0,1e-12,9.57187738171477e-05,-3.135623427990312e-05,4.4,3.8,10.088487933710123,7,179136075.29704195,5.268341451760052e+168,5.268341451760052e+168,1786.2862195151679,2.7863027380911864e-09,0.0,1.5782503553060234,0
106.987,-3.2397084566037684,-2.7881996858150044,1.113598987255182,0.0,0.0,1e-12,9.57187738171477e-05,-3.135623427990312e-05,4.4,3.8,10.088088044920903,7,179136075.29704195,5.268341451760052e+168,5.268341451760052e+168,1786.2862195151679,2.7863027380911864e-09,0.0,1.5782503553060234,0
107.119,-3.2397084566037684,-2.7881996858150044,1.113598987255182,0.0,0.0,1e-12,9.57187738171477e-05,-3.135623427990312e-05,4.4,3.8,10.088088044920903,7,179136075.29704195,5.268341451760052e+168,5.268341451760052e+168,1786.2862195151679,2.7863027380911864e-09,0.0,1.5782503553060234,0
107.119,-3.2397084566037684,-2.7881996858150044,1.113598987255182,0.0,0.0,1e-12,9.57187738171477e-05,-3.135623427990312e-05,4.4,3.8,10.088088044920903,7,179136075.3689824,8.303277419000375e+169,8.303277419000375e+169,1798.957202539772,2.7863027380911864e-09,0.0,1.5782503553060234,0
107.317,-3.2397084566037684,-2.7881996858150044,1.113598987255182,0.0,0.0,1e-12,9.57187738171477e-05,-3.135623427990312e-05,4.4,3.8,10.088088044920903,7,179136075.3689824,8.303277419000375e+169,8.303277419000375e+169,1798.957202539772,2.7863027380911864e-09,0.0,1.5782503553060234,0
107.416,-3.2397730472407864,-2.7888551247591393,1.1143895936053112,0.0,0.0,1e-12,9.57187738171477e-05,-3.135623427990312e-05,4.4,3.8,10.088565015323613,7,179136075.3689824,8.303277419000375e+169,8.303277419000375e+169,1798.957202539772,2.7863027380911864e-09,0.0,1.5782503553060234,0
107.515,-3.2397730472407864,-2.7888551247591393,1.1143895936053112,0.0,0.0,1e-12,9.57187738171477e-05,-3.135623427990312e-05,4.4,3.8,10.088565015323613,7,179136075.3689824,8.303277419000375e+169,8.303277419000375e+169,1798.957202539772,2.7863027380911864e-09,0.0,1.5782503553060234,0
107.581,-3.2397730472407864,-2.7888551247591393,1.1143895936053112,0.0,0.0,1e-12,9.57187738171477e-05,-3.135623427990312e-05,4.4,3.8,10.088565015323613,7,179136075.3689824,8.303277419000375e+169,8.303277419000375e+169,1798.957202539772,2.7863027380911864e-09,0.0,1.5782503553060234,0
107.713,-3.2397730472407864,-2.7888551247591393,1.1143895936053112,0.0,0.0,1e-12,9.57187738171477e-05,-3.135623427990312e-05,4.4,3.8,10.088565015323613,7,179136075.33693445,1.5527251233682622e+171,1.5527251233682622e+171,1812.2439000795405,2.7863027380911864e-09,0.0,1.5782503553060234,0
107.812,-3.2397730472407864,-2.7888551247591393,1.1143895936053112,0.0,0.0,1e-12,9.57187738171477e-05,-3.135623427990312e-05,4.4,3.8,10.088565015323613,7,179136075.33693445,1.5527251233682622e+171,1.5527251233682622e+171,1812.2439000795405,2.7863027380911864e-09,0.0,1.5782503553060234,0
107.911,-3.2397730472407864,-2.7888551247591393,1.1143895936053112,0.0,0.0,1e-12,9.57187738171477e-05,-3.135623427990312e-05,4.4,3.8,10.088565015323613,7,179136075.33693445,1.5527251233682622e+171,1.5527251233682622e+171,1812.2439000795405,2.7863027380911864e-09,0.0,1.5782503553060234,0
108.043,-3.2396018533223745,-2.788784012265803,1.1148759282087548,0.0,0.0,1e-12,9.57187738171477e-05,-3.135623427990312e-05,4.4,3.8,10.08838893171631,7,179136075.33693445,1.5527251233682622e+171,1.5527251233682622e+171,1812.2439000795405,2.7863027380911864e-09,0.0,1.5782503553060234,0
108.142,-3.2396018533223745,-2.788784012265803,1.1148759282087548,0.0,0.0,1e-12,9.57187738171477e-05,-3.135623427990312e-05,4.4,3.8,10.08838893171631,7,179136075.33693445,1.5527251233682622e+171,1.5527251233682622e+171,1812.2439000795405,2.7863027380911864e-09,0.0,1.5782503553060234,0
108.175,-3.2396018533223745,-2.788784012265803,1.1148759282087548,0.0,0.0,1e-12,9.57187738171477e-05,-3.135623427990312e-05,4.4,3.8,10.08838893171631,7,179136075.39110518,2.92688203003363e+172,2.92688203003363e+172,1827.5683380534647,2.7863027380911864e-09,0.0,1.5782503553060234,0
108.307,-3.2396018533223745,-2.788784012265803,1.1148759282087548,0.0,0.0,1e-12,9.57187738171477e-05,-3.135623427990312e-05,4.4,3.8,10.08838893171631,7,179136075.39110518,2.92688203003363e+172,2.92688203003363e+172,1827.5683380534647,2.7863027380911864e-09,0.0,1.5782503553060234,0
108.406,-3.239435802372961,-2.788908235254651,1.11568596815412,0.0,0.0,1e-12,9.57187738171477e-05,-3.135623427990312e-05,4.4,3.8,10.088344319618773,7,179136075.39110518,2.92688203003363e+172,2.92688203003363e+172,1827.5683380534647,2.7863027380911864e-09,0.0,1.5782503553060234,0
108.505,-3.239435802372961,-2.788908235254651,1.11568596815412,0.0,0.0,1e-12,9.57187738171477e-05,-3.135623427990312e-05,4.4,3.8,10.088344319618773,7,179136075.39110518,2.92688203003363e+172,2.92688203003363e+172,1827.5683380534647,2.7863027380911864e-09,0.0,1.5782503553060234,0
108.571,-3.239435802372961,-2.788908235254651,1.11568596815412,0.0,0.0,1e-12,9.57187738171477e-05,-3.135623427990312e-05,4.4,3.8,10.088344319618773,7,179136075.39110518,2.92688203003363e+172,2.92688203003363e+172,1827.5683380534647,2.7863027380911864e-09,0.0,1.5782503553060234,0
108.67,-3.239435802372961,-2.788908235254651,1.11568596815412,0.0,0.0,1e-12,9.57187738171477e-05,-3.135623427990312e-05,4.4,3.8,10.088344319618773,7,179136075.41537273,3.470326787212034e+173,3.470326787212034e+173,1839.1066744181526,2.7863027380911864e-09,0.0,1.5782503553060234,0
108.802,-3.239162569866756,-2.78828475951329,1.1158100283890109,0.0,0.0,1e-12,9.57187738171477e-05,-3.135623427990312e-05,4.4,3.8,10.087730212554673,7,179136075.41537273,3.470326787212034e+173,3.470326787212034e+173,1839.1066744181526,2.7863027380911864e-09,0.0,1.5782503553060234,0
108.901,-3.239162569866756,-2.78828475951329,1.1158100283890109,0.0,0.0,1e-12,9.57187738171477e-05,-3.135623427990312e-05,4.4,3.8,10.087730212554673,7,179136075.41537273,3.470326787212034e+173,3.470326787212034e+173,1839.1066744181526,2.7863027380911864e-09,0.0,1.5782503553060234,0
109.033,-3.239162569866756,-2.78828475951329,1.1158100283890109,0.0,0.0,1e-12,9.57187738171477e-05,-3.135623427990312e-05,4.4,3.8,10.087730212554673,7,179136075.41537273,3.470326787212034e+173,3.470326787212034e+173,1839.1066744181526,2.7863027380911864e-09,0.0,1.5782503553060234,0
109.066,-3.239162569866756,-2.78828475951329,1.1158100283890109,0.0,0.0,1e-12,9.57187738171477e-05,-3.135623427990312e-05,4.4,3.8,10.087730212554673,7,179136075.41537273,3.470326787212034e+173,3.470326787212034e+173,1839.1066744181526,2.7863027380911864e-09,0.0,1.5782503553060234,0
109.198,-3.239162569866756,-2.78828475951329,1.1158100283890109,0.0,0.0,1e-12,9.57187738171477e-05,-3.135623427990312e-05,4.4,3.8,10.087730212554673,7,179136075.43434057,6.243155706817151e+174,6.243155706817151e+174,1852.5692873203025,2.7863027380911864e-09,0.0,1.5782503553060234,0
109.297,-3.239162569866756,-2.78828475951329,1.1158100283890109,0.0,0.0,1e-12,9.57187738171477e-05,-3.135623427990312e-05,4.4,3.8,10.087730212554673,7,179136075.43434057,6.243155706817151e+174,6.243155706817151e+174,1852.5692873203025,2.7863027380911864e-09,0.0,1.5782503553060234,0
109.429,-3.239162569866756,-2.78828475951329,1.1158100283890109,0.0,0.0,1e-12,9.57187738171477e-05,-3.135623427990312e-05,4.4,3.8,10.087730212554673,7,179136075.43434057,6.243155706817151e+174,6.243155706817151e+174,1852.5692873203025,2.7863027380911864e-09,0.0,1.5782503553060234,0
109.528,-3.239162569866756,-2.78828475951329,1.1158100283890109,0.0,0.0,1e-12,9.57187738171477e-05,-3.135623427990312e-05,4.4,3.8,10.087730212554673,7,179136075.43434057,6.243155706817151e+174,6.243155706817151e+174,1852.5692873203025,2.7863027380911864e-09,0.0,1.5782503553060234,0
109.627,-3.239162569866756,-2.78828475951329,1.1158100283890109,0.0,0.0,1e-12,9.57187738171477e-05,-3.135623427990312e-05,4.4,3.8,10.087730212554673,7,179136075.43434057,6.243155706817151e+174,6.243155706817151e+174,1852.5692873203025,2.7863027380911864e-09,0.0,1.5782503553060234,0
109.726,-3.239162569866756,-2.78828475951329,1.1158100283890109,0.0,0.0,1e-12,9.57187738171477e-05,-3.135623427990312e-05,4.4,3.8,10.087730212554673,7,179136075.43434057,6.243155706817151e+174,6.243155706817151e+174,1852.5692873203025,2.7863027380911864e-09,0.0,1.5782503553060234,0
109.825,-3.239162569866756,-2.78828475951329,1.1158100283890109,0.0,0.0,1e-12,9.57187738171477e-05,-3.135623427990312e-05,4.4,3.8,10.087730212554673,7,179136075.45797083,1.9891405267340856e+176,1.9891405267340856e+176,1484.163854361883,2.7863027380911864e-09,0.0,1.5782503553060234,0
109.924,-3.239162569866756,-2.78828475951329,1.1158100283890109,0.0,0.0,1e-12,9.57187738171477e-05,-3.135623427990312e-05,4.4,3.8,10.087730212554673,7,179136075.45797083,1.9891405267340856e+176,1.9891405267340856e+176,1484.163854361883,2.7863027380911864e-09,0.0,1.5782503553060234,0
109.99,-3.239162569866756,-2.78828475951329,1.1158100283890109,0.0,0.0,1e-12,9.57187738171477e-05,-3.135623427990312e-05,4.4,3.8,10.087730212554673,7,179136075.45797083,1.9891405267340856e+176,1.9891405267340856e+176,1484.163854361883,2.7863027380911864e-09,0.0,1.5782503553060234,0
110.056,-3.239162569866756,-2.78828475951329,1.1158100283890109,0.0,0.0,1e-12,9.57187738171477e-05,-3.135623427990312e-05,4.4,3.8,10.087730212554673,7,179136075.45797083,1.9891405267340856e+176,1.9891405267340856e+176,1484.163854361883,2.7863027380911864e-09,0.0,1.5782503553060234,0
110.221,-3.239162569866756,-2.78828475951329,1.1158100283890109,0.0,0.0,1e-12,9.57187738171477e-05,-3.135623427990312e-05,4.4,3.8,10.087730212554673,7,179136075.486884,1.5801287684587303e+178,1.5801287684587303e+178,1689.5510911099634,2.7863027380911864e-09,0.0,1.5782503553060234,0
110.32,-3.239162569866756,-2.78828475951329,1.1158100283890109,0.0,0.0,1e-12,9.57187738171477e-05,-3.135623427990312e-05,4.4,3.8,10.087730212554673,7,179136075.486884,1.5801287684587303e+178,1.5801287684587303e+178,1689.5510911099634,2.7863027380911864e-09,0.0,1.5782503553060234,0
110.419,-3.239162569866756,-2.78828475951329,1.1158100283890109,0.0,0.0,1e-12,9.57187738171477e-05,-3.135623427990312e-05,4.4,3.8,10.087730212554673,7,179136075.486884,1.5801287684587303e+178,1.5801287684587303e+178,1689.5510911099634,2.7863027380911864e-09,0.0,1.5782503553060234,0
110.485,-3.239162569866756,-2.78828475951329,1.1158100283890109,0.0,0.0,1e-12,9.57187738171477e-05,-3.135623427990312e-05,4.4,3.8,10.087730212554673,7,179136075.486884,1.5801287684587303e+178,1.5801287684587303e+178,1689.5510911099634,2.7863027380911864e-09,0.0,1.5782503553060234,0
110.584,-3.239162569866756,-2.78828475951329,1.1158100283890109,0.0,0.0,1e-12,9.57187738171477e-05,-3.135623427990312e-05,4.4,3.8,10.087730212554673,7,179136075.486884,1.5801287684587303e+178,1.5801287684587303e+178,1689.5510911099634,2.7863027380911864e-09,0.0,1.5782503553060234,0
110.716,-3.239162569866756,-2.78828475951329,1.1158100283890109,0.0,0.0,1e-12,9.57187738171477e-05,-3.135623427990312e-05,4.4,3.8,10.087730212554673,7,179136075.50572586,2.7486950758601476e+179,2.7486950758601476e+179,1899.5940364518503,2.7863027380911864e-09,0.0,1.5782503553060234,0
110.782,-3.239162569866756,-2.78828475951329,1.1158100283890109,0.0,0.0,1e-12,9.57187738171477e-05,-3.135623427990312e-05,4.4,3.8,10.087730212554673,7,179136075.50572586,2.7486950758601476e+179,2.7486950758601476e+179,1899.5940364518503,2.7863027380911864e-09,0.0,1.5782503553060234,0
110.881,-3.239162569866756,-2.78828475951329,1.1158100283890109,0.0,0.0,1e-12,9.57187738171477e-05,-3.135623427990312e-05,4.4,3.8,10.087730212554673,7,179136075.50572586,2.7486950758601476e+179,2.7486950758601476e+179,1899.5940364518503,2.7863027380911864e-09,0.0,1.5782503553060234,0
111.013,-3.239162569866756,-2.78828475951329,1.1158100283890109,0.0,0.0,1e-12,9.57187738171477e-05,-3.135623427990312e-05,4.4,3.8,10.087730212554673,7,179136075.50572586,2.7486950758601476e+179,2.7486950758601476e+179,1899.5940364518503,2.7863027380911864e-09,0.0,1.5782503553060234,0
111.112,-3.239162569866756,-2.78828475951329,1.1158100283890109,0.0,0.0,1e-12,9.57187738171477e-05,-3.135623427990312e-05,4.4,3.8,10.087730212554673,7,179136075.50572586,2.7486950758601476e+179,2.7486950758601476e+179,1899.5940364518503,2.7863027380911864e-09,0.0,1.5782503553060234,0
111.244,-3.239162569866756,-2.78828475951329,1.1158100283890109,0.0,0.0,1e-12,9.57187738171477e-05,-3.135623427990312e-05,4.4,3.8,10.087730212554673,7,179136075.50572586,2.7486950758601476e+179,2.7486950758601476e+179,1899.5940364518503,2.7863027380911864e-09,0.0,1.5782503553060234,0
111.31,-3.239162569866756,-2.78828475951329,1.1158100283890109,0.0,0.0,1e-12,9.57187738171477e-05,-3.135623427990312e-05,4.4,3.8,10.087730212554673,7,179136075.3970843,2.9946408735678176e+180,2.9946408735678176e+180,1711.0231271018865,2.7863027380911864e-09,0.0,1.5782503553060234,0
111.409,-3.239162569866756,-2.78828475951329,1.1158100283890109,0.0,0.0,1e-12,9.57187738171477e-05,-3.135623427990312e-05,4.4,3.8,10.087730212554673,7,179136075.3970843,2.9946408735678176e+180,2.9946408735678176e+180,1711.0231271018865,2.7863027380911864e-09,0.0,1.5782503553060234,0
111.508,-3.239162569866756,-2.78828475951329,1.1158100283890109,0.0,0.0,1e-12,9.57187738171477e-05,-3.135623427990312e-05,4.4,3.8,10.087730212554673,7,179136075.3970843,2.9946408735678176e+180,2.9946408735678176e+180,1711.0231271018865,2.7863027380911864e-09,0.0,1.5782503553060234,0
111.607,-3.239162569866756,-2.78828475951329,1.1158100283890109,0.0,0.0,1e-12,9.57187738171477e-05,-3.135623427990312e-05,4.4,3.8,10.087730212554673,7,179136075.3970843,2.9946408735678176e+180,2.9946408735678176e+180,1711.0231271018865,2.7863027380911864e-09,0.0,1.5782503553060234,0
111.706,-3.239162569866756,-2.78828475951329,1.1158100283890109,0.0,0.0,1e-12,9.57187738171477e-05,-3.135623427990312e-05,4.4,3.8,10.087730212554673,7,179136075.27353546,9.978535968865614e+181,9.978535968865614e+181,1909.3007744181243,2.7863027380911864e-09,0.0,1.5782503553060234,0
111.805,-3.239162569866756,-2.78828475951329,1.1158100283890109,0.0,0.0,1e-12,9.57187738171477e-05,-3.135623427990312e-05,4.4,3.8,10.087730212554673,7,179136075.27353546,9.978535968865614e+181,9.978535968865614e+181,1909.3007744181243,2.7863027380911864e-09,0.0,1.5782503553060234,0
111.904,-3.239162569866756,-2.78828475951329,1.1158100283890109,0.0,0.0,1e-12,9.57187738171477e-05,-3.135623427990312e-05,4.4,3.8,10.087730212554673,7,179136075.27353546,9.978535968865614e+181,9.978535968865614e+181,1909.3007744181243,2.7863027380911864e-09,0.0,1.5782503553060234,0
112.003,-3.239162569866756,-2.78828475951329,1.1158100283890109,0.0,0.0,1e-12,9.57187738171477e-05,-3.135623427990312e-05,4.4,3.8,10.087730212554673,7,179136075.27353546,9.978535968865614e+181,9.978535968865614e+181,1909.3007744181243,2.7863027380911864e-09,0.0,1.5782503553060234,0
112.102,-3.239162569866756,-2.78828475951329,1.1158100283890109,0.0,0.0,1e-12,9.57187738171477e-05,-3.135623427990312e-05,4.4,3.8,10.087730212554673,7,179136075.27353546,9.978535968865614e+181,9.978535968865614e+181,1909.3007744181243,2.7863027380911864e-09,0.0,1.5782503553060234,0
112.201,-3.238966091485807,-2.7878504747877524,1.1158720987037278,0.0,0.0,1e-12,9.57187738171477e-05,-3.135623427990312e-05,4.4,3.8,10.087297795992303,7,179136075.2430414,2.424787683238249e+183,2.424787683238249e+183,1738.6904008156007,2.7863027380911864e-09,0.0,1.5782503553060234,0
112.3,-3.238966091485807,-2.7878504747877524,1.1158720987037278,0.0,0.0,1e-12,9.57187738171477e-05,-3.135623427990312e-05,4.4,3.8,10.087297795992303,7,179136075.2430414,2.424787683238249e+183,2.424787683238249e+183,1738.6904008156007,2.7863027380911864e-09,0.0,1.5782503553060234,0
112.366,-3.239392714147705,-2.7890595698215828,1.115228512675135,0.0,0.0,1e-12,9.57187738171477e-05,-3.135623427990312e-05,4.4,3.8,10.08841053167596,7,179136075.2430414,2.424787683238249e+183,2.424787683238249e+183,1738.6904008156007,2.7863027380911864e-09,0.0,1.5782503553060234,0
112.432,-3.239392714147705,-2.7890595698215828,1.115228512675135,0.0,0.0,1e-12,9.57187738171477e-05,-3.135623427990312e-05,4.4,3.8,10.08841053167596,7,179136075.2430414,2.424787683238249e+183,2.424787683238249e+183,1738.6904008156007,2.7863027380911864e-09,0.0,1.5782503553060234,0
112.597,-3.2391711708379276,-2.788503324125625,1.1154270434966589,0.0,0.0,1e-12,9.57187738171477e-05,-3.135623427990312e-05,4.4,3.8,10.08787947139416,7,179136075.2430414,2.424787683238249e+183,2.424787683238249e+183,1738.6904008156007,2.7863027380911864e-09,0.0,1.5782503553060234,0
112.696,-3.2391711708379276,-2.788503324125625,1.1154270434966589,0.0,0.0,1e-12,9.57187738171477e-05,-3.135623427990312e-05,4.4,3.8,10.08787947139416,7,179136075.20877498,4.183072381294024e+184,4.183072381294024e+184,1955.8623835009685,2.7863027380911864e-09,0.0,1.5782503553060234,0
112.795,-3.2391711708379276,-2.788503324125625,1.1154270434966589,0.0,0.0,1e-12,9.57187738171477e-05,-3.135623427990312e-05,4.4,3.8,10.08787947139416,7,179136075.20877498,4.183072381294024e+184,4.183072381294024e+184,1955.8623835009685,2.7863027380911864e-09,0.0,1.5782503553060234,0
112.894,-3.2391711708379276,-2.788503324125625,1.1154270434966589,0.0,0.0,1e-12,9.57187738171477e-05,-3.135623427990312e-05,4.4,3.8,10.08787947139416,7,179136075.20877498,4.183072381294024e+184,4.183072381294024e+184,1955.8623835009685,2.7863027380911864e-09,0.0,1.5782503553060234,0
113.026,-3.2391177876111774,-2.7880558243585614,1.1160713636079826,0.0,0.0,1e-12,9.57187738171477e-05,-3.135623427990312e-05,4.4,3.8,10.087546783924338,7,179136075.20877498,4.183072381294024e+184,4.183072381294024e+184,1955.8623835009685,2.7863027380911864e-09,0.0,1.5782503553060234,0
113.125,-3.2391177876111774,-2.7880558243585614,1.1160713636079826,0.0,0.0,1e-12,9.57187738171477e-05,-3.135623427990312e-05,4.4,3.8,10.087546783924338,7,179136075.20877498,4.183072381294024e+184,4.183072381294024e+184,1955.8623835009685,2.7863027380911864e-09,0.0,1.5782503553060234,0
113.224,-3.2391177876111774,-2.7880558243585614,1.1160713636079826,0.0,0.0,1e-12,9.57187738171477e-05,-3.135623427990312e-05,4.4,3.8,10.087546783924338,7,179136075.17555973,5.900297401946334e+185,5.900297401946334e+185,1970.4320463218057,2.7863027380911864e-09,0.0,1.5782503553060234,0
113.323,-3.2391177876111774,-2.7880558243585614,1.1160713636079826,0.0,0.0,1e-12,9.57187738171477e-05,-3.135623427990312e-05,4.4,3.8,10.087546783924338,7,179136075.17555973,5.900297401946334e+185,5.900297401946334e+185,1970.4320463218057,2.7863027380911864e-09,0.0,1.5782503553060234,0
113.422,-3.2391177876111774,-2.7880558243585614,1.1160713636079826,0.0,0.0,1e-12,9.57187738171477e-05,-3.135623427990312e-05,4.4,3.8,10.087546783924338,7,179136075.17555973,5.900297401946334e+185,5.900297401946334e+185,1970.4320463218057,2.7863027380911864e-09,0.0,1.5782503553060234,0
113.521,-3.2391177876111774,-2.7880558243585614,1.1160713636079826,0.0,0.0,1e-12,9.57187738171477e-05,-3.135623427990312e-05,4.4,3.8,10.087546783924338,7,179136075.17555973,5.900297401946334e+185,5.900297401946334e+185,1970.4320463218057,2.7863027380911864e-09,0.0,1.5782503553060234,0
113.554,-3.2391177876111774,-2.7880558243585614,1.1160713636079826,0.0,0.0,1e-12,9.57187738171477e-05,-3.135623427990312e-05,4.4,3.8,10.087546783924338,7,179136075.17555973,5.900297401946334e+185,5.900297401946334e+185,1970.4320463218057,2.7863027380911864e-09,0.0,1.5782503553060234,0
113.686,-3.2391177876111774,-2.7880558243585614,1.1160713636079826,0.0,0.0,1e-12,9.57187738171477e-05,-3.135623427990312e-05,4.4,3.8,10.087546783924338,7,179136075.1384241,4.41163817853908e+187,4.41163817853908e+187,1858.5485166758908,2.7863027380911864e-09,0.0,1.5782503553060234,0
113.818,-3.2391177876111774,-2.7880558243585614,1.1160713636079826,0.0,0.0,1e-12,9.57187738171477e-05,-3.135623427990312e-05,4.4,3.8,10.087546783924338,7,179136075.1384241,4.41163817853908e+187,4.41163817853908e+187,1858.5485166758908,2.7863027380911864e-09,0.0,1.5782503553060234,0
113.884,-3.2391177876111774,-2.7880558243585614,1.1160713636079826,0.0,0.0,1e-12,9.57187738171477e-05,-3.135623427990312e-05,4.4,3.8,10.087546783924338,7,179136075.1384241,4.41163817853908e+187,4.41163817853908e+187,1858.5485166758908,2.7863027380911864e-09,0.0,1.5782503553060234,0
113.95,-3.2391177876111774,-2.7880558243585614,1.1160713636079826,0.0,0.0,1e-12,9.57187738171477e-05,-3.135623427990312e-05,4.4,3.8,10.087546783924338,7,179136075.1384241,4.41163817853908e+187,4.41163817853908e+187,1858.5485166758908,2.7863027380911864e-09,0.0,1.5782503553060234,0
114.082,-3.2391177876111774,-2.7880558243585614,1.1160713636079826,0.0,0.0,1e-12,9.57187738171477e-05,-3.135623427990312e-05,4.4,3.8,10.087546783924338,7,179136075.1384241,4.41163817853908e+187,4.41163817853908e+187,1858.5485166758908,2.7863027380911864e-09,0.0,1.5782503553060234,0
114.214,-3.2391177876111774,-2.7880558243585614,1.1160713636079826,0.0,0.0,1e-12,9.57187738171477e-05,-3.135623427990312e-05,4.4,3.8,10.087546783924338,7,179136075.13352528,6.965562328723745e+188,6.965562328723745e+188,2001.112406768314,2.7863027380911864e-09,0.0,1.5782503553060234,0
114.28,-3.2391177876111774,-2.7880558243585614,1.1160713636079826,0.0,0.0,1e-12,9.57187738171477e-05,-3.135623427990312e-05,4.4,3.8,10.087546783924338,7,179136075.13352528,6.965562328723745e+188,6.965562328723745e+188,2001.112406768314,2.7863027380911864e-09,0.0,1.5782503553060234,0
114.346,-3.2391177876111774,-2.7880558243585614,1.1160713636079826,0.0,0.0,1e-12,9.57187738171477e-05,-3.135623427990312e-05,4.4,3.8,10.087546783924338,7,179136075.13352528,6.965562328723745e+188,6.965562328723745e+188,2001.112406768314,2.7863027380911864e-09,0.0,1.5782503553060234,0
114.511,-3.2388601031355138,-2.788532530503632,1.1141605454518742,0.0,0.0,1e-12,9.57187738171477e-05,-3.135623427990312e-05,4.4,3.8,10.08766298905649,7,179136075.13352528,6.965562328723745e+188,6.965562328723745e+188,2001.112406768314,2.7863027380911864e-09,0.0,1.5782503553060234,0
114.61,-3.2388601031355138,-2.788532530503632,1.1141605454518742,0.0,0.0,1e-12,9.57187738171477e-05,-3.135623427990312e-05,4.4,3.8,10.08766298905649,7,179136075.13352528,6.965562328723745e+188,6.965562328723745e+188,2001.112406768314,2.7863027380911864e-09,0.0,1.5782503553060234,0
114.742,-3.2388601031355138,-2.788532530503632,1.1141605454518742,0.0,0.0,1e-12,9.57187738171477e-05,-3.135623427990312e-05,4.4,3.8,10.08766298905649,7,179136075.09318453,1.2283563539079118e+190,1.2283563539079118e+190,2011.8391294664216,2.7863027380911864e-09,0.0,1.5782503553060234,0
114.808,-3.2388601031355138,-2.788532530503632,1.1141605454518742,0.0,0.0,1e-12,9.57187738171477e-05,-3.135623427990312e-05,4.4,3.8,10.08766298905649,7,179136075.09318453,1.2283563539079118e+190,1.2283563539079118e+190,2011.8391294664216,2.7863027380911864e-09,0.0,1.5782503553060234,0
114.874,-3.2388601031355138,-2.788532530503632,1.1141605454518742,0.0,0.0,1e-12,9.57187738171477e-05,-3.135623427990312e-05,4.4,3.8,10.08766298905649,7,179136075.09318453,1.2283563539079118e+190,1.2283563539079118e+190,2011.8391294664216,2.7863027380911864e-09,0.0,1.5782503553060234,0
115.006,-3.2388601031355138,-2.788532530503632,1.1141605454518742,0.0,0.0,1e-12,9.57187738171477e-05,-3.135623427990312e-05,4.4,3.8,10.08766298905649,7,179136075.09318453,1.2283563539079118e+190,1.2283563539079118e+190,2011.8391294664216,2.7863027380911864e-09,0.0,1.5782503553060234,0
115.072,-3.2388601031355138,-2.788532530503632,1.1141605454518742,0.0,0.0,1e-12,9.57187738171477e-05,-3.135623427990312e-05,4.4,3.8,10.08766298905649,7,179136075.09318453,1.2283563539079118e+190,1.2283563539079118e+190,2011.8391294664216,2.7863027380911864e-09,0.0,1.5782503553060234,0
115.204,-3.23908515472204,-2.7890730738573497,1.1140026022285283,0.0,0.0,1e-12,9.57187738171477e-05,-3.135623427990312e-05,4.4,3.8,10.088186456134055,7,179136075.1661786,2.383016701438736e+191,2.383016701438736e+191,2025.3074558292608,2.7863027380911864e-09,0.0,1.5782503553060234,0
115.303,-3.23908515472204,-2.7890730738573497,1.1140026022285283,0.0,0.0,1e-12,9.57187738171477e-05,-3.135623427990312e-05,4.4,3.8,10.088186456134055,7,179136075.1661786,2.383016701438736e+191,2.383016701438736e+191,2025.3074558292608,2.7863027380911864e-09,0.0,1.5782503553060234,0
115.402,-3.23908515472204,-2.7890730738573497,1.1140026022285283,0.0,0.0,1e-12,9.57187738171477e-05,-3.135623427990312e-05,4.4,3.8,10.088186456134055,7,179136075.1661786,2.383016701438736e+191,2.383016701438736e+191,2025.3074558292608,2.7863027380911864e-09,0.0,1.5782503553060234,0
115.501,-3.23908515472204,-2.7890730738573497,1.1140026022285283,0.0,0.0,1e-12,9.57187738171477e-05,-3.135623427990312e-05,4.4,3.8,10.088186456134055,7,179136075.1661786,2.383016701438736e+191,2.383016701438736e+191,2025.3074558292608,2.7863027380911864e-09,0.0,1.5782503553060234,0
115.534,-3.23908515472204,-2.7890730738573497,1.1140026022285283,0.0,0.0,1e-12,9.57187738171477e-05,-3.135623427990312e-05,4.4,3.8,10.088186456134055,7,179136075.1661786,2.383016701438736e+191,2.383016701438736e+191,2025.3074558292608,2.7863027380911864e-09,0.0,1.5782503553060234,0
115.699,-3.23908515472204,-2.7890730738573497,1.1140026022285283,0.0,0.0,1e-12,9.57187738171477e-05,-3.135623427990312e-05,4.4,3.8,10.088186456134055,7,179136075.22314766,6.070952850454026e+192,6.070952850454026e+192,1625.184595343194,2.7863027380911864e-09,0.0,1.5782503553060234,0
115.798,-3.239297812600274,-2.7896740061083865,1.1136793006343975,0.0,0.0,1e-12,9.57187738171477e-05,-3.135623427990312e-05,4.4,3.8,10.088739989531888,7,179136075.22314766,6.070952850454026e+192,6.070952850454026e+192,1625.184595343194,2.7863027380911864e-09,0.0,1.5782503553060234,0
115.93,-3.239297812600274,-2.7896740061083865,1.1136793006343975,0.0,0.0,1e-12,9.57187738171477e-05,-3.135623427990312e-05,4.4,3.8,10.088739989531888,7,179136075.22314766,6.070952850454026e+192,6.070952850454026e+192,1625.184595343194,2.7863027380911864e-09,0.0,1.5782503553060234,0
116.029,-3.239297812600274,-2.7896740061083865,1.1136793006343975,0.0,0.0,1e-12,9.57187738171477e-05,-3.135623427990312e-05,4.4,3.8,10.088739989531888,7,179136075.22314766,6.070952850454026e+192,6.070952850454026e+192,1625.184595343194,2.7863027380911864e-09,0.0,1.5782503553060234,0
116.095,-3.239297812600274,-2.7896740061083865,1.1136793006343975,0.0,0.0,1e-12,9.57187738171477e-05,-3.135623427990312e-05,4.4,3.8,10.088739989531888,7,179136075.22314766,6.070952850454026e+192,6.070952850454026e+192,1625.184595343194,2.7863027380911864e-09,0.0,1.5782503553060234,0
116.227,-3.239297812600274,-2.7896740061083865,1.1136793006343975,0.0,0.0,1e-12,9.57187738171477e-05,-3.135623427990312e-05,4.4,3.8,10.088739989531888,7,179136075.21449995,1.15742620404776e+194,1.15742620404776e+194,2054.423812739874,2.7863027380911864e-09,0.0,1.5782503553060234,0
116.293,-3.239297812600274,-2.7896740061083865,1.1136793006343975,0.0,0.0,1e-12,9.57187738171477e-05,-3.135623427990312e-05,4.4,3.8,10.088739989531888,7,179136075.21449995,1.15742620404776e+194,1.15742620404776e+194,2054.423812739874,2.7863027380911864e-09,0.0,1.5782503553060234,0
116.425,-3.239297812600274,-2.7896740061083865,1.1136793006343975,0.0,0.0,1e-12,9.57187738171477e-05,-3.135623427990312e-05,4.4,3.8,10.088739989531888,7,179136075.21449995,1.15742620404776e+194,1.15742620404776e+194,2054.423812739874,2.7863027380911864e-09,0.0,1.5782503553060234,0
116.524,-3.239410072050912,-2.789714650529577,1.1133493466602826,0.0,0.0,1e-12,9.57187738171477e-05,-3.135623427990312e-05,4.4,3.8,10.08885154139742,7,179136075.21449995,1.15742620404776e+194,1.15742620404776e+194,2054.423812739874,2.7863027380911864e-09,0.0,1.5782503553060234,0
116.623,-3.239241416919127,-2.789274303490229,1.1135369978323328,0.0,0.0,1e-12,9.57187738171477e-05,-3.135623427990312e-05,4.4,3.8,10.088436215420565,7,179136075.21449995,1.15742620404776e+194,1.15742620404776e+194,2054.423812739874,2.7863027380911864e-09,0.0,1.5782503553060234,0
116.722,-3.239241416919127,-2.789274303490229,1.1135369978323328,0.0,0.0,1e-12,9.57187738171477e-05,-3.135623427990312e-05,4.4,3.8,10.088436215420565,7,179136075.1204637,3.638354313743853e+195,3.638354313743853e+195,1868.4376365170929,2.7863027380911864e-09,0.0,1.5782503553060234,0
116.821,-3.2390262363940536,-2.7888012164096936,1.1136054784673408,0.0,0.0,1e-12,9.57187738171477e-05,-3.135623427990312e-05,4.4,3.8,10.087964279758259,7,179136075.1204637,3.638354313743853e+195,3.638354313743853e+195,1868.4376365170929,2.7863027380911864e-09,0.0,1.5782503553060234,0
116.92,-3.2390262363940536,-2.7888012164096936,1.1136054784673408,0.0,0.0,1e-12,9.57187738171477e-05,-3.135623427990312e-05,4.4,3.8,10.087964279758259,7,179136075.1204637,3.638354313743853e+195,3.638354313743853e+195,1868.4376365170929,2.7863027380911864e-09,0.0,1.5782503553060234,0
117.019,-3.2390262363940536,-2.7888012164096936,1.1136054784673408,0.0,0.0,1e-12,9.57187738171477e-05,-3.135623427990312e-05,4.4,3.8,10.087964279758259,7,179136075.1204637,3.638354313743853e+195,3.638354313743853e+195,1868.4376365170929,2.7863027380911864e-09,0.0,1.5782503553060234,0
117.118,-3.2387586156428823,-2.7881852683716253,1.113742836508251,0.0,0.0,1e-12,9.57187738171477e-05,-3.135623427990312e-05,4.4,3.8,10.087359333266921,7,179136075.1204637,3.638354313743853e+195,3.638354313743853e+195,1868.4376365170929,2.7863027380911864e-09,0.0,1.5782503553060234,0
117.217,-3.239022247809282,-2.788702717250842,1.113778468662688,0.0,0.0,1e-12,9.57187738171477e-05,-3.135623427990312e-05,4.4,3.8,10.087896926457654,7,179136075.13977608,2.8601261384618284e+197,2.8601261384618284e+197,2091.100233689507,2.7863027380911864e-09,0.0,1.5782503553060234,0
117.316,-3.239022247809282,-2.788702717250842,1.113778468662688,0.0,0.0,1e-12,9.57187738171477e-05,-3.135623427990312e-05,4.4,3.8,10.087896926457654,7,179136075.13977608,2.8601261384618284e+197,2.8601261384618284e+197,2091.100233689507,2.7863027380911864e-09,0.0,1.5782503553060234,0
117.382,-3.239022247809282,-2.788702717250842,1.113778468662688,0.0,0.0,1e-12,9.57187738171477e-05,-3.135623427990312e-05,4.4,3.8,10.087896926457654,7,179136075.13977608,2.8601261384618284e+197,2.8601261384618284e+197,2091.100233689507,2.7863027380911864e-09,0.0,1.5782503553060234,0
117.514,-3.2387586156428823,-2.7881852683716253,1.113742836508251,0.0,0.0,1e-12,9.57187738171477e-05,-3.135623427990312e-05,4.4,3.8,10.087359333266921,7,179136075.13977608,2.8601261384618284e+197,2.8601261384618284e+197,2091.100233689507,2.7863027380911864e-09,0.0,1.5782503553060234,0
117.613,-3.2387586156428823,-2.7881852683716253,1.113742836508251,0.0,0.0,1e-12,9.57187738171477e-05,-3.135623427990312e-05,4.4,3.8,10.087359333266921,7,179136075.13977608,2.8601261384618284e+197,2.8601261384618284e+197,2091.100233689507,2.7863027380911864e-09,0.0,1.5782503553060234,0
117.679,-3.2387586156428823,-2.7881852683716253,1.113742836508251,0.0,0.0,1e-12,9.57187738171477e-05,-3.135623427990312e-05,4.4,3.8,10.087359333266921,7,179136075.11928806,6.227440896678048e+198,6.227440896678048e+198,1674.7467585842442,2.7863027380911864e-09,0.0,1.5782503553060234,0
117.811,-3.2385396037086647,-2.788316587590866,1.1147490066596333,0.0,0.0,1e-12,9.57187738171477e-05,-3.135623427990312e-05,4.4,3.8,10.08727925338397,7,179136075.11928806,6.227440896678048e+198,6.227440896678048e+198,1674.7467585842442,2.7863027380911864e-09,0.0,1.5782503553060234,0
117.91,-3.2385396037086647,-2.788316587590866,1.1147490066596333,0.0,0.0,1e-12,9.57187738171477e-05,-3.135623427990312e-05,4.4,3.8,10.08727925338397,7,179136075.11928806,6.227440896678048e+198,6.227440896678048e+198,1674.7467585842442,2.7863027380911864e-09,0.0,1.5782503553060234,0
118.009,-3.2385396037086647,-2.788316587590866,1.1147490066596333,0.0,0.0,1e-12,9.57187738171477e-05,-3.135623427990312e-05,4.4,3.8,10.08727925338397,7,179136075.11928806,6.227440896678048e+198,6.227440896678048e+198,1674.7467585842442,2.7863027380911864e-09,0.0,1.5782503553060234,0
118.108,-3.2388032627431786,-2.7888340285555184,1.114787287388264,0.0,0.0,1e-12,9.57187738171477e-05,-3.135623427990312e-05,4.4,3.8,10.087816867030595,7,179136075.11928806,6.227440896678048e+198,6.227440896678048e+198,1674.7467585842442,2.7863027380911864e-09,0.0,1.5782503553060234,0
118.207,-3.238553687237365,-2.788199795039879,1.1150259755825478,0.0,0.0,1e-12,9.57187738171477e-05,-3.135623427990312e-05,4.4,3.8,10.087213637678696,7,179136075.13563925,1.5245533545903125e+200,1.5245533545903125e+200,1694.6914469913431,2.7863027380911864e-09,0.0,1.5782503553060234,0
118.339,-3.238553687237365,-2.788199795039879,1.1150259755825478,0.0,0.0,1e-12,9.57187738171477e-05,-3.135623427990312e-05,4.4,3.8,10.087213637678696,7,179136075.13563925,1.5245533545903125e+200,1.5245533545903125e+200,1694.6914469913431,2.7863027380911864e-09,0.0,1.5782503553060234,0
118.405,-3.2383398371797667,-2.7886711895784075,1.1132967526177144,0.0,0.0,1e-12,9.57187738171477e-05,-3.135623427990312e-05,4.4,3.8,10.087359590726802,7,179136075.13563925,1.5245533545903125e+200,1.5245533545903125e+200,1694.6914469913431,2.7863027380911864e-09,0.0,1.5782503553060234,0
118.471,-3.2383398371797667,-2.7886711895784075,1.1132967526177144,0.0,0.0,1e-12,9.57187738171477e-05,-3.135623427990312e-05,4.4,3.8,10.087359590726802,7,179136075.13563925,1.5245533545903125e+200,1.5245533545903125e+200,1694.6914469913431,2.7863027380911864e-09,0.0,1.5782503553060234,0
118.603,-3.2383014805358408,-2.788076555475498,1.112324038549673,0.0,0.0,1e-12,9.57187738171477e-05,-3.135623427990312e-05,4.4,3.8,10.08694216342901,7,179136075.13563925,1.5245533545903125e+200,1.5245533545903125e+200,1694.6914469913431,2.7863027380911864e-09,0.0,1.5782503553060234,0
118.735,-3.238074224629768,-2.788151412853768,1.1132591547494919,0.0,0.0,1e-12,9.57187738171477e-05,-3.135623427990312e-05,4.4,3.8,10.086818968319038,7,179136075.1306483,5.202791191885402e+201,5.202791191885402e+201,2137.0743876991824,2.7863027380911864e-09,0.0,1.5782503553060234,0
118.801,-3.2385670627933325,-2.788596329375947,1.1123591586870685,0.0,0.0,1e-12,9.57187738171477e-05,-3.135623427990312e-05,4.4,3.8,10.087482756577945,7,179136075.1306483,5.202791191885402e+201,5.202791191885402e+201,2137.0743876991824,2.7863027380911864e-09,0.0,1.5782503553060234,0
118.933,-3.2385670627933325,-2.788596329375947,1.1123591586870685,0.0,0.0,1e-12,9.57187738171477e-05,-3.135623427990312e-05,4.4,3.8,10.087482756577945,7,179136075.1306483,5.202791191885402e+201,5.202791191885402e+201,2137.0743876991824,2.7863027380911864e-09,0.0,1.5782503553060234,0
118.999,-3.2385670627933325,-2.788596329375947,1.1123591586870685,0.0,0.0,1e-12,9.57187738171477e-05,-3.135623427990312e-05,4.4,3.8,10.087482756577945,7,179136075.1306483,5.202791191885402e+201,5.202791191885402e+201,2137.0743876991824,2.7863027380911864e-09,0.0,1.5782503553060234,0
119.131,-3.2385670627933325,-2.788596329375947,1.1123591586870685,0.0,0.0,1e-12,9.57187738171477e-05,-3.135623427990312e-05,4.4,3.8,10.087482756577945,7,179136075.1306483,5.202791191885402e+201,5.202791191885402e+201,2137.0743876991824,2.7863027380911864e-09,0.0,1.5782503553060234,0
119.23,-3.2385670627933325,-2.788596329375947,1.1123591586870685,0.0,0.0,1e-12,9.57187738171477e-05,-3.135623427990312e-05,4.4,3.8,10.087482756577945,7,179136075.29385594,9.257364600043347e+202,9.257364600043347e+202,1940.3377388906092,2.7863027380911864e-09,0.0,1.5782503553060234,0
119.329,-3.2385670627933325,-2.788596329375947,1.1123591586870685,0.0,0.0,1e-12,9.57187738171477e-05,-3.135623427990312e-05,4.4,3.8,10.087482756577945,7,179136075.29385594,9.257364600043347e+202,9.257364600043347e+202,1940.3377388906092,2.7863027380911864e-09,0.0,1.5782503553060234,0
119.428,-3.2385670627933325,-2.788596329375947,1.1123591586870685,0.0,0.0,1e-12,9.57187738171477e-05,-3.135623427990312e-05,4.4,3.8,10.087482756577945,7,179136075.29385594,9.257364600043347e+202,9.257364600043347e+202,1940.3377388906092,2.7863027380911864e-09,0.0,1.5782503553060234,0
119.527,-3.2385670627933325,-2.788596329375947,1.1123591586870685,0.0,0.0,1e-12,9.57187738171477e-05,-3.135623427990312e-05,4.4,3.8,10.087482756577945,7,179136075.29385594,9.257364600043347e+202,9.257364600043347e+202,1940.3377388906092,2.7863027380911864e-09,0.0,1.5782503553060234,0
119.626,-3.2385670627933325,-2.788596329375947,1.1123591586870685,0.0,0.0,1e-12,9.57187738171477e-05,-3.135623427990312e-05,4.4,3.8,10.087482756577945,7,179136075.29385594,9.257364600043347e+202,9.257364600043347e+202,1940.3377388906092,2.7863027380911864e-09,0.0,1.5782503553060234,0
119.725,-3.2382729816088203,-2.788130831965571,1.1121099749492251,0.0,0.0,1e-12,9.57187738171477e-05,-3.135623427990312e-05,4.4,3.8,10.086956032454522,7,179136075.42220956,6.061235370819671e+204,6.061235370819671e+204,2169.6648978193143,2.7863027380911864e-09,0.0,1.5782503553060234,0
119.824,-3.2380062751337664,-2.78760907909923,1.112074996764285,0.0,0.0,1e-12,9.57187738171477e-05,-3.135623427990312e-05,4.4,3.8,10.086413298988566,7,179136075.42220956,6.061235370819671e+204,6.061235370819671e+204,2169.6648978193143,2.7863027380911864e-09,0.0,1.5782503553060234,0
119.923,-3.238504079759748,-2.7881133255597654,1.1112617806102016,0.0,0.0,1e-12,9.57187738171477e-05,-3.135623427990312e-05,4.4,3.8,10.087119597135967,7,179136075.42220956,6.061235370819671e+204,6.061235370819671e+204,2169.6648978193143,2.7863027380911864e-09,0.0,1.5782503553060234,0
119.989,-3.238504079759748,-2.7881133255597654,1.1112617806102016,0.0,0.0,1e-12,9.57187738171477e-05,-3.135623427990312e-05,4.4,3.8,10.087119597135967,7,179136075.42220956,6.061235370819671e+204,6.061235370819671e+204,2169.6648978193143,2.7863027380911864e-09,0.0,1.5782503553060234,0
120.088,-3.238504079759748,-2.7881133255597654,1.1112617806102016,0.0,0.0,1e-12,9.57187738171477e-05,-3.135623427990312e-05,4.4,3.8,10.087119597135967,7,179136075.42220956,6.061235370819671e+204,6.061235370819671e+204,2169.6648978193143,2.7863027380911864e-09,0.0,1.5782503553060234,0
120.22,-3.2389232056819672,-2.789312905991197,1.1105829561047509,0.0,0.0,1e-12,9.57187738171477e-05,-3.135623427990312e-05,4.4,3.8,10.088220473174077,7,179136075.44744936,3.101447213022232e+206,3.101447213022232e+206,1963.541776597285,2.7863027380911864e-09,0.0,1.5782503553060234,0
120.286,-3.2389232056819672,-2.789312905991197,1.1105829561047509,0.0,0.0,1e-12,9.57187738171477e-05,-3.135623427990312e-05,4.4,3.8,10.088220473174077,7,179136075.44744936,3.101447213022232e+206,3.101447213022232e+206,1963.541776597285,2.7863027380911864e-09,0.0,1.5782503553060234,0
120.385,-3.2389232056819672,-2.789312905991197,1.1105829561047509,0.0,0.0,1e-12,9.57187738171477e-05,-3.135623427990312e-05,4.4,3.8,10.088220473174077,7,179136075.44744936,3.101447213022232e+206,3.101447213022232e+206,1963.541776597285,2.7863027380911864e-09,0.0,1.5782503553060234,0
120.484,-3.238705373935125,-2.7887615900220593,1.1107980799104413,0.0,0.0,1e-12,9.57187738171477e-05,-3.135623427990312e-05,4.4,3.8,10.087695429578323,7,179136075.44744936,3.101447213022232e+206,3.101447213022232e+206,1963.541776597285,2.7863027380911864e-09,0.0,1.5782503553060234,0
120.616,-3.238705373935125,-2.7887615900220593,1.1107980799104413,0.0,0.0,1e-12,9.57187738171477e-05,-3.135623427990312e-05,4.4,3.8,10.087695429578323,7,179136075.44744936,3.101447213022232e+206,3.101447213022232e+206,1963.541776597285,2.7863027380911864e-09,0.0,1.5782503553060234,0
120.682,-3.238705373935125,-2.7887615900220593,1.1107980799104413,0.0,0.0,1e-12,9.57187738171477e-05,-3.135623427990312e-05,4.4,3.8,10.087695429578323,7,179136075.49972415,7.824644444752996e+207,7.824644444752996e+207,2200.629617633666,2.7863027380911864e-09,0.0,1.5782503553060234,0
120.814,-3.238705373935125,-2.7887615900220593,1.1107980799104413,0.0,0.0,1e-12,9.57187738171477e-05,-3.135623427990312e-05,4.4,3.8,10.087695429578323,7,179136075.49972415,7.824644444752996e+207,7.824644444752996e+207,2200.629617633666,2.7863027380911864e-09,0.0,1.5782503553060234,0
120.913,-3.238705373935125,-2.7887615900220593,1.1107980799104413,0.0,0.0,1e-12,9.57187738171477e-05,-3.135623427990312e-05,4.4,3.8,10.087695429578323,7,179136075.49972415,7.824644444752996e+207,7.824644444752996e+207,2200.629617633666,2.7863027380911864e-09,0.0,1.5782503553060234,0
121.012,-3.238705373935125,-2.7887615900220593,1.1107980799104413,0.0,0.0,1e-12,9.57187738171477e-05,-3.135623427990312e-05,4.4,3.8,10.087695429578323,7,179136075.49972415,7.824644444752996e+207,7.824644444752996e+207,2200.629617633666,2.7863027380911864e-09,0.0,1.5782503553060234,0
121.111,-3.238705373935125,-2.7887615900220593,1.1107980799104413,0.0,0.0,1e-12,9.57187738171477e-05,-3.135623427990312e-05,4.4,3.8,10.087695429578323,7,179136075.49972415,7.824644444752996e+207,7.824644444752996e+207,2200.629617633666,2.7863027380911864e-09,0.0,1.5782503553060234,0
121.21,-3.238705373935125,-2.7887615900220593,1.1107980799104413,0.0,0.0,1e-12,9.57187738171477e-05,-3.135623427990312e-05,4.4,3.8,10.087695429578323,7,179136075.49972415,7.824644444752996e+207,7.824644444752996e+207,2200.629617633666,2.7863027380911864e-09,0.0,1.5782503553060234,0
121.309,-3.238705373935125,-2.7887615900220593,1.1107980799104413,0.0,0.0,1e-12,9.57187738171477e-05,-3.135623427990312e-05,4.4,3.8,10.087695429578323,7,179136075.51867715,6.6691705554976765e+208,6.6691705554976765e+208,2212.621933602354,2.7863027380911864e-09,0.0,1.5782503553060234,0
121.408,-3.238705373935125,-2.7887615900220593,1.1107980799104413,0.0,0.0,1e-12,9.57187738171477e-05,-3.135623427990312e-05,4.4,3.8,10.087695429578323,7,179136075.51867715,6.6691705554976765e+208,6.6691705554976765e+208,2212.621933602354,2.7863027380911864e-09,0.0,1.5782503553060234,0
121.507,-3.238705373935125,-2.7887615900220593,1.1107980799104413,0.0,0.0,1e-12,9.57187738171477e-05,-3.135623427990312e-05,4.4,3.8,10.087695429578323,7,179136075.51867715,6.6691705554976765e+208,6.6691705554976765e+208,2212.621933602354,2.7863027380911864e-09,0.0,1.5782503553060234,0
121.573,-3.238705373935125,-2.7887615900220593,1.1107980799104413,0.0,0.0,1e-12,9.57187738171477e-05,-3.135623427990312e-05,4.4,3.8,10.087695429578323,7,179136075.51867715,6.6691705554976765e+208,6.6691705554976765e+208,2212.621933602354,2.7863027380911864e-09,0.0,1.5782503553060234,0
121.672,-3.238705373935125,-2.7887615900220593,1.1107980799104413,0.0,0.0,1e-12,9.57187738171477e-05,-3.135623427990312e-05,4.4,3.8,10.087695429578323,7,179136075.45553142,2.294732283071382e+210,2.294732283071382e+210,2227.5156080434854,2.7863027380911864e-09,0.0,1.5782503553060234,0
121.837,-3.238705373935125,-2.7887615900220593,1.1107980799104413,0.0,0.0,1e-12,9.57187738171477e-05,-3.135623427990312e-05,4.4,3.8,10.087695429578323,7,179136075.45553142,2.294732283071382e+210,2.294732283071382e+210,2227.5156080434854,2.7863027380911864e-09,0.0,1.5782503553060234,0
121.936,-3.239249784751306,-2.788945502673881,1.1125595252193623,0.0,0.0,1e-12,9.57187738171477e-05,-3.135623427990312e-05,4.4,3.8,10.088227798331541,7,179136075.45553142,2.294732283071382e+210,2.294732283071382e+210,2227.5156080434854,2.7863027380911864e-09,0.0,1.5782503553060234,0
122.002,-3.239249784751306,-2.788945502673881,1.1125595252193623,0.0,0.0,1e-12,9.57187738171477e-05,-3.135623427990312e-05,4.4,3.8,10.088227798331541,7,179136075.45553142,2.294732283071382e+210,2.294732283071382e+210,2227.5156080434854,2.7863027380911864e-09,0.0,1.5782503553060234,0
122.101,-3.239249784751306,-2.788945502673881,1.1125595252193623,0.0,0.0,1e-12,9.57187738171477e-05,-3.135623427990312e-05,4.4,3.8,10.088227798331541,7,179136075.45553142,2.294732283071382e+210,2.294732283071382e+210,2227.5156080434854,2.7863027380911864e-09,0.0,1.5782503553060234,0
122.233,-3.239249784751306,-2.788945502673881,1.1125595252193623,0.0,0.0,1e-12,9.57187738171477e-05,-3.135623427990312e-05,4.4,3.8,10.088227798331541,7,179136075.447837,4.929991125569413e+211,4.929991125569413e+211,2242.227691251831,2.7863027380911864e-09,0.0,1.5782503553060234,0
122.299,-3.239249784751306,-2.788945502673881,1.1125595252193623,0.0,0.0,1e-12,9.57187738171477e-05,-3.135623427990312e-05,4.4,3.8,10.088227798331541,7,179136075.447837,4.929991125569413e+211,4.929991125569413e+211,2242.227691251831,2.7863027380911864e-09,0.0,1.5782503553060234,0
122.398,-3.239249784751306,-2.788945502673881,1.1125595252193623,0.0,0.0,1e-12,9.57187738171477e-05,-3.135623427990312e-05,4.4,3.8,10.088227798331541,7,179136075.447837,4.929991125569413e+211,4.929991125569413e+211,2242.227691251831,2.7863027380911864e-09,0.0,1.5782503553060234,0
122.497,-3.239249784751306,-2.788945502673881,1.1125595252193623,0.0,0.0,1e-12,9.57187738171477e-05,-3.135623427990312e-05,4.4,3.8,10.088227798331541,7,179136075.447837,4.929991125569413e+211,4.929991125569413e+211,2242.227691251831,2.7863027380911864e-09,0.0,1.5782503553060234,0
122.563,-3.239249784751306,-2.788945502673881,1.1125595252193623,0.0,0.0,1e-12,9.57187738171477e-05,-3.135623427990312e-05,4.4,3.8,10.088227798331541,7,179136075.447837,4.929991125569413e+211,4.929991125569413e+211,2242.227691251831,2.7863027380911864e-09,0.0,1.5782503553060234,0
122.728,-3.239249784751306,-2.788945502673881,1.1125595252193623,0.0,0.0,1e-12,9.57187738171477e-05,-3.135623427990312e-05,4.4,3.8,10.088227798331541,7,179136075.6040362,5.485607899796271e+212,5.485607899796271e+212,1793.1316227207471,2.7863027380911864e-09,0.0,1.5782503553060234,0
122.794,-3.239249784751306,-2.788945502673881,1.1125595252193623,0.0,0.0,1e-12,9.57187738171477e-05,-3.135623427990312e-05,4.4,3.8,10.088227798331541,7,179136075.6040362,5.485607899796271e+212,5.485607899796271e+212,1793.1316227207471,2.7863027380911864e-09,0.0,1.5782503553060234,0
122.893,-3.239249784751306,-2.788945502673881,1.1125595252193623,0.0,0.0,1e-12,9.57187738171477e-05,-3.135623427990312e-05,4.4,3.8,10.088227798331541,7,179136075.6040362,5.485607899796271e+212,5.485607899796271e+212,1793.1316227207471,2.7863027380911864e-09,0.0,1.5782503553060234,0
122.992,-3.239249784751306,-2.788945502673881,1.1125595252193623,0.0,0.0,1e-12,9.57187738171477e-05,-3.135623427990312e-05,4.4,3.8,10.088227798331541,7,179136075.6040362,5.485607899796271e+212,5.485607899796271e+212,1793.1316227207471,2.7863027380911864e-09,0.0,1.5782503553060234,0
123.058,-3.239249784751306,-2.788945502673881,1.1125595252193623,0.0,0.0,1e-12,9.57187738171477e-05,-3.135623427990312e-05,4.4,3.8,10.088227798331541,7,179136075.6040362,5.485607899796271e+212,5.485607899796271e+212,1793.1316227207471,2.7863027380911864e-09,0.0,1.5782503553060234,0
123.256,-3.239249784751306,-2.788945502673881,1.1125595252193623,0.0,0.0,1e-12,9.57187738171477e-05,-3.135623427990312e-05,4.4,3.8,10.088227798331541,7,179136075.5672493,1.497738407102285e+214,1.497738407102285e+214,2268.5491826706434,2.7863027380911864e-09,0.0,1.5782503553060234,0
123.322,-3.239249784751306,-2.788945502673881,1.1125595252193623,0.0,0.0,1e-12,9.57187738171477e-05,-3.135623427990312e-05,4.4,3.8,10.088227798331541,7,179136075.5672493,1.497738407102285e+214,1.497738407102285e+214,2268.5491826706434,2.7863027380911864e-09,0.0,1.5782503553060234,0
123.421,-3.239249784751306,-2.788945502673881,1.1125595252193623,0.0,0.0,1e-12,9.57187738171477e-05,-3.135623427990312e-05,4.4,3.8,10.088227798331541,7,179136075.5672493,1.497738407102285e+214,1.497738407102285e+214,2268.5491826706434,2.7863027380911864e-09,0.0,1.5782503553060234,0
123.487,-3.239249784751306,-2.788945502673881,1.1125595252193623,0.0,0.0,1e-12,9.57187738171477e-05,-3.135623427990312e-05,4.4,3.8,10.088227798331541,7,179136075.5672493,1.497738407102285e+214,1.497738407102285e+214,2268.5491826706434,2.7863027380911864e-09,0.0,1.5782503553060234,0
123.52,-3.239249784751306,-2.788945502673881,1.1125595252193623,0.0,0.0,1e-12,9.57187738171477e-05,-3.135623427990312e-05,4.4,3.8,10.088227798331541,7,179136075.5672493,1.497738407102285e+214,1.497738407102285e+214,2268.5491826706434,2.7863027380911864e-09,0.0,1.5782503553060234,0
123.718,-3.239249784751306,-2.788945502673881,1.1125595252193623,0.0,0.0,1e-12,9.57187738171477e-05,-3.135623427990312e-05,4.4,3.8,10.088227798331541,7,179136075.54184526,6.657038085589011e+215,6.657038085589011e+215,2287.3141361534845,2.7863027380911864e-09,0.0,1.5782503553060234,0
123.817,-3.239249784751306,-2.788945502673881,1.1125595252193623,0.0,0.0,1e-12,9.57187738171477e-05,-3.135623427990312e-05,4.4,3.8,10.088227798331541,7,179136075.54184526,6.657038085589011e+215,6.657038085589011e+215,2287.3141361534845,2.7863027380911864e-09,0.0,1.5782503553060234,0
123.883,-3.239249784751306,-2.788945502673881,1.1125595252193623,0.0,0.0,1e-12,9.57187738171477e-05,-3.135623427990312e-05,4.4,3.8,10.088227798331541,7,179136075.54184526,6.657038085589011e+215,6.657038085589011e+215,2287.3141361534845,2.7863027380911864e-09,0.0,1.5782503553060234,0
123.982,-3.239249784751306,-2.788945502673881,1.1125595252193623,0.0,0.0,1e-12,9.57187738171477e-05,-3.135623427990312e-05,4.4,3.8,10.088227798331541,7,179136075.54184526,6.657038085589011e+215,6.657038085589011e+215,2287.3141361534845,2.7863027380911864e-09,0.0,1.5782503553060234,0
124.081,-3.239249784751306,-2.788945502673881,1.1125595252193623,0.0,0.0,1e-12,9.57187738171477e-05,-3.135623427990312e-05,4.4,3.8,10.088227798331541,7,179136075.54184526,6.657038085589011e+215,6.657038085589011e+215,2287.3141361534845,2.7863027380911864e-09,0.0,1.5782503553060234,0
124.147,-3.239249784751306,-2.788945502673881,1.1125595252193623,0.0,0.0,1e-12,9.57187738171477e-05,-3.135623427990312e-05,4.4,3.8,10.088227798331541,7,179136075.5645468,9.035492000644344e+216,9.035492000644344e+216,2299.0527384880124,2.7863027380911864e-09,0.0,1.5782503553060234,0
124.246,-3.2392833815844075,-2.7891848453280463,1.1128596645520277,0.0,0.0,1e-12,9.57187738171477e-05,-3.135623427990312e-05,4.4,3.8,10.088409562961472,7,179136075.5645468,9.035492000644344e+216,9.035492000644344e+216,2299.0527384880124,2.7863027380911864e-09,0.0,1.5782503553060234,0
124.411,-3.2392833815844075,-2.7891848453280463,1.1128596645520277,0.0,0.0,1e-12,9.57187738171477e-05,-3.135623427990312e-05,4.4,3.8,10.088409562961472,7,179136075.5645468,9.035492000644344e+216,9.035492000644344e+216,2299.0527384880124,2.7863027380911864e-09,0.0,1.5782503553060234,0
124.477,-3.2392833815844075,-2.7891848453280463,1.1128596645520277,0.0,0.0,1e-12,9.57187738171477e-05,-3.135623427990312e-05,4.4,3.8,10.088409562961472,7,179136075.5645468,9.035492000644344e+216,9.035492000644344e+216,2299.0527384880124,2.7863027380911864e-09,0.0,1.5782503553060234,0
124.642,-3.2392833815844075,-2.7891848453280463,1.1128596645520277,0.0,0.0,1e-12,9.57187738171477e-05,-3.135623427990312e-05,4.4,3.8,10.088409562961472,7,179136075.5645468,9.035492000644344e+216,9.035492000644344e+216,2299.0527384880124,2.7863027380911864e-09,0.0,1.5782503553060234,0
124.741,-3.2392833815844075,-2.7891848453280463,1.1128596645520277,0.0,0.0,1e-12,9.57187738171477e-05,-3.135623427990312e-05,4.4,3.8,10.088409562961472,7,179136075.5519033,1.1112852748329714e+218,1.1112852748329714e+218,2311.224847812559,2.7863027380911864e-09,0.0,1.5782503553060234,0
124.807,-3.239433250555565,-2.789177135743604,1.1123136306221368,0.0,0.0,1e-12,9.57187738171477e-05,-3.135623427990312e-05,4.4,3.8,10.088518013856161,7,179136075.5519033,1.1112852748329714e+218,1.1112852748329714e+218,2311.224847812559,2.7863027380911864e-09,0.0,1.5782503553060234,0
124.807,-3.239433250555565,-2.789177135743604,1.1123136306221368,0.0,0.0,1e-12,9.57187738171477e-05,-3.135623427990312e-05,4.4,3.8,10.088518013856161,7,179136075.5519033,1.1112852748329714e+218,1.1112852748329714e+218,2311.224847812559,2.7863027380911864e-09,0.0,1.5782503553060234,0
125.005,-3.239433250555565,-2.789177135743604,1.1123136306221368,0.0,0.0,1e-12,9.57187738171477e-05,-3.135623427990312e-05,4.4,3.8,10.088518013856161,7,179136075.5519033,1.1112852748329714e+218,1.1112852748329714e+218,2311.224847812559,2.7863027380911864e-09,0.0,1.5782503553060234,0
125.137,-3.2396863334770205,-2.7887044054047476,1.114200652764572,0.0,0.0,1e-12,9.57187738171477e-05,-3.135623427990312e-05,4.4,3.8,10.088400914699788,7,179136075.5519033,1.1112852748329714e+218,1.1112852748329714e+218,2311.224847812559,2.7863027380911864e-09,0.0,1.5782503553060234,0
125.137,-3.2396863334770205,-2.7887044054047476,1.114200652764572,0.0,0.0,1e-12,9.57187738171477e-05,-3.135623427990312e-05,4.4,3.8,10.088400914699788,7,179136075.61664486,1.4726098444946707e+219,1.4726098444946707e+219,2176.9400642597766,2.7863027380911864e-09,0.0,1.5782503553060234,0
125.335,-3.23925437768392,-2.7879706670252578,1.1147404109843129,0.0,0.0,1e-12,9.57187738171477e-05,-3.135623427990312e-05,4.4,3.8,10.087594607068038,7,179136075.61664486,1.4726098444946707e+219,1.4726098444946707e+219,2176.9400642597766,2.7863027380911864e-09,0.0,1.5782503553060234,0
125.434,-3.239425905913954,-2.7880956355662505,1.1143501526581716,0.0,0.0,1e-12,9.57187738171477e-05,-3.135623427990312e-05,4.4,3.8,10.087806118047487,7,179136075.61664486,1.4726098444946707e+219,1.4726098444946707e+219,2176.9400642597766,2.7863027380911864e-09,0.0,1.5782503553060234,0
125.5,-3.239425905913954,-2.7880956355662505,1.1143501526581716,0.0,0.0,1e-12,9.57187738171477e-05,-3.135623427990312e-05,4.4,3.8,10.087806118047487,7,179136075.61664486,1.4726098444946707e+219,1.4726098444946707e+219,2176.9400642597766,2.7863027380911864e-09,0.0,1.5782503553060234,0
125.632,-3.23925437768392,-2.7879706670252578,1.1147404109843129,0.0,0.0,1e-12,9.57187738171477e-05,-3.135623427990312e-05,4.4,3.8,10.087594607068038,7,179136075.61664486,1.4726098444946707e+219,1.4726098444946707e+219,2176.9400642597766,2.7863027380911864e-09,0.0,1.5782503553060234,0
125.731,-3.23925437768392,-2.7879706670252578,1.1147404109843129,0.0,0.0,1e-12,9.57187738171477e-05,-3.135623427990312e-05,4.4,3.8,10.087594607068038,7,179136075.60531607,2.6268782078458307e+220,2.6268782078458307e+220,2335.266170736512,2.7863027380911864e-09,0.0,1.5782503553060234,0
125.797,-3.23925437768392,-2.7879706670252578,1.1147404109843129,0.0,0.0,1e-12,9.57187738171477e-05,-3.135623427990312e-05,4.4,3.8,10.087594607068038,7,179136075.60531607,2.6268782078458307e+220,2.6268782078458307e+220,2335.266170736512,2.7863027380911864e-09,0.0,1.5782503553060234,0
125.896,-3.23925437768392,-2.7879706670252578,1.1147404109843129,0.0,0.0,1e-12,9.57187738171477e-05,-3.135623427990312e-05,4.4,3.8,10.087594607068038,7,179136075.60531607,2.6268782078458307e+220,2.6268782078458307e+220,2335.266170736512,2.7863027380911864e-09,0.0,1.5782503553060234,0
125.995,-3.23925437768392,-2.7879706670252578,1.1147404109843129,0.0,0.0,1e-12,9.57187738171477e-05,-3.135623427990312e-05,4.4,3.8,10.087594607068038,7,179136075.60531607,2.6268782078458307e+220,2.6268782078458307e+220,2335.266170736512,2.7863027380911864e-09,0.0,1.5782503553060234,0
126.127,-3.23925437768392,-2.7879706670252578,1.1147404109843129,0.0,0.0,1e-12,9.57187738171477e-05,-3.135623427990312e-05,4.4,3.8,10.087594607068038,7,179136075.60531607,2.6268782078458307e+220,2.6268782078458307e+220,2335.266170736512,2.7863027380911864e-09,0.0,1.5782503553060234,0
126.226,-3.23925437768392,-2.7879706670252578,1.1147404109843129,0.0,0.0,1e-12,9.57187738171477e-05,-3.135623427990312e-05,4.4,3.8,10.087594607068038,7,179136075.57925344,3.479736092552729e+221,3.479736092552729e+221,2348.887508526391,2.7863027380911864e-09,0.0,1.5782503553060234,0
126.325,-3.23925437768392,-2.7879706670252578,1.1147404109843129,0.0,0.0,1e-12,9.57187738171477e-05,-3.135623427990312e-05,4.4,3.8,10.087594607068038,7,179136075.57925344,3.479736092552729e+221,3.479736092552729e+221,2348.887508526391,2.7863027380911864e-09,0.0,1.5782503553060234,0
126.358,-3.23925437768392,-2.7879706670252578,1.1147404109843129,0.0,0.0,1e-12,9.57187738171477e-05,-3.135623427990312e-05,4.4,3.8,10.087594607068038,7,179136075.57925344,3.479736092552729e+221,3.479736092552729e+221,2348.887508526391,2.7863027380911864e-09,0.0,1.5782503553060234,0
126.49,-3.2390185847868938,-2.7875006137782403,1.1147202641014085,0.0,0.0,1e-12,9.57187738171477e-05,-3.135623427990312e-05,4.4,3.8,10.08710906430818,7,179136075.57925344,3.479736092552729e+221,3.479736092552729e+221,2348.887508526391,2.7863027380911864e-09,0.0,1.5782503553060234,0
126.589,-3.2389526886699582,-2.7877372908378546,1.1153630692243268,0.0,0.0,1e-12,9.57187738171477e-05,-3.135623427990312e-05,4.4,3.8,10.087213727924755,7,179136075.57925344,3.479736092552729e+221,3.479736092552729e+221,2348.887508526391,2.7863027380911864e-09,0.0,1.5782503553060234,0
126.688,-3.2389526886699582,-2.7877372908378546,1.1153630692243268,0.0,0.0,1e-12,9.57187738171477e-05,-3.135623427990312e-05,4.4,3.8,10.087213727924755,7,179136075.53657445,4.3048282448208336e+222,4.3048282448208336e+222,2356.8828452983657,2.7863027380911864e-09,0.0,1.5782503553060234,0
126.721,-3.2389526886699582,-2.7877372908378546,1.1153630692243268,0.0,0.0,1e-12,9.57187738171477e-05,-3.135623427990312e-05,4.4,3.8,10.087213727924755,7,179136075.53657445,4.3048282448208336e+222,4.3048282448208336e+222,2356.8828452983657,2.7863027380911864e-09,0.0,1.5782503553060234,0
126.919,-3.2389526886699582,-2.7877372908378546,1.1153630692243268,0.0,0.0,1e-12,9.57187738171477e-05,-3.135623427990312e-05,4.4,3.8,10.087213727924755,7,179136075.53657445,4.3048282448208336e+222,4.3048282448208336e+222,2356.8828452983657,2.7863027380911864e-09,0.0,1.5782503553060234,0
127.018,-3.2389526886699582,-2.7877372908378546,1.1153630692243268,0.0,0.0,1e-12,9.57187738171477e-05,-3.135623427990312e-05,4.4,3.8,10.087213727924755,7,179136075.53657445,4.3048282448208336e+222,4.3048282448208336e+222,2356.8828452983657,2.7863027380911864e-09,0.0,1.5782503553060234,0
127.051,-3.2389526886699582,-2.7877372908378546,1.1153630692243268,0.0,0.0,1e-12,9.57187738171477e-05,-3.135623427990312e-05,4.4,3.8,10.087213727924755,7,179136075.53657445,4.3048282448208336e+222,4.3048282448208336e+222,2356.8828452983657,2.7863027380911864e-09,0.0,1.5782503553060234,0
127.15,-3.2389526886699582,-2.7877372908378546,1.1153630692243268,0.0,0.0,1e-12,9.57187738171477e-05,-3.135623427990312e-05,4.4,3.8,10.087213727924755,7,179136075.55043638,3.4854519007415685e+223,3.4854519007415685e+223,2367.62602467586,2.7863027380911864e-09,0.0,1.5782503553060234,0
127.282,-3.2389526886699582,-2.7877372908378546,1.1153630692243268,0.0,0.0,1e-12,9.57187738171477e-05,-3.135623427990312e-05,4.4,3.8,10.087213727924755,7,179136075.55043638,3.4854519007415685e+223,3.4854519007415685e+223,2367.62602467586,2.7863027380911864e-09,0.0,1.5782503553060234,0
127.414,-3.2389526886699582,-2.7877372908378546,1.1153630692243268,0.0,0.0,1e-12,9.57187738171477e-05,-3.135623427990312e-05,4.4,3.8,10.087213727924755,7,179136075.55043638,3.4854519007415685e+223,3.4854519007415685e+223,2367.62602467586,2.7863027380911864e-09,0.0,1.5782503553060234,0
127.513,-3.2389526886699582,-2.7877372908378546,1.1153630692243268,0.0,0.0,1e-12,9.57187738171477e-05,-3.135623427990312e-05,4.4,3.8,10.087213727924755,7,179136075.55043638,3.4854519007415685e+223,3.4854519007415685e+223,2367.62602467586,2.7863027380911864e-09,0.0,1.5782503553060234,0
127.612,-3.2389526886699582,-2.7877372908378546,1.1153630692243268,0.0,0.0,1e-12,9.57187738171477e-05,-3.135623427990312e-05,4.4,3.8,10.087213727924755,7,179136075.55043638,3.4854519007415685e+223,3.4854519007415685e+223,2367.62602467586,2.7863027380911864e-09,0.0,1.5782503553060234,0
127.711,-3.2389526886699582,-2.7877372908378546,1.1153630692243268,0.0,0.0,1e-12,9.57187738171477e-05,-3.135623427990312e-05,4.4,3.8,10.087213727924755,7,179136075.49427617,3.583244477829368e+224,3.583244477829368e+224,2145.5273241335262,2.7863027380911864e-09,0.0,1.5782503553060234,0
127.81,-3.2389526886699582,-2.7877372908378546,1.1153630692243268,0.0,0.0,1e-12,9.57187738171477e-05,-3.135623427990312e-05,4.4,3.8,10.087213727924755,7,179136075.49427617,3.583244477829368e+224,3.583244477829368e+224,2145.5273241335262,2.7863027380911864e-09,0.0,1.5782503553060234,0
127.909,-3.2389526886699582,-2.7877372908378546,1.1153630692243268,0.0,0.0,1e-12,9.57187738171477e-05,-3.135623427990312e-05,4.4,3.8,10.087213727924755,7,179136075.49427617,3.583244477829368e+224,3.583244477829368e+224,2145.5273241335262,2.7863027380911864e-09,0.0,1.5782503553060234,0
128.008,-3.239142461309285,-2.7883173918261392,1.1149974304819452,0.0,0.0,1e-12,9.57187738171477e-05,-3.135623427990312e-05,4.4,3.8,10.087736297089515,7,179136075.49427617,3.583244477829368e+224,3.583244477829368e+224,2145.5273241335262,2.7863027380911864e-09,0.0,1.5782503553060234,0
128.107,-3.239142461309285,-2.7883173918261392,1.1149974304819452,0.0,0.0,1e-12,9.57187738171477e-05,-3.135623427990312e-05,4.4,3.8,10.087736297089515,7,179136075.49427617,3.583244477829368e+224,3.583244477829368e+224,2145.5273241335262,2.7863027380911864e-09,0.0,1.5782503553060234,0
128.206,-3.239142461309285,-2.7883173918261392,1.1149974304819452,0.0,0.0,1e-12,9.57187738171477e-05,-3.135623427990312e-05,4.4,3.8,10.087736297089515,7,179136075.58604863,3.3013453918415214e+226,3.3013453918415214e+226,2382.6161228647193,2.7863027380911864e-09,0.0,1.5782503553060234,0
128.305,-3.239142461309285,-2.7883173918261392,1.1149974304819452,0.0,0.0,1e-12,9.57187738171477e-05,-3.135623427990312e-05,4.4,3.8,10.087736297089515,7,179136075.58604863,3.3013453918415214e+226,3.3013453918415214e+226,2382.6161228647193,2.7863027380911864e-09,0.0,1.5782503553060234,0
128.404,-3.2389889197975155,-2.788300187970635,1.1155116169279935,0.0,0.0,1e-12,9.57187738171477e-05,-3.135623427990312e-05,4.4,3.8,10.08760878918305,7,179136075.58604863,3.3013453918415214e+226,3.3013453918415214e+226,2382.6161228647193,2.7863027380911864e-09,0.0,1.5782503553060234,0
128.503,-3.239237606545842,-2.78893341933765,1.1152731223239432,0.0,0.0,1e-12,9.57187738171477e-05,-3.135623427990312e-05,4.4,3.8,10.088210684443936,7,179136075.58604863,3.3013453918415214e+226,3.3013453918415214e+226,2382.6161228647193,2.7863027380911864e-09,0.0,1.5782503553060234,0
128.536,-3.239237606545842,-2.78893341933765,1.1152731223239432,0.0,0.0,1e-12,9.57187738171477e-05,-3.135623427990312e-05,4.4,3.8,10.088210684443936,7,179136075.5503514,5.930989102251589e+227,5.930989102251589e+227,1920.4989676517498,2.7863027380911864e-09,0.0,1.5782503553060234,0
128.668,-3.239237606545842,-2.78893341933765,1.1152731223239432,0.0,0.0,1e-12,9.57187738171477e-05,-3.135623427990312e-05,4.4,3.8,10.088210684443936,7,179136075.5503514,5.930989102251589e+227,5.930989102251589e+227,1920.4989676517498,2.7863027380911864e-09,0.0,1.5782503553060234,0
128.8,-3.239237606545842,-2.78893341933765,1.1152731223239432,0.0,0.0,1e-12,9.57187738171477e-05,-3.135623427990312e-05,4.4,3.8,10.088210684443936,7,179136075.5503514,5.930989102251589e+227,5.930989102251589e+227,1920.4989676517498,2.7863027380911864e-09,0.0,1.5782503553060234,0
128.932,-3.239237606545842,-2.78893341933765,1.1152731223239432,0.0,0.0,1e-12,9.57187738171477e-05,-3.135623427990312e-05,4.4,3.8,10.088210684443936,7,179136075.5503514,5.930989102251589e+227,5.930989102251589e+227,1920.4989676517498,2.7863027380911864e-09,0.0,1.5782503553060234,0
129.031,-3.239237606545842,-2.78893341933765,1.1152731223239432,0.0,0.0,1e-12,9.57187738171477e-05,-3.135623427990312e-05,4.4,3.8,10.088210684443936,7,179136075.5503514,5.930989102251589e+227,5.930989102251589e+227,1920.4989676517498,2.7863027380911864e-09,0.0,1.5782503553060234,0
129.097,-3.239237606545842,-2.78893341933765,1.1152731223239432,0.0,0.0,1e-12,9.57187738171477e-05,-3.135623427990312e-05,4.4,3.8,10.088210684443936,7,179136075.5503514,5.930989102251589e+227,5.930989102251589e+227,1920.4989676517498,2.7863027380911864e-09,0.0,1.5782503553060234,0
129.229,-3.239237606545842,-2.78893341933765,1.1152731223239432,0.0,0.0,1e-12,9.57187738171477e-05,-3.135623427990312e-05,4.4,3.8,10.088210684443936,7,179136075.49512464,1.4756224542848582e+229,1.4756224542848582e+229,2178.2404823750862,2.7863027380911864e-09,0.0,1.5782503553060234,0
129.328,-3.239237606545842,-2.78893341933765,1.1152731223239432,0.0,0.0,1e-12,9.57187738171477e-05,-3.135623427990312e-05,4.4,3.8,10.088210684443936,7,179136075.49512464,1.4756224542848582e+229,1.4756224542848582e+229,2178.2404823750862,2.7863027380911864e-09,0.0,1.5782503553060234,0
129.394,-3.239237606545842,-2.78893341933765,1.1152731223239432,0.0,0.0,1e-12,9.57187738171477e-05,-3.135623427990312e-05,4.4,3.8,10.088210684443936,7,179136075.49512464,1.4756224542848582e+229,1.4756224542848582e+229,2178.2404823750862,2.7863027380911864e-09,0.0,1.5782503553060234,0
129.526,-3.239237606545842,-2.78893341933765,1.1152731223239432,0.0,0.0,1e-12,9.57187738171477e-05,-3.135623427990312e-05,4.4,3.8,10.088210684443936,7,179136075.49512464,1.4756224542848582e+229,1.4756224542848582e+229,2178.2404823750862,2.7863027380911864e-09,0.0,1.5782503553060234,0
129.625,-3.239237606545842,-2.78893341933765,1.1152731223239432,0.0,0.0,1e-12,9.57187738171477e-05,-3.135623427990312e-05,4.4,3.8,10.088210684443936,7,179136075.49512464,1.4756224542848582e+229,1.4756224542848582e+229,2178.2404823750862,2.7863027380911864e-09,0.0,1.5782503553060234,0
129.658,-3.239237606545842,-2.78893341933765,1.1152731223239432,0.0,0.0,1e-12,9.57187738171477e-05,-3.135623427990312e-05,4.4,3.8,10.088210684443936,7,179136075.5097164,3.903879416531969e+230,3.903879416531969e+230,2442.4601049175076,2.7863027380911864e-09,0.0,1.5782503553060234,0
129.823,-3.239237606545842,-2.78893341933765,1.1152731223239432,0.0,0.0,1e-12,9.57187738171477e-05,-3.135623427990312e-05,4.4,3.8,10.088210684443936,7,179136075.5097164,3.903879416531969e+230,3.903879416531969e+230,2442.4601049175076,2.7863027380911864e-09,0.0,1.5782503553060234,0
129.922,-3.239237606545842,-2.78893341933765,1.1152731223239432,0.0,0.0,1e-12,9.57187738171477e-05,-3.135623427990312e-05,4.4,3.8,10.088210684443936,7,179136075.5097164,3.903879416531969e+230,3.903879416531969e+230,2442.4601049175076,2.7863027380911864e-09,0.0,1.5782503553060234,0
130.021,-3.239237606545842,-2.78893341933765,1.1152731223239432,0.0,0.0,1e-12,9.57187738171477e-05,-3.135623427990312e-05,4.4,3.8,10.088210684443936,7,179136075.5097164,3.903879416531969e+230,3.903879416531969e+230,2442.4601049175076,2.7863027380911864e-09,0.0,1.5782503553060234,0
130.087,-3.239237606545842,-2.78893341933765,1.1152731223239432,0.0,0.0,1e-12,9.57187738171477e-05,-3.135623427990312e-05,4.4,3.8,10.088210684443936,7,179136075.5097164,3.903879416531969e+230,3.903879416531969e+230,2442.4601049175076,2.7863027380911864e-09,0.0,1.5782503553060234,0
130.186,-3.239072969123716,-2.788992170023212,1.1159608311491818,0.0,0.0,1e-12,9.57187738171477e-05,-3.135623427990312e-05,4.4,3.8,10.088124386833453,7,179136075.49415386,7.059583833737791e+231,7.059583833737791e+231,1702.4753465042995,2.7863027380911864e-09,0.0,1.5782503553060234,0
130.318,-3.239237606545842,-2.78893341933765,1.1152731223239432,0.0,0.0,1e-12,9.57187738171477e-05,-3.135623427990312e-05,4.4,3.8,10.088210684443936,7,179136075.49415386,7.059583833737791e+231,7.059583833737791e+231,1702.4753465042995,2.7863027380911864e-09,0.0,1.5782503553060234,0
130.417,-3.239237606545842,-2.78893341933765,1.1152731223239432,0.0,0.0,1e-12,9.57187738171477e-05,-3.135623427990312e-05,4.4,3.8,10.088210684443936,7,179136075.49415386,7.059583833737791e+231,7.059583833737791e+231,1702.4753465042995,2.7863027380911864e-09,0.0,1.5782503553060234,0
130.516,-3.239237606545842,-2.78893341933765,1.1152731223239432,0.0,0.0,1e-12,9.57187738171477e-05,-3.135623427990312e-05,4.4,3.8,10.088210684443936,7,179136075.49415386,7.059583833737791e+231,7.059583833737791e+231,1702.4753465042995,2.7863027380911864e-09,0.0,1.5782503553060234,0
130.582,-3.239237606545842,-2.78893341933765,1.1152731223239432,0.0,0.0,1e-12,9.57187738171477e-05,-3.135623427990312e-05,4.4,3.8,10.088210684443936,7,179136075.49415386,7.059583833737791e+231,7.059583833737791e+231,1702.4753465042995,2.7863027380911864e-09,0.0,1.5782503553060234,0
130.714,-3.2393039598028346,-2.7896140761987684,1.1156755429406597,0.0,0.0,1e-12,9.57187738171477e-05,-3.135623427990312e-05,4.4,3.8,10.088705499889281,7,179136075.4332345,4.554995262485088e+232,4.554995262485088e+232,2464.9654759152945,2.7863027380911864e-09,0.0,1.5782503553060234,0
130.813,-3.2393039598028346,-2.7896140761987684,1.1156755429406597,0.0,0.0,1e-12,9.57187738171477e-05,-3.135623427990312e-05,4.4,3.8,10.088705499889281,7,179136075.4332345,4.554995262485088e+232,4.554995262485088e+232,2464.9654759152945,2.7863027380911864e-09,0.0,1.5782503553060234,0
130.912,-3.239590202093829,-2.7902664522066285,1.1155463613551935,0.0,0.0,1e-12,9.57187738171477e-05,-3.135623427990312e-05,4.4,3.8,10.089348361862038,7,179136075.4332345,4.554995262485088e+232,4.554995262485088e+232,2464.9654759152945,2.7863027380911864e-09,0.0,1.5782503553060234,0
131.011,-3.239590202093829,-2.7902664522066285,1.1155463613551935,0.0,0.0,1e-12,9.57187738171477e-05,-3.135623427990312e-05,4.4,3.8,10.089348361862038,7,179136075.4332345,4.554995262485088e+232,4.554995262485088e+232,2464.9654759152945,2.7863027380911864e-09,0.0,1.5782503553060234,0
131.044,-3.239590202093829,-2.7902664522066285,1.1155463613551935,0.0,0.0,1e-12,9.57187738171477e-05,-3.135623427990312e-05,4.4,3.8,10.089348361862038,7,179136075.4332345,4.554995262485088e+232,4.554995262485088e+232,2464.9654759152945,2.7863027380911864e-09,0.0,1.5782503553060234,0
131.209,-3.239590202093829,-2.7902664522066285,1.1155463613551935,0.0,0.0,1e-12,9.57187738171477e-05,-3.135623427990312e-05,4.4,3.8,10.089348361862038,7,179136075.34381106,9.51837976075895e+233,9.51837976075895e+233,2479.2030271054855,2.7863027380911864e-09,0.0,1.5782503553060234,0
131.308,-3.2397092666182834,-2.790726506897919,1.1151302684499314,0.0,0.0,1e-12,9.57187738171477e-05,-3.135623427990312e-05,4.4,3.8,10.089739023739916,7,179136075.34381106,9.51837976075895e+233,9.51837976075895e+233,2479.2030271054855,2.7863027380911864e-09,0.0,1.5782503553060234,0
131.407,-3.2397092666182834,-2.790726506897919,1.1151302684499314,0.0,0.0,1e-12,9.57187738171477e-05,-3.135623427990312e-05,4.4,3.8,10.089739023739916,7,179136075.34381106,9.51837976075895e+233,9.51837976075895e+233,2479.2030271054855,2.7863027380911864e-09,0.0,1.5782503553060234,0
131.506,-3.2397092666182834,-2.790726506897919,1.1151302684499314,0.0,0.0,1e-12,9.57187738171477e-05,-3.135623427990312e-05,4.4,3.8,10.089739023739916,7,179136075.34381106,9.51837976075895e+233,9.51837976075895e+233,2479.2030271054855,2.7863027380911864e-09,0.0,1.5782503553060234,0
131.605,-3.2397092666182834,-2.790726506897919,1.1151302684499314,0.0,0.0,1e-12,9.57187738171477e-05,-3.135623427990312e-05,4.4,3.8,10.089739023739916,7,179136075.34381106,9.51837976075895e+233,9.51837976075895e+233,2479.2030271054855,2.7863027380911864e-09,0.0,1.5782503553060234,0
131.638,-3.2397092666182834,-2.790726506897919,1.1151302684499314,0.0,0.0,1e-12,9.57187738171477e-05,-3.135623427990312e-05,4.4,3.8,10.089739023739916,7,179136075.24953315,9.270466235419423e+234,9.270466235419423e+234,2489.430809562608,2.7863027380911864e-09,0.0,1.5782503553060234,0
131.803,-3.239512001248224,-2.7905795360402728,1.1158242061427428,0.0,0.0,1e-12,9.57187738171477e-05,-3.135623427990312e-05,4.4,3.8,10.089493656179604,7,179136075.24953315,9.270466235419423e+234,9.270466235419423e+234,2489.430809562608,2.7863027380911864e-09,0.0,1.5782503553060234,0
131.902,-3.239512001248224,-2.7905795360402728,1.1158242061427428,0.0,0.0,1e-12,9.57187738171477e-05,-3.135623427990312e-05,4.4,3.8,10.089493656179604,7,179136075.24953315,9.270466235419423e+234,9.270466235419423e+234,2489.430809562608,2.7863027380911864e-09,0.0,1.5782503553060234,0
132.001,-3.239512001248224,-2.7905795360402728,1.1158242061427428,0.0,0.0,1e-12,9.57187738171477e-05,-3.135623427990312e-05,4.4,3.8,10.089493656179604,7,179136075.24953315,9.270466235419423e+234,9.270466235419423e+234,2489.430809562608,2.7863027380911864e-09,0.0,1.5782503553060234,0
132.133,-3.239512001248224,-2.7905795360402728,1.1158242061427428,0.0,0.0,1e-12,9.57187738171477e-05,-3.135623427990312e-05,4.4,3.8,10.089493656179604,7,179136075.24953315,9.270466235419423e+234,9.270466235419423e+234,2489.430809562608,2.7863027380911864e-09,0.0,1.5782503553060234,0
132.199,-3.239512001248224,-2.7905795360402728,1.1158242061427428,0.0,0.0,1e-12,9.57187738171477e-05,-3.135623427990312e-05,4.4,3.8,10.089493656179604,7,179136075.23488235,1.1436184466243633e+236,1.1436184466243633e+236,2501.8997797471575,2.7863027380911864e-09,0.0,1.5782503553060234,0
132.331,-3.2396405307830163,-2.791068369214272,1.1153910837919225,0.0,0.0,1e-12,9.57187738171477e-05,-3.135623427990312e-05,4.4,3.8,10.089910291337555,7,179136075.23488235,1.1436184466243633e+236,1.1436184466243633e+236,2501.8997797471575,2.7863027380911864e-09,0.0,1.5782503553060234,0
132.364,-3.2396405307830163,-2.791068369214272,1.1153910837919225,0.0,0.0,1e-12,9.57187738171477e-05,-3.135623427990312e-05,4.4,3.8,10.089910291337555,7,179136075.23488235,1.1436184466243633e+236,1.1436184466243633e+236,2501.8997797471575,2.7863027380911864e-09,0.0,1.5782503553060234,0
132.463,-3.2396405307830163,-2.791068369214272,1.1153910837919225,0.0,0.0,1e-12,9.57187738171477e-05,-3.135623427990312e-05,4.4,3.8,10.089910291337555,7,179136075.23488235,1.1436184466243633e+236,1.1436184466243633e+236,2501.8997797471575,2.7863027380911864e-09,0.0,1.5782503553060234,0
132.595,-3.2396405307830163,-2.791068369214272,1.1153910837919225,0.0,0.0,1e-12,9.57187738171477e-05,-3.135623427990312e-05,4.4,3.8,10.089910291337555,7,179136075.23488235,1.1436184466243633e+236,1.1436184466243633e+236,2501.8997797471575,2.7863027380911864e-09,0.0,1.5782503553060234,0
132.694,-3.239598421236337,-2.7909715672086386,1.115372096140205,0.0,0.0,1e-12,9.57187738171477e-05,-3.135623427990312e-05,4.4,3.8,10.089815173604988,7,179136075.22835588,3.304217049975858e+237,3.304217049975858e+237,2514.934625644172,2.7863027380911864e-09,0.0,1.5782503553060234,0
132.826,-3.239598421236337,-2.7909715672086386,1.115372096140205,0.0,0.0,1e-12,9.57187738171477e-05,-3.135623427990312e-05,4.4,3.8,10.089815173604988,7,179136075.22835588,3.304217049975858e+237,3.304217049975858e+237,2514.934625644172,2.7863027380911864e-09,0.0,1.5782503553060234,0
132.925,-3.239598421236337,-2.7909715672086386,1.115372096140205,0.0,0.0,1e-12,9.57187738171477e-05,-3.135623427990312e-05,4.4,3.8,10.089815173604988,7,179136075.22835588,3.304217049975858e+237,3.304217049975858e+237,2514.934625644172,2.7863027380911864e-09,0.0,1.5782503553060234,0
132.958,-3.2395810157642515,-2.7912209644055865,1.1158717835078844,0.0,0.0,1e-12,9.57187738171477e-05,-3.135623427990312e-05,4.4,3.8,10.089964910644897,7,179136075.22835588,3.304217049975858e+237,3.304217049975858e+237,2514.934625644172,2.7863027380911864e-09,0.0,1.5782503553060234,0
133.123,-3.2395810157642515,-2.7912209644055865,1.1158717835078844,0.0,0.0,1e-12,9.57187738171477e-05,-3.135623427990312e-05,4.4,3.8,10.089964910644897,7,179136075.22835588,3.304217049975858e+237,3.304217049975858e+237,2514.934625644172,2.7863027380911864e-09,0.0,1.5782503553060234,0
133.222,-3.2395810157642515,-2.7912209644055865,1.1158717835078844,0.0,0.0,1e-12,9.57187738171477e-05,-3.135623427990312e-05,4.4,3.8,10.089964910644897,7,179136075.21967143,2.0957566814267534e+238,2.0957566814267534e+238,2266.159980367319,2.7863027380911864e-09,0.0,1.5782503553060234,0
133.321,-3.2395810157642515,-2.7912209644055865,1.1158717835078844,0.0,0.0,1e-12,9.57187738171477e-05,-3.135623427990312e-05,4.4,3.8,10.089964910644897,7,179136075.21967143,2.0957566814267534e+238,2.0957566814267534e+238,2266.159980367319,2.7863027380911864e-09,0.0,1.5782503553060234,0
133.42,-3.2395810157642515,-2.7912209644055865,1.1158717835078844,0.0,0.0,1e-12,9.57187738171477e-05,-3.135623427990312e-05,4.4,3.8,10.089964910644897,7,179136075.21967143,2.0957566814267534e+238,2.0957566814267534e+238,2266.159980367319,2.7863027380911864e-09,0.0,1.5782503553060234,0
133.486,-3.2395810157642515,-2.7912209644055865,1.1158717835078844,0.0,0.0,1e-12,9.57187738171477e-05,-3.135623427990312e-05,4.4,3.8,10.089964910644897,7,179136075.21967143,2.0957566814267534e+238,2.0957566814267534e+238,2266.159980367319,2.7863027380911864e-09,0.0,1.5782503553060234,0
133.618,-3.2395810157642515,-2.7912209644055865,1.1158717835078844,0.0,0.0,1e-12,9.57187738171477e-05,-3.135623427990312e-05,4.4,3.8,10.089964910644897,7,179136075.21967143,2.0957566814267534e+238,2.0957566814267534e+238,2266.159980367319,2.7863027380911864e-09,0.0,1.5782503553060234,0
133.717,-3.23932918600047,-2.7906262929966705,1.1160242061398988,0.0,0.0,1e-12,9.57187738171477e-05,-3.135623427990312e-05,4.4,3.8,10.08938577644931,7,179136075.15617794,2.5216397546570705e+239,2.5216397546570705e+239,2537.2100172219184,2.7863027380911864e-09,0.0,1.5782503553060234,0
133.816,-3.239182292710208,-2.7907879003674845,1.1168306590525496,0.0,0.0,1e-12,9.57187738171477e-05,-3.135623427990312e-05,4.4,3.8,10.089380122132757,7,179136075.15617794,2.5216397546570705e+239,2.5216397546570705e+239,2537.2100172219184,2.7863027380911864e-09,0.0,1.5782503553060234,0
133.915,-3.239182292710208,-2.7907879003674845,1.1168306590525496,0.0,0.0,1e-12,9.57187738171477e-05,-3.135623427990312e-05,4.4,3.8,10.089380122132757,7,179136075.15617794,2.5216397546570705e+239,2.5216397546570705e+239,2537.2100172219184,2.7863027380911864e-09,0.0,1.5782503553060234,0
134.014,-3.239182292710208,-2.7907879003674845,1.1168306590525496,0.0,0.0,1e-12,9.57187738171477e-05,-3.135623427990312e-05,4.4,3.8,10.089380122132757,7,179136075.15617794,2.5216397546570705e+239,2.5216397546570705e+239,2537.2100172219184,2.7863027380911864e-09,0.0,1.5782503553060234,0
134.08,-3.239182292710208,-2.7907879003674845,1.1168306590525496,0.0,0.0,1e-12,9.57187738171477e-05,-3.135623427990312e-05,4.4,3.8,10.089380122132757,7,179136075.15617794,2.5216397546570705e+239,2.5216397546570705e+239,2537.2100172219184,2.7863027380911864e-09,0.0,1.5782503553060234,0
134.08,-3.239182292710208,-2.7907879003674845,1.1168306590525496,0.0,0.0,1e-12,9.57187738171477e-05,-3.135623427990312e-05,4.4,3.8,10.089380122132757,7,179136075.20167464,5.7253673507611545e+240,5.7253673507611545e+240,2393.9830057316562,2.7863027380911864e-09,0.0,1.5782503553060234,0
134.278,-3.239182292710208,-2.7907879003674845,1.1168306590525496,0.0,0.0,1e-12,9.57187738171477e-05,-3.135623427990312e-05,4.4,3.8,10.089380122132757,7,179136075.20167464,5.7253673507611545e+240,5.7253673507611545e+240,2393.9830057316562,2.7863027380911864e-09,0.0,1.5782503553060234,0
134.41,-3.239182292710208,-2.7907879003674845,1.1168306590525496,0.0,0.0,1e-12,9.57187738171477e-05,-3.135623427990312e-05,4.4,3.8,10.089380122132757,7,179136075.20167464,5.7253673507611545e+240,5.7253673507611545e+240,2393.9830057316562,2.7863027380911864e-09,0.0,1.5782503553060234,0
134.443,-3.239182292710208,-2.7907879003674845,1.1168306590525496,0.0,0.0,1e-12,9.57187738171477e-05,-3.135623427990312e-05,4.4,3.8,10.089380122132757,7,179136075.20167464,5.7253673507611545e+240,5.7253673507611545e+240,2393.9830057316562,2.7863027380911864e-09,0.0,1.5782503553060234,0
134.575,-3.239182292710208,-2.7907879003674845,1.1168306590525496,0.0,0.0,1e-12,9.57187738171477e-05,-3.135623427990312e-05,4.4,3.8,10.089380122132757,7,179136075.20167464,5.7253673507611545e+240,5.7253673507611545e+240,2393.9830057316562,2.7863027380911864e-09,0.0,1.5782503553060234,0
134.707,-3.239182292710208,-2.7907879003674845,1.1168306590525496,0.0,0.0,1e-12,9.57187738171477e-05,-3.135623427990312e-05,4.4,3.8,10.089380122132757,7,179136075.11106512,1.8480883151174418e+242,1.8480883151174418e+242,2566.8400059416335,2.7863027380911864e-09,0.0,1.5782503553060234,0
134.707,-3.239182292710208,-2.7907879003674845,1.1168306590525496,0.0,0.0,1e-12,9.57187738171477e-05,-3.135623427990312e-05,4.4,3.8,10.089380122132757,7,179136075.11106512,1.8480883151174418e+242,1.8480883151174418e+242,2566.8400059416335,2.7863027380911864e-09,0.0,1.5782503553060234,0
134.905,-3.239182292710208,-2.7907879003674845,1.1168306590525496,0.0,0.0,1e-12,9.57187738171477e-05,-3.135623427990312e-05,4.4,3.8,10.089380122132757,7,179136075.11106512,1.8480883151174418e+242,1.8480883151174418e+242,2566.8400059416335,2.7863027380911864e-09,0.0,1.5782503553060234,0
135.037,-3.239182292710208,-2.7907879003674845,1.1168306590525496,0.0,0.0,1e-12,9.57187738171477e-05,-3.135623427990312e-05,4.4,3.8,10.089380122132757,7,179136075.11106512,1.8480883151174418e+242,1.8480883151174418e+242,2566.8400059416335,2.7863027380911864e-09,0.0,1.5782503553060234,0
135.103,-3.239182292710208,-2.7907879003674845,1.1168306590525496,0.0,0.0,1e-12,9.57187738171477e-05,-3.135623427990312e-05,4.4,3.8,10.089380122132757,7,179136075.11106512,1.8480883151174418e+242,1.8480883151174418e+242,2566.8400059416335,2.7863027380911864e-09,0.0,1.5782503553060234,0
135.235,-3.239182292710208,-2.7907879003674845,1.1168306590525496,0.0,0.0,1e-12,9.57187738171477e-05,-3.135623427990312e-05,4.4,3.8,10.089380122132757,7,179136075.0289564,1.2669855700925722e+243,1.2669855700925722e+243,2576.8921733060797,2.7863027380911864e-09,0.0,1.5782503553060234,0
135.301,-3.239182292710208,-2.7907879003674845,1.1168306590525496,0.0,0.0,1e-12,9.57187738171477e-05,-3.135623427990312e-05,4.4,3.8,10.089380122132757,7,179136075.0289564,1.2669855700925722e+243,1.2669855700925722e+243,2576.8921733060797,2.7863027380911864e-09,0.0,1.5782503553060234,0
135.433,-3.239182292710208,-2.7907879003674845,1.1168306590525496,0.0,0.0,1e-12,9.57187738171477e-05,-3.135623427990312e-05,4.4,3.8,10.089380122132757,7,179136075.0289564,1.2669855700925722e+243,1.2669855700925722e+243,2576.8921733060797,2.7863027380911864e-09,0.0,1.5782503553060234,0
135.466,-3.239182292710208,-2.7907879003674845,1.1168306590525496,0.0,0.0,1e-12,9.57187738171477e-05,-3.135623427990312e-05,4.4,3.8,10.089380122132757,7,179136075.0289564,1.2669855700925722e+243,1.2669855700925722e+243,2576.8921733060797,2.7863027380911864e-09,0.0,1.5782503553060234,0
135.532,-3.239182292710208,-2.7907879003674845,1.1168306590525496,0.0,0.0,1e-12,9.57187738171477e-05,-3.135623427990312e-05,4.4,3.8,10.089380122132757,7,179136075.0289564,1.2669855700925722e+243,1.2669855700925722e+243,2576.8921733060797,2.7863027380911864e-09,0.0,1.5782503553060234,0
135.697,-3.239363033105174,-2.7913520215531444,1.1164606996278954,0.0,0.0,1e-12,9.57187738171477e-05,-3.135623427990312e-05,4.4,3.8,10.089885481193859,7,179136074.94777137,2.6351055694218092e+244,2.6351055694218092e+244,2589.4961432246464,2.7863027380911864e-09,0.0,1.5782503553060234,0
135.763,-3.239363033105174,-2.7913520215531444,1.1164606996278954,0.0,0.0,1e-12,9.57187738171477e-05,-3.135623427990312e-05,4.4,3.8,10.089885481193859,7,179136074.94777137,2.6351055694218092e+244,2.6351055694218092e+244,2589.4961432246464,2.7863027380911864e-09,0.0,1.5782503553060234,0
135.895,-3.239363033105174,-2.7913520215531444,1.1164606996278954,0.0,0.0,1e-12,9.57187738171477e-05,-3.135623427990312e-05,4.4,3.8,10.089885481193859,7,179136074.94777137,2.6351055694218092e+244,2.6351055694218092e+244,2589.4961432246464,2.7863027380911864e-09,0.0,1.5782503553060234,0
135.961,-3.239363033105174,-2.7913520215531444,1.1164606996278954,0.0,0.0,1e-12,9.57187738171477e-05,-3.135623427990312e-05,4.4,3.8,10.089885481193859,7,179136074.94777137,2.6351055694218092e+244,2.6351055694218092e+244,2589.4961432246464,2.7863027380911864e-09,0.0,1.5782503553060234,0
136.126,-3.239363033105174,-2.7913520215531444,1.1164606996278954,0.0,0.0,1e-12,9.57187738171477e-05,-3.135623427990312e-05,4.4,3.8,10.089885481193859,7,179136074.94777137,2.6351055694218092e+244,2.6351055694218092e+244,2589.4961432246464,2.7863027380911864e-09,0.0,1.5782503553060234,0
136.159,-3.239363033105174,-2.7913520215531444,1.1164606996278954,0.0,0.0,1e-12,9.57187738171477e-05,-3.135623427990312e-05,4.4,3.8,10.089885481193859,7,179136074.80443496,1.5749368366690098e+245,1.5749368366690098e+245,2595.441945101395,2.7863027380911864e-09,0.0,1.5782503553060234,0
136.291,-3.239363033105174,-2.7913520215531444,1.1164606996278954,0.0,0.0,1e-12,9.57187738171477e-05,-3.135623427990312e-05,4.4,3.8,10.089885481193859,7,179136074.80443496,1.5749368366690098e+245,1.5749368366690098e+245,2595.441945101395,2.7863027380911864e-09,0.0,1.5782503553060234,0
136.423,-3.239363033105174,-2.7913520215531444,1.1164606996278954,0.0,0.0,1e-12,9.57187738171477e-05,-3.135623427990312e-05,4.4,3.8,10.089885481193859,7,179136074.80443496,1.5749368366690098e+245,1.5749368366690098e+245,2595.441945101395,2.7863027380911864e-09,0.0,1.5782503553060234,0
136.522,-3.2394300518297223,-2.791788653318181,1.1168191863563908,0.0,0.0,1e-12,9.57187738171477e-05,-3.135623427990312e-05,4.4,3.8,10.090221462723868,7,179136074.80443496,1.5749368366690098e+245,1.5749368366690098e+245,2595.441945101395,2.7863027380911864e-09,0.0,1.5782503553060234,0
136.621,-3.2394300518297223,-2.791788653318181,1.1168191863563908,0.0,0.0,1e-12,9.57187738171477e-05,-3.135623427990312e-05,4.4,3.8,10.090221462723868,7,179136074.80443496,1.5749368366690098e+245,1.5749368366690098e+245,2595.441945101395,2.7863027380911864e-09,0.0,1.5782503553060234,0
136.72,-3.239697058355005,-2.792425136996053,1.1166475830568612,0.0,0.0,1e-12,9.57187738171477e-05,-3.135623427990312e-05,4.4,3.8,10.090839426446916,7,179136074.79866734,3.211234049279829e+246,3.211234049279829e+246,2339.927228586143,2.7863027380911864e-09,0.0,1.5782503553060234,0
136.819,-3.239697058355005,-2.792425136996053,1.1166475830568612,0.0,0.0,1e-12,9.57187738171477e-05,-3.135623427990312e-05,4.4,3.8,10.090839426446916,7,179136074.79866734,3.211234049279829e+246,3.211234049279829e+246,2339.927228586143,2.7863027380911864e-09,0.0,1.5782503553060234,0
136.885,-3.239697058355005,-2.792425136996053,1.1166475830568612,0.0,0.0,1e-12,9.57187738171477e-05,-3.135623427990312e-05,4.4,3.8,10.090839426446916,7,179136074.79866734,3.211234049279829e+246,3.211234049279829e+246,2339.927228586143,2.7863027380911864e-09,0.0,1.5782503553060234,0
136.885,-3.239697058355005,-2.792425136996053,1.1166475830568612,0.0,0.0,1e-12,9.57187738171477e-05,-3.135623427990312e-05,4.4,3.8,10.090839426446916,7,179136074.79866734,3.211234049279829e+246,3.211234049279829e+246,2339.927228586143,2.7863027380911864e-09,0.0,1.5782503553060234,0
137.083,-3.239697058355005,-2.792425136996053,1.1166475830568612,0.0,0.0,1e-12,9.57187738171477e-05,-3.135623427990312e-05,4.4,3.8,10.090839426446916,7,179136074.79866734,3.211234049279829e+246,3.211234049279829e+246,2339.927228586143,2.7863027380911864e-09,0.0,1.5782503553060234,0
137.149,-3.239697058355005,-2.792425136996053,1.1166475830568612,0.0,0.0,1e-12,9.57187738171477e-05,-3.135623427990312e-05,4.4,3.8,10.090839426446916,7,179136074.82100895,2.7222050982610743e+247,2.7222050982610743e+247,2623.21530647681,2.7863027380911864e-09,0.0,1.5782503553060234,0
137.347,-3.239945963324422,-2.7923781495843043,1.1156679357301176,0.0,0.0,1e-12,9.57187738171477e-05,-3.135623427990312e-05,4.4,3.8,10.090997175187084,7,179136074.82100895,2.7222050982610743e+247,2.7222050982610743e+247,2623.21530647681,2.7863027380911864e-09,0.0,1.5782503553060234,0
137.413,-3.239697058355005,-2.792425136996053,1.1166475830568612,0.0,0.0,1e-12,9.57187738171477e-05,-3.135623427990312e-05,4.4,3.8,10.090839426446916,7,179136074.82100895,2.7222050982610743e+247,2.7222050982610743e+247,2623.21530647681,2.7863027380911864e-09,0.0,1.5782503553060234,0
137.512,-3.23947378766436,-2.7928985359077814,1.114855913942607,0.0,0.0,1e-12,9.57187738171477e-05,-3.135623427990312e-05,4.4,3.8,10.090979677770925,7,179136074.82100895,2.7222050982610743e+247,2.7222050982610743e+247,2623.21530647681,2.7863027380911864e-09,0.0,1.5782503553060234,0
137.578,-3.239697058355005,-2.792425136996053,1.1166475830568612,0.0,0.0,1e-12,9.57187738171477e-05,-3.135623427990312e-05,4.4,3.8,10.090839426446916,7,179136074.82100895,2.7222050982610743e+247,2.7222050982610743e+247,2623.21530647681,2.7863027380911864e-09,0.0,1.5782503553060234,0
137.71,-3.23947378766436,-2.7928985359077814,1.114855913942607,0.0,0.0,1e-12,9.57187738171477e-05,-3.135623427990312e-05,4.4,3.8,10.090979677770925,7,179136074.85268566,1.9162744432541414e+248,1.9162744432541414e+248,2088.014784189775,2.7863027380911864e-09,0.0,1.5782503553060234,0
137.809,-3.23947378766436,-2.7928985359077814,1.114855913942607,0.0,0.0,1e-12,9.57187738171477e-05,-3.135623427990312e-05,4.4,3.8,10.090979677770925,7,179136074.85268566,1.9162744432541414e+248,1.9162744432541414e+248,2088.014784189775,2.7863027380911864e-09,0.0,1.5782503553060234,0
137.908,-3.23947378766436,-2.7928985359077814,1.114855913942607,0.0,0.0,1e-12,9.57187738171477e-05,-3.135623427990312e-05,4.4,3.8,10.090979677770925,7,179136074.85268566,1.9162744432541414e+248,1.9162744432541414e+248,2088.014784189775,2.7863027380911864e-09,0.0,1.5782503553060234,0
138.04,-3.23947378766436,-2.7928985359077814,1.114855913942607,0.0,0.0,1e-12,9.57187738171477e-05,-3.135623427990312e-05,4.4,3.8,10.090979677770925,7,179136074.85268566,1.9162744432541414e+248,1.9162744432541414e+248,2088.014784189775,2.7863027380911864e-09,0.0,1.5782503553060234,0
138.139,-3.2397226902555114,-2.792851536888465,1.11387526304799,0.0,0.0,1e-12,9.57187738171477e-05,-3.135623427990312e-05,4.4,3.8,10.091137407223108,7,179136074.85268566,1.9162744432541414e+248,1.9162744432541414e+248,2088.014784189775,2.7863027380911864e-09,0.0,1.5782503553060234,0
138.205,-3.2397226902555114,-2.792851536888465,1.11387526304799,0.0,0.0,1e-12,9.57187738171477e-05,-3.135623427990312e-05,4.4,3.8,10.091137407223108,7,20456113065079.61,22415.534476463377,22382.819592766573,31.607475951466437,2.7863027380911864e-09,0.0,1.1074077425524997,0
138.337,-3.2397226902555114,-2.792851536888465,1.11387526304799,0.0,0.0,1e-12,9.57187738171477e-05,-3.135623427990312e-05,4.4,3.8,10.091137407223108,7,20456113065079.61,22415.534476463377,22382.819592766573,31.607475951466437,2.7863027380911864e-09,0.0,1.1074077425524997,0
138.403,-3.23947378766436,-2.7928985359077814,1.114855913942607,0.0,0.0,1e-12,9.57187738171477e-05,-3.135623427990312e-05,4.4,3.8,10.090979677770925,7,20456113065079.61,22415.534476463377,22382.819592766573,31.607475951466437,2.7863027380911864e-09,0.0,1.1074077425524997,0
138.502,-3.23947378766436,-2.7928985359077814,1.114855913942607,0.0,0.0,1e-12,9.57187738171477e-05,-3.135623427990312e-05,4.4,3.8,10.090979677770925,7,20456113065079.61,22415.534476463377,22382.819592766573,31.607475951466437,2.7863027380911864e-09,0.0,1.1074077425524997,0
138.634,-3.2394275646427437,-2.79220395773007,1.1139664616772795,0.0,0.0,1e-12,9.57187738171477e-05,-3.135623427990312e-05,4.4,3.8,10.09049089666778,7,20456113065079.61,22415.534476463377,22382.819592766573,31.607475951466437,2.7863027380911864e-09,0.0,1.1074077425524997,0
138.667,-3.2391786213072056,-2.7922509447774075,1.1149439438922868,0.0,0.0,1e-12,9.57187738171477e-05,-3.135623427990312e-05,4.4,3.8,10.090333122704903,7,20456113065079.61,22415.534476463377,22382.819592766573,31.607475951466437,2.7863027380911864e-09,0.0,1.1074077425524997,0
138.733,-3.2391786213072056,-2.7922509447774075,1.1149439438922868,0.0,0.0,1e-12,9.57187738171477e-05,-3.135623427990312e-05,4.4,3.8,10.090333122704903,7,20456113065079.61,22415.534476463377,22382.819592766573,31.607475951466437,2.7863027380911864e-09,0.0,1.1074077425524997,0
138.931,-3.2394275646427437,-2.79220395773007,1.1139664616772795,0.0,0.0,1e-12,9.57187738171477e-05,-3.135623427990312e-05,4.4,3.8,10.09049089666778,7,20456113065079.61,22415.534476463377,22382.819592766573,31.607475951466437,2.7863027380911864e-09,0.0,1.1074077425524997,0
139.03,-3.2394275646427437,-2.79220395773007,1.1139664616772795,0.0,0.0,1e-12,9.57187738171477e-05,-3.135623427990312e-05,4.4,3.8,10.09049089666778,7,20456113065079.61,22415.534476463377,22382.819592766573,31.607475951466437,2.7863027380911864e-09,0.0,1.1074077425524997,0
139.129,-3.2394275646427437,-2.79220395773007,1.1139664616772795,0.0,0.0,1e-12,9.57187738171477e-05,-3.135623427990312e-05,4.4,3.8,10.09049089666778,7,20456113065079.61,22415.534476463377,22382.819592766573,31.607475951466437,2.7863027380911864e-09,0.0,1.1074077425524997,0
139.162,-3.2394275646427437,-2.79220395773007,1.1139664616772795,0.0,0.0,1e-12,9.57187738171477e-05,-3.135623427990312e-05,4.4,3.8,10.09049089666778,7,20456113065079.61,22415.534476463377,22382.819592766573,31.607475951466437,2.7863027380911864e-09,0.0,1.1074077425524997,0
139.261,-3.2394275646427437,-2.79220395773007,1.1139664616772795,0.0,0.0,1e-12,9.57187738171477e-05,-3.135623427990312e-05,4.4,3.8,10.09049089666778,7,20456113065079.61,22415.534476463377,22382.819592766573,31.607475951466437,2.7863027380911864e-09,0.0,1.1074077425524997,0
139.426,-3.2394275646427437,-2.79220395773007,1.1139664616772795,0.0,0.0,1e-12,9.57187738171477e-05,-3.135623427990312e-05,4.4,3.8,10.09049089666778,7,20456113065079.61,22415.534476463377,22382.819592766573,31.607475951466437,2.7863027380911864e-09,0.0,1.1074077425524997,0
139.525,-3.2391786213072056,-2.7922509447774075,1.1149439438922868,0.0,0.0,1e-12,9.57187738171477e-05,-3.135623427990312e-05,4.4,3.8,10.090333122704903,7,20456113065079.61,22415.534476463377,22382.819592766573,31.607475951466437,2.7863027380911864e-09,0.0,1.1074077425524997,0
139.591,-3.2391786213072056,-2.7922509447774075,1.1149439438922868,0.0,0.0,1e-12,9.57187738171477e-05,-3.135623427990312e-05,4.4,3.8,10.090333122704903,7,20456113065079.61,22415.534476463377,22382.819592766573,31.607475951466437,2.7863027380911864e-09,0.0,1.1074077425524997,0
139.723,-3.2394275646427437,-2.79220395773007,1.1139664616772795,0.0,0.0,1e-12,9.57187738171477e-05,-3.135623427990312e-05,4.4,3.8,10.09049089666778,7,20456113065079.61,22415.534476463377,22382.819592766573,31.607475951466437,2.7863027380911864e-09,0.0,1.1074077425524997,0
139.789,-3.2394275646427437,-2.79220395773007,1.1139664616772795,0.0,0.0,1e-12,9.57187738171477e-05,-3.135623427990312e-05,4.4,3.8,10.09049089666778,7,20456113065079.61,22415.534476463377,22382.819592766573,31.607475951466437,2.7863027380911864e-09,0.0,1.1074077425524997,0
139.888,-3.2394275646427437,-2.79220395773007,1.1139664616772795,0.0,0.0,1e-12,9.57187738171477e-05,-3.135623427990312e-05,4.4,3.8,10.09049089666778,7,20456113065079.61,22415.534476463377,22382.819592766573,31.607475951466437,2.7863027380911864e-09,0.0,1.1074077425524997,0
139.954,-3.2394275646427437,-2.79220395773007,1.1139664616772795,0.0,0.0,1e-12,9.57187738171477e-05,-3.135623427990312e-05,4.4,3.8,10.09049089666778,7,20456113065079.61,22415.534476463377,22382.819592766573,31.607475951466437,2.7863027380911864e-09,0.0,1.1074077425524997,0
140.119,-3.2394275646427437,-2.79220395773007,1.1139664616772795,0.0,0.0,1e-12,9.57187738171477e-05,-3.135623427990312e-05,4.4,3.8,10.09049089666778,7,20456113065079.61,22415.534476463377,22382.819592766573,31.607475951466437,2.7863027380911864e-09,0.0,1.1074077425524997,0
140.218,-3.2394275646427437,-2.79220395773007,1.1139664616772795,0.0,0.0,1e-12,9.57187738171477e-05,-3.135623427990312e-05,4.4,3.8,10.09049089666778,7,20456113065079.61,22415.534476463377,22382.819592766573,31.607475951466437,2.7863027380911864e-09,0.0,1.1074077425524997,0
140.284,-3.2394275646427437,-2.79220395773007,1.1139664616772795,0.0,0.0,1e-12,9.57187738171477e-05,-3.135623427990312e-05,4.4,3.8,10.09049089666778,7,20456113065079.61,22415.534476463377,22382.819592766573,31.607475951466437,2.7863027380911864e-09,0.0,1.1074077425524997,0
140.416,-3.2394275646427437,-2.79220395773007,1.1139664616772795,0.0,0.0,1e-12,9.57187738171477e-05,-3.135623427990312e-05,4.4,3.8,10.09049089666778,7,20456113065079.61,22415.534476463377,22382.819592766573,31.607475951466437,2.7863027380911864e-09,0.0,1.1074077425524997,0
140.515,-3.2394275646427437,-2.79220395773007,1.1139664616772795,0.0,0.0,1e-12,9.57187738171477e-05,-3.135623427990312e-05,4.4,3.8,10.09049089666778,7,20456113065079.61,22415.534476463377,22382.819592766573,31.607475951466437,2.7863027380911864e-09,0.0,1.1074077425524997,0
140.581,-3.2394275646427437,-2.79220395773007,1.1139664616772795,0.0,0.0,1e-12,9.57187738171477e-05,-3.135623427990312e-05,4.4,3.8,10.09049089666778,7,20456113065079.61,22415.534476463377,22382.819592766573,31.607475951466437,2.7863027380911864e-09,0.0,1.1074077425524997,0
140.68,-3.2392365101850964,-2.7921308266900597,1.1145239846700845,0.0,0.0,1e-12,9.57187738171477e-05,-3.135623427990312e-05,4.4,3.8,10.090298474016631,7,20456113065079.61,22415.534476463377,22382.819592766573,31.607475951466437,2.7863027380911864e-09,0.0,1.1074077425524997,0
140.845,-3.2392365101850964,-2.7921308266900597,1.1145239846700845,0.0,0.0,1e-12,9.57187738171477e-05,-3.135623427990312e-05,4.4,3.8,10.090298474016631,7,20456113065079.61,22415.534476463377,22382.819592766573,31.607475951466437,2.7863027380911864e-09,0.0,1.1074077425524997,0
140.911,-3.2392365101850964,-2.7921308266900597,1.1145239846700845,0.0,0.0,1e-12,9.57187738171477e-05,-3.135623427990312e-05,4.4,3.8,10.090298474016631,7,20456113065079.61,22415.534476463377,22382.819592766573,31.607475951466437,2.7863027380911864e-09,0.0,1.1074077425524997,0
141.01,-3.2392365101850964,-2.7921308266900597,1.1145239846700845,0.0,0.0,1e-12,9.57187738171477e-05,-3.135623427990312e-05,4.4,3.8,10.090298474016631,7,20456113065079.61,22415.534476463377,22382.819592766573,31.607475951466437,2.7863027380911864e-09,0.0,1.1074077425524997,0
141.109,-3.2392365101850964,-2.7921308266900597,1.1145239846700845,0.0,0.0,1e-12,9.57187738171477e-05,-3.135623427990312e-05,4.4,3.8,10.090298474016631,7,20456113065079.61,22415.534476463377,22382.819592766573,31.607475951466437,2.7863027380911864e-09,0.0,1.1074077425524997,0
141.208,-3.2392365101850964,-2.7921308266900597,1.1145239846700845,0.0,0.0,1e-12,9.57187738171477e-05,-3.135623427990312e-05,4.4,3.8,10.090298474016631,7,20456113065079.61,22415.534476463377,22382.819592766573,31.607475951466437,2.7863027380911864e-09,0.0,1.1074077425524997,0
141.307,-3.2392365101850964,-2.7921308266900597,1.1145239846700845,0.0,0.0,1e-12,9.57187738171477e-05,-3.135623427990312e-05,4.4,3.8,10.090298474016631,7,20456113065079.61,22415.534476463377,22382.819592766573,31.607475951466437,2.7863027380911864e-09,0.0,1.1074077425524997,0
141.406,-3.2392365101850964,-2.7921308266900597,1.1145239846700845,0.0,0.0,1e-12,9.57187738171477e-05,-3.135623427990312e-05,4.4,3.8,10.090298474016631,7,20456113065079.61,22415.534476463377,22382.819592766573,31.607475951466437,2.7863027380911864e-09,0.0,1.1074077425524997,0
141.505,-3.2394275646427437,-2.79220395773007,1.1139664616772795,0.0,0.0,1e-12,9.57187738171477e-05,-3.135623427990312e-05,4.4,3.8,10.09049089666778,7,20456113065079.61,22415.534476463377,22382.819592766573,31.607475951466437,2.7863027380911864e-09,0.0,1.1074077425524997,0
141.571,-3.2394275646427437,-2.79220395773007,1.1139664616772795,0.0,0.0,1e-12,9.57187738171477e-05,-3.135623427990312e-05,4.4,3.8,10.09049089666778,7,20456113065079.61,22415.534476463377,22382.819592766573,31.607475951466437,2.7863027380911864e-09,0.0,1.1074077425524997,0
141.703,-3.2394275646427437,-2.79220395773007,1.1139664616772795,0.0,0.0,1e-12,9.57187738171477e-05,-3.135623427990312e-05,4.4,3.8,10.09049089666778,7,20456113065079.61,22415.534476463377,22382.819592766573,31.607475951466437,2.7863027380911864e-09,0.0,1.1074077425524997,0
141.802,-3.2392365101850964,-2.7921308266900597,1.1145239846700845,0.0,0.0,1e-12,9.57187738171477e-05,-3.135623427990312e-05,4.4,3.8,10.090298474016631,7,20456113065079.61,22415.534476463377,22382.819592766573,31.607475951466437,2.7863027380911864e-09,0.0,1.1074077425524997,0
141.934,-3.238961917300341,-2.791700713858195,1.1142751577944865,0.0,0.0,1e-12,9.57187738171477e-05,-3.135623427990312e-05,4.4,3.8,10.089809585668283,7,20456113065079.61,22415.534476463377,22382.819592766573,31.607475951466437,2.7863027380911864e-09,0.0,1.1074077425524997,0
142.0,-3.2392365101850964,-2.7921308266900597,1.1145239846700845,0.0,0.0,1e-12,9.57187738171477e-05,-3.135623427990312e-05,4.4,3.8,10.090298474016631,7,20456113065079.61,22415.534476463377,22382.819592766573,31.607475951466437,2.7863027380911864e-09,0.0,1.1074077425524997,0
142.0,-3.2392365101850964,-2.7921308266900597,1.1145239846700845,0.0,0.0,1e-12,9.57187738171477e-05,-3.135623427990312e-05,4.4,3.8,10.090298474016631,7,20456113065079.61,22415.534476463377,22382.819592766573,31.607475951466437,2.7863027380911864e-09,0.0,1.1074077425524997,0
142.198,-3.23899060162895,-2.7915447405420406,1.114687529722785,0.0,0.0,1e-12,9.57187738171477e-05,-3.135623427990312e-05,4.4,3.8,10.089729405605627,7,20456113065079.61,22415.534476463377,22382.819592766573,31.607475951466437,2.7863027380911864e-09,0.0,1.1074077425524997,0
142.33,-3.23899060162895,-2.7915447405420406,1.114687529722785,0.0,0.0,1e-12,9.57187738171477e-05,-3.135623427990312e-05,4.4,3.8,10.089729405605627,7,20456113065079.61,22415.534476463377,22382.819592766573,31.607475951466437,2.7863027380911864e-09,0.0,1.1074077425524997,0
142.396,-3.23899060162895,-2.7915447405420406,1.114687529722785,0.0,0.0,1e-12,9.57187738171477e-05,-3.135623427990312e-05,4.4,3.8,10.089729405605627,7,20456113065079.61,22415.534476463377,22382.819592766573,31.607475951466437,2.7863027380911864e-09,0.0,1.1074077425524997,0
142.495,-3.239242963594974,-2.792175182425484,1.1144638078371438,0.0,0.0,1e-12,9.57187738171477e-05,-3.135623427990312e-05,4.4,3.8,10.090332338066064,7,20456113065079.61,22415.534476463377,22382.819592766573,31.607475951466437,2.7863027380911864e-09,0.0,1.1074077425524997,0
142.627,-3.239242963594974,-2.792175182425484,1.1144638078371438,0.0,0.0,1e-12,9.57187738171477e-05,-3.135623427990312e-05,4.4,3.8,10.090332338066064,7,20456113065079.61,22415.534476463377,22382.819592766573,31.607475951466437,2.7863027380911864e-09,0.0,1.1074077425524997,0
142.693,-3.238968385384084,-2.791745160179324,1.114214950981406,0.0,0.0,1e-12,9.57187738171477e-05,-3.135623427990312e-05,4.4,3.8,10.089843519581711,7,20456113065079.61,22415.534476463377,22382.819592766573,31.607475951466437,2.7863027380911864e-09,0.0,1.1074077425524997,0
142.792,-3.238968385384084,-2.791745160179324,1.114214950981406,0.0,0.0,1e-12,9.57187738171477e-05,-3.135623427990312e-05,4.4,3.8,10.089843519581711,7,20456113065079.61,22415.534476463377,22382.819592766573,31.607475951466437,2.7863027380911864e-09,0.0,1.1074077425524997,0
142.924,-3.239242963594974,-2.792175182425484,1.1144638078371438,0.0,0.0,1e-12,9.57187738171477e-05,-3.135623427990312e-05,4.4,3.8,10.090332338066064,7,20456113065079.61,22415.534476463377,22382.819592766573,31.607475951466437,2.7863027380911864e-09,0.0,1.1074077425524997,0
143.023,-3.238968385384084,-2.791745160179324,1.114214950981406,0.0,0.0,1e-12,9.57187738171477e-05,-3.135623427990312e-05,4.4,3.8,10.089843519581711,7,20456113065079.61,22415.534476463377,22382.819592766573,31.607475951466437,2.7863027380911864e-09,0.0,1.1074077425524997,0
143.122,-3.2390568670358117,-2.791797567603617,1.11398999279168,0.0,0.0,1e-12,9.57187738171477e-05,-3.135623427990312e-05,4.4,3.8,10.08994474663127,7,20456113065079.61,22415.534476463377,22382.819592766573,31.607475951466437,2.7863027380911864e-09,0.0,1.1074077425524997,0
143.155,-3.2390568670358117,-2.791797567603617,1.11398999279168,0.0,0.0,1e-12,9.57187738171477e-05,-3.135623427990312e-05,4.4,3.8,10.08994474663127,7,20456113065079.61,22415.534476463377,22382.819592766573,31.607475951466437,2.7863027380911864e-09,0.0,1.1074077425524997,0
143.32,-3.23920572673091,-2.792315175132305,1.11357557489493,0.0,0.0,1e-12,9.57187738171477e-05,-3.135623427990312e-05,4.4,3.8,10.090395606892626,7,20456113065079.61,22415.534476463377,22382.819592766573,31.607475951466437,2.7863027380911864e-09,0.0,1.1074077425524997,0
143.386,-3.2394794598854615,-2.7927433229849323,1.113823813344114,0.0,0.0,1e-12,9.57187738171477e-05,-3.135623427990312e-05,4.4,3.8,10.090882565007595,7,20456113065079.61,22415.534476463377,22382.819592766573,31.607475951466437,2.7863027380911864e-09,0.0,1.1074077425524997,0
143.518,-3.2396527762486653,-2.79329443163115,1.1134385487525529,0.0,0.0,1e-12,9.57187738171477e-05,-3.135623427990312e-05,4.4,3.8,10.091373841247893,7,20456113065079.61,22415.534476463377,22382.819592766573,31.607475951466437,2.7863027380911864e-09,0.0,1.1074077425524997,0
143.617,-3.2396527762486653,-2.79329443163115,1.1134385487525529,0.0,0.0,1e-12,9.57187738171477e-05,-3.135623427990312e-05,4.4,3.8,10.091373841247893,7,20456113065079.61,22415.534476463377,22382.819592766573,31.607475951466437,2.7863027380911864e-09,0.0,1.1074077425524997,0
143.65,-3.2396527762486653,-2.79329443163115,1.1134385487525529,0.0,0.0,1e-12,9.57187738171477e-05,-3.135623427990312e-05,4.4,3.8,10.091373841247893,7,20456113065079.61,22415.534476463377,22382.819592766573,31.607475951466437,2.7863027380911864e-09,0.0,1.1074077425524997,0
143.815,-3.2393799230200675,-2.792868210643688,1.1131902704697274,0.0,0.0,1e-12,9.57187738171477e-05,-3.135623427990312e-05,4.4,3.8,10.090888803824875,7,20456113065079.61,22415.534476463377,22382.819592766573,31.607475951466437,2.7863027380911864e-09,0.0,1.1074077425524997,0
143.914,-3.2393799230200675,-2.792868210643688,1.1131902704697274,0.0,0.0,1e-12,9.57187738171477e-05,-3.135623427990312e-05,4.4,3.8,10.090888803824875,7,20456113065079.61,22415.534476463377,22382.819592766573,31.607475951466437,2.7863027380911864e-09,0.0,1.1074077425524997,0
144.013,-3.2395666910618783,-2.792758642803372,1.1123229728971469,0.0,0.0,1e-12,9.57187738171477e-05,-3.135623427990312e-05,4.4,3.8,10.090958613999003,7,20456113065079.61,22415.534476463377,22382.819592766573,31.607475951466437,2.7863027380911864e-09,0.0,1.1074077425524997,0
144.112,-3.2395666910618783,-2.792758642803372,1.1123229728971469,0.0,0.0,1e-12,9.57187738171477e-05,-3.135623427990312e-05,4.4,3.8,10.090958613999003,7,20456113065079.61,22415.534476463377,22382.819592766573,31.607475951466437,2.7863027380911864e-09,0.0,1.1074077425524997,0
144.211,-3.2395666910618783,-2.792758642803372,1.1123229728971469,0.0,0.0,1e-12,9.57187738171477e-05,-3.135623427990312e-05,4.4,3.8,10.090958613999003,7,20456113065079.61,22415.534476463377,22382.819592766573,31.607475951466437,2.7863027380911864e-09,0.0,1.1074077425524997,0
144.277,-3.2395666910618783,-2.792758642803372,1.1123229728971469,0.0,0.0,1e-12,9.57187738171477e-05,-3.135623427990312e-05,4.4,3.8,10.090958613999003,7,20456113065079.61,22415.534476463377,22382.819592766573,31.607475951466437,2.7863027380911864e-09,0.0,1.1074077425524997,0
144.409,-3.2395666910618783,-2.792758642803372,1.1123229728971469,0.0,0.0,1e-12,9.57187738171477e-05,-3.135623427990312e-05,4.4,3.8,10.090958613999003,7,20456113065079.61,22415.534476463377,22382.819592766573,31.607475951466437,2.7863027380911864e-09,0.0,1.1074077425524997,0
144.409,-3.2395666910618783,-2.792758642803372,1.1123229728971469,0.0,0.0,1e-12,9.57187738171477e-05,-3.135623427990312e-05,4.4,3.8,10.090958613999003,7,20456113065079.61,22415.534476463377,22382.819592766573,31.607475951466437,2.7863027380911864e-09,0.0,1.1074077425524997,0
144.574,-3.2394729101824273,-2.792651923331969,1.1124711019743163,0.0,0.0,1e-12,9.57187738171477e-05,-3.135623427990312e-05,4.4,3.8,10.090817891906676,7,20456113065079.61,22415.534476463377,22382.819592766573,31.607475951466437,2.7863027380911864e-09,0.0,1.1074077425524997,0
144.673,-3.2394729101824273,-2.792651923331969,1.1124711019743163,0.0,0.0,1e-12,9.57187738171477e-05,-3.135623427990312e-05,4.4,3.8,10.090817891906676,7,20456113065079.61,22415.534476463377,22382.819592766573,31.607475951466437,2.7863027380911864e-09,0.0,1.1074077425524997,0
144.805,-3.2394729101824273,-2.792651923331969,1.1124711019743163,0.0,0.0,1e-12,9.57187738171477e-05,-3.135623427990312e-05,4.4,3.8,10.090817891906676,7,20456113065079.61,22415.534476463377,22382.819592766573,31.607475951466437,2.7863027380911864e-09,0.0,1.1074077425524997,0
144.871,-3.2394729101824273,-2.792651923331969,1.1124711019743163,0.0,0.0,1e-12,9.57187738171477e-05,-3.135623427990312e-05,4.4,3.8,10.090817891906676,7,20456113065079.61,22415.534476463377,22382.819592766573,31.607475951466437,2.7863027380911864e-09,0.0,1.1074077425524997,0
145.036,-3.2394729101824273,-2.792651923331969,1.1124711019743163,0.0,0.0,1e-12,9.57187738171477e-05,-3.135623427990312e-05,4.4,3.8,10.090817891906676,7,20456113065079.61,22415.534476463377,22382.819592766573,31.607475951466437,2.7863027380911864e-09,0.0,1.1074077425524997,0
145.102,-3.2394729101824273,-2.792651923331969,1.1124711019743163,0.0,0.0,1e-12,9.57187738171477e-05,-3.135623427990312e-05,4.4,3.8,10.090817891906676,7,20456113065079.61,22415.534476463377,22382.819592766573,31.607475951466437,2.7863027380911864e-09,0.0,1.1074077425524997,0
145.234,-3.2394729101824273,-2.792651923331969,1.1124711019743163,0.0,0.0,1e-12,9.57187738171477e-05,-3.135623427990312e-05,4.4,3.8,10.090817891906676,7,20456113065079.61,22415.534476463377,22382.819592766573,31.607475951466437,2.7863027380911864e-09,0.0,1.1074077425524997,0
145.3,-3.2394729101824273,-2.792651923331969,1.1124711019743163,0.0,0.0,1e-12,9.57187738171477e-05,-3.135623427990312e-05,4.4,3.8,10.090817891906676,7,20456113065079.61,22415.534476463377,22382.819592766573,31.607475951466437,2.7863027380911864e-09,0.0,1.1074077425524997,0
145.366,-3.2394729101824273,-2.792651923331969,1.1124711019743163,0.0,0.0,1e-12,9.57187738171477e-05,-3.135623427990312e-05,4.4,3.8,10.090817891906676,7,20456113065079.61,22415.534476463377,22382.819592766573,31.607475951466437,2.7863027380911864e-09,0.0,1.1074077425524997,0
145.465,-3.2394729101824273,-2.792651923331969,1.1124711019743163,0.0,0.0,1e-12,9.57187738171477e-05,-3.135623427990312e-05,4.4,3.8,10.090817891906676,7,20456113065079.61,22415.534476463377,22382.819592766573,31.607475951466437,2.7863027380911864e-09,0.0,1.1074077425524997,0
145.63,-3.2394729101824273,-2.792651923331969,1.1124711019743163,0.0,0.0,1e-12,9.57187738171477e-05,-3.135623427990312e-05,4.4,3.8,10.090817891906676,7,20456113065079.61,22415.534476463377,22382.819592766573,31.607475951466437,2.7863027380911864e-09,0.0,1.1074077425524997,0
145.729,-3.2394729101824273,-2.792651923331969,1.1124711019743163,0.0,0.0,1e-12,9.57187738171477e-05,-3.135623427990312e-05,4.4,3.8,10.090817891906676,7,20456113065079.61,22415.534476463377,22382.819592766573,31.607475951466437,2.7863027380911864e-09,0.0,1.1074077425524997,0
145.795,-3.2394729101824273,-2.792651923331969,1.1124711019743163,0.0,0.0,1e-12,9.57187738171477e-05,-3.135623427990312e-05,4.4,3.8,10.090817891906676,7,20456113065079.61,22415.534476463377,22382.819592766573,31.607475951466437,2.7863027380911864e-09,0.0,1.1074077425524997,0
145.894,-3.239528328051323,-2.792890044411276,1.1126945331257847,0.0,0.0,1e-12,9.57187738171477e-05,-3.135623427990312e-05,4.4,3.8,10.09101542030315,7,20456113065079.61,22415.534476463377,22382.819592766573,31.607475951466437,2.7863027380911864e-09,0.0,1.1074077425524997,0
146.026,-3.239528328051323,-2.792890044411276,1.1126945331257847,0.0,0.0,1e-12,9.57187738171477e-05,-3.135623427990312e-05,4.4,3.8,10.09101542030315,7,20456113065079.61,22415.534476463377,22382.819592766573,31.607475951466437,2.7863027380911864e-09,0.0,1.1074077425524997,0
146.026,-3.239528328051323,-2.792890044411276,1.1126945331257847,0.0,0.0,1e-12,9.57187738171477e-05,-3.135623427990312e-05,4.4,3.8,10.09101542030315,7,20456113065079.61,22415.534476463377,22382.819592766573,31.607475951466437,2.7863027380911864e-09,0.0,1.1074077425524997,0
146.191,-3.239528328051323,-2.792890044411276,1.1126945331257847,0.0,0.0,1e-12,9.57187738171477e-05,-3.135623427990312e-05,4.4,3.8,10.09101542030315,7,20456113065079.61,22415.534476463377,22382.819592766573,31.607475951466437,2.7863027380911864e-09,0.0,1.1074077425524997,0
146.323,-3.239528328051323,-2.792890044411276,1.1126945331257847,0.0,0.0,1e-12,9.57187738171477e-05,-3.135623427990312e-05,4.4,3.8,10.09101542030315,7,20456113065079.61,22415.534476463377,22382.819592766573,31.607475951466437,2.7863027380911864e-09,0.0,1.1074077425524997,0
146.422,-3.239762468558885,-2.7935067279248322,1.112418664979881,0.0,0.0,1e-12,9.57187738171477e-05,-3.135623427990312e-05,4.4,3.8,10.091595589756407,7,20456113065079.61,22415.534476463377,22382.819592766573,31.607475951466437,2.7863027380911864e-09,0.0,1.1074077425524997,0
146.488,-3.239762468558885,-2.7935067279248322,1.112418664979881,0.0,0.0,1e-12,9.57187738171477e-05,-3.135623427990312e-05,4.4,3.8,10.091595589756407,7,20456113065079.61,22415.534476463377,22382.819592766573,31.607475951466437,2.7863027380911864e-09,0.0,1.1074077425524997,0
146.587,-3.239762468558885,-2.7935067279248322,1.112418664979881,0.0,0.0,1e-12,9.57187738171477e-05,-3.135623427990312e-05,4.4,3.8,10.091595589756407,7,20456113065079.61,22415.534476463377,22382.819592766573,31.607475951466437,2.7863027380911864e-09,0.0,1.1074077425524997,0
146.752,-3.239762468558885,-2.7935067279248322,1.112418664979881,0.0,0.0,1e-12,9.57187738171477e-05,-3.135623427990312e-05,4.4,3.8,10.091595589756407,7,20456113065079.61,22415.534476463377,22382.819592766573,31.607475951466437,2.7863027380911864e-09,0.0,1.1074077425524997,0
146.818,-3.239762468558885,-2.7935067279248322,1.112418664979881,0.0,0.0,1e-12,9.57187738171477e-05,-3.135623427990312e-05,4.4,3.8,10.091595589756407,7,20456113065079.61,22415.534476463377,22382.819592766573,31.607475951466437,2.7863027380911864e-09,0.0,1.1074077425524997,0
146.917,-3.239762468558885,-2.7935067279248322,1.112418664979881,0.0,0.0,1e-12,9.57187738171477e-05,-3.135623427990312e-05,4.4,3.8,10.091595589756407,7,20456113065079.61,22415.534476463377,22382.819592766573,31.607475951466437,2.7863027380911864e-09,0.0,1.1074077425524997,0
147.016,-3.23982678020263,-2.7930333883095693,1.1115474300609076,0.0,0.0,1e-12,9.57187738171477e-05,-3.135623427990312e-05,4.4,3.8,10.091335020247126,7,20456113065079.61,22415.534476463377,22382.819592766573,31.607475951466437,2.7863027380911864e-09,0.0,1.1074077425524997,0
147.082,-3.23982678020263,-2.7930333883095693,1.1115474300609076,0.0,0.0,1e-12,9.57187738171477e-05,-3.135623427990312e-05,4.4,3.8,10.091335020247126,7,20456113065079.61,22415.534476463377,22382.819592766573,31.607475951466437,2.7863027380911864e-09,0.0,1.1074077425524997,0
147.181,-3.23982678020263,-2.7930333883095693,1.1115474300609076,0.0,0.0,1e-12,9.57187738171477e-05,-3.135623427990312e-05,4.4,3.8,10.091335020247126,7,20456113065079.61,22415.534476463377,22382.819592766573,31.607475951466437,2.7863027380911864e-09,0.0,1.1074077425524997,0
147.28,-3.23982678020263,-2.7930333883095693,1.1115474300609076,0.0,0.0,1e-12,9.57187738171477e-05,-3.135623427990312e-05,4.4,3.8,10.091335020247126,7,20456113065079.61,22415.534476463377,22382.819592766573,31.607475951466437,2.7863027380911864e-09,0.0,1.1074077425524997,0
147.412,-3.23982678020263,-2.7930333883095693,1.1115474300609076,0.0,0.0,1e-12,9.57187738171477e-05,-3.135623427990312e-05,4.4,3.8,10.091335020247126,7,20456113065079.61,22415.534476463377,22382.819592766573,31.607475951466437,2.7863027380911864e-09,0.0,1.1074077425524997,0
147.511,-3.23982678020263,-2.7930333883095693,1.1115474300609076,0.0,0.0,1e-12,9.57187738171477e-05,-3.135623427990312e-05,4.4,3.8,10.091335020247126,7,20456113065079.61,22415.534476463377,22382.819592766573,31.607475951466437,2.7863027380911864e-09,0.0,1.1074077425524997,0
147.577,-3.23982678020263,-2.7930333883095693,1.1115474300609076,0.0,0.0,1e-12,9.57187738171477e-05,-3.135623427990312e-05,4.4,3.8,10.091335020247126,7,20456113065079.61,22415.534476463377,22382.819592766573,31.607475951466437,2.7863027380911864e-09,0.0,1.1074077425524997,0
147.709,-3.23982678020263,-2.7930333883095693,1.1115474300609076,0.0,0.0,1e-12,9.57187738171477e-05,-3.135623427990312e-05,4.4,3.8,10.091335020247126,7,20456113065079.61,22415.534476463377,22382.819592766573,31.607475951466437,2.7863027380911864e-09,0.0,1.1074077425524997,0
147.775,-3.23982678020263,-2.7930333883095693,1.1115474300609076,0.0,0.0,1e-12,9.57187738171477e-05,-3.135623427990312e-05,4.4,3.8,10.091335020247126,7,20456113065079.61,22415.534476463377,22382.819592766573,31.607475951466437,2.7863027380911864e-09,0.0,1.1074077425524997,0
147.874,-3.2395837768570788,-2.7930814737964065,1.1125063056383844,0.0,0.0,1e-12,9.57187738171477e-05,-3.135623427990312e-05,4.4,3.8,10.091182468062664,7,20456113065079.61,22415.534476463377,22382.819592766573,31.607475951466437,2.7863027380911864e-09,0.0,1.1074077425524997,0
147.973,-3.2395837768570788,-2.7930814737964065,1.1125063056383844,0.0,0.0,1e-12,9.57187738171477e-05,-3.135623427990312e-05,4.4,3.8,10.091182468062664,7,20456113065079.61,22415.534476463377,22382.819592766573,31.607475951466437,2.7863027380911864e-09,0.0,1.1074077425524997,0
147.973,-3.2395837768570788,-2.7930814737964065,1.1125063056383844,0.0,0.0,1e-12,9.57187738171477e-05,-3.135623427990312e-05,4.4,3.8,10.091182468062664,7,20456113065079.61,22415.534476463377,22382.819592766573,31.607475951466437,2.7863027380911864e-09,0.0,1.1074077425524997,0
147.973,-3.2395837768570788,-2.7930814737964065,1.1125063056383844,0.0,0.0,1e-12,9.57187738171477e-05,-3.135623427990312e-05,4.4,3.8,10.091182468062664,7,20456113065079.61,22415.534476463377,22382.819592766573,31.607475951466437,2.7863027380911864e-09,0.0,1.1074077425524997,0
147.973,-3.2395837768570788,-2.7930814737964065,1.1125063056383844,0.0,0.0,1e-12,9.57187738171477e-05,-3.135623427990312e-05,4.4,3.8,10.091182468062664,7,20456113065079.61,22415.534476463377,22382.819592766573,31.607475951466437,2.7863027380911864e-09,0.0,1.1074077425524997,0
148.402,-3.2395837768570788,-2.7930814737964065,1.1125063056383844,0.0,0.0,1e-12,9.57187738171477e-05,-3.135623427990312e-05,4.4,3.8,10.091182468062664,7,20456113065079.61,22415.534476463377,22382.819592766573,31.607475951466437,2.7863027380911864e-09,0.0,1.1074077425524997,0
148.501,-3.2395837768570788,-2.7930814737964065,1.1125063056383844,0.0,0.0,1e-12,9.57187738171477e-05,-3.135623427990312e-05,4.4,3.8,10.091182468062664,7,20456113065079.61,22415.534476463377,22382.819592766573,31.607475951466437,2.7863027380911864e-09,0.0,1.1074077425524997,0
148.501,-3.2395837768570788,-2.7930814737964065,1.1125063056383844,0.0,0.0,1e-12,9.57187738171477e-05,-3.135623427990312e-05,4.4,3.8,10.091182468062664,7,20456113065079.61,22415.534476463377,22382.819592766573,31.607475951466437,2.7863027380911864e-09,0.0,1.1074077425524997,0
148.666,-3.2395837768570788,-2.7930814737964065,1.1125063056383844,0.0,0.0,1e-12,9.57187738171477e-05,-3.135623427990312e-05,4.4,3.8,10.091182468062664,7,20456113065079.61,22415.534476463377,22382.819592766573,31.607475951466437,2.7863027380911864e-09,0.0,1.1074077425524997,0
148.798,-3.2395837768570788,-2.7930814737964065,1.1125063056383844,0.0,0.0,1e-12,9.57187738171477e-05,-3.135623427990312e-05,4.4,3.8,10.091182468062664,7,20456113065079.61,22415.534476463377,22382.819592766573,31.607475951466437,2.7863027380911864e-09,0.0,1.1074077425524997,0
148.93,-3.2395837768570788,-2.7930814737964065,1.1125063056383844,0.0,0.0,1e-12,9.57187738171477e-05,-3.135623427990312e-05,4.4,3.8,10.091182468062664,7,20456113065079.61,22415.534476463377,22382.819592766573,31.607475951466437,2.7863027380911864e-09,0.0,1.1074077425524997,0
148.963,-3.2395837768570788,-2.7930814737964065,1.1125063056383844,0.0,0.0,1e-12,9.57187738171477e-05,-3.135623427990312e-05,4.4,3.8,10.091182468062664,7,20456113065079.61,22415.534476463377,22382.819592766573,31.607475951466437,2.7863027380911864e-09,0.0,1.1074077425524997,0
149.095,-3.2395837768570788,-2.7930814737964065,1.1125063056383844,0.0,0.0,1e-12,9.57187738171477e-05,-3.135623427990312e-05,4.4,3.8,10.091182468062664,7,20456113065079.61,22415.534476463377,22382.819592766573,31.607475951466437,2.7863027380911864e-09,0.0,1.1074077425524997,0
149.095,-3.2395837768570788,-2.7930814737964065,1.1125063056383844,0.0,0.0,1e-12,9.57187738171477e-05,-3.135623427990312e-05,4.4,3.8,10.091182468062664,7,20456113065079.61,22415.534476463377,22382.819592766573,31.607475951466437,2.7863027380911864e-09,0.0,1.1074077425524997,0
149.326,-3.2395837768570788,-2.7930814737964065,1.1125063056383844,0.0,0.0,1e-12,9.57187738171477e-05,-3.135623427990312e-05,4.4,3.8,10.091182468062664,7,20456113065079.61,22415.534476463377,22382.819592766573,31.607475951466437,2.7863027380911864e-09,0.0,1.1074077425524997,0
149.359,-3.2395837768570788,-2.7930814737964065,1.1125063056383844,0.0,0.0,1e-12,9.57187738171477e-05,-3.135623427990312e-05,4.4,3.8,10.091182468062664,7,20456113065079.61,22415.534476463377,22382.819592766573,31.607475951466437,2.7863027380911864e-09,0.0,1.1074077425524997,0
149.491,-3.2395837768570788,-2.7930814737964065,1.1125063056383844,0.0,0.0,1e-12,9.57187738171477e-05,-3.135623427990312e-05,4.4,3.8,10.091182468062664,7,20456113065079.61,22415.534476463377,22382.819592766573,31.607475951466437,2.7863027380911864e-09,0.0,1.1074077425524997,0
149.59,-3.2395837768570788,-2.7930814737964065,1.1125063056383844,0.0,0.0,1e-12,9.57187738171477e-05,-3.135623427990312e-05,4.4,3.8,10.091182468062664,7,20456113065079.61,22415.534476463377,22382.819592766573,31.607475951466437,2.7863027380911864e-09,0.0,1.1074077425524997,0
149.722,-3.2395837768570788,-2.7930814737964065,1.1125063056383844,0.0,0.0,1e-12,9.57187738171477e-05,-3.135623427990312e-05,4.4,3.8,10.091182468062664,7,20456113065079.61,22415.534476463377,22382.819592766573,31.607475951466437,2.7863027380911864e-09,0.0,1.1074077425524997,0
149.821,-3.2395837768570788,-2.7930814737964065,1.1125063056383844,0.0,0.0,1e-12,9.57187738171477e-05,-3.135623427990312e-05,4.4,3.8,10.091182468062664,7,20456113065079.61,22415.534476463377,22382.819592766573,31.607475951466437,2.7863027380911864e-09,0.0,1.1074077425524997,0
149.92,-3.2395837768570788,-2.7930814737964065,1.1125063056383844,0.0,0.0,1e-12,9.57187738171477e-05,-3.135623427990312e-05,4.4,3.8,10.091182468062664,7,20456113065079.61,22415.534476463377,22382.819592766573,31.607475951466437,2.7863027380911864e-09,0.0,1.1074077425524997,0
150.019,-3.2395837768570788,-2.7930814737964065,1.1125063056383844,0.0,0.0,1e-12,9.57187738171477e-05,-3.135623427990312e-05,4.4,3.8,10.091182468062664,7,20456113065079.61,22415.534476463377,22382.819592766573,31.607475951466437,2.7863027380911864e-09,0.0,1.1074077425524997,0
150.118,-3.2395837768570788,-2.7930814737964065,1.1125063056383844,0.0,0.0,1e-12,9.57187738171477e-05,-3.135623427990312e-05,4.4,3.8,10.091182468062664,7,20456113065079.61,22415.534476463377,22382.819592766573,31.607475951466437,2.7863027380911864e-09,0.0,1.1074077425524997,0
150.217,-3.2393445033793182,-2.7925045531729387,1.1126839156125887,0.0,0.0,1e-12,9.57187738171477e-05,-3.135623427990312e-05,4.4,3.8,10.090624397177695,7,20456113065079.61,22415.534476463377,22382.819592766573,31.607475951466437,2.7863027380911864e-09,0.0,1.1074077425524997,0
150.283,-3.2393445033793182,-2.7925045531729387,1.1126839156125887,0.0,0.0,1e-12,9.57187738171477e-05,-3.135623427990312e-05,4.4,3.8,10.090624397177695,7,20456113065079.61,22415.534476463377,22382.819592766573,31.607475951466437,2.7863027380911864e-09,0.0,1.1074077425524997,0
150.415,-3.2393445033793182,-2.7925045531729387,1.1126839156125887,0.0,0.0,1e-12,9.57187738171477e-05,-3.135623427990312e-05,4.4,3.8,10.090624397177695,7,20456113065079.61,22415.534476463377,22382.819592766573,31.607475951466437,2.7863027380911864e-09,0.0,1.1074077425524997,0
150.514,-3.2393445033793182,-2.7925045531729387,1.1126839156125887,0.0,0.0,1e-12,9.57187738171477e-05,-3.135623427990312e-05,4.4,3.8,10.090624397177695,7,20456113065079.61,22415.534476463377,22382.819592766573,31.607475951466437,2.7863027380911864e-09,0.0,1.1074077425524997,0
150.613,-3.2393445033793182,-2.7925045531729387,1.1126839156125887,0.0,0.0,1e-12,9.57187738171477e-05,-3.135623427990312e-05,4.4,3.8,10.090624397177695,7,20456113065079.61,22415.534476463377,22382.819592766573,31.607475951466437,2.7863027380911864e-09,0.0,1.1074077425524997,0
150.712,-3.2393445033793182,-2.7925045531729387,1.1126839156125887,0.0,0.0,1e-12,9.57187738171477e-05,-3.135623427990312e-05,4.4,3.8,10.090624397177695,7,20456113065079.61,22415.534476463377,22382.819592766573,31.607475951466437,2.7863027380911864e-09,0.0,1.1074077425524997,0
150.811,-3.2393445033793182,-2.7925045531729387,1.1126839156125887,0.0,0.0,1e-12,9.57187738171477e-05,-3.135623427990312e-05,4.4,3.8,10.090624397177695,7,20456113065079.61,22415.534476463377,22382.819592766573,31.607475951466437,2.7863027380911864e-09,0.0,1.1074077425524997,0
150.91,-3.2393445033793182,-2.7925045531729387,1.1126839156125887,0.0,0.0,1e-12,9.57187738171477e-05,-3.135623427990312e-05,4.4,3.8,10.090624397177695,7,20456113065079.61,22415.534476463377,22382.819592766573,31.607475951466437,2.7863027380911864e-09,0.0,1.1074077425524997,0
150.976,-3.2393445033793182,-2.7925045531729387,1.1126839156125887,0.0,0.0,1e-12,9.57187738171477e-05,-3.135623427990312e-05,4.4,3.8,10.090624397177695,7,20456113065079.61,22415.534476463377,22382.819592766573,31.607475951466437,2.7863027380911864e-09,0.0,1.1074077425524997,0
151.075,-3.23948690587131,-2.793013577746078,1.1122574411991337,0.0,0.0,1e-12,9.57187738171477e-05,-3.135623427990312e-05,4.4,3.8,10.09106477143633,7,20456113065079.61,22415.534476463377,22382.819592766573,31.607475951466437,2.7863027380911864e-09,0.0,1.1074077425524997,0
151.207,-3.23948690587131,-2.793013577746078,1.1122574411991337,0.0,0.0,1e-12,9.57187738171477e-05,-3.135623427990312e-05,4.4,3.8,10.09106477143633,7,20456113065079.61,22415.534476463377,22382.819592766573,31.607475951466437,2.7863027380911864e-09,0.0,1.1074077425524997,0
151.339,-3.2396546176398453,-2.793557988687538,1.111859805452617,0.0,0.0,1e-12,9.57187738171477e-05,-3.135623427990312e-05,4.4,3.8,10.09154743471045,7,20456113065079.61,22415.534476463377,22382.819592766573,31.607475951466437,2.7863027380911864e-09,0.0,1.1074077425524997,0
151.405,-3.2396546176398453,-2.793557988687538,1.111859805452617,0.0,0.0,1e-12,9.57187738171477e-05,-3.135623427990312e-05,4.4,3.8,10.09154743471045,7,20456113065079.61,22415.534476463377,22382.819592766573,31.607475951466437,2.7863027380911864e-09,0.0,1.1074077425524997,0
151.405,-3.2396546176398453,-2.793557988687538,1.111859805452617,0.0,0.0,1e-12,9.57187738171477e-05,-3.135623427990312e-05,4.4,3.8,10.09154743471045,7,20456113065079.61,22415.534476463377,22382.819592766573,31.607475951466437,2.7863027380911864e-09,0.0,1.1074077425524997,0
151.405,-3.2396546176398453,-2.793557988687538,1.111859805452617,0.0,0.0,1e-12,9.57187738171477e-05,-3.135623427990312e-05,4.4,3.8,10.09154743471045,7,20456113065079.61,22415.534476463377,22382.819592766573,31.607475951466437,2.7863027380911864e-09,0.0,1.1074077425524997,0
151.735,-3.2396544790540722,-2.793235247811819,1.1112851162261506,0.0,0.0,1e-12,9.57187738171477e-05,-3.135623427990312e-05,4.4,3.8,10.091336462150052,7,20456113065079.61,22415.534476463377,22382.819592766573,31.607475951466437,2.7863027380911864e-09,0.0,1.1074077425524997,0
151.834,-3.2396544790540722,-2.793235247811819,1.1112851162261506,0.0,0.0,1e-12,9.57187738171477e-05,-3.135623427990312e-05,4.4,3.8,10.091336462150052,7,20456113065079.61,22415.534476463377,22382.819592766573,31.607475951466437,2.7863027380911864e-09,0.0,1.1074077425524997,0
151.9,-3.2396544790540722,-2.793235247811819,1.1112851162261506,0.0,0.0,1e-12,9.57187738171477e-05,-3.135623427990312e-05,4.4,3.8,10.091336462150052,7,20456113065079.61,22415.534476463377,22382.819592766573,31.607475951466437,2.7863027380911864e-09,0.0,1.1074077425524997,0
151.999,-3.2396544790540722,-2.793235247811819,1.1112851162261506,0.0,0.0,1e-12,9.57187738171477e-05,-3.135623427990312e-05,4.4,3.8,10.091336462150052,7,20456113065079.61,22415.534476463377,22382.819592766573,31.607475951466437,2.7863027380911864e-09,0.0,1.1074077425524997,0
152.098,-3.2396544790540722,-2.793235247811819,1.1112851162261506,0.0,0.0,1e-12,9.57187738171477e-05,-3.135623427990312e-05,4.4,3.8,10.091336462150052,7,20456113065079.61,22415.534476463377,22382.819592766573,31.607475951466437,2.7863027380911864e-09,0.0,1.1074077425524997,0
152.23,-3.2396544790540722,-2.793235247811819,1.1112851162261506,0.0,0.0,1e-12,9.57187738171477e-05,-3.135623427990312e-05,4.4,3.8,10.091336462150052,7,20456113065079.61,22415.534476463377,22382.819592766573,31.607475951466437,2.7863027380911864e-09,0.0,1.1074077425524997,0
152.329,-3.2396544790540722,-2.793235247811819,1.1112851162261506,0.0,0.0,1e-12,9.57187738171477e-05,-3.135623427990312e-05,4.4,3.8,10.091336462150052,7,20456113065079.61,22415.534476463377,22382.819592766573,31.607475951466437,2.7863027380911864e-09,0.0,1.1074077425524997,0
152.428,-3.2396544790540722,-2.793235247811819,1.1112851162261506,0.0,0.0,1e-12,9.57187738171477e-05,-3.135623427990312e-05,4.4,3.8,10.091336462150052,7,20456113065079.61,22415.534476463377,22382.819592766573,31.607475951466437,2.7863027380911864e-09,0.0,1.1074077425524997,0
152.461,-3.2396544790540722,-2.793235247811819,1.1112851162261506,0.0,0.0,1e-12,9.57187738171477e-05,-3.135623427990312e-05,4.4,3.8,10.091336462150052,7,20456113065079.61,22415.534476463377,22382.819592766573,31.607475951466437,2.7863027380911864e-09,0.0,1.1074077425524997,0
152.593,-3.2396544790540722,-2.793235247811819,1.1112851162261506,0.0,0.0,1e-12,9.57187738171477e-05,-3.135623427990312e-05,4.4,3.8,10.091336462150052,7,20456113065079.61,22415.534476463377,22382.819592766573,31.607475951466437,2.7863027380911864e-09,0.0,1.1074077425524997,0
152.725,-3.2396544790540722,-2.793235247811819,1.1112851162261506,0.0,0.0,1e-12,9.57187738171477e-05,-3.135623427990312e-05,4.4,3.8,10.091336462150052,7,20456113065079.61,22415.534476463377,22382.819592766573,31.607475951466437,2.7863027380911864e-09,0.0,1.1074077425524997,0
152.791,-3.2396544790540722,-2.793235247811819,1.1112851162261506,0.0,0.0,1e-12,9.57187738171477e-05,-3.135623427990312e-05,4.4,3.8,10.091336462150052,7,20456113065079.61,22415.534476463377,22382.819592766573,31.607475951466437,2.7863027380911864e-09,0.0,1.1074077425524997,0
152.89,-3.239375067032298,-2.792802473025401,1.111028686841302,0.0,0.0,1e-12,9.57187738171477e-05,-3.135623427990312e-05,4.4,3.8,10.09084217809022,7,20456113065079.61,22415.534476463377,22382.819592766573,31.607475951466437,2.7863027380911864e-09,0.0,1.1074077425524997,0
152.989,-3.239375067032298,-2.792802473025401,1.111028686841302,0.0,0.0,1e-12,9.57187738171477e-05,-3.135623427990312e-05,4.4,3.8,10.09084217809022,7,20456113065079.61,22415.534476463377,22382.819592766573,31.607475951466437,2.7863027380911864e-09,0.0,1.1074077425524997,0
153.121,-3.239375067032298,-2.792802473025401,1.111028686841302,0.0,0.0,1e-12,9.57187738171477e-05,-3.135623427990312e-05,4.4,3.8,10.09084217809022,7,20456113065079.61,22415.534476463377,22382.819592766573,31.607475951466437,2.7863027380911864e-09,0.0,1.1074077425524997,0
153.22,-3.239375067032298,-2.792802473025401,1.111028686841302,0.0,0.0,1e-12,9.57187738171477e-05,-3.135623427990312e-05,4.4,3.8,10.09084217809022,7,20456113065079.61,22415.534476463377,22382.819592766573,31.607475951466437,2.7863027380911864e-09,0.0,1.1074077425524997,0
153.286,-3.239375067032298,-2.792802473025401,1.111028686841302,0.0,0.0,1e-12,9.57187738171477e-05,-3.135623427990312e-05,4.4,3.8,10.09084217809022,7,20456113065079.61,22415.534476463377,22382.819592766573,31.607475951466437,2.7863027380911864e-09,0.0,1.1074077425524997,0
153.385,-3.239375067032298,-2.792802473025401,1.111028686841302,0.0,0.0,1e-12,9.57187738171477e-05,-3.135623427990312e-05,4.4,3.8,10.09084217809022,7,20456113065079.61,22415.534476463377,22382.819592766573,31.607475951466437,2.7863027380911864e-09,0.0,1.1074077425524997,0
153.484,-3.239375067032298,-2.792802473025401,1.111028686841302,0.0,0.0,1e-12,9.57187738171477e-05,-3.135623427990312e-05,4.4,3.8,10.09084217809022,7,20456113065079.61,22415.534476463377,22382.819592766573,31.607475951466437,2.7863027380911864e-09,0.0,1.1074077425524997,0
153.616,-3.239205943689039,-2.7923582161737044,1.1112280805058776,0.0,0.0,1e-12,9.57187738171477e-05,-3.135623427990312e-05,4.4,3.8,10.090423891018993,7,20456113065079.61,22415.534476463377,22382.819592766573,31.607475951466437,2.7863027380911864e-09,0.0,1.1074077425524997,0
153.715,-3.2390464656208073,-2.7925027131552955,1.1120568523171634,0.0,0.0,1e-12,9.57187738171477e-05,-3.135623427990312e-05,4.4,3.8,10.090397560397394,7,20456113065079.61,22415.534476463377,22382.819592766573,31.607475951466437,2.7863027380911864e-09,0.0,1.1074077425524997,0
153.814,-3.2390464656208073,-2.7925027131552955,1.1120568523171634,0.0,0.0,1e-12,9.57187738171477e-05,-3.135623427990312e-05,4.4,3.8,10.090397560397394,7,20456113065079.61,22415.534476463377,22382.819592766573,31.607475951466437,2.7863027380911864e-09,0.0,1.1074077425524997,0
153.913,-3.2390464656208073,-2.7925027131552955,1.1120568523171634,0.0,0.0,1e-12,9.57187738171477e-05,-3.135623427990312e-05,4.4,3.8,10.090397560397394,7,20456113065079.61,22415.534476463377,22382.819592766573,31.607475951466437,2.7863027380911864e-09,0.0,1.1074077425524997,0
154.012,-3.2390464656208073,-2.7925027131552955,1.1120568523171634,0.0,0.0,1e-12,9.57187738171477e-05,-3.135623427990312e-05,4.4,3.8,10.090397560397394,7,20456113065079.61,22415.534476463377,22382.819592766573,31.607475951466437,2.7863027380911864e-09,0.0,1.1074077425524997,0
154.045,-3.2390464656208073,-2.7925027131552955,1.1120568523171634,0.0,0.0,1e-12,9.57187738171477e-05,-3.135623427990312e-05,4.4,3.8,10.090397560397394,7,20456113065079.61,22415.534476463377,22382.819592766573,31.607475951466437,2.7863027380911864e-09,0.0,1.1074077425524997,0
154.21,-3.2390464656208073,-2.7925027131552955,1.1120568523171634,0.0,0.0,1e-12,9.57187738171477e-05,-3.135623427990312e-05,4.4,3.8,10.090397560397394,7,20456113065079.61,22415.534476463377,22382.819592766573,31.607475951466437,2.7863027380911864e-09,0.0,1.1074077425524997,0
154.309,-3.2390464656208073,-2.7925027131552955,1.1120568523171634,0.0,0.0,1e-12,9.57187738171477e-05,-3.135623427990312e-05,4.4,3.8,10.090397560397394,7,20456113065079.61,22415.534476463377,22382.819592766573,31.607475951466437,2.7863027380911864e-09,0.0,1.1074077425524997,0
154.408,-3.2390464656208073,-2.7925027131552955,1.1120568523171634,0.0,0.0,1e-12,9.57187738171477e-05,-3.135623427990312e-05,4.4,3.8,10.090397560397394,7,20456113065079.61,22415.534476463377,22382.819592766573,31.607475951466437,2.7863027380911864e-09,0.0,1.1074077425524997,0
154.474,-3.2390464656208073,-2.7925027131552955,1.1120568523171634,0.0,0.0,1e-12,9.57187738171477e-05,-3.135623427990312e-05,4.4,3.8,10.090397560397394,7,20456113065079.61,22415.534476463377,22382.819592766573,31.607475951466437,2.7863027380911864e-09,0.0,1.1074077425524997,0
154.606,-3.2390464656208073,-2.7925027131552955,1.1120568523171634,0.0,0.0,1e-12,9.57187738171477e-05,-3.135623427990312e-05,4.4,3.8,10.090397560397394,7,20456113065079.61,22415.534476463377,22382.819592766573,31.607475951466437,2.7863027380911864e-09,0.0,1.1074077425524997,0
154.705,-3.2390464656208073,-2.7925027131552955,1.1120568523171634,0.0,0.0,1e-12,9.57187738171477e-05,-3.135623427990312e-05,4.4,3.8,10.090397560397394,7,20456113065079.61,22415.534476463377,22382.819592766573,31.607475951466437,2.7863027380911864e-09,0.0,1.1074077425524997,0
154.804,-3.2390464656208073,-2.7925027131552955,1.1120568523171634,0.0,0.0,1e-12,9.57187738171477e-05,-3.135623427990312e-05,4.4,3.8,10.090397560397394,7,20456113065079.61,22415.534476463377,22382.819592766573,31.607475951466437,2.7863027380911864e-09,0.0,1.1074077425524997,0
154.936,-3.2390464656208073,-2.7925027131552955,1.1120568523171634,0.0,0.0,1e-12,9.57187738171477e-05,-3.135623427990312e-05,4.4,3.8,10.090397560397394,7,20456113065079.61,22415.534476463377,22382.819592766573,31.607475951466437,2.7863027380911864e-09,0.0,1.1074077425524997,0
155.002,-3.2390464656208073,-2.7925027131552955,1.1120568523171634,0.0,0.0,1e-12,9.57187738171477e-05,-3.135623427990312e-05,4.4,3.8,10.090397560397394,7,20456113065079.61,22415.534476463377,22382.819592766573,31.607475951466437,2.7863027380911864e-09,0.0,1.1074077425524997,0
155.134,-3.2387260106619484,-2.792079979904806,1.1116198665200963,0.0,0.0,1e-12,9.57187738171477e-05,-3.135623427990312e-05,4.4,3.8,10.089878766735762,7,20456113065079.61,22415.534476463377,22382.819592766573,31.607475951466437,2.7863027380911864e-09,0.0,1.1074077425524997,0
155.2,-3.2387260106619484,-2.792079979904806,1.1116198665200963,0.0,0.0,1e-12,9.57187738171477e-05,-3.135623427990312e-05,4.4,3.8,10.089878766735762,7,20456113065079.61,22415.534476463377,22382.819592766573,31.607475951466437,2.7863027380911864e-09,0.0,1.1074077425524997,0
155.332,-3.2387260106619484,-2.792079979904806,1.1116198665200963,0.0,0.0,1e-12,9.57187738171477e-05,-3.135623427990312e-05,4.4,3.8,10.089878766735762,7,20456113065079.61,22415.534476463377,22382.819592766573,31.607475951466437,2.7863027380911864e-09,0.0,1.1074077425524997,0
155.365,-3.2386603757798724,-2.791980763012429,1.1115550375717744,0.0,0.0,1e-12,9.57187738171477e-05,-3.135623427990312e-05,4.4,3.8,10.089764254750229,7,20456113065079.61,22415.534476463377,22382.819592766573,31.607475951466437,2.7863027380911864e-09,0.0,1.1074077425524997,0
155.53,-3.2386603757798724,-2.791980763012429,1.1115550375717744,0.0,0.0,1e-12,9.57187738171477e-05,-3.135623427990312e-05,4.4,3.8,10.089764254750229,7,20456113065079.61,22415.534476463377,22382.819592766573,31.607475951466437,2.7863027380911864e-09,0.0,1.1074077425524997,0
155.563,-3.2386603757798724,-2.791980763012429,1.1115550375717744,0.0,0.0,1e-12,9.57187738171477e-05,-3.135623427990312e-05,4.4,3.8,10.089764254750229,7,20456113065079.61,22415.534476463377,22382.819592766573,31.607475951466437,2.7863027380911864e-09,0.0,1.1074077425524997,0
155.662,-3.2386603757798724,-2.791980763012429,1.1115550375717744,0.0,0.0,1e-12,9.57187738171477e-05,-3.135623427990312e-05,4.4,3.8,10.089764254750229,7,20456113065079.61,22415.534476463377,22382.819592766573,31.607475951466437,2.7863027380911864e-09,0.0,1.1074077425524997,0
155.794,-3.2386603757798724,-2.791980763012429,1.1115550375717744,0.0,0.0,1e-12,9.57187738171477e-05,-3.135623427990312e-05,4.4,3.8,10.089764254750229,7,20456113065079.61,22415.534476463377,22382.819592766573,31.607475951466437,2.7863027380911864e-09,0.0,1.1074077425524997,0
155.926,-3.2385586986214996,-2.7921939854614273,1.1122955713572167,0.0,0.0,1e-12,9.57187738171477e-05,-3.135623427990312e-05,4.4,3.8,10.089826585934963,7,20456113065079.61,22415.534476463377,22382.819592766573,31.607475951466437,2.7863027380911864e-09,0.0,1.1074077425524997,0
156.025,-3.2385586986214996,-2.7921939854614273,1.1122955713572167,0.0,0.0,1e-12,9.57187738171477e-05,-3.135623427990312e-05,4.4,3.8,10.089826585934963,7,20456113065079.61,22415.534476463377,22382.819592766573,31.607475951466437,2.7863027380911864e-09,0.0,1.1074077425524997,0
156.091,-3.2383965079917285,-2.791803236701063,1.1124152730801473,0.0,0.0,1e-12,9.57187738171477e-05,-3.135623427990312e-05,4.4,3.8,10.0894485044864,7,20456113065079.61,22415.534476463377,22382.819592766573,31.607475951466437,2.7863027380911864e-09,0.0,1.1074077425524997,0
156.157,-3.2383965079917285,-2.791803236701063,1.1124152730801473,0.0,0.0,1e-12,9.57187738171477e-05,-3.135623427990312e-05,4.4,3.8,10.0894485044864,7,20456113065079.61,22415.534476463377,22382.819592766573,31.607475951466437,2.7863027380911864e-09,0.0,1.1074077425524997,0
156.289,-3.2383965079917285,-2.791803236701063,1.1124152730801473,0.0,0.0,1e-12,9.57187738171477e-05,-3.135623427990312e-05,4.4,3.8,10.0894485044864,7,20456113065079.61,22415.534476463377,22382.819592766573,31.607475951466437,2.7863027380911864e-09,0.0,1.1074077425524997,0
156.421,-3.2383965079917285,-2.791803236701063,1.1124152730801473,0.0,0.0,1e-12,9.57187738171477e-05,-3.135623427990312e-05,4.4,3.8,10.0894485044864,7,20456113065079.61,22415.534476463377,22382.819592766573,31.607475951466437,2.7863027380911864e-09,0.0,1.1074077425524997,0
156.52,-3.2383965079917285,-2.791803236701063,1.1124152730801473,0.0,0.0,1e-12,9.57187738171477e-05,-3.135623427990312e-05,4.4,3.8,10.0894485044864,7,20456113065079.61,22415.534476463377,22382.819592766573,31.607475951466437,2.7863027380911864e-09,0.0,1.1074077425524997,0
156.586,-3.2383965079917285,-2.791803236701063,1.1124152730801473,0.0,0.0,1e-12,9.57187738171477e-05,-3.135623427990312e-05,4.4,3.8,10.0894485044864,7,20456113065079.61,22415.534476463377,22382.819592766573,31.607475951466437,2.7863027380911864e-09,0.0,1.1074077425524997,0
156.718,-3.2383965079917285,-2.791803236701063,1.1124152730801473,0.0,0.0,1e-12,9.57187738171477e-05,-3.135623427990312e-05,4.4,3.8,10.0894485044864,7,20456113065079.61,22415.534476463377,22382.819592766573,31.607475951466437,2.7863027380911864e-09,0.0,1.1074077425524997,0
156.718,-3.2383965079917285,-2.791803236701063,1.1124152730801473,0.0,0.0,1e-12,9.57187738171477e-05,-3.135623427990312e-05,4.4,3.8,10.0894485044864,7,20456113065079.61,22415.534476463377,22382.819592766573,31.607475951466437,2.7863027380911864e-09,0.0,1.1074077425524997,0
156.916,-3.2383965079917285,-2.791803236701063,1.1124152730801473,0.0,0.0,1e-12,9.57187738171477e-05,-3.135623427990312e-05,4.4,3.8,10.0894485044864,7,20456113065079.61,22415.534476463377,22382.819592766573,31.607475951466437,2.7863027380911864e-09,0.0,1.1074077425524997,0
157.015,-3.2383965079917285,-2.791803236701063,1.1124152730801473,0.0,0.0,1e-12,9.57187738171477e-05,-3.135623427990312e-05,4.4,3.8,10.0894485044864,7,20456113065079.61,22415.534476463377,22382.819592766573,31.607475951466437,2.7863027380911864e-09,0.0,1.1074077425524997,0
157.114,-3.2383965079917285,-2.791803236701063,1.1124152730801473,0.0,0.0,1e-12,9.57187738171477e-05,-3.135623427990312e-05,4.4,3.8,10.0894485044864,7,20456113065079.61,22415.534476463377,22382.819592766573,31.607475951466437,2.7863027380911864e-09,0.0,1.1074077425524997,0
157.114,-3.2383965079917285,-2.791803236701063,1.1124152730801473,0.0,0.0,1e-12,9.57187738171477e-05,-3.135623427990312e-05,4.4,3.8,10.0894485044864,7,20456113065079.61,22415.534476463377,22382.819592766573,31.607475951466437,2.7863027380911864e-09,0.0,1.1074077425524997,0
157.279,-3.2383965079917285,-2.791803236701063,1.1124152730801473,0.0,0.0,1e-12,9.57187738171477e-05,-3.135623427990312e-05,4.4,3.8,10.0894485044864,7,20456113065079.61,22415.534476463377,22382.819592766573,31.607475951466437,2.7863027380911864e-09,0.0,1.1074077425524997,0
157.411,-3.2383965079917285,-2.791803236701063,1.1124152730801473,0.0,0.0,1e-12,9.57187738171477e-05,-3.135623427990312e-05,4.4,3.8,10.0894485044864,7,20456113065079.61,22415.534476463377,22382.819592766573,31.607475951466437,2.7863027380911864e-09,0.0,1.1074077425524997,0
157.51,-3.2383965079917285,-2.791803236701063,1.1124152730801473,0.0,0.0,1e-12,9.57187738171477e-05,-3.135623427990312e-05,4.4,3.8,10.0894485044864,7,20456113065079.61,22415.534476463377,22382.819592766573,31.607475951466437,2.7863027380911864e-09,0.0,1.1074077425524997,0
157.543,-3.2383965079917285,-2.791803236701063,1.1124152730801473,0.0,0.0,1e-12,9.57187738171477e-05,-3.135623427990312e-05,4.4,3.8,10.0894485044864,7,20456113065079.61,22415.534476463377,22382.819592766573,31.607475951466437,2.7863027380911864e-09,0.0,1.1074077425524997,0
157.642,-3.2383965079917285,-2.791803236701063,1.1124152730801473,0.0,0.0,1e-12,9.57187738171477e-05,-3.135623427990312e-05,4.4,3.8,10.0894485044864,7,20456113065079.61,22415.534476463377,22382.819592766573,31.607475951466437,2.7863027380911864e-09,0.0,1.1074077425524997,0
157.807,-3.2383965079917285,-2.791803236701063,1.1124152730801473,0.0,0.0,1e-12,9.57187738171477e-05,-3.135623427990312e-05,4.4,3.8,10.0894485044864,7,20456113065079.61,22415.534476463377,22382.819592766573,31.607475951466437,2.7863027380911864e-09,0.0,1.1074077425524997,0
157.906,-3.2383965079917285,-2.791803236701063,1.1124152730801473,0.0,0.0,1e-12,9.57187738171477e-05,-3.135623427990312e-05,4.4,3.8,10.0894485044864,7,20456113065079.61,22415.534476463377,22382.819592766573,31.607475951466437,2.7863027380911864e-09,0.0,1.1074077425524997,0
157.906,-3.2383965079917285,-2.791803236701063,1.1124152730801473,0.0,0.0,1e-12,9.57187738171477e-05,-3.135623427990312e-05,4.4,3.8,10.0894485044864,7,20456113065079.61,22415.534476463377,22382.819592766573,31.607475951466437,2.7863027380911864e-09,0.0,1.1074077425524997,0
158.104,-3.238186095192219,-2.791331225008285,1.112502854534912,0.0,0.0,1e-12,9.57187738171477e-05,-3.135623427990312e-05,4.4,3.8,10.088980827742562,7,20456113065079.61,22415.534476463377,22382.819592766573,31.607475951466437,2.7863027380911864e-09,0.0,1.1074077425524997,0
158.236,-3.2383725308593494,-2.7923857778459777,1.111197288208306,0.0,0.0,1e-12,9.57187738171477e-05,-3.135623427990312e-05,4.4,3.8,10.089810957799585,7,20456113065079.61,22415.534476463377,22382.819592766573,31.607475951466437,2.7863027380911864e-09,0.0,1.1074077425524997,0
158.302,-3.2383725308593494,-2.7923857778459777,1.111197288208306,0.0,0.0,1e-12,9.57187738171477e-05,-3.135623427990312e-05,4.4,3.8,10.089810957799585,7,20456113065079.61,22415.534476463377,22382.819592766573,31.607475951466437,2.7863027380911864e-09,0.0,1.1074077425524997,0
158.401,-3.2383725308593494,-2.7923857778459777,1.111197288208306,0.0,0.0,1e-12,9.57187738171477e-05,-3.135623427990312e-05,4.4,3.8,10.089810957799585,7,20456113065079.61,22415.534476463377,22382.819592766573,31.607475951466437,2.7863027380911864e-09,0.0,1.1074077425524997,0
158.467,-3.2383725308593494,-2.7923857778459777,1.111197288208306,0.0,0.0,1e-12,9.57187738171477e-05,-3.135623427990312e-05,4.4,3.8,10.089810957799585,7,20456113065079.61,22415.534476463377,22382.819592766573,31.607475951466437,2.7863027380911864e-09,0.0,1.1074077425524997,0
158.599,-3.238136041893598,-2.79181064026191,1.1113850810744716,0.0,0.0,1e-12,9.57187738171477e-05,-3.135623427990312e-05,4.4,3.8,10.089256152538905,7,20456113065079.61,22415.534476463377,22382.819592766573,31.607475951466437,2.7863027380911864e-09,0.0,1.1074077425524997,0
158.731,-3.2382750600725476,-2.792317464917527,1.1109485775901609,0.0,0.0,1e-12,9.57187738171477e-05,-3.135623427990312e-05,4.4,3.8,10.089692535037077,7,20456113065079.61,22415.534476463377,22382.819592766573,31.607475951466437,2.7863027380911864e-09,0.0,1.1074077425524997,0
158.83,-3.238398090185851,-2.7927868323224,1.110520217180023,0.0,0.0,1e-12,9.57187738171477e-05,-3.135623427990312e-05,4.4,3.8,10.090092348467307,7,20456113065079.61,22415.534476463377,22382.819592766573,31.607475951466437,2.7863027380911864e-09,0.0,1.1074077425524997,0
158.929,-3.238562027531298,-2.793327283934326,1.1101121426326857,0.0,0.0,1e-12,9.57187738171477e-05,-3.135623427990312e-05,4.4,3.8,10.0905695836021,7,20456113065079.61,22415.534476463377,22382.819592766573,31.607475951466437,2.7863027380911864e-09,0.0,1.1074077425524997,0
158.995,-3.238562027531298,-2.793327283934326,1.1101121426326857,0.0,0.0,1e-12,9.57187738171477e-05,-3.135623427990312e-05,4.4,3.8,10.0905695836021,7,20456113065079.61,22415.534476463377,22382.819592766573,31.607475951466437,2.7863027380911864e-09,0.0,1.1074077425524997,0
159.127,-3.238562027531298,-2.793327283934326,1.1101121426326857,0.0,0.0,1e-12,9.57187738171477e-05,-3.135623427990312e-05,4.4,3.8,10.0905695836021,7,20456113065079.61,22415.534476463377,22382.819592766573,31.607475951466437,2.7863027380911864e-09,0.0,1.1074077425524997,0
159.16,-3.238562027531298,-2.793327283934326,1.1101121426326857,0.0,0.0,1e-12,9.57187738171477e-05,-3.135623427990312e-05,4.4,3.8,10.0905695836021,7,20456113065079.61,22415.534476463377,22382.819592766573,31.607475951466437,2.7863027380911864e-09,0.0,1.1074077425524997,0
159.325,-3.238562027531298,-2.793327283934326,1.1101121426326857,0.0,0.0,1e-12,9.57187738171477e-05,-3.135623427990312e-05,4.4,3.8,10.0905695836021,7,20456113065079.61,22415.534476463377,22382.819592766573,31.607475951466437,2.7863027380911864e-09,0.0,1.1074077425524997,0
159.391,-3.238562027531298,-2.793327283934326,1.1101121426326857,0.0,0.0,1e-12,9.57187738171477e-05,-3.135623427990312e-05,4.4,3.8,10.0905695836021,7,20456113065079.61,22415.534476463377,22382.819592766573,31.607475951466437,2.7863027380911864e-09,0.0,1.1074077425524997,0
159.49,-3.238562027531298,-2.793327283934326,1.1101121426326857,0.0,0.0,1e-12,9.57187738171477e-05,-3.135623427990312e-05,4.4,3.8,10.0905695836021,7,20456113065079.61,22415.534476463377,22382.819592766573,31.607475951466437,2.7863027380911864e-09,0.0,1.1074077425524997,0
159.622,-3.238562027531298,-2.793327283934326,1.1101121426326857,0.0,0.0,1e-12,9.57187738171477e-05,-3.135623427990312e-05,4.4,3.8,10.0905695836021,7,20456113065079.61,22415.534476463377,22382.819592766573,31.607475951466437,2.7863027380911864e-09,0.0,1.1074077425524997,0
159.721,-3.238562027531298,-2.793327283934326,1.1101121426326857,0.0,0.0,1e-12,9.57187738171477e-05,-3.135623427990312e-05,4.4,3.8,10.0905695836021,7,20456113065079.61,22415.534476463377,22382.819592766573,31.607475951466437,2.7863027380911864e-09,0.0,1.1074077425524997,0
159.787,-3.238562027531298,-2.793327283934326,1.1101121426326857,0.0,0.0,1e-12,9.57187738171477e-05,-3.135623427990312e-05,4.4,3.8,10.0905695836021,7,20456113065079.61,22415.534476463377,22382.819592766573,31.607475951466437,2.7863027380911864e-09,0.0,1.1074077425524997,0
159.919,-3.238562027531298,-2.793327283934326,1.1101121426326857,0.0,0.0,1e-12,9.57187738171477e-05,-3.135623427990312e-05,4.4,3.8,10.0905695836021,7,20456113065079.61,22415.534476463377,22382.819592766573,31.607475951466437,2.7863027380911864e-09,0.0,1.1074077425524997,0
160.018,-3.238562027531298,-2.793327283934326,1.1101121426326857,0.0,0.0,1e-12,9.57187738171477e-05,-3.135623427990312e-05,4.4,3.8,10.0905695836021,7,20456113065079.61,22415.534476463377,22382.819592766573,31.607475951466437,2.7863027380911864e-09,0.0,1.1074077425524997,0
160.117,-3.23859005381277,-2.7930289688131813,1.1094793703716441,0.0,0.0,1e-12,9.57187738171477e-05,-3.135623427990312e-05,4.4,3.8,10.090395878944353,7,20456113065079.61,22415.534476463377,22382.819592766573,31.607475951466437,2.7863027380911864e-09,0.0,1.1074077425524997,0
160.183,-3.23859005381277,-2.7930289688131813,1.1094793703716441,0.0,0.0,1e-12,9.57187738171477e-05,-3.135623427990312e-05,4.4,3.8,10.090395878944353,7,20456113065079.61,22415.534476463377,22382.819592766573,31.607475951466437,2.7863027380911864e-09,0.0,1.1074077425524997,0
160.315,-3.238326526651055,-2.7928586334792627,1.1104565106627846,0.0,0.0,1e-12,9.57187738171477e-05,-3.135623427990312e-05,4.4,3.8,10.090085088282617,7,20456113065079.61,22415.534476463377,22382.819592766573,31.607475951466437,2.7863027380911864e-09,0.0,1.1074077425524997,0
160.414,-3.238326526651055,-2.7928586334792627,1.1104565106627846,0.0,0.0,1e-12,9.57187738171477e-05,-3.135623427990312e-05,4.4,3.8,10.090085088282617,7,20456113065079.61,22415.534476463377,22382.819592766573,31.607475951466437,2.7863027380911864e-09,0.0,1.1074077425524997,0
160.513,-3.238326526651055,-2.7928586334792627,1.1104565106627846,0.0,0.0,1e-12,9.57187738171477e-05,-3.135623427990312e-05,4.4,3.8,10.090085088282617,7,20456113065079.61,22415.534476463377,22382.819592766573,31.607475951466437,2.7863027380911864e-09,0.0,1.1074077425524997,0
160.612,-3.238326526651055,-2.7928586334792627,1.1104565106627846,0.0,0.0,1e-12,9.57187738171477e-05,-3.135623427990312e-05,4.4,3.8,10.090085088282617,7,20456113065079.61,22415.534476463377,22382.819592766573,31.607475951466437,2.7863027380911864e-09,0.0,1.1074077425524997,0
160.645,-3.238326526651055,-2.7928586334792627,1.1104565106627846,0.0,0.0,1e-12,9.57187738171477e-05,-3.135623427990312e-05,4.4,3.8,10.090085088282617,7,20456113065079.61,22415.534476463377,22382.819592766573,31.607475951466437,2.7863027380911864e-09,0.0,1.1074077425524997,0
160.777,-3.238326526651055,-2.7928586334792627,1.1104565106627846,0.0,0.0,1e-12,9.57187738171477e-05,-3.135623427990312e-05,4.4,3.8,10.090085088282617,7,20456113065079.61,22415.534476463377,22382.819592766573,31.607475951466437,2.7863027380911864e-09,0.0,1.1074077425524997,0
160.876,-3.238326526651055,-2.7928586334792627,1.1104565106627846,0.0,0.0,1e-12,9.57187738171477e-05,-3.135623427990312e-05,4.4,3.8,10.090085088282617,7,20456113065079.61,22415.534476463377,22382.819592766573,31.607475951466437,2.7863027380911864e-09,0.0,1.1074077425524997,0
160.975,-3.238326526651055,-2.7928586334792627,1.1104565106627846,0.0,0.0,1e-12,9.57187738171477e-05,-3.135623427990312e-05,4.4,3.8,10.090085088282617,7,20456113065079.61,22415.534476463377,22382.819592766573,31.607475951466437,2.7863027380911864e-09,0.0,1.1074077425524997,0
161.041,-3.238326526651055,-2.7928586334792627,1.1104565106627846,0.0,0.0,1e-12,9.57187738171477e-05,-3.135623427990312e-05,4.4,3.8,10.090085088282617,7,20456113065079.61,22415.534476463377,22382.819592766573,31.607475951466437,2.7863027380911864e-09,0.0,1.1074077425524997,0
161.173,-3.238326526651055,-2.7928586334792627,1.1104565106627846,0.0,0.0,1e-12,9.57187738171477e-05,-3.135623427990312e-05,4.4,3.8,10.090085088282617,7,20456113065079.61,22415.534476463377,22382.819592766573,31.607475951466437,2.7863027380911864e-09,0.0,1.1074077425524997,0
161.305,-3.238326526651055,-2.7928586334792627,1.1104565106627846,0.0,0.0,1e-12,9.57187738171477e-05,-3.135623427990312e-05,4.4,3.8,10.090085088282617,7,20456113065079.61,22415.534476463377,22382.819592766573,31.607475951466437,2.7863027380911864e-09,0.0,1.1074077425524997,0
161.338,-3.238326526651055,-2.7928586334792627,1.1104565106627846,0.0,0.0,1e-12,9.57187738171477e-05,-3.135623427990312e-05,4.4,3.8,10.090085088282617,7,20456113065079.61,22415.534476463377,22382.819592766573,31.607475951466437,2.7863027380911864e-09,0.0,1.1074077425524997,0
161.503,-3.2379346645288467,-2.7930488462544547,1.1125020641442194,0.0,0.0,1e-12,9.57187738171477e-05,-3.135623427990312e-05,4.4,3.8,10.089912736426841,7,20456113065079.61,22415.534476463377,22382.819592766573,31.607475951466437,2.7863027380911864e-09,0.0,1.1074077425524997,0
161.635,-3.2379346645288467,-2.7930488462544547,1.1125020641442194,0.0,0.0,1e-12,9.57187738171477e-05,-3.135623427990312e-05,4.4,3.8,10.089912736426841,7,20456113065079.61,22415.534476463377,22382.819592766573,31.607475951466437,2.7863027380911864e-09,0.0,1.1074077425524997,0
161.668,-3.2379346645288467,-2.7930488462544547,1.1125020641442194,0.0,0.0,1e-12,9.57187738171477e-05,-3.135623427990312e-05,4.4,3.8,10.089912736426841,7,20456113065079.61,22415.534476463377,22382.819592766573,31.607475951466437,2.7863027380911864e-09,0.0,1.1074077425524997,0
161.8,-3.2379346645288467,-2.7930488462544547,1.1125020641442194,0.0,0.0,1e-12,9.57187738171477e-05,-3.135623427990312e-05,4.4,3.8,10.089912736426841,7,20456113065079.61,22415.534476463377,22382.819592766573,31.607475951466437,2.7863027380911864e-09,0.0,1.1074077425524997,0
161.932,-3.2379346645288467,-2.7930488462544547,1.1125020641442194,0.0,0.0,1e-12,9.57187738171477e-05,-3.135623427990312e-05,4.4,3.8,10.089912736426841,7,20456113065079.61,22415.534476463377,22382.819592766573,31.607475951466437,2.7863027380911864e-09,0.0,1.1074077425524997,0
161.998,-3.2379346645288467,-2.7930488462544547,1.1125020641442194,0.0,0.0,1e-12,9.57187738171477e-05,-3.135623427990312e-05,4.4,3.8,10.089912736426841,7,20456113065079.61,22415.534476463377,22382.819592766573,31.607475951466437,2.7863027380911864e-09,0.0,1.1074077425524997,0
162.13,-3.2379346645288467,-2.7930488462544547,1.1125020641442194,0.0,0.0,1e-12,9.57187738171477e-05,-3.135623427990312e-05,4.4,3.8,10.089912736426841,7,20456113065079.61,22415.534476463377,22382.819592766573,31.607475951466437,2.7863027380911864e-09,0.0,1.1074077425524997,0
162.229,-3.2377565653647427,-2.792593950109393,1.1126824520682708,0.0,0.0,1e-12,9.57187738171477e-05,-3.135623427990312e-05,4.4,3.8,10.08948067755676,7,20456113065079.61,22415.534476463377,22382.819592766573,31.607475951466437,2.7863027380911864e-09,0.0,1.1074077425524997,0
162.295,-3.2377565653647427,-2.792593950109393,1.1126824520682708,0.0,0.0,1e-12,9.57187738171477e-05,-3.135623427990312e-05,4.4,3.8,10.08948067755676,7,20456113065079.61,22415.534476463377,22382.819592766573,31.607475951466437,2.7863027380911864e-09,0.0,1.1074077425524997,0
162.427,-3.2377565653647427,-2.792593950109393,1.1126824520682708,0.0,0.0,1e-12,9.57187738171477e-05,-3.135623427990312e-05,4.4,3.8,10.08948067755676,7,20456113065079.61,22415.534476463377,22382.819592766573,31.607475951466437,2.7863027380911864e-09,0.0,1.1074077425524997,0
162.493,-3.2377565653647427,-2.792593950109393,1.1126824520682708,0.0,0.0,1e-12,9.57187738171477e-05,-3.135623427990312e-05,4.4,3.8,10.08948067755676,7,20456113065079.61,22415.534476463377,22382.819592766573,31.607475951466437,2.7863027380911864e-09,0.0,1.1074077425524997,0
162.592,-3.2377565653647427,-2.792593950109393,1.1126824520682708,0.0,0.0,1e-12,9.57187738171477e-05,-3.135623427990312e-05,4.4,3.8,10.08948067755676,7,20456113065079.61,22415.534476463377,22382.819592766573,31.607475951466437,2.7863027380911864e-09,0.0,1.1074077425524997,0
162.724,-3.2377565653647427,-2.792593950109393,1.1126824520682708,0.0,0.0,1e-12,9.57187738171477e-05,-3.135623427990312e-05,4.4,3.8,10.08948067755676,7,20456113065079.61,22415.534476463377,22382.819592766573,31.607475951466437,2.7863027380911864e-09,0.0,1.1074077425524997,0
162.79,-3.2377565653647427,-2.792593950109393,1.1126824520682708,0.0,0.0,1e-12,9.57187738171477e-05,-3.135623427990312e-05,4.4,3.8,10.08948067755676,7,20456113065079.61,22415.534476463377,22382.819592766573,31.607475951466437,2.7863027380911864e-09,0.0,1.1074077425524997,0
162.922,-3.2377565653647427,-2.792593950109393,1.1126824520682708,0.0,0.0,1e-12,9.57187738171477e-05,-3.135623427990312e-05,4.4,3.8,10.08948067755676,7,20456113065079.61,22415.534476463377,22382.819592766573,31.607475951466437,2.7863027380911864e-09,0.0,1.1074077425524997,0
162.988,-3.2377565653647427,-2.792593950109393,1.1126824520682708,0.0,0.0,1e-12,9.57187738171477e-05,-3.135623427990312e-05,4.4,3.8,10.08948067755676,7,20456113065079.61,22415.534476463377,22382.819592766573,31.607475951466437,2.7863027380911864e-09,0.0,1.1074077425524997,0
163.12,-3.2377565653647427,-2.792593950109393,1.1126824520682708,0.0,0.0,1e-12,9.57187738171477e-05,-3.135623427990312e-05,4.4,3.8,10.08948067755676,7,20456113065079.61,22415.534476463377,22382.819592766573,31.607475951466437,2.7863027380911864e-09,0.0,1.1074077425524997,0
163.219,-3.2377565653647427,-2.792593950109393,1.1126824520682708,0.0,0.0,1e-12,9.57187738171477e-05,-3.135623427990312e-05,4.4,3.8,10.08948067755676,7,20456113065079.61,22415.534476463377,22382.819592766573,31.607475951466437,2.7863027380911864e-09,0.0,1.1074077425524997,0
163.318,-3.237621153976484,-2.7927822031011424,1.1134952702372136,0.0,0.0,1e-12,9.57187738171477e-05,-3.135623427990312e-05,4.4,3.8,10.089501180395205,7,20456113065079.61,22415.534476463377,22382.819592766573,31.607475951466437,2.7863027380911864e-09,0.0,1.1074077425524997,0
163.417,-3.237621153976484,-2.7927822031011424,1.1134952702372136,0.0,0.0,1e-12,9.57187738171477e-05,-3.135623427990312e-05,4.4,3.8,10.089501180395205,7,20456113065079.61,22415.534476463377,22382.819592766573,31.607475951466437,2.7863027380911864e-09,0.0,1.1074077425524997,0
163.45,-3.237621153976484,-2.7927822031011424,1.1134952702372136,0.0,0.0,1e-12,9.57187738171477e-05,-3.135623427990312e-05,4.4,3.8,10.089501180395205,7,20456113065079.61,22415.534476463377,22382.819592766573,31.607475951466437,2.7863027380911864e-09,0.0,1.1074077425524997,0
163.582,-3.2373388265094913,-2.7921473470292617,1.1136120872253799,0.0,0.0,1e-12,9.57187738171477e-05,-3.135623427990312e-05,4.4,3.8,10.08887263255188,7,20456113065079.61,22415.534476463377,22382.819592766573,31.607475951466437,2.7863027380911864e-09,0.0,1.1074077425524997,0
163.714,-3.2373388265094913,-2.7921473470292617,1.1136120872253799,0.0,0.0,1e-12,9.57187738171477e-05,-3.135623427990312e-05,4.4,3.8,10.08887263255188,7,20456113065079.61,22415.534476463377,22382.819592766573,31.607475951466437,2.7863027380911864e-09,0.0,1.1074077425524997,0
163.813,-3.2373388265094913,-2.7921473470292617,1.1136120872253799,0.0,0.0,1e-12,9.57187738171477e-05,-3.135623427990312e-05,4.4,3.8,10.08887263255188,7,20456113065079.61,22415.534476463377,22382.819592766573,31.607475951466437,2.7863027380911864e-09,0.0,1.1074077425524997,0
163.912,-3.237420654325309,-2.792594403209945,1.1130747220680393,0.0,0.0,1e-12,9.57187738171477e-05,-3.135623427990312e-05,4.4,3.8,10.089226690700825,7,20456113065079.61,22415.534476463377,22382.819592766573,31.607475951466437,2.7863027380911864e-09,0.0,1.1074077425524997,0
164.011,-3.237420654325309,-2.792594403209945,1.1130747220680393,0.0,0.0,1e-12,9.57187738171477e-05,-3.135623427990312e-05,4.4,3.8,10.089226690700825,7,20456113065079.61,22415.534476463377,22382.819592766573,31.607475951466437,2.7863027380911864e-09,0.0,1.1074077425524997,0
164.143,-3.237420654325309,-2.792594403209945,1.1130747220680393,0.0,0.0,1e-12,9.57187738171477e-05,-3.135623427990312e-05,4.4,3.8,10.089226690700825,7,20456113065079.61,22415.534476463377,22382.819592766573,31.607475951466437,2.7863027380911864e-09,0.0,1.1074077425524997,0
164.209,-3.237420654325309,-2.792594403209945,1.1130747220680393,0.0,0.0,1e-12,9.57187738171477e-05,-3.135623427990312e-05,4.4,3.8,10.089226690700825,7,20456113065079.61,22415.534476463377,22382.819592766573,31.607475951466437,2.7863027380911864e-09,0.0,1.1074077425524997,0
164.308,-3.2373388265094913,-2.7921473470292617,1.1136120872253799,0.0,0.0,1e-12,9.57187738171477e-05,-3.135623427990312e-05,4.4,3.8,10.08887263255188,7,20456113065079.61,22415.534476463377,22382.819592766573,31.607475951466437,2.7863027380911864e-09,0.0,1.1074077425524997,0
164.407,-3.2373388265094913,-2.7921473470292617,1.1136120872253799,0.0,0.0,1e-12,9.57187738171477e-05,-3.135623427990312e-05,4.4,3.8,10.08887263255188,7,20456113065079.61,22415.534476463377,22382.819592766573,31.607475951466437,2.7863027380911864e-09,0.0,1.1074077425524997,0
164.506,-3.2373388265094913,-2.7921473470292617,1.1136120872253799,0.0,0.0,1e-12,9.57187738171477e-05,-3.135623427990312e-05,4.4,3.8,10.08887263255188,7,20456113065079.61,22415.534476463377,22382.819592766573,31.607475951466437,2.7863027380911864e-09,0.0,1.1074077425524997,0
164.638,-3.2373388265094913,-2.7921473470292617,1.1136120872253799,0.0,0.0,1e-12,9.57187738171477e-05,-3.135623427990312e-05,4.4,3.8,10.08887263255188,7,20456113065079.61,22415.534476463377,22382.819592766573,31.607475951466437,2.7863027380911864e-09,0.0,1.1074077425524997,0
164.737,-3.2373388265094913,-2.7921473470292617,1.1136120872253799,0.0,0.0,1e-12,9.57187738171477e-05,-3.135623427990312e-05,4.4,3.8,10.08887263255188,7,20456113065079.61,22415.534476463377,22382.819592766573,31.607475951466437,2.7863027380911864e-09,0.0,1.1074077425524997,0
164.803,-3.2373388265094913,-2.7921473470292617,1.1136120872253799,0.0,0.0,1e-12,9.57187738171477e-05,-3.135623427990312e-05,4.4,3.8,10.08887263255188,7,20456113065079.61,22415.534476463377,22382.819592766573,31.607475951466437,2.7863027380911864e-09,0.0,1.1074077425524997,0
164.902,-3.2373388265094913,-2.7921473470292617,1.1136120872253799,0.0,0.0,1e-12,9.57187738171477e-05,-3.135623427990312e-05,4.4,3.8,10.08887263255188,7,20456113065079.61,22415.534476463377,22382.819592766573,31.607475951466437,2.7863027380911864e-09,0.0,1.1074077425524997,0
165.001,-3.2373388265094913,-2.7921473470292617,1.1136120872253799,0.0,0.0,1e-12,9.57187738171477e-05,-3.135623427990312e-05,4.4,3.8,10.08887263255188,7,20456113065079.61,22415.534476463377,22382.819592766573,31.607475951466437,2.7863027380911864e-09,0.0,1.1074077425524997,0
165.1,-3.237420654325309,-2.792594403209945,1.1130747220680393,0.0,0.0,1e-12,9.57187738171477e-05,-3.135623427990312e-05,4.4,3.8,10.089226690700825,7,20456113065079.61,22415.534476463377,22382.819592766573,31.607475951466437,2.7863027380911864e-09,0.0,1.1074077425524997,0
165.1,-3.237420654325309,-2.792594403209945,1.1130747220680393,0.0,0.0,1e-12,9.57187738171477e-05,-3.135623427990312e-05,4.4,3.8,10.089226690700825,7,20456113065079.61,22415.534476463377,22382.819592766573,31.607475951466437,2.7863027380911864e-09,0.0,1.1074077425524997,0
165.298,-3.237420654325309,-2.792594403209945,1.1130747220680393,0.0,0.0,1e-12,9.57187738171477e-05,-3.135623427990312e-05,4.4,3.8,10.089226690700825,7,20456113065079.61,22415.534476463377,22382.819592766573,31.607475951466437,2.7863027380911864e-09,0.0,1.1074077425524997,0
165.397,-3.237420654325309,-2.792594403209945,1.1130747220680393,0.0,0.0,1e-12,9.57187738171477e-05,-3.135623427990312e-05,4.4,3.8,10.089226690700825,7,20456113065079.61,22415.534476463377,22382.819592766573,31.607475951466437,2.7863027380911864e-09,0.0,1.1074077425524997,0
165.496,-3.237420654325309,-2.792594403209945,1.1130747220680393,0.0,0.0,1e-12,9.57187738171477e-05,-3.135623427990312e-05,4.4,3.8,10.089226690700825,7,20456113065079.61,22415.534476463377,22382.819592766573,31.607475951466437,2.7863027380911864e-09,0.0,1.1074077425524997,0
165.595,-3.237420654325309,-2.792594403209945,1.1130747220680393,0.0,0.0,1e-12,9.57187738171477e-05,-3.135623427990312e-05,4.4,3.8,10.089226690700825,7,20456113065079.61,22415.534476463377,22382.819592766573,31.607475951466437,2.7863027380911864e-09,0.0,1.1074077425524997,0
165.694,-3.237420654325309,-2.792594403209945,1.1130747220680393,0.0,0.0,1e-12,9.57187738171477e-05,-3.135623427990312e-05,4.4,3.8,10.089226690700825,7,20456113065079.61,22415.534476463377,22382.819592766573,31.607475951466437,2.7863027380911864e-09,0.0,1.1074077425524997,0
165.793,-3.237420654325309,-2.792594403209945,1.1130747220680393,0.0,0.0,1e-12,9.57187738171477e-05,-3.135623427990312e-05,4.4,3.8,10.089226690700825,7,20456113065079.61,22415.534476463377,22382.819592766573,31.607475951466437,2.7863027380911864e-09,0.0,1.1074077425524997,0
165.892,-3.237420654325309,-2.792594403209945,1.1130747220680393,0.0,0.0,1e-12,9.57187738171477e-05,-3.135623427990312e-05,4.4,3.8,10.089226690700825,7,20456113065079.61,22415.534476463377,22382.819592766573,31.607475951466437,2.7863027380911864e-09,0.0,1.1074077425524997,0
165.958,-3.237420654325309,-2.792594403209945,1.1130747220680393,0.0,0.0,1e-12,9.57187738171477e-05,-3.135623427990312e-05,4.4,3.8,10.089226690700825,7,20456113065079.61,22415.534476463377,22382.819592766573,31.607475951466437,2.7863027380911864e-09,0.0,1.1074077425524997,0
166.09,-3.237420654325309,-2.792594403209945,1.1130747220680393,0.0,0.0,1e-12,9.57187738171477e-05,-3.135623427990312e-05,4.4,3.8,10.089226690700825,7,20456113065079.61,22415.534476463377,22382.819592766573,31.607475951466437,2.7863027380911864e-09,0.0,1.1074077425524997,0
166.222,-3.2371872906169776,-2.7921247993807934,1.1130668424949477,0.0,0.0,1e-12,9.57187738171477e-05,-3.135623427990312e-05,4.4,3.8,10.088743186471383,7,20456113065079.61,22415.534476463377,22382.819592766573,31.607475951466437,2.7863027380911864e-09,0.0,1.1074077425524997,0
166.288,-3.237322098020333,-2.7926288224251934,1.1126253945600233,0.0,0.0,1e-12,9.57187738171477e-05,-3.135623427990312e-05,4.4,3.8,10.08917457571139,7,20456113065079.61,22415.534476463377,22382.819592766573,31.607475951466437,2.7863027380911864e-09,0.0,1.1074077425524997,0
166.387,-3.2370920143966204,-2.7927206991817592,1.113604916929943,0.0,0.0,1e-12,9.57187738171477e-05,-3.135623427990312e-05,4.4,3.8,10.089060444549842,7,20456113065079.61,22415.534476463377,22382.819592766573,31.607475951466437,2.7863027380911864e-09,0.0,1.1074077425524997,0
166.453,-3.2370920143966204,-2.7927206991817592,1.113604916929943,0.0,0.0,1e-12,9.57187738171477e-05,-3.135623427990312e-05,4.4,3.8,10.089060444549842,7,20456113065079.61,22415.534476463377,22382.819592766573,31.607475951466437,2.7863027380911864e-09,0.0,1.1074077425524997,0
166.453,-3.2370920143966204,-2.7927206991817592,1.113604916929943,0.0,0.0,1e-12,9.57187738171477e-05,-3.135623427990312e-05,4.4,3.8,10.089060444549842,7,20456113065079.61,22415.534476463377,22382.819592766573,31.607475951466437,2.7863027380911864e-09,0.0,1.1074077425524997,0
166.453,-3.2370920143966204,-2.7927206991817592,1.113604916929943,0.0,0.0,1e-12,9.57187738171477e-05,-3.135623427990312e-05,4.4,3.8,10.089060444549842,7,20456113065079.61,22415.534476463377,22382.819592766573,31.607475951466437,2.7863027380911864e-09,0.0,1.1074077425524997,0
166.816,-3.2373171608634266,-2.793349503631324,1.1132763545174866,0.0,0.0,1e-12,9.57187738171477e-05,-3.135623427990312e-05,4.4,3.8,10.08964177226597,7,20456113065079.61,22415.534476463377,22382.819592766573,31.607475951466437,2.7863027380911864e-09,0.0,1.1074077425524997,0
166.882,-3.2373171608634266,-2.793349503631324,1.1132763545174866,0.0,0.0,1e-12,9.57187738171477e-05,-3.135623427990312e-05,4.4,3.8,10.08964177226597,7,20456113065079.61,22415.534476463377,22382.819592766573,31.607475951466437,2.7863027380911864e-09,0.0,1.1074077425524997,0
167.014,-3.2376190590201,-2.7940131001823523,1.1131791577249734,0.0,0.0,1e-12,9.57187738171477e-05,-3.135623427990312e-05,4.4,3.8,10.090303942700812,7,20456113065079.61,22415.534476463377,22382.819592766573,31.607475951466437,2.7863027380911864e-09,0.0,1.1074077425524997,0
167.08,-3.2376190590201,-2.7940131001823523,1.1131791577249734,0.0,0.0,1e-12,9.57187738171477e-05,-3.135623427990312e-05,4.4,3.8,10.090303942700812,7,20456113065079.61,22415.534476463377,22382.819592766573,31.607475951466437,2.7863027380911864e-09,0.0,1.1074077425524997,0
167.212,-3.2376190590201,-2.7940131001823523,1.1131791577249734,0.0,0.0,1e-12,9.57187738171477e-05,-3.135623427990312e-05,4.4,3.8,10.090303942700812,7,20456113065079.61,22415.534476463377,22382.819592766573,31.607475951466437,2.7863027380911864e-09,0.0,1.1074077425524997,0
167.311,-3.2376190590201,-2.7940131001823523,1.1131791577249734,0.0,0.0,1e-12,9.57187738171477e-05,-3.135623427990312e-05,4.4,3.8,10.090303942700812,7,20456113065079.61,22415.534476463377,22382.819592766573,31.607475951466437,2.7863027380911864e-09,0.0,1.1074077425524997,0
167.41,-3.2376190590201,-2.7940131001823523,1.1131791577249734,0.0,0.0,1e-12,9.57187738171477e-05,-3.135623427990312e-05,4.4,3.8,10.090303942700812,7,20456113065079.61,22415.534476463377,22382.819592766573,31.607475951466437,2.7863027380911864e-09,0.0,1.1074077425524997,0
167.509,-3.2376190590201,-2.7940131001823523,1.1131791577249734,0.0,0.0,1e-12,9.57187738171477e-05,-3.135623427990312e-05,4.4,3.8,10.090303942700812,7,20456113065079.61,22415.534476463377,22382.819592766573,31.607475951466437,2.7863027380911864e-09,0.0,1.1074077425524997,0
167.509,-3.2376190590201,-2.7940131001823523,1.1131791577249734,0.0,0.0,1e-12,9.57187738171477e-05,-3.135623427990312e-05,4.4,3.8,10.090303942700812,7,20456113065079.61,22415.534476463377,22382.819592766573,31.607475951466437,2.7863027380911864e-09,0.0,1.1074077425524997,0
167.707,-3.2376190590201,-2.7940131001823523,1.1131791577249734,0.0,0.0,1e-12,9.57187738171477e-05,-3.135623427990312e-05,4.4,3.8,10.090303942700812,7,20456113065079.61,22415.534476463377,22382.819592766573,31.607475951466437,2.7863027380911864e-09,0.0,1.1074077425524997,0
167.806,-3.2376190590201,-2.7940131001823523,1.1131791577249734,0.0,0.0,1e-12,9.57187738171477e-05,-3.135623427990312e-05,4.4,3.8,10.090303942700812,7,20456113065079.61,22415.534476463377,22382.819592766573,31.607475951466437,2.7863027380911864e-09,0.0,1.1074077425524997,0
167.938,-3.2376190590201,-2.7940131001823523,1.1131791577249734,0.0,0.0,1e-12,9.57187738171477e-05,-3.135623427990312e-05,4.4,3.8,10.090303942700812,7,20456113065079.61,22415.534476463377,22382.819592766573,31.607475951466437,2.7863027380911864e-09,0.0,1.1074077425524997,0
168.004,-3.2376190590201,-2.7940131001823523,1.1131791577249734,0.0,0.0,1e-12,9.57187738171477e-05,-3.135623427990312e-05,4.4,3.8,10.090303942700812,7,20456113065079.61,22415.534476463377,22382.819592766573,31.607475951466437,2.7863027380911864e-09,0.0,1.1074077425524997,0
168.07,-3.2376190590201,-2.7940131001823523,1.1131791577249734,0.0,0.0,1e-12,9.57187738171477e-05,-3.135623427990312e-05,4.4,3.8,10.090303942700812,7,20456113065079.61,22415.534476463377,22382.819592766573,31.607475951466437,2.7863027380911864e-09,0.0,1.1074077425524997,0
168.202,-3.2376190590201,-2.7940131001823523,1.1131791577249734,0.0,0.0,1e-12,9.57187738171477e-05,-3.135623427990312e-05,4.4,3.8,10.090303942700812,7,20456113065079.61,22415.534476463377,22382.819592766573,31.607475951466437,2.7863027380911864e-09,0.0,1.1074077425524997,0
168.268,-3.2376190590201,-2.7940131001823523,1.1131791577249734,0.0,0.0,1e-12,9.57187738171477e-05,-3.135623427990312e-05,4.4,3.8,10.090303942700812,7,20456113065079.61,22415.534476463377,22382.819592766573,31.607475951466437,2.7863027380911864e-09,0.0,1.1074077425524997,0
168.367,-3.2376190590201,-2.7940131001823523,1.1131791577249734,0.0,0.0,1e-12,9.57187738171477e-05,-3.135623427990312e-05,4.4,3.8,10.090303942700812,7,20456113065079.61,22415.534476463377,22382.819592766573,31.607475951466437,2.7863027380911864e-09,0.0,1.1074077425524997,0
168.466,-3.2376190590201,-2.7940131001823523,1.1131791577249734,0.0,0.0,1e-12,9.57187738171477e-05,-3.135623427990312e-05,4.4,3.8,10.090303942700812,7,20456113065079.61,22415.534476463377,22382.819592766573,31.607475951466437,2.7863027380911864e-09,0.0,1.1074077425524997,0
168.466,-3.2376190590201,-2.7940131001823523,1.1131791577249734,0.0,0.0,1e-12,9.57187738171477e-05,-3.135623427990312e-05,4.4,3.8,10.090303942700812,7,20456113065079.61,22415.534476463377,22382.819592766573,31.607475951466437,2.7863027380911864e-09,0.0,1.1074077425524997,0
168.697,-3.2376190590201,-2.7940131001823523,1.1131791577249734,0.0,0.0,1e-12,9.57187738171477e-05,-3.135623427990312e-05,4.4,3.8,10.090303942700812,7,20456113065079.61,22415.534476463377,22382.819592766573,31.607475951466437,2.7863027380911864e-09,0.0,1.1074077425524997,0
168.796,-3.237513977505424,-2.794256317729197,1.1139838970545952,0.0,0.0,1e-12,9.57187738171477e-05,-3.135623427990312e-05,4.4,3.8,10.090383349531482,7,20456113065079.61,22415.534476463377,22382.819592766573,31.607475951466437,2.7863027380911864e-09,0.0,1.1074077425524997,0
168.829,-3.237513977505424,-2.794256317729197,1.1139838970545952,0.0,0.0,1e-12,9.57187738171477e-05,-3.135623427990312e-05,4.4,3.8,10.090383349531482,7,20456113065079.61,22415.534476463377,22382.819592766573,31.607475951466437,2.7863027380911864e-09,0.0,1.1074077425524997,0
169.027,-3.237513977505424,-2.794256317729197,1.1139838970545952,0.0,0.0,1e-12,9.57187738171477e-05,-3.135623427990312e-05,4.4,3.8,10.090383349531482,7,20456113065079.61,22415.534476463377,22382.819592766573,31.607475951466437,2.7863027380911864e-09,0.0,1.1074077425524997,0
169.06,-3.237513977505424,-2.794256317729197,1.1139838970545952,0.0,0.0,1e-12,9.57187738171477e-05,-3.135623427990312e-05,4.4,3.8,10.090383349531482,7,20456113065079.61,22415.534476463377,22382.819592766573,31.607475951466437,2.7863027380911864e-09,0.0,1.1074077425524997,0
169.225,-3.237513977505424,-2.794256317729197,1.1139838970545952,0.0,0.0,1e-12,9.57187738171477e-05,-3.135623427990312e-05,4.4,3.8,10.090383349531482,7,20456113065079.61,22415.534476463377,22382.819592766573,31.607475951466437,2.7863027380911864e-09,0.0,1.1074077425524997,0
169.324,-3.237513977505424,-2.794256317729197,1.1139838970545952,0.0,0.0,1e-12,9.57187738171477e-05,-3.135623427990312e-05,4.4,3.8,10.090383349531482,7,20456113065079.61,22415.534476463377,22382.819592766573,31.607475951466437,2.7863027380911864e-09,0.0,1.1074077425524997,0
169.423,-3.237513977505424,-2.794256317729197,1.1139838970545952,0.0,0.0,1e-12,9.57187738171477e-05,-3.135623427990312e-05,4.4,3.8,10.090383349531482,7,20456113065079.61,22415.534476463377,22382.819592766573,31.607475951466437,2.7863027380911864e-09,0.0,1.1074077425524997,0
169.522,-3.237513977505424,-2.794256317729197,1.1139838970545952,0.0,0.0,1e-12,9.57187738171477e-05,-3.135623427990312e-05,4.4,3.8,10.090383349531482,7,20456113065079.61,22415.534476463377,22382.819592766573,31.607475951466437,2.7863027380911864e-09,0.0,1.1074077425524997,0
169.621,-3.237513977505424,-2.794256317729197,1.1139838970545952,0.0,0.0,1e-12,9.57187738171477e-05,-3.135623427990312e-05,4.4,3.8,10.090383349531482,7,20456113065079.61,22415.534476463377,22382.819592766573,31.607475951466437,2.7863027380911864e-09,0.0,1.1074077425524997,0
169.72,-3.237513977505424,-2.794256317729197,1.1139838970545952,0.0,0.0,1e-12,9.57187738171477e-05,-3.135623427990312e-05,4.4,3.8,10.090383349531482,7,20456113065079.61,22415.534476463377,22382.819592766573,31.607475951466437,2.7863027380911864e-09,0.0,1.1074077425524997,0
169.819,-3.237513977505424,-2.794256317729197,1.1139838970545952,0.0,0.0,1e-12,9.57187738171477e-05,-3.135623427990312e-05,4.4,3.8,10.090383349531482,7,20456113065079.61,22415.534476463377,22382.819592766573,31.607475951466437,2.7863027380911864e-09,0.0,1.1074077425524997,0
169.918,-3.237513977505424,-2.794256317729197,1.1139838970545952,0.0,0.0,1e-12,9.57187738171477e-05,-3.135623427990312e-05,4.4,3.8,10.090383349531482,7,20456113065079.61,22415.534476463377,22382.819592766573,31.607475951466437,2.7863027380911864e-09,0.0,1.1074077425524997,0
169.984,-3.237513977505424,-2.794256317729197,1.1139838970545952,0.0,0.0,1e-12,9.57187738171477e-05,-3.135623427990312e-05,4.4,3.8,10.090383349531482,7,20456113065079.61,22415.534476463377,22382.819592766573,31.607475951466437,2.7863027380911864e-09,0.0,1.1074077425524997,0
170.116,-3.237513977505424,-2.794256317729197,1.1139838970545952,0.0,0.0,1e-12,9.57187738171477e-05,-3.135623427990312e-05,4.4,3.8,10.090383349531482,7,20456113065079.61,22415.534476463377,22382.819592766573,31.607475951466437,2.7863027380911864e-09,0.0,1.1074077425524997,0
170.215,-3.237513977505424,-2.794256317729197,1.1139838970545952,0.0,0.0,1e-12,9.57187738171477e-05,-3.135623427990312e-05,4.4,3.8,10.090383349531482,7,20456113065079.61,22415.534476463377,22382.819592766573,31.607475951466437,2.7863027380911864e-09,0.0,1.1074077425524997,0
170.281,-3.237212071076825,-2.793592766383386,1.1140783633965463,0.0,0.0,1e-12,9.57187738171477e-05,-3.135623427990312e-05,4.4,3.8,10.089721194736002,7,20456113065079.61,22415.534476463377,22382.819592766573,31.607475951466437,2.7863027380911864e-09,0.0,1.1074077425524997,0
170.347,-3.237212071076825,-2.793592766383386,1.1140783633965463,0.0,0.0,1e-12,9.57187738171477e-05,-3.135623427990312e-05,4.4,3.8,10.089721194736002,7,20456113065079.61,22415.534476463377,22382.819592766573,31.607475951466437,2.7863027380911864e-09,0.0,1.1074077425524997,0
170.479,-3.237212071076825,-2.793592766383386,1.1140783633965463,0.0,0.0,1e-12,9.57187738171477e-05,-3.135623427990312e-05,4.4,3.8,10.089721194736002,7,20456113065079.61,22415.534476463377,22382.819592766573,31.607475951466437,2.7863027380911864e-09,0.0,1.1074077425524997,0
170.479,-3.237212071076825,-2.793592766383386,1.1140783633965463,0.0,0.0,1e-12,9.57187738171477e-05,-3.135623427990312e-05,4.4,3.8,10.089721194736002,7,20456113065079.61,22415.534476463377,22382.819592766573,31.607475951466437,2.7863027380911864e-09,0.0,1.1074077425524997,0
170.677,-3.237212071076825,-2.793592766383386,1.1140783633965463,0.0,0.0,1e-12,9.57187738171477e-05,-3.135623427990312e-05,4.4,3.8,10.089721194736002,7,20456113065079.61,22415.534476463377,22382.819592766573,31.607475951466437,2.7863027380911864e-09,0.0,1.1074077425524997,0
170.809,-3.237212071076825,-2.793592766383386,1.1140783633965463,0.0,0.0,1e-12,9.57187738171477e-05,-3.135623427990312e-05,4.4,3.8,10.089721194736002,7,20456113065079.61,22415.534476463377,22382.819592766573,31.607475951466437,2.7863027380911864e-09,0.0,1.1074077425524997,0
170.908,-3.237212071076825,-2.793592766383386,1.1140783633965463,0.0,0.0,1e-12,9.57187738171477e-05,-3.135623427990312e-05,4.4,3.8,10.089721194736002,7,20456113065079.61,22415.534476463377,22382.819592766573,31.607475951466437,2.7863027380911864e-09,0.0,1.1074077425524997,0
171.04,-3.237212071076825,-2.793592766383386,1.1140783633965463,0.0,0.0,1e-12,9.57187738171477e-05,-3.135623427990312e-05,4.4,3.8,10.089721194736002,7,20456113065079.61,22415.534476463377,22382.819592766573,31.607475951466437,2.7863027380911864e-09,0.0,1.1074077425524997,0
171.139,-3.237212071076825,-2.793592766383386,1.1140783633965463,0.0,0.0,1e-12,9.57187738171477e-05,-3.135623427990312e-05,4.4,3.8,10.089721194736002,7,20456113065079.61,22415.534476463377,22382.819592766573,31.607475951466437,2.7863027380911864e-09,0.0,1.1074077425524997,0
171.172,-3.237212071076825,-2.793592766383386,1.1140783633965463,0.0,0.0,1e-12,9.57187738171477e-05,-3.135623427990312e-05,4.4,3.8,10.089721194736002,7,20456113065079.61,22415.534476463377,22382.819592766573,31.607475951466437,2.7863027380911864e-09,0.0,1.1074077425524997,0
171.304,-3.237212071076825,-2.793592766383386,1.1140783633965463,0.0,0.0,1e-12,9.57187738171477e-05,-3.135623427990312e-05,4.4,3.8,10.089721194736002,7,20456113065079.61,22415.534476463377,22382.819592766573,31.607475951466437,2.7863027380911864e-09,0.0,1.1074077425524997,0
171.403,-3.237212071076825,-2.793592766383386,1.1140783633965463,0.0,0.0,1e-12,9.57187738171477e-05,-3.135623427990312e-05,4.4,3.8,10.089721194736002,7,20456113065079.61,22415.534476463377,22382.819592766573,31.607475951466437,2.7863027380911864e-09,0.0,1.1074077425524997,0
171.502,-3.237212071076825,-2.793592766383386,1.1140783633965463,0.0,0.0,1e-12,9.57187738171477e-05,-3.135623427990312e-05,4.4,3.8,10.089721194736002,7,20456113065079.61,22415.534476463377,22382.819592766573,31.607475951466437,2.7863027380911864e-09,0.0,1.1074077425524997,0
171.601,-3.237212071076825,-2.793592766383386,1.1140783633965463,0.0,0.0,1e-12,9.57187738171477e-05,-3.135623427990312e-05,4.4,3.8,10.089721194736002,7,20456113065079.61,22415.534476463377,22382.819592766573,31.607475951466437,2.7863027380911864e-09,0.0,1.1074077425524997,0
171.601,-3.237212071076825,-2.793592766383386,1.1140783633965463,0.0,0.0,1e-12,9.57187738171477e-05,-3.135623427990312e-05,4.4,3.8,10.089721194736002,7,20456113065079.61,22415.534476463377,22382.819592766573,31.607475951466437,2.7863027380911864e-09,0.0,1.1074077425524997,0
171.832,-3.237212071076825,-2.793592766383386,1.1140783633965463,0.0,0.0,1e-12,9.57187738171477e-05,-3.135623427990312e-05,4.4,3.8,10.089721194736002,7,20456113065079.61,22415.534476463377,22382.819592766573,31.607475951466437,2.7863027380911864e-09,0.0,1.1074077425524997,0
171.865,-3.237212071076825,-2.793592766383386,1.1140783633965463,0.0,0.0,1e-12,9.57187738171477e-05,-3.135623427990312e-05,4.4,3.8,10.089721194736002,7,20456113065079.61,22415.534476463377,22382.819592766573,31.607475951466437,2.7863027380911864e-09,0.0,1.1074077425524997,0
171.997,-3.2369351866585854,-2.7929644221636174,1.114202283482062,0.0,0.0,1e-12,9.57187738171477e-05,-3.135623427990312e-05,4.4,3.8,10.08910099647829,7,20456113065079.61,22415.534476463377,22382.819592766573,31.607475951466437,2.7863027380911864e-09,0.0,1.1074077425524997,0
172.129,-3.2369351866585854,-2.7929644221636174,1.114202283482062,0.0,0.0,1e-12,9.57187738171477e-05,-3.135623427990312e-05,4.4,3.8,10.08910099647829,7,20456113065079.61,22415.534476463377,22382.819592766573,31.607475951466437,2.7863027380911864e-09,0.0,1.1074077425524997,0
172.195,-3.2369351866585854,-2.7929644221636174,1.114202283482062,0.0,0.0,1e-12,9.57187738171477e-05,-3.135623427990312e-05,4.4,3.8,10.08910099647829,7,20456113065079.61,22415.534476463377,22382.819592766573,31.607475951466437,2.7863027380911864e-09,0.0,1.1074077425524997,0
172.327,-3.2375004726499896,-2.794269822535026,1.1139050806490136,0.0,0.0,1e-12,9.57187738171477e-05,-3.135623427990312e-05,4.4,3.8,10.090381953232738,7,20456113065079.61,22415.534476463377,22382.819592766573,31.607475951466437,2.7863027380911864e-09,0.0,1.1074077425524997,0
172.36,-3.2375004726499896,-2.794269822535026,1.1139050806490136,0.0,0.0,1e-12,9.57187738171477e-05,-3.135623427990312e-05,4.4,3.8,10.090381953232738,7,20456113065079.61,22415.534476463377,22382.819592766573,31.607475951466437,2.7863027380911864e-09,0.0,1.1074077425524997,0
172.525,-3.2375004726499896,-2.794269822535026,1.1139050806490136,0.0,0.0,1e-12,9.57187738171477e-05,-3.135623427990312e-05,4.4,3.8,10.090381953232738,7,20456113065079.61,22415.534476463377,22382.819592766573,31.607475951466437,2.7863027380911864e-09,0.0,1.1074077425524997,0
172.624,-3.2375004726499896,-2.794269822535026,1.1139050806490136,0.0,0.0,1e-12,9.57187738171477e-05,-3.135623427990312e-05,4.4,3.8,10.090381953232738,7,20456113065079.61,22415.534476463377,22382.819592766573,31.607475951466437,2.7863027380911864e-09,0.0,1.1074077425524997,0
172.657,-3.2375004726499896,-2.794269822535026,1.1139050806490136,0.0,0.0,1e-12,9.57187738171477e-05,-3.135623427990312e-05,4.4,3.8,10.090381953232738,7,20456113065079.61,22415.534476463377,22382.819592766573,31.607475951466437,2.7863027380911864e-09,0.0,1.1074077425524997,0
172.789,-3.2375004726499896,-2.794269822535026,1.1139050806490136,0.0,0.0,1e-12,9.57187738171477e-05,-3.135623427990312e-05,4.4,3.8,10.090381953232738,7,20456113065079.61,22415.534476463377,22382.819592766573,31.607475951466437,2.7863027380911864e-09,0.0,1.1074077425524997,0
172.921,-3.2375004726499896,-2.794269822535026,1.1139050806490136,0.0,0.0,1e-12,9.57187738171477e-05,-3.135623427990312e-05,4.4,3.8,10.090381953232738,7,20456113065079.61,22415.534476463377,22382.819592766573,31.607475951466437,2.7863027380911864e-09,0.0,1.1074077425524997,0
173.02,-3.2375004726499896,-2.794269822535026,1.1139050806490136,0.0,0.0,1e-12,9.57187738171477e-05,-3.135623427990312e-05,4.4,3.8,10.090381953232738,7,20456113065079.61,22415.534476463377,22382.819592766573,31.607475951466437,2.7863027380911864e-09,0.0,1.1074077425524997,0
173.053,-3.2375004726499896,-2.794269822535026,1.1139050806490136,0.0,0.0,1e-12,9.57187738171477e-05,-3.135623427990312e-05,4.4,3.8,10.090381953232738,7,20456113065079.61,22415.534476463377,22382.819592766573,31.607475951466437,2.7863027380911864e-09,0.0,1.1074077425524997,0
173.152,-3.2375004726499896,-2.794269822535026,1.1139050806490136,0.0,0.0,1e-12,9.57187738171477e-05,-3.135623427990312e-05,4.4,3.8,10.090381953232738,7,20456113065079.61,22415.534476463377,22382.819592766573,31.607475951466437,2.7863027380911864e-09,0.0,1.1074077425524997,0
173.251,-3.2375004726499896,-2.794269822535026,1.1139050806490136,0.0,0.0,1e-12,9.57187738171477e-05,-3.135623427990312e-05,4.4,3.8,10.090381953232738,7,20456113065079.61,22415.534476463377,22382.819592766573,31.607475951466437,2.7863027380911864e-09,0.0,1.1074077425524997,0
173.416,-3.2375004726499896,-2.794269822535026,1.1139050806490136,0.0,0.0,1e-12,9.57187738171477e-05,-3.135623427990312e-05,4.4,3.8,10.090381953232738,7,20456113065079.61,22415.534476463377,22382.819592766573,31.607475951466437,2.7863027380911864e-09,0.0,1.1074077425524997,0
173.482,-3.2375004726499896,-2.794269822535026,1.1139050806490136,0.0,0.0,1e-12,9.57187738171477e-05,-3.135623427990312e-05,4.4,3.8,10.090381953232738,7,20456113065079.61,22415.534476463377,22382.819592766573,31.607475951466437,2.7863027380911864e-09,0.0,1.1074077425524997,0
173.581,-3.2375004726499896,-2.794269822535026,1.1139050806490136,0.0,0.0,1e-12,9.57187738171477e-05,-3.135623427990312e-05,4.4,3.8,10.090381953232738,7,20456113065079.61,22415.534476463377,22382.819592766573,31.607475951466437,2.7863027380911864e-09,0.0,1.1074077425524997,0
173.68,-3.2375004726499896,-2.794269822535026,1.1139050806490136,0.0,0.0,1e-12,9.57187738171477e-05,-3.135623427990312e-05,4.4,3.8,10.090381953232738,7,20456113065079.61,22415.534476463377,22382.819592766573,31.607475951466437,2.7863027380911864e-09,0.0,1.1074077425524997,0
173.812,-3.2375004726499896,-2.794269822535026,1.1139050806490136,0.0,0.0,1e-12,9.57187738171477e-05,-3.135623427990312e-05,4.4,3.8,10.090381953232738,7,20456113065079.61,22415.534476463377,22382.819592766573,31.607475951466437,2.7863027380911864e-09,0.0,1.1074077425524997,0
173.911,-3.2375004726499896,-2.794269822535026,1.1139050806490136,0.0,0.0,1e-12,9.57187738171477e-05,-3.135623427990312e-05,4.4,3.8,10.090381953232738,7,20456113065079.61,22415.534476463377,22382.819592766573,31.607475951466437,2.7863027380911864e-09,0.0,1.1074077425524997,0
174.01,-3.2375004726499896,-2.794269822535026,1.1139050806490136,0.0,0.0,1e-12,9.57187738171477e-05,-3.135623427990312e-05,4.4,3.8,10.090381953232738,7,20456113065079.61,22415.534476463377,22382.819592766573,31.607475951466437,2.7863027380911864e-09,0.0,1.1074077425524997,0
174.076,-3.2375004726499896,-2.794269822535026,1.1139050806490136,0.0,0.0,1e-12,9.57187738171477e-05,-3.135623427990312e-05,4.4,3.8,10.090381953232738,7,20456113065079.61,22415.534476463377,22382.819592766573,31.607475951466437,2.7863027380911864e-09,0.0,1.1074077425524997,0
174.208,-3.2375004726499896,-2.794269822535026,1.1139050806490136,0.0,0.0,1e-12,9.57187738171477e-05,-3.135623427990312e-05,4.4,3.8,10.090381953232738,7,20456113065079.61,22415.534476463377,22382.819592766573,31.607475951466437,2.7863027380911864e-09,0.0,1.1074077425524997,0
174.307,-3.2375004726499896,-2.794269822535026,1.1139050806490136,0.0,0.0,1e-12,9.57187738171477e-05,-3.135623427990312e-05,4.4,3.8,10.090381953232738,7,20456113065079.61,22415.534476463377,22382.819592766573,31.607475951466437,2.7863027380911864e-09,0.0,1.1074077425524997,0
174.373,-3.2375004726499896,-2.794269822535026,1.1139050806490136,0.0,0.0,1e-12,9.57187738171477e-05,-3.135623427990312e-05,4.4,3.8,10.090381953232738,7,20456113065079.61,22415.534476463377,22382.819592766573,31.607475951466437,2.7863027380911864e-09,0.0,1.1074077425524997,0
174.505,-3.2375004726499896,-2.794269822535026,1.1139050806490136,0.0,0.0,1e-12,9.57187738171477e-05,-3.135623427990312e-05,4.4,3.8,10.090381953232738,7,20456113065079.61,22415.534476463377,22382.819592766573,31.607475951466437,2.7863027380911864e-09,0.0,1.1074077425524997,0
174.538,-3.2375004726499896,-2.794269822535026,1.1139050806490136,0.0,0.0,1e-12,9.57187738171477e-05,-3.135623427990312e-05,4.4,3.8,10.090381953232738,7,20456113065079.61,22415.534476463377,22382.819592766573,31.607475951466437,2.7863027380911864e-09,0.0,1.1074077425524997,0
174.703,-3.2375004726499896,-2.794269822535026,1.1139050806490136,0.0,0.0,1e-12,9.57187738171477e-05,-3.135623427990312e-05,4.4,3.8,10.090381953232738,7,20456113065079.61,22415.534476463377,22382.819592766573,31.607475951466437,2.7863027380911864e-09,0.0,1.1074077425524997,0
174.802,-3.2372754754965345,-2.7937085609728145,1.1141037584328743,0.0,0.0,1e-12,9.57187738171477e-05,-3.135623427990312e-05,4.4,3.8,10.08984485885026,7,20456113065079.61,22415.534476463377,22382.819592766573,31.607475951466437,2.7863027380911864e-09,0.0,1.1074077425524997,0
174.901,-3.2372754754965345,-2.7937085609728145,1.1141037584328743,0.0,0.0,1e-12,9.57187738171477e-05,-3.135623427990312e-05,4.4,3.8,10.08984485885026,7,20456113065079.61,22415.534476463377,22382.819592766573,31.607475951466437,2.7863027380911864e-09,0.0,1.1074077425524997,0
175.0,-3.2372754754965345,-2.7937085609728145,1.1141037584328743,0.0,0.0,1e-12,9.57187738171477e-05,-3.135623427990312e-05,4.4,3.8,10.08984485885026,7,20456113065079.61,22415.534476463377,22382.819592766573,31.607475951466437,2.7863027380911864e-09,0.0,1.1074077425524997,0
175.132,-3.237479590053006,-2.794303477741971,1.1137586218976079,0.0,0.0,1e-12,9.57187738171477e-05,-3.135623427990312e-05,4.4,3.8,10.0903881414461,7,20456113065079.61,22415.534476463377,22382.819592766573,31.607475951466437,2.7863027380911864e-09,0.0,1.1074077425524997,0
175.231,-3.237479590053006,-2.794303477741971,1.1137586218976079,0.0,0.0,1e-12,9.57187738171477e-05,-3.135623427990312e-05,4.4,3.8,10.0903881414461,7,20456113065079.61,22415.534476463377,22382.819592766573,31.607475951466437,2.7863027380911864e-09,0.0,1.1074077425524997,0
175.264,-3.237479590053006,-2.794303477741971,1.1137586218976079,0.0,0.0,1e-12,9.57187738171477e-05,-3.135623427990312e-05,4.4,3.8,10.0903881414461,7,20456113065079.61,22415.534476463377,22382.819592766573,31.607475951466437,2.7863027380911864e-09,0.0,1.1074077425524997,0
175.396,-3.237479590053006,-2.794303477741971,1.1137586218976079,0.0,0.0,1e-12,9.57187738171477e-05,-3.135623427990312e-05,4.4,3.8,10.0903881414461,7,20456113065079.61,22415.534476463377,22382.819592766573,31.607475951466437,2.7863027380911864e-09,0.0,1.1074077425524997,0
175.528,-3.237479590053006,-2.794303477741971,1.1137586218976079,0.0,0.0,1e-12,9.57187738171477e-05,-3.135623427990312e-05,4.4,3.8,10.0903881414461,7,20456113065079.61,22415.534476463377,22382.819592766573,31.607475951466437,2.7863027380911864e-09,0.0,1.1074077425524997,0
175.561,-3.237479590053006,-2.794303477741971,1.1137586218976079,0.0,0.0,1e-12,9.57187738171477e-05,-3.135623427990312e-05,4.4,3.8,10.0903881414461,7,20456113065079.61,22415.534476463377,22382.819592766573,31.607475951466437,2.7863027380911864e-09,0.0,1.1074077425524997,0
175.726,-3.237479590053006,-2.794303477741971,1.1137586218976079,0.0,0.0,1e-12,9.57187738171477e-05,-3.135623427990312e-05,4.4,3.8,10.0903881414461,7,20456113065079.61,22415.534476463377,22382.819592766573,31.607475951466437,2.7863027380911864e-09,0.0,1.1074077425524997,0
175.792,-3.237479590053006,-2.794303477741971,1.1137586218976079,0.0,0.0,1e-12,9.57187738171477e-05,-3.135623427990312e-05,4.4,3.8,10.0903881414461,7,20456113065079.61,22415.534476463377,22382.819592766573,31.607475951466437,2.7863027380911864e-09,0.0,1.1074077425524997,0
175.891,-3.237479590053006,-2.794303477741971,1.1137586218976079,0.0,0.0,1e-12,9.57187738171477e-05,-3.135623427990312e-05,4.4,3.8,10.0903881414461,7,20456113065079.61,22415.534476463377,22382.819592766573,31.607475951466437,2.7863027380911864e-09,0.0,1.1074077425524997,0
176.023,-3.237479590053006,-2.794303477741971,1.1137586218976079,0.0,0.0,1e-12,9.57187738171477e-05,-3.135623427990312e-05,4.4,3.8,10.0903881414461,7,20456113065079.61,22415.534476463377,22382.819592766573,31.607475951466437,2.7863027380911864e-09,0.0,1.1074077425524997,0
176.089,-3.237479590053006,-2.794303477741971,1.1137586218976079,0.0,0.0,1e-12,9.57187738171477e-05,-3.135623427990312e-05,4.4,3.8,10.0903881414461,7,20456113065079.61,22415.534476463377,22382.819592766573,31.607475951466437,2.7863027380911864e-09,0.0,1.1074077425524997,0
176.155,-3.237479590053006,-2.794303477741971,1.1137586218976079,0.0,0.0,1e-12,9.57187738171477e-05,-3.135623427990312e-05,4.4,3.8,10.0903881414461,7,20456113065079.61,22415.534476463377,22382.819592766573,31.607475951466437,2.7863027380911864e-09,0.0,1.1074077425524997,0
176.32,-3.237479590053006,-2.794303477741971,1.1137586218976079,0.0,0.0,1e-12,9.57187738171477e-05,-3.135623427990312e-05,4.4,3.8,10.0903881414461,7,20456113065079.61,22415.534476463377,22382.819592766573,31.607475951466437,2.7863027380911864e-09,0.0,1.1074077425524997,0
176.419,-3.237479590053006,-2.794303477741971,1.1137586218976079,0.0,0.0,1e-12,9.57187738171477e-05,-3.135623427990312e-05,4.4,3.8,10.0903881414461,7,20456113065079.61,22415.534476463377,22382.819592766573,31.607475951466437,2.7863027380911864e-09,0.0,1.1074077425524997,0
176.518,-3.237479590053006,-2.794303477741971,1.1137586218976079,0.0,0.0,1e-12,9.57187738171477e-05,-3.135623427990312e-05,4.4,3.8,10.0903881414461,7,20456113065079.61,22415.534476463377,22382.819592766573,31.607475951466437,2.7863027380911864e-09,0.0,1.1074077425524997,0
176.617,-3.2377155899091643,-2.7948378379112597,1.1136535682597415,0.0,0.0,1e-12,9.57187738171477e-05,-3.135623427990312e-05,4.4,3.8,10.09091599116193,7,20456113065079.61,22415.534476463377,22382.819592766573,31.607475951466437,2.7863027380911864e-09,0.0,1.1074077425524997,0
176.716,-3.2377155899091643,-2.7948378379112597,1.1136535682597415,0.0,0.0,1e-12,9.57187738171477e-05,-3.135623427990312e-05,4.4,3.8,10.09091599116193,7,20456113065079.61,22415.534476463377,22382.819592766573,31.607475951466437,2.7863027380911864e-09,0.0,1.1074077425524997,0
176.716,-3.2377155899091643,-2.7948378379112597,1.1136535682597415,0.0,0.0,1e-12,9.57187738171477e-05,-3.135623427990312e-05,4.4,3.8,10.09091599116193,7,20456113065079.61,22415.534476463377,22382.819592766573,31.607475951466437,2.7863027380911864e-09,0.0,1.1074077425524997,0
176.914,-3.2377155899091643,-2.7948378379112597,1.1136535682597415,0.0,0.0,1e-12,9.57187738171477e-05,-3.135623427990312e-05,4.4,3.8,10.09091599116193,7,20456113065079.61,22415.534476463377,22382.819592766573,31.607475951466437,2.7863027380911864e-09,0.0,1.1074077425524997,0
177.013,-3.2377155899091643,-2.7948378379112597,1.1136535682597415,0.0,0.0,1e-12,9.57187738171477e-05,-3.135623427990312e-05,4.4,3.8,10.09091599116193,7,20456113065079.61,22415.534476463377,22382.819592766573,31.607475951466437,2.7863027380911864e-09,0.0,1.1074077425524997,0
177.079,-3.2377155899091643,-2.7948378379112597,1.1136535682597415,0.0,0.0,1e-12,9.57187738171477e-05,-3.135623427990312e-05,4.4,3.8,10.09091599116193,7,20456113065079.61,22415.534476463377,22382.819592766573,31.607475951466437,2.7863027380911864e-09,0.0,1.1074077425524997,0
177.178,-3.237582345403734,-2.7950438420022032,1.114495278618135,0.0,0.0,1e-12,9.57187738171477e-05,-3.135623427990312e-05,4.4,3.8,10.09094977495944,7,20456113065079.61,22415.534476463377,22382.819592766573,31.607475951466437,2.7863027380911864e-09,0.0,1.1074077425524997,0
177.31,-3.237582345403734,-2.7950438420022032,1.114495278618135,0.0,0.0,1e-12,9.57187738171477e-05,-3.135623427990312e-05,4.4,3.8,10.09094977495944,7,20456113065079.61,22415.534476463377,22382.819592766573,31.607475951466437,2.7863027380911864e-09,0.0,1.1074077425524997,0
177.409,-3.237582345403734,-2.7950438420022032,1.114495278618135,0.0,0.0,1e-12,9.57187738171477e-05,-3.135623427990312e-05,4.4,3.8,10.09094977495944,7,20456113065079.61,22415.534476463377,22382.819592766573,31.607475951466437,2.7863027380911864e-09,0.0,1.1074077425524997,0
177.508,-3.237582345403734,-2.7950438420022032,1.114495278618135,0.0,0.0,1e-12,9.57187738171477e-05,-3.135623427990312e-05,4.4,3.8,10.09094977495944,7,20456113065079.61,22415.534476463377,22382.819592766573,31.607475951466437,2.7863027380911864e-09,0.0,1.1074077425524997,0
177.607,-3.237582345403734,-2.7950438420022032,1.114495278618135,0.0,0.0,1e-12,9.57187738171477e-05,-3.135623427990312e-05,4.4,3.8,10.09094977495944,7,20456113065079.61,22415.534476463377,22382.819592766573,31.607475951466437,2.7863027380911864e-09,0.0,1.1074077425524997,0
177.739,-3.237582345403734,-2.7950438420022032,1.114495278618135,0.0,0.0,1e-12,9.57187738171477e-05,-3.135623427990312e-05,4.4,3.8,10.09094977495944,7,20456113065079.61,22415.534476463377,22382.819592766573,31.607475951466437,2.7863027380911864e-09,0.0,1.1074077425524997,0
177.805,-3.237656808302529,-2.795103009480567,1.1143322890059133,0.0,0.0,1e-12,9.57187738171477e-05,-3.135623427990312e-05,4.4,3.8,10.09104480354089,7,20456113065079.61,22415.534476463377,22382.819592766573,31.607475951466437,2.7863027380911864e-09,0.0,1.1074077425524997,0
177.904,-3.2379170216658903,-2.795737242009288,1.1141308273172994,0.0,0.0,1e-12,9.57187738171477e-05,-3.135623427990312e-05,4.4,3.8,10.091656266217248,7,20456113065079.61,22415.534476463377,22382.819592766573,31.607475951466437,2.7863027380911864e-09,0.0,1.1074077425524997,0
178.003,-3.2379170216658903,-2.795737242009288,1.1141308273172994,0.0,0.0,1e-12,9.57187738171477e-05,-3.135623427990312e-05,4.4,3.8,10.091656266217248,7,20456113065079.61,22415.534476463377,22382.819592766573,31.607475951466437,2.7863027380911864e-09,0.0,1.1074077425524997,0
178.069,-3.2379170216658903,-2.795737242009288,1.1141308273172994,0.0,0.0,1e-12,9.57187738171477e-05,-3.135623427990312e-05,4.4,3.8,10.091656266217248,7,20456113065079.61,22415.534476463377,22382.819592766573,31.607475951466437,2.7863027380911864e-09,0.0,1.1074077425524997,0
178.201,-3.2379170216658903,-2.795737242009288,1.1141308273172994,0.0,0.0,1e-12,9.57187738171477e-05,-3.135623427990312e-05,4.4,3.8,10.091656266217248,7,20456113065079.61,22415.534476463377,22382.819592766573,31.607475951466437,2.7863027380911864e-09,0.0,1.1074077425524997,0
178.333,-3.2379170216658903,-2.795737242009288,1.1141308273172994,0.0,0.0,1e-12,9.57187738171477e-05,-3.135623427990312e-05,4.4,3.8,10.091656266217248,7,20456113065079.61,22415.534476463377,22382.819592766573,31.607475951466437,2.7863027380911864e-09,0.0,1.1074077425524997,0
178.366,-3.2379170216658903,-2.795737242009288,1.1141308273172994,0.0,0.0,1e-12,9.57187738171477e-05,-3.135623427990312e-05,4.4,3.8,10.091656266217248,7,20456113065079.61,22415.534476463377,22382.819592766573,31.607475951466437,2.7863027380911864e-09,0.0,1.1074077425524997,0
178.465,-3.2379170216658903,-2.795737242009288,1.1141308273172994,0.0,0.0,1e-12,9.57187738171477e-05,-3.135623427990312e-05,4.4,3.8,10.091656266217248,7,20456113065079.61,22415.534476463377,22382.819592766573,31.607475951466437,2.7863027380911864e-09,0.0,1.1074077425524997,0
178.597,-3.2379170216658903,-2.795737242009288,1.1141308273172994,0.0,0.0,1e-12,9.57187738171477e-05,-3.135623427990312e-05,4.4,3.8,10.091656266217248,7,20456113065079.61,22415.534476463377,22382.819592766573,31.607475951466437,2.7863027380911864e-09,0.0,1.1074077425524997,0
178.663,-3.2379170216658903,-2.795737242009288,1.1141308273172994,0.0,0.0,1e-12,9.57187738171477e-05,-3.135623427990312e-05,4.4,3.8,10.091656266217248,7,20456113065079.61,22415.534476463377,22382.819592766573,31.607475951466437,2.7863027380911864e-09,0.0,1.1074077425524997,0
178.795,-3.2376233651996023,-2.795085471271366,1.114234942678901,0.0,0.0,1e-12,9.57187738171477e-05,-3.135623427990312e-05,4.4,3.8,10.09100802903345,7,20456113065079.61,22415.534476463377,22382.819592766573,31.607475951466437,2.7863027380911864e-09,0.0,1.1074077425524997,0
178.927,-3.2378485639209895,-2.794991470883667,1.1132614727529602,0.0,0.0,1e-12,9.57187738171477e-05,-3.135623427990312e-05,4.4,3.8,10.091117043539741,7,20456113065079.61,22415.534476463377,22382.819592766573,31.607475951466437,2.7863027380911864e-09,0.0,1.1074077425524997,0
179.026,-3.237901032997812,-2.795445547200156,1.11258976567065,0.0,0.0,1e-12,9.57187738171477e-05,-3.135623427990312e-05,4.4,3.8,10.091453520477186,7,20456113065079.61,22415.534476463377,22382.819592766573,31.607475951466437,2.7863027380911864e-09,0.0,1.1074077425524997,0
179.059,-3.237901032997812,-2.795445547200156,1.11258976567065,0.0,0.0,1e-12,9.57187738171477e-05,-3.135623427990312e-05,4.4,3.8,10.091453520477186,7,20456113065079.61,22415.534476463377,22382.819592766573,31.607475951466437,2.7863027380911864e-09,0.0,1.1074077425524997,0
179.158,-3.237901032997812,-2.795445547200156,1.11258976567065,0.0,0.0,1e-12,9.57187738171477e-05,-3.135623427990312e-05,4.4,3.8,10.091453520477186,7,20456113065079.61,22415.534476463377,22382.819592766573,31.607475951466437,2.7863027380911864e-09,0.0,1.1074077425524997,0
179.323,-3.237901032997812,-2.795445547200156,1.11258976567065,0.0,0.0,1e-12,9.57187738171477e-05,-3.135623427990312e-05,4.4,3.8,10.091453520477186,7,20456113065079.61,22415.534476463377,22382.819592766573,31.607475951466437,2.7863027380911864e-09,0.0,1.1074077425524997,0
179.422,-3.237901032997812,-2.795445547200156,1.11258976567065,0.0,0.0,1e-12,9.57187738171477e-05,-3.135623427990312e-05,4.4,3.8,10.091453520477186,7,20456113065079.61,22415.534476463377,22382.819592766573,31.607475951466437,2.7863027380911864e-09,0.0,1.1074077425524997,0
179.521,-3.237901032997812,-2.795445547200156,1.11258976567065,0.0,0.0,1e-12,9.57187738171477e-05,-3.135623427990312e-05,4.4,3.8,10.091453520477186,7,20456113065079.61,22415.534476463377,22382.819592766573,31.607475951466437,2.7863027380911864e-09,0.0,1.1074077425524997,0
179.587,-3.237901032997812,-2.795445547200156,1.11258976567065,0.0,0.0,1e-12,9.57187738171477e-05,-3.135623427990312e-05,4.4,3.8,10.091453520477186,7,20456113065079.61,22415.534476463377,22382.819592766573,31.607475951466437,2.7863027380911864e-09,0.0,1.1074077425524997,0
179.653,-3.237901032997812,-2.795445547200156,1.11258976567065,0.0,0.0,1e-12,9.57187738171477e-05,-3.135623427990312e-05,4.4,3.8,10.091453520477186,7,20456113065079.61,22415.534476463377,22382.819592766573,31.607475951466437,2.7863027380911864e-09,0.0,1.1074077425524997,0
179.785,-3.237901032997812,-2.795445547200156,1.11258976567065,0.0,0.0,1e-12,9.57187738171477e-05,-3.135623427990312e-05,4.4,3.8,10.091453520477186,7,20456113065079.61,22415.534476463377,22382.819592766573,31.607475951466437,2.7863027380911864e-09,0.0,1.1074077425524997,0
179.884,-3.237901032997812,-2.795445547200156,1.11258976567065,0.0,0.0,1e-12,9.57187738171477e-05,-3.135623427990312e-05,4.4,3.8,10.091453520477186,7,20456113065079.61,22415.534476463377,22382.819592766573,31.607475951466437,2.7863027380911864e-09,0.0,1.1074077425524997,0
180.016,-3.237901032997812,-2.795445547200156,1.11258976567065,0.0,0.0,1e-12,9.57187738171477e-05,-3.135623427990312e-05,4.4,3.8,10.091453520477186,7,20456113065079.61,22415.534476463377,22382.819592766573,31.607475951466437,2.7863027380911864e-09,0.0,1.1074077425524997,0
180.115,-3.2376319780980913,-2.7948286700859,1.1127274931525233,0.0,0.0,1e-12,9.57187738171477e-05,-3.135623427990312e-05,4.4,3.8,10.0908467147536,7,20456113065079.61,22415.534476463377,22382.819592766573,31.607475951466437,2.7863027380911864e-09,0.0,1.1074077425524997,0
180.181,-3.2376319780980913,-2.7948286700859,1.1127274931525233,0.0,0.0,1e-12,9.57187738171477e-05,-3.135623427990312e-05,4.4,3.8,10.0908467147536,7,20456113065079.61,22415.534476463377,22382.819592766573,31.607475951466437,2.7863027380911864e-09,0.0,1.1074077425524997,0
180.313,-3.237436610270404,-2.7949550387487405,1.1136499719008748,0.0,0.0,1e-12,9.57187738171477e-05,-3.135623427990312e-05,4.4,3.8,10.09078143351723,7,20456113065079.61,22415.534476463377,22382.819592766573,31.607475951466437,2.7863027380911864e-09,0.0,1.1074077425524997,0
180.346,-3.237436610270404,-2.7949550387487405,1.1136499719008748,0.0,0.0,1e-12,9.57187738171477e-05,-3.135623427990312e-05,4.4,3.8,10.09078143351723,7,20456113065079.61,22415.534476463377,22382.819592766573,31.607475951466437,2.7863027380911864e-09,0.0,1.1074077425524997,0
180.478,-3.237436610270404,-2.7949550387487405,1.1136499719008748,0.0,0.0,1e-12,9.57187738171477e-05,-3.135623427990312e-05,4.4,3.8,10.09078143351723,7,20456113065079.61,22415.534476463377,22382.819592766573,31.607475951466437,2.7863027380911864e-09,0.0,1.1074077425524997,0
180.61,-3.237436610270404,-2.7949550387487405,1.1136499719008748,0.0,0.0,1e-12,9.57187738171477e-05,-3.135623427990312e-05,4.4,3.8,10.09078143351723,7,20456113065079.61,22415.534476463377,22382.819592766573,31.607475951466437,2.7863027380911864e-09,0.0,1.1074077425524997,0
180.709,-3.237436610270404,-2.7949550387487405,1.1136499719008748,0.0,0.0,1e-12,9.57187738171477e-05,-3.135623427990312e-05,4.4,3.8,10.09078143351723,7,20456113065079.61,22415.534476463377,22382.819592766573,31.607475951466437,2.7863027380911864e-09,0.0,1.1074077425524997,0
180.808,-3.237436610270404,-2.7949550387487405,1.1136499719008748,0.0,0.0,1e-12,9.57187738171477e-05,-3.135623427990312e-05,4.4,3.8,10.09078143351723,7,20456113065079.61,22415.534476463377,22382.819592766573,31.607475951466437,2.7863027380911864e-09,0.0,1.1074077425524997,0
180.907,-3.237436610270404,-2.7949550387487405,1.1136499719008748,0.0,0.0,1e-12,9.57187738171477e-05,-3.135623427990312e-05,4.4,3.8,10.09078143351723,7,20456113065079.61,22415.534476463377,22382.819592766573,31.607475951466437,2.7863027380911864e-09,0.0,1.1074077425524997,0
181.006,-3.237436610270404,-2.7949550387487405,1.1136499719008748,0.0,0.0,1e-12,9.57187738171477e-05,-3.135623427990312e-05,4.4,3.8,10.09078143351723,7,20456113065079.61,22415.534476463377,22382.819592766573,31.607475951466437,2.7863027380911864e-09,0.0,1.1074077425524997,0
181.138,-3.237436610270404,-2.7949550387487405,1.1136499719008748,0.0,0.0,1e-12,9.57187738171477e-05,-3.135623427990312e-05,4.4,3.8,10.09078143351723,7,20456113065079.61,22415.534476463377,22382.819592766573,31.607475951466437,2.7863027380911864e-09,0.0,1.1074077425524997,0
181.171,-3.237436610270404,-2.7949550387487405,1.1136499719008748,0.0,0.0,1e-12,9.57187738171477e-05,-3.135623427990312e-05,4.4,3.8,10.09078143351723,7,20456113065079.61,22415.534476463377,22382.819592766573,31.607475951466437,2.7863027380911864e-09,0.0,1.1074077425524997,0
181.303,-3.237436610270404,-2.7949550387487405,1.1136499719008748,0.0,0.0,1e-12,9.57187738171477e-05,-3.135623427990312e-05,4.4,3.8,10.09078143351723,7,20456113065079.61,22415.534476463377,22382.819592766573,31.607475951466437,2.7863027380911864e-09,0.0,1.1074077425524997,0
181.402,-3.237436610270404,-2.7949550387487405,1.1136499719008748,0.0,0.0,1e-12,9.57187738171477e-05,-3.135623427990312e-05,4.4,3.8,10.09078143351723,7,20456113065079.61,22415.534476463377,22382.819592766573,31.607475951466437,2.7863027380911864e-09,0.0,1.1074077425524997,0
181.534,-3.237436610270404,-2.7949550387487405,1.1136499719008748,0.0,0.0,1e-12,9.57187738171477e-05,-3.135623427990312e-05,4.4,3.8,10.09078143351723,7,20456113065079.61,22415.534476463377,22382.819592766573,31.607475951466437,2.7863027380911864e-09,0.0,1.1074077425524997,0
181.567,-3.237436610270404,-2.7949550387487405,1.1136499719008748,0.0,0.0,1e-12,9.57187738171477e-05,-3.135623427990312e-05,4.4,3.8,10.09078143351723,7,20456113065079.61,22415.534476463377,22382.819592766573,31.607475951466437,2.7863027380911864e-09,0.0,1.1074077425524997,0
181.699,-3.237436610270404,-2.7949550387487405,1.1136499719008748,0.0,0.0,1e-12,9.57187738171477e-05,-3.135623427990312e-05,4.4,3.8,10.09078143351723,7,20456113065079.61,22415.534476463377,22382.819592766573,31.607475951466437,2.7863027380911864e-09,0.0,1.1074077425524997,0
181.831,-3.237436610270404,-2.7949550387487405,1.1136499719008748,0.0,0.0,1e-12,9.57187738171477e-05,-3.135623427990312e-05,4.4,3.8,10.09078143351723,7,20456113065079.61,22415.534476463377,22382.819592766573,31.607475951466437,2.7863027380911864e-09,0.0,1.1074077425524997,0
181.93,-3.237436610270404,-2.7949550387487405,1.1136499719008748,0.0,0.0,1e-12,9.57187738171477e-05,-3.135623427990312e-05,4.4,3.8,10.09078143351723,7,20456113065079.61,22415.534476463377,22382.819592766573,31.607475951466437,2.7863027380911864e-09,0.0,1.1074077425524997,0
181.996,-3.237436610270404,-2.7949550387487405,1.1136499719008748,0.0,0.0,1e-12,9.57187738171477e-05,-3.135623427990312e-05,4.4,3.8,10.09078143351723,7,20456113065079.61,22415.534476463377,22382.819592766573,31.607475951466437,2.7863027380911864e-09,0.0,1.1074077425524997,0
182.062,-3.237436610270404,-2.7949550387487405,1.1136499719008748,0.0,0.0,1e-12,9.57187738171477e-05,-3.135623427990312e-05,4.4,3.8,10.09078143351723,7,20456113065079.61,22415.534476463377,22382.819592766573,31.607475951466437,2.7863027380911864e-09,0.0,1.1074077425524997,0
182.194,-3.237436610270404,-2.7949550387487405,1.1136499719008748,0.0,0.0,1e-12,9.57187738171477e-05,-3.135623427990312e-05,4.4,3.8,10.09078143351723,7,20456113065079.61,22415.534476463377,22382.819592766573,31.607475951466437,2.7863027380911864e-09,0.0,1.1074077425524997,0
182.326,-3.237436610270404,-2.7949550387487405,1.1136499719008748,0.0,0.0,1e-12,9.57187738171477e-05,-3.135623427990312e-05,4.4,3.8,10.09078143351723,7,20456113065079.61,22415.534476463377,22382.819592766573,31.607475951466437,2.7863027380911864e-09,0.0,1.1074077425524997,0
182.392,-3.237436610270404,-2.7949550387487405,1.1136499719008748,0.0,0.0,1e-12,9.57187738171477e-05,-3.135623427990312e-05,4.4,3.8,10.09078143351723,7,20456113065079.61,22415.534476463377,22382.819592766573,31.607475951466437,2.7863027380911864e-09,0.0,1.1074077425524997,0
182.524,-3.237436610270404,-2.7949550387487405,1.1136499719008748,0.0,0.0,1e-12,9.57187738171477e-05,-3.135623427990312e-05,4.4,3.8,10.09078143351723,7,20456113065079.61,22415.534476463377,22382.819592766573,31.607475951466437,2.7863027380911864e-09,0.0,1.1074077425524997,0
182.59,-3.237731817974448,-2.7956096164110873,1.113544821695375,0.0,0.0,1e-12,9.57187738171477e-05,-3.135623427990312e-05,4.4,3.8,10.091432680020894,7,20456113065079.61,22415.534476463377,22382.819592766573,31.607475951466437,2.7863027380911864e-09,0.0,1.1074077425524997,0
182.722,-3.237731817974448,-2.7956096164110873,1.113544821695375,0.0,0.0,1e-12,9.57187738171477e-05,-3.135623427990312e-05,4.4,3.8,10.091432680020894,7,20456113065079.61,22415.534476463377,22382.819592766573,31.607475951466437,2.7863027380911864e-09,0.0,1.1074077425524997,0
182.788,-3.237731817974448,-2.7956096164110873,1.113544821695375,0.0,0.0,1e-12,9.57187738171477e-05,-3.135623427990312e-05,4.4,3.8,10.091432680020894,7,20456113065079.61,22415.534476463377,22382.819592766573,31.607475951466437,2.7863027380911864e-09,0.0,1.1074077425524997,0
182.92,-3.237928407555372,-2.796193371428543,1.1131879955179038,0.0,0.0,1e-12,9.57187738171477e-05,-3.135623427990312e-05,4.4,3.8,10.091963007870133,7,20456113065079.61,22415.534476463377,22382.819592766573,31.607475951466437,2.7863027380911864e-09,0.0,1.1074077425524997,0
183.019,-3.237928407555372,-2.796193371428543,1.1131879955179038,0.0,0.0,1e-12,9.57187738171477e-05,-3.135623427990312e-05,4.4,3.8,10.091963007870133,7,20456113065079.61,22415.534476463377,22382.819592766573,31.607475951466437,2.7863027380911864e-09,0.0,1.1074077425524997,0
183.085,-3.2377109395111097,-2.795643261928003,1.1133978304028613,0.0,0.0,1e-12,9.57187738171477e-05,-3.135623427990312e-05,4.4,3.8,10.091438868374714,7,20456113065079.61,22415.534476463377,22382.819592766573,31.607475951466437,2.7863027380911864e-09,0.0,1.1074077425524997,0
183.217,-3.2377109395111097,-2.795643261928003,1.1133978304028613,0.0,0.0,1e-12,9.57187738171477e-05,-3.135623427990312e-05,4.4,3.8,10.091438868374714,7,20456113065079.61,22415.534476463377,22382.819592766573,31.607475951466437,2.7863027380911864e-09,0.0,1.1074077425524997,0
183.283,-3.2377109395111097,-2.795643261928003,1.1133978304028613,0.0,0.0,1e-12,9.57187738171477e-05,-3.135623427990312e-05,4.4,3.8,10.091438868374714,7,20456113065079.61,22415.534476463377,22382.819592766573,31.607475951466437,2.7863027380911864e-09,0.0,1.1074077425524997,0
183.415,-3.237932021428393,-2.7962534590084926,1.1130857161980838,0.0,0.0,1e-12,9.57187738171477e-05,-3.135623427990312e-05,4.4,3.8,10.092005016816168,7,20456113065079.61,22415.534476463377,22382.819592766573,31.607475951466437,2.7863027380911864e-09,0.0,1.1074077425524997,0
183.481,-3.237932021428393,-2.7962534590084926,1.1130857161980838,0.0,0.0,1e-12,9.57187738171477e-05,-3.135623427990312e-05,4.4,3.8,10.092005016816168,7,20456113065079.61,22415.534476463377,22382.819592766573,31.607475951466437,2.7863027380911864e-09,0.0,1.1074077425524997,0
183.613,-3.237932021428393,-2.7962534590084926,1.1130857161980838,0.0,0.0,1e-12,9.57187738171477e-05,-3.135623427990312e-05,4.4,3.8,10.092005016816168,7,20456113065079.61,22415.534476463377,22382.819592766573,31.607475951466437,2.7863027380911864e-09,0.0,1.1074077425524997,0
183.712,-3.237932021428393,-2.7962534590084926,1.1130857161980838,0.0,0.0,1e-12,9.57187738171477e-05,-3.135623427990312e-05,4.4,3.8,10.092005016816168,7,20456113065079.61,22415.534476463377,22382.819592766573,31.607475951466437,2.7863027380911864e-09,0.0,1.1074077425524997,0
183.811,-3.23800225309038,-2.796489515616444,1.1132515314728904,0.0,0.0,1e-12,9.57187738171477e-05,-3.135623427990312e-05,4.4,3.8,10.092212460499006,7,20456113065079.61,22415.534476463377,22382.819592766573,31.607475951466437,2.7863027380911864e-09,0.0,1.1074077425524997,0
183.91,-3.23800225309038,-2.796489515616444,1.1132515314728904,0.0,0.0,1e-12,9.57187738171477e-05,-3.135623427990312e-05,4.4,3.8,10.092212460499006,7,20456113065079.61,22415.534476463377,22382.819592766573,31.607475951466437,2.7863027380911864e-09,0.0,1.1074077425524997,0
184.009,-3.23800225309038,-2.796489515616444,1.1132515314728904,0.0,0.0,1e-12,9.57187738171477e-05,-3.135623427990312e-05,4.4,3.8,10.092212460499006,7,20456113065079.61,22415.534476463377,22382.819592766573,31.607475951466437,2.7863027380911864e-09,0.0,1.1074077425524997,0
184.042,-3.23800225309038,-2.796489515616444,1.1132515314728904,0.0,0.0,1e-12,9.57187738171477e-05,-3.135623427990312e-05,4.4,3.8,10.092212460499006,7,20456113065079.61,22415.534476463377,22382.819592766573,31.607475951466437,2.7863027380911864e-09,0.0,1.1074077425524997,0
184.207,-3.23800225309038,-2.796489515616444,1.1132515314728904,0.0,0.0,1e-12,9.57187738171477e-05,-3.135623427990312e-05,4.4,3.8,10.092212460499006,7,20456113065079.61,22415.534476463377,22382.819592766573,31.607475951466437,2.7863027380911864e-09,0.0,1.1074077425524997,0
184.306,-3.23800225309038,-2.796489515616444,1.1132515314728904,0.0,0.0,1e-12,9.57187738171477e-05,-3.135623427990312e-05,4.4,3.8,10.092212460499006,7,20456113065079.61,22415.534476463377,22382.819592766573,31.607475951466437,2.7863027380911864e-09,0.0,1.1074077425524997,0
184.372,-3.23800225309038,-2.796489515616444,1.1132515314728904,0.0,0.0,1e-12,9.57187738171477e-05,-3.135623427990312e-05,4.4,3.8,10.092212460499006,7,20456113065079.61,22415.534476463377,22382.819592766573,31.607475951466437,2.7863027380911864e-09,0.0,1.1074077425524997,0
184.504,-3.237998741324202,-2.7967416802887306,1.1137108874403099,0.0,0.0,1e-12,9.57187738171477e-05,-3.135623427990312e-05,4.4,3.8,10.092374624880344,7,20456113065079.61,22415.534476463377,22382.819592766573,31.607475951466437,2.7863027380911864e-09,0.0,1.1074077425524997,0
184.603,-3.237998741324202,-2.7967416802887306,1.1137108874403099,0.0,0.0,1e-12,9.57187738171477e-05,-3.135623427990312e-05,4.4,3.8,10.092374624880344,7,20456113065079.61,22415.534476463377,22382.819592766573,31.607475951466437,2.7863027380911864e-09,0.0,1.1074077425524997,0
184.702,-3.2376573839053737,-2.79654344338411,1.114090416272661,0.0,0.0,1e-12,9.57187738171477e-05,-3.135623427990312e-05,4.4,3.8,10.091986707996508,7,20456113065079.61,22415.534476463377,22382.819592766573,31.607475951466437,2.7863027380911864e-09,0.0,1.1074077425524997,0
184.834,-3.2379419474716182,-2.7969878732924185,1.1143505003244663,0.0,0.0,1e-12,9.57187738171477e-05,-3.135623427990312e-05,4.4,3.8,10.09249256592809,7,20456113065079.61,22415.534476463377,22382.819592766573,31.607475951466437,2.7863027380911864e-09,0.0,1.1074077425524997,0
184.9,-3.2376573839053737,-2.79654344338411,1.114090416272661,0.0,0.0,1e-12,9.57187738171477e-05,-3.135623427990312e-05,4.4,3.8,10.091986707996508,7,20456113065079.61,22415.534476463377,22382.819592766573,31.607475951466437,2.7863027380911864e-09,0.0,1.1074077425524997,0
185.032,-3.2376573839053737,-2.79654344338411,1.114090416272661,0.0,0.0,1e-12,9.57187738171477e-05,-3.135623427990312e-05,4.4,3.8,10.091986707996508,7,20456113065079.61,22415.534476463377,22382.819592766573,31.607475951466437,2.7863027380911864e-09,0.0,1.1074077425524997,0
185.131,-3.237490155510499,-2.7965809599761173,1.1147565827981318,0.0,0.0,1e-12,9.57187738171477e-05,-3.135623427990312e-05,4.4,3.8,10.091884672202672,7,20456113065079.61,22415.534476463377,22382.819592766573,31.607475951466437,2.7863027380911864e-09,0.0,1.1074077425524997,0
185.23,-3.2376573839053737,-2.79654344338411,1.114090416272661,0.0,0.0,1e-12,9.57187738171477e-05,-3.135623427990312e-05,4.4,3.8,10.091986707996508,7,20456113065079.61,22415.534476463377,22382.819592766573,31.607475951466437,2.7863027380911864e-09,0.0,1.1074077425524997,0
185.296,-3.2376573839053737,-2.79654344338411,1.114090416272661,0.0,0.0,1e-12,9.57187738171477e-05,-3.135623427990312e-05,4.4,3.8,10.091986707996508,7,20456113065079.61,22415.534476463377,22382.819592766573,31.607475951466437,2.7863027380911864e-09,0.0,1.1074077425524997,0
185.395,-3.2376573839053737,-2.79654344338411,1.114090416272661,0.0,0.0,1e-12,9.57187738171477e-05,-3.135623427990312e-05,4.4,3.8,10.091986707996508,7,20456113065079.61,22415.534476463377,22382.819592766573,31.607475951466437,2.7863027380911864e-09,0.0,1.1074077425524997,0
185.494,-3.2376573839053737,-2.79654344338411,1.114090416272661,0.0,0.0,1e-12,9.57187738171477e-05,-3.135623427990312e-05,4.4,3.8,10.091986707996508,7,20456113065079.61,22415.534476463377,22382.819592766573,31.607475951466437,2.7863027380911864e-09,0.0,1.1074077425524997,0
185.626,-3.2376573839053737,-2.79654344338411,1.114090416272661,0.0,0.0,1e-12,9.57187738171477e-05,-3.135623427990312e-05,4.4,3.8,10.091986707996508,7,20456113065079.61,22415.534476463377,22382.819592766573,31.607475951466437,2.7863027380911864e-09,0.0,1.1074077425524997,0
185.725,-3.2376573839053737,-2.79654344338411,1.114090416272661,0.0,0.0,1e-12,9.57187738171477e-05,-3.135623427990312e-05,4.4,3.8,10.091986707996508,7,20456113065079.61,22415.534476463377,22382.819592766573,31.607475951466437,2.7863027380911864e-09,0.0,1.1074077425524997,0
185.824,-3.2376573839053737,-2.79654344338411,1.114090416272661,0.0,0.0,1e-12,9.57187738171477e-05,-3.135623427990312e-05,4.4,3.8,10.091986707996508,7,20456113065079.61,22415.534476463377,22382.819592766573,31.607475951466437,2.7863027380911864e-09,0.0,1.1074077425524997,0
185.89,-3.2376573839053737,-2.79654344338411,1.114090416272661,0.0,0.0,1e-12,9.57187738171477e-05,-3.135623427990312e-05,4.4,3.8,10.091986707996508,7,20456113065079.61,22415.534476463377,22382.819592766573,31.607475951466437,2.7863027380911864e-09,0.0,1.1074077425524997,0
185.956,-3.237490155510499,-2.7965809599761173,1.1147565827981318,0.0,0.0,1e-12,9.57187738171477e-05,-3.135623427990312e-05,4.4,3.8,10.091884672202672,7,20456113065079.61,22415.534476463377,22382.819592766573,31.607475951466437,2.7863027380911864e-09,0.0,1.1074077425524997,0
186.121,-3.237490155510499,-2.7965809599761173,1.1147565827981318,0.0,0.0,1e-12,9.57187738171477e-05,-3.135623427990312e-05,4.4,3.8,10.091884672202672,7,20456113065079.61,22415.534476463377,22382.819592766573,31.607475951466437,2.7863027380911864e-09,0.0,1.1074077425524997,0
186.22,-3.237490155510499,-2.7965809599761173,1.1147565827981318,0.0,0.0,1e-12,9.57187738171477e-05,-3.135623427990312e-05,4.4,3.8,10.091884672202672,7,20456113065079.61,22415.534476463377,22382.819592766573,31.607475951466437,2.7863027380911864e-09,0.0,1.1074077425524997,0
186.319,-3.2376573839053737,-2.79654344338411,1.114090416272661,0.0,0.0,1e-12,9.57187738171477e-05,-3.135623427990312e-05,4.4,3.8,10.091986707996508,7,20456113065079.61,22415.534476463377,22382.819592766573,31.607475951466437,2.7863027380911864e-09,0.0,1.1074077425524997,0
186.385,-3.2376573839053737,-2.79654344338411,1.114090416272661,0.0,0.0,1e-12,9.57187738171477e-05,-3.135623427990312e-05,4.4,3.8,10.091986707996508,7,20456113065079.61,22415.534476463377,22382.819592766573,31.607475951466437,2.7863027380911864e-09,0.0,1.1074077425524997,0
186.484,-3.2376573839053737,-2.79654344338411,1.114090416272661,0.0,0.0,1e-12,9.57187738171477e-05,-3.135623427990312e-05,4.4,3.8,10.091986707996508,7,20456113065079.61,22415.534476463377,22382.819592766573,31.607475951466437,2.7863027380911864e-09,0.0,1.1074077425524997,0
186.616,-3.2376573839053737,-2.79654344338411,1.114090416272661,0.0,0.0,1e-12,9.57187738171477e-05,-3.135623427990312e-05,4.4,3.8,10.091986707996508,7,20456113065079.61,22415.534476463377,22382.819592766573,31.607475951466437,2.7863027380911864e-09,0.0,1.1074077425524997,0
186.715,-3.2376573839053737,-2.79654344338411,1.114090416272661,0.0,0.0,1e-12,9.57187738171477e-05,-3.135623427990312e-05,4.4,3.8,10.091986707996508,7,20456113065079.61,22415.534476463377,22382.819592766573,31.607475951466437,2.7863027380911864e-09,0.0,1.1074077425524997,0
186.814,-3.2377820173862206,-2.797020425054815,1.11365932628186,0.0,0.0,1e-12,9.57187738171477e-05,-3.135623427990312e-05,4.4,3.8,10.092392810116873,7,20456113065079.61,22415.534476463377,22382.819592766573,31.607475951466437,2.7863027380911864e-09,0.0,1.1074077425524997,0
186.913,-3.2374401447174352,-2.7969786940997827,1.114815413843082,0.0,0.0,1e-12,9.57187738171477e-05,-3.135623427990312e-05,4.4,3.8,10.092106809509497,7,20456113065079.61,22415.534476463377,22382.819592766573,31.607475951466437,2.7863027380911864e-09,0.0,1.1074077425524997,0
187.012,-3.2374401447174352,-2.7969786940997827,1.114815413843082,0.0,0.0,1e-12,9.57187738171477e-05,-3.135623427990312e-05,4.4,3.8,10.092106809509497,7,20456113065079.61,22415.534476463377,22382.819592766573,31.607475951466437,2.7863027380911864e-09,0.0,1.1074077425524997,0
187.111,-3.2374401447174352,-2.7969786940997827,1.114815413843082,0.0,0.0,1e-12,9.57187738171477e-05,-3.135623427990312e-05,4.4,3.8,10.092106809509497,7,20456113065079.61,22415.534476463377,22382.819592766573,31.607475951466437,2.7863027380911864e-09,0.0,1.1074077425524997,0
187.21,-3.23720138902207,-2.797084091879748,1.115860980654865,0.0,0.0,1e-12,9.57187738171477e-05,-3.135623427990312e-05,4.4,3.8,10.091995024365277,7,20456113065079.61,22415.534476463377,22382.819592766573,31.607475951466437,2.7863027380911864e-09,0.0,1.1074077425524997,0
187.309,-3.237372517844435,-2.7970463207243776,1.115178197675284,0.0,0.0,1e-12,9.57187738171477e-05,-3.135623427990312e-05,4.4,3.8,10.092099837700204,7,20456113065079.61,22415.534476463377,22382.819592766573,31.607475951466437,2.7863027380911864e-09,0.0,1.1074077425524997,0
187.441,-3.237372517844435,-2.7970463207243776,1.115178197675284,0.0,0.0,1e-12,9.57187738171477e-05,-3.135623427990312e-05,4.4,3.8,10.092099837700204,7,20456113065079.61,22415.534476463377,22382.819592766573,31.607475951466437,2.7863027380911864e-09,0.0,1.1074077425524997,0
187.54,-3.23720138902207,-2.797084091879748,1.115860980654865,0.0,0.0,1e-12,9.57187738171477e-05,-3.135623427990312e-05,4.4,3.8,10.091995024365277,7,20456113065079.61,22415.534476463377,22382.819592766573,31.607475951466437,2.7863027380911864e-09,0.0,1.1074077425524997,0
187.606,-3.237372517844435,-2.7970463207243776,1.115178197675284,0.0,0.0,1e-12,9.57187738171477e-05,-3.135623427990312e-05,4.4,3.8,10.092099837700204,7,20456113065079.61,22415.534476463377,22382.819592766573,31.607475951466437,2.7863027380911864e-09,0.0,1.1074077425524997,0
187.738,-3.23720138902207,-2.797084091879748,1.115860980654865,0.0,0.0,1e-12,9.57187738171477e-05,-3.135623427990312e-05,4.4,3.8,10.091995024365277,7,20456113065079.61,22415.534476463377,22382.819592766573,31.607475951466437,2.7863027380911864e-09,0.0,1.1074077425524997,0
187.804,-3.23720138902207,-2.797084091879748,1.115860980654865,0.0,0.0,1e-12,9.57187738171477e-05,-3.135623427990312e-05,4.4,3.8,10.091995024365277,7,20456113065079.61,22415.534476463377,22382.819592766573,31.607475951466437,2.7863027380911864e-09,0.0,1.1074077425524997,0
187.903,-3.23720138902207,-2.797084091879748,1.115860980654865,0.0,0.0,1e-12,9.57187738171477e-05,-3.135623427990312e-05,4.4,3.8,10.091995024365277,7,20456113065079.61,22415.534476463377,22382.819592766573,31.607475951466437,2.7863027380911864e-09,0.0,1.1074077425524997,0
187.969,-3.23720138902207,-2.797084091879748,1.115860980654865,0.0,0.0,1e-12,9.57187738171477e-05,-3.135623427990312e-05,4.4,3.8,10.091995024365277,7,20456113065079.61,22415.534476463377,22382.819592766573,31.607475951466437,2.7863027380911864e-09,0.0,1.1074077425524997,0
188.101,-3.23720138902207,-2.797084091879748,1.115860980654865,0.0,0.0,1e-12,9.57187738171477e-05,-3.135623427990312e-05,4.4,3.8,10.091995024365277,7,20456113065079.61,22415.534476463377,22382.819592766573,31.607475951466437,2.7863027380911864e-09,0.0,1.1074077425524997,0
188.101,-3.23720138902207,-2.797084091879748,1.115860980654865,0.0,0.0,1e-12,9.57187738171477e-05,-3.135623427990312e-05,4.4,3.8,10.091995024365277,7,20456113065079.61,22415.534476463377,22382.819592766573,31.607475951466437,2.7863027380911864e-09,0.0,1.1074077425524997,0
188.332,-3.23720138902207,-2.797084091879748,1.115860980654865,0.0,0.0,1e-12,9.57187738171477e-05,-3.135623427990312e-05,4.4,3.8,10.091995024365277,7,20456113065079.61,22415.534476463377,22382.819592766573,31.607475951466437,2.7863027380911864e-09,0.0,1.1074077425524997,0
188.431,-3.237110196287793,-2.7964388778492855,1.1153167290848605,0.0,0.0,1e-12,9.57187738171477e-05,-3.135623427990312e-05,4.4,3.8,10.091504249587596,7,20456113065079.61,22415.534476463377,22382.819592766573,31.607475951466437,2.7863027380911864e-09,0.0,1.1074077425524997,0
188.53,-3.2369390420034447,-2.7964766423335843,1.1159974721139931,0.0,0.0,1e-12,9.57187738171477e-05,-3.135623427990312e-05,4.4,3.8,10.091399408611725,7,20456113065079.61,22415.534476463377,22382.819592766573,31.607475951466437,2.7863027380911864e-09,0.0,1.1074077425524997,0
188.629,-3.2370218599866982,-2.796329260089286,1.1154411219099132,0.0,0.0,1e-12,9.57187738171477e-05,-3.135623427990312e-05,4.4,3.8,10.091365744904143,7,20456113065079.61,22415.534476463377,22382.819592766573,31.607475951466437,2.7863027380911864e-09,0.0,1.1074077425524997,0
188.728,-3.2370218599866982,-2.796329260089286,1.1154411219099132,0.0,0.0,1e-12,9.57187738171477e-05,-3.135623427990312e-05,4.4,3.8,10.091365744904143,7,20456113065079.61,22415.534476463377,22382.819592766573,31.607475951466437,2.7863027380911864e-09,0.0,1.1074077425524997,0
188.827,-3.2370926024994584,-2.7969917792016314,1.115888546640057,0.0,0.0,1e-12,9.57187738171477e-05,-3.135623427990312e-05,4.4,3.8,10.091852354944848,7,20456113065079.61,22415.534476463377,22382.819592766573,31.607475951466437,2.7863027380911864e-09,0.0,1.1074077425524997,0
188.926,-3.2370926024994584,-2.7969917792016314,1.115888546640057,0.0,0.0,1e-12,9.57187738171477e-05,-3.135623427990312e-05,4.4,3.8,10.091852354944848,7,20456113065079.61,22415.534476463377,22382.819592766573,31.607475951466437,2.7863027380911864e-09,0.0,1.1074077425524997,0
189.025,-3.2370926024994584,-2.7969917792016314,1.115888546640057,0.0,0.0,1e-12,9.57187738171477e-05,-3.135623427990312e-05,4.4,3.8,10.091852354944848,7,20456113065079.61,22415.534476463377,22382.819592766573,31.607475951466437,2.7863027380911864e-09,0.0,1.1074077425524997,0
189.091,-3.2370926024994584,-2.7969917792016314,1.115888546640057,0.0,0.0,1e-12,9.57187738171477e-05,-3.135623427990312e-05,4.4,3.8,10.091852354944848,7,20456113065079.61,22415.534476463377,22382.819592766573,31.607475951466437,2.7863027380911864e-09,0.0,1.1074077425524997,0
189.223,-3.2370926024994584,-2.7969917792016314,1.115888546640057,0.0,0.0,1e-12,9.57187738171477e-05,-3.135623427990312e-05,4.4,3.8,10.091852354944848,7,20456113065079.61,22415.534476463377,22382.819592766573,31.607475951466437,2.7863027380911864e-09,0.0,1.1074077425524997,0
189.223,-3.2370926024994584,-2.7969917792016314,1.115888546640057,0.0,0.0,1e-12,9.57187738171477e-05,-3.135623427990312e-05,4.4,3.8,10.091852354944848,7,20456113065079.61,22415.534476463377,22382.819592766573,31.607475951466437,2.7863027380911864e-09,0.0,1.1074077425524997,0
189.421,-3.2368902104546886,-2.7968588565303825,1.1166362903696994,0.0,0.0,1e-12,9.57187738171477e-05,-3.135623427990312e-05,4.4,3.8,10.091612302279652,7,20456113065079.61,22415.534476463377,22382.819592766573,31.607475951466437,2.7863027380911864e-09,0.0,1.1074077425524997,0
189.454,-3.2368902104546886,-2.7968588565303825,1.1166362903696994,0.0,0.0,1e-12,9.57187738171477e-05,-3.135623427990312e-05,4.4,3.8,10.091612302279652,7,20456113065079.61,22415.534476463377,22382.819592766573,31.607475951466437,2.7863027380911864e-09,0.0,1.1074077425524997,0
189.454,-3.2368902104546886,-2.7968588565303825,1.1166362903696994,0.0,0.0,1e-12,9.57187738171477e-05,-3.135623427990312e-05,4.4,3.8,10.091612302279652,7,20456113065079.61,22415.534476463377,22382.819592766573,31.607475951466437,2.7863027380911864e-09,0.0,1.1074077425524997,0
189.685,-3.2368902104546886,-2.7968588565303825,1.1166362903696994,0.0,0.0,1e-12,9.57187738171477e-05,-3.135623427990312e-05,4.4,3.8,10.091612302279652,7,20456113065079.61,22415.534476463377,22382.819592766573,31.607475951466437,2.7863027380911864e-09,0.0,1.1074077425524997,0
189.784,-3.2368902104546886,-2.7968588565303825,1.1166362903696994,0.0,0.0,1e-12,9.57187738171477e-05,-3.135623427990312e-05,4.4,3.8,10.091612302279652,7,20456113065079.61,22415.534476463377,22382.819592766573,31.607475951466437,2.7863027380911864e-09,0.0,1.1074077425524997,0
189.916,-3.2368902104546886,-2.7968588565303825,1.1166362903696994,0.0,0.0,1e-12,9.57187738171477e-05,-3.135623427990312e-05,4.4,3.8,10.091612302279652,7,20456113065079.61,22415.534476463377,22382.819592766573,31.607475951466437,2.7863027380911864e-09,0.0,1.1074077425524997,0
189.916,-3.2368902104546886,-2.7968588565303825,1.1166362903696994,0.0,0.0,1e-12,9.57187738171477e-05,-3.135623427990312e-05,4.4,3.8,10.091612302279652,7,20456113065079.61,22415.534476463377,22382.819592766573,31.607475951466437,2.7863027380911864e-09,0.0,1.1074077425524997,0
190.081,-3.2368902104546886,-2.7968588565303825,1.1166362903696994,0.0,0.0,1e-12,9.57187738171477e-05,-3.135623427990312e-05,4.4,3.8,10.091612302279652,7,20456113065079.61,22415.534476463377,22382.819592766573,31.607475951466437,2.7863027380911864e-09,0.0,1.1074077425524997,0
190.18,-3.2368902104546886,-2.7968588565303825,1.1166362903696994,0.0,0.0,1e-12,9.57187738171477e-05,-3.135623427990312e-05,4.4,3.8,10.091612302279652,7,20456113065079.61,22415.534476463377,22382.819592766573,31.607475951466437,2.7863027380911864e-09,0.0,1.1074077425524997,0
190.279,-3.2368902104546886,-2.7968588565303825,1.1166362903696994,0.0,0.0,1e-12,9.57187738171477e-05,-3.135623427990312e-05,4.4,3.8,10.091612302279652,7,20456113065079.61,22415.534476463377,22382.819592766573,31.607475951466437,2.7863027380911864e-09,0.0,1.1074077425524997,0
190.411,-3.2368902104546886,-2.7968588565303825,1.1166362903696994,0.0,0.0,1e-12,9.57187738171477e-05,-3.135623427990312e-05,4.4,3.8,10.091612302279652,7,20456113065079.61,22415.534476463377,22382.819592766573,31.607475951466437,2.7863027380911864e-09,0.0,1.1074077425524997,0
190.51,-3.2370810920362705,-2.79743539648224,1.1162798103262348,0.0,0.0,1e-12,9.57187738171477e-05,-3.135623427990312e-05,4.4,3.8,10.092133640469427,7,20456113065079.61,22415.534476463377,22382.819592766573,31.607475951466437,2.7863027380911864e-09,0.0,1.1074077425524997,0
190.609,-3.2370810920362705,-2.79743539648224,1.1162798103262348,0.0,0.0,1e-12,9.57187738171477e-05,-3.135623427990312e-05,4.4,3.8,10.092133640469427,7,20456113065079.61,22415.534476463377,22382.819592766573,31.607475951466437,2.7863027380911864e-09,0.0,1.1074077425524997,0
190.675,-3.237307825771365,-2.7980493162713547,1.1159907661349893,0.0,0.0,1e-12,9.57187738171477e-05,-3.135623427990312e-05,4.4,3.8,10.092706555009782,7,20456113065079.61,22415.534476463377,22382.819592766573,31.607475951466437,2.7863027380911864e-09,0.0,1.1074077425524997,0
190.807,-3.237307825771365,-2.7980493162713547,1.1159907661349893,0.0,0.0,1e-12,9.57187738171477e-05,-3.135623427990312e-05,4.4,3.8,10.092706555009782,7,20456113065079.61,22415.534476463377,22382.819592766573,31.607475951466437,2.7863027380911864e-09,0.0,1.1074077425524997,0
190.906,-3.237307825771365,-2.7980493162713547,1.1159907661349893,0.0,0.0,1e-12,9.57187738171477e-05,-3.135623427990312e-05,4.4,3.8,10.092706555009782,7,20456113065079.61,22415.534476463377,22382.819592766573,31.607475951466437,2.7863027380911864e-09,0.0,1.1074077425524997,0
191.005,-3.2375214800454524,-2.798647601430583,1.1156785897400587,0.0,0.0,1e-12,9.57187738171477e-05,-3.135623427990312e-05,4.4,3.8,10.093259360881463,7,20456113065079.61,22415.534476463377,22382.819592766573,31.607475951466437,2.7863027380911864e-09,0.0,1.1074077425524997,0
191.104,-3.2375214800454524,-2.798647601430583,1.1156785897400587,0.0,0.0,1e-12,9.57187738171477e-05,-3.135623427990312e-05,4.4,3.8,10.093259360881463,7,20456113065079.61,22415.534476463377,22382.819592766573,31.607475951466437,2.7863027380911864e-09,0.0,1.1074077425524997,0
191.17,-3.2375214800454524,-2.798647601430583,1.1156785897400587,0.0,0.0,1e-12,9.57187738171477e-05,-3.135623427990312e-05,4.4,3.8,10.093259360881463,7,20456113065079.61,22415.534476463377,22382.819592766573,31.607475951466437,2.7863027380911864e-09,0.0,1.1074077425524997,0
191.302,-3.2373114377110674,-2.798109264514941,1.1158893346634688,0.0,0.0,1e-12,9.57187738171477e-05,-3.135623427990312e-05,4.4,3.8,10.092748479134421,7,20456113065079.61,22415.534476463377,22382.819592766573,31.607475951466437,2.7863027380911864e-09,0.0,1.1074077425524997,0
191.368,-3.2373114377110674,-2.798109264514941,1.1158893346634688,0.0,0.0,1e-12,9.57187738171477e-05,-3.135623427990312e-05,4.4,3.8,10.092748479134421,7,20456113065079.61,22415.534476463377,22382.819592766573,31.607475951466437,2.7863027380911864e-09,0.0,1.1074077425524997,0
191.5,-3.2375189940799296,-2.798700828975676,1.115565690164492,0.0,0.0,1e-12,9.57187738171477e-05,-3.135623427990312e-05,4.4,3.8,10.093292278303247,7,20456113065079.61,22415.534476463377,22382.819592766573,31.607475951466437,2.7863027380911864e-09,0.0,1.1074077425524997,0
191.533,-3.2375189940799296,-2.798700828975676,1.115565690164492,0.0,0.0,1e-12,9.57187738171477e-05,-3.135623427990312e-05,4.4,3.8,10.093292278303247,7,20456113065079.61,22415.534476463377,22382.819592766573,31.607475951466437,2.7863027380911864e-09,0.0,1.1074077425524997,0
191.665,-3.2372481877682113,-2.798274208169479,1.1153210720794569,0.0,0.0,1e-12,9.57187738171477e-05,-3.135623427990312e-05,4.4,3.8,10.092808449968889,7,20456113065079.61,22415.534476463377,22382.819592766573,31.607475951466437,2.7863027380911864e-09,0.0,1.1074077425524997,0
191.83,-3.2375189940799296,-2.798700828975676,1.115565690164492,0.0,0.0,1e-12,9.57187738171477e-05,-3.135623427990312e-05,4.4,3.8,10.093292278303247,7,20456113065079.61,22415.534476463377,22382.819592766573,31.607475951466437,2.7863027380911864e-09,0.0,1.1074077425524997,0
191.863,-3.2375189940799296,-2.798700828975676,1.115565690164492,0.0,0.0,1e-12,9.57187738171477e-05,-3.135623427990312e-05,4.4,3.8,10.093292278303247,7,20456113065079.61,22415.534476463377,22382.819592766573,31.607475951466437,2.7863027380911864e-09,0.0,1.1074077425524997,0
191.863,-3.2375189940799296,-2.798700828975676,1.115565690164492,0.0,0.0,1e-12,9.57187738171477e-05,-3.135623427990312e-05,4.4,3.8,10.093292278303247,7,20456113065079.61,22415.534476463377,22382.819592766573,31.607475951466437,2.7863027380911864e-09,0.0,1.1074077425524997,0
192.094,-3.2375189940799296,-2.798700828975676,1.115565690164492,0.0,0.0,1e-12,9.57187738171477e-05,-3.135623427990312e-05,4.4,3.8,10.093292278303247,7,20456113065079.61,22415.534476463377,22382.819592766573,31.607475951466437,2.7863027380911864e-09,0.0,1.1074077425524997,0
192.16,-3.2372481877682113,-2.798274208169479,1.1153210720794569,0.0,0.0,1e-12,9.57187738171477e-05,-3.135623427990312e-05,4.4,3.8,10.092808449968889,7,20456113065079.61,22415.534476463377,22382.819592766573,31.607475951466437,2.7863027380911864e-09,0.0,1.1074077425524997,0
192.325,-3.2375189940799296,-2.798700828975676,1.115565690164492,0.0,0.0,1e-12,9.57187738171477e-05,-3.135623427990312e-05,4.4,3.8,10.093292278303247,7,20456113065079.61,22415.534476463377,22382.819592766573,31.607475951466437,2.7863027380911864e-09,0.0,1.1074077425524997,0
192.424,-3.2375189940799296,-2.798700828975676,1.115565690164492,0.0,0.0,1e-12,9.57187738171477e-05,-3.135623427990312e-05,4.4,3.8,10.093292278303247,7,20456113065079.61,22415.534476463377,22382.819592766573,31.607475951466437,2.7863027380911864e-09,0.0,1.1074077425524997,0
192.49,-3.2375189940799296,-2.798700828975676,1.115565690164492,0.0,0.0,1e-12,9.57187738171477e-05,-3.135623427990312e-05,4.4,3.8,10.093292278303247,7,20456113065079.61,22415.534476463377,22382.819592766573,31.607475951466437,2.7863027380911864e-09,0.0,1.1074077425524997,0
192.622,-3.2375189940799296,-2.798700828975676,1.115565690164492,0.0,0.0,1e-12,9.57187738171477e-05,-3.135623427990312e-05,4.4,3.8,10.093292278303247,7,20456113065079.61,22415.534476463377,22382.819592766573,31.607475951466437,2.7863027380911864e-09,0.0,1.1074077425524997,0
192.688,-3.2372481877682113,-2.798274208169479,1.1153210720794569,0.0,0.0,1e-12,9.57187738171477e-05,-3.135623427990312e-05,4.4,3.8,10.092808449968889,7,20456113065079.61,22415.534476463377,22382.819592766573,31.607475951466437,2.7863027380911864e-09,0.0,1.1074077425524997,0
192.82,-3.2375189940799296,-2.798700828975676,1.115565690164492,0.0,0.0,1e-12,9.57187738171477e-05,-3.135623427990312e-05,4.4,3.8,10.093292278303247,7,20456113065079.61,22415.534476463377,22382.819592766573,31.607475951466437,2.7863027380911864e-09,0.0,1.1074077425524997,0
192.886,-3.2375189940799296,-2.798700828975676,1.115565690164492,0.0,0.0,1e-12,9.57187738171477e-05,-3.135623427990312e-05,4.4,3.8,10.093292278303247,7,20456113065079.61,22415.534476463377,22382.819592766573,31.607475951466437,2.7863027380911864e-09,0.0,1.1074077425524997,0
192.919,-3.2375189940799296,-2.798700828975676,1.115565690164492,0.0,0.0,1e-12,9.57187738171477e-05,-3.135623427990312e-05,4.4,3.8,10.093292278303247,7,20456113065079.61,22415.534476463377,22382.819592766573,31.607475951466437,2.7863027380911864e-09,0.0,1.1074077425524997,0
193.084,-3.2375189940799296,-2.798700828975676,1.115565690164492,0.0,0.0,1e-12,9.57187738171477e-05,-3.135623427990312e-05,4.4,3.8,10.093292278303247,7,20456113065079.61,22415.534476463377,22382.819592766573,31.607475951466437,2.7863027380911864e-09,0.0,1.1074077425524997,0
193.249,-3.2372481877682113,-2.798274208169479,1.1153210720794569,0.0,0.0,1e-12,9.57187738171477e-05,-3.135623427990312e-05,4.4,3.8,10.092808449968889,7,20456113065079.61,22415.534476463377,22382.819592766573,31.607475951466437,2.7863027380911864e-09,0.0,1.1074077425524997,0
193.249,-3.2372481877682113,-2.798274208169479,1.1153210720794569,0.0,0.0,1e-12,9.57187738171477e-05,-3.135623427990312e-05,4.4,3.8,10.092808449968889,7,20456113065079.61,22415.534476463377,22382.819592766573,31.607475951466437,2.7863027380911864e-09,0.0,1.1074077425524997,0
193.414,-3.2375189940799296,-2.798700828975676,1.115565690164492,0.0,0.0,1e-12,9.57187738171477e-05,-3.135623427990312e-05,4.4,3.8,10.093292278303247,7,20456113065079.61,22415.534476463377,22382.819592766573,31.607475951466437,2.7863027380911864e-09,0.0,1.1074077425524997,0
193.447,-3.2375189940799296,-2.798700828975676,1.115565690164492,0.0,0.0,1e-12,9.57187738171477e-05,-3.135623427990312e-05,4.4,3.8,10.093292278303247,7,20456113065079.61,22415.534476463377,22382.819592766573,31.607475951466437,2.7863027380911864e-09,0.0,1.1074077425524997,0
193.612,-3.2372481877682113,-2.798274208169479,1.1153210720794569,0.0,0.0,1e-12,9.57187738171477e-05,-3.135623427990312e-05,4.4,3.8,10.092808449968889,7,20456113065079.61,22415.534476463377,22382.819592766573,31.607475951466437,2.7863027380911864e-09,0.0,1.1074077425524997,0
193.711,-3.2372481877682113,-2.798274208169479,1.1153210720794569,0.0,0.0,1e-12,9.57187738171477e-05,-3.135623427990312e-05,4.4,3.8,10.092808449968889,7,20456113065079.61,22415.534476463377,22382.819592766573,31.607475951466437,2.7863027380911864e-09,0.0,1.1074077425524997,0
193.777,-3.2372481877682113,-2.798274208169479,1.1153210720794569,0.0,0.0,1e-12,9.57187738171477e-05,-3.135623427990312e-05,4.4,3.8,10.092808449968889,7,20456113065079.61,22415.534476463377,22382.819592766573,31.607475951466437,2.7863027380911864e-09,0.0,1.1074077425524997,0
193.876,-3.2372481877682113,-2.798274208169479,1.1153210720794569,0.0,0.0,1e-12,9.57187738171477e-05,-3.135623427990312e-05,4.4,3.8,10.092808449968889,7,20456113065079.61,22415.534476463377,22382.819592766573,31.607475951466437,2.7863027380911864e-09,0.0,1.1074077425524997,0
194.008,-3.237085229228176,-2.797851622072589,1.1154945415428852,0.0,0.0,1e-12,9.57187738171477e-05,-3.135623427990312e-05,4.4,3.8,10.09240887129436,7,20456113065079.61,22415.534476463377,22382.819592766573,31.607475951466437,2.7863027380911864e-09,0.0,1.1074077425524997,0
194.107,-3.237085229228176,-2.797851622072589,1.1154945415428852,0.0,0.0,1e-12,9.57187738171477e-05,-3.135623427990312e-05,4.4,3.8,10.09240887129436,7,20456113065079.61,22415.534476463377,22382.819592766573,31.607475951466437,2.7863027380911864e-09,0.0,1.1074077425524997,0
194.206,-3.237085229228176,-2.797851622072589,1.1154945415428852,0.0,0.0,1e-12,9.57187738171477e-05,-3.135623427990312e-05,4.4,3.8,10.09240887129436,7,20456113065079.61,22415.534476463377,22382.819592766573,31.607475951466437,2.7863027380911864e-09,0.0,1.1074077425524997,0
194.272,-3.237085229228176,-2.797851622072589,1.1154945415428852,0.0,0.0,1e-12,9.57187738171477e-05,-3.135623427990312e-05,4.4,3.8,10.09240887129436,7,20456113065079.61,22415.534476463377,22382.819592766573,31.607475951466437,2.7863027380911864e-09,0.0,1.1074077425524997,0
194.437,-3.237085229228176,-2.797851622072589,1.1154945415428852,0.0,0.0,1e-12,9.57187738171477e-05,-3.135623427990312e-05,4.4,3.8,10.09240887129436,7,20456113065079.61,22415.534476463377,22382.819592766573,31.607475951466437,2.7863027380911864e-09,0.0,1.1074077425524997,0
194.536,-3.237085229228176,-2.797851622072589,1.1154945415428852,0.0,0.0,1e-12,9.57187738171477e-05,-3.135623427990312e-05,4.4,3.8,10.09240887129436,7,20456113065079.61,22415.534476463377,22382.819592766573,31.607475951466437,2.7863027380911864e-09,0.0,1.1074077425524997,0
194.536,-3.237085229228176,-2.797851622072589,1.1154945415428852,0.0,0.0,1e-12,9.57187738171477e-05,-3.135623427990312e-05,4.4,3.8,10.09240887129436,7,20456113065079.61,22415.534476463377,22382.819592766573,31.607475951466437,2.7863027380911864e-09,0.0,1.1074077425524997,0
194.701,-3.237085229228176,-2.797851622072589,1.1154945415428852,0.0,0.0,1e-12,9.57187738171477e-05,-3.135623427990312e-05,4.4,3.8,10.09240887129436,7,20456113065079.61,22415.534476463377,22382.819592766573,31.607475951466437,2.7863027380911864e-09,0.0,1.1074077425524997,0
194.8,-3.2370176017471226,-2.797740919564376,1.115441676009521,0.0,0.0,1e-12,9.57187738171477e-05,-3.135623427990312e-05,4.4,3.8,10.092285325489444,7,20456113065079.61,22415.534476463377,22382.819592766573,31.607475951466437,2.7863027380911864e-09,0.0,1.1074077425524997,0
194.932,-3.2370176017471226,-2.797740919564376,1.115441676009521,0.0,0.0,1e-12,9.57187738171477e-05,-3.135623427990312e-05,4.4,3.8,10.092285325489444,7,20456113065079.61,22415.534476463377,22382.819592766573,31.607475951466437,2.7863027380911864e-09,0.0,1.1074077425524997,0
194.965,-3.2370176017471226,-2.797740919564376,1.115441676009521,0.0,0.0,1e-12,9.57187738171477e-05,-3.135623427990312e-05,4.4,3.8,10.092285325489444,7,20456113065079.61,22415.534476463377,22382.819592766573,31.607475951466437,2.7863027380911864e-09,0.0,1.1074077425524997,0
195.13,-3.2370176017471226,-2.797740919564376,1.115441676009521,0.0,0.0,1e-12,9.57187738171477e-05,-3.135623427990312e-05,4.4,3.8,10.092285325489444,7,20456113065079.61,22415.534476463377,22382.819592766573,31.607475951466437,2.7863027380911864e-09,0.0,1.1074077425524997,0
195.229,-3.2370176017471226,-2.797740919564376,1.115441676009521,0.0,0.0,1e-12,9.57187738171477e-05,-3.135623427990312e-05,4.4,3.8,10.092285325489444,7,20456113065079.61,22415.534476463377,22382.819592766573,31.607475951466437,2.7863027380911864e-09,0.0,1.1074077425524997,0
195.295,-3.2372347226768556,-2.797655921305957,1.1145091147551704,0.0,0.0,1e-12,9.57187738171477e-05,-3.135623427990312e-05,4.4,3.8,10.092394060142746,7,20456113065079.61,22415.534476463377,22382.819592766573,31.607475951466437,2.7863027380911864e-09,0.0,1.1074077425524997,0
195.361,-3.2372347226768556,-2.797655921305957,1.1145091147551704,0.0,0.0,1e-12,9.57187738171477e-05,-3.135623427990312e-05,4.4,3.8,10.092394060142746,7,20456113065079.61,22415.534476463377,22382.819592766573,31.607475951466437,2.7863027380911864e-09,0.0,1.1074077425524997,0
195.361,-3.2372347226768556,-2.797655921305957,1.1145091147551704,0.0,0.0,1e-12,9.57187738171477e-05,-3.135623427990312e-05,4.4,3.8,10.092394060142746,7,20456113065079.61,22415.534476463377,22382.819592766573,31.607475951466437,2.7863027380911864e-09,0.0,1.1074077425524997,0
195.559,-3.2372347226768556,-2.797655921305957,1.1145091147551704,0.0,0.0,1e-12,9.57187738171477e-05,-3.135623427990312e-05,4.4,3.8,10.092394060142746,7,20456113065079.61,22415.534476463377,22382.819592766573,31.607475951466437,2.7863027380911864e-09,0.0,1.1074077425524997,0
195.559,-3.2372347226768556,-2.797655921305957,1.1145091147551704,0.0,0.0,1e-12,9.57187738171477e-05,-3.135623427990312e-05,4.4,3.8,10.092394060142746,7,20456113065079.61,22415.534476463377,22382.819592766573,31.607475951466437,2.7863027380911864e-09,0.0,1.1074077425524997,0
195.823,-3.2372347226768556,-2.797655921305957,1.1145091147551704,0.0,0.0,1e-12,9.57187738171477e-05,-3.135623427990312e-05,4.4,3.8,10.092394060142746,7,20456113065079.61,22415.534476463377,22382.819592766573,31.607475951466437,2.7863027380911864e-09,0.0,1.1074077425524997,0
195.889,-3.2372347226768556,-2.797655921305957,1.1145091147551704,0.0,0.0,1e-12,9.57187738171477e-05,-3.135623427990312e-05,4.4,3.8,10.092394060142746,7,20456113065079.61,22415.534476463377,22382.819592766573,31.607475951466437,2.7863027380911864e-09,0.0,1.1074077425524997,0
195.988,-3.2372347226768556,-2.797655921305957,1.1145091147551704,0.0,0.0,1e-12,9.57187738171477e-05,-3.135623427990312e-05,4.4,3.8,10.092394060142746,7,20456113065079.61,22415.534476463377,22382.819592766573,31.607475951466437,2.7863027380911864e-09,0.0,1.1074077425524997,0
196.12,-3.237066301346267,-2.7977639975353217,1.1153068952443679,0.0,0.0,1e-12,9.57187738171477e-05,-3.135623427990312e-05,4.4,3.8,10.092337264396788,7,20456113065079.61,22415.534476463377,22382.819592766573,31.607475951466437,2.7863027380911864e-09,0.0,1.1074077425524997,0
196.219,-3.237066301346267,-2.7977639975353217,1.1153068952443679,0.0,0.0,1e-12,9.57187738171477e-05,-3.135623427990312e-05,4.4,3.8,10.092337264396788,7,20456113065079.61,22415.534476463377,22382.819592766573,31.607475951466437,2.7863027380911864e-09,0.0,1.1074077425524997,0
196.285,-3.237066301346267,-2.7977639975353217,1.1153068952443679,0.0,0.0,1e-12,9.57187738171477e-05,-3.135623427990312e-05,4.4,3.8,10.092337264396788,7,20456113065079.61,22415.534476463377,22382.819592766573,31.607475951466437,2.7863027380911864e-09,0.0,1.1074077425524997,0
196.417,-3.237066301346267,-2.7977639975353217,1.1153068952443679,0.0,0.0,1e-12,9.57187738171477e-05,-3.135623427990312e-05,4.4,3.8,10.092337264396788,7,20456113065079.61,22415.534476463377,22382.819592766573,31.607475951466437,2.7863027380911864e-09,0.0,1.1074077425524997,0
196.516,-3.237066301346267,-2.7977639975353217,1.1153068952443679,0.0,0.0,1e-12,9.57187738171477e-05,-3.135623427990312e-05,4.4,3.8,10.092337264396788,7,20456113065079.61,22415.534476463377,22382.819592766573,31.607475951466437,2.7863027380911864e-09,0.0,1.1074077425524997,0
196.615,-3.236809921510945,-2.7971641248847323,1.1154539517599777,0.0,0.0,1e-12,9.57187738171477e-05,-3.135623427990312e-05,4.4,3.8,10.09175110017851,7,20456113065079.61,22415.534476463377,22382.819592766573,31.607475951466437,2.7863027380911864e-09,0.0,1.1074077425524997,0
196.681,-3.236809921510945,-2.7971641248847323,1.1154539517599777,0.0,0.0,1e-12,9.57187738171477e-05,-3.135623427990312e-05,4.4,3.8,10.09175110017851,7,20456113065079.61,22415.534476463377,22382.819592766573,31.607475951466437,2.7863027380911864e-09,0.0,1.1074077425524997,0
196.813,-3.236809921510945,-2.7971641248847323,1.1154539517599777,0.0,0.0,1e-12,9.57187738171477e-05,-3.135623427990312e-05,4.4,3.8,10.09175110017851,7,20456113065079.61,22415.534476463377,22382.819592766573,31.607475951466437,2.7863027380911864e-09,0.0,1.1074077425524997,0
196.912,-3.236650247066801,-2.7967711078341457,1.1155823581120021,0.0,0.0,1e-12,9.57187738171477e-05,-3.135623427990312e-05,4.4,3.8,10.091373347824407,7,20456113065079.61,22415.534476463377,22382.819592766573,31.607475951466437,2.7863027380911864e-09,0.0,1.1074077425524997,0
196.912,-3.236650247066801,-2.7967711078341457,1.1155823581120021,0.0,0.0,1e-12,9.57187738171477e-05,-3.135623427990312e-05,4.4,3.8,10.091373347824407,7,20456113065079.61,22415.534476463377,22382.819592766573,31.607475951466437,2.7863027380911864e-09,0.0,1.1074077425524997,0
197.11,-3.236650247066801,-2.7967711078341457,1.1155823581120021,0.0,0.0,1e-12,9.57187738171477e-05,-3.135623427990312e-05,4.4,3.8,10.091373347824407,7,20456113065079.61,22415.534476463377,22382.819592766573,31.607475951466437,2.7863027380911864e-09,0.0,1.1074077425524997,0
197.209,-3.236650247066801,-2.7967711078341457,1.1155823581120021,0.0,0.0,1e-12,9.57187738171477e-05,-3.135623427990312e-05,4.4,3.8,10.091373347824407,7,20456113065079.61,22415.534476463377,22382.819592766573,31.607475951466437,2.7863027380911864e-09,0.0,1.1074077425524997,0
197.308,-3.236650247066801,-2.7967711078341457,1.1155823581120021,0.0,0.0,1e-12,9.57187738171477e-05,-3.135623427990312e-05,4.4,3.8,10.091373347824407,7,20456113065079.61,22415.534476463377,22382.819592766573,31.607475951466437,2.7863027380911864e-09,0.0,1.1074077425524997,0
197.407,-3.236650247066801,-2.7967711078341457,1.1155823581120021,0.0,0.0,1e-12,9.57187738171477e-05,-3.135623427990312e-05,4.4,3.8,10.091373347824407,7,20456113065079.61,22415.534476463377,22382.819592766573,31.607475951466437,2.7863027380911864e-09,0.0,1.1074077425524997,0
197.506,-3.236650247066801,-2.7967711078341457,1.1155823581120021,0.0,0.0,1e-12,9.57187738171477e-05,-3.135623427990312e-05,4.4,3.8,10.091373347824407,7,20456113065079.61,22415.534476463377,22382.819592766573,31.607475951466437,2.7863027380911864e-09,0.0,1.1074077425524997,0
197.572,-3.236650247066801,-2.7967711078341457,1.1155823581120021,0.0,0.0,1e-12,9.57187738171477e-05,-3.135623427990312e-05,4.4,3.8,10.091373347824407,7,20456113065079.61,22415.534476463377,22382.819592766573,31.607475951466437,2.7863027380911864e-09,0.0,1.1074077425524997,0
197.737,-3.236650247066801,-2.7967711078341457,1.1155823581120021,0.0,0.0,1e-12,9.57187738171477e-05,-3.135623427990312e-05,4.4,3.8,10.091373347824407,7,20456113065079.61,22415.534476463377,22382.819592766573,31.607475951466437,2.7863027380911864e-09,0.0,1.1074077425524997,0
197.77,-3.236650247066801,-2.7967711078341457,1.1155823581120021,0.0,0.0,1e-12,9.57187738171477e-05,-3.135623427990312e-05,4.4,3.8,10.091373347824407,7,20456113065079.61,22415.534476463377,22382.819592766573,31.607475951466437,2.7863027380911864e-09,0.0,1.1074077425524997,0
197.77,-3.236650247066801,-2.7967711078341457,1.1155823581120021,0.0,0.0,1e-12,9.57187738171477e-05,-3.135623427990312e-05,4.4,3.8,10.091373347824407,7,20456113065079.61,22415.534476463377,22382.819592766573,31.607475951466437,2.7863027380911864e-09,0.0,1.1074077425524997,0
197.77,-3.236650247066801,-2.7967711078341457,1.1155823581120021,0.0,0.0,1e-12,9.57187738171477e-05,-3.135623427990312e-05,4.4,3.8,10.091373347824407,7,20456113065079.61,22415.534476463377,22382.819592766573,31.607475951466437,2.7863027380911864e-09,0.0,1.1074077425524997,0
198.067,-3.236650247066801,-2.7967711078341457,1.1155823581120021,0.0,0.0,1e-12,9.57187738171477e-05,-3.135623427990312e-05,4.4,3.8,10.091373347824407,7,20456113065079.61,22415.534476463377,22382.819592766573,31.607475951466437,2.7863027380911864e-09,0.0,1.1074077425524997,0
198.232,-3.236835939708652,-2.797342339660002,1.1152133432879971,0.0,0.0,1e-12,9.57187738171477e-05,-3.135623427990312e-05,4.4,3.8,10.091887292112226,7,20456113065079.61,22415.534476463377,22382.819592766573,31.607475951466437,2.7863027380911864e-09,0.0,1.1074077425524997,0
198.331,-3.236835939708652,-2.797342339660002,1.1152133432879971,0.0,0.0,1e-12,9.57187738171477e-05,-3.135623427990312e-05,4.4,3.8,10.091887292112226,7,20456113065079.61,22415.534476463377,22382.819592766573,31.607475951466437,2.7863027380911864e-09,0.0,1.1074077425524997,0
198.331,-3.236835939708652,-2.797342339660002,1.1152133432879971,0.0,0.0,1e-12,9.57187738171477e-05,-3.135623427990312e-05,4.4,3.8,10.091887292112226,7,20456113065079.61,22415.534476463377,22382.819592766573,31.607475951466437,2.7863027380911864e-09,0.0,1.1074077425524997,0
198.496,-3.236843347045322,-2.7975894716210603,1.115621670646046,0.0,0.0,1e-12,9.57187738171477e-05,-3.135623427990312e-05,4.4,3.8,10.092054456024078,7,20456113065079.61,22415.534476463377,22382.819592766573,31.607475951466437,2.7863027380911864e-09,0.0,1.1074077425524997,0
198.529,-3.236843347045322,-2.7975894716210603,1.115621670646046,0.0,0.0,1e-12,9.57187738171477e-05,-3.135623427990312e-05,4.4,3.8,10.092054456024078,7,20456113065079.61,22415.534476463377,22382.819592766573,31.607475951466437,2.7863027380911864e-09,0.0,1.1074077425524997,0
198.661,-3.236843347045322,-2.7975894716210603,1.115621670646046,0.0,0.0,1e-12,9.57187738171477e-05,-3.135623427990312e-05,4.4,3.8,10.092054456024078,7,20456113065079.61,22415.534476463377,22382.819592766573,31.607475951466437,2.7863027380911864e-09,0.0,1.1074077425524997,0
198.793,-3.236843347045322,-2.7975894716210603,1.115621670646046,0.0,0.0,1e-12,9.57187738171477e-05,-3.135623427990312e-05,4.4,3.8,10.092054456024078,7,20456113065079.61,22415.534476463377,22382.819592766573,31.607475951466437,2.7863027380911864e-09,0.0,1.1074077425524997,0
198.892,-3.236843347045322,-2.7975894716210603,1.115621670646046,0.0,0.0,1e-12,9.57187738171477e-05,-3.135623427990312e-05,4.4,3.8,10.092054456024078,7,20456113065079.61,22415.534476463377,22382.819592766573,31.607475951466437,2.7863027380911864e-09,0.0,1.1074077425524997,0
198.958,-3.236843347045322,-2.7975894716210603,1.115621670646046,0.0,0.0,1e-12,9.57187738171477e-05,-3.135623427990312e-05,4.4,3.8,10.092054456024078,7,20456113065079.61,22415.534476463377,22382.819592766573,31.607475951466437,2.7863027380911864e-09,0.0,1.1074077425524997,0
199.09,-3.236843347045322,-2.7975894716210603,1.115621670646046,0.0,0.0,1e-12,9.57187738171477e-05,-3.135623427990312e-05,4.4,3.8,10.092054456024078,7,20456113065079.61,22415.534476463377,22382.819592766573,31.607475951466437,2.7863027380911864e-09,0.0,1.1074077425524997,0
199.156,-3.236843347045322,-2.7975894716210603,1.115621670646046,0.0,0.0,1e-12,9.57187738171477e-05,-3.135623427990312e-05,4.4,3.8,10.092054456024078,7,20456113065079.61,22415.534476463377,22382.819592766573,31.607475951466437,2.7863027380911864e-09,0.0,1.1074077425524997,0
199.255,-3.236843347045322,-2.7975894716210603,1.115621670646046,0.0,0.0,1e-12,9.57187738171477e-05,-3.135623427990312e-05,4.4,3.8,10.092054456024078,7,20456113065079.61,22415.534476463377,22382.819592766573,31.607475951466437,2.7863027380911864e-09,0.0,1.1074077425524997,0
199.387,-3.236843347045322,-2.7975894716210603,1.115621670646046,0.0,0.0,1e-12,9.57187738171477e-05,-3.135623427990312e-05,4.4,3.8,10.092054456024078,7,20456113065079.61,22415.534476463377,22382.819592766573,31.607475951466437,2.7863027380911864e-09,0.0,1.1074077425524997,0
199.42,-3.236843347045322,-2.7975894716210603,1.115621670646046,0.0,0.0,1e-12,9.57187738171477e-05,-3.135623427990312e-05,4.4,3.8,10.092054456024078,7,20456113065079.61,22415.534476463377,22382.819592766573,31.607475951466437,2.7863027380911864e-09,0.0,1.1074077425524997,0
199.618,-3.236843347045322,-2.7975894716210603,1.115621670646046,0.0,0.0,1e-12,9.57187738171477e-05,-3.135623427990312e-05,4.4,3.8,10.092054456024078,7,20456113065079.61,22415.534476463377,22382.819592766573,31.607475951466437,2.7863027380911864e-09,0.0,1.1074077425524997,0
199.717,-3.236843347045322,-2.7975894716210603,1.115621670646046,0.0,0.0,1e-12,9.57187738171477e-05,-3.135623427990312e-05,4.4,3.8,10.092054456024078,7,20456113065079.61,22415.534476463377,22382.819592766573,31.607475951466437,2.7863027380911864e-09,0.0,1.1074077425524997,0
199.783,-3.236843347045322,-2.7975894716210603,1.115621670646046,0.0,0.0,1e-12,9.57187738171477e-05,-3.135623427990312e-05,4.4,3.8,10.092054456024078,7,20456113065079.61,22415.534476463377,22382.819592766573,31.607475951466437,2.7863027380911864e-09,0.0,1.1074077425524997,0
199.915,-3.2367912822565477,-2.7971342556142043,1.1162906675134563,0.0,0.0,1e-12,9.57187738171477e-05,-3.135623427990312e-05,4.4,3.8,10.091717469060853,7,20456113065079.61,22415.534476463377,22382.819592766573,31.607475951466437,2.7863027380911864e-09,0.0,1.1074077425524997,0
200.014,-3.2367912822565477,-2.7971342556142043,1.1162906675134563,0.0,0.0,1e-12,9.57187738171477e-05,-3.135623427990312e-05,4.4,3.8,10.091717469060853,7,20456113065079.61,22415.534476463377,22382.819592766573,31.607475951466437,2.7863027380911864e-09,0.0,1.1074077425524997,0
200.08,-3.2367912822565477,-2.7971342556142043,1.1162906675134563,0.0,0.0,1e-12,9.57187738171477e-05,-3.135623427990312e-05,4.4,3.8,10.091717469060853,7,20456113065079.61,22415.534476463377,22382.819592766573,31.607475951466437,2.7863027380911864e-09,0.0,1.1074077425524997,0
200.179,-3.2365644558810454,-2.7966684127419668,1.1162937793677725,0.0,0.0,1e-12,9.57187738171477e-05,-3.135623427990312e-05,4.4,3.8,10.091241293145922,7,20456113065079.61,22415.534476463377,22382.819592766573,31.607475951466437,2.7863027380911864e-09,0.0,1.1074077425524997,0
200.311,-3.2365644558810454,-2.7966684127419668,1.1162937793677725,0.0,0.0,1e-12,9.57187738171477e-05,-3.135623427990312e-05,4.4,3.8,10.091241293145922,7,20456113065079.61,22415.534476463377,22382.819592766573,31.607475951466437,2.7863027380911864e-09,0.0,1.1074077425524997,0
200.41,-3.2365644558810454,-2.7966684127419668,1.1162937793677725,0.0,0.0,1e-12,9.57187738171477e-05,-3.135623427990312e-05,4.4,3.8,10.091241293145922,7,20456113065079.61,22415.534476463377,22382.819592766573,31.607475951466437,2.7863027380911864e-09,0.0,1.1074077425524997,0
200.509,-3.2365644558810454,-2.7966684127419668,1.1162937793677725,0.0,0.0,1e-12,9.57187738171477e-05,-3.135623427990312e-05,4.4,3.8,10.091241293145922,7,20456113065079.61,22415.534476463377,22382.819592766573,31.607475951466437,2.7863027380911864e-09,0.0,1.1074077425524997,0
200.608,-3.2365644558810454,-2.7966684127419668,1.1162937793677725,0.0,0.0,1e-12,9.57187738171477e-05,-3.135623427990312e-05,4.4,3.8,10.091241293145922,7,20456113065079.61,22415.534476463377,22382.819592766573,31.607475951466437,2.7863027380911864e-09,0.0,1.1074077425524997,0
200.674,-3.2365644558810454,-2.7966684127419668,1.1162937793677725,0.0,0.0,1e-12,9.57187738171477e-05,-3.135623427990312e-05,4.4,3.8,10.091241293145922,7,20456113065079.61,22415.534476463377,22382.819592766573,31.607475951466437,2.7863027380911864e-09,0.0,1.1074077425524997,0
200.773,-3.2367830618680857,-2.7966375479378476,1.1154579250176315,0.0,0.0,1e-12,9.57187738171477e-05,-3.135623427990312e-05,4.4,3.8,10.091386548581852,7,20456113065079.61,22415.534476463377,22382.819592766573,31.607475951466437,2.7863027380911864e-09,0.0,1.1074077425524997,0
200.938,-3.2367830618680857,-2.7966375479378476,1.1154579250176315,0.0,0.0,1e-12,9.57187738171477e-05,-3.135623427990312e-05,4.4,3.8,10.091386548581852,7,20456113065079.61,22415.534476463377,22382.819592766573,31.607475951466437,2.7863027380911864e-09,0.0,1.1074077425524997,0
201.037,-3.2364947281895953,-2.7961793267327586,1.1152085328571173,0.0,0.0,1e-12,9.57187738171477e-05,-3.135623427990312e-05,4.4,3.8,10.090868815126084,7,20456113065079.61,22415.534476463377,22382.819592766573,31.607475951466437,2.7863027380911864e-09,0.0,1.1074077425524997,0
201.07,-3.2364947281895953,-2.7961793267327586,1.1152085328571173,0.0,0.0,1e-12,9.57187738171477e-05,-3.135623427990312e-05,4.4,3.8,10.090868815126084,7,20456113065079.61,22415.534476463377,22382.819592766573,31.607475951466437,2.7863027380911864e-09,0.0,1.1074077425524997,0
201.202,-3.2364947281895953,-2.7961793267327586,1.1152085328571173,0.0,0.0,1e-12,9.57187738171477e-05,-3.135623427990312e-05,4.4,3.8,10.090868815126084,7,20456113065079.61,22415.534476463377,22382.819592766573,31.607475951466437,2.7863027380911864e-09,0.0,1.1074077425524997,0
201.301,-3.2362857097251143,-2.7957029145211933,1.115303470567281,0.0,0.0,1e-12,9.57187738171477e-05,-3.135623427990312e-05,4.4,3.8,10.090399217928663,7,20456113065079.61,22415.534476463377,22382.819592766573,31.607475951466437,2.7863027380911864e-09,0.0,1.1074077425524997,0
201.4,-3.2360449145868526,-2.795755893923901,1.116252565570525,0.0,0.0,1e-12,9.57187738171477e-05,-3.135623427990312e-05,4.4,3.8,10.090251619747626,7,20456113065079.61,22415.534476463377,22382.819592766573,31.607475951466437,2.7863027380911864e-09,0.0,1.1074077425524997,0
201.499,-3.2360449145868526,-2.795755893923901,1.116252565570525,0.0,0.0,1e-12,9.57187738171477e-05,-3.135623427990312e-05,4.4,3.8,10.090251619747626,7,20456113065079.61,22415.534476463377,22382.819592766573,31.607475951466437,2.7863027380911864e-09,0.0,1.1074077425524997,0
201.598,-3.2360449145868526,-2.795755893923901,1.116252565570525,0.0,0.0,1e-12,9.57187738171477e-05,-3.135623427990312e-05,4.4,3.8,10.090251619747626,7,20456113065079.61,22415.534476463377,22382.819592766573,31.607475951466437,2.7863027380911864e-09,0.0,1.1074077425524997,0
201.697,-3.2360449145868526,-2.795755893923901,1.116252565570525,0.0,0.0,1e-12,9.57187738171477e-05,-3.135623427990312e-05,4.4,3.8,10.090251619747626,7,20456113065079.61,22415.534476463377,22382.819592766573,31.607475951466437,2.7863027380911864e-09,0.0,1.1074077425524997,0
201.829,-3.2360449145868526,-2.795755893923901,1.116252565570525,0.0,0.0,1e-12,9.57187738171477e-05,-3.135623427990312e-05,4.4,3.8,10.090251619747626,7,20456113065079.61,22415.534476463377,22382.819592766573,31.607475951466437,2.7863027380911864e-09,0.0,1.1074077425524997,0
201.895,-3.2360449145868526,-2.795755893923901,1.116252565570525,0.0,0.0,1e-12,9.57187738171477e-05,-3.135623427990312e-05,4.4,3.8,10.090251619747626,7,20456113065079.61,22415.534476463377,22382.819592766573,31.607475951466437,2.7863027380911864e-09,0.0,1.1074077425524997,0
201.994,-3.2360449145868526,-2.795755893923901,1.116252565570525,0.0,0.0,1e-12,9.57187738171477e-05,-3.135623427990312e-05,4.4,3.8,10.090251619747626,7,20456113065079.61,22415.534476463377,22382.819592766573,31.607475951466437,2.7863027380911864e-09,0.0,1.1074077425524997,0
201.994,-3.2360449145868526,-2.795755893923901,1.116252565570525,0.0,0.0,1e-12,9.57187738171477e-05,-3.135623427990312e-05,4.4,3.8,10.090251619747626,7,20456113065079.61,22415.534476463377,22382.819592766573,31.607475951466437,2.7863027380911864e-09,0.0,1.1074077425524997,0
202.192,-3.235710811779632,-2.794891104045649,1.1165956567302584,0.0,0.0,1e-12,9.57187738171477e-05,-3.135623427990312e-05,4.4,3.8,10.089433496254822,7,20456113065079.61,22415.534476463377,22382.819592766573,31.607475951466437,2.7863027380911864e-09,0.0,1.1074077425524997,0
202.291,-3.235710811779632,-2.794891104045649,1.1165956567302584,0.0,0.0,1e-12,9.57187738171477e-05,-3.135623427990312e-05,4.4,3.8,10.089433496254822,7,20456113065079.61,22415.534476463377,22382.819592766573,31.607475951466437,2.7863027380911864e-09,0.0,1.1074077425524997,0
202.39,-3.235710811779632,-2.794891104045649,1.1165956567302584,0.0,0.0,1e-12,9.57187738171477e-05,-3.135623427990312e-05,4.4,3.8,10.089433496254822,7,20456113065079.61,22415.534476463377,22382.819592766573,31.607475951466437,2.7863027380911864e-09,0.0,1.1074077425524997,0
202.456,-3.235710811779632,-2.794891104045649,1.1165956567302584,0.0,0.0,1e-12,9.57187738171477e-05,-3.135623427990312e-05,4.4,3.8,10.089433496254822,7,20456113065079.61,22415.534476463377,22382.819592766573,31.607475951466437,2.7863027380911864e-09,0.0,1.1074077425524997,0
202.621,-3.235710811779632,-2.794891104045649,1.1165956567302584,0.0,0.0,1e-12,9.57187738171477e-05,-3.135623427990312e-05,4.4,3.8,10.089433496254822,7,20456113065079.61,22415.534476463377,22382.819592766573,31.607475951466437,2.7863027380911864e-09,0.0,1.1074077425524997,0
202.72,-3.235710811779632,-2.794891104045649,1.1165956567302584,0.0,0.0,1e-12,9.57187738171477e-05,-3.135623427990312e-05,4.4,3.8,10.089433496254822,7,20456113065079.61,22415.534476463377,22382.819592766573,31.607475951466437,2.7863027380911864e-09,0.0,1.1074077425524997,0
202.753,-3.235710811779632,-2.794891104045649,1.1165956567302584,0.0,0.0,1e-12,9.57187738171477e-05,-3.135623427990312e-05,4.4,3.8,10.089433496254822,7,20456113065079.61,22415.534476463377,22382.819592766573,31.607475951466437,2.7863027380911864e-09,0.0,1.1074077425524997,0
202.918,-3.235674633541294,-2.794799292545054,1.1165649874369992,0.0,0.0,1e-12,9.57187738171477e-05,-3.135623427990312e-05,4.4,3.8,10.089346104592641,7,20456113065079.61,22415.534476463377,22382.819592766573,31.607475951466437,2.7863027380911864e-09,0.0,1.1074077425524997,0
203.017,-3.235674633541294,-2.794799292545054,1.1165649874369992,0.0,0.0,1e-12,9.57187738171477e-05,-3.135623427990312e-05,4.4,3.8,10.089346104592641,7,20456113065079.61,22415.534476463377,22382.819592766573,31.607475951466437,2.7863027380911864e-09,0.0,1.1074077425524997,0
203.083,-3.235674633541294,-2.794799292545054,1.1165649874369992,0.0,0.0,1e-12,9.57187738171477e-05,-3.135623427990312e-05,4.4,3.8,10.089346104592641,7,20456113065079.61,22415.534476463377,22382.819592766573,31.607475951466437,2.7863027380911864e-09,0.0,1.1074077425524997,0
203.215,-3.2359049266346456,-2.7952724329598353,1.1165621337376288,0.0,0.0,1e-12,9.57187738171477e-05,-3.135623427990312e-05,4.4,3.8,10.089829657311524,7,20456113065079.61,22415.534476463377,22382.819592766573,31.607475951466437,2.7863027380911864e-09,0.0,1.1074077425524997,0
203.281,-3.2359049266346456,-2.7952724329598353,1.1165621337376288,0.0,0.0,1e-12,9.57187738171477e-05,-3.135623427990312e-05,4.4,3.8,10.089829657311524,7,20456113065079.61,22415.534476463377,22382.819592766573,31.607475951466437,2.7863027380911864e-09,0.0,1.1074077425524997,0
203.446,-3.2359049266346456,-2.7952724329598353,1.1165621337376288,0.0,0.0,1e-12,9.57187738171477e-05,-3.135623427990312e-05,4.4,3.8,10.089829657311524,7,20456113065079.61,22415.534476463377,22382.819592766573,31.607475951466437,2.7863027380911864e-09,0.0,1.1074077425524997,0
203.479,-3.2359049266346456,-2.7952724329598353,1.1165621337376288,0.0,0.0,1e-12,9.57187738171477e-05,-3.135623427990312e-05,4.4,3.8,10.089829657311524,7,20456113065079.61,22415.534476463377,22382.819592766573,31.607475951466437,2.7863027380911864e-09,0.0,1.1074077425524997,0
203.578,-3.2359049266346456,-2.7952724329598353,1.1165621337376288,0.0,0.0,1e-12,9.57187738171477e-05,-3.135623427990312e-05,4.4,3.8,10.089829657311524,7,20456113065079.61,22415.534476463377,22382.819592766573,31.607475951466437,2.7863027380911864e-09,0.0,1.1074077425524997,0
203.71,-3.2359049266346456,-2.7952724329598353,1.1165621337376288,0.0,0.0,1e-12,9.57187738171477e-05,-3.135623427990312e-05,4.4,3.8,10.089829657311524,7,20456113065079.61,22415.534476463377,22382.819592766573,31.607475951466437,2.7863027380911864e-09,0.0,1.1074077425524997,0
203.809,-3.2356938835868188,-2.7952250954724778,1.1172305732722767,0.0,0.0,1e-12,9.57187738171477e-05,-3.135623427990312e-05,4.4,3.8,10.089638999676604,7,20456113065079.61,22415.534476463377,22382.819592766573,31.607475951466437,2.7863027380911864e-09,0.0,1.1074077425524997,0
203.941,-3.2356938835868188,-2.7952250954724778,1.1172305732722767,0.0,0.0,1e-12,9.57187738171477e-05,-3.135623427990312e-05,4.4,3.8,10.089638999676604,7,20456113065079.61,22415.534476463377,22382.819592766573,31.607475951466437,2.7863027380911864e-09,0.0,1.1074077425524997,0
204.007,-3.2356938835868188,-2.7952250954724778,1.1172305732722767,0.0,0.0,1e-12,9.57187738171477e-05,-3.135623427990312e-05,4.4,3.8,10.089638999676604,7,20456113065079.61,22415.534476463377,22382.819592766573,31.607475951466437,2.7863027380911864e-09,0.0,1.1074077425524997,0
204.106,-3.2356938835868188,-2.7952250954724778,1.1172305732722767,0.0,0.0,1e-12,9.57187738171477e-05,-3.135623427990312e-05,4.4,3.8,10.089638999676604,7,20456113065079.61,22415.534476463377,22382.819592766573,31.607475951466437,2.7863027380911864e-09,0.0,1.1074077425524997,0
204.205,-3.2356938835868188,-2.7952250954724778,1.1172305732722767,0.0,0.0,1e-12,9.57187738171477e-05,-3.135623427990312e-05,4.4,3.8,10.089638999676604,7,20456113065079.61,22415.534476463377,22382.819592766573,31.607475951466437,2.7863027380911864e-09,0.0,1.1074077425524997,0
204.337,-3.2356938835868188,-2.7952250954724778,1.1172305732722767,0.0,0.0,1e-12,9.57187738171477e-05,-3.135623427990312e-05,4.4,3.8,10.089638999676604,7,20456113065079.61,22415.534476463377,22382.819592766573,31.607475951466437,2.7863027380911864e-09,0.0,1.1074077425524997,0
204.403,-3.2356938835868188,-2.7952250954724778,1.1172305732722767,0.0,0.0,1e-12,9.57187738171477e-05,-3.135623427990312e-05,4.4,3.8,10.089638999676604,7,20456113065079.61,22415.534476463377,22382.819592766573,31.607475951466437,2.7863027380911864e-09,0.0,1.1074077425524997,0
204.502,-3.2356938835868188,-2.7952250954724778,1.1172305732722767,0.0,0.0,1e-12,9.57187738171477e-05,-3.135623427990312e-05,4.4,3.8,10.089638999676604,7,20456113065079.61,22415.534476463377,22382.819592766573,31.607475951466437,2.7863027380911864e-09,0.0,1.1074077425524997,0
204.634,-3.2356938835868188,-2.7952250954724778,1.1172305732722767,0.0,0.0,1e-12,9.57187738171477e-05,-3.135623427990312e-05,4.4,3.8,10.089638999676604,7,20456113065079.61,22415.534476463377,22382.819592766573,31.607475951466437,2.7863027380911864e-09,0.0,1.1074077425524997,0
204.7,-3.2356938835868188,-2.7952250954724778,1.1172305732722767,0.0,0.0,1e-12,9.57187738171477e-05,-3.135623427990312e-05,4.4,3.8,10.089638999676604,7,20456113065079.61,22415.534476463377,22382.819592766573,31.607475951466437,2.7863027380911864e-09,0.0,1.1074077425524997,0
204.766,-3.2356938835868188,-2.7952250954724778,1.1172305732722767,0.0,0.0,1e-12,9.57187738171477e-05,-3.135623427990312e-05,4.4,3.8,10.089638999676604,7,20456113065079.61,22415.534476463377,22382.819592766573,31.607475951466437,2.7863027380911864e-09,0.0,1.1074077425524997,0
204.898,-3.235439323074017,-2.794621666386295,1.117384165350809,0.0,0.0,1e-12,9.57187738171477e-05,-3.135623427990312e-05,4.4,3.8,10.08905191676188,7,20456113065079.61,22415.534476463377,22382.819592766573,31.607475951466437,2.7863027380911864e-09,0.0,1.1074077425524997,0
204.997,-3.2352699406205,-2.79421345375064,1.117498517804898,0.0,0.0,1e-12,9.57187738171477e-05,-3.135623427990312e-05,4.4,3.8,10.088656904651328,7,20456113065079.61,22415.534476463377,22382.819592766573,31.607475951466437,2.7863027380911864e-09,0.0,1.1074077425524997,0
205.129,-3.2352699406205,-2.79421345375064,1.117498517804898,0.0,0.0,1e-12,9.57187738171477e-05,-3.135623427990312e-05,4.4,3.8,10.088656904651328,7,20456113065079.61,22415.534476463377,22382.819592766573,31.607475951466437,2.7863027380911864e-09,0.0,1.1074077425524997,0
205.228,-3.2352699406205,-2.79421345375064,1.117498517804898,0.0,0.0,1e-12,9.57187738171477e-05,-3.135623427990312e-05,4.4,3.8,10.088656904651328,7,20456113065079.61,22415.534476463377,22382.819592766573,31.607475951466437,2.7863027380911864e-09,0.0,1.1074077425524997,0
205.327,-3.2352699406205,-2.79421345375064,1.117498517804898,0.0,0.0,1e-12,9.57187738171477e-05,-3.135623427990312e-05,4.4,3.8,10.088656904651328,7,20456113065079.61,22415.534476463377,22382.819592766573,31.607475951466437,2.7863027380911864e-09,0.0,1.1074077425524997,0
205.426,-3.2354268788290206,-2.794749990459687,1.1170931238525783,0.0,0.0,1e-12,9.57187738171477e-05,-3.135623427990312e-05,4.4,3.8,10.08912637737345,7,20456113065079.61,22415.534476463377,22382.819592766573,31.607475951466437,2.7863027380911864e-09,0.0,1.1074077425524997,0
205.525,-3.2354268788290206,-2.794749990459687,1.1170931238525783,0.0,0.0,1e-12,9.57187738171477e-05,-3.135623427990312e-05,4.4,3.8,10.08912637737345,7,20456113065079.61,22415.534476463377,22382.819592766573,31.607475951466437,2.7863027380911864e-09,0.0,1.1074077425524997,0
205.591,-3.2354268788290206,-2.794749990459687,1.1170931238525783,0.0,0.0,1e-12,9.57187738171477e-05,-3.135623427990312e-05,4.4,3.8,10.08912637737345,7,20456113065079.61,22415.534476463377,22382.819592766573,31.607475951466437,2.7863027380911864e-09,0.0,1.1074077425524997,0
205.723,-3.2354268788290206,-2.794749990459687,1.1170931238525783,0.0,0.0,1e-12,9.57187738171477e-05,-3.135623427990312e-05,4.4,3.8,10.08912637737345,7,20456113065079.61,22415.534476463377,22382.819592766573,31.607475951466437,2.7863027380911864e-09,0.0,1.1074077425524997,0
205.822,-3.2354268788290206,-2.794749990459687,1.1170931238525783,0.0,0.0,1e-12,9.57187738171477e-05,-3.135623427990312e-05,4.4,3.8,10.08912637737345,7,20456113065079.61,22415.534476463377,22382.819592766573,31.607475951466437,2.7863027380911864e-09,0.0,1.1074077425524997,0
205.921,-3.2354268788290206,-2.794749990459687,1.1170931238525783,0.0,0.0,1e-12,9.57187738171477e-05,-3.135623427990312e-05,4.4,3.8,10.08912637737345,7,20456113065079.61,22415.534476463377,22382.819592766573,31.607475951466437,2.7863027380911864e-09,0.0,1.1074077425524997,0
206.02,-3.23560949497705,-2.7953223320591967,1.116717700395831,0.0,0.0,1e-12,9.57187738171477e-05,-3.135623427990312e-05,4.4,3.8,10.089638696382663,7,20456113065079.61,22415.534476463377,22382.819592766573,31.607475951466437,2.7863027380911864e-09,0.0,1.1074077425524997,0
206.086,-3.23560949497705,-2.7953223320591967,1.116717700395831,0.0,0.0,1e-12,9.57187738171477e-05,-3.135623427990312e-05,4.4,3.8,10.089638696382663,7,20456113065079.61,22415.534476463377,22382.819592766573,31.607475951466437,2.7863027380911864e-09,0.0,1.1074077425524997,0
206.185,-3.23560949497705,-2.7953223320591967,1.116717700395831,0.0,0.0,1e-12,9.57187738171477e-05,-3.135623427990312e-05,4.4,3.8,10.089638696382663,7,20456113065079.61,22415.534476463377,22382.819592766573,31.607475951466437,2.7863027380911864e-09,0.0,1.1074077425524997,0
206.317,-3.23560949497705,-2.7953223320591967,1.116717700395831,0.0,0.0,1e-12,9.57187738171477e-05,-3.135623427990312e-05,4.4,3.8,10.089638696382663,7,20456113065079.61,22415.534476463377,22382.819592766573,31.607475951466437,2.7863027380911864e-09,0.0,1.1074077425524997,0
206.416,-3.23560949497705,-2.7953223320591967,1.116717700395831,0.0,0.0,1e-12,9.57187738171477e-05,-3.135623427990312e-05,4.4,3.8,10.089638696382663,7,20456113065079.61,22415.534476463377,22382.819592766573,31.607475951466437,2.7863027380911864e-09,0.0,1.1074077425524997,0
206.515,-3.23560949497705,-2.7953223320591967,1.116717700395831,0.0,0.0,1e-12,9.57187738171477e-05,-3.135623427990312e-05,4.4,3.8,10.089638696382663,7,20456113065079.61,22415.534476463377,22382.819592766573,31.607475951466437,2.7863027380911864e-09,0.0,1.1074077425524997,0
206.581,-3.23560949497705,-2.7953223320591967,1.116717700395831,0.0,0.0,1e-12,9.57187738171477e-05,-3.135623427990312e-05,4.4,3.8,10.089638696382663,7,20456113065079.61,22415.534476463377,22382.819592766573,31.607475951466437,2.7863027380911864e-09,0.0,1.1074077425524997,0
206.713,-3.2354845158787593,-2.7948597290990937,1.1171091437630885,0.0,0.0,1e-12,9.57187738171477e-05,-3.135623427990312e-05,4.4,3.8,10.08924172763827,7,20456113065079.61,22415.534476463377,22382.819592766573,31.607475951466437,2.7863027380911864e-09,0.0,1.1074077425524997,0
206.812,-3.2354845158787593,-2.7948597290990937,1.1171091437630885,0.0,0.0,1e-12,9.57187738171477e-05,-3.135623427990312e-05,4.4,3.8,10.08924172763827,7,20456113065079.61,22415.534476463377,22382.819592766573,31.607475951466437,2.7863027380911864e-09,0.0,1.1074077425524997,0
206.911,-3.23560949497705,-2.7953223320591967,1.116717700395831,0.0,0.0,1e-12,9.57187738171477e-05,-3.135623427990312e-05,4.4,3.8,10.089638696382663,7,20456113065079.61,22415.534476463377,22382.819592766573,31.607475951466437,2.7863027380911864e-09,0.0,1.1074077425524997,0
206.977,-3.23560949497705,-2.7953223320591967,1.116717700395831,0.0,0.0,1e-12,9.57187738171477e-05,-3.135623427990312e-05,4.4,3.8,10.089638696382663,7,20456113065079.61,22415.534476463377,22382.819592766573,31.607475951466437,2.7863027380911864e-09,0.0,1.1074077425524997,0
207.142,-3.23560949497705,-2.7953223320591967,1.116717700395831,0.0,0.0,1e-12,9.57187738171477e-05,-3.135623427990312e-05,4.4,3.8,10.089638696382663,7,20456113065079.61,22415.534476463377,22382.819592766573,31.607475951466437,2.7863027380911864e-09,0.0,1.1074077425524997,0
207.241,-3.23560949497705,-2.7953223320591967,1.116717700395831,0.0,0.0,1e-12,9.57187738171477e-05,-3.135623427990312e-05,4.4,3.8,10.089638696382663,7,20456113065079.61,22415.534476463377,22382.819592766573,31.607475951466437,2.7863027380911864e-09,0.0,1.1074077425524997,0
207.274,-3.23560949497705,-2.7953223320591967,1.116717700395831,0.0,0.0,1e-12,9.57187738171477e-05,-3.135623427990312e-05,4.4,3.8,10.089638696382663,7,20456113065079.61,22415.534476463377,22382.819592766573,31.607475951466437,2.7863027380911864e-09,0.0,1.1074077425524997,0
207.406,-3.235379005137741,-2.794849364948105,1.116719110344197,0.0,0.0,1e-12,9.57187738171477e-05,-3.135623427990312e-05,4.4,3.8,10.089155103300506,7,20456113065079.61,22415.534476463377,22382.819592766573,31.607475951466437,2.7863027380911864e-09,0.0,1.1074077425524997,0
207.505,-3.235379005137741,-2.794849364948105,1.116719110344197,0.0,0.0,1e-12,9.57187738171477e-05,-3.135623427990312e-05,4.4,3.8,10.089155103300506,7,20456113065079.61,22415.534476463377,22382.819592766573,31.607475951466437,2.7863027380911864e-09,0.0,1.1074077425524997,0
207.604,-3.235379005137741,-2.794849364948105,1.116719110344197,0.0,0.0,1e-12,9.57187738171477e-05,-3.135623427990312e-05,4.4,3.8,10.089155103300506,7,20456113065079.61,22415.534476463377,22382.819592766573,31.607475951466437,2.7863027380911864e-09,0.0,1.1074077425524997,0
207.67,-3.23525331913977,-2.7943848993277896,1.1171104431992012,0.0,0.0,1e-12,9.57187738171477e-05,-3.135623427990312e-05,4.4,3.8,10.088756387579059,7,20456113065079.61,22415.534476463377,22382.819592766573,31.607475951466437,2.7863027380911864e-09,0.0,1.1074077425524997,0
207.769,-3.23525331913977,-2.7943848993277896,1.1171104431992012,0.0,0.0,1e-12,9.57187738171477e-05,-3.135623427990312e-05,4.4,3.8,10.088756387579059,7,20456113065079.61,22415.534476463377,22382.819592766573,31.607475951466437,2.7863027380911864e-09,0.0,1.1074077425524997,0
207.901,-3.23525331913977,-2.7943848993277896,1.1171104431992012,0.0,0.0,1e-12,9.57187738171477e-05,-3.135623427990312e-05,4.4,3.8,10.088756387579059,7,20456113065079.61,22415.534476463377,22382.819592766573,31.607475951466437,2.7863027380911864e-09,0.0,1.1074077425524997,0
207.967,-3.23525331913977,-2.7943848993277896,1.1171104431992012,0.0,0.0,1e-12,9.57187738171477e-05,-3.135623427990312e-05,4.4,3.8,10.088756387579059,7,20456113065079.61,22415.534476463377,22382.819592766573,31.607475951466437,2.7863027380911864e-09,0.0,1.1074077425524997,0
208.066,-3.23525331913977,-2.7943848993277896,1.1171104431992012,0.0,0.0,1e-12,9.57187738171477e-05,-3.135623427990312e-05,4.4,3.8,10.088756387579059,7,20456113065079.61,22415.534476463377,22382.819592766573,31.607475951466437,2.7863027380911864e-09,0.0,1.1074077425524997,0
208.165,-3.2359615524896537,-2.7961709395972862,1.116474954077885,0.0,0.0,1e-12,9.57187738171477e-05,-3.135623427990312e-05,4.4,3.8,10.090459845591178,7,20456113065079.61,22415.534476463377,22382.819592766573,31.607475951466437,2.7863027380911864e-09,0.0,1.1074077425524997,0
208.33,-3.2359615524896537,-2.7961709395972862,1.116474954077885,0.0,0.0,1e-12,9.57187738171477e-05,-3.135623427990312e-05,4.4,3.8,10.090459845591178,7,20456113065079.61,22415.534476463377,22382.819592766573,31.607475951466437,2.7863027380911864e-09,0.0,1.1074077425524997,0
208.429,-3.2359615524896537,-2.7961709395972862,1.116474954077885,0.0,0.0,1e-12,9.57187738171477e-05,-3.135623427990312e-05,4.4,3.8,10.090459845591178,7,20456113065079.61,22415.534476463377,22382.819592766573,31.607475951466437,2.7863027380911864e-09,0.0,1.1074077425524997,0
208.528,-3.2359615524896537,-2.7961709395972862,1.116474954077885,0.0,0.0,1e-12,9.57187738171477e-05,-3.135623427990312e-05,4.4,3.8,10.090459845591178,7,20456113065079.61,22415.534476463377,22382.819592766573,31.607475951466437,2.7863027380911864e-09,0.0,1.1074077425524997,0
208.627,-3.2358375261869963,-2.795710965712394,1.1168671637265748,0.0,0.0,1e-12,9.57187738171477e-05,-3.135623427990312e-05,4.4,3.8,10.090065305514344,7,20456113065079.61,22415.534476463377,22382.819592766573,31.607475951466437,2.7863027380911864e-09,0.0,1.1074077425524997,0
208.693,-3.2358375261869963,-2.795710965712394,1.1168671637265748,0.0,0.0,1e-12,9.57187738171477e-05,-3.135623427990312e-05,4.4,3.8,10.090065305514344,7,20456113065079.61,22415.534476463377,22382.819592766573,31.607475951466437,2.7863027380911864e-09,0.0,1.1074077425524997,0
208.825,-3.2358375261869963,-2.795710965712394,1.1168671637265748,0.0,0.0,1e-12,9.57187738171477e-05,-3.135623427990312e-05,4.4,3.8,10.090065305514344,7,20456113065079.61,22415.534476463377,22382.819592766573,31.607475951466437,2.7863027380911864e-09,0.0,1.1074077425524997,0
208.924,-3.2358375261869963,-2.795710965712394,1.1168671637265748,0.0,0.0,1e-12,9.57187738171477e-05,-3.135623427990312e-05,4.4,3.8,10.090065305514344,7,20456113065079.61,22415.534476463377,22382.819592766573,31.607475951466437,2.7863027380911864e-09,0.0,1.1074077425524997,0
209.023,-3.2358375261869963,-2.795710965712394,1.1168671637265748,0.0,0.0,1e-12,9.57187738171477e-05,-3.135623427990312e-05,4.4,3.8,10.090065305514344,7,20456113065079.61,22415.534476463377,22382.819592766573,31.607475951466437,2.7863027380911864e-09,0.0,1.1074077425524997,0
209.122,-3.2358375261869963,-2.795710965712394,1.1168671637265748,0.0,0.0,1e-12,9.57187738171477e-05,-3.135623427990312e-05,4.4,3.8,10.090065305514344,7,20456113065079.61,22415.534476463377,22382.819592766573,31.607475951466437,2.7863027380911864e-09,0.0,1.1074077425524997,0
209.221,-3.2358375261869963,-2.795710965712394,1.1168671637265748,0.0,0.0,1e-12,9.57187738171477e-05,-3.135623427990312e-05,4.4,3.8,10.090065305514344,7,20456113065079.61,22415.534476463377,22382.819592766573,31.607475951466437,2.7863027380911864e-09,0.0,1.1074077425524997,0
209.32,-3.2358375261869963,-2.795710965712394,1.1168671637265748,0.0,0.0,1e-12,9.57187738171477e-05,-3.135623427990312e-05,4.4,3.8,10.090065305514344,7,20456113065079.61,22415.534476463377,22382.819592766573,31.607475951466437,2.7863027380911864e-09,0.0,1.1074077425524997,0
209.419,-3.2358375261869963,-2.795710965712394,1.1168671637265748,0.0,0.0,1e-12,9.57187738171477e-05,-3.135623427990312e-05,4.4,3.8,10.090065305514344,7,20456113065079.61,22415.534476463377,22382.819592766573,31.607475951466437,2.7863027380911864e-09,0.0,1.1074077425524997,0
209.518,-3.2359615524896537,-2.7961709395972862,1.116474954077885,0.0,0.0,1e-12,9.57187738171477e-05,-3.135623427990312e-05,4.4,3.8,10.090459845591178,7,20456113065079.61,22415.534476463377,22382.819592766573,31.607475951466437,2.7863027380911864e-09,0.0,1.1074077425524997,0
209.617,-3.2358375261869963,-2.795710965712394,1.1168671637265748,0.0,0.0,1e-12,9.57187738171477e-05,-3.135623427990312e-05,4.4,3.8,10.090065305514344,7,20456113065079.61,22415.534476463377,22382.819592766573,31.607475951466437,2.7863027380911864e-09,0.0,1.1074077425524997,0
209.716,-3.2358375261869963,-2.795710965712394,1.1168671637265748,0.0,0.0,1e-12,9.57187738171477e-05,-3.135623427990312e-05,4.4,3.8,10.090065305514344,7,20456113065079.61,22415.534476463377,22382.819592766573,31.607475951466437,2.7863027380911864e-09,0.0,1.1074077425524997,0
209.749,-3.2358375261869963,-2.795710965712394,1.1168671637265748,0.0,0.0,1e-12,9.57187738171477e-05,-3.135623427990312e-05,4.4,3.8,10.090065305514344,7,20456113065079.61,22415.534476463377,22382.819592766573,31.607475951466437,2.7863027380911864e-09,0.0,1.1074077425524997,0
209.914,-3.2358375261869963,-2.795710965712394,1.1168671637265748,0.0,0.0,1e-12,9.57187738171477e-05,-3.135623427990312e-05,4.4,3.8,10.090065305514344,7,20456113065079.61,22415.534476463377,22382.819592766573,31.607475951466437,2.7863027380911864e-09,0.0,1.1074077425524997,0
210.013,-3.2358375261869963,-2.795710965712394,1.1168671637265748,0.0,0.0,1e-12,9.57187738171477e-05,-3.135623427990312e-05,4.4,3.8,10.090065305514344,7,20456113065079.61,22415.534476463377,22382.819592766573,31.607475951466437,2.7863027380911864e-09,0.0,1.1074077425524997,0
210.079,-3.2358375261869963,-2.795710965712394,1.1168671637265748,0.0,0.0,1e-12,9.57187738171477e-05,-3.135623427990312e-05,4.4,3.8,10.090065305514344,7,20456113065079.61,22415.534476463377,22382.819592766573,31.607475951466437,2.7863027380911864e-09,0.0,1.1074077425524997,0
210.211,-3.2358375261869963,-2.795710965712394,1.1168671637265748,0.0,0.0,1e-12,9.57187738171477e-05,-3.135623427990312e-05,4.4,3.8,10.090065305514344,7,20456113065079.61,22415.534476463377,22382.819592766573,31.607475951466437,2.7863027380911864e-09,0.0,1.1074077425524997,0
210.31,-3.2358375261869963,-2.795710965712394,1.1168671637265748,0.0,0.0,1e-12,9.57187738171477e-05,-3.135623427990312e-05,4.4,3.8,10.090065305514344,7,20456113065079.61,22415.534476463377,22382.819592766573,31.607475951466437,2.7863027380911864e-09,0.0,1.1074077425524997,0
210.409,-3.235538389996326,-2.79505046692624,1.1169570468374663,0.0,0.0,1e-12,9.57187738171477e-05,-3.135623427990312e-05,4.4,3.8,10.089407176163112,7,20456113065079.61,22415.534476463377,22382.819592766573,31.607475951466437,2.7863027380911864e-09,0.0,1.1074077425524997,0
210.508,-3.235538389996326,-2.79505046692624,1.1169570468374663,0.0,0.0,1e-12,9.57187738171477e-05,-3.135623427990312e-05,4.4,3.8,10.089407176163112,7,20456113065079.61,22415.534476463377,22382.819592766573,31.607475951466437,2.7863027380911864e-09,0.0,1.1074077425524997,0
210.607,-3.235538389996326,-2.79505046692624,1.1169570468374663,0.0,0.0,1e-12,9.57187738171477e-05,-3.135623427990312e-05,4.4,3.8,10.089407176163112,7,20456113065079.61,22415.534476463377,22382.819592766573,31.607475951466437,2.7863027380911864e-09,0.0,1.1074077425524997,0
210.706,-3.235538389996326,-2.79505046692624,1.1169570468374663,0.0,0.0,1e-12,9.57187738171477e-05,-3.135623427990312e-05,4.4,3.8,10.089407176163112,7,20456113065079.61,22415.534476463377,22382.819592766573,31.607475951466437,2.7863027380911864e-09,0.0,1.1074077425524997,0
210.805,-3.235538389996326,-2.79505046692624,1.1169570468374663,0.0,0.0,1e-12,9.57187738171477e-05,-3.135623427990312e-05,4.4,3.8,10.089407176163112,7,20456113065079.61,22415.534476463377,22382.819592766573,31.607475951466437,2.7863027380911864e-09,0.0,1.1074077425524997,0
210.904,-3.235538389996326,-2.79505046692624,1.1169570468374663,0.0,0.0,1e-12,9.57187738171477e-05,-3.135623427990312e-05,4.4,3.8,10.089407176163112,7,20456113065079.61,22415.534476463377,22382.819592766573,31.607475951466437,2.7863027380911864e-09,0.0,1.1074077425524997,0
211.003,-3.235538389996326,-2.79505046692624,1.1169570468374663,0.0,0.0,1e-12,9.57187738171477e-05,-3.135623427990312e-05,4.4,3.8,10.089407176163112,7,20456113065079.61,22415.534476463377,22382.819592766573,31.607475951466437,2.7863027380911864e-09,0.0,1.1074077425524997,0
211.102,-3.235538389996326,-2.79505046692624,1.1169570468374663,0.0,0.0,1e-12,9.57187738171477e-05,-3.135623427990312e-05,4.4,3.8,10.089407176163112,7,20456113065079.61,22415.534476463377,22382.819592766573,31.607475951466437,2.7863027380911864e-09,0.0,1.1074077425524997,0
211.201,-3.235538389996326,-2.79505046692624,1.1169570468374663,0.0,0.0,1e-12,9.57187738171477e-05,-3.135623427990312e-05,4.4,3.8,10.089407176163112,7,20456113065079.61,22415.534476463377,22382.819592766573,31.607475951466437,2.7863027380911864e-09,0.0,1.1074077425524997,0
211.234,-3.235538389996326,-2.79505046692624,1.1169570468374663,0.0,0.0,1e-12,9.57187738171477e-05,-3.135623427990312e-05,4.4,3.8,10.089407176163112,7,20456113065079.61,22415.534476463377,22382.819592766573,31.607475951466437,2.7863027380911864e-09,0.0,1.1074077425524997,0
211.432,-3.2353819636986665,-2.7952116780650553,1.1177921590735826,0.0,0.0,1e-12,9.57187738171477e-05,-3.135623427990312e-05,4.4,3.8,10.089394174580582,7,20456113065079.61,22415.534476463377,22382.819592766573,31.607475951466437,2.7863027380911864e-09,0.0,1.1074077425524997,0
211.498,-3.235538389996326,-2.79505046692624,1.1169570468374663,0.0,0.0,1e-12,9.57187738171477e-05,-3.135623427990312e-05,4.4,3.8,10.089407176163112,7,20456113065079.61,22415.534476463377,22382.819592766573,31.607475951466437,2.7863027380911864e-09,0.0,1.1074077425524997,0
211.597,-3.2353819636986665,-2.7952116780650553,1.1177921590735826,0.0,0.0,1e-12,9.57187738171477e-05,-3.135623427990312e-05,4.4,3.8,10.089394174580582,7,20456113065079.61,22415.534476463377,22382.819592766573,31.607475951466437,2.7863027380911864e-09,0.0,1.1074077425524997,0
211.729,-3.2353819636986665,-2.7952116780650553,1.1177921590735826,0.0,0.0,1e-12,9.57187738171477e-05,-3.135623427990312e-05,4.4,3.8,10.089394174580582,7,20456113065079.61,22415.534476463377,22382.819592766573,31.607475951466437,2.7863027380911864e-09,0.0,1.1074077425524997,0
211.795,-3.2353819636986665,-2.7952116780650553,1.1177921590735826,0.0,0.0,1e-12,9.57187738171477e-05,-3.135623427990312e-05,4.4,3.8,10.089394174580582,7,20456113065079.61,22415.534476463377,22382.819592766573,31.607475951466437,2.7863027380911864e-09,0.0,1.1074077425524997,0
211.894,-3.2353819636986665,-2.7952116780650553,1.1177921590735826,0.0,0.0,1e-12,9.57187738171477e-05,-3.135623427990312e-05,4.4,3.8,10.089394174580582,7,20456113065079.61,22415.534476463377,22382.819592766573,31.607475951466437,2.7863027380911864e-09,0.0,1.1074077425524997,0
211.894,-3.2353819636986665,-2.7952116780650553,1.1177921590735826,0.0,0.0,1e-12,9.57187738171477e-05,-3.135623427990312e-05,4.4,3.8,10.089394174580582,7,20456113065079.61,22415.534476463377,22382.819592766573,31.607475951466437,2.7863027380911864e-09,0.0,1.1074077425524997,0
212.125,-3.2353819636986665,-2.7952116780650553,1.1177921590735826,0.0,0.0,1e-12,9.57187738171477e-05,-3.135623427990312e-05,4.4,3.8,10.089394174580582,7,20456113065079.61,22415.534476463377,22382.819592766573,31.607475951466437,2.7863027380911864e-09,0.0,1.1074077425524997,0
212.191,-3.2353819636986665,-2.7952116780650553,1.1177921590735826,0.0,0.0,1e-12,9.57187738171477e-05,-3.135623427990312e-05,4.4,3.8,10.089394174580582,7,20456113065079.61,22415.534476463377,22382.819592766573,31.607475951466437,2.7863027380911864e-09,0.0,1.1074077425524997,0
212.29,-3.2353819636986665,-2.7952116780650553,1.1177921590735826,0.0,0.0,1e-12,9.57187738171477e-05,-3.135623427990312e-05,4.4,3.8,10.089394174580582,7,20456113065079.61,22415.534476463377,22382.819592766573,31.607475951466437,2.7863027380911864e-09,0.0,1.1074077425524997,0
212.422,-3.2353819636986665,-2.7952116780650553,1.1177921590735826,0.0,0.0,1e-12,9.57187738171477e-05,-3.135623427990312e-05,4.4,3.8,10.089394174580582,7,20456113065079.61,22415.534476463377,22382.819592766573,31.607475951466437,2.7863027380911864e-09,0.0,1.1074077425524997,0
212.455,-3.2353819636986665,-2.7952116780650553,1.1177921590735826,0.0,0.0,1e-12,9.57187738171477e-05,-3.135623427990312e-05,4.4,3.8,10.089394174580582,7,20456113065079.61,22415.534476463377,22382.819592766573,31.607475951466437,2.7863027380911864e-09,0.0,1.1074077425524997,0
212.62,-3.2353819636986665,-2.7952116780650553,1.1177921590735826,0.0,0.0,1e-12,9.57187738171477e-05,-3.135623427990312e-05,4.4,3.8,10.089394174580582,7,20456113065079.61,22415.534476463377,22382.819592766573,31.607475951466437,2.7863027380911864e-09,0.0,1.1074077425524997,0
212.686,-3.2353819636986665,-2.7952116780650553,1.1177921590735826,0.0,0.0,1e-12,9.57187738171477e-05,-3.135623427990312e-05,4.4,3.8,10.089394174580582,7,20456113065079.61,22415.534476463377,22382.819592766573,31.607475951466437,2.7863027380911864e-09,0.0,1.1074077425524997,0
212.818,-3.2353819636986665,-2.7952116780650553,1.1177921590735826,0.0,0.0,1e-12,9.57187738171477e-05,-3.135623427990312e-05,4.4,3.8,10.089394174580582,7,20456113065079.61,22415.534476463377,22382.819592766573,31.607475951466437,2.7863027380911864e-09,0.0,1.1074077425524997,0
212.917,-3.235531895797771,-2.7957387548898773,1.1173767248084832,0.0,0.0,1e-12,9.57187738171477e-05,-3.135623427990312e-05,4.4,3.8,10.08985218199461,7,20456113065079.61,22415.534476463377,22382.819592766573,31.607475951466437,2.7863027380911864e-09,0.0,1.1074077425524997,0
212.983,-3.235531895797771,-2.7957387548898773,1.1173767248084832,0.0,0.0,1e-12,9.57187738171477e-05,-3.135623427990312e-05,4.4,3.8,10.08985218199461,7,20456113065079.61,22415.534476463377,22382.819592766573,31.607475951466437,2.7863027380911864e-09,0.0,1.1074077425524997,0
213.115,-3.2352834965890973,-2.7951427808923484,1.1175398946081347,0.0,0.0,1e-12,9.57187738171477e-05,-3.135623427990312e-05,4.4,3.8,10.089274620786288,7,20456113065079.61,22415.534476463377,22382.819592766573,31.607475951466437,2.7863027380911864e-09,0.0,1.1074077425524997,0
213.148,-3.2352834965890973,-2.7951427808923484,1.1175398946081347,0.0,0.0,1e-12,9.57187738171477e-05,-3.135623427990312e-05,4.4,3.8,10.089274620786288,7,20456113065079.61,22415.534476463377,22382.819592766573,31.607475951466437,2.7863027380911864e-09,0.0,1.1074077425524997,0
213.28,-3.2352834965890973,-2.7951427808923484,1.1175398946081347,0.0,0.0,1e-12,9.57187738171477e-05,-3.135623427990312e-05,4.4,3.8,10.089274620786288,7,20456113065079.61,22415.534476463377,22382.819592766573,31.607475951466437,2.7863027380911864e-09,0.0,1.1074077425524997,0
213.412,-3.2352834965890973,-2.7951427808923484,1.1175398946081347,0.0,0.0,1e-12,9.57187738171477e-05,-3.135623427990312e-05,4.4,3.8,10.089274620786288,7,20456113065079.61,22415.534476463377,22382.819592766573,31.607475951466437,2.7863027380911864e-09,0.0,1.1074077425524997,0
213.478,-3.2352834965890973,-2.7951427808923484,1.1175398946081347,0.0,0.0,1e-12,9.57187738171477e-05,-3.135623427990312e-05,4.4,3.8,10.089274620786288,7,20456113065079.61,22415.534476463377,22382.819592766573,31.607475951466437,2.7863027380911864e-09,0.0,1.1074077425524997,0
213.643,-3.235459930688183,-2.7957079418026556,1.117154946996173,0.0,0.0,1e-12,9.57187738171477e-05,-3.135623427990312e-05,4.4,3.8,10.089777579644826,7,20456113065079.61,22415.534476463377,22382.819592766573,31.607475951466437,2.7863027380911864e-09,0.0,1.1074077425524997,0
213.709,-3.235459930688183,-2.7957079418026556,1.117154946996173,0.0,0.0,1e-12,9.57187738171477e-05,-3.135623427990312e-05,4.4,3.8,10.089777579644826,7,20456113065079.61,22415.534476463377,22382.819592766573,31.607475951466437,2.7863027380911864e-09,0.0,1.1074077425524997,0
213.808,-3.2353788735378224,-2.795258183733277,1.1176921407565252,0.0,0.0,1e-12,9.57187738171477e-05,-3.135623427990312e-05,4.4,3.8,10.089422235815512,7,20456113065079.61,22415.534476463377,22382.819592766573,31.607475951466437,2.7863027380911864e-09,0.0,1.1074077425524997,0
213.907,-3.2359250869722764,-2.796556106803296,1.1173568287609423,0.0,0.0,1e-12,9.57187738171477e-05,-3.135623427990312e-05,4.4,3.8,10.090684040443266,7,20456113065079.61,22415.534476463377,22382.819592766573,31.607475951466437,2.7863027380911864e-09,0.0,1.1074077425524997,0
214.006,-3.2359250869722764,-2.796556106803296,1.1173568287609423,0.0,0.0,1e-12,9.57187738171477e-05,-3.135623427990312e-05,4.4,3.8,10.090684040443266,7,20456113065079.61,22415.534476463377,22382.819592766573,31.607475951466437,2.7863027380911864e-09,0.0,1.1074077425524997,0
214.105,-3.235688067521105,-2.7965324472694277,1.1181639653267446,0.0,0.0,1e-12,9.57187738171477e-05,-3.135623427990312e-05,4.4,3.8,10.090489214719105,7,20456113065079.61,22415.534476463377,22382.819592766573,31.607475951466437,2.7863027380911864e-09,0.0,1.1074077425524997,0
214.171,-3.235688067521105,-2.7965324472694277,1.1181639653267446,0.0,0.0,1e-12,9.57187738171477e-05,-3.135623427990312e-05,4.4,3.8,10.090489214719105,7,20456113065079.61,22415.534476463377,22382.819592766573,31.607475951466437,2.7863027380911864e-09,0.0,1.1074077425524997,0
214.336,-3.236111562013772,-2.796437112947652,1.1164821329362715,0.0,0.0,1e-12,9.57187738171477e-05,-3.135623427990312e-05,4.4,3.8,10.0907473644222,7,20456113065079.61,22415.534476463377,22382.819592766573,31.607475951466437,2.7863027380911864e-09,0.0,1.1074077425524997,0
214.402,-3.236111562013772,-2.796437112947652,1.1164821329362715,0.0,0.0,1e-12,9.57187738171477e-05,-3.135623427990312e-05,4.4,3.8,10.0907473644222,7,20456113065079.61,22415.534476463377,22382.819592766573,31.607475951466437,2.7863027380911864e-09,0.0,1.1074077425524997,0
214.534,-3.236111562013772,-2.796437112947652,1.1164821329362715,0.0,0.0,1e-12,9.57187738171477e-05,-3.135623427990312e-05,4.4,3.8,10.0907473644222,7,20456113065079.61,22415.534476463377,22382.819592766573,31.607475951466437,2.7863027380911864e-09,0.0,1.1074077425524997,0
214.6,-3.236193268433464,-2.7968874170199194,1.115940760679025,0.0,0.0,1e-12,9.57187738171477e-05,-3.135623427990312e-05,4.4,3.8,10.09110356827757,7,20456113065079.61,22415.534476463377,22382.819592766573,31.607475951466437,2.7863027380911864e-09,0.0,1.1074077425524997,0
214.699,-3.236088033082522,-2.797352230700638,1.1162969916377863,0.0,0.0,1e-12,9.57187738171477e-05,-3.135623427990312e-05,4.4,3.8,10.091327806830813,7,20456113065079.61,22415.534476463377,22382.819592766573,31.607475951466437,2.7863027380911864e-09,0.0,1.1074077425524997,0
214.798,-3.2360223593656987,-2.7969327705404754,1.1166326951048173,0.0,0.0,1e-12,9.57187738171477e-05,-3.135623427990312e-05,4.4,3.8,10.091003887213784,7,20456113065079.61,22415.534476463377,22382.819592766573,31.607475951466437,2.7863027380911864e-09,0.0,1.1074077425524997,0
214.897,-3.2360223593656987,-2.7969327705404754,1.1166326951048173,0.0,0.0,1e-12,9.57187738171477e-05,-3.135623427990312e-05,4.4,3.8,10.091003887213784,7,20456113065079.61,22415.534476463377,22382.819592766573,31.607475951466437,2.7863027380911864e-09,0.0,1.1074077425524997,0
215.029,-3.236068358177549,-2.796971798472591,1.1167382800777121,0.0,0.0,1e-12,9.57187738171477e-05,-3.135623427990312e-05,4.4,3.8,10.091064209517402,7,20456113065079.61,22415.534476463377,22382.819592766573,31.607475951466437,2.7863027380911864e-09,0.0,1.1074077425524997,0
215.095,-3.236068358177549,-2.796971798472591,1.1167382800777121,0.0,0.0,1e-12,9.57187738171477e-05,-3.135623427990312e-05,4.4,3.8,10.091064209517402,7,20456113065079.61,22415.534476463377,22382.819592766573,31.607475951466437,2.7863027380911864e-09,0.0,1.1074077425524997,0
215.194,-3.236068358177549,-2.796971798472591,1.1167382800777121,0.0,0.0,1e-12,9.57187738171477e-05,-3.135623427990312e-05,4.4,3.8,10.091064209517402,7,20456113065079.61,22415.534476463377,22382.819592766573,31.607475951466437,2.7863027380911864e-09,0.0,1.1074077425524997,0
215.293,-3.236068358177549,-2.796971798472591,1.1167382800777121,0.0,0.0,1e-12,9.57187738171477e-05,-3.135623427990312e-05,4.4,3.8,10.091064209517402,7,20456113065079.61,22415.534476463377,22382.819592766573,31.607475951466437,2.7863027380911864e-09,0.0,1.1074077425524997,0
215.359,-3.236068358177549,-2.796971798472591,1.1167382800777121,0.0,0.0,1e-12,9.57187738171477e-05,-3.135623427990312e-05,4.4,3.8,10.091064209517402,7,20456113065079.61,22415.534476463377,22382.819592766573,31.607475951466437,2.7863027380911864e-09,0.0,1.1074077425524997,0
215.425,-3.236068358177549,-2.796971798472591,1.1167382800777121,0.0,0.0,1e-12,9.57187738171477e-05,-3.135623427990312e-05,4.4,3.8,10.091064209517402,7,20456113065079.61,22415.534476463377,22382.819592766573,31.607475951466437,2.7863027380911864e-09,0.0,1.1074077425524997,0
215.59,-3.236068358177549,-2.796971798472591,1.1167382800777121,0.0,0.0,1e-12,9.57187738171477e-05,-3.135623427990312e-05,4.4,3.8,10.091064209517402,7,20456113065079.61,22415.534476463377,22382.819592766573,31.607475951466437,2.7863027380911864e-09,0.0,1.1074077425524997,0
215.722,-3.236068358177549,-2.796971798472591,1.1167382800777121,0.0,0.0,1e-12,9.57187738171477e-05,-3.135623427990312e-05,4.4,3.8,10.091064209517402,7,20456113065079.61,22415.534476463377,22382.819592766573,31.607475951466437,2.7863027380911864e-09,0.0,1.1074077425524997,0
215.722,-3.236068358177549,-2.796971798472591,1.1167382800777121,0.0,0.0,1e-12,9.57187738171477e-05,-3.135623427990312e-05,4.4,3.8,10.091064209517402,7,20456113065079.61,22415.534476463377,22382.819592766573,31.607475951466437,2.7863027380911864e-09,0.0,1.1074077425524997,0
215.887,-3.236068358177549,-2.796971798472591,1.1167382800777121,0.0,0.0,1e-12,9.57187738171477e-05,-3.135623427990312e-05,4.4,3.8,10.091064209517402,7,20456113065079.61,22415.534476463377,22382.819592766573,31.607475951466437,2.7863027380911864e-09,0.0,1.1074077425524997,0
216.019,-3.236068358177549,-2.796971798472591,1.1167382800777121,0.0,0.0,1e-12,9.57187738171477e-05,-3.135623427990312e-05,4.4,3.8,10.091064209517402,7,20456113065079.61,22415.534476463377,22382.819592766573,31.607475951466437,2.7863027380911864e-09,0.0,1.1074077425524997,0
216.085,-3.236068358177549,-2.796971798472591,1.1167382800777121,0.0,0.0,1e-12,9.57187738171477e-05,-3.135623427990312e-05,4.4,3.8,10.091064209517402,7,20456113065079.61,22415.534476463377,22382.819592766573,31.607475951466437,2.7863027380911864e-09,0.0,1.1074077425524997,0
216.217,-3.236068358177549,-2.796971798472591,1.1167382800777121,0.0,0.0,1e-12,9.57187738171477e-05,-3.135623427990312e-05,4.4,3.8,10.091064209517402,7,20456113065079.61,22415.534476463377,22382.819592766573,31.607475951466437,2.7863027380911864e-09,0.0,1.1074077425524997,0
216.316,-3.236300216660205,-2.797507190340554,1.1166225800331462,0.0,0.0,1e-12,9.57187738171477e-05,-3.135623427990312e-05,4.4,3.8,10.091589672869185,7,20456113065079.61,22415.534476463377,22382.819592766573,31.607475951466437,2.7863027380911864e-09,0.0,1.1074077425524997,0
216.415,-3.236300216660205,-2.797507190340554,1.1166225800331462,0.0,0.0,1e-12,9.57187738171477e-05,-3.135623427990312e-05,4.4,3.8,10.091589672869185,7,20456113065079.61,22415.534476463377,22382.819592766573,31.607475951466437,2.7863027380911864e-09,0.0,1.1074077425524997,0
216.448,-3.236300216660205,-2.797507190340554,1.1166225800331462,0.0,0.0,1e-12,9.57187738171477e-05,-3.135623427990312e-05,4.4,3.8,10.091589672869185,7,20456113065079.61,22415.534476463377,22382.819592766573,31.607475951466437,2.7863027380911864e-09,0.0,1.1074077425524997,0
216.613,-3.236300216660205,-2.797507190340554,1.1166225800331462,0.0,0.0,1e-12,9.57187738171477e-05,-3.135623427990312e-05,4.4,3.8,10.091589672869185,7,20456113065079.61,22415.534476463377,22382.819592766573,31.607475951466437,2.7863027380911864e-09,0.0,1.1074077425524997,0
216.712,-3.2358023459569636,-2.796595213557028,1.116416753184103,0.0,0.0,1e-12,9.57187738171477e-05,-3.135623427990312e-05,4.4,3.8,10.090616724365532,7,20456113065079.61,22415.534476463377,22382.819592766573,31.607475951466437,2.7863027380911864e-09,0.0,1.1074077425524997,0
216.745,-3.2358023459569636,-2.796595213557028,1.116416753184103,0.0,0.0,1e-12,9.57187738171477e-05,-3.135623427990312e-05,4.4,3.8,10.090616724365532,7,20456113065079.61,22415.534476463377,22382.819592766573,31.607475951466437,2.7863027380911864e-09,0.0,1.1074077425524997,0
216.91,-3.2358023459569636,-2.796595213557028,1.116416753184103,0.0,0.0,1e-12,9.57187738171477e-05,-3.135623427990312e-05,4.4,3.8,10.090616724365532,7,20456113065079.61,22415.534476463377,22382.819592766573,31.607475951466437,2.7863027380911864e-09,0.0,1.1074077425524997,0
217.009,-3.2358023459569636,-2.796595213557028,1.116416753184103,0.0,0.0,1e-12,9.57187738171477e-05,-3.135623427990312e-05,4.4,3.8,10.090616724365532,7,20456113065079.61,22415.534476463377,22382.819592766573,31.607475951466437,2.7863027380911864e-09,0.0,1.1074077425524997,0
217.141,-3.2358023459569636,-2.796595213557028,1.116416753184103,0.0,0.0,1e-12,9.57187738171477e-05,-3.135623427990312e-05,4.4,3.8,10.090616724365532,7,20456113065079.61,22415.534476463377,22382.819592766573,31.607475951466437,2.7863027380911864e-09,0.0,1.1074077425524997,0
217.207,-3.2358023459569636,-2.796595213557028,1.116416753184103,0.0,0.0,1e-12,9.57187738171477e-05,-3.135623427990312e-05,4.4,3.8,10.090616724365532,7,20456113065079.61,22415.534476463377,22382.819592766573,31.607475951466437,2.7863027380911864e-09,0.0,1.1074077425524997,0
217.339,-3.2358023459569636,-2.796595213557028,1.116416753184103,0.0,0.0,1e-12,9.57187738171477e-05,-3.135623427990312e-05,4.4,3.8,10.090616724365532,7,20456113065079.61,22415.534476463377,22382.819592766573,31.607475951466437,2.7863027380911864e-09,0.0,1.1074077425524997,0
217.405,-3.2358023459569636,-2.796595213557028,1.116416753184103,0.0,0.0,1e-12,9.57187738171477e-05,-3.135623427990312e-05,4.4,3.8,10.090616724365532,7,20456113065079.61,22415.534476463377,22382.819592766573,31.607475951466437,2.7863027380911864e-09,0.0,1.1074077425524997,0
217.471,-3.2358023459569636,-2.796595213557028,1.116416753184103,0.0,0.0,1e-12,9.57187738171477e-05,-3.135623427990312e-05,4.4,3.8,10.090616724365532,7,20456113065079.61,22415.534476463377,22382.819592766573,31.607475951466437,2.7863027380911864e-09,0.0,1.1074077425524997,0
217.603,-3.235705525815887,-2.7968135001493932,1.117144138316894,0.0,0.0,1e-12,9.57187738171477e-05,-3.135623427990312e-05,4.4,3.8,10.090686162631785,7,20456113065079.61,22415.534476463377,22382.819592766573,31.607475951466437,2.7863027380911864e-09,0.0,1.1074077425524997,0
217.735,-3.235705525815887,-2.7968135001493932,1.117144138316894,0.0,0.0,1e-12,9.57187738171477e-05,-3.135623427990312e-05,4.4,3.8,10.090686162631785,7,20456113065079.61,22415.534476463377,22382.819592766573,31.607475951466437,2.7863027380911864e-09,0.0,1.1074077425524997,0
217.768,-3.235705525815887,-2.7968135001493932,1.117144138316894,0.0,0.0,1e-12,9.57187738171477e-05,-3.135623427990312e-05,4.4,3.8,10.090686162631785,7,20456113065079.61,22415.534476463377,22382.819592766573,31.607475951466437,2.7863027380911864e-09,0.0,1.1074077425524997,0
217.9,-3.235705525815887,-2.7968135001493932,1.117144138316894,0.0,0.0,1e-12,9.57187738171477e-05,-3.135623427990312e-05,4.4,3.8,10.090686162631785,7,20456113065079.61,22415.534476463377,22382.819592766573,31.607475951466437,2.7863027380911864e-09,0.0,1.1074077425524997,0
217.999,-3.2359574907241324,-2.7974462345857383,1.1169224605050407,0.0,0.0,1e-12,9.57187738171477e-05,-3.135623427990312e-05,4.4,3.8,10.091290483302695,7,20456113065079.61,22415.534476463377,22382.819592766573,31.607475951466437,2.7863027380911864e-09,0.0,1.1074077425524997,0
218.098,-3.2359574907241324,-2.7974462345857383,1.1169224605050407,0.0,0.0,1e-12,9.57187738171477e-05,-3.135623427990312e-05,4.4,3.8,10.091290483302695,7,20456113065079.61,22415.534476463377,22382.819592766573,31.607475951466437,2.7863027380911864e-09,0.0,1.1074077425524997,0
218.23,-3.2362370702426855,-2.7979206578384592,1.1171116351716306,0.0,0.0,1e-12,9.57187738171477e-05,-3.135623427990312e-05,4.4,3.8,10.09181220594597,7,20456113065079.61,22415.534476463377,22382.819592766573,31.607475951466437,2.7863027380911864e-09,0.0,1.1074077425524997,0
218.329,-3.2362370702426855,-2.7979206578384592,1.1171116351716306,0.0,0.0,1e-12,9.57187738171477e-05,-3.135623427990312e-05,4.4,3.8,10.09181220594597,7,20456113065079.61,22415.534476463377,22382.819592766573,31.607475951466437,2.7863027380911864e-09,0.0,1.1074077425524997,0
218.395,-3.235035779394207,-2.7960328792233007,1.1167094564499107,0.0,0.0,1e-12,9.57187738171477e-05,-3.135623427990312e-05,4.4,3.8,10.089669028091285,7,20456113065079.61,22415.534476463377,22382.819592766573,31.607475951466437,2.7863027380911864e-09,0.0,1.1074077425524997,0
218.494,-3.235307550101472,-2.7964725979700136,1.1169326261933903,0.0,0.0,1e-12,9.57187738171477e-05,-3.135623427990312e-05,4.4,3.8,10.09016214539716,7,20456113065079.61,22415.534476463377,22382.819592766573,31.607475951466437,2.7863027380911864e-09,0.0,1.1074077425524997,0
218.593,-3.235307550101472,-2.7964725979700136,1.1169326261933903,0.0,0.0,1e-12,9.57187738171477e-05,-3.135623427990312e-05,4.4,3.8,10.09016214539716,7,20456113065079.61,22415.534476463377,22382.819592766573,31.607475951466437,2.7863027380911864e-09,0.0,1.1074077425524997,0
218.593,-3.235307550101472,-2.7964725979700136,1.1169326261933903,0.0,0.0,1e-12,9.57187738171477e-05,-3.135623427990312e-05,4.4,3.8,10.09016214539716,7,20456113065079.61,22415.534476463377,22382.819592766573,31.607475951466437,2.7863027380911864e-09,0.0,1.1074077425524997,0
218.791,-3.234731374793286,-2.7953402401564955,1.1168402594872795,0.0,0.0,1e-12,9.57187738171477e-05,-3.135623427990312e-05,4.4,3.8,10.088985878108886,7,20456113065079.61,22415.534476463377,22382.819592766573,31.607475951466437,2.7863027380911864e-09,0.0,1.1074077425524997,0
218.791,-3.234731374793286,-2.7953402401564955,1.1168402594872795,0.0,0.0,1e-12,9.57187738171477e-05,-3.135623427990312e-05,4.4,3.8,10.088985878108886,7,20456113065079.61,22415.534476463377,22382.819592766573,31.607475951466437,2.7863027380911864e-09,0.0,1.1074077425524997,0
219.022,-3.2356675036285245,-2.796800441591172,1.1170203994517072,0.0,0.0,1e-12,9.57187738171477e-05,-3.135623427990312e-05,4.4,3.8,10.090648853871894,7,20456113065079.61,22415.534476463377,22382.819592766573,31.607475951466437,2.7863027380911864e-09,0.0,1.1074077425524997,0
219.121,-3.234731374793286,-2.7953402401564955,1.1168402594872795,0.0,0.0,1e-12,9.57187738171477e-05,-3.135623427990312e-05,4.4,3.8,10.088985878108886,7,20456113065079.61,22415.534476463377,22382.819592766573,31.607475951466437,2.7863027380911864e-09,0.0,1.1074077425524997,0
219.187,-3.2349926923550876,-2.79598620055591,1.1166303598863563,0.0,0.0,1e-12,9.57187738171477e-05,-3.135623427990312e-05,4.4,3.8,10.089605907578331,7,20456113065079.61,22415.534476463377,22382.819592766573,31.607475951466437,2.7863027380911864e-09,0.0,1.1074077425524997,0
219.253,-3.2352755920702143,-2.796466165358536,1.116820065297529,0.0,0.0,1e-12,9.57187738171477e-05,-3.135623427990312e-05,4.4,3.8,10.090133757170076,7,20456113065079.61,22415.534476463377,22382.819592766573,31.607475951466437,2.7863027380911864e-09,0.0,1.1074077425524997,0
219.253,-3.2352755920702143,-2.796466165358536,1.116820065297529,0.0,0.0,1e-12,9.57187738171477e-05,-3.135623427990312e-05,4.4,3.8,10.090133757170076,7,20456113065079.61,22415.534476463377,22382.819592766573,31.607475951466437,2.7863027380911864e-09,0.0,1.1074077425524997,0
219.517,-3.2350037563488447,-2.796026431474984,1.1165969412299857,0.0,0.0,1e-12,9.57187738171477e-05,-3.135623427990312e-05,4.4,3.8,10.089640580525035,7,20456113065079.61,22415.534476463377,22382.819592766573,31.607475951466437,2.7863027380911864e-09,0.0,1.1074077425524997,0
219.616,-3.2350037563488447,-2.796026431474984,1.1165969412299857,0.0,0.0,1e-12,9.57187738171477e-05,-3.135623427990312e-05,4.4,3.8,10.089640580525035,7,20456113065079.61,22415.534476463377,22382.819592766573,31.607475951466437,2.7863027380911864e-09,0.0,1.1074077425524997,0
219.682,-3.2350037563488447,-2.796026431474984,1.1165969412299857,0.0,0.0,1e-12,9.57187738171477e-05,-3.135623427990312e-05,4.4,3.8,10.089640580525035,7,20456113065079.61,22415.534476463377,22382.819592766573,31.607475951466437,2.7863027380911864e-09,0.0,1.1074077425524997,0
219.748,-3.234719749086789,-2.795544630542573,1.1164073753324097,0.0,0.0,1e-12,9.57187738171477e-05,-3.135623427990312e-05,4.4,3.8,10.089110695228536,7,20456113065079.61,22415.534476463377,22382.819592766573,31.607475951466437,2.7863027380911864e-09,0.0,1.1074077425524997,0
219.913,-3.235230020818351,-2.7966141102703395,1.1163599207717076,0.0,0.0,1e-12,9.57187738171477e-05,-3.135623427990312e-05,4.4,3.8,10.090195993667495,7,20456113065079.61,22415.534476463377,22382.819592766573,31.607475951466437,2.7863027380911864e-09,0.0,1.1074077425524997,0
219.979,-3.235230020818351,-2.7966141102703395,1.1163599207717076,0.0,0.0,1e-12,9.57187738171477e-05,-3.135623427990312e-05,4.4,3.8,10.090195993667495,7,20456113065079.61,22415.534476463377,22382.819592766573,31.607475951466437,2.7863027380911864e-09,0.0,1.1074077425524997,0
220.111,-3.235230020818351,-2.7966141102703395,1.1163599207717076,0.0,0.0,1e-12,9.57187738171477e-05,-3.135623427990312e-05,4.4,3.8,10.090195993667495,7,20456113065079.61,22415.534476463377,22382.819592766573,31.607475951466437,2.7863027380911864e-09,0.0,1.1074077425524997,0
220.243,-3.235230020818351,-2.7966141102703395,1.1163599207717076,0.0,0.0,1e-12,9.57187738171477e-05,-3.135623427990312e-05,4.4,3.8,10.090195993667495,7,20456113065079.61,22415.534476463377,22382.819592766573,31.607475951466437,2.7863027380911864e-09,0.0,1.1074077425524997,0
220.276,-3.235230020818351,-2.7966141102703395,1.1163599207717076,0.0,0.0,1e-12,9.57187738171477e-05,-3.135623427990312e-05,4.4,3.8,10.090195993667495,7,20456113065079.61,22415.534476463377,22382.819592766573,31.607475951466437,2.7863027380911864e-09,0.0,1.1074077425524997,0
220.375,-3.2355118822054987,-2.79709186558936,1.1165496830241795,0.0,0.0,1e-12,9.57187738171477e-05,-3.135623427990312e-05,4.4,3.8,10.090721618711253,7,20456113065079.61,22415.534476463377,22382.819592766573,31.607475951466437,2.7863027380911864e-09,0.0,1.1074077425524997,0
220.441,-3.2355118822054987,-2.79709186558936,1.1165496830241795,0.0,0.0,1e-12,9.57187738171477e-05,-3.135623427990312e-05,4.4,3.8,10.090721618711253,7,20456113065079.61,22415.534476463377,22382.819592766573,31.607475951466437,2.7863027380911864e-09,0.0,1.1074077425524997,0
220.54,-3.2356538418829186,-2.797604561397142,1.1161242249296024,0.0,0.0,1e-12,9.57187738171477e-05,-3.135623427990312e-05,4.4,3.8,10.091164231228712,7,20456113065079.61,22415.534476463377,22382.819592766573,31.607475951466437,2.7863027380911864e-09,0.0,1.1074077425524997,0
220.639,-3.235383836477811,-2.797168831439305,1.1159010035714074,0.0,0.0,1e-12,9.57187738171477e-05,-3.135623427990312e-05,4.4,3.8,10.090675047828112,7,20456113065079.61,22415.534476463377,22382.819592766573,31.607475951466437,2.7863027380911864e-09,0.0,1.1074077425524997,0
220.804,-3.235198401140202,-2.796109726407863,1.1171972968685615,0.0,0.0,1e-12,9.57187738171477e-05,-3.135623427990312e-05,4.4,3.8,10.089842325209364,7,20456113065079.61,22415.534476463377,22382.819592766573,31.607475951466437,2.7863027380911864e-09,0.0,1.1074077425524997,0
220.903,-3.235198401140202,-2.796109726407863,1.1171972968685615,0.0,0.0,1e-12,9.57187738171477e-05,-3.135623427990312e-05,4.4,3.8,10.089842325209364,7,20456113065079.61,22415.534476463377,22382.819592766573,31.607475951466437,2.7863027380911864e-09,0.0,1.1074077425524997,0
221.002,-3.2352814901462845,-2.796342928318844,1.1173063419902403,0.0,0.0,1e-12,9.57187738171477e-05,-3.135623427990312e-05,4.4,3.8,10.09005765403511,7,20456113065079.61,22415.534476463377,22382.819592766573,31.607475951466437,2.7863027380911864e-09,0.0,1.1074077425524997,0
221.101,-3.23475785333165,-2.7952778540359042,1.1172886822515353,0.0,0.0,1e-12,9.57187738171477e-05,-3.135623427990312e-05,4.4,3.8,10.08896513280454,7,20456113065079.61,22415.534476463377,22382.819592766573,31.607475951466437,2.7863027380911864e-09,0.0,1.1074077425524997,0
221.2,-3.2350408806668933,-2.7957588254267622,1.1174775814976978,0.0,0.0,1e-12,9.57187738171477e-05,-3.135623427990312e-05,4.4,3.8,10.089493730244829,7,20456113065079.61,22415.534476463377,22382.819592766573,31.607475951466437,2.7863027380911864e-09,0.0,1.1074077425524997,0
221.233,-3.2350408806668933,-2.7957588254267622,1.1174775814976978,0.0,0.0,1e-12,9.57187738171477e-05,-3.135623427990312e-05,4.4,3.8,10.089493730244829,7,20456113065079.61,22415.534476463377,22382.819592766573,31.607475951466437,2.7863027380911864e-09,0.0,1.1074077425524997,0
221.431,-3.2352100660975234,-2.7963123569420056,1.1170861285813036,0.0,0.0,1e-12,9.57187738171477e-05,-3.135623427990312e-05,4.4,3.8,10.08998362059041,7,20456113065079.61,22415.534476463377,22382.819592766573,31.607475951466437,2.7863027380911864e-09,0.0,1.1074077425524997,0
221.53,-3.2352100660975234,-2.7963123569420056,1.1170861285813036,0.0,0.0,1e-12,9.57187738171477e-05,-3.135623427990312e-05,4.4,3.8,10.08998362059041,7,20456113065079.61,22415.534476463377,22382.819592766573,31.607475951466437,2.7863027380911864e-09,0.0,1.1074077425524997,0
221.596,-3.235480102189167,-2.7967494593541407,1.1173082253632929,0.0,0.0,1e-12,9.57187738171477e-05,-3.135623427990312e-05,4.4,3.8,10.090473716353253,7,20456113065079.61,22415.534476463377,22382.819592766573,31.607475951466437,2.7863027380911864e-09,0.0,1.1074077425524997,0
221.728,-3.2352115518884346,-2.7959810343852545,1.1165045438576005,0.0,0.0,1e-12,9.57187738171477e-05,-3.135623427990312e-05,4.4,3.8,10.089768146397645,7,20456113065079.61,22415.534476463377,22382.819592766573,31.607475951466437,2.7863027380911864e-09,0.0,1.1074077425524997,0
221.794,-3.2352115518884346,-2.7959810343852545,1.1165045438576005,0.0,0.0,1e-12,9.57187738171477e-05,-3.135623427990312e-05,4.4,3.8,10.089768146397645,7,20456113065079.61,22415.534476463377,22382.819592766573,31.607475951466437,2.7863027380911864e-09,0.0,1.1074077425524997,0
221.893,-3.2352115518884346,-2.7959810343852545,1.1165045438576005,0.0,0.0,1e-12,9.57187738171477e-05,-3.135623427990312e-05,4.4,3.8,10.089768146397645,7,20456113065079.61,22415.534476463377,22382.819592766573,31.607475951466437,2.7863027380911864e-09,0.0,1.1074077425524997,0
221.992,-3.2352115518884346,-2.7959810343852545,1.1165045438576005,0.0,0.0,1e-12,9.57187738171477e-05,-3.135623427990312e-05,4.4,3.8,10.089768146397645,7,20456113065079.61,22415.534476463377,22382.819592766573,31.607475951466437,2.7863027380911864e-09,0.0,1.1074077425524997,0
222.124,-3.2352115518884346,-2.7959810343852545,1.1165045438576005,0.0,0.0,1e-12,9.57187738171477e-05,-3.135623427990312e-05,4.4,3.8,10.089768146397645,7,20456113065079.61,22415.534476463377,22382.819592766573,31.607475951466437,2.7863027380911864e-09,0.0,1.1074077425524997,0
222.223,-3.2352115518884346,-2.7959810343852545,1.1165045438576005,0.0,0.0,1e-12,9.57187738171477e-05,-3.135623427990312e-05,4.4,3.8,10.089768146397645,7,20456113065079.61,22415.534476463377,22382.819592766573,31.607475951466437,2.7863027380911864e-09,0.0,1.1074077425524997,0
222.256,-3.2352115518884346,-2.7959810343852545,1.1165045438576005,0.0,0.0,1e-12,9.57187738171477e-05,-3.135623427990312e-05,4.4,3.8,10.089768146397645,7,20456113065079.61,22415.534476463377,22382.819592766573,31.607475951466437,2.7863027380911864e-09,0.0,1.1074077425524997,0
222.388,-3.2352115518884346,-2.7959810343852545,1.1165045438576005,0.0,0.0,1e-12,9.57187738171477e-05,-3.135623427990312e-05,4.4,3.8,10.089768146397645,7,20456113065079.61,22415.534476463377,22382.819592766573,31.607475951466437,2.7863027380911864e-09,0.0,1.1074077425524997,0
222.487,-3.2352115518884346,-2.7959810343852545,1.1165045438576005,0.0,0.0,1e-12,9.57187738171477e-05,-3.135623427990312e-05,4.4,3.8,10.089768146397645,7,20456113065079.61,22415.534476463377,22382.819592766573,31.607475951466437,2.7863027380911864e-09,0.0,1.1074077425524997,0
222.586,-3.2352115518884346,-2.7959810343852545,1.1165045438576005,0.0,0.0,1e-12,9.57187738171477e-05,-3.135623427990312e-05,4.4,3.8,10.089768146397645,7,20456113065079.61,22415.534476463377,22382.819592766573,31.607475951466437,2.7863027380911864e-09,0.0,1.1074077425524997,0
222.685,-3.235361189269595,-2.796096635898354,1.1161724921030112,0.0,0.0,1e-12,9.57187738171477e-05,-3.135623427990312e-05,4.4,3.8,10.089956953362783,7,20456113065079.61,22415.534476463377,22382.819592766573,31.607475951466437,2.7863027380911864e-09,0.0,1.1074077425524997,0
222.817,-3.235361189269595,-2.796096635898354,1.1161724921030112,0.0,0.0,1e-12,9.57187738171477e-05,-3.135623427990312e-05,4.4,3.8,10.089956953362783,7,20456113065079.61,22415.534476463377,22382.819592766573,31.607475951466437,2.7863027380911864e-09,0.0,1.1074077425524997,0
222.883,-3.235361189269595,-2.796096635898354,1.1161724921030112,0.0,0.0,1e-12,9.57187738171477e-05,-3.135623427990312e-05,4.4,3.8,10.089956953362783,7,20456113065079.61,22415.534476463377,22382.819592766573,31.607475951466437,2.7863027380911864e-09,0.0,1.1074077425524997,0
222.982,-3.235361189269595,-2.796096635898354,1.1161724921030112,0.0,0.0,1e-12,9.57187738171477e-05,-3.135623427990312e-05,4.4,3.8,10.089956953362783,7,20456113065079.61,22415.534476463377,22382.819592766573,31.607475951466437,2.7863027380911864e-09,0.0,1.1074077425524997,0
223.081,-3.235361189269595,-2.796096635898354,1.1161724921030112,0.0,0.0,1e-12,9.57187738171477e-05,-3.135623427990312e-05,4.4,3.8,10.089956953362783,7,20456113065079.61,22415.534476463377,22382.819592766573,31.607475951466437,2.7863027380911864e-09,0.0,1.1074077425524997,0
223.18,-3.2351170013989474,-2.7959422372992315,1.1170844250123548,0.0,0.0,1e-12,9.57187738171477e-05,-3.135623427990312e-05,4.4,3.8,10.089671234625996,7,20456113065079.61,22415.534476463377,22382.819592766573,31.607475951466437,2.7863027380911864e-09,0.0,1.1074077425524997,0
223.312,-3.2351170013989474,-2.7959422372992315,1.1170844250123548,0.0,0.0,1e-12,9.57187738171477e-05,-3.135623427990312e-05,4.4,3.8,10.089671234625996,7,20456113065079.61,22415.534476463377,22382.819592766573,31.607475951466437,2.7863027380911864e-09,0.0,1.1074077425524997,0
223.444,-3.2351170013989474,-2.7959422372992315,1.1170844250123548,0.0,0.0,1e-12,9.57187738171477e-05,-3.135623427990312e-05,4.4,3.8,10.089671234625996,7,20456113065079.61,22415.534476463377,22382.819592766573,31.607475951466437,2.7863027380911864e-09,0.0,1.1074077425524997,0
223.477,-3.2351170013989474,-2.7959422372992315,1.1170844250123548,0.0,0.0,1e-12,9.57187738171477e-05,-3.135623427990312e-05,4.4,3.8,10.089671234625996,7,20456113065079.61,22415.534476463377,22382.819592766573,31.607475951466437,2.7863027380911864e-09,0.0,1.1074077425524997,0
223.576,-3.2351170013989474,-2.7959422372992315,1.1170844250123548,0.0,0.0,1e-12,9.57187738171477e-05,-3.135623427990312e-05,4.4,3.8,10.089671234625996,7,20456113065079.61,22415.534476463377,22382.819592766573,31.607475951466437,2.7863027380911864e-09,0.0,1.1074077425524997,0
223.642,-3.234940511302369,-2.7954829225963946,1.1172685422025668,0.0,0.0,1e-12,9.57187738171477e-05,-3.135623427990312e-05,4.4,3.8,10.089237413867648,7,20456113065079.61,22415.534476463377,22382.819592766573,31.607475951466437,2.7863027380911864e-09,0.0,1.1074077425524997,0
223.84,-3.235260925294009,-2.7959093528333594,1.1177059779063208,0.0,0.0,1e-12,9.57187738171477e-05,-3.135623427990312e-05,4.4,3.8,10.089758648655383,7,20456113065079.61,22415.534476463377,22382.819592766573,31.607475951466437,2.7863027380911864e-09,0.0,1.1074077425524997,0
223.873,-3.235260925294009,-2.7959093528333594,1.1177059779063208,0.0,0.0,1e-12,9.57187738171477e-05,-3.135623427990312e-05,4.4,3.8,10.089758648655383,7,20456113065079.61,22415.534476463377,22382.819592766573,31.607475951466437,2.7863027380911864e-09,0.0,1.1074077425524997,0
224.005,-3.2350996032069923,-2.796068845908061,1.1185550621467328,0.0,0.0,1e-12,9.57187738171477e-05,-3.135623427990312e-05,4.4,3.8,10.089740837645458,7,20456113065079.61,22415.534476463377,22382.819592766573,31.607475951466437,2.7863027380911864e-09,0.0,1.1074077425524997,0
224.038,-3.2350996032069923,-2.796068845908061,1.1185550621467328,0.0,0.0,1e-12,9.57187738171477e-05,-3.135623427990312e-05,4.4,3.8,10.089740837645458,7,20456113065079.61,22415.534476463377,22382.819592766573,31.607475951466437,2.7863027380911864e-09,0.0,1.1074077425524997,0
224.236,-3.2350996032069923,-2.796068845908061,1.1185550621467328,0.0,0.0,1e-12,9.57187738171477e-05,-3.135623427990312e-05,4.4,3.8,10.089740837645458,7,20456113065079.61,22415.534476463377,22382.819592766573,31.607475951466437,2.7863027380911864e-09,0.0,1.1074077425524997,0
224.335,-3.2350996032069923,-2.796068845908061,1.1185550621467328,0.0,0.0,1e-12,9.57187738171477e-05,-3.135623427990312e-05,4.4,3.8,10.089740837645458,7,20456113065079.61,22415.534476463377,22382.819592766573,31.607475951466437,2.7863027380911864e-09,0.0,1.1074077425524997,0
224.434,-3.2350996032069923,-2.796068845908061,1.1185550621467328,0.0,0.0,1e-12,9.57187738171477e-05,-3.135623427990312e-05,4.4,3.8,10.089740837645458,7,20456113065079.61,22415.534476463377,22382.819592766573,31.607475951466437,2.7863027380911864e-09,0.0,1.1074077425524997,0
224.5,-3.2350996032069923,-2.796068845908061,1.1185550621467328,0.0,0.0,1e-12,9.57187738171477e-05,-3.135623427990312e-05,4.4,3.8,10.089740837645458,7,20456113065079.61,22415.534476463377,22382.819592766573,31.607475951466437,2.7863027380911864e-09,0.0,1.1074077425524997,0
224.632,-3.2350996032069923,-2.796068845908061,1.1185550621467328,0.0,0.0,1e-12,9.57187738171477e-05,-3.135623427990312e-05,4.4,3.8,10.089740837645458,7,20456113065079.61,22415.534476463377,22382.819592766573,31.607475951466437,2.7863027380911864e-09,0.0,1.1074077425524997,0
224.632,-3.2350996032069923,-2.796068845908061,1.1185550621467328,0.0,0.0,1e-12,9.57187738171477e-05,-3.135623427990312e-05,4.4,3.8,10.089740837645458,7,20456113065079.61,22415.534476463377,22382.819592766573,31.607475951466437,2.7863027380911864e-09,0.0,1.1074077425524997,0
224.797,-3.2350996032069923,-2.796068845908061,1.1185550621467328,0.0,0.0,1e-12,9.57187738171477e-05,-3.135623427990312e-05,4.4,3.8,10.089740837645458,7,20456113065079.61,22415.534476463377,22382.819592766573,31.607475951466437,2.7863027380911864e-09,0.0,1.1074077425524997,0
