diag_stamp,log_stamp,detected,true_available,true_x,true_y,true_yaw,state_available,state_x,state_y,state_yaw,state_age_s,state_fresh,state_pos_error,state_yaw_error_deg,obs_u,obs_v,obs_yaw,obs_yaw_error_deg,pixel_pose_available,pixel_pose_stamp,pixel_pose_u,pixel_pose_v,pixel_pose_yaw,pixel_pose_age_s,pixel_pose_fresh,pred_world_x,pred_world_y,localization_error_m,pred_world_x_calibrated,pred_world_y_calibrated,localization_error_calibrated_m,bev_y_calibration_offset_m,u_red,v_red,red_area_px,u_blue,v_blue,blue_area_px,separation_px,border_margin_px,yolo_score_raw,yolo_score_selected,yolo_detected_after_threshold,yolo_best_class_id,yolo_target_candidate_count,bbox_area_px,bbox_xmin,bbox_ymin,bbox_xmax,bbox_ymax,logit_margin,class_entropy,mask_area_px,mask_bottom_u,mask_bottom_v,mask_used,mask_polygon_points,confidence_logit,mask_compactness,mask_border_frac,mask_score,selected_pixel_source_code,yolo_raw_best_score,yolo_selected_score,yolo_num_target_candidates,yolo_selected_class_id,yolo_selected_pixel_source,yolo_bbox_area,yolo_mask_area,yolo_inference_ms,detector_callback_ms,yolo_receive_stamp,yolo_start_stamp,yolo_finish_stamp,yolo_publish_stamp,yolo_latency_s,frame_age_at_publish_s,detector_total_latency_s,camera_relative_bearing_deg,seed
6.568,8.114,1,1,-5.249999999995931,-0.75,-4.891722196035357e-12,0,nan,nan,nan,nan,0.0,nan,nan,132.3886238978512,281.93976403319306,nan,nan,0,nan,nan,nan,nan,nan,0.0,nan,nan,nan,nan,nan,nan,0.05,nan,nan,nan,nan,nan,nan,nan,132.3886238978512,0.9608537554740906,0.9608537554740906,1.0,0.0,299.0,644.7549128066748,118.58964538574219,258.49462890625,145.93614196777344,282.0718688964844,nan,nan,nan,nan,nan,0.0,nan,3.2005177252907693,nan,nan,nan,1.0,0.9608537554740906,0.9608537554740906,299.0,0.0,bbox_bottom,644.7549128066748,nan,2271.823564020451,2307.1598039823584,6.6240000000000006,6.627000000000001,7.767,8.113000000000001,1.1399999999999997,1.5450000000000017,1.5450000000000017,42.13759477363007,0
8.053,8.540000000000001,1,1,-5.249999999995931,-0.75,-4.8917221752403955e-12,1,-5.254563597692747,-0.7380901445926342,4.5542200090556555e-43,1.9720000000000013,0.0,0.012754257319136278,2.8027503519182913e-10,132.90331632720108,282.1767690136374,nan,nan,1,8.053,132.90331632720108,282.1767690136374,0.0,0.4870000000000001,1.0,-5.268140384307826,-0.8288042472250282,0.08086521454671726,-5.268140384307826,-0.7788042472250282,0.03404053761596297,0.05,nan,nan,nan,nan,nan,nan,nan,132.90331632720108,0.9608537554740906,0.9608537554740906,1.0,0.0,299.0,644.7549128066748,118.58964538574219,258.49462890625,145.93614196777344,282.0718688964844,nan,nan,nan,nan,nan,0.0,nan,3.2005177252907693,nan,nan,nan,1.0,0.9608537554740906,0.9608537554740906,299.0,0.0,bbox_bottom,644.7549128066748,nan,210.53241202025674,229.17980802594684,8.086,8.119,8.218,8.539,0.0990000000000002,0.4859999999999989,0.4859999999999989,42.13759477363007,0
8.482,8.958,1,1,-5.249999999995931,-0.75,-4.891722146561389e-12,1,-5.247594983216422,-0.7414892595415912,4.5542200090556555e-43,0.9049999999999994,1.0,0.008844026733344727,2.802750335486431e-10,131.7272243035967,282.43346395139383,nan,nan,1,8.482,131.7272243035967,282.43346395139383,0.0,0.47600000000000087,1.0,-5.278581903504464,-0.832496939486777,0.08730790475584692,-5.278581903504464,-0.782496939486777,0.04327789602300843,0.05,nan,nan,nan,nan,nan,nan,nan,131.7272243035967,0.9608537554740906,0.9608537554740906,1.0,0.0,299.0,644.7549128066748,118.58964538574219,258.49462890625,145.93614196777344,282.0718688964844,nan,nan,nan,nan,nan,0.0,nan,3.2005177252907693,nan,nan,nan,1.0,0.9608537554740906,0.9608537554740906,299.0,0.0,bbox_bottom,644.7549128066748,nan,192.13693699566647,212.2623999894131,8.515,8.547,8.641,8.957,0.09399999999999942,0.4750000000000014,0.4750000000000014,42.13759477363007,0
8.911,9.373000000000001,1,1,-5.249999999995931,-0.75,-4.891722085127734e-12,1,-5.257986230299433,-0.7451214793420924,4.5542200090556555e-43,0.8910000000000018,1.0,0.009358410028963033,2.8027503002875396e-10,133.56689372188794,283.0189498596136,nan,nan,1,8.482,131.7272243035967,282.43346395139383,0.0,0.8910000000000018,1.0,-5.278581903504464,-0.832496939486777,0.08730790475584692,-5.278581903504464,-0.782496939486777,0.04327789602300843,0.05,nan,nan,nan,nan,nan,nan,nan,133.56689372188794,0.9608537554740906,0.9608537554740906,1.0,0.0,299.0,644.7549128066748,118.58964538574219,258.49462890625,145.93614196777344,282.0718688964844,nan,nan,nan,nan,nan,0.0,nan,3.2005177252907693,nan,nan,nan,1.0,0.9608537554740906,0.9608537554740906,299.0,0.0,bbox_bottom,644.7549128066748,nan,184.585003007669,205.37732998491265,8.944,8.967,9.043000000000001,9.373000000000001,0.07600000000000051,0.4620000000000015,0.4620000000000015,42.13759477363007,0
9.307,9.802000000000001,1,1,-5.249999999995931,-0.75,-4.891722002315881e-12,1,-5.234914030364354,-0.7535192003277156,4.5542200090556555e-43,0.8910000000000018,1.0,0.015491005476451538,2.802750252839843e-10,131.55915844095082,280.8064474254383,nan,nan,1,9.307,131.55915844095082,280.8064474254383,0.0,0.495000000000001,1.0,-5.2916123647948,-0.8090496090420242,0.07223880696806988,-5.2916123647948,-0.7590496090420241,0.042585024691405834,0.05,nan,nan,nan,nan,nan,nan,nan,131.55915844095082,0.9608537554740906,0.9608537554740906,1.0,0.0,299.0,644.7549128066748,118.58964538574219,258.49462890625,145.93614196777344,282.0718688964844,nan,nan,nan,nan,nan,0.0,nan,3.2005177252907693,nan,nan,nan,1.0,0.9608537554740906,0.9608537554740906,299.0,0.0,bbox_bottom,644.7549128066748,nan,191.38662298792042,210.86964101414196,9.351,9.382000000000001,9.463000000000001,9.799000000000001,0.08099999999999952,0.4920000000000009,0.4920000000000009,42.13759477363007,0
9.736,10.198,1,1,-5.249999999995931,-0.75,-4.891721912830956e-12,1,-5.271029845098964,-0.7218511549505053,4.5542200090556555e-43,0.891,1.0,0.035137044023053454,2.8027502015687577e-10,131.63961921422046,282.1131948758316,nan,nan,1,9.307,131.55915844095082,280.8064474254383,0.0,0.891,1.0,-5.2916123647948,-0.8090496090420242,0.07223880696806988,-5.2916123647948,-0.7590496090420241,0.042585024691405834,0.05,nan,nan,nan,nan,nan,nan,nan,131.63961921422046,0.9608537554740906,0.9608537554740906,1.0,0.0,299.0,644.7549128066748,118.58964538574219,258.49462890625,145.93614196777344,282.0718688964844,nan,nan,nan,nan,nan,0.0,nan,3.2005177252907693,nan,nan,nan,1.0,0.9608537554740906,0.9608537554740906,299.0,0.0,bbox_bottom,644.7549128066748,nan,196.33393600815907,214.74079601466656,9.766,9.802000000000001,9.885,10.198,0.08299999999999841,0.46199999999999974,0.46199999999999974,42.13759477363007,0
10.132,10.623000000000001,1,1,-5.249999999995931,-0.75,-4.89172179081346e-12,1,-5.261113675473444,-0.740547219799889,4.5542200090556555e-43,0.8870000000000005,1.0,0.014590025227225727,2.802750131657882e-10,129.93786290211898,281.8530772325518,nan,nan,1,10.132,129.93786290211898,281.8530772325518,0.0,0.49100000000000144,1.0,-5.301197832643339,-0.8241443947256321,0.09010332589323403,-5.301197832643339,-0.774144394725632,0.056605387238840885,0.05,nan,nan,nan,nan,nan,nan,nan,129.93786290211898,0.9608537554740906,0.9608537554740906,1.0,0.0,299.0,644.7549128066748,118.58964538574219,258.49462890625,145.93614196777344,282.0718688964844,nan,nan,nan,nan,nan,0.0,nan,3.2005177252907693,nan,nan,nan,1.0,0.9608537554740906,0.9608537554740906,299.0,0.0,bbox_bottom,644.7549128066748,nan,184.43432499771006,204.65160298044793,10.165000000000001,10.198,10.282,10.619000000000002,0.08399999999999963,0.4870000000000019,0.4870000000000019,42.13759477363007,0
10.561,11.055000000000001,1,1,-5.249999999995931,-0.75,-4.891721769383176e-12,1,-5.280537500817268,-0.7367850941721297,4.5542200090556555e-43,0.9230000000000018,1.0,0.033274204610368154,2.802750119379234e-10,131.01698272950475,281.33960154178095,nan,nan,1,10.561,131.01698272950475,281.33960154178095,0.0,0.49400000000000155,1.0,-5.293547819954012,-0.8167440775450998,0.07969431918554594,-5.293547819954012,-0.7667440775450998,0.04665594019991123,0.05,nan,nan,nan,nan,nan,nan,nan,131.01698272950475,0.9608537554740906,0.9608537554740906,1.0,0.0,299.0,644.7549128066748,118.58964538574219,258.49462890625,145.93614196777344,282.0718688964844,nan,nan,nan,nan,nan,0.0,nan,3.2005177252907693,nan,nan,nan,1.0,0.9608537554740906,0.9608537554740906,299.0,0.0,bbox_bottom,644.7549128066748,nan,196.83299300959334,219.16786101064645,10.594000000000001,10.627,10.719000000000001,11.052000000000001,0.09200000000000053,0.49100000000000144,0.49100000000000144,42.13759477363007,0
10.99,11.497,1,1,-5.249999999995931,-0.75,-4.891721670122984e-12,1,-5.2729370197348695,-0.7294713313290115,4.5542200090556555e-43,0.9359999999999999,1.0,0.030782025792784752,2.802750062507333e-10,131.7186346939005,281.7555687401152,nan,nan,1,10.99,131.7186346939005,281.7555687401152,0.0,0.5069999999999997,1.0,-5.283365687910712,-0.8227397890270508,0.08002715812601635,-5.283365687910712,-0.7727397890270508,0.0403778049802282,0.05,nan,nan,nan,nan,nan,nan,nan,131.7186346939005,0.9608537554740906,0.9608537554740906,1.0,0.0,299.0,644.7549128066748,118.58964538574219,258.49462890625,145.93614196777344,282.0718688964844,nan,nan,nan,nan,nan,0.0,nan,3.2005177252907693,nan,nan,nan,1.0,0.9608537554740906,0.9608537554740906,299.0,0.0,bbox_bottom,644.7549128066748,nan,216.16456998162903,236.80540701025166,11.023000000000001,11.057,11.155000000000001,11.496,0.09800000000000075,0.5060000000000002,0.5060000000000002,42.13759477363007,0
11.452,11.939,1,1,-5.249999999995931,-0.75,-4.891721584671216e-12,1,-5.2627779519574345,-0.7354396525858373,4.5542200090556555e-43,0.9489999999999998,1.0,0.01937213909591808,2.8027500135470765e-10,132.67452421313195,283.1143822659271,nan,nan,1,10.99,131.7186346939005,281.7555687401152,0.0,0.9489999999999998,1.0,-5.283365687910712,-0.8227397890270508,0.08002715812601635,-5.283365687910712,-0.7727397890270508,0.0403778049802282,0.05,nan,nan,nan,nan,nan,nan,nan,132.67452421313195,0.9608537554740906,0.9608537554740906,1.0,0.0,299.0,644.7549128066748,118.58964538574219,258.49462890625,145.93614196777344,282.0718688964844,nan,nan,nan,nan,nan,0.0,nan,3.2005177252907693,nan,nan,nan,1.0,0.9608537554740906,0.9608537554740906,299.0,0.0,bbox_bottom,644.7549128066748,nan,207.30156399076805,231.58348200377077,11.485000000000001,11.507000000000001,11.601,11.938,0.09399999999999942,0.48600000000000065,0.48600000000000065,42.13759477363007,0
11.881,12.336,1,1,-5.249999999995931,-0.75,-4.8917215150433455e-12,1,-5.243479583915122,-0.754854552560634,4.5542200090556555e-43,0.8840000000000003,1.0,0.00812911473844669,2.8027499736532454e-10,132.13435901381376,283.43833236703404,nan,nan,1,11.452,132.67452421313195,283.1143822659271,0.0,0.8840000000000003,1.0,-5.264045639735385,-0.8422801264930143,0.09334292550192137,-5.264045639735385,-0.7922801264930143,0.0445520941365926,0.05,nan,nan,nan,nan,nan,nan,nan,132.13435901381376,0.9608537554740906,0.9608537554740906,1.0,0.0,299.0,644.7549128066748,118.58964538574219,258.49462890625,145.93614196777344,282.0718688964844,nan,nan,nan,nan,nan,0.0,nan,3.2005177252907693,nan,nan,nan,1.0,0.9608537554740906,0.9608537554740906,299.0,0.0,bbox_bottom,644.7549128066748,nan,174.60555402794853,202.83125501009636,11.914000000000001,11.951,12.028,12.335,0.07699999999999996,0.4540000000000006,0.4540000000000006,42.13759477363007,0
12.277,12.767000000000001,1,1,-5.249999999995931,-0.75,-4.891721467918608e-12,1,-5.246824121973919,-0.7594522424862431,4.5542200090556555e-43,0.886000000000001,1.0,0.00997151388854465,2.8027499466527596e-10,131.5976990032712,282.4233789665774,nan,nan,1,11.881,132.13435901381376,283.43833236703404,0.0,0.886000000000001,1.0,-5.26741575337852,-0.8469284392112699,0.0984806112583386,-5.26741575337852,-0.7969284392112699,0.0500558375485718,0.05,nan,nan,nan,nan,nan,nan,nan,131.5976990032712,0.9608537554740906,0.9608537554740906,1.0,0.0,299.0,644.7549128066748,118.58964538574219,258.49462890625,145.93614196777344,282.0718688964844,nan,nan,nan,nan,nan,0.0,nan,3.2005177252907693,nan,nan,nan,1.0,0.9608537554740906,0.9608537554740906,299.0,0.0,bbox_bottom,644.7549128066748,nan,182.55345299257897,210.24486600072123,12.308000000000002,12.343,12.419,12.766,0.07600000000000051,0.48900000000000077,0.48900000000000077,42.13759477363007,0
12.706,13.199000000000002,1,1,-5.249999999995931,-0.75,-4.89172136246986e-12,1,-5.259396118951509,-0.7449740685636916,4.5542200090556555e-43,0.9220000000000024,1.0,0.01065584526116238,2.802749886235077e-10,133.16636385840962,282.16588119424523,nan,nan,1,12.706,133.16636385840962,282.16588119424523,0.0,0.4930000000000021,1.0,-5.265482808278934,-0.828647557103924,0.08015706825192154,-5.265482808278934,-0.778647557103924,0.032563781726801994,0.05,nan,nan,nan,nan,nan,nan,nan,133.16636385840962,0.9608537554740906,0.9608537554740906,1.0,0.0,299.0,644.7549128066748,118.58964538574219,258.49462890625,145.93614196777344,282.0718688964844,nan,nan,nan,nan,nan,0.0,nan,3.2005177252907693,nan,nan,nan,1.0,0.9608537554740906,0.9608537554740906,299.0,0.0,bbox_bottom,644.7549128066748,nan,217.93790900846943,238.70341200381517,12.739,12.772,12.871,13.197000000000001,0.0990000000000002,0.49100000000000144,0.49100000000000144,42.13759477363007,0
13.135,13.593,1,1,-5.249999999995931,-0.75,-4.891721307090061e-12,1,-5.244948083962628,-0.741340913090746,4.5542200090556555e-43,0.8870000000000005,1.0,0.01002505070857805,2.8027498545047903e-10,131.519394427404,281.150143520226,nan,nan,1,12.706,133.16636385840962,282.16588119424523,0.0,0.8870000000000005,1.0,-5.265482808278934,-0.828647557103924,0.08015706825192154,-5.265482808278934,-0.778647557103924,0.032563781726801994,0.05,nan,nan,nan,nan,nan,nan,nan,131.519394427404,0.9608537554740906,0.9608537554740906,1.0,0.0,299.0,644.7549128066748,118.58964538574219,258.49462890625,145.93614196777344,282.0718688964844,nan,nan,nan,nan,nan,0.0,nan,3.2005177252907693,nan,nan,nan,1.0,0.9608537554740906,0.9608537554740906,299.0,0.0,bbox_bottom,644.7549128066748,nan,203.5299509880133,232.90141602046788,13.168000000000001,13.201,13.3,13.592,0.0990000000000002,0.45700000000000074,0.45700000000000074,42.13759477363007,0
13.531,13.993,1,1,-5.249999999995931,-0.75,-4.891721254693409e-12,1,-5.269049792436631,-0.7267730943176003,4.5542200090556555e-43,0.8580000000000005,1.0,0.030039702721778517,2.8027498244837196e-10,131.80516785109046,282.2920640199544,nan,nan,1,13.135,131.519394427404,281.150143520226,0.0,0.8580000000000005,1.0,-5.289638116167048,-0.8140110455616898,0.07529006712372915,-5.289638116167048,-0.7640110455616898,0.04204152294252268,0.05,nan,nan,nan,nan,nan,nan,nan,131.80516785109046,0.9608537554740906,0.9608537554740906,1.0,0.0,299.0,644.7549128066748,118.58964538574219,258.49462890625,145.93614196777344,282.0718688964844,nan,nan,nan,nan,nan,0.0,nan,3.2005177252907693,nan,nan,nan,1.0,0.9608537554740906,0.9608537554740906,299.0,0.0,bbox_bottom,644.7549128066748,nan,167.3028489749413,184.16797101963311,13.564,13.597000000000001,13.679,13.993,0.08199999999999896,0.46199999999999974,0.46199999999999974,42.13759477363007,0
13.927,14.416,1,1,-5.249999999995931,-0.75,-4.891721206899683e-12,1,-5.258159984410212,-0.7431055571929475,4.5542200090556555e-43,0.8849999999999998,1.0,0.010682634846376797,2.802749797099932e-10,131.25327549321906,281.86269332161265,nan,nan,1,13.531,131.80516785109046,282.2920640199544,0.0,0.8849999999999998,1.0,-5.278750807863908,-0.8304631559914313,0.08544547047774216,-5.278750807863908,-0.7804631559914312,0.04188809885897874,0.05,nan,nan,nan,nan,nan,nan,nan,131.25327549321906,0.9608537554740906,0.9608537554740906,1.0,0.0,299.0,644.7549128066748,118.58964538574219,258.49462890625,145.93614196777344,282.0718688964844,nan,nan,nan,nan,nan,0.0,nan,3.2005177252907693,nan,nan,nan,1.0,0.9608537554740906,0.9608537554740906,299.0,0.0,bbox_bottom,644.7549128066748,nan,198.6843220074661,219.08100400469266,13.96,14.009,14.085,14.415000000000001,0.07600000000000051,0.4880000000000013,0.4880000000000013,42.13759477363007,0
14.356,14.840000000000002,1,1,-5.249999999995931,-0.75,-4.8917210828701965e-12,1,-5.266852078273045,-0.7369581338640252,4.5542200090556555e-43,0.913000000000002,1.0,0.021309219004145976,2.802749726036271e-10,132.10366866684333,282.6127144811702,nan,nan,1,13.927,131.25327549321906,281.86269332161265,0.0,0.913000000000002,1.0,-5.287459783192567,-0.8242828376947899,0.08319360151555799,-5.287459783192567,-0.7742828376947899,0.04464181407212813,0.05,nan,nan,nan,nan,nan,nan,nan,132.10366866684333,0.9608537554740906,0.9608537554740906,1.0,0.0,299.0,644.7549128066748,118.58964538574219,258.49462890625,145.93614196777344,282.0718688964844,nan,nan,nan,nan,nan,0.0,nan,3.2005177252907693,nan,nan,nan,1.0,0.9608537554740906,0.9608537554740906,299.0,0.0,bbox_bottom,644.7549128066748,nan,185.35032897489145,205.9346860041842,14.401000000000002,14.422,14.505,14.839,0.08300000000000018,0.48300000000000054,0.48300000000000054,42.13759477363007,0
14.785,15.274000000000001,1,1,-5.249999999995931,-0.75,-4.891720971437908e-12,1,-5.252850617791651,-0.7476888152645185,4.5542200090556555e-43,0.918000000000001,1.0,0.003669822434232753,2.8027496621902723e-10,132.47755279926415,282.4272416055243,nan,nan,1,14.785,132.47755279926415,282.4272416055243,0.0,0.48900000000000077,1.0,-5.270832506656754,-0.8324074296068505,0.0849998693421423,-5.270832506656754,-0.7824074296068505,0.03852576835698682,0.05,nan,nan,nan,nan,nan,nan,nan,132.47755279926415,0.9608537554740906,0.9608537554740906,1.0,0.0,299.0,644.7549128066748,118.58964538574219,258.49462890625,145.93614196777344,282.0718688964844,nan,nan,nan,nan,nan,0.0,nan,3.2005177252907693,nan,nan,nan,1.0,0.9608537554740906,0.9608537554740906,299.0,0.0,bbox_bottom,644.7549128066748,nan,177.47247099759988,197.3585749801714,14.822000000000001,14.847000000000001,14.917000000000002,15.273000000000001,0.07000000000000028,0.4880000000000013,0.4880000000000013,42.13759477363007,0
15.214,15.66,1,1,-5.249999999995931,-0.75,-4.891720895540919e-12,1,-5.250266972748986,-0.745052993137951,4.5542200090556555e-43,0.875,1.0,0.004954205420048026,2.802749618704501e-10,131.6090650673395,281.9422552627916,nan,nan,1,15.214,131.6090650673395,281.9422552627916,0.0,0.44599999999999973,1.0,-5.2832106547363775,-0.8254285599625547,0.08241611035661557,-5.2832106547363775,-0.7754285599625547,0.04182773302557006,0.05,nan,nan,nan,nan,nan,nan,nan,131.6090650673395,0.9608537554740906,0.9608537554740906,1.0,0.0,299.0,644.7549128066748,118.58964538574219,258.49462890625,145.93614196777344,282.0718688964844,nan,nan,nan,nan,nan,0.0,nan,3.2005177252907693,nan,nan,nan,1.0,0.9608537554740906,0.9608537554740906,299.0,0.0,bbox_bottom,644.7549128066748,nan,174.31146101444028,193.26262598042376,15.247000000000002,15.280000000000001,15.345,15.66,0.0649999999999995,0.44599999999999973,0.44599999999999973,42.13759477363007,0
15.61,16.066000000000003,1,1,-5.249999999995931,-0.75,-4.891720858453385e-12,1,-5.262616243775706,-0.7381046317532445,4.5542200090556555e-43,0.8520000000000021,1.0,0.017339821015126412,2.80274959745491e-10,133.04686914681915,283.56530004170514,nan,nan,1,15.214,131.6090650673395,281.9422552627916,0.0,0.8520000000000021,1.0,-5.2832106547363775,-0.8254285599625547,0.08241611035661557,-5.2832106547363775,-0.7754285599625547,0.04182773302557006,0.05,nan,nan,nan,nan,nan,nan,nan,133.04686914681915,0.9608537554740906,0.9608537554740906,1.0,0.0,299.0,644.7549128066748,118.58964538574219,258.49462890625,145.93614196777344,282.0718688964844,nan,nan,nan,nan,nan,0.0,nan,3.2005177252907693,nan,nan,nan,1.0,0.9608537554740906,0.9608537554740906,299.0,0.0,bbox_bottom,644.7549128066748,nan,195.01027502701618,216.20434301439673,15.655000000000001,15.663,15.741000000000001,16.065,0.07800000000000118,0.45500000000000185,0.45500000000000185,42.13759477363007,0
16.006,16.454,1,1,-5.249999999995931,-0.75,-4.891720820084056e-12,1,-5.236521101640901,-0.761283552210331,4.5542200090556555e-43,0.8440000000000012,1.0,0.017578374536586353,2.802749575470903e-10,131.00382814465368,283.58579267122343,nan,nan,1,16.006,131.00382814465368,283.58579267122343,0.0,0.4480000000000004,1.0,-5.278122369690823,-0.8490430538476821,0.10295821576120574,-5.278122369690823,-0.799043053847682,0.056533961544922566,0.05,nan,nan,nan,nan,nan,nan,nan,131.00382814465368,0.9608537554740906,0.9608537554740906,1.0,0.0,299.0,644.7549128066748,118.58964538574219,258.49462890625,145.93614196777344,282.0718688964844,nan,nan,nan,nan,nan,0.0,nan,3.2005177252907693,nan,nan,nan,1.0,0.9608537554740906,0.9608537554740906,299.0,0.0,bbox_bottom,644.7549128066748,nan,176.61952000344172,195.76731001143344,16.039,16.072000000000003,16.149,16.452,0.07699999999999818,0.4460000000000015,0.4460000000000015,42.13759477363007,0
16.402,16.864,1,1,-5.249999999995931,-0.75,-4.891720769752671e-12,1,-5.257483712127897,-0.7615198941435835,4.5542200090556555e-43,0.8580000000000005,1.0,0.013737318091734512,2.802749546633144e-10,133.60876910054012,282.8531802971848,nan,nan,1,16.006,131.00382814465368,283.58579267122343,0.0,0.8580000000000005,1.0,-5.278122369690823,-0.8490430538476821,0.10295821576120574,-5.278122369690823,-0.799043053847682,0.056533961544922566,0.05,nan,nan,nan,nan,nan,nan,nan,133.60876910054012,0.9608537554740906,0.9608537554740906,1.0,0.0,299.0,644.7549128066748,118.58964538574219,258.49462890625,145.93614196777344,282.0718688964844,nan,nan,nan,nan,nan,0.0,nan,3.2005177252907693,nan,nan,nan,1.0,0.9608537554740906,0.9608537554740906,299.0,0.0,bbox_bottom,644.7549128066748,nan,218.53949801879935,238.8868070265744,16.435000000000002,16.462,16.551000000000002,16.864,0.08900000000000219,0.46199999999999974,0.46199999999999974,42.13759477363007,0
16.798000000000002,17.286,1,1,-5.249999999995931,-0.75,-4.891720658175023e-12,1,-5.235624391749791,-0.7511580655198808,4.5542200090556555e-43,0.8840000000000003,1.0,0.014422178344300944,2.8027494827038605e-10,132.52734930708712,281.7579460819479,nan,nan,1,16.798000000000002,132.52734930708712,281.7579460819479,0.0,0.48799999999999955,1.0,-5.274943023448061,-0.8227740062739696,0.07692990581105144,-5.274943023448061,-0.7727740062739695,0.03377587572070169,0.05,nan,nan,nan,nan,nan,nan,nan,132.52734930708712,0.9608537554740906,0.9608537554740906,1.0,0.0,299.0,644.7549128066748,118.58964538574219,258.49462890625,145.93614196777344,282.0718688964844,nan,nan,nan,nan,nan,0.0,nan,3.2005177252907693,nan,nan,nan,1.0,0.9608537554740906,0.9608537554740906,299.0,0.0,bbox_bottom,644.7549128066748,nan,219.077091984218,235.78433401416987,16.831,16.873,16.961000000000002,17.285,0.08800000000000097,0.4869999999999983,0.4869999999999983,42.13759477363007,0
17.227,17.689,1,1,-5.249999999995931,-0.75,-4.891720606944583e-12,1,-5.254387689576627,-0.7354955366433342,4.5542200090556555e-43,0.8909999999999982,1.0,0.015153589578756864,2.8027494533509806e-10,133.72091436029478,284.0321272129343,nan,nan,1,16.798000000000002,132.52734930708712,281.7579460819479,0.0,0.8909999999999982,1.0,-5.274943023448061,-0.8227740062739696,0.07692990581105144,-5.274943023448061,-0.7727740062739695,0.03377587572070169,0.05,nan,nan,nan,nan,nan,nan,nan,133.72091436029478,0.9608537554740906,0.9608537554740906,1.0,0.0,299.0,644.7549128066748,118.58964538574219,258.49462890625,145.93614196777344,282.0718688964844,nan,nan,nan,nan,nan,0.0,nan,3.2005177252907693,nan,nan,nan,1.0,0.9608537554740906,0.9608537554740906,299.0,0.0,bbox_bottom,644.7549128066748,nan,194.41087599261664,220.66546400310472,17.271,17.297,17.383000000000003,17.689,0.08600000000000207,0.46199999999999974,0.46199999999999974,42.13759477363007,0
17.623,18.129,1,1,-5.249999999995931,-0.75,-4.891720501930946e-12,1,-5.226346746195145,-0.7679391830985662,4.5542200090556555e-43,0.902000000000001,1.0,0.029686540815802135,2.8027493931825985e-10,134.06452854662393,283.38697266121875,nan,nan,1,17.623,134.06452854662393,283.38697266121875,0.0,0.5060000000000002,1.0,-5.247749548676106,-0.8461916789967051,0.09621800059940999,-5.247749548676106,-0.7961916789967051,0.0462464673210565,0.05,nan,nan,nan,nan,nan,nan,nan,134.06452854662393,0.9608537554740906,0.9608537554740906,1.0,0.0,299.0,644.7549128066748,118.58964538574219,258.49462890625,145.93614196777344,282.0718688964844,nan,nan,nan,nan,nan,0.0,nan,3.2005177252907693,nan,nan,nan,1.0,0.9608537554740906,0.9608537554740906,299.0,0.0,bbox_bottom,644.7549128066748,nan,224.65546199236996,246.99083200539462,17.652,17.689,17.799,18.127000000000002,0.10999999999999943,0.5040000000000013,0.5040000000000013,42.13759477363007,0
18.052,18.547,1,1,-5.249999999995931,-0.75,-4.891720398837618e-12,1,-5.227235782425628,-0.7587734215049178,4.5542200090556555e-43,0.9239999999999995,1.0,0.024396362976703535,2.8027493341144727e-10,132.62027408741676,280.8635502642022,nan,nan,1,17.623,134.06452854662393,283.38697266121875,0.0,0.9239999999999995,1.0,-5.247749548676106,-0.8461916789967051,0.09621800059940999,-5.247749548676106,-0.7961916789967051,0.0462464673210565,0.05,nan,nan,nan,nan,nan,nan,nan,132.62027408741676,0.9608537554740906,0.9608537554740906,1.0,0.0,299.0,644.7549128066748,118.58964538574219,258.49462890625,145.93614196777344,282.0718688964844,nan,nan,nan,nan,nan,0.0,nan,3.2005177252907693,nan,nan,nan,1.0,0.9608537554740906,0.9608537554740906,299.0,0.0,bbox_bottom,644.7549128066748,nan,204.97926900861785,225.26724098133855,18.093,18.135,18.217000000000002,18.547,0.08200000000000074,0.495000000000001,0.495000000000001,42.13759477363007,0
18.481,18.943,1,1,-5.249999999995931,-0.75,-4.8917203757439875e-12,1,-5.259632137826198,-0.7226981599303706,4.5542200090556555e-43,0.8910000000000018,1.0,0.028951140743827094,2.802749320882797e-10,132.25843954363773,282.7283438315607,nan,nan,1,18.052,132.62027408741676,280.8635502642022,0.0,0.8910000000000018,1.0,-5.280172753990899,-0.8098741884675523,0.06704709932792648,-5.280172753990899,-0.7598741884675523,0.031747357079505156,0.05,nan,nan,nan,nan,nan,nan,nan,132.25843954363773,0.9608537554740906,0.9608537554740906,1.0,0.0,299.0,644.7549128066748,118.58964538574219,258.49462890625,145.93614196777344,282.0718688964844,nan,nan,nan,nan,nan,0.0,nan,3.2005177252907693,nan,nan,nan,1.0,0.9608537554740906,0.9608537554740906,299.0,0.0,bbox_bottom,644.7549128066748,nan,200.2527349977754,219.5200249843765,18.514000000000003,18.561,18.658,18.943,0.09700000000000131,0.46199999999999974,0.46199999999999974,42.13759477363007,0
18.877,19.339000000000002,1,1,-5.249999999995931,-0.75,-4.891720275351182e-12,1,-5.250449737521076,-0.7493419079798742,4.5542200090556555e-43,0.8580000000000005,1.0,0.000797087792201387,2.8027492633619564e-10,130.97453221300825,282.4669909566664,nan,nan,1,18.481,132.25843954363773,282.7283438315607,0.0,0.8580000000000005,1.0,-5.271027732866575,-0.8367358048427026,0.08924833551047621,-5.271027732866575,-0.7867358048427026,0.04232829912860031,0.05,nan,nan,nan,nan,nan,nan,nan,130.97453221300825,0.9608537554740906,0.9608537554740906,1.0,0.0,299.0,644.7549128066748,118.58964538574219,258.49462890625,145.93614196777344,282.0718688964844,nan,nan,nan,nan,nan,0.0,nan,3.2005177252907693,nan,nan,nan,1.0,0.9608537554740906,0.9608537554740906,299.0,0.0,bbox_bottom,644.7549128066748,nan,228.4063349943608,246.07958798878826,18.91,18.957,19.060000000000002,19.339000000000002,0.10300000000000153,0.4620000000000033,0.4620000000000033,42.13759477363007,0
19.273,19.743000000000002,1,1,-5.249999999995931,-0.75,-4.891720223660138e-12,1,-5.265540291807722,-0.7455794953109378,4.5542200090556555e-43,0.8660000000000032,1.0,0.016156779731791245,2.80274923374517e-10,132.69275737158003,282.76791162044725,nan,nan,1,18.877,130.97453221300825,282.4669909566664,0.0,0.8660000000000032,1.0,-5.286166530701475,-0.8329790825534363,0.09051820858084338,-5.286166530701475,-0.7829790825534363,0.048945253389286174,0.05,nan,nan,nan,nan,nan,nan,nan,132.69275737158003,0.9608537554740906,0.9608537554740906,1.0,0.0,299.0,644.7549128066748,118.58964538574219,258.49462890625,145.93614196777344,282.0718688964844,nan,nan,nan,nan,nan,0.0,nan,3.2005177252907693,nan,nan,nan,1.0,0.9608537554740906,0.9608537554740906,299.0,0.0,bbox_bottom,644.7549128066748,nan,169.45220399065875,194.67565897502936,19.306,19.358,19.423000000000002,19.735000000000003,0.06500000000000128,0.4620000000000033,0.4620000000000033,42.13759477363007,0
19.669,20.195,1,1,-5.249999999995931,-0.75,-4.89172014404818e-12,1,-5.2456848475309865,-0.7499177870620812,4.5542200090556555e-43,0.9220000000000006,1.0,0.004315935560556932,2.802749188130878e-10,131.07877571000063,281.41016632444536,nan,nan,1,19.273,132.69275737158003,282.76791162044725,0.0,0.9220000000000006,1.0,-5.266245932535981,-0.8373043243145745,0.08880301440897295,-5.266245932535981,-0.7873043243145744,0.040688363651820755,0.05,nan,nan,nan,nan,nan,nan,nan,131.07877571000063,0.9608537554740906,0.9608537554740906,1.0,0.0,299.0,644.7549128066748,118.58964538574219,258.49462890625,145.93614196777344,282.0718688964844,nan,nan,nan,nan,nan,0.0,nan,3.2005177252907693,nan,nan,nan,1.0,0.9608537554740906,0.9608537554740906,299.0,0.0,bbox_bottom,644.7549128066748,nan,215.74237398453988,236.4859230001457,19.708000000000002,19.751,19.849,20.194000000000003,0.09799999999999898,0.5250000000000021,0.5250000000000021,42.13759477363007,0
20.131,20.612000000000002,1,1,-5.249999999995931,-0.75,-4.891720077151896e-12,1,-5.271805760759166,-0.7304827071578399,4.5542200090556555e-43,0.9430000000000014,1.0,0.029264584780072975,2.802749149802131e-10,131.8264584296146,280.9020669887115,nan,nan,1,20.131,131.8264584296146,280.9020669887115,0.0,0.48100000000000165,1.0,-5.288166236276863,-0.8104303675567783,0.07147370785750004,-5.288166236276863,-0.7604303675567783,0.03956582059330286,0.05,nan,nan,nan,nan,nan,nan,nan,131.8264584296146,0.9608537554740906,0.9608537554740906,1.0,0.0,299.0,644.7549128066748,118.58964538574219,258.49462890625,145.93614196777344,282.0718688964844,nan,nan,nan,nan,nan,0.0,nan,3.2005177252907693,nan,nan,nan,1.0,0.9608537554740906,0.9608537554740906,299.0,0.0,bbox_bottom,644.7549128066748,nan,210.64953901804984,229.31370098376647,20.17,20.206,20.296000000000003,20.609,0.09000000000000341,0.47800000000000153,0.47800000000000153,42.13759477363007,0
20.56,21.034000000000002,1,1,-5.249999999995931,-0.75,-4.8917200067481335e-12,1,-5.267593276793066,-0.7232284789686885,4.5542200090556555e-43,0.9030000000000022,1.0,0.03203494540014967,2.802749109463746e-10,134.00226155388793,281.57595816804223,nan,nan,1,20.56,134.00226155388793,281.57595816804223,0.0,0.47400000000000375,1.0,-5.260868097403977,-0.820151603562025,0.07098847106111163,-5.260868097403977,-0.770151603562025,0.022895472639624236,0.05,nan,nan,nan,nan,nan,nan,nan,134.00226155388793,0.9608537554740906,0.9608537554740906,1.0,0.0,299.0,644.7549128066748,118.58964538574219,258.49462890625,145.93614196777344,282.0718688964844,nan,nan,nan,nan,nan,0.0,nan,3.2005177252907693,nan,nan,nan,1.0,0.9608537554740906,0.9608537554740906,299.0,0.0,bbox_bottom,644.7549128066748,nan,192.1026400232222,220.37906298646703,20.593,20.621000000000002,20.704,21.031000000000002,0.08299999999999841,0.47100000000000364,0.47100000000000364,42.13759477363007,0
20.989,21.451,1,1,-5.249999999995931,-0.75,-4.891719935472593e-12,1,-5.240374158196556,-0.7329334544154433,4.5542200090556555e-43,0.8910000000000018,1.0,0.019593973781148712,2.8027490686258697e-10,132.59186330621802,281.8132963510105,nan,nan,1,20.989,132.59186330621802,281.8132963510105,0.0,0.46199999999999974,1.0,-5.273889467703035,-0.8235713226209549,0.07735273866855254,-5.273889467703035,-0.7735713226209548,0.03356060067147028,0.05,nan,nan,nan,nan,nan,nan,nan,132.59186330621802,0.9608537554740906,0.9608537554740906,1.0,0.0,299.0,644.7549128066748,118.58964538574219,258.49462890625,145.93614196777344,282.0718688964844,nan,nan,nan,nan,nan,0.0,nan,3.2005177252907693,nan,nan,nan,1.0,0.9608537554740906,0.9608537554740906,299.0,0.0,bbox_bottom,644.7549128066748,nan,187.95390802551992,220.2248479879927,21.022000000000002,21.046000000000003,21.121000000000002,21.447000000000003,0.07499999999999929,0.45800000000000196,0.45800000000000196,42.13759477363007,0
21.385,21.91,1,1,-5.249999999995931,-0.75,-4.89171989922555e-12,1,-5.253336041708947,-0.7362884266674516,4.5542200090556555e-43,0.9209999999999994,1.0,0.014111570343687303,2.802749047857844e-10,133.84636655555994,283.3922298835662,nan,nan,1,21.385,133.84636655555994,283.3922298835662,0.0,0.5249999999999986,1.0,-5.2499762658226565,-0.8462670997230618,0.09626710264883277,-5.2499762658226565,-0.7962670997230618,0.04626710581065907,0.05,nan,nan,nan,nan,nan,nan,nan,133.84636655555994,0.9608537554740906,0.9608537554740906,1.0,0.0,299.0,644.7549128066748,118.58964538574219,258.49462890625,145.93614196777344,282.0718688964844,nan,nan,nan,nan,nan,0.0,nan,3.2005177252907693,nan,nan,nan,1.0,0.9608537554740906,0.9608537554740906,299.0,0.0,bbox_bottom,644.7549128066748,nan,216.92402701592073,239.61215099552646,21.418000000000003,21.462,21.563000000000002,21.909000000000002,0.10100000000000264,0.5240000000000009,0.5240000000000009,42.13759477363007,0
21.847,22.323,1,1,-5.249999999995931,-0.75,-4.891719821654503e-12,1,-5.229453704884361,-0.7588423540151228,4.5542200090556555e-43,0.9379999999999988,1.0,0.022368224501298564,2.802749003412908e-10,132.8962462995827,279.8683590158377,nan,nan,1,21.847,132.8962462995827,279.8683590158377,0.0,0.4759999999999991,1.0,-5.284208028582593,-0.7954849268587847,0.05691280867374974,-5.284208028582593,-0.7454849268587846,0.03450471134868939,0.05,nan,nan,nan,nan,nan,nan,nan,132.8962462995827,0.9608537554740906,0.9608537554740906,1.0,0.0,299.0,644.7549128066748,118.58964538574219,258.49462890625,145.93614196777344,282.0718688964844,nan,nan,nan,nan,nan,0.0,nan,3.2005177252907693,nan,nan,nan,1.0,0.9608537554740906,0.9608537554740906,299.0,0.0,bbox_bottom,644.7549128066748,nan,186.44515698542818,203.21207697270438,21.880000000000003,21.913,21.998,22.321,0.08500000000000085,0.4740000000000002,0.4740000000000002,42.13759477363007,0
22.276,22.738000000000003,1,1,-5.249999999995931,-0.75,-4.89171973864185e-12,1,-5.263690767281168,-0.7084278592554105,4.5542200090556555e-43,0.8910000000000018,1.0,0.043768481752814586,2.8027489558501614e-10,132.3149226510177,282.7555550872609,nan,nan,1,21.847,132.8962462995827,279.8683590158377,0.0,0.8910000000000018,1.0,-5.284208028582593,-0.7954849268587847,0.05691280867374974,-5.284208028582593,-0.7454849268587846,0.03450471134868939,0.05,nan,nan,nan,nan,nan,nan,nan,132.3149226510177,0.9608537554740906,0.9608537554740906,1.0,0.0,299.0,644.7549128066748,118.58964538574219,258.49462890625,145.93614196777344,282.0718688964844,nan,nan,nan,nan,nan,0.0,nan,3.2005177252907693,nan,nan,nan,1.0,0.9608537554740906,0.9608537554740906,299.0,0.0,bbox_bottom,644.7549128066748,nan,183.037498005433,208.0513380060438,22.309,22.331000000000003,22.405,22.738000000000003,0.07399999999999807,0.4620000000000033,0.4620000000000033,42.13759477363007,0
22.672,23.134,1,1,-5.249999999995931,-0.75,-4.891719662725032e-12,1,-5.249677395863935,-0.7497314029110969,4.5542200090556555e-43,0.8580000000000005,1.0,0.0004197830655809179,2.8027489123530286e-10,133.26685525259998,281.4539618517768,nan,nan,1,22.276,132.3149226510177,282.7555550872609,0.0,0.8580000000000005,1.0,-5.270253461708473,-0.8371267982501472,0.08944988364812578,-5.270253461708473,-0.7871267982501472,0.04229186517107649,0.05,nan,nan,nan,nan,nan,nan,nan,133.26685525259998,0.9608537554740906,0.9608537554740906,1.0,0.0,299.0,644.7549128066748,118.58964538574219,258.49462890625,145.93614196777344,282.0718688964844,nan,nan,nan,nan,nan,0.0,nan,3.2005177252907693,nan,nan,nan,1.0,0.9608537554740906,0.9608537554740906,299.0,0.0,bbox_bottom,644.7549128066748,nan,159.97180101112463,189.46681899251416,22.705000000000002,22.755000000000003,22.816000000000003,23.134,0.06099999999999994,0.46199999999999974,0.46199999999999974,42.13759477363007,0
23.068,23.540000000000003,1,1,-5.249999999995931,-0.75,-4.891719622295982e-12,1,-5.248835731118043,-0.7311685570331463,4.5542200090556555e-43,0.8680000000000021,1.0,0.01886739956204569,2.802748889188889e-10,134.08490504008614,280.75143792647106,nan,nan,1,23.068,134.08490504008614,280.75143792647106,0.0,0.4720000000000013,1.0,-5.2657061630242605,-0.8082550053386713,0.06033514070656572,-5.2657061630242605,-0.7582550053386713,0.01774341202288751,0.05,nan,nan,nan,nan,nan,nan,nan,134.08490504008614,0.9608537554740906,0.9608537554740906,1.0,0.0,299.0,644.7549128066748,118.58964538574219,258.49462890625,145.93614196777344,282.0718688964844,nan,nan,nan,nan,nan,0.0,nan,3.2005177252907693,nan,nan,nan,1.0,0.9608537554740906,0.9608537554740906,299.0,0.0,bbox_bottom,644.7549128066748,nan,173.8922460062895,196.37586499447934,23.101000000000003,23.152,23.224,23.537000000000003,0.07199999999999918,0.4690000000000012,0.4690000000000012,42.13759477363007,0
23.497,23.987000000000002,1,1,-5.249999999995931,-0.75,-4.891719558533876e-12,1,-5.245225738857871,-0.7211312911662984,4.5542200090556555e-43,0.9190000000000005,1.0,0.02926082567425997,2.802748852655894e-10,131.60136565494258,283.0069188845984,nan,nan,1,23.068,134.08490504008614,280.75143792647106,0.0,0.9190000000000005,1.0,-5.2657061630242605,-0.8082550053386713,0.06033514070656572,-5.2657061630242605,-0.7582550053386713,0.01774341202288751,0.05,nan,nan,nan,nan,nan,nan,nan,131.60136565494258,0.9608537554740906,0.9608537554740906,1.0,0.0,299.0,644.7549128066748,118.58964538574219,258.49462890625,145.93614196777344,282.0718688964844,nan,nan,nan,nan,nan,0.0,nan,3.2005177252907693,nan,nan,nan,1.0,0.9608537554740906,0.9608537554740906,299.0,0.0,bbox_bottom,644.7549128066748,nan,192.01551700825803,215.1953959837556,23.53,23.549000000000003,23.629,23.984,0.0799999999999983,0.4870000000000019,0.4870000000000019,42.13759477363007,0
23.926,24.433,1,1,-5.249999999995931,-0.75,-4.891719484121116e-12,1,-5.255315564886776,-0.7532946475426856,4.5542200090556555e-43,0.9359999999999999,1.0,0.006253793451922232,2.8027488100205226e-10,132.31194829058313,284.0742614801296,nan,nan,1,23.926,132.31194829058313,284.0742614801296,0.0,0.5070000000000014,1.0,-5.261194157390422,-0.8560417901674039,0.10663100122234787,-5.261194157390422,-0.8060417901674038,0.057148853050082805,0.05,nan,nan,nan,nan,nan,nan,nan,132.31194829058313,0.9608537554740906,0.9608537554740906,1.0,0.0,299.0,644.7549128066748,118.58964538574219,258.49462890625,145.93614196777344,282.0718688964844,nan,nan,nan,nan,nan,0.0,nan,3.2005177252907693,nan,nan,nan,1.0,0.9608537554740906,0.9608537554740906,299.0,0.0,bbox_bottom,644.7549128066748,nan,231.64345600525849,252.25648301420733,23.958000000000002,23.996000000000002,24.091,24.430000000000003,0.09499999999999886,0.5040000000000049,0.5040000000000049,42.13759477363007,0
24.388,24.837000000000003,1,1,-5.249999999995931,-0.75,-4.8917193996681254e-12,1,-5.240601877288807,-0.7684998145410558,4.5542200090556555e-43,0.9110000000000049,1.0,0.020750128878434148,2.802748761632523e-10,132.45141286927029,281.43867480629217,nan,nan,1,23.926,132.31194829058313,284.0742614801296,0.0,0.9110000000000049,1.0,-5.261194157390422,-0.8560417901674039,0.10663100122234787,-5.261194157390422,-0.8060417901674038,0.057148853050082805,0.05,nan,nan,nan,nan,nan,nan,nan,132.45141286927029,0.9608537554740906,0.9608537554740906,1.0,0.0,299.0,644.7549128066748,118.58964538574219,258.49462890625,145.93614196777344,282.0718688964844,nan,nan,nan,nan,nan,0.0,nan,3.2005177252907693,nan,nan,nan,1.0,0.9608537554740906,0.9608537554740906,299.0,0.0,bbox_bottom,644.7549128066748,nan,202.29013299103826,228.42540199053474,24.418000000000003,24.443,24.520000000000003,24.836000000000002,0.07700000000000173,0.4480000000000004,0.4480000000000004,42.13759477363007,0
24.784,25.246000000000002,1,1,-5.249999999995931,-0.75,-4.891719352639464e-12,1,-5.257388598058925,-0.7309277664794214,4.5542200090556555e-43,0.8580000000000005,1.0,0.02045339758573022,2.802748734687085e-10,131.885330171525,280.9807227788652,nan,nan,1,24.388,132.45141286927029,281.43867480629217,0.0,0.8580000000000005,1.0,-5.277943059415683,-0.8181726556496278,0.07367717114587455,-5.277943059415683,-0.7681726556496278,0.03333256640427955,0.05,nan,nan,nan,nan,nan,nan,nan,131.885330171525,0.9608537554740906,0.9608537554740906,1.0,0.0,299.0,644.7549128066748,118.58964538574219,258.49462890625,145.93614196777344,282.0718688964844,nan,nan,nan,nan,nan,0.0,nan,3.2005177252907693,nan,nan,nan,1.0,0.9608537554740906,0.9608537554740906,299.0,0.0,bbox_bottom,644.7549128066748,nan,188.08871100191027,206.89102399046533,24.815,24.844,24.931,25.246000000000002,0.08699999999999974,0.4620000000000033,0.4620000000000033,42.13759477363007,0
25.18,25.642000000000003,1,1,-5.249999999995931,-0.75,-4.891719232461785e-12,1,-5.266435864407323,-0.7243568292356264,4.5542200090556555e-43,0.8580000000000041,1.0,0.030458329662023168,2.802748665830347e-10,130.9852135103712,282.7022803872526,nan,nan,1,25.18,130.9852135103712,282.7022803872526,0.0,0.4620000000000033,1.0,-5.284425918846166,-0.8363613244687438,0.09297000727481196,-5.284425918846166,-0.7863613244687437,0.05007284499411041,0.05,nan,nan,nan,nan,nan,nan,nan,130.9852135103712,0.9608537554740906,0.9608537554740906,1.0,0.0,299.0,644.7549128066748,118.58964538574219,258.49462890625,145.93614196777344,282.0718688964844,nan,nan,nan,nan,nan,0.0,nan,3.2005177252907693,nan,nan,nan,1.0,0.9608537554740906,0.9608537554740906,299.0,0.0,bbox_bottom,644.7549128066748,nan,198.1824670219794,224.817548005376,25.209000000000003,25.261000000000003,25.343,25.642000000000003,0.08199999999999719,0.4620000000000033,0.4620000000000033,42.13759477363007,0
25.576,26.038,1,1,-5.249999999995931,-0.75,-4.891719177656141e-12,1,-5.263797246268569,-0.74893584168758,4.5542200090556555e-43,0.8580000000000005,1.0,0.01383822378854017,2.802748634429026e-10,132.8440594891706,283.3664277159255,nan,nan,1,25.18,130.9852135103712,282.7022803872526,0.0,0.8580000000000005,1.0,-5.284425918846166,-0.8363613244687438,0.09297000727481196,-5.284425918846166,-0.7863613244687437,0.05007284499411041,0.05,nan,nan,nan,nan,nan,nan,nan,132.8440594891706,0.9608537554740906,0.9608537554740906,1.0,0.0,299.0,644.7549128066748,118.58964538574219,258.49462890625,145.93614196777344,282.0718688964844,nan,nan,nan,nan,nan,0.0,nan,3.2005177252907693,nan,nan,nan,1.0,0.9608537554740906,0.9608537554740906,299.0,0.0,bbox_bottom,644.7549128066748,nan,201.53872299124487,223.28047500923276,25.609,25.653000000000002,25.741000000000003,26.038,0.08800000000000097,0.46199999999999974,0.46199999999999974,42.13759477363007,0
25.972,26.467000000000002,1,1,-5.249999999995931,-0.75,-4.891719106730516e-12,1,-5.239987796512265,-0.7584480053220488,4.5542200090556555e-43,0.8910000000000018,1.0,0.013100114981163319,2.8027485937916367e-10,131.50828788549788,283.76097634892807,nan,nan,1,25.576,132.8440594891706,283.3664277159255,0.0,0.8910000000000018,1.0,-5.260550150398705,-0.845897007837973,0.09647560202350332,-5.260550150398705,-0.7958970078379729,0.047093959294161075,0.05,nan,nan,nan,nan,nan,nan,nan,131.50828788549788,0.9608537554740906,0.9608537554740906,1.0,0.0,299.0,644.7549128066748,118.58964538574219,258.49462890625,145.93614196777344,282.0718688964844,nan,nan,nan,nan,nan,0.0,nan,3.2005177252907693,nan,nan,nan,1.0,0.9608537554740906,0.9608537554740906,299.0,0.0,bbox_bottom,644.7549128066748,nan,203.02317501045763,225.0439009803813,26.001,26.053,26.135,26.467000000000002,0.08200000000000074,0.495000000000001,0.495000000000001,42.13759477363007,0
26.401,26.875,1,1,-5.249999999995931,-0.75,-4.891719044128904e-12,1,-5.251062021579561,-0.7640251418080084,4.5542200090556555e-43,0.9029999999999987,1.0,0.014065293903038123,2.802748557923555e-10,131.97550596894914,283.646277175329,nan,nan,1,26.401,131.97550596894914,283.646277175329,0.0,0.4740000000000002,1.0,-5.267629432291989,-0.8499101248245161,0.10145358507973821,-5.267629432291989,-0.7999101248245161,0.052932196658367264,0.05,nan,nan,nan,nan,nan,nan,nan,131.97550596894914,0.9608537554740906,0.9608537554740906,1.0,0.0,299.0,644.7549128066748,118.58964538574219,258.49462890625,145.93614196777344,282.0718688964844,nan,nan,nan,nan,nan,0.0,nan,3.2005177252907693,nan,nan,nan,1.0,0.9608537554740906,0.9608537554740906,299.0,0.0,bbox_bottom,644.7549128066748,nan,140.68902999861166,156.7244829784613,26.429000000000002,26.467000000000002,26.521,26.873,0.053999999999998494,0.4720000000000013,0.4720000000000013,42.13759477363007,0
26.83,27.282,1,1,-5.249999999995931,-0.75,-4.891718998278616e-12,1,-5.2470289110545565,-0.7624065384223704,4.5542200090556555e-43,0.8810000000000002,1.0,0.012757333778000481,2.8027485316532754e-10,131.8301078295752,281.3363856041421,nan,nan,1,26.83,131.8301078295752,281.3363856041421,0.0,0.45200000000000173,1.0,-5.285113458052259,-0.8166976665507286,0.07537594881648711,-5.285113458052259,-0.7666976665507286,0.03888144808147995,0.05,nan,nan,nan,nan,nan,nan,nan,131.8301078295752,0.9608537554740906,0.9608537554740906,1.0,0.0,299.0,644.7549128066748,118.58964538574219,258.49462890625,145.93614196777344,282.0718688964844,nan,nan,nan,nan,nan,0.0,nan,3.2005177252907693,nan,nan,nan,1.0,0.9608537554740906,0.9608537554740906,299.0,0.0,bbox_bottom,644.7549128066748,nan,185.40334698627703,207.87884198944084,26.863000000000003,26.89,26.962000000000003,27.279000000000003,0.07200000000000273,0.4490000000000052,0.4490000000000052,42.13759477363007,0
27.226,27.711000000000002,1,1,-5.249999999995931,-0.75,-4.89171894753831e-12,1,-5.264535323143074,-0.7294473432373803,4.5542200090556555e-43,0.8810000000000038,1.0,0.025173146783704085,2.802748502581221e-10,132.51267904831647,283.1033219813539,nan,nan,1,27.226,132.51267904831647,283.1033219813539,0.0,0.485000000000003,1.0,-5.265801223630408,-0.8421213613277302,0.09346669931703469,-5.265801223630408,-0.7921213613277301,0.04498763995196849,0.05,nan,nan,nan,nan,nan,nan,nan,132.51267904831647,0.9608537554740906,0.9608537554740906,1.0,0.0,299.0,644.7549128066748,118.58964538574219,258.49462890625,145.93614196777344,282.0718688964844,nan,nan,nan,nan,nan,0.0,nan,3.2005177252907693,nan,nan,nan,1.0,0.9608537554740906,0.9608537554740906,299.0,0.0,bbox_bottom,644.7549128066748,nan,178.27477800892666,197.49791399226524,27.258000000000003,27.289,27.358,27.708000000000002,0.06899999999999906,0.48200000000000287,0.48200000000000287,42.13759477363007,0
27.655,28.150000000000002,1,1,-5.249999999995931,-0.75,-4.891718915978351e-12,1,-5.24522882422725,-0.7546926358046901,4.5542200090556555e-43,0.924000000000003,1.0,0.006692155782041467,2.802748484498697e-10,132.42390325347316,281.48634007236103,nan,nan,1,27.655,132.42390325347316,281.48634007236103,0.0,0.495000000000001,1.0,-5.2778989462054104,-0.8188598557543463,0.07429691066328929,-5.2778989462054104,-0.7688598557543462,0.03367558995287477,0.05,nan,nan,nan,nan,nan,nan,nan,132.42390325347316,0.9608537554740906,0.9608537554740906,1.0,0.0,299.0,644.7549128066748,118.58964538574219,258.49462890625,145.93614196777344,282.0718688964844,nan,nan,nan,nan,nan,0.0,nan,3.2005177252907693,nan,nan,nan,1.0,0.9608537554740906,0.9608537554740906,299.0,0.0,bbox_bottom,644.7549128066748,nan,201.11083600204438,220.1677950215526,27.688000000000002,27.718,27.813000000000002,28.149,0.09500000000000242,0.4939999999999998,0.4939999999999998,42.13759477363007,0
28.084,28.546000000000003,1,1,-5.249999999995931,-0.75,-4.891718854724658e-12,1,-5.257342796161135,-0.731608897561763,4.5542200090556555e-43,0.8910000000000018,1.0,0.01980276002019557,2.802748449402916e-10,130.92167396268115,280.67034868156696,nan,nan,1,27.655,132.42390325347316,281.48634007236103,0.0,0.8910000000000018,1.0,-5.2778989462054104,-0.8188598557543463,0.07429691066328929,-5.2778989462054104,-0.7688598557543462,0.03367558995287477,0.05,nan,nan,nan,nan,nan,nan,nan,130.92167396268115,0.9608537554740906,0.9608537554740906,1.0,0.0,299.0,644.7549128066748,118.58964538574219,258.49462890625,145.93614196777344,282.0718688964844,nan,nan,nan,nan,nan,0.0,nan,3.2005177252907693,nan,nan,nan,1.0,0.9608537554740906,0.9608537554740906,299.0,0.0,bbox_bottom,644.7549128066748,nan,189.77045101928525,201.94237300893292,28.111,28.150000000000002,28.216,28.546000000000003,0.06599999999999895,0.4620000000000033,0.4620000000000033,42.13759477363007,0
28.48,28.969,1,1,-5.249999999995931,-0.75,-4.891718830720046e-12,1,-5.278587886425658,-0.7198831930210645,4.5542200090556555e-43,0.8850000000000016,1.0,0.0415245627686243,2.802748435649286e-10,132.76557652663269,283.06158192977017,nan,nan,1,28.48,132.76557652663269,283.06158192977017,0.0,0.48900000000000077,1.0,-5.263464829665771,-0.841522128233327,0.09250730562715212,-5.263464829665771,-0.7915221282333269,0.04365075911210057,0.05,nan,nan,nan,nan,nan,nan,nan,132.76557652663269,0.9608537554740906,0.9608537554740906,1.0,0.0,299.0,644.7549128066748,118.58964538574219,258.49462890625,145.93614196777344,282.0718688964844,nan,nan,nan,nan,nan,0.0,nan,3.2005177252907693,nan,nan,nan,1.0,0.9608537554740906,0.9608537554740906,299.0,0.0,bbox_bottom,644.7549128066748,nan,160.4786649986636,190.76414799201302,28.513,28.564,28.625000000000004,28.968000000000004,0.061000000000003496,0.4880000000000031,0.4880000000000031,42.13759477363007,0
28.909,29.338,1,1,-5.249999999995931,-0.75,-4.891718795414927e-12,1,-5.2429030649960495,-0.7541048908607573,4.5542200090556555e-43,0.8580000000000005,1.0,0.008198573984009347,2.802748415420943e-10,132.09859908413253,280.99750403825595,nan,nan,1,28.48,132.76557652663269,283.06158192977017,0.0,0.8580000000000005,1.0,-5.263464829665771,-0.841522128233327,0.09250730562715212,-5.263464829665771,-0.7915221282333269,0.04365075911210057,0.05,nan,nan,nan,nan,nan,nan,nan,132.09859908413253,0.9608537554740906,0.9608537554740906,1.0,0.0,299.0,644.7549128066748,118.58964538574219,258.49462890625,145.93614196777344,282.0718688964844,nan,nan,nan,nan,nan,0.0,nan,3.2005177252907693,nan,nan,nan,1.0,0.9608537554740906,0.9608537554740906,299.0,0.0,bbox_bottom,644.7549128066748,nan,176.15383697557263,196.31667097564787,28.942,28.975,29.051000000000002,29.338,0.07600000000000051,0.42900000000000205,0.42900000000000205,42.13759477363007,0
29.272,29.766000000000002,1,1,-5.249999999995931,-0.75,-4.8917187101014744e-12,1,-5.264108668197793,-0.7246029741634048,4.5542200090556555e-43,0.8570000000000029,1.0,0.029052769915705424,2.8027483665399353e-10,133.13593582937952,280.7914749517698,nan,nan,1,29.272,133.13593582937952,280.7914749517698,0.0,0.4940000000000033,1.0,-5.275305814069182,-0.8088333113518758,0.06404484952388206,-5.275305814069182,-0.7588333113518757,0.02680320158766713,0.05,nan,nan,nan,nan,nan,nan,nan,133.13593582937952,0.9608537554740906,0.9608537554740906,1.0,0.0,299.0,644.7549128066748,118.58964538574219,258.49462890625,145.93614196777344,282.0718688964844,nan,nan,nan,nan,nan,0.0,nan,3.2005177252907693,nan,nan,nan,1.0,0.9608537554740906,0.9608537554740906,299.0,0.0,bbox_bottom,644.7549128066748,nan,185.23999702301808,204.00953601347283,29.305000000000003,29.348000000000003,29.427000000000003,29.765,0.07900000000000063,0.4930000000000021,0.4930000000000021,42.13759477363007,0
29.701,30.215000000000003,1,1,-5.249999999995931,-0.75,-4.891718614263276e-12,1,-5.254786790131296,-0.7216793475141137,4.5542200090556555e-43,0.943000000000005,1.0,0.028722338293153675,2.802748311628693e-10,131.54982558169854,282.69288675002446,nan,nan,1,29.272,133.13593582937952,280.7914749517698,0.0,0.943000000000005,1.0,-5.275305814069182,-0.8088333113518758,0.06404484952388206,-5.275305814069182,-0.7588333113518757,0.02680320158766713,0.05,nan,nan,nan,nan,nan,nan,nan,131.54982558169854,0.9608537554740906,0.9608537554740906,1.0,0.0,299.0,644.7549128066748,118.58964538574219,258.49462890625,145.93614196777344,282.0718688964844,nan,nan,nan,nan,nan,0.0,nan,3.2005177252907693,nan,nan,nan,1.0,0.9608537554740906,0.9608537554740906,299.0,0.0,bbox_bottom,644.7549128066748,nan,261.2734099966474,282.82852499978617,29.734,29.775000000000002,29.895000000000003,30.214000000000002,0.120000000000001,0.5130000000000017,0.5130000000000017,42.13759477363007,0
30.163,30.638,1,1,-5.249999999995931,-0.75,-4.8917185240623856e-12,1,-5.258023346895485,-0.7488171667039176,4.5542200090556555e-43,0.9370000000000012,1.0,0.008110067205449363,2.802748259947389e-10,130.0127525031832,282.4582384940507,nan,nan,1,30.163,130.0127525031832,282.4582384940507,0.0,0.4750000000000014,1.0,-5.29621521919299,-0.8328532639557285,0.09487101682573981,-5.29621521919299,-0.7828532639557284,0.05670258757743741,0.05,nan,nan,nan,nan,nan,nan,nan,130.0127525031832,0.9608537554740906,0.9608537554740906,1.0,0.0,299.0,644.7549128066748,118.58964538574219,258.49462890625,145.93614196777344,282.0718688964844,nan,nan,nan,nan,nan,0.0,nan,3.2005177252907693,nan,nan,nan,1.0,0.9608537554740906,0.9608537554740906,299.0,0.0,bbox_bottom,644.7549128066748,nan,202.63948201318271,226.57359900767915,30.196,30.221000000000004,30.311000000000003,30.636000000000003,0.08999999999999986,0.47300000000000253,0.47300000000000253,42.13759477363007,0
30.592,31.082,1,1,-5.249999999995931,-0.75,-4.891718491490082e-12,1,-5.275550552798343,-0.7454285919265164,4.5542200090556555e-43,0.9190000000000005,1.0,0.02595628094090416,2.802748241284834e-10,131.68125284034832,282.1811485939622,nan,nan,1,30.163,130.0127525031832,282.4582384940507,0.0,0.9190000000000005,1.0,-5.29621521919299,-0.8328532639557285,0.09487101682573981,-5.29621521919299,-0.7828532639557284,0.05670258757743741,0.05,nan,nan,nan,nan,nan,nan,nan,131.68125284034832,0.9608537554740906,0.9608537554740906,1.0,0.0,299.0,644.7549128066748,118.58964538574219,258.49462890625,145.93614196777344,282.0718688964844,nan,nan,nan,nan,nan,0.0,nan,3.2005177252907693,nan,nan,nan,1.0,0.9608537554740906,0.9608537554740906,299.0,0.0,bbox_bottom,644.7549128066748,nan,206.11546500003897,235.26032699737698,30.621000000000002,30.647000000000002,30.746000000000002,31.082,0.0990000000000002,0.490000000000002,0.490000000000002,42.13759477363007,0
31.021,31.514000000000003,1,1,-5.249999999995931,-0.75,-4.891718421103193e-12,1,-5.260211390643053,-0.7415187171324189,4.5542200090556555e-43,0.9220000000000041,1.0,0.013274210260051248,2.802748200956117e-10,132.187192150537,282.27398329152834,nan,nan,1,31.021,132.187192150537,282.27398329152834,0.0,0.4930000000000021,1.0,-5.274907671704967,-0.8302030286881105,0.08398165228614504,-5.274907671704967,-0.7802030286881104,0.039148627714134764,0.05,nan,nan,nan,nan,nan,nan,nan,132.187192150537,0.9608537554740906,0.9608537554740906,1.0,0.0,299.0,644.7549128066748,118.58964538574219,258.49462890625,145.93614196777344,282.0718688964844,nan,nan,nan,nan,nan,0.0,nan,3.2005177252907693,nan,nan,nan,1.0,0.9608537554740906,0.9608537554740906,299.0,0.0,bbox_bottom,644.7549128066748,nan,205.4006069956813,226.00235699792393,31.063000000000002,31.098000000000003,31.177000000000003,31.513,0.07900000000000063,0.4920000000000009,0.4920000000000009,42.13759477363007,0
31.45,31.924000000000003,1,1,-5.249999999995931,-0.75,-4.891718380100646e-12,1,-5.2543323787149285,-0.7428577975174679,4.5542200090556555e-43,0.9030000000000022,1.0,0.008353476022968376,2.8027481774633884e-10,132.95706561346483,281.313499145586,nan,nan,1,31.45,132.95706561346483,281.313499145586,0.0,0.47400000000000375,1.0,-5.273551237521633,-0.8163675459692564,0.07042238242897908,-5.273551237521633,-0.7663675459692564,0.028680260634236544,0.05,nan,nan,nan,nan,nan,nan,nan,132.95706561346483,0.9608537554740906,0.9608537554740906,1.0,0.0,299.0,644.7549128066748,118.58964538574219,258.49462890625,145.93614196777344,282.0718688964844,nan,nan,nan,nan,nan,0.0,nan,3.2005177252907693,nan,nan,nan,1.0,0.9608537554740906,0.9608537554740906,299.0,0.0,bbox_bottom,644.7549128066748,nan,177.1574020094704,203.74308098689653,31.48,31.516000000000002,31.597,31.922,0.08099999999999952,0.4720000000000013,0.4720000000000013,42.13759477363007,0
31.879,32.328,1,1,-5.249999999995931,-0.75,-4.891718338403104e-12,1,-5.253018602635428,-0.7291503592443851,4.5542200090556555e-43,0.8780000000000037,1.0,0.021067023556577073,2.8027481535724566e-10,133.68387569906972,282.79796268543214,nan,nan,1,31.879,133.68387569906972,282.79796268543214,0.0,0.4490000000000016,1.0,-5.255750450622876,-0.8377360406211446,0.08792428848894975,-5.255750450622876,-0.7877360406211446,0.03817167070189093,0.05,nan,nan,nan,nan,nan,nan,nan,133.68387569906972,0.9608537554740906,0.9608537554740906,1.0,0.0,299.0,644.7549128066748,118.58964538574219,258.49462890625,145.93614196777344,282.0718688964844,nan,nan,nan,nan,nan,0.0,nan,3.2005177252907693,nan,nan,nan,1.0,0.9608537554740906,0.9608537554740906,299.0,0.0,bbox_bottom,644.7549128066748,nan,176.21281399624422,198.50685898563825,31.912000000000003,31.929000000000002,32.0,32.324000000000005,0.07099999999999795,0.44500000000000384,0.44500000000000384,42.13759477363007,0
32.275,32.731,1,1,-5.249999999995931,-0.75,-4.891718276395592e-12,1,-5.235228689394493,-0.7503730010659198,4.5542200090556555e-43,0.8520000000000003,1.0,0.014776019311010148,2.8027481180447696e-10,133.10662633906108,283.2367328775954,nan,nan,1,31.879,133.68387569906972,282.79796268543214,0.0,0.8520000000000003,1.0,-5.255750450622876,-0.8377360406211446,0.08792428848894975,-5.255750450622876,-0.7877360406211446,0.03817167070189093,0.05,nan,nan,nan,nan,nan,nan,nan,133.10662633906108,0.9608537554740906,0.9608537554740906,1.0,0.0,299.0,644.7549128066748,118.58964538574219,258.49462890625,145.93614196777344,282.0718688964844,nan,nan,nan,nan,nan,0.0,nan,3.2005177252907693,nan,nan,nan,1.0,0.9608537554740906,0.9608537554740906,299.0,0.0,bbox_bottom,644.7549128066748,nan,121.99168998631649,154.16096500121057,32.304,32.339,32.387,32.730000000000004,0.04800000000000182,0.4550000000000054,0.4550000000000054,42.13759477363007,0
32.671,33.199000000000005,1,1,-5.249999999995931,-0.75,-4.89171818841495e-12,1,-5.238169272534282,-0.756608676115087,4.5542200090556555e-43,0.9240000000000066,1.0,0.013551409973354623,2.8027480676355745e-10,133.0504818984637,282.915947577063,nan,nan,1,32.275,133.10662633906108,283.2367328775954,0.0,0.9240000000000066,1.0,-5.258719530286119,-0.844036156744144,0.0944395520091594,-5.258719530286119,-0.794036156744144,0.044891127288990196,0.05,nan,nan,nan,nan,nan,nan,nan,133.0504818984637,0.9608537554740906,0.9608537554740906,1.0,0.0,299.0,644.7549128066748,118.58964538574219,258.49462890625,145.93614196777344,282.0718688964844,nan,nan,nan,nan,nan,0.0,nan,3.2005177252907693,nan,nan,nan,1.0,0.9608537554740906,0.9608537554740906,299.0,0.0,bbox_bottom,644.7549128066748,nan,264.8067120171618,290.92301000491716,32.713,32.745000000000005,32.867000000000004,33.199000000000005,0.12199999999999989,0.5280000000000058,0.5280000000000058,42.13759477363007,0
33.133,33.614000000000004,1,1,-5.249999999995931,-0.75,-4.891718121451678e-12,1,-5.240963415620436,-0.7520375428694497,4.5542200090556555e-43,0.943000000000005,1.0,0.009263446341416154,2.8027480292684463e-10,132.3384872875007,280.64509504549466,nan,nan,1,33.133,132.3384872875007,280.64509504549466,0.0,0.48100000000000165,1.0,-5.284621560552206,-0.8067188267105775,0.06645056627882352,-5.284621560552206,-0.7567188267105774,0.03526747918009689,0.05,nan,nan,nan,nan,nan,nan,nan,132.3384872875007,0.9608537554740906,0.9608537554740906,1.0,0.0,299.0,644.7549128066748,118.58964538574219,258.49462890625,145.93614196777344,282.0718688964844,nan,nan,nan,nan,nan,0.0,nan,3.2005177252907693,nan,nan,nan,1.0,0.9608537554740906,0.9608537554740906,299.0,0.0,bbox_bottom,644.7549128066748,nan,177.63272899901494,213.0085440003313,33.172000000000004,33.215,33.283,33.609,0.06799999999999784,0.4759999999999991,0.4759999999999991,42.13759477363007,0
33.562,34.023,1,1,-5.249999999995931,-0.75,-4.891718072196262e-12,1,-5.264072316145343,-0.7195595863375284,4.5542200090556555e-43,0.8900000000000006,1.0,0.03353578485366629,2.802748001047171e-10,132.1278485767208,281.3023542563077,nan,nan,1,33.133,132.3384872875007,280.64509504549466,0.0,0.8900000000000006,1.0,-5.284621560552206,-0.8067188267105775,0.06645056627882352,-5.284621560552206,-0.7567188267105774,0.03526747918009689,0.05,nan,nan,nan,nan,nan,nan,nan,132.1278485767208,0.9608537554740906,0.9608537554740906,1.0,0.0,299.0,644.7549128066748,118.58964538574219,258.49462890625,145.93614196777344,282.0718688964844,nan,nan,nan,nan,nan,0.0,nan,3.2005177252907693,nan,nan,nan,1.0,0.9608537554740906,0.9608537554740906,299.0,0.0,bbox_bottom,644.7549128066748,nan,184.72566900891252,206.96964400121942,33.595,33.621,33.692,34.023,0.07099999999999795,0.4610000000000056,0.4610000000000056,42.13759477363007,0
33.958,34.453,1,1,-5.249999999995931,-0.75,-4.89171799901607e-12,1,-5.26168707203537,-0.728968391509776,4.5542200090556555e-43,0.8910000000000053,1.0,0.02406067764093711,2.80274795911801e-10,130.8401519082424,282.3303216873974,nan,nan,1,33.562,132.1278485767208,281.3023542563077,0.0,0.8910000000000053,1.0,-5.282252842990899,-0.8162068344806306,0.07364503250867405,-5.282252842990899,-0.7662068344806305,0.036095808138073275,0.05,nan,nan,nan,nan,nan,nan,nan,130.8401519082424,0.9608537554740906,0.9608537554740906,1.0,0.0,299.0,644.7549128066748,118.58964538574219,258.49462890625,145.93614196777344,282.0718688964844,nan,nan,nan,nan,nan,0.0,nan,3.2005177252907693,nan,nan,nan,1.0,0.9608537554740906,0.9608537554740906,299.0,0.0,bbox_bottom,644.7549128066748,nan,163.66885200841352,182.0162959920708,33.991,34.041000000000004,34.108000000000004,34.453,0.06700000000000017,0.49500000000000455,0.49500000000000455,42.13759477363007,0
34.387,34.879000000000005,1,1,-5.249999999995931,-0.75,-4.891717947481867e-12,1,-5.26787943379745,-0.7436255222865165,4.5542200090556555e-43,0.9210000000000065,1.0,0.018981783877775955,2.8027479295910866e-10,131.69434422261017,281.0420644584729,nan,nan,1,34.387,131.69434422261017,281.0420644584729,0.0,0.49200000000000443,1.0,-5.288568620405783,-0.8124513431477028,0.07340101321692631,-5.288568620405783,-0.7624513431477028,0.04052868646404797,0.05,nan,nan,nan,nan,nan,nan,nan,131.69434422261017,0.9608537554740906,0.9608537554740906,1.0,0.0,299.0,644.7549128066748,118.58964538574219,258.49462890625,145.93614196777344,282.0718688964844,nan,nan,nan,nan,nan,0.0,nan,3.2005177252907693,nan,nan,nan,1.0,0.9608537554740906,0.9608537554740906,299.0,0.0,bbox_bottom,644.7549128066748,nan,185.32300301012583,196.90813700435683,34.418,34.453,34.536,34.878,0.08299999999999841,0.49099999999999966,0.49099999999999966,42.13759477363007,0
34.816,35.31,1,1,-5.249999999995931,-0.75,-4.891717930753638e-12,1,-5.267988641785044,-0.725230217980078,4.5542200090556555e-43,0.9230000000000018,1.0,0.030612633580459084,2.8027479200065175e-10,131.21989259668624,282.3402859761933,nan,nan,1,34.816,131.21989259668624,282.3402859761933,0.0,0.4939999999999998,1.0,-5.284496111746313,-0.8311568480686236,0.08818398785680141,-5.284496111746313,-0.7811568480686235,0.04648366280174295,0.05,nan,nan,nan,nan,nan,nan,nan,131.21989259668624,0.9608537554740906,0.9608537554740906,1.0,0.0,299.0,644.7549128066748,118.58964538574219,258.49462890625,145.93614196777344,282.0718688964844,nan,nan,nan,nan,nan,0.0,nan,3.2005177252907693,nan,nan,nan,1.0,0.9608537554740906,0.9608537554740906,299.0,0.0,bbox_bottom,644.7549128066748,nan,193.63346698810346,210.7821950048674,34.846000000000004,34.882000000000005,34.967,35.307,0.08499999999999375,0.49099999999999966,0.49099999999999966,42.13759477363007,0
35.245,35.707,1,1,-5.249999999995931,-0.75,-4.891717933342159e-12,1,-5.26388124647317,-0.7437780172373079,4.5542200090556555e-43,0.8909999999999982,1.0,0.015211905641999656,2.802747921489631e-10,132.62156562592816,283.3943263662512,nan,nan,1,35.245,132.62156562592816,283.3943263662512,0.0,0.4620000000000033,1.0,-5.262665780973908,-0.8462972191687134,0.09712659999922417,-5.262665780973908,-0.7962972191687133,0.04799848446084472,0.05,nan,nan,nan,nan,nan,nan,nan,132.62156562592816,0.9608537554740906,0.9608537554740906,1.0,0.0,299.0,644.7549128066748,118.58964538574219,258.49462890625,145.93614196777344,282.0718688964844,nan,nan,nan,nan,nan,0.0,nan,3.2005177252907693,nan,nan,nan,1.0,0.9608537554740906,0.9608537554740906,299.0,0.0,bbox_bottom,644.7549128066748,nan,173.18666802020743,187.02146099531092,35.278,35.311,35.39,35.707,0.07900000000000063,0.4620000000000033,0.4620000000000033,42.13759477363007,0
35.641,36.103,1,1,-5.249999999995931,-0.75,-4.891717891875014e-12,1,-5.242094182413059,-0.7588390954708533,4.5542200090556555e-43,0.8580000000000041,1.0,0.011858817833009988,2.8027478977307064e-10,132.24897900823373,283.1137086556972,nan,nan,1,35.245,132.62156562592816,283.3943263662512,0.0,0.8580000000000041,1.0,-5.262665780973908,-0.8462972191687134,0.09712659999922417,-5.262665780973908,-0.7962972191687133,0.04799848446084472,0.05,nan,nan,nan,nan,nan,nan,nan,132.24897900823373,0.9608537554740906,0.9608537554740906,1.0,0.0,299.0,644.7549128066748,118.58964538574219,258.49462890625,145.93614196777344,282.0718688964844,nan,nan,nan,nan,nan,0.0,nan,3.2005177252907693,nan,nan,nan,1.0,0.9608537554740906,0.9608537554740906,299.0,0.0,bbox_bottom,644.7549128066748,nan,182.28321499191225,208.31361701129936,35.674,35.723,35.797000000000004,36.103,0.07400000000000517,0.4620000000000033,0.4620000000000033,42.13759477363007,0
36.037,36.561,1,1,-5.249999999995931,-0.75,-4.891717812607394e-12,1,-5.247882678115379,-0.7548334539538042,4.5542200090556555e-43,0.9200000000000017,1.0,0.005276867353782173,2.802747852313706e-10,133.66515850353034,283.22203453263404,nan,nan,1,36.037,133.66515850353034,283.22203453263404,0.0,0.5240000000000009,1.0,-5.253026206051491,-0.8438252060511897,0.09387399647207373,-5.253026206051491,-0.7938252060511897,0.04392956417402677,0.05,nan,nan,nan,nan,nan,nan,nan,133.66515850353034,0.9608537554740906,0.9608537554740906,1.0,0.0,299.0,644.7549128066748,118.58964538574219,258.49462890625,145.93614196777344,282.0718688964844,nan,nan,nan,nan,nan,0.0,nan,3.2005177252907693,nan,nan,nan,1.0,0.9608537554740906,0.9608537554740906,299.0,0.0,bbox_bottom,644.7549128066748,nan,209.0916860033758,232.54790299688466,36.07,36.118,36.214000000000006,36.559000000000005,0.09600000000000364,0.5220000000000056,0.5220000000000056,42.13759477363007,0
36.499,36.961000000000006,1,1,-5.249999999995931,-0.75,-4.8917177426842894e-12,1,-5.232498483766175,-0.7564144776503468,4.5542200090556555e-43,0.9240000000000066,1.0,0.018639973011440013,2.802747812250718e-10,129.89758977048083,283.3005526156878,nan,nan,1,36.037,133.66515850353034,283.22203453263404,0.0,0.9240000000000066,1.0,-5.253026206051491,-0.8438252060511897,0.09387399647207373,-5.253026206051491,-0.7938252060511897,0.04392956417402677,0.05,nan,nan,nan,nan,nan,nan,nan,129.89758977048083,0.9608537554740906,0.9608537554740906,1.0,0.0,299.0,644.7549128066748,118.58964538574219,258.49462890625,145.93614196777344,282.0718688964844,nan,nan,nan,nan,nan,0.0,nan,3.2005177252907693,nan,nan,nan,1.0,0.9608537554740906,0.9608537554740906,299.0,0.0,bbox_bottom,644.7549128066748,nan,192.69978001830168,213.0564510007389,36.532000000000004,36.571000000000005,36.656,36.961000000000006,0.08499999999999375,0.4620000000000033,0.4620000000000033,42.13759477363007,0
36.895,37.357,1,1,-5.249999999995931,-0.75,-4.891717669407326e-12,1,-5.270889626404116,-0.7574306064163296,4.5542200090556555e-43,0.857999999999997,1.0,0.022171838065165303,2.802747770266111e-10,132.60251368500644,282.4956402493377,nan,nan,1,36.499,129.89758977048083,283.3005526156878,0.0,0.857999999999997,1.0,-5.291569095224204,-0.844952033535556,0.10365268134802173,-5.291569095224204,-0.794952033535556,0.0612264240102174,0.05,nan,nan,nan,nan,nan,nan,nan,132.60251368500644,0.9608537554740906,0.9608537554740906,1.0,0.0,299.0,644.7549128066748,118.58964538574219,258.49462890625,145.93614196777344,282.0718688964844,nan,nan,nan,nan,nan,0.0,nan,3.2005177252907693,nan,nan,nan,1.0,0.9608537554740906,0.9608537554740906,299.0,0.0,bbox_bottom,644.7549128066748,nan,143.65364398690872,168.01381899858825,36.928000000000004,36.980000000000004,37.037,37.357,0.056999999999995055,0.4619999999999962,0.4619999999999962,42.13759477363007,0
37.291,37.769000000000005,1,1,-5.249999999995931,-0.75,-4.891717597268349e-12,1,-5.248500977154005,-0.7460322914060884,4.5542200090556555e-43,0.8740000000000023,1.0,0.004241436191529627,2.8027477289335216e-10,132.63412109449408,282.45462605675516,nan,nan,1,36.895,132.60251368500644,282.4956402493377,0.0,0.8740000000000023,1.0,-5.269062342217917,-0.8333909603087535,0.08554194966333302,-5.269062342217917,-0.7833909603087534,0.038449045779171805,0.05,nan,nan,nan,nan,nan,nan,nan,132.63412109449408,0.9608537554740906,0.9608537554740906,1.0,0.0,299.0,644.7549128066748,118.58964538574219,258.49462890625,145.93614196777344,282.0718688964844,nan,nan,nan,nan,nan,0.0,nan,3.2005177252907693,nan,nan,nan,1.0,0.9608537554740906,0.9608537554740906,299.0,0.0,bbox_bottom,644.7549128066748,nan,205.7743949990254,227.7133230236359,37.321000000000005,37.373000000000005,37.456,37.769000000000005,0.08299999999999841,0.47800000000000864,0.47800000000000864,42.13759477363007,0
37.72,38.169000000000004,1,1,-5.249999999995931,-0.75,-4.891717526442751e-12,1,-5.248457758500577,-0.7454479739433852,4.5542200090556555e-43,0.8780000000000072,1.0,0.004806188723936223,2.802747688353443e-10,132.5823078970102,281.71295558794577,nan,nan,1,37.72,132.5823078970102,281.71295558794577,0.0,0.4490000000000052,1.0,-5.274683089294808,-0.8221258322670073,0.07623247718357822,-5.274683089294808,-0.7721258322670073,0.03314826316481818,0.05,nan,nan,nan,nan,nan,nan,nan,132.5823078970102,0.9608537554740906,0.9608537554740906,1.0,0.0,299.0,644.7549128066748,118.58964538574219,258.49462890625,145.93614196777344,282.0718688964844,nan,nan,nan,nan,nan,0.0,nan,3.2005177252907693,nan,nan,nan,1.0,0.9608537554740906,0.9608537554740906,299.0,0.0,bbox_bottom,644.7549128066748,nan,189.4969779823441,208.63429000019096,37.753,37.776,37.852000000000004,38.167,0.07600000000000051,0.44700000000000273,0.44700000000000273,42.13759477363007,0
38.116,38.606,1,1,-5.249999999995931,-0.75,-4.891717431114658e-12,1,-5.254130511560026,-0.7348538737224664,4.5542200090556555e-43,0.8860000000000028,1.0,0.015699244153656512,2.802747633734469e-10,130.36125837838182,281.96295416857697,nan,nan,1,38.116,130.36125837838182,281.96295416857697,0.0,0.490000000000002,1.0,-5.29603406838214,-0.825726644059615,0.08862087831159055,-5.29603406838214,-0.775726644059615,0.05273514640878731,0.05,nan,nan,nan,nan,nan,nan,nan,130.36125837838182,0.9608537554740906,0.9608537554740906,1.0,0.0,299.0,644.7549128066748,118.58964538574219,258.49462890625,145.93614196777344,282.0718688964844,nan,nan,nan,nan,nan,0.0,nan,3.2005177252907693,nan,nan,nan,1.0,0.9608537554740906,0.9608537554740906,299.0,0.0,bbox_bottom,644.7549128066748,nan,194.8726309929043,215.31348800635897,38.149,38.173,38.260000000000005,38.603,0.0870000000000033,0.4870000000000019,0.4870000000000019,42.13759477363007,0
38.545,39.04,1,1,-5.249999999995931,-0.75,-4.891717348426364e-12,1,-5.275389378374141,-0.7383665771053136,4.5542200090556555e-43,0.9239999999999995,1.0,0.02792771137559424,2.802747586357566e-10,131.45916182823714,283.1520323090223,nan,nan,1,38.116,130.36125837838182,281.96295416857697,0.0,0.9239999999999995,1.0,-5.29603406838214,-0.825726644059615,0.08862087831159055,-5.29603406838214,-0.775726644059615,0.05273514640878731,0.05,nan,nan,nan,nan,nan,nan,nan,131.45916182823714,0.9608537554740906,0.9608537554740906,1.0,0.0,299.0,644.7549128066748,118.58964538574219,258.49462890625,145.93614196777344,282.0718688964844,nan,nan,nan,nan,nan,0.0,nan,3.2005177252907693,nan,nan,nan,1.0,0.9608537554740906,0.9608537554740906,299.0,0.0,bbox_bottom,644.7549128066748,nan,227.96145698521286,246.65373101015575,38.578,38.611000000000004,38.71,39.04,0.09899999999999665,0.49499999999999744,0.49499999999999744,42.13759477363007,0
38.974,39.432,1,1,-5.249999999995931,-0.75,-4.891717293798276e-12,1,-5.255780961318553,-0.7553579477885246,4.5542200090556555e-43,0.8870000000000005,1.0,0.00788207576201904,2.8027475550579777e-10,131.97412717076244,282.15534425259136,nan,nan,1,38.545,131.45916182823714,283.1520323090223,0.0,0.8870000000000005,1.0,-5.276396127322228,-0.84282060793552,0.09650088494591963,-5.276396127322228,-0.79282060793552,0.05030268384284888,0.05,nan,nan,nan,nan,nan,nan,nan,131.97412717076244,0.9608537554740906,0.9608537554740906,1.0,0.0,299.0,644.7549128066748,118.58964538574219,258.49462890625,145.93614196777344,282.0718688964844,nan,nan,nan,nan,nan,0.0,nan,3.2005177252907693,nan,nan,nan,1.0,0.9608537554740906,0.9608537554740906,299.0,0.0,bbox_bottom,644.7549128066748,nan,198.20010801777244,216.77684999303892,39.007000000000005,39.055,39.139,39.432,0.08400000000000318,0.4580000000000055,0.4580000000000055,42.13759477363007,0
39.37,39.832,1,1,-5.249999999995931,-0.75,-4.891717281601123e-12,1,-5.257359427314714,-0.7411581821395601,4.5542200090556555e-43,0.8580000000000041,1.0,0.011503865156443981,2.8027475480695237e-10,131.41328772114767,281.56124642858623,nan,nan,1,38.974,131.97412717076244,282.15534425259136,0.0,0.8580000000000041,1.0,-5.277941808403703,-0.8284959675294831,0.0833208351823618,-5.277941808403703,-0.778495967529483,0.03990945780811851,0.05,nan,nan,nan,nan,nan,nan,nan,131.41328772114767,0.9608537554740906,0.9608537554740906,1.0,0.0,299.0,644.7549128066748,118.58964538574219,258.49462890625,145.93614196777344,282.0718688964844,nan,nan,nan,nan,nan,0.0,nan,3.2005177252907693,nan,nan,nan,1.0,0.9608537554740906,0.9608537554740906,299.0,0.0,bbox_bottom,644.7549128066748,nan,194.6584929828532,211.90414001466706,39.403000000000006,39.436,39.524,39.832,0.08800000000000097,0.4620000000000033,0.4620000000000033,42.13759477363007,0
39.766,40.261,1,1,-5.249999999995931,-0.75,-4.891717215855051e-12,1,-5.267290096110171,-0.7326529235767993,4.5542200090556555e-43,0.8910000000000053,1.0,0.024492212723068254,2.8027475103997993e-10,132.25136061507123,280.58649371222083,nan,nan,1,39.37,131.41328772114767,281.56124642858623,0.0,0.8910000000000053,1.0,-5.287887703650051,-0.8199396595922933,0.07954265567648744,-5.287887703650051,-0.7699396595922933,0.0428143447087411,0.05,nan,nan,nan,nan,nan,nan,nan,132.25136061507123,0.9608537554740906,0.9608537554740906,1.0,0.0,299.0,644.7549128066748,118.58964538574219,258.49462890625,145.93614196777344,282.0718688964844,nan,nan,nan,nan,nan,0.0,nan,3.2005177252907693,nan,nan,nan,1.0,0.9608537554740906,0.9608537554740906,299.0,0.0,bbox_bottom,644.7549128066748,nan,181.85052700573578,213.4933499910403,39.799,39.855000000000004,39.931000000000004,40.261,0.07600000000000051,0.49500000000000455,0.49500000000000455,42.13759477363007,0
40.195,40.657000000000004,1,1,-5.249999999995931,-0.75,-4.891717184323086e-12,1,-5.2653834789476,-0.7187170342181548,4.5542200090556555e-43,0.8910000000000053,1.0,0.03486079994441499,2.8027474923333144e-10,132.5635787910524,281.96579664303664,nan,nan,1,39.766,132.25136061507123,280.58649371222083,0.0,0.8910000000000053,1.0,-5.285935502098715,-0.8058720828163951,0.06643079067436485,-5.285935502098715,-0.7558720828163951,0.03641210880986939,0.05,nan,nan,nan,nan,nan,nan,nan,132.5635787910524,0.9608537554740906,0.9608537554740906,1.0,0.0,299.0,644.7549128066748,118.58964538574219,258.49462890625,145.93614196777344,282.0718688964844,nan,nan,nan,nan,nan,0.0,nan,3.2005177252907693,nan,nan,nan,1.0,0.9608537554740906,0.9608537554740906,299.0,0.0,bbox_bottom,644.7549128066748,nan,164.1653060214594,184.6756339946296,40.228,40.276,40.338,40.657000000000004,0.06199999999999761,0.4620000000000033,0.4620000000000033,42.13759477363007,0
40.591,41.053000000000004,1,1,-5.249999999995931,-0.75,-4.8917170949081625e-12,1,-5.252572108397163,-0.7384668125788088,4.5542200090556555e-43,0.8580000000000041,1.0,0.011816520372766731,2.8027474411023366e-10,131.0771738717526,279.67363603108663,nan,nan,1,40.195,132.5635787910524,281.96579664303664,0.0,0.8580000000000041,1.0,-5.273128539353103,-0.8257674865494393,0.07921894565579453,-5.273128539353103,-0.7757674865494393,0.03462502990427289,0.05,nan,nan,nan,nan,nan,nan,nan,131.0771738717526,0.9608537554740906,0.9608537554740906,1.0,0.0,299.0,644.7549128066748,118.58964538574219,258.49462890625,145.93614196777344,282.0718688964844,nan,nan,nan,nan,nan,0.0,nan,3.2005177252907693,nan,nan,nan,1.0,0.9608537554740906,0.9608537554740906,299.0,0.0,bbox_bottom,644.7549128066748,nan,204.03170998906717,222.6631899829954,40.624,40.669000000000004,40.753,41.053000000000004,0.08399999999999608,0.4620000000000033,0.4620000000000033,42.13759477363007,0
40.987,41.416000000000004,1,1,-5.249999999995931,-0.75,-4.891717015078779e-12,1,-5.283933835613837,-0.7055804415768225,4.5542200090556555e-43,0.8250000000000028,1.0,0.0558981428157781,2.8027473953634694e-10,132.77594581063812,281.77428485754103,nan,nan,1,40.591,131.0771738717526,279.67363603108663,0.0,0.8250000000000028,1.0,-5.304521840056419,-0.7926651325856683,0.06923109548558436,-5.304521840056419,-0.7426651325856682,0.0550130104935848,0.05,nan,nan,nan,nan,nan,nan,nan,132.77594581063812,0.9608537554740906,0.9608537554740906,1.0,0.0,299.0,644.7549128066748,118.58964538574219,258.49462890625,145.93614196777344,282.0718688964844,nan,nan,nan,nan,nan,0.0,nan,3.2005177252907693,nan,nan,nan,1.0,0.9608537554740906,0.9608537554740906,299.0,0.0,bbox_bottom,644.7549128066748,nan,156.40608000103384,175.77919299947098,41.015,41.063,41.119,41.416000000000004,0.055999999999997385,0.42900000000000205,0.42900000000000205,42.13759477363007,0
41.35,41.871,1,1,-5.249999999995931,-0.75,-4.891716945681303e-12,1,-5.251700409440092,-0.7357358173003359,4.5542200090556555e-43,0.8840000000000003,1.0,0.014365176656316779,2.8027473556016444e-10,131.73288526353966,281.83571426663144,nan,nan,1,41.35,131.73288526353966,281.83571426663144,0.0,0.5210000000000008,1.0,-5.282662114205755,-0.8238942518098976,0.08079092866900432,-5.282662114205755,-0.7738942518098976,0.04046911135928711,0.05,nan,nan,nan,nan,nan,nan,nan,131.73288526353966,0.9608537554740906,0.9608537554740906,1.0,0.0,299.0,644.7549128066748,118.58964538574219,258.49462890625,145.93614196777344,282.0718688964844,nan,nan,nan,nan,nan,0.0,nan,3.2005177252907693,nan,nan,nan,1.0,0.9608537554740906,0.9608537554740906,299.0,0.0,bbox_bottom,644.7549128066748,nan,213.47911198972724,242.995990003692,41.383,41.432,41.528000000000006,41.869,0.09600000000000364,0.5189999999999984,0.5189999999999984,42.13759477363007,0
41.812,42.330000000000005,1,1,-5.249999999995931,-0.75,-4.891716880139402e-12,1,-5.262073969818004,-0.7365855619818975,4.5542200090556555e-43,0.980000000000004,1.0,0.018047933250259687,2.8027473180489014e-10,134.07936961763895,282.02206792742476,nan,nan,1,41.812,134.07936961763895,282.02206792742476,0.0,0.5180000000000078,1.0,-5.256988958881093,-0.8265775718533991,0.07689583901135995,-5.256988958881093,-0.776577571853399,0.027481136656278903,0.05,nan,nan,nan,nan,nan,nan,nan,134.07936961763895,0.9608537554740906,0.9608537554740906,1.0,0.0,299.0,644.7549128066748,118.58964538574219,258.49462890625,145.93614196777344,282.0718688964844,nan,nan,nan,nan,nan,0.0,nan,3.2005177252907693,nan,nan,nan,1.0,0.9608537554740906,0.9608537554740906,299.0,0.0,bbox_bottom,644.7549128066748,nan,221.41541697783396,252.0498179947026,41.845000000000006,41.886,41.977000000000004,42.328,0.09100000000000108,0.5160000000000053,0.5160000000000053,42.13759477363007,0
42.274,42.722,1,1,-5.249999999995931,-0.75,-4.8917168113832664e-12,1,-5.236492603145867,-0.7393117160905696,4.5542200090556555e-43,0.9100000000000037,1.0,0.017224667851477506,2.8027472786545374e-10,132.34951293974635,280.584796026809,nan,nan,1,42.274,132.34951293974635,280.584796026809,0.0,0.4480000000000004,1.0,-5.284925475988906,-0.8058475467832377,0.06586909256276272,-5.284925475988906,-0.7558475467832376,0.035411617821246674,0.05,nan,nan,nan,nan,nan,nan,nan,132.34951293974635,0.9608537554740906,0.9608537554740906,1.0,0.0,299.0,644.7549128066748,118.58964538574219,258.49462890625,145.93614196777344,282.0718688964844,nan,nan,nan,nan,nan,0.0,nan,3.2005177252907693,nan,nan,nan,1.0,0.9608537554740906,0.9608537554740906,299.0,0.0,bbox_bottom,644.7549128066748,nan,181.32433100254275,202.7383880049456,42.305,42.338,42.415,42.718,0.07699999999999818,0.4440000000000026,0.4440000000000026,42.13759477363007,0
42.67,43.099000000000004,1,1,-5.249999999995931,-0.75,-4.891716757756832e-12,1,-5.264377415888493,-0.7186953541428802,4.5542200090556555e-43,0.8250000000000028,1.0,0.03444838080356428,2.802747247928854e-10,133.9102327431139,282.98935687992866,nan,nan,1,42.274,132.34951293974635,280.584796026809,0.0,0.8250000000000028,1.0,-5.284925475988906,-0.8058475467832377,0.06586909256276272,-5.284925475988906,-0.7558475467832376,0.035411617821246674,0.05,nan,nan,nan,nan,nan,nan,nan,133.9102327431139,0.9608537554740906,0.9608537554740906,1.0,0.0,299.0,644.7549128066748,118.58964538574219,258.49462890625,145.93614196777344,282.0718688964844,nan,nan,nan,nan,nan,0.0,nan,3.2005177252907693,nan,nan,nan,1.0,0.9608537554740906,0.9608537554740906,299.0,0.0,bbox_bottom,644.7549128066748,nan,182.17970899422653,201.2902990099974,42.698,42.725,42.795,43.099000000000004,0.07000000000000028,0.42900000000000205,0.42900000000000205,42.13759477363007,0
43.033,43.495000000000005,1,1,-5.249999999995931,-0.75,-4.891716670611541e-12,1,-5.231568764704416,-0.7531068495988249,4.5542200090556555e-43,0.8250000000000028,1.0,0.018691253269937036,2.80274719799828e-10,133.329828543763,282.11954162769604,nan,nan,1,42.67,133.9102327431139,282.98935687992866,0.0,0.8250000000000028,1.0,-5.252083816158084,-0.8404850613421998,0.0905090526737481,-5.252083816158084,-0.7904850613421998,0.04053865416709497,0.05,nan,nan,nan,nan,nan,nan,nan,133.329828543763,0.9608537554740906,0.9608537554740906,1.0,0.0,299.0,644.7549128066748,118.58964538574219,258.49462890625,145.93614196777344,282.0718688964844,nan,nan,nan,nan,nan,0.0,nan,3.2005177252907693,nan,nan,nan,1.0,0.9608537554740906,0.9608537554740906,299.0,0.0,bbox_bottom,644.7549128066748,nan,218.00610100035556,238.28543000854552,43.063,43.114000000000004,43.198,43.495000000000005,0.08399999999999608,0.4620000000000033,0.4620000000000033,42.13759477363007,0
43.429,43.900000000000006,1,1,-5.249999999995931,-0.75,-4.891716582527552e-12,1,-5.243576834733881,-0.7406836094966776,4.5542200090556555e-43,0.8670000000000044,1.0,0.011316014492479407,2.802747147529872e-10,133.1795484655824,282.4428157315788,nan,nan,1,43.429,133.1795484655824,282.4428157315788,0.0,0.47100000000000364,1.0,-5.263434563915712,-0.8326313658350072,0.08371636714211539,-5.263434563915712,-0.7826313658350071,0.0352887169499365,0.05,nan,nan,nan,nan,nan,nan,nan,133.1795484655824,0.9608537554740906,0.9608537554740906,1.0,0.0,299.0,644.7549128066748,118.58964538574219,258.49462890625,145.93614196777344,282.0718688964844,nan,nan,nan,nan,nan,0.0,nan,3.2005177252907693,nan,nan,nan,1.0,0.9608537554740906,0.9608537554740906,299.0,0.0,bbox_bottom,644.7549128066748,nan,220.91726199141704,247.242975019617,43.458000000000006,43.506,43.591,43.898,0.08500000000000085,0.4690000000000012,0.4690000000000012,42.13759477363007,0
43.858,44.287000000000006,1,1,-5.249999999995931,-0.75,-4.891716521796759e-12,1,-5.242896965523541,-0.745294215396602,4.5542200090556555e-43,0.8580000000000041,1.0,0.008520417093636917,2.8027471127336907e-10,132.87608275461682,281.91967593807607,nan,nan,1,43.429,133.1795484655824,282.4428157315788,0.0,0.8580000000000041,1.0,-5.263434563915712,-0.8326313658350072,0.08371636714211539,-5.263434563915712,-0.7826313658350071,0.0352887169499365,0.05,nan,nan,nan,nan,nan,nan,nan,132.87608275461682,0.9608537554740906,0.9608537554740906,1.0,0.0,299.0,644.7549128066748,118.58964538574219,258.49462890625,145.93614196777344,282.0718688964844,nan,nan,nan,nan,nan,0.0,nan,3.2005177252907693,nan,nan,nan,1.0,0.9608537554740906,0.9608537554740906,299.0,0.0,bbox_bottom,644.7549128066748,nan,195.63646201277152,217.63855998869985,43.888000000000005,43.912000000000006,43.986000000000004,44.287000000000006,0.07399999999999807,0.42900000000000915,0.42900000000000915,42.13759477363007,0
44.221,44.669000000000004,1,1,-5.249999999995931,-0.75,-4.891716394594775e-12,1,-5.249656561623055,-0.7378163243054932,4.5542200090556555e-43,0.811000000000007,1.0,0.01218851522314679,2.8027470398523227e-10,130.78900572871586,283.10072324428756,nan,nan,1,44.221,130.78900572871586,283.10072324428756,0.0,0.4480000000000075,1.0,-5.283704365154214,-0.8420841212630066,0.09805850100579218,-5.283704365154214,-0.7920841212630065,0.05391713543208952,0.05,nan,nan,nan,nan,nan,nan,nan,130.78900572871586,0.9608537554740906,0.9608537554740906,1.0,0.0,299.0,644.7549128066748,118.58964538574219,258.49462890625,145.93614196777344,282.0718688964844,nan,nan,nan,nan,nan,0.0,nan,3.2005177252907693,nan,nan,nan,1.0,0.9608537554740906,0.9608537554740906,299.0,0.0,bbox_bottom,644.7549128066748,nan,186.848810990341,205.21458800067194,44.254000000000005,44.299,44.371,44.666000000000004,0.07200000000000273,0.4450000000000074,0.4450000000000074,42.13759477363007,0
44.617,45.045,1,1,-5.249999999995931,-0.75,-4.891716298159906e-12,1,-5.2630629961654325,-0.7546090215670733,4.5542200090556555e-43,0.8240000000000052,1.0,0.013852254283334215,2.802746984599212e-10,130.3279340401481,281.83193222522635,nan,nan,1,44.221,130.78900572871586,283.10072324428756,0.0,0.8240000000000052,1.0,-5.283704365154214,-0.8420841212630066,0.09805850100579218,-5.283704365154214,-0.7920841212630065,0.05391713543208952,0.05,nan,nan,nan,nan,nan,nan,nan,130.3279340401481,0.9608537554740906,0.9608537554740906,1.0,0.0,299.0,644.7549128066748,118.58964538574219,258.49462890625,145.93614196777344,282.0718688964844,nan,nan,nan,nan,nan,0.0,nan,3.2005177252907693,nan,nan,nan,1.0,0.9608537554740906,0.9608537554740906,299.0,0.0,bbox_bottom,644.7549128066748,nan,217.28816800168715,236.08772602165118,44.643,44.678000000000004,44.744,45.045,0.0659999999999954,0.4280000000000044,0.4280000000000044,42.13759477363007,0
44.98,45.364000000000004,1,1,-5.249999999995931,-0.75,-4.891716289021315e-12,1,-5.2766462406528625,-0.7364934661344427,4.5542200090556555e-43,0.747000000000007,1.0,0.029873878191633264,2.8027469793631853e-10,132.05837118835817,281.0290087554999,nan,nan,1,44.98,132.05837118835817,281.0290087554999,0.0,0.38400000000000745,1.0,-5.28487178878476,-0.8122628915956063,0.07136322108186334,-5.28487178878476,-0.7622628915956062,0.03696512090631215,0.05,nan,nan,nan,nan,nan,nan,nan,132.05837118835817,0.9608537554740906,0.9608537554740906,1.0,0.0,299.0,644.7549128066748,118.58964538574219,258.49462890625,145.93614196777344,282.0718688964844,nan,nan,nan,nan,nan,0.0,nan,3.2005177252907693,nan,nan,nan,1.0,0.9608537554740906,0.9608537554740906,299.0,0.0,bbox_bottom,644.7549128066748,nan,167.2508219780866,187.99693501205184,45.013000000000005,45.063,45.111000000000004,45.362,0.04800000000000182,0.382000000000005,0.382000000000005,42.13759477363007,0
45.31,45.706,1,1,-5.249999999995931,-0.75,-4.8917162657434006e-12,1,-5.249990607908266,-0.7371284843499624,4.5542200090556555e-43,0.3960000000000008,1.0,0.012871519076646487,2.802746966025923e-10,132.8760168130944,281.87153919507483,nan,nan,1,45.31,132.8760168130944,281.87153919507483,0.0,0.3960000000000008,1.0,-5.2705333551103015,-0.8244101730204562,0.07719127231227023,-5.2705333551103015,-0.7744101730204561,0.031897887377402276,0.05,nan,nan,nan,nan,nan,nan,nan,132.8760168130944,0.9608537554740906,0.9608537554740906,1.0,0.0,299.0,644.7549128066748,118.58964538574219,258.49462890625,145.93614196777344,282.0718688964844,nan,nan,nan,nan,nan,0.0,nan,3.2005177252907693,nan,nan,nan,1.0,0.9608537554740906,0.9608537554740906,299.0,0.0,bbox_bottom,644.7549128066748,nan,190.70453001768328,228.22442298638634,45.343,45.376000000000005,45.428000000000004,45.702000000000005,0.0519999999999996,0.392000000000003,0.392000000000003,42.13759477363007,0
45.64,45.970000000000006,1,1,-5.249999999995931,-0.75,-4.8917162246919495e-12,1,-5.249990607908266,-0.7371284843499624,4.5542200090556555e-43,0.6600000000000037,1.0,0.012871519076646487,2.8027469425051743e-10,131.82602535116052,282.591710627462,nan,nan,1,45.31,132.8760168130944,281.87153919507483,0.0,0.6600000000000037,1.0,-5.2705333551103015,-0.8244101730204562,0.07719127231227023,-5.2705333551103015,-0.7744101730204561,0.031897887377402276,0.05,nan,nan,nan,nan,nan,nan,nan,131.82602535116052,0.9608537554740906,0.9608537554740906,1.0,0.0,299.0,644.7549128066748,118.58964538574219,258.49462890625,145.93614196777344,282.0718688964844,nan,nan,nan,nan,nan,0.0,nan,3.2005177252907693,nan,nan,nan,1.0,0.9608537554740906,0.9608537554740906,299.0,0.0,bbox_bottom,644.7549128066748,nan,117.3272060113959,142.98830198822543,45.672000000000004,45.706,45.739000000000004,45.970000000000006,0.03300000000000125,0.3300000000000054,0.3300000000000054,42.13759477363007,0
45.904,46.192,1,1,-5.249999999995931,-0.75,-4.8917162264062595e-12,1,-5.255867716364119,-0.7473817300904246,4.5542200090556555e-43,0.5519999999999996,1.0,0.006425374128943089,2.802746943487401e-10,131.7863146361994,283.4608488713227,nan,nan,1,45.64,131.82602535116052,282.591710627462,0.0,0.5519999999999996,1.0,-5.276461362919876,-0.8347721322039862,0.08880607032293915,-5.276461362919876,-0.7847721322039861,0.04369559366577131,0.05,nan,nan,nan,nan,nan,nan,nan,131.7863146361994,0.9608537554740906,0.9608537554740906,1.0,0.0,299.0,644.7549128066748,118.58964538574219,258.49462890625,145.93614196777344,282.0718688964844,nan,nan,nan,nan,nan,0.0,nan,3.2005177252907693,nan,nan,nan,1.0,0.9608537554740906,0.9608537554740906,299.0,0.0,bbox_bottom,644.7549128066748,nan,166.80736900889315,180.8334749948699,45.953,45.970000000000006,46.036,46.192,0.0659999999999954,0.2879999999999967,0.2879999999999967,42.13759477363007,0
46.135,46.518,1,1,-5.249999999995931,-0.75,-4.89171618915256e-12,1,-5.250264353035406,-0.7597632749702676,4.5542200090556555e-43,0.6139999999999972,1.0,0.009766853161307069,2.802746922142604e-10,132.61434875294512,281.59753590964993,nan,nan,1,46.135,132.61434875294512,281.59753590964993,0.0,0.38300000000000267,1.0,-5.275148839744004,-0.8204626454773826,0.07481609818979829,-5.275148839744004,-0.7704626454773825,0.03242196787067804,0.05,nan,nan,nan,nan,nan,nan,nan,132.61434875294512,0.9608537554740906,0.9608537554740906,1.0,0.0,299.0,644.7549128066748,118.58964538574219,258.49462890625,145.93614196777344,282.0718688964844,nan,nan,nan,nan,nan,0.0,nan,3.2005177252907693,nan,nan,nan,1.0,0.9608537554740906,0.9608537554740906,299.0,0.0,bbox_bottom,644.7549128066748,nan,173.71303800609894,209.26555801997893,46.168000000000006,46.201,46.256,46.507000000000005,0.054999999999999716,0.372000000000007,0.372000000000007,42.13759477363007,0
46.465,46.861000000000004,1,1,-5.249999999995931,-0.75,-4.891716151077533e-12,1,-5.254598964064255,-0.7332044388078396,4.5542200090556555e-43,0.7260000000000062,1.0,0.01741382629582986,2.8027469003272204e-10,130.31862870077228,280.7641156995832,nan,nan,1,46.465,130.31862870077228,280.7641156995832,0.0,0.3960000000000008,1.0,-5.304818147167796,-0.8084382657279726,0.08012527791308673,-5.304818147167796,-0.7584382657279726,0.055463804303817116,0.05,nan,nan,nan,nan,nan,nan,nan,130.31862870077228,0.9608537554740906,0.9608537554740906,1.0,0.0,299.0,644.7549128066748,118.58964538574219,258.49462890625,145.93614196777344,282.0718688964844,nan,nan,nan,nan,nan,0.0,nan,3.2005177252907693,nan,nan,nan,1.0,0.9608537554740906,0.9608537554740906,299.0,0.0,bbox_bottom,644.7549128066748,nan,124.36444600461982,165.2680939878337,46.498000000000005,46.531000000000006,46.576,46.861000000000004,0.0449999999999946,0.3960000000000008,0.3960000000000008,42.13759477363007,0
46.795,47.186,1,1,-5.249999999995931,-0.75,-4.891716121458231e-12,1,-5.284186333247229,-0.7212108592287259,4.5542200090556555e-43,0.7209999999999965,1.0,0.04469362379039121,2.802746883356611e-10,133.34972446152616,282.02126483337304,nan,nan,1,46.795,133.34972446152616,282.02126483337304,0.0,0.39099999999999824,1.0,-5.264576175160815,-0.826566038320258,0.07794115155998517,-5.264576175160815,-0.776566038320258,0.030302133167002903,0.05,nan,nan,nan,nan,nan,nan,nan,133.34972446152616,0.9608537554740906,0.9608537554740906,1.0,0.0,299.0,644.7549128066748,118.58964538574219,258.49462890625,145.93614196777344,282.0718688964844,nan,nan,nan,nan,nan,0.0,nan,3.2005177252907693,nan,nan,nan,1.0,0.9608537554740906,0.9608537554740906,299.0,0.0,bbox_bottom,644.7549128066748,nan,192.18920200364664,225.9911700093653,46.828,46.861000000000004,46.927,47.183,0.0659999999999954,0.3879999999999981,0.3879999999999981,42.13759477363007,0
47.125,47.477000000000004,1,1,-5.249999999995931,-0.75,-4.891716098817042e-12,1,-5.244050579143387,-0.7392804913004194,4.5542200090556555e-43,0.6820000000000022,1.0,0.012259831778661206,2.8027468703841647e-10,131.97976861107827,283.71512051072705,nan,nan,1,46.795,133.34972446152616,282.02126483337304,0.0,0.6820000000000022,1.0,-5.264576175160815,-0.826566038320258,0.07794115155998517,-5.264576175160815,-0.776566038320258,0.030302133167002903,0.05,nan,nan,nan,nan,nan,nan,nan,131.97976861107827,0.9608537554740906,0.9608537554740906,1.0,0.0,299.0,644.7549128066748,118.58964538574219,258.49462890625,145.93614196777344,282.0718688964844,nan,nan,nan,nan,nan,0.0,nan,3.2005177252907693,nan,nan,nan,1.0,0.9608537554740906,0.9608537554740906,299.0,0.0,bbox_bottom,644.7549128066748,nan,156.75671497592703,179.2581119807437,47.155,47.190000000000005,47.251000000000005,47.477000000000004,0.06099999999999994,0.35200000000000387,0.35200000000000387,42.13759477363007,0
47.422,47.828,1,1,-5.249999999995931,-0.75,-4.891716060291257e-12,1,-5.246509509941969,-0.7633857851277874,4.5542200090556555e-43,0.703000000000003,1.0,0.01383339308716785,2.8027468483105155e-10,130.98024443268392,281.486211096643,nan,nan,1,47.422,130.98024443268392,281.486211096643,0.0,0.4060000000000059,1.0,-5.292911306594069,-0.818858051543503,0.08113452715291516,-5.292911306594069,-0.768858051543503,0.04687223423282517,0.05,nan,nan,nan,nan,nan,nan,nan,130.98024443268392,0.9608537554740906,0.9608537554740906,1.0,0.0,299.0,644.7549128066748,118.58964538574219,258.49462890625,145.93614196777344,282.0718688964844,nan,nan,nan,nan,nan,0.0,nan,3.2005177252907693,nan,nan,nan,1.0,0.9608537554740906,0.9608537554740906,299.0,0.0,bbox_bottom,644.7549128066748,nan,255.26666798396036,274.1862920229323,47.459,47.492000000000004,47.587,47.826,0.09499999999999886,0.40400000000000347,0.40400000000000347,42.13759477363007,0
47.785,48.14,1,1,-5.249999999995931,-0.75,-4.891716035349702e-12,1,-5.272297243743805,-0.7315679423387591,4.5542200090556555e-43,0.7180000000000035,1.0,0.028929359280485126,2.8027468340200575e-10,131.79030599999933,282.6582061780157,nan,nan,1,47.422,130.98024443268392,281.486211096643,0.0,0.7180000000000035,1.0,-5.292911306594069,-0.818858051543503,0.08113452715291516,-5.292911306594069,-0.768858051543503,0.04687223423282517,0.05,nan,nan,nan,nan,nan,nan,nan,131.79030599999933,0.9608537554740906,0.9608537554740906,1.0,0.0,299.0,644.7549128066748,118.58964538574219,258.49462890625,145.93614196777344,282.0718688964844,nan,nan,nan,nan,nan,0.0,nan,3.2005177252907693,nan,nan,nan,1.0,0.9608537554740906,0.9608537554740906,299.0,0.0,bbox_bottom,644.7549128066748,nan,217.65049299574457,239.26052401657216,47.816,47.84,47.905,48.14,0.06499999999999773,0.355000000000004,0.355000000000004,42.13759477363007,0
48.082,48.507000000000005,1,1,-5.249999999995931,-0.75,-4.8917159920872765e-12,1,-5.255776561332235,-0.7483291228145834,4.5542200090556555e-43,0.7220000000000084,1.0,0.006013359413907008,2.8027468092325135e-10,131.59935847845375,281.45845104787037,nan,nan,1,48.082,131.59935847845375,281.45845104787037,0.0,0.42500000000000426,1.0,-5.286666232872868,-0.8184578164036892,0.07765877452127977,-5.286666232872868,-0.7684578164036892,0.04105001363919446,0.05,nan,nan,nan,nan,nan,nan,nan,131.59935847845375,0.9608537554740906,0.9608537554740906,1.0,0.0,299.0,644.7549128066748,118.58964538574219,258.49462890625,145.93614196777344,282.0718688964844,nan,nan,nan,nan,nan,0.0,nan,3.2005177252907693,nan,nan,nan,1.0,0.9608537554740906,0.9608537554740906,299.0,0.0,bbox_bottom,644.7549128066748,nan,184.35279000550508,209.93289799662307,48.115,48.151,48.226000000000006,48.503,0.07500000000000284,0.4209999999999994,0.4209999999999994,42.13759477363007,0
48.445,48.933,1,1,-5.249999999995931,-0.75,-4.891715922380863e-12,1,-5.2660773461530725,-0.7311876023123072,4.5542200090556555e-43,0.8509999999999991,1.0,0.02474646169084494,2.8027467692936807e-10,130.6577442798727,282.8012183005022,nan,nan,1,48.445,130.6577442798727,282.8012183005022,0.0,0.48799999999999955,1.0,-5.287140171279012,-0.8377829285169162,0.09531649837222624,-5.287140171279012,-0.7877829285169161,0.0529805814450067,0.05,nan,nan,nan,nan,nan,nan,nan,130.6577442798727,0.9608537554740906,0.9608537554740906,1.0,0.0,299.0,644.7549128066748,118.58964538574219,258.49462890625,145.93614196777344,282.0718688964844,nan,nan,nan,nan,nan,0.0,nan,3.2005177252907693,nan,nan,nan,1.0,0.9608537554740906,0.9608537554740906,299.0,0.0,bbox_bottom,644.7549128066748,nan,187.13300401577726,214.76195799186826,48.487,48.511,48.573,48.929,0.06199999999999761,0.48400000000000176,0.48400000000000176,42.13759477363007,0
48.874,49.276,1,1,-5.249999999995931,-0.75,-4.891715860946612e-12,1,-5.26649718167658,-0.7503375712363256,4.5542200090556555e-43,0.8310000000000031,1.0,0.016500635070927396,2.8027467340944474e-10,133.06903303527284,281.5954921490832,nan,nan,1,48.445,130.6577442798727,282.8012183005022,0.0,0.8310000000000031,1.0,-5.287140171279012,-0.8377829285169162,0.09531649837222624,-5.287140171279012,-0.7877829285169161,0.0529805814450067,0.05,nan,nan,nan,nan,nan,nan,nan,133.06903303527284,0.9608537554740906,0.9608537554740906,1.0,0.0,299.0,644.7549128066748,118.58964538574219,258.49462890625,145.93614196777344,282.0718688964844,nan,nan,nan,nan,nan,0.0,nan,3.2005177252907693,nan,nan,nan,1.0,0.9608537554740906,0.9608537554740906,299.0,0.0,bbox_bottom,644.7549128066748,nan,175.57404199033044,197.3151720012538,48.910000000000004,48.940000000000005,49.006,49.276,0.0659999999999954,0.402000000000001,0.402000000000001,42.13759477363007,0
49.237,49.643,1,1,-5.249999999995931,-0.75,-4.891715820580646e-12,1,-5.249904149374595,-0.733187528167285,4.5542200090556555e-43,0.7689999999999984,1.0,0.016812745060442807,2.8027467109664527e-10,132.42623362229912,280.77922277372505,nan,nan,1,49.237,132.42623362229912,280.77922277372505,0.0,0.4059999999999988,1.0,-5.282777203638515,-0.8086563821522583,0.0671931264774842,-5.282777203638515,-0.7586563821522583,0.033901003386232614,0.05,nan,nan,nan,nan,nan,nan,nan,132.42623362229912,0.9608537554740906,0.9608537554740906,1.0,0.0,299.0,644.7549128066748,118.58964538574219,258.49462890625,145.93614196777344,282.0718688964844,nan,nan,nan,nan,nan,0.0,nan,3.2005177252907693,nan,nan,nan,1.0,0.9608537554740906,0.9608537554740906,299.0,0.0,bbox_bottom,644.7549128066748,nan,166.57267400296405,190.52803501836024,49.266000000000005,49.285000000000004,49.349000000000004,49.641000000000005,0.06400000000000006,0.40400000000000347,0.40400000000000347,42.13759477363007,0
49.6,49.976000000000006,1,1,-5.249999999995931,-0.75,-4.89171578444778e-12,1,-5.262229833673156,-0.7214845176449773,4.5542200090556555e-43,0.7390000000000043,1.0,0.031027432470512064,2.8027466902638456e-10,131.7910805220169,283.4498198492069,nan,nan,1,49.237,132.42623362229912,280.77922277372505,0.0,0.7390000000000043,1.0,-5.282777203638515,-0.8086563821522583,0.0671931264774842,-5.282777203638515,-0.7586563821522583,0.033901003386232614,0.05,nan,nan,nan,nan,nan,nan,nan,131.7910805220169,0.9608537554740906,0.9608537554740906,1.0,0.0,299.0,644.7549128066748,118.58964538574219,258.49462890625,145.93614196777344,282.0718688964844,nan,nan,nan,nan,nan,0.0,nan,3.2005177252907693,nan,nan,nan,1.0,0.9608537554740906,0.9608537554740906,299.0,0.0,bbox_bottom,644.7549128066748,nan,161.23589099152014,181.12871699850075,49.63,49.649,49.712,49.976000000000006,0.06300000000000239,0.3760000000000048,0.3760000000000048,42.13759477363007,0
49.93,50.339000000000006,1,1,-5.249999999995931,-0.75,-4.891715757143183e-12,1,-5.250291345203844,-0.7596064496907076,4.5542200090556555e-43,0.7390000000000043,1.0,0.009610866646159916,2.802746674619464e-10,132.39862441082494,284.38223238328027,nan,nan,1,49.93,132.39862441082494,284.38223238328027,0.0,0.409000000000006,1.0,-5.25817788602832,-0.8604498024031492,0.11075214070551156,-5.25817788602832,-0.8104498024031491,0.06100046254364397,0.05,nan,nan,nan,nan,nan,nan,nan,132.39862441082494,0.9608537554740906,0.9608537554740906,1.0,0.0,299.0,644.7549128066748,118.58964538574219,258.49462890625,145.93614196777344,282.0718688964844,nan,nan,nan,nan,nan,0.0,nan,3.2005177252907693,nan,nan,nan,1.0,0.9608537554740906,0.9608537554740906,299.0,0.0,bbox_bottom,644.7549128066748,nan,148.16509099910036,170.75552899041213,49.963,49.98500000000001,50.041000000000004,50.326,0.055999999999997385,0.3960000000000008,0.3960000000000008,42.13759477363007,0
50.26,50.722,1,1,-5.249999999995931,-0.75,-4.891715679261289e-12,1,-5.237585319028522,-0.7728760285266754,4.5542200090556555e-43,0.7920000000000016,1.0,0.026027619650590774,2.8027466299964257e-10,131.47570093460067,282.65215331320866,nan,nan,1,49.93,132.39862441082494,284.38223238328027,0.0,0.7920000000000016,1.0,-5.25817788602832,-0.8604498024031492,0.11075214070551156,-5.25817788602832,-0.8104498024031491,0.06100046254364397,0.05,nan,nan,nan,nan,nan,nan,nan,131.47570093460067,0.9608537554740906,0.9608537554740906,1.0,0.0,299.0,644.7549128066748,118.58964538574219,258.49462890625,145.93614196777344,282.0718688964844,nan,nan,nan,nan,nan,0.0,nan,3.2005177252907693,nan,nan,nan,1.0,0.9608537554740906,0.9608537554740906,299.0,0.0,bbox_bottom,644.7549128066748,nan,205.16764000058174,225.58222501538694,50.293000000000006,50.342000000000006,50.422000000000004,50.722,0.0799999999999983,0.4620000000000033,0.4620000000000033,42.13759477363007,0
50.656,51.05200000000001,1,1,-5.249999999995931,-0.75,-4.891715629263012e-12,1,-5.259072215028631,-0.7482342937748256,4.5542200090556555e-43,0.7920000000000087,1.0,0.009242445784161484,2.802746601349523e-10,132.0673878489247,282.6376867433125,nan,nan,1,50.26,131.47570093460067,282.65215331320866,0.0,0.7920000000000087,1.0,-5.279680631575237,-0.8356409131197702,0.09063832462559382,-5.279680631575237,-0.7856409131197701,0.04638118777001626,0.05,nan,nan,nan,nan,nan,nan,nan,132.0673878489247,0.9608537554740906,0.9608537554740906,1.0,0.0,299.0,644.7549128066748,118.58964538574219,258.49462890625,145.93614196777344,282.0718688964844,nan,nan,nan,nan,nan,0.0,nan,3.2005177252907693,nan,nan,nan,1.0,0.9608537554740906,0.9608537554740906,299.0,0.0,bbox_bottom,644.7549128066748,nan,166.504419001285,188.062834989978,50.689,50.73800000000001,50.788000000000004,51.05200000000001,0.04999999999999716,0.3960000000000079,0.3960000000000079,42.13759477363007,0
50.986,51.382000000000005,1,1,-5.249999999995931,-0.75,-4.891715521280309e-12,1,-5.253052978390125,-0.7480439875554401,4.5542200090556555e-43,0.7260000000000062,1.0,0.0036258325607624897,2.8027465394799915e-10,132.25568231709906,281.5106707860752,nan,nan,1,50.656,132.0673878489247,282.6376867433125,0.0,0.7260000000000062,1.0,-5.273637518116513,-0.8354329691294016,0.08864267864390223,-5.273637518116513,-0.7854329691294015,0.0425937502953891,0.05,nan,nan,nan,nan,nan,nan,nan,132.25568231709906,0.9608537554740906,0.9608537554740906,1.0,0.0,299.0,644.7549128066748,118.58964538574219,258.49462890625,145.93614196777344,282.0718688964844,nan,nan,nan,nan,nan,0.0,nan,3.2005177252907693,nan,nan,nan,1.0,0.9608537554740906,0.9608537554740906,299.0,0.0,bbox_bottom,644.7549128066748,nan,183.69694301509298,212.1494249731768,51.019000000000005,51.066,51.150000000000006,51.382000000000005,0.08400000000000318,0.3960000000000079,0.3960000000000079,42.13759477363007,0
51.316,51.71,1,1,-5.249999999995931,-0.75,-4.891715525824599e-12,1,-5.258916364535356,-0.7319523710352354,4.5542200090556555e-43,0.7240000000000038,1.0,0.020130038943075086,2.802746542083678e-10,131.39527691243612,285.1379056355333,nan,nan,1,51.316,131.39527691243612,285.1379056355333,0.0,0.39399999999999835,1.0,-5.263371279154758,-0.8712508343242337,0.12198588414511756,-5.263371279154758,-0.8212508343242336,0.07249463772061124,0.05,nan,nan,nan,nan,nan,nan,nan,131.39527691243612,0.9608537554740906,0.9608537554740906,1.0,0.0,299.0,644.7549128066748,118.58964538574219,258.49462890625,145.93614196777344,282.0718688964844,nan,nan,nan,nan,nan,0.0,nan,3.2005177252907693,nan,nan,nan,1.0,0.9608537554740906,0.9608537554740906,299.0,0.0,bbox_bottom,644.7549128066748,nan,187.2979149920866,210.98923298995942,51.349000000000004,51.382000000000005,51.456,51.709,0.07399999999999807,0.3930000000000007,0.3930000000000007,42.13759477363007,0
51.646,52.075,1,1,-5.249999999995931,-0.75,-4.8917154936502946e-12,1,-5.242729459252932,-0.783566312398835,4.5542200090556555e-43,0.7590000000000003,1.0,0.03434469523451609,2.802746523649159e-10,132.1855486170336,280.0552082062511,nan,nan,1,51.316,131.39527691243612,285.1379056355333,0.0,0.7590000000000003,1.0,-5.263371279154758,-0.8712508343242337,0.12198588414511756,-5.263371279154758,-0.8212508343242336,0.07249463772061124,0.05,nan,nan,nan,nan,nan,nan,nan,132.1855486170336,0.9608537554740906,0.9608537554740906,1.0,0.0,299.0,644.7549128066748,118.58964538574219,258.49462890625,145.93614196777344,282.0718688964844,nan,nan,nan,nan,nan,0.0,nan,3.2005177252907693,nan,nan,nan,1.0,0.9608537554740906,0.9608537554740906,299.0,0.0,bbox_bottom,644.7549128066748,nan,193.5232800024096,211.56668997718953,51.675000000000004,51.712,51.789,52.075,0.07699999999999818,0.42900000000000205,0.42900000000000205,42.13759477363007,0
52.009,52.545,1,1,-5.249999999995931,-0.75,-4.891715456675359e-12,1,-5.269765557624232,-0.7110921015960636,4.5542200090556555e-43,0.8990000000000009,1.0,0.043640598375465724,2.802746502464082e-10,131.61429306885447,282.74990862360835,nan,nan,1,52.009,131.61429306885447,282.74990862360835,0.0,0.5360000000000014,1.0,-5.2775656824490955,-0.8370456938390476,0.09130618634588729,-5.2775656824490955,-0.7870456938390475,0.04617629566265719,0.05,nan,nan,nan,nan,nan,nan,nan,131.61429306885447,0.9608537554740906,0.9608537554740906,1.0,0.0,299.0,644.7549128066748,118.58964538574219,258.49462890625,145.93614196777344,282.0718688964844,nan,nan,nan,nan,nan,0.0,nan,3.2005177252907693,nan,nan,nan,1.0,0.9608537554740906,0.9608537554740906,299.0,0.0,bbox_bottom,644.7549128066748,nan,233.51691200514324,284.26052298163995,52.036,52.101000000000006,52.199000000000005,52.542,0.09799999999999898,0.5330000000000013,0.5330000000000013,42.13759477363007,0
52.504,52.886,1,1,-5.249999999995931,-0.75,-4.8917154869959545e-12,1,-5.256961625444372,-0.7496319507746803,4.5542200090556555e-43,0.8770000000000024,1.0,0.0069713477259881595,2.8027465198365034e-10,131.76288524357307,283.43231509896964,nan,nan,1,52.504,131.76288524357307,283.43231509896964,0.0,0.382000000000005,1.0,-5.271310066087143,-0.8468421487784948,0.09915906764813757,-5.271310066087143,-0.7968421487784948,0.05146169273351234,0.05,nan,nan,nan,nan,nan,nan,nan,131.76288524357307,0.9608537554740906,0.9608537554740906,1.0,0.0,299.0,644.7549128066748,118.58964538574219,258.49462890625,145.93614196777344,282.0718688964844,nan,nan,nan,nan,nan,0.0,nan,3.2005177252907693,nan,nan,nan,1.0,0.9608537554740906,0.9608537554740906,299.0,0.0,bbox_bottom,644.7549128066748,nan,175.90886299149133,200.528313027462,52.534000000000006,52.561,52.612,52.883,0.05100000000000193,0.3790000000000049,0.3790000000000049,42.13759477363007,0
52.834,53.230000000000004,1,1,-5.249999999995931,-0.75,-4.891715463331981e-12,1,-5.250703643839733,-0.7593565683192158,4.5542200090556555e-43,0.7260000000000062,1.0,0.009382989149043801,2.8027465062780453e-10,133.26529194960176,281.91953026066017,nan,nan,1,52.504,131.76288524357307,283.43231509896964,0.0,0.7260000000000062,1.0,-5.271310066087143,-0.8468421487784948,0.09915906764813757,-5.271310066087143,-0.7968421487784948,0.05146169273351234,0.05,nan,nan,nan,nan,nan,nan,nan,133.26529194960176,0.9608537554740906,0.9608537554740906,1.0,0.0,299.0,644.7549128066748,118.58964538574219,258.49462890625,145.93614196777344,282.0718688964844,nan,nan,nan,nan,nan,0.0,nan,3.2005177252907693,nan,nan,nan,1.0,0.9608537554740906,0.9608537554740906,299.0,0.0,bbox_bottom,644.7549128066748,nan,184.32025201036595,235.54846001206897,52.875,52.900000000000006,52.969,53.230000000000004,0.06899999999999551,0.3960000000000008,0.3960000000000008,42.13759477363007,0
53.164,53.599000000000004,1,1,-5.249999999995931,-0.75,-4.891715413769785e-12,1,-5.245628396622195,-0.7378247809186254,4.5542200090556555e-43,0.7650000000000006,1.0,0.012936262046539368,2.8027464778809985e-10,131.79067773398177,281.06706788945667,nan,nan,1,53.164,131.79067773398177,281.06706788945667,0.0,0.4350000000000023,1.0,-5.287392737093327,-0.8128122049107919,0.07309986233496127,-5.287392737093327,-0.7628122049107918,0.03952681851997578,0.05,nan,nan,nan,nan,nan,nan,nan,131.79067773398177,0.9608537554740906,0.9608537554740906,1.0,0.0,299.0,644.7549128066748,118.58964538574219,258.49462890625,145.93614196777344,282.0718688964844,nan,nan,nan,nan,nan,0.0,nan,3.2005177252907693,nan,nan,nan,1.0,0.9608537554740906,0.9608537554740906,299.0,0.0,bbox_bottom,644.7549128066748,nan,191.0898170026485,210.365888022352,53.197,53.23800000000001,53.312000000000005,53.598000000000006,0.07399999999999807,0.4340000000000046,0.4340000000000046,42.13759477363007,0
53.56,53.887,1,1,-5.249999999995931,-0.75,-4.891715385298263e-12,1,-5.2668163188993375,-0.7255909002277232,4.5542200090556555e-43,0.722999999999999,1.0,0.029641064980091766,2.802746461568018e-10,131.5629271344445,280.59872582181873,nan,nan,1,53.56,131.5629271344445,280.59872582181873,0.0,0.3269999999999982,1.0,-5.293017369427876,-0.8060488651183086,0.07065387005603263,-5.293017369427876,-0.7560488651183086,0.04344056677880572,0.05,nan,nan,nan,nan,nan,nan,nan,131.5629271344445,0.9608537554740906,0.9608537554740906,1.0,0.0,299.0,644.7549128066748,118.58964538574219,258.49462890625,145.93614196777344,282.0718688964844,nan,nan,nan,nan,nan,0.0,nan,3.2005177252907693,nan,nan,nan,1.0,0.9608537554740906,0.9608537554740906,299.0,0.0,bbox_bottom,644.7549128066748,nan,161.9054939947091,190.97384897759184,53.591,53.608000000000004,53.667,53.882000000000005,0.0589999999999975,0.32200000000000273,0.32200000000000273,42.13759477363007,0
53.824,54.187000000000005,1,1,-5.249999999995931,-0.75,-4.891715286852408e-12,1,-5.272437546236478,-0.7188737490642716,4.5542200090556555e-43,0.6270000000000024,1.0,0.03837039195278856,2.802746405162698e-10,133.46728996829088,283.66256968361046,nan,nan,1,53.56,131.5629271344445,280.59872582181873,0.0,0.6270000000000024,1.0,-5.293017369427876,-0.8060488651183086,0.07065387005603263,-5.293017369427876,-0.7560488651183086,0.04344056677880572,0.05,nan,nan,nan,nan,nan,nan,nan,133.46728996829088,0.9608537554740906,0.9608537554740906,1.0,0.0,299.0,644.7549128066748,118.58964538574219,258.49462890625,145.93614196777344,282.0718688964844,nan,nan,nan,nan,nan,0.0,nan,3.2005177252907693,nan,nan,nan,1.0,0.9608537554740906,0.9608537554740906,299.0,0.0,bbox_bottom,644.7549128066748,nan,196.54790998902172,253.9127680065576,53.857000000000006,53.899,53.956,54.187000000000005,0.05700000000000216,0.36300000000000665,0.36300000000000665,42.13759477363007,0
54.121,54.512,1,1,-5.249999999995931,-0.75,-4.891715264053664e-12,1,-5.231508371269758,-0.7626785752007252,4.5542200090556555e-43,0.6880000000000024,1.0,0.022420673541780265,2.80274639209998e-10,131.00675560703007,280.89018592079793,nan,nan,1,53.824,133.46728996829088,283.66256968361046,0.0,0.6880000000000024,1.0,-5.252049416395476,-0.8501436145151225,0.10016458274126731,-5.252049416395476,-0.8001436145151225,0.05018547782197482,0.05,nan,nan,nan,nan,nan,nan,nan,131.00675560703007,0.9608537554740906,0.9608537554740906,1.0,0.0,299.0,644.7549128066748,118.58964538574219,258.49462890625,145.93614196777344,282.0718688964844,nan,nan,nan,nan,nan,0.0,nan,3.2005177252907693,nan,nan,nan,1.0,0.9608537554740906,0.9608537554740906,299.0,0.0,bbox_bottom,644.7549128066748,nan,170.04890099633485,194.51297199702822,54.161,54.203,54.253,54.510000000000005,0.04999999999999716,0.3890000000000029,0.3890000000000029,42.13759477363007,0
54.451,54.847,1,1,-5.249999999995931,-0.75,-4.8917151599033295e-12,1,-5.27617314812441,-0.7230360368874089,4.5542200090556555e-43,0.7259999999999991,1.0,0.03757777254830898,2.8027463324262343e-10,130.4943818196709,281.1080146657522,nan,nan,1,54.121,131.00675560703007,280.89018592079793,0.0,0.7259999999999991,1.0,-5.296778871205194,-0.8102588523749049,0.07628494006783627,-5.296778871205194,-0.7602588523749049,0.0478905715528942,0.05,nan,nan,nan,nan,nan,nan,nan,130.4943818196709,0.9608537554740906,0.9608537554740906,1.0,0.0,299.0,644.7549128066748,118.58964538574219,258.49462890625,145.93614196777344,282.0718688964844,nan,nan,nan,nan,nan,0.0,nan,3.2005177252907693,nan,nan,nan,1.0,0.9608537554740906,0.9608537554740906,299.0,0.0,bbox_bottom,644.7549128066748,nan,169.0583800082095,207.93471700744703,54.484,54.547000000000004,54.592000000000006,54.847,0.045000000000001705,0.3960000000000008,0.3960000000000008,42.13759477363007,0
54.781,55.154,1,1,-5.249999999995931,-0.75,-4.891715080578755e-12,1,-5.279965363066081,-0.7261421075184977,4.5542200090556555e-43,0.703000000000003,1.0,0.038303028830430845,2.8027462869766007e-10,129.1565568754745,280.92958993985246,nan,nan,1,54.781,129.1565568754745,280.92958993985246,0.0,0.37300000000000466,1.0,-5.315757574706311,-0.8108278431464606,0.08957725790423336,-5.315757574706311,-0.7608278431464606,0.06664308530519483,0.05,nan,nan,nan,nan,nan,nan,nan,129.1565568754745,0.9608537554740906,0.9608537554740906,1.0,0.0,299.0,644.7549128066748,118.58964538574219,258.49462890625,145.93614196777344,282.0718688964844,nan,nan,nan,nan,nan,0.0,nan,3.2005177252907693,nan,nan,nan,1.0,0.9608537554740906,0.9608537554740906,299.0,0.0,bbox_bottom,644.7549128066748,nan,155.5152420187369,182.54494600114413,54.814,54.847,54.902,55.154,0.054999999999999716,0.37300000000000466,0.37300000000000466,42.13759477363007,0
55.111,55.539,1,1,-5.249999999995931,-0.75,-4.8917149904803346e-12,1,-5.295077092667382,-0.7235503918735768,4.5542200090556555e-43,0.7580000000000027,1.0,0.05226400342254629,2.8027462353540086e-10,133.55980907655834,281.7261963670199,nan,nan,1,55.111,133.55980907655834,281.7261963670199,0.0,0.4280000000000044,1.0,-5.264430397729839,-0.8223165609868636,0.0737422631312976,-5.264430397729839,-0.7723165609868635,0.026575651883616613,0.05,nan,nan,nan,nan,nan,nan,nan,133.55980907655834,0.9608537554740906,0.9608537554740906,1.0,0.0,299.0,644.7549128066748,118.58964538574219,258.49462890625,145.93614196777344,282.0718688964844,nan,nan,nan,nan,nan,0.0,nan,3.2005177252907693,nan,nan,nan,1.0,0.9608537554740906,0.9608537554740906,299.0,0.0,bbox_bottom,644.7549128066748,nan,147.56925700930879,185.40839798515663,55.137,55.167,55.222,55.536,0.054999999999999716,0.42500000000000426,0.42500000000000426,42.13759477363007,0
55.474,55.821000000000005,1,1,-5.249999999995931,-0.75,-4.891714930895837e-12,1,-5.2439168589579275,-0.7350696353468658,4.5542200090556555e-43,0.710000000000008,1.0,0.016122046816822177,2.802746201214606e-10,133.11747791161122,281.58289983264234,nan,nan,1,55.474,133.11747791161122,281.58289983264234,0.0,0.3470000000000084,1.0,-5.2700191745518525,-0.8202516859214388,0.07304838618823097,-5.2700191745518525,-0.7702516859214388,0.02847627315083643,0.05,nan,nan,nan,nan,nan,nan,nan,133.11747791161122,0.9608537554740906,0.9608537554740906,1.0,0.0,299.0,644.7549128066748,118.58964538574219,258.49462890625,145.93614196777344,282.0718688964844,nan,nan,nan,nan,nan,0.0,nan,3.2005177252907693,nan,nan,nan,1.0,0.9608537554740906,0.9608537554740906,299.0,0.0,bbox_bottom,644.7549128066748,nan,191.6047809936572,249.35316198389046,55.528000000000006,55.548,55.606,55.818000000000005,0.05799999999999983,0.3440000000000083,0.3440000000000083,42.13759477363007,0
55.771,56.068000000000005,1,1,-5.249999999995931,-0.75,-4.891714914972127e-12,1,-5.249489659766014,-0.7330087609734262,4.5542200090556555e-43,0.5940000000000083,1.0,0.01699890145887193,2.8027461920909923e-10,134.02356097375093,282.2710868794982,nan,nan,1,55.474,133.11747791161122,281.58289983264234,0.0,0.5940000000000083,1.0,-5.2700191745518525,-0.8202516859214388,0.07304838618823097,-5.2700191745518525,-0.7702516859214388,0.02847627315083643,0.05,nan,nan,nan,nan,nan,nan,nan,134.02356097375093,0.9608537554740906,0.9608537554740906,1.0,0.0,299.0,644.7549128066748,118.58964538574219,258.49462890625,145.93614196777344,282.0718688964844,nan,nan,nan,nan,nan,0.0,nan,3.2005177252907693,nan,nan,nan,1.0,0.9608537554740906,0.9608537554740906,299.0,0.0,bbox_bottom,644.7549128066748,nan,129.94617101503536,161.8864600022789,55.804,55.833000000000006,55.853,56.068000000000005,0.01999999999999602,0.29700000000000415,0.29700000000000415,42.13759477363007,0
56.002,56.398,1,1,-5.249999999995931,-0.75,-4.891714846695592e-12,1,-5.235350738054221,-0.7428661487913608,4.5542200090556555e-43,0.6270000000000024,1.0,0.016293946989721343,2.8027461529714193e-10,131.88089138461433,284.62429292185544,nan,nan,1,55.771,134.02356097375093,282.2710868794982,0.0,0.6270000000000024,1.0,-5.25585240291181,-0.8301612891516332,0.08037464089090249,-5.25585240291181,-0.7801612891516332,0.030723834122358618,0.05,nan,nan,nan,nan,nan,nan,nan,131.88089138461433,0.9608537554740906,0.9608537554740906,1.0,0.0,299.0,644.7549128066748,118.58964538574219,258.49462890625,145.93614196777344,282.0718688964844,nan,nan,nan,nan,nan,0.0,nan,3.2005177252907693,nan,nan,nan,1.0,0.9608537554740906,0.9608537554740906,299.0,0.0,bbox_bottom,644.7549128066748,nan,186.6655379999429,199.67606497812085,56.035000000000004,56.068000000000005,56.112,56.398,0.04399999999999693,0.3960000000000008,0.3960000000000008,42.13759477363007,0
56.332,56.728,1,1,-5.249999999995931,-0.75,-4.891714752981441e-12,1,-5.241259548169012,-0.7762973882894499,4.5542200090556555e-43,0.7259999999999991,1.0,0.027711877038280854,2.802746099277166e-10,131.93842182047237,280.85064554675824,nan,nan,1,56.002,131.88089138461433,284.62429292185544,0.0,0.7259999999999991,1.0,-5.261875746667397,-0.8639119658935815,0.11452933830571675,-5.261875746667397,-0.8139119658935815,0.06500594390813164,0.05,nan,nan,nan,nan,nan,nan,nan,131.93842182047237,0.9608537554740906,0.9608537554740906,1.0,0.0,299.0,644.7549128066748,118.58964538574219,258.49462890625,145.93614196777344,282.0718688964844,nan,nan,nan,nan,nan,0.0,nan,3.2005177252907693,nan,nan,nan,1.0,0.9608537554740906,0.9608537554740906,299.0,0.0,bbox_bottom,644.7549128066748,nan,201.35673499316908,239.52920798910782,56.36900000000001,56.416000000000004,56.495000000000005,56.728,0.07900000000000063,0.3960000000000008,0.3960000000000008,42.13759477363007,0
56.662,57.05800000000001,1,1,-5.249999999995931,-0.75,-4.89171472830976e-12,1,-5.266790381672234,-0.7224947700867281,4.5542200090556555e-43,0.7260000000000062,1.0,0.0322250615114674,2.802746085141334e-10,132.4648036787179,282.0330338579263,nan,nan,1,56.332,131.93842182047237,280.85064554675824,0.0,0.7260000000000062,1.0,-5.287358215352172,-0.8096878688019307,0.07041504055753814,-5.287358215352172,-0.7596878688019306,0.038593925124644594,0.05,nan,nan,nan,nan,nan,nan,nan,132.4648036787179,0.9608537554740906,0.9608537554740906,1.0,0.0,299.0,644.7549128066748,118.58964538574219,258.49462890625,145.93614196777344,282.0718688964844,nan,nan,nan,nan,nan,0.0,nan,3.2005177252907693,nan,nan,nan,1.0,0.9608537554740906,0.9608537554740906,299.0,0.0,bbox_bottom,644.7549128066748,nan,180.55530299898237,208.1354209803976,56.695,56.728,56.794000000000004,57.05800000000001,0.0660000000000025,0.3960000000000079,0.3960000000000079,42.13759477363007,0
56.992,57.388000000000005,1,1,-5.249999999995931,-0.75,-4.891714677618022e-12,1,-5.253128697062196,-0.7394246474057449,4.5542200090556555e-43,0.7260000000000062,1.0,0.011028455368965809,2.8027460560971074e-10,133.32921822992407,281.15023497198655,nan,nan,1,56.662,132.4648036787179,282.0330338579263,0.0,0.7260000000000062,1.0,-5.273689912263433,-0.8267354971254722,0.08030908082113306,-5.273689912263433,-0.7767354971254722,0.03572112469937159,0.05,nan,nan,nan,nan,nan,nan,nan,133.32921822992407,0.9608537554740906,0.9608537554740906,1.0,0.0,299.0,644.7549128066748,118.58964538574219,258.49462890625,145.93614196777344,282.0718688964844,nan,nan,nan,nan,nan,0.0,nan,3.2005177252907693,nan,nan,nan,1.0,0.9608537554740906,0.9608537554740906,299.0,0.0,bbox_bottom,644.7549128066748,nan,181.67617797735147,201.18971398915164,57.023,57.071000000000005,57.134,57.388000000000005,0.06299999999999528,0.3960000000000079,0.3960000000000079,42.13759477363007,0
57.322,57.734,1,1,-5.249999999995931,-0.75,-4.8917146619763125e-12,1,-5.2407264693943,-0.7521615584686305,4.5542200090556555e-43,0.41199999999999903,1.0,0.00952211661515979,2.802746047135068e-10,133.06761060823732,282.92461736705866,nan,nan,1,57.322,133.06761060823732,282.92461736705866,0.0,0.41199999999999903,1.0,-5.261274463584283,-0.839555382430615,0.0902622847677743,-5.261274463584283,-0.789555382430615,0.04113078905682793,0.05,nan,nan,nan,nan,nan,nan,nan,133.06761060823732,0.9608537554740906,0.9608537554740906,1.0,0.0,299.0,644.7549128066748,118.58964538574219,258.49462890625,145.93614196777344,282.0718688964844,nan,nan,nan,nan,nan,0.0,nan,3.2005177252907693,nan,nan,nan,1.0,0.9608537554740906,0.9608537554740906,299.0,0.0,bbox_bottom,644.7549128066748,nan,211.98323101270944,245.9929359902162,57.352000000000004,57.401,57.482000000000006,57.718,0.08100000000000307,0.3960000000000008,0.3960000000000008,42.13759477363007,0
57.652,58.067,1,1,-5.249999999995931,-0.75,-4.891714626869007e-12,1,-5.2407264693943,-0.7521615584686305,4.5542200090556555e-43,0.7449999999999974,1.0,0.00952211661515979,2.802746027020064e-10,131.59520638482275,282.23511290220705,nan,nan,1,57.652,131.59520638482275,282.23511290220705,0.0,0.41499999999999915,1.0,-5.281326044974493,-0.8296438128603875,0.08558304750906759,-5.281326044974493,-0.7796438128603874,0.04312860692047183,0.05,nan,nan,nan,nan,nan,nan,nan,131.59520638482275,0.9608537554740906,0.9608537554740906,1.0,0.0,299.0,644.7549128066748,118.58964538574219,258.49462890625,145.93614196777344,282.0718688964844,nan,nan,nan,nan,nan,0.0,nan,3.2005177252907693,nan,nan,nan,1.0,0.9608537554740906,0.9608537554740906,299.0,0.0,bbox_bottom,644.7549128066748,nan,176.75403301836923,198.1880990206264,57.685,57.73800000000001,57.807,58.065000000000005,0.06899999999999551,0.4130000000000038,0.4130000000000038,42.13759477363007,0
58.015,58.411,1,1,-5.249999999995931,-0.75,-4.891714511041728e-12,1,-5.260727502579194,-0.7422868685371184,4.5542200090556555e-43,0.7590000000000003,1.0,0.01321255874679886,2.8027459606559216e-10,131.43214171990348,284.41767697032503,nan,nan,1,57.652,131.59520638482275,282.23511290220705,0.0,0.7590000000000003,1.0,-5.281326044974493,-0.8296438128603875,0.08558304750906759,-5.281326044974493,-0.7796438128603874,0.04312860692047183,0.05,nan,nan,nan,nan,nan,nan,nan,131.43214171990348,0.9608537554740906,0.9608537554740906,1.0,0.0,299.0,644.7549128066748,118.58964538574219,258.49462890625,145.93614196777344,282.0718688964844,nan,nan,nan,nan,nan,0.0,nan,3.2005177252907693,nan,nan,nan,1.0,0.9608537554740906,0.9608537554740906,299.0,0.0,bbox_bottom,644.7549128066748,nan,189.1878180031199,219.31306199985556,58.048,58.073,58.147000000000006,58.411,0.07400000000000517,0.3960000000000008,0.3960000000000008,42.13759477363007,0
58.345,58.75000000000001,1,1,-5.249999999995931,-0.75,-4.891714456166163e-12,1,-5.247313780746433,-0.7733531120073771,4.5542200090556555e-43,0.7350000000000065,1.0,0.023507097104608132,2.8027459292145384e-10,131.55875411447764,281.6187944528157,nan,nan,1,58.015,131.43214171990348,284.41767697032503,0.0,0.7350000000000065,1.0,-5.267945402613489,-0.8609569330028888,0.11239874757537918,-5.267945402613489,-0.8109569330028887,0.06354356896039855,0.05,nan,nan,nan,nan,nan,nan,nan,131.55875411447764,0.9608537554740906,0.9608537554740906,1.0,0.0,299.0,644.7549128066748,118.58964538574219,258.49462890625,145.93614196777344,282.0718688964844,nan,nan,nan,nan,nan,0.0,nan,3.2005177252907693,nan,nan,nan,1.0,0.9608537554740906,0.9608537554740906,299.0,0.0,bbox_bottom,644.7549128066748,nan,206.74681800301187,226.5467079996597,58.388000000000005,58.411,58.489000000000004,58.75000000000001,0.07800000000000296,0.40500000000000824,0.40500000000000824,42.13759477363007,0
58.675,59.103,1,1,-5.249999999995931,-0.75,-4.891714415348345e-12,1,-5.265383600083002,-0.7334798447077027,4.5542200090556555e-43,0.7580000000000027,1.0,0.02257367233129202,2.8027459058276516e-10,131.19705565479444,281.7257476213112,nan,nan,1,58.675,131.19705565479444,281.7257476213112,0.0,0.4280000000000044,1.0,-5.28899418146443,-0.822310186024282,0.08215417939012273,-5.28899418146443,-0.7723101860242819,0.044925389133943706,0.05,nan,nan,nan,nan,nan,nan,nan,131.19705565479444,0.9608537554740906,0.9608537554740906,1.0,0.0,299.0,644.7549128066748,118.58964538574219,258.49462890625,145.93614196777344,282.0718688964844,nan,nan,nan,nan,nan,0.0,nan,3.2005177252907693,nan,nan,nan,1.0,0.9608537554740906,0.9608537554740906,299.0,0.0,bbox_bottom,644.7549128066748,nan,185.4578620113898,219.42811500048265,58.708000000000006,58.773,58.84,59.103,0.06700000000000017,0.4280000000000044,0.4280000000000044,42.13759477363007,0
59.038,59.50000000000001,1,1,-5.249999999995931,-0.75,-4.891714331064047e-12,1,-5.249694412203105,-0.7509287683682253,4.5542200090556555e-43,0.4620000000000104,1.0,0.0009777497537407757,2.802745857536306e-10,132.2570176500609,282.83965803182906,nan,nan,1,59.038,132.2570176500609,282.83965803182906,0.0,0.4620000000000104,1.0,-5.270273825039247,-0.8383350902549571,0.0906317612773712,-5.270273825039247,-0.7883350902549571,0.04336596737930202,0.05,nan,nan,nan,nan,nan,nan,nan,132.2570176500609,0.9608537554740906,0.9608537554740906,1.0,0.0,299.0,644.7549128066748,118.58964538574219,258.49462890625,145.93614196777344,282.0718688964844,nan,nan,nan,nan,nan,0.0,nan,3.2005177252907693,nan,nan,nan,1.0,0.9608537554740906,0.9608537554740906,299.0,0.0,bbox_bottom,644.7549128066748,nan,212.9590940021444,245.66580998362042,59.069,59.121,59.203,59.50000000000001,0.08200000000000074,0.4620000000000104,0.4620000000000104,42.13759477363007,0
59.434,59.830000000000005,1,1,-5.249999999995931,-0.75,-4.891714313679816e-12,1,-5.249694412203105,-0.7509287683682253,4.5542200090556555e-43,0.7920000000000087,1.0,0.0009777497537407757,2.8027458475758754e-10,131.6524070306921,281.8860949378128,nan,nan,1,59.038,132.2570176500609,282.83965803182906,0.0,0.7920000000000087,1.0,-5.270273825039247,-0.8383350902549571,0.0906317612773712,-5.270273825039247,-0.7883350902549571,0.04336596737930202,0.05,nan,nan,nan,nan,nan,nan,nan,131.6524070306921,0.9608537554740906,0.9608537554740906,1.0,0.0,299.0,644.7549128066748,118.58964538574219,258.49462890625,145.93614196777344,282.0718688964844,nan,nan,nan,nan,nan,0.0,nan,3.2005177252907693,nan,nan,nan,1.0,0.9608537554740906,0.9608537554740906,299.0,0.0,bbox_bottom,644.7549128066748,nan,233.88550197705626,266.87477200175636,59.467000000000006,59.512,59.602000000000004,59.830000000000005,0.09000000000000341,0.3960000000000079,0.3960000000000079,42.13759477363007,0
59.764,60.226000000000006,1,1,-5.249999999995931,-0.75,-4.891714276496835e-12,1,-5.262557416096581,-0.7373033527031685,4.5542200090556555e-43,0.7920000000000087,1.0,0.017857590870691515,2.8027458262715963e-10,130.84640431034376,281.24446666971824,nan,nan,1,59.434,131.6524070306921,281.8860949378128,0.0,0.7920000000000087,1.0,-5.283149403170593,-0.8246198434674037,0.081651723618893,-5.283149403170593,-0.7746198434674036,0.04129188326046316,0.05,nan,nan,nan,nan,nan,nan,nan,130.84640431034376,0.9608537554740906,0.9608537554740906,1.0,0.0,299.0,644.7549128066748,118.58964538574219,258.49462890625,145.93614196777344,282.0718688964844,nan,nan,nan,nan,nan,0.0,nan,3.2005177252907693,nan,nan,nan,1.0,0.9608537554740906,0.9608537554740906,299.0,0.0,bbox_bottom,644.7549128066748,nan,258.6963170033414,284.05329200904816,59.793000000000006,59.843,59.949000000000005,60.226000000000006,0.10600000000000165,0.4620000000000033,0.4620000000000033,42.13759477363007,0
60.16,60.578,1,1,-5.249999999995931,-0.75,-4.891714248944856e-12,1,-5.275366739487888,-0.7281051409887387,4.5542200090556555e-43,0.8140000000000001,1.0,0.0335090483836202,2.8027458104854757e-10,135.01870123503377,283.11311208817915,nan,nan,1,60.16,135.01870123503377,283.11311208817915,0.0,0.41800000000000637,1.0,-5.239731085186748,-0.8422618038717451,0.09283151978195023,-5.239731085186748,-0.792261803871745,0.04349150121405449,0.05,nan,nan,nan,nan,nan,nan,nan,135.01870123503377,0.9608537554740906,0.9608537554740906,1.0,0.0,299.0,644.7549128066748,118.58964538574219,258.49462890625,145.93614196777344,282.0718688964844,nan,nan,nan,nan,nan,0.0,nan,3.2005177252907693,nan,nan,nan,1.0,0.9608537554740906,0.9608537554740906,299.0,0.0,bbox_bottom,644.7549128066748,nan,164.86432700185105,182.67814099090174,60.191,60.230000000000004,60.292,60.577000000000005,0.06199999999999761,0.4170000000000087,0.4170000000000087,42.13759477363007,0
60.523,60.952000000000005,1,1,-5.249999999995931,-0.75,-4.891714198059186e-12,1,-5.219258884480624,-0.7548998314974511,4.5542200090556555e-43,0.7920000000000087,1.0,0.031129158867995298,2.8027457813301343e-10,131.4814696350805,280.7344716549561,nan,nan,1,60.523,131.4814696350805,280.7344716549561,0.0,0.42900000000000205,1.0,-5.292921327903153,-0.808010036317411,0.07216234962129917,-5.292921327903153,-0.7580100363174109,0.04366235301865348,0.05,nan,nan,nan,nan,nan,nan,nan,131.4814696350805,0.9608537554740906,0.9608537554740906,1.0,0.0,299.0,644.7549128066748,118.58964538574219,258.49462890625,145.93614196777344,282.0718688964844,nan,nan,nan,nan,nan,0.0,nan,3.2005177252907693,nan,nan,nan,1.0,0.9608537554740906,0.9608537554740906,299.0,0.0,bbox_bottom,644.7549128066748,nan,190.10036601684988,222.27075500995852,60.556000000000004,60.585,60.655,60.952000000000005,0.07000000000000028,0.42900000000000205,0.42900000000000205,42.13759477363007,0
60.886,61.275000000000006,1,1,-5.249999999995931,-0.75,-4.891714180819139e-12,1,-5.272336570271864,-0.7208175222560913,4.5542200090556555e-43,0.7520000000000024,1.0,0.03674968542675423,2.802745771452315e-10,131.28731084615816,282.05017803697064,nan,nan,1,60.886,131.28731084615816,282.05017803697064,0.0,0.3890000000000029,1.0,-5.285806104610538,-0.8269823376178074,0.08490204610475677,-5.285806104610538,-0.7769823376178073,0.04483440276164615,0.05,nan,nan,nan,nan,nan,nan,nan,131.28731084615816,0.9608537554740906,0.9608537554740906,1.0,0.0,299.0,644.7549128066748,118.58964538574219,258.49462890625,145.93614196777344,282.0718688964844,nan,nan,nan,nan,nan,0.0,nan,3.2005177252907693,nan,nan,nan,1.0,0.9608537554740906,0.9608537554740906,299.0,0.0,bbox_bottom,644.7549128066748,nan,223.22730600717478,255.1343149971217,60.93900000000001,60.964000000000006,61.051,61.271,0.08699999999999619,0.384999999999998,0.384999999999998,42.13759477363007,0
61.216,61.606,1,1,-5.249999999995931,-0.75,-4.891714156350279e-12,1,-5.259753460234898,-0.7293329730930942,4.5542200090556555e-43,0.39000000000000057,1.0,0.022852920771837364,2.802745757432691e-10,132.297621465117,281.3275082955535,nan,nan,1,61.216,132.297621465117,281.3275082955535,0.0,0.39000000000000057,1.0,-5.28031272755721,-0.816569619000678,0.07314626187372643,-5.28031272755721,-0.766569619000678,0.03454582067388123,0.05,nan,nan,nan,nan,nan,nan,nan,132.297621465117,0.9608537554740906,0.9608537554740906,1.0,0.0,299.0,644.7549128066748,118.58964538574219,258.49462890625,145.93614196777344,282.0718688964844,nan,nan,nan,nan,nan,0.0,nan,3.2005177252907693,nan,nan,nan,1.0,0.9608537554740906,0.9608537554740906,299.0,0.0,bbox_bottom,644.7549128066748,nan,172.14989301282912,198.2032590021845,61.249,61.282000000000004,61.346000000000004,61.603,0.06400000000000006,0.38700000000000045,0.38700000000000045,42.13759477363007,0
61.546,61.941,1,1,-5.249999999995931,-0.75,-4.8917141371495145e-12,1,-5.259753460234898,-0.7293329730930942,4.5542200090556555e-43,0.7250000000000014,1.0,0.022852920771837364,2.8027457464314634e-10,130.97631921002016,283.4942474017328,nan,nan,1,61.546,130.97631921002016,283.4942474017328,0.0,0.3950000000000031,1.0,-5.279040124809791,-0.8477303975192134,0.10195371228389889,-5.279040124809791,-0.7977303975192134,0.0558705619852413,0.05,nan,nan,nan,nan,nan,nan,nan,130.97631921002016,0.9608537554740906,0.9608537554740906,1.0,0.0,299.0,644.7549128066748,118.58964538574219,258.49462890625,145.93614196777344,282.0718688964844,nan,nan,nan,nan,nan,0.0,nan,3.2005177252907693,nan,nan,nan,1.0,0.9608537554740906,0.9608537554740906,299.0,0.0,bbox_bottom,644.7549128066748,nan,168.63092401763424,201.93781499983743,61.579,61.614000000000004,61.673,61.93900000000001,0.0589999999999975,0.3930000000000078,0.3930000000000078,42.13759477363007,0
61.876,62.263000000000005,1,1,-5.249999999995931,-0.75,-4.8917141085076935e-12,1,-5.258401477282986,-0.7602166559863093,4.5542200090556555e-43,0.7170000000000059,1.0,0.013227429083063744,2.802745730020909e-10,132.71457912805292,281.6973008769164,nan,nan,1,61.876,132.71457912805292,281.6973008769164,0.0,0.38700000000000756,1.0,-5.273416425044364,-0.8219002739851281,0.07561731522069115,-5.273416425044364,-0.7719002739851281,0.03206167435853214,0.05,nan,nan,nan,nan,nan,nan,nan,132.71457912805292,0.9608537554740906,0.9608537554740906,1.0,0.0,299.0,644.7549128066748,118.58964538574219,258.49462890625,145.93614196777344,282.0718688964844,nan,nan,nan,nan,nan,0.0,nan,3.2005177252907693,nan,nan,nan,1.0,0.9608537554740906,0.9608537554740906,299.0,0.0,bbox_bottom,644.7549128066748,nan,168.1840519886464,187.33389899716713,61.906000000000006,61.941,62.008,62.262,0.06700000000000017,0.3860000000000028,0.3860000000000028,42.13759477363007,0
62.206,62.598000000000006,1,1,-5.249999999995931,-0.75,-4.8917140291673604e-12,1,-5.252869344235413,-0.7346336499665953,4.5542200090556555e-43,0.7220000000000084,1.0,0.015631949645318208,2.8027456845622465e-10,132.04223246894173,281.5423384373587,nan,nan,1,62.206,132.04223246894173,281.5423384373587,0.0,0.392000000000003,1.0,-5.281479493504804,-0.8196670994029376,0.07644908927380337,-5.281479493504804,-0.7696670994029375,0.03711809950011177,0.05,nan,nan,nan,nan,nan,nan,nan,132.04223246894173,0.9608537554740906,0.9608537554740906,1.0,0.0,299.0,644.7549128066748,118.58964538574219,258.49462890625,145.93614196777344,282.0718688964844,nan,nan,nan,nan,nan,0.0,nan,3.2005177252907693,nan,nan,nan,1.0,0.9608537554740906,0.9608537554740906,299.0,0.0,bbox_bottom,644.7549128066748,nan,189.19259100221097,214.93365499190986,62.239000000000004,62.272000000000006,62.346000000000004,62.598000000000006,0.07399999999999807,0.392000000000003,0.392000000000003,42.13759477363007,0
62.536,62.932,1,1,-5.249999999995931,-0.75,-4.8917139902038505e-12,1,-5.260907346114977,-0.7323995351768564,4.5542200090556555e-43,0.7259999999999991,1.0,0.02070619620672469,2.8027456622378e-10,129.3268482307407,282.187530723577,nan,nan,1,62.206,132.04223246894173,281.5423384373587,0.0,0.7259999999999991,1.0,-5.281479493504804,-0.8196670994029376,0.07644908927380337,-5.281479493504804,-0.7696670994029375,0.03711809950011177,0.05,nan,nan,nan,nan,nan,nan,nan,129.3268482307407,0.9608537554740906,0.9608537554740906,1.0,0.0,299.0,644.7549128066748,118.58964538574219,258.49462890625,145.93614196777344,282.0718688964844,nan,nan,nan,nan,nan,0.0,nan,3.2005177252907693,nan,nan,nan,1.0,0.9608537554740906,0.9608537554740906,299.0,0.0,bbox_bottom,644.7549128066748,nan,193.0831509816926,214.69495201017708,62.579,62.608000000000004,62.690000000000005,62.932,0.08200000000000074,0.3960000000000008,0.3960000000000008,42.13759477363007,0
62.866,63.264,1,1,-5.249999999995931,-0.75,-4.8917139587942e-12,1,-5.284531839266808,-0.741546119533937,4.5542200090556555e-43,0.7280000000000015,1.0,0.03555159656561392,2.802745644241395e-10,131.19234926706204,281.06918459745157,nan,nan,1,62.866,131.19234926706204,281.06918459745157,0.0,0.39800000000000324,1.0,-5.293602992677382,-0.8128427763666497,0.07648813968353128,-5.293602992677382,-0.7628427763666497,0.04545500935631211,0.05,nan,nan,nan,nan,nan,nan,nan,131.19234926706204,0.9608537554740906,0.9608537554740906,1.0,0.0,299.0,644.7549128066748,118.58964538574219,258.49462890625,145.93614196777344,282.0718688964844,nan,nan,nan,nan,nan,0.0,nan,3.2005177252907693,nan,nan,nan,1.0,0.9608537554740906,0.9608537554740906,299.0,0.0,bbox_bottom,644.7549128066748,nan,193.88339499710128,219.45585100911558,62.912000000000006,62.932,63.014,63.264,0.08200000000000074,0.39800000000000324,0.39800000000000324,42.13759477363007,0
63.229,63.62500000000001,1,1,-5.249999999995931,-0.75,-4.89171391312405e-12,1,-5.273002532621561,-0.7256049940142308,4.5542200090556555e-43,0.7590000000000074,1.0,0.03352958133110039,2.802745618074327e-10,131.62263127136742,282.8041706111957,nan,nan,1,62.866,131.19234926706204,281.06918459745157,0.0,0.7590000000000074,1.0,-5.293602992677382,-0.8128427763666497,0.07648813968353128,-5.293602992677382,-0.7628427763666497,0.04545500935631211,0.05,nan,nan,nan,nan,nan,nan,nan,131.62263127136742,0.9608537554740906,0.9608537554740906,1.0,0.0,299.0,644.7549128066748,118.58964538574219,258.49462890625,145.93614196777344,282.0718688964844,nan,nan,nan,nan,nan,0.0,nan,3.2005177252907693,nan,nan,nan,1.0,0.9608537554740906,0.9608537554740906,299.0,0.0,bbox_bottom,644.7549128066748,nan,257.6322910026647,287.07695499178953,63.251000000000005,63.279,63.361000000000004,63.62500000000001,0.08200000000000074,0.3960000000000079,0.3960000000000079,42.13759477363007,0
63.559,63.955000000000005,1,1,-5.249999999995931,-0.75,-4.891713890809003e-12,1,-5.256499563494289,-0.7504057522721692,4.5542200090556555e-43,0.7260000000000062,1.0,0.00651221625681751,2.8027456052887473e-10,131.09236286835014,280.63758743681024,nan,nan,1,63.229,131.62263127136742,282.8041706111957,0.0,0.7260000000000062,1.0,-5.277103947979419,-0.837825306404784,0.09191250427110448,-5.277103947979419,-0.787825306404784,0.04653362011392831,0.05,nan,nan,nan,nan,nan,nan,nan,131.09236286835014,0.9608537554740906,0.9608537554740906,1.0,0.0,299.0,644.7549128066748,118.58964538574219,258.49462890625,145.93614196777344,282.0718688964844,nan,nan,nan,nan,nan,0.0,nan,3.2005177252907693,nan,nan,nan,1.0,0.9608537554740906,0.9608537554740906,299.0,0.0,bbox_bottom,644.7549128066748,nan,171.2373589980416,190.41218201164156,63.605000000000004,63.636,63.691,63.955000000000005,0.054999999999999716,0.3960000000000079,0.3960000000000079,42.13759477363007,0
63.889,64.25800000000001,1,1,-5.249999999995931,-0.75,-4.891713808445611e-12,1,-5.277046399648582,-0.7194181577093948,4.5542200090556555e-43,0.6990000000000123,1.0,0.04082593308251955,2.802745558098e-10,132.90274575193018,282.8262378011239,nan,nan,1,63.889,132.90274575193018,282.8262378011239,0.0,0.3690000000000069,1.0,-5.263663856488381,-0.8381422777799344,0.0891950789364603,-5.263663856488381,-0.7881422777799344,0.04051585280464839,0.05,nan,nan,nan,nan,nan,nan,nan,132.90274575193018,0.9608537554740906,0.9608537554740906,1.0,0.0,299.0,644.7549128066748,118.58964538574219,258.49462890625,145.93614196777344,282.0718688964844,nan,nan,nan,nan,nan,0.0,nan,3.2005177252907693,nan,nan,nan,1.0,0.9608537554740906,0.9608537554740906,299.0,0.0,bbox_bottom,644.7549128066748,nan,163.18522597430274,186.38310200185515,63.926,63.955000000000005,64.025,64.25200000000001,0.07000000000000028,0.36300000000000665,0.36300000000000665,42.13759477363007,0
64.186,64.50500000000001,1,1,-5.249999999995931,-0.75,-4.891713764239432e-12,1,-5.2431104664686545,-0.7507549364206147,4.5542200090556555e-43,0.6160000000000068,1.0,0.006930772050979652,2.802745532769725e-10,131.3039599689636,282.6342665737773,nan,nan,1,64.186,131.3039599689636,282.6342665737773,0.0,0.3190000000000026,1.0,-5.2815874943130945,-0.8353838405520462,0.09103938721594113,-5.2815874943130945,-0.7853838405520461,0.04743190876877552,0.05,nan,nan,nan,nan,nan,nan,nan,131.3039599689636,0.9608537554740906,0.9608537554740906,1.0,0.0,299.0,644.7549128066748,118.58964538574219,258.49462890625,145.93614196777344,282.0718688964844,nan,nan,nan,nan,nan,0.0,nan,3.2005177252907693,nan,nan,nan,1.0,0.9608537554740906,0.9608537554740906,299.0,0.0,bbox_bottom,644.7549128066748,nan,160.21306198672391,183.31808800576255,64.212,64.263,64.308,64.504,0.045000000000001705,0.31799999999999784,0.31799999999999784,42.13759477363007,0
64.45,64.89200000000001,1,1,-5.249999999995931,-0.75,-4.8917137205808644e-12,1,-5.260972416471341,-0.7479745595982554,4.5542200090556555e-43,0.7060000000000031,1.0,0.011157792439853705,2.802745507755208e-10,131.97126124634306,282.3731610730379,nan,nan,1,64.45,131.97126124634306,282.3731610730379,0.0,0.4420000000000073,1.0,-5.276464572570117,-0.8316296752892247,0.08581245532764242,-5.276464572570117,-0.7816296752892247,0.04124087729954533,0.05,nan,nan,nan,nan,nan,nan,nan,131.97126124634306,0.9608537554740906,0.9608537554740906,1.0,0.0,299.0,644.7549128066748,118.58964538574219,258.49462890625,145.93614196777344,282.0718688964844,nan,nan,nan,nan,nan,0.0,nan,3.2005177252907693,nan,nan,nan,1.0,0.9608537554740906,0.9608537554740906,299.0,0.0,bbox_bottom,644.7549128066748,nan,266.5453870140482,284.7411470138468,64.482,64.51100000000001,64.593,64.891,0.08199999999999363,0.4410000000000025,0.4410000000000025,42.13759477363007,0
64.846,65.241,1,1,-5.249999999995931,-0.75,-4.891713685547271e-12,1,-5.2558794139774845,-0.7442675437714614,4.5542200090556555e-43,0.7909999999999968,1.0,0.008211489705199311,2.8027454876824376e-10,131.00193339669227,282.9047633458452,nan,nan,1,64.846,131.00193339669227,282.9047633458452,0.0,0.394999999999996,1.0,-5.282850728914731,-0.8392703100096981,0.09512286076293161,-5.282850728914731,-0.789270310009698,0.051198902710451334,0.05,nan,nan,nan,nan,nan,nan,nan,131.00193339669227,0.9608537554740906,0.9608537554740906,1.0,0.0,299.0,644.7549128066748,118.58964538574219,258.49462890625,145.93614196777344,282.0718688964844,nan,nan,nan,nan,nan,0.0,nan,3.2005177252907693,nan,nan,nan,1.0,0.9608537554740906,0.9608537554740906,299.0,0.0,bbox_bottom,644.7549128066748,nan,214.88532997318543,241.98441798216663,64.87400000000001,64.90100000000001,64.974,65.24000000000001,0.07299999999999329,0.39400000000000546,0.39400000000000546,42.13759477363007,0
65.176,65.605,1,1,-5.249999999995931,-0.75,-4.891713603723222e-12,1,-5.262220264614001,-0.7518227589381823,4.5542200090556555e-43,0.7590000000000003,1.0,0.01235545699204898,2.8027454408007113e-10,133.46615263087432,282.70894213211056,nan,nan,1,64.846,131.00193339669227,282.9047633458452,0.0,0.7590000000000003,1.0,-5.282850728914731,-0.8392703100096981,0.09512286076293161,-5.282850728914731,-0.789270310009698,0.051198902710451334,0.05,nan,nan,nan,nan,nan,nan,nan,133.46615263087432,0.9608537554740906,0.9608537554740906,1.0,0.0,299.0,644.7549128066748,118.58964538574219,258.49462890625,145.93614196777344,282.0718688964844,nan,nan,nan,nan,nan,0.0,nan,3.2005177252907693,nan,nan,nan,1.0,0.9608537554740906,0.9608537554740906,299.0,0.0,bbox_bottom,644.7549128066748,nan,169.8779170110356,185.08330499753356,65.227,65.242,65.298,65.605,0.055999999999997385,0.42900000000000205,0.42900000000000205,42.13759477363007,0
65.539,65.935,1,1,-5.249999999995931,-0.75,-4.891713587471669e-12,1,-5.238094410926338,-0.7490979351822795,4.5542200090556555e-43,0.7590000000000003,1.0,0.011939714068159076,2.8027454314892565e-10,132.82123363845295,278.2995937403616,nan,nan,1,65.176,133.46615263087432,282.70894213211056,0.0,0.7590000000000003,1.0,-5.258623797616672,-0.8364569608610499,0.08688599407690872,-5.258623797616672,-0.7864569608610499,0.03746304686791535,0.05,nan,nan,nan,nan,nan,nan,nan,132.82123363845295,0.9608537554740906,0.9608537554740906,1.0,0.0,299.0,644.7549128066748,118.58964538574219,258.49462890625,145.93614196777344,282.0718688964844,nan,nan,nan,nan,nan,0.0,nan,3.2005177252907693,nan,nan,nan,1.0,0.9608537554740906,0.9608537554740906,299.0,0.0,bbox_bottom,644.7549128066748,nan,196.15177100058645,213.2994869898539,65.572,65.605,65.671,65.935,0.0660000000000025,0.3960000000000008,0.3960000000000008,42.13759477363007,0
65.869,66.316,1,1,-5.249999999995931,-0.75,-4.8917135553733095e-12,1,-5.275415419043084,-0.6858430480366537,4.5542200090556555e-43,0.777000000000001,1.0,0.06900766631737024,2.8027454130982516e-10,132.52352342582475,282.04642357979185,nan,nan,1,65.539,132.82123363845295,278.2995937403616,0.0,0.777000000000001,1.0,-5.295916287514268,-0.7727258535872099,0.051232508046491626,-5.295916287514268,-0.7227258535872099,0.05340584726425413,0.05,nan,nan,nan,nan,nan,nan,nan,132.52352342582475,0.9608537554740906,0.9608537554740906,1.0,0.0,299.0,644.7549128066748,118.58964538574219,258.49462890625,145.93614196777344,282.0718688964844,nan,nan,nan,nan,nan,0.0,nan,3.2005177252907693,nan,nan,nan,1.0,0.9608537554740906,0.9608537554740906,299.0,0.0,bbox_bottom,644.7549128066748,nan,208.6534560075961,233.92869500094093,65.91300000000001,65.941,66.027,66.315,0.08599999999999852,0.44599999999999795,0.44599999999999795,42.13759477363007,0
66.265,66.63300000000001,1,1,-5.249999999995931,-0.75,-4.8917134799123485e-12,1,-5.252428151135901,-0.7396174940390896,4.5542200090556555e-43,0.76400000000001,1.0,0.010662661393239369,2.802745369862306e-10,132.1158481699115,281.44129090651336,nan,nan,1,66.265,132.1158481699115,281.44129090651336,0.0,0.3680000000000092,1.0,-5.281414415146445,-0.8182103875032954,0.0750967538752412,-5.281414415146445,-0.7682103875032954,0.036310930754650285,0.05,nan,nan,nan,nan,nan,nan,nan,132.1158481699115,0.9608537554740906,0.9608537554740906,1.0,0.0,299.0,644.7549128066748,118.58964538574219,258.49462890625,145.93614196777344,282.0718688964844,nan,nan,nan,nan,nan,0.0,nan,3.2005177252907693,nan,nan,nan,1.0,0.9608537554740906,0.9608537554740906,299.0,0.0,bbox_bottom,644.7549128066748,nan,173.85578801622614,202.76195698534139,66.296,66.324,66.388,66.628,0.06400000000000716,0.36299999999999955,0.36299999999999955,42.13759477363007,0
66.562,66.958,1,1,-5.249999999995931,-0.75,-4.891713406191431e-12,1,-5.260846459234614,-0.7309561020170363,4.5542200090556555e-43,0.6929999999999978,1.0,0.021916106597704127,2.8027453276233313e-10,132.31825865167136,282.48398630161273,nan,nan,1,66.265,132.1158481699115,281.44129090651336,0.0,0.6929999999999978,1.0,-5.281414415146445,-0.8182103875032954,0.0750967538752412,-5.281414415146445,-0.7682103875032954,0.036310930754650285,0.05,nan,nan,nan,nan,nan,nan,nan,132.31825865167136,0.9608537554740906,0.9608537554740906,1.0,0.0,299.0,644.7549128066748,118.58964538574219,258.49462890625,145.93614196777344,282.0718688964844,nan,nan,nan,nan,nan,0.0,nan,3.2005177252907693,nan,nan,nan,1.0,0.9608537554740906,0.9608537554740906,299.0,0.0,bbox_bottom,644.7549128066748,nan,167.4221589928493,192.40692901075818,66.60600000000001,66.647,66.7,66.958,0.05299999999999727,0.3960000000000008,0.3960000000000008,42.13759477363007,0
66.892,67.354,1,1,-5.249999999995931,-0.75,-4.891713338690365e-12,1,-5.251522092001964,-0.7458583336444848,4.5542200090556555e-43,0.7920000000000016,1.0,0.0044125009093749275,2.8027452889480695e-10,131.99910551621718,281.6085447567745,nan,nan,1,66.562,132.31825865167136,282.48398630161273,0.0,0.7920000000000016,1.0,-5.272094702678549,-0.8332234061557688,0.08610639476137268,-5.272094702678549,-0.7832234061557688,0.03989950630301658,0.05,nan,nan,nan,nan,nan,nan,nan,131.99910551621718,0.9608537554740906,0.9608537554740906,1.0,0.0,299.0,644.7549128066748,118.58964538574219,258.49462890625,145.93614196777344,282.0718688964844,nan,nan,nan,nan,nan,0.0,nan,3.2005177252907693,nan,nan,nan,1.0,0.9608537554740906,0.9608537554740906,299.0,0.0,bbox_bottom,644.7549128066748,nan,224.7335319989361,247.38191199139692,66.938,66.96600000000001,67.054,67.354,0.08799999999999386,0.4620000000000033,0.4620000000000033,42.13759477363007,0
67.288,67.783,1,1,-5.249999999995931,-0.75,-4.891713225778134e-12,1,-5.26089435010299,-0.7333452030061984,4.5542200090556555e-43,0.8910000000000053,1.0,0.01990148555158397,2.8027452242541265e-10,133.49264748769707,280.9665017892153,nan,nan,1,67.288,133.49264748769707,280.9665017892153,0.0,0.49500000000000455,1.0,-5.270381536655899,-0.811360561801689,0.06465698400977656,-5.270381536655899,-0.761360561801689,0.023333868112072553,0.05,nan,nan,nan,nan,nan,nan,nan,133.49264748769707,0.9608537554740906,0.9608537554740906,1.0,0.0,299.0,644.7549128066748,118.58964538574219,258.49462890625,145.93614196777344,282.0718688964844,nan,nan,nan,nan,nan,0.0,nan,3.2005177252907693,nan,nan,nan,1.0,0.9608537554740906,0.9608537554740906,299.0,0.0,bbox_bottom,644.7549128066748,nan,214.27257600589655,258.18846200127155,67.321,67.369,67.453,67.783,0.08400000000000318,0.49500000000000455,0.49500000000000455,42.13759477363007,0
67.717,68.08,1,1,-5.249999999995931,-0.75,-4.891713181162806e-12,1,-5.249874674367807,-0.7241967026769003,4.5542200090556555e-43,0.7920000000000016,1.0,0.025803601672195874,2.802745198691427e-10,133.2930488745817,282.2486813602149,nan,nan,1,67.288,133.49264748769707,280.9665017892153,0.0,0.7920000000000016,1.0,-5.270381536655899,-0.811360561801689,0.06465698400977656,-5.270381536655899,-0.761360561801689,0.023333868112072553,0.05,nan,nan,nan,nan,nan,nan,nan,133.2930488745817,0.9608537554740906,0.9608537554740906,1.0,0.0,299.0,644.7549128066748,118.58964538574219,258.49462890625,145.93614196777344,282.0718688964844,nan,nan,nan,nan,nan,0.0,nan,3.2005177252907693,nan,nan,nan,1.0,0.9608537554740906,0.9608537554740906,299.0,0.0,bbox_bottom,644.7549128066748,nan,146.2021550105419,175.69799401098862,67.75,67.802,67.84700000000001,68.08,0.045000000000001705,0.36299999999999955,0.36299999999999955,42.13759477363007,0
68.014,68.43900000000001,1,1,-5.249999999995931,-0.75,-4.891713137023323e-12,1,-5.24306455538893,-0.7425265266937462,4.5542200090556555e-43,0.7220000000000084,1.0,0.010195743972661944,2.8027451734013656e-10,131.4585880314754,281.78188700041505,nan,nan,1,68.014,131.4585880314754,281.78188700041505,0.0,0.42500000000001137,1.0,-5.2858862430112366,-0.8231189294346698,0.08145060023981265,-5.2858862430112366,-0.7731189294346698,0.042688491844509895,0.05,nan,nan,nan,nan,nan,nan,nan,131.4585880314754,0.9608537554740906,0.9608537554740906,1.0,0.0,299.0,644.7549128066748,118.58964538574219,258.49462890625,145.93614196777344,282.0718688964844,nan,nan,nan,nan,nan,0.0,nan,3.2005177252907693,nan,nan,nan,1.0,0.9608537554740906,0.9608537554740906,299.0,0.0,bbox_bottom,644.7549128066748,nan,239.38950500451028,264.496654010145,68.06,68.09400000000001,68.191,68.437,0.0969999999999942,0.4230000000000018,0.4230000000000018,42.13759477363007,0
68.377,68.77300000000001,1,1,-5.249999999995931,-0.75,-4.891713063026799e-12,1,-5.265287757181579,-0.7358088049806708,4.5542200090556555e-43,0.7590000000000146,1.0,0.02085918348938773,2.80274513100448e-10,131.34290007394563,282.7469334148938,nan,nan,1,68.014,131.4585880314754,281.78188700041505,0.0,0.7590000000000146,1.0,-5.2858862430112366,-0.8231189294346698,0.08145060023981265,-5.2858862430112366,-0.7731189294346698,0.042688491844509895,0.05,nan,nan,nan,nan,nan,nan,nan,131.34290007394563,0.9608537554740906,0.9608537554740906,1.0,0.0,299.0,644.7549128066748,118.58964538574219,258.49462890625,145.93614196777344,282.0718688964844,nan,nan,nan,nan,nan,0.0,nan,3.2005177252907693,nan,nan,nan,1.0,0.9608537554740906,0.9608537554740906,299.0,0.0,bbox_bottom,644.7549128066748,nan,178.10810400987975,213.2376910012681,68.4,68.453,68.50800000000001,68.77300000000001,0.05500000000000682,0.396000000000015,0.396000000000015,42.13759477363007,0
68.707,69.15700000000001,1,1,-5.249999999995931,-0.75,-4.891713013620471e-12,1,-5.25978870512389,-0.7495821918966592,4.5542200090556555e-43,0.7800000000000153,1.0,0.009797617653968176,2.80274510269674e-10,132.61079543872827,281.5150727213312,nan,nan,1,68.707,132.61079543872827,281.5150727213312,0.0,0.45000000000001705,1.0,-5.275756661872774,-0.8192740510573392,0.07390737298086593,-5.275756661872774,-0.7692740510573391,0.0321697789112532,0.05,nan,nan,nan,nan,nan,nan,nan,132.61079543872827,0.9608537554740906,0.9608537554740906,1.0,0.0,299.0,644.7549128066748,118.58964538574219,258.49462890625,145.93614196777344,282.0718688964844,nan,nan,nan,nan,nan,0.0,nan,3.2005177252907693,nan,nan,nan,1.0,0.9608537554740906,0.9608537554740906,299.0,0.0,bbox_bottom,644.7549128066748,nan,183.17198098520748,212.27402001386508,68.74000000000001,68.77300000000001,68.85000000000001,69.156,0.07699999999999818,0.4490000000000123,0.4490000000000123,42.13759477363007,0
69.103,69.49300000000001,1,1,-5.249999999995931,-0.75,-4.891712985223117e-12,1,-5.255207656363158,-0.7320249547410482,4.5542200090556555e-43,0.7860000000000156,1.0,0.018714217507031436,2.8027450864262545e-10,131.1606753777036,282.37358498998543,nan,nan,1,69.103,131.1606753777036,282.37358498998543,0.0,0.3900000000000148,1.0,-5.2848804778457135,-0.8316358033170346,0.08877529002062849,-5.2848804778457135,-0.7816358033170345,0.04709003914357303,0.05,nan,nan,nan,nan,nan,nan,nan,131.1606753777036,0.9608537554740906,0.9608537554740906,1.0,0.0,299.0,644.7549128066748,118.58964538574219,258.49462890625,145.93614196777344,282.0718688964844,nan,nan,nan,nan,nan,0.0,nan,3.2005177252907693,nan,nan,nan,1.0,0.9608537554740906,0.9608537554740906,299.0,0.0,bbox_bottom,644.7549128066748,nan,215.71964700706303,239.60611099028029,69.15,69.16300000000001,69.238,69.492,0.07499999999998863,0.38900000000001,0.38900000000001,42.13759477363007,0
69.433,69.86200000000001,1,1,-5.249999999995931,-0.75,-4.891712927251746e-12,1,-5.245827945494906,-0.7383736683607194,4.5542200090556555e-43,0.42900000000000205,1.0,0.01235223162615019,2.8027450532111055e-10,133.22027928359975,281.9580325471025,nan,nan,1,69.433,133.22027928359975,281.9580325471025,0.0,0.42900000000000205,1.0,-5.26635795306966,-0.8256556716494515,0.07740389706915234,-5.26635795306966,-0.7756556716494515,0.030426897911991855,0.05,nan,nan,nan,nan,nan,nan,nan,133.22027928359975,0.9608537554740906,0.9608537554740906,1.0,0.0,299.0,644.7549128066748,118.58964538574219,258.49462890625,145.93614196777344,282.0718688964844,nan,nan,nan,nan,nan,0.0,nan,3.2005177252907693,nan,nan,nan,1.0,0.9608537554740906,0.9608537554740906,299.0,0.0,bbox_bottom,644.7549128066748,nan,173.41790499631315,198.83826200384647,69.46600000000001,69.49900000000001,69.571,69.86,0.07199999999998852,0.4269999999999925,0.4269999999999925,42.13759477363007,0
69.796,70.19200000000001,1,1,-5.249999999995931,-0.75,-4.8917128821211725e-12,1,-5.245827945494906,-0.7383736683607194,4.5542200090556555e-43,0.7590000000000003,1.0,0.01235223162615019,2.8027450273531914e-10,132.68124617764704,281.6958417459346,nan,nan,1,69.433,133.22027928359975,281.9580325471025,0.0,0.7590000000000003,1.0,-5.26635795306966,-0.8256556716494515,0.07740389706915234,-5.26635795306966,-0.7756556716494515,0.030426897911991855,0.05,nan,nan,nan,nan,nan,nan,nan,132.68124617764704,0.9608537554740906,0.9608537554740906,1.0,0.0,299.0,644.7549128066748,118.58964538574219,258.49462890625,145.93614196777344,282.0718688964844,nan,nan,nan,nan,nan,0.0,nan,3.2005177252907693,nan,nan,nan,1.0,0.9608537554740906,0.9608537554740906,299.0,0.0,bbox_bottom,644.7549128066748,nan,196.34560201666318,215.21850800490938,69.82900000000001,69.86200000000001,69.93900000000001,70.19200000000001,0.07699999999999818,0.3960000000000008,0.3960000000000008,42.13759477363007,0
70.126,70.55000000000001,1,1,-5.249999999995931,-0.75,-4.8917128330562436e-12,1,-5.253224628547588,-0.734611886396253,4.5542200090556555e-43,0.7540000000000049,1.0,0.015722349365727188,2.802744999241058e-10,132.33046288276725,281.7805859850907,nan,nan,1,70.126,132.33046288276725,281.7805859850907,0.0,0.4240000000000066,1.0,-5.276832828522325,-0.8231001548479037,0.07786933494973712,-5.276832828522325,-0.7731001548479036,0.03540646608635185,0.05,nan,nan,nan,nan,nan,nan,nan,132.33046288276725,0.9608537554740906,0.9608537554740906,1.0,0.0,299.0,644.7549128066748,118.58964538574219,258.49462890625,145.93614196777344,282.0718688964844,nan,nan,nan,nan,nan,0.0,nan,3.2005177252907693,nan,nan,nan,1.0,0.9608537554740906,0.9608537554740906,299.0,0.0,bbox_bottom,644.7549128066748,nan,149.67426599469036,179.9167379795108,70.14800000000001,70.21600000000001,70.26,70.548,0.04399999999999693,0.42199999999999704,0.42199999999999704,42.13759477363007,0
70.489,70.852,1,1,-5.249999999995931,-0.75,-4.891712786613864e-12,1,-5.256269321551022,-0.7358138197048125,4.5542200090556555e-43,0.7259999999999991,1.0,0.015509742232825455,2.8027449726315346e-10,132.5569358197328,280.56209638344865,nan,nan,1,70.489,132.5569358197328,280.56209638344865,0.0,0.36299999999999955,1.0,-5.28292366371312,-0.8055195087868621,0.0645475289108499,-5.28292366371312,-0.755519508786862,0.0333831186351844,0.05,nan,nan,nan,nan,nan,nan,nan,132.5569358197328,0.9608537554740906,0.9608537554740906,1.0,0.0,299.0,644.7549128066748,118.58964538574219,258.49462890625,145.93614196777344,282.0718688964844,nan,nan,nan,nan,nan,0.0,nan,3.2005177252907693,nan,nan,nan,1.0,0.9608537554740906,0.9608537554740906,299.0,0.0,bbox_bottom,644.7549128066748,nan,164.2605559900403,202.68663301249035,70.522,70.566,70.619,70.852,0.05299999999999727,0.36299999999999955,0.36299999999999955,42.13759477363007,0
70.786,71.20700000000001,1,1,-5.249999999995931,-0.75,-4.891712771217154e-12,1,-5.24987398960958,-0.7367062808107592,4.5542200090556555e-43,0.4210000000000065,1.0,0.013294316398365813,2.8027449638098695e-10,132.9070841999475,281.84193641488105,nan,nan,1,70.786,132.9070841999475,281.84193641488105,0.0,0.4210000000000065,1.0,-5.270415127415918,-0.8239838243131816,0.07674883508938755,-5.270415127415918,-0.7739838243131816,0.031496051439185845,0.05,nan,nan,nan,nan,nan,nan,nan,132.9070841999475,0.9608537554740906,0.9608537554740906,1.0,0.0,299.0,644.7549128066748,118.58964538574219,258.49462890625,145.93614196777344,282.0718688964844,nan,nan,nan,nan,nan,0.0,nan,3.2005177252907693,nan,nan,nan,1.0,0.9608537554740906,0.9608537554740906,299.0,0.0,bbox_bottom,644.7549128066748,nan,219.8291709937621,247.55113199353218,70.819,70.866,70.95100000000001,71.202,0.08500000000000796,0.4159999999999968,0.4159999999999968,42.13759477363007,0
71.149,71.60900000000001,1,1,-5.249999999995931,-0.75,-4.891712720193782e-12,1,-5.24987398960958,-0.7367062808107592,4.5542200090556555e-43,0.8230000000000075,1.0,0.013294316398365813,2.802744934575631e-10,132.6215017444072,281.7315587690182,nan,nan,1,71.149,132.6215017444072,281.7315587690182,0.0,0.46000000000000796,1.0,-5.274146936647876,-0.8223938535403793,0.07631477301347955,-5.274146936647876,-0.7723938535403793,0.03293264681225873,0.05,nan,nan,nan,nan,nan,nan,nan,132.6215017444072,0.9608537554740906,0.9608537554740906,1.0,0.0,299.0,644.7549128066748,118.58964538574219,258.49462890625,145.93614196777344,282.0718688964844,nan,nan,nan,nan,nan,0.0,nan,3.2005177252907693,nan,nan,nan,1.0,0.9608537554740906,0.9608537554740906,299.0,0.0,bbox_bottom,644.7549128066748,nan,180.8455900172703,204.56146099604666,71.182,71.20700000000001,71.277,71.607,0.06999999999999318,0.4579999999999984,0.4579999999999984,42.13759477363007,0
71.545,71.964,1,1,-5.249999999995931,-0.75,-4.891712653270436e-12,1,-5.253595702392461,-0.7351208818946551,4.5542200090556555e-43,0.8149999999999977,1.0,0.01530742405884201,2.802744896231378e-10,132.5832548661319,280.9993060923554,nan,nan,1,71.545,132.5832548661319,280.9993060923554,0.0,0.41899999999999693,1.0,-5.279616592312485,-0.8118341382800567,0.06856094513119061,-5.279616592312485,-0.7618341382800566,0.03189340636050751,0.05,nan,nan,nan,nan,nan,nan,nan,132.5832548661319,0.9608537554740906,0.9608537554740906,1.0,0.0,299.0,644.7549128066748,118.58964538574219,258.49462890625,145.93614196777344,282.0718688964844,nan,nan,nan,nan,nan,0.0,nan,3.2005177252907693,nan,nan,nan,1.0,0.9608537554740906,0.9608537554740906,299.0,0.0,bbox_bottom,644.7549128066748,nan,174.83742701006122,195.3263940231409,71.572,71.613,71.687,71.962,0.07399999999999807,0.4170000000000016,0.4170000000000016,42.13759477363007,0
71.908,72.284,1,1,-5.249999999995931,-0.75,-4.891712619874269e-12,1,-5.259072820155296,-0.7246419231803312,4.5542200090556555e-43,0.7390000000000043,1.0,0.026932287790613095,2.802744877096784e-10,133.45204808924626,280.3683243088471,nan,nan,1,71.545,132.5832548661319,280.9993060923554,0.0,0.7390000000000043,1.0,-5.279616592312485,-0.8118341382800567,0.06856094513119061,-5.279616592312485,-0.7618341382800566,0.03189340636050751,0.05,nan,nan,nan,nan,nan,nan,nan,133.45204808924626,0.9608537554740906,0.9608537554740906,1.0,0.0,299.0,644.7549128066748,118.58964538574219,258.49462890625,145.93614196777344,282.0718688964844,nan,nan,nan,nan,nan,0.0,nan,3.2005177252907693,nan,nan,nan,1.0,0.9608537554740906,0.9608537554740906,299.0,0.0,bbox_bottom,644.7549128066748,nan,178.47192799672484,202.62689399532974,71.94200000000001,71.974,72.04,72.283,0.0660000000000025,0.375,0.375,42.13759477363007,0
72.238,72.601,1,1,-5.249999999995931,-0.75,-4.891712589187101e-12,1,-5.264069611722038,-0.7433106549933968,4.5542200090556555e-43,0.36299999999999955,1.0,0.015578873859838398,2.802744859514332e-10,131.22365486197862,282.30753496602404,nan,nan,1,72.238,131.22365486197862,282.30753496602404,0.0,0.36299999999999955,1.0,-5.284683927229984,-0.830685736300508,0.08782461415077303,-5.284683927229984,-0.780685736300508,0.04630970978835171,0.05,nan,nan,nan,nan,nan,nan,nan,131.22365486197862,0.9608537554740906,0.9608537554740906,1.0,0.0,299.0,644.7549128066748,118.58964538574219,258.49462890625,145.93614196777344,282.0718688964844,nan,nan,nan,nan,nan,0.0,nan,3.2005177252907693,nan,nan,nan,1.0,0.9608537554740906,0.9608537554740906,299.0,0.0,bbox_bottom,644.7549128066748,nan,167.83615399617702,188.97048800135963,72.271,72.292,72.35300000000001,72.601,0.06100000000000705,0.36299999999999955,0.36299999999999955,42.13759477363007,0
72.535,72.95,1,1,-5.249999999995931,-0.75,-4.891712569403957e-12,1,-5.264069611722038,-0.7433106549933968,4.5542200090556555e-43,0.7120000000000033,1.0,0.015578873859838398,2.8027448481794254e-10,133.72573596194238,282.3499951982924,nan,nan,1,72.535,133.72573596194238,282.3499951982924,0.0,0.41500000000000625,1.0,-5.258402071270374,-0.8312964083972914,0.08172943667981566,-5.258402071270374,-0.7812964083972913,0.032404628994494894,0.05,nan,nan,nan,nan,nan,nan,nan,133.72573596194238,0.9608537554740906,0.9608537554740906,1.0,0.0,299.0,644.7549128066748,118.58964538574219,258.49462890625,145.93614196777344,282.0718688964844,nan,nan,nan,nan,nan,0.0,nan,3.2005177252907693,nan,nan,nan,1.0,0.9608537554740906,0.9608537554740906,299.0,0.0,bbox_bottom,644.7549128066748,nan,159.1385009814985,188.98010900011286,72.568,72.61,72.667,72.947,0.05700000000000216,0.41200000000000614,0.41200000000000614,42.13759477363007,0
72.898,73.26100000000001,1,1,-5.249999999995931,-0.75,-4.891712532611117e-12,1,-5.237887499294699,-0.7439844010141798,4.5542200090556555e-43,0.7260000000000133,1.0,0.01352405650666843,2.802744827098681e-10,132.01498522147872,280.6467787532411,nan,nan,1,72.535,133.72573596194238,282.3499951982924,0.0,0.7260000000000133,1.0,-5.258402071270374,-0.8312964083972914,0.08172943667981566,-5.258402071270374,-0.7812964083972913,0.032404628994494894,0.05,nan,nan,nan,nan,nan,nan,nan,132.01498522147872,0.9608537554740906,0.9608537554740906,1.0,0.0,299.0,644.7549128066748,118.58964538574219,258.49462890625,145.93614196777344,282.0718688964844,nan,nan,nan,nan,nan,0.0,nan,3.2005177252907693,nan,nan,nan,1.0,0.9608537554740906,0.9608537554740906,299.0,0.0,bbox_bottom,644.7549128066748,nan,190.69298898102716,221.2198810011614,72.93100000000001,72.962,73.02900000000001,73.26100000000001,0.06700000000000728,0.36300000000001376,0.36300000000001376,42.13759477363007,0
73.195,73.59100000000001,1,1,-5.249999999995931,-0.75,-4.8917125588132324e-12,1,-5.2674151653654615,-0.7195749506805353,4.5542200090556555e-43,0.693000000000012,1.0,0.035056691386095504,2.802744842111387e-10,132.0716170123277,282.0519918854423,nan,nan,1,72.898,132.01498522147872,280.6467787532411,0.0,0.693000000000012,1.0,-5.287977422524299,-0.8067431655224376,0.06827936332014904,-5.287977422524299,-0.7567431655224376,0.03857142599335874,0.05,nan,nan,nan,nan,nan,nan,nan,132.0716170123277,0.9608537554740906,0.9608537554740906,1.0,0.0,299.0,644.7549128066748,118.58964538574219,258.49462890625,145.93614196777344,282.0718688964844,nan,nan,nan,nan,nan,0.0,nan,3.2005177252907693,nan,nan,nan,1.0,0.9608537554740906,0.9608537554740906,299.0,0.0,bbox_bottom,644.7549128066748,nan,181.84187600854784,202.46721798321232,73.25200000000001,73.277,73.351,73.59100000000001,0.07399999999999807,0.396000000000015,0.396000000000015,42.13759477363007,0
73.525,73.997,1,1,-5.249999999995931,-0.75,-4.8917125122358166e-12,1,-5.257066993248692,-0.7396847954452792,4.5542200090556555e-43,0.8020000000000067,1.0,0.012503832957949386,2.802744815424494e-10,133.9534623220972,282.69399411809013,nan,nan,1,73.525,133.9534623220972,282.69399411809013,0.0,0.4719999999999942,1.0,-5.253667666862942,-0.8362421331098925,0.08632008632752738,-5.253667666862942,-0.7862421331098924,0.0364272424512552,0.05,nan,nan,nan,nan,nan,nan,nan,133.9534623220972,0.9608537554740906,0.9608537554740906,1.0,0.0,299.0,644.7549128066748,118.58964538574219,258.49462890625,145.93614196777344,282.0718688964844,nan,nan,nan,nan,nan,0.0,nan,3.2005177252907693,nan,nan,nan,1.0,0.9608537554740906,0.9608537554740906,299.0,0.0,bbox_bottom,644.7549128066748,nan,182.6558230095543,203.32402401254512,73.558,73.59100000000001,73.65700000000001,73.98700000000001,0.0660000000000025,0.4620000000000033,0.4620000000000033,42.13759477363007,0
73.921,74.328,1,1,-5.249999999995931,-0.75,-4.891712428578228e-12,1,-5.233157982034122,-0.7488979712111912,4.5542200090556555e-43,0.8029999999999973,1.0,0.016878034141370665,2.8027447674922264e-10,130.73380080182937,284.09864799172755,nan,nan,1,73.921,130.73380080182937,284.09864799172755,0.0,0.4069999999999965,1.0,-5.277380189105064,-0.8563910260571598,0.10985774975461277,-5.277380189105064,-0.8063910260571597,0.06268670174312205,0.05,nan,nan,nan,nan,nan,nan,nan,130.73380080182937,0.9608537554740906,0.9608537554740906,1.0,0.0,299.0,644.7549128066748,118.58964538574219,258.49462890625,145.93614196777344,282.0718688964844,nan,nan,nan,nan,nan,0.0,nan,3.2005177252907693,nan,nan,nan,1.0,0.9608537554740906,0.9608537554740906,299.0,0.0,bbox_bottom,644.7549128066748,nan,196.18558301590383,216.91859400016256,73.952,74.00800000000001,74.08,74.325,0.07199999999998852,0.40399999999999636,0.40399999999999636,42.13759477363007,0
74.251,74.68,1,1,-5.249999999995931,-0.75,-4.891712348635286e-12,1,-5.256724518610012,-0.7688036783002963,4.5542200090556555e-43,0.7590000000000003,1.0,0.019969914076233566,2.8027447216882943e-10,131.867883801259,281.1924091817801,nan,nan,1,74.251,131.867883801259,281.1924091817801,0.0,0.42900000000000205,1.0,-5.285719528550201,-0.8146208502690064,0.07383589242115692,-5.285719528550201,-0.7646208502690064,0.038596035842143314,0.05,nan,nan,nan,nan,nan,nan,nan,131.867883801259,0.9608537554740906,0.9608537554740906,1.0,0.0,299.0,644.7549128066748,118.58964538574219,258.49462890625,145.93614196777344,282.0718688964844,nan,nan,nan,nan,nan,0.0,nan,3.2005177252907693,nan,nan,nan,1.0,0.9608537554740906,0.9608537554740906,299.0,0.0,bbox_bottom,644.7549128066748,nan,194.03021299513057,232.14467900106683,74.284,74.34,74.41600000000001,74.68,0.07600000000000762,0.42900000000000205,0.42900000000000205,42.13759477363007,0
74.614,75.01,1,1,-5.249999999995931,-0.75,-4.891712347990706e-12,1,-5.265144673209077,-0.7273876349874482,4.5542200090556555e-43,0.7590000000000003,1.0,0.027215440069818048,2.802744721318977e-10,133.73771632884473,282.0221131361874,nan,nan,1,74.251,131.867883801259,281.1924091817801,0.0,0.7590000000000003,1.0,-5.285719528550201,-0.8146208502690064,0.07383589242115692,-5.285719528550201,-0.7646208502690064,0.038596035842143314,0.05,nan,nan,nan,nan,nan,nan,nan,133.73771632884473,0.9608537554740906,0.9608537554740906,1.0,0.0,299.0,644.7549128066748,118.58964538574219,258.49462890625,145.93614196777344,282.0718688964844,nan,nan,nan,nan,nan,0.0,nan,3.2005177252907693,nan,nan,nan,1.0,0.9608537554740906,0.9608537554740906,299.0,0.0,bbox_bottom,644.7549128066748,nan,224.66031901421957,257.2604640154168,74.647,74.694,74.781,75.009,0.0870000000000033,0.394999999999996,0.394999999999996,42.13759477363007,0
74.944,75.36,1,1,-5.249999999995931,-0.75,-4.891712353134839e-12,1,-5.24002868033638,-0.7393031126231071,4.5542200090556555e-43,0.7459999999999951,1.0,0.014623632083271507,2.8027447242663484e-10,131.89549107737972,282.2906548854196,nan,nan,1,74.944,131.89549107737972,282.2906548854196,0.0,0.4159999999999968,1.0,-5.277822350408538,-0.8304428809163723,0.08511838974397687,-5.277822350408538,-0.7804428809163723,0.041241389173624014,0.05,nan,nan,nan,nan,nan,nan,nan,131.89549107737972,0.9608537554740906,0.9608537554740906,1.0,0.0,299.0,644.7549128066748,118.58964538574219,258.49462890625,145.93614196777344,282.0718688964844,nan,nan,nan,nan,nan,0.0,nan,3.2005177252907693,nan,nan,nan,1.0,0.9608537554740906,0.9608537554740906,299.0,0.0,bbox_bottom,644.7549128066748,nan,226.82478101341985,252.19390701386146,74.977,75.01,75.102,75.352,0.09199999999999875,0.40800000000000125,0.40800000000000125,42.13759477363007,0
75.307,75.71000000000001,1,1,-5.249999999995931,-0.75,-4.891712295217504e-12,1,-5.257235163787784,-0.74308788691879,4.5542200090556555e-43,0.7660000000000053,1.0,0.010006243168260974,2.80274469108216e-10,133.10778245713354,283.065205100934,nan,nan,1,74.944,131.89549107737972,282.2906548854196,0.0,0.7660000000000053,1.0,-5.277822350408538,-0.8304428809163723,0.08511838974397687,-5.277822350408538,-0.7804428809163723,0.041241389173624014,0.05,nan,nan,nan,nan,nan,nan,nan,133.10778245713354,0.9608537554740906,0.9608537554740906,1.0,0.0,299.0,644.7549128066748,118.58964538574219,258.49462890625,145.93614196777344,282.0718688964844,nan,nan,nan,nan,nan,0.0,nan,3.2005177252907693,nan,nan,nan,1.0,0.9608537554740906,0.9608537554740906,299.0,0.0,bbox_bottom,644.7549128066748,nan,190.24558999808505,227.33815800165758,75.352,75.37,75.43900000000001,75.703,0.06900000000000261,0.3960000000000008,0.3960000000000008,42.13759477363007,0
75.637,76.093,1,1,-5.249999999995931,-0.75,-4.891712259215444e-12,1,-5.239340773728595,-0.7541657566033488,4.5542200090556555e-43,0.7860000000000014,1.0,0.01144432753361285,2.802744670454499e-10,130.88769127670508,284.0703503667561,nan,nan,1,75.637,130.88769127670508,284.0703503667561,0.0,0.45600000000000307,1.0,-5.275980738596583,-0.8559858414256957,0.1091237708336185,-5.275980738596583,-0.8059858414256956,0.061720444087664465,0.05,nan,nan,nan,nan,nan,nan,nan,130.88769127670508,0.9608537554740906,0.9608537554740906,1.0,0.0,299.0,644.7549128066748,118.58964538574219,258.49462890625,145.93614196777344,282.0718688964844,nan,nan,nan,nan,nan,0.0,nan,3.2005177252907693,nan,nan,nan,1.0,0.9608537554740906,0.9608537554740906,299.0,0.0,bbox_bottom,644.7549128066748,nan,204.14971600985155,228.78055900218897,75.67,75.724,75.79400000000001,76.09100000000001,0.07000000000000739,0.45400000000000773,0.45400000000000773,42.13759477363007,0
76.033,76.453,1,1,-5.249999999995931,-0.75,-4.891712176218546e-12,1,-5.2553315632060205,-0.7684057910917075,4.5542200090556555e-43,0.8160000000000025,1.0,0.01916242969914711,2.8027446229007793e-10,133.20975526475343,281.69266783447125,nan,nan,1,75.637,130.88769127670508,284.0703503667561,0.0,0.8160000000000025,1.0,-5.275980738596583,-0.8559858414256957,0.1091237708336185,-5.275980738596583,-0.8059858414256956,0.061720444087664465,0.05,nan,nan,nan,nan,nan,nan,nan,133.20975526475343,0.9608537554740906,0.9608537554740906,1.0,0.0,299.0,644.7549128066748,118.58964538574219,258.49462890625,145.93614196777344,282.0718688964844,nan,nan,nan,nan,nan,0.0,nan,3.2005177252907693,nan,nan,nan,1.0,0.9608537554740906,0.9608537554740906,299.0,0.0,bbox_bottom,644.7549128066748,nan,180.34042400540784,206.37262900709175,76.07600000000001,76.099,76.17800000000001,76.453,0.07900000000000773,0.4200000000000017,0.4200000000000017,42.13759477363007,0
76.396,76.792,1,1,-5.249999999995931,-0.75,-4.891712127055587e-12,1,-5.247773765488874,-0.734580823582389,4.5542200090556555e-43,0.7590000000000003,1.0,0.015579060352852682,2.8027445947324784e-10,131.4442338252364,281.1028564657262,nan,nan,1,76.033,133.20975526475343,281.69266783447125,0.0,0.7590000000000003,1.0,-5.268300930095708,-0.8218335003789186,0.07412810411176726,-5.268300930095708,-0.7718335003789185,0.02848904669014302,0.05,nan,nan,nan,nan,nan,nan,nan,131.4442338252364,0.9608537554740906,0.9608537554740906,1.0,0.0,299.0,644.7549128066748,118.58964538574219,258.49462890625,145.93614196777344,282.0718688964844,nan,nan,nan,nan,nan,0.0,nan,3.2005177252907693,nan,nan,nan,1.0,0.9608537554740906,0.9608537554740906,299.0,0.0,bbox_bottom,644.7549128066748,nan,150.95396499964409,172.19200800172985,76.421,76.462,76.495,76.792,0.03300000000000125,0.3960000000000008,0.3960000000000008,42.13759477363007,0
76.726,77.205,1,1,-5.065840826789256,-0.7486503902001266,0.014030759397604294,1,-5.27015771870818,-0.7260939926908121,4.5542200090556555e-43,0.8089999999999975,1.0,0.2055582238491262,-0.8039032968462434,132.386272114334,281.42385260229474,nan,nan,1,76.726,132.386272114334,281.42385260229474,0.0,0.4789999999999992,1.0,-5.278723139742044,-0.8179589461251828,0.2238806715474681,-5.278723139742044,-0.7679589461251828,0.2137561683321435,0.05,nan,nan,nan,nan,nan,nan,nan,132.386272114334,0.9608537554740906,0.9608537554740906,1.0,0.0,299.0,644.7549128066748,118.58964538574219,258.49462890625,145.93614196777344,282.0718688964844,nan,nan,nan,nan,nan,0.0,nan,3.2005177252907693,nan,nan,nan,1.0,0.9608537554740906,0.9608537554740906,299.0,0.0,bbox_bottom,644.7549128066748,nan,165.57169298175722,185.93821898684837,76.757,76.801,76.858,77.199,0.05700000000000216,0.472999999999999,0.472999999999999,43.9690749434663,0
77.155,77.60600000000001,1,1,-5.029435797075489,-0.7480955537899509,-0.32017978782035045,1,-5.12906715523808,-0.7499565354238962,-0.33842847337198384,0.4510000000000076,1.0,0.09964873698128086,-1.0455726637699578,143.98252441117833,282.7492121686135,nan,nan,1,77.155,143.98252441117833,282.7492121686135,0.0,0.4510000000000076,1.0,-5.14917585594726,-0.8370352151330449,0.14915745056295243,-5.14917585594726,-0.7870352151330449,0.12591258445497094,0.05,nan,nan,nan,nan,nan,nan,nan,143.98252441117833,0.9422570466995239,0.9422570466995239,1.0,0.0,299.0,675.189741501119,130.4329833984375,258.35369873046875,159.0618133544922,281.9379577636719,nan,nan,nan,nan,nan,0.0,nan,2.792276789521474,nan,nan,nan,1.0,0.9422570466995239,0.9422570466995239,299.0,0.0,bbox_bottom,675.189741501119,nan,188.8035599840805,226.0369200084824,77.188,77.212,77.299,77.602,0.0870000000000033,0.44700000000000273,0.44700000000000273,25.029800828303443,0
77.551,78.007,1,1,-4.91639556056379,-0.8078297767319745,-0.45562391087221177,1,-5.030253131147286,-0.7296025476844334,-0.4788884486064248,0.45600000000000307,1.0,0.13814139764615205,-1.332959824493255,154.464459006424,281.3043728333732,nan,nan,1,77.551,154.464459006424,281.3043728333732,0.0,0.45600000000000307,1.0,-5.049922648659138,-0.8162350954991823,0.13379137729615237,-5.049922648659138,-0.7662350954991822,0.13985564258220198,0.05,nan,nan,nan,nan,nan,nan,nan,154.464459006424,0.8950080275535583,0.8950080275535583,1.0,0.0,299.0,664.7594257635064,140.37477111816406,257.4820556640625,167.82501220703125,281.6989440917969,nan,nan,nan,nan,nan,0.0,nan,2.1429487932243956,nan,nan,nan,1.0,0.8950080275535583,0.8950080275535583,299.0,0.0,bbox_bottom,664.7594257635064,nan,172.06723900744691,192.75446099345572,77.584,77.61200000000001,77.683,78.00200000000001,0.07099999999999795,0.4510000000000076,0.4510000000000076,17.55786209467386,0
77.947,78.421,1,1,-4.822066134005194,-0.8542603244705739,-0.6931573734116038,1,-5.030253131147286,-0.7296025476844334,-0.4788884486064248,0.8700000000000045,1.0,0.2426548723852555,12.276705072142747,160.06080094091195,284.6638263802119,nan,nan,1,77.947,160.06080094091195,284.6638263802119,0.0,0.47400000000000375,1.0,-4.969800165807081,-0.8644761251434102,0.14808682161430883,-4.969800165807081,-0.8144761251434102,0.15299714594901598,0.05,nan,nan,nan,nan,nan,nan,nan,160.06080094091195,0.9264357686042786,0.9264357686042786,1.0,0.0,299.0,643.3519874699414,145.6506805419922,259.7750244140625,173.00242614746094,283.29644775390625,nan,nan,nan,nan,nan,0.0,nan,2.5331857952635515,nan,nan,nan,1.0,0.9264357686042786,0.9264357686042786,299.0,0.0,bbox_bottom,643.3519874699414,nan,209.52403702540323,231.01643900736235,77.98,78.009,78.104,78.42,0.09499999999999886,0.472999999999999,0.472999999999999,4.218066553341768,0
78.376,78.80600000000001,1,1,-4.822066134004106,-0.8542603244718987,-1.0731573734137698,1,-4.846048422792412,-0.7907667339746856,-1.0968976759481268,0.4300000000000068,1.0,0.06787183664638463,-1.3602191395823877,169.6063169808274,285.5736795514046,nan,nan,1,78.376,169.6063169808274,285.5736795514046,0.0,0.4300000000000068,1.0,-4.8651708035088514,-0.8774683018493828,0.048955313777639585,-4.8651708035088514,-0.8274683018493828,0.050752586232809226,0.05,nan,nan,nan,nan,nan,nan,nan,169.6063169808274,0.6724348664283752,0.6724348664283752,1.0,0.0,299.0,643.6556140445173,157.19639587402344,262.3456726074219,184.20523071289062,286.1769714355469,nan,nan,nan,nan,nan,0.0,nan,0.7192183374550327,nan,nan,nan,1.0,0.6724348664283752,0.6724348664283752,299.0,0.0,bbox_bottom,643.6556140445173,nan,189.53960700309835,219.81027399306186,78.40700000000001,78.427,78.521,78.80300000000001,0.09399999999999409,0.4270000000000067,0.4270000000000067,17.554329661755318,0
78.739,79.196,1,1,-4.822066134003744,-0.8542603244730538,-1.4531573733976708,1,-4.846048422792412,-0.7907667339746856,-1.0968976759481268,0.8199999999999932,1.0,0.06787183664759323,20.41217707446649,167.54722846863785,288.2109754779244,nan,nan,1,78.739,167.54722846863785,288.2109754779244,0.0,0.45699999999999363,1.0,-4.869702496738108,-0.9149547091992686,0.07715589019545877,-4.869702496738108,-0.8649547091992685,0.04882205361547391,0.05,nan,nan,nan,nan,nan,nan,nan,167.54722846863785,0.5774626731872559,0.5774626731872559,1.0,0.0,299.0,620.3074203222059,153.37353515625,264.05072021484375,179.83567810058594,287.4920349121094,nan,nan,nan,nan,nan,0.0,nan,0.3123660147528186,nan,nan,nan,1.0,0.5774626731872559,0.5774626731872559,299.0,0.0,bbox_bottom,620.3074203222059,nan,185.23502300377004,207.24762900499627,78.772,78.818,78.888,79.194,0.07000000000000739,0.4549999999999983,0.4549999999999983,39.32672587580917,0
79.135,79.59400000000001,1,1,-4.835785476762763,-0.9614224017906194,-1.7988303170791493,1,-4.850461232017309,-0.8279039779571946,-1.4737541678154533,0.855000000000004,1.0,0.1343225494667719,18.625491373174565,169.2546071816333,289.16547294537094,nan,nan,1,79.135,169.2546071816333,289.16547294537094,0.0,0.4590000000000032,1.0,-4.846086671341435,-0.928458486052702,0.034535986311732485,-4.846086671341435,-0.8784584860527019,0.08360099236442069,0.05,nan,nan,nan,nan,nan,nan,nan,169.2546071816333,0.5899676084518433,0.5899676084518433,1.0,0.0,299.0,684.1429490130395,154.75711059570312,264.03302001953125,183.2987060546875,288.0030517578125,nan,nan,nan,nan,nan,0.0,nan,0.3638314741098632,nan,nan,nan,1.0,0.5899676084518433,0.5899676084518433,299.0,0.0,bbox_bottom,684.1429490130395,nan,173.44045601203106,194.27412500954233,79.16600000000001,79.20100000000001,79.283,79.59400000000001,0.08199999999999363,0.4590000000000032,0.4590000000000032,59.88130112782569,0
79.531,79.99300000000001,1,1,-4.8903156909608185,-1.1545332893572517,-1.8114649379107666,1,-4.826899988758626,-0.841347848011184,-1.8184376948489336,0.8580000000000041,1.0,0.3195413462400889,-0.3995095441275321,163.72663049500198,291.33281284982263,nan,nan,1,79.135,169.2546071816333,289.16547294537094,0.0,0.8580000000000041,1.0,-4.846086671341435,-0.928458486052702,0.23036063653689343,-4.846086671341435,-0.8784584860527019,0.279595248879765,0.05,nan,nan,nan,nan,nan,nan,nan,163.72663049500198,0.5197134017944336,0.5197134017944336,1.0,0.0,299.0,557.5888636009768,152.35009765625,270.4453125,177.2795867919922,292.81195068359375,nan,nan,nan,nan,nan,0.0,nan,0.07889450392517651,nan,nan,nan,1.0,0.5197134017944336,0.5197134017944336,299.0,0.0,bbox_bottom,557.5888636009768,nan,200.42352899326943,219.34000399778597,79.56400000000001,79.608,79.688,79.99300000000001,0.0799999999999983,0.4620000000000033,0.4620000000000033,62.16544797666513,0
79.927,80.38300000000001,1,1,-4.920265286624039,-1.3384913285904234,-1.6393135472575866,1,-4.869790347246817,-0.8714993055878557,-1.8204995389653569,0.8520000000000039,1.0,0.4697119000548793,-10.381192631747568,152.03262441762544,308.52562026741106,nan,nan,1,79.531,163.72663049500198,291.33281284982263,0.0,0.8520000000000039,1.0,-4.889226069153883,-0.9589973132239807,0.3807612647317285,-4.889226069153883,-0.9089973132239807,0.430614145444329,0.05,nan,nan,nan,nan,nan,nan,nan,152.03262441762544,0.8180612921714783,0.8180612921714783,1.0,0.0,299.0,662.0496278009377,139.16192626953125,284.3061218261719,166.63633728027344,308.403076171875,nan,nan,nan,nan,nan,0.0,nan,1.5032674029166442,nan,nan,nan,1.0,0.8180612921714783,0.8180612921714783,299.0,0.0,bbox_bottom,662.0496278009377,nan,181.31383298896253,198.3474379812833,79.96000000000001,79.99300000000001,80.077,80.382,0.08399999999998897,0.4549999999999983,0.4549999999999983,53.70155711588696,0
80.323,80.784,1,1,-4.924256111708799,-1.5513476367675967,-1.584612926167334,1,-4.88000042285747,-1.1056535526688356,-1.6497378671572485,0.8569999999999993,1.0,0.447885903547253,-3.7313842597606324,144.9568886887721,320.8096568435753,nan,nan,1,79.927,152.03262441762544,308.52562026741106,0.0,0.8569999999999993,1.0,-4.900117379851778,-1.1953065223071104,0.35685845031599045,-4.900117379851778,-1.1453065223071104,0.4067579931703603,0.05,nan,nan,nan,nan,nan,nan,nan,144.9568886887721,0.8011108040809631,0.8011108040809631,1.0,0.0,299.0,701.2708967924118,131.0410614013672,297.46343994140625,160.4648895263672,321.296875,nan,nan,nan,nan,nan,0.0,nan,1.3932514044629254,nan,nan,nan,1.0,0.8011108040809631,0.8011108040809631,299.0,0.0,bbox_bottom,701.2708967924118,nan,176.34233200806193,192.7063250041101,80.351,80.38900000000001,80.464,80.783,0.07499999999998863,0.46000000000000796,0.46000000000000796,52.066275978301306,0
80.719,81.20700000000001,1,1,-4.943110698723278,-1.7305079573474136,-1.845223063898078,1,-4.8744244564904,-1.266832282800056,-1.5920561666830861,0.8840000000000146,1.0,0.4687354595494358,14.505394722841352,134.31990649711062,337.8008355038426,nan,nan,1,80.719,134.31990649711062,337.8008355038426,0.0,0.48800000000001376,1.0,-4.89631398827822,-1.5748343642055498,0.16255522049499715,-4.89631398827822,-1.5248343642055497,0.21093022311741752,0.05,nan,nan,nan,nan,nan,nan,nan,134.31990649711062,0.5928850769996643,0.5928850769996643,1.0,0.0,299.0,660.7994468808174,121.21574401855469,314.9539794921875,149.3740692138672,338.4212646484375,nan,nan,nan,nan,nan,0.0,nan,0.3759050692111965,nan,nan,nan,1.0,0.5928850769996643,0.5928850769996643,299.0,0.0,bbox_bottom,660.7994468808174,nan,205.8024749858305,225.041011988651,80.748,80.78500000000001,80.876,81.203,0.09099999999999397,0.48400000000000887,0.48400000000000887,68.39526050473948,0
81.148,81.619,1,1,-5.006605592946893,-1.909163677822253,-1.8719077739832781,1,-4.875185081956267,-1.4817759465666462,-1.8617475416708942,0.9000000000000057,1.0,0.4471371417550235,0.5821384303720449,130.0113603945324,353.42868446746434,nan,nan,1,80.719,134.31990649711062,337.8008355038426,0.0,0.9000000000000057,1.0,-4.89631398827822,-1.5748343642055498,0.35205159849630935,-4.89631398827822,-1.5248343642055497,0.3998415428209992,0.05,nan,nan,nan,nan,nan,nan,nan,130.0113603945324,0.8242079615592957,0.8242079615592957,1.0,0.0,299.0,636.6566490584519,117.07793426513672,330.2226867675781,144.95436096191406,353.06121826171875,nan,nan,nan,nan,nan,0.0,nan,1.5451211819699642,nan,nan,nan,1.0,0.8242079615592957,0.8242079615592957,299.0,0.0,bbox_bottom,636.6566490584519,nan,190.63922099303454,208.62870797282085,81.18100000000001,81.211,81.29,81.61800000000001,0.07900000000000773,0.4700000000000131,0.4700000000000131,71.60357770432365,0
81.577,82.039,1,1,-5.039570580554235,-2.0895008393293937,-1.6216234431117134,1,-4.824039679303582,-1.6718755608865525,-1.8709864965093608,0.8910000000000053,1.0,0.4699621714440209,-14.28745052618058,123.06883973741681,372.05016319134114,nan,nan,1,81.148,130.0113603945324,353.42868446746434,0.0,0.8910000000000053,1.0,-4.845491037688328,-1.7665264182416376,0.37680146713622376,-4.845491037688328,-1.7165264182416375,0.42044831756684004,0.05,nan,nan,nan,nan,nan,nan,nan,123.06883973741681,0.5584473013877869,0.5584473013877869,1.0,0.0,299.0,718.3804402579553,107.845947265625,347.63525390625,136.7019500732422,372.5306091308594,nan,nan,nan,nan,nan,0.0,nan,0.23486288107366327,nan,nan,nan,1.0,0.5584473013877869,0.5584473013877869,299.0,0.0,bbox_bottom,718.3804402579553,nan,214.43189299316145,241.44136099494062,81.61,81.629,81.721,82.039,0.09199999999999875,0.4620000000000033,0.4620000000000033,58.82423801313809,0
81.973,82.435,1,1,-5.025302833990235,-2.2704312086656273,-1.3990834287665495,1,-4.782289246626081,-1.8892464871176677,-1.6204359997112485,0.8580000000000041,1.0,0.4520590620540538,-12.68256809950139,111.31720167279104,386.5609352009256,nan,nan,1,81.577,123.06883973741681,372.05016319134114,0.0,0.8580000000000041,1.0,-4.804174238275497,-1.9857624540291365,0.36046380637875797,-4.804174238275497,-1.9357624540291365,0.40112470775646797,0.05,nan,nan,nan,nan,nan,nan,nan,111.31720167279104,0.7521795630455017,0.7521795630455017,1.0,0.0,299.0,728.4205427989364,97.4010009765625,361.3543701171875,125.64793395996094,387.1419677734375,nan,nan,nan,nan,nan,0.0,nan,1.1102706367120638,nan,nan,nan,1.0,0.7521795630455017,0.7521795630455017,299.0,0.0,bbox_bottom,728.4205427989364,nan,195.31948998337612,217.51137799583375,82.006,82.052,82.123,82.435,0.07099999999999795,0.4620000000000033,0.4620000000000033,47.43428064568625,0
82.369,82.842,1,1,-4.971791593271552,-2.415289968952443,-1.0011705499067938,1,-4.808725731208349,-2.0520089079035024,-1.4076418036876694,0.8689999999999998,1.0,0.39820045791945036,-23.28908733503518,107.32108809918111,403.09290125358297,nan,nan,1,82.369,107.32108809918111,403.09290125358297,0.0,0.472999999999999,1.0,-4.776600294441869,-2.3306950556400485,0.21273444125752233,-4.776600294441869,-2.2806950556400487,0.2370979414258792,0.05,nan,nan,nan,nan,nan,nan,nan,107.32108809918111,0.36328744888305664,0.36328744888305664,1.0,0.0,299.0,752.0160555187613,92.24151611328125,377.15838623046875,121.3381576538086,403.00384521484375,nan,nan,nan,nan,nan,0.0,nan,-0.5611239084905308,nan,nan,nan,1.0,0.36328744888305664,0.36328744888305664,299.0,0.0,bbox_bottom,752.0160555187613,nan,217.5615620217286,234.62401700089686,82.414,82.44500000000001,82.534,82.842,0.08899999999999864,0.472999999999999,0.472999999999999,25.545630707456464,0
82.798,83.236,1,1,-4.924546123316719,-2.4739553558583127,-0.6211705499167836,1,-4.694440200601164,-2.3738877654501946,-0.6306987846113246,0.4380000000000024,1.0,0.25092281346833273,-0.5459276342073227,105.81930796234994,416.72017127390933,nan,nan,1,82.798,105.81930796234994,416.72017127390933,0.0,0.4380000000000024,1.0,-4.717312319453254,-2.474575942195465,0.20723473307127596,-4.717312319453254,-2.424575942195465,0.21303562133457343,0.05,nan,nan,nan,nan,nan,nan,nan,105.81930796234994,0.5343105792999268,0.5343105792999268,1.0,0.0,299.0,869.7349180821329,88.21541595458984,390.6529541015625,120.2348861694336,417.8156433105469,nan,nan,nan,nan,nan,0.0,nan,0.13745834632175188,nan,nan,nan,1.0,0.5343105792999268,0.5343105792999268,299.0,0.0,bbox_bottom,869.7349180821329,nan,188.9397100021597,227.85413500969298,82.831,82.854,82.944,83.227,0.09000000000000341,0.42900000000000205,0.42900000000000205,4.020477110772417,0
83.161,83.64800000000001,1,1,-4.800723515084667,-2.525102793989506,-0.20493288805174303,1,-4.694440200601164,-2.3738877654501946,-0.6306987846113246,0.8500000000000085,1.0,0.18482999700736868,-24.3945889334676,106.11236135539222,423.57604096019355,nan,nan,1,83.161,106.11236135539222,423.57604096019355,0.0,0.487000000000009,1.0,-4.678970533122568,-2.545322235316987,0.1234204781398073,-4.678970533122568,-2.495322235316987,0.12534221272783788,0.05,nan,nan,nan,nan,nan,nan,nan,106.11236135539222,0.5256506204605103,0.5256506204605103,1.0,0.0,299.0,779.395745659247,91.04522705078125,396.6303405761719,120.4544906616211,423.1320495605469,nan,nan,nan,nan,nan,0.0,nan,0.10269263457382694,nan,nan,nan,1.0,0.5256506204605103,0.5256506204605103,299.0,0.0,bbox_bottom,779.395745659247,nan,192.44987098500133,224.8619039892219,83.194,83.24600000000001,83.34,83.647,0.09399999999999409,0.4860000000000042,0.4860000000000042,20.04374703186974,0
83.59,84.07300000000001,1,1,-4.614922924142443,-2.543302840870255,0.04276326198086834,1,-4.656054968159249,-2.444097446400453,-0.2167005259605605,0.9120000000000061,1.0,0.10739439155239659,-14.866179985521255,115.04453190542512,429.0446547328515,nan,nan,1,83.59,115.04453190542512,429.0446547328515,0.0,0.4830000000000041,1.0,-4.573027417085091,-2.6009883774871723,0.07129414173951747,-4.573027417085091,-2.5509883774871724,0.042594612155561144,0.05,nan,nan,nan,nan,nan,nan,nan,115.04453190542512,0.6545535922050476,0.6545535922050476,1.0,0.0,299.0,811.0200430490077,100.5650863647461,401.13543701171875,130.24485778808594,428.46112060546875,nan,nan,nan,nan,nan,0.0,nan,0.6391159484083642,nan,nan,nan,1.0,0.6545535922050476,0.6545535922050476,299.0,0.0,bbox_bottom,811.0200430490077,nan,179.05633500777185,200.69393797894008,83.62100000000001,83.652,83.729,84.072,0.07699999999999818,0.4819999999999993,0.4819999999999993,35.09710222766432,0
84.019,84.474,1,1,-4.4319383630194125,-2.519362920919768,0.2604236893165741,1,-4.550370003748873,-2.4995390545469904,0.021912950858363048,0.8840000000000003,1.0,0.12007930381143046,-13.665658682204107,136.0184704540369,430.5004863803387,nan,nan,1,83.59,115.04453190542512,429.0446547328515,0.0,0.8840000000000003,1.0,-4.573027417085091,-2.6009883774871723,0.16299949796543867,-4.573027417085091,-2.5509883774871724,0.14459007808367985,0.05,nan,nan,nan,nan,nan,nan,nan,136.0184704540369,0.5691210627555847,0.5691210627555847,1.0,0.0,299.0,786.1405741944909,122.86320495605469,401.4476013183594,152.05078125,428.3816833496094,nan,nan,nan,nan,nan,0.0,nan,0.2782660129815301,nan,nan,nan,1.0,0.5691210627555847,0.5691210627555847,299.0,0.0,bbox_bottom,786.1405741944909,nan,204.4464040081948,221.05465299682692,84.052,84.07900000000001,84.167,84.473,0.08799999999999386,0.4539999999999935,0.4539999999999935,48.843421275361976,0
84.415,84.86500000000001,1,1,-4.216098300170614,-2.458376510589517,0.27532774401682836,1,-4.3613368934766745,-2.5146076824197756,0.2377665542332444,0.8460000000000036,1.0,0.15574400043317002,-2.1520976480892675,157.16361655745575,426.96018201642437,nan,nan,1,84.019,136.0184704540369,430.5004863803387,0.0,0.8460000000000036,1.0,-4.383302126299754,-2.615694351133139,0.22957792233908775,-4.383302126299754,-2.565694351133139,0.19868124816189883,0.05,nan,nan,nan,nan,nan,nan,nan,157.16361655745575,0.23603440821170807,0.23603440821170807,1.0,0.0,299.0,793.7250796044245,142.81149291992188,400.75311279296875,174.1998291015625,426.0403747558594,nan,nan,nan,nan,nan,0.0,nan,-1.1745451593205842,nan,nan,nan,1.0,0.23603440821170807,0.23603440821170807,299.0,0.0,bbox_bottom,793.7250796044245,nan,169.59096599020995,194.83992899768054,84.46000000000001,84.48,84.546,84.864,0.0660000000000025,0.44899999999999807,0.44899999999999807,51.582961460508876,0
84.811,85.257,1,1,-4.022593536383626,-2.4097591400951055,0.2025897604552126,1,-4.194557527946705,-2.4795207523879097,0.2520797027100947,0.8419999999999987,1.0,0.18557558283351316,2.835564819550902,182.4518601091467,415.15234787498173,nan,nan,1,84.811,182.4518601091467,415.15234787498173,0.0,0.44599999999999795,1.0,-4.047650318685141,-2.458242786272553,0.05457569317897355,-4.047650318685141,-2.4082427862725533,0.02510262273589554,0.05,nan,nan,nan,nan,nan,nan,nan,182.4518601091467,0.4255185127258301,0.4255185127258301,1.0,0.0,299.0,658.1282224059105,170.53880310058594,388.7552185058594,196.60716247558594,414.00146484375,nan,nan,nan,nan,nan,0.0,nan,-0.30015941746796604,nan,nan,nan,1.0,0.4255185127258301,0.4255185127258301,299.0,0.0,bbox_bottom,658.1282224059105,nan,210.34759099711664,232.83823899691924,84.84,84.873,84.96600000000001,85.25500000000001,0.09300000000000352,0.4440000000000026,0.4440000000000026,49.13976492126666,0
85.207,85.63600000000001,1,1,-3.86132670914442,-2.3906817199005914,-0.04741919575450048,1,-4.027405937018786,-2.3594487397574366,0.17821440617021378,0.8250000000000028,1.0,0.1689905588486181,12.927853106621017,210.70432204272694,407.1658691962247,nan,nan,1,84.811,182.4518601091467,415.15234787498173,0.0,0.8250000000000028,1.0,-4.047650318685141,-2.458242786272553,0.19819431162775525,-4.047650318685141,-2.4082427862725533,0.18714934818054696,0.05,nan,nan,nan,nan,nan,nan,nan,210.70432204272694,0.7187605500221252,0.7187605500221252,1.0,0.0,299.0,776.8024099841714,196.05615234375,381.1707763671875,226.12203979492188,407.0074462890625,nan,nan,nan,nan,nan,0.0,nan,0.9383218286701988,nan,nan,nan,1.0,0.7187605500221252,0.7187605500221252,299.0,0.0,bbox_bottom,776.8024099841714,nan,172.489154007053,204.7684400167782,85.24000000000001,85.269,85.339,85.63600000000001,0.06999999999999318,0.42900000000001626,0.42900000000001626,36.12570019488465,0
85.57,86.05300000000001,1,1,-3.68677016845068,-2.423159727024582,-0.35918861906167654,1,-3.8127035971664975,-2.2766837204873958,-0.07380115883428971,0.8460000000000178,1.0,0.19316948247382054,16.351496996986906,228.68559168051144,402.28161178057167,nan,nan,1,85.57,228.68559168051144,402.28161178057167,0.0,0.4830000000000183,1.0,-3.6917015281459773,-2.32198511182094,0.10129472380163466,-3.6917015281459773,-2.27198511182094,0.15125502500880297,0.05,nan,nan,nan,nan,nan,nan,nan,228.68559168051144,0.46005257964134216,0.46005257964134216,1.0,0.0,299.0,756.6178975617513,213.77389526367188,375.7198486328125,243.4906005859375,401.1808776855469,nan,nan,nan,nan,nan,0.0,nan,-0.16013097859227254,nan,nan,nan,1.0,0.46005257964134216,0.46005257964134216,299.0,0.0,bbox_bottom,756.6178975617513,nan,222.74395599379204,242.82277000020258,85.60300000000001,85.65,85.742,86.051,0.09199999999999875,0.48100000000000875,0.48100000000000875,19.26711829727771,0
85.999,86.461,1,1,-3.4956529278572237,-2.483902160208981,-0.21248781288500976,1,-3.6731989739229145,-2.2253459185127302,-0.40067366649175423,0.8910000000000053,1.0,0.3136461837702642,-10.78225517573322,248.73184305278676,396.17881238376606,nan,nan,1,85.999,248.73184305278676,396.17881238376606,0.0,0.4620000000000033,1.0,-3.536226462107773,-2.2559788131548424,0.2315065092258568,-3.536226462107773,-2.2059788131548426,0.2808693620161435,0.05,nan,nan,nan,nan,nan,nan,nan,248.73184305278676,0.4120195806026459,0.4120195806026459,1.0,0.0,299.0,707.2629662305117,235.20272827148438,373.6142578125,262.904052734375,399.14599609375,nan,nan,nan,nan,nan,0.0,nan,-0.3556227730447305,nan,nan,nan,1.0,0.4120195806026459,0.4120195806026459,299.0,0.0,bbox_bottom,707.2629662305117,nan,198.71921598678455,220.57638899423182,86.028,86.058,86.144,86.459,0.08599999999999852,0.46000000000000796,0.46000000000000796,28.613425552822783,0
86.395,86.857,1,1,-3.3492842258995816,-2.4896395883401023,0.055875685493652724,1,-3.5185022777273773,-2.160339244975623,-0.26993027363766736,0.8580000000000041,1.0,0.37023433822966584,-18.667306398436427,269.39698466696683,403.4795497254327,nan,nan,1,85.999,248.73184305278676,396.17881238376606,0.0,0.8580000000000041,1.0,-3.536226462107773,-2.2559788131548424,0.29924030065934604,-3.536226462107773,-2.2059788131548426,0.3397217023641877,0.05,nan,nan,nan,nan,nan,nan,nan,269.39698466696683,0.49117574095726013,0.49117574095726013,1.0,0.0,299.0,700.89954662323,257.39801025390625,375.82904052734375,282.91607666015625,403.29583740234375,nan,nan,nan,nan,nan,0.0,nan,-0.035300701514165686,nan,nan,nan,1.0,0.49117574095726013,0.49117574095726013,299.0,0.0,bbox_bottom,700.89954662323,nan,201.24107302399352,222.0550249912776,86.42800000000001,86.473,86.551,86.857,0.07800000000000296,0.4620000000000033,0.4620000000000033,45.150869356496145,0
86.791,87.253,1,1,-3.203039978352009,-2.4623886026595003,0.3414780587875166,1,-3.3046846173519575,-2.2390434923534714,0.013853034258536644,0.8580000000000041,1.0,0.24538677824007152,-18.771531168380623,288.4383312336063,402.78001372241454,nan,nan,1,86.395,269.39698466696683,403.4795497254327,0.0,0.8580000000000041,1.0,-3.321794825647222,-2.3348332191931034,0.1742787698125301,-3.321794825647222,-2.2848332191931036,0.21360858586210546,0.05,nan,nan,nan,nan,nan,nan,nan,288.4383312336063,0.42222875356674194,0.42222875356674194,1.0,0.0,299.0,605.7324370462447,276.9423522949219,376.636962890625,300.81524658203125,402.01019287109375,nan,nan,nan,nan,nan,0.0,nan,-0.3136307856867987,nan,nan,nan,1.0,0.42222875356674194,0.42222875356674194,299.0,0.0,bbox_bottom,605.7324370462447,nan,214.16788100032136,236.6638170205988,86.81800000000001,86.87100000000001,86.956,87.253,0.08499999999999375,0.4620000000000033,0.4620000000000033,63.04679783867833,0
87.187,87.66000000000001,1,1,-3.1519339347935116,-2.425443752596337,0.7401905864494068,1,-3.137178294106261,-2.2320499220323793,0.307939454046806,0.869000000000014,1.0,0.19395592961364175,-24.76616557641957,304.44090988171666,396.13076212564704,nan,nan,1,87.187,304.44090988171666,396.13076212564704,0.0,0.4730000000000132,1.0,-3.032903699328553,-2.2554536232094895,0.20752070027782912,-3.032903699328553,-2.2054536232094897,0.25012767536297387,0.05,nan,nan,nan,nan,nan,nan,nan,304.44090988171666,0.6585114598274231,0.6585114598274231,1.0,0.0,299.0,583.4861102327704,291.27716064453125,372.2636413574219,315.5740051269531,396.2785339355469,nan,nan,nan,nan,nan,0.0,nan,0.6566678028388514,nan,nan,nan,1.0,0.6585114598274231,0.6585114598274231,299.0,0.0,bbox_bottom,583.4861102327704,nan,213.70466100052,240.70682798628695,87.22,87.268,87.35900000000001,87.659,0.09100000000000819,0.4720000000000084,0.4720000000000084,86.69780857127198,0
87.616,88.045,1,1,-3.062769763096088,-2.3069864487236496,1.099220122011089,1,-3.017122754805762,-2.1611319503026793,0.6968063962770761,0.8580000000000041,1.0,0.15283057310463077,-23.056608102693993,311.6353851231956,395.37815314711526,nan,nan,1,87.187,304.44090988171666,396.13076212564704,0.0,0.8580000000000041,1.0,-3.032903699328553,-2.2554536232094895,0.05956184911870459,-3.032903699328553,-2.2054536232094897,0.10583428755301989,0.05,nan,nan,nan,nan,nan,nan,nan,311.6353851231956,0.42609885334968567,0.42609885334968567,1.0,0.0,299.0,576.5962205510587,300.7806396484375,370.639404296875,325.46942138671875,393.9939880371094,nan,nan,nan,nan,nan,0.0,nan,-0.29778579364249563,nan,nan,nan,1.0,0.42609885334968567,0.42609885334968567,299.0,0.0,bbox_bottom,576.5962205510587,nan,189.3311660096515,211.8644319998566,87.64200000000001,87.668,87.748,88.045,0.0799999999999983,0.42900000000000205,0.42900000000000205,109.1733847237645,0
87.979,88.438,1,1,-3.0153920474142684,-2.1670607378445577,1.4001045213157075,1,-2.9549102285693234,-2.1531639936045157,1.046001799533487,0.8220000000000027,1.0,0.062057794927518006,-20.288591472216442,324.4913481778412,382.72372756690487,nan,nan,1,87.616,311.6353851231956,395.37815314711526,0.0,0.8220000000000027,1.0,-2.970427947683025,-2.24724883236245,0.09193421978268834,-2.970427947683025,-2.19724883236245,0.054158021707429664,0.05,nan,nan,nan,nan,nan,nan,nan,324.4913481778412,0.5585172176361084,0.5585172176361084,1.0,0.0,299.0,583.8452789280564,311.1192626953125,359.2681884765625,335.69732666015625,383.0229187011719,nan,nan,nan,nan,nan,0.0,nan,0.23514642514849604,nan,nan,nan,1.0,0.5585172176361084,0.5585172176361084,299.0,0.0,bbox_bottom,583.8452789280564,nan,198.51247500628233,218.63831600057893,88.00500000000001,88.058,88.13900000000001,88.438,0.08100000000000307,0.4590000000000032,0.4590000000000032,128.08366138554527,0
88.375,88.837,1,1,-3.0183258242702444,-2.011185658191852,1.7154627661931023,1,-2.8811213978354817,-2.0145239399514807,1.3415892331805193,0.8580000000000041,1.0,0.1372450318168162,-21.421375513266064,334.00193465162715,368.25180203014173,nan,nan,1,87.979,324.4913481778412,382.72372756690487,0.0,0.8580000000000041,1.0,-2.8959729123886633,-2.107153810419871,0.15549958613437598,-2.8959729123886633,-2.057153810419871,0.13070312186462998,0.05,nan,nan,nan,nan,nan,nan,nan,334.00193465162715,0.3055588901042938,0.3055588901042938,1.0,0.0,299.0,551.7015003059059,320.1822509765625,345.046630859375,343.60504150390625,368.6006774902344,nan,nan,nan,nan,nan,0.0,nan,-0.8209648372990678,nan,nan,nan,1.0,0.3055588901042938,0.3055588901042938,299.0,0.0,bbox_bottom,551.7015003059059,nan,223.6113779945299,246.84184900252149,88.408,88.453,88.554,88.837,0.10099999999999909,0.4620000000000033,0.4620000000000033,147.4242610252777,0
88.771,89.253,1,1,-3.050925785464346,-1.7907819688535354,1.6926069530775174,1,-2.842317300251229,-1.8507778835631654,1.6728290126242147,0.8780000000000001,1.0,0.21706452931042494,-1.1331925154353042,333.5504413147379,354.2448223670302,nan,nan,1,88.375,334.00193465162715,368.25180203014173,0.0,0.8780000000000001,1.0,-2.8565695608332007,-1.9418170854997918,0.24614213071561006,-2.8565695608332007,-1.8918170854997918,0.2190489371090278,0.05,nan,nan,nan,nan,nan,nan,nan,333.5504413147379,0.27210962772369385,0.27210962772369385,1.0,0.0,299.0,460.4307098314166,324.06787109375,332.7225341796875,345.3072509765625,354.40069580078125,nan,nan,nan,nan,nan,0.0,nan,-0.9839454211269393,nan,nan,nan,1.0,0.27210962772369385,0.27210962772369385,299.0,0.0,bbox_bottom,460.4307098314166,nan,208.6738900106866,231.70246198424138,88.801,88.85600000000001,88.94600000000001,89.253,0.09000000000000341,0.4819999999999993,0.4819999999999993,147.54107238212396,0
89.2,89.66000000000001,1,1,-3.0639039289853947,-1.6021123405235715,1.5328692214142834,1,-2.894783298012921,-1.6866466448075355,1.6462723534313914,0.88900000000001,1.0,0.18907098249414545,6.49752084814519,335.15055710417766,338.94545061019187,nan,nan,1,88.771,333.5504413147379,354.2448223670302,0.0,0.88900000000001,1.0,-2.9087893879554745,-1.7763328960522857,0.2332666345786653,-2.9087893879554745,-1.7263328960522857,0.1987240983242474,0.05,nan,nan,nan,nan,nan,nan,nan,335.15055710417766,0.2504788935184479,0.2504788935184479,1.0,0.0,299.0,558.5767774283886,322.36016845703125,316.0376892089844,345.7852783203125,339.8829040527344,nan,nan,nan,nan,nan,0.0,nan,-1.096059818331703,nan,nan,nan,1.0,0.2504788935184479,0.2504788935184479,299.0,0.0,bbox_bottom,558.5767774283886,nan,209.5172670087777,247.64267800492235,89.229,89.272,89.364,89.659,0.09199999999999875,0.4590000000000032,0.4590000000000032,139.6580979581411,0
89.596,90.07900000000001,1,1,-3.033364025937754,-1.4006497789501928,1.3454837152255525,1,-2.9339778740475486,-1.5010124755309977,1.4904161514027048,0.8790000000000049,1.0,0.14124545321005436,8.30401690749999,334.55832651817315,323.7804452209748,nan,nan,1,89.2,335.15055710417766,338.94545061019187,0.0,0.8790000000000049,1.0,-2.94762737731189,-1.5891152837972962,0.20705076535687664,-2.94762737731189,-1.5391152837972961,0.1628602743156171,0.05,nan,nan,nan,nan,nan,nan,nan,323.7804452209748,0.4566657841205597,0.4566657841205597,1.0,0.0,299.0,520.2957126684487,321.6436462402344,300.9483337402344,343.570556640625,324.6769714355469,nan,nan,nan,nan,nan,0.0,nan,-0.17377283187988996,nan,nan,nan,1.0,0.4566657841205597,0.4566657841205597,299.0,0.0,bbox_bottom,520.2957126684487,nan,216.2809539877344,244.9004789814353,89.629,89.668,89.76100000000001,90.078,0.09300000000000352,0.4819999999999993,0.4819999999999993,130.59049828095974,0
90.025,90.485,1,1,-2.979681308278376,-1.1619373795207897,1.3764295604685097,1,-2.9956762559939123,-1.309982939346504,1.3076334778546936,0.8889999999999958,1.0,0.1489071057288129,-3.941725180805003,337.3555605820453,310.48840158318757,nan,nan,1,90.025,337.3555605820453,310.48840158318757,0.0,0.45999999999999375,1.0,-3.0315882533813694,-1.22162406703936,0.07910013664251563,-3.0315882533813694,-1.17162406703936,0.05280305734526743,0.05,nan,nan,nan,nan,nan,nan,nan,310.48840158318757,0.33855289220809937,0.33855289220809937,1.0,0.0,299.0,528.3398079210892,325.52960205078125,285.64471435546875,347.2726745605469,309.9439392089844,nan,nan,nan,nan,nan,0.0,nan,-0.6697496875490085,nan,nan,nan,1.0,0.33855289220809937,0.33855289220809937,299.0,0.0,bbox_bottom,528.3398079210892,nan,189.89994999719784,222.43584200623445,90.058,90.09100000000001,90.176,90.48400000000001,0.08499999999999375,0.4590000000000032,0.4590000000000032,134.37963365351422,0
90.421,90.88300000000001,1,1,-2.9426649421475566,-0.9357145579409777,1.4184697670177642,1,-3.0186088927984827,-1.136609258307001,1.3397063955709996,0.8580000000000041,1.0,0.2147700264832703,-4.5128087641208285,342.71842524022185,293.50518507832714,nan,nan,1,90.421,342.71842524022185,293.50518507832714,0.0,0.4620000000000033,1.0,-3.043210828488567,-0.9894284828289425,0.11399412698454808,-3.043210828488567,-0.9394284828289424,0.10061445471786246,0.05,nan,nan,nan,nan,nan,nan,nan,293.50518507832714,0.5248525738716125,0.5248525738716125,1.0,0.0,299.0,450.5908076511696,332.351318359375,271.0111083984375,353.3936462402344,292.4246520996094,nan,nan,nan,nan,nan,0.0,nan,0.0994922848073298,nan,nan,nan,1.0,0.5248525738716125,0.5248525738716125,299.0,0.0,bbox_bottom,450.5908076511696,nan,216.3751100015361,246.38031399808824,90.45400000000001,90.494,90.58000000000001,90.88300000000001,0.08600000000001273,0.4620000000000033,0.4620000000000033,138.46183356284078,0
90.817,91.272,1,1,-2.927104337312112,-0.8357059781159868,1.625943022263974,1,-3.0308147170662054,-0.9064728788604381,1.3769945848325644,0.8509999999999991,1.0,0.12555396094792592,-14.263694781196406,348.1041288234365,279.2422458591988,nan,nan,1,90.817,348.1041288234365,279.2422458591988,0.0,0.4550000000000125,1.0,-3.044176647027645,-0.786404531263124,0.12702975385284876,-3.044176647027645,-0.736404531263124,0.15351450436099395,0.05,nan,nan,nan,nan,nan,nan,nan,279.2422458591988,0.3622511029243469,0.3622511029243469,1.0,0.0,299.0,537.0345678292215,338.3895263671875,253.94070434570312,360.8183288574219,277.8846740722656,nan,nan,nan,nan,nan,0.0,nan,-0.5656070017753764,nan,nan,nan,1.0,0.3622511029243469,0.3622511029243469,299.0,0.0,bbox_bottom,537.0345678292215,nan,207.03798599424772,236.12619898631237,90.849,90.89500000000001,90.989,91.271,0.09399999999999409,0.45400000000000773,0.45400000000000773,151.0491117252895,0
91.213,91.64200000000001,1,1,-2.9271043373125027,-0.8357059781143672,2.005943022229854,1,-3.0323259892663454,-0.7052734200141921,1.6010043926411823,0.825000000000017,1.0,0.16758355603236003,-23.20127443724226,354.86353154720166,266.0250391153709,nan,nan,1,90.817,348.1041288234365,279.2422458591988,0.0,0.825000000000017,1.0,-3.044176647027645,-0.786404531263124,0.12702975385186002,-3.044176647027645,-0.736404531263124,0.15351450435964828,0.05,nan,nan,nan,nan,nan,nan,nan,266.0250391153709,0.27702733874320984,0.27702733874320984,1.0,0.0,299.0,477.03483193181455,344.38812255859375,243.935791015625,365.46630859375,266.5674743652344,nan,nan,nan,nan,nan,0.0,nan,-0.9592552113799145,nan,nan,nan,1.0,0.27702733874320984,0.27702733874320984,299.0,0.0,bbox_bottom,477.03483193181455,nan,184.4012830115389,203.51326701347716,91.244,91.27900000000001,91.36,91.64200000000001,0.08099999999998886,0.42900000000001626,0.42900000000001626,172.82150793831138,0
91.576,92.03800000000001,1,1,-2.9271043373134917,-0.835705978113009,2.3859430222114755,1,-3.015079598767232,-0.5120110223081029,1.9826640233911725,0.825000000000017,1.0,0.3354371342612413,-23.10618459866466,356.36669724139944,268.0052725487555,nan,nan,1,91.213,354.86353154720166,266.0250391153709,0.0,0.825000000000017,1.0,-3.0263337696850523,-0.5913401975509723,0.26374441218436373,-3.0263337696850523,-0.5413401975509723,0.310640778093732,0.05,nan,nan,nan,nan,nan,nan,nan,268.0052725487555,0.20665425062179565,0.20665425062179565,1.0,0.0,299.0,491.4520192146301,345.0315856933594,243.73287963867188,366.2034606933594,266.94537353515625,nan,nan,nan,nan,nan,0.0,nan,-1.34521201842185,nan,nan,nan,1.0,0.20665425062179565,0.20665425062179565,299.0,0.0,bbox_bottom,491.4520192146301,nan,161.28187699359842,180.0905769923702,91.616,91.643,91.70800000000001,92.03800000000001,0.06500000000001194,0.4620000000000175,0.4620000000000175,165.40609584777158,0
91.972,92.417,1,1,-2.9271043373132652,-0.8357059781129903,2.7659430221344268,1,-2.9911732563053355,-0.5414701381820108,2.354158009491409,0.8410000000000082,1.0,0.3011304632226727,-23.593543291186165,356.8066301474205,268.7000653444825,nan,nan,1,91.972,356.8066301474205,268.7000653444825,0.0,0.4450000000000074,1.0,-2.994978350530202,-0.6313746063534056,0.21530952407017787,-2.994978350530202,-0.5813746063534055,0.2632324606337239,0.05,nan,nan,nan,nan,nan,nan,nan,268.7000653444825,0.29705724120140076,0.29705724120140076,1.0,0.0,299.0,471.18351532518864,345.83367919921875,243.6104736328125,366.239990234375,266.7005615234375,nan,nan,nan,nan,nan,0.0,nan,-0.8613506127612138,nan,nan,nan,1.0,0.29705724120140076,0.29705724120140076,299.0,0.0,bbox_bottom,471.18351532518864,nan,177.67754002125002,191.2468000082299,92.025,92.03800000000001,92.11500000000001,92.41600000000001,0.07699999999999818,0.4440000000000168,0.4440000000000168,143.63369963721277,0
92.368,92.76400000000001,1,1,-2.927104337312611,-0.8357059781131537,3.1259430220491424,1,-2.98373685574367,-0.551766967754298,2.745668455026808,0.7920000000000158,1.0,0.2895316973103474,-21.788127746544518,358.5303568133548,267.82223343906105,nan,nan,1,92.368,358.5303568133548,267.82223343906105,0.0,0.396000000000015,1.0,-2.9802407999238403,-0.6182684456209439,0.22383602077220588,-2.9802407999238403,-0.5682684456209438,0.27266521128364796,0.05,nan,nan,nan,nan,nan,nan,nan,267.82223343906105,0.18873263895511627,0.18873263895511627,1.0,0.0,299.0,442.60328229144216,347.8604431152344,243.46047973632812,367.038818359375,266.5387268066406,nan,nan,nan,nan,nan,0.0,nan,-1.4582662632997476,nan,nan,nan,1.0,0.18873263895511627,0.18873263895511627,299.0,0.0,bbox_bottom,442.60328229144216,nan,195.7368099829182,213.4139419940766,92.40100000000001,92.424,92.49600000000001,92.76400000000001,0.07200000000000273,0.396000000000015,0.396000000000015,123.00721901738466,0
