stamp,x,y,yaw,cov_x,cov_y,cov_yaw,cmd_v,cmd_w,goal_x,goal_y,goal_dist,plan_points,plan_length,efe_total,efe_risk,efe_ambiguity,efe_control,efe_boundary,seed
7.381,-0.6046761348097562,-0.6037471037056306,0.0,0.09,0.09,0.25,0.0,0.0,0.0,0.0,0.0,0,0.0,0.0,0.0,0.0,0.0,0.0,0
7.483,-0.5971463857251571,-0.590218010822942,0.014822582730908586,0.056491094797756214,0.003686244928994961,0.0887886612896514,0.0,0.0,0.0,0.0,0.0,0,0.0,0.0,0.0,0.0,0.0,0.0,0
7.579,-0.701238563807007,-0.6175277445318613,-0.17944531663223573,0.03840385080803876,0.001006925295313902,0.059518581250725344,0.0,0.0,0.0,0.0,0.0,0,0.0,0.0,0.0,0.0,0.0,0.0,0
7.683,-0.6949673872072416,-0.6022463505109367,-0.10737935328083105,0.03917667795934466,0.0009479700197686981,0.06056065547620709,0.0,0.0,0.0,0.0,0.0,0,0.0,0.0,0.0,0.0,0.0,0.0,0
7.781,-0.6943478095561686,-0.6047149002128673,-0.18071593944324088,0.040392876387810625,0.001068919162926606,0.061329971326900254,0.0,0.0,0.0,0.0,0.0,0,0.0,0.0,0.0,0.0,0.0,0.0,0
7.88,-0.6959225596629315,-0.6342422971796061,-0.1042559673286735,0.03969026385358497,0.0009291201802953188,0.05692069376343733,0.0,0.0,0.0,0.0,0.0,0,0.0,0.0,0.0,0.0,0.0,0.0,0
7.979,-0.7086743822802353,-0.608559921365905,-0.09027048001349484,0.03942270433460581,0.0008316420793356889,0.06132055314061646,0.0,0.0,0.0,0.0,0.0,0,0.0,0.0,0.0,0.0,0.0,0.0,0
8.079,-0.6995496234831451,-0.6257080418487017,-0.12583087636515125,0.04038409186130866,0.0007220675293528887,0.05863667655923109,0.0,0.0,0.0,0.0,0.0,0,0.0,0.0,0.0,0.0,0.0,0.0,0
8.179,-0.6964909595703151,-0.6212872251131107,-0.12322401546157899,0.03967011666626122,0.0009548976207710821,0.05975216255989242,0.0,0.0,0.0,0.0,0.0,0,0.0,0.0,0.0,0.0,0.0,0.0,0
8.279,-0.680089505031602,-0.6088630691233993,-0.17372508314042107,0.03658831856822557,0.0011211361733164285,0.0570332648586271,0.0,0.0,0.0,0.0,0.0,0,0.0,0.0,0.0,0.0,0.0,0.0,0
8.38,-0.6680248227100634,-0.6145369647982377,-0.09973745480348013,0.03761103413422547,0.000891595441638905,0.058692582640076534,0.0,0.0,0.0,0.0,0.0,0,0.0,0.0,0.0,0.0,0.0,0.0,0
8.488,-0.6722204529775275,-0.5959045926348051,-0.0940686364840336,0.03692276014827877,0.0011597294297195496,0.05945842752716894,0.0,0.0,0.0,0.0,0.0,0,0.0,0.0,0.0,0.0,0.0,0.0,0
8.588000000000001,-0.6643834237312639,-0.6302092609116413,-0.1257963663641721,0.03862493372201973,0.0012803473793591017,0.057137947780318894,0.0,0.0,0.6,0.6,1.7641089160930965,0,0.0,0.0,0.0,0.0,0.0,0.0,0
8.68,-0.6693590412423411,-0.5959594033775395,-0.07907485175003465,0.03893298625408321,0.0011917844757772446,0.06142819787774362,0.0,0.0,0.6,0.6,1.7440158457166712,0,0.0,0.0,0.0,0.0,0.0,0.0,0
8.779,-0.7425206219542803,-0.6218512898305926,-0.20950624779876678,0.034631873597745784,0.0011727246582172472,0.05475053157623015,0.0,0.0,0.6,0.6,1.8152912148834934,0,0.0,0.0,0.0,0.0,0.0,0.0,0
8.88,-0.7173283640445436,-0.6101817854681105,-0.15782102087962477,0.02489441548887687,0.0004265523410851582,0.03934461395201518,0.0,0.0,0.6,0.6,1.7888247461937286,0,0.0,0.0,0.0,0.0,0.0,0.0,0
8.979,-0.7228608317763591,-0.6220365191774369,-0.11186418409764848,0.02625633550081546,0.00043288296192159456,0.04083875097287976,0.0,0.0,0.6,0.6,1.8009258825535674,0,0.0,0.0,0.0,0.0,0.0,0.0,0
9.088,-0.7075599937882019,-0.6418444805534679,-0.14128979565699173,0.027652183238866958,0.0005519453617680714,0.04032752379013489,0.0,0.0,0.6,0.6,1.8032999892520698,0,0.0,0.0,0.0,0.0,0.0,0.0,0
9.181,-0.7521220670473459,-0.6104693289083922,-0.1531938314721827,0.027932682426506598,0.0005333501750782114,0.04455800150516782,0.0,0.0,0.6,0.6,1.814792021258723,0,0.0,0.0,0.0,0.0,0.0,0.0,0
9.281,-0.7629090311974043,-0.6003062439288872,-0.1565004142732655,0.027044807856308823,0.00030687951950763025,0.04097914523694285,0.0,0.0,0.6,0.6,1.8161101581495878,0,0.0,0.0,0.0,0.0,0.0,0.0,0
9.38,-0.7661608871647853,-0.6110975774677377,-0.18952476948621613,0.0281241697548728,0.00031019992386882757,0.04368062508575754,0.0,0.0,0.6,0.6,1.8256924472010876,0,0.0,0.0,0.0,0.0,0.0,0.0,0
9.482,-0.7369940417599761,-0.6220942530486187,-0.2541780413248298,0.029481394377266275,0.0003486861667034493,0.04489174825791731,0.0,0.0,0.6,0.6,1.8113716987510151,0,0.0,0.0,0.0,0.0,0.0,0.0,0
9.599,-0.7585855647874318,-0.6136981223668165,-0.20535981311810744,0.03008071247895484,0.0003131889874356444,0.04602752109196615,0.0,0.0,0.6,0.6,1.82176229763532,0,0.0,0.0,0.0,0.0,0.0,0.0,0
9.682,-0.7575302749721796,-0.6139223868973287,-0.13464828758842418,0.031154146608780103,0.00035663770670496314,0.04708312172989668,0.0,0.0,0.6,0.6,1.821124929508283,0,0.0,0.0,0.0,0.0,0.0,0.0,0
9.781,-0.7616653560126181,-0.6213173311805856,-0.16942201366495327,0.03113445031643635,0.0003347476453358312,0.051513041649404755,0.0,0.0,0.6,0.6,1.8291387495778,0,0.0,0.0,0.0,0.0,0.0,0.0,0
9.883,-0.7979108570959529,-0.6265453108748501,-0.2371676466231167,0.03142778166886762,0.0002580143802177679,0.04703067273465546,0.0,0.0,0.6,0.6,1.8597226040503525,0,0.0,0.0,0.0,0.0,0.0,0.0,0
9.98,-0.8069983596054057,-0.6119131127308364,-0.26658258140357327,0.03134981239738084,0.0002496788835524127,0.047818467228842185,0.0,0.0,0.6,0.6,1.8569808229330875,0,0.0,0.0,0.0,0.0,0.0,0.0,0
10.08,-0.8073939727749756,-0.6505000938008165,-0.27853717346365053,0.03233451489342786,0.000249899977455179,0.05063931313727782,0.0,0.0,0.6,0.6,1.8826864527050646,0,0.0,0.0,0.0,0.0,0.0,0.0,0
10.179,-0.7889894074049133,-0.6235315161885432,-0.23204903689027545,0.032663447008508484,0.00024907769721511935,0.05060863125001908,0.0,0.0,0.6,0.6,1.8510323997676776,0,0.0,0.0,0.0,0.0,0.0,0.0,0
10.28,-0.8085754707795602,-0.6030973084815042,-0.21295362738714005,0.03316445962944863,0.0002479415955641571,0.0523841862887165,0.0,0.0,0.6,0.6,1.852438390488952,0,0.0,0.0,0.0,0.0,0.0,0.0,0
10.379,-0.8015787905196579,-0.6323691285564728,-0.27911114215548505,0.03460808468812122,0.00024945721714755555,0.05384683513560956,0.0,0.0,0.6,0.6,1.8663217233514664,0,0.0,0.0,0.0,0.0,0.0,0.0,0
10.48,-0.7860134138828464,-0.6216516242376217,-0.2133497082503732,0.03557239534427952,0.0002603608737545425,0.053134039674685066,0.0,0.0,0.6,0.6,1.8475567310547196,0,0.0,0.0,0.0,0.0,0.0,0.0,0
10.581,-0.7836030426431716,-0.6240113345701906,-0.21313376268187417,0.03628597751191941,0.00025983147712471075,0.05533057674825999,0.0,0.0,0.6,0.6,1.8473118650535814,0,0.0,0.0,0.0,0.0,0.0,0.0,0
10.68,-0.7906068930982185,-0.6296757979083712,-0.17950372563292832,0.03789089535178388,0.00026197839619146153,0.05618385531057903,0.0,0.0,0.6,0.6,1.8563108842793197,0,0.0,0.0,0.0,0.0,0.0,0.0,0
10.78,-0.7825328675833594,-0.618389373196692,-0.20747303781446197,0.03937057958068374,0.0002483487385665421,0.057012126076783805,0.0,0.0,0.6,0.6,1.8427885919624352,0,0.0,0.0,0.0,0.0,0.0,0.0,0
10.881,-0.7974219584523009,-0.6142566064270578,-0.31144795851576784,0.036735871906204955,0.00032421098710510253,0.053387147845320636,0.0,0.0,0.6,0.6,1.8512717888566277,0,0.0,0.0,0.0,0.0,0.0,0.0,0
10.98,-0.8427031905411546,-0.6109821455929124,-0.3741686407582463,0.024192606980649303,0.0002758615370210899,0.03584921593043929,0.0,0.0,0.6,0.6,1.883579107163392,0,0.0,0.0,0.0,0.0,0.0,0.0,0
11.08,-0.849847947706047,-0.6238378520656148,-0.2981097690693692,0.02400793109199668,0.00033568166136772984,0.03707528730002786,0.0,0.0,0.6,0.6,1.8973239469357925,0,0.0,0.0,0.0,0.0,0.0,0.0,0
11.183,-0.860126925440135,-0.6112579066634922,-0.2861145513319427,0.025600838179954,0.0003384101450625758,0.038343642980624856,0.0,0.0,0.6,0.6,1.8971337208668466,0,0.0,0.0,0.0,0.0,0.0,0.0,0
11.289,-0.8476706543788621,-0.6257314193284518,-0.287832620945318,0.026655931319049666,0.00035190447114524044,0.04216205336638437,0.0,0.0,0.6,0.6,1.8968837170155328,0,0.0,0.0,0.0,0.0,0.0,0.0,0
11.379,-0.8428977395267648,-0.6239795640417015,-0.31661673522626954,0.02846933854288697,0.0003359116733028358,0.041659381680506306,0.0,0.0,0.6,0.6,1.8921098963652088,0,0.0,0.0,0.0,0.0,0.0,0.0,0
11.479,-0.851693846885563,-0.6185604954822748,-0.35277695985149365,0.029083473865119107,0.0003385943880276044,0.04562972814292125,0.0,0.0,0.6,0.6,1.8953376232838866,0,0.0,0.0,0.0,0.0,0.0,0.0,0
11.579,-0.8477648596349338,-0.6082743631251386,-0.3491071370356481,0.030246313650301566,0.00029907532917539115,0.045314635682898806,0.0,0.0,0.6,0.6,1.8857226798708284,0,0.0,0.0,0.0,0.0,0.0,0.0,0
11.68,-0.7770505214559604,-0.6553300981053697,-0.17668937716098887,0.021604444589147245,0.0002689087823634974,0.03195558929668065,0.0,0.0,0.6,0.6,1.8633630332952753,0,0.0,0.0,0.0,0.0,0.0,0.0,0
11.78,-0.8071470509075154,-0.6313790886166507,-0.28901656934613407,0.021233178389534754,0.000247390065607044,0.03273644772017145,0.0,0.0,0.6,0.6,1.8698548828077783,0,0.0,0.0,0.0,0.0,0.0,0.0,0
11.891,-0.8140441830487677,-0.6309317755331246,-0.2789068284634543,0.02279413975348954,0.00025260325269060537,0.03403372983838763,0.0,0.0,0.6,0.6,1.8747570476280888,0,0.0,0.0,0.0,0.0,0.0,0.0,0
11.98,-0.8178057477935736,-0.6066489567353697,-0.2157518844718882,0.024004689078323205,0.0002474701909793085,0.03676712391525357,0.0,0.0,0.6,0.6,1.8617665920482755,0,0.0,0.0,0.0,0.0,0.0,0.0,0
12.084,-0.7963663398055778,-0.5911133462806717,-0.20869847911137282,0.024752715831478245,0.0002476680002895516,0.037971696535439074,0.0,0.0,0.6,0.6,1.8353718856487822,0,0.0,0.0,0.0,0.0,0.0,0.0,0
12.188,-0.756131975432301,-0.6109833033533361,-0.25491421169004697,0.024142901176071437,0.0002906595250904233,0.039883954069208395,0.0,0.0,0.6,0.6,1.8181238945106224,0,0.0,0.0,0.0,0.0,0.0,0.0,0
12.284,-0.7574402036812939,-0.6181486522782226,-0.19504567808200876,0.02582053663971123,0.00032155826935562385,0.03884229801154401,0.0,0.0,0.6,0.6,1.8238777496360776,0,0.0,0.0,0.0,0.0,0.0,0.0,0
12.38,-0.7619069679754942,-0.6338495916984919,-0.21793224069904532,0.02694517801206236,0.0002947029171962051,0.04153041321651578,0.0,0.0,0.6,0.6,1.8377092817839111,0,0.0,0.0,0.0,0.0,0.0,0.0,0
12.482,-0.7646118445908268,-0.6241618190115179,-0.20066942152461814,0.028454790226809044,0.00029303751274438266,0.04216731644371954,0.0,0.0,0.6,0.6,1.833231476252567,0,0.0,0.0,0.0,0.0,0.0,0.0,0
12.585,-0.7645228580364013,-0.6243260973993889,-0.18184933278754356,0.028999033549746114,0.0002968345062674714,0.043671132122042586,0.0,0.0,0.6,0.6,1.8332749447033434,0,0.0,0.0,0.0,0.0,0.0,0.0,0
12.679,-0.7720641653976688,-0.6350453977375246,-0.24024065214554707,0.03053995039479774,0.00029665386450028583,0.04482107895462139,0.0,0.0,0.6,0.6,1.8460490807237606,0,0.0,0.0,0.0,0.0,0.0,0.0,0
12.783,-0.7925722311414889,-0.6137363623084438,-0.22776550311903035,0.030413876484843082,0.00026298006293896985,0.04749474568821235,0.0,0.0,0.6,0.6,1.84727187390923,0,0.0,0.0,0.0,0.0,0.0,0.0,0
12.88,-0.7981363159899664,-0.6394052087818304,-0.22655205106129075,0.03159594444885881,0.0002473411034068203,0.04630158821880589,0.0,0.0,0.6,0.6,1.868397824245556,0,0.0,0.0,0.0,0.0,0.0,0.0,0
12.984,-0.8175849036308218,-0.6176082703087695,-0.24356172317038768,0.03036199398071175,0.00030158238294784233,0.045344972402248565,0.0,0.0,0.6,0.6,1.868720647642745,0,0.0,0.0,0.0,0.0,0.0,0.0,0
13.099,-0.7963436871611509,-0.6443806547200255,-0.206555090623783,0.030796442659944905,0.00024952354203856895,0.04454691127015545,0.0,0.0,0.6,0.6,1.870363308695997,0,0.0,0.0,0.0,0.0,0.0,0.0,0
13.179,-0.8146680085075948,-0.6410148939684386,-0.21393093951501313,0.031347075699257904,0.00024732964089492254,0.04714075791064631,0.0,0.0,0.6,0.6,1.8818617221640754,0,0.0,0.0,0.0,0.0,0.0,0.0,0
13.282,-0.8090650835909494,-0.5994024070847183,-0.24578386609037697,0.03203663207130544,0.0002472259581623856,0.04964769767622509,0.0,0.0,0.6,0.6,1.850413614280814,0,0.0,0.0,0.0,0.0,0.0,0.0,0
13.399000000000001,-0.8162520911451537,-0.6129047077875356,-0.32190875886369286,0.03125572180557559,0.0002875291940014392,0.049511714598144754,0.0,0.0,0.6,0.6,1.8646468340804347,0,0.0,0.0,0.0,0.0,0.0,0.0,0
13.479,-0.8237284013930525,-0.621576853970793,-0.27331497752268846,0.03194103688920307,0.00025698339705527236,0.04921072720626883,0.0,0.0,0.6,0.6,1.875967102880644,0,0.0,0.0,0.0,0.0,0.0,0.0,0
13.579,-0.7267071529263154,-0.6449399646095997,-0.17001462990055516,0.030782674984321797,0.00024731903708332087,0.0475504145501043,0.0,0.0,0.6,0.6,1.8193480659587933,0,0.0,0.0,0.0,0.0,0.0,0.0,0
13.679,-0.7625574160050711,-0.6047445387606201,-0.19757650536826574,0.0259090127814602,0.0003114958096122763,0.03938419166589417,0.0,0.0,0.6,0.6,1.8187831414393403,0,0.0,0.0,0.0,0.0,0.0,0.0,0
13.78,-0.762295905563715,-0.626478018514099,-0.21101651471701674,0.027570157123562443,0.0002996511712389817,0.03951619520606487,0.0,0.0,0.6,0.6,1.8330571361018544,0,0.0,0.0,0.0,0.0,0.0,0.0,0
13.88,-0.7899960148268518,-0.6173369187941867,-0.22311873289695833,0.027983668292097242,0.0002554040683430579,0.04244740915112084,0.0,0.0,0.6,0.6,1.8477007590770356,0,0.0,0.0,0.0,0.0,0.0,0.0,0
13.98,-0.7809330080778547,-0.6161560703450424,-0.2506073544047693,0.029426501869726514,0.0002548584336774299,0.043919340838901484,0.0,0.0,0.6,0.6,1.8401118336220894,0,0.0,0.0,0.0,0.0,0.0,0.0,0
14.079,-0.7957087109739039,-0.6178152406778743,-0.2534610170982835,0.030286654159789816,0.0002540833054769866,0.04645697738274214,0.0,0.0,0.6,0.6,1.8523165945150266,0,0.0,0.0,0.0,0.0,0.0,0.0,0
14.18,-0.7957088379050591,-0.6099880773329408,-0.21273100654294613,0.031351842890628485,0.00025302752254626403,0.04734196064821135,0.0,0.0,0.6,0.6,1.8471800961179061,0,0.0,0.0,0.0,0.0,0.0,0.0,0
14.279,-0.813881061677088,-0.6203594454688984,-0.2072809415034379,0.03283837649299391,0.00024724783402240336,0.047510829916324174,0.0,0.0,0.6,0.6,1.867708979663129,0,0.0,0.0,0.0,0.0,0.0,0.0,0
14.39,-0.7815608549381785,-0.6395143743599327,-0.22809108120247965,0.027903049250008142,0.00028426091721843173,0.04214407021171387,0.0,0.0,0.6,0.6,1.8560997495130496,0,0.0,0.0,0.0,0.0,0.0,0.0,0
14.479,-0.7231614033325166,-0.6170693510636884,-0.14043488020308134,0.02643144861251792,0.0004773946739310251,0.040444431036976175,0.0,0.0,0.6,0.6,1.7977802714924485,0,0.0,0.0,0.0,0.0,0.0,0.0,0
14.579,-0.7026057224847062,-0.6280220040103921,-0.14947232661542798,0.027500239386716432,0.0005992777722003119,0.04116919280423611,0.0,0.0,0.6,0.6,1.7902010251878426,0,0.0,0.0,0.0,0.0,0.0,0.0,0
14.681000000000001,-0.7047553613067726,-0.6250234504180094,-0.0997656970455427,0.02874732764215242,0.0006135294444047079,0.04268392355856416,0.0,0.0,0.6,0.6,1.78971198993939,0,0.0,0.0,0.0,0.0,0.0,0.0,0
14.779,-0.7012156776632492,-0.5882086074964791,-0.14580904102745007,0.02963056319565621,0.0005899592526550994,0.0475696913862953,0.0,0.0,0.6,0.6,1.762101567653054,0,0.0,0.0,0.0,0.0,0.0,0.0,0
14.884,-0.6982445385829619,-0.6259608801905658,-0.12780355501328994,0.030880460455252372,0.000706369590669738,0.04720599005870754,0.0,0.0,0.6,0.6,1.785614449347371,0,0.0,0.0,0.0,0.0,0.0,0.0,0
14.979,-0.7036048365847363,-0.6134470309303289,-0.18378127972378375,0.03245864723398613,0.0006679440624318596,0.04786938075460182,0.0,0.0,0.6,0.6,1.7809658241641662,0,0.0,0.0,0.0,0.0,0.0,0.0,0
15.079,-0.72890467634905,-0.6286588589188983,-0.17588746627162902,0.031325065640116105,0.0005061180609865132,0.047374294924816325,0.0,0.0,0.6,0.6,1.8098591741962307,0,0.0,0.0,0.0,0.0,0.0,0.0,0
15.18,-0.771372434639962,-0.6051719432779883,-0.18141870890688444,0.03094023884467998,0.00039521980387261006,0.04774147843097265,0.0,0.0,0.6,0.6,1.8256784402941222,0,0.0,0.0,0.0,0.0,0.0,0.0,0
15.28,-0.7437094888683388,-0.6275672279762354,-0.20074895118540975,0.031339191441532646,0.00034989055511225797,0.048315666261468986,0.0,0.0,0.6,0.6,1.8200210135259622,0,0.0,0.0,0.0,0.0,0.0,0.0,0
15.38,-0.7462786299795108,-0.607117625328024,-0.19517128698980782,0.031977211430492966,0.00033428489911498056,0.04959915264428264,0.0,0.0,0.6,0.6,1.808203282520269,0,0.0,0.0,0.0,0.0,0.0,0.0,0
15.486,-0.7361321643201234,-0.6275651649270447,-0.17734393609936341,0.03310731466313744,0.0004303027847909908,0.050947421163479514,0.0,0.0,0.6,0.6,1.8144325269001158,0,0.0,0.0,0.0,0.0,0.0,0.0,0
15.579,-0.7336278727172352,-0.6433127196545493,-0.12306172745099465,0.03474455815730922,0.0004654766017674109,0.05062126747521312,0.0,0.0,0.6,0.6,1.8232909317339046,0,0.0,0.0,0.0,0.0,0.0,0.0,0
15.683,-0.7185864356692142,-0.62222434300306,-0.16698112947958718,0.03569095736320713,0.0005300107857805706,0.05419734311225133,0.0,0.0,0.6,0.6,1.7979161640521797,0,0.0,0.0,0.0,0.0,0.0,0.0,0
15.791,-0.7237726320890461,-0.6045683838727081,-0.16838409753578618,0.0368920471895816,0.0005412172894779387,0.057037231170083164,0.0,0.0,0.6,0.6,1.7897929972188593,0,0.0,0.0,0.0,0.0,0.0,0.0,0
15.88,-0.7058618191732854,-0.6453031564850245,-0.13389533233839263,0.03800110883967261,0.0006749910048741437,0.05517429883005938,0.0,0.0,0.6,0.6,1.8044542228402822,0,0.0,0.0,0.0,0.0,0.0,0.0,0
15.981,-0.7252035368401708,-0.6135964514409581,-0.1148627334588539,0.03880194089468795,0.0007653538174359739,0.05806148513589323,0.0,0.0,0.6,0.6,1.7969364933140468,0,0.0,0.0,0.0,0.0,0.0,0.0,0
16.081,-0.7079144810379022,-0.6170239696964823,-0.119572369310464,0.03905173278985326,0.0007567441307700965,0.05836310962639772,0.0,0.0,0.6,0.6,1.786557480890114,0,0.0,0.0,0.0,0.0,0.0,0.0,0
16.179,-0.7077309872840801,-0.6164380352893555,-0.14173437961563845,0.040043056660973395,0.0007693660050861477,0.06032570838124359,0.0,0.0,0.6,0.6,1.7860240280583075,0,0.0,0.0,0.0,0.0,0.0,0.0,0
16.282,-0.7073559266428249,-0.6171974478958279,-0.12910655553745526,0.041665266570975946,0.0007920655194702982,0.061818407824429655,0.0,0.0,0.6,0.6,1.7862668182811425,0,0.0,0.0,0.0,0.0,0.0,0.0,0
16.38,-0.702821436785526,-0.6147567594229933,-0.16605538544063117,0.040687209888455075,0.0009767416521381232,0.06102720431334156,0.0,0.0,0.6,0.6,1.7812854012515105,0,0.0,0.0,0.0,0.0,0.0,0.0,0
16.479,-0.7399392440922579,-0.631156352401325,-0.13472980755582947,0.03568037894110887,0.0005098140998155065,0.05376191652766199,0.0,0.0,0.6,0.6,1.8196656676204743,0,0.0,0.0,0.0,0.0,0.0,0.0,0
16.579,-0.7467148278738056,-0.6120635525277803,-0.14244776177655727,0.03669693772581389,0.0004933749608831375,0.055983908516663204,0.0,0.0,0.6,0.6,1.8118330174112174,0,0.0,0.0,0.0,0.0,0.0,0.0,0
16.679,-0.7483602229913172,-0.6136757687534141,-0.1251837449256983,0.03709557167041544,0.0004787117638135272,0.05831023307948679,0.0,0.0,0.6,0.6,1.814134549200909,0,0.0,0.0,0.0,0.0,0.0,0.0,0
16.78,-0.7397280985369337,-0.6279286708845507,-0.13773694511300116,0.03799996073827736,0.0004144322851632865,0.05751156978284927,0.0,0.0,0.6,0.6,1.8173277631703333,0,0.0,0.0,0.0,0.0,0.0,0.0,0
16.879,-0.7183370000216279,-0.6032781187084736,-0.12242175489516122,0.037482763281009794,0.0004902366276532471,0.05969344114294336,0.0,0.0,0.6,0.6,1.7849063495289128,0,0.0,0.0,0.0,0.0,0.0,0.0,0
16.979,-0.7286222056171658,-0.5860966922452038,-0.14920408446082128,0.03837765280258461,0.0006049787257990337,0.05985041552921724,0.0,0.0,0.6,0.6,1.7810284468851236,0,0.0,0.0,0.0,0.0,0.0,0.0,0
17.081,-0.7315232942243381,-0.6119198591227809,-0.12299142781023245,0.0380310892406135,0.0005809079016918219,0.05926257862731717,0.0,0.0,0.6,0.6,1.8004732788903628,0,0.0,0.0,0.0,0.0,0.0,0.0,0
17.18,-0.6764199677302539,-0.6283185440787059,-0.0747834948303976,0.03752955938409139,0.000862198359938864,0.05670098709187809,0.0,0.0,0.6,0.6,1.7714441508972656,0,0.0,0.0,0.0,0.0,0.0,0.0,0
17.281,-0.8300170059136951,-0.6313847547261543,-0.21581499811610957,0.023648725061593018,0.0002538372747201332,0.03552463428574179,0.0,0.0,0.6,0.6,1.8871293149581352,0,0.0,0.0,0.0,0.0,0.0,0.0,0
17.389,-0.8095038684735218,-0.6341010395603727,-0.27144790642092176,0.02443450640950726,0.0002479642629813038,0.03812157579844887,0.0,0.0,0.6,0.6,1.8734210768233115,0,0.0,0.0,0.0,0.0,0.0,0.0,0
17.484,-0.8065371709727049,-0.6185391827226352,-0.2517445974429248,0.02581746855948087,0.0002490811102555472,0.04025718258855378,0.0,0.0,0.6,0.6,1.860963340089817,0,0.0,0.0,0.0,0.0,0.0,0.0,0
17.581,-0.8052752116593856,-0.6139544371431243,-0.283889265743764,0.027501162464984453,0.0002473787286954242,0.04076801226660429,0.0,0.0,0.6,0.6,1.857009368841151,0,0.0,0.0,0.0,0.0,0.0,0.0,0
17.679,-0.8241519544751266,-0.6328260321985545,-0.24895977377591566,0.02845536035644545,0.000263547751891811,0.0424773852316842,0.0,0.0,0.6,0.6,1.8836318151649898,0,0.0,0.0,0.0,0.0,0.0,0.0,0
17.76,-0.8150222627452142,-0.6116006653269954,-0.3126411963667743,0.029629221978596253,0.0002664752254406493,0.04410528776875575,0.0,0.0,0.6,0.6,1.8628645083004303,0,0.0,0.0,0.0,0.0,0.0,0.0,0
17.879,-0.8495220817304028,-0.6362050975284502,-0.40008591022845363,0.03008643946343071,0.00036596052642228686,0.04341001543086252,0.0,0.0,0.6,0.6,1.9050767198670415,0,0.0,0.0,0.0,0.0,0.0,0.0,0
17.979,-0.8701779832977501,-0.609228138815791,-0.32008953697008347,0.02812381757030364,0.000624060746873628,0.04306769180799848,0.0,0.0,0.6,0.6,1.9035902905502908,0,0.0,0.0,0.0,0.0,0.0,0.0,0
18.099,-0.8785549372949216,-0.619619147775987,-0.34136101723944606,0.029202237029935914,0.0005310664591556213,0.04433036829207833,0.0,0.0,0.6,0.6,1.9166626119953962,0,0.0,0.0,0.0,0.0,0.0,0.0,0
18.159,-0.9816905100278178,-0.614622370434827,-0.40285477508814294,0.027825642480539613,0.0006814897871965185,0.045233111637570496,0.0,0.0,0.6,0.6,1.9942548413562338,0,0.0,0.0,0.0,0.0,0.0,0.0,0
18.279,-0.9448079155048448,-0.6316591117396572,-0.4859616883542869,0.023422968012732796,0.001022808273172759,0.03699106234452021,0.0,0.0,0.6,0.6,1.9757063707286429,0,0.0,0.0,0.0,0.0,0.0,0.0,0
18.379,-0.9578908242633759,-0.6151551871910019,-0.46024208529820265,0.024342584908516804,0.0011166595250902067,0.037085890586138065,0.0,0.0,0.6,0.6,1.9757595879259247,0,0.0,0.0,0.0,0.0,0.0,0.0,0
18.481,-0.9592162626213919,-0.6304575946456327,-0.46952406090698795,0.025845458030705183,0.0011827930779656666,0.03921186678251011,0.0,0.0,0.6,0.6,1.9862480323071783,0,0.0,0.0,0.0,0.0,0.0,0.0,0
18.586,-0.938875737751587,-0.6030872432397598,-0.46166715399390057,0.026847259261212342,0.0011169612642980087,0.042195948638389644,0.0,0.0,0.6,0.6,1.9533451950658225,0,0.0,0.0,0.0,0.0,0.0,0.0,0
18.679,-0.9351028925682637,-0.6020179299242321,-0.45438741773352215,0.028479545797757987,0.0010425959125804467,0.04348124690219129,0.0,0.0,0.6,0.6,1.9497148495692354,0,0.0,0.0,0.0,0.0,0.0,0.0,0
18.779,-0.9450926673811747,-0.6011237482173449,-0.41787233894065134,0.02956473637047834,0.0011777050297052131,0.046986538894398557,0.0,0.0,0.6,0.6,1.9570410341448534,0,0.0,0.0,0.0,0.0,0.0,0.0,0
18.881,-0.9365490838263899,-0.6116111290133139,-0.44528166497751165,0.030870245604293613,0.0011039325557150289,0.04775789076052185,0.0,0.0,0.6,0.6,1.956779143121838,0,0.0,0.0,0.0,0.0,0.0,0.0,0
18.959,-0.939709484624385,-0.6184621995321969,-0.3953760335442163,0.03165153582407429,0.0012864984542459816,0.04973623849786558,0.0,0.0,0.6,0.6,1.96350590239274,0,0.0,0.0,0.0,0.0,0.0,0.0,0
19.079,-0.9816878619795014,-0.6182608073375271,-0.465610125084314,0.03208990849019618,0.001699091885205005,0.04890557465527149,0.0,0.0,0.6,0.6,1.9964708581464368,0,0.0,0.0,0.0,0.0,0.0,0.0,0
19.1,-0.9955731078678367,-0.6293773645940586,-0.4413873536074666,0.03227385187387034,0.001780705685551092,0.04919468186926036,0.0,-0.0008772849331511352,0.6,0.6,2.0142547622203253,7,1.8009258825535674,29.668969088044093,26.992509051776942,2.6764598670765016,1.6919064867333478e-07,0.0,0
19.1,-0.9955731078678367,-0.6293773645940586,-0.4413873536074666,0.03227385187387034,0.001780705685551092,0.04919468186926036,0.0,-0.0008772849331511352,0.6,0.6,2.0142547622203253,7,1.8009258825535674,29.668969088044093,26.992509051776942,2.6764598670765016,1.6919064867333478e-07,0.0,0
19.38,-0.9551315072177485,-0.596119964820712,-0.4348389793811255,0.027492326168580376,0.0014267688994944042,0.042448240276953965,0.0,-0.0008772849331511352,0.6,0.6,1.9619217555713193,7,1.8009258825535674,29.668969088044093,26.992509051776942,2.6764598670765016,1.6919064867333478e-07,0.0,0
19.484,-0.9416889271128934,-0.6019221661124566,-0.39653646353382,0.02779374093140693,0.0011132678073683664,0.04399803533197584,0.0,-0.0008772849331511352,0.6,0.6,1.9548456822406632,7,1.8009258825535674,29.668969088044093,26.992509051776942,2.6764598670765016,1.6919064867333478e-07,0.0,0
19.54,-0.9347180433202218,-0.6151119007988336,-0.4267938755009334,0.028694523977960802,0.0011336567206893906,0.04543415799401773,0.0,-0.0008772849331511352,0.6,0.6,1.9575128106747104,7,1.8009258825535674,29.668969088044093,26.992509051776942,2.6764598670765016,1.6919064867333478e-07,0.0,0
19.54,-0.9347180433202218,-0.6151119007988336,-0.4267938755009334,0.028694523977960802,0.0011336567206893906,0.04543415799401773,0.0,-0.0008772849331511352,0.6,0.6,1.9575128106747104,7,1.8009258825535674,29.668969088044093,26.992509051776942,2.6764598670765016,1.6919064867333478e-07,0.0,0
19.779,-0.9838707735231581,-0.6069328431539832,-0.3954736499106703,0.029075345977127943,0.0016228802680357001,0.045442071976808183,0.0,-0.0008772849331511352,0.6,0.6,1.991314519382763,7,1.8009258825535674,29.668969088044093,26.992509051776942,2.6764598670765016,1.6919064867333478e-07,0.0,0
19.88,-0.9449580929472597,-0.6373407901037627,-0.4155676634551485,0.029980123297223535,0.001268325771264525,0.04590900964643476,0.0,-0.0008772849331511352,0.6,0.6,1.9793705413130298,7,1.8009258825535674,29.668969088044093,26.992509051776942,2.6764598670765016,1.6919064867333478e-07,0.0,0
19.979,-0.9386586991197237,-0.5983641125871275,-0.4210947167608139,0.02941220996824588,0.0014925818053546057,0.045822253164339286,0.0,-0.0008772849331511352,0.6,0.6,1.9502684786237852,7,1.8009258825535674,29.668969088044093,26.992509051776942,2.6764598670765016,1.6919064867333478e-07,0.0,0
20.081,-0.9933611507376385,-0.606899073927825,-0.5205548180913894,0.027424702629854206,0.0017495125154481928,0.044492581661513445,0.0,-0.0008772849331511352,0.6,0.6,1.9988509527545604,7,1.8009258825535674,29.668969088044093,26.992509051776942,2.6764598670765016,1.6919064867333478e-07,0.0,0
20.179,-0.9936848610403174,-0.6086425627572086,-0.4925225806832075,0.02872306744812415,0.0017348352042198972,0.0451433499720014,0.0,-0.0008772849331511352,0.6,0.6,2.0001620636381965,7,1.8009258825535674,29.668969088044093,26.992509051776942,2.6764598670765016,1.6919064867333478e-07,0.0,0
20.221,-0.9934829498342327,-0.6023543314050753,-0.44154950950996574,0.02899104058460407,0.0019056396490906636,0.04610764133924382,0.0,-0.0008772849331511352,0.6,0.6,1.9962073663978281,7,1.8009258825535674,29.668969088044093,26.992509051776942,2.6764598670765016,1.6919064867333478e-07,0.0,0
20.38,-0.9760007014826669,-0.6197898879667582,-0.40668471366070047,0.02335235566267278,0.0011849755922452765,0.03475364898295595,0.0,-0.0008772849331511352,0.6,0.6,1.9929038064743152,7,1.8009258825535674,29.668969088044093,26.992509051776942,2.6764598670765016,1.6919064867333478e-07,0.0,0
20.483,-0.9427072479548632,-0.6146423231351559,-0.42517546821920343,0.024231914287442636,0.0009683261184589343,0.03733644228213101,0.0,-0.0008772849331511352,0.6,0.6,1.9634922016762981,7,1.8009258825535674,29.668969088044093,26.992509051776942,2.6764598670765016,1.6919064867333478e-07,0.0,0
20.58,-0.9261046499570577,-0.6280715411903556,-0.46240105982439045,0.02559518596358341,0.0009197505883644936,0.03875935993828219,0.0,-0.0008772849331511352,0.6,0.6,1.9588657720482556,7,1.8009258825535674,29.668969088044093,26.992509051776942,2.6764598670765016,1.6919064867333478e-07,0.0,0
20.679,-0.9495028056297458,-0.6165297003910553,-0.3800739364675852,0.02658957393582492,0.0009001114823892323,0.041814265417912055,0.0,-0.0008772849331511352,0.6,0.6,1.9700008773064048,7,1.8009258825535674,29.668969088044093,26.992509051776942,2.6764598670765016,1.6919064867333478e-07,0.0,0
20.779,-0.9500937191397526,-0.6128467946609154,-0.45401718742133695,0.02716168022409756,0.0012360824141792177,0.0402254913423453,0.0,-0.0008772849331511352,0.6,0.6,1.9681940670156912,7,1.8009258825535674,29.668969088044093,26.992509051776942,2.6764598670765016,1.6919064867333478e-07,0.0,0
20.884,-0.9334213761351436,-0.5877411045013645,-0.4481440198592275,0.027831520153538836,0.0011912849502823972,0.043441227734475445,0.0,-0.0008772849331511352,0.6,0.6,1.9396159537677347,7,1.8009258825535674,29.668969088044093,26.992509051776942,2.6764598670765016,1.6919064867333478e-07,0.0,0
20.98,-0.9400428564793094,-0.613868801496192,-0.4725404449276644,0.025836255965762018,0.0008358641872036175,0.042843241297473834,0.0,-0.0008772849331511352,0.6,0.6,1.9609205662236173,7,1.8009258825535674,29.668969088044093,26.992509051776942,2.6764598670765016,1.6919064867333478e-07,0.0,0
21.079,-0.9260074600173193,-0.6271304021790156,-0.41231755870690634,0.027199041139192418,0.0008606500212303919,0.04117071289293528,0.0,-0.0008772849331511352,0.6,0.6,1.9582001409407934,7,1.8009258825535674,29.668969088044093,26.992509051776942,2.6764598670765016,1.6919064867333478e-07,0.0,0
21.179,-0.9370840930583973,-0.6093255864999932,-0.3714610793456593,0.028013406273236646,0.0009548618711463398,0.04398206415361149,0.0,-0.0008772849331511352,0.6,0.6,1.9557852344510398,7,1.8009258825535674,29.668969088044093,26.992509051776942,2.6764598670765016,1.6919064867333478e-07,0.0,0
21.279,-0.9275969533270381,-0.608407560337224,-0.4833935138859158,0.029090223055393664,0.0009858523829696158,0.04653243996414447,0.0,-0.0008772849331511352,0.6,0.6,1.9477682828545624,7,1.8009258825535674,29.668969088044093,26.992509051776942,2.6764598670765016,1.6919064867333478e-07,0.0,0
21.39,-0.947036592174109,-0.6071547669798696,-0.36373670961010396,0.029424399790368858,0.001273063084778589,0.044595414350833126,0.0,-0.0008772849331511352,0.6,0.6,1.9622805224961857,7,1.8009258825535674,29.668969088044093,26.992509051776942,2.6764598670765016,1.6919064867333478e-07,0.0,0
21.479,-0.933723618095426,-0.6186532108799679,-0.36159125141383236,0.03045831862506918,0.0010237760918953619,0.045555592504107206,0.0,-0.0008772849331511352,0.6,0.6,1.9589343493572673,7,1.8009258825535674,29.668969088044093,26.992509051776942,2.6764598670765016,1.6919064867333478e-07,0.0,0
21.593,-0.9493354912724298,-0.6168076605227255,-0.44898638894298903,0.028530940767602295,0.0009938511171293715,0.04450927224457133,0.0,-0.0008772849331511352,0.6,0.6,1.9700409506462473,7,1.8009258825535674,29.668969088044093,26.992509051776942,2.6764598670765016,1.6919064867333478e-07,0.0,0
21.679,-0.9516470365283499,-0.6084497311685978,-0.38973678939430606,0.029489910173760934,0.001079378106241212,0.044754690890599955,0.0,-0.0008772849331511352,0.6,0.6,1.9667128104348806,7,1.8009258825535674,29.668969088044093,26.992509051776942,2.6764598670765016,1.6919064867333478e-07,0.0,0
21.785,-0.9292684728706705,-0.6294956665720475,-0.42157819114141304,0.030227938992439432,0.0009455879542639448,0.045005537602642844,0.0,-0.0008772849331511352,0.6,0.6,1.9622236509214834,7,1.8009258825535674,29.668969088044093,26.992509051776942,2.6764598670765016,1.6919064867333478e-07,0.0,0
21.885,-0.9171621524780738,-0.6329976084221962,-0.3287528290536172,0.03137704814613014,0.0008783533998358636,0.0469487550244857,0.0,-0.0008772849331511352,0.6,0.6,1.9550099997920105,7,1.8009258825535674,29.668969088044093,26.992509051776942,2.6764598670765016,1.6919064867333478e-07,0.0,0
21.981,-0.908786293505481,-0.5917539885193527,-0.40697444386100845,0.03283258980119256,0.0009223506555283708,0.04852389117979105,0.0,-0.0008772849331511352,0.6,0.6,1.922683970032983,7,1.8009258825535674,29.668969088044093,26.992509051776942,2.6764598670765016,1.6919064867333478e-07,0.0,0
22.059,-0.880385419580831,-0.6175739679553026,-0.34224005908996724,0.03175646385562887,0.0008742315137821121,0.04969834526990132,0.0,-0.0008772849331511352,0.6,0.6,1.916775249722808,7,1.8009258825535674,29.668969088044093,26.992509051776942,2.6764598670765016,1.6919064867333478e-07,0.0,0
22.192,-0.8727508179714398,-0.6162279184990659,-0.338881942737975,0.03150407425957,0.0005314306871386152,0.04921504847236969,0.0,-0.0008772849331511352,0.6,0.6,1.9100275708931838,7,1.8009258825535674,29.668969088044093,26.992509051776942,2.6764598670765016,1.6919064867333478e-07,0.0,0
22.279,-0.8611705544974074,-0.6281665521394041,-0.34581759111289795,0.033175169415778256,0.00047702029840482324,0.049953307405798536,0.0,-0.0008772849331511352,0.6,0.6,1.908772503239779,7,1.8009258825535674,29.668969088044093,26.992509051776942,2.6764598670765016,1.6919064867333478e-07,0.0,0
22.386,-0.867117517558622,-0.632608614774633,-0.30238486687578026,0.03421927185494413,0.0004802562856267928,0.051873464550243505,0.0,-0.0008772849331511352,0.6,0.6,1.9161831351788934,7,1.8009258825535674,29.668969088044093,26.992509051776942,2.6764598670765016,1.6919064867333478e-07,0.0,0
22.48,-0.8757633225556702,-0.6137256341426112,-0.3445535669492383,0.0352799871146044,0.0005266121429927349,0.05404070926113512,0.0,-0.0008772849331511352,0.6,0.6,1.9107609215114891,7,1.8009258825535674,29.668969088044093,26.992509051776942,2.6764598670765016,1.6919064867333478e-07,0.0,0
22.582,-0.8695508033116442,-0.6204236852145598,-0.3196140500352374,0.036811759075992885,0.0005427706792968469,0.055501565543125,0.0,-0.0008772849331511352,0.6,0.6,1.9102391303045243,7,1.8009258825535674,29.668969088044093,26.992509051776942,2.6764598670765016,1.6919064867333478e-07,0.0,0
22.68,-0.7935276446510607,-0.6383088180135037,-0.25728642914398325,0.03254675297086759,0.00026783484118826813,0.04959409467059173,0.0,-0.0008772849331511352,0.6,0.6,1.8642231693594877,7,1.8009258825535674,29.668969088044093,26.992509051776942,2.6764598670765016,1.6919064867333478e-07,0.0,0
22.792,-0.8114978016330455,-0.6282392838092585,-0.2760479345144693,0.032784872488687763,0.0002554138503830022,0.048609048742493936,0.0,-0.0008772849331511352,0.6,0.6,1.8710686204164724,7,1.8009258825535674,29.668969088044093,26.992509051776942,2.6764598670765016,1.6919064867333478e-07,0.0,0
22.881,-0.8161156099781457,-0.6301865961949248,-0.2951615431116554,0.03409401714773213,0.0002594772226223819,0.050687168804043614,0.0,-0.0008772849331511352,0.6,0.6,1.8758311443947802,7,1.8009258825535674,29.668969088044093,26.992509051776942,2.6764598670765016,1.6919064867333478e-07,0.0,0
22.98,-0.8329242789816099,-0.6385988959736316,-0.2228130936495018,0.03493602326447067,0.0002580179402302367,0.05156368327106112,0.0,-0.0008772849331511352,0.6,0.6,1.8940430867332627,7,1.8009258825535674,29.668969088044093,26.992509051776942,2.6764598670765016,1.6919064867333478e-07,0.0,0
23.08,-0.8219277056362938,-0.6231625138808834,-0.313254587423763,0.03500091694294191,0.0002574818841650782,0.053878629843679464,0.0,-0.0008772849331511352,0.6,0.6,1.875634542073561,7,1.8009258825535674,29.668969088044093,26.992509051776942,2.6764598670765016,1.6919064867333478e-07,0.0,0
23.179,-0.7925194142673094,-0.6432643228747441,-0.2214592787734185,0.035594589303770637,0.00025611679603195056,0.05382517048812599,0.0,-0.0008772849331511352,0.6,0.6,1.866766320578065,7,1.8009258825535674,29.668969088044093,26.992509051776942,2.6764598670765016,1.6919064867333478e-07,0.0,0
23.28,-0.7965836955911658,-0.6523736323145402,-0.28373204559460574,0.036287229813168745,0.0002472859755440298,0.05223150131652837,0.0,-0.0008772849331511352,0.6,0.6,1.8758693274606824,7,1.8009258825535674,29.668969088044093,26.992509051776942,2.6764598670765016,1.6919064867333478e-07,0.0,0
23.379,-0.845051182124928,-0.6334015674251603,-0.29476624322440004,0.03580336374775837,0.00026516342790681985,0.054813896541687036,0.0,-0.0008772849331511352,0.6,0.6,1.8998558749251202,7,1.8009258825535674,29.668969088044093,26.992509051776942,2.6764598670765016,1.6919064867333478e-07,0.0,0
23.481,-0.7725551921952601,-0.6564323471695876,-0.2015278954714017,0.03335931621454416,0.00024873126232309996,0.04957960950338531,0.0,-0.0008772849331511352,0.6,0.6,1.860787467347157,7,1.8009258825535674,29.668969088044093,26.992509051776942,2.6764598670765016,1.6919064867333478e-07,0.0,0
23.58,-0.8259766556751064,-0.6487051582749446,-0.2433808331784972,0.030000076054470578,0.00025089221725742327,0.04568643640537067,0.0,-0.0008772849331511352,0.6,0.6,1.8954350410480478,7,1.8009258825535674,29.668969088044093,26.992509051776942,2.6764598670765016,1.6919064867333478e-07,0.0,0
23.681,-0.7989174867932587,-0.6199403399847129,-0.2425822965113717,0.029035789504482556,0.0002490360859754257,0.044672482971275074,0.0,-0.0008772849331511352,0.6,0.6,1.8561316138620083,7,1.8009258825535674,29.668969088044093,26.992509051776942,2.6764598670765016,1.6919064867333478e-07,0.0,0
23.785,-0.7766210922187247,-0.6380161833790601,-0.2748180864136935,0.030337557865901903,0.00024970199825148675,0.045535684254149805,0.0,-0.0008772849331511352,0.6,0.6,1.8514236959296835,7,1.8009258825535674,29.668969088044093,26.992509051776942,2.6764598670765016,1.6919064867333478e-07,0.0,0
23.881,-0.796249263978545,-0.6480074599708575,-0.2029661405585898,0.0314786195704556,0.0002473074276858514,0.044736106977046636,0.0,-0.0008772849331511352,0.6,0.6,1.872707832872907,7,1.8009258825535674,29.668969088044093,26.992509051776942,2.6764598670765016,1.6919064867333478e-07,0.0,0
23.979,-0.7774084569595456,-0.6242412709171635,-0.1951757770737399,0.03110439207356826,0.0002611308541995691,0.04885950015011395,0.0,-0.0008772849331511352,0.6,0.6,1.8428295490143813,7,1.8009258825535674,29.668969088044093,26.992509051776942,2.6764598670765016,1.6919064867333478e-07,0.0,0
24.079,-0.7644124737584126,-0.6341983848742107,-0.2726452942484747,0.03220220359831364,0.0002764313034379749,0.0500018006545602,0.0,-0.0008772849331511352,0.6,0.6,1.8398008185055417,7,1.8009258825535674,29.668969088044093,26.992509051776942,2.6764598670765016,1.6919064867333478e-07,0.0,0
24.188,-0.7767987719660974,-0.6050733095982308,-0.1647287953330926,0.032872055892381416,0.00027986117658389124,0.04985160081333989,0.0,-0.0008772849331511352,0.6,0.6,1.829693017965961,7,1.8009258825535674,29.668969088044093,26.992509051776942,2.6764598670765016,1.6919064867333478e-07,0.0,0
24.28,-0.7906863395246893,-0.6253028609916752,-0.16945754093294918,0.0343532930599542,0.0002724368730376829,0.049796357743895514,0.0,-0.0008772849331511352,0.6,0.6,1.8534766241026521,7,1.8009258825535674,29.668969088044093,26.992509051776942,2.6764598670765016,1.6919064867333478e-07,0.0,0
24.38,-0.7925278608756327,-0.6112312594635317,-0.21464366040467553,0.03147223494681121,0.0002473760326661683,0.04915640576947603,0.0,-0.0008772849331511352,0.6,0.6,1.8455934024634133,7,1.8009258825535674,29.668969088044093,26.992509051776942,2.6764598670765016,1.6919064867333478e-07,0.0,0
24.488,-0.8142190147339917,-0.594838963344595,-0.24483672103760112,0.030291558823962842,0.00024841033773139755,0.04701624091754742,0.0,-0.0008772849331511352,0.6,0.6,1.8513928729369056,7,1.8009258825535674,29.668969088044093,26.992509051776942,2.6764598670765016,1.6919064867333478e-07,0.0,0
24.579,-0.8340507127079132,-0.6090926918562796,-0.292601743364838,0.02953061954671288,0.0003010812022336918,0.04518612257800474,0.0,-0.0008772849331511352,0.6,0.6,1.875741609102474,7,1.8009258825535674,29.668969088044093,26.992509051776942,2.6764598670765016,1.6919064867333478e-07,0.0,0
24.691,-0.8340565951789584,-0.5844992945208896,-0.31820634107701185,0.031042980837638155,0.00029024751825452885,0.046760017556110964,0.0,-0.0008772849331511352,0.6,0.6,1.8599884131081978,7,1.8009258825535674,29.668969088044093,26.992509051776942,2.6764598670765016,1.6919064867333478e-07,0.0,0
24.78,-0.867555398539693,-0.6176802243495729,-0.31979483588115326,0.029662252150769314,0.0004908765532227444,0.04417922965120984,0.0,-0.0008772849331511352,0.6,0.6,1.9069514877298328,7,1.8009258825535674,29.668969088044093,26.992509051776942,2.6764598670765016,1.6919064867333478e-07,0.0,0
24.86,-0.8617453950003673,-0.6345290811754358,-0.2918103323322278,0.030605611044117145,0.00039032975723316096,0.04563269634210924,0.0,-0.0008772849331511352,0.6,0.6,1.9133116975737763,7,1.8009258825535674,29.668969088044093,26.992509051776942,2.6764598670765016,1.6919064867333478e-07,0.0,0
24.981,-0.8603266697891104,-0.6139598333169265,-0.3464375040267502,0.03221254936477362,0.00043588389582846883,0.04743900771411359,0.0,-0.0008772849331511352,0.6,0.6,1.8990135490312368,7,1.8009258825535674,29.668969088044093,26.992509051776942,2.6764598670765016,1.6919064867333478e-07,0.0,0
25.087,-0.8702834054799228,-0.6191320617472896,-0.31000831690867753,0.031878033559120195,0.0005643487639576362,0.04629855213136905,0.0,-0.0008772849331511352,0.6,0.6,1.9099780827040493,7,1.8009258825535674,29.668969088044093,26.992509051776942,2.6764598670765016,1.6919064867333478e-07,0.0,0
25.18,-0.8797753486289043,-0.6180583609649396,-0.31590728405120555,0.032471700484052346,0.0005260036837338897,0.0503025289184875,0.0,-0.0008772849331511352,0.6,0.6,1.9166119203235668,7,1.8009258825535674,29.668969088044093,26.992509051776942,2.6764598670765016,1.6919064867333478e-07,0.0,0
25.279,-0.8838053464762816,-0.6026650174847884,-0.274325003234499,0.034040566937152565,0.0005350383513846247,0.05096160847140695,0.0,-0.0008772849331511352,0.6,0.6,1.9099951441072527,7,1.8009258825535674,29.668969088044093,26.992509051776942,2.6764598670765016,1.6919064867333478e-07,0.0,0
25.339,-0.8656627694007438,-0.6364370055677401,-0.33535072127916493,0.03421773015636647,0.0005301794964738282,0.05321253425883504,0.0,-0.0008772849331511352,0.6,0.6,1.9175358725053302,7,1.8009258825535674,29.668969088044093,26.992509051776942,2.6764598670765016,1.6919064867333478e-07,0.0,0
25.339,-0.8656627694007438,-0.6364370055677401,-0.33535072127916493,0.03421773015636647,0.0005301794964738282,0.05321253425883504,0.0,-0.0008772849331511352,0.6,0.6,1.9175358725053302,7,1.8009258825535674,29.668969088044093,26.992509051776942,2.6764598670765016,1.6919064867333478e-07,0.0,0
25.579,-0.9282886532557548,-0.627995118285167,-0.44671486439920105,0.012446055058674525,0.0004285912270517177,0.019468955925199424,0.0,-0.0008772849331511352,0.6,0.6,1.9605198846740854,7,1.8009258825535674,29.668969088044093,26.992509051776942,2.6764598670765016,1.6919064867333478e-07,0.0,0
25.679,-0.9220404836028213,-0.6120127998768845,-0.4293429773039826,0.013837472278164705,0.0005539349704332575,0.021477229278684805,0.0,-0.0008772849331511352,0.6,0.6,1.9456572824604323,7,1.8009258825535674,29.668969088044093,26.992509051776942,2.6764598670765016,1.6919064867333478e-07,0.0,0
25.794,-0.9354297202200117,-0.6065187000587957,-0.3957383598714854,0.015341442469013042,0.0006655849966476592,0.02292686990924095,0.0,-0.0008772849331511352,0.6,0.6,1.9527498045900478,7,1.8009258825535674,29.668969088044093,26.992509051776942,2.6764598670765016,1.6919064867333478e-07,0.0,0
25.899,-0.9375933384559281,-0.6213306104363215,-0.4136617563530171,0.01703975850770449,0.0007138625639896656,0.026059584811236373,0.0,-0.0008772849331511352,0.6,0.6,1.9636297345611784,7,1.8009258825535674,29.668969088044093,26.992509051776942,2.6764598670765016,1.6919064867333478e-07,0.0,0
25.961,-0.9510258431261113,-0.6122279495414535,-0.4362782184561372,0.017569511917114197,0.0007586466846891411,0.02846600517953882,0.0,-0.0008772849331511352,0.6,0.6,1.968547121024676,7,1.8009258825535674,29.668969088044093,26.992509051776942,2.6764598670765016,1.6919064867333478e-07,0.0,0
26.081,-0.9472694871071333,-0.6042747214195464,-0.427722380668293,0.01937832044927432,0.0009092764757732957,0.030127803264357753,0.0,-0.0008772849331511352,0.6,0.6,1.9606938747246847,7,1.8009258825535674,29.668969088044093,26.992509051776942,2.6764598670765016,1.6919064867333478e-07,0.0,0
26.179,-0.9605640258130226,-0.5887086364157734,-0.42674312702795786,0.020307842187445406,0.0009580718163995274,0.034096760302207756,0.0,-0.0008772849331511352,0.6,0.6,1.9617309450970069,7,1.8009258825535674,29.668969088044093,26.992509051776942,2.6764598670765016,1.6919064867333478e-07,0.0,0
26.28,-0.9436290969433868,-0.5969852968658992,-0.41913309909388685,0.021502612605160874,0.0009736598803978183,0.03573075201523773,0.0,-0.0008772849331511352,0.6,0.6,1.9533470223806626,7,1.8009258825535674,29.668969088044093,26.992509051776942,2.6764598670765016,1.6919064867333478e-07,0.0,0
26.387,-0.9365368927638522,-0.6163632407197305,-0.4219191217790118,0.023039547918643384,0.0009144814583446813,0.036044016697114066,0.0,-0.0008772849331511352,0.6,0.6,1.9597155804347217,7,2.0142547622203253,29.302295253094844,26.625835216827692,2.6764598670765016,1.6919064867333478e-07,0.0,0
26.479,-0.9454097886280731,-0.6096556163217733,-0.40665298047724896,0.024257098505582962,0.0008679556959515012,0.03922863780804625,0.0,-0.0008772849331511352,0.6,0.6,1.9625386938570855,7,2.0142547622203253,29.302295253094844,26.625835216827692,2.6764598670765016,1.6919064867333478e-07,0.0,0
26.579,-0.9401314371620961,-0.6123603237438877,-0.3839487247851594,0.02545182837695249,0.0010980003450867814,0.03952817166179037,0.0,-0.0008772849331511352,0.6,0.6,1.9600567334450723,7,2.0142547622203253,29.302295253094844,26.625835216827692,2.6764598670765016,1.6919064867333478e-07,0.0,0
26.681,-0.9278136452699236,-0.614133395773041,-0.4823820753890178,0.02689416586270969,0.000951902879221089,0.04084444901799147,0.0,-0.0008772849331511352,0.6,0.6,1.9514954361730767,7,2.0142547622203253,29.302295253094844,26.625835216827692,2.6764598670765016,1.6919064867333478e-07,0.0,0
26.78,-0.9380436173893516,-0.5928372100338689,-0.4175493663970185,0.025531197396837135,0.0010324922645156198,0.04128561390120091,0.0,-0.0008772849331511352,0.6,0.6,1.9463912193167916,7,2.0142547622203253,29.302295253094844,26.625835216827692,2.6764598670765016,1.6919064867333478e-07,0.0,0
26.879,-0.9224194153601019,-0.6140046642761239,-0.41914563992097587,0.02675799074630668,0.0011024185509066065,0.04427759576597822,0.0,-0.0008772849331511352,0.6,0.6,1.9471949571497915,7,2.0142547622203253,29.302295253094844,26.625835216827692,2.6764598670765016,1.6919064867333478e-07,0.0,0
26.979,-0.9310097403878338,-0.5984716588946658,-0.38757780175744744,0.027248197716879505,0.0007887527058888198,0.043813842275269806,0.0,-0.0008772849331511352,0.6,0.6,1.944305825310451,7,2.0142547622203253,29.302295253094844,26.625835216827692,2.6764598670765016,1.6919064867333478e-07,0.0,0
27.079,-0.9350034194480579,-0.5848056051680367,-0.4710257238424562,0.027231186992629084,0.001086431448353511,0.043730892837865944,0.0,-0.0008772849331511352,0.6,0.6,1.9390718964893559,7,2.0142547622203253,29.302295253094844,26.625835216827692,2.6764598670765016,1.6919064867333478e-07,0.0,0
27.18,-0.9426614524751676,-0.6162155930621838,-0.4246535294269693,0.028445103375532688,0.0011823210004728746,0.044629216080446996,0.0,-0.0008772849331511352,0.6,0.6,1.9644298729556098,7,2.0142547622203253,29.302295253094844,26.625835216827692,2.6764598670765016,1.6919064867333478e-07,0.0,0
27.279,-0.9401525264127927,-0.6165255233208032,-0.45766513615372,0.02928381085750271,0.000978746274527869,0.04466706238466245,0.0,-0.0008772849331511352,0.6,0.6,1.9626523261919473,7,2.0142547622203253,29.302295253094844,26.625835216827692,2.6764598670765016,1.6919064867333478e-07,0.0,0
27.379,-0.9296353737788354,-0.6157726632899422,-0.39100102430154476,0.029350042655548463,0.001134563064130159,0.04588399229982402,0.0,-0.0008772849331511352,0.6,0.6,1.953941540967548,7,2.0142547622203253,29.302295253094844,26.625835216827692,2.6764598670765016,1.6919064867333478e-07,0.0,0
27.479,-0.9172980699545369,-0.6347879899384511,-0.3870731020267493,0.03014637635914645,0.0009494455808312678,0.04892074813249033,0.0,-0.0008772849331511352,0.6,0.6,1.9562450800408426,7,2.0142547622203253,29.302295253094844,26.625835216827692,2.6764598670765016,1.6919064867333478e-07,0.0,0
27.585,-0.9150199763242463,-0.6232006889297143,-0.33936730974378154,0.031206378009984003,0.0008245791361653133,0.04746926901324407,0.0,-0.0008772849331511352,0.6,0.6,1.9471788449086147,7,2.0142547622203253,29.302295253094844,26.625835216827692,2.6764598670765016,1.6919064867333478e-07,0.0,0
27.679,-0.903489005828711,-0.613766242128384,-0.4015925277509825,0.03280214676547869,0.0007704151989373026,0.048435334094818455,0.0,-0.0008772849331511352,0.6,0.6,1.9322804354384653,7,2.0142547622203253,29.302295253094844,26.625835216827692,2.6764598670765016,1.6919064867333478e-07,0.0,0
27.782,-0.9209910888958487,-0.594926878947604,-0.4512042686495749,0.03133624212441937,0.0008990703292779146,0.04838962308192001,0.0,-0.0008772849331511352,0.6,0.6,1.9342347682047392,7,2.0142547622203253,29.302295253094844,26.625835216827692,2.6764598670765016,1.6919064867333478e-07,0.0,0
27.88,-0.9542452743972327,-0.6182131065868893,-0.48449894076323347,0.0313711169668716,0.0013538542987714336,0.04801458681191445,0.0,-0.0008772849331511352,0.6,0.6,1.9747712642344706,7,2.0142547622203253,29.302295253094844,26.625835216827692,2.6764598670765016,1.6919064867333478e-07,0.0,0
27.979,-0.9509585120663449,-0.605047317925033,-0.47658896238304305,0.03265187994805732,0.0013818724754798384,0.051003212538484076,0.0,-0.0008772849331511352,0.6,0.6,1.9640802795683698,7,2.0142547622203253,29.302295253094844,26.625835216827692,2.6764598670765016,1.6919064867333478e-07,0.0,0
28.081,-0.9620261512302102,-0.5847449833325431,-0.405885969971746,0.03344825378399812,0.0015902535570235044,0.053497921217292965,0.0,-0.0008772849331511352,0.6,0.6,1.9604964607615825,7,2.0142547622203253,29.302295253094844,26.625835216827692,2.6764598670765016,1.6919064867333478e-07,0.0,0
28.182,-0.947462201117874,-0.6085926115764597,-0.4258031740268063,0.03319499040822275,0.0012971055998030978,0.05040575021028839,0.0,-0.0008772849331511352,0.6,0.6,1.9635007931360207,7,2.0142547622203253,29.302295253094844,26.625835216827692,2.6764598670765016,1.6919064867333478e-07,0.0,0
28.279,-0.9159847042943753,-0.6042469860007351,-0.4122483852601311,0.03344626387367364,0.0009900828468857932,0.04914645712844685,0.0,-0.0008772849331511352,0.6,0.6,1.9360837861379758,7,2.0142547622203253,29.302295253094844,26.625835216827692,2.6764598670765016,1.6919064867333478e-07,0.0,0
28.382,-0.9449496911651067,-0.619868802755433,-0.4065537414905972,0.02987742288109236,0.000633706697076435,0.04673952580541425,0.0,-0.0008772849331511352,0.6,0.6,1.9684891272666791,7,2.0142547622203253,29.302295253094844,26.625835216827692,2.6764598670765016,1.6919064867333478e-07,0.0,0
28.48,-0.8737176413198633,-0.617937595428548,-0.31630716919635576,0.019981855688075503,0.00042249173613946063,0.030173061267455246,0.0,-0.0008772849331511352,0.6,0.6,1.9118618341019453,7,2.0142547622203253,29.302295253094844,26.625835216827692,2.6764598670765016,1.6919064867333478e-07,0.0,0
28.589,-0.8725673711000129,-0.6316039924198716,-0.3271816304361973,0.021193835091018947,0.0004314661844716479,0.03382959774238121,0.0,-0.0008772849331511352,0.6,0.6,1.919714316395273,7,2.0142547622203253,29.302295253094844,26.625835216827692,2.6764598670765016,1.6919064867333478e-07,0.0,0
28.68,-0.8688580322501069,-0.6302588310147687,-0.29733761636010864,0.022511672563510242,0.00038032543459092617,0.03483757417484005,0.0,-0.0008772849331511352,0.6,0.6,1.9160064483700157,7,2.0142547622203253,29.302295253094844,26.625835216827692,2.6764598670765016,1.6919064867333478e-07,0.0,0
28.785,-0.8657347412257538,-0.6224035500424997,-0.2955594911631127,0.024299202559108495,0.00037664793817195053,0.03487025904569889,0.0,-0.0008772849331511352,0.6,0.6,1.9085724431607602,7,2.0142547622203253,29.302295253094844,26.625835216827692,2.6764598670765016,1.6919064867333478e-07,0.0,0
28.884,-0.8520412230446365,-0.6227377599094901,-0.2741962151560203,0.02508105893081722,0.0003320819641010174,0.03852252703712556,0.0,-0.0008772849331511352,0.6,0.6,1.8982916906865082,7,2.0142547622203253,29.302295253094844,26.625835216827692,2.6764598670765016,1.6919064867333478e-07,0.0,0
28.979,-0.8550433174300529,-0.6337243180394665,-0.3095359471901968,0.02661221851347067,0.00036534966823029965,0.03928986612674767,0.0,-0.0008772849331511352,0.6,0.6,1.907675745120171,7,2.0142547622203253,29.302295253094844,26.625835216827692,2.6764598670765016,1.6919064867333478e-07,0.0,0
29.079,-0.8569008568721524,-0.6353242818344981,-0.3493575997955613,0.027606679069599894,0.0003291513030386688,0.04242734501489605,0.0,-0.0008772849331511352,0.6,0.6,1.9101272701170282,7,2.0142547622203253,29.302295253094844,26.625835216827692,2.6764598670765016,1.6919064867333478e-07,0.0,0
29.181,-0.8566647315640717,-0.6029662599428248,-0.2833640702843999,0.02869770259669154,0.0003869143341614425,0.04364331028339909,0.0,-0.0008772849331511352,0.6,0.6,1.8891797063126252,7,2.0142547622203253,29.302295253094844,26.625835216827692,2.6764598670765016,1.6919064867333478e-07,0.0,0
29.279,-0.8389864908545187,-0.6064349140728359,-0.3387738723642303,0.029782619661065872,0.000403442636070533,0.04528348806202966,0.0,-0.0008772849331511352,0.6,0.6,1.8778091816677573,7,2.0142547622203253,29.302295253094844,26.625835216827692,2.6764598670765016,1.6919064867333478e-07,0.0,0
29.379,-0.8440605531652715,-0.6176774891069837,-0.24912842109787653,0.030810519068092637,0.00031601768930912137,0.04660525313418317,0.0,-0.0008772849331511352,0.6,0.6,1.8889280951602891,7,2.0142547622203253,29.302295253094844,26.625835216827692,2.6764598670765016,1.6919064867333478e-07,0.0,0
29.479,-0.8352312544241052,-0.6253912386766997,-0.33299174897693606,0.030973507226373882,0.0003635932924570432,0.04480390060509742,0.0,-0.0008772849331511352,0.6,0.6,1.887186382290156,7,2.0142547622203253,29.302295253094844,26.625835216827692,2.6764598670765016,1.6919064867333478e-07,0.0,0
29.579,-0.8238254339213134,-0.6031064340707972,-0.22092311545476764,0.031385964197033885,0.0002969297422024821,0.04660382359871031,0.0,-0.0008772849331511352,0.6,0.6,1.8640665111480774,7,2.0142547622203253,29.302295253094844,26.625835216827692,2.6764598670765016,1.6919064867333478e-07,0.0,0
29.681,-0.8082864504308712,-0.6147613581191643,-0.26179545099604057,0.029953048148568168,0.00026051911051724706,0.04778544273471373,0.0,-0.0008772849331511352,0.6,0.6,1.8598160886621826,7,2.0142547622203253,29.302295253094844,26.625835216827692,2.6764598670765016,1.6919064867333478e-07,0.0,0
29.779,-0.8021528859840783,-0.6117013554203774,-0.2619847440626159,0.030658669032129465,0.0002503302344524742,0.046102647616421556,0.0,-0.0008772849331511352,0.6,0.6,1.8531737345432724,7,2.0142547622203253,29.302295253094844,26.625835216827692,2.6764598670765016,1.6919064867333478e-07,0.0,0
29.899,-0.7865595997917887,-0.6261387247056756,-0.24276732871377937,0.028193290949395423,0.00025612163365386755,0.0406551961251557,0.0,-0.0008772849331511352,0.6,0.6,1.8509358973226562,7,2.0142547622203253,29.302295253094844,26.625835216827692,2.6764598670765016,1.6919064867333478e-07,0.0,0
29.979,-0.7870458975674243,-0.6111812630117628,-0.2994459971234273,0.02654500906207851,0.0002557252270255916,0.04038499423633304,0.0,-0.0008772849331511352,0.6,0.6,1.841427808476181,7,2.0142547622203253,29.302295253094844,26.625835216827692,2.6764598670765016,1.6919064867333478e-07,0.0,0
30.083,-0.7837247601006704,-0.6079260924298892,-0.26278847312861014,0.027746489631109823,0.0002472441900070005,0.042525210360011396,0.0,-0.0008772849331511352,0.6,0.6,1.8367851416234287,7,2.0142547622203253,29.302295253094844,26.625835216827692,2.6764598670765016,1.6919064867333478e-07,0.0,0
30.187,-0.8005868773909263,-0.6400157720442629,-0.2587405622309011,0.028720705076436294,0.00024725300244723324,0.04310389011088161,0.0,-0.0008772849331511352,0.6,0.6,1.8706369813617485,7,2.0142547622203253,29.302295253094844,26.625835216827692,2.6764598670765016,1.6919064867333478e-07,0.0,0
30.281,-0.7738315758072761,-0.6027680875788677,-0.21461315089288924,0.027536647827100146,0.000297307095701983,0.043111341684947936,0.0,-0.0008772849331511352,0.6,0.6,1.8259420229523253,7,2.0142547622203253,29.302295253094844,26.625835216827692,2.6764598670765016,1.6919064867333478e-07,0.0,0
30.379,-0.7790223314443119,-0.6412533634079056,-0.28821273968326555,0.029114728762629296,0.0002616315534114038,0.043369996634838134,0.0,-0.0008772849331511352,0.6,0.6,1.8553739522785007,7,2.0142547622203253,29.302295253094844,26.625835216827692,2.6764598670765016,1.6919064867333478e-07,0.0,0
30.379,-0.7790223314443119,-0.6412533634079056,-0.28821273968326555,0.029114728762629296,0.0002616315534114038,0.043369996634838134,0.0,-0.0008772849331511352,0.6,0.6,1.8553739522785007,7,2.0142547622203253,29.302295253094844,26.625835216827692,2.6764598670765016,1.6919064867333478e-07,0.0,0
30.581,-0.7824945245110667,-0.6329189380546744,-0.24384076371680435,0.029499997631445736,0.0002640078899227618,0.04313007730723696,0.0,-0.0008772849331511352,0.6,0.6,1.8523985041337478,7,2.0142547622203253,29.302295253094844,26.625835216827692,2.6764598670765016,1.6919064867333478e-07,0.0,0
30.679,-0.7945443541833198,-0.6110990215296681,-0.23326787291646206,0.031123885248365023,0.00024828072877904197,0.047690734763951914,0.0,-0.0008772849331511352,0.6,0.6,1.8470286396628213,7,2.0142547622203253,29.302295253094844,26.625835216827692,2.6764598670765016,1.6919064867333478e-07,0.0,0
30.78,-0.7825047504182897,-0.5981811322974026,-0.2901908955818202,0.03219467548804244,0.0002634440627517437,0.04941818366801237,0.0,-0.0008772849331511352,0.6,0.6,1.8294691609105147,7,2.0142547622203253,29.302295253094844,26.625835216827692,2.6764598670765016,1.6919064867333478e-07,0.0,0
30.88,-0.8310482566309771,-0.6243753541021141,-0.290559476849158,0.027100949890622977,0.000276205848313835,0.04115874767411503,0.0,-0.0008772849331511352,0.6,0.6,1.8833465216309069,7,2.0142547622203253,29.302295253094844,26.625835216827692,2.6764598670765016,1.6919064867333478e-07,0.0,0
30.979,-0.8381256431792724,-0.640064715582499,-0.28172734030327384,0.02857255051912912,0.0002875128319229819,0.043905632909198876,0.0,-0.0008772849331511352,0.6,0.6,1.8989380886175566,7,2.0142547622203253,29.302295253094844,26.625835216827692,2.6764598670765016,1.6919064867333478e-07,0.0,0
31.08,-0.8459308063250638,-0.6350713208545011,-0.3218575651035219,0.029698958178807435,0.000336601296460556,0.04422710584718449,0.0,-0.0008772849331511352,0.6,0.6,1.9016090724113437,7,2.0142547622203253,29.302295253094844,26.625835216827692,2.6764598670765016,1.6919064867333478e-07,0.0,0
31.182,-0.8872067110493662,-0.6358652126224215,-0.36023405536241804,0.02904012380795484,0.0005340787113128672,0.04380195616089186,0.0,-0.0008772849331511352,0.6,0.6,1.9336873131818741,7,2.0142547622203253,29.302295253094844,26.625835216827692,2.6764598670765016,1.6919064867333478e-07,0.0,0
31.262,-0.9495783870897045,-0.6273106710582902,-0.44863746598571175,0.02823395124144606,0.0006117393995888926,0.04384386783509109,0.0,-0.0008772849331511352,0.6,0.6,1.9767358602071954,7,2.0142547622203253,29.302295253094844,26.625835216827692,2.6764598670765016,1.6919064867333478e-07,0.0,0
31.379,-0.9143022975732013,-0.6390879597396485,-0.3592790290842997,0.026760020234891675,0.0007252665542335739,0.04050768805874638,0.0,-0.0008772849331511352,0.6,0.6,1.9566426399338335,7,2.0142547622203253,29.302295253094844,26.625835216827692,2.6764598670765016,1.6919064867333478e-07,0.0,0
31.483,-0.9066696306910129,-0.6116272406027076,-0.35115320243566883,0.027699828026684182,0.000732145379307756,0.0427129254723458,0.0,-0.0008772849331511352,0.6,0.6,1.9334150993041106,7,2.0142547622203253,29.302295253094844,26.625835216827692,2.6764598670765016,1.6919064867333478e-07,0.0,0
31.579,-0.8854741783994156,-0.6263208632857404,-0.41593437198564415,0.029072323583998753,0.0006587376923412328,0.04498468470283588,0.0,-0.0008772849331511352,0.6,0.6,1.9262648816871741,7,2.0142547622203253,29.302295253094844,26.625835216827692,2.6764598670765016,1.6919064867333478e-07,0.0,0
31.679,-0.8837519871605927,-0.6306024494911949,-0.3557023876600067,0.02995733443328526,0.0006110414844157265,0.04667866829638129,0.0,-0.0008772849331511352,0.6,0.6,1.9276675927391467,7,2.0142547622203253,29.302295253094844,26.625835216827692,2.6764598670765016,1.6919064867333478e-07,0.0,0
31.679,-0.8837519871605927,-0.6306024494911949,-0.3557023876600067,0.02995733443328526,0.0006110414844157265,0.04667866829638129,0.0,-0.0008772849331511352,0.6,0.6,1.9276675927391467,7,2.0142547622203253,29.302295253094844,26.625835216827692,2.6764598670765016,1.6919064867333478e-07,0.0,0
31.88,-0.906730386875901,-0.6113459199757343,-0.3992466362635752,0.028999782086888706,0.000789831387955755,0.043939398493901285,0.0,-0.0008772849331511352,0.6,0.6,1.933286165206036,7,2.0142547622203253,29.302295253094844,26.625835216827692,2.6764598670765016,1.6919064867333478e-07,0.0,0
31.985,-0.9249197444877327,-0.6185746979890299,-0.4001627275695329,0.029935846414552773,0.000940223829526022,0.045149249266286766,0.0,-0.0008772849331511352,0.6,0.6,1.952000133634111,7,2.0142547622203253,29.302295253094844,26.625835216827692,2.6764598670765016,1.6919064867333478e-07,0.0,0
32.09,-0.9388541979916699,-0.6038270790485739,-0.4329701297011398,0.030381388385043062,0.0010953082934826671,0.048497250247134444,0.0,-0.0008772849331511352,0.6,0.6,1.9537839898328595,7,2.0142547622203253,29.302295253094844,26.625835216827692,2.6764598670765016,1.6919064867333478e-07,0.0,0
32.179,-0.9636517431215937,-0.6242565809510111,-0.4684058637350826,0.03146713160062811,0.0013477366411315036,0.04870204487540909,0.0,-0.0008772849331511352,0.6,0.6,1.9859030564881706,7,2.0142547622203253,29.302295253094844,26.625835216827692,2.6764598670765016,1.6919064867333478e-07,0.0,0
32.26,-0.9915107376917002,-0.6134331466069445,-0.41934546611599205,0.03163468300493005,0.001636189229973429,0.04992680149594567,0.0,-0.0008772849331511352,0.6,0.6,2.001331164368459,7,2.0142547622203253,29.302295253094844,26.625835216827692,2.6764598670765016,1.6919064867333478e-07,0.0,0
32.382,-0.9808648955221373,-0.5939483173041756,-0.40998093200272506,0.032112563976810865,0.0016639986220364548,0.050423100326627605,0.0,-0.0008772849331511352,0.6,0.6,1.9810720335938548,7,2.0142547622203253,29.302295253094844,26.625835216827692,2.6764598670765016,1.6919064867333478e-07,0.0,0
32.479,-0.9524231310556375,-0.6029916600472683,-0.4375460740995978,0.030939618231188938,0.0012665270270628473,0.04845145336446758,0.0,-0.0008772849331511352,0.6,0.6,1.9639772177853467,7,2.0142547622203253,29.302295253094844,26.625835216827692,2.6764598670765016,1.6919064867333478e-07,0.0,0
32.579,-0.9585258963315834,-0.6032522435455011,-0.43813028558943223,0.03075416858026165,0.0016678700887426661,0.04741183897741109,0.0,-0.0008772849331511352,0.6,0.6,1.9689639232686431,7,2.0142547622203253,29.302295253094844,26.625835216827692,2.6764598670765016,1.6919064867333478e-07,0.0,0
32.679,-0.9680152283213395,-0.6186035426064311,-0.44879792216193576,0.031506402513413925,0.0016350387971293748,0.05036434507241408,0.0,-0.0008772849331511352,0.6,0.6,1.9858666496773056,7,2.0142547622203253,29.302295253094844,26.625835216827692,2.6764598670765016,1.6919064867333478e-07,0.0,0
32.779,-0.8822913745341568,-0.6285086251818893,-0.36086782622388114,0.0298056689532629,0.0009720853447958982,0.04709585662750263,0.0,-0.0008772849331511352,0.6,0.6,1.9252067840013072,7,2.0142547622203253,29.302295253094844,26.625835216827692,2.6764598670765016,1.6919064867333478e-07,0.0,0
32.86,-0.9027124183810831,-0.636134320457492,-0.35777235737271557,0.02886235854847985,0.000685041080424814,0.04350364778025531,0.0,-0.0008772849331511352,0.6,0.6,1.9458090015645493,7,2.0142547622203253,29.302295253094844,26.625835216827692,2.6764598670765016,1.6919064867333478e-07,0.0,0
32.981,-0.8745057390226068,-0.6450103215847336,-0.36675345271467735,0.0302765415866432,0.0007249892755196021,0.0469207679357225,0.0,-0.0008772849331511352,0.6,0.6,1.9298232756558633,7,2.0142547622203253,29.302295253094844,26.625835216827692,2.6764598670765016,1.6919064867333478e-07,0.0,0
33.094,-0.864862856141961,-0.6104654940543122,-0.4005527082483602,0.028300762520137166,0.00048651747210301364,0.043167747910832194,0.0,-0.0008772849331511352,0.6,0.6,1.9002762692831097,7,1.9457755361399751,29.96759026118894,27.291130224921787,2.6764598670765043,1.6919064867333478e-07,0.0,0
33.199,-0.8746458030880752,-0.6424232119008801,-0.37077343063919366,0.030089585108113145,0.0004873592492150028,0.043979169471371204,0.0,-0.0008772849331511352,0.6,0.6,1.9282623478239087,7,1.9457755361399751,29.96759026118894,27.291130224921787,2.6764598670765043,1.6919064867333478e-07,0.0,0
33.282,-0.8738121069231057,-0.6202871234855876,-0.33278561934569467,0.0309217911684245,0.0004838326464891349,0.045729456795523295,0.0,-0.0008772849331511352,0.6,0.6,1.9134322016360688,7,1.9457755361399751,29.96759026118894,27.291130224921787,2.6764598670765043,1.6919064867333478e-07,0.0,0
33.379,-0.8697616851344735,-0.6275410603701161,-0.2989150465158784,0.032353546054284435,0.0004962329786842762,0.0478030689894232,0.0,-0.0008772849331511352,0.6,0.6,1.9149559958348692,7,1.9457755361399751,29.96759026118894,27.291130224921787,2.6764598670765043,1.6919064867333478e-07,0.0,0
33.479,-0.8363699733134458,-0.6296526173205386,-0.33789489575208304,0.03265158730044511,0.00039126644974040136,0.04980431054872026,0.0,-0.0008772849331511352,0.6,0.6,1.890821054335846,7,1.9457755361399751,29.96759026118894,27.291130224921787,2.6764598670765043,1.6919064867333478e-07,0.0,0
33.58,-0.8265943980514795,-0.5919131154117852,-0.3282872954772629,0.031937671266315734,0.00025802512356599803,0.049025729705766644,0.0,-0.0008772849331511352,0.6,0.6,1.8589858663374743,7,1.9457755361399751,29.96759026118894,27.291130224921787,2.6764598670765043,1.6919064867333478e-07,0.0,0
33.683,-0.8191595137707852,-0.5932933985000486,-0.31701267946302025,0.029366128472371966,0.0003173192063714575,0.04483674456360612,0.0,-0.0008772849331511352,0.6,0.6,1.8541744417475738,7,1.9457755361399751,29.96759026118894,27.291130224921787,2.6764598670765043,1.6919064867333478e-07,0.0,0
33.779,-0.813975880876279,-0.6230410100632187,-0.28889440865828464,0.028659383169959734,0.00024858998848264607,0.04388690244686201,0.0,-0.0008772849331511352,0.6,0.6,1.8695339269444422,7,1.9457755361399751,29.96759026118894,27.291130224921787,2.6764598670765043,1.6919064867333478e-07,0.0,0
33.881,-0.8133290074915724,-0.6235537787448499,-0.26192591210919625,0.029947381378904864,0.00026263261013259283,0.04644473257119958,0.0,-0.0008772849331511352,0.6,0.6,1.8693803071868265,7,1.9457755361399751,29.96759026118894,27.291130224921787,2.6764598670765043,1.6919064867333478e-07,0.0,0
33.982,-0.8055337014799524,-0.6225294926789935,-0.2891092129526137,0.031010348302244986,0.0002481166619039127,0.04665725115961495,0.0,-0.0008772849331511352,0.6,0.6,1.8628213404580412,7,1.9457755361399751,29.96759026118894,27.291130224921787,2.6764598670765043,1.6919064867333478e-07,0.0,0
34.079,-0.8211962166901726,-0.6340128051859735,-0.2657521961841082,0.03221273272814732,0.00025798473276148615,0.04901231876742601,0.0,-0.0008772849331511352,0.6,0.6,1.8821759454677491,7,1.9457755361399751,29.96759026118894,27.291130224921787,2.6764598670765043,1.6919064867333478e-07,0.0,0
34.179,-0.8245502687830819,-0.6442459796657473,-0.2603847636121833,0.03351402587974886,0.0002708266762644087,0.0490316037166911,0.0,-0.0008772849331511352,0.6,0.6,1.891425791884082,7,1.9457755361399751,29.96759026118894,27.291130224921787,2.6764598670765043,1.6919064867333478e-07,0.0,0
34.282,-0.8615433571149225,-0.6408194296556267,-0.28819029653616635,0.0338741304741182,0.00028412100843462976,0.05172996091602737,0.0,-0.0008772849331511352,0.6,0.6,1.917222428863608,7,1.9457755361399751,29.96759026118894,27.291130224921787,2.6764598670765043,1.6919064867333478e-07,0.0,0
34.381,-0.827452591163121,-0.6422203271418672,-0.3160611831797786,0.03343942300731564,0.00032270081160281245,0.05032559541909841,0.0,-0.0008772849331511352,0.6,0.6,1.892282283694152,7,1.9457755361399751,29.96759026118894,27.291130224921787,2.6764598670765043,1.6919064867333478e-07,0.0,0
34.486,-0.8488387300426732,-0.5972406919764145,-0.2902200722932021,0.033474126281416404,0.00029852486416020036,0.05069331051901415,0.0,-0.0008772849331511352,0.6,0.6,1.8794996515551234,7,1.9457755361399751,29.96759026118894,27.291130224921787,2.6764598670765043,1.6919064867333478e-07,0.0,0
34.584,-0.8340412519382977,-0.6214009824183179,-0.3323768820615223,0.03373618882209165,0.0002955936781931681,0.04947924325969861,0.0,-0.0008772849331511352,0.6,0.6,1.883691766747732,7,1.9457755361399751,29.96759026118894,27.291130224921787,2.6764598670765043,1.6919064867333478e-07,0.0,0
34.683,-0.8515837296263818,-0.607728179586537,-0.3107908153289796,0.034373417858177845,0.00033495653874729593,0.05393131385321975,0.0,-0.0008772849331511352,0.6,0.6,1.8883068288505043,7,1.9457755361399751,29.96759026118894,27.291130224921787,2.6764598670765043,1.6919064867333478e-07,0.0,0
34.779,-0.8040174616494529,-0.6118955020168183,-0.29750576820008423,0.029962921693618857,0.00026217953561122765,0.046158087231256896,0.0,-0.0008772849331511352,0.6,0.6,1.854711767479025,7,1.9457755361399751,29.96759026118894,27.291130224921787,2.6764598670765043,1.6919064867333478e-07,0.0,0
34.881,-0.8380732462351943,-0.5838101736636514,-0.33238379935048057,0.028759756533516045,0.0002976010554671343,0.04364689258584441,0.0,-0.0008772849331511352,0.6,0.6,1.8626489709032654,7,1.9457755361399751,29.96759026118894,27.291130224921787,2.6764598670765043,1.6919064867333478e-07,0.0,0
34.989,-0.7567316017950794,-0.6257381954531414,-0.18218478552105388,0.02442975728595122,0.0003125810954987895,0.03667508129009281,0.0,-0.0008772849331511352,0.6,0.6,1.828429589320345,7,1.9457755361399751,29.96759026118894,27.291130224921787,2.6764598670765043,1.6919064867333478e-07,0.0,0
35.079,-0.755637904999477,-0.6185061213058116,-0.20356606339755495,0.02592805129033953,0.0003228840069775041,0.039104699083766264,0.0,-0.0008772849331511352,0.6,0.6,1.8227757122397434,7,1.9457755361399751,29.96759026118894,27.291130224921787,2.6764598670765043,1.6919064867333478e-07,0.0,0
35.179,-0.7479474638611248,-0.6336797889939759,-0.19161261944982486,0.027402743836956726,0.0003516912016501937,0.04082988068097447,0.0,-0.0008772849331511352,0.6,0.6,1.8272734297586277,7,1.9457755361399751,29.96759026118894,27.291130224921787,2.6764598670765043,1.6919064867333478e-07,0.0,0
35.284,-0.7498830509543116,-0.6213180482942215,-0.20634558689965565,0.02826591481341365,0.00034187717486194196,0.04195219814478582,0.0,-0.0008772849331511352,0.6,0.6,1.8203851313232942,7,1.9457755361399751,29.96759026118894,27.291130224921787,2.6764598670765043,1.6919064867333478e-07,0.0,0
35.389,-0.7462832003814579,-0.6121669625088259,-0.22705432743019854,0.029677314564266373,0.00035552356970852195,0.043927635480428176,0.0,-0.0008772849331511352,0.6,0.6,1.811581408777208,7,1.9457755361399751,29.96759026118894,27.291130224921787,2.6764598670765043,1.6919064867333478e-07,0.0,0
35.479,-0.757308775181766,-0.6377360590645109,-0.17737625501936402,0.030910703134949893,0.00033897273421597246,0.046252062365449535,0.0,-0.0008772849331511352,0.6,0.6,1.8369207013624655,7,1.9457755361399751,29.96759026118894,27.291130224921787,2.6764598670765043,1.6919064867333478e-07,0.0,0
35.583,-0.743656208063535,-0.6034934379924686,-0.21644921931177274,0.03206483250773471,0.00038813419554895034,0.04843956309804242,0.0,-0.0008772849331511352,0.6,0.6,1.8038316054328933,7,1.9457755361399751,29.96759026118894,27.291130224921787,2.6764598670765043,1.6919064867333478e-07,0.0,0
35.682,-0.7498999160736646,-0.622790155853164,-0.15716830425659967,0.033318533169393885,0.0003951639890546899,0.05004068682535711,0.0,-0.0008772849331511352,0.6,0.6,1.8213856122927654,7,1.9457755361399751,29.96759026118894,27.291130224921787,2.6764598670765043,1.6919064867333478e-07,0.0,0
35.779,-0.8040237844425332,-0.6352361162327321,-0.22855654481709992,0.032568115036821686,0.00027077203711856995,0.04940560524818036,0.0,-0.0008772849331511352,0.6,0.6,1.8700510822237066,7,1.9457755361399751,29.96759026118894,27.291130224921787,2.6764598670765043,1.6919064867333478e-07,0.0,0
35.886,-0.794816726982355,-0.6102526966842451,-0.17781605650245053,0.030487673342793207,0.00024980957909597097,0.046209039762868866,0.0,-0.0008772849331511352,0.6,0.6,1.846679531402581,7,1.9457755361399751,29.96759026118894,27.291130224921787,2.6764598670765043,1.6919064867333478e-07,0.0,0
35.9,-0.7880849068582567,-0.6172262137789026,-0.17597810838643732,0.03046020420480551,0.0002472447455792569,0.04697105583871793,0.0,-0.0008772849331511352,0.6,0.6,1.8461905005058978,7,1.9457755361399751,29.96759026118894,27.291130224921787,2.6764598670765043,1.6919064867333478e-07,0.0,0
36.083,-0.7757447800944598,-0.6271382814556263,-0.1879485300762987,0.030461336908450185,0.00028289707201852125,0.046662688033605404,0.0,-0.0008772849331511352,0.6,0.6,1.8435135100592623,7,1.9457755361399751,29.96759026118894,27.291130224921787,2.6764598670765043,1.6919064867333478e-07,0.0,0
36.181,-0.7630241723725317,-0.6178690904903613,-0.22319943401295025,0.032236804439114544,0.0003202595795129895,0.046801242926860546,0.0,-0.0008772849331511352,0.6,0.6,1.8278512018333561,7,1.9457755361399751,29.96759026118894,27.291130224921787,2.6764598670765043,1.6919064867333478e-07,0.0,0
36.282,-0.7981786949805655,-0.6111637266235727,-0.1983372401038016,0.03182513441859452,0.000262836179950591,0.05106553388694247,0.0,-0.0008772849331511352,0.6,0.6,1.8498165411159717,7,1.9457755361399751,29.96759026118894,27.291130224921787,2.6764598670765043,1.6919064867333478e-07,0.0,0
36.38,-0.803445991558906,-0.6254713788267362,-0.27924192078932214,0.0320239747783142,0.0002498774005121693,0.049120025794711294,0.0,-0.0008772849331511352,0.6,0.6,1.8631802788636054,7,1.9457755361399751,29.96759026118894,27.291130224921787,2.6764598670765043,1.6919064867333478e-07,0.0,0
36.499,-0.8100436477990862,-0.622356431197917,-0.2571977731085649,0.03339727326258242,0.0002489101250971673,0.052187761070039085,0.0,-0.0008772849331511352,0.6,0.6,1.86611316205354,7,1.9457755361399751,29.96759026118894,27.291130224921787,2.6764598670765043,1.6919064867333478e-07,0.0,0
36.581,-0.8347679152012076,-0.6189818390767701,-0.2915168280651434,0.034054270491477,0.00025404479797011683,0.05452259821481813,0.0,-0.0008772849331511352,0.6,0.6,1.8826777989050076,7,1.9457755361399751,29.96759026118894,27.291130224921787,2.6764598670765043,1.6919064867333478e-07,0.0,0
36.681,-0.8354449970731338,-0.6208715523523018,-0.2743108459831828,0.03395105668471907,0.0002899356155922133,0.05002974222794434,0.0,-0.0008772849331511352,0.6,0.6,1.884417598879136,7,1.9457755361399751,29.96759026118894,27.291130224921787,2.6764598670765043,1.6919064867333478e-07,0.0,0
36.78,-0.7698830898858823,-0.6345376624268672,-0.19404327556691103,0.03335173963440997,0.00024885917238268206,0.051899493560027946,0.0,-0.0008772849331511352,0.6,0.6,1.8440886420955165,7,1.9457755361399751,29.96759026118894,27.291130224921787,2.6764598670765043,1.6919064867333478e-07,0.0,0
36.879,-0.771826801273016,-0.6262456533259582,-0.26494010539562585,0.0327287240107932,0.00026647444213916577,0.04970389575330266,0.0,-0.0008772849331511352,0.6,0.6,1.8399965149401127,7,1.9457755361399751,29.96759026118894,27.291130224921787,2.6764598670765043,1.6919064867333478e-07,0.0,0
36.98,-0.7780430875095279,-0.6379708015873231,-0.23824568120165454,0.03442347369930065,0.0002781876703338336,0.05004135056154273,0.0,-0.0008772849331511352,0.6,0.6,1.8524509323098282,7,1.9457755361399751,29.96759026118894,27.291130224921787,2.6764598670765043,1.6919064867333478e-07,0.0,0
37.081,-0.7449271058396408,-0.6388455492147224,-0.22042141363367043,0.03394119474527685,0.00037551595111394236,0.04934025937971884,0.0,-0.0008772849331511352,0.6,0.6,1.8285423743603317,7,1.9457755361399751,29.96759026118894,27.291130224921787,2.6764598670765043,1.6919064867333478e-07,0.0,0
37.179,-0.7312832763329727,-0.6174181358202856,-0.18233777041574611,0.03440029178646695,0.0004614927039547729,0.050913552038703035,0.0,-0.0008772849331511352,0.6,0.6,1.804001684940453,7,1.9457755361399751,29.96759026118894,27.291130224921787,2.6764598670765043,1.6919064867333478e-07,0.0,0
37.29,-0.7460298097661205,-0.6567531108880809,-0.1959224227808591,0.03552607658175724,0.00047994883494618636,0.05302628638216276,0.0,-0.0008772849331511352,0.6,0.6,1.8415277979183173,7,1.9457755361399751,29.96759026118894,27.291130224921787,2.6764598670765043,1.6919064867333478e-07,0.0,0
37.379,-0.7042449572536383,-0.6071262831114962,-0.11864852800795599,0.033809680274534674,0.00044838814682382196,0.05225861790790435,0.0,-0.0008772849331511352,0.6,0.6,1.7771349897799325,7,1.9457755361399751,29.96759026118894,27.291130224921787,2.6764598670765043,1.6919064867333478e-07,0.0,0
37.479,-0.7463739105751928,-0.643576628703285,-0.21198935580314088,0.03302054516785024,0.00041545453444982077,0.048754709488591445,0.0,-0.0008772849331511352,0.6,0.6,1.8328135580398148,7,1.9457755361399751,29.96759026118894,27.291130224921787,2.6764598670765043,1.6919064867333478e-07,0.0,0
37.579,-0.7341195084879734,-0.6114131880234137,-0.235945401936389,0.03345993880988195,0.0004013174964887292,0.051354712116654974,0.0,-0.0008772849331511352,0.6,0.6,1.802053488397401,7,1.9457755361399751,29.96759026118894,27.291130224921787,2.6764598670765043,1.6919064867333478e-07,0.0,0
37.689,-0.7202047041194122,-0.6412798930847217,-0.11107969041385563,0.033821958455695585,0.0005690477405433309,0.049395003983323305,0.0,-0.0008772849331511352,0.6,0.6,1.8121027105976755,7,1.9457755361399751,29.96759026118894,27.291130224921787,2.6764598670765043,1.6919064867333478e-07,0.0,0
37.78,-0.7368618027746653,-0.6323670818091279,-0.21761980478184312,0.035224074308180475,0.000581369440357058,0.04985596224240718,0.0,-0.0008772849331511352,0.6,0.6,1.8182211372780468,7,1.9457755361399751,29.96759026118894,27.291130224921787,2.6764598670765043,1.6919064867333478e-07,0.0,0
37.882,-0.7309082889944644,-0.6212293566553287,-0.2131627685439261,0.03537931165577877,0.0004594954892392189,0.05387319155007166,0.0,-0.0008772849331511352,0.6,0.6,1.8062995364199594,7,1.9457755361399751,29.96759026118894,27.291130224921787,2.6764598670765043,1.6919064867333478e-07,0.0,0
37.981,-0.7289072246380787,-0.6203148524028768,-0.17078094283324458,0.036786703187993854,0.0004957048913191141,0.05503541966163776,0.0,-0.0008772849331511352,0.6,0.6,1.8042069589407796,7,1.9457755361399751,29.96759026118894,27.291130224921787,2.6764598670765043,1.6919064867333478e-07,0.0,0
38.081,-0.73472738486219,-0.6132366989592402,-0.1989520023300632,0.03786176655134784,0.0004628907965507707,0.05772345570306347,0.0,-0.0008772849331511352,0.6,0.6,1.803729602685107,7,1.9457755361399751,29.96759026118894,27.291130224921787,2.6764598670765043,1.6919064867333478e-07,0.0,0
38.145,-0.6306793822600995,-0.6082495449669496,-0.12480823226275123,0.03494293145878212,0.0005769868637971828,0.05624386029854153,0.0,-0.0008772849331511352,0.6,0.6,1.7246561120504402,7,1.9457755361399751,29.96759026118894,27.291130224921787,2.6764598670765043,1.6919064867333478e-07,0.0,0
38.145,-0.6306793822600995,-0.6082495449669496,-0.12480823226275123,0.03494293145878212,0.0005769868637971828,0.05624386029854153,0.0,-0.0008772849331511352,0.6,0.6,1.7246561120504402,7,1.9457755361399751,29.96759026118894,27.291130224921787,2.6764598670765043,1.6919064867333478e-07,0.0,0
38.381,-0.695791824169013,-0.597484023576968,-0.1714392972549335,0.015777610870894836,0.0005549172600180748,0.025464735829198882,0.0,-0.0008772849331511352,0.6,0.6,1.7643821690057238,7,1.9457755361399751,29.96759026118894,27.291130224921787,2.6764598670765043,1.6919064867333478e-07,0.0,0
38.479,-0.6924667623279565,-0.5788863817630161,-0.18860566484525357,0.01717175711405391,0.0005294280110342001,0.028504189737227174,0.0,-0.0008772849331511352,0.6,0.6,1.7493551477126668,7,1.9457755361399751,29.96759026118894,27.291130224921787,2.6764598670765043,1.6919064867333478e-07,0.0,0
38.579,-0.6887753605175304,-0.6138612004806661,-0.16520046778554923,0.01859820679603298,0.0006009096113472052,0.02986805680989523,0.0,-0.0008772849331511352,0.6,0.6,1.770423944683717,7,1.9457755361399751,29.96759026118894,27.291130224921787,2.6764598670765043,1.6919064867333478e-07,0.0,0
38.69,-0.6966324912879055,-0.6215550925446434,-0.13864071655936985,0.020187266568732445,0.0005921620739569874,0.031162201896800953,0.0,-0.0008772849331511352,0.6,0.6,1.781418721577056,7,1.9457755361399751,29.96759026118894,27.291130224921787,2.6764598670765043,1.6919064867333478e-07,0.0,0
38.786,-0.7217561341507787,-0.6306639894366426,-0.1514863781772026,0.0214206058885961,0.000471260246223958,0.032435121387547255,0.0,-0.0008772849331511352,0.6,0.6,1.8059825948943484,7,1.9457755361399751,29.96759026118894,27.291130224921787,2.6764598670765043,1.6919064867333478e-07,0.0,0
38.799,-0.7175445129793309,-0.6237988245677617,-0.16933015531017276,0.02175689462846916,0.0004514922505242097,0.03268135893758852,0.0,-0.0008772849331511352,0.6,0.6,1.798223319472689,7,1.9457755361399751,29.96759026118894,27.291130224921787,2.6764598670765043,1.6919064867333478e-07,0.0,0
38.986,-0.7316280282177686,-0.6241797893660076,-0.18062157843646337,0.02211336550574475,0.0003711865615035872,0.03312470777201407,0.0,-0.0008772849331511352,0.6,0.6,1.8088254095482363,7,1.9457755361399751,29.96759026118894,27.291130224921787,2.6764598670765043,1.6919064867333478e-07,0.0,0
39.08,-0.7406254175500367,-0.6184460225757807,-0.13481004068733832,0.023413501999994327,0.0003628615489115142,0.03488348829270197,0.0,-0.0008772849331511352,0.6,0.6,1.8115979741962482,7,1.9457755361399751,29.96759026118894,27.291130224921787,2.6764598670765043,1.6919064867333478e-07,0.0,0
39.18,-0.7370877881730158,-0.6191144755167526,-0.19585114663526665,0.024897801581239814,0.00039274755553126724,0.036480636092779496,0.0,-0.0008772849331511352,0.6,0.6,1.8094319157392724,7,1.9457755361399751,29.96759026118894,27.291130224921787,2.6764598670765043,1.6919064867333478e-07,0.0,0
39.263,-0.7402336131686234,-0.6245431227376458,-0.1748172002005946,0.02587284944950266,0.00038059257194447666,0.038836494940734524,0.0,-0.0008772849331511352,0.6,0.6,1.8154151033058772,7,1.9457755361399751,29.96759026118894,27.291130224921787,2.6764598670765043,1.6919064867333478e-07,0.0,0
39.379,-0.7253092991283596,-0.6324569466080117,-0.1969100184382806,0.0274151217388519,0.000423942146055722,0.040283875662052146,0.0,-0.0008772849331511352,0.6,0.6,1.8098052004562388,7,1.9457755361399751,29.96759026118894,27.291130224921787,2.6764598670765043,1.6919064867333478e-07,0.0,0
39.481,-0.7497115367381436,-0.6174873981080561,-0.1664842607351239,0.027996149185336102,0.0004933031810501766,0.04299718343353427,0.0,-0.0008772849331511352,0.6,0.6,1.8176899617250366,7,1.9457755361399751,29.96759026118894,27.291130224921787,2.6764598670765043,1.6919064867333478e-07,0.0,0
39.579,-0.7590151176786301,-0.6401760264504798,-0.20344609064637584,0.02830480126134506,0.0003232241059728807,0.04169541870219762,0.0,-0.0008772849331511352,0.6,0.6,1.8398257163822778,7,1.9457755361399751,29.96759026118894,27.291130224921787,2.6764598670765043,1.6919064867333478e-07,0.0,0
39.68,-0.7680469740516203,-0.6307238317847546,-0.22780917376611734,0.02940665126413365,0.0003092514741422873,0.044721038361933134,0.0,-0.0008772849331511352,0.6,0.6,1.8401721857844564,7,1.9457755361399751,29.96759026118894,27.291130224921787,2.6764598670765043,1.6919064867333478e-07,0.0,0
39.78,-0.7706095516282323,-0.627169488091868,-0.2310071604868701,0.030718792051860476,0.00029477132337353367,0.046741221494417215,0.0,-0.0008772849331511352,0.6,0.6,1.8397052740909892,7,1.9457755361399751,29.96759026118894,27.291130224921787,2.6764598670765043,1.6919064867333478e-07,0.0,0
39.879,-0.7643781531733598,-0.6227708373922344,-0.3206608024444261,0.032291765919502766,0.00030292732596933045,0.04777756835196876,0.0,-0.0008772849331511352,0.6,0.6,1.832128888925027,7,1.9457755361399751,29.96759026118894,27.291130224921787,2.6764598670765043,1.6919064867333478e-07,0.0,0
39.981,-0.7938392209535992,-0.636192937471301,-0.16704473197435554,0.03272854003287959,0.00026648647727120376,0.04761470716717345,0.0,-0.0008772849331511352,0.6,0.6,1.863051462660777,7,1.9579588568699107,29.496367209122123,26.819907172854975,2.6764598670764985,1.6919064867333478e-07,0.0,0
40.081,-0.6941748793367215,-0.6201364369526262,-0.20789640553283167,0.02765391927154124,0.0005871175999740656,0.04237873247108561,0.0,-0.0008772849331511352,0.6,0.6,1.7786572303526242,7,1.9579588568699107,29.496367209122123,26.819907172854975,2.6764598670764985,1.6919064867333478e-07,0.0,0
40.181,-0.6850323452503145,-0.5897218409566257,-0.1197190278320535,0.028092224492003586,0.0006475759486377133,0.04309886690615286,0.0,-0.0008772849331511352,0.6,0.6,1.7512127761036766,7,1.9579588568699107,29.496367209122123,26.819907172854975,2.6764598670764985,1.6919064867333478e-07,0.0,0
40.28,-0.6572345933965058,-0.5977770209629821,-0.07001412088573944,0.02550600749727417,0.0010708435736484214,0.04005906571364196,0.0,-0.0008772849331511352,0.6,0.6,1.7364644006658567,7,1.9579588568699107,29.496367209122123,26.819907172854975,2.6764598670764985,1.6919064867333478e-07,0.0,0
40.379,-0.645440496959461,-0.6150202498287675,-0.01927963998757595,0.026792218715666147,0.0011634238222964768,0.042227819177454176,0.0,-0.0008772849331511352,0.6,0.6,1.7399414469919927,7,1.9579588568699107,29.496367209122123,26.819907172854975,2.6764598670764985,1.6919064867333478e-07,0.0,0
40.481,-0.6451734600467983,-0.6125718689004082,-0.0822885858307066,0.02829955404383729,0.0011770069787602673,0.04323057394065352,0.0,-0.0008772849331511352,0.6,0.6,1.7380412776610181,7,1.9579588568699107,29.496367209122123,26.819907172854975,2.6764598670764985,1.6919064867333478e-07,0.0,0
40.585,-0.6485169132056847,-0.5952065157255385,-0.1392495077289124,0.029311086243105963,0.001215015254323192,0.04593131728070223,0.0,-0.0008772849331511352,0.6,0.6,1.7283845341223791,7,1.9579588568699107,29.496367209122123,26.819907172854975,2.6764598670764985,1.6919064867333478e-07,0.0,0
40.659,-0.6665933740832353,-0.5900522926779557,-0.026631056440394815,0.029386861031737037,0.001408366231389757,0.04740884155121029,0.0,-0.0008772849331511352,0.6,0.6,1.73795374926366,7,1.9579588568699107,29.496367209122123,26.819907172854975,2.6764598670764985,1.6919064867333478e-07,0.0,0
40.78,-0.6237878575915514,-0.604486733347873,-0.10616405316995614,0.029557249906362562,0.00149284214576445,0.04583141767121454,0.0,-0.0008772849331511352,0.6,0.6,1.7171036693221375,7,1.9579588568699107,29.496367209122123,26.819907172854975,2.6764598670764985,1.6919064867333478e-07,0.0,0
40.887,-0.6424163306268303,-0.6068396818966877,-0.08344512222774257,0.030399326786270567,0.0016290485067516373,0.04821897650022464,0.0,-0.0008772849331511352,0.6,0.6,1.732068230875659,7,1.9579588568699107,29.496367209122123,26.819907172854975,2.6764598670764985,1.6919064867333478e-07,0.0,0
40.981,-0.6969729639894255,-0.6271753831535044,-0.0917566410292693,0.024216520239738165,0.0007868520005298208,0.03726597806947531,0.0,-0.0008772849331511352,0.6,0.6,1.7855246540827896,7,1.9579588568699107,29.496367209122123,26.819907172854975,2.6764598670764985,1.6919064867333478e-07,0.0,0
41.083,-0.6656336646689004,-0.6139636472338584,-0.08686523462253308,0.024528361934716303,0.0009234860141621397,0.037943124957963176,0.0,-0.0008772849331511352,0.6,0.6,1.7537207046586871,7,1.9579588568699107,29.496367209122123,26.819907172854975,2.6764598670764985,1.6919064867333478e-07,0.0,0
41.18,-0.6610044099857427,-0.6081452648395695,-0.14152703364844393,0.025742947651831452,0.000818768673482986,0.03840252765358241,0.0,-0.0008772849331511352,0.6,0.6,1.7463525139437812,7,1.9579588568699107,29.496367209122123,26.819907172854975,2.6764598670764985,1.6919064867333478e-07,0.0,0
41.259,-0.6802893316230065,-0.642657559379245,-0.12703639959472393,0.02619421908126553,0.0009138155818578893,0.041058523744131006,0.0,-0.0008772849331511352,0.6,0.6,1.7841912965122508,7,1.9579588568699107,29.496367209122123,26.819907172854975,2.6764598670764985,1.6919064867333478e-07,0.0,0
41.38,-0.6565784094616032,-0.622608026434062,-0.09026891156940117,0.0263378283979162,0.0010282137018732145,0.04029988681071357,0.0,-0.0008772849331511352,0.6,0.6,1.7532141014223117,7,1.9579588568699107,29.496367209122123,26.819907172854975,2.6764598670764985,1.6919064867333478e-07,0.0,0
41.48,-0.6849727295540369,-0.6146288260090335,-0.06020268293580395,0.027180106758245053,0.0009938872812891052,0.04338309436357425,0.0,-0.0008772849331511352,0.6,0.6,1.7681849735448028,7,1.9579588568699107,29.496367209122123,26.819907172854975,2.6764598670764985,1.6919064867333478e-07,0.0,0
41.58,-0.6610821142647421,-0.589548705289764,-0.17760722235969836,0.027291278282413442,0.0009200178649442249,0.0444056943233743,0.0,-0.0008772849331511352,0.6,0.6,1.7335957490646388,7,1.9579588568699107,29.496367209122123,26.819907172854975,2.6764598670764985,1.6919064867333478e-07,0.0,0
41.686,-0.6407926616999718,-0.6234149230709224,-0.13066867331806478,0.027560994494045313,0.0011169745275437302,0.04282006810162053,0.0,-0.0008772849331511352,0.6,0.6,1.7425012204647468,7,1.9579588568699107,29.496367209122123,26.819907172854975,2.6764598670764985,1.6919064867333478e-07,0.0,0
41.799,-0.6479544002353161,-0.6125061760239207,-0.0759105201559715,0.029082065027802372,0.0012208940098200184,0.04416089741621084,0.0,-0.0008772849331511352,0.6,0.6,1.739988911448242,7,1.9579588568699107,29.496367209122123,26.819907172854975,2.6764598670764985,1.6919064867333478e-07,0.0,0
41.879,-0.6642174427304637,-0.6221796668678256,-0.06338373447431653,0.029903511504048734,0.0012402774723078223,0.04659798180583071,0.0,-0.0008772849331511352,0.6,0.6,1.7583995224661266,7,1.9579588568699107,29.496367209122123,26.819907172854975,2.6764598670764985,1.6919064867333478e-07,0.0,0
41.98,-0.6743826159130895,-0.6200006576410036,-0.06943532860438889,0.031117590115961175,0.0009700004590390121,0.04711438678633542,0.0,-0.0008772849331511352,0.6,0.6,1.7642144587282949,7,1.9579588568699107,29.496367209122123,26.819907172854975,2.6764598670764985,1.6919064867333478e-07,0.0,0
42.084,-0.6808444306736178,-0.6200671279933078,-0.11201774036493485,0.03163066607509952,0.0009123018622027045,0.050118538520047044,0.0,-0.0008772849331511352,0.6,0.6,1.768933648387486,7,1.9579588568699107,29.496367209122123,26.819907172854975,2.6764598670764985,1.6919064867333478e-07,0.0,0
42.183,-0.692858078935541,-0.6229533085117045,-0.14263832935500692,0.033275498958671046,0.0008053522550255798,0.04958314390727528,0.0,-0.0008772849331511352,0.6,0.6,1.7796338969205499,7,1.9579588568699107,29.496367209122123,26.819907172854975,2.6764598670764985,1.6919064867333478e-07,0.0,0
42.28,-0.6797596704158898,-0.6208341826588039,-0.09476769458979417,0.03407617245724174,0.0008957043922595138,0.05207821460940258,0.0,-0.0008772849331511352,0.6,0.6,1.7686777308405215,7,1.9579588568699107,29.496367209122123,26.819907172854975,2.6764598670764985,1.6919064867333478e-07,0.0,0
42.381,-0.6638241602364833,-0.5928561167616234,-0.12474750804852562,0.0347041377264417,0.001025007961302214,0.05566201894517132,0.0,-0.0008772849331511352,0.6,0.6,1.7378599550289062,7,1.9579588568699107,29.496367209122123,26.819907172854975,2.6764598670764985,1.6919064867333478e-07,0.0,0
42.479,-0.6634519269880911,-0.6078464444339956,-0.10620735516897122,0.034207421335049656,0.0012775156272155923,0.053177612312252646,0.0,-0.0008772849331511352,0.6,0.6,1.7479141297963599,7,1.9579588568699107,29.496367209122123,26.819907172854975,2.6764598670764985,1.6919064867333478e-07,0.0,0
42.581,-0.6495828053546919,-0.6199539796336312,-0.11822597137034385,0.03541482423915479,0.0013092947010023026,0.05459516232895295,0.0,-0.0008772849331511352,0.6,0.6,1.7463518831730438,7,1.9579588568699107,29.496367209122123,26.819907172854975,2.6764598670764985,1.6919064867333478e-07,0.0,0
42.679,-0.6570753821522091,-0.6213397752869265,-0.06306998730793947,0.03623782138882212,0.001354489021519351,0.05403600373530543,0.0,-0.0008772849331511352,0.6,0.6,1.7526863276442373,7,1.9579588568699107,29.496367209122123,26.819907172854975,2.6764598670764985,1.6919064867333478e-07,0.0,0
42.779,-0.6389706494653583,-0.6117212909810156,-0.09660002762203695,0.03659157664640054,0.0014895965265728467,0.05927690934234516,0.0,-0.0008772849331511352,0.6,0.6,1.7330080084215742,7,1.9579588568699107,29.496367209122123,26.819907172854975,2.6764598670764985,1.6919064867333478e-07,0.0,0
42.879,-0.6397821438622125,-0.6001888323387082,-0.1048179133862589,0.037156394054373536,0.0017971084584789965,0.05832377845756964,0.0,-0.0008772849331511352,0.6,0.6,1.7255471588774778,7,1.9579588568699107,29.496367209122123,26.819907172854975,2.6764598670764985,1.6919064867333478e-07,0.0,0
42.98,-0.6594109770874012,-0.6166106326968583,-0.08913696303408436,0.038156725326867806,0.0014523612978747243,0.05993388564838395,0.0,-0.0008772849331511352,0.6,0.6,1.7510732254247086,7,1.9579588568699107,29.496367209122123,26.819907172854975,2.6764598670764985,1.6919064867333478e-07,0.0,0
43.08,-0.6415450225656684,-0.604526428460374,-0.07333232623109172,0.03778630180285511,0.0018318277653801833,0.06049650434121521,0.0,-0.0008772849331511352,0.6,0.6,1.7298317721434908,7,1.9579588568699107,29.496367209122123,26.819907172854975,2.6764598670764985,1.6919064867333478e-07,0.0,0
43.179,-0.6568893021634759,-0.5941348737392687,-0.07130682917185376,0.039392402899319744,0.0016830268854087732,0.06013543815526393,0.0,-0.0008772849331511352,0.6,0.6,1.7337037851297687,7,1.9579588568699107,29.496367209122123,26.819907172854975,2.6764598670764985,1.6919064867333478e-07,0.0,0
43.279,-0.5942975223107437,-0.6012097573905326,-0.030274851451937774,0.033857377740503,0.0012431194268397382,0.05271091094017486,0.0,-0.0008772849331511352,0.6,0.6,1.6938864935549263,7,1.9579588568699107,29.496367209122123,26.819907172854975,2.6764598670764985,1.6919064867333478e-07,0.0,0
43.38,-0.570513798981758,-0.5916211914677203,-0.03959474820589654,0.026144183816568262,0.0021302862477431813,0.04299125779545086,0.0,-0.0008772849331511352,0.6,0.6,1.6703483521594102,7,1.9579588568699107,29.496367209122123,26.819907172854975,2.6764598670764985,1.6919064867333478e-07,0.0,0
43.481,-0.5726863797417664,-0.5861593926344427,0.008938660676645947,0.027093460545227953,0.002326902260868485,0.04473143018968944,0.0,-0.0008772849331511352,0.6,0.6,1.6679830484650497,7,1.9579588568699107,29.496367209122123,26.819907172854975,2.6764598670764985,1.6919064867333478e-07,0.0,0
43.593,-0.565506645754555,-0.6070912717338275,0.012738619559616709,0.0278768100274983,0.0026349440263673733,0.04427081661615313,0.0,-0.0008772849331511352,0.6,0.6,1.6779377460424516,7,1.9579588568699107,29.496367209122123,26.819907172854975,2.6764598670764985,1.6919064867333478e-07,0.0,0
43.68,-0.5668212787933105,-0.5897945596861667,0.011284349562959428,0.02393439703116663,0.003210780928564739,0.040011747897928475,0.0,-0.0008772849331511352,0.6,0.6,1.666458217569122,7,1.9579588568699107,29.496367209122123,26.819907172854975,2.6764598670764985,1.6919064867333478e-07,0.0,0
43.781,-0.608805178170987,-0.5923371932533723,0.03783809052712609,0.022046208458859858,0.0015724493529545413,0.034501562201633154,0.0,-0.0008772849331511352,0.6,0.6,1.6979039846788513,7,1.9579588568699107,29.496367209122123,26.819907172854975,2.6764598670764985,1.6919064867333478e-07,0.0,0
43.88,-0.5958925475549968,-0.5975587503592711,0.040899447690895985,0.022445679714473706,0.0017353082897456388,0.0358722723241538,0.0,-0.0008772849331511352,0.6,0.6,1.6924260532914397,7,1.9579588568699107,29.496367209122123,26.819907172854975,2.6764598670764985,1.6919064867333478e-07,0.0,0
43.979,-0.593236427123181,-0.5788247978666283,0.004052039981772594,0.02331827545117047,0.0018825109537607358,0.03933980848542128,0.0,-0.0008772849331511352,0.6,0.6,1.677331534038215,7,1.9579588568699107,29.496367209122123,26.819907172854975,2.6764598670764985,1.6919064867333478e-07,0.0,0
44.081,-0.5834820276908222,-0.6000801958908141,-0.015111951048936003,0.024837086007472208,0.002070129819036175,0.04041380616631703,0.0,-0.0008772849331511352,0.6,0.6,1.6854738759282253,7,1.9579588568699107,29.496367209122123,26.819907172854975,2.6764598670764985,1.6919064867333478e-07,0.0,0
44.18,-0.5937747911334998,-0.6042207965874296,0.04618718100523032,0.02607774956513446,0.0022442612797060136,0.04291930768671359,0.0,-0.0008772849331511352,0.6,0.6,1.6956550294442247,7,1.9579588568699107,29.496367209122123,26.819907172854975,2.6764598670764985,1.6919064867333478e-07,0.0,0
44.282,-0.615445255867676,-0.6198269056958757,-0.05585550741407871,0.026952876547271364,0.001903528016176789,0.043097853928060405,0.0,-0.0008772849331511352,0.6,0.6,1.7220002467685116,7,1.9579588568699107,29.496367209122123,26.819907172854975,2.6764598670764985,1.6919064867333478e-07,0.0,0
44.382,-0.5619590175065455,-0.5995594803699883,-0.004338276985538396,0.02441888078544555,0.0023575390086805217,0.039858112876275255,0.0,-0.0008772849331511352,0.6,0.6,1.6700573958131777,7,1.9579588568699107,29.496367209122123,26.819907172854975,2.6764598670764985,1.6919064867333478e-07,0.0,0
44.487,-0.5771681061827637,-0.5776638599945524,0.004964419573737868,0.02569330260789129,0.002223207568066446,0.04233059635237535,0.0,-0.0008772849331511352,0.6,0.6,1.665117688738902,7,1.9579588568699107,29.496367209122123,26.819907172854975,2.6764598670764985,1.6919064867333478e-07,0.0,0
44.586,-0.5755438085662392,-0.5835958238035941,0.0274343323795195,0.0266161150446404,0.0025936466676650892,0.04446934081165199,0.0,-0.0008772849331511352,0.6,0.6,1.6681733483015868,7,1.9579588568699107,29.496367209122123,26.819907172854975,2.6764598670764985,1.6919064867333478e-07,0.0,0
44.683,-0.5793791860869753,-0.5692760328529621,0.021534795888842505,0.027705721991899943,0.002731631166215118,0.04574615436431961,0.0,-0.0008772849331511352,0.6,0.6,1.6607653975139105,7,1.9579588568699107,29.496367209122123,26.819907172854975,2.6764598670764985,1.6919064867333478e-07,0.0,0
44.799,-0.5873853994391915,-0.5911378508225894,-0.018178418942597592,0.028867982237810497,0.002365079721776158,0.04761634288358379,0.0,-0.0008772849331511352,0.6,0.6,1.6818720125097586,7,1.9579588568699107,29.496367209122123,26.819907172854975,2.6764598670764985,1.6919064867333478e-07,0.0,0
44.881,-0.5713047744622141,-0.595556674470283,-0.03921032687950206,0.02970056325576028,0.0023844065740084804,0.048585858157106074,0.0,-0.0008772849331511352,0.6,0.6,1.673711634824954,7,1.9579588568699107,29.496367209122123,26.819907172854975,2.6764598670764985,1.6919064867333478e-07,0.0,0
44.979,-0.581493536384112,-0.5819600903657519,-0.03161190629769054,0.030395238659376028,0.0024072147614880787,0.04921076807329928,0.0,-0.0008772849331511352,0.6,0.6,1.6712141190568164,7,1.9579588568699107,29.496367209122123,26.819907172854975,2.6764598670764985,1.6919064867333478e-07,0.0,0
45.087,-0.5895184995262879,-0.603033795487074,0.04895166173243472,0.03182266979144629,0.0024656270277169253,0.04950519997971881,0.0,-0.0008772849331511352,0.6,0.6,1.6918169445301423,7,1.9579588568699107,29.496367209122123,26.819907172854975,2.6764598670764985,1.6919064867333478e-07,0.0,0
45.188,-0.5587933680162115,-0.6063928259870871,-0.031043201831282285,0.03262522960337465,0.0027344449250721148,0.05021448251288476,0.0,-0.0008772849331511352,0.6,0.6,1.6727778454868014,7,1.9579588568699107,29.496367209122123,26.819907172854975,2.6764598670764985,1.6919064867333478e-07,0.0,0
45.282,-0.5728654116467617,-0.6092390435148725,-0.05978333942950495,0.03318049526541556,0.0028086815604348747,0.05222830774196035,0.0,-0.0008772849331511352,0.6,0.6,1.684598568857902,7,1.9579588568699107,29.496367209122123,26.819907172854975,2.6764598670764985,1.6919064867333478e-07,0.0,0
45.381,-0.5726756491456909,-0.5959892094581024,-0.10664782377610436,0.03386873156998954,0.0028452192591534304,0.055230986496408244,0.0,-0.0008772849331511352,0.6,0.6,1.6749801095056276,7,1.9579588568699107,29.496367209122123,26.819907172854975,2.6764598670764985,1.6919064867333478e-07,0.0,0
45.485,-0.567447055984677,-0.5874639709975082,-0.02495528982470151,0.03498919651828592,0.0029021951620887315,0.05560262132314322,0.0,-0.0008772849331511352,0.6,0.6,1.6652337106077515,7,1.9579588568699107,29.496367209122123,26.819907172854975,2.6764598670764985,1.6919064867333478e-07,0.0,0
45.499,-0.5467331946713778,-0.5951461114777917,-0.021027947431681134,0.03456791650458997,0.0030966295237189623,0.05608555331460247,0.0,-0.0008772849331511352,0.6,0.6,1.6563125452467329,7,1.9579588568699107,29.496367209122123,26.819907172854975,2.6764598670764985,1.6919064867333478e-07,0.0,0
45.679,-0.587063009005578,-0.6062608143126882,-0.06023899723959403,0.029217773153117157,0.0022608580146753544,0.04553252634132417,0.0,-0.0008772849331511352,0.6,0.6,1.6923899490057503,7,1.9579588568699107,29.496367209122123,26.819907172854975,2.6764598670764985,1.6919064867333478e-07,0.0,0
45.779,-0.5994346910753989,-0.5978561673159233,-0.013914163052088766,0.0298158644996589,0.002099406699792328,0.04949745698803845,0.0,-0.0008772849331511352,0.6,0.6,1.695140989927366,7,1.9579588568699107,29.496367209122123,26.819907172854975,2.6764598670764985,1.6919064867333478e-07,0.0,0
45.879,-0.5325917937415404,-0.6153406338384424,0.05706466867663636,0.03015278916724554,0.0024440820478275962,0.04945333931437115,0.0,-0.0008772849331511352,0.6,0.6,1.661269703422508,7,1.9579588568699107,29.496367209122123,26.819907172854975,2.6764598670764985,1.6919064867333478e-07,0.0,0
45.98,-0.6527329783022466,-0.6249119210654903,-0.11807300202632431,0.016699472937029513,0.0007000493677809634,0.02561945885432498,0.0,-0.0008772849331511352,0.6,0.6,1.7520699555937733,7,1.9579588568699107,29.496367209122123,26.819907172854975,2.6764598670764985,1.6919064867333478e-07,0.0,0
46.08,-0.663478337308389,-0.6437500273343778,-0.09274095835453341,0.01808764145615145,0.0008195342521904451,0.02772289020240835,0.0,-0.0008772849331511352,0.6,0.6,1.7729330611565222,7,1.9579588568699107,29.496367209122123,26.819907172854975,2.6764598670764985,1.6919064867333478e-07,0.0,0
46.179,-0.6660036114492168,-0.6159711698961056,-0.1087342337680113,0.0193270111756759,0.0007672108110229039,0.029801106674109443,0.0,-0.0008772849331511352,0.6,0.6,1.7553777457347928,7,1.9579588568699107,29.496367209122123,26.819907172854975,2.6764598670764985,1.6919064867333478e-07,0.0,0
46.262,-0.6538815145521039,-0.6073206011157254,-0.13239581684324153,0.020261819050425994,0.0008244116878580965,0.032015892758863906,0.0,-0.0008772849331511352,0.6,0.6,1.7406441010194802,7,1.9579588568699107,29.496367209122123,26.819907172854975,2.6764598670764985,1.6919064867333478e-07,0.0,0
46.262,-0.6538815145521039,-0.6073206011157254,-0.13239581684324153,0.020261819050425994,0.0008244116878580965,0.032015892758863906,0.0,-0.0008772849331511352,0.6,0.6,1.7406441010194802,7,1.9579588568699107,29.496367209122123,26.819907172854975,2.6764598670764985,1.6919064867333478e-07,0.0,0
46.449,-0.652123148007586,-0.6180097982743484,-0.08920909837113564,0.021339796164084674,0.0007618667146897247,0.03168999910320442,0.0,-0.0008772849331511352,0.6,0.6,1.746814313677543,7,1.9579588568699107,29.496367209122123,26.819907172854975,2.6764598670764985,1.6919064867333478e-07,0.0,0
46.579,-0.6648734550159684,-0.5977953463725355,-0.06247020451562777,0.02303597210388003,0.0009921148413690808,0.0369530085714167,0.0,-0.0008772849331511352,0.6,0.6,1.7420156569318588,7,1.9579588568699107,29.496367209122123,26.819907172854975,2.6764598670764985,1.6919064867333478e-07,0.0,0
46.64,-0.6596371468894222,-0.5914228773221447,-0.07442801061259952,0.023822453979471536,0.0010025763816821482,0.038565339542336353,0.0,-0.0008772849331511352,0.6,0.6,1.7338322336461223,7,1.9579588568699107,29.496367209122123,26.819907172854975,2.6764598670764985,1.6919064867333478e-07,0.0,0
46.64,-0.6596371468894222,-0.5914228773221447,-0.07442801061259952,0.023822453979471536,0.0010025763816821482,0.038565339542336353,0.0,-0.0008772849331511352,0.6,0.6,1.7338322336461223,7,1.9579588568699107,29.496367209122123,26.819907172854975,2.6764598670764985,1.6919064867333478e-07,0.0,0
46.848,-0.6761530818261796,-0.6150855568982093,-0.09452718890745337,0.024308184376551214,0.0009224874454771765,0.03835246939701185,0.0,-0.0008772849331511352,0.6,0.6,1.762100904839756,7,1.9579588568699107,29.496367209122123,26.819907172854975,2.6764598670764985,1.6919064867333478e-07,0.0,0
46.848,-0.6761530818261796,-0.6150855568982093,-0.09452718890745337,0.024308184376551214,0.0009224874454771765,0.03835246939701185,0.0,-0.0008772849331511352,0.6,0.6,1.762100904839756,7,1.9579588568699107,29.496367209122123,26.819907172854975,2.6764598670764985,1.6919064867333478e-07,0.0,0
47.082,-0.6617796101679357,-0.6025504266291655,-0.10758926985602536,0.02329603479843289,0.0009211879446249023,0.03640379201407997,0.0,-0.0008772849331511352,0.6,0.6,1.743047708245972,7,1.863051462660777,29.236439746427067,26.559979710159908,2.6764598670765096,1.6919064867333478e-07,0.0,0
47.18,-0.659996045138616,-0.6052132270810456,-0.1732171525387545,0.02457377305304603,0.0010077207092044345,0.03777442985217062,0.0,-0.0008772849331511352,0.6,0.6,1.7435965578355739,7,1.863051462660777,29.236439746427067,26.559979710159908,2.6764598670765096,1.6919064867333478e-07,0.0,0
47.279,-0.6372964912160398,-0.6141771541306155,-0.04930384389981755,0.024226616898781094,0.0012748576762682355,0.037305404522481905,0.0,-0.0008772849331511352,0.6,0.6,1.733530723347078,7,1.863051462660777,29.236439746427067,26.559979710159908,2.6764598670765096,1.6919064867333478e-07,0.0,0
47.383,-0.6350486278488525,-0.6205993090873504,-0.0741968373017095,0.025619550273709466,0.0012837429100743397,0.03997870410222775,0.0,-0.0008772849331511352,0.6,0.6,1.736435367785352,7,1.863051462660777,29.236439746427067,26.559979710159908,2.6764598670765096,1.6919064867333478e-07,0.0,0
47.481,-0.6307357845996937,-0.6183513036030237,-0.13561950904348463,0.027031960397098306,0.0013903946542131102,0.040904489301864785,0.0,-0.0008772849331511352,0.6,0.6,1.7317882291104219,7,1.863051462660777,29.236439746427067,26.559979710159908,2.6764598670765096,1.6919064867333478e-07,0.0,0
47.58,-0.6454991519306877,-0.627016828958993,-0.028069424620605642,0.027835239134446813,0.0012176115075231279,0.04354993682961953,0.0,-0.0008772849331511352,0.6,0.6,1.7483816619973582,7,1.863051462660777,29.236439746427067,26.559979710159908,2.6764598670765096,1.6919064867333478e-07,0.0,0
47.679,-0.6313403175843566,-0.5932275314613225,-0.08970085634838677,0.027275896963739724,0.0015614995872370264,0.04445877259656436,0.0,-0.0008772849331511352,0.6,0.6,1.7146401720320286,7,1.863051462660777,29.236439746427067,26.559979710159908,2.6764598670765096,1.6919064867333478e-07,0.0,0
47.781,-0.608247670246523,-0.6053529892111991,-0.01403456579238709,0.02758556452323526,0.0016615874450985214,0.044695985147913085,0.0,-0.0008772849331511352,0.6,0.6,1.706674620792295,7,1.863051462660777,29.236439746427067,26.559979710159908,2.6764598670765096,1.6919064867333478e-07,0.0,0
47.882,-0.6086392878688339,-0.601955720353214,-0.05472561816988604,0.02851804276044396,0.0018711132544605184,0.04660119783072998,0.0,-0.0008772849331511352,0.6,0.6,1.704554628596542,7,1.863051462660777,29.236439746427067,26.559979710159908,2.6764598670765096,1.6919064867333478e-07,0.0,0
47.985,-0.6110654467678632,-0.5972413680485475,-0.03828727262982215,0.0301425816829301,0.001829230471113659,0.04747092764975901,0.0,-0.0008772849331511352,0.6,0.6,1.7029581350467198,7,1.863051462660777,29.236439746427067,26.559979710159908,2.6764598670765096,1.6919064867333478e-07,0.0,0
48.079,-0.6289727565527706,-0.6008614044231049,-0.017531771948731113,0.031370215501027636,0.0018591149550452606,0.0503826295442204,0.0,-0.0008772849331511352,0.6,0.6,1.7182671937105556,7,1.863051462660777,29.236439746427067,26.559979710159908,2.6764598670765096,1.6919064867333478e-07,0.0,0
48.179,-0.5864273933538625,-0.5921615236816007,-9.772069126921802e-05,0.028154917903748952,0.002351994521885932,0.04585536379911374,0.0,-0.0008772849331511352,0.6,0.6,1.6819212402033803,7,1.863051462660777,29.236439746427067,26.559979710159908,2.6764598670765096,1.6919064867333478e-07,0.0,0
48.28,-0.5816147187175074,-0.6005486473098467,0.011088372543902806,0.02946994972396316,0.0023028549552145134,0.048667167958880556,0.0,-0.0008772849331511352,0.6,0.6,1.684497075701634,7,1.863051462660777,29.236439746427067,26.559979710159908,2.6764598670765096,1.6919064867333478e-07,0.0,0
48.384,-0.5316399114534791,-0.60610184931484,0.05292203610191316,0.029202494236525586,0.002861509959583732,0.047706349722825045,0.0,-0.0008772849331511352,0.6,0.6,1.6538713856026155,7,1.863051462660777,29.236439746427067,26.559979710159908,2.6764598670765096,1.6919064867333478e-07,0.0,0
48.48,-0.5537406300067048,-0.602004545292661,0.013413531846828565,0.02919232943714458,0.0027273300280036775,0.047734039900730614,0.0,-0.0008772849331511352,0.6,0.6,1.6661129518230402,7,1.863051462660777,29.236439746427067,26.559979710159908,2.6764598670765096,1.6919064867333478e-07,0.0,0
48.581,-0.5655571377770665,-0.5852132719332721,0.013325940653761439,0.03045945258179441,0.0028440042456256798,0.047990141832978096,0.0,-0.0008772849331511352,0.6,0.6,1.6623038053827102,7,1.863051462660777,29.236439746427067,26.559979710159908,2.6764598670765096,1.6919064867333478e-07,0.0,0
48.687,-0.5546735473813413,-0.5803938907472571,0.0587448553661445,0.031255289030647636,0.003059688069357359,0.0490349131805925,0.0,-0.0008772849331511352,0.6,0.6,1.6512421804010635,7,1.863051462660777,29.236439746427067,26.559979710159908,2.6764598670765096,1.6919064867333478e-07,0.0,0
48.78,-0.5044329878637724,-0.58867189033398,0.029532902355673473,0.02908475392642239,0.0035408716804771136,0.04886530149381847,0.0,-0.0008772849331511352,0.6,0.6,1.6225637391337997,7,1.863051462660777,29.236439746427067,26.559979710159908,2.6764598670765096,1.6919064867333478e-07,0.0,0
48.89,-0.5191260899461866,-0.5569164527837445,0.03484789693658799,0.028425937735449467,0.004142014326058188,0.04888134656066607,0.0,-0.0008772849331511352,0.6,0.6,1.6096269393620257,7,1.863051462660777,29.236439746427067,26.559979710159908,2.6764598670765096,1.6919064867333478e-07,0.0,0
48.979,-0.5281747156818678,-0.5723075493190762,0.019188710415747184,0.029583366498495956,0.003458110865048563,0.04638546904016621,0.0,-0.0008772849331511352,0.6,0.6,1.6269859185912954,7,1.863051462660777,29.236439746427067,26.559979710159908,2.6764598670765096,1.6919064867333478e-07,0.0,0
49.08,-0.5802616477304822,-0.5855825926404101,-0.03725910277636632,0.02693983167714841,0.002255075370950398,0.043323497719875495,0.0,-0.0008772849331511352,0.6,0.6,1.6729087366247537,7,1.863051462660777,29.236439746427067,26.559979710159908,2.6764598670765096,1.6919064867333478e-07,0.0,0
49.181,-0.5770474946046117,-0.5915153805474717,0.04575029286603563,0.0266996826770937,0.0024777116854155074,0.04318230058685485,0.0,-0.0008772849331511352,0.6,0.6,1.6748581153746067,7,1.863051462660777,29.236439746427067,26.559979710159908,2.6764598670765096,1.6919064867333478e-07,0.0,0
49.28,-0.5601879837844375,-0.6203929877889444,-0.016760002390732737,0.027946683117804617,0.0024986153925883915,0.04420925010080705,0.0,-0.0008772849331511352,0.6,0.6,1.6838631780409667,7,1.863051462660777,29.236439746427067,26.559979710159908,2.6764598670765096,1.6919064867333478e-07,0.0,0
49.38,-0.5962954453582535,-0.6221170626101981,-0.03794886459124533,0.02889742489362766,0.0020838752563538763,0.044260522341930376,0.0,-0.0008772849331511352,0.6,0.6,1.7101733559226915,7,1.863051462660777,29.236439746427067,26.559979710159908,2.6764598670765096,1.6919064867333478e-07,0.0,0
49.479,-0.5994322364166645,-0.5901403997694623,-0.03352017681149731,0.0294177333129888,0.0020914546843517567,0.04831907415342485,0.0,-0.0008772849331511352,0.6,0.6,1.689695789460013,7,1.863051462660777,29.236439746427067,26.559979710159908,2.6764598670765096,1.6919064867333478e-07,0.0,0
49.58,-0.5856759658415063,-0.5825268614410685,-0.04750696063708452,0.03047343886802286,0.0022257952238519813,0.050295928963856526,0.0,-0.0008772849331511352,0.6,0.6,1.6745737589022027,7,1.863051462660777,29.236439746427067,26.559979710159908,2.6764598670765096,1.6919064867333478e-07,0.0,0
49.679,-0.5951086389040705,-0.5978338579475012,-0.0418113922902716,0.027544826346742775,0.001631233619851934,0.04354056372546031,0.0,-0.0008772849331511352,0.6,0.6,1.6920669638133516,7,1.863051462660777,29.236439746427067,26.559979710159908,2.6764598670765096,1.6919064867333478e-07,0.0,0
49.78,-0.5649643084087053,-0.5882891699501863,0.06660240118758481,0.022895722330698996,0.0020182890845657536,0.038976654226913016,0.0,-0.0008772849331511352,0.6,0.6,1.6640832284735867,7,1.863051462660777,29.236439746427067,26.559979710159908,2.6764598670765096,1.6919064867333478e-07,0.0,0
49.879,-0.5408724526076721,-0.566765649924694,-0.018483235582279704,0.022874474200068537,0.002698235968038354,0.03788472144184105,0.0,-0.0008772849331511352,0.6,0.6,1.631849268456875,7,1.863051462660777,29.236439746427067,26.559979710159908,2.6764598670765096,1.6919064867333478e-07,0.0,0
49.999,-0.5501044906312629,-0.5780504796343462,0.03638565630564003,0.02419316002799716,0.002792398604576836,0.04120969957125854,0.0,-0.0008772849331511352,0.6,0.6,1.6463727621462005,7,1.863051462660777,29.236439746427067,26.559979710159908,2.6764598670765096,1.6919064867333478e-07,0.0,0
50.08,-0.5373973819592585,-0.5866982373485919,0.07754114459963235,0.024980419803828723,0.0029612849202674675,0.04058481158752467,0.0,-0.0008772849331511352,0.6,0.6,1.643753482434039,7,1.863051462660777,29.236439746427067,26.559979710159908,2.6764598670765096,1.6919064867333478e-07,0.0,0
50.179,-0.5161087974399142,-0.584768281864064,0.07930312790099812,0.02402660630429373,0.0035714396531334367,0.041489102439247555,0.0,-0.0008772849331511352,0.6,0.6,1.6276899979522814,7,1.863051462660777,29.236439746427067,26.559979710159908,2.6764598670765096,1.6919064867333478e-07,0.0,0
50.279,-0.5104337256124479,-0.5797914828431459,0.13865443040593345,0.025310910944164936,0.00374122514507756,0.04211944766941795,0.0,-0.0008772849331511352,0.6,0.6,1.6201762255899108,7,1.863051462660777,29.236439746427067,26.559979710159908,2.6764598670765096,1.6919064867333478e-07,0.0,0
50.381,-0.5292543830461255,-0.5712887647291306,0.0777781974420062,0.026139006285298992,0.0034421898502018772,0.04388931354379333,0.0,-0.0008772849331511352,0.6,0.6,1.6270011776300526,7,1.863051462660777,29.236439746427067,26.559979710159908,2.6764598670765096,1.6919064867333478e-07,0.0,0
50.486,-0.583705739518819,-0.6260910335558857,0.05550533552144089,0.02629522428970484,0.0026294137561566474,0.042301192058310184,0.0,-0.0008772849331511352,0.6,0.6,1.7042471946099644,7,1.863051462660777,29.236439746427067,26.559979710159908,2.6764598670765096,1.6919064867333478e-07,0.0,0
50.58,-0.5402739579670598,-0.5499562180500945,0.03804383896002843,0.023223073794472512,0.0027478413952640823,0.03889925711876194,0.0,-0.0008772849331511352,0.6,0.6,1.6194517599020788,7,1.863051462660777,29.236439746427067,26.559979710159908,2.6764598670765096,1.6919064867333478e-07,0.0,0
50.679,-0.5228789004852129,-0.585455760435957,0.06011247020090681,0.023859340330212468,0.003180633696097789,0.03981670458959111,0.0,-0.0008772849331511352,0.6,0.6,1.6328387504912032,7,1.863051462660777,29.236439746427067,26.559979710159908,2.6764598670765096,1.6919064867333478e-07,0.0,0
50.779,-0.5274144375077885,-0.5864037335402815,0.024978022314304155,0.02504922767974392,0.003123413809287051,0.043017505276897954,0.0,-0.0008772849331511352,0.6,0.6,1.636648139600972,7,1.863051462660777,29.236439746427067,26.559979710159908,2.6764598670765096,1.6919064867333478e-07,0.0,0
50.879,-0.5196400662050998,-0.568977902417428,0.02686646360389222,0.026096001537137092,0.0034725590051788635,0.04457608981237116,0.0,-0.0008772849331511352,0.6,0.6,1.618673288280254,7,1.863051462660777,29.236439746427067,26.559979710159908,2.6764598670765096,1.6919064867333478e-07,0.0,0
50.983,-0.5193072924745992,-0.5759275132879065,0.12960628824156709,0.02734964426698222,0.003755191185341598,0.044885986278474205,0.0,-0.0008772849331511352,0.6,0.6,1.6234698431120602,7,1.863051462660777,29.236439746427067,26.559979710159908,2.6764598670765096,1.6919064867333478e-07,0.0,0
51.079,-0.5050217923238958,-0.5795450385593518,0.13357035342865478,0.02816883519759475,0.0039714330868075316,0.04801622041456817,0.0,-0.0008772849331511352,0.6,0.6,1.616291947483714,7,1.863051462660777,29.236439746427067,26.559979710159908,2.6764598670765096,1.6919064867333478e-07,0.0,0
51.18,-0.48294805045707767,-0.584181659461939,0.10332815069973231,0.02873865581009383,0.004650705054361418,0.048059166948676575,0.0,-0.0008772849331511352,0.6,0.6,1.6047001846434794,7,1.863051462660777,29.236439746427067,26.559979710159908,2.6764598670765096,1.6919064867333478e-07,0.0,0
51.283,-0.4944271627853935,-0.5571528832130659,0.13564521149662154,0.02914067173035035,0.004876857318993028,0.050943358776967214,0.0,-0.0008772849331511352,0.6,0.6,1.592725214772089,7,1.863051462660777,29.236439746427067,26.559979710159908,2.6764598670765096,1.6919064867333478e-07,0.0,0
51.379,-0.511034055564565,-0.5679296567228193,0.08048275785238236,0.029873887351744975,0.004313861957217761,0.04923480828022445,0.0,-0.0008772849331511352,0.6,0.6,1.6119728148070387,7,1.863051462660777,29.236439746427067,26.559979710159908,2.6764598670765096,1.6919064867333478e-07,0.0,0
