stamp,x,y,yaw,cov_x,cov_y,cov_yaw,cmd_v,cmd_w,goal_x,goal_y,goal_dist,plan_points,plan_length,efe_total,efe_risk,efe_ambiguity,efe_control,efe_boundary,seed
5.949,4.068320364047549e-12,-1.67196514108263e-23,-4.891723814600329e-12,1e-12,1e-12,1e-12,0.0,0.0,0.0,0.0,0.0,0,0.0,0.0,0.0,0.0,0.0,0.0,0
6.189,4.068321165155999e-12,-1.6719655329627623e-23,-4.8917239656045736e-12,1e-12,1e-12,1e-12,0.0,0.0,0.0,0.0,0.0,0,0.0,0.0,0.0,0.0,0.0,0.0,0
6.269,4.068321172629998e-12,-1.6719655366188394e-23,-4.891723988230513e-12,1e-12,1e-12,1e-12,0.0,0.0,0.0,0.0,0.0,0,0.0,0.0,0.0,0.0,0.0,0.0,0
6.369,4.068321178640179e-12,-1.6719655395588537e-23,-4.89172401568319e-12,1e-12,1e-12,1e-12,0.0,0.0,0.0,0.0,0.0,0,0.0,0.0,0.0,0.0,0.0,0.0,0
6.469,4.068321182555975e-12,-1.6719655414743517e-23,-4.891724015022816e-12,1e-12,1e-12,1e-12,0.0,0.0,0.0,0.0,0.0,0,0.0,0.0,0.0,0.0,0.0,0.0,0
6.589,4.068321180831758e-12,-1.6719655406309128e-23,-4.891724021496961e-12,1e-12,1e-12,1e-12,0.0,0.0,0.0,0.0,0.0,0,0.0,0.0,0.0,0.0,0.0,0.0,0
6.689,4.068321178886003e-12,-1.6719655396791035e-23,-4.891724038321745e-12,1e-12,1e-12,1e-12,0.0,0.0,0.0,0.0,0.0,0,0.0,0.0,0.0,0.0,0.0,0.0,0
6.789,4.0683211769047284e-12,-1.6719655387099202e-23,-4.891724018948721e-12,1e-12,1e-12,1e-12,0.0,0.0,0.0,0.0,0.0,0,0.0,0.0,0.0,0.0,0.0,0.0,0
6.889,4.068321181025608e-12,-1.671965540725739e-23,-4.891724019397631e-12,1e-12,1e-12,1e-12,0.0,0.0,0.0,0.0,0.0,0,0.0,0.0,0.0,0.0,0.0,0.0,0
6.989,4.068321182135351e-12,-1.6719655412685935e-23,-4.891724026894809e-12,1e-12,1e-12,1e-12,0.0,0.0,0.0,0.0,0.0,0,0.0,0.0,0.0,0.0,0.0,0.0,0
7.089,4.068321183441236e-12,-1.6719655419073953e-23,-4.891724006300281e-12,1e-12,1e-12,1e-12,0.0,0.0,0.0,0.0,0.0,0,0.0,0.0,0.0,0.0,0.0,0.0,0
7.189,4.068321182354847e-12,-1.6719655413759652e-23,-4.891724023092673e-12,1e-12,1e-12,1e-12,0.0,0.0,0.0,0.0,0.0,0,0.0,0.0,0.0,0.0,0.0,0.0,0
7.289,4.068321183533107e-12,-1.6719655419523374e-23,-4.891724033412617e-12,1e-12,1e-12,1e-12,0.0,0.0,0.0,0.0,0.0,0,0.0,0.0,0.0,0.0,0.0,0.0,0
7.389,4.068321183099146e-12,-1.671965541740056e-23,-4.891724043090403e-12,1e-12,1e-12,1e-12,0.0,0.0,0.0,0.0,0.0,0,0.0,0.0,0.0,0.0,0.0,0.0,0
7.489,4.068321183275189e-12,-1.671965541826171e-23,-4.891724057865326e-12,1e-12,1e-12,1e-12,0.0,0.0,0.0,0.0,0.0,0,0.0,0.0,0.0,0.0,0.0,0.0,0
7.589,4.068321178572287e-12,-1.6719655395256416e-23,-4.891724034082025e-12,1e-12,1e-12,1e-12,0.0,0.0,0.0,0.0,0.0,0,0.0,0.0,0.0,0.0,0.0,0.0,0
7.689,4.068321172879755e-12,-1.671965536741011e-23,-4.891723967008516e-12,1e-12,1e-12,1e-12,0.0,0.0,0.0,0.0,0.0,0,0.0,0.0,0.0,0.0,0.0,0.0,0
7.789,4.0683211692714476e-12,-1.6719655349759262e-23,-4.891723926798707e-12,1e-12,1e-12,1e-12,0.0,0.0,3.0,3.0,4.242640687116409,0,0.0,0.0,0.0,0.0,0.0,0.0,0
7.869,4.068321166232258e-12,-1.6719655334892388e-23,-4.8917238903965546e-12,1e-12,1e-12,1e-12,0.0,0.0,3.0,3.0,4.242640687116409,0,0.0,0.0,0.0,0.0,0.0,0.0,0
7.969,4.068321163841524e-12,-1.671965532319757e-23,-4.891723836425188e-12,1e-12,1e-12,1e-12,0.0,0.0,3.0,3.0,4.242640687116409,0,0.0,0.0,0.0,0.0,0.0,0.0,0
8.069,4.068321161663076e-12,-1.6719655312541213e-23,-4.891723819025912e-12,1e-12,1e-12,1e-12,0.0,0.0,3.0,3.0,4.242640687116409,0,0.0,0.0,0.0,0.0,0.0,0.0,0
8.169,4.068321160449917e-12,-1.671965530660678e-23,-4.891723776241773e-12,1e-12,1e-12,1e-12,0.0,0.0,3.0,3.0,4.242640687116409,0,0.0,0.0,0.0,0.0,0.0,0.0,0
8.269,4.068321157342744e-12,-1.671965529140732e-23,-4.891723736079647e-12,1e-12,1e-12,1e-12,0.0,0.0,3.0,3.0,4.242640687116409,0,0.0,0.0,0.0,0.0,0.0,0.0,0
8.369,4.068321153518544e-12,-1.6719655272700397e-23,-4.891723691906809e-12,1e-12,1e-12,1e-12,0.0,0.0,3.0,3.0,4.242640687116409,0,0.0,0.0,0.0,0.0,0.0,0.0,0
8.469,4.068321150688457e-12,-1.671965525885638e-23,-4.891723672507054e-12,1e-12,1e-12,1e-12,0.0,0.0,3.0,3.0,4.242640687116409,0,0.0,0.0,0.0,0.0,0.0,0.0,0
8.569,4.068321149080429e-12,-1.6719655250990327e-23,-4.891723620404482e-12,1e-12,1e-12,1e-12,0.0,0.0,3.0,3.0,4.242640687116409,0,0.0,0.0,0.0,0.0,0.0,0.0,0
8.669,4.068321146671443e-12,-1.6719655239206243e-23,-4.891723571181232e-12,1e-12,1e-12,1e-12,0.0,0.0,3.0,3.0,4.242640687116409,0,0.0,0.0,0.0,0.0,0.0,0.0,0
8.769,4.068321144274731e-12,-1.6719655227482198e-23,-4.891723504161865e-12,1e-12,1e-12,1e-12,0.0,0.0,3.0,3.0,4.242640687116409,0,0.0,0.0,0.0,0.0,0.0,0.0,0
8.869,4.068321142983875e-12,-1.6719655221167653e-23,-4.891723461394144e-12,1e-12,1e-12,1e-12,0.0,0.0,3.0,3.0,4.242640687116409,0,0.0,0.0,0.0,0.0,0.0,0.0,0
8.969,4.068321140653393e-12,-1.67196552097676e-23,-4.891723395464369e-12,1e-12,1e-12,1e-12,0.0,0.0,3.0,3.0,4.242640687116409,0,0.0,0.0,0.0,0.0,0.0,0.0,0
9.069,4.068321136684435e-12,-1.671965519035256e-23,-4.8917233547486815e-12,1e-12,1e-12,1e-12,0.0,0.0,3.0,3.0,4.242640687116409,0,0.0,0.0,0.0,0.0,0.0,0.0,0
9.169,4.068321134857067e-12,-1.671965518141359e-23,-4.89172331908666e-12,1e-12,1e-12,1e-12,0.0,0.0,3.0,3.0,4.242640687116409,0,0.0,0.0,0.0,0.0,0.0,0.0,0
9.269,4.068321132092889e-12,-1.6719655167891993e-23,-4.89172327785469e-12,1e-12,1e-12,1e-12,0.0,0.0,3.0,3.0,4.242640687116409,0,0.0,0.0,0.0,0.0,0.0,0.0,0
9.389,4.068321127493172e-12,-1.6719655145391426e-23,-4.891723229966612e-12,1e-12,1e-12,1e-12,0.0,0.0,3.0,3.0,4.242640687116409,0,0.0,0.0,0.0,0.0,0.0,0.0,0
9.469,4.068321125873019e-12,-1.6719655137466076e-23,-4.891723164035274e-12,1e-12,1e-12,1e-12,0.0,0.0,3.0,3.0,4.242640687116409,0,0.0,0.0,0.0,0.0,0.0,0.0,0
9.589,4.068321123090691e-12,-1.6719655123855697e-23,-4.891723123649748e-12,1e-12,1e-12,1e-12,0.0,0.0,3.0,3.0,4.242640687116409,0,0.0,0.0,0.0,0.0,0.0,0.0,0
9.689,4.068321120806079e-12,-1.6719655112679993e-23,-4.891723057082838e-12,1e-12,1e-12,1e-12,0.0,0.0,3.0,3.0,4.242640687116409,0,0.0,0.0,0.0,0.0,0.0,0.0,0
9.749,4.068321120452423e-12,-1.6719655110949994e-23,-4.891723033275773e-12,1e-12,1e-12,1e-12,0.0,0.0,3.0,3.0,4.242640687116409,0,0.0,0.0,0.0,0.0,0.0,0.0,0
9.849,4.068321117650428e-12,-1.6719655097243377e-23,-4.891722981072012e-12,1e-12,1e-12,1e-12,0.0,0.0,3.0,3.0,4.242640687116409,0,0.0,0.0,0.0,0.0,0.0,0.0,0
9.969,4.068321113210173e-12,-1.6719655075522863e-23,-4.8917229366432244e-12,1e-12,1e-12,1e-12,0.0,0.0,3.0,3.0,4.242640687116409,0,0.0,0.0,0.0,0.0,0.0,0.0,0
10.089,4.0683211106621695e-12,-1.6719655063058732e-23,-4.891722880373338e-12,1e-12,1e-12,1e-12,0.0,0.0,3.0,3.0,4.242640687116409,0,0.0,0.0,0.0,0.0,0.0,0.0,0
10.189,4.0683211071324396e-12,-1.6719655045792225e-23,-4.891722855874107e-12,1e-12,1e-12,1e-12,0.0,0.0,3.0,3.0,4.242640687116409,0,0.0,0.0,0.0,0.0,0.0,0.0,0
10.289,4.068321104288742e-12,-1.671965503188169e-23,-4.891722801955293e-12,1e-12,1e-12,1e-12,0.0,0.0,3.0,3.0,4.242640687116409,0,0.0,0.0,0.0,0.0,0.0,0.0,0
10.389,4.068321099427733e-12,-1.6719655008102996e-23,-4.8917227761152354e-12,1e-12,1e-12,1e-12,0.0,0.0,3.0,3.0,4.242640687116409,0,0.0,0.0,0.0,0.0,0.0,0.0,0
10.489,4.068321098255507e-12,-1.6719655002368796e-23,-4.891722724481271e-12,1e-12,1e-12,1e-12,0.0,0.0,3.0,3.0,4.242640687116409,0,0.0,0.0,0.0,0.0,0.0,0.0,0
10.589,4.068321094077636e-12,-1.6719654981931825e-23,-4.891722696401638e-12,1e-12,1e-12,1e-12,0.0,0.0,3.0,3.0,4.242640687116409,0,0.0,0.0,0.0,0.0,0.0,0.0,0
10.689,4.068321090654721e-12,-1.6719654965187875e-23,-4.89172265104713e-12,1e-12,1e-12,1e-12,0.0,0.0,3.0,3.0,4.242640687116409,0,0.0,0.0,0.0,0.0,0.0,0.0,0
10.789,4.0683210855835235e-12,-1.671965494038095e-23,-4.891722626237059e-12,1e-12,1e-12,1e-12,0.0,0.0,3.0,3.0,4.242640687116409,0,0.0,0.0,0.0,0.0,0.0,0.0,0
10.889,4.0683210833168644e-12,-1.671965492929311e-23,-4.891722555032222e-12,1e-12,1e-12,1e-12,0.0,0.0,3.0,3.0,4.242640687116409,0,0.0,0.0,0.0,0.0,0.0,0.0,0
10.989,4.068321082326045e-12,-1.6719654924446298e-23,-4.891722516219677e-12,1e-12,1e-12,1e-12,0.0,0.0,3.0,3.0,4.242640687116409,0,0.0,0.0,0.0,0.0,0.0,0.0,0
11.089,4.068321081520773e-12,-1.6719654920507135e-23,-4.891722464502954e-12,1e-12,1e-12,1e-12,0.0,0.0,3.0,3.0,4.242640687116409,0,0.0,0.0,0.0,0.0,0.0,0.0,0
11.169,4.0683210796689745e-12,-1.6719654911448666e-23,-4.891722426677047e-12,1e-12,1e-12,1e-12,0.0,0.0,3.0,3.0,4.242640687116409,0,0.0,0.0,0.0,0.0,0.0,0.0,0
11.269,4.0683210785980995e-12,-1.671965490621024e-23,-4.891722375903837e-12,1e-12,1e-12,1e-12,0.0,0.0,3.0,3.0,4.242640687116409,0,0.0,0.0,0.0,0.0,0.0,0.0,0
11.369,4.06832107731884e-12,-1.671965489995244e-23,-4.891722334601998e-12,1e-12,1e-12,1e-12,0.0,0.0,3.0,3.0,4.242640687116409,0,0.0,0.0,0.0,0.0,0.0,0.0,0
11.469,4.0683210750376185e-12,-1.671965488879333e-23,-4.891722295645074e-12,1e-12,1e-12,1e-12,0.0,0.0,3.0,3.0,4.242640687116409,0,0.0,0.0,0.0,0.0,0.0,0.0,0
11.569,4.0683210746546234e-12,-1.6719654886919802e-23,-4.891722258177111e-12,1e-12,1e-12,1e-12,0.0,0.0,3.0,3.0,4.242640687116409,0,0.0,0.0,0.0,0.0,0.0,0.0,0
11.669,4.068321072481318e-12,-1.6719654876288617e-23,-4.8917222157315884e-12,1e-12,1e-12,1e-12,0.0,0.0,3.0,3.0,4.242640687116409,0,0.0,0.0,0.0,0.0,0.0,0.0,0
11.769,4.068321070396126e-12,-1.6719654866088452e-23,-4.891722186346876e-12,1e-12,1e-12,1e-12,0.0,0.0,3.0,3.0,4.242640687116409,0,0.0,0.0,0.0,0.0,0.0,0.0,0
11.869,4.0683210671647736e-12,-1.6719654850281595e-23,-4.891722142561471e-12,1e-12,1e-12,1e-12,0.0,0.0,3.0,3.0,4.242640687116409,0,0.0,0.0,0.0,0.0,0.0,0.0,0
11.969,4.068321064990375e-12,-1.671965483964506e-23,-4.891722106824955e-12,1e-12,1e-12,1e-12,0.0,0.0,3.0,3.0,4.242640687116409,0,0.0,0.0,0.0,0.0,0.0,0.0,0
12.069,4.068321062142865e-12,-1.6719654825715823e-23,-4.891722031401348e-12,1e-12,1e-12,1e-12,0.0,0.0,3.0,3.0,4.242640687116409,0,0.0,0.0,0.0,0.0,0.0,0.0,0
12.169,4.068321059075143e-12,-1.6719654810709394e-23,-4.891721982363895e-12,1e-12,1e-12,1e-12,0.0,0.0,3.0,3.0,4.242640687116409,0,0.0,0.0,0.0,0.0,0.0,0.0,0
12.269,4.068321057282042e-12,-1.6719654801938038e-23,-4.8917219253854896e-12,1e-12,1e-12,1e-12,0.0,0.0,3.0,3.0,4.242640687116409,0,0.0,0.0,0.0,0.0,0.0,0.0,0
12.369,4.068321053336947e-12,-1.6719654782639726e-23,-4.891721884944317e-12,1e-12,1e-12,1e-12,0.0,0.0,3.0,3.0,4.242640687116409,0,0.0,0.0,0.0,0.0,0.0,0.0,0
12.469,4.068321052158667e-12,-1.6719654776875896e-23,-4.891721811969983e-12,1e-12,1e-12,1e-12,0.0,0.0,3.0,3.0,4.242640687116409,0,0.0,0.0,0.0,0.0,0.0,0.0,0
12.569,4.068321048983904e-12,-1.6719654761345852e-23,-4.891721760861596e-12,1e-12,1e-12,1e-12,0.0,0.0,3.0,3.0,4.242640687116409,0,0.0,0.0,0.0,0.0,0.0,0.0,0
12.669,4.06832104531254e-12,-1.671965474338655e-23,-4.891721702554783e-12,1e-12,1e-12,1e-12,0.0,0.0,3.0,3.0,4.242640687116409,0,0.0,0.0,0.0,0.0,0.0,0.0,0
12.769,4.068321041086996e-12,-1.6719654722716342e-23,-4.891721632427335e-12,1e-12,1e-12,1e-12,0.0,0.0,3.0,3.0,4.242640687116409,0,0.0,0.0,0.0,0.0,0.0,0.0,0
12.869,4.068321038642016e-12,-1.6719654710756172e-23,-4.891721603364952e-12,1e-12,1e-12,1e-12,0.0,0.0,3.0,3.0,4.242640687116409,0,0.0,0.0,0.0,0.0,0.0,0.0,0
12.969,4.068321036473773e-12,-1.6719654700149728e-23,-4.891721534993912e-12,1e-12,1e-12,1e-12,0.0,0.0,3.0,3.0,4.242640687116409,0,0.0,0.0,0.0,0.0,0.0,0.0,0
13.089,4.06832103182496e-12,-1.6719654677409037e-23,-4.891721455326646e-12,1e-12,1e-12,1e-12,0.0,0.0,3.0,3.0,4.242640687116409,0,0.0,0.0,0.0,0.0,0.0,0.0,0
13.169,4.068321028591164e-12,-1.6719654661590183e-23,-4.891721391584134e-12,1e-12,1e-12,1e-12,0.0,0.0,3.0,3.0,4.242640687116409,0,0.0,0.0,0.0,0.0,0.0,0.0,0
13.289,4.068321027158568e-12,-1.671965465458232e-23,-4.891721309720714e-12,1e-12,1e-12,1e-12,0.0,0.0,3.0,3.0,4.242640687116409,0,0.0,0.0,0.0,0.0,0.0,0.0,0
13.389,4.068321023072347e-12,-1.6719654634593677e-23,-4.891721261807842e-12,1e-12,1e-12,1e-12,0.0,0.0,3.0,3.0,4.242640687116409,0,0.0,0.0,0.0,0.0,0.0,0.0,0
13.489,4.068321020226292e-12,-1.671965462067158e-23,-4.891721224311226e-12,1e-12,1e-12,1e-12,0.0,0.0,3.0,3.0,4.242640687116409,0,0.0,0.0,0.0,0.0,0.0,0.0,0
13.589,4.0683210182883086e-12,-1.6719654611191513e-23,-4.891721137163962e-12,1e-12,1e-12,1e-12,0.0,0.0,3.0,3.0,4.242640687116409,0,0.0,0.0,0.0,0.0,0.0,0.0,0
13.689,4.068321014656793e-12,-1.6719654593427122e-23,-4.891721083304603e-12,1e-12,1e-12,1e-12,0.0,0.0,3.0,3.0,4.242640687116409,0,0.0,0.0,0.0,0.0,0.0,0.0,0
13.789,4.068321014122271e-12,-1.671965459081239e-23,-4.891721015966407e-12,1e-12,1e-12,1e-12,0.0,0.0,3.0,3.0,4.242640687116409,0,0.0,0.0,0.0,0.0,0.0,0.0,0
13.889,4.068321011106471e-12,-1.671965457605995e-23,-4.891720948583024e-12,1e-12,1e-12,1e-12,0.0,0.0,3.0,3.0,4.242640687116409,0,0.0,0.0,0.0,0.0,0.0,0.0,0
13.989,4.068321008328207e-12,-1.671965456246946e-23,-4.891720885310656e-12,1e-12,1e-12,1e-12,0.0,0.0,3.0,3.0,4.242640687116409,0,0.0,0.0,0.0,0.0,0.0,0.0,0
14.089,4.068321005111967e-12,-1.6719654546736492e-23,-4.8917208338623785e-12,1e-12,1e-12,1e-12,0.0,0.0,3.0,3.0,4.242640687116409,0,0.0,0.0,0.0,0.0,0.0,0.0,0
14.189,4.068321003264037e-12,-1.671965453769694e-23,-4.8917207734506375e-12,1e-12,1e-12,1e-12,0.0,0.0,3.0,3.0,4.242640687116409,0,0.0,0.0,0.0,0.0,0.0,0.0,0
14.289,4.068320999926078e-12,-1.6719654521368595e-23,-4.891720708488855e-12,1e-12,1e-12,1e-12,0.0,0.0,3.0,3.0,4.242640687116409,0,0.0,0.0,0.0,0.0,0.0,0.0,0
14.369,4.068320998031383e-12,-1.6719654512100263e-23,-4.8917206662334454e-12,1e-12,1e-12,1e-12,0.0,0.0,3.0,3.0,4.242640687116409,0,0.0,0.0,0.0,0.0,0.0,0.0,0
14.469,4.0683209941510725e-12,-1.6719654493118868e-23,-4.891720601321046e-12,1e-12,1e-12,1e-12,0.0,0.0,3.0,3.0,4.242640687116409,0,0.0,0.0,0.0,0.0,0.0,0.0,0
14.569,4.068320988990512e-12,-1.6719654467874862e-23,-4.891720544689434e-12,1e-12,1e-12,1e-12,0.0,0.0,3.0,3.0,4.242640687116409,0,0.0,0.0,0.0,0.0,0.0,0.0,0
14.669,4.0683209883207255e-12,-1.6719654464598463e-23,-4.891720516704423e-12,1e-12,1e-12,1e-12,0.0,0.0,3.0,3.0,4.242640687116409,0,0.0,0.0,0.0,0.0,0.0,0.0,0
14.769,4.0683209836920005e-12,-1.6719654441956035e-23,-4.891720469503462e-12,1e-12,1e-12,1e-12,0.0,0.0,3.0,3.0,4.242640687116409,0,0.0,0.0,0.0,0.0,0.0,0.0,0
14.869,4.068320982100191e-12,-1.671965443416935e-23,-4.891720400061177e-12,1e-12,1e-12,1e-12,0.0,0.0,3.0,3.0,4.242640687116409,0,0.0,0.0,0.0,0.0,0.0,0.0,0
14.969,4.068320980994019e-12,-1.6719654428758278e-23,-4.8917203692416435e-12,1e-12,1e-12,1e-12,0.0,0.0,3.0,3.0,4.242640687116409,0,0.0,0.0,0.0,0.0,0.0,0.0,0
15.069,4.068320976034884e-12,-1.6719654404499562e-23,-4.89172033621898e-12,1e-12,1e-12,1e-12,0.0,0.0,3.0,3.0,4.242640687116409,0,0.0,0.0,0.0,0.0,0.0,0.0,0
15.169,4.0683209712196145e-12,-1.6719654380944595e-23,-4.8917202972313294e-12,1e-12,1e-12,1e-12,0.0,0.0,3.0,3.0,4.242640687116409,0,0.0,0.0,0.0,0.0,0.0,0.0,0
15.269,4.0683209695109574e-12,-1.6719654372586325e-23,-4.89172028219384e-12,1e-12,1e-12,1e-12,0.0,0.0,3.0,3.0,4.242640687116409,0,0.0,0.0,0.0,0.0,0.0,0.0,0
15.369,4.068320966799535e-12,-1.671965435932282e-23,-4.891720229380377e-12,1e-12,1e-12,1e-12,0.0,0.0,3.0,3.0,4.242640687116409,0,0.0,0.0,0.0,0.0,0.0,0.0,0
15.469,4.068320965498788e-12,-1.671965435295996e-23,-4.891720180363598e-12,1e-12,1e-12,1e-12,0.0,0.0,3.0,3.0,4.242640687116409,0,0.0,0.0,0.0,0.0,0.0,0.0,0
15.569,4.068320961616907e-12,-1.6719654333970895e-23,-4.8917201296187235e-12,1e-12,1e-12,1e-12,0.0,0.0,3.0,3.0,4.242640687116409,0,0.0,0.0,0.0,0.0,0.0,0.0,0
15.669,4.0683209554879834e-12,-1.671965430398991e-23,-4.891720067519155e-12,1e-12,1e-12,1e-12,0.0,0.0,3.0,3.0,4.242640687116409,0,0.0,0.0,0.0,0.0,0.0,0.0,0
15.769,4.0683209538163855e-12,-1.6719654295812923e-23,-4.891720012025191e-12,1e-12,1e-12,1e-12,0.0,0.0,3.0,3.0,4.242640687116409,0,0.0,0.0,0.0,0.0,0.0,0.0,0
15.869,4.068320949730266e-12,-1.6719654275824738e-23,-4.89171996713707e-12,1e-12,1e-12,1e-12,0.0,0.0,3.0,3.0,4.242640687116409,0,0.0,0.0,0.0,0.0,0.0,0.0,0
15.969,4.06832094784789e-12,-1.6719654266616685e-23,-4.891719905446414e-12,1e-12,1e-12,1e-12,0.0,0.0,3.0,3.0,4.242640687116409,0,0.0,0.0,0.0,0.0,0.0,0.0,0
16.069,4.068320946062254e-12,-1.6719654257881862e-23,-4.8917198923320975e-12,1e-12,1e-12,1e-12,0.0,0.0,3.0,3.0,4.242640687116409,0,0.0,0.0,0.0,0.0,0.0,0.0,0
16.169,4.068320942496789e-12,-1.6719654240440635e-23,-4.891719838213523e-12,1e-12,1e-12,1e-12,0.0,0.0,3.0,3.0,4.242640687116409,0,0.0,0.0,0.0,0.0,0.0,0.0,0
16.269,4.068320937799897e-12,-1.6719654217464758e-23,-4.891719785778477e-12,1e-12,1e-12,1e-12,0.0,0.0,3.0,3.0,4.242640687116409,0,0.0,0.0,0.0,0.0,0.0,0.0,0
16.389,4.068320934710982e-12,-1.6719654202354654e-23,-4.89171972301384e-12,1e-12,1e-12,1e-12,0.0,0.0,3.0,3.0,4.242640687116409,0,0.0,0.0,0.0,0.0,0.0,0.0,0
16.449,4.0683209337659475e-12,-1.6719654197731834e-23,-4.89171968582423e-12,1e-12,1e-12,1e-12,0.0,0.0,3.0,3.0,4.242640687116409,0,0.0,0.0,0.0,0.0,0.0,0.0,0
16.589,4.0683209320916435e-12,-1.671965418954158e-23,-4.891719629821702e-12,1e-12,1e-12,1e-12,0.0,0.0,3.0,3.0,4.242640687116409,0,0.0,0.0,0.0,0.0,0.0,0.0,0
16.689,4.0683209268219294e-12,-1.6719654163763592e-23,-4.891719561077483e-12,1e-12,1e-12,1e-12,0.0,0.0,3.0,3.0,4.242640687116409,0,0.0,0.0,0.0,0.0,0.0,0.0,0
16.789,4.068320924959909e-12,-1.671965415465512e-23,-4.8917195026112826e-12,1e-12,1e-12,1e-12,0.0,0.0,3.0,3.0,4.242640687116409,0,0.0,0.0,0.0,0.0,0.0,0.0,0
16.889,4.068320920611103e-12,-1.6719654133381997e-23,-4.891719465322008e-12,1e-12,1e-12,1e-12,0.0,0.0,3.0,3.0,4.242640687116409,0,0.0,0.0,0.0,0.0,0.0,0.0,0
16.989,4.0683209188896195e-12,-1.6719654124960993e-23,-4.891719399565833e-12,1e-12,1e-12,1e-12,0.0,0.0,3.0,3.0,4.242640687116409,0,0.0,0.0,0.0,0.0,0.0,0.0,0
17.089,4.068320916679666e-12,-1.6719654114150512e-23,-4.891719344707342e-12,1e-12,1e-12,1e-12,0.0,0.0,3.0,3.0,4.242640687116409,0,0.0,0.0,0.0,0.0,0.0,0.0,0
17.189,4.068320912325543e-12,-1.6719654092851383e-23,-4.8917193333990975e-12,1e-12,1e-12,1e-12,0.0,0.0,3.0,3.0,4.242640687116409,0,0.0,0.0,0.0,0.0,0.0,0.0,0
17.289,4.068320907590985e-12,-1.6719654069691227e-23,-4.891719274801766e-12,1e-12,1e-12,1e-12,0.0,0.0,3.0,3.0,4.242640687116409,0,0.0,0.0,0.0,0.0,0.0,0.0,0
17.389,4.068320903480397e-12,-1.6719654049583382e-23,-4.891719216072664e-12,1e-12,1e-12,1e-12,0.0,0.0,3.0,3.0,4.242640687116409,0,0.0,0.0,0.0,0.0,0.0,0.0,0
17.489,4.068320901354284e-12,-1.6719654039183037e-23,-4.891719185610883e-12,1e-12,1e-12,1e-12,0.0,0.0,3.0,3.0,4.242640687116409,0,0.0,0.0,0.0,0.0,0.0,0.0,0
17.589,4.0683208973768425e-12,-1.671965401972652e-23,-4.891719110074544e-12,1e-12,1e-12,1e-12,0.0,0.0,3.0,3.0,4.242640687116409,0,0.0,0.0,0.0,0.0,0.0,0.0,0
17.689,4.0683208945051695e-12,-1.6719654005679144e-23,-4.891719076271903e-12,1e-12,1e-12,1e-12,0.0,0.0,3.0,3.0,4.242640687116409,0,0.0,0.0,0.0,0.0,0.0,0.0,0
17.769,4.068320892034463e-12,-1.671965399359314e-23,-4.891719041746789e-12,1e-12,1e-12,1e-12,0.0,0.0,3.0,3.0,4.242640687116409,0,0.0,0.0,0.0,0.0,0.0,0.0,0
17.869,4.068320889327721e-12,-1.6719653980352516e-23,-4.89171898113348e-12,1e-12,1e-12,1e-12,0.0,0.0,3.0,3.0,4.242640687116409,0,0.0,0.0,0.0,0.0,0.0,0.0,0
17.969,4.0683208868204104e-12,-1.6719653968087508e-23,-4.89171895437036e-12,1e-12,1e-12,1e-12,0.0,0.0,3.0,3.0,4.242640687116409,0,0.0,0.0,0.0,0.0,0.0,0.0,0
18.069,4.0683208814963884e-12,-1.6719653942043866e-23,-4.891718916531045e-12,1e-12,1e-12,1e-12,0.0,0.0,3.0,3.0,4.242640687116409,0,0.0,0.0,0.0,0.0,0.0,0.0,0
18.169,4.06832087604721e-12,-1.6719653915388033e-23,-4.891718856059633e-12,1e-12,1e-12,1e-12,0.0,0.0,3.0,3.0,4.242640687116409,0,0.0,0.0,0.0,0.0,0.0,0.0,0
18.269,4.068320873884919e-12,-1.6719653904810726e-23,-4.891718811816837e-12,1e-12,1e-12,1e-12,0.0,0.0,3.0,3.0,4.242640687116409,0,0.0,0.0,0.0,0.0,0.0,0.0,0
18.369,4.068320871450822e-12,-1.6719653892903797e-23,-4.891718770061663e-12,1e-12,1e-12,1e-12,0.0,0.0,3.0,3.0,4.242640687116409,0,0.0,0.0,0.0,0.0,0.0,0.0,0
18.469,4.068320869429701e-12,-1.6719653883017052e-23,-4.891718721689005e-12,1e-12,1e-12,1e-12,0.0,0.0,3.0,3.0,4.242640687116409,0,0.0,0.0,0.0,0.0,0.0,0.0,0
18.569,4.06832086398779e-12,-1.6719653856396748e-23,-4.891718684057839e-12,1e-12,1e-12,1e-12,0.0,0.0,3.0,3.0,4.242640687116409,0,0.0,0.0,0.0,0.0,0.0,0.0,0
18.669,4.0683208603942355e-12,-1.671965383881808e-23,-4.891718642335472e-12,1e-12,1e-12,1e-12,0.0,0.0,3.0,3.0,4.242640687116409,0,0.0,0.0,0.0,0.0,0.0,0.0,0
18.769,4.068320857398575e-12,-1.6719653824164164e-23,-4.891718582563333e-12,1e-12,1e-12,1e-12,0.0,0.0,3.0,3.0,4.242640687116409,0,0.0,0.0,0.0,0.0,0.0,0.0,0
18.889,4.068320854555015e-12,-1.6719653810254263e-23,-4.891718527071752e-12,1e-12,1e-12,1e-12,0.0,0.0,3.0,3.0,4.242640687116409,0,0.0,0.0,0.0,0.0,0.0,0.0,0
18.969,4.068320854722197e-12,-1.6719653811072066e-23,-4.89171847699081e-12,1e-12,1e-12,1e-12,0.0,0.0,3.0,3.0,4.242640687116409,0,0.0,0.0,0.0,0.0,0.0,0.0,0
19.069,4.0683208504755015e-12,-1.6719653790298445e-23,-4.8917184219336e-12,1e-12,1e-12,1e-12,0.0,0.0,3.0,3.0,4.242640687116409,0,0.0,0.0,0.0,0.0,0.0,0.0,0
19.169,4.068320847321391e-12,-1.671965377486943e-23,-4.891718371573715e-12,1e-12,1e-12,1e-12,0.0,0.0,3.0,3.0,4.242640687116409,0,0.0,0.0,0.0,0.0,0.0,0.0,0
19.269,4.068320843942112e-12,-1.671965375833894e-23,-4.891718317476812e-12,1e-12,1e-12,1e-12,0.0,0.0,3.0,3.0,4.242640687116409,0,0.0,0.0,0.0,0.0,0.0,0.0,0
19.369,4.068320840035224e-12,-1.6719653739227556e-23,-4.891718248790988e-12,1e-12,1e-12,1e-12,0.0,0.0,3.0,3.0,4.242640687116409,0,0.0,0.0,0.0,0.0,0.0,0.0,0
19.469,4.068320836828912e-12,-1.6719653723543185e-23,-4.891718212481023e-12,1e-12,1e-12,1e-12,0.0,0.0,3.0,3.0,4.242640687116409,0,0.0,0.0,0.0,0.0,0.0,0.0,0
19.569,4.068320834261815e-12,-1.6719653710985637e-23,-4.891718159879704e-12,1e-12,1e-12,1e-12,0.0,0.0,3.0,3.0,4.242640687116409,0,0.0,0.0,0.0,0.0,0.0,0.0,0
19.689,4.068320830342003e-12,-1.6719653691811059e-23,-4.8917181057054785e-12,1e-12,1e-12,1e-12,0.0,0.0,3.0,3.0,4.242640687116409,0,0.0,0.0,0.0,0.0,0.0,0.0,0
19.749,4.06832082998737e-12,-1.6719653690076282e-23,-4.8917180646057795e-12,1e-12,1e-12,1e-12,0.0,0.0,3.0,3.0,4.242640687116409,0,0.0,0.0,0.0,0.0,0.0,0.0,0
19.889,4.068320819999373e-12,-1.6719653641217808e-23,-4.8917180193406824e-12,1e-12,1e-12,1e-12,0.0,0.0,3.0,3.0,4.242640687116409,0,0.0,0.0,0.0,0.0,0.0,0.0,0
19.989,4.068320816953048e-12,-1.6719653626316057e-23,-4.891717963625623e-12,1e-12,1e-12,1e-12,0.0,0.0,3.0,3.0,4.242640687116409,0,0.0,0.0,0.0,0.0,0.0,0.0,0
20.089,4.068320814107157e-12,-1.6719653612394745e-23,-4.8917179287546504e-12,1e-12,1e-12,1e-12,0.0,0.0,3.0,3.0,4.242640687116409,0,0.0,0.0,0.0,0.0,0.0,0.0,0
20.189,4.068320812821006e-12,-1.6719653606103238e-23,-4.891717867501045e-12,1e-12,1e-12,1e-12,0.0,0.0,3.0,3.0,4.242640687116409,0,0.0,0.0,0.0,0.0,0.0,0.0,0
20.289,4.068320809334923e-12,-1.6719653589050295e-23,-4.891717801407532e-12,1e-12,1e-12,1e-12,0.0,0.0,3.0,3.0,4.242640687116409,0,0.0,0.0,0.0,0.0,0.0,0.0,0
20.389,4.068320804426476e-12,-1.6719653565039562e-23,-4.891717719461322e-12,1e-12,1e-12,1e-12,0.0,0.0,3.0,3.0,4.242640687116409,0,0.0,0.0,0.0,0.0,0.0,0.0,0
20.489,4.068320802530763e-12,-1.671965355576627e-23,-4.891717678374702e-12,1e-12,1e-12,1e-12,0.0,0.0,3.0,3.0,4.242640687116409,0,0.0,0.0,0.0,0.0,0.0,0.0,0
20.589,4.068320799903288e-12,-1.6719653542913405e-23,-4.891717623588422e-12,1e-12,1e-12,1e-12,0.0,0.0,3.0,3.0,4.242640687116409,0,0.0,0.0,0.0,0.0,0.0,0.0,0
20.689,4.0683207966466835e-12,-1.6719653526983023e-23,-4.891717585704518e-12,1e-12,1e-12,1e-12,0.0,0.0,3.0,3.0,4.242640687116409,0,0.0,0.0,0.0,0.0,0.0,0.0,0
20.789,4.068320794900789e-12,-1.6719653518442598e-23,-4.891717567861377e-12,1e-12,1e-12,1e-12,0.0,0.0,3.0,3.0,4.242640687116409,0,0.0,0.0,0.0,0.0,0.0,0.0,0
20.889,4.0683207939685805e-12,-1.671965351388249e-23,-4.89171749017043e-12,1e-12,1e-12,1e-12,0.0,0.0,3.0,3.0,4.242640687116409,0,0.0,0.0,0.0,0.0,0.0,0.0,0
20.989,4.068320790240643e-12,-1.6719653495646448e-23,-4.891717440634365e-12,1e-12,1e-12,1e-12,0.0,0.0,3.0,3.0,4.242640687116409,0,0.0,0.0,0.0,0.0,0.0,0.0,0
21.069,4.068320787748033e-12,-1.6719653483453304e-23,-4.89171738735563e-12,1e-12,1e-12,1e-12,0.0,0.0,3.0,3.0,4.242640687116409,0,0.0,0.0,0.0,0.0,0.0,0.0,0
21.169,4.06832078340371e-12,-1.6719653462202076e-23,-4.891717341596128e-12,1e-12,1e-12,1e-12,0.0,0.0,3.0,3.0,4.242640687116409,0,0.0,0.0,0.0,0.0,0.0,0.0,0
21.269,4.068320780490165e-12,-1.671965344794984e-23,-4.891717290440502e-12,1e-12,1e-12,1e-12,0.0,0.0,3.0,3.0,4.242640687116409,0,0.0,0.0,0.0,0.0,0.0,0.0,0
21.369,4.068320778260831e-12,-1.6719653437044566e-23,-4.891717271392439e-12,1e-12,1e-12,1e-12,0.0,0.0,3.0,3.0,4.242640687116409,0,0.0,0.0,0.0,0.0,0.0,0.0,0
21.469,4.0683207729788466e-12,-1.671965341120662e-23,-4.8917172045694245e-12,1e-12,1e-12,1e-12,0.0,0.0,3.0,3.0,4.242640687116409,0,0.0,0.0,0.0,0.0,0.0,0.0,0
21.569,4.068320771914611e-12,-1.6719653406000657e-23,-4.891717176272461e-12,1e-12,1e-12,1e-12,0.0,0.0,3.0,3.0,4.242640687116409,0,0.0,0.0,0.0,0.0,0.0,0.0,0
21.669,4.068320768873809e-12,-1.671965339112592e-23,-4.8917171292983734e-12,1e-12,1e-12,1e-12,0.0,0.0,3.0,3.0,4.242640687116409,0,0.0,0.0,0.0,0.0,0.0,0.0,0
21.769,4.068320765810611e-12,-1.6719653376141613e-23,-4.89171706720315e-12,1e-12,1e-12,1e-12,0.0,0.0,3.0,3.0,4.242640687116409,0,0.0,0.0,0.0,0.0,0.0,0.0,0
21.869,4.068320762786584e-12,-1.6719653361348925e-23,-4.891717001460333e-12,1e-12,1e-12,1e-12,0.0,0.0,3.0,3.0,4.242640687116409,0,0.0,0.0,0.0,0.0,0.0,0.0,0
21.969,4.068320757614346e-12,-1.671965333604782e-23,-4.891716958810089e-12,1e-12,1e-12,1e-12,0.0,0.0,3.0,3.0,4.242640687116409,0,0.0,0.0,0.0,0.0,0.0,0.0,0
22.069,4.0683207539533314e-12,-1.6719653318139178e-23,-4.891716933602275e-12,1e-12,1e-12,1e-12,0.0,0.0,3.0,3.0,4.242640687116409,0,0.0,0.0,0.0,0.0,0.0,0.0,0
22.169,4.068320752621247e-12,-1.6719653311622995e-23,-4.891716878508081e-12,1e-12,1e-12,1e-12,0.0,0.0,3.0,3.0,4.242640687116409,0,0.0,0.0,0.0,0.0,0.0,0.0,0
22.269,4.068320751880171e-12,-1.6719653307997888e-23,-4.891716841647141e-12,1e-12,1e-12,1e-12,0.0,0.0,3.0,3.0,4.242640687116409,0,0.0,0.0,0.0,0.0,0.0,0.0,0
22.369,4.068320747541894e-12,-1.671965328677626e-23,-4.8917167786722985e-12,1e-12,1e-12,1e-12,0.0,0.0,3.0,3.0,4.242640687116409,0,0.0,0.0,0.0,0.0,0.0,0.0,0
22.469,4.068320745197971e-12,-1.6719653275310467e-23,-4.891716718410961e-12,1e-12,1e-12,1e-12,0.0,0.0,3.0,3.0,4.242640687116409,0,0.0,0.0,0.0,0.0,0.0,0.0,0
22.569,4.068320741983748e-12,-1.6719653259587387e-23,-4.891716677951397e-12,1e-12,1e-12,1e-12,0.0,0.0,3.0,3.0,4.242640687116409,0,0.0,0.0,0.0,0.0,0.0,0.0,0
22.669,4.068320739064411e-12,-1.671965324530683e-23,-4.891716639529642e-12,1e-12,1e-12,1e-12,0.0,0.0,3.0,3.0,4.242640687116409,0,0.0,0.0,0.0,0.0,0.0,0.0,0
22.769,4.068320738637228e-12,-1.6719653243217182e-23,-4.891716595070704e-12,1e-12,1e-12,1e-12,0.0,0.0,3.0,3.0,4.242640687116409,0,0.0,0.0,0.0,0.0,0.0,0.0,0
22.869,4.068320737577059e-12,-1.671965323803116e-23,-4.891716559611677e-12,1e-12,1e-12,1e-12,0.0,0.0,3.0,3.0,4.242640687116409,0,0.0,0.0,0.0,0.0,0.0,0.0,0
22.969,4.068320732651748e-12,-1.671965321393793e-23,-4.891716490615215e-12,1e-12,1e-12,1e-12,0.0,0.0,3.0,3.0,4.242640687116409,0,0.0,0.0,0.0,0.0,0.0,0.0,0
23.089,4.068320727443229e-12,-1.6719653188459338e-23,-4.891716412401747e-12,1e-12,1e-12,1e-12,0.0,0.0,3.0,3.0,4.242640687116409,0,0.0,0.0,0.0,0.0,0.0,0.0,0
23.169,4.068320722651957e-12,-1.6719653165021802e-23,-4.891716362276597e-12,1e-12,1e-12,1e-12,0.0,0.0,3.0,3.0,4.242640687116409,0,0.0,0.0,0.0,0.0,0.0,0.0,0
23.289,4.068320719455385e-12,-1.6719653149385085e-23,-4.891716311848143e-12,1e-12,1e-12,1e-12,0.0,0.0,3.0,3.0,4.242640687116409,0,0.0,0.0,0.0,0.0,0.0,0.0,0
23.389,4.068320714049185e-12,-1.6719653122939487e-23,-4.891716268631779e-12,1e-12,1e-12,1e-12,0.0,0.0,3.0,3.0,4.242640687116409,0,0.0,0.0,0.0,0.0,0.0,0.0,0
23.489,4.068320710172002e-12,-1.6719653103973414e-23,-4.8917162220361706e-12,1e-12,1e-12,1e-12,0.0,0.0,3.0,3.0,4.242640687116409,0,0.0,0.0,0.0,0.0,0.0,0.0,0
23.589,4.068320707459241e-12,-1.6719653090703367e-23,-4.89171616966624e-12,1e-12,1e-12,1e-12,0.0,0.0,3.0,3.0,4.242640687116409,0,0.0,0.0,0.0,0.0,0.0,0.0,0
23.689,4.0683207044380116e-12,-1.671965307592436e-23,-4.891716102343319e-12,1e-12,1e-12,1e-12,0.0,0.0,3.0,3.0,4.242640687116409,0,0.0,0.0,0.0,0.0,0.0,0.0,0
23.789,4.0683207028400376e-12,-1.6719653068107515e-23,-4.891716051614134e-12,1e-12,1e-12,1e-12,0.0,0.0,3.0,3.0,4.242640687116409,0,0.0,0.0,0.0,0.0,0.0,0.0,0
23.889,4.068320699247626e-12,-1.671965305053445e-23,-4.891715987592005e-12,1e-12,1e-12,1e-12,0.0,0.0,3.0,3.0,4.242640687116409,0,0.0,0.0,0.0,0.0,0.0,0.0,0
23.989,4.068320693519024e-12,-1.6719653022511758e-23,-4.891715955975755e-12,1e-12,1e-12,1e-12,0.0,0.0,3.0,3.0,4.242640687116409,0,0.0,0.0,0.0,0.0,0.0,0.0,0
24.109,4.0683206879967225e-12,-1.6719652995498237e-23,-4.891715892622772e-12,1e-12,1e-12,1e-12,0.0,0.0,3.0,3.0,4.242640687116409,0,0.0,0.0,0.0,0.0,0.0,0.0,0
24.189,4.068320685019606e-12,-1.671965298093502e-23,-4.891715849782951e-12,1e-12,1e-12,1e-12,0.0,0.0,3.0,3.0,4.242640687116409,0,0.0,0.0,0.0,0.0,0.0,0.0,0
24.289,4.068320682498267e-12,-1.6719652968601354e-23,-4.89171579013112e-12,1e-12,1e-12,1e-12,0.0,0.0,3.0,3.0,4.242640687116409,0,0.0,0.0,0.0,0.0,0.0,0.0,0
24.369,4.068320681931555e-12,-1.6719652965829142e-23,-4.891715743791191e-12,1e-12,1e-12,1e-12,0.0,0.0,3.0,3.0,4.242640687116409,0,0.0,0.0,0.0,0.0,0.0,0.0,0
24.469,4.068320680290126e-12,-1.671965295779972e-23,-4.891715709541234e-12,1e-12,1e-12,1e-12,0.0,0.0,3.0,3.0,4.242640687116409,0,0.0,0.0,0.0,0.0,0.0,0.0,0
24.569,4.068320678107529e-12,-1.6719652947123056e-23,-4.8917156771679455e-12,1e-12,1e-12,1e-12,0.0,0.0,3.0,3.0,4.242640687116409,0,0.0,0.0,0.0,0.0,0.0,0.0,0
24.669,4.068320676528109e-12,-1.6719652939396973e-23,-4.8917156267333234e-12,1e-12,1e-12,1e-12,0.0,0.0,3.0,3.0,4.242640687116409,0,0.0,0.0,0.0,0.0,0.0,0.0,0
24.769,4.068320671678293e-12,-1.6719652915673052e-23,-4.891715585097826e-12,1e-12,1e-12,1e-12,0.0,0.0,3.0,3.0,4.242640687116409,0,0.0,0.0,0.0,0.0,0.0,0.0,0
24.869,4.068320668150606e-12,-1.6719652898416592e-23,-4.891715520418351e-12,1e-12,1e-12,1e-12,0.0,0.0,3.0,3.0,4.242640687116409,0,0.0,0.0,0.0,0.0,0.0,0.0,0
24.989,4.068320665158767e-12,-1.6719652883781382e-23,-4.891715456341312e-12,1e-12,1e-12,1e-12,0.0,0.0,3.0,3.0,4.242640687116409,0,0.0,0.0,0.0,0.0,0.0,0.0,0
25.069,4.0683206616581625e-12,-1.6719652866657447e-23,-4.891715419358527e-12,1e-12,1e-12,1e-12,0.0,0.0,3.0,3.0,4.242640687116409,0,0.0,0.0,0.0,0.0,0.0,0.0,0
25.189,4.06832066013374e-12,-1.6719652859200455e-23,-4.8917153657335555e-12,1e-12,1e-12,1e-12,0.0,0.0,3.0,3.0,4.242640687116409,0,0.0,0.0,0.0,0.0,0.0,0.0,0
25.269,4.068320656819153e-12,-1.671965284298642e-23,-4.891715318529794e-12,1e-12,1e-12,1e-12,0.0,0.0,3.0,3.0,4.242640687116409,0,0.0,0.0,0.0,0.0,0.0,0.0,0
25.389,4.068320655469614e-12,-1.671965283638487e-23,-4.891715214756248e-12,1e-12,1e-12,1e-12,0.0,0.0,3.0,3.0,4.242640687116409,0,0.0,0.0,0.0,0.0,0.0,0.0,0
25.469,4.068320652006717e-12,-1.6719652819445377e-23,-4.891715186382441e-12,1e-12,1e-12,1e-12,0.0,0.0,3.0,3.0,4.242640687116409,0,0.0,0.0,0.0,0.0,0.0,0.0,0
25.569,4.068320650593137e-12,-1.6719652812530543e-23,-4.89171513547687e-12,1e-12,1e-12,1e-12,0.0,0.0,3.0,3.0,4.242640687116409,0,0.0,0.0,0.0,0.0,0.0,0.0,0
25.669,4.068320650196874e-12,-1.671965281059213e-23,-4.891715080297109e-12,1e-12,1e-12,1e-12,0.0,0.0,3.0,3.0,4.242640687116409,0,0.0,0.0,0.0,0.0,0.0,0.0,0
25.769,4.068320646605835e-12,-1.671965279302578e-23,-4.891715039211994e-12,1e-12,1e-12,1e-12,0.0,0.0,3.0,3.0,4.242640687116409,0,0.0,0.0,0.0,0.0,0.0,0.0,0
25.869,4.06832064727624e-12,-1.671965279630525e-23,-4.891714992355417e-12,1e-12,1e-12,1e-12,0.0,0.0,3.0,3.0,4.242640687116409,0,0.0,0.0,0.0,0.0,0.0,0.0,0
25.969,4.068320647406734e-12,-1.671965279694357e-23,-4.891714954107599e-12,1e-12,1e-12,1e-12,0.0,0.0,3.0,3.0,4.242640687116409,0,0.0,0.0,0.0,0.0,0.0,0.0,0
26.069,4.068320646817234e-12,-1.6719652794059897e-23,-4.891714882328431e-12,1e-12,1e-12,1e-12,0.0,0.0,3.0,3.0,4.242640687116409,0,0.0,0.0,0.0,0.0,0.0,0.0,0
26.169,4.068320646948272e-12,-1.671965279470093e-23,-4.891714861842831e-12,1e-12,1e-12,1e-12,0.0,0.0,3.0,3.0,4.242640687116409,0,0.0,0.0,0.0,0.0,0.0,0.0,0
26.269,4.068320644444587e-12,-1.6719652782453622e-23,-4.891714826913869e-12,1e-12,1e-12,1e-12,0.0,0.0,3.0,3.0,4.242640687116409,0,0.0,0.0,0.0,0.0,0.0,0.0,0
26.389,4.068320642944481e-12,-1.671965277511553e-23,-4.891714764709857e-12,1e-12,1e-12,1e-12,0.0,0.0,3.0,3.0,4.242640687116409,0,0.0,0.0,0.0,0.0,0.0,0.0,0
26.469,4.06832064163752e-12,-1.6719652768722243e-23,-4.891714708057155e-12,1e-12,1e-12,1e-12,0.0,0.0,3.0,3.0,4.242640687116409,0,0.0,0.0,0.0,0.0,0.0,0.0,0
26.589,4.068320640502566e-12,-1.6719652763170383e-23,-4.891714644854972e-12,1e-12,1e-12,1e-12,0.0,0.0,3.0,3.0,4.242640687116409,0,0.0,0.0,0.0,0.0,0.0,0.0,0
26.689,4.068320639345542e-12,-1.6719652757510548e-23,-4.8917146016746245e-12,1e-12,1e-12,1e-12,0.0,0.0,3.0,3.0,4.242640687116409,0,0.0,0.0,0.0,0.0,0.0,0.0,0
26.789,4.0683206389435955e-12,-1.6719652755544352e-23,-4.891714544390926e-12,1e-12,1e-12,1e-12,0.0,0.0,3.0,3.0,4.242640687116409,0,0.0,0.0,0.0,0.0,0.0,0.0,0
26.889,4.068320636672139e-12,-1.6719652744433036e-23,-4.891714502477709e-12,1e-12,1e-12,1e-12,0.0,0.0,3.0,3.0,4.242640687116409,0,0.0,0.0,0.0,0.0,0.0,0.0,0
26.989,4.06832063482375e-12,-1.6719652735391248e-23,-4.891714461424735e-12,1e-12,1e-12,1e-12,0.0,0.0,3.0,3.0,4.242640687116409,0,0.0,0.0,0.0,0.0,0.0,0.0,0
27.089,4.068320631276834e-12,-1.671965271804077e-23,-4.891714407594802e-12,1e-12,1e-12,1e-12,0.0,0.0,3.0,3.0,4.242640687116409,0,0.0,0.0,0.0,0.0,0.0,0.0,0
27.189,4.0683206296470305e-12,-1.6719652710068216e-23,-4.891714374612378e-12,1e-12,1e-12,1e-12,0.0,0.0,3.0,3.0,4.242640687116409,0,0.0,0.0,0.0,0.0,0.0,0.0,0
27.289,4.068320629565623e-12,-1.6719652709669994e-23,-4.8917143303764175e-12,1e-12,1e-12,1e-12,0.0,0.0,3.0,3.0,4.242640687116409,0,0.0,0.0,0.0,0.0,0.0,0.0,0
27.389,4.0683206266850236e-12,-1.671965269557894e-23,-4.891714293876234e-12,1e-12,1e-12,1e-12,0.0,0.0,3.0,3.0,4.242640687116409,0,0.0,0.0,0.0,0.0,0.0,0.0,0
27.489,4.06832062362867e-12,-1.6719652680628137e-23,-4.891714250606001e-12,1e-12,1e-12,1e-12,0.0,0.0,3.0,3.0,4.242640687116409,0,0.0,0.0,0.0,0.0,0.0,0.0,0
27.569,4.068320624248336e-12,-1.6719652683659387e-23,-4.891714207242848e-12,1e-12,1e-12,1e-12,0.0,0.0,3.0,3.0,4.242640687116409,0,0.0,0.0,0.0,0.0,0.0,0.0,0
27.669,4.068320619638639e-12,-1.6719652661110032e-23,-4.891714137470026e-12,1e-12,1e-12,1e-12,0.0,0.0,3.0,3.0,4.242640687116409,0,0.0,0.0,0.0,0.0,0.0,0.0,0
27.769,4.06832061876724e-12,-1.6719652656847363e-23,-4.891714076523794e-12,1e-12,1e-12,1e-12,0.0,0.0,3.0,3.0,4.242640687116409,0,0.0,0.0,0.0,0.0,0.0,0.0,0
27.869,4.068320617369145e-12,-1.6719652650008275e-23,-4.8917140304401806e-12,1e-12,1e-12,1e-12,0.0,0.0,3.0,3.0,4.242640687116409,0,0.0,0.0,0.0,0.0,0.0,0.0,0
27.969,4.068320616989183e-12,-1.6719652648149566e-23,-4.8917139604995564e-12,1e-12,1e-12,1e-12,0.0,0.0,3.0,3.0,4.242640687116409,0,0.0,0.0,0.0,0.0,0.0,0.0,0
28.069,4.068320614463086e-12,-1.671965263579262e-23,-4.891713891848482e-12,1e-12,1e-12,1e-12,0.0,0.0,3.0,3.0,4.242640687116409,0,0.0,0.0,0.0,0.0,0.0,0.0,0
28.169,4.06832061348055e-12,-1.6719652630986317e-23,-4.891713843727356e-12,1e-12,1e-12,1e-12,0.0,0.0,3.0,3.0,4.242640687116409,0,0.0,0.0,0.0,0.0,0.0,0.0,0
28.269,4.068320610035318e-12,-1.6719652614133222e-23,-4.891713791510168e-12,1e-12,1e-12,1e-12,0.0,0.0,3.0,3.0,4.242640687116409,0,0.0,0.0,0.0,0.0,0.0,0.0,0
28.369,4.068320606533769e-12,-1.6719652597004653e-23,-4.8917137298489215e-12,1e-12,1e-12,1e-12,0.0,0.0,3.0,3.0,4.242640687116409,0,0.0,0.0,0.0,0.0,0.0,0.0,0
28.469,4.068320604772908e-12,-1.6719652588391007e-23,-4.891713684795843e-12,1e-12,1e-12,1e-12,0.0,0.0,3.0,3.0,4.242640687116409,0,0.0,0.0,0.0,0.0,0.0,0.0,0
28.569,4.068320602757352e-12,-1.6719652578531468e-23,-4.891713631450004e-12,1e-12,1e-12,1e-12,0.0,0.0,3.0,3.0,4.242640687116409,0,0.0,0.0,0.0,0.0,0.0,0.0,0
28.669,4.068320599313608e-12,-1.6719652561685656e-23,-4.891713562473117e-12,1e-12,1e-12,1e-12,0.0,0.0,3.0,3.0,4.242640687116409,0,0.0,0.0,0.0,0.0,0.0,0.0,0
28.769,4.068320597676944e-12,-1.671965255367959e-23,-4.8917135130968354e-12,1e-12,1e-12,1e-12,0.0,0.0,3.0,3.0,4.242640687116409,0,0.0,0.0,0.0,0.0,0.0,0.0,0
28.869,4.0683205965683654e-12,-1.6719652548256746e-23,-4.891713470150912e-12,1e-12,1e-12,1e-12,0.0,0.0,3.0,3.0,4.242640687116409,0,0.0,0.0,0.0,0.0,0.0,0.0,0
28.989,4.068320595115172e-12,-1.6719652541148138e-23,-4.8917134320648066e-12,1e-12,1e-12,1e-12,0.0,0.0,3.0,3.0,4.242640687116409,0,0.0,0.0,0.0,0.0,0.0,0.0,0
29.089,4.068320593631456e-12,-1.6719652533890207e-23,-4.891713402024707e-12,1e-12,1e-12,1e-12,0.0,0.0,3.0,3.0,4.242640687116409,0,0.0,0.0,0.0,0.0,0.0,0.0,0
29.189,4.06832059477591e-12,-1.6719652539488546e-23,-4.891713354637303e-12,1e-12,1e-12,1e-12,0.0,0.0,3.0,3.0,4.242640687116409,0,0.0,0.0,0.0,0.0,0.0,0.0,0
29.269,4.068320589702545e-12,-1.67196525146711e-23,-4.8917133288506815e-12,1e-12,1e-12,1e-12,0.0,0.0,3.0,3.0,4.242640687116409,0,0.0,0.0,0.0,0.0,0.0,0.0,0
29.369,4.068320589389367e-12,-1.671965251313912e-23,-4.8917132813397495e-12,1e-12,1e-12,1e-12,0.0,0.0,3.0,3.0,4.242640687116409,0,0.0,0.0,0.0,0.0,0.0,0.0,0
29.489,4.068320589013655e-12,-1.6719652511301205e-23,-4.891713215364422e-12,1e-12,1e-12,1e-12,0.0,0.0,3.0,3.0,4.242640687116409,0,0.0,0.0,0.0,0.0,0.0,0.0,0
29.589,4.068320583195232e-12,-1.6719652482839146e-23,-4.891713188871802e-12,1e-12,1e-12,1e-12,0.0,0.0,3.0,3.0,4.242640687116409,0,0.0,0.0,0.0,0.0,0.0,0.0,0
29.649,4.068320583342986e-12,-1.671965248356192e-23,-4.891713162088728e-12,1e-12,1e-12,1e-12,0.0,0.0,3.0,3.0,4.242640687116409,0,0.0,0.0,0.0,0.0,0.0,0.0,0
29.769,4.0683205837667745e-12,-1.6719652485634945e-23,-4.891713078936124e-12,1e-12,1e-12,1e-12,0.0,0.0,3.0,3.0,4.242640687116409,0,0.0,0.0,0.0,0.0,0.0,0.0,0
29.889,4.06832058209186e-12,-1.6719652477441752e-23,-4.8917130077285606e-12,1e-12,1e-12,1e-12,0.0,0.0,3.0,3.0,4.242640687116409,0,0.0,0.0,0.0,0.0,0.0,0.0,0
29.989,4.0683205795585755e-12,-1.671965246504966e-23,-4.891712964864513e-12,1e-12,1e-12,1e-12,0.0,0.0,3.0,3.0,4.242640687116409,0,0.0,0.0,0.0,0.0,0.0,0.0,0
30.089,4.068320575609616e-12,-1.671965244573249e-23,-4.891712925378525e-12,1e-12,1e-12,1e-12,0.0,0.0,3.0,3.0,4.242640687116409,0,0.0,0.0,0.0,0.0,0.0,0.0,0
30.189,4.068320573865363e-12,-1.6719652437200113e-23,-4.89171288081242e-12,1e-12,1e-12,1e-12,0.0,0.0,3.0,3.0,4.242640687116409,0,0.0,0.0,0.0,0.0,0.0,0.0,0
30.289,4.068320571387822e-12,-1.6719652425080684e-23,-4.891712828078197e-12,1e-12,1e-12,1e-12,0.0,0.0,3.0,3.0,4.242640687116409,0,0.0,0.0,0.0,0.0,0.0,0.0,0
30.389,4.068320573244047e-12,-1.6719652434160782e-23,-4.891712786220482e-12,1e-12,1e-12,1e-12,0.0,0.0,3.0,3.0,4.242640687116409,0,0.0,0.0,0.0,0.0,0.0,0.0,0
30.489,4.068320571639321e-12,-1.6719652426310957e-23,-4.8917127512543616e-12,1e-12,1e-12,1e-12,0.0,0.0,3.0,3.0,4.242640687116409,0,0.0,0.0,0.0,0.0,0.0,0.0,0
30.589,4.06832056872415e-12,-1.6719652412050785e-23,-4.891712708754508e-12,1e-12,1e-12,1e-12,0.0,0.0,3.0,3.0,4.242640687116409,0,0.0,0.0,0.0,0.0,0.0,0.0,0
30.689,4.068320567131037e-12,-1.6719652404257722e-23,-4.891712673018165e-12,1e-12,1e-12,1e-12,0.0,0.0,3.0,3.0,4.242640687116409,0,0.0,0.0,0.0,0.0,0.0,0.0,0
30.789,4.06832056510192e-12,-1.671965239433187e-23,-4.891712609909107e-12,1e-12,1e-12,1e-12,0.0,0.0,3.0,3.0,4.242640687116409,0,0.0,0.0,0.0,0.0,0.0,0.0,0
30.889,4.0683205629095284e-12,-1.6719652383607342e-23,-4.891712524233446e-12,1e-12,1e-12,1e-12,0.0,0.0,3.0,3.0,4.242640687116409,0,0.0,0.0,0.0,0.0,0.0,0.0,0
30.989,4.068320560046666e-12,-1.6719652369603034e-23,-4.891712450282882e-12,1e-12,1e-12,1e-12,0.0,0.0,3.0,3.0,4.242640687116409,0,0.0,0.0,0.0,0.0,0.0,0.0,0
31.069,4.06832055873737e-12,-1.671965236319833e-23,-4.8917124027214486e-12,1e-12,1e-12,1e-12,0.0,0.0,3.0,3.0,4.242640687116409,0,0.0,0.0,0.0,0.0,0.0,0.0,0
31.169,4.0683205568218685e-12,-1.671965235382826e-23,-4.891712315537077e-12,1e-12,1e-12,1e-12,0.0,0.0,3.0,3.0,4.242640687116409,0,0.0,0.0,0.0,0.0,0.0,0.0,0
31.269,4.068320553953473e-12,-1.6719652339796876e-23,-4.891712247770568e-12,1e-12,1e-12,1e-12,0.0,0.0,3.0,3.0,4.242640687116409,0,0.0,0.0,0.0,0.0,0.0,0.0,0
31.369,4.068320553229106e-12,-1.671965233625344e-23,-4.891712224575767e-12,1e-12,1e-12,1e-12,0.0,0.0,3.0,3.0,4.242640687116409,0,0.0,0.0,0.0,0.0,0.0,0.0,0
31.469,4.068320548235322e-12,-1.6719652311825262e-23,-4.89171214230375e-12,1e-12,1e-12,1e-12,0.0,0.0,3.0,3.0,4.242640687116409,0,0.0,0.0,0.0,0.0,0.0,0.0,0
31.569,4.068320547087848e-12,-1.6719652306212165e-23,-4.891712077049394e-12,1e-12,1e-12,1e-12,0.0,0.0,3.0,3.0,4.242640687116409,0,0.0,0.0,0.0,0.0,0.0,0.0,0
31.669,4.068320545723019e-12,-1.6719652299535786e-23,-4.891712032983032e-12,1e-12,1e-12,1e-12,0.0,0.0,3.0,3.0,4.242640687116409,0,0.0,0.0,0.0,0.0,0.0,0.0,0
31.769,4.068320542959283e-12,-1.6719652286016388e-23,-4.89171200568885e-12,1e-12,1e-12,1e-12,0.0,0.0,3.0,3.0,4.242640687116409,0,0.0,0.0,0.0,0.0,0.0,0.0,0
31.869,4.068320540559903e-12,-1.6719652274279326e-23,-4.891711948504225e-12,1e-12,1e-12,1e-12,0.0,0.0,3.0,3.0,4.242640687116409,0,0.0,0.0,0.0,0.0,0.0,0.0,0
31.969,4.068320537496344e-12,-1.6719652259293293e-23,-4.8917118757222505e-12,1e-12,1e-12,1e-12,0.0,0.0,3.0,3.0,4.242640687116409,0,0.0,0.0,0.0,0.0,0.0,0.0,0
32.069,4.068320533523534e-12,-1.671965223985946e-23,-4.89171181944611e-12,1e-12,1e-12,1e-12,0.0,0.0,3.0,3.0,4.242640687116409,0,0.0,0.0,0.0,0.0,0.0,0.0,0
32.169,4.068320534130698e-12,-1.6719652242829557e-23,-4.891711793087881e-12,1e-12,1e-12,1e-12,0.0,0.0,3.0,3.0,4.242640687116409,0,0.0,0.0,0.0,0.0,0.0,0.0,0
32.269,4.068320533830627e-12,-1.6719652241361685e-23,-4.891711732118761e-12,1e-12,1e-12,1e-12,0.0,0.0,3.0,3.0,4.242640687116409,0,0.0,0.0,0.0,0.0,0.0,0.0,0
32.369,4.068320531247025e-12,-1.6719652228723457e-23,-4.891711684174504e-12,1e-12,1e-12,1e-12,0.0,0.0,3.0,3.0,4.242640687116409,0,0.0,0.0,0.0,0.0,0.0,0.0,0
32.469,4.06832052831944e-12,-1.6719652214402562e-23,-4.89171160414423e-12,1e-12,1e-12,1e-12,0.0,0.0,3.0,3.0,4.242640687116409,0,0.0,0.0,0.0,0.0,0.0,0.0,0
32.569,4.068320523412618e-12,-1.6719652190399808e-23,-4.891711570533042e-12,1e-12,1e-12,1e-12,0.0,0.0,3.0,3.0,4.242640687116409,0,0.0,0.0,0.0,0.0,0.0,0.0,0
32.689,4.068320521717915e-12,-1.671965218210983e-23,-4.89171152009493e-12,1e-12,1e-12,1e-12,0.0,0.0,3.0,3.0,4.242640687116409,0,0.0,0.0,0.0,0.0,0.0,0.0,0
32.769,4.068320520515842e-12,-1.6719652176229638e-23,-4.891711479645553e-12,1e-12,1e-12,1e-12,0.0,0.0,3.0,3.0,4.242640687116409,0,0.0,0.0,0.0,0.0,0.0,0.0,0
32.869,4.068320517991608e-12,-1.6719652163881787e-23,-4.891711442368247e-12,1e-12,1e-12,1e-12,0.0,0.0,3.0,3.0,4.242640687116409,0,0.0,0.0,0.0,0.0,0.0,0.0,0
32.969,4.068320514846837e-12,-1.6719652148498486e-23,-4.8917113922509675e-12,1e-12,1e-12,1e-12,0.0,0.0,3.0,3.0,4.242640687116409,0,0.0,0.0,0.0,0.0,0.0,0.0,0
33.069,4.0683205144005804e-12,-1.6719652146315526e-23,-4.89171135843452e-12,1e-12,1e-12,1e-12,0.0,0.0,3.0,3.0,4.242640687116409,0,0.0,0.0,0.0,0.0,0.0,0.0,0
33.189,4.068320513659563e-12,-1.6719652142690686e-23,-4.89171128268277e-12,1e-12,1e-12,1e-12,0.0,0.0,3.0,3.0,4.242640687116409,0,0.0,0.0,0.0,0.0,0.0,0.0,0
33.289,4.068320513908203e-12,-1.6719652143906952e-23,-4.8917112355455134e-12,1e-12,1e-12,1e-12,0.0,0.0,3.0,3.0,4.242640687116409,0,0.0,0.0,0.0,0.0,0.0,0.0,0
33.389,4.068320509971212e-12,-1.6719652124648346e-23,-4.891711179565298e-12,1e-12,1e-12,1e-12,0.0,0.0,3.0,3.0,4.242640687116409,0,0.0,0.0,0.0,0.0,0.0,0.0,0
33.489,4.068320510070006e-12,-1.6719652125131607e-23,-4.891711136240527e-12,1e-12,1e-12,1e-12,0.0,0.0,3.0,3.0,4.242640687116409,0,0.0,0.0,0.0,0.0,0.0,0.0,0
33.589,4.068320509915424e-12,-1.671965212437544e-23,-4.891711103621076e-12,1e-12,1e-12,1e-12,0.0,0.0,3.0,3.0,4.242640687116409,0,0.0,0.0,0.0,0.0,0.0,0.0,0
33.689,4.068320506524883e-12,-1.6719652107789906e-23,-4.891711042648052e-12,1e-12,1e-12,1e-12,0.0,0.0,3.0,3.0,4.242640687116409,0,0.0,0.0,0.0,0.0,0.0,0.0,0
33.789,4.068320503263381e-12,-1.6719652091835556e-23,-4.891710976143955e-12,1e-12,1e-12,1e-12,0.0,0.0,3.0,3.0,4.242640687116409,0,0.0,0.0,0.0,0.0,0.0,0.0,0
33.889,4.068320502311665e-12,-1.671965208718002e-23,-4.89171092357758e-12,1e-12,1e-12,1e-12,0.0,0.0,3.0,3.0,4.242640687116409,0,0.0,0.0,0.0,0.0,0.0,0.0,0
33.989,4.068320502059546e-12,-1.671965208594671e-23,-4.891710881465144e-12,1e-12,1e-12,1e-12,0.0,0.0,3.0,3.0,4.242640687116409,0,0.0,0.0,0.0,0.0,0.0,0.0,0
34.089,4.068320500496013e-12,-1.6719652078298372e-23,-4.891710824265905e-12,1e-12,1e-12,1e-12,0.0,0.0,3.0,3.0,4.242640687116409,0,0.0,0.0,0.0,0.0,0.0,0.0,0
34.189,4.068320499482938e-12,-1.671965207334271e-23,-4.891710810531432e-12,1e-12,1e-12,1e-12,0.0,0.0,3.0,3.0,4.242640687116409,0,0.0,0.0,0.0,0.0,0.0,0.0,0
34.269,4.068320498392371e-12,-1.6719652068007968e-23,-4.891710779066939e-12,1e-12,1e-12,1e-12,0.0,0.0,3.0,3.0,4.242640687116409,0,0.0,0.0,0.0,0.0,0.0,0.0,0
34.369,4.068320496625812e-12,-1.671965205936647e-23,-4.891710751934859e-12,1e-12,1e-12,1e-12,0.0,0.0,3.0,3.0,4.242640687116409,0,0.0,0.0,0.0,0.0,0.0,0.0,0
34.469,4.068320493719777e-12,-1.6719652045151007e-23,-4.891710708694341e-12,1e-12,1e-12,1e-12,0.0,0.0,3.0,3.0,4.242640687116409,0,0.0,0.0,0.0,0.0,0.0,0.0,0
34.569,4.068320491482128e-12,-1.671965203420506e-23,-4.8917106779730785e-12,1e-12,1e-12,1e-12,0.0,0.0,3.0,3.0,4.242640687116409,0,0.0,0.0,0.0,0.0,0.0,0.0,0
34.669,4.068320487982152e-12,-1.671965201708418e-23,-4.891710636479838e-12,1e-12,1e-12,1e-12,0.0,0.0,3.0,3.0,4.242640687116409,0,0.0,0.0,0.0,0.0,0.0,0.0,0
34.769,4.0683204867791966e-12,-1.6719652011199685e-23,-4.891710562061367e-12,1e-12,1e-12,1e-12,0.0,0.0,3.0,3.0,4.242640687116409,0,0.0,0.0,0.0,0.0,0.0,0.0,0
34.869,4.0683204856240695e-12,-1.6719652005549143e-23,-4.891710491903227e-12,1e-12,1e-12,1e-12,0.0,0.0,3.0,3.0,4.242640687116409,0,0.0,0.0,0.0,0.0,0.0,0.0,0
34.969,4.068320482054347e-12,-1.6719651988087074e-23,-4.891710454453147e-12,1e-12,1e-12,1e-12,0.0,0.0,3.0,3.0,4.242640687116409,0,0.0,0.0,0.0,0.0,0.0,0.0,0
35.069,4.0683204798228435e-12,-1.67196519771712e-23,-4.891710401413455e-12,1e-12,1e-12,1e-12,0.0,0.0,3.0,3.0,4.242640687116409,0,0.0,0.0,0.0,0.0,0.0,0.0,0
35.169,4.068320475582446e-12,-1.6719651956428402e-23,-4.891710343460792e-12,1e-12,1e-12,1e-12,0.0,0.0,3.0,3.0,4.242640687116409,0,0.0,0.0,0.0,0.0,0.0,0.0,0
35.269,4.068320476370429e-12,-1.6719651960282997e-23,-4.891710285368022e-12,1e-12,1e-12,1e-12,0.0,0.0,3.0,3.0,4.242640687116409,0,0.0,0.0,0.0,0.0,0.0,0.0,0
35.369,4.068320474595044e-12,-1.671965195159834e-23,-4.891710248189026e-12,1e-12,1e-12,1e-12,0.0,0.0,3.0,3.0,4.242640687116409,0,0.0,0.0,0.0,0.0,0.0,0.0,0
35.469,4.0683204752026205e-12,-1.6719651954570415e-23,-4.891710223653503e-12,1e-12,1e-12,1e-12,0.0,0.0,3.0,3.0,4.242640687116409,0,0.0,0.0,0.0,0.0,0.0,0.0,0
35.569,4.0683204734591855e-12,-1.6719651946042027e-23,-4.891710187774481e-12,1e-12,1e-12,1e-12,0.0,0.0,3.0,3.0,4.242640687116409,0,0.0,0.0,0.0,0.0,0.0,0.0,0
35.669,4.068320471989299e-12,-1.6719651938851755e-23,-4.891710167137949e-12,1e-12,1e-12,1e-12,0.0,0.0,3.0,3.0,4.242640687116409,0,0.0,0.0,0.0,0.0,0.0,0.0,0
35.789,4.0683204694382775e-12,-1.67196519263729e-23,-4.8917101180409e-12,1e-12,1e-12,1e-12,0.0,0.0,3.0,3.0,4.242640687116409,0,0.0,0.0,0.0,0.0,0.0,0.0,0
35.889,4.0683204697521845e-12,-1.6719651927908455e-23,-4.891710078619648e-12,1e-12,1e-12,1e-12,0.0,0.0,3.0,3.0,4.242640687116409,0,0.0,0.0,0.0,0.0,0.0,0.0,0
35.969,4.068320469223074e-12,-1.671965192532019e-23,-4.891710049229705e-12,1e-12,1e-12,1e-12,0.0,0.0,3.0,3.0,4.242640687116409,0,0.0,0.0,0.0,0.0,0.0,0.0,0
36.069,4.068320469241554e-12,-1.671965192541057e-23,-4.891710020310461e-12,1e-12,1e-12,1e-12,0.0,0.0,3.0,3.0,4.242640687116409,0,0.0,0.0,0.0,0.0,0.0,0.0,0
36.149,4.0683204667783636e-12,-1.6719651913361365e-23,-4.891709998396909e-12,1e-12,1e-12,1e-12,0.0,0.0,3.0,3.0,4.242640687116409,0,0.0,0.0,0.0,0.0,0.0,0.0,0
36.249,4.068320462584582e-12,-1.6719651892846594e-23,-4.891709949728042e-12,1e-12,1e-12,1e-12,0.0,0.0,3.0,3.0,4.242640687116409,0,0.0,0.0,0.0,0.0,0.0,0.0,0
36.349,4.068320459750965e-12,-1.671965187898535e-23,-4.891709897878627e-12,1e-12,1e-12,1e-12,0.0,0.0,3.0,3.0,4.242640687116409,0,0.0,0.0,0.0,0.0,0.0,0.0,0
36.489,4.068320456946567e-12,-1.6719651865267046e-23,-4.8917098364913816e-12,1e-12,1e-12,1e-12,0.0,0.0,3.0,3.0,4.242640687116409,0,0.0,0.0,0.0,0.0,0.0,0.0,0
36.589,4.06832045509673e-12,-1.6719651856218196e-23,-4.891709781902822e-12,1e-12,1e-12,1e-12,0.0,0.0,3.0,3.0,4.242640687116409,0,0.0,0.0,0.0,0.0,0.0,0.0,0
36.689,4.068320454083645e-12,-1.6719651851262476e-23,-4.89170971587738e-12,1e-12,1e-12,1e-12,0.0,0.0,3.0,3.0,4.242640687116409,0,0.0,0.0,0.0,0.0,0.0,0.0,0
36.789,4.068320451237136e-12,-1.6719651837338173e-23,-4.891709653129142e-12,1e-12,1e-12,1e-12,0.0,0.0,3.0,3.0,4.242640687116409,0,0.0,0.0,0.0,0.0,0.0,0.0,0
36.889,4.068320447725129e-12,-1.6719651820158467e-23,-4.891709613255917e-12,1e-12,1e-12,1e-12,0.0,0.0,3.0,3.0,4.242640687116409,0,0.0,0.0,0.0,0.0,0.0,0.0,0
36.989,4.0683204434279935e-12,-1.671965179913814e-23,-4.891709550553833e-12,1e-12,1e-12,1e-12,0.0,0.0,3.0,3.0,4.242640687116409,0,0.0,0.0,0.0,0.0,0.0,0.0,0
37.089,4.0683204411265024e-12,-1.6719651787879903e-23,-4.891709488869492e-12,1e-12,1e-12,1e-12,0.0,0.0,3.0,3.0,4.242640687116409,0,0.0,0.0,0.0,0.0,0.0,0.0,0
37.189,4.068320439739852e-12,-1.6719651781096816e-23,-4.891709451490982e-12,1e-12,1e-12,1e-12,0.0,0.0,3.0,3.0,4.242640687116409,0,0.0,0.0,0.0,0.0,0.0,0.0,0
37.289,4.068320436652065e-12,-1.6719651765992242e-23,-4.891709376210028e-12,1e-12,1e-12,1e-12,0.0,0.0,3.0,3.0,4.242640687116409,0,0.0,0.0,0.0,0.0,0.0,0.0,0
37.369,4.068320433009283e-12,-1.671965174817282e-23,-4.8917093274898936e-12,1e-12,1e-12,1e-12,0.0,0.0,3.0,3.0,4.242640687116409,0,0.0,0.0,0.0,0.0,0.0,0.0,0
37.489,4.068320429835818e-12,-1.6719651732649134e-23,-4.891709267392383e-12,1e-12,1e-12,1e-12,0.0,0.0,3.0,3.0,4.242640687116409,0,0.0,0.0,0.0,0.0,0.0,0.0,0
37.569,4.068320427619905e-12,-1.6719651721809524e-23,-4.891709219124406e-12,1e-12,1e-12,1e-12,0.0,0.0,3.0,3.0,4.242640687116409,0,0.0,0.0,0.0,0.0,0.0,0.0,0
37.669,4.068320423099818e-12,-1.6719651699698566e-23,-4.89170917261805e-12,1e-12,1e-12,1e-12,0.0,0.0,3.0,3.0,4.242640687116409,0,0.0,0.0,0.0,0.0,0.0,0.0,0
37.769,4.068320421660794e-12,-1.6719651692659307e-23,-4.891709138172862e-12,1e-12,1e-12,1e-12,0.0,0.0,3.0,3.0,4.242640687116409,0,0.0,0.0,0.0,0.0,0.0,0.0,0
37.869,4.0683204183618764e-12,-1.6719651676521964e-23,-4.891709068466805e-12,1e-12,1e-12,1e-12,0.0,0.0,3.0,3.0,4.242640687116409,0,0.0,0.0,0.0,0.0,0.0,0.0,0
37.969,4.0683204131147725e-12,-1.671965165085465e-23,-4.891709010651055e-12,1e-12,1e-12,1e-12,0.0,0.0,3.0,3.0,4.242640687116409,0,0.0,0.0,0.0,0.0,0.0,0.0,0
38.069,4.068320410555581e-12,-1.6719651638335825e-23,-4.8917089711091926e-12,1e-12,1e-12,1e-12,0.0,0.0,3.0,3.0,4.242640687116409,0,0.0,0.0,0.0,0.0,0.0,0.0,0
38.169,4.0683204081140966e-12,-1.6719651626392837e-23,-4.8917089088140446e-12,1e-12,1e-12,1e-12,0.0,0.0,3.0,3.0,4.242640687116409,0,0.0,0.0,0.0,0.0,0.0,0.0,0
38.269,4.068320406885387e-12,-1.6719651620382335e-23,-4.8917088459091505e-12,1e-12,1e-12,1e-12,0.0,0.0,3.0,3.0,4.242640687116409,0,0.0,0.0,0.0,0.0,0.0,0.0,0
38.369,4.068320406425164e-12,-1.6719651618131055e-23,-4.891708784627907e-12,1e-12,1e-12,1e-12,0.0,0.0,3.0,3.0,4.242640687116409,0,0.0,0.0,0.0,0.0,0.0,0.0,0
38.469,4.068320400453793e-12,-1.6719651588920834e-23,-4.891708726410655e-12,1e-12,1e-12,1e-12,0.0,0.0,3.0,3.0,4.242640687116409,0,0.0,0.0,0.0,0.0,0.0,0.0,0
38.569,4.068320396708599e-12,-1.671965157060042e-23,-4.8917086713659036e-12,1e-12,1e-12,1e-12,0.0,0.0,3.0,3.0,4.242640687116409,0,0.0,0.0,0.0,0.0,0.0,0.0,0
38.669,4.068320395358037e-12,-1.6719651563993874e-23,-4.891708615637553e-12,1e-12,1e-12,1e-12,0.0,0.0,3.0,3.0,4.242640687116409,0,0.0,0.0,0.0,0.0,0.0,0.0,0
38.769,4.068320392913849e-12,-1.6719651552037624e-23,-4.891708568365723e-12,1e-12,1e-12,1e-12,0.0,0.0,3.0,3.0,4.242640687116409,0,0.0,0.0,0.0,0.0,0.0,0.0,0
38.869,4.0683203912445315e-12,-1.671965154387182e-23,-4.8917085561557314e-12,1e-12,1e-12,1e-12,0.0,0.0,3.0,3.0,4.242640687116409,0,0.0,0.0,0.0,0.0,0.0,0.0,0
38.969,4.0683203865262844e-12,-1.671965152079151e-23,-4.891708490240102e-12,1e-12,1e-12,1e-12,0.0,0.0,3.0,3.0,4.242640687116409,0,0.0,0.0,0.0,0.0,0.0,0.0,0
39.069,4.0683203834201905e-12,-1.671965150559737e-23,-4.891708443323444e-12,1e-12,1e-12,1e-12,0.0,0.0,3.0,3.0,4.242640687116409,0,0.0,0.0,0.0,0.0,0.0,0.0,0
39.169,4.068320381581756e-12,-1.6719651496604284e-23,-4.891708419008406e-12,1e-12,1e-12,1e-12,0.0,0.0,3.0,3.0,4.242640687116409,0,0.0,0.0,0.0,0.0,0.0,0.0,0
39.289,4.068320380514294e-12,-1.67196514913826e-23,-4.891708374952094e-12,1e-12,1e-12,1e-12,0.0,0.0,3.0,3.0,4.242640687116409,0,0.0,0.0,0.0,0.0,0.0,0.0,0
39.369,4.0683203789066084e-12,-1.6719651483518282e-23,-4.8917083375796895e-12,1e-12,1e-12,1e-12,0.0,0.0,3.0,3.0,4.242640687116409,0,0.0,0.0,0.0,0.0,0.0,0.0,0
39.469,4.068320376073571e-12,-1.6719651469659888e-23,-4.891708291095315e-12,1e-12,1e-12,1e-12,0.0,0.0,3.0,3.0,4.242640687116409,0,0.0,0.0,0.0,0.0,0.0,0.0,0
39.549,4.0683203755915e-12,-1.671965146730173e-23,-4.891708248708385e-12,1e-12,1e-12,1e-12,0.0,0.0,3.0,3.0,4.242640687116409,0,0.0,0.0,0.0,0.0,0.0,0.0,0
39.689,4.068320366807218e-12,-1.671965142433159e-23,-4.891708191895634e-12,1e-12,1e-12,1e-12,0.0,0.0,3.0,3.0,4.242640687116409,0,0.0,0.0,0.0,0.0,0.0,0.0,0
39.789,4.068320362987319e-12,-1.671965140564578e-23,-4.891708149115089e-12,1e-12,1e-12,1e-12,0.0,0.0,3.0,3.0,4.242640687116409,0,0.0,0.0,0.0,0.0,0.0,0.0,0
39.889,4.0683203604573885e-12,-1.6719651393270117e-23,-4.8917080868911414e-12,1e-12,1e-12,1e-12,0.0,0.0,3.0,3.0,4.242640687116409,0,0.0,0.0,0.0,0.0,0.0,0.0,0
39.989,4.068320356857799e-12,-1.6719651375661996e-23,-4.891708042016462e-12,1e-12,1e-12,1e-12,0.0,0.0,3.0,3.0,4.242640687116409,0,0.0,0.0,0.0,0.0,0.0,0.0,0
40.089,4.068320352735413e-12,-1.671965135549648e-23,-4.891707972652612e-12,1e-12,1e-12,1e-12,0.0,0.0,3.0,3.0,4.242640687116409,0,0.0,0.0,0.0,0.0,0.0,0.0,0
40.189,4.068320351078877e-12,-1.6719651347393203e-23,-4.8917079376332e-12,1e-12,1e-12,1e-12,0.0,0.0,3.0,3.0,4.242640687116409,0,0.0,0.0,0.0,0.0,0.0,0.0,0
40.289,4.068320349481077e-12,-1.6719651339577223e-23,-4.891707884786576e-12,1e-12,1e-12,1e-12,0.0,0.0,3.0,3.0,4.242640687116409,0,0.0,0.0,0.0,0.0,0.0,0.0,0
40.389,4.068320348397941e-12,-1.6719651334278824e-23,-4.891707829490836e-12,1e-12,1e-12,1e-12,0.0,0.0,3.0,3.0,4.242640687116409,0,0.0,0.0,0.0,0.0,0.0,0.0,0
40.489,4.068320344696502e-12,-1.6719651316172443e-23,-4.891707775143433e-12,1e-12,1e-12,1e-12,0.0,0.0,3.0,3.0,4.242640687116409,0,0.0,0.0,0.0,0.0,0.0,0.0,0
40.589,4.068320342847326e-12,-1.671965130712681e-23,-4.891707709694236e-12,1e-12,1e-12,1e-12,0.0,0.0,3.0,3.0,4.242640687116409,0,0.0,0.0,0.0,0.0,0.0,0.0,0
40.689,4.068320342871403e-12,-1.6719651307244593e-23,-4.891707644875182e-12,1e-12,1e-12,1e-12,0.0,0.0,3.0,3.0,4.242640687116409,0,0.0,0.0,0.0,0.0,0.0,0.0,0
40.789,4.0683203402077244e-12,-1.6719651294214676e-23,-4.891707600852785e-12,1e-12,1e-12,1e-12,0.0,0.0,3.0,3.0,4.242640687116409,0,0.0,0.0,0.0,0.0,0.0,0.0,0
40.869,4.0683203391098764e-12,-1.6719651288844312e-23,-4.891707561132016e-12,1e-12,1e-12,1e-12,0.0,0.0,3.0,3.0,4.242640687116409,0,0.0,0.0,0.0,0.0,0.0,0.0,0
40.969,4.068320334664246e-12,-1.6719651267097576e-23,-4.891707493777694e-12,1e-12,1e-12,1e-12,0.0,0.0,3.0,3.0,4.242640687116409,0,0.0,0.0,0.0,0.0,0.0,0.0,0
41.069,4.06832033475963e-12,-1.6719651267564162e-23,-4.8917074294923804e-12,1e-12,1e-12,1e-12,0.0,0.0,3.0,3.0,4.242640687116409,0,0.0,0.0,0.0,0.0,0.0,0.0,0
41.169,4.068320332407722e-12,-1.6719651256059334e-23,-4.891707375915079e-12,1e-12,1e-12,1e-12,0.0,0.0,3.0,3.0,4.242640687116409,0,0.0,0.0,0.0,0.0,0.0,0.0,0
41.269,4.0683203311430075e-12,-1.671965124987273e-23,-4.891707352919092e-12,1e-12,1e-12,1e-12,0.0,0.0,3.0,3.0,4.242640687116409,0,0.0,0.0,0.0,0.0,0.0,0.0,0
41.369,4.068320328101088e-12,-1.671965123499254e-23,-4.8917073047913795e-12,1e-12,1e-12,1e-12,0.0,0.0,3.0,3.0,4.242640687116409,0,0.0,0.0,0.0,0.0,0.0,0.0,0
41.469,4.06832032627888e-12,-1.6719651226078833e-23,-4.8917072653250456e-12,1e-12,1e-12,1e-12,0.0,0.0,3.0,3.0,4.242640687116409,0,0.0,0.0,0.0,0.0,0.0,0.0,0
41.569,4.068320326561999e-12,-1.6719651227463774e-23,-4.891707237644845e-12,1e-12,1e-12,1e-12,0.0,0.0,3.0,3.0,4.242640687116409,0,0.0,0.0,0.0,0.0,0.0,0.0,0
41.669,4.068320325093689e-12,-1.6719651220281248e-23,-4.891707200951009e-12,1e-12,1e-12,1e-12,0.0,0.0,3.0,3.0,4.242640687116409,0,0.0,0.0,0.0,0.0,0.0,0.0,0
41.769,4.068320320807376e-12,-1.6719651199313852e-23,-4.891707151940724e-12,1e-12,1e-12,1e-12,0.0,0.0,3.0,3.0,4.242640687116409,0,0.0,0.0,0.0,0.0,0.0,0.0,0
41.889,4.068320316098059e-12,-1.671965117627727e-23,-4.891707108514981e-12,1e-12,1e-12,1e-12,0.0,0.0,3.0,3.0,4.242640687116409,0,0.0,0.0,0.0,0.0,0.0,0.0,0
41.969,4.068320316237665e-12,-1.6719651176960205e-23,-4.8917070661126e-12,1e-12,1e-12,1e-12,0.0,0.0,3.0,3.0,4.242640687116409,0,0.0,0.0,0.0,0.0,0.0,0.0,0
42.069,4.06832031392903e-12,-1.671965116566703e-23,-4.89170701450808e-12,1e-12,1e-12,1e-12,0.0,0.0,3.0,3.0,4.242640687116409,0,0.0,0.0,0.0,0.0,0.0,0.0,0
42.169,4.0683203145461536e-12,-1.671965116868579e-23,-4.891706973049549e-12,1e-12,1e-12,1e-12,0.0,0.0,3.0,3.0,4.242640687116409,0,0.0,0.0,0.0,0.0,0.0,0.0,0
42.269,4.068320311233219e-12,-1.6719651152479888e-23,-4.891706907984762e-12,1e-12,1e-12,1e-12,0.0,0.0,3.0,3.0,4.242640687116409,0,0.0,0.0,0.0,0.0,0.0,0.0,0
42.389,4.068320307753638e-12,-1.6719651135458804e-23,-4.891706845934005e-12,1e-12,1e-12,1e-12,0.0,0.0,3.0,3.0,4.242640687116409,0,0.0,0.0,0.0,0.0,0.0,0.0,0
42.469,4.0683203058488664e-12,-1.6719651126141242e-23,-4.8917068087907934e-12,1e-12,1e-12,1e-12,0.0,0.0,3.0,3.0,4.242640687116409,0,0.0,0.0,0.0,0.0,0.0,0.0,0
42.589,4.068320304916652e-12,-1.6719651121581117e-23,-4.891706745623147e-12,1e-12,1e-12,1e-12,0.0,0.0,3.0,3.0,4.242640687116409,0,0.0,0.0,0.0,0.0,0.0,0.0,0
42.669,4.06832030365204e-12,-1.671965111539501e-23,-4.891706717955377e-12,1e-12,1e-12,1e-12,0.0,0.0,3.0,3.0,4.242640687116409,0,0.0,0.0,0.0,0.0,0.0,0.0,0
42.789,4.0683203001301e-12,-1.6719651098166727e-23,-4.891706663158542e-12,1e-12,1e-12,1e-12,0.0,0.0,3.0,3.0,4.242640687116409,0,0.0,0.0,0.0,0.0,0.0,0.0,0
42.849,4.068320299158628e-12,-1.6719651093414562e-23,-4.891706638246149e-12,1e-12,1e-12,1e-12,0.0,0.0,3.0,3.0,4.242640687116409,0,0.0,0.0,0.0,0.0,0.0,0.0,0
42.989,4.068320297646689e-12,-1.671965108601861e-23,-4.891706546765052e-12,1e-12,1e-12,1e-12,0.0,0.0,3.0,3.0,4.242640687116409,0,0.0,0.0,0.0,0.0,0.0,0.0,0
43.089,4.068320296843453e-12,-1.6719651082089415e-23,-4.891706502670409e-12,1e-12,1e-12,1e-12,0.0,0.0,3.0,3.0,4.242640687116409,0,0.0,0.0,0.0,0.0,0.0,0.0,0
43.189,4.068320294465031e-12,-1.6719651070454874e-23,-4.891706451341496e-12,1e-12,1e-12,1e-12,0.0,0.0,3.0,3.0,4.242640687116409,0,0.0,0.0,0.0,0.0,0.0,0.0,0
43.289,4.0683202915729165e-12,-1.6719651056307488e-23,-4.8917063963639256e-12,1e-12,1e-12,1e-12,0.0,0.0,3.0,3.0,4.242640687116409,0,0.0,0.0,0.0,0.0,0.0,0.0,0
43.389,4.068320289721426e-12,-1.6719651047250533e-23,-4.891706331276665e-12,1e-12,1e-12,1e-12,0.0,0.0,3.0,3.0,4.242640687116409,0,0.0,0.0,0.0,0.0,0.0,0.0,0
43.489,4.06832028561784e-12,-1.6719651027176984e-23,-4.8917062634538615e-12,1e-12,1e-12,1e-12,0.0,0.0,3.0,3.0,4.242640687116409,0,0.0,0.0,0.0,0.0,0.0,0.0,0
43.589,4.068320281702615e-12,-1.6719651008024848e-23,-4.891706237561919e-12,1e-12,1e-12,1e-12,0.0,0.0,3.0,3.0,4.242640687116409,0,0.0,0.0,0.0,0.0,0.0,0.0,0
43.689,4.068320280566251e-12,-1.6719651002466097e-23,-4.891706220935709e-12,1e-12,1e-12,1e-12,0.0,0.0,3.0,3.0,4.242640687116409,0,0.0,0.0,0.0,0.0,0.0,0.0,0
43.789,4.068320277584735e-12,-1.6719650987881383e-23,-4.891706165912714e-12,1e-12,1e-12,1e-12,0.0,0.0,3.0,3.0,4.242640687116409,0,0.0,0.0,0.0,0.0,0.0,0.0,0
43.889,4.0683202759887005e-12,-1.6719650980074058e-23,-4.891706132002532e-12,1e-12,1e-12,1e-12,0.0,0.0,3.0,3.0,4.242640687116409,0,0.0,0.0,0.0,0.0,0.0,0.0,0
43.989,4.0683202729972955e-12,-1.6719650965440975e-23,-4.891706095814172e-12,1e-12,1e-12,1e-12,0.0,0.0,3.0,3.0,4.242640687116409,0,0.0,0.0,0.0,0.0,0.0,0.0,0
44.089,4.0683202690380545e-12,-1.6719650946073563e-23,-4.891706070645444e-12,1e-12,1e-12,1e-12,0.0,0.0,3.0,3.0,4.242640687116409,0,0.0,0.0,0.0,0.0,0.0,0.0,0
44.169,4.0683202650038e-12,-1.6719650926339193e-23,-4.891706040075569e-12,1e-12,1e-12,1e-12,0.0,0.0,3.0,3.0,4.242640687116409,0,0.0,0.0,0.0,0.0,0.0,0.0,0
44.269,4.0683202624558334e-12,-1.6719650913875303e-23,-4.891705959213269e-12,1e-12,1e-12,1e-12,0.0,0.0,3.0,3.0,4.242640687116409,0,0.0,0.0,0.0,0.0,0.0,0.0,0
44.369,4.068320259013658e-12,-1.6719650897037208e-23,-4.891705893179464e-12,1e-12,1e-12,1e-12,0.0,0.0,3.0,3.0,4.242640687116409,0,0.0,0.0,0.0,0.0,0.0,0.0,0
44.469,4.0683202545051955e-12,-1.671965087498314e-23,-4.891705845890709e-12,1e-12,1e-12,1e-12,0.0,0.0,3.0,3.0,4.242640687116409,0,0.0,0.0,0.0,0.0,0.0,0.0,0
44.569,4.068320255296164e-12,-1.6719650878852372e-23,-4.8917057845375075e-12,1e-12,1e-12,1e-12,0.0,0.0,3.0,3.0,4.242640687116409,0,0.0,0.0,0.0,0.0,0.0,0.0,0
44.669,4.068320252814063e-12,-1.6719650866710655e-23,-4.89170572050923e-12,1e-12,1e-12,1e-12,0.0,0.0,3.0,3.0,4.242640687116409,0,0.0,0.0,0.0,0.0,0.0,0.0,0
44.769,4.068320252802149e-12,-1.6719650866652404e-23,-4.891705683522877e-12,1e-12,1e-12,1e-12,0.0,0.0,3.0,3.0,4.242640687116409,0,0.0,0.0,0.0,0.0,0.0,0.0,0
44.869,4.068320251361649e-12,-1.6719650859605912e-23,-4.891705617018108e-12,1e-12,1e-12,1e-12,0.0,0.0,3.0,3.0,4.242640687116409,0,0.0,0.0,0.0,0.0,0.0,0.0,0
44.989,4.068320252775858e-12,-1.67196508665238e-23,-4.891705568352801e-12,1e-12,1e-12,1e-12,0.0,0.0,3.0,3.0,4.242640687116409,0,0.0,0.0,0.0,0.0,0.0,0.0,0
45.069,4.068320248644154e-12,-1.671965084631274e-23,-4.891705523061241e-12,1e-12,1e-12,1e-12,0.0,0.0,3.0,3.0,4.242640687116409,0,0.0,0.0,0.0,0.0,0.0,0.0,0
45.169,4.068320246314372e-12,-1.6719650834916146e-23,-4.8917054749528565e-12,1e-12,1e-12,1e-12,0.0,0.0,3.0,3.0,4.242640687116409,0,0.0,0.0,0.0,0.0,0.0,0.0,0
45.269,4.0683202435877895e-12,-1.67196508215785e-23,-4.891705428340446e-12,1e-12,1e-12,1e-12,0.0,0.0,3.0,3.0,4.242640687116409,0,0.0,0.0,0.0,0.0,0.0,0.0,0
45.389,4.068320239112005e-12,-1.6719650799684282e-23,-4.891705370623904e-12,1e-12,1e-12,1e-12,0.0,0.0,3.0,3.0,4.242640687116409,0,0.0,0.0,0.0,0.0,0.0,0.0,0
45.469,4.0683202373719004e-12,-1.671965079117219e-23,-4.89170534161875e-12,1e-12,1e-12,1e-12,0.0,0.0,3.0,3.0,4.242640687116409,0,0.0,0.0,0.0,0.0,0.0,0.0,0
45.589,4.068320233271773e-12,-1.6719650771115573e-23,-4.891705285851122e-12,1e-12,1e-12,1e-12,0.0,0.0,3.0,3.0,4.242640687116409,0,0.0,0.0,0.0,0.0,0.0,0.0,0
45.669,4.06832023040149e-12,-1.6719650757075004e-23,-4.891705247864151e-12,1e-12,1e-12,1e-12,0.0,0.0,3.0,3.0,4.242640687116409,0,0.0,0.0,0.0,0.0,0.0,0.0,0
45.769,4.068320226342321e-12,-1.6719650737218738e-23,-4.891705204659121e-12,1e-12,1e-12,1e-12,0.0,0.0,3.0,3.0,4.242640687116409,0,0.0,0.0,0.0,0.0,0.0,0.0,0
45.889,4.068320221841942e-12,-1.6719650715204218e-23,-4.891705135196268e-12,1e-12,1e-12,1e-12,0.0,0.0,3.0,3.0,4.242640687116409,0,0.0,0.0,0.0,0.0,0.0,0.0,0
45.969,4.06832022098864e-12,-1.6719650711030138e-23,-4.891705095472641e-12,1e-12,1e-12,1e-12,0.0,0.0,3.0,3.0,4.242640687116409,0,0.0,0.0,0.0,0.0,0.0,0.0,0
46.069,4.068320217924519e-12,-1.6719650696041353e-23,-4.891705053195007e-12,1e-12,1e-12,1e-12,0.0,0.0,3.0,3.0,4.242640687116409,0,0.0,0.0,0.0,0.0,0.0,0.0,0
46.149,4.068320215519743e-12,-1.6719650684277896e-23,-4.891705022266304e-12,1e-12,1e-12,1e-12,0.0,0.0,3.0,3.0,4.242640687116409,0,0.0,0.0,0.0,0.0,0.0,0.0,0
46.249,4.0683202148352305e-12,-1.671965068092948e-23,-4.891704980844079e-12,1e-12,1e-12,1e-12,0.0,0.0,3.0,3.0,4.242640687116409,0,0.0,0.0,0.0,0.0,0.0,0.0,0
46.389,4.068320210213999e-12,-1.6719650658323807e-23,-4.8917049274856865e-12,1e-12,1e-12,1e-12,0.0,0.0,3.0,3.0,4.242640687116409,0,0.0,0.0,0.0,0.0,0.0,0.0,0
46.489,4.0683202100215644e-12,-1.6719650657382477e-23,-4.891704866793331e-12,1e-12,1e-12,1e-12,0.0,0.0,3.0,3.0,4.242640687116409,0,0.0,0.0,0.0,0.0,0.0,0.0,0
46.589,4.0683202087319575e-12,-1.67196506510741e-23,-4.891704807285376e-12,1e-12,1e-12,1e-12,0.0,0.0,3.0,3.0,4.242640687116409,0,0.0,0.0,0.0,0.0,0.0,0.0,0
46.689,4.068320206758152e-12,-1.671965064141884e-23,-4.891704746084362e-12,1e-12,1e-12,1e-12,0.0,0.0,3.0,3.0,4.242640687116409,0,0.0,0.0,0.0,0.0,0.0,0.0,0
46.789,4.068320201116434e-12,-1.671965061382124e-23,-4.891704683723441e-12,1e-12,1e-12,1e-12,0.0,0.0,3.0,3.0,4.242640687116409,0,0.0,0.0,0.0,0.0,0.0,0.0,0
46.889,4.068320199706924e-12,-1.671965060692632e-23,-4.891704620908391e-12,1e-12,1e-12,1e-12,0.0,0.0,3.0,3.0,4.242640687116409,0,0.0,0.0,0.0,0.0,0.0,0.0,0
46.989,4.068320196916594e-12,-1.671965059327683e-23,-4.891704568719945e-12,1e-12,1e-12,1e-12,0.0,0.0,3.0,3.0,4.242640687116409,0,0.0,0.0,0.0,0.0,0.0,0.0,0
47.089,4.068320195149061e-12,-1.6719650584630582e-23,-4.891704513031554e-12,1e-12,1e-12,1e-12,0.0,0.0,3.0,3.0,4.242640687116409,0,0.0,0.0,0.0,0.0,0.0,0.0,0
47.189,4.068320189899721e-12,-1.6719650558952366e-23,-4.891704454513838e-12,1e-12,1e-12,1e-12,0.0,0.0,3.0,3.0,4.242640687116409,0,0.0,0.0,0.0,0.0,0.0,0.0,0
47.289,4.068320186385589e-12,-1.671965054176224e-23,-4.891704407429814e-12,1e-12,1e-12,1e-12,0.0,0.0,3.0,3.0,4.242640687116409,0,0.0,0.0,0.0,0.0,0.0,0.0,0
47.389,4.068320183042815e-12,-1.6719650525410402e-23,-4.891704360683077e-12,1e-12,1e-12,1e-12,0.0,0.0,3.0,3.0,4.242640687116409,0,0.0,0.0,0.0,0.0,0.0,0.0,0
47.469,4.068320179976227e-12,-1.6719650510409548e-23,-4.891704342940381e-12,1e-12,1e-12,1e-12,0.0,0.0,3.0,3.0,4.242640687116409,0,0.0,0.0,0.0,0.0,0.0,0.0,0
47.569,4.0683201783926165e-12,-1.6719650502662958e-23,-4.891704315772454e-12,1e-12,1e-12,1e-12,0.0,0.0,3.0,3.0,4.242640687116409,0,0.0,0.0,0.0,0.0,0.0,0.0,0
47.669,4.068320176068922e-12,-1.671965049129613e-23,-4.891704253915293e-12,1e-12,1e-12,1e-12,0.0,0.0,3.0,3.0,4.242640687116409,0,0.0,0.0,0.0,0.0,0.0,0.0,0
47.769,4.068320174984088e-12,-1.671965048598943e-23,-4.8917042197295374e-12,1e-12,1e-12,1e-12,0.0,0.0,3.0,3.0,4.242640687116409,0,0.0,0.0,0.0,0.0,0.0,0.0,0
47.869,4.068320171533356e-12,-1.67196504691095e-23,-4.891704186090562e-12,1e-12,1e-12,1e-12,0.0,0.0,3.0,3.0,4.242640687116409,0,0.0,0.0,0.0,0.0,0.0,0.0,0
47.969,4.068320169109877e-12,-1.6719650457254552e-23,-4.891704115228238e-12,1e-12,1e-12,1e-12,0.0,0.0,3.0,3.0,4.242640687116409,0,0.0,0.0,0.0,0.0,0.0,0.0,0
48.069,4.068320168085126e-12,-1.6719650452241744e-23,-4.8917040410162605e-12,1e-12,1e-12,1e-12,0.0,0.0,3.0,3.0,4.242640687116409,0,0.0,0.0,0.0,0.0,0.0,0.0,0
48.169,4.068320165430981e-12,-1.6719650439258456e-23,-4.891704000614818e-12,1e-12,1e-12,1e-12,0.0,0.0,3.0,3.0,4.242640687116409,0,0.0,0.0,0.0,0.0,0.0,0.0,0
48.269,4.06832016157906e-12,-1.6719650420415978e-23,-4.891703930620082e-12,1e-12,1e-12,1e-12,0.0,0.0,3.0,3.0,4.242640687116409,0,0.0,0.0,0.0,0.0,0.0,0.0,0
48.369,4.068320157223852e-12,-1.6719650399111586e-23,-4.891703887411955e-12,1e-12,1e-12,1e-12,0.0,0.0,3.0,3.0,4.242640687116409,0,0.0,0.0,0.0,0.0,0.0,0.0,0
48.469,4.0683201544725145e-12,-1.6719650385652846e-23,-4.891703839978686e-12,1e-12,1e-12,1e-12,0.0,0.0,3.0,3.0,4.242640687116409,0,0.0,0.0,0.0,0.0,0.0,0.0,0
48.569,4.068320150757804e-12,-1.6719650367481584e-23,-4.891703774836309e-12,1e-12,1e-12,1e-12,0.0,0.0,3.0,3.0,4.242640687116409,0,0.0,0.0,0.0,0.0,0.0,0.0,0
48.669,4.0683201479435545e-12,-1.6719650353715114e-23,-4.891703692368851e-12,1e-12,1e-12,1e-12,0.0,0.0,3.0,3.0,4.242640687116409,0,0.0,0.0,0.0,0.0,0.0,0.0,0
48.789,4.068320142373585e-12,-1.6719650326468477e-23,-4.891703634707401e-12,1e-12,1e-12,1e-12,0.0,0.0,3.0,3.0,4.242640687116409,0,0.0,0.0,0.0,0.0,0.0,0.0,0
48.869,4.068320142030325e-12,-1.6719650324789334e-23,-4.891703592866549e-12,1e-12,1e-12,1e-12,0.0,0.0,3.0,3.0,4.242640687116409,0,0.0,0.0,0.0,0.0,0.0,0.0,0
48.969,4.068320141136885e-12,-1.671965032041889e-23,-4.89170353419178e-12,1e-12,1e-12,1e-12,0.0,0.0,3.0,3.0,4.242640687116409,0,0.0,0.0,0.0,0.0,0.0,0.0,0
49.069,4.068320139009548e-12,-1.6719650310012603e-23,-4.891703459240417e-12,1e-12,1e-12,1e-12,0.0,0.0,3.0,3.0,4.242640687116409,0,0.0,0.0,0.0,0.0,0.0,0.0,0
49.169,4.068320135929811e-12,-1.671965029494744e-23,-4.891703413473692e-12,1e-12,1e-12,1e-12,0.0,0.0,3.0,3.0,4.242640687116409,0,0.0,0.0,0.0,0.0,0.0,0.0,0
49.269,4.068320133203356e-12,-1.671965028161042e-23,-4.8917033495764784e-12,1e-12,1e-12,1e-12,0.0,0.0,3.0,3.0,4.242640687116409,0,0.0,0.0,0.0,0.0,0.0,0.0,0
49.369,4.06832013114236e-12,-1.671965027152863e-23,-4.891703302775657e-12,1e-12,1e-12,1e-12,0.0,0.0,3.0,3.0,4.242640687116409,0,0.0,0.0,0.0,0.0,0.0,0.0,0
49.489,4.068320129395101e-12,-1.6719650262981517e-23,-4.891703262899365e-12,1e-12,1e-12,1e-12,0.0,0.0,3.0,3.0,4.242640687116409,0,0.0,0.0,0.0,0.0,0.0,0.0,0
49.589,4.068320125032421e-12,-1.6719650241640573e-23,-4.891703206462121e-12,1e-12,1e-12,1e-12,0.0,0.0,3.0,3.0,4.242640687116409,0,0.0,0.0,0.0,0.0,0.0,0.0,0
49.689,4.068320123523403e-12,-1.6719650234258918e-23,-4.891703152767572e-12,1e-12,1e-12,1e-12,0.0,0.0,3.0,3.0,4.242640687116409,0,0.0,0.0,0.0,0.0,0.0,0.0,0
49.789,4.0683201218358636e-12,-1.6719650226003956e-23,-4.891703121440579e-12,1e-12,1e-12,1e-12,0.0,0.0,3.0,3.0,4.242640687116409,0,0.0,0.0,0.0,0.0,0.0,0.0,0
49.889,4.0683201178115305e-12,-1.67196502063181e-23,-4.891703090939121e-12,1e-12,1e-12,1e-12,0.0,0.0,3.0,3.0,4.242640687116409,0,0.0,0.0,0.0,0.0,0.0,0.0,0
49.989,4.068320113880836e-12,-1.6719650187090318e-23,-4.89170304646934e-12,1e-12,1e-12,1e-12,0.0,0.0,3.0,3.0,4.242640687116409,0,0.0,0.0,0.0,0.0,0.0,0.0,0
50.089,4.068320112473303e-12,-1.6719650180205068e-23,-4.891703016700293e-12,1e-12,1e-12,1e-12,0.0,0.0,3.0,3.0,4.242640687116409,0,0.0,0.0,0.0,0.0,0.0,0.0,0
50.189,4.068320111523101e-12,-1.6719650175556958e-23,-4.89170300157835e-12,1e-12,1e-12,1e-12,0.0,0.0,3.0,3.0,4.242640687116409,0,0.0,0.0,0.0,0.0,0.0,0.0,0
50.289,4.068320110223213e-12,-1.6719650169198254e-23,-4.891702926385683e-12,1e-12,1e-12,1e-12,0.0,0.0,3.0,3.0,4.242640687116409,0,0.0,0.0,0.0,0.0,0.0,0.0,0
50.389,4.068320108242639e-12,-1.6719650159509856e-23,-4.891702867802156e-12,1e-12,1e-12,1e-12,0.0,0.0,3.0,3.0,4.242640687116409,0,0.0,0.0,0.0,0.0,0.0,0.0,0
50.489,4.068320107306109e-12,-1.6719650154928634e-23,-4.8917028125767814e-12,1e-12,1e-12,1e-12,0.0,0.0,3.0,3.0,4.242640687116409,0,0.0,0.0,0.0,0.0,0.0,0.0,0
50.589,4.068320105918487e-12,-1.671965014814078e-23,-4.891702756887713e-12,1e-12,1e-12,1e-12,0.0,0.0,3.0,3.0,4.242640687116409,0,0.0,0.0,0.0,0.0,0.0,0.0,0
50.689,4.0683201063532235e-12,-1.6719650150267364e-23,-4.891702713998706e-12,1e-12,1e-12,1e-12,0.0,0.0,3.0,3.0,4.242640687116409,0,0.0,0.0,0.0,0.0,0.0,0.0,0
50.769,4.068320103874969e-12,-1.6719650138144482e-23,-4.891702687608773e-12,1e-12,1e-12,1e-12,0.0,0.0,3.0,3.0,4.242640687116409,0,0.0,0.0,0.0,0.0,0.0,0.0,0
50.869,4.068320100483864e-12,-1.6719650121556196e-23,-4.891702619770236e-12,1e-12,1e-12,1e-12,0.0,0.0,3.0,3.0,4.242640687116409,0,0.0,0.0,0.0,0.0,0.0,0.0,0
50.969,4.068320098532878e-12,-1.671965011201253e-23,-4.891702563819384e-12,1e-12,1e-12,1e-12,0.0,0.0,3.0,3.0,4.242640687116409,0,0.0,0.0,0.0,0.0,0.0,0.0,0
51.069,4.068320097624234e-12,-1.671965010756769e-23,-4.891702498801747e-12,1e-12,1e-12,1e-12,0.0,0.0,3.0,3.0,4.242640687116409,0,0.0,0.0,0.0,0.0,0.0,0.0,0
51.169,4.0683200916672425e-12,-1.6719650078427846e-23,-4.891702437034991e-12,1e-12,1e-12,1e-12,0.0,0.0,3.0,3.0,4.242640687116409,0,0.0,0.0,0.0,0.0,0.0,0.0,0
51.269,4.068320089613255e-12,-1.6719650068380355e-23,-4.891702364267152e-12,1e-12,1e-12,1e-12,0.0,0.0,3.0,3.0,4.242640687116409,0,0.0,0.0,0.0,0.0,0.0,0.0,0
51.369,4.0683200909462415e-12,-1.6719650074900926e-23,-4.891702313857336e-12,1e-12,1e-12,1e-12,0.0,0.0,3.0,3.0,4.242640687116409,0,0.0,0.0,0.0,0.0,0.0,0.0,0
51.469,4.068320090561914e-12,-1.6719650073020922e-23,-4.891702271011944e-12,1e-12,1e-12,1e-12,0.0,0.0,3.0,3.0,4.242640687116409,0,0.0,0.0,0.0,0.0,0.0,0.0,0
51.569,4.068320089553948e-12,-1.671965006809024e-23,-4.891702225905287e-12,1e-12,1e-12,1e-12,0.0,0.0,3.0,3.0,4.242640687116409,0,0.0,0.0,0.0,0.0,0.0,0.0,0
51.669,4.0683200880453804e-12,-1.6719650060710763e-23,-4.891702185223272e-12,1e-12,1e-12,1e-12,0.0,0.0,3.0,3.0,4.242640687116409,0,0.0,0.0,0.0,0.0,0.0,0.0,0
51.769,4.06832008418136e-12,-1.6719650041809131e-23,-4.891702135170337e-12,1e-12,1e-12,1e-12,0.0,0.0,3.0,3.0,4.242640687116409,0,0.0,0.0,0.0,0.0,0.0,0.0,0
51.869,4.068320081174151e-12,-1.6719650027098766e-23,-4.89170212124623e-12,1e-12,1e-12,1e-12,0.0,0.0,3.0,3.0,4.242640687116409,0,0.0,0.0,0.0,0.0,0.0,0.0,0
51.969,4.0683200809957724e-12,-1.67196500262262e-23,-4.8917020238292395e-12,1e-12,1e-12,1e-12,0.0,0.0,3.0,3.0,4.242640687116409,0,0.0,0.0,0.0,0.0,0.0,0.0,0
52.089,4.068320078067864e-12,-1.6719650011903762e-23,-4.891701968339606e-12,1e-12,1e-12,1e-12,0.0,0.0,3.0,3.0,4.242640687116409,0,0.0,0.0,0.0,0.0,0.0,0.0,0
52.169,4.06832007460772e-12,-1.671964999497775e-23,-4.891701913816316e-12,1e-12,1e-12,1e-12,0.0,0.0,3.0,3.0,4.242640687116409,0,0.0,0.0,0.0,0.0,0.0,0.0,0
52.289,4.068320071331876e-12,-1.6719649978953297e-23,-4.891701848159291e-12,1e-12,1e-12,1e-12,0.0,0.0,3.0,3.0,4.242640687116409,0,0.0,0.0,0.0,0.0,0.0,0.0,0
52.369,4.06832007002084e-12,-1.671964997254012e-23,-4.891701818751892e-12,1e-12,1e-12,1e-12,0.0,0.0,3.0,3.0,4.242640687116409,0,0.0,0.0,0.0,0.0,0.0,0.0,0
52.469,4.068320067450968e-12,-1.6719649959969075e-23,-4.891701766286888e-12,1e-12,1e-12,1e-12,0.0,0.0,3.0,3.0,4.242640687116409,0,0.0,0.0,0.0,0.0,0.0,0.0,0
52.589,4.0683200672655315e-12,-1.671964995906194e-23,-4.891701690795641e-12,1e-12,1e-12,1e-12,0.0,0.0,3.0,3.0,4.242640687116409,0,0.0,0.0,0.0,0.0,0.0,0.0,0
52.689,4.068320063949574e-12,-1.6719649942841268e-23,-4.891701630666907e-12,1e-12,1e-12,1e-12,0.0,0.0,3.0,3.0,4.242640687116409,0,0.0,0.0,0.0,0.0,0.0,0.0,0
52.789,4.06832006359195e-12,-1.6719649941091906e-23,-4.891701557044177e-12,1e-12,1e-12,1e-12,0.0,0.0,3.0,3.0,4.242640687116409,0,0.0,0.0,0.0,0.0,0.0,0.0,0
52.889,4.0683200627102915e-12,-1.6719649936779131e-23,-4.891701515312881e-12,1e-12,1e-12,1e-12,0.0,0.0,3.0,3.0,4.242640687116409,0,0.0,0.0,0.0,0.0,0.0,0.0,0
52.989,4.068320059994046e-12,-1.671964992349205e-23,-4.891701459635604e-12,1e-12,1e-12,1e-12,0.0,0.0,3.0,3.0,4.242640687116409,0,0.0,0.0,0.0,0.0,0.0,0.0,0
53.089,4.068320057116769e-12,-1.6719649909417276e-23,-4.891701412597483e-12,1e-12,1e-12,1e-12,0.0,0.0,3.0,3.0,4.242640687116409,0,0.0,0.0,0.0,0.0,0.0,0.0,0
53.189,4.068320055493628e-12,-1.6719649901477326e-23,-4.89170134946998e-12,1e-12,1e-12,1e-12,0.0,0.0,3.0,3.0,4.242640687116409,0,0.0,0.0,0.0,0.0,0.0,0.0,0
53.289,4.068320054373226e-12,-1.6719649895996645e-23,-4.891701310481526e-12,1e-12,1e-12,1e-12,0.0,0.0,3.0,3.0,4.242640687116409,0,0.0,0.0,0.0,0.0,0.0,0.0,0
53.389,4.068320053567016e-12,-1.671964989205293e-23,-4.891701276285787e-12,1e-12,1e-12,1e-12,0.0,0.0,3.0,3.0,4.242640687116409,0,0.0,0.0,0.0,0.0,0.0,0.0,0
53.489,4.068320050177661e-12,-1.671964987547319e-23,-4.891701197022906e-12,1e-12,1e-12,1e-12,0.0,0.0,3.0,3.0,4.242640687116409,0,0.0,0.0,0.0,0.0,0.0,0.0,0
53.589,4.068320048082012e-12,-1.6719649865221883e-23,-4.891701147959771e-12,1e-12,1e-12,1e-12,0.0,0.0,3.0,3.0,4.242640687116409,0,0.0,0.0,0.0,0.0,0.0,0.0,0
53.689,4.068320044861828e-12,-1.6719649849469735e-23,-4.891701113884674e-12,1e-12,1e-12,1e-12,0.0,0.0,3.0,3.0,4.242640687116409,0,0.0,0.0,0.0,0.0,0.0,0.0,0
53.789,4.068320041611736e-12,-1.6719649833571256e-23,-4.891701072215053e-12,1e-12,1e-12,1e-12,0.0,0.0,3.0,3.0,4.242640687116409,0,0.0,0.0,0.0,0.0,0.0,0.0,0
53.889,4.0683200382072695e-12,-1.6719649816917628e-23,-4.891701010634838e-12,1e-12,1e-12,1e-12,0.0,0.0,3.0,3.0,4.242640687116409,0,0.0,0.0,0.0,0.0,0.0,0.0,0
53.989,4.0683200378006125e-12,-1.6719649814928404e-23,-4.891700979146276e-12,1e-12,1e-12,1e-12,0.0,0.0,3.0,3.0,4.242640687116409,0,0.0,0.0,0.0,0.0,0.0,0.0,0
54.069,4.068320034484987e-12,-1.671964979870938e-23,-4.891700921741311e-12,1e-12,1e-12,1e-12,0.0,0.0,3.0,3.0,4.242640687116409,0,0.0,0.0,0.0,0.0,0.0,0.0,0
54.169,4.068320034066903e-12,-1.6719649796664237e-23,-4.8917008577670974e-12,1e-12,1e-12,1e-12,0.0,0.0,3.0,3.0,4.242640687116409,0,0.0,0.0,0.0,0.0,0.0,0.0,0
54.269,4.06832003049758e-12,-1.671964977920415e-23,-4.891700821368566e-12,1e-12,1e-12,1e-12,0.0,0.0,3.0,3.0,4.242640687116409,0,0.0,0.0,0.0,0.0,0.0,0.0,0
54.369,4.068320027428682e-12,-1.671964976419202e-23,-4.891700762454854e-12,1e-12,1e-12,1e-12,0.0,0.0,3.0,3.0,4.242640687116409,0,0.0,0.0,0.0,0.0,0.0,0.0,0
54.469,4.068320027017118e-12,-1.6719649762178788e-23,-4.891700716426926e-12,1e-12,1e-12,1e-12,0.0,0.0,3.0,3.0,4.242640687116409,0,0.0,0.0,0.0,0.0,0.0,0.0,0
54.569,4.068320024728346e-12,-1.671964975098281e-23,-4.891700687756836e-12,1e-12,1e-12,1e-12,0.0,0.0,3.0,3.0,4.242640687116409,0,0.0,0.0,0.0,0.0,0.0,0.0,0
54.669,4.068320025315273e-12,-1.671964975385388e-23,-4.891700649118019e-12,1e-12,1e-12,1e-12,0.0,0.0,3.0,3.0,4.242640687116409,0,0.0,0.0,0.0,0.0,0.0,0.0,0
54.769,4.0683200220249744e-12,-1.6719649737758728e-23,-4.891700604930151e-12,1e-12,1e-12,1e-12,0.0,0.0,3.0,3.0,4.242640687116409,0,0.0,0.0,0.0,0.0,0.0,0.0,0
54.869,4.068320018906869e-12,-1.6719649722505875e-23,-4.891700562971107e-12,1e-12,1e-12,1e-12,0.0,0.0,3.0,3.0,4.242640687116409,0,0.0,0.0,0.0,0.0,0.0,0.0,0
54.989,4.0683200167872345e-12,-1.6719649712137274e-23,-4.891700501839374e-12,1e-12,1e-12,1e-12,0.0,0.0,3.0,3.0,4.242640687116409,0,0.0,0.0,0.0,0.0,0.0,0.0,0
55.069,4.068320015603457e-12,-1.6719649706346604e-23,-4.891700454249496e-12,1e-12,1e-12,1e-12,0.0,0.0,3.0,3.0,4.242640687116409,0,0.0,0.0,0.0,0.0,0.0,0.0,0
55.189,4.0683200142128634e-12,-1.6719649699544238e-23,-4.891700392906491e-12,1e-12,1e-12,1e-12,0.0,0.0,3.0,3.0,4.242640687116409,0,0.0,0.0,0.0,0.0,0.0,0.0,0
55.269,4.0683200123752066e-12,-1.671964969055494e-23,-4.891700342160848e-12,1e-12,1e-12,1e-12,0.0,0.0,3.0,3.0,4.242640687116409,0,0.0,0.0,0.0,0.0,0.0,0.0,0
55.369,4.06832001101323e-12,-1.6719649683892578e-23,-4.891700306827642e-12,1e-12,1e-12,1e-12,0.0,0.0,3.0,3.0,4.242640687116409,0,0.0,0.0,0.0,0.0,0.0,0.0,0
55.469,4.068320011549397e-12,-1.671964968651533e-23,-4.89170025614562e-12,1e-12,1e-12,1e-12,0.0,0.0,3.0,3.0,4.242640687116409,0,0.0,0.0,0.0,0.0,0.0,0.0,0
55.589,4.068320008496327e-12,-1.6719649671580606e-23,-4.8917002096480185e-12,1e-12,1e-12,1e-12,0.0,0.0,3.0,3.0,4.242640687116409,0,0.0,0.0,0.0,0.0,0.0,0.0,0
55.669,4.068320007869562e-12,-1.6719649668514673e-23,-4.891700172126083e-12,1e-12,1e-12,1e-12,0.0,0.0,3.0,3.0,4.242640687116409,0,0.0,0.0,0.0,0.0,0.0,0.0,0
55.769,4.068320004601031e-12,-1.6719649652526e-23,-4.891700118409963e-12,1e-12,1e-12,1e-12,0.0,0.0,3.0,3.0,4.242640687116409,0,0.0,0.0,0.0,0.0,0.0,0.0,0
55.869,4.068320004646548e-12,-1.6719649652748643e-23,-4.8917000737238795e-12,1e-12,1e-12,1e-12,0.0,0.0,3.0,3.0,4.242640687116409,0,0.0,0.0,0.0,0.0,0.0,0.0,0
55.989,4.0683200032909395e-12,-1.6719649646117415e-23,-4.891700022735e-12,1e-12,1e-12,1e-12,0.0,0.0,3.0,3.0,4.242640687116409,0,0.0,0.0,0.0,0.0,0.0,0.0,0
56.089,4.068320003857421e-12,-1.6719649648888466e-23,-4.89169998715496e-12,1e-12,1e-12,1e-12,0.0,0.0,3.0,3.0,4.242640687116409,0,0.0,0.0,0.0,0.0,0.0,0.0,0
56.189,4.068320002958458e-12,-1.6719649644491006e-23,-4.891699923243576e-12,1e-12,1e-12,1e-12,0.0,0.0,3.0,3.0,4.242640687116409,0,0.0,0.0,0.0,0.0,0.0,0.0,0
56.289,4.068319999839853e-12,-1.6719649629235726e-23,-4.891699868279515e-12,1e-12,1e-12,1e-12,0.0,0.0,3.0,3.0,4.242640687116409,0,0.0,0.0,0.0,0.0,0.0,0.0,0
56.389,4.068319998255623e-12,-1.6719649621486153e-23,-4.891699846066409e-12,1e-12,1e-12,1e-12,0.0,0.0,3.0,3.0,4.242640687116409,0,0.0,0.0,0.0,0.0,0.0,0.0,0
56.489,4.068319996756686e-12,-1.6719649614153798e-23,-4.891699808631538e-12,1e-12,1e-12,1e-12,0.0,0.0,3.0,3.0,4.242640687116409,0,0.0,0.0,0.0,0.0,0.0,0.0,0
56.589,4.068319994594408e-12,-1.6719649603576594e-23,-4.8916997297819764e-12,1e-12,1e-12,1e-12,0.0,0.0,3.0,3.0,4.242640687116409,0,0.0,0.0,0.0,0.0,0.0,0.0,0
56.689,4.06831999223548e-12,-1.6719649592037425e-23,-4.891699668639932e-12,1e-12,1e-12,1e-12,0.0,0.0,3.0,3.0,4.242640687116409,0,0.0,0.0,0.0,0.0,0.0,0.0,0
56.789,4.0683199917554324e-12,-1.6719649589689178e-23,-4.891699613044471e-12,1e-12,1e-12,1e-12,0.0,0.0,3.0,3.0,4.242640687116409,0,0.0,0.0,0.0,0.0,0.0,0.0,0
56.889,4.0683199884818684e-12,-1.6719649573675874e-23,-4.891699595834955e-12,1e-12,1e-12,1e-12,0.0,0.0,3.0,3.0,4.242640687116409,0,0.0,0.0,0.0,0.0,0.0,0.0,0
56.989,4.068319985136963e-12,-1.6719649557313615e-23,-4.891699539220718e-12,1e-12,1e-12,1e-12,0.0,0.0,3.0,3.0,4.242640687116409,0,0.0,0.0,0.0,0.0,0.0,0.0,0
57.089,4.06831998136533e-12,-1.6719649538863908e-23,-4.8916994974961396e-12,1e-12,1e-12,1e-12,0.0,0.0,3.0,3.0,4.242640687116409,0,0.0,0.0,0.0,0.0,0.0,0.0,0
57.189,4.068319976849658e-12,-1.67196495167746e-23,-4.891699446634249e-12,1e-12,1e-12,1e-12,0.0,0.0,3.0,3.0,4.242640687116409,0,0.0,0.0,0.0,0.0,0.0,0.0,0
57.289,4.0683199754641135e-12,-1.6719649509996944e-23,-4.891699387869912e-12,1e-12,1e-12,1e-12,0.0,0.0,3.0,3.0,4.242640687116409,0,0.0,0.0,0.0,0.0,0.0,0.0,0
57.369,4.068319973410673e-12,-1.671964949995214e-23,-4.8916993465176196e-12,1e-12,1e-12,1e-12,0.0,0.0,3.0,3.0,4.242640687116409,0,0.0,0.0,0.0,0.0,0.0,0.0,0
57.469,4.068319969144825e-12,-1.671964947908488e-23,-4.891699280662543e-12,1e-12,1e-12,1e-12,0.0,0.0,3.0,3.0,4.242640687116409,0,0.0,0.0,0.0,0.0,0.0,0.0,0
57.569,4.068319967072179e-12,-1.6719649468946127e-23,-4.8916992175024444e-12,1e-12,1e-12,1e-12,0.0,0.0,3.0,3.0,4.242640687116409,0,0.0,0.0,0.0,0.0,0.0,0.0,0
57.669,4.06831996601975e-12,-1.6719649463797947e-23,-4.8916991880429215e-12,1e-12,1e-12,1e-12,0.0,0.0,3.0,3.0,4.242640687116409,0,0.0,0.0,0.0,0.0,0.0,0.0,0
57.769,4.068319962345966e-12,-1.6719649445826913e-23,-4.89169913630329e-12,1e-12,1e-12,1e-12,0.0,0.0,3.0,3.0,4.242640687116409,0,0.0,0.0,0.0,0.0,0.0,0.0,0
57.869,4.068319960166242e-12,-1.671964943516436e-23,-4.891699066282922e-12,1e-12,1e-12,1e-12,0.0,0.0,3.0,3.0,4.242640687116409,0,0.0,0.0,0.0,0.0,0.0,0.0,0
57.969,4.0683199568754685e-12,-1.671964941906689e-23,-4.891699037779021e-12,1e-12,1e-12,1e-12,0.0,0.0,3.0,3.0,4.242640687116409,0,0.0,0.0,0.0,0.0,0.0,0.0,0
58.069,4.068319955554027e-12,-1.671964941260283e-23,-4.89169898906702e-12,1e-12,1e-12,1e-12,0.0,0.0,3.0,3.0,4.242640687116409,0,0.0,0.0,0.0,0.0,0.0,0.0,0
58.169,4.068319953741362e-12,-1.6719649403735796e-23,-4.89169893493223e-12,1e-12,1e-12,1e-12,0.0,0.0,3.0,3.0,4.242640687116409,0,0.0,0.0,0.0,0.0,0.0,0.0,0
58.269,4.0683199525642306e-12,-1.6719649397977622e-23,-4.891698880511887e-12,1e-12,1e-12,1e-12,0.0,0.0,3.0,3.0,4.242640687116409,0,0.0,0.0,0.0,0.0,0.0,0.0,0
58.369,4.068319952642584e-12,-1.6719649398360898e-23,-4.8916988331971995e-12,1e-12,1e-12,1e-12,0.0,0.0,3.0,3.0,4.242640687116409,0,0.0,0.0,0.0,0.0,0.0,0.0,0
58.489,4.068319947269971e-12,-1.6719649372079695e-23,-4.891698771653752e-12,1e-12,1e-12,1e-12,0.0,0.0,3.0,3.0,4.242640687116409,0,0.0,0.0,0.0,0.0,0.0,0.0,0
58.589,4.068319944262513e-12,-1.6719649357368106e-23,-4.891698727514189e-12,1e-12,1e-12,1e-12,0.0,0.0,3.0,3.0,4.242640687116409,0,0.0,0.0,0.0,0.0,0.0,0.0,0
58.669,4.068319943677058e-12,-1.671964935450423e-23,-4.8916986798914e-12,1e-12,1e-12,1e-12,0.0,0.0,3.0,3.0,4.242640687116409,0,0.0,0.0,0.0,0.0,0.0,0.0,0
58.769,4.0683199430156615e-12,-1.6719649351268913e-23,-4.89169862899288e-12,1e-12,1e-12,1e-12,0.0,0.0,3.0,3.0,4.242640687116409,0,0.0,0.0,0.0,0.0,0.0,0.0,0
58.869,4.068319940293442e-12,-1.6719649337952649e-23,-4.891698578524084e-12,1e-12,1e-12,1e-12,0.0,0.0,3.0,3.0,4.242640687116409,0,0.0,0.0,0.0,0.0,0.0,0.0,0
58.969,4.068319937173063e-12,-1.6719649322688666e-23,-4.891698537239759e-12,1e-12,1e-12,1e-12,0.0,0.0,3.0,3.0,4.242640687116409,0,0.0,0.0,0.0,0.0,0.0,0.0,0
59.089,4.068319931683143e-12,-1.671964929583365e-23,-4.891698483532119e-12,1e-12,1e-12,1e-12,0.0,0.0,3.0,3.0,4.242640687116409,0,0.0,0.0,0.0,0.0,0.0,0.0,0
59.189,4.068319927775403e-12,-1.6719649276718127e-23,-4.89169844659759e-12,1e-12,1e-12,1e-12,0.0,0.0,3.0,3.0,4.242640687116409,0,0.0,0.0,0.0,0.0,0.0,0.0,0
59.289,4.068319928767364e-12,-1.6719649281570476e-23,-4.891698388748628e-12,1e-12,1e-12,1e-12,0.0,0.0,3.0,3.0,4.242640687116409,0,0.0,0.0,0.0,0.0,0.0,0.0,0
59.389,4.0683199237951005e-12,-1.671964925724765e-23,-4.891698337615746e-12,1e-12,1e-12,1e-12,0.0,0.0,3.0,3.0,4.242640687116409,0,0.0,0.0,0.0,0.0,0.0,0.0,0
59.449,4.068319922821319e-12,-1.6719649252484188e-23,-4.8916983020621145e-12,1e-12,1e-12,1e-12,0.0,0.0,3.0,3.0,4.242640687116409,0,0.0,0.0,0.0,0.0,0.0,0.0,0
59.589,4.068319921019388e-12,-1.6719649243669723e-23,-4.8916982351776755e-12,1e-12,1e-12,1e-12,0.0,0.0,3.0,3.0,4.242640687116409,0,0.0,0.0,0.0,0.0,0.0,0.0,0
59.689,4.0683199189273534e-12,-1.6719649233436157e-23,-4.8916981828069944e-12,1e-12,1e-12,1e-12,0.0,0.0,3.0,3.0,4.242640687116409,0,0.0,0.0,0.0,0.0,0.0,0.0,0
59.789,4.068319916499605e-12,-1.671964922156031e-23,-4.891698129177113e-12,1e-12,1e-12,1e-12,0.0,0.0,3.0,3.0,4.242640687116409,0,0.0,0.0,0.0,0.0,0.0,0.0,0
59.889,4.068319917012066e-12,-1.6719649224067124e-23,-4.89169808664903e-12,1e-12,1e-12,1e-12,0.0,0.0,3.0,3.0,4.242640687116409,0,0.0,0.0,0.0,0.0,0.0,0.0,0
59.989,4.068319914796973e-12,-1.671964921323156e-23,-4.891698040430819e-12,1e-12,1e-12,1e-12,0.0,0.0,3.0,3.0,4.242640687116409,0,0.0,0.0,0.0,0.0,0.0,0.0,0
60.089,4.068319914278253e-12,-1.6719649210694127e-23,-4.891697998448004e-12,1e-12,1e-12,1e-12,0.0,0.0,3.0,3.0,4.242640687116409,0,0.0,0.0,0.0,0.0,0.0,0.0,0
60.189,4.068319912969421e-12,-1.6719649204291697e-23,-4.891697972103847e-12,1e-12,1e-12,1e-12,0.0,0.0,3.0,3.0,4.242640687116409,0,0.0,0.0,0.0,0.0,0.0,0.0,0
60.289,4.0683199104442996e-12,-1.6719649191939535e-23,-4.891697933359711e-12,1e-12,1e-12,1e-12,0.0,0.0,3.0,3.0,4.242640687116409,0,0.0,0.0,0.0,0.0,0.0,0.0,0
60.389,4.0683199094750895e-12,-1.671964918719846e-23,-4.891697890203462e-12,1e-12,1e-12,1e-12,0.0,0.0,3.0,3.0,4.242640687116409,0,0.0,0.0,0.0,0.0,0.0,0.0,0
60.489,4.068319908629033e-12,-1.6719649183059827e-23,-4.891697841105351e-12,1e-12,1e-12,1e-12,0.0,0.0,3.0,3.0,4.242640687116409,0,0.0,0.0,0.0,0.0,0.0,0.0,0
60.589,4.068319906482138e-12,-1.671964917255786e-23,-4.891697813590884e-12,1e-12,1e-12,1e-12,0.0,0.0,3.0,3.0,4.242640687116409,0,0.0,0.0,0.0,0.0,0.0,0.0,0
60.669,4.0683199045286666e-12,-1.6719649163002064e-23,-4.891697771701608e-12,1e-12,1e-12,1e-12,0.0,0.0,3.0,3.0,4.242640687116409,0,0.0,0.0,0.0,0.0,0.0,0.0,0
60.769,4.068319903578968e-12,-1.6719649158356402e-23,-4.891697740987524e-12,1e-12,1e-12,1e-12,0.0,0.0,3.0,3.0,4.242640687116409,0,0.0,0.0,0.0,0.0,0.0,0.0,0
60.869,4.068319899562699e-12,-1.6719649138710006e-23,-4.891697690042873e-12,1e-12,1e-12,1e-12,0.0,0.0,3.0,3.0,4.242640687116409,0,0.0,0.0,0.0,0.0,0.0,0.0,0
60.969,4.068319900177171e-12,-1.6719649141715804e-23,-4.8916976255729345e-12,1e-12,1e-12,1e-12,0.0,0.0,3.0,3.0,4.242640687116409,0,0.0,0.0,0.0,0.0,0.0,0.0,0
61.069,4.068319898126518e-12,-1.671964913168463e-23,-4.891697572257581e-12,1e-12,1e-12,1e-12,0.0,0.0,3.0,3.0,4.242640687116409,0,0.0,0.0,0.0,0.0,0.0,0.0,0
61.169,4.068319897629121e-12,-1.671964912925151e-23,-4.891697521019722e-12,1e-12,1e-12,1e-12,0.0,0.0,3.0,3.0,4.242640687116409,0,0.0,0.0,0.0,0.0,0.0,0.0,0
61.269,4.068319892630294e-12,-1.6719649104798778e-23,-4.89169747930089e-12,1e-12,1e-12,1e-12,0.0,0.0,3.0,3.0,4.242640687116409,0,0.0,0.0,0.0,0.0,0.0,0.0,0
61.369,4.06831989159641e-12,-1.6719649099741337e-23,-4.891697384294817e-12,1e-12,1e-12,1e-12,0.0,0.0,3.0,3.0,4.242640687116409,0,0.0,0.0,0.0,0.0,0.0,0.0,0
61.469,4.068319888934918e-12,-1.6719649086722146e-23,-4.8916973323413e-12,1e-12,1e-12,1e-12,0.0,0.0,3.0,3.0,4.242640687116409,0,0.0,0.0,0.0,0.0,0.0,0.0,0
61.569,4.06831988706889e-12,-1.671964907759412e-23,-4.891697277910363e-12,1e-12,1e-12,1e-12,0.0,0.0,3.0,3.0,4.242640687116409,0,0.0,0.0,0.0,0.0,0.0,0.0,0
61.669,4.068319884309527e-12,-1.6719649064096134e-23,-4.891697232156294e-12,1e-12,1e-12,1e-12,0.0,0.0,3.0,3.0,4.242640687116409,0,0.0,0.0,0.0,0.0,0.0,0.0,0
61.769,4.068319880072406e-12,-1.6719649043369418e-23,-4.891697186435153e-12,1e-12,1e-12,1e-12,0.0,0.0,3.0,3.0,4.242640687116409,0,0.0,0.0,0.0,0.0,0.0,0.0,0
61.869,4.068319876507954e-12,-1.671964902593321e-23,-4.8916971410753176e-12,1e-12,1e-12,1e-12,0.0,0.0,3.0,3.0,4.242640687116409,0,0.0,0.0,0.0,0.0,0.0,0.0,0
61.969,4.068319874847831e-12,-1.6719649017812396e-23,-4.891697116217847e-12,1e-12,1e-12,1e-12,0.0,0.0,3.0,3.0,4.242640687116409,0,0.0,0.0,0.0,0.0,0.0,0.0,0
62.069,4.068319871847252e-12,-1.6719649003134456e-23,-4.891697057706998e-12,1e-12,1e-12,1e-12,0.0,0.0,3.0,3.0,4.242640687116409,0,0.0,0.0,0.0,0.0,0.0,0.0,0
62.169,4.068319870882481e-12,-1.6719648998415078e-23,-4.891697012802437e-12,1e-12,1e-12,1e-12,0.0,0.0,3.0,3.0,4.242640687116409,0,0.0,0.0,0.0,0.0,0.0,0.0,0
62.269,4.068319866926874e-12,-1.6719648979065428e-23,-4.891696972052398e-12,1e-12,1e-12,1e-12,0.0,0.0,3.0,3.0,4.242640687116409,0,0.0,0.0,0.0,0.0,0.0,0.0,0
62.369,4.068319864009087e-12,-1.671964896479252e-23,-4.891696904863189e-12,1e-12,1e-12,1e-12,0.0,0.0,3.0,3.0,4.242640687116409,0,0.0,0.0,0.0,0.0,0.0,0.0,0
62.469,4.068319862433298e-12,-1.671964895708426e-23,-4.891696845688808e-12,1e-12,1e-12,1e-12,0.0,0.0,3.0,3.0,4.242640687116409,0,0.0,0.0,0.0,0.0,0.0,0.0,0
62.569,4.068319859114002e-12,-1.6719648940847267e-23,-4.891696810689936e-12,1e-12,1e-12,1e-12,0.0,0.0,3.0,3.0,4.242640687116409,0,0.0,0.0,0.0,0.0,0.0,0.0,0
62.689,4.068319856262854e-12,-1.6719648926900312e-23,-4.891696748894423e-12,1e-12,1e-12,1e-12,0.0,0.0,3.0,3.0,4.242640687116409,0,0.0,0.0,0.0,0.0,0.0,0.0,0
62.789,4.068319854479052e-12,-1.6719648918174494e-23,-4.891696709048455e-12,1e-12,1e-12,1e-12,0.0,0.0,3.0,3.0,4.242640687116409,0,0.0,0.0,0.0,0.0,0.0,0.0,0
62.889,4.068319853409151e-12,-1.6719648912940885e-23,-4.8916966521587725e-12,1e-12,1e-12,1e-12,0.0,0.0,3.0,3.0,4.242640687116409,0,0.0,0.0,0.0,0.0,0.0,0.0,0
62.989,4.068319851784781e-12,-1.6719648904994954e-23,-4.891696607250327e-12,1e-12,1e-12,1e-12,0.0,0.0,3.0,3.0,4.242640687116409,0,0.0,0.0,0.0,0.0,0.0,0.0,0
63.089,4.06831984819229e-12,-1.67196488874216e-23,-4.891696580238692e-12,1e-12,1e-12,1e-12,0.0,0.0,3.0,3.0,4.242640687116409,0,0.0,0.0,0.0,0.0,0.0,0.0,0
63.189,4.06831984763154e-12,-1.6719648884678589e-23,-4.891696541186761e-12,1e-12,1e-12,1e-12,0.0,0.0,3.0,3.0,4.242640687116409,0,0.0,0.0,0.0,0.0,0.0,0.0,0
63.289,4.068319843855096e-12,-1.6719648866205357e-23,-4.8916965062387245e-12,1e-12,1e-12,1e-12,0.0,0.0,3.0,3.0,4.242640687116409,0,0.0,0.0,0.0,0.0,0.0,0.0,0
63.389,4.068319842541157e-12,-1.6719648859777998e-23,-4.8916964580656506e-12,1e-12,1e-12,1e-12,0.0,0.0,3.0,3.0,4.242640687116409,0,0.0,0.0,0.0,0.0,0.0,0.0,0
63.489,4.068319841533892e-12,-1.671964885485077e-23,-4.891696407614153e-12,1e-12,1e-12,1e-12,0.0,0.0,3.0,3.0,4.242640687116409,0,0.0,0.0,0.0,0.0,0.0,0.0,0
63.589,4.068319839245713e-12,-1.6719648843657697e-23,-4.891696318516257e-12,1e-12,1e-12,1e-12,0.0,0.0,3.0,3.0,4.242640687116409,0,0.0,0.0,0.0,0.0,0.0,0.0,0
63.689,4.06831983672399e-12,-1.6719648831322192e-23,-4.891696281885467e-12,1e-12,1e-12,1e-12,0.0,0.0,3.0,3.0,4.242640687116409,0,0.0,0.0,0.0,0.0,0.0,0.0,0
63.789,4.068319834307946e-12,-1.6719648819503636e-23,-4.891696234991995e-12,1e-12,1e-12,1e-12,0.0,0.0,3.0,3.0,4.242640687116409,0,0.0,0.0,0.0,0.0,0.0,0.0,0
63.889,4.068319831798299e-12,-1.671964880722719e-23,-4.89169618505646e-12,1e-12,1e-12,1e-12,0.0,0.0,3.0,3.0,4.242640687116409,0,0.0,0.0,0.0,0.0,0.0,0.0,0
63.969,4.068319829855412e-12,-1.6719648797723134e-23,-4.891696146919458e-12,1e-12,1e-12,1e-12,0.0,0.0,3.0,3.0,4.242640687116409,0,0.0,0.0,0.0,0.0,0.0,0.0,0
64.069,4.068319828120745e-12,-1.671964878923767e-23,-4.891696112396971e-12,1e-12,1e-12,1e-12,0.0,0.0,3.0,3.0,4.242640687116409,0,0.0,0.0,0.0,0.0,0.0,0.0,0
64.169,4.0683198270712785e-12,-1.6719648784104006e-23,-4.891696065411493e-12,1e-12,1e-12,1e-12,0.0,0.0,3.0,3.0,4.242640687116409,0,0.0,0.0,0.0,0.0,0.0,0.0,0
64.269,4.068319824250045e-12,-1.671964877030336e-23,-4.891696003679774e-12,1e-12,1e-12,1e-12,0.0,0.0,3.0,3.0,4.242640687116409,0,0.0,0.0,0.0,0.0,0.0,0.0,0
64.369,4.068319821314429e-12,-1.671964875594323e-23,-4.891695941119765e-12,1e-12,1e-12,1e-12,0.0,0.0,3.0,3.0,4.242640687116409,0,0.0,0.0,0.0,0.0,0.0,0.0,0
64.469,4.0683198200719266e-12,-1.6719648749865288e-23,-4.891695896061664e-12,1e-12,1e-12,1e-12,0.0,0.0,3.0,3.0,4.242640687116409,0,0.0,0.0,0.0,0.0,0.0,0.0,0
64.569,4.068319819475366e-12,-1.6719648746947088e-23,-4.891695843978224e-12,1e-12,1e-12,1e-12,0.0,0.0,3.0,3.0,4.242640687116409,0,0.0,0.0,0.0,0.0,0.0,0.0,0
64.669,4.0683198205001864e-12,-1.6719648751960204e-23,-4.891695777432901e-12,1e-12,1e-12,1e-12,0.0,0.0,3.0,3.0,4.242640687116409,0,0.0,0.0,0.0,0.0,0.0,0.0,0
64.769,4.068319818064285e-12,-1.6719648740044494e-23,-4.891695751588513e-12,1e-12,1e-12,1e-12,0.0,0.0,3.0,3.0,4.242640687116409,0,0.0,0.0,0.0,0.0,0.0,0.0,0
64.889,4.068319819167695e-12,-1.671964874544204e-23,-4.891695677494238e-12,1e-12,1e-12,1e-12,0.0,0.0,3.0,3.0,4.242640687116409,0,0.0,0.0,0.0,0.0,0.0,0.0,0
64.969,4.068319816308976e-12,-1.6719648731458063e-23,-4.8916956448340714e-12,1e-12,1e-12,1e-12,0.0,0.0,3.0,3.0,4.242640687116409,0,0.0,0.0,0.0,0.0,0.0,0.0,0
65.069,4.068319815476096e-12,-1.6719648727383873e-23,-4.891695601167616e-12,1e-12,1e-12,1e-12,0.0,0.0,3.0,3.0,4.242640687116409,0,0.0,0.0,0.0,0.0,0.0,0.0,0
65.169,4.06831981215442e-12,-1.6719648711135276e-23,-4.8916955615924404e-12,1e-12,1e-12,1e-12,0.0,0.0,3.0,3.0,4.242640687116409,0,0.0,0.0,0.0,0.0,0.0,0.0,0
65.269,4.068319813452187e-12,-1.6719648717483578e-23,-4.891695520168647e-12,1e-12,1e-12,1e-12,0.0,0.0,3.0,3.0,4.242640687116409,0,0.0,0.0,0.0,0.0,0.0,0.0,0
65.369,4.068319810316988e-12,-1.6719648702147144e-23,-4.8916954654140956e-12,1e-12,1e-12,1e-12,0.0,0.0,3.0,3.0,4.242640687116409,0,0.0,0.0,0.0,0.0,0.0,0.0,0
65.469,4.0683198092771025e-12,-1.6719648697060342e-23,-4.891695405010892e-12,1e-12,1e-12,1e-12,0.0,0.0,3.0,3.0,4.242640687116409,0,0.0,0.0,0.0,0.0,0.0,0.0,0
65.589,4.0683198065878995e-12,-1.6719648683905582e-23,-4.891695343881456e-12,1e-12,1e-12,1e-12,0.0,0.0,3.0,3.0,4.242640687116409,0,0.0,0.0,0.0,0.0,0.0,0.0,0
65.669,4.068319808021611e-12,-1.671964869091887e-23,-4.891695292719832e-12,1e-12,1e-12,1e-12,0.0,0.0,3.0,3.0,4.242640687116409,0,0.0,0.0,0.0,0.0,0.0,0.0,0
65.769,4.0683198075446866e-12,-1.6719648688585892e-23,-4.891695229930188e-12,1e-12,1e-12,1e-12,0.0,0.0,3.0,3.0,4.242640687116409,0,0.0,0.0,0.0,0.0,0.0,0.0,0
65.869,4.068319806523682e-12,-1.6719648683591428e-23,-4.8916951887921485e-12,1e-12,1e-12,1e-12,0.0,0.0,3.0,3.0,4.242640687116409,0,0.0,0.0,0.0,0.0,0.0,0.0,0
65.949,4.06831980783499e-12,-1.671964869000594e-23,-4.891695128162412e-12,1e-12,1e-12,1e-12,0.0,0.0,3.0,3.0,4.242640687116409,0,0.0,0.0,0.0,0.0,0.0,0.0,0
66.049,4.068319806440018e-12,-1.6719648683182165e-23,-4.8916950574439185e-12,1e-12,1e-12,1e-12,0.0,0.0,3.0,3.0,4.242640687116409,0,0.0,0.0,0.0,0.0,0.0,0.0,0
66.189,4.068319803705011e-12,-1.6719648669803376e-23,-4.891694987635479e-12,1e-12,1e-12,1e-12,0.0,0.0,3.0,3.0,4.242640687116409,0,0.0,0.0,0.0,0.0,0.0,0.0,0
66.289,4.068319802416578e-12,-1.6719648663500754e-23,-4.891694913503481e-12,1e-12,1e-12,1e-12,0.0,0.0,3.0,3.0,4.242640687116409,0,0.0,0.0,0.0,0.0,0.0,0.0,0
66.389,4.068319802793544e-12,-1.6719648665344746e-23,-4.891694854110827e-12,1e-12,1e-12,1e-12,0.0,0.0,3.0,3.0,4.242640687116409,0,0.0,0.0,0.0,0.0,0.0,0.0,0
66.489,4.068319801346194e-12,-1.671964865826471e-23,-4.891694812155655e-12,1e-12,1e-12,1e-12,0.0,0.0,3.0,3.0,4.242640687116409,0,0.0,0.0,0.0,0.0,0.0,0.0,0
66.589,4.068319799938538e-12,-1.6719648651378868e-23,-4.891694750353018e-12,1e-12,1e-12,1e-12,0.0,0.0,3.0,3.0,4.242640687116409,0,0.0,0.0,0.0,0.0,0.0,0.0,0
66.689,4.068319800760056e-12,-1.6719648655397472e-23,-4.89169470204159e-12,1e-12,1e-12,1e-12,0.0,0.0,3.0,3.0,4.242640687116409,0,0.0,0.0,0.0,0.0,0.0,0.0,0
66.789,4.06831979438068e-12,-1.6719648624191494e-23,-4.891694645881957e-12,1e-12,1e-12,1e-12,0.0,0.0,3.0,3.0,4.242640687116409,0,0.0,0.0,0.0,0.0,0.0,0.0,0
66.889,4.068319792550847e-12,-1.6719648615240496e-23,-4.891694616080897e-12,1e-12,1e-12,1e-12,0.0,0.0,3.0,3.0,4.242640687116409,0,0.0,0.0,0.0,0.0,0.0,0.0,0
66.989,4.0683197902231546e-12,-1.671964860385413e-23,-4.891694569984535e-12,1e-12,1e-12,1e-12,0.0,0.0,3.0,3.0,4.242640687116409,0,0.0,0.0,0.0,0.0,0.0,0.0,0
67.069,4.068319790023313e-12,-1.6719648602876584e-23,-4.891694518664661e-12,1e-12,1e-12,1e-12,0.0,0.0,3.0,3.0,4.242640687116409,0,0.0,0.0,0.0,0.0,0.0,0.0,0
67.169,4.068319788473663e-12,-1.671964859529618e-23,-4.8916944691916245e-12,1e-12,1e-12,1e-12,0.0,0.0,3.0,3.0,4.242640687116409,0,0.0,0.0,0.0,0.0,0.0,0.0,0
67.289,4.0683197866416095e-12,-1.6719648586334358e-23,-4.891694423409342e-12,1e-12,1e-12,1e-12,0.0,0.0,3.0,3.0,4.242640687116409,0,0.0,0.0,0.0,0.0,0.0,0.0,0
67.369,4.068319784403364e-12,-1.6719648575385527e-23,-4.891694381577949e-12,1e-12,1e-12,1e-12,0.0,0.0,3.0,3.0,4.242640687116409,0,0.0,0.0,0.0,0.0,0.0,0.0,0
67.469,4.0683197828781865e-12,-1.6719648567924844e-23,-4.89169431753063e-12,1e-12,1e-12,1e-12,0.0,0.0,3.0,3.0,4.242640687116409,0,0.0,0.0,0.0,0.0,0.0,0.0,0
67.569,4.0683197811255144e-12,-1.6719648559351285e-23,-4.891694259957785e-12,1e-12,1e-12,1e-12,0.0,0.0,3.0,3.0,4.242640687116409,0,0.0,0.0,0.0,0.0,0.0,0.0,0
67.669,4.068319781650072e-12,-1.6719648561917254e-23,-4.891694201467913e-12,1e-12,1e-12,1e-12,0.0,0.0,3.0,3.0,4.242640687116409,0,0.0,0.0,0.0,0.0,0.0,0.0,0
67.769,4.068319779703107e-12,-1.6719648552393293e-23,-4.8916941782211505e-12,1e-12,1e-12,1e-12,0.0,0.0,3.0,3.0,4.242640687116409,0,0.0,0.0,0.0,0.0,0.0,0.0,0
67.869,4.068319777889205e-12,-1.6719648543520247e-23,-4.8916941230261105e-12,1e-12,1e-12,1e-12,0.0,0.0,3.0,3.0,4.242640687116409,0,0.0,0.0,0.0,0.0,0.0,0.0,0
67.989,4.068319774341485e-12,-1.6719648526165877e-23,-4.891694041273257e-12,1e-12,1e-12,1e-12,0.0,0.0,3.0,3.0,4.242640687116409,0,0.0,0.0,0.0,0.0,0.0,0.0,0
68.069,4.068319773330441e-12,-1.6719648521220167e-23,-4.891694002453491e-12,1e-12,1e-12,1e-12,0.0,0.0,3.0,3.0,4.242640687116409,0,0.0,0.0,0.0,0.0,0.0,0.0,0
68.189,4.068319772684753e-12,-1.671964851806163e-23,-4.891693919067088e-12,1e-12,1e-12,1e-12,0.0,0.0,3.0,3.0,4.242640687116409,0,0.0,0.0,0.0,0.0,0.0,0.0,0
68.269,4.068319772431117e-12,-1.671964851682093e-23,-4.891693871244142e-12,1e-12,1e-12,1e-12,0.0,0.0,3.0,3.0,4.242640687116409,0,0.0,0.0,0.0,0.0,0.0,0.0,0
68.369,4.068319770648329e-12,-1.671964850810007e-23,-4.891693837990121e-12,1e-12,1e-12,1e-12,0.0,0.0,3.0,3.0,4.242640687116409,0,0.0,0.0,0.0,0.0,0.0,0.0,0
68.469,4.068319768012709e-12,-1.6719648495207403e-23,-4.8916937993875785e-12,1e-12,1e-12,1e-12,0.0,0.0,3.0,3.0,4.242640687116409,0,0.0,0.0,0.0,0.0,0.0,0.0,0
68.569,4.068319765311413e-12,-1.6719648481993453e-23,-4.891693742662422e-12,1e-12,1e-12,1e-12,0.0,0.0,3.0,3.0,4.242640687116409,0,0.0,0.0,0.0,0.0,0.0,0.0,0
68.689,4.06831976462217e-12,-1.671964847862185e-23,-4.891693685083206e-12,1e-12,1e-12,1e-12,0.0,0.0,3.0,3.0,4.242640687116409,0,0.0,0.0,0.0,0.0,0.0,0.0,0
68.789,4.068319763887584e-12,-1.67196484750285e-23,-4.8916936384924635e-12,1e-12,1e-12,1e-12,0.0,0.0,3.0,3.0,4.242640687116409,0,0.0,0.0,0.0,0.0,0.0,0.0,0
68.889,4.068319762307004e-12,-1.6719648467296764e-23,-4.891693614754227e-12,1e-12,1e-12,1e-12,0.0,0.0,3.0,3.0,4.242640687116409,0,0.0,0.0,0.0,0.0,0.0,0.0,0
68.969,4.06831976073697e-12,-1.671964845961664e-23,-4.891693570259306e-12,1e-12,1e-12,1e-12,0.0,0.0,3.0,3.0,4.242640687116409,0,0.0,0.0,0.0,0.0,0.0,0.0,0
69.069,4.068319758394876e-12,-1.6719648448159872e-23,-4.891693518547309e-12,1e-12,1e-12,1e-12,0.0,0.0,3.0,3.0,4.242640687116409,0,0.0,0.0,0.0,0.0,0.0,0.0,0
69.189,4.068319753768667e-12,-1.6719648425529893e-23,-4.891693468127337e-12,1e-12,1e-12,1e-12,0.0,0.0,3.0,3.0,4.242640687116409,0,0.0,0.0,0.0,0.0,0.0,0.0,0
69.289,4.068319751027676e-12,-1.6719648412121825e-23,-4.891693419956521e-12,1e-12,1e-12,1e-12,0.0,0.0,3.0,3.0,4.242640687116409,0,0.0,0.0,0.0,0.0,0.0,0.0,0
69.389,4.068319748583681e-12,-1.6719648400166557e-23,-4.891693376335812e-12,1e-12,1e-12,1e-12,0.0,0.0,3.0,3.0,4.242640687116409,0,0.0,0.0,0.0,0.0,0.0,0.0,0
69.489,4.068319745968796e-12,-1.671964838737536e-23,-4.891693323161198e-12,1e-12,1e-12,1e-12,0.0,0.0,3.0,3.0,4.242640687116409,0,0.0,0.0,0.0,0.0,0.0,0.0,0
69.589,4.068319743170063e-12,-1.6719648373684823e-23,-4.891693286184876e-12,1e-12,1e-12,1e-12,0.0,0.0,3.0,3.0,4.242640687116409,0,0.0,0.0,0.0,0.0,0.0,0.0,0
69.689,4.068319740005874e-12,-1.6719648358206604e-23,-4.891693225947341e-12,1e-12,1e-12,1e-12,0.0,0.0,3.0,3.0,4.242640687116409,0,0.0,0.0,0.0,0.0,0.0,0.0,0
69.789,4.068319735964758e-12,-1.6719648338438727e-23,-4.8916931970481886e-12,1e-12,1e-12,1e-12,0.0,0.0,3.0,3.0,4.242640687116409,0,0.0,0.0,0.0,0.0,0.0,0.0,0
69.889,4.0683197341523985e-12,-1.6719648329573246e-23,-4.891693160968935e-12,1e-12,1e-12,1e-12,0.0,0.0,3.0,3.0,4.242640687116409,0,0.0,0.0,0.0,0.0,0.0,0.0,0
69.989,4.068319735409781e-12,-1.6719648335723976e-23,-4.891693124977101e-12,1e-12,1e-12,1e-12,0.0,0.0,3.0,3.0,4.242640687116409,0,0.0,0.0,0.0,0.0,0.0,0.0,0
70.089,4.068319734192145e-12,-1.6719648329767652e-23,-4.891693072043059e-12,1e-12,1e-12,1e-12,0.0,0.0,3.0,3.0,4.242640687116409,0,0.0,0.0,0.0,0.0,0.0,0.0,0
70.189,4.0683197330848775e-12,-1.6719648324351253e-23,-4.891692995177324e-12,1e-12,1e-12,1e-12,0.0,0.0,3.0,3.0,4.242640687116409,0,0.0,0.0,0.0,0.0,0.0,0.0,0
70.289,4.068319728334515e-12,-1.671964830111392e-23,-4.891692943698384e-12,1e-12,1e-12,1e-12,0.0,0.0,3.0,3.0,4.242640687116409,0,0.0,0.0,0.0,0.0,0.0,0.0,0
70.389,4.068319726790799e-12,-1.6719648293562552e-23,-4.8916928990985914e-12,1e-12,1e-12,1e-12,0.0,0.0,3.0,3.0,4.242640687116409,0,0.0,0.0,0.0,0.0,0.0,0.0,0
70.489,4.068319724700673e-12,-1.6719648283338308e-23,-4.891692851635506e-12,1e-12,1e-12,1e-12,0.0,0.0,3.0,3.0,4.242640687116409,0,0.0,0.0,0.0,0.0,0.0,0.0,0
70.569,4.068319724192346e-12,-1.6719648280851752e-23,-4.8916928041917476e-12,1e-12,1e-12,1e-12,0.0,0.0,3.0,3.0,4.242640687116409,0,0.0,0.0,0.0,0.0,0.0,0.0,0
70.669,4.068319722132892e-12,-1.671964827077753e-23,-4.891692751276095e-12,1e-12,1e-12,1e-12,0.0,0.0,3.0,3.0,4.242640687116409,0,0.0,0.0,0.0,0.0,0.0,0.0,0
70.769,4.068319717184788e-12,-1.6719648246572906e-23,-4.891692706103389e-12,1e-12,1e-12,1e-12,0.0,0.0,3.0,3.0,4.242640687116409,0,0.0,0.0,0.0,0.0,0.0,0.0,0
70.869,4.0683197152428364e-12,-1.671964823707348e-23,-4.891692642287967e-12,1e-12,1e-12,1e-12,0.0,0.0,3.0,3.0,4.242640687116409,0,0.0,0.0,0.0,0.0,0.0,0.0,0
70.969,4.068319712810867e-12,-1.6719648225177072e-23,-4.891692608724752e-12,1e-12,1e-12,1e-12,0.0,0.0,3.0,3.0,4.242640687116409,0,0.0,0.0,0.0,0.0,0.0,0.0,0
71.069,4.068319711596264e-12,-1.67196482192356e-23,-4.891692549340724e-12,1e-12,1e-12,1e-12,0.0,0.0,3.0,3.0,4.242640687116409,0,0.0,0.0,0.0,0.0,0.0,0.0,0
71.169,4.068319711614144e-12,-1.6719648219323063e-23,-4.891692527539328e-12,1e-12,1e-12,1e-12,0.0,0.0,3.0,3.0,4.242640687116409,0,0.0,0.0,0.0,0.0,0.0,0.0,0
71.269,4.0683197109575675e-12,-1.671964821611128e-23,-4.891692441068253e-12,1e-12,1e-12,1e-12,0.0,0.0,3.0,3.0,4.242640687116409,0,0.0,0.0,0.0,0.0,0.0,0.0,0
71.369,4.068319706142438e-12,-1.6719648192557142e-23,-4.891692411388765e-12,1e-12,1e-12,1e-12,0.0,0.0,3.0,3.0,4.242640687116409,0,0.0,0.0,0.0,0.0,0.0,0.0,0
71.489,4.068319703400602e-12,-1.6719648179144916e-23,-4.891692370782016e-12,1e-12,1e-12,1e-12,0.0,0.0,3.0,3.0,4.242640687116409,0,0.0,0.0,0.0,0.0,0.0,0.0,0
71.589,4.068319700074298e-12,-1.6719648162873664e-23,-4.891692309564392e-12,1e-12,1e-12,1e-12,0.0,0.0,3.0,3.0,4.242640687116409,0,0.0,0.0,0.0,0.0,0.0,0.0,0
71.689,4.068319697740156e-12,-1.6719648151455738e-23,-4.891692247862583e-12,1e-12,1e-12,1e-12,0.0,0.0,3.0,3.0,4.242640687116409,0,0.0,0.0,0.0,0.0,0.0,0.0,0
71.769,4.068319696018584e-12,-1.671964814303437e-23,-4.891692189978897e-12,1e-12,1e-12,1e-12,0.0,0.0,3.0,3.0,4.242640687116409,0,0.0,0.0,0.0,0.0,0.0,0.0,0
71.889,4.068319692878863e-12,-1.6719648127675825e-23,-4.891692119865243e-12,1e-12,1e-12,1e-12,0.0,0.0,3.0,3.0,4.242640687116409,0,0.0,0.0,0.0,0.0,0.0,0.0,0
71.969,4.068319692893006e-12,-1.6719648127745033e-23,-4.891692069943073e-12,1e-12,1e-12,1e-12,0.0,0.0,3.0,3.0,4.242640687116409,0,0.0,0.0,0.0,0.0,0.0,0.0,0
72.069,4.068319688843217e-12,-1.671964810793471e-23,-4.891692017796017e-12,1e-12,1e-12,1e-12,0.0,0.0,3.0,3.0,4.242640687116409,0,0.0,0.0,0.0,0.0,0.0,0.0,0
72.169,4.0683196850214494e-12,-1.671964808923979e-23,-4.891691953409362e-12,1e-12,1e-12,1e-12,0.0,0.0,3.0,3.0,4.242640687116409,0,0.0,0.0,0.0,0.0,0.0,0.0,0
72.269,4.06831968384919e-12,-1.671964808350547e-23,-4.8916919049300906e-12,1e-12,1e-12,1e-12,0.0,0.0,3.0,3.0,4.242640687116409,0,0.0,0.0,0.0,0.0,0.0,0.0,0
72.369,4.068319681401132e-12,-1.6719648071530336e-23,-4.8916918318798546e-12,1e-12,1e-12,1e-12,0.0,0.0,3.0,3.0,4.242640687116409,0,0.0,0.0,0.0,0.0,0.0,0.0,0
72.489,4.068319679189679e-12,-1.6719648060712552e-23,-4.891691769410182e-12,1e-12,1e-12,1e-12,0.0,0.0,3.0,3.0,4.242640687116409,0,0.0,0.0,0.0,0.0,0.0,0.0,0
72.589,4.068319677620195e-12,-1.671964805303511e-23,-4.891691732254231e-12,1e-12,1e-12,1e-12,0.0,0.0,3.0,3.0,4.242640687116409,0,0.0,0.0,0.0,0.0,0.0,0.0,0
72.689,4.068319674383851e-12,-1.6719648037203911e-23,-4.891691676341524e-12,1e-12,1e-12,1e-12,0.0,0.0,3.0,3.0,4.242640687116409,0,0.0,0.0,0.0,0.0,0.0,0.0,0
72.789,4.068319669034616e-12,-1.6719648011037122e-23,-4.8916916444772465e-12,1e-12,1e-12,1e-12,0.0,0.0,3.0,3.0,4.242640687116409,0,0.0,0.0,0.0,0.0,0.0,0.0,0
72.889,4.068319665570975e-12,-1.6719647994094076e-23,-4.8916916045650194e-12,1e-12,1e-12,1e-12,0.0,0.0,3.0,3.0,4.242640687116409,0,0.0,0.0,0.0,0.0,0.0,0.0,0
72.989,4.068319665468922e-12,-1.671964799359487e-23,-4.8916915483416525e-12,1e-12,1e-12,1e-12,0.0,0.0,3.0,3.0,4.242640687116409,0,0.0,0.0,0.0,0.0,0.0,0.0,0
73.089,4.068319662398522e-12,-1.6719647978575408e-23,-4.89169151318205e-12,1e-12,1e-12,1e-12,0.0,0.0,3.0,3.0,4.242640687116409,0,0.0,0.0,0.0,0.0,0.0,0.0,0
73.189,4.068319659137218e-12,-1.6719647962622095e-23,-4.891691476619901e-12,1e-12,1e-12,1e-12,0.0,0.0,3.0,3.0,4.242640687116409,0,0.0,0.0,0.0,0.0,0.0,0.0,0
73.289,4.068319657931149e-12,-1.6719647956722374e-23,-4.8916914255603625e-12,1e-12,1e-12,1e-12,0.0,0.0,3.0,3.0,4.242640687116409,0,0.0,0.0,0.0,0.0,0.0,0.0,0
73.409,4.068319654419445e-12,-1.6719647939544188e-23,-4.89169138074965e-12,1e-12,1e-12,1e-12,0.0,0.0,3.0,3.0,4.242640687116409,0,0.0,0.0,0.0,0.0,0.0,0.0,0
73.489,4.068319652379504e-12,-1.6719647929565434e-23,-4.891691360447108e-12,1e-12,1e-12,1e-12,0.0,0.0,3.0,3.0,4.242640687116409,0,0.0,0.0,0.0,0.0,0.0,0.0,0
73.589,4.068319650487786e-12,-1.6719647920311736e-23,-4.8916913181855004e-12,1e-12,1e-12,1e-12,0.0,0.0,3.0,3.0,4.242640687116409,0,0.0,0.0,0.0,0.0,0.0,0.0,0
73.689,4.068319647669342e-12,-1.6719647906524786e-23,-4.891691273069529e-12,1e-12,1e-12,1e-12,0.0,0.0,3.0,3.0,4.242640687116409,0,0.0,0.0,0.0,0.0,0.0,0.0,0
73.789,4.068319645691922e-12,-1.671964789685185e-23,-4.891691239841369e-12,1e-12,1e-12,1e-12,0.0,0.0,3.0,3.0,4.242640687116409,0,0.0,0.0,0.0,0.0,0.0,0.0,0
73.869,4.068319643771697e-12,-1.6719647887458726e-23,-4.891691187526119e-12,1e-12,1e-12,1e-12,0.0,0.0,3.0,3.0,4.242640687116409,0,0.0,0.0,0.0,0.0,0.0,0.0,0
73.969,4.068319643146879e-12,-1.6719647884402306e-23,-4.891691132790711e-12,1e-12,1e-12,1e-12,0.0,0.0,3.0,3.0,4.242640687116409,0,0.0,0.0,0.0,0.0,0.0,0.0,0
74.069,4.0683196405996396e-12,-1.6719647871942e-23,-4.891691045174635e-12,1e-12,1e-12,1e-12,0.0,0.0,3.0,3.0,4.242640687116409,0,0.0,0.0,0.0,0.0,0.0,0.0,0
74.169,4.068319637089696e-12,-1.671964785477245e-23,-4.891691012091802e-12,1e-12,1e-12,1e-12,0.0,0.0,3.0,3.0,4.242640687116409,0,0.0,0.0,0.0,0.0,0.0,0.0,0
74.269,4.068319635963541e-12,-1.6719647849263644e-23,-4.891690962252292e-12,1e-12,1e-12,1e-12,0.0,0.0,3.0,3.0,4.242640687116409,0,0.0,0.0,0.0,0.0,0.0,0.0,0
74.369,4.068319636202651e-12,-1.6719647850433282e-23,-4.891690902432225e-12,1e-12,1e-12,1e-12,0.0,0.0,3.0,3.0,4.242640687116409,0,0.0,0.0,0.0,0.0,0.0,0.0,0
74.469,4.068319634926761e-12,-1.6719647844191988e-23,-4.891690871256131e-12,1e-12,1e-12,1e-12,0.0,0.0,3.0,3.0,4.242640687116409,0,0.0,0.0,0.0,0.0,0.0,0.0,0
74.569,4.0683196321866845e-12,-1.6719647830788388e-23,-4.891690822785916e-12,1e-12,1e-12,1e-12,0.0,0.0,3.0,3.0,4.242640687116409,0,0.0,0.0,0.0,0.0,0.0,0.0,0
74.669,4.068319630739057e-12,-1.671964782370706e-23,-4.891690751356483e-12,1e-12,1e-12,1e-12,0.0,0.0,3.0,3.0,4.242640687116409,0,0.0,0.0,0.0,0.0,0.0,0.0,0
74.769,4.068319631390129e-12,-1.6719647826891924e-23,-4.891690699997982e-12,1e-12,1e-12,1e-12,0.0,0.0,3.0,3.0,4.242640687116409,0,0.0,0.0,0.0,0.0,0.0,0.0,0
74.869,4.0683196289706e-12,-1.6719647815056338e-23,-4.891690672451936e-12,1e-12,1e-12,1e-12,0.0,0.0,3.0,3.0,4.242640687116409,0,0.0,0.0,0.0,0.0,0.0,0.0,0
74.969,4.068319626874357e-12,-1.6719647804802148e-23,-4.891690597339903e-12,1e-12,1e-12,1e-12,0.0,0.0,3.0,3.0,4.242640687116409,0,0.0,0.0,0.0,0.0,0.0,0.0,0
75.069,4.068319624773269e-12,-1.6719647794524272e-23,-4.891690572408552e-12,1e-12,1e-12,1e-12,0.0,0.0,3.0,3.0,4.242640687116409,0,0.0,0.0,0.0,0.0,0.0,0.0,0
75.169,4.0683196230201226e-12,-1.671964778594844e-23,-4.891690543575713e-12,1e-12,1e-12,1e-12,0.0,0.0,3.0,3.0,4.242640687116409,0,0.0,0.0,0.0,0.0,0.0,0.0,0
75.289,4.068319620412714e-12,-1.671964777319378e-23,-4.891690466675635e-12,1e-12,1e-12,1e-12,0.0,0.0,3.0,3.0,4.242640687116409,0,0.0,0.0,0.0,0.0,0.0,0.0,0
75.389,4.068319617992342e-12,-1.6719647761354055e-23,-4.891690407217985e-12,1e-12,1e-12,1e-12,0.0,0.0,3.0,3.0,4.242640687116409,0,0.0,0.0,0.0,0.0,0.0,0.0,0
75.469,4.068319617534839e-12,-1.6719647759116082e-23,-4.891690386411234e-12,1e-12,1e-12,1e-12,0.0,0.0,3.0,3.0,4.242640687116409,0,0.0,0.0,0.0,0.0,0.0,0.0,0
75.589,4.068319613978714e-12,-1.6719647741720593e-23,-4.891690330162319e-12,1e-12,1e-12,1e-12,0.0,0.0,3.0,3.0,4.242640687116409,0,0.0,0.0,0.0,0.0,0.0,0.0,0
75.689,4.068319610687955e-12,-1.671964772562322e-23,-4.891690291104915e-12,1e-12,1e-12,1e-12,0.0,0.0,3.0,3.0,4.242640687116409,0,0.0,0.0,0.0,0.0,0.0,0.0,0
75.769,4.0683196102742565e-12,-1.6719647723599548e-23,-4.8916902486375595e-12,1e-12,1e-12,1e-12,0.0,0.0,3.0,3.0,4.242640687116409,0,0.0,0.0,0.0,0.0,0.0,0.0,0
75.889,4.0683196069512764e-12,-1.671964770734457e-23,-4.891690160975208e-12,1e-12,1e-12,1e-12,0.0,0.0,3.0,3.0,4.242640687116409,0,0.0,0.0,0.0,0.0,0.0,0.0,0
75.989,4.068319604222149e-12,-1.671964769399458e-23,-4.89169010736579e-12,1e-12,1e-12,1e-12,0.0,0.0,3.0,3.0,4.242640687116409,0,0.0,0.0,0.0,0.0,0.0,0.0,0
76.089,4.0683196007133136e-12,-1.671964767683043e-23,-4.891690036265137e-12,1e-12,1e-12,1e-12,0.0,0.0,3.0,3.0,4.242640687116409,0,0.0,0.0,0.0,0.0,0.0,0.0,0
76.189,4.0683195994287295e-12,-1.6719647670546652e-23,-4.891690010010452e-12,1e-12,1e-12,1e-12,0.0,0.0,3.0,3.0,4.242640687116409,0,0.0,0.0,0.0,0.0,0.0,0.0,0
76.289,4.068319596366534e-12,-1.6719647655567337e-23,-4.891689963505669e-12,1e-12,1e-12,1e-12,0.0,0.0,3.0,3.0,4.242640687116409,0,0.0,0.0,0.0,0.0,0.0,0.0,0
76.389,4.068319594970552e-12,-1.6719647648738628e-23,-4.8916899147181e-12,1e-12,1e-12,1e-12,0.0,0.0,3.0,3.0,4.242640687116409,0,0.0,0.0,0.0,0.0,0.0,0.0,0
76.489,4.068319591131358e-12,-1.671964762995848e-23,-4.891689880685026e-12,1e-12,1e-12,1e-12,0.0,0.0,3.0,3.0,4.242640687116409,0,0.0,0.0,0.0,0.0,0.0,0.0,0
76.589,4.068319586218309e-12,-1.6719647605925384e-23,-4.891689818710297e-12,1e-12,1e-12,1e-12,0.0,0.0,3.0,3.0,4.242640687116409,0,0.0,0.0,0.0,0.0,0.0,0.0,0
76.689,4.068319583516455e-12,-1.671964759270877e-23,-4.891689761068977e-12,1e-12,1e-12,1e-12,0.0,0.0,3.0,3.0,4.242640687116409,0,0.0,0.0,0.0,0.0,0.0,0.0,0
76.789,4.068319582046263e-12,-1.6719647585517045e-23,-4.891689714245716e-12,1e-12,1e-12,1e-12,0.0,0.0,3.0,3.0,4.242640687116409,0,0.0,0.0,0.0,0.0,0.0,0.0,0
76.889,4.068319579419069e-12,-1.671964757266561e-23,-4.8916896722935934e-12,1e-12,1e-12,1e-12,0.0,0.0,3.0,3.0,4.242640687116409,0,0.0,0.0,0.0,0.0,0.0,0.0,0
76.989,4.068319579696291e-12,-1.6719647574021698e-23,-4.891689623182764e-12,1e-12,1e-12,1e-12,0.0,0.0,3.0,3.0,4.242640687116409,0,0.0,0.0,0.0,0.0,0.0,0.0,0
77.089,4.068319577555532e-12,-1.6719647563549774e-23,-4.891689573956874e-12,1e-12,1e-12,1e-12,0.0,0.0,3.0,3.0,4.242640687116409,0,0.0,0.0,0.0,0.0,0.0,0.0,0
77.169,4.068319574417145e-12,-1.6719647548197765e-23,-4.8916895619091906e-12,1e-12,1e-12,1e-12,0.0,0.0,3.0,3.0,4.242640687116409,0,0.0,0.0,0.0,0.0,0.0,0.0,0
77.269,4.06831956988003e-12,-1.6719647526003576e-23,-4.891689519782022e-12,1e-12,1e-12,1e-12,0.0,0.0,3.0,3.0,4.242640687116409,0,0.0,0.0,0.0,0.0,0.0,0.0,0
77.369,4.068319566913974e-12,-1.6719647511494544e-23,-4.891689480337649e-12,1e-12,1e-12,1e-12,0.0,0.0,3.0,3.0,4.242640687116409,0,0.0,0.0,0.0,0.0,0.0,0.0,0
77.469,4.068319563043099e-12,-1.6719647492559422e-23,-4.891689452787072e-12,1e-12,1e-12,1e-12,0.0,0.0,3.0,3.0,4.242640687116409,0,0.0,0.0,0.0,0.0,0.0,0.0,0
77.569,4.068319561141537e-12,-1.6719647483257594e-23,-4.891689376353667e-12,1e-12,1e-12,1e-12,0.0,0.0,3.0,3.0,4.242640687116409,0,0.0,0.0,0.0,0.0,0.0,0.0,0
77.669,4.0683195599327375e-12,-1.67196474773445e-23,-4.891689313428748e-12,1e-12,1e-12,1e-12,0.0,0.0,3.0,3.0,4.242640687116409,0,0.0,0.0,0.0,0.0,0.0,0.0,0
77.769,4.068319557613152e-12,-1.6719647465997767e-23,-4.891689274792002e-12,1e-12,1e-12,1e-12,0.0,0.0,3.0,3.0,4.242640687116409,0,0.0,0.0,0.0,0.0,0.0,0.0,0
77.889,4.0683195567559956e-12,-1.6719647461804793e-23,-4.89168921542817e-12,1e-12,1e-12,1e-12,0.0,0.0,3.0,3.0,4.242640687116409,0,0.0,0.0,0.0,0.0,0.0,0.0,0
77.969,4.068319557388592e-12,-1.6719647464899238e-23,-4.891689162739737e-12,1e-12,1e-12,1e-12,0.0,0.0,3.0,3.0,4.242640687116409,0,0.0,0.0,0.0,0.0,0.0,0.0,0
78.069,4.0683195539504946e-12,-1.6719647448081152e-23,-4.8916891069001884e-12,1e-12,1e-12,1e-12,0.0,0.0,3.0,3.0,4.242640687116409,0,0.0,0.0,0.0,0.0,0.0,0.0,0
78.189,4.068319554047489e-12,-1.671964744855563e-23,-4.89168905220752e-12,1e-12,1e-12,1e-12,0.0,0.0,3.0,3.0,4.242640687116409,0,0.0,0.0,0.0,0.0,0.0,0.0,0
78.289,4.068319552448274e-12,-1.6719647440732772e-23,-4.8916890116264544e-12,1e-12,1e-12,1e-12,0.0,0.0,3.0,3.0,4.242640687116409,0,0.0,0.0,0.0,0.0,0.0,0.0,0
78.369,4.068319549697969e-12,-1.671964742727917e-23,-4.891688963336863e-12,1e-12,1e-12,1e-12,0.0,0.0,3.0,3.0,4.242640687116409,0,0.0,0.0,0.0,0.0,0.0,0.0,0
78.489,4.068319548949514e-12,-1.671964742361796e-23,-4.891688912653213e-12,1e-12,1e-12,1e-12,0.0,0.0,3.0,3.0,4.242640687116409,0,0.0,0.0,0.0,0.0,0.0,0.0,0
78.569,4.068319546432195e-12,-1.6719647411303998e-23,-4.891688854733224e-12,1e-12,1e-12,1e-12,0.0,0.0,3.0,3.0,4.242640687116409,0,0.0,0.0,0.0,0.0,0.0,0.0,0
78.669,4.068319543338018e-12,-1.6719647396168233e-23,-4.8916888325048904e-12,1e-12,1e-12,1e-12,0.0,0.0,3.0,3.0,4.242640687116409,0,0.0,0.0,0.0,0.0,0.0,0.0,0
78.769,4.068319539899399e-12,-1.6719647379347617e-23,-4.891688757530085e-12,1e-12,1e-12,1e-12,0.0,0.0,3.0,3.0,4.242640687116409,0,0.0,0.0,0.0,0.0,0.0,0.0,0
78.869,4.0683195383565244e-12,-1.671964737180035e-23,-4.8916886896741115e-12,1e-12,1e-12,1e-12,0.0,0.0,3.0,3.0,4.242640687116409,0,0.0,0.0,0.0,0.0,0.0,0.0,0
78.989,4.068319537763336e-12,-1.6719647368898642e-23,-4.8916886387696735e-12,1e-12,1e-12,1e-12,0.0,0.0,3.0,3.0,4.242640687116409,0,0.0,0.0,0.0,0.0,0.0,0.0,0
79.089,4.0683195336051756e-12,-1.6719647348558196e-23,-4.891688569375553e-12,1e-12,1e-12,1e-12,0.0,0.0,3.0,3.0,4.242640687116409,0,0.0,0.0,0.0,0.0,0.0,0.0,0
79.189,4.068319531026339e-12,-1.6719647335943308e-23,-4.891688530945963e-12,1e-12,1e-12,1e-12,0.0,0.0,3.0,3.0,4.242640687116409,0,0.0,0.0,0.0,0.0,0.0,0.0,0
79.289,4.06831952921427e-12,-1.6719647327079222e-23,-4.891688499256136e-12,1e-12,1e-12,1e-12,0.0,0.0,3.0,3.0,4.242640687116409,0,0.0,0.0,0.0,0.0,0.0,0.0,0
79.389,4.068319527349772e-12,-1.6719647317958682e-23,-4.891688448016004e-12,1e-12,1e-12,1e-12,0.0,0.0,3.0,3.0,4.242640687116409,0,0.0,0.0,0.0,0.0,0.0,0.0,0
79.489,4.068319524921433e-12,-1.6719647306079997e-23,-4.891688405955137e-12,1e-12,1e-12,1e-12,0.0,0.0,3.0,3.0,4.242640687116409,0,0.0,0.0,0.0,0.0,0.0,0.0,0
79.589,4.068319522822174e-12,-1.67196472958111e-23,-4.89168834954053e-12,1e-12,1e-12,1e-12,0.0,0.0,3.0,3.0,4.242640687116409,0,0.0,0.0,0.0,0.0,0.0,0.0,0
79.689,4.0683195201185684e-12,-1.6719647282585894e-23,-4.8916883015899065e-12,1e-12,1e-12,1e-12,0.0,0.0,3.0,3.0,4.242640687116409,0,0.0,0.0,0.0,0.0,0.0,0.0,0
79.789,4.068319516507732e-12,-1.671964726492278e-23,-4.8916882864151086e-12,1e-12,1e-12,1e-12,0.0,0.0,3.0,3.0,4.242640687116409,0,0.0,0.0,0.0,0.0,0.0,0.0,0
79.889,4.0683195153416505e-12,-1.6719647259218683e-23,-4.891688220070682e-12,1e-12,1e-12,1e-12,0.0,0.0,3.0,3.0,4.242640687116409,0,0.0,0.0,0.0,0.0,0.0,0.0,0
79.989,4.068319510676321e-12,-1.6719647236397333e-23,-4.891688184515125e-12,1e-12,1e-12,1e-12,0.0,0.0,3.0,3.0,4.242640687116409,0,0.0,0.0,0.0,0.0,0.0,0.0,0
80.089,4.068319509340836e-12,-1.671964722986456e-23,-4.891688140548126e-12,1e-12,1e-12,1e-12,0.0,0.0,3.0,3.0,4.242640687116409,0,0.0,0.0,0.0,0.0,0.0,0.0,0
80.189,4.068319510843882e-12,-1.671964723721697e-23,-4.891688102820278e-12,1e-12,1e-12,1e-12,0.0,0.0,3.0,3.0,4.242640687116409,0,0.0,0.0,0.0,0.0,0.0,0.0,0
80.289,4.068319512152908e-12,-1.6719647243620328e-23,-4.8916880731782856e-12,1e-12,1e-12,1e-12,0.0,0.0,3.0,3.0,4.242640687116409,0,0.0,0.0,0.0,0.0,0.0,0.0,0
80.389,4.068319511520549e-12,-1.671964724052704e-23,-4.891688050334858e-12,1e-12,1e-12,1e-12,0.0,0.0,3.0,3.0,4.242640687116409,0,0.0,0.0,0.0,0.0,0.0,0.0,0
80.469,4.068319509070255e-12,-1.6719647228540966e-23,-4.891688028812345e-12,1e-12,1e-12,1e-12,0.0,0.0,3.0,3.0,4.242640687116409,0,0.0,0.0,0.0,0.0,0.0,0.0,0
80.569,4.068319506329755e-12,-1.6719647215135273e-23,-4.8916879958453664e-12,1e-12,1e-12,1e-12,0.0,0.0,3.0,3.0,4.242640687116409,0,0.0,0.0,0.0,0.0,0.0,0.0,0
80.669,4.068319504834061e-12,-1.6719647207818794e-23,-4.891687951646426e-12,1e-12,1e-12,1e-12,0.0,0.0,3.0,3.0,4.242640687116409,0,0.0,0.0,0.0,0.0,0.0,0.0,0
80.769,4.06831950280241e-12,-1.6719647197880618e-23,-4.891687918061586e-12,1e-12,1e-12,1e-12,0.0,0.0,3.0,3.0,4.242640687116409,0,0.0,0.0,0.0,0.0,0.0,0.0,0
80.869,4.06831949919513e-12,-1.6719647180234937e-23,-4.89168786746826e-12,1e-12,1e-12,1e-12,0.0,0.0,3.0,3.0,4.242640687116409,0,0.0,0.0,0.0,0.0,0.0,0.0,0
80.969,4.0683194957011645e-12,-1.6719647163143522e-23,-4.891687820969471e-12,1e-12,1e-12,1e-12,0.0,0.0,3.0,3.0,4.242640687116409,0,0.0,0.0,0.0,0.0,0.0,0.0,0
81.069,4.068319490832367e-12,-1.67196471393269e-23,-4.891687771780118e-12,1e-12,1e-12,1e-12,0.0,0.0,3.0,3.0,4.242640687116409,0,0.0,0.0,0.0,0.0,0.0,0.0,0
81.169,4.068319487650598e-12,-1.6719647123762696e-23,-4.891687750529109e-12,1e-12,1e-12,1e-12,0.0,0.0,3.0,3.0,4.242640687116409,0,0.0,0.0,0.0,0.0,0.0,0.0,0
81.269,4.068319487830661e-12,-1.671964712464353e-23,-4.891687690256593e-12,1e-12,1e-12,1e-12,0.0,0.0,3.0,3.0,4.242640687116409,0,0.0,0.0,0.0,0.0,0.0,0.0,0
81.369,4.0683194854042296e-12,-1.6719647112774186e-23,-4.891687632242566e-12,1e-12,1e-12,1e-12,0.0,0.0,3.0,3.0,4.242640687116409,0,0.0,0.0,0.0,0.0,0.0,0.0,0
81.469,4.068319485474803e-12,-1.67196471131194e-23,-4.891687577138504e-12,1e-12,1e-12,1e-12,0.0,0.0,3.0,3.0,4.242640687116409,0,0.0,0.0,0.0,0.0,0.0,0.0,0
81.569,4.068319484490193e-12,-1.6719647108302988e-23,-4.891687528897843e-12,1e-12,1e-12,1e-12,0.0,0.0,3.0,3.0,4.242640687116409,0,0.0,0.0,0.0,0.0,0.0,0.0,0
81.669,4.068319479720221e-12,-1.6719647084969772e-23,-4.891687492419215e-12,1e-12,1e-12,1e-12,0.0,0.0,3.0,3.0,4.242640687116409,0,0.0,0.0,0.0,0.0,0.0,0.0,0
81.769,4.068319477469104e-12,-1.6719647073958037e-23,-4.891687435834051e-12,1e-12,1e-12,1e-12,0.0,0.0,3.0,3.0,4.242640687116409,0,0.0,0.0,0.0,0.0,0.0,0.0,0
81.869,4.068319474240487e-12,-1.6719647058164633e-23,-4.891687389173476e-12,1e-12,1e-12,1e-12,0.0,0.0,3.0,3.0,4.242640687116409,0,0.0,0.0,0.0,0.0,0.0,0.0,0
81.969,4.0683194728584806e-12,-1.6719647051404286e-23,-4.891687332851902e-12,1e-12,1e-12,1e-12,0.0,0.0,3.0,3.0,4.242640687116409,0,0.0,0.0,0.0,0.0,0.0,0.0,0
82.069,4.068319471793703e-12,-1.6719647046195714e-23,-4.891687326293269e-12,1e-12,1e-12,1e-12,0.0,0.0,3.0,3.0,4.242640687116409,0,0.0,0.0,0.0,0.0,0.0,0.0,0
82.169,4.0683194656259905e-12,-1.6719647016025194e-23,-4.891687286718294e-12,1e-12,1e-12,1e-12,0.0,0.0,3.0,3.0,4.242640687116409,0,0.0,0.0,0.0,0.0,0.0,0.0,0
82.269,4.068319463773893e-12,-1.6719647006965286e-23,-4.891687244797743e-12,1e-12,1e-12,1e-12,0.0,0.0,3.0,3.0,4.242640687116409,0,0.0,0.0,0.0,0.0,0.0,0.0,0
82.389,4.068319460628879e-12,-1.6719646991580874e-23,-4.891687208985708e-12,1e-12,1e-12,1e-12,0.0,0.0,3.0,3.0,4.242640687116409,0,0.0,0.0,0.0,0.0,0.0,0.0,0
82.489,4.0683194593454715e-12,-1.6719646985302826e-23,-4.891687190187648e-12,1e-12,1e-12,1e-12,0.0,0.0,3.0,3.0,4.242640687116409,0,0.0,0.0,0.0,0.0,0.0,0.0,0
82.549,4.0683194585286686e-12,-1.671964698130728e-23,-4.891687165943526e-12,1e-12,1e-12,1e-12,0.0,0.0,3.0,3.0,4.242640687116409,0,0.0,0.0,0.0,0.0,0.0,0.0,0
82.689,4.068319455092224e-12,-1.671964696449725e-23,-4.8916871059004216e-12,1e-12,1e-12,1e-12,0.0,0.0,3.0,3.0,4.242640687116409,0,0.0,0.0,0.0,0.0,0.0,0.0,0
82.789,4.068319451969649e-12,-1.671964694922258e-23,-4.891687038459016e-12,1e-12,1e-12,1e-12,0.0,0.0,3.0,3.0,4.242640687116409,0,0.0,0.0,0.0,0.0,0.0,0.0,0
82.889,4.068319447506648e-12,-1.671964692739097e-23,-4.8916869855291844e-12,1e-12,1e-12,1e-12,0.0,0.0,3.0,3.0,4.242640687116409,0,0.0,0.0,0.0,0.0,0.0,0.0,0
82.989,4.0683194476266535e-12,-1.6719646927978002e-23,-4.891686923480619e-12,1e-12,1e-12,1e-12,0.0,0.0,3.0,3.0,4.242640687116409,0,0.0,0.0,0.0,0.0,0.0,0.0,0
83.089,4.068319444657148e-12,-1.671964691345212e-23,-4.8916868765038054e-12,1e-12,1e-12,1e-12,0.0,0.0,3.0,3.0,4.242640687116409,0,0.0,0.0,0.0,0.0,0.0,0.0,0
83.189,4.068319442407057e-12,-1.671964690244538e-23,-4.891686800118091e-12,1e-12,1e-12,1e-12,0.0,0.0,3.0,3.0,4.242640687116409,0,0.0,0.0,0.0,0.0,0.0,0.0,0
83.269,4.068319440858143e-12,-1.6719646894868584e-23,-4.8916867531338245e-12,1e-12,1e-12,1e-12,0.0,0.0,3.0,3.0,4.242640687116409,0,0.0,0.0,0.0,0.0,0.0,0.0,0
83.389,4.068319437052741e-12,-1.6719646876253747e-23,-4.891686685492542e-12,1e-12,1e-12,1e-12,0.0,0.0,3.0,3.0,4.242640687116409,0,0.0,0.0,0.0,0.0,0.0,0.0,0
83.489,4.068319431993764e-12,-1.6719646851506822e-23,-4.891686654287094e-12,1e-12,1e-12,1e-12,0.0,0.0,3.0,3.0,4.242640687116409,0,0.0,0.0,0.0,0.0,0.0,0.0,0
83.589,4.068319428859014e-12,-1.6719646836172625e-23,-4.891686596362845e-12,1e-12,1e-12,1e-12,0.0,0.0,3.0,3.0,4.242640687116409,0,0.0,0.0,0.0,0.0,0.0,0.0,0
83.669,4.068319427937327e-12,-1.671964683166401e-23,-4.89168655169789e-12,1e-12,1e-12,1e-12,0.0,0.0,3.0,3.0,4.242640687116409,0,0.0,0.0,0.0,0.0,0.0,0.0,0
83.769,4.068319424316797e-12,-1.671964681395352e-23,-4.891686482103277e-12,1e-12,1e-12,1e-12,0.0,0.0,3.0,3.0,4.242640687116409,0,0.0,0.0,0.0,0.0,0.0,0.0,0
83.869,4.068319425870648e-12,-1.6719646821554465e-23,-4.891686425642246e-12,1e-12,1e-12,1e-12,0.0,0.0,3.0,3.0,4.242640687116409,0,0.0,0.0,0.0,0.0,0.0,0.0,0
83.969,4.068319421956153e-12,-1.671964680240598e-23,-4.89168639648301e-12,1e-12,1e-12,1e-12,0.0,0.0,3.0,3.0,4.242640687116409,0,0.0,0.0,0.0,0.0,0.0,0.0,0
84.089,4.0683194190194004e-12,-1.6719646788040307e-23,-4.89168633908545e-12,1e-12,1e-12,1e-12,0.0,0.0,3.0,3.0,4.242640687116409,0,0.0,0.0,0.0,0.0,0.0,0.0,0
84.169,4.0683194130747555e-12,-1.671964675896096e-23,-4.891686301191124e-12,1e-12,1e-12,1e-12,0.0,0.0,3.0,3.0,4.242640687116409,0,0.0,0.0,0.0,0.0,0.0,0.0,0
84.269,4.0683194087209e-12,-1.6719646737663236e-23,-4.891686276219064e-12,1e-12,1e-12,1e-12,0.0,0.0,3.0,3.0,4.242640687116409,0,0.0,0.0,0.0,0.0,0.0,0.0,0
84.369,4.068319404690926e-12,-1.6719646717949852e-23,-4.891686233197575e-12,1e-12,1e-12,1e-12,0.0,0.0,3.0,3.0,4.242640687116409,0,0.0,0.0,0.0,0.0,0.0,0.0,0
84.469,4.068319400212674e-12,-1.6719646696043648e-23,-4.891686197636429e-12,1e-12,1e-12,1e-12,0.0,0.0,3.0,3.0,4.242640687116409,0,0.0,0.0,0.0,0.0,0.0,0.0,0
84.569,4.068319397362111e-12,-1.6719646682099593e-23,-4.891686167867942e-12,1e-12,1e-12,1e-12,0.0,0.0,3.0,3.0,4.242640687116409,0,0.0,0.0,0.0,0.0,0.0,0.0,0
84.669,4.068319392395923e-12,-1.6719646657806533e-23,-4.891686134685673e-12,1e-12,1e-12,1e-12,0.0,0.0,3.0,3.0,4.242640687116409,0,0.0,0.0,0.0,0.0,0.0,0.0,0
84.789,4.068319386502832e-12,-1.671964662897938e-23,-4.8916860761199794e-12,1e-12,1e-12,1e-12,0.0,0.0,3.0,3.0,4.242640687116409,0,0.0,0.0,0.0,0.0,0.0,0.0,0
84.889,4.0683193864708256e-12,-1.671964662882281e-23,-4.891686028975491e-12,1e-12,1e-12,1e-12,0.0,0.0,3.0,3.0,4.242640687116409,0,0.0,0.0,0.0,0.0,0.0,0.0,0
84.969,4.068319383249604e-12,-1.6719646613065595e-23,-4.891685972426157e-12,1e-12,1e-12,1e-12,0.0,0.0,3.0,3.0,4.242640687116409,0,0.0,0.0,0.0,0.0,0.0,0.0,0
85.089,4.068319377949256e-12,-1.6719646587138002e-23,-4.8916859080157366e-12,1e-12,1e-12,1e-12,0.0,0.0,3.0,3.0,4.242640687116409,0,0.0,0.0,0.0,0.0,0.0,0.0,0
85.169,4.068319376730546e-12,-1.6719646581176456e-23,-4.8916858708690844e-12,1e-12,1e-12,1e-12,0.0,0.0,3.0,3.0,4.242640687116409,0,0.0,0.0,0.0,0.0,0.0,0.0,0
85.289,4.0683193735017855e-12,-1.6719646565382334e-23,-4.891685813170829e-12,1e-12,1e-12,1e-12,0.0,0.0,3.0,3.0,4.242640687116409,0,0.0,0.0,0.0,0.0,0.0,0.0,0
85.389,4.068319372930701e-12,-1.6719646562588754e-23,-4.8916857658638314e-12,1e-12,1e-12,1e-12,0.0,0.0,3.0,3.0,4.242640687116409,0,0.0,0.0,0.0,0.0,0.0,0.0,0
85.489,4.0683193683367066e-12,-1.6719646540116376e-23,-4.891685728169171e-12,1e-12,1e-12,1e-12,0.0,0.0,3.0,3.0,4.242640687116409,0,0.0,0.0,0.0,0.0,0.0,0.0,0
85.569,4.068319366390003e-12,-1.6719646530593723e-23,-4.891685670665743e-12,1e-12,1e-12,1e-12,0.0,0.0,3.0,3.0,4.242640687116409,0,0.0,0.0,0.0,0.0,0.0,0.0,0
85.689,4.068319363429817e-12,-1.6719646516113443e-23,-4.891685612964217e-12,1e-12,1e-12,1e-12,0.0,0.0,3.0,3.0,4.242640687116409,0,0.0,0.0,0.0,0.0,0.0,0.0,0
85.789,4.068319361465369e-12,-1.6719646506503965e-23,-4.891685569913156e-12,1e-12,1e-12,1e-12,0.0,0.0,3.0,3.0,4.242640687116409,0,0.0,0.0,0.0,0.0,0.0,0.0,0
85.849,4.0683193601116685e-12,-1.6719646499882102e-23,-4.891685530829389e-12,1e-12,1e-12,1e-12,0.0,0.0,3.0,3.0,4.242640687116409,0,0.0,0.0,0.0,0.0,0.0,0.0,0
85.989,4.068319354463149e-12,-1.671964647225134e-23,-4.891685461404098e-12,1e-12,1e-12,1e-12,0.0,0.0,3.0,3.0,4.242640687116409,0,0.0,0.0,0.0,0.0,0.0,0.0,0
86.089,4.0683193514286825e-12,-1.6719646457407677e-23,-4.8916854396486755e-12,1e-12,1e-12,1e-12,0.0,0.0,3.0,3.0,4.242640687116409,0,0.0,0.0,0.0,0.0,0.0,0.0,0
86.189,4.068319345806289e-12,-1.671964642990469e-23,-4.891685424619708e-12,1e-12,1e-12,1e-12,0.0,0.0,3.0,3.0,4.242640687116409,0,0.0,0.0,0.0,0.0,0.0,0.0,0
86.289,4.068319342437301e-12,-1.6719646413424663e-23,-4.891685386526603e-12,1e-12,1e-12,1e-12,0.0,0.0,3.0,3.0,4.242640687116409,0,0.0,0.0,0.0,0.0,0.0,0.0,0
86.389,4.0683193378634035e-12,-1.6719646391050606e-23,-4.891685367565896e-12,1e-12,1e-12,1e-12,0.0,0.0,3.0,3.0,4.242640687116409,0,0.0,0.0,0.0,0.0,0.0,0.0,0
86.489,4.06831933430533e-12,-1.6719646373645623e-23,-4.891685326960592e-12,1e-12,1e-12,1e-12,0.0,0.0,3.0,3.0,4.242640687116409,0,0.0,0.0,0.0,0.0,0.0,0.0,0
86.589,4.068319331596956e-12,-1.6719646360397114e-23,-4.8916852831428466e-12,1e-12,1e-12,1e-12,0.0,0.0,3.0,3.0,4.242640687116409,0,0.0,0.0,0.0,0.0,0.0,0.0,0
86.689,4.068319330111808e-12,-1.6719646353132253e-23,-4.891685247429794e-12,1e-12,1e-12,1e-12,0.0,0.0,3.0,3.0,4.242640687116409,0,0.0,0.0,0.0,0.0,0.0,0.0,0
86.789,4.068319326625964e-12,-1.6719646336080605e-23,-4.891685229616819e-12,1e-12,1e-12,1e-12,0.0,0.0,3.0,3.0,4.242640687116409,0,0.0,0.0,0.0,0.0,0.0,0.0,0
86.889,4.068319323584764e-12,-1.6719646321204004e-23,-4.891685166860452e-12,1e-12,1e-12,1e-12,0.0,0.0,3.0,3.0,4.242640687116409,0,0.0,0.0,0.0,0.0,0.0,0.0,0
86.989,4.0683193205141044e-12,-1.6719646306183297e-23,-4.891685129125273e-12,1e-12,1e-12,1e-12,0.0,0.0,3.0,3.0,4.242640687116409,0,0.0,0.0,0.0,0.0,0.0,0.0,0
87.069,4.068319318931928e-12,-1.6719646298443783e-23,-4.891685085209512e-12,1e-12,1e-12,1e-12,0.0,0.0,3.0,3.0,4.242640687116409,0,0.0,0.0,0.0,0.0,0.0,0.0,0
87.169,4.06831931722768e-12,-1.671964629010716e-23,-4.891685050718195e-12,1e-12,1e-12,1e-12,0.0,0.0,3.0,3.0,4.242640687116409,0,0.0,0.0,0.0,0.0,0.0,0.0,0
87.269,4.0683193154455665e-12,-1.671964628138961e-23,-4.891684993153053e-12,1e-12,1e-12,1e-12,0.0,0.0,3.0,3.0,4.242640687116409,0,0.0,0.0,0.0,0.0,0.0,0.0,0
87.369,4.0683193131720024e-12,-1.6719646270268077e-23,-4.891684939411952e-12,1e-12,1e-12,1e-12,0.0,0.0,3.0,3.0,4.242640687116409,0,0.0,0.0,0.0,0.0,0.0,0.0,0
87.469,4.0683193102868005e-12,-1.6719646256154586e-23,-4.891684904001907e-12,1e-12,1e-12,1e-12,0.0,0.0,3.0,3.0,4.242640687116409,0,0.0,0.0,0.0,0.0,0.0,0.0,0
87.569,4.06831930880519e-12,-1.6719646248907014e-23,-4.891684850829513e-12,1e-12,1e-12,1e-12,0.0,0.0,3.0,3.0,4.242640687116409,0,0.0,0.0,0.0,0.0,0.0,0.0,0
87.669,4.0683193060231715e-12,-1.6719646235298257e-23,-4.891684805927026e-12,1e-12,1e-12,1e-12,0.0,0.0,3.0,3.0,4.242640687116409,0,0.0,0.0,0.0,0.0,0.0,0.0,0
87.769,4.06831930369695e-12,-1.67196462239191e-23,-4.891684773971571e-12,1e-12,1e-12,1e-12,0.0,0.0,3.0,3.0,4.242640687116409,0,0.0,0.0,0.0,0.0,0.0,0.0,0
87.869,4.068319301406203e-12,-1.6719646212713487e-23,-4.891684721651425e-12,1e-12,1e-12,1e-12,0.0,0.0,3.0,3.0,4.242640687116409,0,0.0,0.0,0.0,0.0,0.0,0.0,0
87.989,4.0683193006631365e-12,-1.6719646209078647e-23,-4.8916846826153505e-12,1e-12,1e-12,1e-12,0.0,0.0,3.0,3.0,4.242640687116409,0,0.0,0.0,0.0,0.0,0.0,0.0,0
88.069,4.0683192979565555e-12,-1.6719646195838884e-23,-4.8916846419320716e-12,1e-12,1e-12,1e-12,0.0,0.0,3.0,3.0,4.242640687116409,0,0.0,0.0,0.0,0.0,0.0,0.0,0
88.169,4.068319295087624e-12,-1.6719646181804974e-23,-4.891684570938906e-12,1e-12,1e-12,1e-12,0.0,0.0,3.0,3.0,4.242640687116409,0,0.0,0.0,0.0,0.0,0.0,0.0,0
88.269,4.0683192899101876e-12,-1.6719646156478575e-23,-4.8916845054973585e-12,1e-12,1e-12,1e-12,0.0,0.0,3.0,3.0,4.242640687116409,0,0.0,0.0,0.0,0.0,0.0,0.0,0
88.369,4.0683192872368715e-12,-1.671964614340156e-23,-4.891684452472474e-12,1e-12,1e-12,1e-12,0.0,0.0,3.0,3.0,4.242640687116409,0,0.0,0.0,0.0,0.0,0.0,0.0,0
88.469,4.068319286227351e-12,-1.671964613846332e-23,-4.8916844037261176e-12,1e-12,1e-12,1e-12,0.0,0.0,3.0,3.0,4.242640687116409,0,0.0,0.0,0.0,0.0,0.0,0.0,0
88.589,4.06831928273599e-12,-1.6719646121384688e-23,-4.8916843499610346e-12,1e-12,1e-12,1e-12,0.0,0.0,3.0,3.0,4.242640687116409,0,0.0,0.0,0.0,0.0,0.0,0.0,0
88.669,4.068319282137299e-12,-1.6719646118456067e-23,-4.891684305576485e-12,1e-12,1e-12,1e-12,0.0,0.0,3.0,3.0,4.242640687116409,0,0.0,0.0,0.0,0.0,0.0,0.0,0
88.789,4.0683192781036166e-12,-1.671964609872457e-23,-4.89168430077649e-12,1e-12,1e-12,1e-12,0.0,0.0,3.0,3.0,4.242640687116409,0,0.0,0.0,0.0,0.0,0.0,0.0,0
88.869,4.0683192753400974e-12,-1.671964608520631e-23,-4.891684252615642e-12,1e-12,1e-12,1e-12,0.0,0.0,3.0,3.0,4.242640687116409,0,0.0,0.0,0.0,0.0,0.0,0.0,0
88.989,4.068319271523911e-12,-1.6719646066538722e-23,-4.891684189912825e-12,1e-12,1e-12,1e-12,0.0,0.0,3.0,3.0,4.242640687116409,0,0.0,0.0,0.0,0.0,0.0,0.0,0
89.089,4.0683192678665335e-12,-1.6719646048648e-23,-4.891684146242197e-12,1e-12,1e-12,1e-12,0.0,0.0,3.0,3.0,4.242640687116409,0,0.0,0.0,0.0,0.0,0.0,0.0,0
89.169,4.068319265806096e-12,-1.6719646038568995e-23,-4.891684119642035e-12,1e-12,1e-12,1e-12,0.0,0.0,3.0,3.0,4.242640687116409,0,0.0,0.0,0.0,0.0,0.0,0.0,0
89.289,4.068319263455291e-12,-1.6719646027069592e-23,-4.8916840837271924e-12,1e-12,1e-12,1e-12,0.0,0.0,3.0,3.0,4.242640687116409,0,0.0,0.0,0.0,0.0,0.0,0.0,0
89.389,4.068319261516644e-12,-1.6719646017586292e-23,-4.891684040696708e-12,1e-12,1e-12,1e-12,0.0,0.0,3.0,3.0,4.242640687116409,0,0.0,0.0,0.0,0.0,0.0,0.0,0
89.489,4.068319256580092e-12,-1.671964599343824e-23,-4.891683996195467e-12,1e-12,1e-12,1e-12,0.0,0.0,3.0,3.0,4.242640687116409,0,0.0,0.0,0.0,0.0,0.0,0.0,0
89.589,4.068319252694546e-12,-1.6719645974431408e-23,-4.891683960058095e-12,1e-12,1e-12,1e-12,0.0,0.0,3.0,3.0,4.242640687116409,0,0.0,0.0,0.0,0.0,0.0,0.0,0
89.689,4.068319249548921e-12,-1.671964595904405e-23,-4.891683913287215e-12,1e-12,1e-12,1e-12,0.0,0.0,3.0,3.0,4.242640687116409,0,0.0,0.0,0.0,0.0,0.0,0.0,0
89.789,4.0683192464956874e-12,-1.6719645944108614e-23,-4.891683860826047e-12,1e-12,1e-12,1e-12,0.0,0.0,3.0,3.0,4.242640687116409,0,0.0,0.0,0.0,0.0,0.0,0.0,0
89.889,4.06831924538671e-12,-1.6719645938683846e-23,-4.891683855885692e-12,1e-12,1e-12,1e-12,0.0,0.0,3.0,3.0,4.242640687116409,0,0.0,0.0,0.0,0.0,0.0,0.0,0
89.989,4.068319243907614e-12,-1.6719645931448602e-23,-4.891683802137115e-12,1e-12,1e-12,1e-12,0.0,0.0,3.0,3.0,4.242640687116409,0,0.0,0.0,0.0,0.0,0.0,0.0,0
90.089,4.06831923915265e-12,-1.6719645908188813e-23,-4.891683722726236e-12,1e-12,1e-12,1e-12,0.0,0.0,3.0,3.0,4.242640687116409,0,0.0,0.0,0.0,0.0,0.0,0.0,0
90.189,4.068319235096263e-12,-1.671964588834628e-23,-4.891683667222614e-12,1e-12,1e-12,1e-12,0.0,0.0,3.0,3.0,4.242640687116409,0,0.0,0.0,0.0,0.0,0.0,0.0,0
90.289,4.068319233511771e-12,-1.6719645880595464e-23,-4.891683647968973e-12,1e-12,1e-12,1e-12,0.0,0.0,3.0,3.0,4.242640687116409,0,0.0,0.0,0.0,0.0,0.0,0.0,0
90.369,4.068319228060518e-12,-1.671964585392971e-23,-4.891683610224506e-12,1e-12,1e-12,1e-12,0.0,0.0,3.0,3.0,4.242640687116409,0,0.0,0.0,0.0,0.0,0.0,0.0,0
90.469,4.068319224286149e-12,-1.671964583546668e-23,-4.8916835568200626e-12,1e-12,1e-12,1e-12,0.0,0.0,3.0,3.0,4.242640687116409,0,0.0,0.0,0.0,0.0,0.0,0.0,0
90.569,4.068319218915799e-12,-1.6719645809196628e-23,-4.8916835095616824e-12,1e-12,1e-12,1e-12,0.0,0.0,3.0,3.0,4.242640687116409,0,0.0,0.0,0.0,0.0,0.0,0.0,0
90.669,4.068319216820541e-12,-1.6719645798947307e-23,-4.89168346542699e-12,1e-12,1e-12,1e-12,0.0,0.0,3.0,3.0,4.242640687116409,0,0.0,0.0,0.0,0.0,0.0,0.0,0
90.769,4.068319216299201e-12,-1.6719645796397117e-23,-4.891683416557062e-12,1e-12,1e-12,1e-12,0.0,0.0,3.0,3.0,4.242640687116409,0,0.0,0.0,0.0,0.0,0.0,0.0,0
90.869,4.068319213951178e-12,-1.6719645784911332e-23,-4.891683375240944e-12,1e-12,1e-12,1e-12,0.0,0.0,3.0,3.0,4.242640687116409,0,0.0,0.0,0.0,0.0,0.0,0.0,0
90.969,4.068319210569209e-12,-1.6719645768367836e-23,-4.891683333966079e-12,1e-12,1e-12,1e-12,0.0,0.0,3.0,3.0,4.242640687116409,0,0.0,0.0,0.0,0.0,0.0,0.0,0
91.069,4.068319209156285e-12,-1.671964576145627e-23,-4.891683287978902e-12,1e-12,1e-12,1e-12,0.0,0.0,3.0,3.0,4.242640687116409,0,0.0,0.0,0.0,0.0,0.0,0.0,0
91.169,4.06831920583263e-12,-1.6719645745198016e-23,-4.8916832221068714e-12,1e-12,1e-12,1e-12,0.0,0.0,3.0,3.0,4.242640687116409,0,0.0,0.0,0.0,0.0,0.0,0.0,0
91.269,4.0683192012057774e-12,-1.671964572256489e-23,-4.891683164202699e-12,1e-12,1e-12,1e-12,0.0,0.0,3.0,3.0,4.242640687116409,0,0.0,0.0,0.0,0.0,0.0,0.0,0
91.369,4.068319198125765e-12,-1.67196457074984e-23,-4.891683115113463e-12,1e-12,1e-12,1e-12,0.0,0.0,3.0,3.0,4.242640687116409,0,0.0,0.0,0.0,0.0,0.0,0.0,0
91.469,4.068319192601252e-12,-1.6719645680474275e-23,-4.891683061381453e-12,1e-12,1e-12,1e-12,0.0,0.0,3.0,3.0,4.242640687116409,0,0.0,0.0,0.0,0.0,0.0,0.0,0
91.569,4.068319190171004e-12,-1.6719645668586286e-23,-4.891683019001516e-12,1e-12,1e-12,1e-12,0.0,0.0,3.0,3.0,4.242640687116409,0,0.0,0.0,0.0,0.0,0.0,0.0,0
91.669,4.068319188263741e-12,-1.6719645659256566e-23,-4.891682967602344e-12,1e-12,1e-12,1e-12,0.0,0.0,3.0,3.0,4.242640687116409,0,0.0,0.0,0.0,0.0,0.0,0.0,0
91.789,4.068319182615589e-12,-1.67196456316276e-23,-4.89168290164495e-12,1e-12,1e-12,1e-12,0.0,0.0,3.0,3.0,4.242640687116409,0,0.0,0.0,0.0,0.0,0.0,0.0,0
91.889,4.0683191781495775e-12,-1.671964560978131e-23,-4.891682870706598e-12,1e-12,1e-12,1e-12,0.0,0.0,3.0,3.0,4.242640687116409,0,0.0,0.0,0.0,0.0,0.0,0.0,0
91.969,4.068319176488398e-12,-1.6719645601655345e-23,-4.8916828235600725e-12,1e-12,1e-12,1e-12,0.0,0.0,3.0,3.0,4.242640687116409,0,0.0,0.0,0.0,0.0,0.0,0.0,0
92.089,4.068319171959249e-12,-1.671964557950016e-23,-4.89168276614493e-12,1e-12,1e-12,1e-12,0.0,0.0,3.0,3.0,4.242640687116409,0,0.0,0.0,0.0,0.0,0.0,0.0,0
92.169,4.068319171374552e-12,-1.671964557664002e-23,-4.891682721003334e-12,1e-12,1e-12,1e-12,0.0,0.0,3.0,3.0,4.242640687116409,0,0.0,0.0,0.0,0.0,0.0,0.0,0
92.269,4.068319166979817e-12,-1.6719645555142385e-23,-4.891682675696064e-12,1e-12,1e-12,1e-12,0.0,0.0,3.0,3.0,4.242640687116409,0,0.0,0.0,0.0,0.0,0.0,0.0,0
92.389,4.0683191634813404e-12,-1.6719645538028904e-23,-4.891682655133449e-12,1e-12,1e-12,1e-12,0.0,0.0,3.0,3.0,4.242640687116409,0,0.0,0.0,0.0,0.0,0.0,0.0,0
92.489,4.0683191619826685e-12,-1.671964553069789e-23,-4.891682643246276e-12,1e-12,1e-12,1e-12,0.0,0.0,3.0,3.0,4.242640687116409,0,0.0,0.0,0.0,0.0,0.0,0.0,0
92.589,4.068319159622116e-12,-1.6719645519150808e-23,-4.891682613664774e-12,1e-12,1e-12,1e-12,0.0,0.0,3.0,3.0,4.242640687116409,0,0.0,0.0,0.0,0.0,0.0,0.0,0
92.689,4.0683191563376e-12,-1.6719645503083993e-23,-4.891682569186077e-12,1e-12,1e-12,1e-12,0.0,0.0,3.0,3.0,4.242640687116409,0,0.0,0.0,0.0,0.0,0.0,0.0,0
92.789,4.0683191528802575e-12,-1.6719645486171768e-23,-4.891682524848211e-12,1e-12,1e-12,1e-12,0.0,0.0,3.0,3.0,4.242640687116409,0,0.0,0.0,0.0,0.0,0.0,0.0,0
92.889,4.068319150268969e-12,-1.6719645473398185e-23,-4.891682456494863e-12,1e-12,1e-12,1e-12,0.0,0.0,3.0,3.0,4.242640687116409,0,0.0,0.0,0.0,0.0,0.0,0.0,0
92.989,4.068319145650299e-12,-1.6719645450805107e-23,-4.89168241797056e-12,1e-12,1e-12,1e-12,0.0,0.0,3.0,3.0,4.242640687116409,0,0.0,0.0,0.0,0.0,0.0,0.0,0
93.089,4.0683191432828945e-12,-1.6719645439224492e-23,-4.891682374529588e-12,1e-12,1e-12,1e-12,0.0,0.0,3.0,3.0,4.242640687116409,0,0.0,0.0,0.0,0.0,0.0,0.0,0
93.189,4.068319138012709e-12,-1.6719645413444414e-23,-4.89168233148512e-12,1e-12,1e-12,1e-12,0.0,0.0,3.0,3.0,4.242640687116409,0,0.0,0.0,0.0,0.0,0.0,0.0,0
93.289,4.068319134995645e-12,-1.6719645398685883e-23,-4.891682285604529e-12,1e-12,1e-12,1e-12,0.0,0.0,3.0,3.0,4.242640687116409,0,0.0,0.0,0.0,0.0,0.0,0.0,0
93.369,4.068319130336525e-12,-1.671964537589493e-23,-4.891682239788559e-12,1e-12,1e-12,1e-12,0.0,0.0,3.0,3.0,4.242640687116409,0,0.0,0.0,0.0,0.0,0.0,0.0,0
93.469,4.068319126838737e-12,-1.6719645358784867e-23,-4.891682205242595e-12,1e-12,1e-12,1e-12,0.0,0.0,3.0,3.0,4.242640687116409,0,0.0,0.0,0.0,0.0,0.0,0.0,0
93.569,4.0683191252531416e-12,-1.6719645351028656e-23,-4.891682170274933e-12,1e-12,1e-12,1e-12,0.0,0.0,3.0,3.0,4.242640687116409,0,0.0,0.0,0.0,0.0,0.0,0.0,0
93.669,4.068319122629428e-12,-1.67196453381943e-23,-4.891682130229282e-12,1e-12,1e-12,1e-12,0.0,0.0,3.0,3.0,4.242640687116409,0,0.0,0.0,0.0,0.0,0.0,0.0,0
93.769,4.0683191190549795e-12,-1.671964532070923e-23,-4.891682088265521e-12,1e-12,1e-12,1e-12,0.0,0.0,3.0,3.0,4.242640687116409,0,0.0,0.0,0.0,0.0,0.0,0.0,0
93.869,4.06831911562352e-12,-1.6719645303923638e-23,-4.8916820314249335e-12,1e-12,1e-12,1e-12,0.0,0.0,3.0,3.0,4.242640687116409,0,0.0,0.0,0.0,0.0,0.0,0.0,0
93.969,4.068319115024495e-12,-1.671964530099341e-23,-4.891681997859315e-12,1e-12,1e-12,1e-12,0.0,0.0,3.0,3.0,4.242640687116409,0,0.0,0.0,0.0,0.0,0.0,0.0,0
94.069,4.068319111826457e-12,-1.6719645285349605e-23,-4.891681941479993e-12,1e-12,1e-12,1e-12,0.0,0.0,3.0,3.0,4.242640687116409,0,0.0,0.0,0.0,0.0,0.0,0.0,0
94.169,4.068319109287684e-12,-1.6719645272930712e-23,-4.891681904057163e-12,1e-12,1e-12,1e-12,0.0,0.0,3.0,3.0,4.242640687116409,0,0.0,0.0,0.0,0.0,0.0,0.0,0
94.269,4.068319107844817e-12,-1.6719645265872665e-23,-4.89168183264565e-12,1e-12,1e-12,1e-12,0.0,0.0,3.0,3.0,4.242640687116409,0,0.0,0.0,0.0,0.0,0.0,0.0,0
94.369,4.0683191047938195e-12,-1.6719645250948166e-23,-4.891681788954771e-12,1e-12,1e-12,1e-12,0.0,0.0,3.0,3.0,4.242640687116409,0,0.0,0.0,0.0,0.0,0.0,0.0,0
94.469,4.068319101940688e-12,-1.6719645236991548e-23,-4.891681743490969e-12,1e-12,1e-12,1e-12,0.0,0.0,3.0,3.0,4.242640687116409,0,0.0,0.0,0.0,0.0,0.0,0.0,0
94.569,4.068319096805415e-12,-1.6719645211871448e-23,-4.891681696647673e-12,1e-12,1e-12,1e-12,0.0,0.0,3.0,3.0,4.242640687116409,0,0.0,0.0,0.0,0.0,0.0,0.0,0
94.689,4.06831909251451e-12,-1.6719645190881736e-23,-4.8916816370316136e-12,1e-12,1e-12,1e-12,0.0,0.0,3.0,3.0,4.242640687116409,0,0.0,0.0,0.0,0.0,0.0,0.0,0
94.789,4.068319091048539e-12,-1.671964518371065e-23,-4.891681613697649e-12,1e-12,1e-12,1e-12,0.0,0.0,3.0,3.0,4.242640687116409,0,0.0,0.0,0.0,0.0,0.0,0.0,0
94.869,4.068319088224393e-12,-1.6719645169895835e-23,-4.8916815705777916e-12,1e-12,1e-12,1e-12,0.0,0.0,3.0,3.0,4.242640687116409,0,0.0,0.0,0.0,0.0,0.0,0.0,0
94.989,4.068319084438575e-12,-1.671964515137681e-23,-4.891681519310141e-12,1e-12,1e-12,1e-12,0.0,0.0,3.0,3.0,4.242640687116409,0,0.0,0.0,0.0,0.0,0.0,0.0,0
95.069,4.068319082315317e-12,-1.67196451409905e-23,-4.891681457975482e-12,1e-12,1e-12,1e-12,0.0,0.0,3.0,3.0,4.242640687116409,0,0.0,0.0,0.0,0.0,0.0,0.0,0
95.169,4.068319078181836e-12,-1.6719645120770833e-23,-4.89168141702923e-12,1e-12,1e-12,1e-12,0.0,0.0,3.0,3.0,4.242640687116409,0,0.0,0.0,0.0,0.0,0.0,0.0,0
95.289,4.068319072746574e-12,-1.671964509418327e-23,-4.8916813832897626e-12,1e-12,1e-12,1e-12,0.0,0.0,3.0,3.0,4.242640687116409,0,0.0,0.0,0.0,0.0,0.0,0.0,0
95.369,4.068319069619834e-12,-1.6719645078888278e-23,-4.891681361544036e-12,1e-12,1e-12,1e-12,0.0,0.0,3.0,3.0,4.242640687116409,0,0.0,0.0,0.0,0.0,0.0,0.0,0
95.489,4.068319065425523e-12,-1.6719645058371058e-23,-4.891681275231424e-12,1e-12,1e-12,1e-12,0.0,0.0,3.0,3.0,4.242640687116409,0,0.0,0.0,0.0,0.0,0.0,0.0,0
95.569,4.068319063616386e-12,-1.6719645049521337e-23,-4.89168124233273e-12,1e-12,1e-12,1e-12,0.0,0.0,3.0,3.0,4.242640687116409,0,0.0,0.0,0.0,0.0,0.0,0.0,0
95.689,4.068319060824252e-12,-1.6719645035863098e-23,-4.89168117309932e-12,1e-12,1e-12,1e-12,0.0,0.0,3.0,3.0,4.242640687116409,0,0.0,0.0,0.0,0.0,0.0,0.0,0
95.749,4.068319058535075e-12,-1.6719645024665177e-23,-4.891681132554922e-12,1e-12,1e-12,1e-12,0.0,0.0,3.0,3.0,4.242640687116409,0,0.0,0.0,0.0,0.0,0.0,0.0,0
95.889,4.068319053669196e-12,-1.671964500086286e-23,-4.891681055064144e-12,1e-12,1e-12,1e-12,0.0,0.0,3.0,3.0,4.242640687116409,0,0.0,0.0,0.0,0.0,0.0,0.0,0
95.989,4.068319050953629e-12,-1.671964498757915e-23,-4.891681013994286e-12,1e-12,1e-12,1e-12,0.0,0.0,3.0,3.0,4.242640687116409,0,0.0,0.0,0.0,0.0,0.0,0.0,0
96.089,4.0683190480604594e-12,-1.6719644973426683e-23,-4.8916809419693265e-12,1e-12,1e-12,1e-12,0.0,0.0,3.0,3.0,4.242640687116409,0,0.0,0.0,0.0,0.0,0.0,0.0,0
96.189,4.0683190445847434e-12,-1.6719644956424603e-23,-4.8916808806302886e-12,1e-12,1e-12,1e-12,0.0,0.0,3.0,3.0,4.242640687116409,0,0.0,0.0,0.0,0.0,0.0,0.0,0
96.289,4.068319044309105e-12,-1.6719644955076246e-23,-4.89168084975402e-12,1e-12,1e-12,1e-12,0.0,0.0,3.0,3.0,4.242640687116409,0,0.0,0.0,0.0,0.0,0.0,0.0,0
96.389,4.068319041264812e-12,-1.6719644940184535e-23,-4.891680797670653e-12,1e-12,1e-12,1e-12,0.0,0.0,3.0,3.0,4.242640687116409,0,0.0,0.0,0.0,0.0,0.0,0.0,0
96.489,4.0683190374798e-12,-1.6719644921669464e-23,-4.891680770691052e-12,1e-12,1e-12,1e-12,0.0,0.0,3.0,3.0,4.242640687116409,0,0.0,0.0,0.0,0.0,0.0,0.0,0
96.589,4.0683190350979414e-12,-1.6719644910018196e-23,-4.891680726360765e-12,1e-12,1e-12,1e-12,0.0,0.0,3.0,3.0,4.242640687116409,0,0.0,0.0,0.0,0.0,0.0,0.0,0
96.689,4.0683190325129536e-12,-1.671964489737327e-23,-4.891680667924272e-12,1e-12,1e-12,1e-12,0.0,0.0,3.0,3.0,4.242640687116409,0,0.0,0.0,0.0,0.0,0.0,0.0,0
96.789,4.068319032431413e-12,-1.671964489697444e-23,-4.891680614555201e-12,1e-12,1e-12,1e-12,0.0,0.0,3.0,3.0,4.242640687116409,0,0.0,0.0,0.0,0.0,0.0,0.0,0
96.889,4.068319028876443e-12,-1.671964487958465e-23,-4.89168057528304e-12,1e-12,1e-12,1e-12,0.0,0.0,3.0,3.0,4.242640687116409,0,0.0,0.0,0.0,0.0,0.0,0.0,0
96.969,4.068319026962394e-12,-1.6719644870221753e-23,-4.891680505674685e-12,1e-12,1e-12,1e-12,0.0,0.0,3.0,3.0,4.242640687116409,0,0.0,0.0,0.0,0.0,0.0,0.0,0
97.069,4.068319021884949e-12,-1.67196448453845e-23,-4.8916804600989636e-12,1e-12,1e-12,1e-12,0.0,0.0,3.0,3.0,4.242640687116409,0,0.0,0.0,0.0,0.0,0.0,0.0,0
97.169,4.0683190197353605e-12,-1.6719644834869392e-23,-4.891680411808575e-12,1e-12,1e-12,1e-12,0.0,0.0,3.0,3.0,4.242640687116409,0,0.0,0.0,0.0,0.0,0.0,0.0,0
97.269,4.068319015583907e-12,-1.671964481456181e-23,-4.8916803824726255e-12,1e-12,1e-12,1e-12,0.0,0.0,3.0,3.0,4.242640687116409,0,0.0,0.0,0.0,0.0,0.0,0.0,0
97.369,4.06831900801463e-12,-1.6719644777535313e-23,-4.8916803181383795e-12,1e-12,1e-12,1e-12,0.0,0.0,3.0,3.0,4.242640687116409,0,0.0,0.0,0.0,0.0,0.0,0.0,0
97.469,4.068319004752532e-12,-1.6719644761578154e-23,-4.8916802830106176e-12,1e-12,1e-12,1e-12,0.0,0.0,3.0,3.0,4.242640687116409,0,0.0,0.0,0.0,0.0,0.0,0.0,0
97.569,4.068318998391446e-12,-1.6719644730461784e-23,-4.8916802164972895e-12,1e-12,1e-12,1e-12,0.0,0.0,3.0,3.0,4.242640687116409,0,0.0,0.0,0.0,0.0,0.0,0.0,0
97.669,4.0683189958052855e-12,-1.6719644717811093e-23,-4.891680186885875e-12,1e-12,1e-12,1e-12,0.0,0.0,3.0,3.0,4.242640687116409,0,0.0,0.0,0.0,0.0,0.0,0.0,0
97.769,4.068318993768172e-12,-1.6719644707846198e-23,-4.891680137069859e-12,1e-12,1e-12,1e-12,0.0,0.0,3.0,3.0,4.242640687116409,0,0.0,0.0,0.0,0.0,0.0,0.0,0
97.869,4.068318988944407e-12,-1.6719644684249874e-23,-4.8916800881082504e-12,1e-12,1e-12,1e-12,0.0,0.0,3.0,3.0,4.242640687116409,0,0.0,0.0,0.0,0.0,0.0,0.0,0
97.989,4.068318984012124e-12,-1.6719644660122723e-23,-4.8916800456063196e-12,1e-12,1e-12,1e-12,0.0,0.0,3.0,3.0,4.242640687116409,0,0.0,0.0,0.0,0.0,0.0,0.0,0
98.089,4.068318981137931e-12,-1.6719644646063123e-23,-4.891680016529424e-12,1e-12,1e-12,1e-12,0.0,0.0,3.0,3.0,4.242640687116409,0,0.0,0.0,0.0,0.0,0.0,0.0,0
98.169,4.068318980198281e-12,-1.671964464146664e-23,-4.891679989637013e-12,1e-12,1e-12,1e-12,0.0,0.0,3.0,3.0,4.242640687116409,0,0.0,0.0,0.0,0.0,0.0,0.0,0
98.269,4.068318976242268e-12,-1.67196446221151e-23,-4.891679951091002e-12,1e-12,1e-12,1e-12,0.0,0.0,3.0,3.0,4.242640687116409,0,0.0,0.0,0.0,0.0,0.0,0.0,0
98.389,4.068318971056358e-12,-1.67196445967473e-23,-4.891679907216954e-12,1e-12,1e-12,1e-12,0.0,0.0,3.0,3.0,4.242640687116409,0,0.0,0.0,0.0,0.0,0.0,0.0,0
98.489,4.068318969280694e-12,-1.6719644588061326e-23,-4.891679874160124e-12,1e-12,1e-12,1e-12,0.0,0.0,3.0,3.0,4.242640687116409,0,0.0,0.0,0.0,0.0,0.0,0.0,0
98.569,4.068318965944754e-12,-1.6719644571742975e-23,-4.891679833649268e-12,1e-12,1e-12,1e-12,0.0,0.0,3.0,3.0,4.242640687116409,0,0.0,0.0,0.0,0.0,0.0,0.0,0
98.669,4.0683189632971585e-12,-1.671964455879177e-23,-4.891679784160237e-12,1e-12,1e-12,1e-12,0.0,0.0,3.0,3.0,4.242640687116409,0,0.0,0.0,0.0,0.0,0.0,0.0,0
98.769,4.068318963484903e-12,-1.671964455971014e-23,-4.8916797568134365e-12,1e-12,1e-12,1e-12,0.0,0.0,3.0,3.0,4.242640687116409,0,0.0,0.0,0.0,0.0,0.0,0.0,0
98.869,4.068318961769148e-12,-1.6719644551317203e-23,-4.89167971386601e-12,1e-12,1e-12,1e-12,0.0,0.0,3.0,3.0,4.242640687116409,0,0.0,0.0,0.0,0.0,0.0,0.0,0
98.989,4.068318957896664e-12,-1.6719644532374273e-23,-4.891679690374821e-12,1e-12,1e-12,1e-12,0.0,0.0,3.0,3.0,4.242640687116409,0,0.0,0.0,0.0,0.0,0.0,0.0,0
99.089,4.068318953572472e-12,-1.6719644511221702e-23,-4.891679621440656e-12,1e-12,1e-12,1e-12,0.0,0.0,3.0,3.0,4.242640687116409,0,0.0,0.0,0.0,0.0,0.0,0.0,0
99.189,4.0683189475316785e-12,-1.6719644481672096e-23,-4.891679573380251e-12,1e-12,1e-12,1e-12,0.0,0.0,3.0,3.0,4.242640687116409,0,0.0,0.0,0.0,0.0,0.0,0.0,0
99.289,4.068318945863888e-12,-1.6719644473513815e-23,-4.89167954759243e-12,1e-12,1e-12,1e-12,0.0,0.0,3.0,3.0,4.242640687116409,0,0.0,0.0,0.0,0.0,0.0,0.0,0
99.389,4.068318943386054e-12,-1.671964446139303e-23,-4.891679490155882e-12,1e-12,1e-12,1e-12,0.0,0.0,3.0,3.0,4.242640687116409,0,0.0,0.0,0.0,0.0,0.0,0.0,0
99.489,4.068318939035688e-12,-1.6719644440112416e-23,-4.8916794594508605e-12,1e-12,1e-12,1e-12,0.0,0.0,3.0,3.0,4.242640687116409,0,0.0,0.0,0.0,0.0,0.0,0.0,0
99.589,4.068318936787457e-12,-1.6719644429114785e-23,-4.8916794157936136e-12,1e-12,1e-12,1e-12,0.0,0.0,3.0,3.0,4.242640687116409,0,0.0,0.0,0.0,0.0,0.0,0.0,0
99.689,4.068318932041888e-12,-1.671964440590095e-23,-4.891679352142226e-12,1e-12,1e-12,1e-12,0.0,0.0,3.0,3.0,4.242640687116409,0,0.0,0.0,0.0,0.0,0.0,0.0,0
99.789,4.0683189308547246e-12,-1.6719644400093693e-23,-4.891679295426802e-12,1e-12,1e-12,1e-12,0.0,0.0,3.0,3.0,4.242640687116409,0,0.0,0.0,0.0,0.0,0.0,0.0,0
99.889,4.0683189289301935e-12,-1.6719644390679485e-23,-4.891679232239692e-12,1e-12,1e-12,1e-12,0.0,0.0,3.0,3.0,4.242640687116409,0,0.0,0.0,0.0,0.0,0.0,0.0,0
99.989,4.0683189271253e-12,-1.671964438185054e-23,-4.891679185804457e-12,1e-12,1e-12,1e-12,0.0,0.0,3.0,3.0,4.242640687116409,0,0.0,0.0,0.0,0.0,0.0,0.0,0
100.089,4.0683189244949965e-12,-1.6719644368983914e-23,-4.891679134282335e-12,1e-12,1e-12,1e-12,0.0,0.0,3.0,3.0,4.242640687116409,0,0.0,0.0,0.0,0.0,0.0,0.0,0
100.189,4.0683189202665114e-12,-1.671964434829953e-23,-4.8916790924280326e-12,1e-12,1e-12,1e-12,0.0,0.0,3.0,3.0,4.242640687116409,0,0.0,0.0,0.0,0.0,0.0,0.0,0
100.269,4.068318916023363e-12,-1.6719644327543398e-23,-4.891679086829986e-12,1e-12,1e-12,1e-12,0.0,0.0,3.0,3.0,4.242640687116409,0,0.0,0.0,0.0,0.0,0.0,0.0,0
100.369,4.068318913630202e-12,-1.67196443158368e-23,-4.891679040224777e-12,1e-12,1e-12,1e-12,0.0,0.0,3.0,3.0,4.242640687116409,0,0.0,0.0,0.0,0.0,0.0,0.0,0
100.469,4.068318906979407e-12,-1.671964428330324e-23,-4.8916789868561245e-12,1e-12,1e-12,1e-12,0.0,0.0,3.0,3.0,4.242640687116409,0,0.0,0.0,0.0,0.0,0.0,0.0,0
100.569,4.0683189051847155e-12,-1.671964427452418e-23,-4.891678941077085e-12,1e-12,1e-12,1e-12,0.0,0.0,3.0,3.0,4.242640687116409,0,0.0,0.0,0.0,0.0,0.0,0.0,0
100.669,4.068318900084761e-12,-1.6719644249576854e-23,-4.891678892732747e-12,1e-12,1e-12,1e-12,0.0,0.0,3.0,3.0,4.242640687116409,0,0.0,0.0,0.0,0.0,0.0,0.0,0
100.769,4.06831889702053e-12,-1.6719644234587626e-23,-4.891678857366688e-12,1e-12,1e-12,1e-12,0.0,0.0,3.0,3.0,4.242640687116409,0,0.0,0.0,0.0,0.0,0.0,0.0,0
100.869,4.068318890341279e-12,-1.6719644201914875e-23,-4.8916788180553625e-12,1e-12,1e-12,1e-12,0.0,0.0,3.0,3.0,4.242640687116409,0,0.0,0.0,0.0,0.0,0.0,0.0,0
100.969,4.06831888623077e-12,-1.6719644181807577e-23,-4.891678755034958e-12,1e-12,1e-12,1e-12,0.0,0.0,3.0,3.0,4.242640687116409,0,0.0,0.0,0.0,0.0,0.0,0.0,0
101.069,4.068318880483616e-12,-1.6719644153694343e-23,-4.891678712818122e-12,1e-12,1e-12,1e-12,0.0,0.0,3.0,3.0,4.242640687116409,0,0.0,0.0,0.0,0.0,0.0,0.0,0
101.169,4.068318877011939e-12,-1.6719644136712023e-23,-4.89167865606065e-12,1e-12,1e-12,1e-12,0.0,0.0,3.0,3.0,4.242640687116409,0,0.0,0.0,0.0,0.0,0.0,0.0,0
101.289,4.068318874350785e-12,-1.6719644123694522e-23,-4.891678623310906e-12,1e-12,1e-12,1e-12,0.0,0.0,3.0,3.0,4.242640687116409,0,0.0,0.0,0.0,0.0,0.0,0.0,0
101.369,4.06831887059293e-12,-1.6719644105312274e-23,-4.891678587744171e-12,1e-12,1e-12,1e-12,0.0,0.0,3.0,3.0,4.242640687116409,0,0.0,0.0,0.0,0.0,0.0,0.0,0
101.469,4.068318868453218e-12,-1.6719644094845478e-23,-4.891678530123359e-12,1e-12,1e-12,1e-12,0.0,0.0,3.0,3.0,4.242640687116409,0,0.0,0.0,0.0,0.0,0.0,0.0,0
101.569,4.068318863133197e-12,-1.6719644068821646e-23,-4.891678485255381e-12,1e-12,1e-12,1e-12,0.0,0.0,3.0,3.0,4.242640687116409,0,0.0,0.0,0.0,0.0,0.0,0.0,0
101.689,4.068318860562483e-12,-1.671964405624653e-23,-4.891678419606218e-12,1e-12,1e-12,1e-12,0.0,0.0,3.0,3.0,4.242640687116409,0,0.0,0.0,0.0,0.0,0.0,0.0,0
101.769,4.068318859949316e-12,-1.6719644053247107e-23,-4.891678359979304e-12,1e-12,1e-12,1e-12,0.0,0.0,3.0,3.0,4.242640687116409,0,0.0,0.0,0.0,0.0,0.0,0.0,0
101.869,4.068318858511899e-12,-1.6719644046215718e-23,-4.891678318712604e-12,1e-12,1e-12,1e-12,0.0,0.0,3.0,3.0,4.242640687116409,0,0.0,0.0,0.0,0.0,0.0,0.0,0
101.989,4.068318853420736e-12,-1.6719644021311392e-23,-4.891678249503729e-12,1e-12,1e-12,1e-12,0.0,0.0,3.0,3.0,4.242640687116409,0,0.0,0.0,0.0,0.0,0.0,0.0,0
102.089,4.068318850080774e-12,-1.6719644004973357e-23,-4.891678176007846e-12,1e-12,1e-12,1e-12,0.0,0.0,3.0,3.0,4.242640687116409,0,0.0,0.0,0.0,0.0,0.0,0.0,0
102.189,4.068318847373399e-12,-1.6719643991729753e-23,-4.8916781238891786e-12,1e-12,1e-12,1e-12,0.0,0.0,3.0,3.0,4.242640687116409,0,0.0,0.0,0.0,0.0,0.0,0.0,0
102.289,4.068318843086923e-12,-1.6719643970761673e-23,-4.8916780703179935e-12,1e-12,1e-12,1e-12,0.0,0.0,3.0,3.0,4.242640687116409,0,0.0,0.0,0.0,0.0,0.0,0.0,0
102.389,4.068318839759747e-12,-1.6719643954486204e-23,-4.891678025123048e-12,1e-12,1e-12,1e-12,0.0,0.0,3.0,3.0,4.242640687116409,0,0.0,0.0,0.0,0.0,0.0,0.0,0
102.489,4.0683188352925824e-12,-1.6719643932634275e-23,-4.891677986404184e-12,1e-12,1e-12,1e-12,0.0,0.0,3.0,3.0,4.242640687116409,0,0.0,0.0,0.0,0.0,0.0,0.0,0
102.589,4.068318833072683e-12,-1.6719643921775223e-23,-4.891677941511433e-12,1e-12,1e-12,1e-12,0.0,0.0,3.0,3.0,4.242640687116409,0,0.0,0.0,0.0,0.0,0.0,0.0,0
102.689,4.068318830820537e-12,-1.671964391075846e-23,-4.891677888909972e-12,1e-12,1e-12,1e-12,0.0,0.0,3.0,3.0,4.242640687116409,0,0.0,0.0,0.0,0.0,0.0,0.0,0
102.789,4.068318827843558e-12,-1.6719643896196016e-23,-4.891677828661326e-12,1e-12,1e-12,1e-12,0.0,0.0,3.0,3.0,4.242640687116409,0,0.0,0.0,0.0,0.0,0.0,0.0,0
102.889,4.068318825887292e-12,-1.67196438866266e-23,-4.891677765554937e-12,1e-12,1e-12,1e-12,0.0,0.0,3.0,3.0,4.242640687116409,0,0.0,0.0,0.0,0.0,0.0,0.0,0
102.989,4.068318823400987e-12,-1.6719643874464414e-23,-4.891677712505015e-12,1e-12,1e-12,1e-12,0.0,0.0,3.0,3.0,4.242640687116409,0,0.0,0.0,0.0,0.0,0.0,0.0,0
103.089,4.068318819334642e-12,-1.671964385457317e-23,-4.891677658695479e-12,1e-12,1e-12,1e-12,0.0,0.0,3.0,3.0,4.242640687116409,0,0.0,0.0,0.0,0.0,0.0,0.0,0
103.189,4.068318819302695e-12,-1.671964385441689e-23,-4.8916776073852844e-12,1e-12,1e-12,1e-12,0.0,0.0,3.0,3.0,4.242640687116409,0,0.0,0.0,0.0,0.0,0.0,0.0,0
103.289,4.068318816051995e-12,-1.6719643838515546e-23,-4.891677583874265e-12,1e-12,1e-12,1e-12,0.0,0.0,3.0,3.0,4.242640687116409,0,0.0,0.0,0.0,0.0,0.0,0.0,0
103.389,4.068318813983836e-12,-1.6719643828398783e-23,-4.891677524031378e-12,1e-12,1e-12,1e-12,0.0,0.0,3.0,3.0,4.242640687116409,0,0.0,0.0,0.0,0.0,0.0,0.0,0
103.489,4.068318811970257e-12,-1.6719643818549004e-23,-4.891677451832528e-12,1e-12,1e-12,1e-12,0.0,0.0,3.0,3.0,4.242640687116409,0,0.0,0.0,0.0,0.0,0.0,0.0,0
103.569,4.0683188099177945e-12,-1.6719643808509016e-23,-4.891677416962233e-12,1e-12,1e-12,1e-12,0.0,0.0,3.0,3.0,4.242640687116409,0,0.0,0.0,0.0,0.0,0.0,0.0,0
103.669,4.06831880901626e-12,-1.6719643804099026e-23,-4.89167739529674e-12,1e-12,1e-12,1e-12,0.0,0.0,3.0,3.0,4.242640687116409,0,0.0,0.0,0.0,0.0,0.0,0.0,0
103.769,4.068318805868695e-12,-1.671964378870217e-23,-4.89167737896795e-12,1e-12,1e-12,1e-12,0.0,0.0,3.0,3.0,4.242640687116409,0,0.0,0.0,0.0,0.0,0.0,0.0,0
103.869,4.068318804853963e-12,-1.6719643783738432e-23,-4.891677324086684e-12,1e-12,1e-12,1e-12,0.0,0.0,3.0,3.0,4.242640687116409,0,0.0,0.0,0.0,0.0,0.0,0.0,0
103.969,4.0683188019590455e-12,-1.6719643769577428e-23,-4.891677275823314e-12,1e-12,1e-12,1e-12,0.0,0.0,3.0,3.0,4.242640687116409,0,0.0,0.0,0.0,0.0,0.0,0.0,0
104.069,4.068318800320751e-12,-1.6719643761563407e-23,-4.891677235969409e-12,1e-12,1e-12,1e-12,0.0,0.0,3.0,3.0,4.242640687116409,0,0.0,0.0,0.0,0.0,0.0,0.0,0
104.169,4.068318797032583e-12,-1.6719643745478756e-23,-4.891677195905786e-12,1e-12,1e-12,1e-12,0.0,0.0,3.0,3.0,4.242640687116409,0,0.0,0.0,0.0,0.0,0.0,0.0,0
104.269,4.068318796520855e-12,-1.6719643742975532e-23,-4.891677156932224e-12,1e-12,1e-12,1e-12,0.0,0.0,3.0,3.0,4.242640687116409,0,0.0,0.0,0.0,0.0,0.0,0.0,0
104.369,4.068318795257676e-12,-1.671964373679644e-23,-4.891677098471402e-12,1e-12,1e-12,1e-12,0.0,0.0,3.0,3.0,4.242640687116409,0,0.0,0.0,0.0,0.0,0.0,0.0,0
104.489,4.068318795061514e-12,-1.6719643735836896e-23,-4.891677041783763e-12,1e-12,1e-12,1e-12,0.0,0.0,3.0,3.0,4.242640687116409,0,0.0,0.0,0.0,0.0,0.0,0.0,0
104.589,4.068318790041905e-12,-1.6719643711282556e-23,-4.89167698910242e-12,1e-12,1e-12,1e-12,0.0,0.0,3.0,3.0,4.242640687116409,0,0.0,0.0,0.0,0.0,0.0,0.0,0
104.669,4.068318784288303e-12,-1.6719643683137774e-23,-4.891676965708292e-12,1e-12,1e-12,1e-12,0.0,0.0,3.0,3.0,4.242640687116409,0,0.0,0.0,0.0,0.0,0.0,0.0,0
104.769,4.068318780195545e-12,-1.6719643663117327e-23,-4.891676911996073e-12,1e-12,1e-12,1e-12,0.0,0.0,3.0,3.0,4.242640687116409,0,0.0,0.0,0.0,0.0,0.0,0.0,0
104.869,4.068318778991726e-12,-1.6719643657228662e-23,-4.891676843176528e-12,1e-12,1e-12,1e-12,0.0,0.0,3.0,3.0,4.242640687116409,0,0.0,0.0,0.0,0.0,0.0,0.0,0
104.969,4.068318774366669e-12,-1.671964363460438e-23,-4.89167678662888e-12,1e-12,1e-12,1e-12,0.0,0.0,3.0,3.0,4.242640687116409,0,0.0,0.0,0.0,0.0,0.0,0.0,0
105.069,4.068318771671323e-12,-1.6719643621419616e-23,-4.891676763414449e-12,1e-12,1e-12,1e-12,0.0,0.0,3.0,3.0,4.242640687116409,0,0.0,0.0,0.0,0.0,0.0,0.0,0
105.189,4.068318769409779e-12,-1.6719643610356897e-23,-4.891676713757232e-12,1e-12,1e-12,1e-12,0.0,0.0,3.0,3.0,4.242640687116409,0,0.0,0.0,0.0,0.0,0.0,0.0,0
105.269,4.068318766904965e-12,-1.6719643598104167e-23,-4.891676713644365e-12,1e-12,1e-12,1e-12,0.0,0.0,3.0,3.0,4.242640687116409,0,0.0,0.0,0.0,0.0,0.0,0.0,0
105.389,4.068318761510318e-12,-1.67196435717153e-23,-4.891676642380906e-12,1e-12,1e-12,1e-12,0.0,0.0,3.0,3.0,4.242640687116409,0,0.0,0.0,0.0,0.0,0.0,0.0,0
105.469,4.068318756515357e-12,-1.6719643547281554e-23,-4.89167662332902e-12,1e-12,1e-12,1e-12,0.0,0.0,3.0,3.0,4.242640687116409,0,0.0,0.0,0.0,0.0,0.0,0.0,0
105.569,4.0683187538373755e-12,-1.6719643534181722e-23,-4.891676563941649e-12,1e-12,1e-12,1e-12,0.0,0.0,3.0,3.0,4.242640687116409,0,0.0,0.0,0.0,0.0,0.0,0.0,0
105.689,4.068318751426513e-12,-1.671964352238858e-23,-4.8916765184482364e-12,1e-12,1e-12,1e-12,0.0,0.0,3.0,3.0,4.242640687116409,0,0.0,0.0,0.0,0.0,0.0,0.0,0
105.789,4.068318750610478e-12,-1.6719643518396843e-23,-4.891676469653336e-12,1e-12,1e-12,1e-12,0.0,0.0,3.0,3.0,4.242640687116409,0,0.0,0.0,0.0,0.0,0.0,0.0,0
105.889,4.06831874600355e-12,-1.6719643495861244e-23,-4.8916764199508665e-12,1e-12,1e-12,1e-12,0.0,0.0,3.0,3.0,4.242640687116409,0,0.0,0.0,0.0,0.0,0.0,0.0,0
105.989,4.0683187415424465e-12,-1.6719643474038976e-23,-4.8916763785679155e-12,1e-12,1e-12,1e-12,0.0,0.0,3.0,3.0,4.242640687116409,0,0.0,0.0,0.0,0.0,0.0,0.0,0
106.089,4.068318738036447e-12,-1.6719643456888783e-23,-4.8916763283970445e-12,1e-12,1e-12,1e-12,0.0,0.0,3.0,3.0,4.242640687116409,0,0.0,0.0,0.0,0.0,0.0,0.0,0
106.189,4.0683187342701774e-12,-1.6719643438465405e-23,-4.891676251619595e-12,1e-12,1e-12,1e-12,0.0,0.0,3.0,3.0,4.242640687116409,0,0.0,0.0,0.0,0.0,0.0,0.0,0
106.289,4.068318732265135e-12,-1.6719643428657368e-23,-4.891676200593384e-12,1e-12,1e-12,1e-12,0.0,0.0,3.0,3.0,4.242640687116409,0,0.0,0.0,0.0,0.0,0.0,0.0,0
106.369,4.068318730046881e-12,-1.6719643417806373e-23,-4.8916761637792015e-12,1e-12,1e-12,1e-12,0.0,0.0,3.0,3.0,4.242640687116409,0,0.0,0.0,0.0,0.0,0.0,0.0,0
106.489,4.068318726619662e-12,-1.6719643401041555e-23,-4.891676104695742e-12,1e-12,1e-12,1e-12,0.0,0.0,3.0,3.0,4.242640687116409,0,0.0,0.0,0.0,0.0,0.0,0.0,0
106.589,4.068318720391284e-12,-1.671964337057436e-23,-4.89167602896601e-12,1e-12,1e-12,1e-12,0.0,0.0,3.0,3.0,4.242640687116409,0,0.0,0.0,0.0,0.0,0.0,0.0,0
106.689,4.0683187153574625e-12,-1.671964334595052e-23,-4.891675966735062e-12,1e-12,1e-12,1e-12,0.0,0.0,3.0,3.0,4.242640687116409,0,0.0,0.0,0.0,0.0,0.0,0.0,0
106.769,4.068318711353685e-12,-1.671964332636532e-23,-4.891675924667857e-12,1e-12,1e-12,1e-12,0.0,0.0,3.0,3.0,4.242640687116409,0,0.0,0.0,0.0,0.0,0.0,0.0,0
106.869,4.068318710116927e-12,-1.671964332031551e-23,-4.891675863068028e-12,1e-12,1e-12,1e-12,0.0,0.0,3.0,3.0,4.242640687116409,0,0.0,0.0,0.0,0.0,0.0,0.0,0
106.969,4.068318708556111e-12,-1.6719643312680515e-23,-4.891675801178865e-12,1e-12,1e-12,1e-12,0.0,0.0,3.0,3.0,4.242640687116409,0,0.0,0.0,0.0,0.0,0.0,0.0,0
107.069,4.06831870524436e-12,-1.6719643296480516e-23,-4.891675765945358e-12,1e-12,1e-12,1e-12,0.0,0.0,3.0,3.0,4.242640687116409,0,0.0,0.0,0.0,0.0,0.0,0.0,0
107.169,4.068318704793121e-12,-1.6719643294273196e-23,-4.891675735841849e-12,1e-12,1e-12,1e-12,0.0,0.0,3.0,3.0,4.242640687116409,0,0.0,0.0,0.0,0.0,0.0,0.0,0
107.269,4.068318702763212e-12,-1.6719643284343537e-23,-4.891675682577362e-12,1e-12,1e-12,1e-12,0.0,0.0,3.0,3.0,4.242640687116409,0,0.0,0.0,0.0,0.0,0.0,0.0,0
107.369,4.06831870012205e-12,-1.671964327142383e-23,-4.891675633598735e-12,1e-12,1e-12,1e-12,0.0,0.0,3.0,3.0,4.242640687116409,0,0.0,0.0,0.0,0.0,0.0,0.0,0
107.469,4.068318696765812e-12,-1.6719643255006178e-23,-4.891675583897181e-12,1e-12,1e-12,1e-12,0.0,0.0,3.0,3.0,4.242640687116409,0,0.0,0.0,0.0,0.0,0.0,0.0,0
107.569,4.0683186923957e-12,-1.671964323362901e-23,-4.891675545194814e-12,1e-12,1e-12,1e-12,0.0,0.0,3.0,3.0,4.242640687116409,0,0.0,0.0,0.0,0.0,0.0,0.0,0
107.669,4.068318691141722e-12,-1.6719643227494943e-23,-4.891675504720434e-12,1e-12,1e-12,1e-12,0.0,0.0,3.0,3.0,4.242640687116409,0,0.0,0.0,0.0,0.0,0.0,0.0,0
107.769,4.068318687792799e-12,-1.671964321111309e-23,-4.8916754531791336e-12,1e-12,1e-12,1e-12,0.0,0.0,3.0,3.0,4.242640687116409,0,0.0,0.0,0.0,0.0,0.0,0.0,0
107.869,4.068318684967191e-12,-1.6719643197291106e-23,-4.891675387989087e-12,1e-12,1e-12,1e-12,0.0,0.0,3.0,3.0,4.242640687116409,0,0.0,0.0,0.0,0.0,0.0,0.0,0
107.969,4.068318683735203e-12,-1.6719643191264617e-23,-4.8916753387847506e-12,1e-12,1e-12,1e-12,0.0,0.0,3.0,3.0,4.242640687116409,0,0.0,0.0,0.0,0.0,0.0,0.0,0
108.069,4.068318679217839e-12,-1.6719643169167148e-23,-4.8916752563627505e-12,1e-12,1e-12,1e-12,0.0,0.0,3.0,3.0,4.242640687116409,0,0.0,0.0,0.0,0.0,0.0,0.0,0
108.189,4.068318677812888e-12,-1.6719643162294588e-23,-4.891675227847993e-12,1e-12,1e-12,1e-12,0.0,0.0,3.0,3.0,4.242640687116409,0,0.0,0.0,0.0,0.0,0.0,0.0,0
108.289,4.06831867499029e-12,-1.6719643148487346e-23,-4.891675181253025e-12,1e-12,1e-12,1e-12,0.0,0.0,3.0,3.0,4.242640687116409,0,0.0,0.0,0.0,0.0,0.0,0.0,0
108.369,4.068318672011371e-12,-1.671964313391544e-23,-4.891675137629752e-12,1e-12,1e-12,1e-12,0.0,0.0,3.0,3.0,4.242640687116409,0,0.0,0.0,0.0,0.0,0.0,0.0,0
108.469,4.068318668801151e-12,-1.6719643118212098e-23,-4.89167509898161e-12,1e-12,1e-12,1e-12,0.0,0.0,3.0,3.0,4.242640687116409,0,0.0,0.0,0.0,0.0,0.0,0.0,0
108.589,4.0683186647389164e-12,-1.6719643098340984e-23,-4.891675033869233e-12,1e-12,1e-12,1e-12,0.0,0.0,3.0,3.0,4.242640687116409,0,0.0,0.0,0.0,0.0,0.0,0.0,0
108.669,4.068318662334196e-12,-1.6719643086577897e-23,-4.891674968743469e-12,1e-12,1e-12,1e-12,0.0,0.0,3.0,3.0,4.242640687116409,0,0.0,0.0,0.0,0.0,0.0,0.0,0
108.769,4.068318660583663e-12,-1.671964307801484e-23,-4.89167492323912e-12,1e-12,1e-12,1e-12,0.0,0.0,3.0,3.0,4.242640687116409,0,0.0,0.0,0.0,0.0,0.0,0.0,0
108.869,4.068318655521506e-12,-1.671964305325242e-23,-4.891674864270496e-12,1e-12,1e-12,1e-12,0.0,0.0,3.0,3.0,4.242640687116409,0,0.0,0.0,0.0,0.0,0.0,0.0,0
108.989,4.068318653699769e-12,-1.671964304434106e-23,-4.891674834594646e-12,1e-12,1e-12,1e-12,0.0,0.0,3.0,3.0,4.242640687116409,0,0.0,0.0,0.0,0.0,0.0,0.0,0
109.089,4.068318647837746e-12,-1.671964301566594e-23,-4.891674795371668e-12,1e-12,1e-12,1e-12,0.0,0.0,3.0,3.0,4.242640687116409,0,0.0,0.0,0.0,0.0,0.0,0.0,0
109.189,4.0683186444577815e-12,-1.6719642999132258e-23,-4.891674738191106e-12,1e-12,1e-12,1e-12,0.0,0.0,3.0,3.0,4.242640687116409,0,0.0,0.0,0.0,0.0,0.0,0.0,0
109.289,4.068318641692776e-12,-1.6719642985606782e-23,-4.8916747168363536e-12,1e-12,1e-12,1e-12,0.0,0.0,3.0,3.0,4.242640687116409,0,0.0,0.0,0.0,0.0,0.0,0.0,0
109.389,4.0683186396788674e-12,-1.6719642975755372e-23,-4.891674677520102e-12,1e-12,1e-12,1e-12,0.0,0.0,3.0,3.0,4.242640687116409,0,0.0,0.0,0.0,0.0,0.0,0.0,0
109.489,4.068318634448066e-12,-1.6719642950167987e-23,-4.891674634708939e-12,1e-12,1e-12,1e-12,0.0,0.0,3.0,3.0,4.242640687116409,0,0.0,0.0,0.0,0.0,0.0,0.0,0
109.589,4.068318633559779e-12,-1.6719642945822754e-23,-4.891674628804026e-12,1e-12,1e-12,1e-12,0.0,0.0,3.0,3.0,4.242640687116409,0,0.0,0.0,0.0,0.0,0.0,0.0,0
109.709,4.0683186307004875e-12,-1.6719642931836044e-23,-4.891674564115286e-12,1e-12,1e-12,1e-12,0.0,0.0,3.0,3.0,4.242640687116409,0,0.0,0.0,0.0,0.0,0.0,0.0,0
109.789,4.0683186278357704e-12,-1.671964291782278e-23,-4.891674507212041e-12,1e-12,1e-12,1e-12,0.0,0.0,3.0,3.0,4.242640687116409,0,0.0,0.0,0.0,0.0,0.0,0.0,0
109.889,4.0683186263093815e-12,-1.671964291035621e-23,-4.891674467424209e-12,1e-12,1e-12,1e-12,0.0,0.0,3.0,3.0,4.242640687116409,0,0.0,0.0,0.0,0.0,0.0,0.0,0
109.989,4.0683186235278994e-12,-1.671964289675013e-23,-4.891674421370539e-12,1e-12,1e-12,1e-12,0.0,0.0,3.0,3.0,4.242640687116409,0,0.0,0.0,0.0,0.0,0.0,0.0,0
110.089,4.068318621173687e-12,-1.6719642885234102e-23,-4.891674366159258e-12,1e-12,1e-12,1e-12,0.0,0.0,3.0,3.0,4.242640687116409,0,0.0,0.0,0.0,0.0,0.0,0.0,0
110.169,4.0683186194171236e-12,-1.6719642876641585e-23,-4.891674308149223e-12,1e-12,1e-12,1e-12,0.0,0.0,3.0,3.0,4.242640687116409,0,0.0,0.0,0.0,0.0,0.0,0.0,0
110.269,4.068318618034749e-12,-1.6719642869879445e-23,-4.8916742559496685e-12,1e-12,1e-12,1e-12,0.0,0.0,3.0,3.0,4.242640687116409,0,0.0,0.0,0.0,0.0,0.0,0.0,0
110.369,4.0683186159906765e-12,-1.671964285988051e-23,-4.89167420813218e-12,1e-12,1e-12,1e-12,0.0,0.0,3.0,3.0,4.242640687116409,0,0.0,0.0,0.0,0.0,0.0,0.0,0
110.469,4.068318616971483e-12,-1.671964286467831e-23,-4.8916741730074155e-12,1e-12,1e-12,1e-12,0.0,0.0,3.0,3.0,4.242640687116409,0,0.0,0.0,0.0,0.0,0.0,0.0,0
110.569,4.068318614831469e-12,-1.671964285421005e-23,-4.891674128164825e-12,1e-12,1e-12,1e-12,0.0,0.0,3.0,3.0,4.242640687116409,0,0.0,0.0,0.0,0.0,0.0,0.0,0
110.669,4.068318611155276e-12,-1.671964283622729e-23,-4.891674072615978e-12,1e-12,1e-12,1e-12,0.0,0.0,3.0,3.0,4.242640687116409,0,0.0,0.0,0.0,0.0,0.0,0.0,0
110.769,4.068318608123003e-12,-1.6719642821394403e-23,-4.891674045165118e-12,1e-12,1e-12,1e-12,0.0,0.0,3.0,3.0,4.242640687116409,0,0.0,0.0,0.0,0.0,0.0,0.0,0
110.869,4.068318604411745e-12,-1.6719642803240153e-23,-4.891674011473419e-12,1e-12,1e-12,1e-12,0.0,0.0,3.0,3.0,4.242640687116409,0,0.0,0.0,0.0,0.0,0.0,0.0,0
110.969,4.0683186020372366e-12,-1.671964279162485e-23,-4.891673930848353e-12,1e-12,1e-12,1e-12,0.0,0.0,3.0,3.0,4.242640687116409,0,0.0,0.0,0.0,0.0,0.0,0.0,0
111.069,4.068318598627486e-12,-1.6719642774945484e-23,-4.891673884672675e-12,1e-12,1e-12,1e-12,0.0,0.0,3.0,3.0,4.242640687116409,0,0.0,0.0,0.0,0.0,0.0,0.0,0
111.169,4.068318597899537e-12,-1.6719642771384603e-23,-4.8916738283310536e-12,1e-12,1e-12,1e-12,0.0,0.0,3.0,3.0,4.242640687116409,0,0.0,0.0,0.0,0.0,0.0,0.0,0
111.289,4.068318595136151e-12,-1.671964275786702e-23,-4.891673734828153e-12,1e-12,1e-12,1e-12,0.0,0.0,3.0,3.0,4.242640687116409,0,0.0,0.0,0.0,0.0,0.0,0.0,0
111.369,4.068318592759004e-12,-1.6719642746238754e-23,-4.891673689936066e-12,1e-12,1e-12,1e-12,0.0,0.0,3.0,3.0,4.242640687116409,0,0.0,0.0,0.0,0.0,0.0,0.0,0
111.469,4.068318591750726e-12,-1.67196427413066e-23,-4.891673630166005e-12,1e-12,1e-12,1e-12,0.0,0.0,3.0,3.0,4.242640687116409,0,0.0,0.0,0.0,0.0,0.0,0.0,0
111.589,4.068318588028917e-12,-1.6719642723100697e-23,-4.8916735554047056e-12,1e-12,1e-12,1e-12,0.0,0.0,3.0,3.0,4.242640687116409,0,0.0,0.0,0.0,0.0,0.0,0.0,0
111.669,4.068318587304515e-12,-1.6719642719557157e-23,-4.8916735165579816e-12,1e-12,1e-12,1e-12,0.0,0.0,3.0,3.0,4.242640687116409,0,0.0,0.0,0.0,0.0,0.0,0.0,0
111.769,4.068318584664495e-12,-1.6719642706643032e-23,-4.89167347132296e-12,1e-12,1e-12,1e-12,0.0,0.0,3.0,3.0,4.242640687116409,0,0.0,0.0,0.0,0.0,0.0,0.0,0
111.889,4.068318579583386e-12,-1.6719642681787877e-23,-4.8916734092720996e-12,1e-12,1e-12,1e-12,0.0,0.0,3.0,3.0,4.242640687116409,0,0.0,0.0,0.0,0.0,0.0,0.0,0
111.969,4.068318575648201e-12,-1.6719642662538246e-23,-4.891673363556721e-12,1e-12,1e-12,1e-12,0.0,0.0,3.0,3.0,4.242640687116409,0,0.0,0.0,0.0,0.0,0.0,0.0,0
112.069,4.0683185725430496e-12,-1.6719642647348873e-23,-4.891673301824484e-12,1e-12,1e-12,1e-12,0.0,0.0,3.0,3.0,4.242640687116409,0,0.0,0.0,0.0,0.0,0.0,0.0,0
112.169,4.068318571241104e-12,-1.6719642640980188e-23,-4.891673277726054e-12,1e-12,1e-12,1e-12,0.0,0.0,3.0,3.0,4.242640687116409,0,0.0,0.0,0.0,0.0,0.0,0.0,0
112.289,4.068318568060698e-12,-1.6719642625422673e-23,-4.891673217239867e-12,1e-12,1e-12,1e-12,0.0,0.0,3.0,3.0,4.242640687116409,0,0.0,0.0,0.0,0.0,0.0,0.0,0
112.389,4.06831856367978e-12,-1.6719642603992627e-23,-4.891673175012063e-12,1e-12,1e-12,1e-12,0.0,0.0,3.0,3.0,4.242640687116409,0,0.0,0.0,0.0,0.0,0.0,0.0,0
112.489,4.06831856070259e-12,-1.6719642589429192e-23,-4.891673113935766e-12,1e-12,1e-12,1e-12,0.0,0.0,3.0,3.0,4.242640687116409,0,0.0,0.0,0.0,0.0,0.0,0.0,0
112.589,4.068318559205186e-12,-1.671964258210438e-23,-4.891673075563844e-12,1e-12,1e-12,1e-12,0.0,0.0,3.0,3.0,4.242640687116409,0,0.0,0.0,0.0,0.0,0.0,0.0,0
112.689,4.0683185580917624e-12,-1.671964257665788e-23,-4.89167303972156e-12,1e-12,1e-12,1e-12,0.0,0.0,3.0,3.0,4.242640687116409,0,0.0,0.0,0.0,0.0,0.0,0.0,0
112.789,4.068318556525142e-12,-1.6719642568994507e-23,-4.891672991427089e-12,1e-12,1e-12,1e-12,0.0,0.0,3.0,3.0,4.242640687116409,0,0.0,0.0,0.0,0.0,0.0,0.0,0
112.889,4.06831855225194e-12,-1.6719642548091417e-23,-4.8916729284187496e-12,1e-12,1e-12,1e-12,0.0,0.0,3.0,3.0,4.242640687116409,0,0.0,0.0,0.0,0.0,0.0,0.0,0
112.989,4.0683185510078975e-12,-1.671964254200595e-23,-4.891672879625841e-12,1e-12,1e-12,1e-12,0.0,0.0,3.0,3.0,4.242640687116409,0,0.0,0.0,0.0,0.0,0.0,0.0,0
113.089,4.068318548825848e-12,-1.67196425313321e-23,-4.8916728337353665e-12,1e-12,1e-12,1e-12,0.0,0.0,3.0,3.0,4.242640687116409,0,0.0,0.0,0.0,0.0,0.0,0.0,0
113.189,4.068318545819221e-12,-1.6719642516624658e-23,-4.891672763556697e-12,1e-12,1e-12,1e-12,0.0,0.0,3.0,3.0,4.242640687116409,0,0.0,0.0,0.0,0.0,0.0,0.0,0
113.289,4.068318541801518e-12,-1.671964249697139e-23,-4.891672729687808e-12,1e-12,1e-12,1e-12,0.0,0.0,3.0,3.0,4.242640687116409,0,0.0,0.0,0.0,0.0,0.0,0.0,0
113.389,4.068318535062102e-12,-1.671964246400436e-23,-4.891672672562044e-12,1e-12,1e-12,1e-12,0.0,0.0,3.0,3.0,4.242640687116409,0,0.0,0.0,0.0,0.0,0.0,0.0,0
113.469,4.068318529884244e-12,-1.6719642438675976e-23,-4.891672645302549e-12,1e-12,1e-12,1e-12,0.0,0.0,3.0,3.0,4.242640687116409,0,0.0,0.0,0.0,0.0,0.0,0.0,0
113.569,4.0683185285471635e-12,-1.6719642432135402e-23,-4.891672607149069e-12,1e-12,1e-12,1e-12,0.0,0.0,3.0,3.0,4.242640687116409,0,0.0,0.0,0.0,0.0,0.0,0.0,0
113.669,4.068318527010532e-12,-1.671964242461871e-23,-4.891672557185475e-12,1e-12,1e-12,1e-12,0.0,0.0,3.0,3.0,4.242640687116409,0,0.0,0.0,0.0,0.0,0.0,0.0,0
113.769,4.068318523998562e-12,-1.6719642409885143e-23,-4.89167249585701e-12,1e-12,1e-12,1e-12,0.0,0.0,3.0,3.0,4.242640687116409,0,0.0,0.0,0.0,0.0,0.0,0.0,0
113.869,4.068318522164223e-12,-1.6719642400912177e-23,-4.891672430924389e-12,1e-12,1e-12,1e-12,0.0,0.0,3.0,3.0,4.242640687116409,0,0.0,0.0,0.0,0.0,0.0,0.0,0
113.969,4.068318519292337e-12,-1.6719642386863847e-23,-4.891672414207343e-12,1e-12,1e-12,1e-12,0.0,0.0,3.0,3.0,4.242640687116409,0,0.0,0.0,0.0,0.0,0.0,0.0,0
114.069,4.068318517497222e-12,-1.6719642378082743e-23,-4.891672358277966e-12,1e-12,1e-12,1e-12,0.0,0.0,3.0,3.0,4.242640687116409,0,0.0,0.0,0.0,0.0,0.0,0.0,0
114.189,4.0683185137802956e-12,-1.6719642359900754e-23,-4.891672299010163e-12,1e-12,1e-12,1e-12,0.0,0.0,3.0,3.0,4.242640687116409,0,0.0,0.0,0.0,0.0,0.0,0.0,0
114.289,4.0683185094526425e-12,-1.6719642338731288e-23,-4.8916722567711094e-12,1e-12,1e-12,1e-12,0.0,0.0,3.0,3.0,4.242640687116409,0,0.0,0.0,0.0,0.0,0.0,0.0,0
114.369,4.068318507125494e-12,-1.671964232734765e-23,-4.891672218447368e-12,1e-12,1e-12,1e-12,0.0,0.0,3.0,3.0,4.242640687116409,0,0.0,0.0,0.0,0.0,0.0,0.0,0
114.469,4.06831850550224e-12,-1.6719642319407243e-23,-4.891672198047094e-12,1e-12,1e-12,1e-12,0.0,0.0,3.0,3.0,4.242640687116409,0,0.0,0.0,0.0,0.0,0.0,0.0,0
114.569,4.068318500267404e-12,-1.671964229380012e-23,-4.891672151942199e-12,1e-12,1e-12,1e-12,0.0,0.0,3.0,3.0,4.242640687116409,0,0.0,0.0,0.0,0.0,0.0,0.0,0
114.669,4.068318495090786e-12,-1.671964226847777e-23,-4.891672113935014e-12,1e-12,1e-12,1e-12,0.0,0.0,3.0,3.0,4.242640687116409,0,0.0,0.0,0.0,0.0,0.0,0.0,0
114.769,4.068318490348336e-12,-1.6719642245279244e-23,-4.891672052339071e-12,1e-12,1e-12,1e-12,0.0,0.0,3.0,3.0,4.242640687116409,0,0.0,0.0,0.0,0.0,0.0,0.0,0
114.869,4.068318485650902e-12,-1.6719642222300953e-23,-4.891672008484935e-12,1e-12,1e-12,1e-12,0.0,0.0,3.0,3.0,4.242640687116409,0,0.0,0.0,0.0,0.0,0.0,0.0,0
114.969,4.068318482325852e-12,-1.6719642206035917e-23,-4.891671954703459e-12,1e-12,1e-12,1e-12,0.0,0.0,3.0,3.0,4.242640687116409,0,0.0,0.0,0.0,0.0,0.0,0.0,0
115.069,4.0683184803350214e-12,-1.6719642196297414e-23,-4.891671896276183e-12,1e-12,1e-12,1e-12,0.0,0.0,3.0,3.0,4.242640687116409,0,0.0,0.0,0.0,0.0,0.0,0.0,0
115.169,4.06831848070873e-12,-1.6719642198125472e-23,-4.891671861136921e-12,1e-12,1e-12,1e-12,0.0,0.0,3.0,3.0,4.242640687116409,0,0.0,0.0,0.0,0.0,0.0,0.0,0
115.289,4.068318478527629e-12,-1.671964218745625e-23,-4.891671807756854e-12,1e-12,1e-12,1e-12,0.0,0.0,3.0,3.0,4.242640687116409,0,0.0,0.0,0.0,0.0,0.0,0.0,0
115.389,4.06831847584444e-12,-1.6719642174330974e-23,-4.891671777132663e-12,1e-12,1e-12,1e-12,0.0,0.0,3.0,3.0,4.242640687116409,0,0.0,0.0,0.0,0.0,0.0,0.0,0
115.489,4.068318470988486e-12,-1.6719642150577225e-23,-4.891671703921154e-12,1e-12,1e-12,1e-12,0.0,0.0,3.0,3.0,4.242640687116409,0,0.0,0.0,0.0,0.0,0.0,0.0,0
115.589,4.0683184684535364e-12,-1.6719642138177082e-23,-4.891671643657472e-12,1e-12,1e-12,1e-12,0.0,0.0,3.0,3.0,4.242640687116409,0,0.0,0.0,0.0,0.0,0.0,0.0,0
115.689,4.068318466623843e-12,-1.6719642129226842e-23,-4.891671580812147e-12,1e-12,1e-12,1e-12,0.0,0.0,3.0,3.0,4.242640687116409,0,0.0,0.0,0.0,0.0,0.0,0.0,0
115.789,4.068318462927329e-12,-1.6719642111144718e-23,-4.891671522912275e-12,1e-12,1e-12,1e-12,0.0,0.0,3.0,3.0,4.242640687116409,0,0.0,0.0,0.0,0.0,0.0,0.0,0
115.889,4.068318462405962e-12,-1.6719642108594356e-23,-4.891671456942173e-12,1e-12,1e-12,1e-12,0.0,0.0,3.0,3.0,4.242640687116409,0,0.0,0.0,0.0,0.0,0.0,0.0,0
115.989,4.0683184610787455e-12,-1.6719642102102033e-23,-4.891671426093239e-12,1e-12,1e-12,1e-12,0.0,0.0,3.0,3.0,4.242640687116409,0,0.0,0.0,0.0,0.0,0.0,0.0,0
116.089,4.06831845656262e-12,-1.6719642080010612e-23,-4.891671375660554e-12,1e-12,1e-12,1e-12,0.0,0.0,3.0,3.0,4.242640687116409,0,0.0,0.0,0.0,0.0,0.0,0.0,0
116.189,4.068318452675847e-12,-1.6719642060997814e-23,-4.891671328460796e-12,1e-12,1e-12,1e-12,0.0,0.0,3.0,3.0,4.242640687116409,0,0.0,0.0,0.0,0.0,0.0,0.0,0
116.289,4.068318448880449e-12,-1.6719642042431954e-23,-4.891671297385169e-12,1e-12,1e-12,1e-12,0.0,0.0,3.0,3.0,4.242640687116409,0,0.0,0.0,0.0,0.0,0.0,0.0,0
116.389,4.0683184453156274e-12,-1.671964202499402e-23,-4.8916712621763125e-12,1e-12,1e-12,1e-12,0.0,0.0,3.0,3.0,4.242640687116409,0,0.0,0.0,0.0,0.0,0.0,0.0,0
116.489,4.068318440515879e-12,-1.6719642001515237e-23,-4.891671203674373e-12,1e-12,1e-12,1e-12,0.0,0.0,3.0,3.0,4.242640687116409,0,0.0,0.0,0.0,0.0,0.0,0.0,0
116.589,4.068318439155577e-12,-1.6719641994861075e-23,-4.891671163274558e-12,1e-12,1e-12,1e-12,0.0,0.0,3.0,3.0,4.242640687116409,0,0.0,0.0,0.0,0.0,0.0,0.0,0
116.689,4.068318435671523e-12,-1.6719641977818223e-23,-4.891671107115299e-12,1e-12,1e-12,1e-12,0.0,0.0,3.0,3.0,4.242640687116409,0,0.0,0.0,0.0,0.0,0.0,0.0,0
116.769,4.068318433028924e-12,-1.671964196489149e-23,-4.891671069041908e-12,1e-12,1e-12,1e-12,0.0,0.0,3.0,3.0,4.242640687116409,0,0.0,0.0,0.0,0.0,0.0,0.0,0
116.869,4.068318429192197e-12,-1.67196419461235e-23,-4.891671037457448e-12,1e-12,1e-12,1e-12,0.0,0.0,3.0,3.0,4.242640687116409,0,0.0,0.0,0.0,0.0,0.0,0.0,0
116.969,4.068318425745964e-12,-1.6719641929265643e-23,-4.891670981979673e-12,1e-12,1e-12,1e-12,0.0,0.0,3.0,3.0,4.242640687116409,0,0.0,0.0,0.0,0.0,0.0,0.0,0
117.069,4.0683184235826976e-12,-1.6719641918683646e-23,-4.891670930560836e-12,1e-12,1e-12,1e-12,0.0,0.0,3.0,3.0,4.242640687116409,0,0.0,0.0,0.0,0.0,0.0,0.0,0
117.169,4.0683184199212505e-12,-1.671964190077305e-23,-4.891670863347668e-12,1e-12,1e-12,1e-12,0.0,0.0,3.0,3.0,4.242640687116409,0,0.0,0.0,0.0,0.0,0.0,0.0,0
117.269,4.068318416062777e-12,-1.671964188189867e-23,-4.891670817289258e-12,1e-12,1e-12,1e-12,0.0,0.0,3.0,3.0,4.242640687116409,0,0.0,0.0,0.0,0.0,0.0,0.0,0
117.369,4.06831841401797e-12,-1.6719641871896176e-23,-4.891670783340055e-12,1e-12,1e-12,1e-12,0.0,0.0,3.0,3.0,4.242640687116409,0,0.0,0.0,0.0,0.0,0.0,0.0,0
117.469,4.0683184135738275e-12,-1.6719641869723592e-23,-4.8916707211897746e-12,1e-12,1e-12,1e-12,0.0,0.0,3.0,3.0,4.242640687116409,0,0.0,0.0,0.0,0.0,0.0,0.0,0
117.569,4.068318410889751e-12,-1.6719641856593973e-23,-4.891670667759687e-12,1e-12,1e-12,1e-12,0.0,0.0,3.0,3.0,4.242640687116409,0,0.0,0.0,0.0,0.0,0.0,0.0,0
117.669,4.0683184063590015e-12,-1.6719641834431023e-23,-4.891670614747934e-12,1e-12,1e-12,1e-12,0.0,0.0,3.0,3.0,4.242640687116409,0,0.0,0.0,0.0,0.0,0.0,0.0,0
117.769,4.0683184025038665e-12,-1.671964181557299e-23,-4.891670578719157e-12,1e-12,1e-12,1e-12,0.0,0.0,3.0,3.0,4.242640687116409,0,0.0,0.0,0.0,0.0,0.0,0.0,0
117.869,4.068318401740726e-12,-1.6719641811839938e-23,-4.891670510742829e-12,1e-12,1e-12,1e-12,0.0,0.0,3.0,3.0,4.242640687116409,0,0.0,0.0,0.0,0.0,0.0,0.0,0
117.989,4.068318400683665e-12,-1.6719641806669144e-23,-4.89167044850286e-12,1e-12,1e-12,1e-12,0.0,0.0,3.0,3.0,4.242640687116409,0,0.0,0.0,0.0,0.0,0.0,0.0,0
118.089,4.068318398543785e-12,-1.6719641796201578e-23,-4.891670402648567e-12,1e-12,1e-12,1e-12,0.0,0.0,3.0,3.0,4.242640687116409,0,0.0,0.0,0.0,0.0,0.0,0.0,0
118.189,4.068318396133923e-12,-1.6719641784413342e-23,-4.8916703279357925e-12,1e-12,1e-12,1e-12,0.0,0.0,3.0,3.0,4.242640687116409,0,0.0,0.0,0.0,0.0,0.0,0.0,0
118.289,4.068318395506062e-12,-1.6719641781342066e-23,-4.8916702738994056e-12,1e-12,1e-12,1e-12,0.0,0.0,3.0,3.0,4.242640687116409,0,0.0,0.0,0.0,0.0,0.0,0.0,0
118.369,4.068318391130172e-12,-1.6719641759936643e-23,-4.891670242231777e-12,1e-12,1e-12,1e-12,0.0,0.0,3.0,3.0,4.242640687116409,0,0.0,0.0,0.0,0.0,0.0,0.0,0
118.469,4.0683183881501115e-12,-1.671964174535918e-23,-4.891670193974604e-12,1e-12,1e-12,1e-12,0.0,0.0,3.0,3.0,4.242640687116409,0,0.0,0.0,0.0,0.0,0.0,0.0,0
118.569,4.068318384217285e-12,-1.6719641726121065e-23,-4.891670114223941e-12,1e-12,1e-12,1e-12,0.0,0.0,3.0,3.0,4.242640687116409,0,0.0,0.0,0.0,0.0,0.0,0.0,0
118.689,4.068318378035995e-12,-1.6719641695884223e-23,-4.891670076525141e-12,1e-12,1e-12,1e-12,0.0,0.0,3.0,3.0,4.242640687116409,0,0.0,0.0,0.0,0.0,0.0,0.0,0
118.789,4.068318374157746e-12,-1.6719641676913105e-23,-4.891670042283035e-12,1e-12,1e-12,1e-12,0.0,0.0,3.0,3.0,4.242640687116409,0,0.0,0.0,0.0,0.0,0.0,0.0,0
118.889,4.068318369372178e-12,-1.6719641653503655e-23,-4.891669997676235e-12,1e-12,1e-12,1e-12,0.0,0.0,3.0,3.0,4.242640687116409,0,0.0,0.0,0.0,0.0,0.0,0.0,0
118.989,4.068318366621306e-12,-1.671964164004732e-23,-4.891669951892324e-12,1e-12,1e-12,1e-12,0.0,0.0,3.0,3.0,4.242640687116409,0,0.0,0.0,0.0,0.0,0.0,0.0,0
119.089,4.068318363847308e-12,-1.6719641626477826e-23,-4.891669917962554e-12,1e-12,1e-12,1e-12,0.0,0.0,3.0,3.0,4.242640687116409,0,0.0,0.0,0.0,0.0,0.0,0.0,0
119.189,4.068318361715176e-12,-1.6719641616048176e-23,-4.891669877141837e-12,1e-12,1e-12,1e-12,0.0,0.0,3.0,3.0,4.242640687116409,0,0.0,0.0,0.0,0.0,0.0,0.0,0
119.289,4.068318356814452e-12,-1.6719641592075456e-23,-4.8916698162091184e-12,1e-12,1e-12,1e-12,0.0,0.0,3.0,3.0,4.242640687116409,0,0.0,0.0,0.0,0.0,0.0,0.0,0
119.389,4.0683183553480454e-12,-1.6719641584902243e-23,-4.891669760301529e-12,1e-12,1e-12,1e-12,0.0,0.0,3.0,3.0,4.242640687116409,0,0.0,0.0,0.0,0.0,0.0,0.0,0
119.489,4.0683183522866605e-12,-1.6719641569926965e-23,-4.891669722809153e-12,1e-12,1e-12,1e-12,0.0,0.0,3.0,3.0,4.242640687116409,0,0.0,0.0,0.0,0.0,0.0,0.0,0
119.589,4.068318348972451e-12,-1.6719641553714946e-23,-4.891669669702576e-12,1e-12,1e-12,1e-12,0.0,0.0,3.0,3.0,4.242640687116409,0,0.0,0.0,0.0,0.0,0.0,0.0,0
119.689,4.068318344798703e-12,-1.6719641533298337e-23,-4.891669627688797e-12,1e-12,1e-12,1e-12,0.0,0.0,3.0,3.0,4.242640687116409,0,0.0,0.0,0.0,0.0,0.0,0.0,0
119.789,4.068318340879593e-12,-1.6719641514127365e-23,-4.8916695812306455e-12,1e-12,1e-12,1e-12,0.0,0.0,3.0,3.0,4.242640687116409,0,0.0,0.0,0.0,0.0,0.0,0.0,0
119.889,4.068318339029136e-12,-1.6719641505075532e-23,-4.891669524157448e-12,1e-12,1e-12,1e-12,0.0,0.0,3.0,3.0,4.242640687116409,0,0.0,0.0,0.0,0.0,0.0,0.0,0
119.989,4.068318334362128e-12,-1.6719641482246083e-23,-4.891669475429176e-12,1e-12,1e-12,1e-12,0.0,0.0,3.0,3.0,4.242640687116409,0,0.0,0.0,0.0,0.0,0.0,0.0,0
120.069,4.0683183322673144e-12,-1.6719641471998943e-23,-4.89166942907249e-12,1e-12,1e-12,1e-12,0.0,0.0,3.0,3.0,4.242640687116409,0,0.0,0.0,0.0,0.0,0.0,0.0,0
120.169,4.0683183306747074e-12,-1.6719641464208428e-23,-4.891669388314436e-12,1e-12,1e-12,1e-12,0.0,0.0,3.0,3.0,4.242640687116409,0,0.0,0.0,0.0,0.0,0.0,0.0,0
120.269,4.068318327133358e-12,-1.6719641446885314e-23,-4.891669360781979e-12,1e-12,1e-12,1e-12,0.0,0.0,3.0,3.0,4.242640687116409,0,0.0,0.0,0.0,0.0,0.0,0.0,0
120.369,4.068318324875322e-12,-1.6719641435839785e-23,-4.891669310617239e-12,1e-12,1e-12,1e-12,0.0,0.0,3.0,3.0,4.242640687116409,0,0.0,0.0,0.0,0.0,0.0,0.0,0
120.469,4.06831832106173e-12,-1.6719641417184942e-23,-4.891669286288008e-12,1e-12,1e-12,1e-12,0.0,0.0,3.0,3.0,4.242640687116409,0,0.0,0.0,0.0,0.0,0.0,0.0,0
120.589,4.0683183193547456e-12,-1.671964140883493e-23,-4.891669209743404e-12,1e-12,1e-12,1e-12,0.0,0.0,3.0,3.0,4.242640687116409,0,0.0,0.0,0.0,0.0,0.0,0.0,0
120.669,4.068318316265068e-12,-1.6719641393721258e-23,-4.8916691734411816e-12,1e-12,1e-12,1e-12,0.0,0.0,3.0,3.0,4.242640687116409,0,0.0,0.0,0.0,0.0,0.0,0.0,0
120.769,4.0683183142117275e-12,-1.6719641383676994e-23,-4.891669132218949e-12,1e-12,1e-12,1e-12,0.0,0.0,3.0,3.0,4.242640687116409,0,0.0,0.0,0.0,0.0,0.0,0.0,0
120.869,4.068318309732935e-12,-1.6719641361768215e-23,-4.891669094249354e-12,1e-12,1e-12,1e-12,0.0,0.0,3.0,3.0,4.242640687116409,0,0.0,0.0,0.0,0.0,0.0,0.0,0
120.989,4.0683183057469476e-12,-1.6719641342270073e-23,-4.8916690363942305e-12,1e-12,1e-12,1e-12,0.0,0.0,3.0,3.0,4.242640687116409,0,0.0,0.0,0.0,0.0,0.0,0.0,0
121.069,4.068318301801369e-12,-1.671964132296959e-23,-4.8916689993057856e-12,1e-12,1e-12,1e-12,0.0,0.0,3.0,3.0,4.242640687116409,0,0.0,0.0,0.0,0.0,0.0,0.0,0
121.169,4.068318296386426e-12,-1.6719641296481506e-23,-4.891668953478113e-12,1e-12,1e-12,1e-12,0.0,0.0,3.0,3.0,4.242640687116409,0,0.0,0.0,0.0,0.0,0.0,0.0,0
121.269,4.068318292237431e-12,-1.6719641276186e-23,-4.8916689200099725e-12,1e-12,1e-12,1e-12,0.0,0.0,3.0,3.0,4.242640687116409,0,0.0,0.0,0.0,0.0,0.0,0.0,0
121.369,4.068318287765395e-12,-1.6719641254310314e-23,-4.891668865350645e-12,1e-12,1e-12,1e-12,0.0,0.0,3.0,3.0,4.242640687116409,0,0.0,0.0,0.0,0.0,0.0,0.0,0
121.469,4.06831828474352e-12,-1.6719641239528308e-23,-4.891668827630608e-12,1e-12,1e-12,1e-12,0.0,0.0,3.0,3.0,4.242640687116409,0,0.0,0.0,0.0,0.0,0.0,0.0,0
121.569,4.068318284285622e-12,-1.6719641237288406e-23,-4.891668772432144e-12,1e-12,1e-12,1e-12,0.0,0.0,3.0,3.0,4.242640687116409,0,0.0,0.0,0.0,0.0,0.0,0.0,0
121.669,4.068318279342552e-12,-1.6719641213108546e-23,-4.891668725091644e-12,1e-12,1e-12,1e-12,0.0,0.0,3.0,3.0,4.242640687116409,0,0.0,0.0,0.0,0.0,0.0,0.0,0
121.769,4.06831827559873e-12,-1.6719641194795e-23,-4.89166869884453e-12,1e-12,1e-12,1e-12,0.0,0.0,3.0,3.0,4.242640687116409,0,0.0,0.0,0.0,0.0,0.0,0.0,0
121.869,4.068318272949293e-12,-1.6719641181834833e-23,-4.891668635352178e-12,1e-12,1e-12,1e-12,0.0,0.0,3.0,3.0,4.242640687116409,0,0.0,0.0,0.0,0.0,0.0,0.0,0
121.989,4.068318269440168e-12,-1.6719641164669383e-23,-4.891668577861458e-12,1e-12,1e-12,1e-12,0.0,0.0,3.0,3.0,4.242640687116409,0,0.0,0.0,0.0,0.0,0.0,0.0,0
122.069,4.068318264652208e-12,-1.6719641141248252e-23,-4.89166853894721e-12,1e-12,1e-12,1e-12,0.0,0.0,3.0,3.0,4.242640687116409,0,0.0,0.0,0.0,0.0,0.0,0.0,0
122.149,4.068318261604807e-12,-1.6719641126341394e-23,-4.891668492107223e-12,1e-12,1e-12,1e-12,0.0,0.0,3.0,3.0,4.242640687116409,0,0.0,0.0,0.0,0.0,0.0,0.0,0
122.289,4.0683182596365414e-12,-1.6719641116713272e-23,-4.891668402451207e-12,1e-12,1e-12,1e-12,0.0,0.0,3.0,3.0,4.242640687116409,0,0.0,0.0,0.0,0.0,0.0,0.0,0
122.389,4.0683182556918e-12,-1.6719641097416904e-23,-4.891668355665672e-12,1e-12,1e-12,1e-12,0.0,0.0,3.0,3.0,4.242640687116409,0,0.0,0.0,0.0,0.0,0.0,0.0,0
122.489,4.068318251365596e-12,-1.6719641076254535e-23,-4.891668310526682e-12,1e-12,1e-12,1e-12,0.0,0.0,3.0,3.0,4.242640687116409,0,0.0,0.0,0.0,0.0,0.0,0.0,0
122.589,4.0683182491375345e-12,-1.6719641065355604e-23,-4.8916682768124154e-12,1e-12,1e-12,1e-12,0.0,0.0,3.0,3.0,4.242640687116409,0,0.0,0.0,0.0,0.0,0.0,0.0,0
122.689,4.068318245176172e-12,-1.6719641045977923e-23,-4.8916682171460555e-12,1e-12,1e-12,1e-12,0.0,0.0,3.0,3.0,4.242640687116409,0,0.0,0.0,0.0,0.0,0.0,0.0,0
122.789,4.068318242276647e-12,-1.6719641031794414e-23,-4.8916681698627016e-12,1e-12,1e-12,1e-12,0.0,0.0,3.0,3.0,4.242640687116409,0,0.0,0.0,0.0,0.0,0.0,0.0,0
122.889,4.068318239408383e-12,-1.6719641017763825e-23,-4.891668091425385e-12,1e-12,1e-12,1e-12,0.0,0.0,3.0,3.0,4.242640687116409,0,0.0,0.0,0.0,0.0,0.0,0.0,0
122.989,4.06831823736075e-12,-1.671964100774752e-23,-4.891668061197352e-12,1e-12,1e-12,1e-12,0.0,0.0,3.0,3.0,4.242640687116409,0,0.0,0.0,0.0,0.0,0.0,0.0,0
123.089,4.068318234120013e-12,-1.6719640991894936e-23,-4.8916680131555664e-12,1e-12,1e-12,1e-12,0.0,0.0,3.0,3.0,4.242640687116409,0,0.0,0.0,0.0,0.0,0.0,0.0,0
123.189,4.068318233716225e-12,-1.671964098991974e-23,-4.89166796917622e-12,1e-12,1e-12,1e-12,0.0,0.0,3.0,3.0,4.242640687116409,0,0.0,0.0,0.0,0.0,0.0,0.0,0
123.289,4.068318228877007e-12,-1.6719640966247897e-23,-4.89166791046526e-12,1e-12,1e-12,1e-12,0.0,0.0,3.0,3.0,4.242640687116409,0,0.0,0.0,0.0,0.0,0.0,0.0,0
123.369,4.0683182243237e-12,-1.671964094397465e-23,-4.891667879683108e-12,1e-12,1e-12,1e-12,0.0,0.0,3.0,3.0,4.242640687116409,0,0.0,0.0,0.0,0.0,0.0,0.0,0
123.469,4.068318220794143e-12,-1.6719640926709216e-23,-4.891667809574539e-12,1e-12,1e-12,1e-12,0.0,0.0,3.0,3.0,4.242640687116409,0,0.0,0.0,0.0,0.0,0.0,0.0,0
123.569,4.0683182179338e-12,-1.6719640912717368e-23,-4.891667783136221e-12,1e-12,1e-12,1e-12,0.0,0.0,3.0,3.0,4.242640687116409,0,0.0,0.0,0.0,0.0,0.0,0.0,0
123.669,4.068318215538045e-12,-1.671964090099814e-23,-4.891667753304531e-12,1e-12,1e-12,1e-12,0.0,0.0,3.0,3.0,4.242640687116409,0,0.0,0.0,0.0,0.0,0.0,0.0,0
123.769,4.068318214724255e-12,-1.6719640897017354e-23,-4.891667689855011e-12,1e-12,1e-12,1e-12,0.0,0.0,3.0,3.0,4.242640687116409,0,0.0,0.0,0.0,0.0,0.0,0.0,0
123.869,4.0683182099155016e-12,-1.671964087349452e-23,-4.891667652193487e-12,1e-12,1e-12,1e-12,0.0,0.0,3.0,3.0,4.242640687116409,0,0.0,0.0,0.0,0.0,0.0,0.0,0
123.969,4.068318207053648e-12,-1.6719640859495313e-23,-4.891667605696106e-12,1e-12,1e-12,1e-12,0.0,0.0,3.0,3.0,4.242640687116409,0,0.0,0.0,0.0,0.0,0.0,0.0,0
124.069,4.068318205980825e-12,-1.6719640854247415e-23,-4.891667567133862e-12,1e-12,1e-12,1e-12,0.0,0.0,3.0,3.0,4.242640687116409,0,0.0,0.0,0.0,0.0,0.0,0.0,0
124.169,4.068318200841576e-12,-1.6719640829107946e-23,-4.8916675343134116e-12,1e-12,1e-12,1e-12,0.0,0.0,3.0,3.0,4.242640687116409,0,0.0,0.0,0.0,0.0,0.0,0.0,0
124.269,4.068318198966466e-12,-1.6719640819935538e-23,-4.8916674699969e-12,1e-12,1e-12,1e-12,0.0,0.0,3.0,3.0,4.242640687116409,0,0.0,0.0,0.0,0.0,0.0,0.0,0
124.369,4.068318195739224e-12,-1.671964080414894e-23,-4.891667410052654e-12,1e-12,1e-12,1e-12,0.0,0.0,3.0,3.0,4.242640687116409,0,0.0,0.0,0.0,0.0,0.0,0.0,0
124.469,4.068318193320609e-12,-1.6719640792317877e-23,-4.89166736345514e-12,1e-12,1e-12,1e-12,0.0,0.0,3.0,3.0,4.242640687116409,0,0.0,0.0,0.0,0.0,0.0,0.0,0
124.569,4.068318190276118e-12,-1.6719640777425224e-23,-4.891667325753464e-12,1e-12,1e-12,1e-12,0.0,0.0,3.0,3.0,4.242640687116409,0,0.0,0.0,0.0,0.0,0.0,0.0,0
124.669,4.068318188979276e-12,-1.671964077108152e-23,-4.891667287422164e-12,1e-12,1e-12,1e-12,0.0,0.0,3.0,3.0,4.242640687116409,0,0.0,0.0,0.0,0.0,0.0,0.0,0
124.769,4.068318185858117e-12,-1.6719640755813837e-23,-4.891667252887976e-12,1e-12,1e-12,1e-12,0.0,0.0,3.0,3.0,4.242640687116409,0,0.0,0.0,0.0,0.0,0.0,0.0,0
124.889,4.068318180983464e-12,-1.6719640731968673e-23,-4.891667227035999e-12,1e-12,1e-12,1e-12,0.0,0.0,3.0,3.0,4.242640687116409,0,0.0,0.0,0.0,0.0,0.0,0.0,0
124.969,4.068318177640636e-12,-1.6719640715616688e-23,-4.891667208065315e-12,1e-12,1e-12,1e-12,0.0,0.0,3.0,3.0,4.242640687116409,0,0.0,0.0,0.0,0.0,0.0,0.0,0
125.069,4.06831817324275e-12,-1.6719640694103701e-23,-4.891667187133703e-12,1e-12,1e-12,1e-12,0.0,0.0,3.0,3.0,4.242640687116409,0,0.0,0.0,0.0,0.0,0.0,0.0,0
125.169,4.06831817337099e-12,-1.6719640694730986e-23,-4.8916671357677685e-12,1e-12,1e-12,1e-12,0.0,0.0,3.0,3.0,4.242640687116409,0,0.0,0.0,0.0,0.0,0.0,0.0,0
125.289,4.068318170787936e-12,-1.6719640682095554e-23,-4.891667087642243e-12,1e-12,1e-12,1e-12,0.0,0.0,3.0,3.0,4.242640687116409,0,0.0,0.0,0.0,0.0,0.0,0.0,0
125.369,4.068318167543254e-12,-1.6719640666223638e-23,-4.891667028450192e-12,1e-12,1e-12,1e-12,0.0,0.0,3.0,3.0,4.242640687116409,0,0.0,0.0,0.0,0.0,0.0,0.0,0
125.489,4.0683181646975425e-12,-1.6719640652303355e-23,-4.891666993700743e-12,1e-12,1e-12,1e-12,0.0,0.0,3.0,3.0,4.242640687116409,0,0.0,0.0,0.0,0.0,0.0,0.0,0
125.589,4.06831816171611e-12,-1.6719640637719196e-23,-4.891666949125255e-12,1e-12,1e-12,1e-12,0.0,0.0,3.0,3.0,4.242640687116409,0,0.0,0.0,0.0,0.0,0.0,0.0,0
125.689,4.068318157621752e-12,-1.6719640617690985e-23,-4.8916669004044846e-12,1e-12,1e-12,1e-12,0.0,0.0,3.0,3.0,4.242640687116409,0,0.0,0.0,0.0,0.0,0.0,0.0,0
125.789,4.068318152025401e-12,-1.671964059031552e-23,-4.891666851050268e-12,1e-12,1e-12,1e-12,0.0,0.0,3.0,3.0,4.242640687116409,0,0.0,0.0,0.0,0.0,0.0,0.0,0
125.889,4.068318151066454e-12,-1.671964058562467e-23,-4.891666803778197e-12,1e-12,1e-12,1e-12,0.0,0.0,3.0,3.0,4.242640687116409,0,0.0,0.0,0.0,0.0,0.0,0.0,0
125.989,4.068318146681114e-12,-1.671964056417305e-23,-4.891666757458681e-12,1e-12,1e-12,1e-12,0.0,0.0,3.0,3.0,4.242640687116409,0,0.0,0.0,0.0,0.0,0.0,0.0,0
126.089,4.068318141912623e-12,-1.671964054084718e-23,-4.891666690524634e-12,1e-12,1e-12,1e-12,0.0,0.0,3.0,3.0,4.242640687116409,0,0.0,0.0,0.0,0.0,0.0,0.0,0
126.189,4.068318138664697e-12,-1.6719640524959415e-23,-4.891666640175264e-12,1e-12,1e-12,1e-12,0.0,0.0,3.0,3.0,4.242640687116409,0,0.0,0.0,0.0,0.0,0.0,0.0,0
126.289,4.068318136740392e-12,-1.6719640515546345e-23,-4.891666597214378e-12,1e-12,1e-12,1e-12,0.0,0.0,3.0,3.0,4.242640687116409,0,0.0,0.0,0.0,0.0,0.0,0.0,0
126.389,4.068318129915863e-12,-1.6719640482163013e-23,-4.891666558138048e-12,1e-12,1e-12,1e-12,0.0,0.0,3.0,3.0,4.242640687116409,0,0.0,0.0,0.0,0.0,0.0,0.0,0
126.489,4.068318128237768e-12,-1.6719640473954357e-23,-4.891666505784161e-12,1e-12,1e-12,1e-12,0.0,0.0,3.0,3.0,4.242640687116409,0,0.0,0.0,0.0,0.0,0.0,0.0,0
126.589,4.068318126626081e-12,-1.6719640466070525e-23,-4.89166642845777e-12,1e-12,1e-12,1e-12,0.0,0.0,3.0,3.0,4.242640687116409,0,0.0,0.0,0.0,0.0,0.0,0.0,0
126.669,4.068318122952695e-12,-1.671964044810155e-23,-4.891666373948889e-12,1e-12,1e-12,1e-12,0.0,0.0,3.0,3.0,4.242640687116409,0,0.0,0.0,0.0,0.0,0.0,0.0,0
126.769,4.0683181215432424e-12,-1.6719640441206983e-23,-4.891666309753951e-12,1e-12,1e-12,1e-12,0.0,0.0,3.0,3.0,4.242640687116409,0,0.0,0.0,0.0,0.0,0.0,0.0,0
126.869,4.0683181156679554e-12,-1.6719640412467022e-23,-4.891666242517292e-12,1e-12,1e-12,1e-12,0.0,0.0,3.0,3.0,4.242640687116409,0,0.0,0.0,0.0,0.0,0.0,0.0,0
126.969,4.068318112121363e-12,-1.671964039511828e-23,-4.89166621573772e-12,1e-12,1e-12,1e-12,0.0,0.0,3.0,3.0,4.242640687116409,0,0.0,0.0,0.0,0.0,0.0,0.0,0
127.069,4.068318109433227e-12,-1.6719640381968797e-23,-4.891666154850559e-12,1e-12,1e-12,1e-12,0.0,0.0,3.0,3.0,4.242640687116409,0,0.0,0.0,0.0,0.0,0.0,0.0,0
127.169,4.0683181078497375e-12,-1.6719640374222886e-23,-4.891666103229001e-12,1e-12,1e-12,1e-12,0.0,0.0,3.0,3.0,4.242640687116409,0,0.0,0.0,0.0,0.0,0.0,0.0,0
127.289,4.068318100653463e-12,-1.6719640339021118e-23,-4.891666046704123e-12,1e-12,1e-12,1e-12,0.0,0.0,3.0,3.0,4.242640687116409,0,0.0,0.0,0.0,0.0,0.0,0.0,0
127.369,4.06831809937597e-12,-1.6719640332772043e-23,-4.891666035696514e-12,1e-12,1e-12,1e-12,0.0,0.0,3.0,3.0,4.242640687116409,0,0.0,0.0,0.0,0.0,0.0,0.0,0
127.469,4.068318100089599e-12,-1.6719640336262873e-23,-4.8916660078685976e-12,1e-12,1e-12,1e-12,0.0,0.0,3.0,3.0,4.242640687116409,0,0.0,0.0,0.0,0.0,0.0,0.0,0
127.569,4.068318096826259e-12,-1.6719640320299704e-23,-4.8916659571465335e-12,1e-12,1e-12,1e-12,0.0,0.0,3.0,3.0,4.242640687116409,0,0.0,0.0,0.0,0.0,0.0,0.0,0
127.669,4.068318092190231e-12,-1.6719640297621782e-23,-4.891665904333208e-12,1e-12,1e-12,1e-12,0.0,0.0,3.0,3.0,4.242640687116409,0,0.0,0.0,0.0,0.0,0.0,0.0,0
127.769,4.0683180878907555e-12,-1.671964027659017e-23,-4.891665872754522e-12,1e-12,1e-12,1e-12,0.0,0.0,3.0,3.0,4.242640687116409,0,0.0,0.0,0.0,0.0,0.0,0.0,0
127.889,4.068318083707007e-12,-1.6719640256124654e-23,-4.891665824526804e-12,1e-12,1e-12,1e-12,0.0,0.0,3.0,3.0,4.242640687116409,0,0.0,0.0,0.0,0.0,0.0,0.0,0
127.969,4.068318082770914e-12,-1.6719640251545607e-23,-4.8916657829888795e-12,1e-12,1e-12,1e-12,0.0,0.0,3.0,3.0,4.242640687116409,0,0.0,0.0,0.0,0.0,0.0,0.0,0
128.069,4.06831808029291e-12,-1.671964023942405e-23,-4.891665738251801e-12,1e-12,1e-12,1e-12,0.0,0.0,3.0,3.0,4.242640687116409,0,0.0,0.0,0.0,0.0,0.0,0.0,0
128.169,4.068318075038079e-12,-1.6719640213719192e-23,-4.891665668347574e-12,1e-12,1e-12,1e-12,0.0,0.0,3.0,3.0,4.242640687116409,0,0.0,0.0,0.0,0.0,0.0,0.0,0
128.269,4.068318069908994e-12,-1.6719640188629432e-23,-4.89166560054032e-12,1e-12,1e-12,1e-12,0.0,0.0,3.0,3.0,4.242640687116409,0,0.0,0.0,0.0,0.0,0.0,0.0,0
128.369,4.0683180656669545e-12,-1.671964016787882e-23,-4.89166556326928e-12,1e-12,1e-12,1e-12,0.0,0.0,3.0,3.0,4.242640687116409,0,0.0,0.0,0.0,0.0,0.0,0.0,0
128.469,4.068318063698889e-12,-1.671964015825169e-23,-4.8916655071386104e-12,1e-12,1e-12,1e-12,0.0,0.0,3.0,3.0,4.242640687116409,0,0.0,0.0,0.0,0.0,0.0,0.0,0
128.569,4.0683180606779076e-12,-1.6719640143474041e-23,-4.891665456395339e-12,1e-12,1e-12,1e-12,0.0,0.0,3.0,3.0,4.242640687116409,0,0.0,0.0,0.0,0.0,0.0,0.0,0
128.689,4.068318056884739e-12,-1.6719640124919125e-23,-4.891665377606841e-12,1e-12,1e-12,1e-12,0.0,0.0,3.0,3.0,4.242640687116409,0,0.0,0.0,0.0,0.0,0.0,0.0,0
128.789,4.0683180519593036e-12,-1.6719640100825552e-23,-4.891665351063621e-12,1e-12,1e-12,1e-12,0.0,0.0,3.0,3.0,4.242640687116409,0,0.0,0.0,0.0,0.0,0.0,0.0,0
128.889,4.068318049742589e-12,-1.671964008998211e-23,-4.891665309639978e-12,1e-12,1e-12,1e-12,0.0,0.0,3.0,3.0,4.242640687116409,0,0.0,0.0,0.0,0.0,0.0,0.0,0
128.989,4.068318046506723e-12,-1.6719640074153312e-23,-4.891665292344166e-12,1e-12,1e-12,1e-12,0.0,0.0,3.0,3.0,4.242640687116409,0,0.0,0.0,0.0,0.0,0.0,0.0,0
129.089,4.068318044119163e-12,-1.6719640062474126e-23,-4.891665236220115e-12,1e-12,1e-12,1e-12,0.0,0.0,3.0,3.0,4.242640687116409,0,0.0,0.0,0.0,0.0,0.0,0.0,0
129.189,4.068318043662427e-12,-1.6719640060239905e-23,-4.8916652107317075e-12,1e-12,1e-12,1e-12,0.0,0.0,3.0,3.0,4.242640687116409,0,0.0,0.0,0.0,0.0,0.0,0.0,0
129.289,4.0683180389470465e-12,-1.6719640037173826e-23,-4.891665166407343e-12,1e-12,1e-12,1e-12,0.0,0.0,3.0,3.0,4.242640687116409,0,0.0,0.0,0.0,0.0,0.0,0.0,0
129.389,4.0683180386083e-12,-1.6719640035516784e-23,-4.8916651103157455e-12,1e-12,1e-12,1e-12,0.0,0.0,3.0,3.0,4.242640687116409,0,0.0,0.0,0.0,0.0,0.0,0.0,0
129.489,4.068318035228273e-12,-1.6719640018982836e-23,-4.8916650651949365e-12,1e-12,1e-12,1e-12,0.0,0.0,3.0,3.0,4.242640687116409,0,0.0,0.0,0.0,0.0,0.0,0.0,0
129.589,4.0683180330207676e-12,-1.6719640008184454e-23,-4.891665014493808e-12,1e-12,1e-12,1e-12,0.0,0.0,3.0,3.0,4.242640687116409,0,0.0,0.0,0.0,0.0,0.0,0.0,0
129.689,4.068318030945683e-12,-1.6719639998033846e-23,-4.891664965111472e-12,1e-12,1e-12,1e-12,0.0,0.0,3.0,3.0,4.242640687116409,0,0.0,0.0,0.0,0.0,0.0,0.0,0
129.789,4.068318028611243e-12,-1.671963998661455e-23,-4.891664913996623e-12,1e-12,1e-12,1e-12,0.0,0.0,3.0,3.0,4.242640687116409,0,0.0,0.0,0.0,0.0,0.0,0.0,0
129.889,4.06831802584471e-12,-1.6719639973081598e-23,-4.891664864813821e-12,1e-12,1e-12,1e-12,0.0,0.0,3.0,3.0,4.242640687116409,0,0.0,0.0,0.0,0.0,0.0,0.0,0
129.969,4.06831802261281e-12,-1.671963995727224e-23,-4.891664804148867e-12,1e-12,1e-12,1e-12,0.0,0.0,3.0,3.0,4.242640687116409,0,0.0,0.0,0.0,0.0,0.0,0.0,0
130.069,4.06831802035828e-12,-1.6719639946243822e-23,-4.8916647599973825e-12,1e-12,1e-12,1e-12,0.0,0.0,3.0,3.0,4.242640687116409,0,0.0,0.0,0.0,0.0,0.0,0.0,0
130.169,4.0683180189571026e-12,-1.6719639939389752e-23,-4.8916647138607045e-12,1e-12,1e-12,1e-12,0.0,0.0,3.0,3.0,4.242640687116409,0,0.0,0.0,0.0,0.0,0.0,0.0,0
130.269,4.068318015472e-12,-1.671963992234181e-23,-4.891664649664529e-12,1e-12,1e-12,1e-12,0.0,0.0,3.0,3.0,4.242640687116409,0,0.0,0.0,0.0,0.0,0.0,0.0,0
130.369,4.068318013676578e-12,-1.6719639913559216e-23,-4.891664629603175e-12,1e-12,1e-12,1e-12,0.0,0.0,3.0,3.0,4.242640687116409,0,0.0,0.0,0.0,0.0,0.0,0.0,0
130.469,4.068318011621527e-12,-1.6719639903506597e-23,-4.891664573865628e-12,1e-12,1e-12,1e-12,0.0,0.0,3.0,3.0,4.242640687116409,0,0.0,0.0,0.0,0.0,0.0,0.0,0
130.569,4.068318008335268e-12,-1.6719639887431344e-23,-4.8916645125670375e-12,1e-12,1e-12,1e-12,0.0,0.0,3.0,3.0,4.242640687116409,0,0.0,0.0,0.0,0.0,0.0,0.0,0
130.669,4.068318004447324e-12,-1.6719639868412857e-23,-4.891664453535872e-12,1e-12,1e-12,1e-12,0.0,0.0,3.0,3.0,4.242640687116409,0,0.0,0.0,0.0,0.0,0.0,0.0,0
130.769,4.068317999648237e-12,-1.671963984493735e-23,-4.891664425872647e-12,1e-12,1e-12,1e-12,0.0,0.0,3.0,3.0,4.242640687116409,0,0.0,0.0,0.0,0.0,0.0,0.0,0
130.869,4.068317994625935e-12,-1.671963982036993e-23,-4.891664407249116e-12,1e-12,1e-12,1e-12,0.0,0.0,3.0,3.0,4.242640687116409,0,0.0,0.0,0.0,0.0,0.0,0.0,0
130.969,4.068317992765788e-12,-1.67196398112707e-23,-4.891664355148299e-12,1e-12,1e-12,1e-12,0.0,0.0,3.0,3.0,4.242640687116409,0,0.0,0.0,0.0,0.0,0.0,0.0,0
131.069,4.068317988848667e-12,-1.671963979210947e-23,-4.891664300238013e-12,1e-12,1e-12,1e-12,0.0,0.0,3.0,3.0,4.242640687116409,0,0.0,0.0,0.0,0.0,0.0,0.0,0
131.169,4.068317988328016e-12,-1.6719639789562626e-23,-4.891664267273543e-12,1e-12,1e-12,1e-12,0.0,0.0,3.0,3.0,4.242640687116409,0,0.0,0.0,0.0,0.0,0.0,0.0,0
131.269,4.068317985126301e-12,-1.6719639773900913e-23,-4.89166419935967e-12,1e-12,1e-12,1e-12,0.0,0.0,3.0,3.0,4.242640687116409,0,0.0,0.0,0.0,0.0,0.0,0.0,0
131.369,4.068317981731485e-12,-1.671963975729461e-23,-4.891664142972033e-12,1e-12,1e-12,1e-12,0.0,0.0,3.0,3.0,4.242640687116409,0,0.0,0.0,0.0,0.0,0.0,0.0,0
131.469,4.068317976774029e-12,-1.6719639733044388e-23,-4.8916640919948034e-12,1e-12,1e-12,1e-12,0.0,0.0,3.0,3.0,4.242640687116409,0,0.0,0.0,0.0,0.0,0.0,0.0,0
131.569,4.068317973200221e-12,-1.6719639715562506e-23,-4.8916640429564065e-12,1e-12,1e-12,1e-12,0.0,0.0,3.0,3.0,4.242640687116409,0,0.0,0.0,0.0,0.0,0.0,0.0,0
131.669,4.068317971037708e-12,-1.6719639704984215e-23,-4.891663989697706e-12,1e-12,1e-12,1e-12,0.0,0.0,3.0,3.0,4.242640687116409,0,0.0,0.0,0.0,0.0,0.0,0.0,0
131.769,4.068317967494158e-12,-1.6719639687650355e-23,-4.891663937189795e-12,1e-12,1e-12,1e-12,0.0,0.0,3.0,3.0,4.242640687116409,0,0.0,0.0,0.0,0.0,0.0,0.0,0
131.869,4.0683179670565396e-12,-1.6719639685509662e-23,-4.891663878241119e-12,1e-12,1e-12,1e-12,0.0,0.0,3.0,3.0,4.242640687116409,0,0.0,0.0,0.0,0.0,0.0,0.0,0
131.989,4.068317962269055e-12,-1.671963966209089e-23,-4.891663814399012e-12,1e-12,1e-12,1e-12,0.0,0.0,3.0,3.0,4.242640687116409,0,0.0,0.0,0.0,0.0,0.0,0.0,0
132.069,4.068317957051186e-12,-1.671963963656681e-23,-4.891663761375443e-12,1e-12,1e-12,1e-12,0.0,0.0,3.0,3.0,4.242640687116409,0,0.0,0.0,0.0,0.0,0.0,0.0,0
132.189,4.068317951547169e-12,-1.6719639609642995e-23,-4.891663708860026e-12,1e-12,1e-12,1e-12,0.0,0.0,3.0,3.0,4.242640687116409,0,0.0,0.0,0.0,0.0,0.0,0.0,0
132.289,4.068317947289007e-12,-1.671963958881349e-23,-4.891663659397813e-12,1e-12,1e-12,1e-12,0.0,0.0,3.0,3.0,4.242640687116409,0,0.0,0.0,0.0,0.0,0.0,0.0,0
132.389,4.0683179438335885e-12,-1.6719639571910767e-23,-4.89166362000559e-12,1e-12,1e-12,1e-12,0.0,0.0,3.0,3.0,4.242640687116409,0,0.0,0.0,0.0,0.0,0.0,0.0,0
132.489,4.068317940307293e-12,-1.6719639554661333e-23,-4.8916635848074025e-12,1e-12,1e-12,1e-12,0.0,0.0,3.0,3.0,4.242640687116409,0,0.0,0.0,0.0,0.0,0.0,0.0,0
132.589,4.06831793767276e-12,-1.6719639541774092e-23,-4.891663529332134e-12,1e-12,1e-12,1e-12,0.0,0.0,3.0,3.0,4.242640687116409,0,0.0,0.0,0.0,0.0,0.0,0.0,0
132.689,4.068317938089417e-12,-1.6719639543812226e-23,-4.891663496837286e-12,1e-12,1e-12,1e-12,0.0,0.0,3.0,3.0,4.242640687116409,0,0.0,0.0,0.0,0.0,0.0,0.0,0
132.789,4.0683179350506736e-12,-1.6719639528947735e-23,-4.8916634426138565e-12,1e-12,1e-12,1e-12,0.0,0.0,3.0,3.0,4.242640687116409,0,0.0,0.0,0.0,0.0,0.0,0.0,0
132.889,4.068317928611615e-12,-1.671963949745002e-23,-4.89166340871976e-12,1e-12,1e-12,1e-12,0.0,0.0,3.0,3.0,4.242640687116409,0,0.0,0.0,0.0,0.0,0.0,0.0,0
132.989,4.068317925353792e-12,-1.6719639481513814e-23,-4.891663362766661e-12,1e-12,1e-12,1e-12,0.0,0.0,3.0,3.0,4.242640687116409,0,0.0,0.0,0.0,0.0,0.0,0.0,0
133.089,4.068317920958126e-12,-1.671963946001171e-23,-4.89166331006371e-12,1e-12,1e-12,1e-12,0.0,0.0,3.0,3.0,4.242640687116409,0,0.0,0.0,0.0,0.0,0.0,0.0,0
133.189,4.068317916842879e-12,-1.6719639439881316e-23,-4.891663241007512e-12,1e-12,1e-12,1e-12,0.0,0.0,3.0,3.0,4.242640687116409,0,0.0,0.0,0.0,0.0,0.0,0.0,0
133.269,4.068317917689072e-12,-1.67196394440206e-23,-4.8916632274157996e-12,1e-12,1e-12,1e-12,0.0,0.0,3.0,3.0,4.242640687116409,0,0.0,0.0,0.0,0.0,0.0,0.0,0
133.369,4.068317914803363e-12,-1.6719639429904707e-23,-4.891663198752356e-12,1e-12,1e-12,1e-12,0.0,0.0,3.0,3.0,4.242640687116409,0,0.0,0.0,0.0,0.0,0.0,0.0,0
133.469,4.068317913775155e-12,-1.671963942487505e-23,-4.891663182237925e-12,1e-12,1e-12,1e-12,0.0,0.0,3.0,3.0,4.242640687116409,0,0.0,0.0,0.0,0.0,0.0,0.0,0
133.569,4.068317910172089e-12,-1.671963940725008e-23,-4.891663161842612e-12,1e-12,1e-12,1e-12,0.0,0.0,3.0,3.0,4.242640687116409,0,0.0,0.0,0.0,0.0,0.0,0.0,0
133.669,4.0683179074442024e-12,-1.671963939390617e-23,-4.891663099242455e-12,1e-12,1e-12,1e-12,0.0,0.0,3.0,3.0,4.242640687116409,0,0.0,0.0,0.0,0.0,0.0,0.0,0
133.769,4.06831790490428e-12,-1.671963938148168e-23,-4.891663024571909e-12,1e-12,1e-12,1e-12,0.0,0.0,3.0,3.0,4.242640687116409,0,0.0,0.0,0.0,0.0,0.0,0.0,0
133.869,4.068317901843187e-12,-1.6719639366507855e-23,-4.891662978486862e-12,1e-12,1e-12,1e-12,0.0,0.0,3.0,3.0,4.242640687116409,0,0.0,0.0,0.0,0.0,0.0,0.0,0
133.969,4.0683178993935895e-12,-1.671963935452525e-23,-4.891662927958047e-12,1e-12,1e-12,1e-12,0.0,0.0,3.0,3.0,4.242640687116409,0,0.0,0.0,0.0,0.0,0.0,0.0,0
134.069,4.068317896939249e-12,-1.671963934251943e-23,-4.891662877366781e-12,1e-12,1e-12,1e-12,0.0,0.0,3.0,3.0,4.242640687116409,0,0.0,0.0,0.0,0.0,0.0,0.0,0
134.169,4.0683178958909724e-12,-1.671963933739158e-23,-4.891662831682817e-12,1e-12,1e-12,1e-12,0.0,0.0,3.0,3.0,4.242640687116409,0,0.0,0.0,0.0,0.0,0.0,0.0,0
134.269,4.068317893262327e-12,-1.6719639324533135e-23,-4.891662778078444e-12,1e-12,1e-12,1e-12,0.0,0.0,3.0,3.0,4.242640687116409,0,0.0,0.0,0.0,0.0,0.0,0.0,0
134.369,4.068317887110429e-12,-1.671963929444011e-23,-4.891662712666074e-12,1e-12,1e-12,1e-12,0.0,0.0,3.0,3.0,4.242640687116409,0,0.0,0.0,0.0,0.0,0.0,0.0,0
134.469,4.0683178852904654e-12,-1.671963928553747e-23,-4.8916626598987675e-12,1e-12,1e-12,1e-12,0.0,0.0,3.0,3.0,4.242640687116409,0,0.0,0.0,0.0,0.0,0.0,0.0,0
134.569,4.0683178808266515e-12,-1.6719639263701978e-23,-4.891662597056463e-12,1e-12,1e-12,1e-12,0.0,0.0,3.0,3.0,4.242640687116409,0,0.0,0.0,0.0,0.0,0.0,0.0,0
134.669,4.068317877838597e-12,-1.6719639249085426e-23,-4.891662545963854e-12,1e-12,1e-12,1e-12,0.0,0.0,3.0,3.0,4.242640687116409,0,0.0,0.0,0.0,0.0,0.0,0.0,0
134.769,4.068317873584926e-12,-1.671963922827792e-23,-4.8916624880244495e-12,1e-12,1e-12,1e-12,0.0,0.0,3.0,3.0,4.242640687116409,0,0.0,0.0,0.0,0.0,0.0,0.0,0
134.869,4.068317869811304e-12,-1.6719639209818651e-23,-4.891662448325637e-12,1e-12,1e-12,1e-12,0.0,0.0,3.0,3.0,4.242640687116409,0,0.0,0.0,0.0,0.0,0.0,0.0,0
134.989,4.068317866642226e-12,-1.6719639194316588e-23,-4.891662351727151e-12,1e-12,1e-12,1e-12,0.0,0.0,3.0,3.0,4.242640687116409,0,0.0,0.0,0.0,0.0,0.0,0.0,0
135.069,4.068317863012842e-12,-1.6719639176562852e-23,-4.891662316199737e-12,1e-12,1e-12,1e-12,0.0,0.0,3.0,3.0,4.242640687116409,0,0.0,0.0,0.0,0.0,0.0,0.0,0
135.189,4.068317859305302e-12,-1.6719639158426808e-23,-4.891662231844125e-12,1e-12,1e-12,1e-12,0.0,0.0,3.0,3.0,4.242640687116409,0,0.0,0.0,0.0,0.0,0.0,0.0,0
135.289,4.068317856283675e-12,-1.6719639143646013e-23,-4.891662171386632e-12,1e-12,1e-12,1e-12,0.0,0.0,3.0,3.0,4.242640687116409,0,0.0,0.0,0.0,0.0,0.0,0.0,0
135.389,4.068317851907527e-12,-1.671963912223938e-23,-4.891662118911565e-12,1e-12,1e-12,1e-12,0.0,0.0,3.0,3.0,4.242640687116409,0,0.0,0.0,0.0,0.0,0.0,0.0,0
135.489,4.068317847814853e-12,-1.6719639102219388e-23,-4.891662070948533e-12,1e-12,1e-12,1e-12,0.0,0.0,3.0,3.0,4.242640687116409,0,0.0,0.0,0.0,0.0,0.0,0.0,0
135.589,4.068317845660653e-12,-1.6719639091681737e-23,-4.891662009638014e-12,1e-12,1e-12,1e-12,0.0,0.0,3.0,3.0,4.242640687116409,0,0.0,0.0,0.0,0.0,0.0,0.0,0
135.689,4.068317840900868e-12,-1.6719639068398453e-23,-4.89166196728246e-12,1e-12,1e-12,1e-12,0.0,0.0,3.0,3.0,4.242640687116409,0,0.0,0.0,0.0,0.0,0.0,0.0,0
135.789,4.0683178353975344e-12,-1.671963904147799e-23,-4.891661938630832e-12,1e-12,1e-12,1e-12,0.0,0.0,3.0,3.0,4.242640687116409,0,0.0,0.0,0.0,0.0,0.0,0.0,0
135.889,4.068317833483322e-12,-1.671963903211431e-23,-4.891661892845204e-12,1e-12,1e-12,1e-12,0.0,0.0,3.0,3.0,4.242640687116409,0,0.0,0.0,0.0,0.0,0.0,0.0,0
135.989,4.0683178319733355e-12,-1.6719639024727968e-23,-4.891661842844948e-12,1e-12,1e-12,1e-12,0.0,0.0,3.0,3.0,4.242640687116409,0,0.0,0.0,0.0,0.0,0.0,0.0,0
136.089,4.0683178288561506e-12,-1.6719639009479755e-23,-4.8916618089065946e-12,1e-12,1e-12,1e-12,0.0,0.0,3.0,3.0,4.242640687116409,0,0.0,0.0,0.0,0.0,0.0,0.0,0
136.189,4.0683178256843394e-12,-1.6719638993964334e-23,-4.891661795370366e-12,1e-12,1e-12,1e-12,0.0,0.0,3.0,3.0,4.242640687116409,0,0.0,0.0,0.0,0.0,0.0,0.0,0
136.289,4.068317822816196e-12,-1.671963897993435e-23,-4.891661759620907e-12,1e-12,1e-12,1e-12,0.0,0.0,3.0,3.0,4.242640687116409,0,0.0,0.0,0.0,0.0,0.0,0.0,0
136.389,4.068317820050292e-12,-1.6719638966404472e-23,-4.8916616815610495e-12,1e-12,1e-12,1e-12,0.0,0.0,3.0,3.0,4.242640687116409,0,0.0,0.0,0.0,0.0,0.0,0.0,0
136.469,4.068317818241784e-12,-1.6719638957557864e-23,-4.891661642682481e-12,1e-12,1e-12,1e-12,0.0,0.0,3.0,3.0,4.242640687116409,0,0.0,0.0,0.0,0.0,0.0,0.0,0
136.569,4.068317816287805e-12,-1.671963894799965e-23,-4.891661588301951e-12,1e-12,1e-12,1e-12,0.0,0.0,3.0,3.0,4.242640687116409,0,0.0,0.0,0.0,0.0,0.0,0.0,0
136.669,4.0683178143833955e-12,-1.6719638938683926e-23,-4.891661558337756e-12,1e-12,1e-12,1e-12,0.0,0.0,3.0,3.0,4.242640687116409,0,0.0,0.0,0.0,0.0,0.0,0.0,0
136.769,4.0683178115419396e-12,-1.6719638924784464e-23,-4.891661510928124e-12,1e-12,1e-12,1e-12,0.0,0.0,3.0,3.0,4.242640687116409,0,0.0,0.0,0.0,0.0,0.0,0.0,0
136.869,4.0683178087311354e-12,-1.671963891103494e-23,-4.8916614781511605e-12,1e-12,1e-12,1e-12,0.0,0.0,3.0,3.0,4.242640687116409,0,0.0,0.0,0.0,0.0,0.0,0.0,0
136.969,4.0683178070927685e-12,-1.6719638903020624e-23,-4.891661427398738e-12,1e-12,1e-12,1e-12,0.0,0.0,3.0,3.0,4.242640687116409,0,0.0,0.0,0.0,0.0,0.0,0.0,0
137.069,4.068317802533247e-12,-1.671963888071698e-23,-4.8916613770520054e-12,1e-12,1e-12,1e-12,0.0,0.0,3.0,3.0,4.242640687116409,0,0.0,0.0,0.0,0.0,0.0,0.0,0
137.169,4.068317797891321e-12,-1.6719638858010263e-23,-4.891661345000336e-12,1e-12,1e-12,1e-12,0.0,0.0,3.0,3.0,4.242640687116409,0,0.0,0.0,0.0,0.0,0.0,0.0,0
137.289,4.06831779358487e-12,-1.6719638836944573e-23,-4.8916612967780884e-12,1e-12,1e-12,1e-12,0.0,0.0,3.0,3.0,4.242640687116409,0,0.0,0.0,0.0,0.0,0.0,0.0,0
137.369,4.0683177923620825e-12,-1.6719638830963123e-23,-4.89166126148341e-12,1e-12,1e-12,1e-12,0.0,0.0,3.0,3.0,4.242640687116409,0,0.0,0.0,0.0,0.0,0.0,0.0,0
137.469,4.068317791479219e-12,-1.6719638826644454e-23,-4.891661211516553e-12,1e-12,1e-12,1e-12,0.0,0.0,3.0,3.0,4.242640687116409,0,0.0,0.0,0.0,0.0,0.0,0.0,0
137.589,4.068317785606923e-12,-1.6719638797919183e-23,-4.891661162450432e-12,1e-12,1e-12,1e-12,0.0,0.0,3.0,3.0,4.242640687116409,0,0.0,0.0,0.0,0.0,0.0,0.0,0
137.669,4.068317783880688e-12,-1.6719638789475055e-23,-4.89166111324045e-12,1e-12,1e-12,1e-12,0.0,0.0,3.0,3.0,4.242640687116409,0,0.0,0.0,0.0,0.0,0.0,0.0,0
137.789,4.06831778020936e-12,-1.671963877151615e-23,-4.891661048324167e-12,1e-12,1e-12,1e-12,0.0,0.0,3.0,3.0,4.242640687116409,0,0.0,0.0,0.0,0.0,0.0,0.0,0
137.869,4.068317778426465e-12,-1.6719638762794812e-23,-4.89166102377708e-12,1e-12,1e-12,1e-12,0.0,0.0,3.0,3.0,4.242640687116409,0,0.0,0.0,0.0,0.0,0.0,0.0,0
137.969,4.068317777655285e-12,-1.6719638759022437e-23,-4.891660968190416e-12,1e-12,1e-12,1e-12,0.0,0.0,3.0,3.0,4.242640687116409,0,0.0,0.0,0.0,0.0,0.0,0.0,0
138.089,4.068317773490375e-12,-1.6719638738649092e-23,-4.891660890740639e-12,1e-12,1e-12,1e-12,0.0,0.0,3.0,3.0,4.242640687116409,0,0.0,0.0,0.0,0.0,0.0,0.0,0
138.169,4.068317771156385e-12,-1.6719638727232015e-23,-4.891660860885821e-12,1e-12,1e-12,1e-12,0.0,0.0,3.0,3.0,4.242640687116409,0,0.0,0.0,0.0,0.0,0.0,0.0,0
138.289,4.068317768404033e-12,-1.6719638713768455e-23,-4.891660794300891e-12,1e-12,1e-12,1e-12,0.0,0.0,3.0,3.0,4.242640687116409,0,0.0,0.0,0.0,0.0,0.0,0.0,0
138.389,4.068317766334596e-12,-1.671963870364547e-23,-4.891660754748045e-12,1e-12,1e-12,1e-12,0.0,0.0,3.0,3.0,4.242640687116409,0,0.0,0.0,0.0,0.0,0.0,0.0,0
138.469,4.0683177649018575e-12,-1.6719638696637012e-23,-4.891660732526442e-12,1e-12,1e-12,1e-12,0.0,0.0,3.0,3.0,4.242640687116409,0,0.0,0.0,0.0,0.0,0.0,0.0,0
138.589,4.068317761736342e-12,-1.6719638681152386e-23,-4.891660678990569e-12,1e-12,1e-12,1e-12,0.0,0.0,3.0,3.0,4.242640687116409,0,0.0,0.0,0.0,0.0,0.0,0.0,0
138.669,4.068317758979858e-12,-1.671963866766861e-23,-4.891660624298719e-12,1e-12,1e-12,1e-12,0.0,0.0,3.0,3.0,4.242640687116409,0,0.0,0.0,0.0,0.0,0.0,0.0,0
138.789,4.0683177525682715e-12,-1.6719638636305276e-23,-4.891660555639793e-12,1e-12,1e-12,1e-12,0.0,0.0,3.0,3.0,4.242640687116409,0,0.0,0.0,0.0,0.0,0.0,0.0,0
138.889,4.068317748767693e-12,-1.6719638617714127e-23,-4.891660516616376e-12,1e-12,1e-12,1e-12,0.0,0.0,3.0,3.0,4.242640687116409,0,0.0,0.0,0.0,0.0,0.0,0.0,0
138.989,4.068317743578989e-12,-1.6719638592332724e-23,-4.891660461800787e-12,1e-12,1e-12,1e-12,0.0,0.0,3.0,3.0,4.242640687116409,0,0.0,0.0,0.0,0.0,0.0,0.0,0
139.089,4.0683177388864255e-12,-1.671963856937829e-23,-4.891660438548178e-12,1e-12,1e-12,1e-12,0.0,0.0,3.0,3.0,4.242640687116409,0,0.0,0.0,0.0,0.0,0.0,0.0,0
139.189,4.068317734948531e-12,-1.671963855011546e-23,-4.891660365645932e-12,1e-12,1e-12,1e-12,0.0,0.0,3.0,3.0,4.242640687116409,0,0.0,0.0,0.0,0.0,0.0,0.0,0
139.289,4.068317730337561e-12,-1.6719638527560143e-23,-4.891660326839538e-12,1e-12,1e-12,1e-12,0.0,0.0,3.0,3.0,4.242640687116409,0,0.0,0.0,0.0,0.0,0.0,0.0,0
139.389,4.068317727695954e-12,-1.67196385146383e-23,-4.891660284887956e-12,1e-12,1e-12,1e-12,0.0,0.0,3.0,3.0,4.242640687116409,0,0.0,0.0,0.0,0.0,0.0,0.0,0
139.489,4.068317722434967e-12,-1.671963848890332e-23,-4.891660261994127e-12,1e-12,1e-12,1e-12,0.0,0.0,3.0,3.0,4.242640687116409,0,0.0,0.0,0.0,0.0,0.0,0.0,0
139.589,4.06831772035548e-12,-1.6719638478731154e-23,-4.8916602164040165e-12,1e-12,1e-12,1e-12,0.0,0.0,3.0,3.0,4.242640687116409,0,0.0,0.0,0.0,0.0,0.0,0.0,0
139.689,4.068317715395104e-12,-1.6719638454466694e-23,-4.891660163974848e-12,1e-12,1e-12,1e-12,0.0,0.0,3.0,3.0,4.242640687116409,0,0.0,0.0,0.0,0.0,0.0,0.0,0
139.789,4.0683177112007825e-12,-1.6719638433949483e-23,-4.8916601090075056e-12,1e-12,1e-12,1e-12,0.0,0.0,3.0,3.0,4.242640687116409,0,0.0,0.0,0.0,0.0,0.0,0.0,0
139.869,4.0683177087918055e-12,-1.671963842216558e-23,-4.8916600633791284e-12,1e-12,1e-12,1e-12,0.0,0.0,3.0,3.0,4.242640687116409,0,0.0,0.0,0.0,0.0,0.0,0.0,0
139.969,4.068317707125015e-12,-1.671963841401222e-23,-4.8916600274464115e-12,1e-12,1e-12,1e-12,0.0,0.0,3.0,3.0,4.242640687116409,0,0.0,0.0,0.0,0.0,0.0,0.0,0
