stamp,x,y,yaw,cov_x,cov_y,cov_yaw,cmd_v,cmd_w,goal_x,goal_y,goal_dist,plan_points,plan_length,efe_total,efe_risk,efe_ambiguity,efe_control,efe_boundary,seed
6.288,-0.5999817965140107,-0.6000000000042405,-4.65908667783151e-07,1e-12,1e-12,1e-12,0.0,0.0,0.0,0.0,0.0,0,0.0,0.0,0.0,0.0,0.0,0.0,0
6.388,-0.5999817965140107,-0.6000000000042405,-4.65908667783151e-07,1e-12,1e-12,1e-12,0.0,0.0,0.0,0.0,0.0,0,0.0,0.0,0.0,0.0,0.0,0.0,0
6.488,-0.5999817965140107,-0.6000000000042405,-4.65908667783151e-07,1e-12,1e-12,1e-12,0.0,0.0,0.0,0.0,0.0,0,0.0,0.0,0.0,0.0,0.0,0.0,0
6.588,-0.5999817965140107,-0.6000000000042405,-4.65908667783151e-07,1e-12,1e-12,1e-12,0.0,0.0,0.0,0.0,0.0,0,0.0,0.0,0.0,0.0,0.0,0.0,0
6.688,-0.5999817965140107,-0.6000000000042405,-4.65908667783151e-07,1e-12,1e-12,1e-12,0.0,0.0,0.0,0.0,0.0,0,0.0,0.0,0.0,0.0,0.0,0.0,0
6.788,-0.5999817965140107,-0.6000000000042405,-4.65908667783151e-07,1e-12,1e-12,1e-12,0.0,0.0,0.0,0.0,0.0,0,0.0,0.0,0.0,0.0,0.0,0.0,0
6.888,-0.5999817965140107,-0.6000000000042405,-4.65908667783151e-07,1e-12,1e-12,1e-12,0.0,0.0,0.0,0.0,0.0,0,0.0,0.0,0.0,0.0,0.0,0.0,0
6.988,-0.5999817965140107,-0.6000000000042405,-4.65908667783151e-07,1e-12,1e-12,1e-12,0.0,0.0,0.0,0.0,0.0,0,0.0,0.0,0.0,0.0,0.0,0.0,0
7.088,-0.5999817965140107,-0.6000000000042405,-4.65908667783151e-07,1e-12,1e-12,1e-12,0.0,0.0,0.0,0.0,0.0,0,0.0,0.0,0.0,0.0,0.0,0.0,0
7.188,-0.5999817965140107,-0.6000000000042405,-4.65908667783151e-07,1e-12,1e-12,1e-12,0.0,0.0,0.0,0.0,0.0,0,0.0,0.0,0.0,0.0,0.0,0.0,0
7.288,-0.5999817965140107,-0.6000000000042405,-4.65908667783151e-07,1e-12,1e-12,1e-12,0.0,0.0,0.0,0.0,0.0,0,0.0,0.0,0.0,0.0,0.0,0.0,0
7.388,-0.5999817965140107,-0.6000000000042405,-4.65908667783151e-07,1e-12,1e-12,1e-12,0.0,0.0,0.0,0.0,0.0,0,0.0,0.0,0.0,0.0,0.0,0.0,0
7.488,-0.5999817965140107,-0.6000000000042405,-4.65908667783151e-07,1e-12,1e-12,1e-12,0.0,0.0,0.0,0.0,0.0,0,0.0,0.0,0.0,0.0,0.0,0.0,0
7.588,-0.5999817965140107,-0.6000000000042405,-4.65908667783151e-07,1e-12,1e-12,1e-12,0.0,0.0,0.0,0.0,0.0,0,0.0,0.0,0.0,0.0,0.0,0.0,0
7.688,-0.5999817965140107,-0.6000000000042405,-4.65908667783151e-07,1e-12,1e-12,1e-12,0.0,0.0,0.0,0.0,0.0,0,0.0,0.0,0.0,0.0,0.0,0.0,0
7.788,-0.5999817965140107,-0.6000000000042405,-4.65908667783151e-07,1e-12,1e-12,1e-12,0.0,0.0,0.0,0.0,0.0,0,0.0,0.0,0.0,0.0,0.0,0.0,0
7.888,-0.5999817965140107,-0.6000000000042405,-4.65908667783151e-07,1e-12,1e-12,1e-12,0.0,0.0,0.0,0.0,0.0,0,0.0,0.0,0.0,0.0,0.0,0.0,0
7.988,-0.5999817965140107,-0.6000000000042405,-4.65908667783151e-07,1e-12,1e-12,1e-12,0.0,0.0,0.0,0.0,0.0,0,0.0,0.0,0.0,0.0,0.0,0.0,0
8.088,-0.5999817965140107,-0.6000000000042405,-4.65908667783151e-07,1e-12,1e-12,1e-12,0.0,0.0,0.6,0.6,1.6970434030911434,0,0.0,0.0,0.0,0.0,0.0,0.0,0
8.188,-0.5999817965140107,-0.6000000000042405,-4.65908667783151e-07,1e-12,1e-12,1e-12,0.0,0.0,0.6,0.6,1.6970434030911434,0,0.0,0.0,0.0,0.0,0.0,0.0,0
8.288,-0.5999817965140107,-0.6000000000042405,-4.65908667783151e-07,1e-12,1e-12,1e-12,0.0,0.0,0.6,0.6,1.6970434030911434,0,0.0,0.0,0.0,0.0,0.0,0.0,0
8.388,-0.5999817965140107,-0.6000000000042405,-4.65908667783151e-07,1e-12,1e-12,1e-12,0.0,0.0,0.6,0.6,1.6970434030911434,0,0.0,0.0,0.0,0.0,0.0,0.0,0
8.488,-0.5999817965140107,-0.6000000000042405,-4.65908667783151e-07,1e-12,1e-12,1e-12,0.0,0.0,0.6,0.6,1.6970434030911434,0,0.0,0.0,0.0,0.0,0.0,0.0,0
8.588000000000001,-0.5999817965140107,-0.6000000000042405,-4.65908667783151e-07,1e-12,1e-12,1e-12,0.0,0.0,0.6,0.6,1.6970434030911434,0,0.0,0.0,0.0,0.0,0.0,0.0,0
8.688,-0.5999817965140107,-0.6000000000042405,-4.65908667783151e-07,1e-12,1e-12,1e-12,0.0,0.0,0.6,0.6,1.6970434030911434,0,0.0,0.0,0.0,0.0,0.0,0.0,0
8.788,-0.5999817965140107,-0.6000000000042405,-4.65908667783151e-07,1e-12,1e-12,1e-12,0.0,0.0,0.6,0.6,1.6970434030911434,0,0.0,0.0,0.0,0.0,0.0,0.0,0
8.888,-0.5999817965140107,-0.6000000000042405,-4.65908667783151e-07,1e-12,1e-12,1e-12,0.0,0.0,0.6,0.6,1.6970434030911434,0,0.0,0.0,0.0,0.0,0.0,0.0,0
8.988,-0.5999817965140107,-0.6000000000042405,-4.65908667783151e-07,1e-12,1e-12,1e-12,0.0,0.0,0.6,0.6,1.6970434030911434,0,0.0,0.0,0.0,0.0,0.0,0.0,0
9.088,-0.5999817965140107,-0.6000000000042405,-4.65908667783151e-07,1e-12,1e-12,1e-12,0.0,0.0,0.6,0.6,1.6970434030911434,0,0.0,0.0,0.0,0.0,0.0,0.0,0
9.188,-0.5999817965140107,-0.6000000000042405,-4.65908667783151e-07,1e-12,1e-12,1e-12,0.0,0.0,0.6,0.6,1.6970434030911434,0,0.0,0.0,0.0,0.0,0.0,0.0,0
9.288,-0.5999817965140107,-0.6000000000042405,-4.65908667783151e-07,1e-12,1e-12,1e-12,0.0,0.0,0.6,0.6,1.6970434030911434,0,0.0,0.0,0.0,0.0,0.0,0.0,0
9.388,-0.5999817965140107,-0.6000000000042405,-4.65908667783151e-07,1e-12,1e-12,1e-12,0.0,0.0,0.6,0.6,1.6970434030911434,0,0.0,0.0,0.0,0.0,0.0,0.0,0
9.488,-0.5999817965140107,-0.6000000000042405,-4.65908667783151e-07,1e-12,1e-12,1e-12,0.0,0.0,0.6,0.6,1.6970434030911434,0,0.0,0.0,0.0,0.0,0.0,0.0,0
9.588000000000001,-0.5999817965140107,-0.6000000000042405,-4.65908667783151e-07,1e-12,1e-12,1e-12,0.0,0.0,0.6,0.6,1.6970434030911434,0,0.0,0.0,0.0,0.0,0.0,0.0,0
9.688,-0.5999817965140107,-0.6000000000042405,-4.65908667783151e-07,1e-12,1e-12,1e-12,0.0,0.0,0.6,0.6,1.6970434030911434,0,0.0,0.0,0.0,0.0,0.0,0.0,0
9.788,-0.5999817965140107,-0.6000000000042405,-4.65908667783151e-07,1e-12,1e-12,1e-12,0.0,0.0,0.6,0.6,1.6970434030911434,0,0.0,0.0,0.0,0.0,0.0,0.0,0
9.888,-0.5999817965140107,-0.6000000000042405,-4.65908667783151e-07,1e-12,1e-12,1e-12,0.0,0.0,0.6,0.6,1.6970434030911434,0,0.0,0.0,0.0,0.0,0.0,0.0,0
9.988,-0.5999817965140107,-0.6000000000042405,-4.65908667783151e-07,1e-12,1e-12,1e-12,0.0,0.0,0.6,0.6,1.6970434030911434,0,0.0,0.0,0.0,0.0,0.0,0.0,0
10.088,-0.5999817965140107,-0.6000000000042405,-4.65908667783151e-07,1e-12,1e-12,1e-12,0.0,0.0,0.6,0.6,1.6970434030911434,0,0.0,0.0,0.0,0.0,0.0,0.0,0
10.188,-0.5999817965140107,-0.6000000000042405,-4.65908667783151e-07,1e-12,1e-12,1e-12,0.0,0.0,0.6,0.6,1.6970434030911434,0,0.0,0.0,0.0,0.0,0.0,0.0,0
10.288,-0.5999817965140107,-0.6000000000042405,-4.65908667783151e-07,1e-12,1e-12,1e-12,0.0,0.0,0.6,0.6,1.6970434030911434,0,0.0,0.0,0.0,0.0,0.0,0.0,0
10.388,-0.5999817965140107,-0.6000000000042405,-4.65908667783151e-07,1e-12,1e-12,1e-12,0.0,0.0,0.6,0.6,1.6970434030911434,0,0.0,0.0,0.0,0.0,0.0,0.0,0
10.488,-0.5999817965140107,-0.6000000000042405,-4.65908667783151e-07,1e-12,1e-12,1e-12,0.0,0.0,0.6,0.6,1.6970434030911434,0,0.0,0.0,0.0,0.0,0.0,0.0,0
10.588000000000001,-0.5999817965140107,-0.6000000000042405,-4.65908667783151e-07,1e-12,1e-12,1e-12,0.0,0.0,0.6,0.6,1.6970434030911434,0,0.0,0.0,0.0,0.0,0.0,0.0,0
10.688,-0.5999817965140107,-0.6000000000042405,-4.65908667783151e-07,1e-12,1e-12,1e-12,0.0,0.0,0.6,0.6,1.6970434030911434,0,0.0,0.0,0.0,0.0,0.0,0.0,0
10.788,-0.5999817965140107,-0.6000000000042405,-4.65908667783151e-07,1e-12,1e-12,1e-12,0.0,0.0,0.6,0.6,1.6970434030911434,0,0.0,0.0,0.0,0.0,0.0,0.0,0
10.888,-0.5999817965140107,-0.6000000000042405,-4.65908667783151e-07,1e-12,1e-12,1e-12,0.0,0.0,0.6,0.6,1.6970434030911434,0,0.0,0.0,0.0,0.0,0.0,0.0,0
10.988,-0.5999817965140107,-0.6000000000042405,-4.65908667783151e-07,1e-12,1e-12,1e-12,0.0,0.0,0.6,0.6,1.6970434030911434,0,0.0,0.0,0.0,0.0,0.0,0.0,0
11.088,-0.5999817965140107,-0.6000000000042405,-4.65908667783151e-07,1e-12,1e-12,1e-12,0.0,0.0,0.6,0.6,1.6970434030911434,0,0.0,0.0,0.0,0.0,0.0,0.0,0
11.188,-0.5999817965140107,-0.6000000000042405,-4.65908667783151e-07,1e-12,1e-12,1e-12,0.0,0.0,0.6,0.6,1.6970434030911434,0,0.0,0.0,0.0,0.0,0.0,0.0,0
11.288,-0.5999817965140107,-0.6000000000042405,-4.65908667783151e-07,1e-12,1e-12,1e-12,0.0,0.0,0.6,0.6,1.6970434030911434,0,0.0,0.0,0.0,0.0,0.0,0.0,0
11.388,-0.5999817965140107,-0.6000000000042405,-4.65908667783151e-07,1e-12,1e-12,1e-12,0.0,0.0,0.6,0.6,1.6970434030911434,0,0.0,0.0,0.0,0.0,0.0,0.0,0
11.488,-0.5999817965140107,-0.6000000000042405,-4.65908667783151e-07,1e-12,1e-12,1e-12,0.0,0.0,0.6,0.6,1.6970434030911434,0,0.0,0.0,0.0,0.0,0.0,0.0,0
11.588000000000001,-0.5999817965140107,-0.6000000000042405,-4.65908667783151e-07,1e-12,1e-12,1e-12,0.0,0.0,0.6,0.6,1.6970434030911434,0,0.0,0.0,0.0,0.0,0.0,0.0,0
11.688,-0.5999817965140107,-0.6000000000042405,-4.65908667783151e-07,1e-12,1e-12,1e-12,0.0,0.0,0.6,0.6,1.6970434030911434,0,0.0,0.0,0.0,0.0,0.0,0.0,0
11.788,-0.5999817965140107,-0.6000000000042405,-4.65908667783151e-07,1e-12,1e-12,1e-12,0.0,0.0,0.6,0.6,1.6970434030911434,0,0.0,0.0,0.0,0.0,0.0,0.0,0
11.888,-0.5999817965140107,-0.6000000000042405,-4.65908667783151e-07,1e-12,1e-12,1e-12,0.0,0.0,0.6,0.6,1.6970434030911434,0,0.0,0.0,0.0,0.0,0.0,0.0,0
11.988,-0.5999817965140107,-0.6000000000042405,-4.65908667783151e-07,1e-12,1e-12,1e-12,0.0,0.0,0.6,0.6,1.6970434030911434,0,0.0,0.0,0.0,0.0,0.0,0.0,0
12.088,-0.5999817965140107,-0.6000000000042405,-4.65908667783151e-07,1e-12,1e-12,1e-12,0.0,0.0,0.6,0.6,1.6970434030911434,0,0.0,0.0,0.0,0.0,0.0,0.0,0
12.188,-0.5999817965140107,-0.6000000000042405,-4.65908667783151e-07,1e-12,1e-12,1e-12,0.0,0.0,0.6,0.6,1.6970434030911434,0,0.0,0.0,0.0,0.0,0.0,0.0,0
12.288,-0.5999817965140107,-0.6000000000042405,-4.65908667783151e-07,1e-12,1e-12,1e-12,0.0,0.0,0.6,0.6,1.6970434030911434,0,0.0,0.0,0.0,0.0,0.0,0.0,0
12.388,-0.5999817965140107,-0.6000000000042405,-4.65908667783151e-07,1e-12,1e-12,1e-12,0.0,0.0,0.6,0.6,1.6970434030911434,0,0.0,0.0,0.0,0.0,0.0,0.0,0
12.488,-0.5999817965140107,-0.6000000000042405,-4.65908667783151e-07,1e-12,1e-12,1e-12,0.0,0.0,0.6,0.6,1.6970434030911434,0,0.0,0.0,0.0,0.0,0.0,0.0,0
12.588000000000001,-0.5999817965140107,-0.6000000000042405,-4.65908667783151e-07,1e-12,1e-12,1e-12,0.0,0.0,0.6,0.6,1.6970434030911434,0,0.0,0.0,0.0,0.0,0.0,0.0,0
12.688,-0.5999817965140107,-0.6000000000042405,-4.65908667783151e-07,1e-12,1e-12,1e-12,0.0,0.0,0.6,0.6,1.6970434030911434,0,0.0,0.0,0.0,0.0,0.0,0.0,0
12.788,-0.5999817965140107,-0.6000000000042405,-4.65908667783151e-07,1e-12,1e-12,1e-12,0.0,0.0,0.6,0.6,1.6970434030911434,0,0.0,0.0,0.0,0.0,0.0,0.0,0
12.888,-0.5999817965140107,-0.6000000000042405,-4.65908667783151e-07,1e-12,1e-12,1e-12,0.0,0.0,0.6,0.6,1.6970434030911434,0,0.0,0.0,0.0,0.0,0.0,0.0,0
12.988,-0.5999817965140107,-0.6000000000042405,-4.65908667783151e-07,1e-12,1e-12,1e-12,0.0,0.0,0.6,0.6,1.6970434030911434,0,0.0,0.0,0.0,0.0,0.0,0.0,0
13.088,-0.5999817965140107,-0.6000000000042405,-4.65908667783151e-07,1e-12,1e-12,1e-12,0.0,0.0,0.6,0.6,1.6970434030911434,0,0.0,0.0,0.0,0.0,0.0,0.0,0
13.188,-0.5999817965140107,-0.6000000000042405,-4.65908667783151e-07,1e-12,1e-12,1e-12,0.0,0.0,0.6,0.6,1.6970434030911434,0,0.0,0.0,0.0,0.0,0.0,0.0,0
13.288,-0.5999817965140107,-0.6000000000042405,-4.65908667783151e-07,1e-12,1e-12,1e-12,0.0,0.0,0.6,0.6,1.6970434030911434,0,0.0,0.0,0.0,0.0,0.0,0.0,0
13.388,-0.5999817965140107,-0.6000000000042405,-4.65908667783151e-07,1e-12,1e-12,1e-12,0.0,0.0,0.6,0.6,1.6970434030911434,0,0.0,0.0,0.0,0.0,0.0,0.0,0
13.488,-0.5999817965140107,-0.6000000000042405,-4.65908667783151e-07,1e-12,1e-12,1e-12,0.0,0.0,0.6,0.6,1.6970434030911434,0,0.0,0.0,0.0,0.0,0.0,0.0,0
13.588000000000001,-0.5999817965140107,-0.6000000000042405,-4.65908667783151e-07,1e-12,1e-12,1e-12,0.0,0.0,0.6,0.6,1.6970434030911434,0,0.0,0.0,0.0,0.0,0.0,0.0,0
13.688,-0.5999817965140107,-0.6000000000042405,-4.65908667783151e-07,1e-12,1e-12,1e-12,0.0,0.0,0.6,0.6,1.6970434030911434,0,0.0,0.0,0.0,0.0,0.0,0.0,0
13.788,-0.5999817965140107,-0.6000000000042405,-4.65908667783151e-07,1e-12,1e-12,1e-12,0.0,0.0,0.6,0.6,1.6970434030911434,0,0.0,0.0,0.0,0.0,0.0,0.0,0
13.888,-0.5999817965140107,-0.6000000000042405,-4.65908667783151e-07,1e-12,1e-12,1e-12,0.0,0.0,0.6,0.6,1.6970434030911434,0,0.0,0.0,0.0,0.0,0.0,0.0,0
13.988,-0.5999817965140107,-0.6000000000042405,-4.65908667783151e-07,1e-12,1e-12,1e-12,0.0,0.0,0.6,0.6,1.6970434030911434,0,0.0,0.0,0.0,0.0,0.0,0.0,0
14.088,-0.5999817965140107,-0.6000000000042405,-4.65908667783151e-07,1e-12,1e-12,1e-12,0.0,0.0,0.6,0.6,1.6970434030911434,0,0.0,0.0,0.0,0.0,0.0,0.0,0
14.188,-0.5999817965140107,-0.6000000000042405,-4.65908667783151e-07,1e-12,1e-12,1e-12,0.0,0.0,0.6,0.6,1.6970434030911434,0,0.0,0.0,0.0,0.0,0.0,0.0,0
14.288,-0.5999817965140107,-0.6000000000042405,-4.65908667783151e-07,1e-12,1e-12,1e-12,0.0,0.0,0.6,0.6,1.6970434030911434,0,0.0,0.0,0.0,0.0,0.0,0.0,0
14.388,-0.5999817965140107,-0.6000000000042405,-4.65908667783151e-07,1e-12,1e-12,1e-12,0.0,0.0,0.6,0.6,1.6970434030911434,0,0.0,0.0,0.0,0.0,0.0,0.0,0
14.488,-0.5999817965140107,-0.6000000000042405,-4.65908667783151e-07,1e-12,1e-12,1e-12,0.0,0.0,0.6,0.6,1.6970434030911434,0,0.0,0.0,0.0,0.0,0.0,0.0,0
14.588000000000001,-0.5999817965140107,-0.6000000000042405,-4.65908667783151e-07,1e-12,1e-12,1e-12,0.0,0.0,0.6,0.6,1.6970434030911434,0,0.0,0.0,0.0,0.0,0.0,0.0,0
14.688,-0.5999817965140107,-0.6000000000042405,-4.65908667783151e-07,1e-12,1e-12,1e-12,0.0,0.0,0.6,0.6,1.6970434030911434,0,0.0,0.0,0.0,0.0,0.0,0.0,0
14.788,-0.5999817965140107,-0.6000000000042405,-4.65908667783151e-07,1e-12,1e-12,1e-12,0.0,0.0,0.6,0.6,1.6970434030911434,0,0.0,0.0,0.0,0.0,0.0,0.0,0
14.888,-0.5999817965140107,-0.6000000000042405,-4.65908667783151e-07,1e-12,1e-12,1e-12,0.0,0.0,0.6,0.6,1.6970434030911434,0,0.0,0.0,0.0,0.0,0.0,0.0,0
14.988,-0.5999817965140107,-0.6000000000042405,-4.65908667783151e-07,1e-12,1e-12,1e-12,0.0,0.0,0.6,0.6,1.6970434030911434,0,0.0,0.0,0.0,0.0,0.0,0.0,0
15.088,-0.5999817965140107,-0.6000000000042405,-4.65908667783151e-07,1e-12,1e-12,1e-12,0.0,0.0,0.6,0.6,1.6970434030911434,0,0.0,0.0,0.0,0.0,0.0,0.0,0
15.188,-0.5999817965140107,-0.6000000000042405,-4.65908667783151e-07,1e-12,1e-12,1e-12,0.0,0.0,0.6,0.6,1.6970434030911434,0,0.0,0.0,0.0,0.0,0.0,0.0,0
15.288,-0.5999817965140107,-0.6000000000042405,-4.65908667783151e-07,1e-12,1e-12,1e-12,0.0,0.0,0.6,0.6,1.6970434030911434,0,0.0,0.0,0.0,0.0,0.0,0.0,0
15.388,-0.5999817965140107,-0.6000000000042405,-4.65908667783151e-07,1e-12,1e-12,1e-12,0.0,0.0,0.6,0.6,1.6970434030911434,0,0.0,0.0,0.0,0.0,0.0,0.0,0
15.488,-0.5999817965140107,-0.6000000000042405,-4.65908667783151e-07,1e-12,1e-12,1e-12,0.0,0.0,0.6,0.6,1.6970434030911434,0,0.0,0.0,0.0,0.0,0.0,0.0,0
15.588000000000001,-0.5999817965140107,-0.6000000000042405,-4.65908667783151e-07,1e-12,1e-12,1e-12,0.0,0.0,0.6,0.6,1.6970434030911434,0,0.0,0.0,0.0,0.0,0.0,0.0,0
15.688,-0.5999817965140107,-0.6000000000042405,-4.65908667783151e-07,1e-12,1e-12,1e-12,0.0,0.0,0.6,0.6,1.6970434030911434,0,0.0,0.0,0.0,0.0,0.0,0.0,0
15.788,-0.5999817965140107,-0.6000000000042405,-4.65908667783151e-07,1e-12,1e-12,1e-12,0.0,0.0,0.6,0.6,1.6970434030911434,0,0.0,0.0,0.0,0.0,0.0,0.0,0
15.888,-0.5881075692091933,-0.5996793234737987,0.053999534078525674,1e-12,1e-12,1e-12,0.22,1.0,0.6,0.6,1.6884401307664803,7,1.7233439521414269,1764.0028180007046,1734.9143018129919,28.664316187712757,0.4242,0.0,0
15.988,-0.566235552946407,-0.597396407432829,0.15399953406467703,1e-12,1e-12,1e-12,0.22,1.0,0.6,0.6,1.6714854236544383,7,1.7233439521414269,1764.0028180007046,1734.9143018129919,28.664316187712757,0.4242,0.0,0
16.088,-0.5447007169700271,-0.5929413383509099,0.25399953404923975,1e-12,1e-12,1e-12,0.22,1.0,0.6,0.6,1.6533144795162698,7,1.6871191906705176,1665.8621770538628,1636.8278689032397,28.664316187712757,0.36999196291015163,0.0,0
16.188,-0.5237182302425838,-0.5863586298056529,0.35399953403250206,1e-12,1e-12,1e-12,0.22,1.0,0.6,0.6,1.6340714364720628,7,1.6871191906705176,1665.8621770538628,1636.8278689032397,28.664316187712757,0.36999196291015163,0.0,0
16.288,-0.5034977428358266,-0.5777140540449103,0.4539995340239616,1e-12,1e-12,1e-12,0.22,1.0,0.6,0.6,1.6139137714074634,7,1.6871191906705176,1665.8621770538628,1636.8278689032397,28.664316187712757,0.36999196291015163,0.0,0
16.388,-0.4842412911757135,-0.567093984811992,0.5539995340142473,1e-12,1e-12,1e-12,0.22,1.0,0.6,0.6,1.5930120987847871,7,1.6871191906705176,1665.8621770538628,1636.8278689032397,28.664316187712757,0.36999196291015163,0.0,0
16.488,-0.4661412793618704,-0.5546045343281893,0.6539995340051878,1e-12,1e-12,1e-12,0.22,1.0,0.6,0.6,1.5715498268431007,7,1.6871191906705176,1665.8621770538628,1636.8278689032397,28.664316187712757,0.36999196291015163,0.0,0
16.588,-0.4493785567296646,-0.5403704930543483,0.7539995340090656,1e-12,1e-12,1e-12,0.22,1.0,0.6,0.6,1.5497226257472823,7,1.6871191906705176,1665.8621770538628,1636.8278689032397,28.664316187712757,0.36999196291015163,0.0,0
16.688,-0.43412061086232956,-0.5245340828254216,0.8539995340109506,1e-12,1e-12,1e-12,0.22,1.0,0.6,0.6,1.5277376545880808,7,1.572504453648579,1365.76831385355,1336.9761540497766,28.664316187712757,0.12784361606054642,0.0,0
16.788,-0.4205198941113305,-0.5072535358176226,0.9539995340108214,1e-12,1e-12,1e-12,0.22,1.0,0.6,0.6,1.5058124872830707,7,1.572504453648579,1365.76831385355,1336.9761540497766,28.664316187712757,0.12784361606054642,0.0,0
16.888,-0.4087123003426031,-0.488701513544479,1.0539995340086759,1e-12,1e-12,1e-12,0.22,1.0,0.6,0.6,1.4841736726059067,7,1.572504453648579,1365.76831385355,1336.9761540497766,28.664316187712757,0.12784361606054642,0.0,0
16.988,-0.39881580712996834,-0.4690633816800629,1.1539995340045361,1e-12,1e-12,1e-12,0.22,1.0,0.6,0.6,1.4630548624784725,7,1.572504453648579,1365.76831385355,1336.9761540497766,28.664316187712757,0.12784361606054642,0.0,0
17.088,-0.3909292969622156,-0.44853535794644933,1.253999533998438,1e-12,1e-12,1e-12,0.22,1.0,0.6,0.6,1.4426944473594954,7,1.572504453648579,1365.76831385355,1336.9761540497766,28.664316187712757,0.12784361606054642,0.0,0
17.188,-0.38375243528449965,-0.42774584068917754,1.1919995340364213,1e-12,1e-12,1e-12,0.22,-1.0,0.6,0.6,1.4226842119676761,7,1.4661159511616886,1119.690143238235,1090.8704038728747,28.664316187712757,0.15542317764741534,0.0,0
17.288,-0.374609155907271,-0.4077459096072822,1.0919995340478725,1e-12,1e-12,1e-12,0.22,-1.0,0.6,0.6,1.4019325322955067,7,1.4661159511616886,1119.690143238235,1090.8704038728747,28.664316187712757,0.15542317764741534,0.0,0
17.388,-0.3635148933903152,-0.3887586996951018,0.9919995340555018,1e-12,1e-12,1e-12,0.22,-1.0,0.6,0.6,1.3805812964138326,7,1.4661159511616886,1119.690143238235,1090.8704038728747,28.664316187712757,0.15542317764741534,0.0,0
17.488,-0.3505804979373456,-0.37097392487796804,0.8919995340544589,1e-12,1e-12,1e-12,0.22,-1.0,0.6,0.6,1.358820682007651,7,1.4661159511616886,1119.690143238235,1090.8704038728747,28.664316187712757,0.15542317764741534,0.0,0
17.588,-0.33593520575200636,-0.3545692847467281,0.7919995340554796,1e-12,1e-12,1e-12,0.22,-1.0,0.6,0.6,1.3368534806581949,7,1.4661159511616886,1119.690143238235,1090.8704038728747,28.664316187712757,0.15542317764741534,0.0,0
17.688,-0.3197253477527461,-0.339708689042877,0.691999534058524,1e-12,1e-12,1e-12,0.22,-1.0,0.6,0.6,1.3148943438777094,7,1.4661159511616886,1119.690143238235,1090.8704038728747,28.664316187712757,0.15542317764741534,0.0,0
17.788,-0.30221503748933265,-0.3263974086948928,0.6227546594720994,1e-12,1e-12,1e-12,0.22,-0.40855528041463146,0.6,0.6,1.2931373216748832,7,1.3590430693433653,909.6382132151122,880.9328330145685,28.664316187712757,0.04106401283092251,0.0,0
17.888,-0.28408786888685117,-0.31393392447941326,0.5818991314366745,1e-12,1e-12,1e-12,0.22,-0.40855528041463146,0.6,0.6,1.2715685503452954,7,1.3590430693433653,909.6382132151122,880.9328330145685,28.664316187712757,0.04106401283092251,0.0,0
17.988,-0.26546676629818555,-0.3022212297119738,0.5410436034019197,1e-12,1e-12,1e-12,0.22,-0.40855528041463146,0.6,0.6,1.2502143299889121,7,1.3590430693433653,909.6382132151122,880.9328330145685,28.664316187712757,0.04106401283092251,0.0,0
18.088,-0.2463828072636386,-0.2912788722008567,0.5001880753678399,1e-12,1e-12,1e-12,0.22,-0.40855528041463146,0.6,0.6,1.229122404182394,7,1.3590430693433653,909.6382132151122,880.9328330145685,28.664316187712757,0.04106401283092251,0.0,0
18.188,-0.22686811724917394,-0.2811245589145681,0.46214965788525947,1e-12,1e-12,1e-12,0.22,1.0,0.6,0.6,1.2083424066238782,7,1.2520931280494185,732.0765284160265,703.252217674182,28.664316187712757,0.15999455413168515,0.0,0
18.288,-0.20769885905664903,-0.2703479016675115,0.5621496578616364,1e-12,1e-12,1e-12,0.22,1.0,0.6,0.6,1.1873849067840019,7,1.2520931280494185,732.0765284160265,703.252217674182,28.664316187712757,0.15999455413168515,0.0,0
18.388,-0.18970123782308057,-0.25771135027947356,0.6621496578543388,1e-12,1e-12,1e-12,0.22,1.0,0.6,0.6,1.1658888477970546,7,1.2520931280494185,732.0765284160265,703.252217674182,28.664316187712757,0.15999455413168515,0.0,0
18.488,-0.17305507983064305,-0.2433411649946407,0.7621496578588742,1e-12,1e-12,1e-12,0.22,1.0,0.6,0.6,1.1440447880334406,7,1.2520931280494185,732.0765284160265,703.252217674182,28.664316187712757,0.15999455413168515,0.0,0
18.588,-0.15792670798717684,-0.2273809279539445,0.8621496578605794,1e-12,1e-12,1e-12,0.22,1.0,0.6,0.6,1.1220570817129623,7,1.2520931280494185,732.0765284160265,703.252217674182,28.664316187712757,0.15999455413168515,0.0,0
18.688,-0.14446727998332426,-0.20999010857017636,0.9621496578600655,1e-12,1e-12,1e-12,0.22,1.0,0.6,0.6,1.1001434029013197,7,1.2520931280494185,732.0765284160265,703.252217674182,28.664316187712757,0.15999455413168515,0.0,0
18.788,-0.13281127797456166,-0.19134247016199263,1.0621496578575795,1e-12,1e-12,1e-12,0.22,1.0,0.6,0.6,1.0785338539929077,7,1.2520931280494185,732.0765284160265,703.252217674182,28.664316187712757,0.15999455413168515,0.0,0
18.888,-0.12291200606336583,-0.17170097314812283,1.1376884254005184,1e-12,1e-12,1e-12,0.22,0.6349069782296036,0.6,0.6,1.0574139021538915,7,1.1445437456920207,579.7311162084752,551.0020968985165,28.664316187712757,0.0647031222460345,0.0,0
18.988,-0.1143186441485402,-0.15145272467189852,1.2011791232178597,1e-12,1e-12,1e-12,0.22,0.6349069782296036,0.6,0.6,1.0367894303063805,7,1.1445437456920207,579.7311162084752,551.0020968985165,28.664316187712757,0.0647031222460345,0.0,0
19.088,-0.10702730852464276,-0.13070004146766762,1.264669821034066,1e-12,1e-12,1e-12,0.22,0.6349069782296036,0.6,0.6,1.0167645576043904,7,1.1445437456920207,579.7311162084752,551.0020968985165,28.664316187712757,0.0647031222460345,0.0,0
19.188,-0.10102282860794165,-0.10953815236531195,1.3020020072271448,1e-12,1e-12,1e-12,0.22,-1.0,0.6,0.6,0.9974354093832142,7,1.0412399271646855,453.69664497597284,424.8129093780549,28.664316187712757,0.2194194102052234,0.0,0
19.288,-0.09413042041381281,-0.08865534818725718,1.202002007240013,1e-12,1e-12,1e-12,0.22,-1.0,0.6,0.6,0.9777848583051227,7,1.0412399271646855,453.69664497597284,424.8129093780549,28.664316187712757,0.2194194102052234,0.0,0
19.388,-0.08518764386184252,-0.06856496370632748,1.1020020072511503,1e-12,1e-12,1e-12,0.22,-1.0,0.6,0.6,0.957319809675213,7,1.0412399271646855,453.69664497597284,424.8129093780549,28.664316187712757,0.2194194102052234,0.0,0
19.488,-0.07428385221926814,-0.04946773540319627,1.0020020072605387,1e-12,1e-12,1e-12,0.22,-1.0,0.6,0.6,0.9361981909261585,7,1.0412399271646855,453.69664497597284,424.8129093780549,28.664316187712757,0.2194194102052234,0.0,0
19.588,-0.06152799256785857,-0.031554476470673665,0.902002007259282,1e-12,1e-12,1e-12,0.22,-1.0,0.6,0.6,0.9145929923747543,7,1.0412399271646855,453.69664497597284,424.8129093780549,28.664316187712757,0.2194194102052234,0.0,0
19.688,-0.047047517240496606,-0.015004170270390249,0.8020020072600706,1e-12,1e-12,1e-12,0.22,-1.0,0.6,0.6,0.8926929029722718,7,0.9376696877194424,350.17468761954393,321.3673113933591,28.664316187712757,0.14306003847209742,0.0,0
19.788,-0.03098711036006707,1.7818008946401953e-05,0.7020020072628841,1e-12,1e-12,1e-12,0.22,-1.0,0.6,0.6,0.8707027920865381,7,0.9376696877194424,350.17468761954393,321.3673113933591,28.664316187712757,0.14306003847209742,0.0,0
19.888,-0.013507242203265157,0.013361393626107332,0.6020020072676934,1e-12,1e-12,1e-12,0.22,-1.0,0.6,0.6,0.8488439142293233,7,0.9376696877194424,350.17468761954393,321.3673113933591,28.664316187712757,0.14306003847209742,0.0,0
19.988,0.005217434165365242,0.024893231984375985,0.5020020072744418,1e-12,1e-12,1e-12,0.22,-1.0,0.6,0.6,0.8273536699853384,7,0.9376696877194424,350.17468761954393,321.3673113933591,28.664316187712757,0.14306003847209742,0.0,0
20.088,0.02499982796912148,0.03449811076684939,0.40200200728306457,1e-12,1e-12,1e-12,0.22,-1.0,0.6,0.6,0.8064847082008452,7,0.9376696877194424,350.17468761954393,321.3673113933591,28.664316187712757,0.14306003847209742,0.0,0
20.188,0.0455179212036918,0.042428290136327984,0.3840020072544158,1e-12,1e-12,1e-12,0.22,1.0,0.6,0.6,0.7863438098863462,7,0.8291498205576716,259.5952272599015,230.79145208338784,28.664316187712757,0.13945898880084678,0.0,0
20.288,0.06546998882928468,0.051675549109817975,0.48400200724353015,1e-12,1e-12,1e-12,0.22,1.0,0.6,0.6,0.7657558594527271,7,0.8291498205576716,259.5952272599015,230.79145208338784,28.664316187712757,0.13945898880084678,0.0,0
20.388,0.0843991937648213,0.06286849338584677,0.5840020072315805,1e-12,1e-12,1e-12,0.22,1.0,0.6,0.6,0.744549828277434,7,0.8291498205576716,259.5952272599015,230.79145208338784,28.664316187712757,0.13945898880084678,0.0,0
20.488,0.10211640165155811,0.07589528676497381,0.6840020072282215,1e-12,1e-12,1e-12,0.22,1.0,0.6,0.6,0.7228926807898677,7,0.8291498205576716,259.5952272599015,230.79145208338784,28.664316187712757,0.13945898880084678,0.0,0
20.588,0.11844458800466129,0.09062576983403259,0.7840020072329876,1e-12,1e-12,1e-12,0.22,1.0,0.6,0.6,0.7009691299759016,7,0.8291498205576716,259.5952272599015,230.79145208338784,28.664316187712757,0.13945898880084678,0.0,0
20.688,0.13322060698373694,0.10691276047562714,0.8840020072349183,1e-12,1e-12,1e-12,0.22,1.0,0.6,0.6,0.6789830833875002,7,0.8291498205576716,259.5952272599015,230.79145208338784,28.664316187712757,0.13945898880084678,0.0,0
20.788,0.14630827330408702,0.12458574785206522,0.9787584996385947,1e-12,1e-12,1e-12,0.22,0.7815205166945371,0.6,0.6,0.6571566738744263,7,0.7234211737339373,189.1867746209316,160.43607517069813,28.664316187712757,0.08638326252070563,0.0,0
20.888,0.157859951701376,0.14330238298385722,1.0569105513055108,1e-12,1e-12,1e-12,0.22,0.7815205166945371,0.6,0.6,0.6356575616617275,7,0.7234211737339373,189.1867746209316,160.43607517069813,28.664316187712757,0.08638326252070563,0.0,0
20.988,0.16791511582767416,0.1628637576504114,1.1350626029708926,1e-12,1e-12,1e-12,0.22,0.7815205166945371,0.6,0.6,0.6146425314812916,7,0.7234211737339373,189.1867746209316,160.43607517069813,28.664316187712757,0.08638326252070563,0.0,0
21.088,0.1764123825751308,0.18315045679729414,1.2132146546347788,1e-12,1e-12,1e-12,0.22,0.7815205166945371,0.6,0.6,0.5942979146051094,7,0.7234211737339373,189.1867746209316,160.43607517069813,28.664316187712757,0.08638326252070563,0.0,0
21.188,0.18329987923092006,0.20403863752879514,1.2913667062972034,1e-12,1e-12,1e-12,0.22,0.7815205166945371,0.6,0.6,0.5748255311127183,7,0.7234211737339373,189.1867746209316,160.43607517069813,28.664316187712757,0.08638326252070563,0.0,0
21.288,0.18869616665326894,0.2253638481247291,1.317854663009376,1e-12,1e-12,1e-12,0.22,-1.0,0.6,0.6,0.5563479932718609,7,0.6181825968523689,133.67075090913727,104.7939942937915,28.664316187712757,0.21244042763299648,0.0,0
21.388,0.19525667477054942,0.2463532867617636,1.2178546630233604,1e-12,1e-12,1e-12,0.22,-1.0,0.6,0.6,0.5374785178051307,7,0.6181825968523689,133.67075090913727,104.7939942937915,28.664316187712757,0.21244042763299648,0.0,0
21.488,0.20387985504595096,0.2665829076921634,1.1178546630341666,1e-12,1e-12,1e-12,0.22,-1.0,0.6,0.6,0.5177626161489735,7,0.6181825968523689,133.67075090913727,104.7939942937915,28.664316187712757,0.21244042763299648,0.0,0
21.588,0.21447954751263953,0.28585058323077384,1.0178546630457184,1e-12,1e-12,1e-12,0.22,-1.0,0.6,0.6,0.4973086318801475,7,0.524595602192499,98.37722000438022,69.38459252724823,28.664316187712757,0.3283112894192263,0.0,0
21.688,0.22694984354719439,0.3039637971322532,0.9178546630441641,1e-12,1e-12,1e-12,0.22,-1.0,0.6,0.6,0.4762392808639544,7,0.524595602192499,98.37722000438022,69.38459252724823,28.664316187712757,0.3283112894192263,0.0,0
21.788,0.241166144074065,0.3207415681510507,0.81785466304465,1e-12,1e-12,1e-12,0.22,-1.0,0.6,0.6,0.4546944115748608,7,0.524595602192499,98.37722000438022,69.38459252724823,28.664316187712757,0.3283112894192263,0.0,0
21.888,0.25698640451764665,0.3360162583451817,0.7178546630471623,1e-12,1e-12,1e-12,0.22,-1.0,0.6,0.6,0.4328345440740715,7,0.524595602192499,98.37722000438022,69.38459252724823,28.664316187712757,0.3283112894192263,0.0,0
21.988,0.2742525540650562,0.3496352480594165,0.6178546630516809,1e-12,1e-12,1e-12,0.22,-1.0,0.6,0.6,0.4108453572177846,7,0.524595602192499,98.37722000438022,69.38459252724823,28.664316187712757,0.3283112894192263,0.0,0
22.088,0.29279207505744764,0.36146246085041955,0.5178546630581479,1e-12,1e-12,1e-12,0.22,-1.0,0.6,0.6,0.38894326929649586,7,0.524595602192499,98.37722000438022,69.38459252724823,28.664316187712757,0.3283112894192263,0.0,0
22.188,0.31241972672943086,0.37137972311759293,0.41785466306649427,1e-12,1e-12,1e-12,0.22,-1.0,0.6,0.6,0.36738215059548507,7,0.524595602192499,98.37722000438022,69.38459252724823,28.664316187712757,0.3283112894192263,0.0,0
22.288,0.332792200652812,0.37967917272351426,0.3678611290414426,1e-12,1e-12,1e-12,0.22,-0.3420201845222618,0.6,0.6,0.3463253888523943,7,0.41233034210058694,62.85692030500251,34.15507429762742,28.664316187712757,0.03752981966232872,0.0,0
22.388,0.35345165321778305,0.3872382626459957,0.333659110599811,1e-12,1e-12,1e-12,0.22,-0.3420201845222618,0.6,0.6,0.3256587849006051,7,0.41233034210058694,62.85692030500251,34.15507429762742,28.664316187712757,0.03752981966232872,0.0,0
22.488,0.37435750920430977,0.39408647454487233,0.29945709215866395,1e-12,1e-12,1e-12,0.22,-0.3420201845222618,0.6,0.6,0.3054748985069684,7,0.41233034210058694,62.85692030500251,34.15507429762742,28.664316187712757,0.03752981966232872,0.0,0
22.588,0.39548531578445467,0.4002157983129694,0.26525507371803314,1e-12,1e-12,1e-12,0.22,-0.3420201845222618,0.6,0.6,0.2859020519400103,7,0.41233034210058694,62.85692030500251,34.15507429762742,28.664316187712757,0.03752981966232872,0.0,0
22.688,0.41681036052265796,0.4056190647007062,0.2310530552778619,1e-12,1e-12,1e-12,0.22,-0.3420201845222618,0.6,0.6,0.267099966341568,7,0.41233034210058694,62.85692030500251,34.15507429762742,28.664316187712757,0.03752981966232872,0.0,0
22.788,0.4382068971277978,0.4107249286230753,0.2706621469520593,1e-12,1e-12,1e-12,0.22,1.0,0.6,0.6,0.24900213007473435,7,0.31367949278698426,43.5834970778819,14.615335065497913,28.664316187712757,0.3038458246712251,0.0,0
22.888,0.45907679105694965,0.4176563302450248,0.3706621469374031,1e-12,1e-12,1e-12,0.22,1.0,0.6,0.6,0.23045295554303066,7,0.31367949278698426,43.5834970778819,14.615335065497913,28.664316187712757,0.3038458246712251,0.0,0
22.988,0.479150436939226,0.4266366165457852,0.47066214692902664,1e-12,1e-12,1e-12,0.22,1.0,0.6,0.6,0.21132789596897306,7,0.31367949278698426,43.5834970778819,14.615335065497913,28.664316187712757,0.3038458246712251,0.0,0
23.088,0.49822726554065555,0.4375760594732502,0.5706621469186408,1e-12,1e-12,1e-12,0.22,1.0,0.6,0.6,0.19167479212345423,7,0.24350666470616467,35.70367717700357,6.689873358869139,28.664316187712757,0.34948763042167896,0.0,0
23.188,0.5161166674957168,0.4503653557296833,0.670662146912711,1e-12,1e-12,1e-12,0.22,1.0,0.6,0.6,0.17154282333554016,7,0.24350666470616467,35.70367717700357,6.689873358869139,28.664316187712757,0.34948763042167896,0.0,0
23.288,0.5326398978132739,0.4648767188945456,0.7706621469162236,1e-12,1e-12,1e-12,0.22,1.0,0.6,0.6,0.15098239785918693,7,0.24350666470616467,35.70367717700357,6.689873358869139,28.664316187712757,0.34948763042167896,0.0,0
23.388,0.5476318618380965,0.48096515622412495,0.8706621469177116,1e-12,1e-12,1e-12,0.22,1.0,0.6,0.6,0.13004505345183714,7,0.24350666470616467,35.70367717700357,6.689873358869139,28.664316187712757,0.34948763042167896,0.0,0
23.488,0.5609427648213713,0.4984699173707282,0.9706621469171819,1e-12,1e-12,1e-12,0.22,1.0,0.6,0.6,0.10878338705200102,7,0.24350666470616467,35.70367717700357,6.689873358869139,28.664316187712757,0.34948763042167896,0.0,0
23.588,0.5724396086205285,0.5172161005472714,1.0706621469146336,1e-12,1e-12,1e-12,0.22,1.0,0.6,0.6,0.08725106980197504,7,0.24350666470616467,35.70367717700357,6.689873358869139,28.664316187712757,0.34948763042167896,0.0,0
23.688,0.5820075205727252,0.5370164000881182,1.1706621469100946,1e-12,1e-12,1e-12,0.22,1.0,0.6,0.6,0.06550315392254709,7,0.24350666470616467,35.70367717700357,6.689873358869139,28.664316187712757,0.34948763042167896,0.0,0
23.788,0.5895509012645109,0.5576729779453807,1.2706621469036117,1e-12,1e-12,1e-12,0.22,1.0,0.6,0.6,0.043597711641738986,7,0.13098434535094464,29.549232725220214,0.7617794057371865,28.664316187712757,0.12313713177027152,0.0,0
23.888,0.5949943797295666,0.5789794404212915,1.370662146895251,1e-12,1e-12,1e-12,0.22,1.0,0.6,0.6,0.021608335412377513,7,0.13098434535094464,29.549232725220214,0.7617794057371865,28.664316187712757,0.12313713177027152,0.0,0
23.988,0.5982835665304834,0.6007229003858138,1.470662146885104,1e-12,1e-12,1e-12,0.22,1.0,0.6,0.6,0.001862452368004715,7,0.13098434535094464,29.549232725220214,0.7617794057371865,28.664316187712757,0.12313713177027152,0.0,0
24.088,0.5993855972000358,0.6226861043744624,1.5706621468732669,1e-12,1e-12,1e-12,0.22,1.0,0.6,0.6,0.022694422717698844,7,0.13098434535094464,29.549232725220214,0.7617794057371865,28.664316187712757,0.12313713177027152,0.0,0
24.188,0.5982894606120809,0.6446496033131136,1.6706621468598608,1e-12,1e-12,1e-12,0.0,-0.0006598321405549762,0.6,0.6,0.0446823569321945,7,0.001862452368004715,28.668400192744862,0.004083262111121755,28.664316187712757,7.429209807199349e-07,0.0,0
24.288,0.5981999736995153,0.6455250409575676,1.6745988029825747,1e-12,1e-12,1e-12,0.0,-0.0006598321405549762,0.6,0.6,0.04556061291149016,7,0.001862452368004715,28.668400192744862,0.004083262111121755,28.664316187712757,7.429209807199349e-07,0.0,0
24.388,0.5981999736994709,0.6455250409579795,1.6745328197679443,1e-12,1e-12,1e-12,0.0,-0.0006598321405549762,0.6,0.6,0.045560612911903484,7,0.001862452368004715,28.668400192744862,0.004083262111121755,28.664316187712757,7.429209807199349e-07,0.0,0
24.488,0.5981999736994265,0.6455250409583905,1.6744668365533206,1e-12,1e-12,1e-12,0.0,-0.0006598321405549762,0.6,0.6,0.045560612912315925,7,0.001862452368004715,28.668400192744862,0.004083262111121755,28.664316187712757,7.429209807199349e-07,0.0,0
24.588,0.5981999736993909,0.6455250409587089,1.6744008533387622,1e-12,1e-12,1e-12,0.0,-0.0006598321405549762,0.6,0.6,0.04556061291263549,7,0.001862452368004715,28.668400192744862,0.004083262111121755,28.664316187712757,7.429209807199349e-07,0.0,0
24.688,0.5981999736993465,0.6455250409591088,1.6743348701489718,1e-12,1e-12,1e-12,0.0,-0.0006598313869309646,0.6,0.6,0.045560612913036834,7,0.045560612912315925,30.46243579079384,1.7981188601618014,28.664316187712757,7.429192836739162e-07,0.0,0
24.788,0.5981999736993179,0.6455250409593453,1.674268887016851,1e-12,1e-12,1e-12,0.0,-0.0006598313869309646,0.6,0.6,0.04556061291327426,7,0.045560612912315925,30.46243579079384,1.7981188601618014,28.664316187712757,7.429192836739162e-07,0.0,0
24.888,0.5981999736993179,0.6455250409592698,1.674202903901946,1e-12,1e-12,1e-12,0.0,-0.0006598313869309646,0.6,0.6,0.04556061291319882,7,0.045560612912315925,30.46243579079384,1.7981188601618014,28.664316187712757,7.429192836739162e-07,0.0,0
24.988,0.5981999736993179,0.6455250409591943,1.6741369207870407,1e-12,1e-12,1e-12,0.0,-0.0006598313869309646,0.6,0.6,0.04556061291312339,7,0.045560612912315925,30.46243579079384,1.7981188601618014,28.664316187712757,7.429192836739162e-07,0.0,0
25.088,0.5981999736993179,0.6455250409591192,1.6740709376721352,1e-12,1e-12,1e-12,0.0,-0.0006598313869309646,0.6,0.6,0.045560612913048394,7,0.045560612912315925,30.46243579079384,1.7981188601618014,28.664316187712757,7.429192836739162e-07,0.0,0
25.188,0.5981999736993179,0.6455250409590406,1.6740049545791176,1e-12,1e-12,1e-12,0.0,-0.0006598306333076957,0.6,0.6,0.04556061291296985,7,0.04556061291312339,30.462435790858866,1.798118860228525,28.664316187712757,7.429175866315203e-07,0.0,0
25.288,0.5981999736993179,0.6455250409589534,1.6739389715396822,1e-12,1e-12,1e-12,0.0,-0.0006598306333076957,0.6,0.6,0.04556061291288266,7,0.04556061291312339,30.462435790858866,1.798118860228525,28.664316187712757,7.429175866315203e-07,0.0,0
25.388,0.5981999736993179,0.6455250409588661,1.6738729885002492,1e-12,1e-12,1e-12,0.0,-0.0006598306333076957,0.6,0.6,0.045560612912795465,7,0.04556061291312339,30.462435790858866,1.798118860228525,28.664316187712757,7.429175866315203e-07,0.0,0
25.488,0.5981999736993179,0.6455250409587793,1.6738070054608132,1e-12,1e-12,1e-12,0.0,-0.0006598306333076957,0.6,0.6,0.04556061291270871,7,0.04556061291312339,30.462435790858866,1.798118860228525,28.664316187712757,7.429175866315203e-07,0.0,0
25.588,0.5981999736993179,0.645525040958692,1.6737410224213796,1e-12,1e-12,1e-12,0.0,-0.0006598306333076957,0.6,0.6,0.04556061291262151,7,0.04556061291312339,30.462435790858866,1.798118860228525,28.664316187712757,7.429175866315203e-07,0.0,0
25.688,0.5981999736993181,0.6455250409586045,1.6736750394015305,1e-12,1e-12,1e-12,0.0,-0.0006598298796853042,0.6,0.6,0.04556061291253409,7,0.04556061291270871,30.462435790825293,1.7981188601966447,28.664316187712757,7.429158895928743e-07,0.0,0
25.788,0.598199973699319,0.6455250409585148,1.6736090564374262,1e-12,1e-12,1e-12,0.0,-0.0006598298796853042,0.6,0.6,0.04556061291244442,7,0.04556061291270871,30.462435790825293,1.7981188601966447,28.664316187712757,7.429158895928743e-07,0.0,0
25.888,0.5981999736993201,0.6455250409584249,1.6735430734733192,1e-12,1e-12,1e-12,0.0,-0.0006598298796853042,0.6,0.6,0.04556061291235452,7,0.04556061291270871,30.462435790825293,1.7981188601966447,28.664316187712757,7.429158895928743e-07,0.0,0
25.988,0.598199973699321,0.6455250409583352,1.673477090509215,1e-12,1e-12,1e-12,0.0,-0.0006598298796853042,0.6,0.6,0.04556061291226485,7,0.04556061291270871,30.462435790825293,1.7981188601966447,28.664316187712757,7.429158895928743e-07,0.0,0
26.088,0.5981999736993219,0.6455250409582455,1.673411107545109,1e-12,1e-12,1e-12,0.0,-0.0006598298796853042,0.6,0.6,0.045560612912175176,7,0.04556061291270871,30.462435790825293,1.7981188601966447,28.664316187712757,7.429158895928743e-07,0.0,0
26.188,0.5981999736993225,0.645525040958156,1.6733451245810045,1e-12,1e-12,1e-12,0.0,-0.0006598291260638866,0.6,0.6,0.045560612912085734,7,0.04556061291226485,30.46243579078948,1.798118860162532,28.664316187712757,7.429141925585473e-07,0.0,0
26.288,0.5981999736993228,0.6455250409580676,1.6732791416786703,1e-12,1e-12,1e-12,0.0,-0.0006598291260638866,0.6,0.6,0.04556061291199742,7,0.04556061291226485,30.46243579078948,1.798118860162532,28.664316187712757,7.429141925585473e-07,0.0,0
26.388,0.5981999736993228,0.6455250409579799,1.6732131587898955,1e-12,1e-12,1e-12,0.0,-0.0006598291260638866,0.6,0.6,0.045560612911909784,7,0.04556061291226485,30.46243579078948,1.798118860162532,28.664316187712757,7.429141925585473e-07,0.0,0
26.488,0.5981999736993228,0.6455250409578922,1.673147175901119,1e-12,1e-12,1e-12,0.0,-0.0006598291260638866,0.6,0.6,0.04556061291182214,7,0.04556061291226485,30.46243579078948,1.798118860162532,28.664316187712757,7.429141925585473e-07,0.0,0
26.588,0.5981999736993228,0.6455250409578045,1.673081193012344,1e-12,1e-12,1e-12,0.0,-0.0006598291260638866,0.6,0.6,0.0455606129117345,7,0.04556061291226485,30.46243579078948,1.798118860162532,28.664316187712757,7.429141925585473e-07,0.0,0
26.688,0.5981999736993228,0.6455250409577186,1.6730152101371543,1e-12,1e-12,1e-12,0.0,-0.000659828372443096,0.6,0.6,0.04556061291164864,7,0.04556061291182214,30.46243579075352,1.7981188601282687,28.664316187712757,7.429124955274086e-07,0.0,0
26.788,0.5981999736993228,0.6455250409576428,1.6729492273238524,1e-12,1e-12,1e-12,0.0,-0.000659828372443096,0.6,0.6,0.04556061291157298,7,0.04556061291182214,30.46243579075352,1.7981188601282687,28.664316187712757,7.429124955274086e-07,0.0,0
26.888,0.5981999736993228,0.6455250409575669,1.6728832445105506,1e-12,1e-12,1e-12,0.0,-0.000659828372443096,0.6,0.6,0.0455606129114971,7,0.04556061291182214,30.46243579075352,1.7981188601282687,28.664316187712757,7.429124955274086e-07,0.0,0
26.988,0.5981999736993228,0.6455250409574912,1.6728172616972485,1e-12,1e-12,1e-12,0.0,-0.000659828372443096,0.6,0.6,0.045560612911421446,7,0.04556061291182214,30.46243579075352,1.7981188601282687,28.664316187712757,7.429124955274086e-07,0.0,0
27.088,0.5981999736993228,0.6455250409574153,1.6727512788839474,1e-12,1e-12,1e-12,0.0,-0.000659828372443096,0.6,0.6,0.04556061291134556,7,0.04556061291182214,30.46243579075352,1.7981188601282687,28.664316187712757,7.429124955274086e-07,0.0,0
27.188,0.5981999736993228,0.6455250409573391,1.672685296093507,1e-12,1e-12,1e-12,0.0,-0.0006598276099222309,0.6,0.6,0.04556061291126946,7,0.045560612911421446,30.462435790721088,1.798118860097552,28.664316187712757,7.429107784567361e-07,0.0,0
27.288,0.5981999736993228,0.6455250409572625,1.6726193133564071,1e-12,1e-12,1e-12,0.0,-0.0006598276099222309,0.6,0.6,0.04556061291119291,7,0.045560612911421446,30.462435790721088,1.798118860097552,28.664316187712757,7.429107784567361e-07,0.0,0
27.388,0.5981999736993228,0.6455250409571859,1.6725533306193086,1e-12,1e-12,1e-12,0.0,-0.0006598276099222309,0.6,0.6,0.04556061291111637,7,0.045560612911421446,30.462435790721088,1.798118860097552,28.664316187712757,7.429107784567361e-07,0.0,0
27.488,0.5981999736993228,0.6455250409571095,1.6724873478822098,1e-12,1e-12,1e-12,0.0,-0.0006598276099222309,0.6,0.6,0.04556061291104005,7,0.045560612911421446,30.462435790721088,1.798118860097552,28.664316187712757,7.429107784567361e-07,0.0,0
27.588,0.5981999736993228,0.6455250409570331,1.672421365145111,1e-12,1e-12,1e-12,0.0,-0.0006598276099222309,0.6,0.6,0.04556061291096372,7,0.045560612911421446,30.462435790721088,1.798118860097552,28.664316187712757,7.429107784567361e-07,0.0,0
27.688,0.5981999736993228,0.6455250409569563,1.672355382411779,1e-12,1e-12,1e-12,0.0,-0.000659826856303288,0.6,0.6,0.045560612910886956,7,0.04556061291104005,30.462435790690044,1.7981188600682059,28.664316187712757,7.429090814336802e-07,0.0,0
27.788,0.5981999736993228,0.6455250409568803,1.6722893997500108,1e-12,1e-12,1e-12,0.0,-0.000659826856303288,0.6,0.6,0.04556061291081107,7,0.04556061291104005,30.462435790690044,1.7981188600682059,28.664316187712757,7.429090814336802e-07,0.0,0
27.888,0.5981999736993228,0.6455250409568044,1.672223417088242,1e-12,1e-12,1e-12,0.0,-0.000659826856303288,0.6,0.6,0.045560612910735196,7,0.04556061291104005,30.462435790690044,1.7981188600682059,28.664316187712757,7.429090814336802e-07,0.0,0
27.988,0.5981999736993228,0.6455250409567287,1.672157434426473,1e-12,1e-12,1e-12,0.0,-0.000659826856303288,0.6,0.6,0.045560612910659534,7,0.04556061291104005,30.462435790690044,1.7981188600682059,28.664316187712757,7.429090814336802e-07,0.0,0
28.088,0.5981999736993228,0.6455250409566523,1.6720914517647067,1e-12,1e-12,1e-12,0.0,-0.000659826856303288,0.6,0.6,0.04556061291058321,7,0.04556061291104005,30.462435790690044,1.7981188600682059,28.664316187712757,7.429090814336802e-07,0.0,0
28.188,0.5981999736993228,0.6455250409565766,1.6720254691232723,1e-12,1e-12,1e-12,0.0,-0.0006598261026854734,0.6,0.6,0.04556061291050755,7,0.045560612910659534,30.462435790659157,1.7981188600390152,28.664316187712757,7.429073844151125e-07,0.0,0
28.288,0.5981999736993228,0.6455250409565015,1.6719594865368228,1e-12,1e-12,1e-12,0.0,-0.0006598261026854734,0.6,0.6,0.04556061291043256,7,0.045560612910659534,30.462435790659157,1.7981188600390152,28.664316187712757,7.429073844151125e-07,0.0,0
28.388,0.5981999736993228,0.6455250409564269,1.671893503950374,1e-12,1e-12,1e-12,0.0,-0.0006598261026854734,0.6,0.6,0.04556061291035801,7,0.045560612910659534,30.462435790659157,1.7981188600390152,28.664316187712757,7.429073844151125e-07,0.0,0
28.488,0.5981999736993228,0.6455250409563521,1.6718275213639244,1e-12,1e-12,1e-12,0.0,-0.0006598261026854734,0.6,0.6,0.045560612910283245,7,0.045560612910659534,30.462435790659157,1.7981188600390152,28.664316187712757,7.429073844151125e-07,0.0,0
28.588,0.5981999736993228,0.6455250409562775,1.6717615387774736,1e-12,1e-12,1e-12,0.0,-0.0006598261026854734,0.6,0.6,0.045560612910208693,7,0.045560612910659534,30.462435790659157,1.7981188600390152,28.664316187712757,7.429073844151125e-07,0.0,0
28.688,0.5981999736993228,0.6455250409562009,1.6716955562211546,1e-12,1e-12,1e-12,0.0,-0.0006598253490684012,0.6,0.6,0.04556061291013215,7,0.045560612910283245,30.462435790628465,1.7981188600100206,28.664316187712757,7.429056874001685e-07,0.0,0
28.788,0.5981999736993228,0.6455250409561223,1.6716295737100335,1e-12,1e-12,1e-12,0.0,-0.0006598253490684012,0.6,0.6,0.04556061291005361,7,0.045560612910283245,30.462435790628465,1.7981188600100206,28.664316187712757,7.429056874001685e-07,0.0,0
28.888,0.5981999736993228,0.6455250409560439,1.6715635911989122,1e-12,1e-12,1e-12,0.0,-0.0006598253490684012,0.6,0.6,0.04556061290997528,7,0.045560612910283245,30.462435790628465,1.7981188600100206,28.664316187712757,7.429056874001685e-07,0.0,0
28.988,0.5981999736993228,0.6455250409559653,1.6714976086877904,1e-12,1e-12,1e-12,0.0,-0.0006598253490684012,0.6,0.6,0.04556061290989674,7,0.045560612910283245,30.462435790628465,1.7981188600100206,28.664316187712757,7.429056874001685e-07,0.0,0
29.088,0.5981999736993228,0.6455250409558867,1.6714316261766675,1e-12,1e-12,1e-12,0.0,-0.0006598253490684012,0.6,0.6,0.0455606129098182,7,0.045560612910283245,30.462435790628465,1.7981188600100206,28.664316187712757,7.429056874001685e-07,0.0,0
29.188,0.5981999736993228,0.6455250409558085,1.6713656436678066,1e-12,1e-12,1e-12,0.0,-0.0006598245954520202,0.6,0.6,0.0455606129097401,7,0.04556061290989674,30.462435790597322,1.7981188599805744,28.664316187712757,7.429039903887297e-07,0.0,0
29.288,0.5981999736993228,0.6455250409557339,1.6712996612320141,1e-12,1e-12,1e-12,0.0,-0.0006598245954520202,0.6,0.6,0.04556061290966555,7,0.04556061290989674,30.462435790597322,1.7981188599805744,28.664316187712757,7.429039903887297e-07,0.0,0
29.388,0.5981999736993228,0.6455250409556591,1.6712336787962205,1e-12,1e-12,1e-12,0.0,-0.0006598245954520202,0.6,0.6,0.045560612909590785,7,0.04556061290989674,30.462435790597322,1.7981188599805744,28.664316187712757,7.429039903887297e-07,0.0,0
29.488,0.5981999736993228,0.6455250409555843,1.6711676963604278,1e-12,1e-12,1e-12,0.0,-0.0006598245954520202,0.6,0.6,0.04556061290951601,7,0.04556061290989674,30.462435790597322,1.7981188599805744,28.664316187712757,7.429039903887297e-07,0.0,0
29.588,0.5981999736993228,0.6455250409555094,1.671101713924633,1e-12,1e-12,1e-12,0.0,-0.0006598245954520202,0.6,0.6,0.045560612909441245,7,0.04556061290989674,30.462435790597322,1.7981188599805744,28.664316187712757,7.429039903887297e-07,0.0,0
29.688,0.5981999736993228,0.6455250409554322,1.6710357315031812,1e-12,1e-12,1e-12,0.0,-0.0006598238418367737,0.6,0.6,0.04556061290936403,7,0.04556061290951601,30.46243579056613,1.7981188599510773,28.664316187712757,7.42902293381795e-07,0.0,0
29.788,0.5981999736993228,0.645525040955344,1.6709697491428646,1e-12,1e-12,1e-12,0.0,-0.0006598238418367737,0.6,0.6,0.04556061290927595,7,0.04556061290951601,30.46243579056613,1.7981188599510773,28.664316187712757,7.42902293381795e-07,0.0,0
29.888,0.5981999736993228,0.6455250409552559,1.6709037667825497,1e-12,1e-12,1e-12,0.0,-0.0006598238418367737,0.6,0.6,0.045560612909187864,7,0.04556061290951601,30.46243579056613,1.7981188599510773,28.664316187712757,7.42902293381795e-07,0.0,0
29.988,0.5981999736993228,0.6455250409551679,1.670837784422234,1e-12,1e-12,1e-12,0.0,-0.0006598238418367737,0.6,0.6,0.045560612909100004,7,0.04556061290951601,30.46243579056613,1.7981188599510773,28.664316187712757,7.42902293381795e-07,0.0,0
30.088,0.5981999736993228,0.6455250409550798,1.670771802061917,1e-12,1e-12,1e-12,0.0,-0.0006598238418367737,0.6,0.6,0.04556061290901192,7,0.04556061290951601,30.46243579056613,1.7981188599510773,28.664316187712757,7.42902293381795e-07,0.0,0
30.188,0.5981999736993228,0.6455250409549916,1.6707058197016005,1e-12,1e-12,1e-12,0.0,-0.0006598230882223182,0.6,0.6,0.04556061290892384,7,0.045560612909100004,30.46243579053255,1.7981188599191948,28.664316187712757,7.429005963785912e-07,0.0,0
30.288,0.5981999736993228,0.6455250409549126,1.670639837415202,1e-12,1e-12,1e-12,0.0,-0.0006598230882223182,0.6,0.6,0.045560612908844854,7,0.045560612909100004,30.46243579053255,1.7981188599191948,28.664316187712757,7.429005963785912e-07,0.0,0
30.388,0.5981999736993228,0.6455250409548349,1.6705738551303386,1e-12,1e-12,1e-12,0.0,-0.0006598230882223182,0.6,0.6,0.045560612908767194,7,0.045560612909100004,30.46243579053255,1.7981188599191948,28.664316187712757,7.429005963785912e-07,0.0,0
30.488,0.5981999736993228,0.6455250409547583,1.670507872845494,1e-12,1e-12,1e-12,0.0,-0.0006598230882223182,0.6,0.6,0.04556061290869065,7,0.045560612909100004,30.46243579053255,1.7981188599191948,28.664316187712757,7.429005963785912e-07,0.0,0
30.588,0.5981999736993228,0.6455250409546819,1.6704418905606526,1e-12,1e-12,1e-12,0.0,-0.0006598230882223182,0.6,0.6,0.04556061290861433,7,0.045560612909100004,30.46243579053255,1.7981188599191948,28.664316187712757,7.429005963785912e-07,0.0,0
30.688,0.5981999736993228,0.6455250409546055,1.6703759082864786,1e-12,1e-12,1e-12,0.0,-0.0006598223257078461,0.6,0.6,0.045560612908538,7,0.04556061290869065,30.46243579049946,1.7981188598878222,28.664316187712757,7.428988793361467e-07,0.0,0
30.788,0.5981999736993228,0.6455250409545291,1.6703099260778382,1e-12,1e-12,1e-12,0.0,-0.0006598223257078461,0.6,0.6,0.04556061290846168,7,0.04556061290869065,30.46243579049946,1.7981188598878222,28.664316187712757,7.428988793361467e-07,0.0,0
30.888,0.5981999736993228,0.6455250409544527,1.6702439438691952,1e-12,1e-12,1e-12,0.0,-0.0006598223257078461,0.6,0.6,0.04556061290838535,7,0.04556061290869065,30.46243579049946,1.7981188598878222,28.664316187712757,7.428988793361467e-07,0.0,0
30.988,0.5981999736993228,0.6455250409543766,1.6701779616605548,1e-12,1e-12,1e-12,0.0,-0.0006598223257078461,0.6,0.6,0.045560612908309255,7,0.04556061290869065,30.46243579049946,1.7981188598878222,28.664316187712757,7.428988793361467e-07,0.0,0
31.088,0.5981999736993228,0.6455250409543002,1.6701119794519144,1e-12,1e-12,1e-12,0.0,-0.0006598223257078461,0.6,0.6,0.045560612908232934,7,0.04556061290869065,30.46243579049946,1.7981188598878222,28.664316187712757,7.428988793361467e-07,0.0,0
31.188,0.5981999736993228,0.6455250409542234,1.6700459972545725,1e-12,1e-12,1e-12,0.0,-0.0006598215720952671,0.6,0.6,0.04556061290815616,7,0.045560612908309255,30.462435790468415,1.7981188598584774,28.664316187712757,7.428971823410918e-07,0.0,0
31.288,0.5981999736993228,0.6455250409541472,1.6699800151212612,1e-12,1e-12,1e-12,0.0,-0.0006598215720952671,0.6,0.6,0.04556061290808006,7,0.045560612908309255,30.462435790468415,1.7981188598584774,28.664316187712757,7.428971823410918e-07,0.0,0
31.388,0.5981999736993228,0.6455250409540708,1.6699140329879503,1e-12,1e-12,1e-12,0.0,-0.0006598215720952671,0.6,0.6,0.045560612908003735,7,0.045560612908309255,30.462435790468415,1.7981188598584774,28.664316187712757,7.428971823410918e-07,0.0,0
31.488,0.5981999736993228,0.6455250409539938,1.6698480508546394,1e-12,1e-12,1e-12,0.0,-0.0006598215720952671,0.6,0.6,0.04556061290792675,7,0.045560612908309255,30.462435790468415,1.7981188598584774,28.664316187712757,7.428971823410918e-07,0.0,0
31.588,0.5981999736993228,0.6455250409539169,1.6697820687213294,1e-12,1e-12,1e-12,0.0,-0.0006598215720952671,0.6,0.6,0.04556061290784998,7,0.045560612908309255,30.462435790468415,1.7981188598584774,28.664316187712757,7.428971823410918e-07,0.0,0
31.688,0.5981999736993228,0.6455250409538417,1.669716086621156,1e-12,1e-12,1e-12,0.0,-0.0006598208184834555,0.6,0.6,0.045560612907774765,7,0.04556061290792675,30.46243579043742,1.798118859829179,28.664316187712757,7.42895485349715e-07,0.0,0
31.788,0.5981999736993228,0.6455250409537668,1.6696501045631607,1e-12,1e-12,1e-12,0.0,-0.0006598208184834555,0.6,0.6,0.0455606129077,7,0.04556061290792675,30.46243579043742,1.798118859829179,28.664316187712757,7.42895485349715e-07,0.0,0
31.888,0.5981999736993228,0.6455250409536922,1.6695841225051653,1e-12,1e-12,1e-12,0.0,-0.0006598208184834555,0.6,0.6,0.04556061290762545,7,0.04556061290792675,30.46243579043742,1.798118859829179,28.664316187712757,7.42895485349715e-07,0.0,0
31.988,0.5981999736993228,0.6455250409536174,1.6695181404471697,1e-12,1e-12,1e-12,0.0,-0.0006598208184834555,0.6,0.6,0.045560612907550674,7,0.04556061290792675,30.46243579043742,1.798118859829179,28.664316187712757,7.42895485349715e-07,0.0,0
32.088,0.5981999736993228,0.6455250409535424,1.6694521583891755,1e-12,1e-12,1e-12,0.0,-0.0006598208184834555,0.6,0.6,0.045560612907475685,7,0.04556061290792675,30.46243579043742,1.798118859829179,28.664316187712757,7.42895485349715e-07,0.0,0
32.188,0.5981999736993228,0.6455250409534673,1.6693861763447397,1e-12,1e-12,1e-12,0.0,-0.0006598200648724919,0.6,0.6,0.04556061290740069,7,0.045560612907550674,30.462435790406836,1.7981188598002904,28.664316187712757,7.428937883620227e-07,0.0,0
32.288,0.5981999736993228,0.6455250409533898,1.6693201943620766,1e-12,1e-12,1e-12,0.0,-0.0006598200648724919,0.6,0.6,0.04556061290732326,7,0.045560612907550674,30.462435790406836,1.7981188598002904,28.664316187712757,7.428937883620227e-07,0.0,0
32.388,0.5981999736993228,0.6455250409533123,1.6692542123794132,1e-12,1e-12,1e-12,0.0,-0.0006598200648724919,0.6,0.6,0.04556061290724583,7,0.045560612907550674,30.462435790406836,1.7981188598002904,28.664316187712757,7.428937883620227e-07,0.0,0
32.488,0.5981999736993228,0.6455250409532348,1.6691882303967485,1e-12,1e-12,1e-12,0.0,-0.0006598200648724919,0.6,0.6,0.04556061290716839,7,0.045560612907550674,30.462435790406836,1.7981188598002904,28.664316187712757,7.428937883620227e-07,0.0,0
32.588,0.5981999736993228,0.6455250409531571,1.6691222484140849,1e-12,1e-12,1e-12,0.0,-0.0006598200648724919,0.6,0.6,0.045560612907090736,7,0.045560612907550674,30.462435790406836,1.7981188598002904,28.664316187712757,7.428937883620227e-07,0.0,0
32.688,0.5981999736993228,0.64552504095308,1.6690562664314204,1e-12,1e-12,1e-12,0.0,-0.0006598193112622384,0.6,0.6,0.04556061290701375,7,0.04556061290716839,30.462435790375842,1.798118859770995,28.664316187712757,7.428920913778792e-07,0.0,0
32.788,0.5981999736993228,0.6455250409530052,1.6689902845135385,1e-12,1e-12,1e-12,0.0,-0.0006598193112622384,0.6,0.6,0.045560612906938976,7,0.04556061290716839,30.462435790375842,1.798118859770995,28.664316187712757,7.428920913778792e-07,0.0,0
32.888,0.5981999736993228,0.6455250409529308,1.668924302606203,1e-12,1e-12,1e-12,0.0,-0.0006598193112622384,0.6,0.6,0.04556061290686465,7,0.04556061290716839,30.462435790375842,1.798118859770995,28.664316187712757,7.428920913778792e-07,0.0,0
32.988,0.5981999736993228,0.645525040952856,1.6688583206988645,1e-12,1e-12,1e-12,0.0,-0.0006598193112622384,0.6,0.6,0.04556061290678988,7,0.04556061290716839,30.462435790375842,1.798118859770995,28.664316187712757,7.428920913778792e-07,0.0,0
33.088,0.5981999736993228,0.6455250409527812,1.668792338791528,1e-12,1e-12,1e-12,0.0,-0.0006598193112622384,0.6,0.6,0.04556061290671511,7,0.04556061290716839,30.462435790375842,1.798118859770995,28.664316187712757,7.428920913778792e-07,0.0,0
33.188,0.5981999736993228,0.6455250409527068,1.668726356901515,1e-12,1e-12,1e-12,0.0,-0.0006598185576531231,0.6,0.6,0.045560612906640784,7,0.04556061290678988,30.462435790344948,1.7981188597417992,28.664316187712757,7.428903943982479e-07,0.0,0
33.288,0.5981999736993228,0.6455250409526309,1.668660375069496,1e-12,1e-12,1e-12,0.0,-0.0006598185576531231,0.6,0.6,0.0455606129065649,7,0.04556061290678988,30.462435790344948,1.7981188597417992,28.664316187712757,7.428903943982479e-07,0.0,0
33.388,0.5981999736993228,0.6455250409525551,1.6685943932374787,1e-12,1e-12,1e-12,0.0,-0.0006598185576531231,0.6,0.6,0.045560612906489245,7,0.04556061290678988,30.462435790344948,1.7981188597417992,28.664316187712757,7.428903943982479e-07,0.0,0
33.488,0.5981999736993228,0.6455250409524796,1.668528411405462,1e-12,1e-12,1e-12,0.0,-0.0006598185576531231,0.6,0.6,0.045560612906413805,7,0.04556061290678988,30.462435790344948,1.7981188597417992,28.664316187712757,7.428903943982479e-07,0.0,0
33.588,0.5981999736993228,0.6455250409524039,1.6684624295734434,1e-12,1e-12,1e-12,0.0,-0.0006598185576531231,0.6,0.6,0.04556061290633815,7,0.04556061290678988,30.462435790344948,1.7981188597417992,28.664316187712757,7.428903943982479e-07,0.0,0
33.688,0.5981999736993228,0.6455250409523284,1.6683964477414246,1e-12,1e-12,1e-12,0.0,-0.0006598178040446836,0.6,0.6,0.04556061290626271,7,0.045560612906413805,30.46243579031416,1.7981188597127065,28.664316187712757,7.428886974222647e-07,0.0,0
33.788,0.5981999736993228,0.6455250409522512,1.6683304659809735,1e-12,1e-12,1e-12,0.0,-0.0006598178040446836,0.6,0.6,0.0455606129061855,7,0.045560612906413805,30.46243579031416,1.7981188597127065,28.664316187712757,7.428886974222647e-07,0.0,0
33.888,0.5981999736993228,0.6455250409521739,1.668264484224285,1e-12,1e-12,1e-12,0.0,-0.0006598178040446836,0.6,0.6,0.04556061290610829,7,0.045560612906413805,30.46243579031416,1.7981188597127065,28.664316187712757,7.428886974222647e-07,0.0,0
33.988,0.5981999736993228,0.6455250409520968,1.6681985024675992,1e-12,1e-12,1e-12,0.0,-0.0006598178040446836,0.6,0.6,0.045560612906031306,7,0.045560612906413805,30.46243579031416,1.7981188597127065,28.664316187712757,7.428886974222647e-07,0.0,0
34.088,0.5981999736993228,0.64552504095202,1.6681325207109126,1e-12,1e-12,1e-12,0.0,-0.0006598178040446836,0.6,0.6,0.045560612905954534,7,0.045560612906413805,30.46243579031416,1.7981188597127065,28.664316187712757,7.428886974222647e-07,0.0,0
34.188,0.5981999736993228,0.6455250409519436,1.6680665389693479,1e-12,1e-12,1e-12,0.0,-0.0006598170504374569,0.6,0.6,0.04556061290587821,7,0.045560612906031306,30.46243579028327,1.7981188596835134,28.664316187712757,7.428870004509616e-07,0.0,0
34.288,0.5981999736993228,0.6455250409518688,1.668000557288275,1e-12,1e-12,1e-12,0.0,-0.0006598170504374569,0.6,0.6,0.04556061290580344,7,0.045560612906031306,30.46243579028327,1.7981188596835134,28.664316187712757,7.428870004509616e-07,0.0,0
34.388,0.5981999736993228,0.6455250409517944,1.6679345756072037,1e-12,1e-12,1e-12,0.0,-0.0006598170504374569,0.6,0.6,0.04556061290572912,7,0.045560612906031306,30.46243579028327,1.7981188596835134,28.664316187712757,7.428870004509616e-07,0.0,0
34.488,0.5981999736993228,0.64552504095172,1.6678685939261324,1e-12,1e-12,1e-12,0.0,-0.0006598170504374569,0.6,0.6,0.04556061290565479,7,0.045560612906031306,30.46243579028327,1.7981188596835134,28.664316187712757,7.428870004509616e-07,0.0,0
34.588,0.5981999736993228,0.6455250409516452,1.6678026122450598,1e-12,1e-12,1e-12,0.0,-0.0006598170504374569,0.6,0.6,0.045560612905580014,7,0.045560612906031306,30.46243579028327,1.7981188596835134,28.664316187712757,7.428870004509616e-07,0.0,0
34.688,0.5981999736993228,0.6455250409515697,1.6677366305926147,1e-12,1e-12,1e-12,0.0,-0.0006598162968309016,0.6,0.6,0.04556061290550458,7,0.04556061290565479,30.46243579025263,1.7981188596545712,28.664316187712757,7.428853034831215e-07,0.0,0
34.788,0.5981999736993228,0.6455250409514922,1.6676706489868756,1e-12,1e-12,1e-12,0.0,-0.0006598162968309016,0.6,0.6,0.04556061290542715,7,0.04556061290565479,30.46243579025263,1.7981188596545712,28.664316187712757,7.428853034831215e-07,0.0,0
34.888,0.5981999736993228,0.6455250409514147,1.6676046673811358,1e-12,1e-12,1e-12,0.0,-0.0006598162968309016,0.6,0.6,0.04556061290534971,7,0.04556061290565479,30.46243579025263,1.7981188596545712,28.664316187712757,7.428853034831215e-07,0.0,0
34.988,0.5981999736993228,0.6455250409513377,1.6675386857753969,1e-12,1e-12,1e-12,0.0,-0.0006598162968309016,0.6,0.6,0.045560612905272725,7,0.04556061290565479,30.46243579025263,1.7981188596545712,28.664316187712757,7.428853034831215e-07,0.0,0
35.088,0.5981999736993228,0.6455250409512608,1.667472704169658,1e-12,1e-12,1e-12,0.0,-0.0006598162968309016,0.6,0.6,0.04556061290519596,7,0.04556061290565479,30.46243579025263,1.7981188596545712,28.664316187712757,7.428853034831215e-07,0.0,0
35.188,0.5981999736993228,0.6455250409511833,1.667406722563919,1e-12,1e-12,1e-12,0.0,-0.0006598155432251615,0.6,0.6,0.04556061290511852,7,0.045560612905272725,30.46243579022169,1.7981188596253264,28.664316187712757,7.428836065190669e-07,0.0,0
35.288,0.5981999736993228,0.6455250409511087,1.6673407410320076,1e-12,1e-12,1e-12,0.0,-0.0006598155432251615,0.6,0.6,0.04556061290504398,7,0.045560612905272725,30.46243579022169,1.7981188596253264,28.664316187712757,7.428836065190669e-07,0.0,0
35.388,0.5981999736993228,0.6455250409510341,1.6672747595016013,1e-12,1e-12,1e-12,0.0,-0.0006598155432251615,0.6,0.6,0.045560612904969426,7,0.045560612905272725,30.46243579022169,1.7981188596253264,28.664316187712757,7.428836065190669e-07,0.0,0
35.488,0.5981999736993228,0.6455250409509597,1.6672087779711955,1e-12,1e-12,1e-12,0.0,-0.0006598155432251615,0.6,0.6,0.0455606129048951,7,0.045560612905272725,30.46243579022169,1.7981188596253264,28.664316187712757,7.428836065190669e-07,0.0,0
35.588,0.5981999736993228,0.6455250409508854,1.6671427964407892,1e-12,1e-12,1e-12,0.0,-0.0006598155432251615,0.6,0.6,0.045560612904820774,7,0.045560612905272725,30.46243579022169,1.7981188596253264,28.664316187712757,7.428836065190669e-07,0.0,0
35.688,0.5981999736993228,0.6455250409508101,1.6670768149412638,1e-12,1e-12,1e-12,0.0,-0.0006598147896202842,0.6,0.6,0.04556061290474556,7,0.0455606129048951,30.4624357901909,1.7981188595962334,28.664316187712757,7.428819095587302e-07,0.0,0
35.788,0.5981999736993228,0.6455250409507339,1.667010833486171,1e-12,1e-12,1e-12,0.0,-0.0006598147896202842,0.6,0.6,0.04556061290466946,7,0.0455606129048951,30.4624357901909,1.7981188595962334,28.664316187712757,7.428819095587302e-07,0.0,0
35.888,0.5981999736993228,0.6455250409506578,1.6669448520310783,1e-12,1e-12,1e-12,0.0,-0.0006598147896202842,0.6,0.6,0.04556061290459335,7,0.0455606129048951,30.4624357901909,1.7981188595962334,28.664316187712757,7.428819095587302e-07,0.0,0
35.988,0.5981999736993228,0.6455250409505816,1.666878870575989,1e-12,1e-12,1e-12,0.0,-0.0006598147896202842,0.6,0.6,0.04556061290451725,7,0.0455606129048951,30.4624357901909,1.7981188595962334,28.664316187712757,7.428819095587302e-07,0.0,0
36.088,0.5981999736993228,0.6455250409505054,1.6668128891208962,1e-12,1e-12,1e-12,0.0,-0.0006598147896202842,0.6,0.6,0.045560612904441154,7,0.0455606129048951,30.4624357901909,1.7981188595962334,28.664316187712757,7.428819095587302e-07,0.0,0
36.188,0.5981999736993228,0.6455250409504293,1.6667469076718304,1e-12,1e-12,1e-12,0.0,-0.0006598140360161334,0.6,0.6,0.04556061290436505,7,0.04556061290451725,30.46243579016006,1.798118859567091,28.664316187712757,7.428802126019782e-07,0.0,0
36.288,0.5981999736993228,0.6455250409503522,1.6666809262920688,1e-12,1e-12,1e-12,0.0,-0.0006598140360161334,0.6,0.6,0.04556061290428806,7,0.04556061290451725,30.46243579016006,1.798118859567091,28.664316187712757,7.428802126019782e-07,0.0,0
36.388,0.5981999736993228,0.645525040950275,1.666614944912307,1e-12,1e-12,1e-12,0.0,-0.0006598140360161334,0.6,0.6,0.04556061290421085,7,0.04556061290451725,30.46243579016006,1.798118859567091,28.664316187712757,7.428802126019782e-07,0.0,0
36.488,0.5981999736993228,0.6455250409501977,1.6665489635325457,1e-12,1e-12,1e-12,0.0,-0.0006598140360161334,0.6,0.6,0.045560612904133636,7,0.04556061290451725,30.46243579016006,1.798118859567091,28.664316187712757,7.428802126019782e-07,0.0,0
36.588,0.5981999736993228,0.6455250409501206,1.666482982152784,1e-12,1e-12,1e-12,0.0,-0.0006598140360161334,0.6,0.6,0.04556061290405665,7,0.04556061290451725,30.46243579016006,1.798118859567091,28.664316187712757,7.428802126019782e-07,0.0,0
36.688,0.5981999736993228,0.6455250409500445,1.666417000789595,1e-12,1e-12,1e-12,0.0,-0.0006598132824131511,0.6,0.6,0.045560612903980544,7,0.045560612904133636,30.46243579012912,1.7981188595378483,28.664316187712757,7.428785156498077e-07,0.0,0
36.788,0.5981999736993228,0.6455250409499694,1.6663510194851638,1e-12,1e-12,1e-12,0.0,-0.0006598132824131511,0.6,0.6,0.045560612903905555,7,0.045560612904133636,30.46243579012912,1.7981188595378483,28.664316187712757,7.428785156498077e-07,0.0,0
36.888,0.5981999736993228,0.6455250409498948,1.6662850381807346,1e-12,1e-12,1e-12,0.0,-0.0006598132824131511,0.6,0.6,0.045560612903831,7,0.045560612904133636,30.46243579012912,1.7981188595378483,28.664316187712757,7.428785156498077e-07,0.0,0
36.988,0.5981999736993228,0.64552504094982,1.666219056876305,1e-12,1e-12,1e-12,0.0,-0.0006598132824131511,0.6,0.6,0.04556061290375624,7,0.045560612904133636,30.46243579012912,1.7981188595378483,28.664316187712757,7.428785156498077e-07,0.0,0
37.088,0.5981999736993228,0.6455250409497449,1.6661530755718736,1e-12,1e-12,1e-12,0.0,-0.0006598132824131511,0.6,0.6,0.04556061290368124,7,0.045560612904133636,30.46243579012912,1.7981188595378483,28.664316187712757,7.428785156498077e-07,0.0,0
37.188,0.5981999736993228,0.6455250409496694,1.6660870942907935,1e-12,1e-12,1e-12,0.0,-0.0006598125288109089,0.6,0.6,0.04556061290360581,7,0.04556061290375624,30.462435790098326,1.7981188595087514,28.664316187712757,7.428768187012518e-07,0.0,0
37.288,0.5981999736993228,0.6455250409495922,1.6660211130616829,1e-12,1e-12,1e-12,0.0,-0.0006598125288109089,0.6,0.6,0.04556061290352859,7,0.04556061290375624,30.462435790098326,1.7981188595087514,28.664316187712757,7.428768187012518e-07,0.0,0
37.388,0.5981999736993228,0.6455250409495149,1.6659551318325727,1e-12,1e-12,1e-12,0.0,-0.0006598125288109089,0.6,0.6,0.045560612903451383,7,0.04556061290375624,30.462435790098326,1.7981188595087514,28.664316187712757,7.428768187012518e-07,0.0,0
37.488,0.5981999736993228,0.6455250409494376,1.6658891506034614,1e-12,1e-12,1e-12,0.0,-0.0006598125288109089,0.6,0.6,0.045560612903374174,7,0.04556061290375624,30.462435790098326,1.7981188595087514,28.664316187712757,7.428768187012518e-07,0.0,0
37.588,0.5981999736993228,0.6455250409493601,1.6658231693743506,1e-12,1e-12,1e-12,0.0,-0.0006598125288109089,0.6,0.6,0.045560612903296736,7,0.04556061290375624,30.462435790098326,1.7981188595087514,28.664316187712757,7.428768187012518e-07,0.0,0
37.688,0.5981999736993228,0.6455250409492844,1.6657571881655904,1e-12,1e-12,1e-12,0.0,-0.0006598117752097039,0.6,0.6,0.04556061290322108,7,0.045560612903374174,30.462435790067335,1.7981188594794557,28.664316187712757,7.428751217571573e-07,0.0,0
37.788,0.5981999736993228,0.6455250409492125,1.6656912070118628,1e-12,1e-12,1e-12,0.0,-0.0006598117752097039,0.6,0.6,0.045560612903149195,7,0.045560612903374174,30.462435790067335,1.7981188594794557,28.664316187712757,7.428751217571573e-07,0.0,0
37.888,0.5981999736993228,0.6455250409491448,1.6656252258582054,1e-12,1e-12,1e-12,0.0,-0.0006598117752097039,0.6,0.6,0.04556061290308153,7,0.045560612903374174,30.462435790067335,1.7981188594794557,28.664316187712757,7.428751217571573e-07,0.0,0
37.988,0.5981999736993228,0.6455250409490779,1.6655592447045608,1e-12,1e-12,1e-12,0.0,-0.0006598117752097039,0.6,0.6,0.04556061290301474,7,0.045560612903374174,30.462435790067335,1.7981188594794557,28.664316187712757,7.428751217571573e-07,0.0,0
38.088,0.5981999736993228,0.6455250409490111,1.6654932635509172,1e-12,1e-12,1e-12,0.0,-0.0006598117752097039,0.6,0.6,0.04556061290294796,7,0.045560612903374174,30.462435790067335,1.7981188594794557,28.664316187712757,7.428751217571573e-07,0.0,0
38.188,0.5981999736993228,0.6455250409489443,1.6654272823972738,1e-12,1e-12,1e-12,0.0,-0.0006598110216093353,0.6,0.6,0.04556061290288117,7,0.04556061290301474,30.462435790037965,1.798118859451782,28.664316187712757,7.428734248167201e-07,0.0,0
38.288,0.5981999736993228,0.6455250409488783,1.665361301313691,1e-12,1e-12,1e-12,0.0,-0.0006598110216093353,0.6,0.6,0.04556061290281528,7,0.04556061290301474,30.462435790037965,1.798118859451782,28.664316187712757,7.428734248167201e-07,0.0,0
38.388,0.5981999736993228,0.645525040948813,1.66529532023538,1e-12,1e-12,1e-12,0.0,-0.0006598110216093353,0.6,0.6,0.04556061290275005,7,0.04556061290301474,30.462435790037965,1.798118859451782,28.664316187712757,7.428734248167201e-07,0.0,0
38.488,0.5981999736993228,0.6455250409487473,1.6652293391570705,1e-12,1e-12,1e-12,0.0,-0.0006598110216093353,0.6,0.6,0.04556061290268437,7,0.04556061290301474,30.462435790037965,1.798118859451782,28.664316187712757,7.428734248167201e-07,0.0,0
38.588,0.5981999736993228,0.6455250409486818,1.6651633580787584,1e-12,1e-12,1e-12,0.0,-0.0006598110216093353,0.6,0.6,0.045560612902618924,7,0.04556061290301474,30.462435790037965,1.798118859451782,28.664316187712757,7.428734248167201e-07,0.0,0
38.688,0.5981999736993228,0.6455250409486147,1.6650973770095059,1e-12,1e-12,1e-12,0.0,-0.0006598102680097937,0.6,0.6,0.045560612902551915,7,0.04556061290268437,30.46243579001092,1.7981188594264397,28.664316187712757,7.428717278800964e-07,0.0,0
38.788,0.5981999736993228,0.6455250409485384,1.6650313960066685,1e-12,1e-12,1e-12,0.0,-0.0006598102680097937,0.6,0.6,0.045560612902475595,7,0.04556061290268437,30.46243579001092,1.7981188594264397,28.664316187712757,7.428717278800964e-07,0.0,0
38.888,0.5981999736993228,0.6455250409484617,1.664965415003832,1e-12,1e-12,1e-12,0.0,-0.0006598102680097937,0.6,0.6,0.04556061290239905,7,0.04556061290268437,30.46243579001092,1.7981188594264397,28.664316187712757,7.428717278800964e-07,0.0,0
38.988,0.5981999736993228,0.6455250409483849,1.6648994340009948,1e-12,1e-12,1e-12,0.0,-0.0006598102680097937,0.6,0.6,0.04556061290232228,7,0.04556061290268437,30.46243579001092,1.7981188594264397,28.664316187712757,7.428717278800964e-07,0.0,0
39.088,0.5981999736993228,0.6455250409483079,1.664833452998159,1e-12,1e-12,1e-12,0.0,-0.0006598102680097937,0.6,0.6,0.04556061290224529,7,0.04556061290268437,30.46243579001092,1.7981188594264397,28.664316187712757,7.428717278800964e-07,0.0,0
39.188,0.5981999736993228,0.645525040948231,1.664767471995322,1e-12,1e-12,1e-12,0.0,-0.0006598095144110852,0.6,0.6,0.04556061290216853,7,0.04556061290232228,30.462435789981505,1.798118859398717,28.664316187712757,7.428700309471216e-07,0.0,0
39.288,0.5981999736993228,0.6455250409481564,1.664701491058025,1e-12,1e-12,1e-12,0.0,-0.0006598095144110852,0.6,0.6,0.045560612902093976,7,0.04556061290232228,30.462435789981505,1.798118859398717,28.664316187712757,7.428700309471216e-07,0.0,0
39.388,0.5981999736993228,0.645525040948082,1.6646355101305201,1e-12,1e-12,1e-12,0.0,-0.0006598095144110852,0.6,0.6,0.04556061290201965,7,0.04556061290232228,30.462435789981505,1.798118859398717,28.664316187712757,7.428700309471216e-07,0.0,0
39.488,0.5981999736993228,0.6455250409480074,1.6645695292030174,1e-12,1e-12,1e-12,0.0,-0.0006598095144110852,0.6,0.6,0.0455606129019451,7,0.04556061290232228,30.462435789981505,1.798118859398717,28.664316187712757,7.428700309471216e-07,0.0,0
39.588,0.5981999736993228,0.6455250409479328,1.6645035482755146,1e-12,1e-12,1e-12,0.0,-0.0006598095144110852,0.6,0.6,0.04556061290187055,7,0.04556061290232228,30.462435789981505,1.798118859398717,28.664316187712757,7.428700309471216e-07,0.0,0
39.688,0.5981999736993228,0.6455250409478578,1.6644375673532839,1e-12,1e-12,1e-12,0.0,-0.0006598087608131347,0.6,0.6,0.04556061290179556,7,0.0455606129019451,30.462435789950614,1.7981188593695219,28.664316187712757,7.428683340178055e-07,0.0,0
39.788,0.5981999736993228,0.6455250409477805,1.6643715865011022,1e-12,1e-12,1e-12,0.0,-0.0006598087608131347,0.6,0.6,0.045560612901718346,7,0.0455606129019451,30.462435789950614,1.7981188593695219,28.664316187712757,7.428683340178055e-07,0.0,0
39.888,0.5981999736993228,0.6455250409477032,1.6643056056489214,1e-12,1e-12,1e-12,0.0,-0.0006598087608131347,0.6,0.6,0.04556061290164114,7,0.0455606129019451,30.462435789950614,1.7981188593695219,28.664316187712757,7.428683340178055e-07,0.0,0
39.988,0.5981999736993228,0.6455250409476264,1.6642396247967395,1e-12,1e-12,1e-12,0.0,-0.0006598087608131347,0.6,0.6,0.04556061290156437,7,0.0455606129019451,30.462435789950614,1.7981188593695219,28.664316187712757,7.428683340178055e-07,0.0,0
40.088,0.5981999736993228,0.6455250409475491,1.6641736439445582,1e-12,1e-12,1e-12,0.0,-0.0006598087608131347,0.6,0.6,0.045560612901487156,7,0.0455606129019451,30.462435789950614,1.7981188593695219,28.664316187712757,7.428683340178055e-07,0.0,0
40.188,0.5981999736993228,0.645525040947473,1.664107663113467,1e-12,1e-12,1e-12,0.0,-0.0006598080072162503,0.6,0.6,0.04556061290141106,7,0.04556061290156437,30.46243578991972,1.798118859340327,28.664316187712757,7.428666370930151e-07,0.0,0
40.288,0.5981999736993228,0.6455250409473979,1.6640416823366078,1e-12,1e-12,1e-12,0.0,-0.0006598080072162503,0.6,0.6,0.04556061290133606,7,0.04556061290156437,30.46243578991972,1.798118859340327,28.664316187712757,7.428666370930151e-07,0.0,0
40.388,0.5981999736993228,0.6455250409473231,1.6639757015597494,1e-12,1e-12,1e-12,0.0,-0.0006598080072162503,0.6,0.6,0.045560612901261295,7,0.04556061290156437,30.46243578991972,1.798118859340327,28.664316187712757,7.428666370930151e-07,0.0,0
40.488,0.5981999736993228,0.6455250409472478,1.6639097207828906,1e-12,1e-12,1e-12,0.0,-0.0006598080072162503,0.6,0.6,0.04556061290118608,7,0.04556061290156437,30.46243578991972,1.798118859340327,28.664316187712757,7.428666370930151e-07,0.0,0
40.588,0.5981999736993228,0.6455250409471728,1.6638437400060324,1e-12,1e-12,1e-12,0.0,-0.0006598080072162503,0.6,0.6,0.04556061290111109,7,0.04556061290156437,30.46243578991972,1.798118859340327,28.664316187712757,7.428666370930151e-07,0.0,0
40.688,0.5981999736993228,0.645525040947098,1.6637777592404717,1e-12,1e-12,1e-12,0.0,-0.0006598072536201958,0.6,0.6,0.045560612901036315,7,0.04556061290118608,30.462435789889035,1.798118859311336,28.664316187712757,7.428649401718667e-07,0.0,0
40.788,0.5981999736993228,0.645525040947022,1.6637117785389455,1e-12,1e-12,1e-12,0.0,-0.0006598072536201958,0.6,0.6,0.04556061290096044,7,0.04556061290118608,30.462435789889035,1.798118859311336,28.664316187712757,7.428649401718667e-07,0.0,0
40.888,0.5981999736993228,0.6455250409469463,1.6636457978374193,1e-12,1e-12,1e-12,0.0,-0.0006598072536201958,0.6,0.6,0.04556061290088478,7,0.04556061290118608,30.462435789889035,1.798118859311336,28.664316187712757,7.428649401718667e-07,0.0,0
40.988,0.5981999736993228,0.6455250409468704,1.6635798171358935,1e-12,1e-12,1e-12,0.0,-0.0006598072536201958,0.6,0.6,0.0455606129008089,7,0.04556061290118608,30.462435789889035,1.798118859311336,28.664316187712757,7.428649401718667e-07,0.0,0
41.088,0.5981999736993228,0.6455250409467944,1.6635138364343678,1e-12,1e-12,1e-12,0.0,-0.0006598072536201958,0.6,0.6,0.045560612900733016,7,0.04556061290118608,30.462435789889035,1.798118859311336,28.664316187712757,7.428649401718667e-07,0.0,0
41.188,0.5981999736993228,0.6455250409467187,1.6634478557328403,1e-12,1e-12,1e-12,0.0,-0.0006598065000251857,0.6,0.6,0.04556061290065736,7,0.0455606129008089,30.46243578985819,1.7981188592821915,28.664316187712757,7.428632432551953e-07,0.0,0
41.288,0.5981999736993228,0.6455250409466421,1.663381875097602,1e-12,1e-12,1e-12,0.0,-0.0006598065000251857,0.6,0.6,0.04556061290058081,7,0.0455606129008089,30.46243578985819,1.7981188592821915,28.664316187712757,7.428632432551953e-07,0.0,0
41.388,0.5981999736993228,0.645525040946565,1.6633158944713997,1e-12,1e-12,1e-12,0.0,-0.0006598065000251857,0.6,0.6,0.045560612900503825,7,0.0455606129008089,30.46243578985819,1.7981188592821915,28.664316187712757,7.428632432551953e-07,0.0,0
41.488,0.5981999736993228,0.6455250409464882,1.6632499138451982,1e-12,1e-12,1e-12,0.0,-0.0006598065000251857,0.6,0.6,0.04556061290042706,7,0.0455606129008089,30.46243578985819,1.7981188592821915,28.664316187712757,7.428632432551953e-07,0.0,0
41.588,0.5981999736993228,0.6455250409464112,1.6631839332189968,1e-12,1e-12,1e-12,0.0,-0.0006598065000251857,0.6,0.6,0.045560612900350066,7,0.0455606129008089,30.46243578985819,1.7981188592821915,28.664316187712757,7.428632432551953e-07,0.0,0
41.688,0.5981999736993228,0.6455250409463346,1.6631179525958144,1e-12,1e-12,1e-12,0.0,-0.0006598057464310002,0.6,0.6,0.04556061290027352,7,0.04556061290042706,30.462435789827147,1.798118859252845,28.664316187712757,7.428615463421552e-07,0.0,0
41.788,0.5981999736993228,0.645525040946268,1.6630519720450827,1e-12,1e-12,1e-12,0.0,-0.0006598057464310002,0.6,0.6,0.04556061290020696,7,0.04556061290042706,30.462435789827147,1.798118859252845,28.664316187712757,7.428615463421552e-07,0.0,0
41.888,0.5981999736993228,0.6455250409462013,1.6629859914943512,1e-12,1e-12,1e-12,0.0,-0.0006598057464310002,0.6,0.6,0.0455606129001404,7,0.04556061290042706,30.462435789827147,1.798118859252845,28.664316187712757,7.428615463421552e-07,0.0,0
41.988,0.5981999736993228,0.6455250409461347,1.6629200109436193,1e-12,1e-12,1e-12,0.0,-0.0006598057464310002,0.6,0.6,0.045560612900073835,7,0.04556061290042706,30.462435789827147,1.798118859252845,28.664316187712757,7.428615463421552e-07,0.0,0
42.088,0.5981999736993228,0.6455250409460681,1.662854030392889,1e-12,1e-12,1e-12,0.0,-0.0006598057464310002,0.6,0.6,0.04556061290000728,7,0.04556061290042706,30.462435789827147,1.798118859252845,28.664316187712757,7.428615463421552e-07,0.0,0
42.188,0.5981999736993228,0.6455250409460022,1.6627880498685195,1e-12,1e-12,1e-12,0.0,-0.0006598049928376302,0.6,0.6,0.04556061289994138,7,0.045560612900073835,30.462435789798388,1.7981188592257795,28.664316187712757,7.428598494329023e-07,0.0,0
42.288,0.5981999736993228,0.6455250409459382,1.6627220693931106,1e-12,1e-12,1e-12,0.0,-0.0006598049928376302,0.6,0.6,0.04556061289987748,7,0.045560612900073835,30.462435789798388,1.7981188592257795,28.664316187712757,7.428598494329023e-07,0.0,0
42.388,0.5981999736993228,0.645525040945874,1.6626560889177031,1e-12,1e-12,1e-12,0.0,-0.0006598049928376302,0.6,0.6,0.04556061289981336,7,0.045560612900073835,30.462435789798388,1.7981188592257795,28.664316187712757,7.428598494329023e-07,0.0,0
42.488,0.5981999736993228,0.6455250409458099,1.6625901084422952,1e-12,1e-12,1e-12,0.0,-0.0006598049928376302,0.6,0.6,0.04556061289974924,7,0.045560612900073835,30.462435789798388,1.7981188592257795,28.664316187712757,7.428598494329023e-07,0.0,0
42.588,0.5981999736993228,0.6455250409457457,1.6625241279668859,1e-12,1e-12,1e-12,0.0,-0.0006598049928376302,0.6,0.6,0.04556061289968512,7,0.045560612900073835,30.462435789798388,1.7981188592257795,28.664316187712757,7.428598494329023e-07,0.0,0
42.688,0.5981999736993228,0.6455250409456811,1.6624581474997653,1e-12,1e-12,1e-12,0.0,-0.0006598042392449435,0.6,0.6,0.04556061289962055,7,0.04556061289974924,30.4624357897717,1.7981188592007926,28.664316187712757,7.428581525271356e-07,0.0,0
42.788,0.5981999736993228,0.6455250409456145,1.6623921670996902,1e-12,1e-12,1e-12,0.0,-0.0006598042392449435,0.6,0.6,0.045560612899553994,7,0.04556061289974924,30.4624357897717,1.7981188592007926,28.664316187712757,7.428581525271356e-07,0.0,0
42.888,0.5981999736993228,0.6455250409455479,1.6623261866996148,1e-12,1e-12,1e-12,0.0,-0.0006598042392449435,0.6,0.6,0.04556061289948743,7,0.04556061289974924,30.4624357897717,1.7981188592007926,28.664316187712757,7.428581525271356e-07,0.0,0
42.988,0.5981999736993228,0.6455250409454812,1.6622602062995402,1e-12,1e-12,1e-12,0.0,-0.0006598042392449435,0.6,0.6,0.04556061289942087,7,0.04556061289974924,30.4624357897717,1.7981188592007926,28.664316187712757,7.428581525271356e-07,0.0,0
43.088,0.5981999736993228,0.6455250409454146,1.6621942258994638,1e-12,1e-12,1e-12,0.0,-0.0006598042392449435,0.6,0.6,0.04556061289935431,7,0.04556061289974924,30.4624357897717,1.7981188592007926,28.664316187712757,7.428581525271356e-07,0.0,0
43.188,0.5981999736993228,0.6455250409453482,1.662128245510689,1e-12,1e-12,1e-12,0.0,-0.000659803485653039,0.6,0.6,0.04556061289928797,7,0.04556061289942087,30.46243578974502,1.7981188591758064,28.664316187712757,7.428564556250829e-07,0.0,0
43.288,0.5981999736993228,0.6455250409452823,1.6620622651859474,1e-12,1e-12,1e-12,0.0,-0.000659803485653039,0.6,0.6,0.04556061289922207,7,0.04556061289942087,30.46243578974502,1.7981188591758064,28.664316187712757,7.428564556250829e-07,0.0,0
43.388,0.5981999736993228,0.6455250409452161,1.6619962848612055,1e-12,1e-12,1e-12,0.0,-0.000659803485653039,0.6,0.6,0.04556061289915596,7,0.04556061289942087,30.46243578974502,1.7981188591758064,28.664316187712757,7.428564556250829e-07,0.0,0
43.488,0.5981999736993228,0.6455250409451504,1.661930304536464,1e-12,1e-12,1e-12,0.0,-0.000659803485653039,0.6,0.6,0.04556061289909028,7,0.04556061289942087,30.46243578974502,1.7981188591758064,28.664316187712757,7.428564556250829e-07,0.0,0
43.588,0.5981999736993228,0.6455250409450844,1.6618643242117215,1e-12,1e-12,1e-12,0.0,-0.000659803485653039,0.6,0.6,0.04556061289902439,7,0.04556061289942087,30.46243578974502,1.7981188591758064,28.664316187712757,7.428564556250829e-07,0.0,0
43.688,0.5981999736993228,0.645525040945015,1.661798343913394,1e-12,1e-12,1e-12,0.0,-0.0006598027320621718,0.6,0.6,0.04556061289895494,7,0.04556061289909028,30.46243578971783,1.7981188591503134,28.664316187712757,7.428547587274894e-07,0.0,0
43.788,0.5981999736993228,0.6455250409449392,1.6617323636641208,1e-12,1e-12,1e-12,0.0,-0.0006598027320621718,0.6,0.6,0.045560612898879284,7,0.04556061289909028,30.46243578971783,1.7981188591503134,28.664316187712757,7.428547587274894e-07,0.0,0
43.888,0.5981999736993228,0.6455250409448633,1.6616663834148453,1e-12,1e-12,1e-12,0.0,-0.0006598027320621718,0.6,0.6,0.0455606128988034,7,0.04556061289909028,30.46243578971783,1.7981188591503134,28.664316187712757,7.428547587274894e-07,0.0,0
43.988,0.5981999736993228,0.6455250409447876,1.661600403165572,1e-12,1e-12,1e-12,0.0,-0.0006598027320621718,0.6,0.6,0.045560612898727745,7,0.04556061289909028,30.46243578971783,1.7981188591503134,28.664316187712757,7.428547587274894e-07,0.0,0
44.088,0.5981999736993228,0.6455250409447119,1.661534422916299,1e-12,1e-12,1e-12,0.0,-0.0006598027320621718,0.6,0.6,0.045560612898652084,7,0.04556061289909028,30.46243578971783,1.7981188591503134,28.664316187712757,7.428547587274894e-07,0.0,0
44.188,0.5981999736993228,0.6455250409446357,1.6614684426776944,1e-12,1e-12,1e-12,0.0,-0.0006598019695712651,0.6,0.6,0.045560612898575985,7,0.045560612898727745,30.462435789688236,1.7981188591224346,28.664316187712757,7.428530417910464e-07,0.0,0
44.288,0.5981999736993228,0.6455250409445604,1.6614024625046249,1e-12,1e-12,1e-12,0.0,-0.0006598019695712651,0.6,0.6,0.045560612898500774,7,0.045560612898727745,30.462435789688236,1.7981188591224346,28.664316187712757,7.428530417910464e-07,0.0,0
44.388,0.5981999736993228,0.6455250409444847,1.661336482331556,1e-12,1e-12,1e-12,0.0,-0.0006598019695712651,0.6,0.6,0.04556061289842511,7,0.045560612898727745,30.462435789688236,1.7981188591224346,28.664316187712757,7.428530417910464e-07,0.0,0
44.468,0.5981999736993228,0.6455250409444243,1.6612836981931012,1e-12,1e-12,1e-12,0.0,-0.0006598019695712651,0.6,0.6,0.045560612898364765,7,0.045560612898727745,30.462435789688236,1.7981188591224346,28.664316187712757,7.428530417910464e-07,0.0,0
44.588,0.5981999736993228,0.6455250409443337,1.661204521985419,1e-12,1e-12,1e-12,0.0,-0.0006598019695712651,0.6,0.6,0.04556061289827424,7,0.045560612898727745,30.462435789688236,1.7981188591224346,28.664316187712757,7.428530417910464e-07,0.0,0
44.688,0.5981999736993228,0.6455250409442582,1.6611385418364562,1e-12,1e-12,1e-12,0.0,-0.0006598012159822525,0.6,0.6,0.04556061289819881,7,0.045560612898364765,30.46243578965861,1.7981188590945076,28.664316187712757,7.42851344901553e-07,0.0,0
44.788,0.5981999736993228,0.6455250409441805,1.6610725617387083,1e-12,1e-12,1e-12,0.0,-0.0006598012159822525,0.6,0.6,0.04556061289812115,7,0.045560612898364765,30.46243578965861,1.7981188590945076,28.664316187712757,7.42851344901553e-07,0.0,0
44.888,0.5981999736993228,0.6455250409441039,1.6610065816409643,1e-12,1e-12,1e-12,0.0,-0.0006598012159822525,0.6,0.6,0.045560612898044604,7,0.045560612898364765,30.46243578965861,1.7981188590945076,28.664316187712757,7.42851344901553e-07,0.0,0
44.988,0.5981999736993228,0.6455250409440275,1.66094060154322,1e-12,1e-12,1e-12,0.0,-0.0006598012159822525,0.6,0.6,0.045560612897968276,7,0.045560612898364765,30.46243578965861,1.7981188590945076,28.664316187712757,7.42851344901553e-07,0.0,0
45.088,0.5981999736993228,0.6455250409439502,1.660874621445474,1e-12,1e-12,1e-12,0.0,-0.0006598012159822525,0.6,0.6,0.04556061289789107,7,0.045560612898364765,30.46243578965861,1.7981188590945076,28.664316187712757,7.42851344901553e-07,0.0,0
45.188,0.5981999736993228,0.645525040943873,1.66080864137409,1e-12,1e-12,1e-12,0.0,-0.0006598004623940495,0.6,0.6,0.04556061289781386,7,0.045560612897968276,30.462435789626554,1.798118859064149,28.664316187712757,7.428496480156547e-07,0.0,0
45.288,0.5981999736993228,0.6455250409437986,1.6607426613516652,1e-12,1e-12,1e-12,0.0,-0.0006598004623940495,0.6,0.6,0.04556061289773953,7,0.045560612897968276,30.462435789626554,1.798118859064149,28.664316187712757,7.428496480156547e-07,0.0,0
45.388,0.5981999736993228,0.6455250409437244,1.6606766813292408,1e-12,1e-12,1e-12,0.0,-0.0006598004623940495,0.6,0.6,0.04556061289766543,7,0.045560612897968276,30.462435789626554,1.798118859064149,28.664316187712757,7.428496480156547e-07,0.0,0
45.488,0.5981999736993228,0.6455250409436503,1.6606107013068157,1e-12,1e-12,1e-12,0.0,-0.0006598004623940495,0.6,0.6,0.04556061289759132,7,0.045560612897968276,30.462435789626554,1.798118859064149,28.664316187712757,7.428496480156547e-07,0.0,0
45.588,0.5981999736993228,0.6455250409435759,1.6605447212843922,1e-12,1e-12,1e-12,0.0,-0.0006598004623940495,0.6,0.6,0.04556061289751699,7,0.045560612897968276,30.462435789626554,1.798118859064149,28.664316187712757,7.428496480156547e-07,0.0,0
45.688,0.5981999736993228,0.6455250409435008,1.6604787412619677,1e-12,1e-12,1e-12,0.0,-0.0006597997088066423,0.6,0.6,0.045560612897442,7,0.04556061289759132,30.462435789596018,1.7981188590353083,28.664316187712757,7.428479511335001e-07,0.0,0
45.788,0.5981999736993228,0.6455250409434371,1.6604127613104884,1e-12,1e-12,1e-12,0.0,-0.0006597997088066423,0.6,0.6,0.045560612897378325,7,0.04556061289759132,30.462435789596018,1.7981188590353083,28.664316187712757,7.428479511335001e-07,0.0,0
45.888,0.5981999736993228,0.6455250409433736,1.6603467813635373,1e-12,1e-12,1e-12,0.0,-0.0006597997088066423,0.6,0.6,0.04556061289731487,7,0.04556061289759132,30.462435789596018,1.7981188590353083,28.664316187712757,7.428479511335001e-07,0.0,0
45.988,0.5981999736993228,0.6455250409433101,1.660280801416588,1e-12,1e-12,1e-12,0.0,-0.0006597997088066423,0.6,0.6,0.04556061289725141,7,0.04556061289759132,30.462435789596018,1.7981188590353083,28.664316187712757,7.428479511335001e-07,0.0,0
46.088,0.5981999736993228,0.6455250409432466,1.6602148214696368,1e-12,1e-12,1e-12,0.0,-0.0006597997088066423,0.6,0.6,0.045560612897187956,7,0.04556061289759132,30.462435789596018,1.7981188590353083,28.664316187712757,7.428479511335001e-07,0.0,0
46.188,0.5981999736993228,0.6455250409431829,1.660148841536247,1e-12,1e-12,1e-12,0.0,-0.0006597989552202401,0.6,0.6,0.045560612897124285,7,0.04556061289725141,30.462435789567962,1.798118859008951,28.664316187712757,7.428462542557318e-07,0.0,0
46.288,0.5981999736993228,0.6455250409431167,1.6600828616646288,1e-12,1e-12,1e-12,0.0,-0.0006597989552202401,0.6,0.6,0.045560612897058164,7,0.04556061289725141,30.462435789567962,1.798118859008951,28.664316187712757,7.428462542557318e-07,0.0,0
46.388,0.5981999736993228,0.6455250409430503,1.6600168817930123,1e-12,1e-12,1e-12,0.0,-0.0006597989552202401,0.6,0.6,0.04556061289699182,7,0.04556061289725141,30.462435789567962,1.798118859008951,28.664316187712757,7.428462542557318e-07,0.0,0
46.488,0.5981999736993228,0.6455250409429841,1.6599509019213938,1e-12,1e-12,1e-12,0.0,-0.0006597989552202401,0.6,0.6,0.04556061289692571,7,0.04556061289725141,30.462435789567962,1.798118859008951,28.664316187712757,7.428462542557318e-07,0.0,0
46.588,0.5981999736993228,0.645525040942918,1.6598849220497771,1e-12,1e-12,1e-12,0.0,-0.0006597989552202401,0.6,0.6,0.04556061289685959,7,0.04556061289725141,30.462435789567962,1.798118859008951,28.664316187712757,7.428462542557318e-07,0.0,0
46.688,0.5981999736993228,0.6455250409428516,1.6598189421932246,1e-12,1e-12,1e-12,0.0,-0.0006597982016345633,0.6,0.6,0.04556061289679325,7,0.04556061289692571,30.462435789541278,1.798118858983965,28.664316187712757,7.428445573811974e-07,0.0,0
46.788,0.5981999736993228,0.6455250409427854,1.6597529623969411,1e-12,1e-12,1e-12,0.0,-0.0006597982016345633,0.6,0.6,0.04556061289672713,7,0.04556061289692571,30.462435789541278,1.798118858983965,28.664316187712757,7.428445573811974e-07,0.0,0
46.888,0.5981999736993228,0.6455250409427192,1.659686982600657,1e-12,1e-12,1e-12,0.0,-0.0006597982016345633,0.6,0.6,0.04556061289666102,7,0.04556061289692571,30.462435789541278,1.798118858983965,28.664316187712757,7.428445573811974e-07,0.0,0
46.988,0.5981999736993228,0.6455250409426528,1.6596210028043727,1e-12,1e-12,1e-12,0.0,-0.0006597982016345633,0.6,0.6,0.045560612896594674,7,0.04556061289692571,30.462435789541278,1.798118858983965,28.664316187712757,7.428445573811974e-07,0.0,0
47.088,0.5981999736993228,0.6455250409425867,1.6595550230080887,1e-12,1e-12,1e-12,0.0,-0.0006597982016345633,0.6,0.6,0.04556061289652856,7,0.04556061289692571,30.462435789541278,1.798118858983965,28.664316187712757,7.428445573811974e-07,0.0,0
47.188,0.5981999736993228,0.6455250409425203,1.659489043214065,1e-12,1e-12,1e-12,0.0,-0.0006597974480498573,0.6,0.6,0.04556061289646222,7,0.045560612896594674,30.46243578951409,1.7981188589584707,28.664316187712757,7.428428605109731e-07,0.0,0
47.268,0.5981999736993228,0.6455250409424688,1.6594362594372873,1e-12,1e-12,1e-12,0.0,-0.0006597974480498573,0.6,0.6,0.045560612896410745,7,0.045560612896594674,30.46243578951409,1.7981188589584707,28.664316187712757,7.428428605109731e-07,0.0,0
47.388,0.5981999736993228,0.645525040942391,1.6593570837721232,1e-12,1e-12,1e-12,0.0,-0.0006597974480498573,0.6,0.6,0.04556061289633309,7,0.045560612896594674,30.46243578951409,1.7981188589584707,28.664316187712757,7.428428605109731e-07,0.0,0
47.488,0.5981999736993228,0.6455250409423269,1.6592911040511544,1e-12,1e-12,1e-12,0.0,-0.0006597974480498573,0.6,0.6,0.04556061289626897,7,0.045560612896594674,30.46243578951409,1.7981188589584707,28.664316187712757,7.428428605109731e-07,0.0,0
47.588,0.5981999736993228,0.6455250409422623,1.6592251243301839,1e-12,1e-12,1e-12,0.0,-0.0006597974480498573,0.6,0.6,0.0455606128962044,7,0.045560612896594674,30.46243578951409,1.7981188589584707,28.664316187712757,7.428428605109731e-07,0.0,0
47.688,0.5981999736993228,0.6455250409421968,1.6591591446348262,1e-12,1e-12,1e-12,0.0,-0.0006597966944660447,0.6,0.6,0.04556061289613895,7,0.04556061289626897,30.462435789487404,1.7981188589334836,28.664316187712757,7.428411636445357e-07,0.0,0
47.788,0.5981999736993228,0.6455250409421297,1.6590931649891865,1e-12,1e-12,1e-12,0.0,-0.0006597966944660447,0.6,0.6,0.045560612896071946,7,0.04556061289626897,30.462435789487404,1.7981188589334836,28.664316187712757,7.428411636445357e-07,0.0,0
47.868,0.5981999736993228,0.6455250409420762,1.6590403812726735,1e-12,1e-12,1e-12,0.0,-0.0006597966944660447,0.6,0.6,0.045560612896018475,7,0.04556061289626897,30.462435789487404,1.7981188589334836,28.664316187712757,7.428411636445357e-07,0.0,0
47.988,0.5981999736993228,0.6455250409419956,1.6589612056979062,1e-12,1e-12,1e-12,0.0,-0.0006597966944660447,0.6,0.6,0.045560612895937935,7,0.04556061289626897,30.462435789487404,1.7981188589334836,28.664316187712757,7.428411636445357e-07,0.0,0
48.088,0.5981999736993228,0.6455250409419283,1.6588952260522647,1e-12,1e-12,1e-12,0.0,-0.0006597966944660447,0.6,0.6,0.04556061289587071,7,0.04556061289626897,30.462435789487404,1.7981188589334836,28.664316187712757,7.428411636445357e-07,0.0,0
48.188,0.5981999736993228,0.6455250409418619,1.6588292464329915,1e-12,1e-12,1e-12,0.0,-0.0006597959408832124,0.6,0.6,0.04556061289580437,7,0.045560612895937935,30.462435789460365,1.7981188589081416,28.664316187712757,7.428394667824296e-07,0.0,0
48.288,0.5981999736993228,0.6455250409417971,1.658763266862681,1e-12,1e-12,1e-12,0.0,-0.0006597959408832124,0.6,0.6,0.04556061289573958,7,0.045560612895937935,30.462435789460365,1.7981188589081416,28.664316187712757,7.428394667824296e-07,0.0,0
48.388,0.5981999736993228,0.6455250409417322,1.6586972872923718,1e-12,1e-12,1e-12,0.0,-0.0006597959408832124,0.6,0.6,0.0455606128956748,7,0.045560612895937935,30.462435789460365,1.7981188589081416,28.664316187712757,7.428394667824296e-07,0.0,0
48.488,0.5981999736993228,0.6455250409416672,1.6586313077220638,1e-12,1e-12,1e-12,0.0,-0.0006597959408832124,0.6,0.6,0.04556061289560979,7,0.045560612895937935,30.462435789460365,1.7981188589081416,28.664316187712757,7.428394667824296e-07,0.0,0
48.588,0.5981999736993228,0.6455250409416023,1.6585653281517545,1e-12,1e-12,1e-12,0.0,-0.0006597959408832124,0.6,0.6,0.045560612895545,7,0.045560612895937935,30.462435789460365,1.7981188589081416,28.664316187712757,7.428394667824296e-07,0.0,0
48.688,0.5981999736993228,0.6455250409415377,1.6584993485814468,1e-12,1e-12,1e-12,0.0,-0.0006597959408832124,0.6,0.6,0.04556061289548044,7,0.045560612895937935,30.462435789460365,1.7981188589081416,28.664316187712757,7.428394667824296e-07,0.0,0
48.788,0.5981999736993228,0.6455250409414647,1.6584333690677406,1e-12,1e-12,1e-12,0.0,-0.0006597951873011287,0.6,0.6,0.04556061289540744,7,0.04556061289560979,30.462435789433528,1.7981188588830017,28.664316187712757,7.428377699239601e-07,0.0,0
48.888,0.5981999736993228,0.6455250409413894,1.6583673895729025,1e-12,1e-12,1e-12,0.0,-0.0006597951873011287,0.6,0.6,0.045560612895332225,7,0.04556061289560979,30.462435789433528,1.7981188588830017,28.664316187712757,7.428377699239601e-07,0.0,0
48.988,0.5981999736993228,0.6455250409413141,1.6583014100780646,1e-12,1e-12,1e-12,0.0,-0.0006597951873011287,0.6,0.6,0.045560612895257015,7,0.04556061289560979,30.462435789433528,1.7981188588830017,28.664316187712757,7.428377699239601e-07,0.0,0
49.088,0.5981999736993228,0.6455250409412389,1.6582354305832272,1e-12,1e-12,1e-12,0.0,-0.0006597951873011287,0.6,0.6,0.0455606128951818,7,0.04556061289560979,30.462435789433528,1.7981188588830017,28.664316187712757,7.428377699239601e-07,0.0,0
49.188,0.5981999736993228,0.6455250409411636,1.6581694510883889,1e-12,1e-12,1e-12,0.0,-0.0006597951873011287,0.6,0.6,0.045560612895106586,7,0.04556061289560979,30.462435789433528,1.7981188588830017,28.664316187712757,7.428377699239601e-07,0.0,0
49.288,0.5981999736993228,0.6455250409410883,1.6581034716432597,1e-12,1e-12,1e-12,0.0,-0.0006597944337198914,0.6,0.6,0.04556061289503137,7,0.045560612895257015,30.462435789404562,1.7981188588557346,28.664316187712757,7.42836073069171e-07,0.0,0
49.388,0.5981999736993228,0.6455250409410128,1.658037492223738,1e-12,1e-12,1e-12,0.0,-0.0006597944337198914,0.6,0.6,0.045560612894955936,7,0.045560612895257015,30.462435789404562,1.7981188588557346,28.664316187712757,7.42836073069171e-07,0.0,0
49.488,0.5981999736993228,0.6455250409409375,1.6579715128042147,1e-12,1e-12,1e-12,0.0,-0.0006597944337198914,0.6,0.6,0.04556061289488072,7,0.045560612895257015,30.462435789404562,1.7981188588557346,28.664316187712757,7.42836073069171e-07,0.0,0
49.588,0.5981999736993228,0.645525040940862,1.657905533384693,1e-12,1e-12,1e-12,0.0,-0.0006597944337198914,0.6,0.6,0.045560612894805286,7,0.045560612895257015,30.462435789404562,1.7981188588557346,28.664316187712757,7.42836073069171e-07,0.0,0
49.688,0.5981999736993228,0.645525040940787,1.6578395539651716,1e-12,1e-12,1e-12,0.0,-0.0006597944337198914,0.6,0.6,0.04556061289473029,7,0.045560612895257015,30.462435789404562,1.7981188588557346,28.664316187712757,7.42836073069171e-07,0.0,0
49.788,0.5981999736993228,0.6455250409407193,1.6577735746052116,1e-12,1e-12,1e-12,0.0,-0.0006597936712389788,0.6,0.6,0.04556061289466262,7,0.04556061289488072,30.462435789373902,1.7981188588267916,28.664316187712757,7.428343561769561e-07,0.0,0
49.888,0.5981999736993228,0.6455250409406538,1.657707595262053,1e-12,1e-12,1e-12,0.0,-0.0006597936712389788,0.6,0.6,0.04556061289459717,7,0.04556061289488072,30.462435789373902,1.7981188588267916,28.664316187712757,7.428343561769561e-07,0.0,0
49.988,0.5981999736993228,0.6455250409405885,1.6576416159188918,1e-12,1e-12,1e-12,0.0,-0.0006597936712389788,0.6,0.6,0.045560612894531935,7,0.04556061289488072,30.462435789373902,1.7981188588267916,28.664316187712757,7.428343561769561e-07,0.0,0
50.088,0.5981999736993228,0.6455250409405232,1.6575756365757308,1e-12,1e-12,1e-12,0.0,-0.0006597936712389788,0.6,0.6,0.04556061289446671,7,0.04556061289488072,30.462435789373902,1.7981188588267916,28.664316187712757,7.428343561769561e-07,0.0,0
50.188,0.5981999736993228,0.6455250409404575,1.6575096572446253,1e-12,1e-12,1e-12,0.0,-0.0006597929176596805,0.6,0.6,0.04556061289440103,7,0.045560612894531935,30.462435789345548,1.7981188588001351,28.664316187712757,7.428326593304552e-07,0.0,0
50.288,0.5981999736993228,0.6455250409403909,1.6574436779767987,1e-12,1e-12,1e-12,0.0,-0.0006597929176596805,0.6,0.6,0.045560612894334475,7,0.045560612894531935,30.462435789345548,1.7981188588001351,28.664316187712757,7.428326593304552e-07,0.0,0
50.388,0.5981999736993228,0.6455250409403243,1.6573776987089712,1e-12,1e-12,1e-12,0.0,-0.0006597929176596805,0.6,0.6,0.04556061289426791,7,0.045560612894531935,30.462435789345548,1.7981188588001351,28.664316187712757,7.428326593304552e-07,0.0,0
50.488,0.5981999736993228,0.6455250409402576,1.6573117194411453,1e-12,1e-12,1e-12,0.0,-0.0006597929176596805,0.6,0.6,0.04556061289420135,7,0.045560612894531935,30.462435789345548,1.7981188588001351,28.664316187712757,7.428326593304552e-07,0.0,0
50.588,0.5981999736993228,0.645525040940191,1.6572457401733176,1e-12,1e-12,1e-12,0.0,-0.0006597929176596805,0.6,0.6,0.04556061289413479,7,0.045560612894531935,30.462435789345548,1.7981188588001351,28.664316187712757,7.428326593304552e-07,0.0,0
50.688,0.5981999736993228,0.6455250409401249,1.6571797609130228,1e-12,1e-12,1e-12,0.0,-0.0006597921640813968,0.6,0.6,0.045560612894068674,7,0.04556061289420135,30.46243578931836,1.7981188587746404,28.664316187712757,7.428309624883615e-07,0.0,0
50.788,0.5981999736993228,0.6455250409400605,1.6571137817205122,1e-12,1e-12,1e-12,0.0,-0.0006597921640813968,0.6,0.6,0.04556061289400433,7,0.04556061289420135,30.46243578931836,1.7981188587746404,28.664316187712757,7.428309624883615e-07,0.0,0
50.888,0.5981999736993228,0.6455250409399963,1.6570478025280027,1e-12,1e-12,1e-12,0.0,-0.0006597921640813968,0.6,0.6,0.04556061289394021,7,0.04556061289420135,30.46243578931836,1.7981188587746404,28.664316187712757,7.428309624883615e-07,0.0,0
50.988,0.5981999736993228,0.6455250409399319,1.6569818233354907,1e-12,1e-12,1e-12,0.0,-0.0006597921640813968,0.6,0.6,0.04556061289387586,7,0.04556061289420135,30.46243578931836,1.7981188587746404,28.664316187712757,7.428309624883615e-07,0.0,0
51.088,0.5981999736993228,0.6455250409398677,1.6569158441429794,1e-12,1e-12,1e-12,0.0,-0.0006597921640813968,0.6,0.6,0.04556061289381175,7,0.04556061289420135,30.46243578931836,1.7981188587746404,28.664316187712757,7.428309624883615e-07,0.0,0
51.188,0.5981999736993228,0.6455250409398029,1.6568498649647811,1e-12,1e-12,1e-12,0.0,-0.0006597914105036165,0.6,0.6,0.04556061289374696,7,0.04556061289387586,30.462435789291924,1.7981188587499033,28.664316187712757,7.428292656491794e-07,0.0,0
51.288,0.5981999736993228,0.6455250409397356,1.6567838858475983,1e-12,1e-12,1e-12,0.0,-0.0006597914105036165,0.6,0.6,0.04556061289367973,7,0.04556061289387586,30.462435789291924,1.7981188587499033,28.664316187712757,7.428292656491794e-07,0.0,0
51.388,0.5981999736993228,0.6455250409396683,1.6567179067304152,1e-12,1e-12,1e-12,0.0,-0.0006597914105036165,0.6,0.6,0.045560612893612504,7,0.04556061289387586,30.462435789291924,1.7981188587499033,28.664316187712757,7.428292656491794e-07,0.0,0
51.488,0.5981999736993228,0.6455250409396011,1.6566519276132332,1e-12,1e-12,1e-12,0.0,-0.0006597914105036165,0.6,0.6,0.04556061289354528,7,0.04556061289387586,30.462435789291924,1.7981188587499033,28.664316187712757,7.428292656491794e-07,0.0,0
51.588,0.5981999736993228,0.645525040939534,1.6565859484960501,1e-12,1e-12,1e-12,0.0,-0.0006597914105036165,0.6,0.6,0.04556061289347827,7,0.04556061289387586,30.462435789291924,1.7981188587499033,28.664316187712757,7.428292656491794e-07,0.0,0
51.688,0.5981999736993228,0.6455250409394672,1.6565199693788684,1e-12,1e-12,1e-12,0.0,-0.0006597914105036165,0.6,0.6,0.04556061289341149,7,0.04556061289387586,30.462435789291924,1.7981188587499033,28.664316187712757,7.428292656491794e-07,0.0,0
51.788,0.5981999736993228,0.6455250409394014,1.6564539903181847,1e-12,1e-12,1e-12,0.0,-0.000659790656926968,0.6,0.6,0.045560612893345814,7,0.04556061289354528,30.462435789264738,1.7981188587244108,28.664316187712757,7.428275688144924e-07,0.0,0
51.888,0.5981999736993228,0.645525040939337,1.6563880112763352,1e-12,1e-12,1e-12,0.0,-0.000659790656926968,0.6,0.6,0.04556061289328147,7,0.04556061289354528,30.462435789264738,1.7981188587244108,28.664316187712757,7.428275688144924e-07,0.0,0
51.988,0.5981999736993228,0.6455250409392727,1.6563220322344856,1e-12,1e-12,1e-12,0.0,-0.000659790656926968,0.6,0.6,0.04556061289321713,7,0.04556061289354528,30.462435789264738,1.7981188587244108,28.664316187712757,7.428275688144924e-07,0.0,0
52.088,0.5981999736993228,0.6455250409392076,1.656256053192635,1e-12,1e-12,1e-12,0.0,-0.000659790656926968,0.6,0.6,0.04556061289315212,7,0.04556061289354528,30.462435789264738,1.7981188587244108,28.664316187712757,7.428275688144924e-07,0.0,0
52.188,0.5981999736993228,0.6455250409391425,1.6561900741816638,1e-12,1e-12,1e-12,0.0,-0.000659789903351064,0.6,0.6,0.04556061289308711,7,0.04556061289321713,30.4624357892377,1.7981188586990684,28.664316187712757,7.428258719834329e-07,0.0,0
52.288,0.5981999736993228,0.6455250409390773,1.6561240952151253,1e-12,1e-12,1e-12,0.0,-0.000659789903351064,0.6,0.6,0.04556061289302188,7,0.04556061289321713,30.4624357892377,1.7981188586990684,28.664316187712757,7.428258719834329e-07,0.0,0
52.388,0.5981999736993228,0.645525040939012,1.6560581162485863,1e-12,1e-12,1e-12,0.0,-0.000659789903351064,0.6,0.6,0.04556061289295665,7,0.04556061289321713,30.4624357892377,1.7981188586990684,28.664316187712757,7.428258719834329e-07,0.0,0
52.488,0.5981999736993228,0.6455250409389465,1.6559921372820479,1e-12,1e-12,1e-12,0.0,-0.000659789903351064,0.6,0.6,0.0455606128928912,7,0.04556061289321713,30.4624357892377,1.7981188586990684,28.664316187712757,7.428258719834329e-07,0.0,0
52.588,0.5981999736993228,0.6455250409388812,1.6559261583155096,1e-12,1e-12,1e-12,0.0,-0.000659789903351064,0.6,0.6,0.04556061289282597,7,0.04556061289321713,30.4624357892377,1.7981188586990684,28.664316187712757,7.428258719834329e-07,0.0,0
52.688,0.5981999736993228,0.6455250409388157,1.6558601793625316,1e-12,1e-12,1e-12,0.0,-0.0006597891497759663,0.6,0.6,0.04556061289276052,7,0.0455606128928912,30.46243578921101,1.7981188586740804,28.664316187712757,7.428241751559625e-07,0.0,0
52.788,0.5981999736993228,0.6455250409387489,1.6557942004713255,1e-12,1e-12,1e-12,0.0,-0.0006597891497759663,0.6,0.6,0.04556061289269373,7,0.0455606128928912,30.46243578921101,1.7981188586740804,28.664316187712757,7.428241751559625e-07,0.0,0
52.888,0.5981999736993228,0.645525040938682,1.6557282215801208,1e-12,1e-12,1e-12,0.0,-0.0006597891497759663,0.6,0.6,0.04556061289262695,7,0.0455606128928912,30.46243578921101,1.7981188586740804,28.664316187712757,7.428241751559625e-07,0.0,0
52.988,0.5981999736993228,0.6455250409386152,1.655662242688916,1e-12,1e-12,1e-12,0.0,-0.0006597891497759663,0.6,0.6,0.045560612892560165,7,0.0455606128928912,30.46243578921101,1.7981188586740804,28.664316187712757,7.428241751559625e-07,0.0,0
53.088,0.5981999736993228,0.6455250409385486,1.65559626379771,1e-12,1e-12,1e-12,0.0,-0.0006597891497759663,0.6,0.6,0.04556061289249361,7,0.0455606128928912,30.46243578921101,1.7981188586740804,28.664316187712757,7.428241751559625e-07,0.0,0
53.188,0.5981999736993228,0.6455250409384824,1.6555302849238316,1e-12,1e-12,1e-12,0.0,-0.0006597883962019141,0.6,0.6,0.045560612892427486,7,0.045560612892560165,30.46243578918382,1.7981188586485857,28.664316187712757,7.428224783329714e-07,0.0,0
53.288,0.5981999736993228,0.6455250409384178,1.6554643061079597,1e-12,1e-12,1e-12,0.0,-0.0006597883962019141,0.6,0.6,0.04556061289236293,7,0.045560612892560165,30.46243578918382,1.7981188586485857,28.664316187712757,7.428224783329714e-07,0.0,0
53.388,0.5981999736993228,0.6455250409383541,1.655398327292086,1e-12,1e-12,1e-12,0.0,-0.0006597883962019141,0.6,0.6,0.04556061289229925,7,0.045560612892560165,30.46243578918382,1.7981188586485857,28.664316187712757,7.428224783329714e-07,0.0,0
53.488,0.5981999736993228,0.6455250409382894,1.6553323484762152,1e-12,1e-12,1e-12,0.0,-0.0006597883962019141,0.6,0.6,0.04556061289223468,7,0.045560612892560165,30.46243578918382,1.7981188586485857,28.664316187712757,7.428224783329714e-07,0.0,0
53.588,0.5981999736993228,0.6455250409382253,1.6552663696603434,1e-12,1e-12,1e-12,0.0,-0.0006597883962019141,0.6,0.6,0.04556061289217056,7,0.045560612892560165,30.46243578918382,1.7981188586485857,28.664316187712757,7.428224783329714e-07,0.0,0
53.688,0.5981999736993228,0.6455250409381607,1.655200390855057,1e-12,1e-12,1e-12,0.0,-0.000659787642628645,0.6,0.6,0.045560612892106,7,0.04556061289223468,30.46243578915724,1.7981188586237007,28.664316187712757,7.428207815136947e-07,0.0,0
53.788,0.5981999736993228,0.6455250409380936,1.6551344121147993,1e-12,1e-12,1e-12,0.0,-0.000659787642628645,0.6,0.6,0.04556061289203899,7,0.04556061289223468,30.46243578915724,1.7981188586237007,28.664316187712757,7.428207815136947e-07,0.0,0
53.888,0.5981999736993228,0.6455250409380263,1.6550684333745413,1e-12,1e-12,1e-12,0.0,-0.000659787642628645,0.6,0.6,0.04556061289197177,7,0.04556061289223468,30.46243578915724,1.7981188586237007,28.664316187712757,7.428207815136947e-07,0.0,0
53.988,0.5981999736993228,0.645525040937959,1.6550024546342836,1e-12,1e-12,1e-12,0.0,-0.000659787642628645,0.6,0.6,0.04556061289190454,7,0.04556061289223468,30.46243578915724,1.7981188586237007,28.664316187712757,7.428207815136947e-07,0.0,0
54.088,0.5981999736993228,0.6455250409378918,1.6549364758940255,1e-12,1e-12,1e-12,0.0,-0.000659787642628645,0.6,0.6,0.04556061289183731,7,0.04556061289223468,30.46243578915724,1.7981188586237007,28.664316187712757,7.428207815136947e-07,0.0,0
54.188,0.5981999736993228,0.6455250409378254,1.654870497172603,1e-12,1e-12,1e-12,0.0,-0.0006597868890565263,0.6,0.6,0.04556061289177097,7,0.04556061289190454,30.46243578913025,1.7981188585984058,28.664316187712757,7.428190846989562e-07,0.0,0
54.288,0.5981999736993228,0.645525040937761,1.654804518507678,1e-12,1e-12,1e-12,0.0,-0.0006597868890565263,0.6,0.6,0.04556061289170663,7,0.04556061289190454,30.46243578913025,1.7981188585984058,28.664316187712757,7.428190846989562e-07,0.0,0
54.388,0.5981999736993228,0.6455250409376964,1.6547385398427523,1e-12,1e-12,1e-12,0.0,-0.0006597868890565263,0.6,0.6,0.045560612891642066,7,0.04556061289190454,30.46243578913025,1.7981188585984058,28.664316187712757,7.428190846989562e-07,0.0,0
54.488,0.5981999736993228,0.6455250409376317,1.6546725611778295,1e-12,1e-12,1e-12,0.0,-0.0006597868890565263,0.6,0.6,0.0455606128915775,7,0.04556061289190454,30.46243578913025,1.7981188585984058,28.664316187712757,7.428190846989562e-07,0.0,0
54.588,0.5981999736993228,0.6455250409375669,1.6546065825129048,1e-12,1e-12,1e-12,0.0,-0.0006597868890565263,0.6,0.6,0.04556061289151271,7,0.04556061289190454,30.46243578913025,1.7981188585984058,28.664316187712757,7.428190846989562e-07,0.0,0
54.688,0.5981999736993228,0.6455250409375018,1.654540603880366,1e-12,1e-12,1e-12,0.0,-0.0006597861354848554,0.6,0.6,0.04556061289144771,7,0.0455606128915775,30.462435789103413,1.7981188585732695,28.664316187712757,7.428173878870019e-07,0.0,0
54.788,0.5981999736993228,0.6455250409374361,1.6544746252907558,1e-12,1e-12,1e-12,0.0,-0.0006597861354848554,0.6,0.6,0.04556061289138203,7,0.0455606128915775,30.462435789103413,1.7981188585732695,28.664316187712757,7.428173878870019e-07,0.0,0
54.888,0.5981999736993228,0.6455250409373708,1.6544086467011467,1e-12,1e-12,1e-12,0.0,-0.0006597861354848554,0.6,0.6,0.0455606128913168,7,0.0455606128915775,30.462435789103413,1.7981188585732695,28.664316187712757,7.428173878870019e-07,0.0,0
54.988,0.5981999736993228,0.6455250409373051,1.6543426681115365,1e-12,1e-12,1e-12,0.0,-0.0006597861354848554,0.6,0.6,0.04556061289125113,7,0.0455606128915775,30.462435789103413,1.7981188585732695,28.664316187712757,7.428173878870019e-07,0.0,0
55.088,0.5981999736993228,0.6455250409372398,1.654276689521928,1e-12,1e-12,1e-12,0.0,-0.0006597861354848554,0.6,0.6,0.045560612891185896,7,0.0455606128915775,30.462435789103413,1.7981188585732695,28.664316187712757,7.428173878870019e-07,0.0,0
55.188,0.5981999736993228,0.6455250409371734,1.654210710957928,1e-12,1e-12,1e-12,0.0,-0.0006597853819143185,0.6,0.6,0.04556061289111956,7,0.04556061289125113,30.46243578907658,1.7981188585481314,28.664316187712757,7.428156910795496e-07,0.0,0
55.288,0.5981999736993228,0.6455250409371064,1.6541447324436485,1e-12,1e-12,1e-12,0.0,-0.0006597853819143185,0.6,0.6,0.04556061289105255,7,0.04556061289125113,30.46243578907658,1.7981188585481314,28.664316187712757,7.428156910795496e-07,0.0,0
55.388,0.5981999736993228,0.6455250409370391,1.6540787539293675,1e-12,1e-12,1e-12,0.0,-0.0006597853819143185,0.6,0.6,0.04556061289098533,7,0.04556061289125113,30.46243578907658,1.7981188585481314,28.664316187712757,7.428156910795496e-07,0.0,0
55.488,0.5981999736993228,0.645525040936972,1.6540127754150886,1e-12,1e-12,1e-12,0.0,-0.0006597853819143185,0.6,0.6,0.04556061289091832,7,0.04556061289125113,30.46243578907658,1.7981188585481314,28.664316187712757,7.428156910795496e-07,0.0,0
55.588,0.5981999736993228,0.645525040936905,1.6539467969008086,1e-12,1e-12,1e-12,0.0,-0.0006597853819143185,0.6,0.6,0.04556061289085132,7,0.04556061289125113,30.46243578907658,1.7981188585481314,28.664316187712757,7.428156910795496e-07,0.0,0
55.688,0.5981999736993228,0.645525040936839,1.6538808184144007,1e-12,1e-12,1e-12,0.0,-0.0006597846283444604,0.6,0.6,0.04556061289078542,7,0.04556061289091832,30.462435789049184,1.7981188585224332,28.664316187712757,7.428139942757527e-07,0.0,0
55.788,0.5981999736993228,0.6455250409367744,1.6538148399754498,1e-12,1e-12,1e-12,0.0,-0.0006597846283444604,0.6,0.6,0.04556061289072086,7,0.04556061289091832,30.462435789049184,1.7981188585224332,28.664316187712757,7.428139942757527e-07,0.0,0
55.888,0.5981999736993228,0.64552504093671,1.6537488615364968,1e-12,1e-12,1e-12,0.0,-0.0006597846283444604,0.6,0.6,0.045560612890656514,7,0.04556061289091832,30.462435789049184,1.7981188585224332,28.664316187712757,7.428139942757527e-07,0.0,0
55.988,0.5981999736993228,0.6455250409366454,1.6536828830975474,1e-12,1e-12,1e-12,0.0,-0.0006597846283444604,0.6,0.6,0.04556061289059195,7,0.04556061289091832,30.462435789049184,1.7981188585224332,28.664316187712757,7.428139942757527e-07,0.0,0
56.088,0.5981999736993228,0.645525040936581,1.653616904658596,1e-12,1e-12,1e-12,0.0,-0.0006597846283444604,0.6,0.6,0.0455606128905276,7,0.04556061289091832,30.462435789049184,1.7981188585224332,28.664316187712757,7.428139942757527e-07,0.0,0
56.188,0.5981999736993228,0.6455250409365157,1.6535509262362145,1e-12,1e-12,1e-12,0.0,-0.0006597838747754252,0.6,0.6,0.04556061289046238,7,0.04556061289059195,30.4624357890225,1.7981188584974461,28.664316187712757,7.428122974755825e-07,0.0,0
56.288,0.5981999736993228,0.6455250409364482,1.6534849478725815,1e-12,1e-12,1e-12,0.0,-0.0006597838747754252,0.6,0.6,0.045560612890394925,7,0.04556061289059195,30.4624357890225,1.7981188584974461,28.664316187712757,7.428122974755825e-07,0.0,0
56.388,0.5981999736993228,0.6455250409363805,1.6534189695089465,1e-12,1e-12,1e-12,0.0,-0.0006597838747754252,0.6,0.6,0.04556061289032726,7,0.04556061289059195,30.4624357890225,1.7981188584974461,28.664316187712757,7.428122974755825e-07,0.0,0
56.488,0.5981999736993228,0.645525040936313,1.6533529911453135,1e-12,1e-12,1e-12,0.0,-0.0006597838747754252,0.6,0.6,0.04556061289025981,7,0.04556061289059195,30.4624357890225,1.7981188584974461,28.664316187712757,7.428122974755825e-07,0.0,0
56.588,0.5981999736993228,0.6455250409362455,1.6532870127816803,1e-12,1e-12,1e-12,0.0,-0.0006597838747754252,0.6,0.6,0.04556061289019236,7,0.04556061289059195,30.4624357890225,1.7981188584974461,28.664316187712757,7.428122974755825e-07,0.0,0
56.688,0.5981999736993228,0.6455250409361791,1.6532210344444127,1e-12,1e-12,1e-12,0.0,-0.0006597831212074592,0.6,0.6,0.04556061289012602,7,0.04556061289025981,30.46243578899526,1.7981188584719012,28.664316187712757,7.428106006799438e-07,0.0,0
56.788,0.5981999736993228,0.6455250409361141,1.6531550561561095,1e-12,1e-12,1e-12,0.0,-0.0006597831212074592,0.6,0.6,0.04556061289006101,7,0.04556061289025981,30.46243578899526,1.7981188584719012,28.664316187712757,7.428106006799438e-07,0.0,0
56.888,0.5981999736993228,0.645525040936049,1.6530890778678053,1e-12,1e-12,1e-12,0.0,-0.0006597831212074592,0.6,0.6,0.045560612889996,7,0.04556061289025981,30.46243578899526,1.7981188584719012,28.664316187712757,7.428106006799438e-07,0.0,0
56.988,0.5981999736993228,0.645525040935984,1.6530230995795032,1e-12,1e-12,1e-12,0.0,-0.0006597831212074592,0.6,0.6,0.045560612889931,7,0.04556061289025981,30.46243578899526,1.7981188584719012,28.664316187712757,7.428106006799438e-07,0.0,0
57.088,0.5981999736993228,0.6455250409359191,1.6529571212912002,1e-12,1e-12,1e-12,0.0,-0.0006597831212074592,0.6,0.6,0.04556061288986621,7,0.04556061289025981,30.46243578899526,1.7981188584719012,28.664316187712757,7.428106006799438e-07,0.0,0
57.188,0.5981999736993228,0.645525040935854,1.652891143020224,1e-12,1e-12,1e-12,0.0,-0.000659782367640255,0.6,0.6,0.0455606128898012,7,0.045560612889931,30.462435788968374,1.7981188584467116,28.664316187712757,7.428089038879701e-07,0.0,0
57.288,0.5981999736993228,0.6455250409357888,1.6528251648072538,1e-12,1e-12,1e-12,0.0,-0.000659782367640255,0.6,0.6,0.04556061288973597,7,0.045560612889931,30.462435788968374,1.7981188584467116,28.664316187712757,7.428089038879701e-07,0.0,0
57.388,0.5981999736993228,0.6455250409357237,1.6527591865942846,1e-12,1e-12,1e-12,0.0,-0.000659782367640255,0.6,0.6,0.04556061288967096,7,0.045560612889931,30.462435788968374,1.7981188584467116,28.664316187712757,7.428089038879701e-07,0.0,0
57.488,0.5981999736993228,0.6455250409356587,1.6526932083813142,1e-12,1e-12,1e-12,0.0,-0.000659782367640255,0.6,0.6,0.04556061288960595,7,0.045560612889931,30.462435788968374,1.7981188584467116,28.664316187712757,7.428089038879701e-07,0.0,0
57.588,0.5981999736993228,0.6455250409355934,1.6526272301683451,1e-12,1e-12,1e-12,0.0,-0.000659782367640255,0.6,0.6,0.04556061288954072,7,0.045560612889931,30.462435788968374,1.7981188584467116,28.664316187712757,7.428089038879701e-07,0.0,0
57.688,0.5981999736993228,0.6455250409355314,1.6525612519775095,1e-12,1e-12,1e-12,0.0,-0.0006597816051736493,0.6,0.6,0.04556061288947882,7,0.04556061288960595,30.462435788941818,1.7981188584218737,28.664316187712757,7.428071870593796e-07,0.0,0
57.788,0.5981999736993228,0.6455250409354779,1.652495273840872,1e-12,1e-12,1e-12,0.0,-0.0006597816051736493,0.6,0.6,0.045560612889425346,7,0.04556061288960595,30.462435788941818,1.7981188584218737,28.664316187712757,7.428071870593796e-07,0.0,0
57.888,0.5981999736993228,0.6455250409354255,1.6524292957042501,1e-12,1e-12,1e-12,0.0,-0.0006597816051736493,0.6,0.6,0.045560612889372985,7,0.04556061288960595,30.462435788941818,1.7981188584218737,28.664316187712757,7.428071870593796e-07,0.0,0
57.988,0.5981999736993228,0.6455250409353731,1.6523633175676293,1e-12,1e-12,1e-12,0.0,-0.0006597816051736493,0.6,0.6,0.045560612889320624,7,0.04556061288960595,30.462435788941818,1.7981188584218737,28.664316187712757,7.428071870593796e-07,0.0,0
58.088,0.5981999736993228,0.6455250409353207,1.6522973394310072,1e-12,1e-12,1e-12,0.0,-0.0006597816051736493,0.6,0.6,0.045560612889268264,7,0.04556061288960595,30.462435788941818,1.7981188584218737,28.664316187712757,7.428071870593796e-07,0.0,0
58.188,0.5981999736993228,0.6455250409352683,1.6522313613011659,1e-12,1e-12,1e-12,0.0,-0.0006597808516082792,0.6,0.6,0.0455606128892159,7,0.045560612889320624,30.462435788918174,1.7981188583999288,28.664316187712757,7.428054902754599e-07,0.0,0
58.288,0.5981999736993228,0.6455250409352159,1.6521653832398686,1e-12,1e-12,1e-12,0.0,-0.0006597808516082792,0.6,0.6,0.04556061288916354,7,0.045560612889320624,30.462435788918174,1.7981188583999288,28.664316187712757,7.428054902754599e-07,0.0,0
58.388,0.5981999736993228,0.645525040935163,1.6520994051785716,1e-12,1e-12,1e-12,0.0,-0.0006597808516082792,0.6,0.6,0.04556061288911074,7,0.045560612889320624,30.462435788918174,1.7981188583999288,28.664316187712757,7.428054902754599e-07,0.0,0
58.488,0.5981999736993228,0.64552504093511,1.6520334271172747,1e-12,1e-12,1e-12,0.0,-0.0006597808516082792,0.6,0.6,0.04556061288905771,7,0.045560612889320624,30.462435788918174,1.7981188583999288,28.664316187712757,7.428054902754599e-07,0.0,0
58.588,0.5981999736993228,0.6455250409350574,1.651967449055979,1e-12,1e-12,1e-12,0.0,-0.0006597808516082792,0.6,0.6,0.04556061288900513,7,0.045560612889320624,30.462435788918174,1.7981188583999288,28.664316187712757,7.428054902754599e-07,0.0,0
58.688,0.5981999736993228,0.6455250409350016,1.6519014710127955,1e-12,1e-12,1e-12,0.0,-0.0006597800980438485,0.6,0.6,0.045560612888949435,7,0.04556061288905771,30.462435788896105,1.798118858379556,28.664316187712757,7.428037934954268e-07,0.0,0
58.788,0.5981999736993228,0.6455250409349368,1.6518354930269483,1e-12,1e-12,1e-12,0.0,-0.0006597800980438485,0.6,0.6,0.04556061288888465,7,0.04556061288905771,30.462435788896105,1.798118858379556,28.664316187712757,7.428037934954268e-07,0.0,0
58.888,0.5981999736993228,0.6455250409348748,1.6517695150410814,1e-12,1e-12,1e-12,0.0,-0.0006597800980438485,0.6,0.6,0.045560612888822745,7,0.04556061288905771,30.462435788896105,1.798118858379556,28.664316187712757,7.428037934954268e-07,0.0,0
58.988,0.5981999736993228,0.6455250409348211,1.6517035370551412,1e-12,1e-12,1e-12,0.0,-0.0006597800980438485,0.6,0.6,0.04556061288876905,7,0.04556061288905771,30.462435788896105,1.798118858379556,28.664316187712757,7.428037934954268e-07,0.0,0
59.088,0.5981999736993228,0.64552504093477,1.651637559069191,1e-12,1e-12,1e-12,0.0,-0.0006597800980438485,0.6,0.6,0.04556061288871802,7,0.04556061288905771,30.462435788896105,1.798118858379556,28.664316187712757,7.428037934954268e-07,0.0,0
59.188,0.5981999736993228,0.6455250409347136,1.6515715811103946,1e-12,1e-12,1e-12,0.0,-0.0006597793444800798,0.6,0.6,0.045560612888661665,7,0.04556061288876905,30.46243578887226,1.7981188583574037,28.664316187712757,7.428020967188369e-07,0.0,0
59.288,0.5981999736993228,0.6455250409346517,1.6515056031999047,1e-12,1e-12,1e-12,0.0,-0.0006597793444800798,0.6,0.6,0.045560612888599764,7,0.04556061288876905,30.46243578887226,1.7981188583574037,28.664316187712757,7.428020967188369e-07,0.0,0
59.388,0.5981999736993228,0.6455250409345897,1.6514396252894112,1e-12,1e-12,1e-12,0.0,-0.0006597793444800798,0.6,0.6,0.04556061288853786,7,0.04556061288876905,30.46243578887226,1.7981188583574037,28.664316187712757,7.428020967188369e-07,0.0,0
59.488,0.5981999736993228,0.645525040934526,1.6513736473789176,1e-12,1e-12,1e-12,0.0,-0.0006597793444800798,0.6,0.6,0.04556061288847419,7,0.04556061288876905,30.46243578887226,1.7981188583574037,28.664316187712757,7.428020967188369e-07,0.0,0
59.588,0.5981999736993228,0.6455250409344623,1.6513076694684243,1e-12,1e-12,1e-12,0.0,-0.0006597793444800798,0.6,0.6,0.04556061288841051,7,0.04556061288876905,30.46243578887226,1.7981188583574037,28.664316187712757,7.428020967188369e-07,0.0,0
59.688,0.5981999736993228,0.645525040934399,1.651241691569983,1e-12,1e-12,1e-12,0.0,-0.0006597785909171286,0.6,0.6,0.04556061288834728,7,0.04556061288847419,30.462435788848005,1.7981188583348497,28.664316187712757,7.428003999460366e-07,0.0,0
59.788,0.5981999736993228,0.6455250409343322,1.6511757137348053,1e-12,1e-12,1e-12,0.0,-0.0006597785909171286,0.6,0.6,0.04556061288828049,7,0.04556061288847419,30.462435788848005,1.7981188583348497,28.664316187712757,7.428003999460366e-07,0.0,0
59.888,0.5981999736993228,0.6455250409342649,1.6511097358996296,1e-12,1e-12,1e-12,0.0,-0.0006597785909171286,0.6,0.6,0.04556061288821327,7,0.04556061288847419,30.462435788848005,1.7981188583348497,28.664316187712757,7.428003999460366e-07,0.0,0
59.988,0.5981999736993228,0.6455250409341978,1.6510437580644524,1e-12,1e-12,1e-12,0.0,-0.0006597785909171286,0.6,0.6,0.045560612888146265,7,0.04556061288847419,30.462435788848005,1.7981188583348497,28.664316187712757,7.428003999460366e-07,0.0,0
60.088,0.5981999736993228,0.6455250409341305,1.650977780229275,1e-12,1e-12,1e-12,0.0,-0.0006597785909171286,0.6,0.6,0.045560612888079034,7,0.04556061288847419,30.462435788848005,1.7981188583348497,28.664316187712757,7.428003999460366e-07,0.0,0
60.188,0.5981999736993228,0.6455250409340639,1.6509118024084115,1e-12,1e-12,1e-12,0.0,-0.0006597778373553125,0.6,0.6,0.045560612888012476,7,0.045560612888146265,30.46243578882112,1.7981188583096592,28.664316187712757,7.427987031777403e-07,0.0,0
60.288,0.5981999736993228,0.6455250409339987,1.6508458246485669,1e-12,1e-12,1e-12,0.0,-0.0006597778373553125,0.6,0.6,0.045560612887947244,7,0.045560612888146265,30.46243578882112,1.7981188583096592,28.664316187712757,7.427987031777403e-07,0.0,0
60.388,0.5981999736993228,0.6455250409339336,1.6507798468887207,1e-12,1e-12,1e-12,0.0,-0.0006597778373553125,0.6,0.6,0.04556061288788223,7,0.045560612888146265,30.46243578882112,1.7981188583096592,28.664316187712757,7.427987031777403e-07,0.0,0
60.488,0.5981999736993228,0.6455250409338685,1.6507138691288756,1e-12,1e-12,1e-12,0.0,-0.0006597778373553125,0.6,0.6,0.04556061288781723,7,0.045560612888146265,30.46243578882112,1.7981188583096592,28.664316187712757,7.427987031777403e-07,0.0,0
60.588,0.5981999736993228,0.6455250409338033,1.6506478913690306,1e-12,1e-12,1e-12,0.0,-0.0006597778373553125,0.6,0.6,0.045560612887752,7,0.045560612888146265,30.46243578882112,1.7981188583096592,28.664316187712757,7.427987031777403e-07,0.0,0
60.688,0.5981999736993228,0.645525040933738,1.650581913612199,1e-12,1e-12,1e-12,0.0,-0.000659777083794239,0.6,0.6,0.045560612887686765,7,0.04556061288781723,30.46243578879413,1.7981188582843692,28.664316187712757,7.427970064130656e-07,0.0,0
60.788,0.5981999736993228,0.6455250409336731,1.6505159359276873,1e-12,1e-12,1e-12,0.0,-0.000659777083794239,0.6,0.6,0.04556061288762198,7,0.04556061288781723,30.46243578879413,1.7981188582843692,28.664316187712757,7.427970064130656e-07,0.0,0
60.888,0.5981999736993228,0.6455250409336083,1.650449958243173,1e-12,1e-12,1e-12,0.0,-0.000659777083794239,0.6,0.6,0.045560612887557195,7,0.04556061288781723,30.46243578879413,1.7981188582843692,28.664316187712757,7.427970064130656e-07,0.0,0
60.988,0.5981999736993228,0.6455250409335435,1.6503839805586609,1e-12,1e-12,1e-12,0.0,-0.000659777083794239,0.6,0.6,0.045560612887492406,7,0.04556061288781723,30.46243578879413,1.7981188582843692,28.664316187712757,7.427970064130656e-07,0.0,0
61.088,0.5981999736993228,0.6455250409334786,1.6503180028741486,1e-12,1e-12,1e-12,0.0,-0.000659777083794239,0.6,0.6,0.04556061288742762,7,0.04556061288781723,30.46243578879413,1.7981188582843692,28.664316187712757,7.427970064130656e-07,0.0,0
61.188,0.5981999736993228,0.6455250409334138,1.6502520251896384,1e-12,1e-12,1e-12,0.0,-0.0006597763302343626,0.6,0.6,0.045560612887362836,7,0.045560612887492406,30.462435788767344,1.798118858259279,28.664316187712757,7.427953096530364e-07,0.0,0
61.288,0.5981999736993228,0.6455250409333467,1.650186047580455,1e-12,1e-12,1e-12,0.0,-0.0006597763302343626,0.6,0.6,0.04556061288729583,7,0.045560612887492406,30.462435788767344,1.798118858259279,28.664316187712757,7.427953096530364e-07,0.0,0
61.388,0.5981999736993228,0.6455250409332797,1.6501200699712717,1e-12,1e-12,1e-12,0.0,-0.0006597763302343626,0.6,0.6,0.045560612887228825,7,0.045560612887492406,30.462435788767344,1.798118858259279,28.664316187712757,7.427953096530364e-07,0.0,0
61.488,0.5981999736993228,0.6455250409332124,1.6500540923620908,1e-12,1e-12,1e-12,0.0,-0.0006597763302343626,0.6,0.6,0.045560612887161595,7,0.045560612887492406,30.462435788767344,1.798118858259279,28.664316187712757,7.427953096530364e-07,0.0,0
61.588,0.5981999736993228,0.6455250409331451,1.6499881147529083,1e-12,1e-12,1e-12,0.0,-0.0006597763302343626,0.6,0.6,0.04556061288709437,7,0.045560612887492406,30.462435788767344,1.798118858259279,28.664316187712757,7.427953096530364e-07,0.0,0
61.688,0.5981999736993228,0.6455250409330792,1.6499221371678263,1e-12,1e-12,1e-12,0.0,-0.0006597755766751842,0.6,0.6,0.04556061288702847,7,0.045560612887161595,30.462435788740205,1.7981188582338352,28.664316187712757,7.427936128965276e-07,0.0,0
61.788,0.5981999736993228,0.645525040933015,1.6498561596339623,1e-12,1e-12,1e-12,0.0,-0.0006597755766751842,0.6,0.6,0.045560612886964356,7,0.045560612887161595,30.462435788740205,1.7981188582338352,28.664316187712757,7.427936128965276e-07,0.0,0
61.888,0.5981999736993228,0.6455250409329506,1.6497901821000975,1e-12,1e-12,1e-12,0.0,-0.0006597755766751842,0.6,0.6,0.04556061288690001,7,0.045560612887161595,30.462435788740205,1.7981188582338352,28.664316187712757,7.427936128965276e-07,0.0,0
61.988,0.5981999736993228,0.6455250409328864,1.6497242045662333,1e-12,1e-12,1e-12,0.0,-0.0006597755766751842,0.6,0.6,0.04556061288683589,7,0.045560612887161595,30.462435788740205,1.7981188582338352,28.664316187712757,7.427936128965276e-07,0.0,0
62.088,0.5981999736993228,0.645525040932822,1.6496582270323688,1e-12,1e-12,1e-12,0.0,-0.0006597755766751842,0.6,0.6,0.045560612886771545,7,0.045560612887161595,30.462435788740205,1.7981188582338352,28.664316187712757,7.427936128965276e-07,0.0,0
62.188,0.5981999736993228,0.6455250409327583,1.6495922495015225,1e-12,1e-12,1e-12,0.0,-0.0006597748231168553,0.6,0.6,0.04556061288670787,7,0.04556061288683589,30.46243578871347,1.7981188582087977,28.664316187712757,7.427919161438824e-07,0.0,0
62.288,0.5981999736993228,0.6455250409327077,1.6495262720431274,1e-12,1e-12,1e-12,0.0,-0.0006597748231168553,0.6,0.6,0.04556061288665728,7,0.04556061288683589,30.46243578871347,1.7981188582087977,28.664316187712757,7.427919161438824e-07,0.0,0
62.388,0.5981999736993228,0.6455250409326573,1.6494602945847345,1e-12,1e-12,1e-12,0.0,-0.0006597748231168553,0.6,0.6,0.04556061288660692,7,0.04556061288683589,30.46243578871347,1.7981188582087977,28.664316187712757,7.427919161438824e-07,0.0,0
62.488,0.5981999736993228,0.6455250409326069,1.6493943171263399,1e-12,1e-12,1e-12,0.0,-0.0006597748231168553,0.6,0.6,0.04556061288655656,7,0.04556061288683589,30.46243578871347,1.7981188582087977,28.664316187712757,7.427919161438824e-07,0.0,0
62.588,0.5981999736993228,0.6455250409325567,1.6493283396679461,1e-12,1e-12,1e-12,0.0,-0.0006597748231168553,0.6,0.6,0.04556061288650641,7,0.04556061288683589,30.46243578871347,1.7981188582087977,28.664316187712757,7.427919161438824e-07,0.0,0
62.688,0.5981999736993228,0.6455250409325043,1.6492623622464648,1e-12,1e-12,1e-12,0.0,-0.0006597740695593113,0.6,0.6,0.04556061288645405,7,0.04556061288655656,30.462435788690385,1.7981188581874088,28.664316187712757,7.427902193947798e-07,0.0,0
62.788,0.5981999736993228,0.6455250409324519,1.6491963848634046,1e-12,1e-12,1e-12,0.0,-0.0006597740695593113,0.6,0.6,0.04556061288640169,7,0.04556061288655656,30.462435788690385,1.7981188581874088,28.664316187712757,7.427902193947798e-07,0.0,0
62.888,0.5981999736993228,0.6455250409323997,1.6491304074803421,1e-12,1e-12,1e-12,0.0,-0.0006597740695593113,0.6,0.6,0.04556061288634955,7,0.04556061288655656,30.462435788690385,1.7981188581874088,28.664316187712757,7.427902193947798e-07,0.0,0
62.988,0.5981999736993228,0.6455250409323471,1.649064430097282,1e-12,1e-12,1e-12,0.0,-0.0006597740695593113,0.6,0.6,0.04556061288629697,7,0.04556061288655656,30.462435788690385,1.7981188581874088,28.664316187712757,7.427902193947798e-07,0.0,0
63.088,0.5981999736993228,0.6455250409322942,1.648998452714221,1e-12,1e-12,1e-12,0.0,-0.0006597740695593113,0.6,0.6,0.04556061288624416,7,0.04556061288655656,30.462435788690385,1.7981188581874088,28.664316187712757,7.427902193947798e-07,0.0,0
63.188,0.5981999736993228,0.6455250409322414,1.6489324753477321,1e-12,1e-12,1e-12,0.0,-0.0006597733160025607,0.6,0.6,0.04556061288619136,7,0.04556061288629697,30.46243578866882,1.7981188581675416,28.664316187712757,7.427885226494135e-07,0.0,0
63.288,0.5981999736993228,0.6455250409321885,1.6488664980399959,1e-12,1e-12,1e-12,0.0,-0.0006597733160025607,0.6,0.6,0.04556061288613855,7,0.04556061288629697,30.46243578866882,1.7981188581675416,28.664316187712757,7.427885226494135e-07,0.0,0
63.388,0.5981999736993228,0.6455250409321355,1.6488005207322594,1e-12,1e-12,1e-12,0.0,-0.0006597733160025607,0.6,0.6,0.045560612886085525,7,0.04556061288629697,30.46243578866882,1.7981188581675416,28.664316187712757,7.427885226494135e-07,0.0,0
63.488,0.5981999736993228,0.6455250409320826,1.648734543424525,1e-12,1e-12,1e-12,0.0,-0.0006597733160025607,0.6,0.6,0.04556061288603272,7,0.04556061288629697,30.46243578866882,1.7981188581675416,28.664316187712757,7.427885226494135e-07,0.0,0
63.588,0.5981999736993228,0.6455250409320293,1.6486685661167906,1e-12,1e-12,1e-12,0.0,-0.0006597733160025607,0.6,0.6,0.04556061288597947,7,0.04556061288629697,30.46243578866882,1.7981188581675416,28.664316187712757,7.427885226494135e-07,0.0,0
63.688,0.5981999736993228,0.6455250409319783,1.6486025888489735,1e-12,1e-12,1e-12,0.0,-0.0006597725624469465,0.6,0.6,0.045560612885928435,7,0.04556061288603272,30.46243578864675,1.7981188581471668,28.664316187712757,7.427868259085544e-07,0.0,0
63.788,0.5981999736993228,0.6455250409319285,1.6485366116165567,1e-12,1e-12,1e-12,0.0,-0.0006597725624469465,0.6,0.6,0.04556061288587874,7,0.04556061288603272,30.46243578864675,1.7981188581471668,28.664316187712757,7.427868259085544e-07,0.0,0
63.888,0.5981999736993228,0.6455250409318788,1.6484706343841398,1e-12,1e-12,1e-12,0.0,-0.0006597725624469465,0.6,0.6,0.045560612885829035,7,0.04556061288603272,30.46243578864675,1.7981188581471668,28.664316187712757,7.427868259085544e-07,0.0,0
63.988,0.5981999736993228,0.645525040931829,1.648404657151723,1e-12,1e-12,1e-12,0.0,-0.0006597725624469465,0.6,0.6,0.04556061288577934,7,0.04556061288603272,30.46243578864675,1.7981188581471668,28.664316187712757,7.427868259085544e-07,0.0,0
64.088,0.5981999736993228,0.6455250409317793,1.6483386799193058,1e-12,1e-12,1e-12,0.0,-0.0006597725624469465,0.6,0.6,0.04556061288572964,7,0.04556061288603272,30.46243578864675,1.7981188581471668,28.664316187712757,7.427868259085544e-07,0.0,0
64.188,0.5981999736993228,0.6455250409317278,1.6482727026952892,1e-12,1e-12,1e-12,0.0,-0.000659771799991637,0.6,0.6,0.04556061288567816,7,0.04556061288577934,30.462435788625616,1.7981188581277525,28.664316187712757,7.427851091307119e-07,0.0,0
64.288,0.5981999736993228,0.645525040931663,1.648206725539235,1e-12,1e-12,1e-12,0.0,-0.000659771799991637,0.6,0.6,0.04556061288561338,7,0.04556061288577934,30.462435788625616,1.7981188581277525,28.664316187712757,7.427851091307119e-07,0.0,0
64.388,0.5981999736993228,0.6455250409315986,1.6481407483831796,1e-12,1e-12,1e-12,0.0,-0.000659771799991637,0.6,0.6,0.04556061288554904,7,0.04556061288577934,30.462435788625616,1.7981188581277525,28.664316187712757,7.427851091307119e-07,0.0,0
64.488,0.5981999736993228,0.6455250409315344,1.648074771227126,1e-12,1e-12,1e-12,0.0,-0.000659771799991637,0.6,0.6,0.045560612885484915,7,0.04556061288577934,30.462435788625616,1.7981188581277525,28.664316187712757,7.427851091307119e-07,0.0,0
64.588,0.5981999736993228,0.64552504093147,1.6480087940710715,1e-12,1e-12,1e-12,0.0,-0.000659771799991637,0.6,0.6,0.04556061288542057,7,0.04556061288577934,30.462435788625616,1.7981188581277525,28.664316187712757,7.427851091307119e-07,0.0,0
64.688,0.5981999736993228,0.6455250409314041,1.647942816935355,1e-12,1e-12,1e-12,0.0,-0.0006597710464376747,0.6,0.6,0.04556061288535468,7,0.045560612885484915,30.46243578860132,1.7981188581051477,28.664316187712757,7.427834123976702e-07,0.0,0
64.788,0.5981999736993228,0.6455250409313372,1.6478768398546284,1e-12,1e-12,1e-12,0.0,-0.0006597710464376747,0.6,0.6,0.04556061288528789,7,0.045560612885484915,30.46243578860132,1.7981188581051477,28.664316187712757,7.427834123976702e-07,0.0,0
64.888,0.5981999736993228,0.6455250409312704,1.6478108627739017,1e-12,1e-12,1e-12,0.0,-0.0006597710464376747,0.6,0.6,0.04556061288522111,7,0.045560612885484915,30.46243578860132,1.7981188581051477,28.664316187712757,7.427834123976702e-07,0.0,0
64.988,0.5981999736993228,0.6455250409312033,1.6477448856931753,1e-12,1e-12,1e-12,0.0,-0.0006597710464376747,0.6,0.6,0.0455606128851541,7,0.045560612885484915,30.46243578860132,1.7981188581051477,28.664316187712757,7.427834123976702e-07,0.0,0
65.088,0.5981999736993228,0.6455250409311363,1.6476789086124495,1e-12,1e-12,1e-12,0.0,-0.0006597710464376747,0.6,0.6,0.0455606128850871,7,0.045560612885484915,30.46243578860132,1.7981188581051477,28.664316187712757,7.427834123976702e-07,0.0,0
65.188,0.5981999736993228,0.6455250409310692,1.647612931531723,1e-12,1e-12,1e-12,0.0,-0.0006597702928846401,0.6,0.6,0.0455606128850201,7,0.0455606128851541,30.462435788574176,1.7981188580797036,28.664316187712757,7.427817156684898e-07,0.0,0
65.288,0.5981999736993228,0.6455250409310048,1.6475469545248074,1e-12,1e-12,1e-12,0.0,-0.0006597702928846401,0.6,0.6,0.045560612884955755,7,0.0455606128851541,30.462435788574176,1.7981188580797036,28.664316187712757,7.427817156684898e-07,0.0,0
65.388,0.5981999736993228,0.6455250409309404,1.6474809775193977,1e-12,1e-12,1e-12,0.0,-0.0006597702928846401,0.6,0.6,0.04556061288489141,7,0.0455606128851541,30.462435788574176,1.7981188580797036,28.664316187712757,7.427817156684898e-07,0.0,0
65.488,0.5981999736993228,0.645525040930876,1.6474150005139894,1e-12,1e-12,1e-12,0.0,-0.0006597702928846401,0.6,0.6,0.045560612884827066,7,0.0455606128851541,30.462435788574176,1.7981188580797036,28.664316187712757,7.427817156684898e-07,0.0,0
65.588,0.5981999736993228,0.6455250409308119,1.64734902350858,1e-12,1e-12,1e-12,0.0,-0.0006597702928846401,0.6,0.6,0.04556061288476295,7,0.0455606128851541,30.462435788574176,1.7981188580797036,28.664316187712757,7.427817156684898e-07,0.0,0
65.688,0.5981999736993228,0.6455250409307475,1.6472830465054566,1e-12,1e-12,1e-12,0.0,-0.0006597695304317154,0.6,0.6,0.045560612884698606,7,0.045560612884827066,30.462435788547474,1.7981188580547185,28.664316187712757,7.427799989019587e-07,0.0,0
65.788,0.5981999736993228,0.6455250409306806,1.6472170695762534,1e-12,1e-12,1e-12,0.0,-0.0006597695304317154,0.6,0.6,0.04556061288463182,7,0.045560612884827066,30.462435788547474,1.7981188580547185,28.664316187712757,7.427799989019587e-07,0.0,0
65.888,0.5981999736993228,0.6455250409306131,1.6471510926470467,1e-12,1e-12,1e-12,0.0,-0.0006597695304317154,0.6,0.6,0.045560612884564373,7,0.045560612884827066,30.462435788547474,1.7981188580547185,28.664316187712757,7.427799989019587e-07,0.0,0
65.988,0.5981999736993228,0.6455250409305459,1.647085115717841,1e-12,1e-12,1e-12,0.0,-0.0006597695304317154,0.6,0.6,0.04556061288449714,7,0.045560612884827066,30.462435788547474,1.7981188580547185,28.664316187712757,7.427799989019587e-07,0.0,0
66.088,0.5981999736993228,0.6455250409304784,1.6470191387886366,1e-12,1e-12,1e-12,0.0,-0.0006597695304317154,0.6,0.6,0.045560612884429696,7,0.045560612884827066,30.462435788547474,1.7981188580547185,28.664316187712757,7.427799989019587e-07,0.0,0
66.188,0.5981999736993228,0.645525040930416,1.6469531618866007,1e-12,1e-12,1e-12,0.0,-0.0006597687768802656,0.6,0.6,0.04556061288436735,7,0.04556061288449714,30.46243578852028,1.7981188580292218,28.664316187712757,7.4277830218027e-07,0.0,0
66.288,0.5981999736993228,0.6455250409303629,1.6468871850328703,1e-12,1e-12,1e-12,0.0,-0.0006597687768802656,0.6,0.6,0.045560612884314323,7,0.04556061288449714,30.46243578852028,1.7981188580292218,28.664316187712757,7.4277830218027e-07,0.0,0
66.388,0.5981999736993228,0.6455250409303107,1.646821208179143,1e-12,1e-12,1e-12,0.0,-0.0006597687768802656,0.6,0.6,0.045560612884262185,7,0.04556061288449714,30.46243578852028,1.7981188580292218,28.664316187712757,7.4277830218027e-07,0.0,0
66.488,0.5981999736993228,0.6455250409302576,1.6467552313254126,1e-12,1e-12,1e-12,0.0,-0.0006597687768802656,0.6,0.6,0.04556061288420916,7,0.04556061288449714,30.46243578852028,1.7981188580292218,28.664316187712757,7.4277830218027e-07,0.0,0
66.588,0.5981999736993228,0.6455250409302037,1.6466892544716818,1e-12,1e-12,1e-12,0.0,-0.0006597687768802656,0.6,0.6,0.04556061288415524,7,0.04556061288449714,30.46243578852028,1.7981188580292218,28.664316187712757,7.4277830218027e-07,0.0,0
66.688,0.5981999736993228,0.6455250409301513,1.6466232776420555,1e-12,1e-12,1e-12,0.0,-0.0006597680233295861,0.6,0.6,0.04556061288410288,7,0.04556061288420916,30.462435788496435,1.7981188580070735,28.664316187712757,7.427766054622643e-07,0.0,0
66.788,0.5981999736993228,0.6455250409301,1.6465573008636516,1e-12,1e-12,1e-12,0.0,-0.0006597680233295861,0.6,0.6,0.04556061288405163,7,0.04556061288420916,30.462435788496435,1.7981188580070735,28.664316187712757,7.427766054622643e-07,0.0,0
66.888,0.5981999736993228,0.6455250409300491,1.646491324085248,1e-12,1e-12,1e-12,0.0,-0.0006597680233295861,0.6,0.6,0.04556061288400082,7,0.04556061288420916,30.462435788496435,1.7981188580070735,28.664316187712757,7.427766054622643e-07,0.0,0
66.988,0.5981999736993228,0.6455250409299979,1.6464253473068442,1e-12,1e-12,1e-12,0.0,-0.0006597680233295861,0.6,0.6,0.04556061288394957,7,0.04556061288420916,30.462435788496435,1.7981188580070735,28.664316187712757,7.427766054622643e-07,0.0,0
67.088,0.5981999736993228,0.6455250409299466,1.6463593705284392,1e-12,1e-12,1e-12,0.0,-0.0006597680233295861,0.6,0.6,0.045560612883898316,7,0.04556061288420916,30.462435788496435,1.7981188580070735,28.664316187712757,7.427766054622643e-07,0.0,0
67.188,0.5981999736993228,0.6455250409298955,1.6462933937907163,1e-12,1e-12,1e-12,0.0,-0.0006597672697797098,0.6,0.6,0.04556061288384729,7,0.04556061288394957,30.46243578847487,1.798118857987205,28.664316187712757,7.427749087480199e-07,0.0,0
67.288,0.5981999736993228,0.6455250409298449,1.6462274170876452,1e-12,1e-12,1e-12,0.0,-0.0006597672697797098,0.6,0.6,0.045560612883796696,7,0.04556061288394957,30.46243578847487,1.798118857987205,28.664316187712757,7.427749087480199e-07,0.0,0
67.388,0.5981999736993228,0.6455250409297936,1.6461614403845743,1e-12,1e-12,1e-12,0.0,-0.0006597672697797098,0.6,0.6,0.045560612883745445,7,0.04556061288394957,30.46243578847487,1.798118857987205,28.664316187712757,7.427749087480199e-07,0.0,0
67.488,0.5981999736993228,0.6455250409297427,1.646095463681503,1e-12,1e-12,1e-12,0.0,-0.0006597672697797098,0.6,0.6,0.04556061288369464,7,0.04556061288394957,30.46243578847487,1.798118857987205,28.664316187712757,7.427749087480199e-07,0.0,0
67.588,0.5981999736993228,0.6455250409296914,1.646029486978432,1e-12,1e-12,1e-12,0.0,-0.0006597672697797098,0.6,0.6,0.04556061288364339,7,0.04556061288394957,30.46243578847487,1.798118857987205,28.664316187712757,7.427749087480199e-07,0.0,0
67.688,0.5981999736993228,0.6455250409296406,1.6459635103092578,1e-12,1e-12,1e-12,0.0,-0.0006597665162306447,0.6,0.6,0.045560612883592574,7,0.04556061288369464,30.462435788453714,1.798118857967744,28.664316187712757,7.427732120373736e-07,0.0,0
67.788,0.5981999736993228,0.6455250409295866,1.6458975336815134,1e-12,1e-12,1e-12,0.0,-0.0006597665162306447,0.6,0.6,0.04556061288353866,7,0.04556061288369464,30.462435788453714,1.798118857967744,28.664316187712757,7.427732120373736e-07,0.0,0
67.888,0.5981999736993228,0.6455250409295327,1.645831557053771,1e-12,1e-12,1e-12,0.0,-0.0006597665162306447,0.6,0.6,0.045560612883484744,7,0.04556061288369464,30.462435788453714,1.798118857967744,28.664316187712757,7.427732120373736e-07,0.0,0
67.988,0.5981999736993228,0.6455250409294794,1.6457655804260272,1e-12,1e-12,1e-12,0.0,-0.0006597665162306447,0.6,0.6,0.045560612883431495,7,0.04556061288369464,30.462435788453714,1.798118857967744,28.664316187712757,7.427732120373736e-07,0.0,0
68.088,0.5981999736993228,0.6455250409294265,1.6456996037982816,1e-12,1e-12,1e-12,0.0,-0.0006597665162306447,0.6,0.6,0.04556061288337869,7,0.04556061288369464,30.462435788453714,1.798118857967744,28.664316187712757,7.427732120373736e-07,0.0,0
68.188,0.5981999736993228,0.6455250409293735,1.6456336271931336,1e-12,1e-12,1e-12,0.0,-0.0006597657626826091,0.6,0.6,0.04556061288332566,7,0.045560612883431495,30.462435788431637,1.7981188579473668,28.664316187712757,7.427715153311704e-07,0.0,0
68.288,0.5981999736993228,0.6455250409293228,1.6455676506407078,1e-12,1e-12,1e-12,0.0,-0.0006597657626826091,0.6,0.6,0.04556061288327508,7,0.045560612883431495,30.462435788431637,1.7981188579473668,28.664316187712757,7.427715153311704e-07,0.0,0
68.388,0.5981999736993228,0.6455250409292722,1.6455016740882815,1e-12,1e-12,1e-12,0.0,-0.0006597657626826091,0.6,0.6,0.045560612883224494,7,0.045560612883431495,30.462435788431637,1.7981188579473668,28.664316187712757,7.427715153311704e-07,0.0,0
68.488,0.5981999736993228,0.6455250409292216,1.6454356975358557,1e-12,1e-12,1e-12,0.0,-0.0006597657626826091,0.6,0.6,0.0455606128831739,7,0.045560612883431495,30.462435788431637,1.7981188579473668,28.664316187712757,7.427715153311704e-07,0.0,0
68.588,0.5981999736993228,0.645525040929171,1.6453697209834302,1e-12,1e-12,1e-12,0.0,-0.0006597657626826091,0.6,0.6,0.04556061288312332,7,0.045560612883431495,30.462435788431637,1.7981188579473668,28.664316187712757,7.427715153311704e-07,0.0,0
68.688,0.5981999736993228,0.6455250409291203,1.6453037444438119,1e-12,1e-12,1e-12,0.0,-0.0006597650091354161,0.6,0.6,0.04556061288307273,7,0.0455606128831739,30.462435788410072,1.7981188579274976,28.664316187712757,7.427698186286383e-07,0.0,0
68.788,0.5981999736993228,0.6455250409290673,1.6452377679667178,1e-12,1e-12,1e-12,0.0,-0.0006597650091354161,0.6,0.6,0.045560612883019706,7,0.0455606128831739,30.462435788410072,1.7981188579274976,28.664316187712757,7.427698186286383e-07,0.0,0
68.888,0.5981999736993228,0.6455250409290149,1.6451717914896233,1e-12,1e-12,1e-12,0.0,-0.0006597650091354161,0.6,0.6,0.045560612882967345,7,0.0455606128831739,30.462435788410072,1.7981188579274976,28.664316187712757,7.427698186286383e-07,0.0,0
68.988,0.5981999736993228,0.6455250409289625,1.6451058150125306,1e-12,1e-12,1e-12,0.0,-0.0006597650091354161,0.6,0.6,0.045560612882914985,7,0.0455606128831739,30.462435788410072,1.7981188579274976,28.664316187712757,7.427698186286383e-07,0.0,0
69.088,0.5981999736993228,0.64552504092891,1.6450398385354366,1e-12,1e-12,1e-12,0.0,-0.0006597650091354161,0.6,0.6,0.04556061288286262,7,0.0455606128831739,30.462435788410072,1.7981188579274976,28.664316187712757,7.427698186286383e-07,0.0,0
69.188,0.5981999736993228,0.6455250409288579,1.644973862096761,1e-12,1e-12,1e-12,0.0,-0.000659764255588887,0.6,0.6,0.04556061288281048,7,0.045560612882914985,30.462435788388614,1.7981188579077336,28.664316187712757,7.427681219297275e-07,0.0,0
69.288,0.5981999736993228,0.6455250409288055,1.6449078856949937,1e-12,1e-12,1e-12,0.0,-0.000659764255588887,0.6,0.6,0.04556061288275812,7,0.045560612882914985,30.462435788388614,1.7981188579077336,28.664316187712757,7.427681219297275e-07,0.0,0
69.388,0.5981999736993228,0.6455250409287535,1.6448419092932276,1e-12,1e-12,1e-12,0.0,-0.000659764255588887,0.6,0.6,0.0455606128827062,7,0.045560612882914985,30.462435788388614,1.7981188579077336,28.664316187712757,7.427681219297275e-07,0.0,0
69.488,0.5981999736993228,0.6455250409287013,1.6447759328914615,1e-12,1e-12,1e-12,0.0,-0.000659764255588887,0.6,0.6,0.04556061288265406,7,0.045560612882914985,30.462435788388614,1.7981188579077336,28.664316187712757,7.427681219297275e-07,0.0,0
69.588,0.5981999736993228,0.6455250409286496,1.6447099564896956,1e-12,1e-12,1e-12,0.0,-0.000659764255588887,0.6,0.6,0.045560612882602367,7,0.045560612882914985,30.462435788388614,1.7981188579077336,28.664316187712757,7.427681219297275e-07,0.0,0
69.688,0.5981999736993228,0.6455250409285976,1.644643980109019,1e-12,1e-12,1e-12,0.0,-0.0006597635020435211,0.6,0.6,0.04556061288255045,7,0.04556061288265406,30.46243578836674,1.79811885788756,28.664316187712757,7.427664252353833e-07,0.0,0
69.788,0.5981999736993228,0.6455250409285468,1.6445780037825692,1e-12,1e-12,1e-12,0.0,-0.0006597635020435211,0.6,0.6,0.045560612882499636,7,0.04556061288265406,30.46243578836674,1.79811885788756,28.664316187712757,7.427664252353833e-07,0.0,0
69.888,0.5981999736993228,0.6455250409284957,1.6445120274561194,1e-12,1e-12,1e-12,0.0,-0.0006597635020435211,0.6,0.6,0.04556061288244861,7,0.04556061288265406,30.46243578836674,1.79811885788756,28.664316187712757,7.427664252353833e-07,0.0,0
69.988,0.5981999736993228,0.6455250409284449,1.6444460511296695,1e-12,1e-12,1e-12,0.0,-0.0006597635020435211,0.6,0.6,0.0455606128823978,7,0.04556061288265406,30.46243578836674,1.79811885788756,28.664316187712757,7.427664252353833e-07,0.0,0
70.088,0.5981999736993228,0.6455250409283938,1.64438007480322,1e-12,1e-12,1e-12,0.0,-0.0006597635020435211,0.6,0.6,0.04556061288234677,7,0.04556061288265406,30.46243578836674,1.79811885788756,28.664316187712757,7.427664252353833e-07,0.0,0
70.188,0.5981999736993228,0.6455250409283354,1.6443140985205467,1e-12,1e-12,1e-12,0.0,-0.000659762748498912,0.6,0.6,0.045560612882288416,7,0.0455606128823978,30.462435788345537,1.7981188578680496,28.664316187712757,7.427647285446941e-07,0.0,0
70.288,0.5981999736993228,0.6455250409282712,1.6442481222695715,1e-12,1e-12,1e-12,0.0,-0.000659762748498912,0.6,0.6,0.045560612882224294,7,0.0455606128823978,30.462435788345537,1.7981188578680496,28.664316187712757,7.427647285446941e-07,0.0,0
70.388,0.5981999736993228,0.6455250409282071,1.6441821460185937,1e-12,1e-12,1e-12,0.0,-0.000659762748498912,0.6,0.6,0.04556061288216018,7,0.0455606128823978,30.462435788345537,1.7981188578680496,28.664316187712757,7.427647285446941e-07,0.0,0
70.488,0.5981999736993228,0.6455250409281429,1.6441161697676194,1e-12,1e-12,1e-12,0.0,-0.000659762748498912,0.6,0.6,0.045560612882096056,7,0.0455606128823978,30.462435788345537,1.7981188578680496,28.664316187712757,7.427647285446941e-07,0.0,0
70.588,0.5981999736993228,0.6455250409280789,1.6440501935166434,1e-12,1e-12,1e-12,0.0,-0.000659762748498912,0.6,0.6,0.045560612882032156,7,0.0455606128823978,30.462435788345537,1.7981188578680496,28.664316187712757,7.427647285446941e-07,0.0,0
70.688,0.5981999736993228,0.6455250409280128,1.643984217311621,1e-12,1e-12,1e-12,0.0,-0.0006597619949553937,0.6,0.6,0.045560612881966035,7,0.045560612882096056,30.46243578832052,1.7981188578447296,28.664316187712757,7.427630318585862e-07,0.0,0
70.788,0.5981999736993228,0.6455250409279455,1.6439182411359796,1e-12,1e-12,1e-12,0.0,-0.0006597619949553937,0.6,0.6,0.04556061288189881,7,0.045560612882096056,30.46243578832052,1.7981188578447296,28.664316187712757,7.427630318585862e-07,0.0,0
70.888,0.5981999736993228,0.6455250409278793,1.6438522649603455,1e-12,1e-12,1e-12,0.0,-0.0006597619949553937,0.6,0.6,0.04556061288183269,7,0.045560612882096056,30.46243578832052,1.7981188578447296,28.664316187712757,7.427630318585862e-07,0.0,0
70.988,0.5981999736993228,0.6455250409278167,1.64378628878475,1e-12,1e-12,1e-12,0.0,-0.0006597619949553937,0.6,0.6,0.04556061288177013,7,0.045560612882096056,30.46243578832052,1.7981188578447296,28.664316187712757,7.427630318585862e-07,0.0,0
71.088,0.5981999736993228,0.6455250409277623,1.6437203126092215,1e-12,1e-12,1e-12,0.0,-0.0006597619949553937,0.6,0.6,0.04556061288171577,7,0.045560612882096056,30.46243578832052,1.7981188578447296,28.664316187712757,7.427630318585862e-07,0.0,0
71.188,0.5981999736993228,0.6455250409277095,1.6436543364758998,1e-12,1e-12,1e-12,0.0,-0.0006597612414124595,0.6,0.6,0.045560612881662965,7,0.04556061288177013,30.46243578829399,1.7981188578198966,28.664316187712757,7.427613351753926e-07,0.0,0
71.288,0.5981999736993228,0.6455250409276566,1.6435883603757317,1e-12,1e-12,1e-12,0.0,-0.0006597612414124595,0.6,0.6,0.04556061288161016,7,0.04556061288177013,30.46243578829399,1.7981188578198966,28.664316187712757,7.427613351753926e-07,0.0,0
71.388,0.5981999736993228,0.6455250409276027,1.6435223842755622,1e-12,1e-12,1e-12,0.0,-0.0006597612414124595,0.6,0.6,0.045560612881556245,7,0.04556061288177013,30.46243578829399,1.7981188578198966,28.664316187712757,7.427613351753926e-07,0.0,0
71.488,0.5981999736993228,0.6455250409275494,1.6434564081753944,1e-12,1e-12,1e-12,0.0,-0.0006597612414124595,0.6,0.6,0.045560612881502996,7,0.04556061288177013,30.46243578829399,1.7981188578198966,28.664316187712757,7.427613351753926e-07,0.0,0
71.588,0.5981999736993228,0.6455250409274959,1.6433904320752262,1e-12,1e-12,1e-12,0.0,-0.0006597612414124595,0.6,0.6,0.045560612881449525,7,0.04556061288177013,30.46243578829399,1.7981188578198966,28.664316187712757,7.427613351753926e-07,0.0,0
71.688,0.5981999736993228,0.6455250409274426,1.643324455987111,1e-12,1e-12,1e-12,0.0,-0.0006597604878705449,0.6,0.6,0.045560612881396276,7,0.045560612881502996,30.462435788271662,1.7981188577992684,28.664316187712757,7.427596384966197e-07,0.0,0
71.788,0.5981999736993228,0.6455250409273902,1.643258479962276,1e-12,1e-12,1e-12,0.0,-0.0006597604878705449,0.6,0.6,0.045560612881343915,7,0.045560612881502996,30.462435788271662,1.7981188577992684,28.664316187712757,7.427596384966197e-07,0.0,0
71.888,0.5981999736993228,0.6455250409273378,1.6431925039374402,1e-12,1e-12,1e-12,0.0,-0.0006597604878705449,0.6,0.6,0.04556061288129155,7,0.045560612881502996,30.462435788271662,1.7981188577992684,28.664316187712757,7.427596384966197e-07,0.0,0
71.988,0.5981999736993228,0.6455250409272854,1.643126527912605,1e-12,1e-12,1e-12,0.0,-0.0006597604878705449,0.6,0.6,0.045560612881239186,7,0.045560612881502996,30.462435788271662,1.7981188577992684,28.664316187712757,7.427596384966197e-07,0.0,0
72.088,0.5981999736993228,0.645525040927233,1.6430605518877694,1e-12,1e-12,1e-12,0.0,-0.0006597604878705449,0.6,0.6,0.045560612881186825,7,0.045560612881502996,30.462435788271662,1.7981188577992684,28.664316187712757,7.427596384966197e-07,0.0,0
72.188,0.5981999736993228,0.6455250409271808,1.6429945758787505,1e-12,1e-12,1e-12,0.0,-0.0006597597343294423,0.6,0.6,0.045560612881134686,7,0.045560612881239186,30.462435788249742,1.798118857779043,28.664316187712757,7.427579418214489e-07,0.0,0
72.288,0.5981999736993228,0.6455250409271297,1.6429285999292305,1e-12,1e-12,1e-12,0.0,-0.0006597597343294423,0.6,0.6,0.04556061288108366,7,0.045560612881239186,30.462435788249742,1.798118857779043,28.664316187712757,7.427579418214489e-07,0.0,0
72.388,0.5981999736993228,0.6455250409270786,1.6428626239797124,1e-12,1e-12,1e-12,0.0,-0.0006597597343294423,0.6,0.6,0.04556061288103263,7,0.045560612881239186,30.462435788249742,1.798118857779043,28.664316187712757,7.427579418214489e-07,0.0,0
72.488,0.5981999736993228,0.6455250409270273,1.6427966480301945,1e-12,1e-12,1e-12,0.0,-0.0006597597343294423,0.6,0.6,0.04556061288098137,7,0.045560612881239186,30.462435788249742,1.798118857779043,28.664316187712757,7.427579418214489e-07,0.0,0
72.588,0.5981999736993228,0.6455250409269763,1.6427306720806751,1e-12,1e-12,1e-12,0.0,-0.0006597597343294423,0.6,0.6,0.04556061288093034,7,0.045560612881239186,30.462435788249742,1.798118857779043,28.664316187712757,7.427579418214489e-07,0.0,0
72.688,0.5981999736993228,0.6455250409269239,1.6426646961582734,1e-12,1e-12,1e-12,0.0,-0.0006597589807891116,0.6,0.6,0.04556061288087798,7,0.04556061288098137,30.462435788228177,1.7981188577591756,28.664316187712757,7.427562451499663e-07,0.0,0
72.788,0.5981999736993228,0.6455250409268708,1.6425987202840824,1e-12,1e-12,1e-12,0.0,-0.0006597589807891116,0.6,0.6,0.045560612880824955,7,0.04556061288098137,30.462435788228177,1.7981188577591756,28.664316187712757,7.427562451499663e-07,0.0,0
72.888,0.5981999736993228,0.6455250409268171,1.6425327444098912,1e-12,1e-12,1e-12,0.0,-0.0006597589807891116,0.6,0.6,0.04556061288077126,7,0.04556061288098137,30.462435788228177,1.7981188577591756,28.664316187712757,7.427562451499663e-07,0.0,0
72.988,0.5981999736993228,0.6455250409267635,1.6424667685357004,1e-12,1e-12,1e-12,0.0,-0.0006597589807891116,0.6,0.6,0.04556061288071779,7,0.04556061288098137,30.462435788228177,1.7981188577591756,28.664316187712757,7.427562451499663e-07,0.0,0
73.088,0.5981999736993228,0.6455250409267105,1.6424007926615094,1e-12,1e-12,1e-12,0.0,-0.0006597589807891116,0.6,0.6,0.045560612880664764,7,0.04556061288098137,30.462435788228177,1.7981188577591756,28.664316187712757,7.427562451499663e-07,0.0,0
73.188,0.5981999736993228,0.6455250409266581,1.6423348168249832,1e-12,1e-12,1e-12,0.0,-0.0006597582272498483,0.6,0.6,0.0455606128806124,7,0.04556061288071779,30.462435788206104,1.7981188577388,28.664316187712757,7.427545484830099e-07,0.0,0
73.288,0.5981999736993228,0.6455250409266081,1.6422688410261235,1e-12,1e-12,1e-12,0.0,-0.0006597582272498483,0.6,0.6,0.045560612880562484,7,0.04556061288071779,30.462435788206104,1.7981188577388,28.664316187712757,7.427545484830099e-07,0.0,0
73.388,0.5981999736993228,0.6455250409265577,1.6422028652272629,1e-12,1e-12,1e-12,0.0,-0.0006597582272498483,0.6,0.6,0.045560612880512115,7,0.04556061288071779,30.462435788206104,1.7981188577388,28.664316187712757,7.427545484830099e-07,0.0,0
73.488,0.5981999736993228,0.6455250409265078,1.6421368894284025,1e-12,1e-12,1e-12,0.0,-0.0006597582272498483,0.6,0.6,0.0455606128804622,7,0.04556061288071779,30.462435788206104,1.7981188577388,28.664316187712757,7.427545484830099e-07,0.0,0
73.588,0.5981999736993228,0.6455250409264569,1.6420709136295422,1e-12,1e-12,1e-12,0.0,-0.0006597582272498483,0.6,0.6,0.04556061288041139,7,0.04556061288071779,30.462435788206104,1.7981188577388,28.664316187712757,7.427545484830099e-07,0.0,0
73.688,0.5981999736993228,0.6455250409264061,1.642004937851019,1e-12,1e-12,1e-12,0.0,-0.000659757473711451,0.6,0.6,0.045560612880360576,7,0.0455606128804622,30.462435788184898,1.7981188577192893,28.664316187712757,7.427528518197797e-07,0.0,0
73.788,0.5981999736993228,0.6455250409263537,1.6419389621274767,1e-12,1e-12,1e-12,0.0,-0.000659757473711451,0.6,0.6,0.045560612880308216,7,0.0455606128804622,30.462435788184898,1.7981188577192893,28.664316187712757,7.427528518197797e-07,0.0,0
73.888,0.5981999736993228,0.645525040926301,1.6418729864039352,1e-12,1e-12,1e-12,0.0,-0.000659757473711451,0.6,0.6,0.04556061288025563,7,0.0455606128804622,30.462435788184898,1.7981188577192893,28.664316187712757,7.427528518197797e-07,0.0,0
73.988,0.5981999736993228,0.6455250409262484,1.6418070106803941,1e-12,1e-12,1e-12,0.0,-0.000659757473711451,0.6,0.6,0.04556061288020305,7,0.0455606128804622,30.462435788184898,1.7981188577192893,28.664316187712757,7.427528518197797e-07,0.0,0
74.088,0.5981999736993228,0.645525040926196,1.6417410349568515,1e-12,1e-12,1e-12,0.0,-0.000659757473711451,0.6,0.6,0.04556061288015069,7,0.0455606128804622,30.462435788184898,1.7981188577192893,28.664316187712757,7.427528518197797e-07,0.0,0
74.188,0.5981999736993228,0.6455250409261434,1.6416750592528948,1e-12,1e-12,1e-12,0.0,-0.0006597567201741333,0.6,0.6,0.045560612880098106,7,0.04556061288020305,30.462435788163383,1.7981188576994722,28.664316187712757,7.427511551611019e-07,0.0,0
74.288,0.5981999736993228,0.645525040926091,1.641609083604681,1e-12,1e-12,1e-12,0.0,-0.0006597567201741333,0.6,0.6,0.045560612880045745,7,0.04556061288020305,30.462435788163383,1.7981188576994722,28.664316187712757,7.427511551611019e-07,0.0,0
74.388,0.5981999736993228,0.6455250409260386,1.6415431079564666,1e-12,1e-12,1e-12,0.0,-0.0006597567201741333,0.6,0.6,0.045560612879993384,7,0.04556061288020305,30.462435788163383,1.7981188576994722,28.664316187712757,7.427511551611019e-07,0.0,0
74.488,0.5981999736993228,0.6455250409259862,1.641477132308253,1e-12,1e-12,1e-12,0.0,-0.0006597567201741333,0.6,0.6,0.045560612879941016,7,0.04556061288020305,30.462435788163383,1.7981188576994722,28.664316187712757,7.427511551611019e-07,0.0,0
74.588,0.5981999736993228,0.6455250409259338,1.6414111566600391,1e-12,1e-12,1e-12,0.0,-0.0006597567201741333,0.6,0.6,0.045560612879888655,7,0.04556061288020305,30.462435788163383,1.7981188576994722,28.664316187712757,7.427511551611019e-07,0.0,0
74.688,0.5981999736993228,0.6455250409258816,1.6413451810276456,1e-12,1e-12,1e-12,0.0,-0.0006597559666373497,0.6,0.6,0.045560612879836516,7,0.045560612879941016,30.462435788141462,1.7981188576792462,28.664316187712757,7.427494585052279e-07,0.0,0
74.788,0.5981999736993228,0.645525040925831,1.6412792054547642,1e-12,1e-12,1e-12,0.0,-0.0006597559666373497,0.6,0.6,0.04556061287978593,7,0.045560612879941016,30.462435788141462,1.7981188576792462,28.664316187712757,7.427494585052279e-07,0.0,0
74.888,0.5981999736993228,0.6455250409257803,1.6412132298818825,1e-12,1e-12,1e-12,0.0,-0.0006597559666373497,0.6,0.6,0.04556061287973535,7,0.045560612879941016,30.462435788141462,1.7981188576792462,28.664316187712757,7.427494585052279e-07,0.0,0
74.988,0.5981999736993228,0.6455250409257299,1.6411472543090029,1e-12,1e-12,1e-12,0.0,-0.0006597559666373497,0.6,0.6,0.04556061287968498,7,0.045560612879941016,30.462435788141462,1.7981188576792462,28.664316187712757,7.427494585052279e-07,0.0,0
75.088,0.5981999736993228,0.6455250409256793,1.6410812787361215,1e-12,1e-12,1e-12,0.0,-0.0006597559666373497,0.6,0.6,0.04556061287963439,7,0.045560612879941016,30.462435788141462,1.7981188576792462,28.664316187712757,7.427494585052279e-07,0.0,0
75.188,0.5981999736993228,0.6455250409256285,1.6410153031722798,1e-12,1e-12,1e-12,0.0,-0.0006597552131016018,0.6,0.6,0.04556061287958359,7,0.04556061287968498,30.46243578812015,1.7981188576596328,28.664316187712757,7.427477618538094e-07,0.0,0
75.288,0.5981999736993228,0.6455250409255745,1.6409493276747238,1e-12,1e-12,1e-12,0.0,-0.0006597552131016018,0.6,0.6,0.04556061287952967,7,0.04556061287968498,30.46243578812015,1.7981188576596328,28.664316187712757,7.427477618538094e-07,0.0,0
75.388,0.5981999736993228,0.6455250409255208,1.6408833521771662,1e-12,1e-12,1e-12,0.0,-0.0006597552131016018,0.6,0.6,0.04556061287947598,7,0.04556061287968498,30.46243578812015,1.7981188576596328,28.664316187712757,7.427477618538094e-07,0.0,0
75.488,0.5981999736993228,0.6455250409254675,1.6408173766796108,1e-12,1e-12,1e-12,0.0,-0.0006597552131016018,0.6,0.6,0.04556061287942273,7,0.04556061287968498,30.46243578812015,1.7981188576596328,28.664316187712757,7.427477618538094e-07,0.0,0
75.588,0.5981999736993228,0.6455250409254135,1.6407514011820534,1e-12,1e-12,1e-12,0.0,-0.0006597552131016018,0.6,0.6,0.045560612879368814,7,0.04556061287968498,30.46243578812015,1.7981188576596328,28.664316187712757,7.427477618538094e-07,0.0,0
75.688,0.5981999736993228,0.6455250409253627,1.6406854257071402,1e-12,1e-12,1e-12,0.0,-0.0006597544595665663,0.6,0.6,0.04556061287931801,7,0.04556061287942273,30.46243578809833,1.7981188576395102,28.664316187712757,7.427460652059446e-07,0.0,0
75.788,0.5981999736993228,0.6455250409253183,1.6406194502850586,1e-12,1e-12,1e-12,0.0,-0.0006597544595665663,0.6,0.6,0.04556061287927363,7,0.04556061287942273,30.46243578809833,1.7981188576395102,28.664316187712757,7.427460652059446e-07,0.0,0
75.888,0.5981999736993228,0.6455250409252739,1.6405534748629762,1e-12,1e-12,1e-12,0.0,-0.0006597544595665663,0.6,0.6,0.04556061287922926,7,0.04556061287942273,30.46243578809833,1.7981188576395102,28.664316187712757,7.427460652059446e-07,0.0,0
75.988,0.5981999736993228,0.6455250409252294,1.640487499440897,1e-12,1e-12,1e-12,0.0,-0.0006597544595665663,0.6,0.6,0.045560612879184885,7,0.04556061287942273,30.46243578809833,1.7981188576395102,28.664316187712757,7.427460652059446e-07,0.0,0
76.088,0.5981999736993228,0.645525040925185,1.6404215240188145,1e-12,1e-12,1e-12,0.0,-0.0006597544595665663,0.6,0.6,0.04556061287914051,7,0.04556061287942273,30.46243578809833,1.7981188576395102,28.664316187712757,7.427460652059446e-07,0.0,0
76.188,0.5981999736993228,0.6455250409251357,1.6403555486359764,1e-12,1e-12,1e-12,0.0,-0.0006597537060324246,0.6,0.6,0.04556061287909125,7,0.045560612879184885,30.46243578807834,1.7981188576212142,28.664316187712757,7.427443685618676e-07,0.0,0
76.288,0.5981999736993228,0.6455250409250827,1.6402895732893656,1e-12,1e-12,1e-12,0.0,-0.0006597537060324246,0.6,0.6,0.045560612879038224,7,0.045560612879184885,30.46243578807834,1.7981188576212142,28.664316187712757,7.427443685618676e-07,0.0,0
76.388,0.5981999736993228,0.6455250409250298,1.6402235979427524,1e-12,1e-12,1e-12,0.0,-0.0006597537060324246,0.6,0.6,0.04556061287898542,7,0.045560612879184885,30.46243578807834,1.7981188576212142,28.664316187712757,7.427443685618676e-07,0.0,0
76.488,0.5981999736993228,0.6455250409249765,1.640157622596141,1e-12,1e-12,1e-12,0.0,-0.0006597537060324246,0.6,0.6,0.04556061287893217,7,0.045560612879184885,30.46243578807834,1.7981188576212142,28.664316187712757,7.427443685618676e-07,0.0,0
76.588,0.5981999736993228,0.6455250409249232,1.6400916472495282,1e-12,1e-12,1e-12,0.0,-0.0006597537060324246,0.6,0.6,0.04556061287887892,7,0.045560612879184885,30.46243578807834,1.7981188576212142,28.664316187712757,7.427443685618676e-07,0.0,0
76.688,0.5981999736993228,0.6455250409248704,1.640025671919487,1e-12,1e-12,1e-12,0.0,-0.0006597529524992882,0.6,0.6,0.045560612878826116,7,0.04556061287893217,30.462435788057075,1.7981188576016487,28.664316187712757,7.427426719221783e-07,0.0,0
76.768,0.5981999736993228,0.6455250409248291,1.6399728917024559,1e-12,1e-12,1e-12,0.0,-0.0006597529524992882,0.6,0.6,0.04556061287878485,7,0.04556061287893217,30.462435788057075,1.7981188576016487,28.664316187712757,7.427426719221783e-07,0.0,0
76.888,0.5981999736993228,0.6455250409247669,1.6398937213769083,1e-12,1e-12,1e-12,0.0,-0.0006597529524992882,0.6,0.6,0.04556061287872273,7,0.04556061287893217,30.462435788057075,1.7981188576016487,28.664316187712757,7.427426719221783e-07,0.0,0
76.988,0.5981999736993228,0.6455250409247152,1.6398277461056205,1e-12,1e-12,1e-12,0.0,-0.0006597529524992882,0.6,0.6,0.04556061287867103,7,0.04556061287893217,30.462435788057075,1.7981188576016487,28.664316187712757,7.427426719221783e-07,0.0,0
77.088,0.5981999736993228,0.6455250409246632,1.6397617708343302,1e-12,1e-12,1e-12,0.0,-0.0006597529524992882,0.6,0.6,0.04556061287861911,7,0.04556061287893217,30.462435788057075,1.7981188576016487,28.664316187712757,7.427426719221783e-07,0.0,0
77.188,0.5981999736993228,0.6455250409246117,1.6396957955916687,1e-12,1e-12,1e-12,0.0,-0.0006597521989670341,0.6,0.6,0.045560612878567636,7,0.04556061287867103,30.46243578803541,1.7981188575816773,28.664316187712757,7.427409752862504e-07,0.0,0
77.288,0.5981999736993228,0.6455250409245609,1.6396298203957136,1e-12,1e-12,1e-12,0.0,-0.0006597521989670341,0.6,0.6,0.04556061287851683,7,0.04556061287867103,30.46243578803541,1.7981188575816773,28.664316187712757,7.427409752862504e-07,0.0,0
77.388,0.5981999736993228,0.64552504092451,1.639563845199758,1e-12,1e-12,1e-12,0.0,-0.0006597521989670341,0.6,0.6,0.04556061287846602,7,0.04556061287867103,30.46243578803541,1.7981188575816773,28.664316187712757,7.427409752862504e-07,0.0,0
77.488,0.5981999736993228,0.6455250409244594,1.6394978700038003,1e-12,1e-12,1e-12,0.0,-0.0006597521989670341,0.6,0.6,0.04556061287841543,7,0.04556061287867103,30.46243578803541,1.7981188575816773,28.664316187712757,7.427409752862504e-07,0.0,0
77.588,0.5981999736993228,0.6455250409244085,1.6394318948078448,1e-12,1e-12,1e-12,0.0,-0.0006597521989670341,0.6,0.6,0.045560612878364624,7,0.04556061287867103,30.46243578803541,1.7981188575816773,28.664316187712757,7.427409752862504e-07,0.0,0
77.688,0.5981999736993228,0.6455250409243575,1.6393659196217947,1e-12,1e-12,1e-12,0.0,-0.0006597514365356515,0.6,0.6,0.045560612878313596,7,0.04556061287841543,30.462435788014133,1.798118857562117,28.664316187712757,7.427392586154086e-07,0.0,0
77.788,0.5981999736993228,0.6455250409243051,1.6392999445020384,1e-12,1e-12,1e-12,0.0,-0.0006597514365356515,0.6,0.6,0.045560612878261235,7,0.04556061287841543,30.462435788014133,1.798118857562117,28.664316187712757,7.427392586154086e-07,0.0,0
77.888,0.5981999736993228,0.6455250409242529,1.6392339693822833,1e-12,1e-12,1e-12,0.0,-0.0006597514365356515,0.6,0.6,0.045560612878209096,7,0.04556061287841543,30.462435788014133,1.798118857562117,28.664316187712757,7.427392586154086e-07,0.0,0
77.988,0.5981999736993228,0.6455250409242005,1.6391679942625268,1e-12,1e-12,1e-12,0.0,-0.0006597514365356515,0.6,0.6,0.04556061287815673,7,0.04556061287841543,30.462435788014133,1.798118857562117,28.664316187712757,7.427392586154086e-07,0.0,0
78.088,0.5981999736993228,0.6455250409241483,1.6391020191427688,1e-12,1e-12,1e-12,0.0,-0.0006597514365356515,0.6,0.6,0.04556061287810459,7,0.04556061287841543,30.462435788014133,1.798118857562117,28.664316187712757,7.427392586154086e-07,0.0,0
78.188,0.5981999736993228,0.6455250409240952,1.6390360440496858,1e-12,1e-12,1e-12,0.0,-0.0006597506741049711,0.6,0.6,0.04556061287805156,7,0.04556061287815673,30.462435787992494,1.7981188575421954,28.664316187712757,7.427375419481449e-07,0.0,0
78.288,0.5981999736993228,0.6455250409240431,1.638970069006135,1e-12,1e-12,1e-12,0.0,-0.0006597506741049711,0.6,0.6,0.045560612877999423,7,0.04556061287815673,30.462435787992494,1.7981188575421954,28.664316187712757,7.427375419481449e-07,0.0,0
78.388,0.5981999736993228,0.6455250409239911,1.6389040939625812,1e-12,1e-12,1e-12,0.0,-0.0006597506741049711,0.6,0.6,0.04556061287794751,7,0.04556061287815673,30.462435787992494,1.7981188575421954,28.664316187712757,7.427375419481449e-07,0.0,0
78.488,0.5981999736993228,0.6455250409239389,1.6388381189190306,1e-12,1e-12,1e-12,0.0,-0.0006597506741049711,0.6,0.6,0.04556061287789537,7,0.04556061287815673,30.462435787992494,1.7981188575421954,28.664316187712757,7.427375419481449e-07,0.0,0
78.588,0.5981999736993228,0.6455250409238863,1.6387721438754803,1e-12,1e-12,1e-12,0.0,-0.0006597506741049711,0.6,0.6,0.045560612877842785,7,0.04556061287815673,30.462435787992494,1.7981188575421954,28.664316187712757,7.427375419481449e-07,0.0,0
78.688,0.5981999736993228,0.6455250409238341,1.6387061688575397,1e-12,1e-12,1e-12,0.0,-0.0006597499205753601,0.6,0.6,0.045560612877790646,7,0.04556061287789537,30.46243578797083,1.7981188575222262,28.664316187712757,7.427358453240628e-07,0.0,0
78.788,0.5981999736993228,0.6455250409237817,1.6386401938893158,1e-12,1e-12,1e-12,0.0,-0.0006597499205753601,0.6,0.6,0.045560612877738285,7,0.04556061287789537,30.46243578797083,1.7981188575222262,28.664316187712757,7.427358453240628e-07,0.0,0
78.888,0.5981999736993228,0.6455250409237293,1.638574218921092,1e-12,1e-12,1e-12,0.0,-0.0006597499205753601,0.6,0.6,0.04556061287768592,7,0.04556061287789537,30.46243578797083,1.7981188575222262,28.664316187712757,7.427358453240628e-07,0.0,0
78.988,0.5981999736993228,0.6455250409236769,1.6385082439528684,1e-12,1e-12,1e-12,0.0,-0.0006597499205753601,0.6,0.6,0.045560612877633556,7,0.04556061287789537,30.46243578797083,1.7981188575222262,28.664316187712757,7.427358453240628e-07,0.0,0
79.088,0.5981999736993228,0.6455250409236245,1.638442268984645,1e-12,1e-12,1e-12,0.0,-0.0006597499205753601,0.6,0.6,0.045560612877581196,7,0.04556061287789537,30.46243578797083,1.7981188575222262,28.664316187712757,7.427358453240628e-07,0.0,0
79.188,0.5981999736993228,0.6455250409235728,1.6383762940345024,1e-12,1e-12,1e-12,0.0,-0.0006597491670463916,0.6,0.6,0.0455606128775295,7,0.045560612877633556,30.46243578794886,1.7981188575019527,28.664316187712757,7.42734148703377e-07,0.0,0
79.288,0.5981999736993228,0.6455250409235224,1.63831031914161,1e-12,1e-12,1e-12,0.0,-0.0006597491670463916,0.6,0.6,0.04556061287747914,7,0.045560612877633556,30.46243578794886,1.7981188575019527,28.664316187712757,7.42734148703377e-07,0.0,0
79.388,0.5981999736993228,0.6455250409234722,1.6382443442487178,1e-12,1e-12,1e-12,0.0,-0.0006597491670463916,0.6,0.6,0.04556061287742899,7,0.045560612877633556,30.46243578794886,1.7981188575019527,28.664316187712757,7.42734148703377e-07,0.0,0
79.488,0.5981999736993228,0.645525040923422,1.6381783693558254,1e-12,1e-12,1e-12,0.0,-0.0006597491670463916,0.6,0.6,0.04556061287737885,7,0.045560612877633556,30.46243578794886,1.7981188575019527,28.664316187712757,7.42734148703377e-07,0.0,0
79.588,0.5981999736993228,0.6455250409233716,1.638112394462933,1e-12,1e-12,1e-12,0.0,-0.0006597491670463916,0.6,0.6,0.04556061287732849,7,0.045560612877633556,30.46243578794886,1.7981188575019527,28.664316187712757,7.42734148703377e-07,0.0,0
79.688,0.5981999736993228,0.6455250409233201,1.6380464195926367,1e-12,1e-12,1e-12,0.0,-0.0006597484135183702,0.6,0.6,0.04556061287727701,7,0.04556061287737885,30.4624357879277,1.7981188574824882,28.664316187712757,7.427324520865972e-07,0.0,0
79.788,0.5981999736993228,0.645525040923267,1.6379804447750674,1e-12,1e-12,1e-12,0.0,-0.0006597484135183702,0.6,0.6,0.04556061287722398,7,0.04556061287737885,30.4624357879277,1.7981188574824882,28.664316187712757,7.427324520865972e-07,0.0,0
79.888,0.5981999736993228,0.6455250409232135,1.6379144699574943,1e-12,1e-12,1e-12,0.0,-0.0006597484135183702,0.6,0.6,0.04556061287717051,7,0.04556061287737885,30.4624357879277,1.7981188574824882,28.664316187712757,7.427324520865972e-07,0.0,0
79.988,0.5981999736993228,0.6455250409231604,1.637848495139924,1e-12,1e-12,1e-12,0.0,-0.0006597484135183702,0.6,0.6,0.04556061287711748,7,0.04556061287737885,30.4624357879277,1.7981188574824882,28.664316187712757,7.427324520865972e-07,0.0,0
80.088,0.5981999736993228,0.6455250409231069,1.6377825203223526,1e-12,1e-12,1e-12,0.0,-0.0006597484135183702,0.6,0.6,0.04556061287706401,7,0.04556061287737885,30.4624357879277,1.7981188574824882,28.664316187712757,7.427324520865972e-07,0.0,0
80.188,0.5981999736993228,0.6455250409230574,1.6377165455406666,1e-12,1e-12,1e-12,0.0,-0.0006597476510911922,0.6,0.6,0.04556061287701454,7,0.04556061287711748,30.462435787905857,1.7981188574623677,28.664316187712757,7.427307354349549e-07,0.0,0
80.288,0.5981999736993228,0.6455250409230128,1.6376505707994489,1e-12,1e-12,1e-12,0.0,-0.0006597476510911922,0.6,0.6,0.04556061287696994,7,0.04556061287711748,30.462435787905857,1.7981188574623677,28.664316187712757,7.427307354349549e-07,0.0,0
80.388,0.5981999736993228,0.6455250409229679,1.6375845960582316,1e-12,1e-12,1e-12,0.0,-0.0006597476510911922,0.6,0.6,0.04556061287692512,7,0.04556061287711748,30.462435787905857,1.7981188574623677,28.664316187712757,7.427307354349549e-07,0.0,0
80.488,0.5981999736993228,0.6455250409229231,1.6375186213170148,1e-12,1e-12,1e-12,0.0,-0.0006597476510911922,0.6,0.6,0.045560612876880305,7,0.04556061287711748,30.462435787905857,1.7981188574623677,28.664316187712757,7.427307354349549e-07,0.0,0
80.588,0.5981999736993228,0.6455250409228784,1.6374526465757975,1e-12,1e-12,1e-12,0.0,-0.0006597476510911922,0.6,0.6,0.04556061287683571,7,0.04556061287711748,30.462435787905857,1.7981188574623677,28.664316187712757,7.427307354349549e-07,0.0,0
80.688,0.5981999736993228,0.6455250409228345,1.637386671850402,1e-12,1e-12,1e-12,0.0,-0.0006597468975649324,0.6,0.6,0.04556061287679178,7,0.045560612876880305,30.46243578788597,1.7981188574441735,28.664316187712757,7.427290388262395e-07,0.0,0
80.788,0.5981999736993228,0.6455250409227932,1.6373206971845164,1e-12,1e-12,1e-12,0.0,-0.0006597468975649324,0.6,0.6,0.04556061287675051,7,0.045560612876880305,30.46243578788597,1.7981188574441735,28.664316187712757,7.427290388262395e-07,0.0,0
80.888,0.5981999736993228,0.6455250409227516,1.6372547225186325,1e-12,1e-12,1e-12,0.0,-0.0006597468975649324,0.6,0.6,0.04556061287670902,7,0.045560612876880305,30.46243578788597,1.7981188574441735,28.664316187712757,7.427290388262395e-07,0.0,0
80.988,0.5981999736993228,0.6455250409227106,1.6371887478527496,1e-12,1e-12,1e-12,0.0,-0.0006597468975649324,0.6,0.6,0.045560612876667975,7,0.045560612876880305,30.46243578788597,1.7981188574441735,28.664316187712757,7.427290388262395e-07,0.0,0
81.088,0.5981999736993228,0.6455250409226695,1.6371227731868645,1e-12,1e-12,1e-12,0.0,-0.0006597468975649324,0.6,0.6,0.04556061287662693,7,0.045560612876880305,30.46243578788597,1.7981188574441735,28.664316187712757,7.427290388262395e-07,0.0,0
81.188,0.5981999736993228,0.6455250409226282,1.6370567985352913,1e-12,1e-12,1e-12,0.0,-0.0006597461440398286,0.6,0.6,0.04556061287658566,7,0.045560612876667975,30.462435787867747,1.7981188574276488,28.664316187712757,7.427273422220734e-07,0.0,0
81.288,0.5981999736993228,0.6455250409225849,1.6369908239447264,1e-12,1e-12,1e-12,0.0,-0.0006597461440398286,0.6,0.6,0.045560612876542395,7,0.045560612876667975,30.462435787867747,1.7981188574276488,28.664316187712757,7.427273422220734e-07,0.0,0
81.388,0.5981999736993228,0.6455250409225416,1.6369248493541635,1e-12,1e-12,1e-12,0.0,-0.0006597461440398286,0.6,0.6,0.04556061287649913,7,0.045560612876667975,30.462435787867747,1.7981188574276488,28.664316187712757,7.427273422220734e-07,0.0,0
81.488,0.5981999736993228,0.6455250409224985,1.6368588747635988,1e-12,1e-12,1e-12,0.0,-0.0006597461440398286,0.6,0.6,0.04556061287645609,7,0.045560612876667975,30.462435787867747,1.7981188574276488,28.664316187712757,7.427273422220734e-07,0.0,0
81.588,0.5981999736993228,0.6455250409224557,1.636792900173034,1e-12,1e-12,1e-12,0.0,-0.0006597461440398286,0.6,0.6,0.04556061287641327,7,0.045560612876667975,30.462435787867747,1.7981188574276488,28.664316187712757,7.427273422220734e-07,0.0,0
81.688,0.5981999736993228,0.6455250409224124,1.6367269255824692,1e-12,1e-12,1e-12,0.0,-0.0006597453905154082,0.6,0.6,0.045560612876370005,7,0.04556061287645609,30.462435787849884,1.7981188574114806,28.664316187712757,7.427256456213975e-07,0.0,0
81.788,0.5981999736993228,0.6455250409223608,1.6366609510605843,1e-12,1e-12,1e-12,0.0,-0.0006597453905154082,0.6,0.6,0.045560612876318525,7,0.04556061287645609,30.462435787849884,1.7981188574114806,28.664316187712757,7.427256456213975e-07,0.0,0
81.888,0.5981999736993228,0.6455250409223089,1.636594976545491,1e-12,1e-12,1e-12,0.0,-0.0006597453905154082,0.6,0.6,0.04556061287626661,7,0.04556061287645609,30.462435787849884,1.7981188574114806,28.664316187712757,7.427256456213975e-07,0.0,0
81.988,0.5981999736993228,0.6455250409222569,1.6365290020303969,1e-12,1e-12,1e-12,0.0,-0.0006597453905154082,0.6,0.6,0.04556061287621469,7,0.04556061287645609,30.462435787849884,1.7981188574114806,28.664316187712757,7.427256456213975e-07,0.0,0
82.088,0.5981999736993228,0.645525040922205,1.6364630275153043,1e-12,1e-12,1e-12,0.0,-0.0006597453905154082,0.6,0.6,0.045560612876162775,7,0.04556061287645609,30.462435787849884,1.7981188574114806,28.664316187712757,7.427256456213975e-07,0.0,0
82.188,0.5981999736993228,0.6455250409221523,1.6363970530122642,1e-12,1e-12,1e-12,0.0,-0.0006597446369918138,0.6,0.6,0.04556061287611019,7,0.04556061287621469,30.462435787829786,1.7981188573930824,28.664316187712757,7.427239490245295e-07,0.0,0
82.288,0.5981999736993228,0.6455250409220995,1.6363310785724974,1e-12,1e-12,1e-12,0.0,-0.0006597446369918138,0.6,0.6,0.04556061287605739,7,0.04556061287621469,30.462435787829786,1.7981188573930824,28.664316187712757,7.427239490245295e-07,0.0,0
82.388,0.5981999736993228,0.645525040922046,1.636265104132731,1e-12,1e-12,1e-12,0.0,-0.0006597446369918138,0.6,0.6,0.045560612876003916,7,0.04556061287621469,30.462435787829786,1.7981188573930824,28.664316187712757,7.427239490245295e-07,0.0,0
82.488,0.5981999736993228,0.6455250409219931,1.636199129692965,1e-12,1e-12,1e-12,0.0,-0.0006597446369918138,0.6,0.6,0.04556061287595111,7,0.04556061287621469,30.462435787829786,1.7981188573930824,28.664316187712757,7.427239490245295e-07,0.0,0
82.568,0.5981999736993228,0.6455250409219507,1.6361463501411515,1e-12,1e-12,1e-12,0.0,-0.0006597446369918138,0.6,0.6,0.045560612875908735,7,0.04556061287621469,30.462435787829786,1.7981188573930824,28.664316187712757,7.427239490245295e-07,0.0,0
82.688,0.5981999736993228,0.6455250409218877,1.6360671808352791,1e-12,1e-12,1e-12,0.0,-0.0006597438834691725,0.6,0.6,0.04556061287584572,7,0.04556061287595111,30.462435787807667,1.7981188573726565,28.664316187712757,7.427222524319332e-07,0.0,0
82.788,0.5981999736993228,0.645525040921837,1.6360012064708451,1e-12,1e-12,1e-12,0.0,-0.0006597438834691725,0.6,0.6,0.04556061287579513,7,0.04556061287595111,30.462435787807667,1.7981188573726565,28.664316187712757,7.427222524319332e-07,0.0,0
82.888,0.5981999736993228,0.6455250409217864,1.6359352321064113,1e-12,1e-12,1e-12,0.0,-0.0006597438834691725,0.6,0.6,0.04556061287574455,7,0.04556061287595111,30.462435787807667,1.7981188573726565,28.664316187712757,7.427222524319332e-07,0.0,0
82.988,0.5981999736993228,0.6455250409217358,1.6358692577419778,1e-12,1e-12,1e-12,0.0,-0.0006597438834691725,0.6,0.6,0.04556061287569396,7,0.04556061287595111,30.462435787807667,1.7981188573726565,28.664316187712757,7.427222524319332e-07,0.0,0
83.088,0.5981999736993228,0.6455250409216852,1.635803283377544,1e-12,1e-12,1e-12,0.0,-0.0006597438834691725,0.6,0.6,0.04556061287564337,7,0.04556061287595111,30.462435787807667,1.7981188573726565,28.664316187712757,7.427222524319332e-07,0.0,0
83.188,0.5981999736993228,0.6455250409216328,1.6357373090485092,1e-12,1e-12,1e-12,0.0,-0.0006597431299474524,0.6,0.6,0.04556061287559101,7,0.04556061287569396,30.46243578778625,1.7981188573529403,28.664316187712757,7.42720555843186e-07,0.0,0
83.288,0.5981999736993228,0.6455250409215795,1.6356713347593945,1e-12,1e-12,1e-12,0.0,-0.0006597431299474524,0.6,0.6,0.04556061287553776,7,0.04556061287569396,30.46243578778625,1.7981188573529403,28.664316187712757,7.42720555843186e-07,0.0,0
83.388,0.5981999736993228,0.6455250409215264,1.6356053604702794,1e-12,1e-12,1e-12,0.0,-0.0006597431299474524,0.6,0.6,0.045560612875484734,7,0.04556061287569396,30.46243578778625,1.7981188573529403,28.664316187712757,7.42720555843186e-07,0.0,0
83.488,0.5981999736993228,0.6455250409214731,1.6355393861811636,1e-12,1e-12,1e-12,0.0,-0.0006597431299474524,0.6,0.6,0.045560612875431485,7,0.04556061287569396,30.46243578778625,1.7981188573529403,28.664316187712757,7.42720555843186e-07,0.0,0
83.588,0.5981999736993228,0.6455250409214189,1.635473411892046,1e-12,1e-12,1e-12,0.0,-0.0006597431299474524,0.6,0.6,0.04556061287537735,7,0.04556061287569396,30.46243578778625,1.7981188573529403,28.664316187712757,7.42720555843186e-07,0.0,0
83.688,0.5981999736993228,0.645525040921367,1.635407437644362,1e-12,1e-12,1e-12,0.0,-0.0006597423764264946,0.6,0.6,0.04556061287532543,7,0.045560612875431485,30.462435787764335,1.7981188573327183,28.664316187712757,7.427188592581032e-07,0.0,0
83.788,0.5981999736993228,0.645525040921315,1.6353414634305725,1e-12,1e-12,1e-12,0.0,-0.0006597423764264946,0.6,0.6,0.045560612875273514,7,0.045560612875431485,30.462435787764335,1.7981188573327183,28.664316187712757,7.427188592581032e-07,0.0,0
83.888,0.5981999736993228,0.6455250409212633,1.635275489216785,1e-12,1e-12,1e-12,0.0,-0.0006597423764264946,0.6,0.6,0.04556061287522182,7,0.045560612875431485,30.462435787764335,1.7981188573327183,28.664316187712757,7.427188592581032e-07,0.0,0
83.988,0.5981999736993228,0.6455250409212113,1.6352095150029953,1e-12,1e-12,1e-12,0.0,-0.0006597423764264946,0.6,0.6,0.0455606128751699,7,0.045560612875431485,30.462435787764335,1.7981188573327183,28.664316187712757,7.427188592581032e-07,0.0,0
84.088,0.5981999736993228,0.6455250409211596,1.635143540789207,1e-12,1e-12,1e-12,0.0,-0.0006597423764264946,0.6,0.6,0.04556061287511821,7,0.045560612875431485,30.462435787764335,1.7981188573327183,28.664316187712757,7.427188592581032e-07,0.0,0
84.188,0.5981999736993228,0.6455250409211076,1.635077566625138,1e-12,1e-12,1e-12,0.0,-0.0006597416229063171,0.6,0.6,0.045560612875066284,7,0.0455606128751699,30.462435787742667,1.7981188573127467,28.664316187712757,7.427171626767283e-07,0.0,0
84.288,0.5981999736993228,0.6455250409210559,1.6350115924866824,1e-12,1e-12,1e-12,0.0,-0.0006597416229063171,0.6,0.6,0.04556061287501459,7,0.0455606128751699,30.462435787742667,1.7981188573127467,28.664316187712757,7.427171626767283e-07,0.0,0
84.388,0.5981999736993228,0.6455250409210039,1.6349456183482267,1e-12,1e-12,1e-12,0.0,-0.0006597416229063171,0.6,0.6,0.04556061287496267,7,0.0455606128751699,30.462435787742667,1.7981188573127467,28.664316187712757,7.427171626767283e-07,0.0,0
84.488,0.5981999736993228,0.645525040920952,1.634879644209772,1e-12,1e-12,1e-12,0.0,-0.0006597416229063171,0.6,0.6,0.045560612874910755,7,0.0455606128751699,30.462435787742667,1.7981188573127467,28.664316187712757,7.427171626767283e-07,0.0,0
84.588,0.5981999736993228,0.6455250409209002,1.634813670071315,1e-12,1e-12,1e-12,0.0,-0.0006597416229063171,0.6,0.6,0.04556061287485906,7,0.0455606128751699,30.462435787742667,1.7981188573127467,28.664316187712757,7.427171626767283e-07,0.0,0
84.688,0.5981999736993228,0.6455250409208525,1.634747695962294,1e-12,1e-12,1e-12,0.0,-0.0006597408693872667,0.6,0.6,0.045560612874811356,7,0.045560612874910755,30.462435787721002,1.7981188572927767,28.664316187712757,7.427154660998394e-07,0.0,0
84.788,0.5981999736993228,0.6455250409208105,1.6346817218993133,1e-12,1e-12,1e-12,0.0,-0.0006597408693872667,0.6,0.6,0.045560612874769424,7,0.045560612874910755,30.462435787721002,1.7981188572927767,28.664316187712757,7.427154660998394e-07,0.0,0
84.888,0.5981999736993228,0.6455250409207686,1.6346157478363312,1e-12,1e-12,1e-12,0.0,-0.0006597408693872667,0.6,0.6,0.04556061287472749,7,0.045560612874910755,30.462435787721002,1.7981188572927767,28.664316187712757,7.427154660998394e-07,0.0,0
84.988,0.5981999736993228,0.6455250409207268,1.634549773773349,1e-12,1e-12,1e-12,0.0,-0.0006597408693872667,0.6,0.6,0.045560612874685776,7,0.045560612874910755,30.462435787721002,1.7981188572927767,28.664316187712757,7.427154660998394e-07,0.0,0
85.088,0.5981999736993228,0.6455250409206849,1.6344837997103674,1e-12,1e-12,1e-12,0.0,-0.0006597408693872667,0.6,0.6,0.045560612874643844,7,0.045560612874910755,30.462435787721002,1.7981188572927767,28.664316187712757,7.427154660998394e-07,0.0,0
85.188,0.5981999736993228,0.6455250409206422,1.634417825684297,1e-12,1e-12,1e-12,0.0,-0.0006597401158689475,0.6,0.6,0.045560612874601246,7,0.045560612874685776,30.462435787702123,1.7981188572755962,28.664316187712757,7.427137695265465e-07,0.0,0
85.288,0.5981999736993228,0.6455250409205976,1.6343518516966433,1e-12,1e-12,1e-12,0.0,-0.0006597401158689475,0.6,0.6,0.04556061287455665,7,0.045560612874685776,30.462435787702123,1.7981188572755962,28.664316187712757,7.427137695265465e-07,0.0,0
85.388,0.5981999736993228,0.645525040920553,1.634285877708991,1e-12,1e-12,1e-12,0.0,-0.0006597401158689475,0.6,0.6,0.04556061287451205,7,0.045560612874685776,30.462435787702123,1.7981188572755962,28.664316187712757,7.427137695265465e-07,0.0,0
85.488,0.5981999736993228,0.6455250409205086,1.6342199037213372,1e-12,1e-12,1e-12,0.0,-0.0006597401158689475,0.6,0.6,0.04556061287446768,7,0.045560612874685776,30.462435787702123,1.7981188572755962,28.664316187712757,7.427137695265465e-07,0.0,0
85.588,0.5981999736993228,0.6455250409204639,1.6341539297336845,1e-12,1e-12,1e-12,0.0,-0.0006597401158689475,0.6,0.6,0.04556061287442308,7,0.045560612874685776,30.462435787702123,1.7981188572755962,28.664316187712757,7.427137695265465e-07,0.0,0
85.688,0.5981999736993228,0.6455250409204204,1.6340879557723924,1e-12,1e-12,1e-12,0.0,-0.0006597393623515229,0.6,0.6,0.0455606128743796,7,0.04556061287446768,30.462435787683546,1.7981188572587192,28.664316187712757,7.427120729570415e-07,0.0,0
85.788,0.5981999736993228,0.6455250409203793,1.6340219818600557,1e-12,1e-12,1e-12,0.0,-0.0006597393623515229,0.6,0.6,0.045560612874338546,7,0.04556061287446768,30.462435787683546,1.7981188572587192,28.664316187712757,7.427120729570415e-07,0.0,0
85.888,0.5981999736993228,0.6455250409203382,1.6339560079477182,1e-12,1e-12,1e-12,0.0,-0.0006597393623515229,0.6,0.6,0.0455606128742975,7,0.04556061287446768,30.462435787683546,1.7981188572587192,28.664316187712757,7.427120729570415e-07,0.0,0
85.988,0.5981999736993228,0.6455250409202972,1.6338900340353826,1e-12,1e-12,1e-12,0.0,-0.0006597393623515229,0.6,0.6,0.04556061287425646,7,0.04556061287446768,30.462435787683546,1.7981188572587192,28.664316187712757,7.427120729570415e-07,0.0,0
86.088,0.5981999736993228,0.6455250409202565,1.6338240601230454,1e-12,1e-12,1e-12,0.0,-0.0006597393623515229,0.6,0.6,0.04556061287421585,7,0.04556061287446768,30.462435787683546,1.7981188572587192,28.664316187712757,7.427120729570415e-07,0.0,0
86.188,0.5981999736993228,0.6455250409202146,1.6337580862348147,1e-12,1e-12,1e-12,0.0,-0.0006597386088350837,0.6,0.6,0.04556061287417392,7,0.04556061287425646,30.462435787665832,1.7981188572426998,28.664316187712757,7.427103763918796e-07,0.0,0
86.288,0.5981999736993228,0.6455250409201715,1.6336921123978092,1e-12,1e-12,1e-12,0.0,-0.0006597386088350837,0.6,0.6,0.04556061287413088,7,0.04556061287425646,30.462435787665832,1.7981188572426998,28.664316187712757,7.427103763918796e-07,0.0,0
86.388,0.5981999736993228,0.6455250409201282,1.633626138560804,1e-12,1e-12,1e-12,0.0,-0.0006597386088350837,0.6,0.6,0.045560612874087615,7,0.04556061287425646,30.462435787665832,1.7981188572426998,28.664316187712757,7.427103763918796e-07,0.0,0
86.488,0.5981999736993228,0.6455250409200849,1.6335601647237994,1e-12,1e-12,1e-12,0.0,-0.0006597386088350837,0.6,0.6,0.04556061287404435,7,0.04556061287425646,30.462435787665832,1.7981188572426998,28.664316187712757,7.427103763918796e-07,0.0,0
86.588,0.5981999736993228,0.6455250409200418,1.6334941908867935,1e-12,1e-12,1e-12,0.0,-0.0006597386088350837,0.6,0.6,0.0455606128740013,7,0.04556061287425646,30.462435787665832,1.7981188572426998,28.664316187712757,7.427103763918796e-07,0.0,0
86.688,0.5981999736993228,0.6455250409199985,1.6334282170595817,1e-12,1e-12,1e-12,0.0,-0.0006597378553194911,0.6,0.6,0.04556061287395804,7,0.04556061287404435,30.462435787647618,1.7981188572261808,28.664316187712757,7.42708679830574e-07,0.0,0
86.788,0.5981999736993228,0.6455250409199552,1.6333622432979007,1e-12,1e-12,1e-12,0.0,-0.0006597378553194911,0.6,0.6,0.045560612873914774,7,0.04556061287404435,30.462435787647618,1.7981188572261808,28.664316187712757,7.42708679830574e-07,0.0,0
86.888,0.5981999736993228,0.6455250409199117,1.633296269536221,1e-12,1e-12,1e-12,0.0,-0.0006597378553194911,0.6,0.6,0.04556061287387129,7,0.04556061287404435,30.462435787647618,1.7981188572261808,28.664316187712757,7.42708679830574e-07,0.0,0
86.988,0.5981999736993228,0.6455250409198682,1.633230295774541,1e-12,1e-12,1e-12,0.0,-0.0006597378553194911,0.6,0.6,0.0455606128738278,7,0.04556061287404435,30.462435787647618,1.7981188572261808,28.664316187712757,7.42708679830574e-07,0.0,0
87.088,0.5981999736993228,0.6455250409198244,1.6331643220128615,1e-12,1e-12,1e-12,0.0,-0.0006597378553194911,0.6,0.6,0.045560612873784094,7,0.04556061287404435,30.462435787647618,1.7981188572261808,28.664316187712757,7.42708679830574e-07,0.0,0
87.188,0.5981999736993228,0.6455250409197814,1.6330983482656607,1e-12,1e-12,1e-12,0.0,-0.0006597370929046954,0.6,0.6,0.04556061287374105,7,0.0455606128738278,30.46243578762922,1.7981188572095035,28.664316187712757,7.427069632342716e-07,0.0,0
87.288,0.5981999736993228,0.6455250409197387,1.6330323745801891,1e-12,1e-12,1e-12,0.0,-0.0006597370929046954,0.6,0.6,0.04556061287369845,7,0.0455606128738278,30.46243578762922,1.7981188572095035,28.664316187712757,7.427069632342716e-07,0.0,0
87.388,0.5981999736993228,0.6455250409196965,1.6329664008947165,1e-12,1e-12,1e-12,0.0,-0.0006597370929046954,0.6,0.6,0.045560612873656293,7,0.0455606128738278,30.46243578762922,1.7981188572095035,28.664316187712757,7.427069632342716e-07,0.0,0
87.488,0.5981999736993228,0.6455250409196539,1.6329004272092447,1e-12,1e-12,1e-12,0.0,-0.0006597370929046954,0.6,0.6,0.045560612873613696,7,0.0455606128738278,30.46243578762922,1.7981188572095035,28.664316187712757,7.427069632342716e-07,0.0,0
87.588,0.5981999736993228,0.6455250409196113,1.6328344535237733,1e-12,1e-12,1e-12,0.0,-0.0006597370929046954,0.6,0.6,0.0455606128735711,7,0.0455606128738278,30.46243578762922,1.7981188572095035,28.664316187712757,7.427069632342716e-07,0.0,0
87.688,0.5981999736993228,0.6455250409195691,1.6327684798420683,1e-12,1e-12,1e-12,0.0,-0.0006597363393906086,0.6,0.6,0.045560612873528944,7,0.045560612873613696,30.462435787611007,1.7981188571929811,28.664316187712757,7.42705266680104e-07,0.0,0
87.788,0.5981999736993228,0.6455250409195249,1.6327025062319294,1e-12,1e-12,1e-12,0.0,-0.0006597363393906086,0.6,0.6,0.04556061287348479,7,0.045560612873613696,30.462435787611007,1.7981188571929811,28.664316187712757,7.42705266680104e-07,0.0,0
87.888,0.5981999736993228,0.6455250409194807,1.6326365326217909,1e-12,1e-12,1e-12,0.0,-0.0006597363393906086,0.6,0.6,0.04556061287344063,7,0.045560612873613696,30.462435787611007,1.7981188571929811,28.664316187712757,7.42705266680104e-07,0.0,0
87.988,0.5981999736993228,0.6455250409194367,1.632570559011653,1e-12,1e-12,1e-12,0.0,-0.0006597363393906086,0.6,0.6,0.0455606128733967,7,0.045560612873613696,30.462435787611007,1.7981188571929811,28.664316187712757,7.42705266680104e-07,0.0,0
88.088,0.5981999736993228,0.6455250409193928,1.6325045854015128,1e-12,1e-12,1e-12,0.0,-0.0006597363393906086,0.6,0.6,0.04556061287335277,7,0.045560612873613696,30.462435787611007,1.7981188571929811,28.664316187712757,7.42705266680104e-07,0.0,0
88.188,0.5981999736993228,0.6455250409193448,1.6324386118230705,1e-12,1e-12,1e-12,0.0,-0.0006597355858776897,0.6,0.6,0.04556061287330485,7,0.0455606128733967,30.462435787592884,1.7981188571765587,28.664316187712757,7.427035701305136e-07,0.0,0
88.288,0.5981999736993228,0.6455250409192913,1.6323726382883987,1e-12,1e-12,1e-12,0.0,-0.0006597355858776897,0.6,0.6,0.04556061287325138,7,0.0455606128733967,30.462435787592884,1.7981188571765587,28.664316187712757,7.427035701305136e-07,0.0,0
88.388,0.5981999736993228,0.645525040919238,1.632306664753724,1e-12,1e-12,1e-12,0.0,-0.0006597355858776897,0.6,0.6,0.04556061287319813,7,0.0455606128733967,30.462435787592884,1.7981188571765587,28.664316187712757,7.427035701305136e-07,0.0,0
88.488,0.5981999736993228,0.6455250409191843,1.6322406912190528,1e-12,1e-12,1e-12,0.0,-0.0006597355858776897,0.6,0.6,0.04556061287314444,7,0.0455606128733967,30.462435787592884,1.7981188571765587,28.664316187712757,7.427035701305136e-07,0.0,0
88.588,0.5981999736993228,0.645525040919131,1.6321747176843784,1e-12,1e-12,1e-12,0.0,-0.0006597355858776897,0.6,0.6,0.04556061287309119,7,0.0455606128733967,30.462435787592884,1.7981188571765587,28.664316187712757,7.427035701305136e-07,0.0,0
88.688,0.5981999736993228,0.6455250409190781,1.6321087441655235,1e-12,1e-12,1e-12,0.0,-0.0006597348323654826,0.6,0.6,0.045560612873038385,7,0.04556061287314444,30.462435787571728,1.7981188571570954,28.664316187712757,7.427018735844762e-07,0.0,0
88.788,0.5981999736993228,0.6455250409190282,1.632042770706171,1e-12,1e-12,1e-12,0.0,-0.0006597348323654826,0.6,0.6,0.04556061287298846,7,0.04556061287314444,30.462435787571728,1.7981188571570954,28.664316187712757,7.427018735844762e-07,0.0,0
88.888,0.5981999736993228,0.645525040918978,1.6319767972468184,1e-12,1e-12,1e-12,0.0,-0.0006597348323654826,0.6,0.6,0.04556061287293832,7,0.04556061287314444,30.462435787571728,1.7981188571570954,28.664316187712757,7.427018735844762e-07,0.0,0
88.988,0.5981999736993228,0.645525040918928,1.6319108237874658,1e-12,1e-12,1e-12,0.0,-0.0006597348323654826,0.6,0.6,0.0455606128728884,7,0.04556061287314444,30.462435787571728,1.7981188571570954,28.664316187712757,7.427018735844762e-07,0.0,0
89.088,0.5981999736993228,0.6455250409188781,1.6318448503281127,1e-12,1e-12,1e-12,0.0,-0.0006597348323654826,0.6,0.6,0.045560612872838475,7,0.04556061287314444,30.462435787571728,1.7981188571570954,28.664316187712757,7.427018735844762e-07,0.0,0
89.188,0.5981999736993228,0.6455250409188261,1.6317788769071782,1e-12,1e-12,1e-12,0.0,-0.0006597340788540483,0.6,0.6,0.04556061287278656,7,0.0455606128728884,30.462435787550366,1.79811885713743,28.664316187712757,7.427001770421274e-07,0.0,0
89.288,0.5981999736993228,0.6455250409187728,1.6317129035231572,1e-12,1e-12,1e-12,0.0,-0.0006597340788540483,0.6,0.6,0.04556061287273331,7,0.0455606128728884,30.462435787550366,1.79811885713743,28.664316187712757,7.427001770421274e-07,0.0,0
89.388,0.5981999736993228,0.6455250409187195,1.6316469301391365,1e-12,1e-12,1e-12,0.0,-0.0006597340788540483,0.6,0.6,0.04556061287268006,7,0.0455606128728884,30.462435787550366,1.79811885713743,28.664316187712757,7.427001770421274e-07,0.0,0
89.488,0.5981999736993228,0.6455250409186662,1.6315809567551163,1e-12,1e-12,1e-12,0.0,-0.0006597340788540483,0.6,0.6,0.04556061287262681,7,0.0455606128728884,30.462435787550366,1.79811885713743,28.664316187712757,7.427001770421274e-07,0.0,0
89.588,0.5981999736993228,0.645525040918613,1.6315149833710954,1e-12,1e-12,1e-12,0.0,-0.0006597340788540483,0.6,0.6,0.04556061287257356,7,0.0455606128728884,30.462435787550366,1.79811885713743,28.664316187712757,7.427001770421274e-07,0.0,0
89.688,0.5981999736993228,0.6455250409185637,1.631449010014245,1e-12,1e-12,1e-12,0.0,-0.0006597333253437546,0.6,0.6,0.04556061287252431,7,0.04556061287262681,30.462435787528648,1.7981188571174105,28.664316187712757,7.426984805042963e-07,0.0,0
89.788,0.5981999736993228,0.6455250409185213,1.6313830367056992,1e-12,1e-12,1e-12,0.0,-0.0006597333253437546,0.6,0.6,0.04556061287248193,7,0.04556061287262681,30.462435787528648,1.7981188571174105,28.664316187712757,7.426984805042963e-07,0.0,0
89.888,0.5981999736993228,0.6455250409184788,1.6313170633971514,1e-12,1e-12,1e-12,0.0,-0.0006597333253437546,0.6,0.6,0.04556061287243955,7,0.04556061287262681,30.462435787528648,1.7981188571174105,28.664316187712757,7.426984805042963e-07,0.0,0
89.988,0.5981999736993228,0.6455250409184367,1.631251090088604,1e-12,1e-12,1e-12,0.0,-0.0006597333253437546,0.6,0.6,0.0455606128723974,7,0.04556061287262681,30.462435787528648,1.7981188571174105,28.664316187712757,7.426984805042963e-07,0.0,0
90.088,0.5981999736993228,0.6455250409183945,1.6311851167800566,1e-12,1e-12,1e-12,0.0,-0.0006597333253437546,0.6,0.6,0.045560612872355244,7,0.04556061287262681,30.462435787528648,1.7981188571174105,28.664316187712757,7.426984805042963e-07,0.0,0
90.188,0.5981999736993228,0.6455250409183516,1.6311191434941055,1e-12,1e-12,1e-12,0.0,-0.000659732571834237,0.6,0.6,0.045560612872312424,7,0.0455606128723974,30.46243578750926,1.7981188570997206,28.664316187712757,7.426967839701607e-07,0.0,0
90.288,0.5981999736993228,0.6455250409183081,1.6310531702608837,1e-12,1e-12,1e-12,0.0,-0.000659732571834237,0.6,0.6,0.04556061287226893,7,0.0455606128723974,30.46243578750926,1.7981188570997206,28.664316187712757,7.426967839701607e-07,0.0,0
90.388,0.5981999736993228,0.6455250409182643,1.6309871970276595,1e-12,1e-12,1e-12,0.0,-0.000659732571834237,0.6,0.6,0.04556061287222522,7,0.0455606128723974,30.46243578750926,1.7981188570997206,28.664316187712757,7.426967839701607e-07,0.0,0
90.488,0.5981999736993228,0.6455250409182206,1.630921223794435,1e-12,1e-12,1e-12,0.0,-0.000659732571834237,0.6,0.6,0.045560612872181515,7,0.0455606128723974,30.46243578750926,1.7981188570997206,28.664316187712757,7.426967839701607e-07,0.0,0
90.588,0.5981999736993228,0.6455250409181769,1.6308552505612128,1e-12,1e-12,1e-12,0.0,-0.000659732571834237,0.6,0.6,0.04556061287213781,7,0.0455606128723974,30.46243578750926,1.7981188570997206,28.664316187712757,7.426967839701607e-07,0.0,0
90.688,0.5981999736993228,0.645525040918134,1.630789277356187,1e-12,1e-12,1e-12,0.0,-0.000659731809425927,0.6,0.6,0.04556061287209499,7,0.045560612872181515,30.462435787491124,1.7981188570832987,28.664316187712757,7.426950674022896e-07,0.0,0
90.788,0.5981999736993228,0.6455250409180916,1.6307233041991722,1e-12,1e-12,1e-12,0.0,-0.000659731809425927,0.6,0.6,0.04556061287205261,7,0.045560612872181515,30.462435787491124,1.7981188570832987,28.664316187712757,7.426950674022896e-07,0.0,0
90.888,0.5981999736993228,0.6455250409180492,1.6306573310421588,1e-12,1e-12,1e-12,0.0,-0.000659731809425927,0.6,0.6,0.045560612872010235,7,0.045560612872181515,30.462435787491124,1.7981188570832987,28.664316187712757,7.426950674022896e-07,0.0,0
90.988,0.5981999736993228,0.645525040918007,1.630591357885144,1e-12,1e-12,1e-12,0.0,-0.000659731809425927,0.6,0.6,0.045560612871968074,7,0.045560612872181515,30.462435787491124,1.7981188570832987,28.664316187712757,7.426950674022896e-07,0.0,0
91.088,0.5981999736993228,0.6455250409179648,1.6305253847281294,1e-12,1e-12,1e-12,0.0,-0.000659731809425927,0.6,0.6,0.04556061287192592,7,0.045560612872181515,30.462435787491124,1.7981188570832987,28.664316187712757,7.426950674022896e-07,0.0,0
91.188,0.5981999736993228,0.6455250409179215,1.6304594116042612,1e-12,1e-12,1e-12,0.0,-0.0006597310559182729,0.6,0.6,0.04556061287188266,7,0.045560612871968074,30.462435787472906,1.7981188570667777,28.664316187712757,7.426933708762735e-07,0.0,0
91.288,0.5981999736993228,0.6455250409178771,1.6303934385225802,1e-12,1e-12,1e-12,0.0,-0.0006597310559182729,0.6,0.6,0.04556061287183828,7,0.045560612871968074,30.462435787472906,1.7981188570667777,28.664316187712757,7.426933708762735e-07,0.0,0
91.388,0.5981999736993228,0.6455250409178327,1.6303274654408995,1e-12,1e-12,1e-12,0.0,-0.0006597310559182729,0.6,0.6,0.04556061287179391,7,0.045560612871968074,30.462435787472906,1.7981188570667777,28.664316187712757,7.426933708762735e-07,0.0,0
91.488,0.5981999736993228,0.6455250409177883,1.6302614923592185,1e-12,1e-12,1e-12,0.0,-0.0006597310559182729,0.6,0.6,0.045560612871749534,7,0.045560612871968074,30.462435787472906,1.7981188570667777,28.664316187712757,7.426933708762735e-07,0.0,0
91.588,0.5981999736993228,0.6455250409177439,1.6301955192775355,1e-12,1e-12,1e-12,0.0,-0.0006597310559182729,0.6,0.6,0.04556061287170516,7,0.045560612871968074,30.462435787472906,1.7981188570667777,28.664316187712757,7.426933708762735e-07,0.0,0
91.688,0.5981999736993228,0.6455250409177004,1.6301295462079035,1e-12,1e-12,1e-12,0.0,-0.0006597303024114124,0.6,0.6,0.045560612871661674,7,0.045560612871749534,30.46243578745433,1.7981188570498972,28.664316187712757,7.426916743539922e-07,0.0,0
91.788,0.5981999736993228,0.6455250409176584,1.6300635732015387,1e-12,1e-12,1e-12,0.0,-0.0006597303024114124,0.6,0.6,0.04556061287161974,7,0.045560612871749534,30.46243578745433,1.7981188570498972,28.664316187712757,7.426916743539922e-07,0.0,0
91.888,0.5981999736993228,0.6455250409176164,1.6299976001951726,1e-12,1e-12,1e-12,0.0,-0.0006597303024114124,0.6,0.6,0.0455606128715778,7,0.045560612871749534,30.46243578745433,1.7981188570498972,28.664316187712757,7.426916743539922e-07,0.0,0
91.988,0.5981999736993228,0.6455250409175753,1.6299316271888071,1e-12,1e-12,1e-12,0.0,-0.0006597303024114124,0.6,0.6,0.04556061287153676,7,0.045560612871749534,30.46243578745433,1.7981188570498972,28.664316187712757,7.426916743539922e-07,0.0,0
92.088,0.5981999736993228,0.6455250409175349,1.6298656541824397,1e-12,1e-12,1e-12,0.0,-0.0006597303024114124,0.6,0.6,0.045560612871496375,7,0.045560612871749534,30.46243578745433,1.7981188570498972,28.664316187712757,7.426916743539922e-07,0.0,0
92.188,0.5981999736993228,0.6455250409174912,1.6297996812114792,1e-12,1e-12,1e-12,0.0,-0.0006597295489053419,0.6,0.6,0.04556061287145267,7,0.04556061287153676,30.462435787436362,1.7981188570336286,28.664316187712757,7.426899778352641e-07,0.0,0
92.288,0.5981999736993228,0.6455250409174468,1.6297337082804415,1e-12,1e-12,1e-12,0.0,-0.0006597295489053419,0.6,0.6,0.04556061287140829,7,0.04556061287153676,30.462435787436362,1.7981188570336286,28.664316187712757,7.426899778352641e-07,0.0,0
92.388,0.5981999736993228,0.6455250409174024,1.6296677353494051,1e-12,1e-12,1e-12,0.0,-0.0006597295489053419,0.6,0.6,0.04556061287136392,7,0.04556061287153676,30.462435787436362,1.7981188570336286,28.664316187712757,7.426899778352641e-07,0.0,0
92.488,0.5981999736993228,0.645525040917358,1.6296017624183683,1e-12,1e-12,1e-12,0.0,-0.0006597295489053419,0.6,0.6,0.045560612871319545,7,0.04556061287153676,30.462435787436362,1.7981188570336286,28.664316187712757,7.426899778352641e-07,0.0,0
92.588,0.5981999736993228,0.6455250409173136,1.629535789487331,1e-12,1e-12,1e-12,0.0,-0.0006597295489053419,0.6,0.6,0.04556061287127517,7,0.04556061287153676,30.462435787436362,1.7981188570336286,28.664316187712757,7.426899778352641e-07,0.0,0
92.688,0.5981999736993228,0.6455250409172703,1.6294698165901909,1e-12,1e-12,1e-12,0.0,-0.0006597287954000731,0.6,0.6,0.045560612871231906,7,0.045560612871319545,30.462435787417995,1.798118857016956,28.664316187712757,7.426882813202903e-07,0.0,0
92.788,0.5981999736993228,0.6455250409172281,1.6294038437344833,1e-12,1e-12,1e-12,0.0,-0.0006597287954000731,0.6,0.6,0.04556061287118975,7,0.045560612871319545,30.462435787417995,1.798118857016956,28.664316187712757,7.426882813202903e-07,0.0,0
92.888,0.5981999736993228,0.6455250409171859,1.629337870878775,1e-12,1e-12,1e-12,0.0,-0.0006597287954000731,0.6,0.6,0.0455606128711476,7,0.045560612871319545,30.462435787417995,1.798118857016956,28.664316187712757,7.426882813202903e-07,0.0,0
92.988,0.5981999736993228,0.6455250409171439,1.6292718980230658,1e-12,1e-12,1e-12,0.0,-0.0006597287954000731,0.6,0.6,0.04556061287110566,7,0.045560612871319545,30.462435787417995,1.798118857016956,28.664316187712757,7.426882813202903e-07,0.0,0
93.088,0.5981999736993228,0.6455250409171019,1.6292059251673576,1e-12,1e-12,1e-12,0.0,-0.0006597287954000731,0.6,0.6,0.04556061287106373,7,0.045560612871319545,30.462435787417995,1.798118857016956,28.664316187712757,7.426882813202903e-07,0.0,0
93.188,0.5981999736993228,0.6455250409170606,1.6291399523402683,1e-12,1e-12,1e-12,0.0,-0.0006597280418959112,0.6,0.6,0.04556061287102246,7,0.04556061287110566,30.46243578739977,1.7981188570004294,28.664316187712757,7.426865848097575e-07,0.0,0
93.288,0.5981999736993228,0.6455250409170185,1.6290739795598765,1e-12,1e-12,1e-12,0.0,-0.0006597280418959112,0.6,0.6,0.04556061287098031,7,0.04556061287110566,30.46243578739977,1.7981188570004294,28.664316187712757,7.426865848097575e-07,0.0,0
93.388,0.5981999736993228,0.6455250409169765,1.6290080067794834,1e-12,1e-12,1e-12,0.0,-0.0006597280418959112,0.6,0.6,0.04556061287093837,7,0.04556061287110566,30.46243578739977,1.7981188570004294,28.664316187712757,7.426865848097575e-07,0.0,0
93.488,0.5981999736993228,0.6455250409169345,1.6289420339990912,1e-12,1e-12,1e-12,0.0,-0.0006597280418959112,0.6,0.6,0.04556061287089644,7,0.04556061287110566,30.46243578739977,1.7981188570004294,28.664316187712757,7.426865848097575e-07,0.0,0
93.588,0.5981999736993228,0.6455250409168932,1.6288760612186979,1e-12,1e-12,1e-12,0.0,-0.0006597280418959112,0.6,0.6,0.04556061287085517,7,0.04556061287110566,30.46243578739977,1.7981188570004294,28.664316187712757,7.426865848097575e-07,0.0,0
93.688,0.5981999736993228,0.6455250409168495,1.6288100884827519,1e-12,1e-12,1e-12,0.0,-0.0006597272883925527,0.6,0.6,0.045560612870811465,7,0.04556061287089644,30.46243578738206,1.7981188569844133,28.664316187712757,7.426848883029832e-07,0.0,0
93.788,0.5981999736993228,0.6455250409168046,1.6287441157776927,1e-12,1e-12,1e-12,0.0,-0.0006597272883925527,0.6,0.6,0.04556061287076665,7,0.04556061287089644,30.46243578738206,1.7981188569844133,28.664316187712757,7.426848883029832e-07,0.0,0
93.888,0.5981999736993228,0.6455250409167598,1.628678143072633,1e-12,1e-12,1e-12,0.0,-0.0006597272883925527,0.6,0.6,0.04556061287072183,7,0.04556061287089644,30.46243578738206,1.7981188569844133,28.664316187712757,7.426848883029832e-07,0.0,0
93.988,0.5981999736993228,0.6455250409167151,1.6286121703675724,1e-12,1e-12,1e-12,0.0,-0.0006597272883925527,0.6,0.6,0.04556061287067723,7,0.04556061287089644,30.46243578738206,1.7981188569844133,28.664316187712757,7.426848883029832e-07,0.0,0
94.088,0.5981999736993228,0.6455250409166703,1.6285461976625129,1e-12,1e-12,1e-12,0.0,-0.0006597272883925527,0.6,0.6,0.045560612870632414,7,0.04556061287089644,30.46243578738206,1.7981188569844133,28.664316187712757,7.426848883029832e-07,0.0,0
94.188,0.5981999736993228,0.6455250409166268,1.6284802249928605,1e-12,1e-12,1e-12,0.0,-0.0006597265348902289,0.6,0.6,0.04556061287058893,7,0.04556061287067723,30.462435787363482,1.7981188569675346,28.664316187712757,7.42683191800663e-07,0.0,0
94.288,0.5981999736993228,0.6455250409165857,1.6284142523631338,1e-12,1e-12,1e-12,0.0,-0.0006597265348902289,0.6,0.6,0.04556061287054788,7,0.04556061287067723,30.462435787363482,1.7981188569675346,28.664316187712757,7.42683191800663e-07,0.0,0
94.388,0.5981999736993228,0.6455250409165446,1.628348279733407,1e-12,1e-12,1e-12,0.0,-0.0006597265348902289,0.6,0.6,0.045560612870506834,7,0.04556061287067723,30.462435787363482,1.7981188569675346,28.664316187712757,7.42683191800663e-07,0.0,0
94.488,0.5981999736993228,0.6455250409165033,1.6282823071036807,1e-12,1e-12,1e-12,0.0,-0.0006597265348902289,0.6,0.6,0.04556061287046556,7,0.04556061287067723,30.462435787363482,1.7981188569675346,28.664316187712757,7.42683191800663e-07,0.0,0
94.588,0.5981999736993228,0.6455250409164622,1.6282163344739546,1e-12,1e-12,1e-12,0.0,-0.0006597265348902289,0.6,0.6,0.04556061287042452,7,0.04556061287067723,30.462435787363482,1.7981188569675346,28.664316187712757,7.42683191800663e-07,0.0,0
94.688,0.5981999736993228,0.64552504091643,1.6281503618910211,1e-12,1e-12,1e-12,0.0,-0.0006597257813886399,0.6,0.6,0.04556061287039235,7,0.04556061287046556,30.462435787345516,1.7981188569512643,28.664316187712757,7.426814953019465e-07,0.0,0
94.788,0.5981999736993228,0.6455250409164032,1.6280843893367687,1e-12,1e-12,1e-12,0.0,-0.0006597257813886399,0.6,0.6,0.0455606128703655,7,0.04556061287046556,30.462435787345516,1.7981188569512643,28.664316187712757,7.426814953019465e-07,0.0,0
94.888,0.5981999736993228,0.6455250409163765,1.6280184167825151,1e-12,1e-12,1e-12,0.0,-0.0006597257813886399,0.6,0.6,0.04556061287033888,7,0.04556061287046556,30.462435787345516,1.7981188569512643,28.664316187712757,7.426814953019465e-07,0.0,0
94.988,0.5981999736993228,0.6455250409163499,1.6279524442282618,1e-12,1e-12,1e-12,0.0,-0.0006597257813886399,0.6,0.6,0.04556061287031225,7,0.04556061287046556,30.462435787345516,1.7981188569512643,28.664316187712757,7.426814953019465e-07,0.0,0
95.088,0.5981999736993228,0.6455250409163235,1.6278864716740098,1e-12,1e-12,1e-12,0.0,-0.0006597257813886399,0.6,0.6,0.04556061287028585,7,0.04556061287046556,30.462435787345516,1.7981188569512643,28.664316187712757,7.426814953019465e-07,0.0,0
95.188,0.5981999736993228,0.6455250409162895,1.6278204991574938,1e-12,1e-12,1e-12,0.0,-0.0006597250278878778,0.6,0.6,0.045560612870251906,7,0.04556061287031225,30.462435787332065,1.798118856939509,28.664316187712757,7.426797988070425e-07,0.0,0
95.288,0.5981999736993228,0.6455250409162491,1.6277545266787146,1e-12,1e-12,1e-12,0.0,-0.0006597250278878778,0.6,0.6,0.04556061287021152,7,0.04556061287031225,30.462435787332065,1.798118856939509,28.664316187712757,7.426797988070425e-07,0.0,0
95.388,0.5981999736993228,0.6455250409162082,1.6276885541999357,1e-12,1e-12,1e-12,0.0,-0.0006597250278878778,0.6,0.6,0.0455606128701707,7,0.04556061287031225,30.462435787332065,1.798118856939509,28.664316187712757,7.426797988070425e-07,0.0,0
95.488,0.5981999736993228,0.6455250409161676,1.627622581721158,1e-12,1e-12,1e-12,0.0,-0.0006597250278878778,0.6,0.6,0.04556061287013009,7,0.04556061287031225,30.462435787332065,1.798118856939509,28.664316187712757,7.426797988070425e-07,0.0,0
95.588,0.5981999736993228,0.645525040916127,1.6275566092423788,1e-12,1e-12,1e-12,0.0,-0.0006597250278878778,0.6,0.6,0.045560612870089494,7,0.04556061287031225,30.462435787332065,1.798118856939509,28.664316187712757,7.426797988070425e-07,0.0,0
95.688,0.5981999736993228,0.6455250409160861,1.6274906367839348,1e-12,1e-12,1e-12,0.0,-0.0006597242743878878,0.6,0.6,0.045560612870048665,7,0.04556061287013009,30.462435787316483,1.7981188569256217,28.664316187712757,7.426781023156484e-07,0.0,0
95.788,0.5981999736993228,0.6455250409160441,1.6274246643804697,1e-12,1e-12,1e-12,0.0,-0.0006597242743878878,0.6,0.6,0.045560612870006734,7,0.04556061287013009,30.462435787316483,1.7981188569256217,28.664316187712757,7.426781023156484e-07,0.0,0
95.888,0.5981999736993228,0.6455250409160024,1.6273586919770056,1e-12,1e-12,1e-12,0.0,-0.0006597242743878878,0.6,0.6,0.045560612869965024,7,0.04556061287013009,30.462435787316483,1.7981188569256217,28.664316187712757,7.426781023156484e-07,0.0,0
95.988,0.5981999736993228,0.64552504091596,1.6272927195735423,1e-12,1e-12,1e-12,0.0,-0.0006597242743878878,0.6,0.6,0.04556061286992265,7,0.04556061287013009,30.462435787316483,1.7981188569256217,28.664316187712757,7.426781023156484e-07,0.0,0
96.088,0.5981999736993228,0.6455250409159184,1.6272267471700768,1e-12,1e-12,1e-12,0.0,-0.0006597242743878878,0.6,0.6,0.045560612869881154,7,0.04556061287013009,30.462435787316483,1.7981188569256217,28.664316187712757,7.426781023156484e-07,0.0,0
96.188,0.5981999736993228,0.6455250409158756,1.6271607747869512,1e-12,1e-12,1e-12,0.0,-0.0006597235208887205,0.6,0.6,0.045560612869838334,7,0.04556061286992265,30.46243578729877,1.7981188569096056,28.664316187712757,7.426764058280586e-07,0.0,0
96.288,0.5981999736993228,0.645525040915831,1.6270948024588165,1e-12,1e-12,1e-12,0.0,-0.0006597235208887205,0.6,0.6,0.04556061286979374,7,0.04556061286992265,30.46243578729877,1.7981188569096056,28.664316187712757,7.426764058280586e-07,0.0,0
96.388,0.5981999736993228,0.6455250409157863,1.6270288301306821,1e-12,1e-12,1e-12,0.0,-0.0006597235208887205,0.6,0.6,0.04556061286974914,7,0.04556061286992265,30.46243578729877,1.7981188569096056,28.664316187712757,7.426764058280586e-07,0.0,0
96.488,0.5981999736993228,0.6455250409157419,1.6269628578025475,1e-12,1e-12,1e-12,0.0,-0.0006597235208887205,0.6,0.6,0.04556061286970477,7,0.04556061286992265,30.46243578729877,1.7981188569096056,28.664316187712757,7.426764058280586e-07,0.0,0
96.588,0.5981999736993228,0.6455250409156973,1.6268968854744141,1e-12,1e-12,1e-12,0.0,-0.0006597235208887205,0.6,0.6,0.04556061286966017,7,0.04556061286992265,30.46243578729877,1.7981188569096056,28.664316187712757,7.426764058280586e-07,0.0,0
96.688,0.5981999736993228,0.6455250409156538,1.6268309131658651,1e-12,1e-12,1e-12,0.0,-0.000659722767390691,0.6,0.6,0.045560612869616685,7,0.04556061286970477,30.462435787280192,1.7981188568927255,28.664316187712757,7.426747093449795e-07,0.0,0
96.788,0.5981999736993228,0.6455250409156127,1.6267649409130593,1e-12,1e-12,1e-12,0.0,-0.000659722767390691,0.6,0.6,0.04556061286957564,7,0.04556061286970477,30.462435787280192,1.7981188568927255,28.664316187712757,7.426747093449795e-07,0.0,0
96.888,0.5981999736993228,0.6455250409155714,1.6266989686602549,1e-12,1e-12,1e-12,0.0,-0.000659722767390691,0.6,0.6,0.04556061286953437,7,0.04556061286970477,30.462435787280192,1.7981188568927255,28.664316187712757,7.426747093449795e-07,0.0,0
96.988,0.5981999736993228,0.6455250409155308,1.6266329964074502,1e-12,1e-12,1e-12,0.0,-0.000659722767390691,0.6,0.6,0.04556061286949377,7,0.04556061286970477,30.462435787280192,1.7981188568927255,28.664316187712757,7.426747093449795e-07,0.0,0
97.088,0.5981999736993228,0.6455250409154895,1.6265670241546457,1e-12,1e-12,1e-12,0.0,-0.000659722767390691,0.6,0.6,0.0455606128694525,7,0.04556061286970477,30.462435787280192,1.7981188568927255,28.664316187712757,7.426747093449795e-07,0.0,0
97.188,0.5981999736993228,0.6455250409154477,1.6265010519312124,1e-12,1e-12,1e-12,0.0,-0.0006597220138934044,0.6,0.6,0.04556061286941079,7,0.04556061286949377,30.46243578726248,1.7981188568767088,28.664316187712757,7.426730128655205e-07,0.0,0
97.288,0.5981999736993228,0.6455250409154035,1.6264350797537221,1e-12,1e-12,1e-12,0.0,-0.0006597220138934044,0.6,0.6,0.045560612869366635,7,0.04556061286949377,30.46243578726248,1.7981188568767088,28.664316187712757,7.426730128655205e-07,0.0,0
97.388,0.5981999736993228,0.6455250409153596,1.6263691075762308,1e-12,1e-12,1e-12,0.0,-0.0006597220138934044,0.6,0.6,0.045560612869322704,7,0.04556061286949377,30.46243578726248,1.7981188568767088,28.664316187712757,7.426730128655205e-07,0.0,0
97.488,0.5981999736993228,0.6455250409153154,1.6263031353987416,1e-12,1e-12,1e-12,0.0,-0.0006597220138934044,0.6,0.6,0.04556061286927855,7,0.04556061286949377,30.46243578726248,1.7981188568767088,28.664316187712757,7.426730128655205e-07,0.0,0
97.588,0.5981999736993228,0.6455250409152714,1.6262371632212513,1e-12,1e-12,1e-12,0.0,-0.0006597220138934044,0.6,0.6,0.04556061286923462,7,0.04556061286949377,30.46243578726248,1.7981188568767088,28.664316187712757,7.426730128655205e-07,0.0,0
97.688,0.5981999736993228,0.6455250409152279,1.6261711910648529,1e-12,1e-12,1e-12,0.0,-0.0006597212603971838,0.6,0.6,0.045560612869191136,7,0.04556061286927855,30.462435787244104,1.7981188568600337,28.664316187712757,7.426713163905877e-07,0.0,0
97.788,0.5981999736993228,0.6455250409151853,1.6261052189626954,1e-12,1e-12,1e-12,0.0,-0.0006597212603971838,0.6,0.6,0.04556061286914854,7,0.04556061286927855,30.462435787244104,1.7981188568600337,28.664316187712757,7.426713163905877e-07,0.0,0
97.888,0.5981999736993228,0.6455250409151428,1.6260392468605398,1e-12,1e-12,1e-12,0.0,-0.0006597212603971838,0.6,0.6,0.04556061286910616,7,0.04556061286927855,30.462435787244104,1.7981188568600337,28.664316187712757,7.426713163905877e-07,0.0,0
97.988,0.5981999736993228,0.6455250409151004,1.6259732747583815,1e-12,1e-12,1e-12,0.0,-0.0006597212603971838,0.6,0.6,0.04556061286906378,7,0.04556061286927855,30.462435787244104,1.7981188568600337,28.664316187712757,7.426713163905877e-07,0.0,0
98.088,0.5981999736993228,0.645525040915058,1.625907302656224,1e-12,1e-12,1e-12,0.0,-0.0006597212603971838,0.6,0.6,0.045560612869021404,7,0.04556061286927855,30.462435787244104,1.7981188568600337,28.664316187712757,7.426713163905877e-07,0.0,0
98.188,0.5981999736993228,0.6455250409150147,1.625841330589885,1e-12,1e-12,1e-12,0.0,-0.0006597204980020356,0.6,0.6,0.04556061286897814,7,0.04556061286906378,30.46243578722602,1.7981188568436646,28.664316187712757,7.426695998817821e-07,0.0,0
98.288,0.5981999736993228,0.6455250409149716,1.6257753585639347,1e-12,1e-12,1e-12,0.0,-0.0006597204980020356,0.6,0.6,0.0455606128689351,7,0.04556061286906378,30.46243578722602,1.7981188568436646,28.664316187712757,7.426695998817821e-07,0.0,0
98.388,0.5981999736993228,0.6455250409149288,1.625709386537985,1e-12,1e-12,1e-12,0.0,-0.0006597204980020356,0.6,0.6,0.04556061286889228,7,0.04556061286906378,30.46243578722602,1.7981188568436646,28.664316187712757,7.426695998817821e-07,0.0,0
98.488,0.5981999736993228,0.6455250409148855,1.6256434145120346,1e-12,1e-12,1e-12,0.0,-0.0006597204980020356,0.6,0.6,0.045560612868849014,7,0.04556061286906378,30.46243578722602,1.7981188568436646,28.664316187712757,7.426695998817821e-07,0.0,0
98.588,0.5981999736993228,0.6455250409148422,1.6255774424860867,1e-12,1e-12,1e-12,0.0,-0.0006597204980020356,0.6,0.6,0.04556061286880574,7,0.04556061286906378,30.46243578722602,1.7981188568436646,28.664316187712757,7.426695998817821e-07,0.0,0
98.688,0.5981999736993228,0.6455250409147993,1.6255114704849927,1e-12,1e-12,1e-12,0.0,-0.0006597197445073758,0.6,0.6,0.04556061286876292,7,0.045560612868849014,30.4624357872079,1.7981188568272413,28.664316187712757,7.426679034141094e-07,0.0,0
98.788,0.5981999736993228,0.6455250409147565,1.6254454985343698,1e-12,1e-12,1e-12,0.0,-0.0006597197445073758,0.6,0.6,0.0455606128687201,7,0.045560612868849014,30.4624357872079,1.7981188568272413,28.664316187712757,7.426679034141094e-07,0.0,0
98.888,0.5981999736993228,0.6455250409147134,1.6253795265837447,1e-12,1e-12,1e-12,0.0,-0.0006597197445073758,0.6,0.6,0.04556061286867706,7,0.045560612868849014,30.4624357872079,1.7981188568272413,28.664316187712757,7.426679034141094e-07,0.0,0
98.988,0.5981999736993228,0.6455250409146708,1.6253135546331208,1e-12,1e-12,1e-12,0.0,-0.0006597197445073758,0.6,0.6,0.04556061286863446,7,0.045560612868849014,30.4624357872079,1.7981188568272413,28.664316187712757,7.426679034141094e-07,0.0,0
99.088,0.5981999736993228,0.6455250409146281,1.6252475826824968,1e-12,1e-12,1e-12,0.0,-0.0006597197445073758,0.6,0.6,0.04556061286859186,7,0.045560612868849014,30.4624357872079,1.7981188568272413,28.664316187712757,7.426679034141094e-07,0.0,0
99.188,0.5981999736993228,0.645525040914586,1.6251816107635126,1e-12,1e-12,1e-12,0.0,-0.0006597189910137252,0.6,0.6,0.045560612868549705,7,0.04556061286863446,30.462435787189683,1.7981188568107191,28.664316187712757,7.426662069506554e-07,0.0,0
99.288,0.5981999736993228,0.6455250409145451,1.6251156388882197,1e-12,1e-12,1e-12,0.0,-0.0006597189910137252,0.6,0.6,0.04556061286850888,7,0.04556061286863446,30.462435787189683,1.7981188568107191,28.664316187712757,7.426662069506554e-07,0.0,0
99.388,0.5981999736993228,0.645525040914504,1.625049667012927,1e-12,1e-12,1e-12,0.0,-0.0006597189910137252,0.6,0.6,0.04556061286846783,7,0.04556061286863446,30.462435787189683,1.7981188568107191,28.664316187712757,7.426662069506554e-07,0.0,0
99.488,0.5981999736993228,0.6455250409144632,1.6249836951376364,1e-12,1e-12,1e-12,0.0,-0.0006597189910137252,0.6,0.6,0.04556061286842701,7,0.04556061286863446,30.462435787189683,1.7981188568107191,28.664316187712757,7.426662069506554e-07,0.0,0
99.588,0.5981999736993228,0.6455250409144225,1.6249177232623444,1e-12,1e-12,1e-12,0.0,-0.0006597189910137252,0.6,0.6,0.04556061286838641,7,0.04556061286863446,30.462435787189683,1.7981188568107191,28.664316187712757,7.426662069506554e-07,0.0,0
99.688,0.5981999736993228,0.6455250409143806,1.6248517514073875,1e-12,1e-12,1e-12,0.0,-0.0006597182375206403,0.6,0.6,0.04556061286834447,7,0.04556061286842701,30.46243578717197,1.798118856794701,28.664316187712757,7.426645104902516e-07,0.0,0
99.788,0.5981999736993228,0.6455250409143362,1.624785779607411,1e-12,1e-12,1e-12,0.0,-0.0006597182375206403,0.6,0.6,0.0455606128683001,7,0.04556061286842701,30.46243578717197,1.798118856794701,28.664316187712757,7.426645104902516e-07,0.0,0
99.888,0.5981999736993228,0.6455250409142917,1.6247198078074345,1e-12,1e-12,1e-12,0.0,-0.0006597182375206403,0.6,0.6,0.045560612868255725,7,0.04556061286842701,30.46243578717197,1.798118856794701,28.664316187712757,7.426645104902516e-07,0.0,0
99.988,0.5981999736993228,0.6455250409142473,1.6246538360074596,1e-12,1e-12,1e-12,0.0,-0.0006597182375206403,0.6,0.6,0.04556061286821135,7,0.04556061286842701,30.46243578717197,1.798118856794701,28.664316187712757,7.426645104902516e-07,0.0,0
100.088,0.5981999736993228,0.6455250409142029,1.624587864207483,1e-12,1e-12,1e-12,0.0,-0.0006597182375206403,0.6,0.6,0.045560612868166976,7,0.04556061286842701,30.46243578717197,1.798118856794701,28.664316187712757,7.426645104902516e-07,0.0,0
100.188,0.5981999736993228,0.6455250409141596,1.6245218924127902,1e-12,1e-12,1e-12,0.0,-0.0006597174840286518,0.6,0.6,0.04556061286812371,7,0.04556061286821135,30.462435787153748,1.7981188567781778,28.664316187712757,7.426628140344405e-07,0.0,0
100.288,0.5981999736993228,0.6455250409141301,1.6244559206882916,1e-12,1e-12,1e-12,0.0,-0.0006597174840286518,0.6,0.6,0.04556061286809421,7,0.04556061286821135,30.462435787153748,1.7981188567781778,28.664316187712757,7.426628140344405e-07,0.0,0
100.388,0.5981999736993228,0.6455250409141006,1.6243899489637912,1e-12,1e-12,1e-12,0.0,-0.0006597174840286518,0.6,0.6,0.0455606128680647,7,0.04556061286821135,30.462435787153748,1.7981188567781778,28.664316187712757,7.426628140344405e-07,0.0,0
100.488,0.5981999736993228,0.6455250409140708,1.6243239772392926,1e-12,1e-12,1e-12,0.0,-0.0006597174840286518,0.6,0.6,0.045560612868034964,7,0.04556061286821135,30.462435787153748,1.7981188567781778,28.664316187712757,7.426628140344405e-07,0.0,0
100.588,0.5981999736993228,0.6455250409140411,1.6242580055147937,1e-12,1e-12,1e-12,0.0,-0.0006597174840286518,0.6,0.6,0.04556061286800524,7,0.04556061286821135,30.462435787153748,1.7981188567781778,28.664316187712757,7.426628140344405e-07,0.0,0
100.688,0.5981999736993228,0.645525040914012,1.6241920338136442,1e-12,1e-12,1e-12,0.0,-0.0006597167305374645,0.6,0.6,0.04556061286797617,7,0.045560612868034964,30.46243578713862,1.7981188567647468,28.664316187712757,7.426611175822078e-07,0.0,0
100.788,0.5981999736993228,0.6455250409139838,1.6241260621644706,1e-12,1e-12,1e-12,0.0,-0.0006597167305374645,0.6,0.6,0.04556061286794799,7,0.045560612868034964,30.46243578713862,1.7981188567647468,28.664316187712757,7.426611175822078e-07,0.0,0
100.888,0.5981999736993228,0.6455250409139556,1.6240600905152973,1e-12,1e-12,1e-12,0.0,-0.0006597167305374645,0.6,0.6,0.04556061286791981,7,0.045560612868034964,30.46243578713862,1.7981188567647468,28.664316187712757,7.426611175822078e-07,0.0,0
100.988,0.5981999736993228,0.6455250409139274,1.6239941188661244,1e-12,1e-12,1e-12,0.0,-0.0006597167305374645,0.6,0.6,0.045560612867891634,7,0.045560612868034964,30.46243578713862,1.7981188567647468,28.664316187712757,7.426611175822078e-07,0.0,0
101.088,0.5981999736993228,0.645525040913899,1.6239281472169511,1e-12,1e-12,1e-12,0.0,-0.0006597167305374645,0.6,0.6,0.04556061286786324,7,0.045560612868034964,30.46243578713862,1.7981188567647468,28.664316187712757,7.426611175822078e-07,0.0,0
101.188,0.5981999736993228,0.6455250409138714,1.6238621756272882,1e-12,1e-12,1e-12,0.0,-0.0006597159770472984,0.6,0.6,0.04556061286783573,7,0.045560612867891634,30.462435787125774,1.7981188567535973,28.664316187712757,7.426594211343984e-07,0.0,0
101.288,0.5981999736993228,0.6455250409138437,1.6237962040534488,1e-12,1e-12,1e-12,0.0,-0.0006597159770472984,0.6,0.6,0.04556061286780799,7,0.045560612867891634,30.462435787125774,1.7981188567535973,28.664316187712757,7.426594211343984e-07,0.0,0
101.388,0.5981999736993228,0.6455250409138159,1.6237302324796083,1e-12,1e-12,1e-12,0.0,-0.0006597159770472984,0.6,0.6,0.04556061286778026,7,0.045560612867891634,30.462435787125774,1.7981188567535973,28.664316187712757,7.426594211343984e-07,0.0,0
101.488,0.5981999736993228,0.6455250409137882,1.623664260905767,1e-12,1e-12,1e-12,0.0,-0.0006597159770472984,0.6,0.6,0.04556061286775252,7,0.045560612867891634,30.462435787125774,1.7981188567535973,28.664316187712757,7.426594211343984e-07,0.0,0
101.588,0.5981999736993228,0.6455250409137606,1.6235982893319267,1e-12,1e-12,1e-12,0.0,-0.0006597159770472984,0.6,0.6,0.04556061286772501,7,0.045560612867891634,30.462435787125774,1.7981188567535973,28.664316187712757,7.426594211343984e-07,0.0,0
101.688,0.5981999736993228,0.6455250409137331,1.6235323177817096,1e-12,1e-12,1e-12,0.0,-0.0006597152146583429,0.6,0.6,0.0455606128676975,7,0.04556061286775252,30.462435787113414,1.7981188567429531,28.664316187712757,7.42657704653187e-07,0.0,0
101.788,0.5981999736993228,0.6455250409137044,1.6234663462840684,1e-12,1e-12,1e-12,0.0,-0.0006597152146583429,0.6,0.6,0.045560612867668875,7,0.04556061286775252,30.462435787113414,1.7981188567429531,28.664316187712757,7.42657704653187e-07,0.0,0
101.888,0.5981999736993228,0.6455250409136762,1.6234003747864272,1e-12,1e-12,1e-12,0.0,-0.0006597152146583429,0.6,0.6,0.0455606128676407,7,0.04556061286775252,30.462435787113414,1.7981188567429531,28.664316187712757,7.42657704653187e-07,0.0,0
101.988,0.5981999736993228,0.6455250409136483,1.623334403288786,1e-12,1e-12,1e-12,0.0,-0.0006597152146583429,0.6,0.6,0.045560612867612746,7,0.04556061286775252,30.462435787113414,1.7981188567429531,28.664316187712757,7.42657704653187e-07,0.0,0
102.088,0.5981999736993228,0.6455250409136205,1.623268431791146,1e-12,1e-12,1e-12,0.0,-0.0006597152146583429,0.6,0.6,0.04556061286758501,7,0.04556061286775252,30.462435787113414,1.7981188567429531,28.664316187712757,7.42657704653187e-07,0.0,0
102.188,0.5981999736993228,0.645525040913583,1.6232024603365243,1e-12,1e-12,1e-12,0.0,-0.0006597144611698251,0.6,0.6,0.04556061286754751,7,0.045560612867612746,30.462435787101075,1.7981188567323096,28.664316187712757,7.426560082128359e-07,0.0,0
102.288,0.5981999736993228,0.6455250409135395,1.6231364889143587,1e-12,1e-12,1e-12,0.0,-0.0006597144611698251,0.6,0.6,0.04556061286750403,7,0.045560612867612746,30.462435787101075,1.7981188567323096,28.664316187712757,7.426560082128359e-07,0.0,0
102.388,0.5981999736993228,0.6455250409134959,1.6230705174921918,1e-12,1e-12,1e-12,0.0,-0.0006597144611698251,0.6,0.6,0.04556061286746054,7,0.045560612867612746,30.462435787101075,1.7981188567323096,28.664316187712757,7.426560082128359e-07,0.0,0
102.488,0.5981999736993228,0.6455250409134522,1.6230045460700249,1e-12,1e-12,1e-12,0.0,-0.0006597144611698251,0.6,0.6,0.04556061286741683,7,0.045560612867612746,30.462435787101075,1.7981188567323096,28.664316187712757,7.426560082128359e-07,0.0,0
102.588,0.5981999736993228,0.6455250409134089,1.6229385746478584,1e-12,1e-12,1e-12,0.0,-0.0006597144611698251,0.6,0.6,0.04556061286737357,7,0.045560612867612746,30.462435787101075,1.7981188567323096,28.664316187712757,7.426560082128359e-07,0.0,0
102.688,0.5981999736993228,0.6455250409133665,1.6228726032550702,1e-12,1e-12,1e-12,0.0,-0.0006597137076822512,0.6,0.6,0.045560612867331186,7,0.04556061286741683,30.462435787084377,1.7981188567173083,28.664316187712757,7.426543117767333e-07,0.0,0
102.788,0.5981999736993228,0.6455250409133252,1.622806631908235,1e-12,1e-12,1e-12,0.0,-0.0006597137076822512,0.6,0.6,0.04556061286728992,7,0.04556061286741683,30.462435787084377,1.7981188567173083,28.664316187712757,7.426543117767333e-07,0.0,0
102.888,0.5981999736993228,0.6455250409132843,1.6227406605614,1e-12,1e-12,1e-12,0.0,-0.0006597137076822512,0.6,0.6,0.0455606128672491,7,0.04556061286741683,30.462435787084377,1.7981188567173083,28.664316187712757,7.426543117767333e-07,0.0,0
102.988,0.5981999736993228,0.645525040913243,1.6226746892145631,1e-12,1e-12,1e-12,0.0,-0.0006597137076822512,0.6,0.6,0.04556061286720783,7,0.04556061286741683,30.462435787084377,1.7981188567173083,28.664316187712757,7.426543117767333e-07,0.0,0
103.088,0.5981999736993228,0.6455250409132022,1.6226087178677282,1e-12,1e-12,1e-12,0.0,-0.0006597137076822512,0.6,0.6,0.045560612867167005,7,0.04556061286741683,30.462435787084377,1.7981188567173083,28.664316187712757,7.426543117767333e-07,0.0,0
103.188,0.5981999736993228,0.6455250409131591,1.6225427465704223,1e-12,1e-12,1e-12,0.0,-0.0006597129452959243,0.6,0.6,0.04556061286712396,7,0.04556061286720783,30.46243578706644,1.7981188567010864,28.664316187712757,7.426525953073808e-07,0.0,0
103.288,0.5981999736993228,0.6455250409131149,1.6224767752997868,1e-12,1e-12,1e-12,0.0,-0.0006597129452959243,0.6,0.6,0.04556061286707981,7,0.04556061286720783,30.46243578706644,1.7981188567010864,28.664316187712757,7.426525953073808e-07,0.0,0
103.388,0.5981999736993228,0.645525040913071,1.6224108040291532,1e-12,1e-12,1e-12,0.0,-0.0006597129452959243,0.6,0.6,0.04556061286703588,7,0.04556061286720783,30.46243578706644,1.7981188567010864,28.664316187712757,7.426525953073808e-07,0.0,0
103.488,0.5981999736993228,0.645525040913027,1.6223448327585195,1e-12,1e-12,1e-12,0.0,-0.0006597129452959243,0.6,0.6,0.04556061286699195,7,0.04556061286720783,30.46243578706644,1.7981188567010864,28.664316187712757,7.426525953073808e-07,0.0,0
103.588,0.5981999736993228,0.6455250409129828,1.622278861487884,1e-12,1e-12,1e-12,0.0,-0.0006597129452959243,0.6,0.6,0.0455606128669478,7,0.04556061286720783,30.46243578706644,1.7981188567010864,28.664316187712757,7.426525953073808e-07,0.0,0
103.688,0.5981999736993228,0.6455250409129395,1.6222128902368362,1e-12,1e-12,1e-12,0.0,-0.00065971219181025,0.6,0.6,0.04556061286690453,7,0.04556061286699195,30.462435787048065,1.798118856684412,28.664316187712757,7.426508988794764e-07,0.0,0
103.788,0.5981999736993228,0.6455250409128991,1.6221469190415347,1e-12,1e-12,1e-12,0.0,-0.00065971219181025,0.6,0.6,0.04556061286686415,7,0.04556061286699195,30.462435787048065,1.798118856684412,28.664316187712757,7.426508988794764e-07,0.0,0
103.888,0.5981999736993228,0.6455250409128582,1.622080947846235,1e-12,1e-12,1e-12,0.0,-0.00065971219181025,0.6,0.6,0.04556061286682333,7,0.04556061286699195,30.462435787048065,1.798118856684412,28.664316187712757,7.426508988794764e-07,0.0,0
103.988,0.5981999736993228,0.6455250409128176,1.6220149766509322,1e-12,1e-12,1e-12,0.0,-0.00065971219181025,0.6,0.6,0.04556061286678272,7,0.04556061286699195,30.462435787048065,1.798118856684412,28.664316187712757,7.426508988794764e-07,0.0,0
104.088,0.5981999736993228,0.645525040912777,1.6219490054556311,1e-12,1e-12,1e-12,0.0,-0.00065971219181025,0.6,0.6,0.04556061286674212,7,0.04556061286699195,30.462435787048065,1.798118856684412,28.664316187712757,7.426508988794764e-07,0.0,0
104.188,0.5981999736993228,0.6455250409127343,1.6218830342964865,1e-12,1e-12,1e-12,0.0,-0.0006597114383252155,0.6,0.6,0.045560612866699525,7,0.04556061286678272,30.462435787030355,1.7981188566683954,28.664316187712757,7.426492024546123e-07,0.0,0
104.288,0.5981999736993228,0.6455250409126899,1.6218170631765085,1e-12,1e-12,1e-12,0.0,-0.0006597114383252155,0.6,0.6,0.04556061286665515,7,0.04556061286678272,30.462435787030355,1.7981188566683954,28.664316187712757,7.426492024546123e-07,0.0,0
104.388,0.5981999736993228,0.6455250409126455,1.6217510920565323,1e-12,1e-12,1e-12,0.0,-0.0006597114383252155,0.6,0.6,0.045560612866610777,7,0.04556061286678272,30.462435787030355,1.7981188566683954,28.664316187712757,7.426492024546123e-07,0.0,0
104.488,0.5981999736993228,0.6455250409126011,1.6216851209365548,1e-12,1e-12,1e-12,0.0,-0.0006597114383252155,0.6,0.6,0.0455606128665664,7,0.04556061286678272,30.462435787030355,1.7981188566683954,28.664316187712757,7.426492024546123e-07,0.0,0
104.588,0.5981999736993228,0.6455250409125567,1.6216191498165786,1e-12,1e-12,1e-12,0.0,-0.0006597114383252155,0.6,0.6,0.04556061286652203,7,0.04556061286678272,30.462435787030355,1.7981188566683954,28.664316187712757,7.426492024546123e-07,0.0,0
104.688,0.5981999736993228,0.6455250409125134,1.621553178720703,1e-12,1e-12,1e-12,0.0,-0.0006597106848412146,0.6,0.6,0.04556061286647876,7,0.0455606128665664,30.462435787012137,1.7981188566518735,28.664316187712757,7.426475060341998e-07,0.0,0
104.788,0.5981999736993228,0.6455250409124716,1.6214872076760474,1e-12,1e-12,1e-12,0.0,-0.0006597106848412146,0.6,0.6,0.04556061286643705,7,0.0455606128665664,30.462435787012137,1.7981188566518735,28.664316187712757,7.426475060341998e-07,0.0,0
104.888,0.5981999736993228,0.6455250409124297,1.6214212366313911,1e-12,1e-12,1e-12,0.0,-0.0006597106848412146,0.6,0.6,0.045560612866395116,7,0.0455606128665664,30.462435787012137,1.7981188566518735,28.664316187712757,7.426475060341998e-07,0.0,0
104.988,0.5981999736993228,0.6455250409123882,1.6213552655867338,1e-12,1e-12,1e-12,0.0,-0.0006597106848412146,0.6,0.6,0.04556061286635363,7,0.0455606128665664,30.462435787012137,1.7981188566518735,28.664316187712757,7.426475060341998e-07,0.0,0
105.088,0.5981999736993228,0.6455250409123466,1.6212892945420776,1e-12,1e-12,1e-12,0.0,-0.0006597106848412146,0.6,0.6,0.045560612866312133,7,0.0455606128665664,30.462435787012137,1.7981188566518735,28.664316187712757,7.426475060341998e-07,0.0,0
105.188,0.5981999736993228,0.6455250409123111,1.6212233235359124,1e-12,1e-12,1e-12,0.0,-0.0006597099313579613,0.6,0.6,0.045560612866276634,7,0.04556061286635363,30.462435786994067,1.7981188566355017,28.664316187712757,7.426458096174179e-07,0.0,0
105.288,0.5981999736993228,0.6455250409122825,1.6211573525667289,1e-12,1e-12,1e-12,0.0,-0.0006597099313579613,0.6,0.6,0.04556061286624801,7,0.04556061286635363,30.462435786994067,1.7981188566355017,28.664316187712757,7.426458096174179e-07,0.0,0
105.388,0.5981999736993228,0.6455250409122538,1.6210913815975463,1e-12,1e-12,1e-12,0.0,-0.0006597099313579613,0.6,0.6,0.045560612866219395,7,0.04556061286635363,30.462435786994067,1.7981188566355017,28.664316187712757,7.426458096174179e-07,0.0,0
105.488,0.5981999736993228,0.6455250409122252,1.6210254106283633,1e-12,1e-12,1e-12,0.0,-0.0006597099313579613,0.6,0.6,0.04556061286619077,7,0.04556061286635363,30.462435786994067,1.7981188566355017,28.664316187712757,7.426458096174179e-07,0.0,0
105.588,0.5981999736993228,0.6455250409121965,1.6209594396591807,1e-12,1e-12,1e-12,0.0,-0.0006597099313579613,0.6,0.6,0.04556061286616215,7,0.04556061286635363,30.462435786994067,1.7981188566355017,28.664316187712757,7.426458096174179e-07,0.0,0
105.688,0.5981999736993228,0.6455250409121688,1.6208934687125967,1e-12,1e-12,1e-12,0.0,-0.000659709177875596,0.6,0.6,0.045560612866134415,7,0.04556061286619077,30.46243578697975,1.798118856622883,28.664316187712757,7.426441132044108e-07,0.0,0
105.788,0.5981999736993228,0.6455250409121424,1.6208274978187458,1e-12,1e-12,1e-12,0.0,-0.000659709177875596,0.6,0.6,0.04556061286610801,7,0.04556061286619077,30.46243578697975,1.798118856622883,28.664316187712757,7.426441132044108e-07,0.0,0
105.888,0.5981999736993228,0.6455250409121157,1.6207615269248954,1e-12,1e-12,1e-12,0.0,-0.000659709177875596,0.6,0.6,0.04556061286608139,7,0.04556061286619077,30.46243578697975,1.798118856622883,28.664316187712757,7.426441132044108e-07,0.0,0
105.988,0.5981999736993228,0.6455250409120893,1.6206955560310463,1e-12,1e-12,1e-12,0.0,-0.000659709177875596,0.6,0.6,0.045560612866054985,7,0.04556061286619077,30.46243578697975,1.798118856622883,28.664316187712757,7.426441132044108e-07,0.0,0
106.088,0.5981999736993228,0.6455250409120629,1.6206295851371963,1e-12,1e-12,1e-12,0.0,-0.000659709177875596,0.6,0.6,0.04556061286602858,7,0.04556061286619077,30.46243578697975,1.798118856622883,28.664316187712757,7.426441132044108e-07,0.0,0
106.188,0.5981999736993228,0.645525040912036,1.6205636142569029,1e-12,1e-12,1e-12,0.0,-0.000659708424394204,0.6,0.6,0.045560612866001736,7,0.045560612866054985,30.462435786967614,1.7981188566124395,28.664316187712757,7.426424167957181e-07,0.0,0
106.288,0.5981999736993228,0.6455250409120065,1.620497643438373,1e-12,1e-12,1e-12,0.0,-0.000659708424394204,0.6,0.6,0.045560612865972225,7,0.045560612866054985,30.462435786967614,1.7981188566124395,28.664316187712757,7.426424167957181e-07,0.0,0
106.388,0.5981999736993228,0.6455250409119769,1.6204316726198404,1e-12,1e-12,1e-12,0.0,-0.000659708424394204,0.6,0.6,0.04556061286594272,7,0.045560612866054985,30.462435786967614,1.7981188566124395,28.664316187712757,7.426424167957181e-07,0.0,0
106.488,0.5981999736993228,0.6455250409119465,1.620365701801308,1e-12,1e-12,1e-12,0.0,-0.000659708424394204,0.6,0.6,0.04556061286591232,7,0.045560612866054985,30.462435786967614,1.7981188566124395,28.664316187712757,7.426424167957181e-07,0.0,0
106.588,0.5981999736993228,0.6455250409119179,1.6202997309827776,1e-12,1e-12,1e-12,0.0,-0.000659708424394204,0.6,0.6,0.0455606128658837,7,0.045560612866054985,30.462435786967614,1.7981188566124395,28.664316187712757,7.426424167957181e-07,0.0,0
106.688,0.5981999736993228,0.6455250409118886,1.6202337601802497,1e-12,1e-12,1e-12,0.0,-0.0006597076620141538,0.6,0.6,0.045560612865854416,7,0.04556061286591232,30.462435786955,1.7981188566015427,28.664316187712757,7.426407003541481e-07,0.0,0
106.788,0.5981999736993228,0.6455250409118628,1.620167789437932,1e-12,1e-12,1e-12,0.0,-0.0006597076620141538,0.6,0.6,0.04556061286582868,7,0.04556061286591232,30.462435786955,1.7981188566015427,28.664316187712757,7.426407003541481e-07,0.0,0
106.888,0.5981999736993228,0.6455250409118373,1.6201018186956149,1e-12,1e-12,1e-12,0.0,-0.0006597076620141538,0.6,0.6,0.045560612865803166,7,0.04556061286591232,30.462435786955,1.7981188566015427,28.664316187712757,7.426407003541481e-07,0.0,0
106.988,0.5981999736993228,0.6455250409118113,1.620035847953298,1e-12,1e-12,1e-12,0.0,-0.0006597076620141538,0.6,0.6,0.0455606128657772,7,0.04556061286591232,30.462435786955,1.7981188566015427,28.664316187712757,7.426407003541481e-07,0.0,0
107.088,0.5981999736993228,0.6455250409117855,1.6199698772109798,1e-12,1e-12,1e-12,0.0,-0.0006597076620141538,0.6,0.6,0.045560612865751464,7,0.04556061286591232,30.462435786955,1.7981188566015427,28.664316187712757,7.426407003541481e-07,0.0,0
107.188,0.5981999736993228,0.6455250409117571,1.6199039065213905,1e-12,1e-12,1e-12,0.0,-0.0006597069085346489,0.6,0.6,0.04556061286572307,7,0.0455606128657772,30.462435786942912,1.7981188565911521,28.664316187712757,7.42639003953624e-07,0.0,0
107.288,0.5981999736993228,0.6455250409117274,1.619837935854399,1e-12,1e-12,1e-12,0.0,-0.0006597069085346489,0.6,0.6,0.04556061286569334,7,0.0455606128657772,30.462435786942912,1.7981188565911521,28.664316187712757,7.42639003953624e-07,0.0,0
107.388,0.5981999736993228,0.6455250409116974,1.6197719651874065,1e-12,1e-12,1e-12,0.0,-0.0006597069085346489,0.6,0.6,0.04556061286566338,7,0.0455606128657772,30.462435786942912,1.7981188565911521,28.664316187712757,7.42639003953624e-07,0.0,0
107.488,0.5981999736993228,0.6455250409116672,1.6197059945204146,1e-12,1e-12,1e-12,0.0,-0.0006597069085346489,0.6,0.6,0.04556061286563321,7,0.0455606128657772,30.462435786942912,1.7981188565911521,28.664316187712757,7.42639003953624e-07,0.0,0
107.588,0.5981999736993228,0.6455250409116376,1.6196400238534219,1e-12,1e-12,1e-12,0.0,-0.0006597069085346489,0.6,0.6,0.0455606128656037,7,0.0455606128657772,30.462435786942912,1.7981188565911521,28.664316187712757,7.42639003953624e-07,0.0,0
107.688,0.5981999736993228,0.6455250409116086,1.6195740531925265,1e-12,1e-12,1e-12,0.0,-0.0006597061461563557,0.6,0.6,0.04556061286557463,7,0.04556061286563321,30.462435786930197,1.798118856580155,28.664316187712757,7.426372875201551e-07,0.0,0
107.788,0.5981999736993228,0.6455250409115828,1.6195080826017394,1e-12,1e-12,1e-12,0.0,-0.0006597061461563557,0.6,0.6,0.0455606128655489,7,0.04556061286563321,30.462435786930197,1.798118856580155,28.664316187712757,7.426372875201551e-07,0.0,0
107.888,0.5981999736993228,0.645525040911557,1.6194421120109552,1e-12,1e-12,1e-12,0.0,-0.0006597061461563557,0.6,0.6,0.04556061286552316,7,0.04556061286563321,30.462435786930197,1.798118856580155,28.664316187712757,7.426372875201551e-07,0.0,0
107.988,0.5981999736993228,0.6455250409115315,1.6193761414201704,1e-12,1e-12,1e-12,0.0,-0.0006597061461563557,0.6,0.6,0.045560612865497646,7,0.04556061286563321,30.462435786930197,1.798118856580155,28.664316187712757,7.426372875201551e-07,0.0,0
108.088,0.5981999736993228,0.6455250409115055,1.6193101708293847,1e-12,1e-12,1e-12,0.0,-0.0006597061461563557,0.6,0.6,0.04556061286547169,7,0.04556061286563321,30.462435786930197,1.798118856580155,28.664316187712757,7.426372875201551e-07,0.0,0
108.188,0.5981999736993228,0.6455250409114787,1.6192442002619483,1e-12,1e-12,1e-12,0.0,-0.0006597053926784528,0.6,0.6,0.04556061286544484,7,0.045560612865497646,30.462435786918213,1.7981188565698654,28.664316187712757,7.426355911269863e-07,0.0,0
108.288,0.5981999736993228,0.6455250409114489,1.6191782297464818,1e-12,1e-12,1e-12,0.0,-0.0006597053926784528,0.6,0.6,0.04556061286541511,7,0.045560612865497646,30.462435786918213,1.7981188565698654,28.664316187712757,7.426355911269863e-07,0.0,0
108.388,0.5981999736993228,0.6455250409114194,1.6191122592310152,1e-12,1e-12,1e-12,0.0,-0.0006597053926784528,0.6,0.6,0.045560612865385604,7,0.045560612865497646,30.462435786918213,1.7981188565698654,28.664316187712757,7.426355911269863e-07,0.0,0
108.488,0.5981999736993228,0.6455250409113896,1.619046288715548,1e-12,1e-12,1e-12,0.0,-0.0006597053926784528,0.6,0.6,0.04556061286535587,7,0.045560612865497646,30.462435786918213,1.7981188565698654,28.664316187712757,7.426355911269863e-07,0.0,0
108.588,0.5981999736993228,0.6455250409113599,1.6189803182000815,1e-12,1e-12,1e-12,0.0,-0.0006597053926784528,0.6,0.6,0.04556061286532614,7,0.045560612865497646,30.462435786918213,1.7981188565698654,28.664316187712757,7.426355911269863e-07,0.0,0
108.688,0.5981999736993228,0.6455250409113306,1.6189143476951593,1e-12,1e-12,1e-12,0.0,-0.0006597046392015389,0.6,0.6,0.045560612865296855,7,0.04556061286535587,30.46243578690567,1.798118856559017,28.664316187712757,7.426338947381668e-07,0.0,0
108.788,0.5981999736993228,0.6455250409113028,1.6188483772550177,1e-12,1e-12,1e-12,0.0,-0.0006597046392015389,0.6,0.6,0.04556061286526912,7,0.04556061286535587,30.46243578690567,1.798118856559017,28.664316187712757,7.426338947381668e-07,0.0,0
108.888,0.5981999736993228,0.6455250409112748,1.618782406814877,1e-12,1e-12,1e-12,0.0,-0.0006597046392015389,0.6,0.6,0.045560612865241164,7,0.04556061286535587,30.46243578690567,1.798118856559017,28.664316187712757,7.426338947381668e-07,0.0,0
108.988,0.5981999736993228,0.6455250409112473,1.6187164363747368,1e-12,1e-12,1e-12,0.0,-0.0006597046392015389,0.6,0.6,0.04556061286521365,7,0.04556061286535587,30.46243578690567,1.798118856559017,28.664316187712757,7.426338947381668e-07,0.0,0
109.088,0.5981999736993228,0.6455250409112198,1.6186504659345962,1e-12,1e-12,1e-12,0.0,-0.0006597046392015389,0.6,0.6,0.04556061286518614,7,0.04556061286535587,30.46243578690567,1.798118856559017,28.664316187712757,7.426338947381668e-07,0.0,0
109.188,0.5981999736993228,0.645525040911186,1.6185844955208715,1e-12,1e-12,1e-12,0.0,-0.0006597038857252893,0.6,0.6,0.045560612865152415,7,0.04556061286520811,30.46243578689257,1.7981188565476138,28.664316187712757,7.42632198352443e-07,0.0,0
109.288,0.5981999736993228,0.6455250409111452,1.6185185251561873,1e-12,1e-12,1e-12,0.0,-0.0006597038857252893,0.6,0.6,0.04556061286511159,7,0.04556061286520811,30.46243578689257,1.7981188565476138,28.664316187712757,7.42632198352443e-07,0.0,0
109.388,0.5981999736993228,0.6455250409111074,1.618452554791473,1e-12,1e-12,1e-12,0.0,-0.0006597038857252893,0.6,0.6,0.045560612865073874,7,0.04556061286520811,30.46243578689257,1.7981188565476138,28.664316187712757,7.42632198352443e-07,0.0,0
109.488,0.5981999736993228,0.6455250409110757,1.618386584426698,1e-12,1e-12,1e-12,0.0,-0.0006597038857252893,0.6,0.6,0.04556061286504214,7,0.04556061286520811,30.46243578689257,1.7981188565476138,28.664316187712757,7.42632198352443e-07,0.0,0
109.588,0.5981999736993228,0.6455250409110461,1.6183206140619038,1e-12,1e-12,1e-12,0.0,-0.0006597038857252893,0.6,0.6,0.04556061286501264,7,0.04556061286520811,30.46243578689257,1.7981188565476138,28.664316187712757,7.42632198352443e-07,0.0,0
109.688,0.5981999736993228,0.6455250409110186,1.618254643697096,1e-12,1e-12,1e-12,0.0,-0.0006597031322500431,0.6,0.6,0.045560612864985126,7,0.04556061286504214,30.46243578687805,1.7981188565347908,28.664316187712757,7.42630501971102e-07,0.0,0
109.788,0.5981999736993228,0.6455250409109782,1.6181886734002153,1e-12,1e-12,1e-12,0.0,-0.0006597031322500431,0.6,0.6,0.04556061286494474,7,0.04556061286504214,30.46243578687805,1.7981188565347908,28.664316187712757,7.42630501971102e-07,0.0,0
109.888,0.5981999736993228,0.6455250409109367,1.6181227031108811,1e-12,1e-12,1e-12,0.0,-0.0006597031322500431,0.6,0.6,0.045560612864903254,7,0.04556061286504214,30.46243578687805,1.7981188565347908,28.664316187712757,7.42630501971102e-07,0.0,0
109.988,0.5981999736993228,0.6455250409108951,1.6180567328215472,1e-12,1e-12,1e-12,0.0,-0.0006597031322500431,0.6,0.6,0.045560612864861766,7,0.04556061286504214,30.46243578687805,1.7981188565347908,28.664316187712757,7.42630501971102e-07,0.0,0
110.088,0.5981999736993228,0.6455250409108536,1.617990762532213,1e-12,1e-12,1e-12,0.0,-0.0006597031322500431,0.6,0.6,0.04556061286482027,7,0.04556061286504214,30.46243578687805,1.7981188565347908,28.664316187712757,7.42630501971102e-07,0.0,0
110.188,0.5981999736993228,0.6455250409108108,1.6179247922579463,1e-12,1e-12,1e-12,0.0,-0.0006597023787755058,0.6,0.6,0.04556061286477745,7,0.045560612864861766,30.462435786862418,1.7981188565208532,28.664316187712757,7.426288055933082e-07,0.0,0
110.288,0.5981999736993228,0.6455250409107661,1.6178588220439425,1e-12,1e-12,1e-12,0.0,-0.0006597023787755058,0.6,0.6,0.045560612864732855,7,0.045560612864861766,30.462435786862418,1.7981188565208532,28.664316187712757,7.426288055933082e-07,0.0,0
110.388,0.5981999736993228,0.645525040910721,1.6177928518299374,1e-12,1e-12,1e-12,0.0,-0.0006597023787755058,0.6,0.6,0.045560612864687815,7,0.045560612864861766,30.462435786862418,1.7981188565208532,28.664316187712757,7.426288055933082e-07,0.0,0
110.488,0.5981999736993228,0.6455250409106762,1.6177268816159336,1e-12,1e-12,1e-12,0.0,-0.0006597023787755058,0.6,0.6,0.045560612864642996,7,0.045560612864861766,30.462435786862418,1.7981188565208532,28.664316187712757,7.426288055933082e-07,0.0,0
110.588,0.5981999736993228,0.6455250409106311,1.617660911401929,1e-12,1e-12,1e-12,0.0,-0.0006597023787755058,0.6,0.6,0.045560612864597956,7,0.045560612864861766,30.462435786862418,1.7981188565208532,28.664316187712757,7.426288055933082e-07,0.0,0
110.688,0.5981999736993228,0.6455250409105923,1.6175949412166037,1e-12,1e-12,1e-12,0.0,-0.0006597016253019894,0.6,0.6,0.04556061286455913,7,0.045560612864642996,30.462435786844043,1.7981188565041775,28.664316187712757,7.426271092199354e-07,0.0,0
110.788,0.5981999736993228,0.6455250409105623,1.617528971078069,1e-12,1e-12,1e-12,0.0,-0.0006597016253019894,0.6,0.6,0.04556061286452918,7,0.045560612864642996,30.462435786844043,1.7981188565041775,28.664316187712757,7.426271092199354e-07,0.0,0
110.888,0.5981999736993228,0.6455250409105328,1.617463000939535,1e-12,1e-12,1e-12,0.0,-0.0006597016253019894,0.6,0.6,0.04556061286449967,7,0.045560612864642996,30.462435786844043,1.7981188565041775,28.664316187712757,7.426271092199354e-07,0.0,0
110.988,0.5981999736993228,0.6455250409105028,1.6173970308010013,1e-12,1e-12,1e-12,0.0,-0.0006597016253019894,0.6,0.6,0.04556061286446972,7,0.045560612864642996,30.462435786844043,1.7981188565041775,28.664316187712757,7.426271092199354e-07,0.0,0
111.088,0.5981999736993228,0.645525040910473,1.6173310606624678,1e-12,1e-12,1e-12,0.0,-0.0006597016253019894,0.6,0.6,0.045560612864439985,7,0.045560612864642996,30.462435786844043,1.7981188565041775,28.664316187712757,7.426271092199354e-07,0.0,0
111.188,0.5981999736993228,0.6455250409104439,1.6172650905457746,1e-12,1e-12,1e-12,0.0,-0.000659700871829294,0.6,0.6,0.04556061286441092,7,0.04556061286446972,30.462435786828866,1.7981188564906962,28.664316187712757,7.426254128503615e-07,0.0,0
111.288,0.5981999736993228,0.6455250409104164,1.6171991204825602,1e-12,1e-12,1e-12,0.0,-0.000659700871829294,0.6,0.6,0.045560612864383405,7,0.04556061286446972,30.462435786828866,1.7981188564906962,28.664316187712757,7.426254128503615e-07,0.0,0
111.388,0.5981999736993228,0.6455250409103893,1.6171331504193445,1e-12,1e-12,1e-12,0.0,-0.000659700871829294,0.6,0.6,0.04556061286435634,7,0.04556061286446972,30.462435786828866,1.7981188564906962,28.664316187712757,7.426254128503615e-07,0.0,0
111.488,0.5981999736993228,0.6455250409103616,1.6170671803561287,1e-12,1e-12,1e-12,0.0,-0.000659700871829294,0.6,0.6,0.04556061286432861,7,0.04556061286446972,30.462435786828866,1.7981188564906962,28.664316187712757,7.426254128503615e-07,0.0,0
111.588,0.5981999736993228,0.6455250409103345,1.6170012102929125,1e-12,1e-12,1e-12,0.0,-0.000659700871829294,0.6,0.6,0.04556061286430154,7,0.04556061286446972,30.462435786828866,1.7981188564906962,28.664316187712757,7.426254128503615e-07,0.0,0
111.688,0.5981999736993228,0.6455250409103067,1.6169352402507893,1e-12,1e-12,1e-12,0.0,-0.0006597001183574243,0.6,0.6,0.045560612864273806,7,0.04556061286432861,30.46243578681617,1.798118856479698,28.664316187712757,7.426237164844207e-07,0.0,0
111.788,0.5981999736993228,0.6455250409102785,1.6168692702629077,1e-12,1e-12,1e-12,0.0,-0.0006597001183574243,0.6,0.6,0.04556061286424563,7,0.04556061286432861,30.46243578681617,1.798118856479698,28.664316187712757,7.426237164844207e-07,0.0,0
111.888,0.5981999736993228,0.6455250409102501,1.6168033002750253,1e-12,1e-12,1e-12,0.0,-0.0006597001183574243,0.6,0.6,0.045560612864217226,7,0.04556061286432861,30.46243578681617,1.798118856479698,28.664316187712757,7.426237164844207e-07,0.0,0
111.988,0.5981999736993228,0.6455250409102221,1.6167373302871422,1e-12,1e-12,1e-12,0.0,-0.0006597001183574243,0.6,0.6,0.04556061286418927,7,0.04556061286432861,30.46243578681617,1.798118856479698,28.664316187712757,7.426237164844207e-07,0.0,0
112.088,0.5981999736993228,0.6455250409101937,1.6166713602992608,1e-12,1e-12,1e-12,0.0,-0.0006597001183574243,0.6,0.6,0.04556061286416087,7,0.04556061286432861,30.46243578681617,1.798118856479698,28.664316187712757,7.426237164844207e-07,0.0,0
112.188,0.5981999736993228,0.6455250409101644,1.616605390364102,1e-12,1e-12,1e-12,0.0,-0.0006596993648865894,0.6,0.6,0.045560612864131586,7,0.04556061286418927,30.462435786803983,1.7981188564692052,28.664316187712757,7.426220201229335e-07,0.0,0
112.288,0.5981999736993228,0.6455250409101351,1.6165394204515398,1e-12,1e-12,1e-12,0.0,-0.0006596993648865894,0.6,0.6,0.0455606128641023,7,0.04556061286418927,30.462435786803983,1.7981188564692052,28.664316187712757,7.426220201229335e-07,0.0,0
112.388,0.5981999736993228,0.645525040910106,1.6164734505389762,1e-12,1e-12,1e-12,0.0,-0.0006596993648865894,0.6,0.6,0.04556061286407323,7,0.04556061286418927,30.462435786803983,1.7981188564692052,28.664316187712757,7.426220201229335e-07,0.0,0
112.488,0.5981999736993228,0.6455250409100769,1.6164074806264148,1e-12,1e-12,1e-12,0.0,-0.0006596993648865894,0.6,0.6,0.04556061286404417,7,0.04556061286418927,30.462435786803983,1.7981188564692052,28.664316187712757,7.426220201229335e-07,0.0,0
112.588,0.5981999736993228,0.6455250409100474,1.6163415107138526,1e-12,1e-12,1e-12,0.0,-0.0006596993648865894,0.6,0.6,0.04556061286401466,7,0.04556061286418927,30.462435786803983,1.7981188564692052,28.664316187712757,7.426220201229335e-07,0.0,0
112.688,0.5981999736993228,0.6455250409100198,1.6162755408397054,1e-12,1e-12,1e-12,0.0,-0.0006596986114163885,0.6,0.6,0.045560612863987146,7,0.04556061286404417,30.46243578679129,1.798118856458209,28.664316187712757,7.426203237644735e-07,0.0,0
112.788,0.5981999736993228,0.6455250409099939,1.616209571002467,1e-12,1e-12,1e-12,0.0,-0.0006596986114163885,0.6,0.6,0.04556061286396119,7,0.04556061286404417,30.46243578679129,1.798118856458209,28.664316187712757,7.426203237644735e-07,0.0,0
112.888,0.5981999736993228,0.6455250409099679,1.616143601165228,1e-12,1e-12,1e-12,0.0,-0.0006596986114163885,0.6,0.6,0.04556061286393523,7,0.04556061286404417,30.46243578679129,1.798118856458209,28.664316187712757,7.426203237644735e-07,0.0,0
112.988,0.5981999736993228,0.6455250409099419,1.6160776313279892,1e-12,1e-12,1e-12,0.0,-0.0006596986114163885,0.6,0.6,0.04556061286390927,7,0.04556061286404417,30.46243578679129,1.798118856458209,28.664316187712757,7.426203237644735e-07,0.0,0
113.088,0.5981999736993228,0.6455250409099161,1.6160116614907516,1e-12,1e-12,1e-12,0.0,-0.0006596986114163885,0.6,0.6,0.045560612863883534,7,0.04556061286404417,30.46243578679129,1.798118856458209,28.664316187712757,7.426203237644735e-07,0.0,0
113.188,0.5981999736993228,0.6455250409098884,1.6159456916949448,1e-12,1e-12,1e-12,0.0,-0.0006596978579460357,0.6,0.6,0.0455606128638558,7,0.04556061286390927,30.4624357867791,1.7981188564477144,28.664316187712757,7.426186274077938e-07,0.0,0
113.288,0.5981999736993228,0.6455250409098588,1.6158797219330414,1e-12,1e-12,1e-12,0.0,-0.0006596978579460357,0.6,0.6,0.04556061286382629,7,0.04556061286390927,30.4624357867791,1.7981188564477144,28.664316187712757,7.426186274077938e-07,0.0,0
113.388,0.5981999736993228,0.6455250409098298,1.6158137521711358,1e-12,1e-12,1e-12,0.0,-0.0006596978579460357,0.6,0.6,0.04556061286379722,7,0.04556061286390927,30.4624357867791,1.7981188564477144,28.664316187712757,7.426186274077938e-07,0.0,0
113.488,0.5981999736993228,0.6455250409098007,1.6157477824092308,1e-12,1e-12,1e-12,0.0,-0.0006596978579460357,0.6,0.6,0.04556061286376816,7,0.04556061286390927,30.4624357867791,1.7981188564477144,28.664316187712757,7.426186274077938e-07,0.0,0
113.588,0.5981999736993228,0.6455250409097716,1.6156818126473247,1e-12,1e-12,1e-12,0.0,-0.0006596978579460357,0.6,0.6,0.045560612863739094,7,0.04556061286390927,30.4624357867791,1.7981188564477144,28.664316187712757,7.426186274077938e-07,0.0,0
113.688,0.5981999736993228,0.6455250409097425,1.6156158429125387,1e-12,1e-12,1e-12,0.0,-0.000659697104476368,0.6,0.6,0.04556061286371003,7,0.04556061286376816,30.462435786766505,1.7981188564368173,28.664316187712757,7.426169310546079e-07,0.0,0
113.788,0.5981999736993228,0.6455250409097143,1.6155498732259646,1e-12,1e-12,1e-12,0.0,-0.000659697104476368,0.6,0.6,0.04556061286368185,7,0.04556061286376816,30.462435786766505,1.7981188564368173,28.664316187712757,7.426169310546079e-07,0.0,0
113.888,0.5981999736993228,0.6455250409096863,1.615483903539391,1e-12,1e-12,1e-12,0.0,-0.000659697104476368,0.6,0.6,0.0455606128636539,7,0.04556061286376816,30.462435786766505,1.7981188564368173,28.664316187712757,7.426169310546079e-07,0.0,0
113.988,0.5981999736993228,0.6455250409096581,1.6154179338528167,1e-12,1e-12,1e-12,0.0,-0.000659697104476368,0.6,0.6,0.04556061286362572,7,0.04556061286376816,30.462435786766505,1.7981188564368173,28.664316187712757,7.426169310546079e-07,0.0,0
114.088,0.5981999736993228,0.6455250409096301,1.6153519641662426,1e-12,1e-12,1e-12,0.0,-0.000659697104476368,0.6,0.6,0.04556061286359776,7,0.04556061286376816,30.462435786766505,1.7981188564368173,28.664316187712757,7.426169310546079e-07,0.0,0
114.188,0.5981999736993228,0.6455250409096024,1.6152859945037705,1e-12,1e-12,1e-12,0.0,-0.0006596963510078867,0.6,0.6,0.04556061286357003,7,0.04556061286362572,30.46243578675391,1.79811885642592,28.664316187712757,7.426152347060393e-07,0.0,0
114.288,0.5981999736993228,0.6455250409095751,1.6152200248925126,1e-12,1e-12,1e-12,0.0,-0.0006596963510078867,0.6,0.6,0.04556061286354274,7,0.04556061286362572,30.46243578675391,1.79811885642592,28.664316187712757,7.426152347060393e-07,0.0,0
114.388,0.5981999736993228,0.6455250409095478,1.615154055281254,1e-12,1e-12,1e-12,0.0,-0.0006596963510078867,0.6,0.6,0.04556061286351545,7,0.04556061286362572,30.46243578675391,1.79811885642592,28.664316187712757,7.426152347060393e-07,0.0,0
114.488,0.5981999736993228,0.6455250409095205,1.6150880856699954,1e-12,1e-12,1e-12,0.0,-0.0006596963510078867,0.6,0.6,0.045560612863488156,7,0.04556061286362572,30.46243578675391,1.79811885642592,28.664316187712757,7.426152347060393e-07,0.0,0
114.588,0.5981999736993228,0.6455250409094936,1.615022116058737,1e-12,1e-12,1e-12,0.0,-0.0006596963510078867,0.6,0.6,0.04556061286346131,7,0.04556061286362572,30.46243578675391,1.79811885642592,28.664316187712757,7.426152347060393e-07,0.0,0
114.688,0.5981999736993228,0.6455250409094654,1.6149561464738453,1e-12,1e-12,1e-12,0.0,-0.0006596955975401721,0.6,0.6,0.04556061286343313,7,0.045560612863488156,30.462435786741676,1.7981188564153816,28.664316187712757,7.426135383611475e-07,0.0,0
114.788,0.5981999736993228,0.6455250409094354,1.6148901769379165,1e-12,1e-12,1e-12,0.0,-0.0006596955975401721,0.6,0.6,0.04556061286340318,7,0.045560612863488156,30.462435786741676,1.7981188564153816,28.664316187712757,7.426135383611475e-07,0.0,0
114.888,0.5981999736993228,0.6455250409094059,1.6148242074019887,1e-12,1e-12,1e-12,0.0,-0.0006596955975401721,0.6,0.6,0.04556061286337367,7,0.045560612863488156,30.462435786741676,1.7981188564153816,28.664316187712757,7.426135383611475e-07,0.0,0
114.988,0.5981999736993228,0.6455250409093761,1.614758237866061,1e-12,1e-12,1e-12,0.0,-0.0006596955975401721,0.6,0.6,0.04556061286334394,7,0.045560612863488156,30.462435786741676,1.7981188564153816,28.664316187712757,7.426135383611475e-07,0.0,0
115.088,0.5981999736993228,0.6455250409093461,1.6146922683301332,1e-12,1e-12,1e-12,0.0,-0.0006596955975401721,0.6,0.6,0.04556061286331399,7,0.045560612863488156,30.462435786741676,1.7981188564153816,28.664316187712757,7.426135383611475e-07,0.0,0
115.188,0.5981999736993228,0.6455250409093168,1.614626298810777,1e-12,1e-12,1e-12,0.0,-0.0006596948440733102,0.6,0.6,0.0455606128632847,7,0.04556061286334394,30.46243578672883,1.7981188564042283,28.664316187712757,7.426118420199482e-07,0.0,0
115.288,0.5981999736993228,0.6455250409092913,1.614560329350183,1e-12,1e-12,1e-12,0.0,-0.0006596948440733102,0.6,0.6,0.04556061286325919,7,0.04556061286334394,30.46243578672883,1.7981188564042283,28.664316187712757,7.426118420199482e-07,0.0,0
115.388,0.5981999736993228,0.6455250409092655,1.6144943598895871,1e-12,1e-12,1e-12,0.0,-0.0006596948440733102,0.6,0.6,0.04556061286323345,7,0.04556061286334394,30.46243578672883,1.7981188564042283,28.664316187712757,7.426118420199482e-07,0.0,0
115.488,0.5981999736993228,0.6455250409092396,1.6144283904289916,1e-12,1e-12,1e-12,0.0,-0.0006596948440733102,0.6,0.6,0.04556061286320749,7,0.04556061286334394,30.46243578672883,1.7981188564042283,28.664316187712757,7.426118420199482e-07,0.0,0
115.588,0.5981999736993228,0.6455250409092138,1.6143624209683953,1e-12,1e-12,1e-12,0.0,-0.0006596948440733102,0.6,0.6,0.045560612863181756,7,0.04556061286334394,30.46243578672883,1.7981188564042283,28.664316187712757,7.426118420199482e-07,0.0,0
115.688,0.5981999736993228,0.6455250409091878,1.6142964515192313,1e-12,1e-12,1e-12,0.0,-0.0006596940817080399,0.6,0.6,0.0455606128631558,7,0.04556061286320749,30.462435786716622,1.7981188563937385,28.664316187712757,7.426101256472004e-07,0.0,0
115.788,0.5981999736993228,0.6455250409091581,1.6142304821348357,1e-12,1e-12,1e-12,0.0,-0.0006596940817080399,0.6,0.6,0.045560612863126064,7,0.04556061286320749,30.462435786716622,1.7981188563937385,28.664316187712757,7.426101256472004e-07,0.0,0
115.888,0.5981999736993228,0.6455250409091281,1.6141645127504403,1e-12,1e-12,1e-12,0.0,-0.0006596940817080399,0.6,0.6,0.04556061286309611,7,0.04556061286320749,30.462435786716622,1.7981188563937385,28.664316187712757,7.426101256472004e-07,0.0,0
115.988,0.5981999736993228,0.6455250409090981,1.6140985433660449,1e-12,1e-12,1e-12,0.0,-0.0006596940817080399,0.6,0.6,0.04556061286306616,7,0.04556061286320749,30.462435786716622,1.7981188563937385,28.664316187712757,7.426101256472004e-07,0.0,0
116.088,0.5981999736993228,0.6455250409090688,1.6140325739816508,1e-12,1e-12,1e-12,0.0,-0.0006596940817080399,0.6,0.6,0.04556061286303687,7,0.04556061286320749,30.462435786716622,1.7981188563937385,28.664316187712757,7.426101256472004e-07,0.0,0
116.188,0.5981999736993228,0.6455250409090413,1.61396660464622,1e-12,1e-12,1e-12,0.0,-0.0006596933282429335,0.6,0.6,0.04556061286300936,7,0.04556061286306616,30.462435786704027,1.7981188563828407,28.664316187712757,7.426084293140516e-07,0.0,0
116.288,0.5981999736993228,0.6455250409090153,1.613900635337158,1e-12,1e-12,1e-12,0.0,-0.0006596933282429335,0.6,0.6,0.0455606128629834,7,0.04556061286306616,30.462435786704027,1.7981188563828407,28.664316187712757,7.426084293140516e-07,0.0,0
116.388,0.5981999736993228,0.6455250409089891,1.6138346660280964,1e-12,1e-12,1e-12,0.0,-0.0006596933282429335,0.6,0.6,0.04556061286295722,7,0.04556061286306616,30.462435786704027,1.7981188563828407,28.664316187712757,7.426084293140516e-07,0.0,0
116.488,0.5981999736993228,0.6455250409089631,1.613768696719035,1e-12,1e-12,1e-12,0.0,-0.0006596933282429335,0.6,0.6,0.04556061286293126,7,0.04556061286306616,30.462435786704027,1.7981188563828407,28.664316187712757,7.426084293140516e-07,0.0,0
116.588,0.5981999736993228,0.6455250409089369,1.6137027274099718,1e-12,1e-12,1e-12,0.0,-0.0006596933282429335,0.6,0.6,0.04556061286290508,7,0.04556061286306616,30.462435786704027,1.7981188563828407,28.664316187712757,7.426084293140516e-07,0.0,0
116.688,0.5981999736993228,0.6455250409089136,1.6136367581318543,1e-12,1e-12,1e-12,0.0,-0.0006596925747787565,0.6,0.6,0.04556061286288178,7,0.04556061286293126,30.462435786691888,1.7981188563723969,28.664316187712757,7.426067329847684e-07,0.0,0
116.788,0.5981999736993228,0.6455250409088952,1.6135707888982658,1e-12,1e-12,1e-12,0.0,-0.0006596925747787565,0.6,0.6,0.04556061286286337,7,0.04556061286293126,30.462435786691888,1.7981188563723969,28.664316187712757,7.426067329847684e-07,0.0,0
116.888,0.5981999736993228,0.6455250409088767,1.6135048196646768,1e-12,1e-12,1e-12,0.0,-0.0006596925747787565,0.6,0.6,0.045560612862844956,7,0.04556061286293126,30.462435786691888,1.7981188563723969,28.664316187712757,7.426067329847684e-07,0.0,0
116.988,0.5981999736993228,0.6455250409088579,1.613438850431088,1e-12,1e-12,1e-12,0.0,-0.0006596925747787565,0.6,0.6,0.045560612862826096,7,0.04556061286293126,30.462435786691888,1.7981188563723969,28.664316187712757,7.426067329847684e-07,0.0,0
117.088,0.5981999736993228,0.645525040908839,1.6133728811974999,1e-12,1e-12,1e-12,0.0,-0.0006596925747787565,0.6,0.6,0.045560612862807236,7,0.04556061286293126,30.462435786691888,1.7981188563723969,28.664316187712757,7.426067329847684e-07,0.0,0
117.188,0.5981999736993228,0.6455250409088203,1.6133069120008179,1e-12,1e-12,1e-12,0.0,-0.0006596918213152648,0.6,0.6,0.0455606128627886,7,0.045560612862826096,30.462435786682338,1.7981188563645456,28.664316187712757,7.426050366589783e-07,0.0,0
117.288,0.5981999736993228,0.6455250409088015,1.6132409428425472,1e-12,1e-12,1e-12,0.0,-0.0006596918213152648,0.6,0.6,0.04556061286276974,7,0.045560612862826096,30.462435786682338,1.7981188563645456,28.664316187712757,7.426050366589783e-07,0.0,0
117.388,0.5981999736993228,0.6455250409087826,1.6131749736842789,1e-12,1e-12,1e-12,0.0,-0.0006596918213152648,0.6,0.6,0.04556061286275088,7,0.045560612862826096,30.462435786682338,1.7981188563645456,28.664316187712757,7.426050366589783e-07,0.0,0
117.488,0.5981999736993228,0.6455250409087637,1.613109004526007,1e-12,1e-12,1e-12,0.0,-0.0006596918213152648,0.6,0.6,0.04556061286273202,7,0.045560612862826096,30.462435786682338,1.7981188563645456,28.664316187712757,7.426050366589783e-07,0.0,0
117.588,0.5981999736993228,0.6455250409087442,1.6130430353677376,1e-12,1e-12,1e-12,0.0,-0.0006596918213152648,0.6,0.6,0.0455606128627125,7,0.045560612862826096,30.462435786682338,1.7981188563645456,28.664316187712757,7.426050366589783e-07,0.0,0
117.688,0.5981999736993228,0.6455250409087222,1.6129770662389,1e-12,1e-12,1e-12,0.0,-0.0006596910678529625,0.6,0.6,0.04556061286269053,7,0.04556061286273202,30.46243578667324,1.7981188563571422,28.664316187712757,7.42603340337813e-07,0.0,0
117.788,0.5981999736993228,0.6455250409086951,1.612911097156101,1e-12,1e-12,1e-12,0.0,-0.0006596910678529625,0.6,0.6,0.04556061286266346,7,0.04556061286273202,30.46243578667324,1.7981188563571422,28.664316187712757,7.42603340337813e-07,0.0,0
117.888,0.5981999736993228,0.6455250409086678,1.6128451280733014,1e-12,1e-12,1e-12,0.0,-0.0006596910678529625,0.6,0.6,0.04556061286263617,7,0.04556061286273202,30.46243578667324,1.7981188563571422,28.664316187712757,7.42603340337813e-07,0.0,0
117.988,0.5981999736993228,0.6455250409086418,1.6127791589904685,1e-12,1e-12,1e-12,0.0,-0.0006596910678529625,0.6,0.6,0.04556061286261021,7,0.04556061286273202,30.46243578667324,1.7981188563571422,28.664316187712757,7.42603340337813e-07,0.0,0
118.088,0.5981999736993228,0.6455250409086178,1.6127131899076002,1e-12,1e-12,1e-12,0.0,-0.0006596910678529625,0.6,0.6,0.04556061286258625,7,0.04556061286273202,30.46243578667324,1.7981188563571422,28.664316187712757,7.42603340337813e-07,0.0,0
118.188,0.5981999736993228,0.6455250409085925,1.6126472208548484,1e-12,1e-12,1e-12,0.0,-0.0006596903143913737,0.6,0.6,0.04556061286256096,7,0.04556061286261021,30.462435786662315,1.7981188563479167,28.664316187712757,7.426016440202045e-07,0.0,0
118.288,0.5981999736993228,0.6455250409085637,1.6125812518473788,1e-12,1e-12,1e-12,0.0,-0.0006596903143913737,0.6,0.6,0.045560612862532116,7,0.04556061286261021,30.462435786662315,1.7981188563479167,28.664316187712757,7.426016440202045e-07,0.0,0
118.388,0.5981999736993228,0.6455250409085337,1.6125152828399079,1e-12,1e-12,1e-12,0.0,-0.0006596903143913737,0.6,0.6,0.04556061286250216,7,0.04556061286261021,30.462435786662315,1.7981188563479167,28.664316187712757,7.426016440202045e-07,0.0,0
118.488,0.5981999736993228,0.6455250409085046,1.612449313832437,1e-12,1e-12,1e-12,0.0,-0.0006596903143913737,0.6,0.6,0.0455606128624731,7,0.04556061286261021,30.462435786662315,1.7981188563479167,28.664316187712757,7.426016440202045e-07,0.0,0
118.588,0.5981999736993228,0.6455250409084751,1.6123833448249671,1e-12,1e-12,1e-12,0.0,-0.0006596903143913737,0.6,0.6,0.04556061286244359,7,0.04556061286261021,30.462435786662315,1.7981188563479167,28.664316187712757,7.426016440202045e-07,0.0,0
118.688,0.5981999736993228,0.6455250409084473,1.6123173758423566,1e-12,1e-12,1e-12,0.0,-0.0006596895609303349,0.6,0.6,0.045560612862415854,7,0.0455606128624731,30.462435786650232,1.7981188563375274,28.664316187712757,7.425999477057835e-07,0.0,0
118.788,0.5981999736993228,0.6455250409084213,1.6122514069102185,1e-12,1e-12,1e-12,0.0,-0.0006596895609303349,0.6,0.6,0.045560612862389896,7,0.0455606128624731,30.462435786650232,1.7981188563375274,28.664316187712757,7.425999477057835e-07,0.0,0
118.888,0.5981999736993228,0.6455250409083954,1.6121854379780811,1e-12,1e-12,1e-12,0.0,-0.0006596895609303349,0.6,0.6,0.04556061286236394,7,0.0455606128624731,30.462435786650232,1.7981188563375274,28.664316187712757,7.425999477057835e-07,0.0,0
118.988,0.5981999736993228,0.6455250409083694,1.6121194690459428,1e-12,1e-12,1e-12,0.0,-0.0006596895609303349,0.6,0.6,0.04556061286233798,7,0.0455606128624731,30.462435786650232,1.7981188563375274,28.664316187712757,7.425999477057835e-07,0.0,0
119.088,0.5981999736993228,0.6455250409083434,1.612053500113805,1e-12,1e-12,1e-12,0.0,-0.0006596895609303349,0.6,0.6,0.04556061286231202,7,0.0455606128624731,30.462435786650232,1.7981188563375274,28.664316187712757,7.425999477057835e-07,0.0,0
119.188,0.5981999736993228,0.645525040908317,1.6119875311929635,1e-12,1e-12,1e-12,0.0,-0.0006596888074703553,0.6,0.6,0.04556061286228562,7,0.04556061286233798,30.462435786638046,1.7981188563270347,28.664316187712757,7.425982513956949e-07,0.0,0
119.288,0.5981999736993228,0.6455250409082881,1.6119215623361411,1e-12,1e-12,1e-12,0.0,-0.0006596888074703553,0.6,0.6,0.04556061286225677,7,0.04556061286233798,30.462435786638046,1.7981188563270347,28.664316187712757,7.425982513956949e-07,0.0,0
119.388,0.5981999736993228,0.645525040908259,1.6118555934793186,1e-12,1e-12,1e-12,0.0,-0.0006596888074703553,0.6,0.6,0.045560612862227706,7,0.04556061286233798,30.462435786638046,1.7981188563270347,28.664316187712757,7.425982513956949e-07,0.0,0
119.488,0.5981999736993228,0.6455250409082297,1.611789624622496,1e-12,1e-12,1e-12,0.0,-0.0006596888074703553,0.6,0.6,0.04556061286219842,7,0.04556061286233798,30.462435786638046,1.7981188563270347,28.664316187712757,7.425982513956949e-07,0.0,0
119.588,0.5981999736993228,0.6455250409082004,1.6117236557656727,1e-12,1e-12,1e-12,0.0,-0.0006596888074703553,0.6,0.6,0.045560612862169135,7,0.04556061286233798,30.462435786638046,1.7981188563270347,28.664316187712757,7.425982513956949e-07,0.0,0
119.688,0.5981999736993228,0.645525040908172,1.6116576869329569,1e-12,1e-12,1e-12,0.0,-0.0006596880540111942,0.6,0.6,0.045560612862140734,7,0.04556061286219842,30.462435786625452,1.7981188563161399,28.664316187712757,7.425965550893979e-07,0.0,0
119.788,0.5981999736993228,0.6455250409081438,1.611591718151465,1e-12,1e-12,1e-12,0.0,-0.0006596880540111942,0.6,0.6,0.045560612862112555,7,0.04556061286219842,30.462435786625452,1.7981188563161399,28.664316187712757,7.425965550893979e-07,0.0,0
119.888,0.5981999736993228,0.6455250409081156,1.6115257493699708,1e-12,1e-12,1e-12,0.0,-0.0006596880540111942,0.6,0.6,0.045560612862084376,7,0.04556061286219842,30.462435786625452,1.7981188563161399,28.664316187712757,7.425965550893979e-07,0.0,0
119.988,0.5981999736993228,0.6455250409080874,1.6114597805884772,1e-12,1e-12,1e-12,0.0,-0.0006596880540111942,0.6,0.6,0.0455606128620562,7,0.04556061286219842,30.462435786625452,1.7981188563161399,28.664316187712757,7.425965550893979e-07,0.0,0
120.088,0.5981999736993228,0.6455250409080592,1.6113938118069857,1e-12,1e-12,1e-12,0.0,-0.0006596880540111942,0.6,0.6,0.045560612862028026,7,0.04556061286219842,30.462435786625452,1.7981188563161399,28.664316187712757,7.425965550893979e-07,0.0,0
120.188,0.5981999736993228,0.6455250409080308,1.6113278430254916,1e-12,1e-12,1e-12,0.0,-0.0006596872916538388,0.6,0.6,0.045560612861999625,7,0.0455606128620562,30.46243578661309,1.7981188563054942,28.664316187712757,7.425948387520642e-07,0.0,0
120.288,0.5981999736993228,0.6455250409080017,1.6112618743148706,1e-12,1e-12,1e-12,0.0,-0.0006596872916538388,0.6,0.6,0.04556061286197056,7,0.0455606128620562,30.46243578661309,1.7981188563054942,28.664316187712757,7.425948387520642e-07,0.0,0
120.388,0.5981999736993228,0.6455250409079728,1.6111959056095826,1e-12,1e-12,1e-12,0.0,-0.0006596872916538388,0.6,0.6,0.04556061286194171,7,0.0455606128620562,30.46243578661309,1.7981188563054942,28.664316187712757,7.425948387520642e-07,0.0,0
120.488,0.5981999736993228,0.6455250409079437,1.6111299369042964,1e-12,1e-12,1e-12,0.0,-0.0006596872916538388,0.6,0.6,0.04556061286191265,7,0.0455606128620562,30.46243578661309,1.7981188563054942,28.664316187712757,7.425948387520642e-07,0.0,0
120.588,0.5981999736993228,0.6455250409079148,1.61106396819901,1e-12,1e-12,1e-12,0.0,-0.0006596872916538388,0.6,0.6,0.04556061286188381,7,0.0455606128620562,30.46243578661309,1.7981188563054942,28.664316187712757,7.425948387520642e-07,0.0,0
120.688,0.5981999736993228,0.6455250409078858,1.6109979995027623,1e-12,1e-12,1e-12,0.0,-0.0006596865381965168,0.6,0.6,0.04556061286185474,7,0.04556061286191265,30.462435786600242,1.7981188562943449,28.664316187712757,7.425931424538306e-07,0.0,0
120.788,0.5981999736993228,0.6455250409078567,1.6109320308728017,1e-12,1e-12,1e-12,0.0,-0.0006596865381965168,0.6,0.6,0.045560612861825674,7,0.04556061286191265,30.462435786600242,1.7981188562943449,28.664316187712757,7.425931424538306e-07,0.0,0
120.888,0.5981999736993228,0.6455250409078271,1.6108660622428403,1e-12,1e-12,1e-12,0.0,-0.0006596865381965168,0.6,0.6,0.04556061286179617,7,0.04556061286191265,30.462435786600242,1.7981188562943449,28.664316187712757,7.425931424538306e-07,0.0,0
120.988,0.5981999736993228,0.6455250409077978,1.6108000936128808,1e-12,1e-12,1e-12,0.0,-0.0006596865381965168,0.6,0.6,0.04556061286176688,7,0.04556061286191265,30.462435786600242,1.7981188562943449,28.664316187712757,7.425931424538306e-07,0.0,0
121.088,0.5981999736993228,0.6455250409077683,1.6107341249829195,1e-12,1e-12,1e-12,0.0,-0.0006596865381965168,0.6,0.6,0.04556061286173737,7,0.04556061286191265,30.462435786600242,1.7981188562943449,28.664316187712757,7.425931424538306e-07,0.0,0
121.188,0.5981999736993228,0.6455250409077412,1.6106681563868597,1e-12,1e-12,1e-12,0.0,-0.0006596857847400601,0.6,0.6,0.0455606128617103,7,0.04556061286176688,30.4624357865874,1.7981188562831942,28.664316187712757,7.425914461594922e-07,0.0,0
121.288,0.5981999736993228,0.6455250409077152,1.6106021878322307,1e-12,1e-12,1e-12,0.0,-0.0006596857847400601,0.6,0.6,0.04556061286168434,7,0.04556061286176688,30.4624357865874,1.7981188562831942,28.664316187712757,7.425914461594922e-07,0.0,0
121.388,0.5981999736993228,0.6455250409076895,1.6105362192776025,1e-12,1e-12,1e-12,0.0,-0.0006596857847400601,0.6,0.6,0.045560612861658606,7,0.04556061286176688,30.4624357865874,1.7981188562831942,28.664316187712757,7.425914461594922e-07,0.0,0
121.488,0.5981999736993228,0.6455250409076637,1.6104702507229758,1e-12,1e-12,1e-12,0.0,-0.0006596857847400601,0.6,0.6,0.04556061286163287,7,0.04556061286176688,30.4624357865874,1.7981188562831942,28.664316187712757,7.425914461594922e-07,0.0,0
121.588,0.5981999736993228,0.645525040907638,1.6104042821683486,1e-12,1e-12,1e-12,0.0,-0.0006596857847400601,0.6,0.6,0.04556061286160713,7,0.04556061286176688,30.4624357865874,1.7981188562831942,28.664316187712757,7.425914461594922e-07,0.0,0
121.688,0.5981999736993228,0.6455250409076095,1.6103383136461051,1e-12,1e-12,1e-12,0.0,-0.000659685031284317,0.6,0.6,0.04556061286157873,7,0.04556061286163287,30.462435786575465,1.7981188562729589,28.664316187712757,7.425897498685364e-07,0.0,0
121.788,0.5981999736993228,0.6455250409075791,1.6102723451667946,1e-12,1e-12,1e-12,0.0,-0.000659685031284317,0.6,0.6,0.04556061286154834,7,0.04556061286163287,30.462435786575465,1.7981188562729589,28.664316187712757,7.425897498685364e-07,0.0,0
121.888,0.5981999736993228,0.6455250409075485,1.6102063766874837,1e-12,1e-12,1e-12,0.0,-0.000659685031284317,0.6,0.6,0.04556061286151772,7,0.04556061286163287,30.462435786575465,1.7981188562729589,28.664316187712757,7.425897498685364e-07,0.0,0
121.988,0.5981999736993228,0.6455250409075176,1.6101404082081718,1e-12,1e-12,1e-12,0.0,-0.000659685031284317,0.6,0.6,0.04556061286148688,7,0.04556061286163287,30.462435786575465,1.7981188562729589,28.664316187712757,7.425897498685364e-07,0.0,0
122.088,0.5981999736993228,0.6455250409074867,1.61007443972886,1e-12,1e-12,1e-12,0.0,-0.000659685031284317,0.6,0.6,0.04556061286145604,7,0.04556061286163287,30.462435786575465,1.7981188562729589,28.664316187712757,7.425897498685364e-07,0.0,0
122.188,0.5981999736993228,0.6455250409074577,1.6100084712811882,1e-12,1e-12,1e-12,0.0,-0.0006596842778292787,0.6,0.6,0.04556061286142697,7,0.04556061286148688,30.462435786562363,1.7981188562615515,28.664316187712757,7.425880535812916e-07,0.0,0
122.288,0.5981999736993228,0.6455250409074306,1.6099425028772045,1e-12,1e-12,1e-12,0.0,-0.0006596842778292787,0.6,0.6,0.0455606128613999,7,0.04556061286148688,30.462435786562363,1.7981188562615515,28.664316187712757,7.425880535812916e-07,0.0,0
122.388,0.5981999736993228,0.6455250409074035,1.609876534473221,1e-12,1e-12,1e-12,0.0,-0.0006596842778292787,0.6,0.6,0.045560612861372835,7,0.04556061286148688,30.462435786562363,1.7981188562615515,28.664316187712757,7.425880535812916e-07,0.0,0
122.488,0.5981999736993228,0.6455250409073764,1.609810566069239,1e-12,1e-12,1e-12,0.0,-0.0006596842778292787,0.6,0.6,0.045560612861345766,7,0.04556061286148688,30.462435786562363,1.7981188562615515,28.664316187712757,7.425880535812916e-07,0.0,0
122.588,0.5981999736993228,0.6455250409073491,1.6097445976652551,1e-12,1e-12,1e-12,0.0,-0.0006596842778292787,0.6,0.6,0.04556061286131848,7,0.04556061286148688,30.462435786562363,1.7981188562615515,28.664316187712757,7.425880535812916e-07,0.0,0
122.688,0.5981999736993228,0.6455250409073224,1.6096786292673102,1e-12,1e-12,1e-12,0.0,-0.0006596835243753435,0.6,0.6,0.04556061286129186,7,0.045560612861345766,30.46243578654992,1.7981188562508046,28.664316187712757,7.425863572984778e-07,0.0,0
122.788,0.5981999736993228,0.6455250409073033,1.6096126609388008,1e-12,1e-12,1e-12,0.0,-0.0006596835243753435,0.6,0.6,0.045560612861272776,7,0.045560612861345766,30.46243578654992,1.7981188562508046,28.664316187712757,7.425863572984778e-07,0.0,0
122.888,0.5981999736993228,0.6455250409072842,1.6095466926102913,1e-12,1e-12,1e-12,0.0,-0.0006596835243753435,0.6,0.6,0.045560612861253694,7,0.045560612861345766,30.46243578654992,1.7981188562508046,28.664316187712757,7.425863572984778e-07,0.0,0
122.988,0.5981999736993228,0.6455250409072649,1.6094807242817817,1e-12,1e-12,1e-12,0.0,-0.0006596835243753435,0.6,0.6,0.04556061286123439,7,0.045560612861345766,30.46243578654992,1.7981188562508046,28.664316187712757,7.425863572984778e-07,0.0,0
123.088,0.5981999736993228,0.6455250409072458,1.6094147559532732,1e-12,1e-12,1e-12,0.0,-0.0006596835243753435,0.6,0.6,0.04556061286121531,7,0.045560612861345766,30.46243578654992,1.7981188562508046,28.664316187712757,7.425863572984778e-07,0.0,0
123.188,0.5981999736993228,0.6455250409072267,1.6093487876405832,1e-12,1e-12,1e-12,0.0,-0.0006596827709222042,0.6,0.6,0.045560612861196226,7,0.04556061286123439,30.46243578653971,1.7981188562422925,28.664316187712757,7.42584661019405e-07,0.0,0
123.288,0.5981999736993228,0.6455250409072096,1.6092828193874062,1e-12,1e-12,1e-12,0.0,-0.0006596827709222042,0.6,0.6,0.04556061286117914,7,0.04556061286123439,30.46243578653971,1.7981188562422925,28.664316187712757,7.42584661019405e-07,0.0,0
123.388,0.5981999736993228,0.6455250409071923,1.6092168511342309,1e-12,1e-12,1e-12,0.0,-0.0006596827709222042,0.6,0.6,0.04556061286116184,7,0.04556061286123439,30.46243578653971,1.7981188562422925,28.664316187712757,7.42584661019405e-07,0.0,0
123.488,0.5981999736993228,0.6455250409071752,1.6091508828810541,1e-12,1e-12,1e-12,0.0,-0.0006596827709222042,0.6,0.6,0.04556061286114475,7,0.04556061286123439,30.46243578653971,1.7981188562422925,28.664316187712757,7.42584661019405e-07,0.0,0
123.588,0.5981999736993228,0.6455250409071579,1.6090849146278798,1e-12,1e-12,1e-12,0.0,-0.0006596827709222042,0.6,0.6,0.04556061286112745,7,0.04556061286123439,30.46243578653971,1.7981188562422925,28.664316187712757,7.42584661019405e-07,0.0,0
123.688,0.5981999736993228,0.6455250409071392,1.6090189463980553,1e-12,1e-12,1e-12,0.0,-0.0006596820174701629,0.6,0.6,0.04556061286110881,7,0.04556061286114475,30.46243578653117,1.798118856235449,28.664316187712757,7.425829647447535e-07,0.0,0
123.788,0.5981999736993228,0.645525040907117,1.6089529782202114,1e-12,1e-12,1e-12,0.0,-0.0006596820174701629,0.6,0.6,0.045560612861086626,7,0.04556061286114475,30.46243578653117,1.798118856235449,28.664316187712757,7.425829647447535e-07,0.0,0
123.888,0.5981999736993228,0.6455250409070948,1.6088870100423678,1e-12,1e-12,1e-12,0.0,-0.0006596820174701629,0.6,0.6,0.045560612861064435,7,0.04556061286114475,30.46243578653117,1.798118856235449,28.664316187712757,7.425829647447535e-07,0.0,0
123.988,0.5981999736993228,0.6455250409070726,1.608821041864524,1e-12,1e-12,1e-12,0.0,-0.0006596820174701629,0.6,0.6,0.04556061286104225,7,0.04556061286114475,30.46243578653117,1.798118856235449,28.664316187712757,7.425829647447535e-07,0.0,0
124.088,0.5981999736993228,0.6455250409070504,1.6087550736866805,1e-12,1e-12,1e-12,0.0,-0.0006596820174701629,0.6,0.6,0.04556061286102006,7,0.04556061286114475,30.46243578653117,1.798118856235449,28.664316187712757,7.425829647447535e-07,0.0,0
124.188,0.5981999736993228,0.6455250409070302,1.6086891055367025,1e-12,1e-12,1e-12,0.0,-0.0006596812640189338,0.6,0.6,0.04556061286099987,7,0.04556061286104225,30.462435786521414,1.79811885622739,28.664316187712757,7.425812684738797e-07,0.0,0
124.288,0.5981999736993228,0.645525040907012,1.6086231374341706,1e-12,1e-12,1e-12,0.0,-0.0006596812640189338,0.6,0.6,0.045560612860981675,7,0.04556061286104225,30.462435786521414,1.79811885622739,28.664316187712757,7.425812684738797e-07,0.0,0
124.388,0.5981999736993228,0.6455250409069943,1.6085571693316398,1e-12,1e-12,1e-12,0.0,-0.0006596812640189338,0.6,0.6,0.045560612860963925,7,0.04556061286104225,30.462435786521414,1.79811885622739,28.664316187712757,7.425812684738797e-07,0.0,0
124.488,0.5981999736993228,0.6455250409069758,1.6084912012291077,1e-12,1e-12,1e-12,0.0,-0.0006596812640189338,0.6,0.6,0.04556061286094552,7,0.04556061286104225,30.462435786521414,1.79811885622739,28.664316187712757,7.425812684738797e-07,0.0,0
124.588,0.5981999736993228,0.6455250409069583,1.6084252331265771,1e-12,1e-12,1e-12,0.0,-0.0006596812640189338,0.6,0.6,0.04556061286092799,7,0.04556061286104225,30.462435786521414,1.79811885622739,28.664316187712757,7.425812684738797e-07,0.0,0
124.688,0.5981999736993228,0.645525040906939,1.608359265054177,1e-12,1e-12,1e-12,0.0,-0.0006596805105684724,0.6,0.6,0.045560612860908685,7,0.04556061286094552,30.462435786512373,1.7981188562200416,28.664316187712757,7.425795722066837e-07,0.0,0
124.788,0.5981999736993228,0.6455250409069192,1.6082932970269785,1e-12,1e-12,1e-12,0.0,-0.0006596805105684724,0.6,0.6,0.04556061286088894,7,0.04556061286094552,30.462435786512373,1.7981188562200416,28.664316187712757,7.425795722066837e-07,0.0,0
124.888,0.5981999736993228,0.6455250409068988,1.60822732899978,1e-12,1e-12,1e-12,0.0,-0.0006596805105684724,0.6,0.6,0.04556061286086852,7,0.04556061286094552,30.462435786512373,1.7981188562200416,28.664316187712757,7.425795722066837e-07,0.0,0
124.988,0.5981999736993228,0.6455250409068783,1.6081613609725809,1e-12,1e-12,1e-12,0.0,-0.0006596805105684724,0.6,0.6,0.04556061286084811,7,0.04556061286094552,30.462435786512373,1.7981188562200416,28.664316187712757,7.425795722066837e-07,0.0,0
125.088,0.5981999736993228,0.6455250409068579,1.6080953929453805,1e-12,1e-12,1e-12,0.0,-0.0006596805105684724,0.6,0.6,0.0455606128608277,7,0.04556061286094552,30.462435786512373,1.7981188562200416,28.664316187712757,7.425795722066837e-07,0.0,0
125.188,0.5981999736993228,0.6455250409068379,1.6080294249219484,1e-12,1e-12,1e-12,0.0,-0.0006596797571188291,0.6,0.6,0.04556061286080773,7,0.04556061286084811,30.46243578650312,1.798118856212489,28.664316187712757,7.425778759431024e-07,0.0,0
125.288,0.5981999736993228,0.6455250409068184,1.6079634569700743,1e-12,1e-12,1e-12,0.0,-0.0006596797571188291,0.6,0.6,0.045560612860788205,7,0.04556061286084811,30.46243578650312,1.798118856212489,28.664316187712757,7.425778759431024e-07,0.0,0
125.388,0.5981999736993228,0.6455250409067991,1.6078974890182007,1e-12,1e-12,1e-12,0.0,-0.0006596797571188291,0.6,0.6,0.0455606128607689,7,0.04556061286084811,30.46243578650312,1.798118856212489,28.664316187712757,7.425778759431024e-07,0.0,0
125.488,0.5981999736993228,0.6455250409067798,1.6078315210663263,1e-12,1e-12,1e-12,0.0,-0.0006596797571188291,0.6,0.6,0.045560612860749604,7,0.04556061286084811,30.46243578650312,1.798118856212489,28.664316187712757,7.425778759431024e-07,0.0,0
125.588,0.5981999736993228,0.6455250409067602,1.6077655531144517,1e-12,1e-12,1e-12,0.0,-0.0006596797571188291,0.6,0.6,0.04556061286073008,7,0.04556061286084811,30.46243578650312,1.798118856212489,28.664316187712757,7.425778759431024e-07,0.0,0
125.688,0.5981999736993228,0.6455250409067413,1.6076995851746285,1e-12,1e-12,1e-12,0.0,-0.0006596790036699423,0.6,0.6,0.04556061286071122,7,0.045560612860749604,30.462435786493874,1.798118856204937,28.664316187712757,7.425761796831755e-07,0.0,0
125.788,0.5981999736993228,0.6455250409067236,1.6076336172980745,1e-12,1e-12,1e-12,0.0,-0.0006596790036699423,0.6,0.6,0.04556061286069347,7,0.045560612860749604,30.462435786493874,1.798118856204937,28.664316187712757,7.425761796831755e-07,0.0,0
125.888,0.5981999736993228,0.6455250409067058,1.607567649421519,1e-12,1e-12,1e-12,0.0,-0.0006596790036699423,0.6,0.6,0.04556061286067572,7,0.045560612860749604,30.462435786493874,1.798118856204937,28.664316187712757,7.425761796831755e-07,0.0,0
125.988,0.5981999736993228,0.6455250409066885,1.6075016815449643,1e-12,1e-12,1e-12,0.0,-0.0006596790036699423,0.6,0.6,0.04556061286065841,7,0.045560612860749604,30.462435786493874,1.798118856204937,28.664316187712757,7.425761796831755e-07,0.0,0
126.088,0.5981999736993228,0.6455250409066707,1.6074357136684092,1e-12,1e-12,1e-12,0.0,-0.0006596790036699423,0.6,0.6,0.04556061286064066,7,0.045560612860749604,30.462435786493874,1.798118856204937,28.664316187712757,7.425761796831755e-07,0.0,0
126.188,0.5981999736993228,0.645525040906651,1.6073697458174685,1e-12,1e-12,1e-12,0.0,-0.0006596782502221937,0.6,0.6,0.045560612860620915,7,0.04556061286065841,30.46243578648513,1.7981188561978918,28.664316187712757,7.425744834277585e-07,0.0,0
126.288,0.5981999736993228,0.6455250409066288,1.6073037780162458,1e-12,1e-12,1e-12,0.0,-0.0006596782502221937,0.6,0.6,0.04556061286059873,7,0.04556061286065841,30.46243578648513,1.7981188561978918,28.664316187712757,7.425744834277585e-07,0.0,0
126.388,0.5981999736993228,0.6455250409066066,1.6072378102150242,1e-12,1e-12,1e-12,0.0,-0.0006596782502221937,0.6,0.6,0.04556061286057654,7,0.04556061286065841,30.46243578648513,1.7981188561978918,28.664316187712757,7.425744834277585e-07,0.0,0
126.488,0.5981999736993228,0.6455250409065844,1.6071718424138037,1e-12,1e-12,1e-12,0.0,-0.0006596782502221937,0.6,0.6,0.04556061286055436,7,0.04556061286065841,30.46243578648513,1.7981188561978918,28.664316187712757,7.425744834277585e-07,0.0,0
126.588,0.5981999736993228,0.6455250409065622,1.607105874612581,1e-12,1e-12,1e-12,0.0,-0.0006596782502221937,0.6,0.6,0.04556061286053217,7,0.04556061286065841,30.46243578648513,1.7981188561978918,28.664316187712757,7.425744834277585e-07,0.0,0
126.688,0.5981999736993228,0.6455250409065397,1.6070399068136505,1e-12,1e-12,1e-12,0.0,-0.000659677487876061,0.6,0.6,0.04556061286050976,7,0.04556061286055436,30.462435786475357,1.798118856189833,28.664316187712757,7.425727671411742e-07,0.0,0
126.768,0.5981999736993228,0.6455250409065164,1.606987132633757,1e-12,1e-12,1e-12,0.0,-0.000659677487876061,0.6,0.6,0.04556061286048646,7,0.04556061286055436,30.462435786475357,1.798118856189833,28.664316187712757,7.425727671411742e-07,0.0,0
126.888,0.5981999736993228,0.6455250409064811,1.6069079713639172,1e-12,1e-12,1e-12,0.0,-0.000659677487876061,0.6,0.6,0.04556061286045118,7,0.04556061286055436,30.462435786475357,1.798118856189833,28.664316187712757,7.425727671411742e-07,0.0,0
126.988,0.5981999736993228,0.645525040906452,1.6068420036390507,1e-12,1e-12,1e-12,0.0,-0.000659677487876061,0.6,0.6,0.045560612860422116,7,0.04556061286055436,30.462435786475357,1.798118856189833,28.664316187712757,7.425727671411742e-07,0.0,0
127.088,0.5981999736993228,0.6455250409064232,1.606776035914176,1e-12,1e-12,1e-12,0.0,-0.000659677487876061,0.6,0.6,0.04556061286039328,7,0.04556061286055436,30.462435786475357,1.798118856189833,28.664316187712757,7.425727671411742e-07,0.0,0
127.188,0.5981999736993228,0.6455250409063976,1.6067100682126212,1e-12,1e-12,1e-12,0.0,-0.0006596767344300735,0.6,0.6,0.045560612860367763,7,0.045560612860422116,30.462435786463626,1.7981188561797994,28.664316187712757,7.42571070893819e-07,0.0,0
127.288,0.5981999736993228,0.6455250409063719,1.6066441005630752,1e-12,1e-12,1e-12,0.0,-0.0006596767344300735,0.6,0.6,0.04556061286034202,7,0.045560612860422116,30.462435786463626,1.7981188561797994,28.664316187712757,7.42571070893819e-07,0.0,0
127.388,0.5981999736993228,0.6455250409063463,1.6065781329135274,1e-12,1e-12,1e-12,0.0,-0.0006596767344300735,0.6,0.6,0.045560612860316506,7,0.045560612860422116,30.462435786463626,1.7981188561797994,28.664316187712757,7.42571070893819e-07,0.0,0
127.488,0.5981999736993228,0.6455250409063203,1.606512165263978,1e-12,1e-12,1e-12,0.0,-0.0006596767344300735,0.6,0.6,0.04556061286029055,7,0.045560612860422116,30.462435786463626,1.7981188561797994,28.664316187712757,7.42571070893819e-07,0.0,0
127.588,0.5981999736993228,0.6455250409062946,1.606446197614432,1e-12,1e-12,1e-12,0.0,-0.0006596767344300735,0.6,0.6,0.04556061286026481,7,0.045560612860422116,30.462435786463626,1.7981188561797994,28.664316187712757,7.42571070893819e-07,0.0,0
127.688,0.5981999736993228,0.645525040906266,1.6063802300176169,1e-12,1e-12,1e-12,0.0,-0.0006596759809849881,0.6,0.6,0.04556061286023619,7,0.04556061286029055,30.46243578645184,1.7981188561697103,28.664316187712757,7.425693746502666e-07,0.0,0
127.788,0.5981999736993228,0.6455250409062369,1.6063142624434015,1e-12,1e-12,1e-12,0.0,-0.0006596759809849881,0.6,0.6,0.04556061286020713,7,0.04556061286029055,30.46243578645184,1.7981188561697103,28.664316187712757,7.425693746502666e-07,0.0,0
127.888,0.5981999736993228,0.645525040906208,1.6062482948691863,1e-12,1e-12,1e-12,0.0,-0.0006596759809849881,0.6,0.6,0.04556061286017828,7,0.04556061286029055,30.46243578645184,1.7981188561697103,28.664316187712757,7.425693746502666e-07,0.0,0
127.988,0.5981999736993228,0.6455250409061789,1.6061823272949696,1e-12,1e-12,1e-12,0.0,-0.0006596759809849881,0.6,0.6,0.045560612860149216,7,0.04556061286029055,30.46243578645184,1.7981188561697103,28.664316187712757,7.425693746502666e-07,0.0,0
128.088,0.5981999736993228,0.6455250409061498,1.6061163597207557,1e-12,1e-12,1e-12,0.0,-0.0006596759809849881,0.6,0.6,0.04556061286012015,7,0.04556061286029055,30.46243578645184,1.7981188561697103,28.664316187712757,7.425693746502666e-07,0.0,0
128.188,0.5981999736993228,0.6455250409061203,1.6060503921533194,1e-12,1e-12,1e-12,0.0,-0.0006596752275407243,0.6,0.6,0.045560612860090645,7,0.045560612860149216,30.46243578643925,1.7981188561588168,28.664316187712757,7.425676784105151e-07,0.0,0
128.288,0.5981999736993228,0.6455250409060919,1.6059844246544313,1e-12,1e-12,1e-12,0.0,-0.0006596752275407243,0.6,0.6,0.045560612860062244,7,0.045560612860149216,30.46243578643925,1.7981188561588168,28.664316187712757,7.425676784105151e-07,0.0,0
128.388,0.5981999736993228,0.6455250409060637,1.605918457155543,1e-12,1e-12,1e-12,0.0,-0.0006596752275407243,0.6,0.6,0.045560612860034065,7,0.045560612860149216,30.46243578643925,1.7981188561588168,28.664316187712757,7.425676784105151e-07,0.0,0
128.488,0.5981999736993228,0.6455250409060357,1.6058524896566546,1e-12,1e-12,1e-12,0.0,-0.0006596752275407243,0.6,0.6,0.04556061286000611,7,0.045560612860149216,30.46243578643925,1.7981188561588168,28.664316187712757,7.425676784105151e-07,0.0,0
128.588,0.5981999736993228,0.6455250409060073,1.605786522157765,1e-12,1e-12,1e-12,0.0,-0.0006596752275407243,0.6,0.6,0.045560612859977714,7,0.045560612860149216,30.46243578643925,1.7981188561588168,28.664316187712757,7.425676784105151e-07,0.0,0
128.688,0.5981999736993228,0.6455250409059793,1.6057205546739406,1e-12,1e-12,1e-12,0.0,-0.0006596744740972661,0.6,0.6,0.04556061285994976,7,0.04556061286000611,30.46243578642666,1.7981188561479182,28.664316187712757,7.425659821743485e-07,0.0,0
128.788,0.5981999736993228,0.6455250409059522,1.6056545872503716,1e-12,1e-12,1e-12,0.0,-0.0006596744740972661,0.6,0.6,0.04556061285992269,7,0.04556061286000611,30.46243578642666,1.7981188561479182,28.664316187712757,7.425659821743485e-07,0.0,0
128.888,0.5981999736993228,0.6455250409059251,1.6055886198268012,1e-12,1e-12,1e-12,0.0,-0.0006596744740972661,0.6,0.6,0.04556061285989562,7,0.04556061286000611,30.46243578642666,1.7981188561479182,28.664316187712757,7.425659821743485e-07,0.0,0
128.988,0.5981999736993228,0.6455250409058978,1.6055226524032307,1e-12,1e-12,1e-12,0.0,-0.0006596744740972661,0.6,0.6,0.04556061285986833,7,0.04556061286000611,30.46243578642666,1.7981188561479182,28.664316187712757,7.425659821743485e-07,0.0,0
129.088,0.5981999736993228,0.6455250409058707,1.6054566849796603,1e-12,1e-12,1e-12,0.0,-0.0006596744740972661,0.6,0.6,0.04556061285984126,7,0.04556061286000611,30.46243578642666,1.7981188561479182,28.664316187712757,7.425659821743485e-07,0.0,0
129.188,0.5981999736993228,0.6455250409058463,1.605390717578733,1e-12,1e-12,1e-12,0.0,-0.0006596737206545464,0.6,0.6,0.04556061285981686,7,0.04556061285986833,30.462435786414364,1.798118856137323,28.664316187712757,7.42564285941795e-07,0.0,0
129.288,0.5981999736993228,0.6455250409058281,1.6053247502306356,1e-12,1e-12,1e-12,0.0,-0.0006596737206545464,0.6,0.6,0.04556061285979866,7,0.04556061285986833,30.462435786414364,1.798118856137323,28.664316187712757,7.42564285941795e-07,0.0,0
129.388,0.5981999736993228,0.6455250409058096,1.605258782882538,1e-12,1e-12,1e-12,0.0,-0.0006596737206545464,0.6,0.6,0.04556061285978025,7,0.04556061285986833,30.462435786414364,1.798118856137323,28.664316187712757,7.42564285941795e-07,0.0,0
129.488,0.5981999736993228,0.6455250409057917,1.6051928155344404,1e-12,1e-12,1e-12,0.0,-0.0006596737206545464,0.6,0.6,0.045560612859762276,7,0.04556061285986833,30.462435786414364,1.798118856137323,28.664316187712757,7.42564285941795e-07,0.0,0
129.588,0.5981999736993228,0.6455250409057737,1.6051268481863445,1e-12,1e-12,1e-12,0.0,-0.0006596737206545464,0.6,0.6,0.045560612859744304,7,0.04556061285986833,30.462435786414364,1.798118856137323,28.664316187712757,7.42564285941795e-07,0.0,0
129.688,0.5981999736993228,0.6455250409057546,1.6050608808578333,1e-12,1e-12,1e-12,0.0,-0.0006596729672128817,0.6,0.6,0.04556061285972522,7,0.045560612859762276,30.462435786404463,1.7981188561291153,28.664316187712757,7.425625897137424e-07,0.0,0
129.788,0.5981999736993228,0.6455250409057324,1.6049949135850687,1e-12,1e-12,1e-12,0.0,-0.0006596729672128817,0.6,0.6,0.04556061285970303,7,0.045560612859762276,30.462435786404463,1.7981188561291153,28.664316187712757,7.425625897137424e-07,0.0,0
129.888,0.5981999736993228,0.6455250409057102,1.6049289463123053,1e-12,1e-12,1e-12,0.0,-0.0006596729672128817,0.6,0.6,0.04556061285968085,7,0.045560612859762276,30.462435786404463,1.7981188561291153,28.664316187712757,7.425625897137424e-07,0.0,0
129.988,0.5981999736993228,0.645525040905688,1.6048629790395417,1e-12,1e-12,1e-12,0.0,-0.0006596729672128817,0.6,0.6,0.04556061285965866,7,0.045560612859762276,30.462435786404463,1.7981188561291153,28.664316187712757,7.425625897137424e-07,0.0,0
130.088,0.5981999736993228,0.6455250409056658,1.6047970117667782,1e-12,1e-12,1e-12,0.0,-0.0006596729672128817,0.6,0.6,0.04556061285963647,7,0.045560612859762276,30.462435786404463,1.7981188561291153,28.664316187712757,7.425625897137424e-07,0.0,0
130.188,0.5981999736993228,0.6455250409056442,1.60473104451154,1e-12,1e-12,1e-12,0.0,-0.0006596722048729493,0.6,0.6,0.04556061285961495,7,0.04556061285965866,30.46243578639474,1.798118856121106,28.664316187712757,7.42560873454767e-07,0.0,0
130.288,0.5981999736993228,0.6455250409056262,1.6046650773149758,1e-12,1e-12,1e-12,0.0,-0.0006596722048729493,0.6,0.6,0.04556061285959698,7,0.04556061285965866,30.46243578639474,1.798118856121106,28.664316187712757,7.42560873454767e-07,0.0,0
130.388,0.5981999736993228,0.6455250409056078,1.604599110118413,1e-12,1e-12,1e-12,0.0,-0.0006596722048729493,0.6,0.6,0.04556061285957856,7,0.04556061285965866,30.46243578639474,1.798118856121106,28.664316187712757,7.42560873454767e-07,0.0,0
130.488,0.5981999736993228,0.6455250409055898,1.6045331429218486,1e-12,1e-12,1e-12,0.0,-0.0006596722048729493,0.6,0.6,0.04556061285956059,7,0.04556061285965866,30.46243578639474,1.798118856121106,28.664316187712757,7.42560873454767e-07,0.0,0
130.588,0.5981999736993228,0.6455250409055721,1.6044671757252869,1e-12,1e-12,1e-12,0.0,-0.0006596722048729493,0.6,0.6,0.04556061285954284,7,0.04556061285965866,30.46243578639474,1.798118856121106,28.664316187712757,7.42560873454767e-07,0.0,0
130.688,0.5981999736993228,0.6455250409055536,1.6044012085309838,1e-12,1e-12,1e-12,0.0,-0.0006596714514331653,0.6,0.6,0.04556061285952443,7,0.04556061285956059,30.462435786385537,1.798118856113605,28.664316187712757,7.425591772348676e-07,0.0,0
130.788,0.5981999736993228,0.6455250409055319,1.6043352414097523,1e-12,1e-12,1e-12,0.0,-0.0006596714514331653,0.6,0.6,0.045560612859502685,7,0.04556061285956059,30.462435786385537,1.798118856113605,28.664316187712757,7.425591772348676e-07,0.0,0
130.888,0.5981999736993228,0.6455250409055103,1.6042692742885205,1e-12,1e-12,1e-12,0.0,-0.0006596714514331653,0.6,0.6,0.04556061285948116,7,0.04556061285956059,30.462435786385537,1.798118856113605,28.664316187712757,7.425591772348676e-07,0.0,0
130.988,0.5981999736993228,0.6455250409054886,1.6042033071672894,1e-12,1e-12,1e-12,0.0,-0.0006596714514331653,0.6,0.6,0.04556061285945942,7,0.04556061285956059,30.462435786385537,1.798118856113605,28.664316187712757,7.425591772348676e-07,0.0,0
131.088,0.5981999736993228,0.645525040905467,1.6041373400460583,1e-12,1e-12,1e-12,0.0,-0.0006596714514331653,0.6,0.6,0.045560612859437896,7,0.04556061285956059,30.462435786385537,1.798118856113605,28.664316187712757,7.425591772348676e-07,0.0,0
131.188,0.5981999736993228,0.6455250409054468,1.6040713729609848,1e-12,1e-12,1e-12,0.0,-0.0006596706979942524,0.6,0.6,0.04556061285941771,7,0.04556061285945942,30.462435786376137,1.7981188561058987,28.664316187712757,7.42557481018702e-07,0.0,0
131.288,0.5981999736993228,0.645525040905428,1.60400540591508,1e-12,1e-12,1e-12,0.0,-0.0006596706979942524,0.6,0.6,0.04556061285939885,7,0.04556061285945942,30.462435786376137,1.7981188561058987,28.664316187712757,7.42557481018702e-07,0.0,0
131.388,0.5981999736993228,0.6455250409054097,1.6039394388691752,1e-12,1e-12,1e-12,0.0,-0.0006596706979942524,0.6,0.6,0.04556061285938066,7,0.04556061285945942,30.462435786376137,1.7981188561058987,28.664316187712757,7.42557481018702e-07,0.0,0
131.488,0.5981999736993228,0.6455250409053915,1.6038734718232721,1e-12,1e-12,1e-12,0.0,-0.0006596706979942524,0.6,0.6,0.04556061285936246,7,0.04556061285945942,30.462435786376137,1.7981188561058987,28.664316187712757,7.42557481018702e-07,0.0,0
131.588,0.5981999736993228,0.6455250409053731,1.6038075047773677,1e-12,1e-12,1e-12,0.0,-0.0006596706979942524,0.6,0.6,0.04556061285934405,7,0.04556061285945942,30.462435786376137,1.7981188561058987,28.664316187712757,7.42557481018702e-07,0.0,0
131.688,0.5981999736993228,0.6455250409053547,1.603741537761591,1e-12,1e-12,1e-12,0.0,-0.0006596699445560576,0.6,0.6,0.04556061285932563,7,0.04556061285936246,30.46243578636689,1.7981188560983474,28.664316187712757,7.425557848061035e-07,0.0,0
131.788,0.5981999736993228,0.6455250409053365,1.603675570791004,1e-12,1e-12,1e-12,0.0,-0.0006596699445560576,0.6,0.6,0.04556061285930744,7,0.04556061285936246,30.46243578636689,1.7981188560983474,28.664316187712757,7.425557848061035e-07,0.0,0
131.888,0.5981999736993228,0.6455250409053183,1.6036096038204166,1e-12,1e-12,1e-12,0.0,-0.0006596699445560576,0.6,0.6,0.045560612859289244,7,0.04556061285936246,30.46243578636689,1.7981188560983474,28.664316187712757,7.425557848061035e-07,0.0,0
131.988,0.5981999736993228,0.6455250409053003,1.6035436368498297,1e-12,1e-12,1e-12,0.0,-0.0006596699445560576,0.6,0.6,0.04556061285927127,7,0.04556061285936246,30.46243578636689,1.7981188560983474,28.664316187712757,7.425557848061035e-07,0.0,0
132.088,0.5981999736993228,0.6455250409052823,1.603477669879243,1e-12,1e-12,1e-12,0.0,-0.0006596699445560576,0.6,0.6,0.0455606128592533,7,0.04556061285936246,30.46243578636689,1.7981188560983474,28.664316187712757,7.425557848061035e-07,0.0,0
132.188,0.5981999736993228,0.6455250409052632,1.603411702930502,1e-12,1e-12,1e-12,0.0,-0.0006596691911189179,0.6,0.6,0.04556061285923422,7,0.04556061285927127,30.46243578635815,1.7981188560913017,28.664316187712757,7.425540885980036e-07,0.0,0
132.288,0.5981999736993228,0.6455250409052419,1.6033457360352479,1e-12,1e-12,1e-12,0.0,-0.0006596691911189179,0.6,0.6,0.04556061285921292,7,0.04556061285927127,30.46243578635815,1.7981188560913017,28.664316187712757,7.425540885980036e-07,0.0,0
132.388,0.5981999736993228,0.6455250409052206,1.6032797691399934,1e-12,1e-12,1e-12,0.0,-0.0006596691911189179,0.6,0.6,0.04556061285919162,7,0.04556061285927127,30.46243578635815,1.7981188560913017,28.664316187712757,7.425540885980036e-07,0.0,0
132.488,0.5981999736993228,0.6455250409051992,1.6032138022447386,1e-12,1e-12,1e-12,0.0,-0.0006596691911189179,0.6,0.6,0.04556061285917032,7,0.04556061285927127,30.46243578635815,1.7981188560913017,28.664316187712757,7.425540885980036e-07,0.0,0
132.588,0.5981999736993228,0.6455250409051779,1.603147835349486,1e-12,1e-12,1e-12,0.0,-0.0006596691911189179,0.6,0.6,0.04556061285914902,7,0.04556061285927127,30.46243578635815,1.7981188560913017,28.664316187712757,7.425540885980036e-07,0.0,0
132.688,0.5981999736993228,0.6455250409051566,1.6030818684662842,1e-12,1e-12,1e-12,0.0,-0.0006596684376823818,0.6,0.6,0.04556061285912772,7,0.04556061285917032,30.462435786348745,1.7981188560835988,28.664316187712757,7.425523923928624e-07,0.0,0
132.788,0.5981999736993228,0.6455250409051388,1.6030159016463639,1e-12,1e-12,1e-12,0.0,-0.0006596684376823818,0.6,0.6,0.04556061285910997,7,0.04556061285917032,30.462435786348745,1.7981188560835988,28.664316187712757,7.425523923928624e-07,0.0,0
132.888,0.5981999736993228,0.6455250409051206,1.6029499348264433,1e-12,1e-12,1e-12,0.0,-0.0006596684376823818,0.6,0.6,0.04556061285909178,7,0.04556061285917032,30.462435786348745,1.7981188560835988,28.664316187712757,7.425523923928624e-07,0.0,0
132.988,0.5981999736993228,0.6455250409051022,1.6028839680065219,1e-12,1e-12,1e-12,0.0,-0.0006596684376823818,0.6,0.6,0.04556061285907336,7,0.04556061285917032,30.462435786348745,1.7981188560835988,28.664316187712757,7.425523923928624e-07,0.0,0
133.088,0.5981999736993228,0.6455250409050844,1.6028180011866016,1e-12,1e-12,1e-12,0.0,-0.0006596684376823818,0.6,0.6,0.04556061285905561,7,0.04556061285917032,30.462435786348745,1.7981188560835988,28.664316187712757,7.425523923928624e-07,0.0,0
133.188,0.5981999736993228,0.6455250409050654,1.6027520343915365,1e-12,1e-12,1e-12,0.0,-0.0006596676842468568,0.6,0.6,0.04556061285903653,7,0.04556061285907336,30.462435786339757,1.7981188560763028,28.664316187712757,7.42550696192121e-07,0.0,0
133.288,0.5981999736993228,0.6455250409050443,1.6026860676469405,1e-12,1e-12,1e-12,0.0,-0.0006596676842468568,0.6,0.6,0.045560612859015456,7,0.04556061285907336,30.462435786339757,1.7981188560763028,28.664316187712757,7.42550696192121e-07,0.0,0
133.388,0.5981999736993228,0.6455250409050234,1.6026201009023429,1e-12,1e-12,1e-12,0.0,-0.0006596676842468568,0.6,0.6,0.0455606128589946,7,0.04556061285907336,30.462435786339757,1.7981188560763028,28.664316187712757,7.42550696192121e-07,0.0,0
133.488,0.5981999736993228,0.6455250409050025,1.6025541341577458,1e-12,1e-12,1e-12,0.0,-0.0006596676842468568,0.6,0.6,0.04556061285897375,7,0.04556061285907336,30.462435786339757,1.7981188560763028,28.664316187712757,7.42550696192121e-07,0.0,0
133.588,0.5981999736993228,0.6455250409049816,1.602488167413149,1e-12,1e-12,1e-12,0.0,-0.0006596676842468568,0.6,0.6,0.04556061285895289,7,0.04556061285907336,30.462435786339757,1.7981188560763028,28.664316187712757,7.42550696192121e-07,0.0,0
133.688,0.5981999736993228,0.6455250409049612,1.6024222006964224,1e-12,1e-12,1e-12,0.0,-0.0006596669308119815,0.6,0.6,0.045560612858932474,7,0.04556061285897375,30.462435786330403,1.7981188560686463,28.664316187712757,7.425489999947921e-07,0.0,0
133.788,0.5981999736993228,0.6455250409049423,1.602356234027145,1e-12,1e-12,1e-12,0.0,-0.0006596669308119815,0.6,0.6,0.045560612858913614,7,0.04556061285897375,30.462435786330403,1.7981188560686463,28.664316187712757,7.425489999947921e-07,0.0,0
133.868,0.5981999736993228,0.6455250409049268,1.6023034606917255,1e-12,1e-12,1e-12,0.0,-0.0006596669308119815,0.6,0.6,0.045560612858898085,7,0.04556061285897375,30.462435786330403,1.7981188560686463,28.664316187712757,7.425489999947921e-07,0.0,0
133.988,0.5981999736993228,0.6455250409049039,1.6022243006885946,1e-12,1e-12,1e-12,0.0,-0.0006596669308119815,0.6,0.6,0.045560612858875235,7,0.04556061285897375,30.462435786330403,1.7981188560686463,28.664316187712757,7.425489999947921e-07,0.0,0
134.088,0.5981999736993228,0.6455250409048853,1.6021583340193195,1e-12,1e-12,1e-12,0.0,-0.0006596669308119815,0.6,0.6,0.0455606128588566,7,0.04556061285897375,30.462435786330403,1.7981188560686463,28.664316187712757,7.425489999947921e-07,0.0,0
134.188,0.5981999736993228,0.6455250409048664,1.6020923673598375,1e-12,1e-12,1e-12,0.0,-0.0006596661773782265,0.6,0.6,0.04556061285883774,7,0.045560612858875235,30.462435786320903,1.798118856060842,28.664316187712757,7.425473038021104e-07,0.0,0
134.288,0.5981999736993228,0.645525040904848,1.602026400765891,1e-12,1e-12,1e-12,0.0,-0.0006596661773782265,0.6,0.6,0.04556061285881932,7,0.045560612858875235,30.462435786320903,1.798118856060842,28.664316187712757,7.425473038021104e-07,0.0,0
134.388,0.5981999736993228,0.64552504090483,1.6019604341719462,1e-12,1e-12,1e-12,0.0,-0.0006596661773782265,0.6,0.6,0.04556061285880135,7,0.045560612858875235,30.462435786320903,1.798118856060842,28.664316187712757,7.425473038021104e-07,0.0,0
134.488,0.5981999736993228,0.6455250409048116,1.6018944675780011,1e-12,1e-12,1e-12,0.0,-0.0006596661773782265,0.6,0.6,0.045560612858782934,7,0.045560612858875235,30.462435786320903,1.798118856060842,28.664316187712757,7.425473038021104e-07,0.0,0
134.588,0.5981999736993228,0.6455250409047933,1.6018285009840563,1e-12,1e-12,1e-12,0.0,-0.0006596661773782265,0.6,0.6,0.04556061285876474,7,0.045560612858875235,30.462435786320903,1.798118856060842,28.664316187712757,7.425473038021104e-07,0.0,0
134.688,0.5981999736993228,0.645525040904774,1.6017625344059272,1e-12,1e-12,1e-12,0.0,-0.0006596654239453029,0.6,0.6,0.045560612858745436,7,0.045560612858782934,30.462435786312163,1.7981188560537962,28.664316187712757,7.42545607613073e-07,0.0,0
134.788,0.5981999736993228,0.6455250409047518,1.6016965678872994,1e-12,1e-12,1e-12,0.0,-0.0006596654239453029,0.6,0.6,0.04556061285872325,7,0.045560612858782934,30.462435786312163,1.7981188560537962,28.664316187712757,7.42545607613073e-07,0.0,0
134.888,0.5981999736993228,0.6455250409047296,1.6016306013686714,1e-12,1e-12,1e-12,0.0,-0.0006596654239453029,0.6,0.6,0.04556061285870106,7,0.045560612858782934,30.462435786312163,1.7981188560537962,28.664316187712757,7.42545607613073e-07,0.0,0
134.988,0.5981999736993228,0.6455250409047074,1.6015646348500454,1e-12,1e-12,1e-12,0.0,-0.0006596654239453029,0.6,0.6,0.04556061285867888,7,0.045560612858782934,30.462435786312163,1.7981188560537962,28.664316187712757,7.42545607613073e-07,0.0,0
135.088,0.5981999736993228,0.6455250409046852,1.6014986683314176,1e-12,1e-12,1e-12,0.0,-0.0006596654239453029,0.6,0.6,0.04556061285865669,7,0.045560612858782934,30.462435786312163,1.7981188560537962,28.664316187712757,7.42545607613073e-07,0.0,0
135.188,0.5981999736993228,0.6455250409046646,1.6014327018384,1e-12,1e-12,1e-12,0.0,-0.0006596646705131732,0.6,0.6,0.04556061285863606,7,0.04556061285867888,30.462435786302606,1.79811885604594,28.664316187712757,7.425439114277731e-07,0.0,0
135.288,0.5981999736993228,0.6455250409046461,1.6013667353951009,1e-12,1e-12,1e-12,0.0,-0.0006596646705131732,0.6,0.6,0.04556061285861764,7,0.04556061285867888,30.462435786302606,1.79811885604594,28.664316187712757,7.425439114277731e-07,0.0,0
135.388,0.5981999736993228,0.6455250409046284,1.6013007689518017,1e-12,1e-12,1e-12,0.0,-0.0006596646705131732,0.6,0.6,0.04556061285859989,7,0.04556061285867888,30.462435786302606,1.79811885604594,28.664316187712757,7.425439114277731e-07,0.0,0
135.488,0.5981999736993228,0.6455250409046102,1.6012348025085017,1e-12,1e-12,1e-12,0.0,-0.0006596646705131732,0.6,0.6,0.0455606128585817,7,0.04556061285867888,30.462435786302606,1.79811885604594,28.664316187712757,7.425439114277731e-07,0.0,0
135.588,0.5981999736993228,0.6455250409045922,1.6011688360652028,1e-12,1e-12,1e-12,0.0,-0.0006596646705131732,0.6,0.6,0.04556061285856373,7,0.04556061285867888,30.462435786302606,1.79811885604594,28.664316187712757,7.425439114277731e-07,0.0,0
135.688,0.5981999736993228,0.6455250409045735,1.601102869639229,1e-12,1e-12,1e-12,0.0,-0.0006596639170820497,0.6,0.6,0.04556061285854509,7,0.0455606128585817,30.462435786293412,1.798118856038438,28.664316187712757,7.425422152468607e-07,0.0,0
135.788,0.5981999736993228,0.6455250409045529,1.6010369032712646,1e-12,1e-12,1e-12,0.0,-0.0006596639170820497,0.6,0.6,0.04556061285852445,7,0.0455606128585817,30.462435786293412,1.798118856038438,28.664316187712757,7.425422152468607e-07,0.0,0
135.888,0.5981999736993228,0.6455250409045324,1.6009709369032963,1e-12,1e-12,1e-12,0.0,-0.0006596639170820497,0.6,0.6,0.04556061285850404,7,0.0455606128585817,30.462435786293412,1.798118856038438,28.664316187712757,7.425422152468607e-07,0.0,0
135.988,0.5981999736993228,0.6455250409045162,1.6009049705353606,1e-12,1e-12,1e-12,0.0,-0.0006596639170820497,0.6,0.6,0.045560612858487844,7,0.0455606128585817,30.462435786293412,1.798118856038438,28.664316187712757,7.425422152468607e-07,0.0,0
136.088,0.5981999736993228,0.6455250409045036,1.6008390041674583,1e-12,1e-12,1e-12,0.0,-0.0006596639170820497,0.6,0.6,0.0455606128584752,7,0.0455606128585817,30.462435786293412,1.798118856038438,28.664316187712757,7.425422152468607e-07,0.0,0
136.188,0.5981999736993228,0.6455250409044991,1.6007730377996214,1e-12,1e-12,1e-12,0.0,-0.0006596631636518257,0.6,0.6,0.04556061285847076,7,0.045560612858487844,30.462435786284516,1.7981188560312427,28.664316187712757,7.425405190697482e-07,0.0,0
136.288,0.5981999736993228,0.645525040904494,1.6007070715063765,1e-12,1e-12,1e-12,0.0,-0.0006596631636518257,0.6,0.6,0.04556061285846566,7,0.045560612858487844,30.462435786284516,1.7981188560312427,28.664316187712757,7.425405190697482e-07,0.0,0
136.388,0.5981999736993228,0.6455250409044896,1.600641105213883,1e-12,1e-12,1e-12,0.0,-0.0006596631636518257,0.6,0.6,0.04556061285846122,7,0.045560612858487844,30.462435786284516,1.7981188560312427,28.664316187712757,7.425405190697482e-07,0.0,0
136.488,0.5981999736993228,0.6455250409044847,1.6005751389213905,1e-12,1e-12,1e-12,0.0,-0.0006596631636518257,0.6,0.6,0.04556061285845634,7,0.045560612858487844,30.462435786284516,1.7981188560312427,28.664316187712757,7.425405190697482e-07,0.0,0
136.588,0.5981999736993228,0.6455250409044798,1.6005091726288996,1e-12,1e-12,1e-12,0.0,-0.0006596631636518257,0.6,0.6,0.045560612858451456,7,0.045560612858487844,30.462435786284516,1.7981188560312427,28.664316187712757,7.425405190697482e-07,0.0,0
136.688,0.5981999736993228,0.6455250409044747,1.6004432063574994,1e-12,1e-12,1e-12,0.0,-0.0006596624102224015,0.6,0.6,0.045560612858446356,7,0.04556061285845634,30.462435786280285,1.7981188560287058,28.664316187712757,7.425388228963833e-07,0.0,0
136.788,0.5981999736993228,0.6455250409044689,1.6003772401403364,1e-12,1e-12,1e-12,0.0,-0.0006596624102224015,0.6,0.6,0.04556061285844059,7,0.04556061285845634,30.462435786280285,1.7981188560287058,28.664316187712757,7.425388228963833e-07,0.0,0
136.888,0.5981999736993228,0.6455250409044634,1.600311273923174,1e-12,1e-12,1e-12,0.0,-0.0006596624102224015,0.6,0.6,0.04556061285843504,7,0.04556061285845634,30.462435786280285,1.7981188560287058,28.664316187712757,7.425388228963833e-07,0.0,0
136.988,0.5981999736993228,0.6455250409044576,1.6002453077060108,1e-12,1e-12,1e-12,0.0,-0.0006596624102224015,0.6,0.6,0.04556061285842927,7,0.04556061285845634,30.462435786280285,1.7981188560287058,28.664316187712757,7.425388228963833e-07,0.0,0
137.088,0.5981999736993228,0.6455250409044518,1.6001793414888477,1e-12,1e-12,1e-12,0.0,-0.0006596624102224015,0.6,0.6,0.045560612858423506,7,0.04556061285845634,30.462435786280285,1.7981188560287058,28.664316187712757,7.425388228963833e-07,0.0,0
137.188,0.5981999736993228,0.6455250409044463,1.6001133752716858,1e-12,1e-12,1e-12,0.0,-0.0006596616567937422,0.6,0.6,0.045560612858417955,7,0.04556061285842927,30.462435786276664,1.7981188560267818,28.664316187712757,7.425371267265155e-07,0.0,0
137.288,0.5981999736993228,0.6455250409044245,1.6000474091292443,1e-12,1e-12,1e-12,0.0,-0.0006596616567937422,0.6,0.6,0.045560612858396216,7,0.04556061285842927,30.462435786276664,1.7981188560267818,28.664316187712757,7.425371267265155e-07,0.0,0
137.388,0.5981999736993228,0.6455250409044028,1.5999814429875594,1e-12,1e-12,1e-12,0.0,-0.0006596616567937422,0.6,0.6,0.04556061285837447,7,0.04556061285842927,30.462435786276664,1.7981188560267818,28.664316187712757,7.425371267265155e-07,0.0,0
137.488,0.5981999736993228,0.6455250409043826,1.599915476845858,1e-12,1e-12,1e-12,0.0,-0.0006596616567937422,0.6,0.6,0.04556061285835428,7,0.04556061285842927,30.462435786276664,1.7981188560267818,28.664316187712757,7.425371267265155e-07,0.0,0
137.588,0.5981999736993228,0.6455250409043681,1.5998495107041097,1e-12,1e-12,1e-12,0.0,-0.0006596616567937422,0.6,0.6,0.04556061285833986,7,0.04556061285842927,30.462435786276664,1.7981188560267818,28.664316187712757,7.425371267265155e-07,0.0,0
137.688,0.5981999736993228,0.6455250409043555,1.5997835445932382,1e-12,1e-12,1e-12,0.0,-0.0006596609033661463,0.6,0.6,0.04556061285832721,7,0.04556061285835428,30.46243578626919,1.7981188560210033,28.664316187712757,7.425354305611646e-07,0.0,0
137.788,0.5981999736993228,0.6455250409043382,1.5997175785268647,1e-12,1e-12,1e-12,0.0,-0.0006596609033661463,0.6,0.6,0.0455606128583099,7,0.04556061285835428,30.46243578626919,1.7981188560210033,28.664316187712757,7.425354305611646e-07,0.0,0
137.888,0.5981999736993228,0.6455250409043206,1.5996516124604914,1e-12,1e-12,1e-12,0.0,-0.0006596609033661463,0.6,0.6,0.045560612858292375,7,0.04556061285835428,30.46243578626919,1.7981188560210033,28.664316187712757,7.425354305611646e-07,0.0,0
137.988,0.5981999736993228,0.6455250409043026,1.5995856463941183,1e-12,1e-12,1e-12,0.0,-0.0006596609033661463,0.6,0.6,0.0455606128582744,7,0.04556061285835428,30.46243578626919,1.7981188560210033,28.664316187712757,7.425354305611646e-07,0.0,0
138.088,0.5981999736993228,0.6455250409042844,1.5995196803277447,1e-12,1e-12,1e-12,0.0,-0.0006596609033661463,0.6,0.6,0.04556061285825621,7,0.04556061285835428,30.46243578626919,1.7981188560210033,28.664316187712757,7.425354305611646e-07,0.0,0
138.188,0.5981999736993228,0.6455250409042667,1.59945371426137,1e-12,1e-12,1e-12,0.0,-0.0006596601499393215,0.6,0.6,0.04556061285823846,7,0.0455606128582744,30.46243578626121,1.7981188560147183,28.664316187712757,7.425337343994996e-07,0.0,0
138.288,0.5981999736993228,0.6455250409042464,1.5993877482627947,1e-12,1e-12,1e-12,0.0,-0.0006596601499393215,0.6,0.6,0.045560612858218275,7,0.0455606128582744,30.46243578626121,1.7981188560147183,28.664316187712757,7.425337343994996e-07,0.0,0
138.388,0.5981999736993228,0.645525040904226,1.599321782271753,1e-12,1e-12,1e-12,0.0,-0.0006596601499393215,0.6,0.6,0.04556061285819786,7,0.0455606128582744,30.46243578626121,1.7981188560147183,28.664316187712757,7.425337343994996e-07,0.0,0
138.488,0.5981999736993228,0.6455250409042051,1.599255816280713,1e-12,1e-12,1e-12,0.0,-0.0006596601499393215,0.6,0.6,0.045560612858177,7,0.0455606128582744,30.46243578626121,1.7981188560147183,28.664316187712757,7.425337343994996e-07,0.0,0
138.588,0.5981999736993228,0.6455250409041847,1.5991898502896706,1e-12,1e-12,1e-12,0.0,-0.0006596601499393215,0.6,0.6,0.045560612858156595,7,0.0455606128582744,30.46243578626121,1.7981188560147183,28.664316187712757,7.425337343994996e-07,0.0,0
138.688,0.5981999736993228,0.6455250409041641,1.599123884311435,1e-12,1e-12,1e-12,0.0,-0.0006596593965133914,0.6,0.6,0.04556061285813596,7,0.045560612858177,30.462435786251962,1.7981188560071675,28.664316187712757,7.425320382416213e-07,0.0,0
138.788,0.5981999736993228,0.6455250409041452,1.5990579183957176,1e-12,1e-12,1e-12,0.0,-0.0006596593965133914,0.6,0.6,0.0455606128581171,7,0.045560612858177,30.462435786251962,1.7981188560071675,28.664316187712757,7.425320382416213e-07,0.0,0
138.888,0.5981999736993228,0.6455250409041263,1.5989919524800023,1e-12,1e-12,1e-12,0.0,-0.0006596593965133914,0.6,0.6,0.04556061285809824,7,0.045560612858177,30.462435786251962,1.7981188560071675,28.664316187712757,7.425320382416213e-07,0.0,0
138.988,0.5981999736993228,0.645525040904107,1.598925986564286,1e-12,1e-12,1e-12,0.0,-0.0006596593965133914,0.6,0.6,0.045560612858078935,7,0.045560612858177,30.462435786251962,1.7981188560071675,28.664316187712757,7.425320382416213e-07,0.0,0
139.088,0.5981999736993228,0.6455250409040879,1.5988600206485684,1e-12,1e-12,1e-12,0.0,-0.0006596593965133914,0.6,0.6,0.04556061285805985,7,0.045560612858177,30.462435786251962,1.7981188560071675,28.664316187712757,7.425320382416213e-07,0.0,0
139.188,0.5981999736993228,0.6455250409040693,1.5987940547458075,1e-12,1e-12,1e-12,0.0,-0.0006596586341895041,0.6,0.6,0.04556061285804122,7,0.045560612858078935,30.462435786242946,1.7981188559998675,28.664316187712757,7.425303220542873e-07,0.0,0
139.288,0.5981999736993228,0.6455250409040488,1.5987280889062998,1e-12,1e-12,1e-12,0.0,-0.0006596586341895041,0.6,0.6,0.04556061285802081,7,0.045560612858078935,30.462435786242946,1.7981188559998675,28.664316187712757,7.425303220542873e-07,0.0,0
139.388,0.5981999736993228,0.6455250409040291,1.5986621230667901,1e-12,1e-12,1e-12,0.0,-0.0006596586341895041,0.6,0.6,0.04556061285800106,7,0.045560612858078935,30.462435786242946,1.7981188559998675,28.664316187712757,7.425303220542873e-07,0.0,0
139.488,0.5981999736993228,0.6455250409040089,1.598596157227281,1e-12,1e-12,1e-12,0.0,-0.0006596586341895041,0.6,0.6,0.04556061285798087,7,0.045560612858078935,30.462435786242946,1.7981188559998675,28.664316187712757,7.425303220542873e-07,0.0,0
139.588,0.5981999736993228,0.6455250409039887,1.598530191387773,1e-12,1e-12,1e-12,0.0,-0.0006596586341895041,0.6,0.6,0.04556061285796068,7,0.045560612858078935,30.462435786242946,1.7981188559998675,28.664316187712757,7.425303220542873e-07,0.0,0
139.688,0.5981999736993228,0.6455250409039689,1.5984642255716175,1e-12,1e-12,1e-12,0.0,-0.0006596578807654062,0.6,0.6,0.045560612857940934,7,0.04556061285798087,30.46243578623355,1.7981188559921644,28.664316187712757,7.425286259044557e-07,0.0,0
139.788,0.5981999736993228,0.6455250409039485,1.5983982598074418,1e-12,1e-12,1e-12,0.0,-0.0006596578807654062,0.6,0.6,0.04556061285792052,7,0.04556061285798087,30.46243578623355,1.7981188559921644,28.664316187712757,7.425286259044557e-07,0.0,0
139.888,0.5981999736993228,0.6455250409039285,1.5983322940432676,1e-12,1e-12,1e-12,0.0,-0.0006596578807654062,0.6,0.6,0.04556061285790055,7,0.04556061285798087,30.46243578623355,1.7981188559921644,28.664316187712757,7.425286259044557e-07,0.0,0
139.988,0.5981999736993228,0.6455250409039085,1.598266328279091,1e-12,1e-12,1e-12,0.0,-0.0006596578807654062,0.6,0.6,0.045560612857880586,7,0.04556061285798087,30.46243578623355,1.7981188559921644,28.664316187712757,7.425286259044557e-07,0.0,0
140.088,0.5981999736993228,0.6455250409038885,1.5982003625149153,1e-12,1e-12,1e-12,0.0,-0.0006596578807654062,0.6,0.6,0.045560612857860616,7,0.04556061285798087,30.46243578623355,1.7981188559921644,28.664316187712757,7.425286259044557e-07,0.0,0
140.188,0.5981999736993228,0.6455250409038685,1.5981343967507398,1e-12,1e-12,1e-12,0.0,-0.0006596571273423897,0.6,0.6,0.045560612857840646,7,0.045560612857880586,30.462435786224297,1.7981188559846113,28.664316187712757,7.425269297591816e-07,0.0,0
140.288,0.5981999736993228,0.6455250409038501,1.5980684310611242,1e-12,1e-12,1e-12,0.0,-0.0006596571273423897,0.6,0.6,0.04556061285782223,7,0.045560612857880586,30.462435786224297,1.7981188559846113,28.664316187712757,7.425269297591816e-07,0.0,0
140.388,0.5981999736993228,0.6455250409038319,1.598002465372262,1e-12,1e-12,1e-12,0.0,-0.0006596571273423897,0.6,0.6,0.045560612857804036,7,0.045560612857880586,30.462435786224297,1.7981188559846113,28.664316187712757,7.425269297591816e-07,0.0,0
140.488,0.5981999736993228,0.6455250409038132,1.5979364996833971,1e-12,1e-12,1e-12,0.0,-0.0006596571273423897,0.6,0.6,0.0455606128577854,7,0.045560612857880586,30.462435786224297,1.7981188559846113,28.664316187712757,7.425269297591816e-07,0.0,0
140.588,0.5981999736993228,0.6455250409037946,1.5978705339945352,1e-12,1e-12,1e-12,0.0,-0.0006596571273423897,0.6,0.6,0.04556061285776676,7,0.045560612857880586,30.462435786224297,1.7981188559846113,28.664316187712757,7.425269297591816e-07,0.0,0
140.688,0.5981999736993228,0.6455250409037762,1.5978045683056716,1e-12,1e-12,1e-12,0.0,-0.0006596563739198234,0.6,0.6,0.04556061285774835,7,0.0455606128577854,30.462435786215206,1.7981188559772143,28.664316187712757,7.425252336166966e-07,0.0,0
140.788,0.5981999736993228,0.6455250409037537,1.5977386026913882,1e-12,1e-12,1e-12,0.0,-0.0006596563739198234,0.6,0.6,0.04556061285772594,7,0.0455606128577854,30.462435786215206,1.7981188559772143,28.664316187712757,7.425252336166966e-07,0.0,0
140.888,0.5981999736993228,0.6455250409037313,1.597672637077857,1e-12,1e-12,1e-12,0.0,-0.0006596563739198234,0.6,0.6,0.045560612857703534,7,0.0455606128577854,30.462435786215206,1.7981188559772143,28.664316187712757,7.425252336166966e-07,0.0,0
140.988,0.5981999736993228,0.6455250409037089,1.5976066714643247,1e-12,1e-12,1e-12,0.0,-0.0006596563739198234,0.6,0.6,0.04556061285768112,7,0.0455606128577854,30.462435786215206,1.7981188559772143,28.664316187712757,7.425252336166966e-07,0.0,0
141.088,0.5981999736993228,0.6455250409036867,1.5975407058507933,1e-12,1e-12,1e-12,0.0,-0.0006596563739198234,0.6,0.6,0.04556061285765894,7,0.0455606128577854,30.462435786215206,1.7981188559772143,28.664316187712757,7.425252336166966e-07,0.0,0
141.188,0.5981999736993228,0.6455250409036647,1.5974747402500682,1e-12,1e-12,1e-12,0.0,-0.0006596556204984215,0.6,0.6,0.04556061285763697,7,0.04556061285768112,30.46243578620565,1.798118855969355,28.664316187712757,7.42523537478781e-07,0.0,0
141.288,0.5981999736993228,0.6455250409036472,1.5974087747118666,1e-12,1e-12,1e-12,0.0,-0.0006596556204984215,0.6,0.6,0.04556061285761944,7,0.04556061285768112,30.46243578620565,1.798118855969355,28.664316187712757,7.42523537478781e-07,0.0,0
141.388,0.5981999736993228,0.6455250409036292,1.5973428091736666,1e-12,1e-12,1e-12,0.0,-0.0006596556204984215,0.6,0.6,0.04556061285760147,7,0.04556061285768112,30.46243578620565,1.798118855969355,28.664316187712757,7.42523537478781e-07,0.0,0
141.488,0.5981999736993228,0.645525040903611,1.5972768436354647,1e-12,1e-12,1e-12,0.0,-0.0006596556204984215,0.6,0.6,0.045560612857583276,7,0.04556061285768112,30.46243578620565,1.798118855969355,28.664316187712757,7.42523537478781e-07,0.0,0
141.588,0.5981999736993228,0.645525040903593,1.5972108780972634,1e-12,1e-12,1e-12,0.0,-0.0006596556204984215,0.6,0.6,0.045560612857565304,7,0.04556061285768112,30.46243578620565,1.798118855969355,28.664316187712757,7.42523537478781e-07,0.0,0
141.688,0.5981999736993228,0.645525040903575,1.597144912572618,1e-12,1e-12,1e-12,0.0,-0.0006596548670777654,0.6,0.6,0.04556061285754733,7,0.045560612857583276,30.462435786196302,1.7981188559617032,28.664316187712757,7.425218413444942e-07,0.0,0
141.788,0.5981999736993228,0.6455250409035554,1.5970789471097315,1e-12,1e-12,1e-12,0.0,-0.0006596548670777654,0.6,0.6,0.045560612857527806,7,0.045560612857583276,30.462435786196302,1.7981188559617032,28.664316187712757,7.425218413444942e-07,0.0,0
141.888,0.5981999736993228,0.6455250409035359,1.5970129816468435,1e-12,1e-12,1e-12,0.0,-0.0006596548670777654,0.6,0.6,0.04556061285750829,7,0.045560612857583276,30.462435786196302,1.7981188559617032,28.664316187712757,7.425218413444942e-07,0.0,0
141.988,0.5981999736993228,0.6455250409035166,1.5969470161839554,1e-12,1e-12,1e-12,0.0,-0.0006596548670777654,0.6,0.6,0.04556061285748898,7,0.045560612857583276,30.462435786196302,1.7981188559617032,28.664316187712757,7.425218413444942e-07,0.0,0
142.088,0.5981999736993228,0.6455250409034973,1.59688105072107,1e-12,1e-12,1e-12,0.0,-0.0006596548670777654,0.6,0.6,0.04556061285746968,7,0.045560612857583276,30.462435786196302,1.7981188559617032,28.664316187712757,7.425218413444942e-07,0.0,0
142.188,0.5981999736993228,0.6455250409034777,1.5968150852845477,1e-12,1e-12,1e-12,0.0,-0.0006596541136579924,0.6,0.6,0.04556061285745015,7,0.04556061285748898,30.462435786187406,1.7981188559545038,28.664316187712757,7.425201452139668e-07,0.0,0
142.288,0.5981999736993228,0.6455250409034575,1.596749119896995,1e-12,1e-12,1e-12,0.0,-0.0006596541136579924,0.6,0.6,0.04556061285742996,7,0.04556061285748898,30.462435786187406,1.7981188559545038,28.664316187712757,7.425201452139668e-07,0.0,0
142.388,0.5981999736993228,0.6455250409034371,1.5966831545094395,1e-12,1e-12,1e-12,0.0,-0.0006596541136579924,0.6,0.6,0.04556061285740955,7,0.04556061285748898,30.462435786187406,1.7981188559545038,28.664316187712757,7.425201452139668e-07,0.0,0
142.488,0.5981999736993228,0.6455250409034171,1.5966171891218872,1e-12,1e-12,1e-12,0.0,-0.0006596541136579924,0.6,0.6,0.04556061285738958,7,0.04556061285748898,30.462435786187406,1.7981188559545038,28.664316187712757,7.425201452139668e-07,0.0,0
142.588,0.5981999736993228,0.6455250409033969,1.5965512237343311,1e-12,1e-12,1e-12,0.0,-0.0006596541136579924,0.6,0.6,0.04556061285736939,7,0.04556061285748898,30.462435786187406,1.7981188559545038,28.664316187712757,7.425201452139668e-07,0.0,0
142.688,0.5981999736993228,0.6455250409033769,1.5964852583635434,1e-12,1e-12,1e-12,0.0,-0.0006596533513403143,0.6,0.6,0.04556061285734942,7,0.04556061285738958,30.462435786177988,1.7981188559468013,28.664316187712757,7.425184290542603e-07,0.0,0
142.788,0.5981999736993228,0.6455250409033583,1.596419293052201,1e-12,1e-12,1e-12,0.0,-0.0006596533513403143,0.6,0.6,0.04556061285733079,7,0.04556061285738958,30.462435786177988,1.7981188559468013,28.664316187712757,7.425184290542603e-07,0.0,0
142.888,0.5981999736993228,0.6455250409033436,1.5963533277408941,1e-12,1e-12,1e-12,0.0,-0.0006596533513403143,0.6,0.6,0.04556061285731614,7,0.04556061285738958,30.462435786177988,1.7981188559468013,28.664316187712757,7.425184290542603e-07,0.0,0
142.988,0.5981999736993228,0.6455250409033347,1.5962873624296539,1e-12,1e-12,1e-12,0.0,-0.0006596533513403143,0.6,0.6,0.04556061285730727,7,0.04556061285738958,30.462435786177988,1.7981188559468013,28.664316187712757,7.425184290542603e-07,0.0,0
143.088,0.5981999736993228,0.6455250409033287,1.5962213971184518,1e-12,1e-12,1e-12,0.0,-0.0006596533513403143,0.6,0.6,0.04556061285730128,7,0.04556061285738958,30.462435786177988,1.7981188559468013,28.664316187712757,7.425184290542603e-07,0.0,0
143.188,0.5981999736993228,0.645525040903325,1.5961554318381368,1e-12,1e-12,1e-12,0.0,-0.0006596525979222675,0.6,0.6,0.045560612857297504,7,0.04556061285730727,30.462435786170005,1.798118855940516,28.664316187712757,7.42516732931718e-07,0.0,0
143.288,0.5981999736993228,0.6455250409033216,1.5960894666022611,1e-12,1e-12,1e-12,0.0,-0.0006596525979222675,0.6,0.6,0.04556061285729418,7,0.04556061285730727,30.462435786170005,1.798118855940516,28.664316187712757,7.42516732931718e-07,0.0,0
143.388,0.5981999736993228,0.6455250409033183,1.5960235013663833,1e-12,1e-12,1e-12,0.0,-0.0006596525979222675,0.6,0.6,0.04556061285729085,7,0.04556061285730727,30.462435786170005,1.798118855940516,28.664316187712757,7.42516732931718e-07,0.0,0
143.488,0.5981999736993228,0.645525040903315,1.5959575361305054,1e-12,1e-12,1e-12,0.0,-0.0006596525979222675,0.6,0.6,0.04556061285728752,7,0.04556061285730727,30.462435786170005,1.798118855940516,28.664316187712757,7.42516732931718e-07,0.0,0
143.588,0.5981999736993228,0.6455250409033119,1.5958915708946289,1e-12,1e-12,1e-12,0.0,-0.0006596525979222675,0.6,0.6,0.04556061285728442,7,0.04556061285730727,30.462435786170005,1.798118855940516,28.664316187712757,7.42516732931718e-07,0.0,0
143.688,0.5981999736993228,0.6455250409033079,1.5958256056877125,1e-12,1e-12,1e-12,0.0,-0.0006596518356065655,0.6,0.6,0.04556061285728042,7,0.04556061285728752,30.462435786166772,1.7981188559389976,28.664316187712757,7.425150167804263e-07,0.0,0
143.788,0.5981999736993228,0.6455250409033023,1.595759640528044,1e-12,1e-12,1e-12,0.0,-0.0006596518356065655,0.6,0.6,0.045560612857274876,7,0.04556061285728752,30.462435786166772,1.7981188559389976,28.664316187712757,7.425150167804263e-07,0.0,0
143.888,0.5981999736993228,0.6455250409032968,1.5956936753683773,1e-12,1e-12,1e-12,0.0,-0.0006596518356065655,0.6,0.6,0.045560612857269325,7,0.04556061285728752,30.462435786166772,1.7981188559389976,28.664316187712757,7.425150167804263e-07,0.0,0
143.988,0.5981999736993228,0.6455250409032912,1.5956277102087109,1e-12,1e-12,1e-12,0.0,-0.0006596518356065655,0.6,0.6,0.04556061285726378,7,0.04556061285728752,30.462435786166772,1.7981188559389976,28.664316187712757,7.425150167804263e-07,0.0,0
144.088,0.5981999736993228,0.6455250409032859,1.5955617450490431,1e-12,1e-12,1e-12,0.0,-0.0006596518356065655,0.6,0.6,0.04556061285725846,7,0.04556061285728752,30.462435786166772,1.7981188559389976,28.664316187712757,7.425150167804263e-07,0.0,0
144.188,0.5981999736993228,0.6455250409032812,1.5954957799104683,1e-12,1e-12,1e-12,0.0,-0.0006596510821903753,0.6,0.6,0.045560612857253796,7,0.04556061285726378,30.46243578616325,1.7981188559371737,28.664316187712757,7.425133206659832e-07,0.0,0
144.288,0.5981999736993228,0.6455250409032786,1.5954298148261195,1e-12,1e-12,1e-12,0.0,-0.0006596510821903753,0.6,0.6,0.04556061285725114,7,0.04556061285726378,30.46243578616325,1.7981188559371737,28.664316187712757,7.425133206659832e-07,0.0,0
144.388,0.5981999736993228,0.6455250409032761,1.5953638497417715,1e-12,1e-12,1e-12,0.0,-0.0006596510821903753,0.6,0.6,0.045560612857248696,7,0.04556061285726378,30.46243578616325,1.7981188559371737,28.664316187712757,7.425133206659832e-07,0.0,0
144.488,0.5981999736993228,0.6455250409032737,1.5952978846574246,1e-12,1e-12,1e-12,0.0,-0.0006596510821903753,0.6,0.6,0.045560612857246253,7,0.04556061285726378,30.46243578616325,1.7981188559371737,28.664316187712757,7.425133206659832e-07,0.0,0
144.588,0.5981999736993228,0.6455250409032712,1.5952319195730764,1e-12,1e-12,1e-12,0.0,-0.0006596510821903753,0.6,0.6,0.04556061285724381,7,0.04556061285726378,30.46243578616325,1.7981188559371737,28.664316187712757,7.425133206659832e-07,0.0,0
144.688,0.5981999736993228,0.6455250409032672,1.5951659545256422,1e-12,1e-12,1e-12,0.0,-0.0006596503287750755,0.6,0.6,0.04556061285723982,7,0.045560612857246253,30.462435786160338,1.7981188559359573,28.664316187712757,7.425116245553162e-07,0.0,0
144.788,0.5981999736993228,0.6455250409032608,1.5950999895166258,1e-12,1e-12,1e-12,0.0,-0.0006596503287750755,0.6,0.6,0.04556061285723339,7,0.045560612857246253,30.462435786160338,1.7981188559359573,28.664316187712757,7.425116245553162e-07,0.0,0
144.888,0.5981999736993228,0.6455250409032546,1.5950340245076113,1e-12,1e-12,1e-12,0.0,-0.0006596503287750755,0.6,0.6,0.04556061285722717,7,0.045560612857246253,30.462435786160338,1.7981188559359573,28.664316187712757,7.425116245553162e-07,0.0,0
144.988,0.5981999736993228,0.6455250409032481,1.5949680594985962,1e-12,1e-12,1e-12,0.0,-0.0006596503287750755,0.6,0.6,0.04556061285722074,7,0.045560612857246253,30.462435786160338,1.7981188559359573,28.664316187712757,7.425116245553162e-07,0.0,0
145.088,0.5981999736993228,0.6455250409032419,1.5949020944895813,1e-12,1e-12,1e-12,0.0,-0.0006596503287750755,0.6,0.6,0.04556061285721453,7,0.045560612857246253,30.462435786160338,1.7981188559359573,28.664316187712757,7.425116245553162e-07,0.0,0
145.188,0.5981999736993228,0.6455250409032366,1.594836129500905,1e-12,1e-12,1e-12,0.0,-0.000659649575360506,0.6,0.6,0.0455606128572092,7,0.04556061285722074,30.462435786156462,1.7981188559337753,28.664316187712757,7.425099284482441e-07,0.0,0
145.288,0.5981999736993228,0.6455250409032337,1.5947701645672239,1e-12,1e-12,1e-12,0.0,-0.000659649575360506,0.6,0.6,0.04556061285720632,7,0.04556061285722074,30.462435786156462,1.7981188559337753,28.664316187712757,7.425099284482441e-07,0.0,0
145.388,0.5981999736993228,0.6455250409032308,1.5947041996335414,1e-12,1e-12,1e-12,0.0,-0.000659649575360506,0.6,0.6,0.045560612857203434,7,0.04556061285722074,30.462435786156462,1.7981188559337753,28.664316187712757,7.425099284482441e-07,0.0,0
145.488,0.5981999736993228,0.6455250409032275,1.5946382346998602,1e-12,1e-12,1e-12,0.0,-0.000659649575360506,0.6,0.6,0.0455606128572001,7,0.04556061285722074,30.462435786156462,1.7981188559337753,28.664316187712757,7.425099284482441e-07,0.0,0
145.588,0.5981999736993228,0.6455250409032246,1.5945722697661775,1e-12,1e-12,1e-12,0.0,-0.000659649575360506,0.6,0.6,0.04556061285719722,7,0.04556061285722074,30.462435786156462,1.7981188559337753,28.664316187712757,7.425099284482441e-07,0.0,0
145.688,0.5981999736993228,0.6455250409032213,1.594506304858103,1e-12,1e-12,1e-12,0.0,-0.000659648821946666,0.6,0.6,0.04556061285719389,7,0.0455606128572001,30.46243578615319,1.7981188559322032,28.664316187712757,7.425082323447625e-07,0.0,0
145.788,0.5981999736993228,0.6455250409032159,1.5944403399997384,1e-12,1e-12,1e-12,0.0,-0.000659648821946666,0.6,0.6,0.04556061285718857,7,0.0455606128572001,30.46243578615319,1.7981188559322032,28.664316187712757,7.425082323447625e-07,0.0,0
145.888,0.5981999736993228,0.6455250409032108,1.5943743751413748,1e-12,1e-12,1e-12,0.0,-0.000659648821946666,0.6,0.6,0.04556061285718346,7,0.0455606128572001,30.46243578615319,1.7981188559322032,28.664316187712757,7.425082323447625e-07,0.0,0
145.988,0.5981999736993228,0.6455250409032057,1.5943084102830114,1e-12,1e-12,1e-12,0.0,-0.000659648821946666,0.6,0.6,0.04556061285717836,7,0.0455606128572001,30.46243578615319,1.7981188559322032,28.664316187712757,7.425082323447625e-07,0.0,0
146.088,0.5981999736993228,0.6455250409032006,1.594242445424646,1e-12,1e-12,1e-12,0.0,-0.000659648821946666,0.6,0.6,0.045560612857173256,7,0.0455606128572001,30.46243578615319,1.7981188559322032,28.664316187712757,7.425082323447625e-07,0.0,0
146.188,0.5981999736993228,0.6455250409031955,1.594176480566284,1e-12,1e-12,1e-12,0.0,-0.0006596480596351992,0.6,0.6,0.045560612857168156,7,0.04556061285717836,30.462435786149907,1.798118855930634,28.664316187712757,7.425065162127107e-07,0.0,0
146.288,0.5981999736993228,0.6455250409031913,1.5941105157765079,1e-12,1e-12,1e-12,0.0,-0.0006596480596351992,0.6,0.6,0.04556061285716394,7,0.04556061285717836,30.462435786149907,1.798118855930634,28.664316187712757,7.425065162127107e-07,0.0,0
146.388,0.5981999736993228,0.6455250409031875,1.5940445509943542,1e-12,1e-12,1e-12,0.0,-0.0006596480596351992,0.6,0.6,0.04556061285716017,7,0.04556061285717836,30.462435786149907,1.798118855930634,28.664316187712757,7.425065162127107e-07,0.0,0
146.488,0.5981999736993228,0.6455250409031835,1.5939785862122007,1e-12,1e-12,1e-12,0.0,-0.0006596480596351992,0.6,0.6,0.04556061285715617,7,0.04556061285717836,30.462435786149907,1.798118855930634,28.664316187712757,7.425065162127107e-07,0.0,0
146.588,0.5981999736993228,0.6455250409031797,1.5939126214300476,1e-12,1e-12,1e-12,0.0,-0.0006596480596351992,0.6,0.6,0.045560612857152405,7,0.04556061285717836,30.462435786149907,1.798118855930634,28.664316187712757,7.425065162127107e-07,0.0,0
146.688,0.5981999736993228,0.6455250409031755,1.5938466566735003,1e-12,1e-12,1e-12,0.0,-0.0006596473062232245,0.6,0.6,0.045560612857148186,7,0.04556061285715617,30.46243578614644,1.7981188559288612,28.664316187712757,7.425048201173496e-07,0.0,0
146.788,0.5981999736993228,0.6455250409031711,1.5937806919666655,1e-12,1e-12,1e-12,0.0,-0.0006596473062232245,0.6,0.6,0.04556061285714375,7,0.04556061285715617,30.46243578614644,1.7981188559288612,28.664316187712757,7.425048201173496e-07,0.0,0
146.888,0.5981999736993228,0.6455250409031666,1.59371472725983,1e-12,1e-12,1e-12,0.0,-0.0006596473062232245,0.6,0.6,0.04556061285713931,7,0.04556061285715617,30.46243578614644,1.7981188559288612,28.664316187712757,7.425048201173496e-07,0.0,0
146.988,0.5981999736993228,0.645525040903162,1.5936487625529931,1e-12,1e-12,1e-12,0.0,-0.0006596473062232245,0.6,0.6,0.045560612857134655,7,0.04556061285715617,30.46243578614644,1.7981188559288612,28.664316187712757,7.425048201173496e-07,0.0,0
147.088,0.5981999736993228,0.6455250409031575,1.593582797846157,1e-12,1e-12,1e-12,0.0,-0.0006596473062232245,0.6,0.6,0.045560612857130214,7,0.04556061285715617,30.46243578614644,1.7981188559288612,28.664316187712757,7.425048201173496e-07,0.0,0
147.188,0.5981999736993228,0.6455250409031527,1.5935168331762342,1e-12,1e-12,1e-12,0.0,-0.0006596465528124393,0.6,0.6,0.045560612857125336,7,0.045560612857134655,30.462435786143118,1.7981188559272365,28.664316187712757,7.425031240266142e-07,0.0,0
147.288,0.5981999736993228,0.6455250409031464,1.5934508685447286,1e-12,1e-12,1e-12,0.0,-0.0006596465528124393,0.6,0.6,0.04556061285711912,7,0.045560612857134655,30.462435786143118,1.7981188559272365,28.664316187712757,7.425031240266142e-07,0.0,0
147.388,0.5981999736993228,0.6455250409031404,1.5933849039132233,1e-12,1e-12,1e-12,0.0,-0.0006596465528124393,0.6,0.6,0.04556061285711313,7,0.045560612857134655,30.462435786143118,1.7981188559272365,28.664316187712757,7.425031240266142e-07,0.0,0
147.488,0.5981999736993228,0.6455250409031342,1.593318939281719,1e-12,1e-12,1e-12,0.0,-0.0006596465528124393,0.6,0.6,0.04556061285710692,7,0.045560612857134655,30.462435786143118,1.7981188559272365,28.664316187712757,7.425031240266142e-07,0.0,0
147.588,0.5981999736993228,0.6455250409031285,1.5932529746502135,1e-12,1e-12,1e-12,0.0,-0.0006596465528124393,0.6,0.6,0.04556061285710115,7,0.045560612857134655,30.462435786143118,1.7981188559272365,28.664316187712757,7.425031240266142e-07,0.0,0
147.688,0.5981999736993228,0.6455250409031249,1.593187010056374,1e-12,1e-12,1e-12,0.0,-0.000659645799402353,0.6,0.6,0.0455606128570976,7,0.04556061285710692,30.462435786139242,1.7981188559250563,28.664316187712757,7.425014279394012e-07,0.0,0
147.788,0.5981999736993228,0.6455250409031238,1.5931210455002027,1e-12,1e-12,1e-12,0.0,-0.000659645799402353,0.6,0.6,0.04556061285709649,7,0.04556061285710692,30.462435786139242,1.7981188559250563,28.664316187712757,7.425014279394012e-07,0.0,0
147.888,0.5981999736993228,0.6455250409031222,1.5930550809440314,1e-12,1e-12,1e-12,0.0,-0.000659645799402353,0.6,0.6,0.04556061285709494,7,0.04556061285710692,30.462435786139242,1.7981188559250563,28.664316187712757,7.425014279394012e-07,0.0,0
147.988,0.5981999736993228,0.6455250409031211,1.5929891163878596,1e-12,1e-12,1e-12,0.0,-0.000659645799402353,0.6,0.6,0.04556061285709383,7,0.04556061285710692,30.462435786139242,1.7981188559250563,28.664316187712757,7.425014279394012e-07,0.0,0
148.088,0.5981999736993228,0.64552504090312,1.592923151831688,1e-12,1e-12,1e-12,0.0,-0.000659645799402353,0.6,0.6,0.04556061285709272,7,0.04556061285710692,30.462435786139242,1.7981188559250563,28.664316187712757,7.425014279394012e-07,0.0,0
148.188,0.5981999736993228,0.645525040903116,1.5928571872868365,1e-12,1e-12,1e-12,0.0,-0.0006596450459930746,0.6,0.6,0.04556061285708873,7,0.04556061285709383,30.46243578613653,1.798118855924043,28.664316187712757,7.424997318559562e-07,0.0,0
148.288,0.5981999736993228,0.6455250409030985,1.5927912228061387,1e-12,1e-12,1e-12,0.0,-0.0006596450459930746,0.6,0.6,0.0455606128570712,7,0.04556061285709383,30.46243578613653,1.798118855924043,28.664316187712757,7.424997318559562e-07,0.0,0
148.388,0.5981999736993228,0.6455250409030807,1.5927252583254412,1e-12,1e-12,1e-12,0.0,-0.0006596450459930746,0.6,0.6,0.04556061285705345,7,0.04556061285709383,30.46243578613653,1.798118855924043,28.664316187712757,7.424997318559562e-07,0.0,0
148.488,0.5981999736993228,0.6455250409030627,1.5926592938447437,1e-12,1e-12,1e-12,0.0,-0.0006596450459930746,0.6,0.6,0.04556061285703548,7,0.04556061285709383,30.46243578613653,1.798118855924043,28.664316187712757,7.424997318559562e-07,0.0,0
148.588,0.5981999736993228,0.6455250409030447,1.5925933293640444,1e-12,1e-12,1e-12,0.0,-0.0006596450459930746,0.6,0.6,0.045560612857017506,7,0.04556061285709383,30.46243578613653,1.798118855924043,28.664316187712757,7.424997318559562e-07,0.0,0
148.688,0.5981999736993228,0.6455250409030259,1.5925273649225145,1e-12,1e-12,1e-12,0.0,-0.0006596442925848317,0.6,0.6,0.045560612856998646,7,0.04556061285703548,30.462435786130325,1.7981188559195331,28.664316187712757,7.424980357769665e-07,0.0,0
148.788,0.5981999736993228,0.6455250409030061,1.5924614005171378,1e-12,1e-12,1e-12,0.0,-0.0006596442925848317,0.6,0.6,0.0455606128569789,7,0.04556061285703548,30.462435786130325,1.7981188559195331,28.664316187712757,7.424980357769665e-07,0.0,0
148.888,0.5981999736993228,0.6455250409029859,1.5923954361117603,1e-12,1e-12,1e-12,0.0,-0.0006596442925848317,0.6,0.6,0.045560612856958706,7,0.04556061285703548,30.462435786130325,1.7981188559195331,28.664316187712757,7.424980357769665e-07,0.0,0
148.988,0.5981999736993228,0.6455250409029657,1.592329471706382,1e-12,1e-12,1e-12,0.0,-0.0006596442925848317,0.6,0.6,0.04556061285693852,7,0.04556061285703548,30.462435786130325,1.7981188559195331,28.664316187712757,7.424980357769665e-07,0.0,0
149.088,0.5981999736993228,0.6455250409029457,1.5922635073010043,1e-12,1e-12,1e-12,0.0,-0.0006596442925848317,0.6,0.6,0.04556061285691855,7,0.04556061285703548,30.462435786130325,1.7981188559195331,28.664316187712757,7.424980357769665e-07,0.0,0
149.188,0.5981999736993228,0.6455250409029262,1.5921975429189785,1e-12,1e-12,1e-12,0.0,-0.0006596435391770939,0.6,0.6,0.045560612856899024,7,0.04556061285693852,30.462435786121333,1.7981188559122356,28.664316187712757,7.424963397008893e-07,0.0,0
149.288,0.5981999736993228,0.6455250409029066,1.5921315785889243,1e-12,1e-12,1e-12,0.0,-0.0006596435391770939,0.6,0.6,0.0455606128568795,7,0.04556061285693852,30.462435786121333,1.7981188559122356,28.664316187712757,7.424963397008893e-07,0.0,0
149.388,0.5981999736993228,0.6455250409028869,1.5920656142588696,1e-12,1e-12,1e-12,0.0,-0.0006596435391770939,0.6,0.6,0.04556061285685976,7,0.04556061285693852,30.462435786121333,1.7981188559122356,28.664316187712757,7.424963397008893e-07,0.0,0
149.488,0.5981999736993228,0.6455250409028676,1.5919996499288163,1e-12,1e-12,1e-12,0.0,-0.0006596435391770939,0.6,0.6,0.04556061285684045,7,0.04556061285693852,30.462435786121333,1.7981188559122356,28.664316187712757,7.424963397008893e-07,0.0,0
149.588,0.5981999736993228,0.6455250409028478,1.5919336855987618,1e-12,1e-12,1e-12,0.0,-0.0006596435391770939,0.6,0.6,0.045560612856820705,7,0.04556061285693852,30.462435786121333,1.7981188559122356,28.664316187712757,7.424963397008893e-07,0.0,0
149.688,0.5981999736993228,0.6455250409028283,1.591867721296902,1e-12,1e-12,1e-12,0.0,-0.0006596427768717661,0.6,0.6,0.04556061285680118,7,0.04556061285684045,30.462435786112014,1.7981188559046335,28.664316187712757,7.424946235964855e-07,0.0,0
149.788,0.5981999736993228,0.6455250409028092,1.5918017570430496,1e-12,1e-12,1e-12,0.0,-0.0006596427768717661,0.6,0.6,0.0455606128567821,7,0.04556061285684045,30.462435786112014,1.7981188559046335,28.664316187712757,7.424946235964855e-07,0.0,0
149.888,0.5981999736993228,0.6455250409027901,1.5917357927891942,1e-12,1e-12,1e-12,0.0,-0.0006596427768717661,0.6,0.6,0.04556061285676302,7,0.04556061285684045,30.462435786112014,1.7981188559046335,28.664316187712757,7.424946235964855e-07,0.0,0
149.988,0.5981999736993228,0.6455250409027712,1.5916698285353388,1e-12,1e-12,1e-12,0.0,-0.0006596427768717661,0.6,0.6,0.04556061285674416,7,0.04556061285684045,30.462435786112014,1.7981188559046335,28.664316187712757,7.424946235964855e-07,0.0,0
150.088,0.5981999736993228,0.6455250409027516,1.5916038642814856,1e-12,1e-12,1e-12,0.0,-0.0006596427768717661,0.6,0.6,0.045560612856724636,7,0.04556061285684045,30.462435786112014,1.7981188559046335,28.664316187712757,7.424946235964855e-07,0.0,0
150.188,0.5981999736993228,0.6455250409027374,1.5915379000532937,1e-12,1e-12,1e-12,0.0,-0.0006596420234658296,0.6,0.6,0.04556061285671043,7,0.04556061285674416,30.462435786102915,1.7981188558972312,28.664316187712757,7.424929275283838e-07,0.0,0
150.288,0.5981999736993228,0.6455250409027334,1.5914719358749134,1e-12,1e-12,1e-12,0.0,-0.0006596420234658296,0.6,0.6,0.04556061285670644,7,0.04556061285674416,30.462435786102915,1.7981188558972312,28.664316187712757,7.424929275283838e-07,0.0,0
150.388,0.5981999736993228,0.6455250409027294,1.5914059716965354,1e-12,1e-12,1e-12,0.0,-0.0006596420234658296,0.6,0.6,0.045560612856702445,7,0.04556061285674416,30.462435786102915,1.7981188558972312,28.664316187712757,7.424929275283838e-07,0.0,0
150.488,0.5981999736993228,0.6455250409027254,1.5913400075181552,1e-12,1e-12,1e-12,0.0,-0.0006596420234658296,0.6,0.6,0.045560612856698456,7,0.04556061285674416,30.462435786102915,1.7981188558972312,28.664316187712757,7.424929275283838e-07,0.0,0
150.588,0.5981999736993228,0.6455250409027212,1.5912740433397767,1e-12,1e-12,1e-12,0.0,-0.0006596420234658296,0.6,0.6,0.04556061285669424,7,0.04556061285674416,30.462435786102915,1.7981188558972312,28.664316187712757,7.424929275283838e-07,0.0,0
150.688,0.5981999736993228,0.6455250409027161,1.5912080791990624,1e-12,1e-12,1e-12,0.0,-0.0006596412700610786,0.6,0.6,0.04556061285668914,7,0.045560612856698456,30.462435786097775,1.7981188558937877,28.664316187712757,7.424912314648979e-07,0.0,0
150.788,0.5981999736993228,0.6455250409027103,1.591142115096015,1e-12,1e-12,1e-12,0.0,-0.0006596412700610786,0.6,0.6,0.045560612856683363,7,0.045560612856698456,30.462435786097775,1.7981188558937877,28.664316187712757,7.424912314648979e-07,0.0,0
150.888,0.5981999736993228,0.645525040902705,1.5910761509929692,1e-12,1e-12,1e-12,0.0,-0.0006596412700610786,0.6,0.6,0.04556061285667804,7,0.045560612856698456,30.462435786097775,1.7981188558937877,28.664316187712757,7.424912314648979e-07,0.0,0
150.988,0.5981999736993228,0.6455250409026988,1.5910101868899216,1e-12,1e-12,1e-12,0.0,-0.0006596412700610786,0.6,0.6,0.04556061285667183,7,0.045560612856698456,30.462435786097775,1.7981188558937877,28.664316187712757,7.424912314648979e-07,0.0,0
151.088,0.5981999736993228,0.6455250409026935,1.590944222786873,1e-12,1e-12,1e-12,0.0,-0.0006596412700610786,0.6,0.6,0.0455606128566665,7,0.045560612856698456,30.462435786097775,1.7981188558937877,28.664316187712757,7.424912314648979e-07,0.0,0
151.188,0.5981999736993228,0.6455250409026897,1.590878258715467,1e-12,1e-12,1e-12,0.0,-0.000659640516657076,0.6,0.6,0.045560612856662734,7,0.04556061285667183,30.462435786093902,1.7981188558916084,28.664316187712757,7.424895354050475e-07,0.0,0
151.288,0.5981999736993228,0.6455250409026884,1.5908122946877523,1e-12,1e-12,1e-12,0.0,-0.000659640516657076,0.6,0.6,0.0455606128566614,7,0.04556061285667183,30.462435786093902,1.7981188558916084,28.664316187712757,7.424895354050475e-07,0.0,0
151.388,0.5981999736993228,0.645525040902687,1.5907463306600371,1e-12,1e-12,1e-12,0.0,-0.000659640516657076,0.6,0.6,0.04556061285666007,7,0.04556061285667183,30.462435786093902,1.7981188558916084,28.664316187712757,7.424895354050475e-07,0.0,0
151.488,0.5981999736993228,0.6455250409026859,1.5906803666323244,1e-12,1e-12,1e-12,0.0,-0.000659640516657076,0.6,0.6,0.04556061285665896,7,0.04556061285667183,30.462435786093902,1.7981188558916084,28.664316187712757,7.424895354050475e-07,0.0,0
151.588,0.5981999736993228,0.6455250409026846,1.5906144026046092,1e-12,1e-12,1e-12,0.0,-0.000659640516657076,0.6,0.6,0.04556061285665763,7,0.04556061285667183,30.462435786093902,1.7981188558916084,28.664316187712757,7.424895354050475e-07,0.0,0
151.688,0.5981999736993228,0.645525040902681,1.5905484386205795,1e-12,1e-12,1e-12,0.0,-0.0006596397632538461,0.6,0.6,0.04556061285665408,7,0.04556061285665896,30.462435786091287,1.7981188558906926,28.664316187712757,7.424878393488838e-07,0.0,0
151.788,0.5981999736993228,0.645525040902675,1.5904824746681885,1e-12,1e-12,1e-12,0.0,-0.0006596397632538461,0.6,0.6,0.045560612856648086,7,0.04556061285665896,30.462435786091287,1.7981188558906926,28.664316187712757,7.424878393488838e-07,0.0,0
151.888,0.5981999736993228,0.6455250409026697,1.5904165107157955,1e-12,1e-12,1e-12,0.0,-0.0006596397632538461,0.6,0.6,0.045560612856642764,7,0.04556061285665896,30.462435786091287,1.7981188558906926,28.664316187712757,7.424878393488838e-07,0.0,0
151.988,0.5981999736993228,0.6455250409026637,1.5903505467634016,1e-12,1e-12,1e-12,0.0,-0.0006596397632538461,0.6,0.6,0.045560612856636776,7,0.04556061285665896,30.462435786091287,1.7981188558906926,28.664316187712757,7.424878393488838e-07,0.0,0
152.088,0.5981999736993228,0.6455250409026582,1.5902845828110084,1e-12,1e-12,1e-12,0.0,-0.0006596397632538461,0.6,0.6,0.045560612856631225,7,0.04556061285665896,30.462435786091287,1.7981188558906926,28.664316187712757,7.424878393488838e-07,0.0,0
152.188,0.5981999736993228,0.6455250409026535,1.590218618881478,1e-12,1e-12,1e-12,0.0,-0.0006596390009530817,0.6,0.6,0.04556061285662657,7,0.045560612856636776,30.462435786087802,1.7981188558889214,28.664316187712757,7.424861232646355e-07,0.0,0
152.288,0.5981999736993228,0.6455250409026513,1.5901526550052947,1e-12,1e-12,1e-12,0.0,-0.0006596390009530817,0.6,0.6,0.04556061285662435,7,0.045560612856636776,30.462435786087802,1.7981188558889214,28.664316187712757,7.424861232646355e-07,0.0,0
152.388,0.5981999736993228,0.6455250409026488,1.5900866911291116,1e-12,1e-12,1e-12,0.0,-0.0006596390009530817,0.6,0.6,0.045560612856621906,7,0.045560612856636776,30.462435786087802,1.7981188558889214,28.664316187712757,7.424861232646355e-07,0.0,0
152.488,0.5981999736993228,0.6455250409026466,1.590020727252929,1e-12,1e-12,1e-12,0.0,-0.0006596390009530817,0.6,0.6,0.04556061285661969,7,0.045560612856636776,30.462435786087802,1.7981188558889214,28.664316187712757,7.424861232646355e-07,0.0,0
152.588,0.5981999736993228,0.6455250409026444,1.589954763376746,1e-12,1e-12,1e-12,0.0,-0.0006596390009530817,0.6,0.6,0.04556061285661747,7,0.045560612856636776,30.462435786087802,1.7981188558889214,28.664316187712757,7.424861232646355e-07,0.0,0
152.688,0.5981999736993228,0.6455250409026413,1.5898887995193913,1e-12,1e-12,1e-12,0.0,-0.0006596382475517474,0.6,0.6,0.04556061285661436,7,0.04556061285661969,30.46243578608484,1.798118855887653,28.664316187712757,7.424844272166588e-07,0.0,0
152.788,0.5981999736993228,0.645525040902636,1.5898228357185227,1e-12,1e-12,1e-12,0.0,-0.0006596382475517474,0.6,0.6,0.04556061285660904,7,0.04556061285661969,30.46243578608484,1.798118855887653,28.664316187712757,7.424844272166588e-07,0.0,0
152.888,0.5981999736993228,0.6455250409026304,1.5897568719176558,1e-12,1e-12,1e-12,0.0,-0.0006596382475517474,0.6,0.6,0.04556061285660349,7,0.04556061285661969,30.46243578608484,1.798118855887653,28.664316187712757,7.424844272166588e-07,0.0,0
152.988,0.5981999736993228,0.6455250409026249,1.5896909081167854,1e-12,1e-12,1e-12,0.0,-0.0006596382475517474,0.6,0.6,0.045560612856597946,7,0.04556061285661969,30.46243578608484,1.798118855887653,28.664316187712757,7.424844272166588e-07,0.0,0
153.088,0.5981999736993228,0.6455250409026195,1.5896249443159183,1e-12,1e-12,1e-12,0.0,-0.0006596382475517474,0.6,0.6,0.045560612856592624,7,0.04556061285661969,30.46243578608484,1.798118855887653,28.664316187712757,7.424844272166588e-07,0.0,0
153.188,0.5981999736993228,0.6455250409026146,1.5895589805414168,1e-12,1e-12,1e-12,0.0,-0.0006596374941515579,0.6,0.6,0.04556061285658774,7,0.045560612856597946,30.462435786081365,1.798118855885879,28.664316187712757,7.424827311732077e-07,0.0,0
153.288,0.5981999736993228,0.6455250409026091,1.5894930168158785,1e-12,1e-12,1e-12,0.0,-0.0006596374941515579,0.6,0.6,0.045560612856582194,7,0.045560612856597946,30.462435786081365,1.798118855885879,28.664316187712757,7.424827311732077e-07,0.0,0
153.388,0.5981999736993228,0.6455250409026038,1.5894270530903418,1e-12,1e-12,1e-12,0.0,-0.0006596374941515579,0.6,0.6,0.045560612856576865,7,0.045560612856597946,30.462435786081365,1.798118855885879,28.664316187712757,7.424827311732077e-07,0.0,0
153.488,0.5981999736993228,0.6455250409025982,1.5893610893648031,1e-12,1e-12,1e-12,0.0,-0.0006596374941515579,0.6,0.6,0.04556061285657132,7,0.045560612856597946,30.462435786081365,1.798118855885879,28.664316187712757,7.424827311732077e-07,0.0,0
153.588,0.5981999736993228,0.6455250409025927,1.5892951256392664,1e-12,1e-12,1e-12,0.0,-0.0006596374941515579,0.6,0.6,0.04556061285656578,7,0.045560612856597946,30.462435786081365,1.798118855885879,28.664316187712757,7.424827311732077e-07,0.0,0
153.688,0.5981999736993228,0.645525040902588,1.5892291619416012,1e-12,1e-12,1e-12,0.0,-0.0006596367407520485,0.6,0.6,0.045560612856561114,7,0.04556061285657132,30.462435786077695,1.7981188558839039,28.664316187712757,7.424810351332386e-07,0.0,0
153.788,0.5981999736993228,0.6455250409025851,1.5891631982913972,1e-12,1e-12,1e-12,0.0,-0.0006596367407520485,0.6,0.6,0.045560612856558234,7,0.04556061285657132,30.462435786077695,1.7981188558839039,28.664316187712757,7.424810351332386e-07,0.0,0
153.888,0.5981999736993228,0.6455250409025822,1.5890972346411945,1e-12,1e-12,1e-12,0.0,-0.0006596367407520485,0.6,0.6,0.04556061285655535,7,0.04556061285657132,30.462435786077695,1.7981188558839039,28.664316187712757,7.424810351332386e-07,0.0,0
153.988,0.5981999736993228,0.6455250409025793,1.5890312709909904,1e-12,1e-12,1e-12,0.0,-0.0006596367407520485,0.6,0.6,0.04556061285655246,7,0.04556061285657132,30.462435786077695,1.7981188558839039,28.664316187712757,7.424810351332386e-07,0.0,0
154.088,0.5981999736993228,0.6455250409025767,1.5889653073407843,1e-12,1e-12,1e-12,0.0,-0.0006596367407520485,0.6,0.6,0.045560612856549804,7,0.04556061285657132,30.462435786077695,1.7981188558839039,28.664316187712757,7.424810351332386e-07,0.0,0
154.188,0.5981999736993228,0.6455250409025725,1.588899343725985,1e-12,1e-12,1e-12,0.0,-0.000659635987353335,0.6,0.6,0.045560612856545585,7,0.04556061285655246,30.462435786074582,1.7981188558824837,28.664316187712757,7.424793390970092e-07,0.0,0
154.288,0.5981999736993228,0.6455250409025658,1.5888333801511076,1e-12,1e-12,1e-12,0.0,-0.000659635987353335,0.6,0.6,0.04556061285653893,7,0.04556061285655246,30.462435786074582,1.7981188558824837,28.664316187712757,7.424793390970092e-07,0.0,0
154.388,0.5981999736993228,0.6455250409025602,1.588767416576229,1e-12,1e-12,1e-12,0.0,-0.000659635987353335,0.6,0.6,0.04556061285653338,7,0.04556061285655246,30.462435786074582,1.7981188558824837,28.664316187712757,7.424793390970092e-07,0.0,0
154.488,0.5981999736993228,0.645525040902554,1.5887014530013521,1e-12,1e-12,1e-12,0.0,-0.000659635987353335,0.6,0.6,0.04556061285652717,7,0.04556061285655246,30.462435786074582,1.7981188558824837,28.664316187712757,7.424793390970092e-07,0.0,0
154.588,0.5981999736993228,0.6455250409025476,1.5886354894264745,1e-12,1e-12,1e-12,0.0,-0.000659635987353335,0.6,0.6,0.04556061285652074,7,0.04556061285655246,30.462435786074582,1.7981188558824837,28.664316187712757,7.424793390970092e-07,0.0,0
154.688,0.5981999736993228,0.6455250409025427,1.5885695258726873,1e-12,1e-12,1e-12,0.0,-0.0006596352339554849,0.6,0.6,0.04556061285651585,7,0.04556061285652717,30.462435786070955,1.7981188558805574,28.664316187712757,7.424776430644969e-07,0.0,0
154.788,0.5981999736993228,0.6455250409025398,1.5885035623731256,1e-12,1e-12,1e-12,0.0,-0.0006596352339554849,0.6,0.6,0.04556061285651297,7,0.04556061285652717,30.462435786070955,1.7981188558805574,28.664316187712757,7.424776430644969e-07,0.0,0
154.888,0.5981999736993228,0.6455250409025369,1.5884375988735655,1e-12,1e-12,1e-12,0.0,-0.0006596352339554849,0.6,0.6,0.045560612856510085,7,0.04556061285652717,30.462435786070955,1.7981188558805574,28.664316187712757,7.424776430644969e-07,0.0,0
154.988,0.5981999736993228,0.645525040902534,1.5883716353740045,1e-12,1e-12,1e-12,0.0,-0.0006596352339554849,0.6,0.6,0.0455606128565072,7,0.04556061285652717,30.462435786070955,1.7981188558805574,28.664316187712757,7.424776430644969e-07,0.0,0
155.088,0.5981999736993228,0.6455250409025312,1.5883056718744446,1e-12,1e-12,1e-12,0.0,-0.0006596352339554849,0.6,0.6,0.04556061285650432,7,0.04556061285652717,30.462435786070955,1.7981188558805574,28.664316187712757,7.424776430644969e-07,0.0,0
155.188,0.5981999736993228,0.6455250409025283,1.5882397083922124,1e-12,1e-12,1e-12,0.0,-0.0006596344805584196,0.6,0.6,0.04556061285650143,7,0.0455606128565072,30.462435786067893,1.798118855879187,28.664316187712757,7.424759470357006e-07,0.0,0
155.288,0.5981999736993228,0.6455250409025229,1.588173744967984,1e-12,1e-12,1e-12,0.0,-0.0006596344805584196,0.6,0.6,0.04556061285649611,7,0.0455606128565072,30.462435786067893,1.798118855879187,28.664316187712757,7.424759470357006e-07,0.0,0
155.388,0.5981999736993228,0.6455250409025178,1.5881077815437565,1e-12,1e-12,1e-12,0.0,-0.0006596344805584196,0.6,0.6,0.045560612856491,7,0.0455606128565072,30.462435786067893,1.798118855879187,28.664316187712757,7.424759470357006e-07,0.0,0
155.488,0.5981999736993228,0.6455250409025127,1.588041818119531,1e-12,1e-12,1e-12,0.0,-0.0006596344805584196,0.6,0.6,0.0455606128564859,7,0.0455606128565072,30.462435786067893,1.798118855879187,28.664316187712757,7.424759470357006e-07,0.0,0
155.588,0.5981999736993228,0.6455250409025076,1.5879758546953038,1e-12,1e-12,1e-12,0.0,-0.0006596344805584196,0.6,0.6,0.045560612856480796,7,0.0455606128565072,30.462435786067893,1.798118855879187,28.664316187712757,7.424759470357006e-07,0.0,0
155.688,0.5981999736993228,0.6455250409025025,1.5879098912893643,1e-12,1e-12,1e-12,0.0,-0.0006596337182638174,0.6,0.6,0.045560612856475696,7,0.0455606128564859,30.4624357860644,1.798118855877413,28.664316187712757,7.424742309789726e-07,0.0,0
155.788,0.5981999736993228,0.645525040902499,1.5878439279413366,1e-12,1e-12,1e-12,0.0,-0.0006596337182638174,0.6,0.6,0.045560612856472144,7,0.0455606128564859,30.4624357860644,1.798118855877413,28.664316187712757,7.424742309789726e-07,0.0,0
155.888,0.5981999736993228,0.6455250409024954,1.5877779645933097,1e-12,1e-12,1e-12,0.0,-0.0006596337182638174,0.6,0.6,0.0455606128564686,7,0.0455606128564859,30.4624357860644,1.798118855877413,28.664316187712757,7.424742309789726e-07,0.0,0
155.988,0.5981999736993228,0.6455250409024912,1.5877120012452812,1e-12,1e-12,1e-12,0.0,-0.0006596337182638174,0.6,0.6,0.04556061285646438,7,0.0455606128564859,30.4624357860644,1.798118855877413,28.664316187712757,7.424742309789726e-07,0.0,0
156.088,0.5981999736993228,0.6455250409024876,1.5876460378972546,1e-12,1e-12,1e-12,0.0,-0.0006596337182638174,0.6,0.6,0.04556061285646083,7,0.0455606128564859,30.4624357860644,1.798118855877413,28.664316187712757,7.424742309789726e-07,0.0,0
156.188,0.5981999736993228,0.6455250409024836,1.587580074565801,1e-12,1e-12,1e-12,0.0,-0.0006596329648685297,0.6,0.6,0.045560612856456836,7,0.04556061285646438,30.462435786061135,1.798118855875845,28.664316187712757,7.424725349580979e-07,0.0,0
156.288,0.5981999736993228,0.6455250409024792,1.587514111293106,1e-12,1e-12,1e-12,0.0,-0.0006596329648685297,0.6,0.6,0.045560612856452395,7,0.04556061285646438,30.462435786061135,1.798118855875845,28.664316187712757,7.424725349580979e-07,0.0,0
156.388,0.5981999736993228,0.6455250409024745,1.5874481480204123,1e-12,1e-12,1e-12,0.0,-0.0006596329648685297,0.6,0.6,0.04556061285644774,7,0.04556061285646438,30.462435786061135,1.798118855875845,28.664316187712757,7.424725349580979e-07,0.0,0
156.488,0.5981999736993228,0.6455250409024701,1.5873821847477168,1e-12,1e-12,1e-12,0.0,-0.0006596329648685297,0.6,0.6,0.045560612856443305,7,0.04556061285646438,30.462435786061135,1.798118855875845,28.664316187712757,7.424725349580979e-07,0.0,0
156.588,0.5981999736993228,0.6455250409024654,1.587316221475023,1e-12,1e-12,1e-12,0.0,-0.0006596329648685297,0.6,0.6,0.04556061285643864,7,0.04556061285646438,30.462435786061135,1.798118855875845,28.664316187712757,7.424725349580979e-07,0.0,0
156.688,0.5981999736993228,0.6455250409024599,1.587250258252799,1e-12,1e-12,1e-12,0.0,-0.0006596322114743518,0.6,0.6,0.0455606128564331,7,0.045560612856443305,30.462435786057664,1.7981188558740682,28.664316187712757,7.424708389418457e-07,0.0,0
156.788,0.5981999736993228,0.6455250409024541,1.5871842950554336,1e-12,1e-12,1e-12,0.0,-0.0006596322114743518,0.6,0.6,0.045560612856427325,7,0.045560612856443305,30.462435786057664,1.7981188558740682,28.664316187712757,7.424708389418457e-07,0.0,0
156.888,0.5981999736993228,0.6455250409024481,1.5871183318580682,1e-12,1e-12,1e-12,0.0,-0.0006596322114743518,0.6,0.6,0.04556061285642134,7,0.045560612856443305,30.462435786057664,1.7981188558740682,28.664316187712757,7.424708389418457e-07,0.0,0
156.988,0.5981999736993228,0.6455250409024421,1.5870523686607025,1e-12,1e-12,1e-12,0.0,-0.0006596322114743518,0.6,0.6,0.04556061285641535,7,0.045560612856443305,30.462435786057664,1.7981188558740682,28.664316187712757,7.424708389418457e-07,0.0,0
157.088,0.5981999736993228,0.6455250409024368,1.5869864054633371,1e-12,1e-12,1e-12,0.0,-0.0006596322114743518,0.6,0.6,0.04556061285641002,7,0.045560612856443305,30.462435786057664,1.7981188558740682,28.664316187712757,7.424708389418457e-07,0.0,0
157.188,0.5981999736993228,0.6455250409024315,1.5869204422787757,1e-12,1e-12,1e-12,0.0,-0.0006596314580809576,0.6,0.6,0.0455606128564047,7,0.04556061285641535,30.462435786053945,1.7981188558720425,28.664316187712757,7.424691429291306e-07,0.0,0
157.288,0.5981999736993228,0.6455250409024301,1.586854479156726,1e-12,1e-12,1e-12,0.0,-0.0006596314580809576,0.6,0.6,0.045560612856403365,7,0.04556061285641535,30.462435786053945,1.7981188558720425,28.664316187712757,7.424691429291306e-07,0.0,0
157.388,0.5981999736993228,0.6455250409024288,1.5867885160346764,1e-12,1e-12,1e-12,0.0,-0.0006596314580809576,0.6,0.6,0.04556061285640203,7,0.04556061285641535,30.462435786053945,1.7981188558720425,28.664316187712757,7.424691429291306e-07,0.0,0
157.488,0.5981999736993228,0.6455250409024277,1.5867225529126279,1e-12,1e-12,1e-12,0.0,-0.0006596314580809576,0.6,0.6,0.04556061285640092,7,0.04556061285641535,30.462435786053945,1.7981188558720425,28.664316187712757,7.424691429291306e-07,0.0,0
157.588,0.5981999736993228,0.6455250409024264,1.586656589790578,1e-12,1e-12,1e-12,0.0,-0.0006596314580809576,0.6,0.6,0.04556061285639959,7,0.04556061285641535,30.462435786053945,1.7981188558720425,28.664316187712757,7.424691429291306e-07,0.0,0
157.688,0.5981999736993228,0.6455250409024252,1.5865906266700338,1e-12,1e-12,1e-12,0.0,-0.0006596307046883813,0.6,0.6,0.04556061285639849,7,0.04556061285640092,30.46243578605118,1.798118855870977,28.664316187712757,7.424674469202068e-07,0.0,0
157.788,0.5981999736993228,0.645525040902419,1.5865246636233183,1e-12,1e-12,1e-12,0.0,-0.0006596307046883813,0.6,0.6,0.04556061285639227,7,0.04556061285640092,30.46243578605118,1.798118855870977,28.664316187712757,7.424674469202068e-07,0.0,0
157.888,0.5981999736993228,0.6455250409024132,1.5864587005766015,1e-12,1e-12,1e-12,0.0,-0.0006596307046883813,0.6,0.6,0.045560612856386504,7,0.04556061285640092,30.46243578605118,1.798118855870977,28.664316187712757,7.424674469202068e-07,0.0,0
157.988,0.5981999736993228,0.6455250409024073,1.5863927375298834,1e-12,1e-12,1e-12,0.0,-0.0006596307046883813,0.6,0.6,0.045560612856380515,7,0.04556061285640092,30.46243578605118,1.798118855870977,28.664316187712757,7.424674469202068e-07,0.0,0
158.088,0.5981999736993228,0.6455250409024013,1.5863267744831666,1e-12,1e-12,1e-12,0.0,-0.0006596307046883813,0.6,0.6,0.04556061285637452,7,0.04556061285640092,30.46243578605118,1.798118855870977,28.664316187712757,7.424674469202068e-07,0.0,0
158.188,0.5981999736993228,0.6455250409023968,1.5862608114606014,1e-12,1e-12,1e-12,0.0,-0.0006596299512966019,0.6,0.6,0.045560612856370086,7,0.045560612856380515,30.462435786047916,1.798118855869408,28.664316187712757,7.424657509148505e-07,0.0,0
158.288,0.5981999736993228,0.6455250409023968,1.586194848489357,1e-12,1e-12,1e-12,0.0,-0.0006596299512966019,0.6,0.6,0.045560612856370086,7,0.045560612856380515,30.462435786047916,1.798118855869408,28.664316187712757,7.424657509148505e-07,0.0,0
158.388,0.5981999736993228,0.6455250409023968,1.5861288855181153,1e-12,1e-12,1e-12,0.0,-0.0006596299512966019,0.6,0.6,0.045560612856370086,7,0.045560612856380515,30.462435786047916,1.798118855869408,28.664316187712757,7.424657509148505e-07,0.0,0
158.488,0.5981999736993228,0.6455250409023968,1.586062922546871,1e-12,1e-12,1e-12,0.0,-0.0006596299512966019,0.6,0.6,0.045560612856370086,7,0.045560612856380515,30.462435786047916,1.798118855869408,28.664316187712757,7.424657509148505e-07,0.0,0
158.588,0.5981999736993228,0.6455250409023968,1.5859969595756276,1e-12,1e-12,1e-12,0.0,-0.0006596299512966019,0.6,0.6,0.045560612856370086,7,0.045560612856380515,30.462435786047916,1.798118855869408,28.664316187712757,7.424657509148505e-07,0.0,0
158.688,0.5981999736993228,0.6455250409023968,1.5859309966247206,1e-12,1e-12,1e-12,0.0,-0.0006596291979056511,0.6,0.6,0.045560612856370086,7,0.045560612856370086,30.462435786045358,1.7981188558685441,28.664316187712757,7.424640549133083e-07,0.0,0
158.788,0.5981999736993228,0.6455250409023968,1.5858650337287972,1e-12,1e-12,1e-12,0.0,-0.0006596291979056511,0.6,0.6,0.045560612856370086,7,0.045560612856370086,30.462435786045358,1.7981188558685441,28.664316187712757,7.424640549133083e-07,0.0,0
158.888,0.5981999736993228,0.6455250409023968,1.5857990708328757,1e-12,1e-12,1e-12,0.0,-0.0006596291979056511,0.6,0.6,0.045560612856370086,7,0.045560612856370086,30.462435786045358,1.7981188558685441,28.664316187712757,7.424640549133083e-07,0.0,0
158.988,0.5981999736993228,0.6455250409023968,1.5857331079369512,1e-12,1e-12,1e-12,0.0,-0.0006596291979056511,0.6,0.6,0.045560612856370086,7,0.045560612856370086,30.462435786045358,1.7981188558685441,28.664316187712757,7.424640549133083e-07,0.0,0
159.088,0.5981999736993228,0.6455250409023968,1.5856671450410302,1e-12,1e-12,1e-12,0.0,-0.0006596291979056511,0.6,0.6,0.045560612856370086,7,0.045560612856370086,30.462435786045358,1.7981188558685441,28.664316187712757,7.424640549133083e-07,0.0,0
159.188,0.5981999736993228,0.6455250409023968,1.58560118217599,1e-12,1e-12,1e-12,0.0,-0.0006596284445157336,0.6,0.6,0.045560612856370086,7,0.045560612856370086,30.46243578604366,1.7981188558685441,28.664316187712757,7.424623589162166e-07,0.0,0
159.288,0.5981999736993228,0.6455250409023968,1.5855352193553904,1e-12,1e-12,1e-12,0.0,-0.0006596284445157336,0.6,0.6,0.045560612856370086,7,0.045560612856370086,30.46243578604366,1.7981188558685441,28.664316187712757,7.424623589162166e-07,0.0,0
159.388,0.5981999736993228,0.6455250409023968,1.5854692565347919,1e-12,1e-12,1e-12,0.0,-0.0006596284445157336,0.6,0.6,0.045560612856370086,7,0.045560612856370086,30.46243578604366,1.7981188558685441,28.664316187712757,7.424623589162166e-07,0.0,0
159.488,0.5981999736993228,0.6455250409023968,1.585403293714193,1e-12,1e-12,1e-12,0.0,-0.0006596284445157336,0.6,0.6,0.045560612856370086,7,0.045560612856370086,30.46243578604366,1.7981188558685441,28.664316187712757,7.424623589162166e-07,0.0,0
159.588,0.5981999736993228,0.6455250409023968,1.5853373308935943,1e-12,1e-12,1e-12,0.0,-0.0006596284445157336,0.6,0.6,0.045560612856370086,7,0.045560612856370086,30.46243578604366,1.7981188558685441,28.664316187712757,7.424623589162166e-07,0.0,0
159.688,0.5981999736993228,0.6455250409023968,1.585271368094088,1e-12,1e-12,1e-12,0.0,-0.0006596276911266161,0.6,0.6,0.045560612856370086,7,0.045560612856370086,30.462435786041965,1.7981188558685441,28.664316187712757,7.424606629226975e-07,0.0,0
159.788,0.5981999736993228,0.6455250409023968,1.5852054053488223,1e-12,1e-12,1e-12,0.0,-0.0006596276911266161,0.6,0.6,0.045560612856370086,7,0.045560612856370086,30.462435786041965,1.7981188558685441,28.664316187712757,7.424606629226975e-07,0.0,0
159.868,0.5981999736993228,0.6455250409023968,1.5851526351526093,1e-12,1e-12,1e-12,0.0,-0.0006596276911266161,0.6,0.6,0.045560612856370086,7,0.045560612856370086,30.462435786041965,1.7981188558685441,28.664316187712757,7.424606629226975e-07,0.0,0
159.988,0.5981999736993228,0.6455250409023968,1.5850734798582902,1e-12,1e-12,1e-12,0.0,-0.0006596276911266161,0.6,0.6,0.045560612856370086,7,0.045560612856370086,30.462435786041965,1.7981188558685441,28.664316187712757,7.424606629226975e-07,0.0,0
160.088,0.5981999736993228,0.6455250409023968,1.585007517113024,1e-12,1e-12,1e-12,0.0,-0.0006596276911266161,0.6,0.6,0.045560612856370086,7,0.045560612856370086,30.462435786041965,1.7981188558685441,28.664316187712757,7.424606629226975e-07,0.0,0
160.188,0.5981999736993228,0.6455250409023968,1.5849415543911125,1e-12,1e-12,1e-12,0.0,-0.0006596269377386389,0.6,0.6,0.045560612856370086,7,0.045560612856370086,30.462435786040267,1.7981188558685441,28.664316187712757,7.424589669338698e-07,0.0,0
160.288,0.5981999736993228,0.6455250409023968,1.5848755917211785,1e-12,1e-12,1e-12,0.0,-0.0006596269377386389,0.6,0.6,0.045560612856370086,7,0.045560612856370086,30.462435786040267,1.7981188558685441,28.664316187712757,7.424589669338698e-07,0.0,0
160.388,0.5981999736993228,0.6455250409023968,1.5848096290512454,1e-12,1e-12,1e-12,0.0,-0.0006596269377386389,0.6,0.6,0.045560612856370086,7,0.045560612856370086,30.462435786040267,1.7981188558685441,28.664316187712757,7.424589669338698e-07,0.0,0
160.488,0.5981999736993228,0.6455250409023968,1.5847436663813128,1e-12,1e-12,1e-12,0.0,-0.0006596269377386389,0.6,0.6,0.045560612856370086,7,0.045560612856370086,30.462435786040267,1.7981188558685441,28.664316187712757,7.424589669338698e-07,0.0,0
160.588,0.5981999736993228,0.6455250409023968,1.5846777037113804,1e-12,1e-12,1e-12,0.0,-0.0006596269377386389,0.6,0.6,0.045560612856370086,7,0.045560612856370086,30.462435786040267,1.7981188558685441,28.664316187712757,7.424589669338698e-07,0.0,0
160.688,0.5981999736993228,0.6455250409023968,1.5846117410768494,1e-12,1e-12,1e-12,0.0,-0.0006596261843513321,0.6,0.6,0.045560612856370086,7,0.045560612856370086,30.462435786038572,1.7981188558685441,28.664316187712757,7.424572709485e-07,0.0,0
160.788,0.5981999736993228,0.6455250409023968,1.5845457784822403,1e-12,1e-12,1e-12,0.0,-0.0006596261843513321,0.6,0.6,0.045560612856370086,7,0.045560612856370086,30.462435786038572,1.7981188558685441,28.664316187712757,7.424572709485e-07,0.0,0
160.888,0.5981999736993228,0.6455250409023968,1.5844798158876319,1e-12,1e-12,1e-12,0.0,-0.0006596261843513321,0.6,0.6,0.045560612856370086,7,0.045560612856370086,30.462435786038572,1.7981188558685441,28.664316187712757,7.424572709485e-07,0.0,0
160.988,0.5981999736993228,0.6455250409023968,1.584413853293021,1e-12,1e-12,1e-12,0.0,-0.0006596261843513321,0.6,0.6,0.045560612856370086,7,0.045560612856370086,30.462435786038572,1.7981188558685441,28.664316187712757,7.424572709485e-07,0.0,0
161.088,0.5981999736993228,0.6455250409023968,1.584347890698414,1e-12,1e-12,1e-12,0.0,-0.0006596261843513321,0.6,0.6,0.045560612856370086,7,0.045560612856370086,30.462435786038572,1.7981188558685441,28.664316187712757,7.424572709485e-07,0.0,0
161.188,0.5981999736993228,0.6455250409023968,1.5842819281188683,1e-12,1e-12,1e-12,0.0,-0.0006596254309649036,0.6,0.6,0.045560612856370086,7,0.045560612856370086,30.462435786036878,1.7981188558685441,28.664316187712757,7.42455574967057e-07,0.0,0
161.288,0.5981999736993228,0.6455250409023968,1.5842159655995793,1e-12,1e-12,1e-12,0.0,-0.0006596254309649036,0.6,0.6,0.045560612856370086,7,0.045560612856370086,30.462435786036878,1.7981188558685441,28.664316187712757,7.42455574967057e-07,0.0,0
161.388,0.5981999736993228,0.6455250409023968,1.5841500030802906,1e-12,1e-12,1e-12,0.0,-0.0006596254309649036,0.6,0.6,0.045560612856370086,7,0.045560612856370086,30.462435786036878,1.7981188558685441,28.664316187712757,7.42455574967057e-07,0.0,0
161.488,0.5981999736993228,0.6455250409023968,1.5840840405610035,1e-12,1e-12,1e-12,0.0,-0.0006596254309649036,0.6,0.6,0.045560612856370086,7,0.045560612856370086,30.462435786036878,1.7981188558685441,28.664316187712757,7.42455574967057e-07,0.0,0
161.588,0.5981999736993228,0.6455250409023968,1.584018078041713,1e-12,1e-12,1e-12,0.0,-0.0006596254309649036,0.6,0.6,0.045560612856370086,7,0.045560612856370086,30.462435786036878,1.7981188558685441,28.664316187712757,7.42455574967057e-07,0.0,0
161.688,0.5981999736993228,0.6455250409023968,1.58395211555557,1e-12,1e-12,1e-12,0.0,-0.0006596246775792211,0.6,0.6,0.045560612856370086,7,0.045560612856370086,30.46243578603518,1.7981188558685441,28.664316187712757,7.424538789890658e-07,0.0,0
161.788,0.5981999736993228,0.6455250409023968,1.583886153111612,1e-12,1e-12,1e-12,0.0,-0.0006596246775792211,0.6,0.6,0.045560612856370086,7,0.045560612856370086,30.46243578603518,1.7981188558685441,28.664316187712757,7.424538789890658e-07,0.0,0
161.888,0.5981999736993228,0.6455250409023968,1.5838201906676543,1e-12,1e-12,1e-12,0.0,-0.0006596246775792211,0.6,0.6,0.045560612856370086,7,0.045560612856370086,30.46243578603518,1.7981188558685441,28.664316187712757,7.424538789890658e-07,0.0,0
161.988,0.5981999736993228,0.6455250409023968,1.583754228223695,1e-12,1e-12,1e-12,0.0,-0.0006596246775792211,0.6,0.6,0.045560612856370086,7,0.045560612856370086,30.46243578603518,1.7981188558685441,28.664316187712757,7.424538789890658e-07,0.0,0
162.088,0.5981999736993228,0.6455250409023968,1.5836882657797355,1e-12,1e-12,1e-12,0.0,-0.0006596246775792211,0.6,0.6,0.045560612856370086,7,0.045560612856370086,30.46243578603518,1.7981188558685441,28.664316187712757,7.424538789890658e-07,0.0,0
162.188,0.5981999736993228,0.6455250409023966,1.5836223033591754,1e-12,1e-12,1e-12,0.0,-0.0006596239241943373,0.6,0.6,0.045560612856369864,7,0.045560612856370086,30.462435786033485,1.7981188558685441,28.664316187712757,7.424521830148222e-07,0.0,0
162.288,0.5981999736993228,0.6455250409023962,1.5835563409906641,1e-12,1e-12,1e-12,0.0,-0.0006596239241943373,0.6,0.6,0.04556061285636942,7,0.045560612856370086,30.462435786033485,1.7981188558685441,28.664316187712757,7.424521830148222e-07,0.0,0
162.388,0.5981999736993228,0.6455250409023944,1.5834903786221202,1e-12,1e-12,1e-12,0.0,-0.0006596239241943373,0.6,0.6,0.045560612856367644,7,0.045560612856370086,30.462435786033485,1.7981188558685441,28.664316187712757,7.424521830148222e-07,0.0,0
162.488,0.5981999736993228,0.6455250409023942,1.5834244162534943,1e-12,1e-12,1e-12,0.0,-0.0006596239241943373,0.6,0.6,0.04556061285636742,7,0.045560612856370086,30.462435786033485,1.7981188558685441,28.664316187712757,7.424521830148222e-07,0.0,0
162.588,0.5981999736993228,0.6455250409023942,1.5833584538848586,1e-12,1e-12,1e-12,0.0,-0.0006596239241943373,0.6,0.6,0.04556061285636742,7,0.045560612856370086,30.462435786033485,1.7981188558685441,28.664316187712757,7.424521830148222e-07,0.0,0
162.688,0.5981999736993228,0.6455250409023922,1.5832924915418776,1e-12,1e-12,1e-12,0.0,-0.0006596231708105196,0.6,0.6,0.04556061285636542,7,0.04556061285636742,30.462435786031538,1.7981188558682912,28.664316187712757,7.424504870451022e-07,0.0,0
162.788,0.5981999736993228,0.6455250409023857,1.5832265292487098,1e-12,1e-12,1e-12,0.0,-0.0006596231708105196,0.6,0.6,0.04556061285635899,7,0.04556061285636742,30.462435786031538,1.7981188558682912,28.664316187712757,7.424504870451022e-07,0.0,0
162.888,0.5981999736993228,0.645525040902379,1.5831605669555422,1e-12,1e-12,1e-12,0.0,-0.0006596231708105196,0.6,0.6,0.04556061285635234,7,0.04556061285636742,30.462435786031538,1.7981188558682912,28.664316187712757,7.424504870451022e-07,0.0,0
162.988,0.5981999736993228,0.6455250409023731,1.5830946046623735,1e-12,1e-12,1e-12,0.0,-0.0006596231708105196,0.6,0.6,0.04556061285634634,7,0.04556061285636742,30.462435786031538,1.7981188558682912,28.664316187712757,7.424504870451022e-07,0.0,0
163.088,0.5981999736993228,0.6455250409023662,1.5830286423692053,1e-12,1e-12,1e-12,0.0,-0.0006596231708105196,0.6,0.6,0.045560612856339465,7,0.04556061285636742,30.462435786031538,1.7981188558682912,28.664316187712757,7.424504870451022e-07,0.0,0
163.188,0.5981999736993228,0.6455250409023613,1.5829626801011913,1e-12,1e-12,1e-12,0.0,-0.0006596224085290852,0.6,0.6,0.04556061285633459,7,0.04556061285634634,30.4624357860284,1.7981188558668715,28.664316187712757,7.424487710474401e-07,0.0,0
163.288,0.5981999736993228,0.6455250409023595,1.5828967178842408,1e-12,1e-12,1e-12,0.0,-0.0006596224085290852,0.6,0.6,0.04556061285633281,7,0.04556061285634634,30.4624357860284,1.7981188558668715,28.664316187712757,7.424487710474401e-07,0.0,0
163.388,0.5981999736993228,0.6455250409023577,1.5828307556672914,1e-12,1e-12,1e-12,0.0,-0.0006596224085290852,0.6,0.6,0.045560612856331034,7,0.04556061285634634,30.4624357860284,1.7981188558668715,28.664316187712757,7.424487710474401e-07,0.0,0
163.488,0.5981999736993228,0.645525040902356,1.582764793450344,1e-12,1e-12,1e-12,0.0,-0.0006596224085290852,0.6,0.6,0.04556061285632926,7,0.04556061285634634,30.4624357860284,1.7981188558668715,28.664316187712757,7.424487710474401e-07,0.0,0
163.588,0.5981999736993228,0.6455250409023542,1.5826988312333943,1e-12,1e-12,1e-12,0.0,-0.0006596224085290852,0.6,0.6,0.04556061285632749,7,0.04556061285634634,30.4624357860284,1.7981188558668715,28.664316187712757,7.424487710474401e-07,0.0,0
163.688,0.5981999736993228,0.6455250409023509,1.5826328690503382,1e-12,1e-12,1e-12,0.0,-0.0006596216551471387,0.6,0.6,0.04556061285632416,7,0.04556061285632926,30.462435786025033,1.7981188558652015,28.664316187712757,7.424470750858531e-07,0.0,0
163.788,0.5981999736993228,0.6455250409023455,1.5825669069087063,1e-12,1e-12,1e-12,0.0,-0.0006596216551471387,0.6,0.6,0.045560612856318836,7,0.04556061285632926,30.462435786025033,1.7981188558652015,28.664316187712757,7.424470750858531e-07,0.0,0
163.888,0.5981999736993228,0.6455250409023395,1.582500944767075,1e-12,1e-12,1e-12,0.0,-0.0006596216551471387,0.6,0.6,0.04556061285631284,7,0.04556061285632926,30.462435786025033,1.7981188558652015,28.664316187712757,7.424470750858531e-07,0.0,0
163.988,0.5981999736993228,0.6455250409023346,1.5824349826254451,1e-12,1e-12,1e-12,0.0,-0.0006596216551471387,0.6,0.6,0.04556061285630796,7,0.04556061285632926,30.462435786025033,1.7981188558652015,28.664316187712757,7.424470750858531e-07,0.0,0
164.088,0.5981999736993228,0.6455250409023289,1.5823690204838137,1e-12,1e-12,1e-12,0.0,-0.0006596216551471387,0.6,0.6,0.04556061285630219,7,0.04556061285632926,30.462435786025033,1.7981188558652015,28.664316187712757,7.424470750858531e-07,0.0,0
164.188,0.5981999736993228,0.6455250409023235,1.5823030583625217,1e-12,1e-12,1e-12,0.0,-0.0006596209017659743,0.6,0.6,0.04556061285629687,7,0.04556061285630796,30.462435786021917,1.79811885586378,28.664316187712757,7.42445379127799e-07,0.0,0
164.288,0.5981999736993228,0.6455250409023182,1.5822370962962176,1e-12,1e-12,1e-12,0.0,-0.0006596209017659743,0.6,0.6,0.045560612856291545,7,0.04556061285630796,30.462435786021917,1.79811885586378,28.664316187712757,7.42445379127799e-07,0.0,0
164.388,0.5981999736993228,0.6455250409023127,1.5821711342299112,1e-12,1e-12,1e-12,0.0,-0.0006596209017659743,0.6,0.6,0.045560612856285994,7,0.04556061285630796,30.462435786021917,1.79811885586378,28.664316187712757,7.42445379127799e-07,0.0,0
164.488,0.5981999736993228,0.6455250409023076,1.5821051721636068,1e-12,1e-12,1e-12,0.0,-0.0006596209017659743,0.6,0.6,0.045560612856280894,7,0.04556061285630796,30.462435786021917,1.79811885586378,28.664316187712757,7.42445379127799e-07,0.0,0
164.588,0.5981999736993228,0.645525040902302,1.5820392100973035,1e-12,1e-12,1e-12,0.0,-0.0006596209017659743,0.6,0.6,0.04556061285627534,7,0.04556061285630796,30.462435786021917,1.79811885586378,28.664316187712757,7.42445379127799e-07,0.0,0
164.688,0.5981999736993228,0.6455250409022987,1.5819732480912645,1e-12,1e-12,1e-12,0.0,-0.0006596201483856499,0.6,0.6,0.04556061285627202,7,0.045560612856280894,30.462435786017988,1.7981188558615495,28.664316187712757,7.424436831735863e-07,0.0,0
164.788,0.5981999736993228,0.6455250409022958,1.5819072861002905,1e-12,1e-12,1e-12,0.0,-0.0006596201483856499,0.6,0.6,0.04556061285626913,7,0.045560612856280894,30.462435786017988,1.7981188558615495,28.664316187712757,7.424436831735863e-07,0.0,0
164.888,0.5981999736993228,0.6455250409022927,1.5818413241093203,1e-12,1e-12,1e-12,0.0,-0.0006596201483856499,0.6,0.6,0.045560612856266024,7,0.045560612856280894,30.462435786017988,1.7981188558615495,28.664316187712757,7.424436831735863e-07,0.0,0
164.988,0.5981999736993228,0.6455250409022898,1.5817753621183483,1e-12,1e-12,1e-12,0.0,-0.0006596201483856499,0.6,0.6,0.045560612856263144,7,0.045560612856280894,30.462435786017988,1.7981188558615495,28.664316187712757,7.424436831735863e-07,0.0,0
165.088,0.5981999736993228,0.6455250409022865,1.5817094001273777,1e-12,1e-12,1e-12,0.0,-0.0006596201483856499,0.6,0.6,0.04556061285625981,7,0.045560612856280894,30.462435786017988,1.7981188558615495,28.664316187712757,7.424436831735863e-07,0.0,0
165.188,0.5981999736993228,0.6455250409022814,1.5816434381785835,1e-12,1e-12,1e-12,0.0,-0.0006596193950063016,0.6,0.6,0.04556061285625471,7,0.045560612856263144,30.46243578601518,1.7981188558604355,28.664316187712757,7.424419872236942e-07,0.0,0
165.288,0.5981999736993228,0.6455250409022747,1.581577476262929,1e-12,1e-12,1e-12,0.0,-0.0006596193950063016,0.6,0.6,0.04556061285624805,7,0.045560612856263144,30.46243578601518,1.7981188558604355,28.664316187712757,7.424419872236942e-07,0.0,0
165.388,0.5981999736993228,0.6455250409022691,1.5815115143472742,1e-12,1e-12,1e-12,0.0,-0.0006596193950063016,0.6,0.6,0.04556061285624251,7,0.045560612856263144,30.46243578601518,1.7981188558604355,28.664316187712757,7.424419872236942e-07,0.0,0
165.488,0.5981999736993228,0.6455250409022623,1.5814455524316202,1e-12,1e-12,1e-12,0.0,-0.0006596193950063016,0.6,0.6,0.04556061285623563,7,0.045560612856263144,30.46243578601518,1.7981188558604355,28.664316187712757,7.424419872236942e-07,0.0,0
165.588,0.5981999736993228,0.6455250409022563,1.5813795905159649,1e-12,1e-12,1e-12,0.0,-0.0006596193950063016,0.6,0.6,0.04556061285622964,7,0.045560612856263144,30.46243578601518,1.7981188558604355,28.664316187712757,7.424419872236942e-07,0.0,0
165.688,0.5981999736993228,0.6455250409022527,1.5813136286507798,1e-12,1e-12,1e-12,0.0,-0.0006596186416276479,0.6,0.6,0.04556061285622609,7,0.04556061285623563,30.462435786011202,1.7981188558581531,28.664316187712757,7.424402912769642e-07,0.0,0
165.788,0.5981999736993228,0.6455250409022503,1.581247666810452,1e-12,1e-12,1e-12,0.0,-0.0006596186416276479,0.6,0.6,0.04556061285622365,7,0.04556061285623563,30.462435786011202,1.7981188558581531,28.664316187712757,7.424402912769642e-07,0.0,0
165.888,0.5981999736993228,0.6455250409022476,1.5811817049701242,1e-12,1e-12,1e-12,0.0,-0.0006596186416276479,0.6,0.6,0.04556061285622099,7,0.04556061285623563,30.462435786011202,1.7981188558581531,28.664316187712757,7.424402912769642e-07,0.0,0
165.988,0.5981999736993228,0.6455250409022452,1.5811157431297969,1e-12,1e-12,1e-12,0.0,-0.0006596186416276479,0.6,0.6,0.04556061285621855,7,0.04556061285623563,30.462435786011202,1.7981188558581531,28.664316187712757,7.424402912769642e-07,0.0,0
166.088,0.5981999736993228,0.6455250409022427,1.5810497812894708,1e-12,1e-12,1e-12,0.0,-0.0006596186416276479,0.6,0.6,0.045560612856216105,7,0.04556061285623563,30.462435786011202,1.7981188558581531,28.664316187712757,7.424402912769642e-07,0.0,0
166.188,0.5981999736993228,0.645525040902239,1.5809838194905748,1e-12,1e-12,1e-12,0.0,-0.0006596178882499821,0.6,0.6,0.04556061285621234,7,0.04556061285621855,30.462435786008236,1.7981188558568861,28.664316187712757,7.424385953345799e-07,0.0,0
166.288,0.5981999736993228,0.6455250409022347,1.5809178577255811,1e-12,1e-12,1e-12,0.0,-0.0006596178882499821,0.6,0.6,0.04556061285620812,7,0.04556061285621855,30.462435786008236,1.7981188558568861,28.664316187712757,7.424385953345799e-07,0.0,0
166.388,0.5981999736993228,0.6455250409022301,1.5808518959605862,1e-12,1e-12,1e-12,0.0,-0.0006596178882499821,0.6,0.6,0.04556061285620346,7,0.04556061285621855,30.462435786008236,1.7981188558568861,28.664316187712757,7.424385953345799e-07,0.0,0
166.488,0.5981999736993228,0.6455250409022258,1.580785934195593,1e-12,1e-12,1e-12,0.0,-0.0006596178882499821,0.6,0.6,0.045560612856199244,7,0.04556061285621855,30.462435786008236,1.7981188558568861,28.664316187712757,7.424385953345799e-07,0.0,0
166.588,0.5981999736993228,0.6455250409022212,1.5807199724305978,1e-12,1e-12,1e-12,0.0,-0.0006596178882499821,0.6,0.6,0.04556061285619459,7,0.04556061285621855,30.462435786008236,1.7981188558568861,28.664316187712757,7.424385953345799e-07,0.0,0
166.688,0.5981999736993228,0.645525040902217,1.58065401067163,1e-12,1e-12,1e-12,0.0,-0.0006596171348731335,0.6,0.6,0.04556061285619037,7,0.045560612856199244,30.46243578600487,1.7981188558552146,28.664316187712757,7.424368993958113e-07,0.0,0
166.788,0.5981999736993228,0.6455250409022119,1.580588048981964,1e-12,1e-12,1e-12,0.0,-0.0006596171348731335,0.6,0.6,0.04556061285618527,7,0.045560612856199244,30.46243578600487,1.7981188558552146,28.664316187712757,7.424368993958113e-07,0.0,0
166.888,0.5981999736993228,0.6455250409022065,1.5805220872923007,1e-12,1e-12,1e-12,0.0,-0.0006596171348731335,0.6,0.6,0.04556061285617994,7,0.045560612856199244,30.46243578600487,1.7981188558552146,28.664316187712757,7.424368993958113e-07,0.0,0
166.988,0.5981999736993228,0.6455250409022016,1.5804561256026366,1e-12,1e-12,1e-12,0.0,-0.0006596171348731335,0.6,0.6,0.04556061285617506,7,0.045560612856199244,30.46243578600487,1.7981188558552146,28.664316187712757,7.424368993958113e-07,0.0,0
167.088,0.5981999736993228,0.6455250409021961,1.5803901639129732,1e-12,1e-12,1e-12,0.0,-0.0006596171348731335,0.6,0.6,0.04556061285616951,7,0.045560612856199244,30.46243578600487,1.7981188558552146,28.664316187712757,7.424368993958113e-07,0.0,0
167.188,0.5981999736993228,0.6455250409021925,1.5803242022549395,1e-12,1e-12,1e-12,0.0,-0.0006596163814973167,0.6,0.6,0.045560612856165965,7,0.04556061285617506,30.462435786001507,1.7981188558535437,28.664316187712757,7.424352034614863e-07,0.0,0
167.288,0.5981999736993228,0.6455250409021901,1.580258240640592,1e-12,1e-12,1e-12,0.0,-0.0006596163814973167,0.6,0.6,0.04556061285616352,7,0.04556061285617506,30.462435786001507,1.7981188558535437,28.664316187712757,7.424352034614863e-07,0.0,0
167.388,0.5981999736993228,0.645525040902189,1.5801922790262863,1e-12,1e-12,1e-12,0.0,-0.0006596163814973167,0.6,0.6,0.04556061285616241,7,0.04556061285617506,30.462435786001507,1.7981188558535437,28.664316187712757,7.424352034614863e-07,0.0,0
167.488,0.5981999736993228,0.6455250409021872,1.5801263174120304,1e-12,1e-12,1e-12,0.0,-0.0006596163814973167,0.6,0.6,0.045560612856160636,7,0.04556061285617506,30.462435786001507,1.7981188558535437,28.664316187712757,7.424352034614863e-07,0.0,0
167.588,0.5981999736993228,0.6455250409021872,1.5800603557978299,1e-12,1e-12,1e-12,0.0,-0.0006596163814973167,0.6,0.6,0.045560612856160636,7,0.04556061285617506,30.462435786001507,1.7981188558535437,28.664316187712757,7.424352034614863e-07,0.0,0
167.688,0.5981999736993228,0.6455250409021872,1.5799943942141184,1e-12,1e-12,1e-12,0.0,-0.0006596156192238525,0.6,0.6,0.045560612856160636,7,0.045560612856160636,30.462435785998775,1.798118855852528,28.664316187712757,7.424334874995332e-07,0.0,0
167.788,0.5981999736993228,0.6455250409021872,1.579928432676126,1e-12,1e-12,1e-12,0.0,-0.0006596156192238525,0.6,0.6,0.045560612856160636,7,0.045560612856160636,30.462435785998775,1.798118855852528,28.664316187712757,7.424334874995332e-07,0.0,0
167.888,0.5981999736993228,0.6455250409021872,1.579862471138137,1e-12,1e-12,1e-12,0.0,-0.0006596156192238525,0.6,0.6,0.045560612856160636,7,0.045560612856160636,30.462435785998775,1.798118855852528,28.664316187712757,7.424334874995332e-07,0.0,0
167.988,0.5981999736993228,0.6455250409021872,1.579796509600143,1e-12,1e-12,1e-12,0.0,-0.0006596156192238525,0.6,0.6,0.045560612856160636,7,0.045560612856160636,30.462435785998775,1.798118855852528,28.664316187712757,7.424334874995332e-07,0.0,0
168.088,0.5981999736993228,0.6455250409021872,1.5797305480621504,1e-12,1e-12,1e-12,0.0,-0.0006596156192238525,0.6,0.6,0.045560612856160636,7,0.045560612856160636,30.462435785998775,1.798118855852528,28.664316187712757,7.424334874995332e-07,0.0,0
168.188,0.5981999736993228,0.6455250409021872,1.579664586562574,1e-12,1e-12,1e-12,0.0,-0.0006596148658496242,0.6,0.6,0.045560612856160636,7,0.045560612856160636,30.462435785997076,1.798118855852528,28.664316187712757,7.424317915725318e-07,0.0,0
168.288,0.5981999736993228,0.6455250409021872,1.5795986250999015,1e-12,1e-12,1e-12,0.0,-0.0006596148658496242,0.6,0.6,0.045560612856160636,7,0.045560612856160636,30.462435785997076,1.798118855852528,28.664316187712757,7.424317915725318e-07,0.0,0
168.388,0.5981999736993228,0.6455250409021872,1.5795326636372293,1e-12,1e-12,1e-12,0.0,-0.0006596148658496242,0.6,0.6,0.045560612856160636,7,0.045560612856160636,30.462435785997076,1.798118855852528,28.664316187712757,7.424317915725318e-07,0.0,0
168.488,0.5981999736993228,0.6455250409021872,1.5794667021745585,1e-12,1e-12,1e-12,0.0,-0.0006596148658496242,0.6,0.6,0.045560612856160636,7,0.045560612856160636,30.462435785997076,1.798118855852528,28.664316187712757,7.424317915725318e-07,0.0,0
168.588,0.5981999736993228,0.6455250409021872,1.5794007407118846,1e-12,1e-12,1e-12,0.0,-0.0006596148658496242,0.6,0.6,0.045560612856160636,7,0.045560612856160636,30.462435785997076,1.798118855852528,28.664316187712757,7.424317915725318e-07,0.0,0
168.688,0.5981999736993228,0.6455250409021872,1.5793347792642805,1e-12,1e-12,1e-12,0.0,-0.0006596141124763823,0.6,0.6,0.045560612856160636,7,0.045560612856160636,30.462435785995382,1.798118855852528,28.664316187712757,7.424300956498735e-07,0.0,0
168.788,0.5981999736993228,0.6455250409021872,1.5792688178769356,1e-12,1e-12,1e-12,0.0,-0.0006596141124763823,0.6,0.6,0.045560612856160636,7,0.045560612856160636,30.462435785995382,1.798118855852528,28.664316187712757,7.424300956498735e-07,0.0,0
168.888,0.5981999736993228,0.6455250409021872,1.5792028564895906,1e-12,1e-12,1e-12,0.0,-0.0006596141124763823,0.6,0.6,0.045560612856160636,7,0.045560612856160636,30.462435785995382,1.798118855852528,28.664316187712757,7.424300956498735e-07,0.0,0
168.988,0.5981999736993228,0.6455250409021872,1.579136895102248,1e-12,1e-12,1e-12,0.0,-0.0006596141124763823,0.6,0.6,0.045560612856160636,7,0.045560612856160636,30.462435785995382,1.798118855852528,28.664316187712757,7.424300956498735e-07,0.0,0
169.088,0.5981999736993228,0.6455250409021872,1.5790709337149043,1e-12,1e-12,1e-12,0.0,-0.0006596141124763823,0.6,0.6,0.045560612856160636,7,0.045560612856160636,30.462435785995382,1.798118855852528,28.664316187712757,7.424300956498735e-07,0.0,0
169.188,0.5981999736993228,0.6455250409021872,1.579004972355762,1e-12,1e-12,1e-12,0.0,-0.0006596133502057313,0.6,0.6,0.045560612856160636,7,0.045560612856160636,30.462435785993666,1.798118855852528,28.664316187712757,7.42428379700014e-07,0.0,0
169.288,0.5981999736993228,0.6455250409021872,1.5789390110446395,1e-12,1e-12,1e-12,0.0,-0.0006596133502057313,0.6,0.6,0.045560612856160636,7,0.045560612856160636,30.462435785993666,1.798118855852528,28.664316187712757,7.42428379700014e-07,0.0,0
169.388,0.5981999736993228,0.6455250409021872,1.5788730497335182,1e-12,1e-12,1e-12,0.0,-0.0006596133502057313,0.6,0.6,0.045560612856160636,7,0.045560612856160636,30.462435785993666,1.798118855852528,28.664316187712757,7.42428379700014e-07,0.0,0
169.488,0.5981999736993228,0.6455250409021872,1.578807088422397,1e-12,1e-12,1e-12,0.0,-0.0006596133502057313,0.6,0.6,0.045560612856160636,7,0.045560612856160636,30.462435785993666,1.798118855852528,28.664316187712757,7.42428379700014e-07,0.0,0
169.588,0.5981999736993228,0.6455250409021872,1.5787411271112748,1e-12,1e-12,1e-12,0.0,-0.0006596133502057313,0.6,0.6,0.045560612856160636,7,0.045560612856160636,30.462435785993666,1.798118855852528,28.664316187712757,7.42428379700014e-07,0.0,0
169.688,0.5981999736993228,0.6455250409021872,1.5786751658340434,1e-12,1e-12,1e-12,0.0,-0.0006596125968344336,0.6,0.6,0.045560612856160636,7,0.045560612856160636,30.46243578599197,1.798118855852528,28.664316187712757,7.424266837856512e-07,0.0,0
169.788,0.5981999736993228,0.6455250409021872,1.5786092045982365,1e-12,1e-12,1e-12,0.0,-0.0006596125968344336,0.6,0.6,0.045560612856160636,7,0.045560612856160636,30.46243578599197,1.798118855852528,28.664316187712757,7.424266837856512e-07,0.0,0
169.888,0.5981999736993228,0.6455250409021872,1.5785432433624305,1e-12,1e-12,1e-12,0.0,-0.0006596125968344336,0.6,0.6,0.045560612856160636,7,0.045560612856160636,30.46243578599197,1.798118855852528,28.664316187712757,7.424266837856512e-07,0.0,0
169.988,0.5981999736993228,0.6455250409021872,1.5784772821266229,1e-12,1e-12,1e-12,0.0,-0.0006596125968344336,0.6,0.6,0.045560612856160636,7,0.045560612856160636,30.46243578599197,1.798118855852528,28.664316187712757,7.424266837856512e-07,0.0,0
170.088,0.5981999736993228,0.6455250409021872,1.5784113208908168,1e-12,1e-12,1e-12,0.0,-0.0006596125968344336,0.6,0.6,0.045560612856160636,7,0.045560612856160636,30.46243578599197,1.798118855852528,28.664316187712757,7.424266837856512e-07,0.0,0
170.188,0.5981999736993228,0.6455250409021872,1.5783453596821277,1e-12,1e-12,1e-12,0.0,-0.0006596118434638166,0.6,0.6,0.045560612856160636,7,0.045560612856160636,30.462435785990273,1.798118855852528,28.664316187712757,7.424249878747706e-07,0.0,0
170.288,0.5981999736993228,0.6455250409021872,1.5782793985216492,1e-12,1e-12,1e-12,0.0,-0.0006596118434638166,0.6,0.6,0.045560612856160636,7,0.045560612856160636,30.462435785990273,1.798118855852528,28.664316187712757,7.424249878747706e-07,0.0,0
170.388,0.5981999736993228,0.6455250409021872,1.5782134373611711,1e-12,1e-12,1e-12,0.0,-0.0006596118434638166,0.6,0.6,0.045560612856160636,7,0.045560612856160636,30.462435785990273,1.798118855852528,28.664316187712757,7.424249878747706e-07,0.0,0
170.488,0.5981999736993228,0.6455250409021872,1.5781474762006922,1e-12,1e-12,1e-12,0.0,-0.0006596118434638166,0.6,0.6,0.045560612856160636,7,0.045560612856160636,30.462435785990273,1.798118855852528,28.664316187712757,7.424249878747706e-07,0.0,0
170.588,0.5981999736993228,0.6455250409021872,1.578081515040213,1e-12,1e-12,1e-12,0.0,-0.0006596118434638166,0.6,0.6,0.045560612856160636,7,0.045560612856160636,30.462435785990273,1.798118855852528,28.664316187712757,7.424249878747706e-07,0.0,0
170.688,0.5981999736993228,0.6455250409021872,1.5780155539264318,1e-12,1e-12,1e-12,0.0,-0.0006596110900941355,0.6,0.6,0.045560612856160636,7,0.045560612856160636,30.46243578598858,1.798118855852528,28.664316187712757,7.424232919677714e-07,0.0,0
170.788,0.5981999736993228,0.6455250409021872,1.5779495928412732,1e-12,1e-12,1e-12,0.0,-0.0006596110900941355,0.6,0.6,0.045560612856160636,7,0.045560612856160636,30.46243578598858,1.798118855852528,28.664316187712757,7.424232919677714e-07,0.0,0
170.888,0.5981999736993228,0.6455250409021872,1.5778836317561133,1e-12,1e-12,1e-12,0.0,-0.0006596110900941355,0.6,0.6,0.045560612856160636,7,0.045560612856160636,30.46243578598858,1.798118855852528,28.664316187712757,7.424232919677714e-07,0.0,0
170.988,0.5981999736993228,0.6455250409021872,1.5778176706709564,1e-12,1e-12,1e-12,0.0,-0.0006596110900941355,0.6,0.6,0.045560612856160636,7,0.045560612856160636,30.46243578598858,1.798118855852528,28.664316187712757,7.424232919677714e-07,0.0,0
171.088,0.5981999736993228,0.6455250409021872,1.5777517095857962,1e-12,1e-12,1e-12,0.0,-0.0006596110900941355,0.6,0.6,0.045560612856160636,7,0.045560612856160636,30.46243578598858,1.798118855852528,28.664316187712757,7.424232919677714e-07,0.0,0
171.188,0.5981999736993228,0.6455250409021872,1.5776857485360407,1e-12,1e-12,1e-12,0.0,-0.0006596103367251818,0.6,0.6,0.045560612856160636,7,0.045560612856160636,30.46243578598688,1.798118855852528,28.664316187712757,7.424215960643575e-07,0.0,0
171.288,0.5981999736993228,0.6455250409021872,1.5776197875262061,1e-12,1e-12,1e-12,0.0,-0.0006596103367251818,0.6,0.6,0.045560612856160636,7,0.045560612856160636,30.46243578598688,1.798118855852528,28.664316187712757,7.424215960643575e-07,0.0,0
171.388,0.5981999736993228,0.6455250409021872,1.5775538265163722,1e-12,1e-12,1e-12,0.0,-0.0006596103367251818,0.6,0.6,0.045560612856160636,7,0.045560612856160636,30.46243578598688,1.798118855852528,28.664316187712757,7.424215960643575e-07,0.0,0
171.488,0.5981999736993228,0.6455250409021872,1.5774878655065396,1e-12,1e-12,1e-12,0.0,-0.0006596103367251818,0.6,0.6,0.045560612856160636,7,0.045560612856160636,30.46243578598688,1.798118855852528,28.664316187712757,7.424215960643575e-07,0.0,0
171.588,0.5981999736993228,0.6455250409021872,1.5774219044967042,1e-12,1e-12,1e-12,0.0,-0.0006596103367251818,0.6,0.6,0.045560612856160636,7,0.045560612856160636,30.46243578598688,1.798118855852528,28.664316187712757,7.424215960643575e-07,0.0,0
171.688,0.5981999736993228,0.6455250409021872,1.5773559435087168,1e-12,1e-12,1e-12,0.0,-0.0006596095833571317,0.6,0.6,0.045560612856160636,7,0.045560612856160636,30.462435785985186,1.798118855852528,28.664316187712757,7.424199001647515e-07,0.0,0
171.788,0.5981999736993228,0.6455250409021872,1.577289982574217,1e-12,1e-12,1e-12,0.0,-0.0006596095833571317,0.6,0.6,0.045560612856160636,7,0.045560612856160636,30.462435785985186,1.798118855852528,28.664316187712757,7.424199001647515e-07,0.0,0
171.888,0.5981999736993228,0.6455250409021872,1.5772240216397166,1e-12,1e-12,1e-12,0.0,-0.0006596095833571317,0.6,0.6,0.045560612856160636,7,0.045560612856160636,30.462435785985186,1.798118855852528,28.664316187712757,7.424199001647515e-07,0.0,0
171.988,0.5981999736993228,0.6455250409021872,1.577158060705216,1e-12,1e-12,1e-12,0.0,-0.0006596095833571317,0.6,0.6,0.045560612856160636,7,0.045560612856160636,30.462435785985186,1.798118855852528,28.664316187712757,7.424199001647515e-07,0.0,0
172.088,0.5981999736993228,0.6455250409021872,1.577092099770715,1e-12,1e-12,1e-12,0.0,-0.0006596095833571317,0.6,0.6,0.045560612856160636,7,0.045560612856160636,30.462435785985186,1.798118855852528,28.664316187712757,7.424199001647515e-07,0.0,0
172.188,0.5981999736993228,0.6455250409021872,1.57702613886484,1e-12,1e-12,1e-12,0.0,-0.0006596088299898332,0.6,0.6,0.045560612856160636,7,0.045560612856160636,30.46243578598349,1.798118855852528,28.664316187712757,7.424182042689601e-07,0.0,0
172.288,0.5981999736993228,0.6455250409021872,1.5769601780056723,1e-12,1e-12,1e-12,0.0,-0.0006596088299898332,0.6,0.6,0.045560612856160636,7,0.045560612856160636,30.46243578598349,1.798118855852528,28.664316187712757,7.424182042689601e-07,0.0,0
172.388,0.5981999736993228,0.6455250409021872,1.576894217146505,1e-12,1e-12,1e-12,0.0,-0.0006596088299898332,0.6,0.6,0.045560612856160636,7,0.045560612856160636,30.46243578598349,1.798118855852528,28.664316187712757,7.424182042689601e-07,0.0,0
172.488,0.5981999736993228,0.6455250409021872,1.5768282562873372,1e-12,1e-12,1e-12,0.0,-0.0006596088299898332,0.6,0.6,0.045560612856160636,7,0.045560612856160636,30.46243578598349,1.798118855852528,28.664316187712757,7.424182042689601e-07,0.0,0
172.588,0.5981999736993228,0.6455250409021872,1.5767622954281701,1e-12,1e-12,1e-12,0.0,-0.0006596088299898332,0.6,0.6,0.045560612856160636,7,0.045560612856160636,30.46243578598349,1.798118855852528,28.664316187712757,7.424182042689601e-07,0.0,0
172.688,0.5981999736993228,0.6455250409021872,1.5766963346013914,1e-12,1e-12,1e-12,0.0,-0.0006596080766233312,0.6,0.6,0.045560612856160636,7,0.045560612856160636,30.462435785981793,1.798118855852528,28.664316187712757,7.424165083769118e-07,0.0,0
172.788,0.5981999736993228,0.6455250409021872,1.5766303738175453,1e-12,1e-12,1e-12,0.0,-0.0006596080766233312,0.6,0.6,0.045560612856160636,7,0.045560612856160636,30.462435785981793,1.798118855852528,28.664316187712757,7.424165083769118e-07,0.0,0
172.888,0.5981999736993228,0.6455250409021872,1.5765644130337004,1e-12,1e-12,1e-12,0.0,-0.0006596080766233312,0.6,0.6,0.045560612856160636,7,0.045560612856160636,30.462435785981793,1.798118855852528,28.664316187712757,7.424165083769118e-07,0.0,0
172.988,0.5981999736993228,0.6455250409021872,1.576498452249856,1e-12,1e-12,1e-12,0.0,-0.0006596080766233312,0.6,0.6,0.045560612856160636,7,0.045560612856160636,30.462435785981793,1.798118855852528,28.664316187712757,7.424165083769118e-07,0.0,0
173.088,0.5981999736993228,0.6455250409021872,1.5764324914660102,1e-12,1e-12,1e-12,0.0,-0.0006596080766233312,0.6,0.6,0.045560612856160636,7,0.045560612856160636,30.462435785981793,1.798118855852528,28.664316187712757,7.424165083769118e-07,0.0,0
173.188,0.5981999736993228,0.6455250409021872,1.5763665307243446,1e-12,1e-12,1e-12,0.0,-0.0006596073232579857,0.6,0.6,0.045560612856160636,7,0.045560612856160636,30.462435785980098,1.798118855852528,28.664316187712757,7.424148124894139e-07,0.0,0
173.288,0.5981999736993228,0.6455250409021872,1.576300570015822,1e-12,1e-12,1e-12,0.0,-0.0006596073232579857,0.6,0.6,0.045560612856160636,7,0.045560612856160636,30.462435785980098,1.798118855852528,28.664316187712757,7.424148124894139e-07,0.0,0
173.388,0.5981999736993228,0.6455250409021872,1.5762346093072983,1e-12,1e-12,1e-12,0.0,-0.0006596073232579857,0.6,0.6,0.045560612856160636,7,0.045560612856160636,30.462435785980098,1.798118855852528,28.664316187712757,7.424148124894139e-07,0.0,0
173.488,0.5981999736993228,0.6455250409021872,1.5761686485987738,1e-12,1e-12,1e-12,0.0,-0.0006596073232579857,0.6,0.6,0.045560612856160636,7,0.045560612856160636,30.462435785980098,1.798118855852528,28.664316187712757,7.424148124894139e-07,0.0,0
173.588,0.5981999736993228,0.6455250409021872,1.5761026878902515,1e-12,1e-12,1e-12,0.0,-0.0006596073232579857,0.6,0.6,0.045560612856160636,7,0.045560612856160636,30.462435785980098,1.798118855852528,28.664316187712757,7.424148124894139e-07,0.0,0
173.688,0.5981999736993228,0.6455250409021872,1.5760367272058347,1e-12,1e-12,1e-12,0.0,-0.0006596065698931748,0.6,0.6,0.045560612856160636,7,0.045560612856160636,30.462435785978403,1.798118855852528,28.664316187712757,7.424131166052452e-07,0.0,0
173.788,0.5981999736993228,0.6455250409021872,1.5759707665726415,1e-12,1e-12,1e-12,0.0,-0.0006596065698931748,0.6,0.6,0.045560612856160636,7,0.045560612856160636,30.462435785978403,1.798118855852528,28.664316187712757,7.424131166052452e-07,0.0,0
173.888,0.5981999736993228,0.6455250409021872,1.5759048059394505,1e-12,1e-12,1e-12,0.0,-0.0006596065698931748,0.6,0.6,0.045560612856160636,7,0.045560612856160636,30.462435785978403,1.798118855852528,28.664316187712757,7.424131166052452e-07,0.0,0
173.988,0.5981999736993228,0.6455250409021872,1.575838845306257,1e-12,1e-12,1e-12,0.0,-0.0006596065698931748,0.6,0.6,0.045560612856160636,7,0.045560612856160636,30.462435785978403,1.798118855852528,28.664316187712757,7.424131166052452e-07,0.0,0
174.088,0.5981999736993228,0.6455250409021872,1.5757728846730663,1e-12,1e-12,1e-12,0.0,-0.0006596065698931748,0.6,0.6,0.045560612856160636,7,0.045560612856160636,30.462435785978403,1.798118855852528,28.664316187712757,7.424131166052452e-07,0.0,0
174.188,0.5981999736993228,0.6455250409021872,1.57570692405795,1e-12,1e-12,1e-12,0.0,-0.0006596058165292934,0.6,0.6,0.045560612856160636,7,0.045560612856160636,30.462435785976705,1.798118855852528,28.664316187712757,7.4241142072494e-07,0.0,0
174.288,0.5981999736993228,0.6455250409021872,1.5756409635000705,1e-12,1e-12,1e-12,0.0,-0.0006596058165292934,0.6,0.6,0.045560612856160636,7,0.045560612856160636,30.462435785976705,1.798118855852528,28.664316187712757,7.4241142072494e-07,0.0,0
174.388,0.5981999736993228,0.6455250409021872,1.575575002942192,1e-12,1e-12,1e-12,0.0,-0.0006596058165292934,0.6,0.6,0.045560612856160636,7,0.045560612856160636,30.462435785976705,1.798118855852528,28.664316187712757,7.4241142072494e-07,0.0,0
174.488,0.5981999736993228,0.6455250409021872,1.5755090423843106,1e-12,1e-12,1e-12,0.0,-0.0006596058165292934,0.6,0.6,0.045560612856160636,7,0.045560612856160636,30.462435785976705,1.798118855852528,28.664316187712757,7.4241142072494e-07,0.0,0
174.588,0.5981999736993228,0.6455250409021872,1.5754430818264316,1e-12,1e-12,1e-12,0.0,-0.0006596058165292934,0.6,0.6,0.045560612856160636,7,0.045560612856160636,30.462435785976705,1.798118855852528,28.664316187712757,7.4241142072494e-07,0.0,0
174.688,0.5981999736993228,0.6455250409021872,1.5753771213092322,1e-12,1e-12,1e-12,0.0,-0.0006596050631661567,0.6,0.6,0.045560612856160636,7,0.045560612856160636,30.46243578597501,1.798118855852528,28.664316187712757,7.424097248482626e-07,0.0,0
174.788,0.5981999736993228,0.6455250409021872,1.575311160826686,1e-12,1e-12,1e-12,0.0,-0.0006596050631661567,0.6,0.6,0.045560612856160636,7,0.045560612856160636,30.46243578597501,1.798118855852528,28.664316187712757,7.424097248482626e-07,0.0,0
174.888,0.5981999736993228,0.6455250409021872,1.5752452003441404,1e-12,1e-12,1e-12,0.0,-0.0006596050631661567,0.6,0.6,0.045560612856160636,7,0.045560612856160636,30.46243578597501,1.798118855852528,28.664316187712757,7.424097248482626e-07,0.0,0
174.988,0.5981999736993228,0.6455250409021872,1.5751792398615938,1e-12,1e-12,1e-12,0.0,-0.0006596050631661567,0.6,0.6,0.045560612856160636,7,0.045560612856160636,30.46243578597501,1.798118855852528,28.664316187712757,7.424097248482626e-07,0.0,0
175.088,0.5981999736993228,0.6455250409021872,1.575113279379048,1e-12,1e-12,1e-12,0.0,-0.0006596050631661567,0.6,0.6,0.045560612856160636,7,0.045560612856160636,30.46243578597501,1.798118855852528,28.664316187712757,7.424097248482626e-07,0.0,0
175.188,0.5981999736993228,0.6455250409021872,1.5750473189288954,1e-12,1e-12,1e-12,0.0,-0.0006596043098039347,0.6,0.6,0.045560612856160636,7,0.045560612856160636,30.462435785973316,1.798118855852528,28.664316187712757,7.424080289754153e-07,0.0,0
175.288,0.5981999736993228,0.6455250409021872,1.5749813585216819,1e-12,1e-12,1e-12,0.0,-0.0006596043098039347,0.6,0.6,0.045560612856160636,7,0.045560612856160636,30.462435785973316,1.798118855852528,28.664316187712757,7.424080289754153e-07,0.0,0
175.388,0.5981999736993228,0.6455250409021872,1.5749153981144686,1e-12,1e-12,1e-12,0.0,-0.0006596043098039347,0.6,0.6,0.045560612856160636,7,0.045560612856160636,30.462435785973316,1.798118855852528,28.664316187712757,7.424080289754153e-07,0.0,0
175.488,0.5981999736993228,0.6455250409021872,1.5748494377072575,1e-12,1e-12,1e-12,0.0,-0.0006596043098039347,0.6,0.6,0.045560612856160636,7,0.045560612856160636,30.462435785973316,1.798118855852528,28.664316187712757,7.424080289754153e-07,0.0,0
175.588,0.5981999736993228,0.6455250409021872,1.574783477300044,1e-12,1e-12,1e-12,0.0,-0.0006596043098039347,0.6,0.6,0.045560612856160636,7,0.045560612856160636,30.462435785973316,1.798118855852528,28.664316187712757,7.424080289754153e-07,0.0,0
175.688,0.5981999736993228,0.6455250409021872,1.574717516923717,1e-12,1e-12,1e-12,0.0,-0.0006596035564427227,0.6,0.6,0.045560612856160636,7,0.045560612856160636,30.462435785971618,1.798118855852528,28.664316187712757,7.424063331069659e-07,0.0,0
175.788,0.5981999736993228,0.6455250409021872,1.5746515565918369,1e-12,1e-12,1e-12,0.0,-0.0006596035564427227,0.6,0.6,0.045560612856160636,7,0.045560612856160636,30.462435785971618,1.798118855852528,28.664316187712757,7.424063331069659e-07,0.0,0
175.888,0.5981999736993228,0.6455250409021872,1.5745855962599578,1e-12,1e-12,1e-12,0.0,-0.0006596035564427227,0.6,0.6,0.045560612856160636,7,0.045560612856160636,30.462435785971618,1.798118855852528,28.664316187712757,7.424063331069659e-07,0.0,0
175.988,0.5981999736993228,0.6455250409021872,1.574519635928077,1e-12,1e-12,1e-12,0.0,-0.0006596035564427227,0.6,0.6,0.045560612856160636,7,0.045560612856160636,30.462435785971618,1.798118855852528,28.664316187712757,7.424063331069659e-07,0.0,0
176.088,0.5981999736993228,0.6455250409021872,1.5744536755961984,1e-12,1e-12,1e-12,0.0,-0.0006596035564427227,0.6,0.6,0.045560612856160636,7,0.045560612856160636,30.462435785971618,1.798118855852528,28.664316187712757,7.424063331069659e-07,0.0,0
176.188,0.5981999736993228,0.6455250409021872,1.5743877152936885,1e-12,1e-12,1e-12,0.0,-0.000659602803082306,0.6,0.6,0.045560612856160636,7,0.045560612856160636,30.462435785969923,1.798118855852528,28.664316187712757,7.424046372422576e-07,0.0,0
176.288,0.5981999736993228,0.6455250409021872,1.5743217550371207,1e-12,1e-12,1e-12,0.0,-0.000659602803082306,0.6,0.6,0.045560612856160636,7,0.045560612856160636,30.462435785969923,1.798118855852528,28.664316187712757,7.424046372422576e-07,0.0,0
176.388,0.5981999736993228,0.6455250409021872,1.574255794780553,1e-12,1e-12,1e-12,0.0,-0.000659602803082306,0.6,0.6,0.045560612856160636,7,0.045560612856160636,30.462435785969923,1.798118855852528,28.664316187712757,7.424046372422576e-07,0.0,0
176.488,0.5981999736993228,0.6455250409021872,1.5741898345239824,1e-12,1e-12,1e-12,0.0,-0.000659602803082306,0.6,0.6,0.045560612856160636,7,0.045560612856160636,30.462435785969923,1.798118855852528,28.664316187712757,7.424046372422576e-07,0.0,0
176.588,0.5981999736993228,0.6455250409021872,1.5741238742674148,1e-12,1e-12,1e-12,0.0,-0.000659602803082306,0.6,0.6,0.045560612856160636,7,0.045560612856160636,30.462435785969923,1.798118855852528,28.664316187712757,7.424046372422576e-07,0.0,0
176.688,0.5981999736993228,0.6455250409021872,1.5740579140230373,1e-12,1e-12,1e-12,0.0,-0.0006596020408248961,0.6,0.6,0.045560612856160636,7,0.045560612856160636,30.462435785968207,1.798118855852528,28.664316187712757,7.424029213518028e-07,0.0,0
176.788,0.5981999736993228,0.6455250409021872,1.573991953842674,1e-12,1e-12,1e-12,0.0,-0.0006596020408248961,0.6,0.6,0.045560612856160636,7,0.045560612856160636,30.462435785968207,1.798118855852528,28.664316187712757,7.424029213518028e-07,0.0,0
176.888,0.5981999736993228,0.6455250409021872,1.5739259936623096,1e-12,1e-12,1e-12,0.0,-0.0006596020408248961,0.6,0.6,0.045560612856160636,7,0.045560612856160636,30.462435785968207,1.798118855852528,28.664316187712757,7.424029213518028e-07,0.0,0
176.988,0.5981999736993228,0.6455250409021872,1.5738600334819448,1e-12,1e-12,1e-12,0.0,-0.0006596020408248961,0.6,0.6,0.045560612856160636,7,0.045560612856160636,30.462435785968207,1.798118855852528,28.664316187712757,7.424029213518028e-07,0.0,0
177.088,0.5981999736993228,0.6455250409021872,1.5737940733015816,1e-12,1e-12,1e-12,0.0,-0.0006596020408248961,0.6,0.6,0.045560612856160636,7,0.045560612856160636,30.462435785968207,1.798118855852528,28.664316187712757,7.424029213518028e-07,0.0,0
177.188,0.5981999736993228,0.6455250409021899,1.5737281131529153,1e-12,1e-12,1e-12,0.0,-0.0006596012874662557,0.6,0.6,0.0455606128561633,7,0.045560612856160636,30.462435785966512,1.798118855852528,28.664316187712757,7.424012254950114e-07,0.0,0
177.288,0.5981999736993228,0.6455250409021956,1.5736621530480268,1e-12,1e-12,1e-12,0.0,-0.0006596012874662557,0.6,0.6,0.04556061285616907,7,0.045560612856160636,30.462435785966512,1.798118855852528,28.664316187712757,7.424012254950114e-07,0.0,0
177.388,0.5981999736993228,0.6455250409022021,1.5735961929431355,1e-12,1e-12,1e-12,0.0,-0.0006596012874662557,0.6,0.6,0.045560612856175506,7,0.045560612856160636,30.462435785966512,1.798118855852528,28.664316187712757,7.424012254950114e-07,0.0,0
177.488,0.5981999736993228,0.6455250409022079,1.5735302328382454,1e-12,1e-12,1e-12,0.0,-0.0006596012874662557,0.6,0.6,0.04556061285618127,7,0.045560612856160636,30.462435785966512,1.798118855852528,28.664316187712757,7.424012254950114e-07,0.0,0
177.588,0.5981999736993228,0.6455250409022143,1.573464272733356,1e-12,1e-12,1e-12,0.0,-0.0006596012874662557,0.6,0.6,0.045560612856187704,7,0.045560612856160636,30.462435785966512,1.798118855852528,28.664316187712757,7.424012254950114e-07,0.0,0
177.688,0.5981999736993228,0.6455250409022192,1.5733983126480506,1e-12,1e-12,1e-12,0.0,-0.0006596005341086291,0.6,0.6,0.04556061285619259,7,0.04556061285618127,30.462435785966488,1.798118855854201,28.664316187712757,7.423995296422746e-07,0.0,0
177.788,0.5981999736993228,0.6455250409022225,1.573332352618489,1e-12,1e-12,1e-12,0.0,-0.0006596005341086291,0.6,0.6,0.04556061285619591,7,0.04556061285618127,30.462435785966488,1.798118855854201,28.664316187712757,7.423995296422746e-07,0.0,0
177.888,0.5981999736993228,0.6455250409022258,1.5732663925889274,1e-12,1e-12,1e-12,0.0,-0.0006596005341086291,0.6,0.6,0.045560612856199244,7,0.04556061285618127,30.462435785966488,1.798118855854201,28.664316187712757,7.423995296422746e-07,0.0,0
177.988,0.5981999736993228,0.6455250409022292,1.5732004325593643,1e-12,1e-12,1e-12,0.0,-0.0006596005341086291,0.6,0.6,0.045560612856202574,7,0.04556061285618127,30.462435785966488,1.798118855854201,28.664316187712757,7.423995296422746e-07,0.0,0
178.088,0.5981999736993228,0.6455250409022325,1.5731344725298024,1e-12,1e-12,1e-12,0.0,-0.0006596005341086291,0.6,0.6,0.0455606128562059,7,0.04556061285618127,30.462435785966488,1.798118855854201,28.664316187712757,7.423995296422746e-07,0.0,0
178.188,0.5981999736993228,0.6455250409022367,1.5730685125348927,1e-12,1e-12,1e-12,0.0,-0.0006595997807516564,0.6,0.6,0.04556061285621012,7,0.045560612856202574,30.46243578596621,1.798118855855619,28.664316187712757,7.423978337929598e-07,0.0,0
178.288,0.5981999736993228,0.645525040902242,1.573002552580663,1e-12,1e-12,1e-12,0.0,-0.0006595997807516564,0.6,0.6,0.04556061285621544,7,0.045560612856202574,30.46243578596621,1.798118855855619,28.664316187712757,7.423978337929598e-07,0.0,0
178.388,0.5981999736993228,0.6455250409022472,1.5729365926264338,1e-12,1e-12,1e-12,0.0,-0.0006595997807516564,0.6,0.6,0.045560612856220546,7,0.045560612856202574,30.46243578596621,1.798118855855619,28.664316187712757,7.423978337929598e-07,0.0,0
178.488,0.5981999736993228,0.6455250409022523,1.5728706326722064,1e-12,1e-12,1e-12,0.0,-0.0006595997807516564,0.6,0.6,0.045560612856225646,7,0.045560612856202574,30.46243578596621,1.798118855855619,28.664316187712757,7.423978337929598e-07,0.0,0
178.588,0.5981999736993228,0.6455250409022576,1.5728046727179772,1e-12,1e-12,1e-12,0.0,-0.0006595997807516564,0.6,0.6,0.04556061285623097,7,0.045560612856202574,30.46243578596621,1.798118855855619,28.664316187712757,7.423978337929598e-07,0.0,0
178.688,0.5981999736993228,0.6455250409022631,1.5727387127780592,1e-12,1e-12,1e-12,0.0,-0.0006595990273954486,0.6,0.6,0.04556061285623652,7,0.045560612856225646,30.46243578596644,1.7981188558575458,28.664316187712757,7.423961379473153e-07,0.0,0
178.788,0.5981999736993228,0.6455250409022685,1.5726727528991604,1e-12,1e-12,1e-12,0.0,-0.0006595990273954486,0.6,0.6,0.04556061285624184,7,0.045560612856225646,30.46243578596644,1.7981188558575458,28.664316187712757,7.423961379473153e-07,0.0,0
178.888,0.5981999736993228,0.6455250409022745,1.572606793020261,1e-12,1e-12,1e-12,0.0,-0.0006595990273954486,0.6,0.6,0.04556061285624784,7,0.045560612856225646,30.46243578596644,1.7981188558575458,28.664316187712757,7.423961379473153e-07,0.0,0
178.988,0.5981999736993228,0.64552504090228,1.5725408331413617,1e-12,1e-12,1e-12,0.0,-0.0006595990273954486,0.6,0.6,0.04556061285625338,7,0.045560612856225646,30.46243578596644,1.7981188558575458,28.664316187712757,7.423961379473153e-07,0.0,0
179.088,0.5981999736993228,0.6455250409022856,1.5724748732624616,1e-12,1e-12,1e-12,0.0,-0.0006595990273954486,0.6,0.6,0.045560612856258925,7,0.045560612856225646,30.46243578596644,1.7981188558575458,28.664316187712757,7.423961379473153e-07,0.0,0
179.188,0.5981999736993228,0.6455250409022905,1.5724089134001311,1e-12,1e-12,1e-12,0.0,-0.0006595982740403367,0.6,0.6,0.04556061285626381,7,0.04556061285625338,30.46243578596667,1.798118855859471,28.664316187712757,7.42394442106086e-07,0.0,0
179.288,0.5981999736993228,0.645525040902292,1.5723429535965467,1e-12,1e-12,1e-12,0.0,-0.0006595982740403367,0.6,0.6,0.045560612856265365,7,0.04556061285625338,30.46243578596667,1.798118855859471,28.664316187712757,7.42394442106086e-07,0.0,0
179.388,0.5981999736993228,0.6455250409022936,1.5722769937929604,1e-12,1e-12,1e-12,0.0,-0.0006595982740403367,0.6,0.6,0.04556061285626691,7,0.04556061285625338,30.46243578596667,1.798118855859471,28.664316187712757,7.42394442106086e-07,0.0,0
179.488,0.5981999736993228,0.6455250409022951,1.5722110339893758,1e-12,1e-12,1e-12,0.0,-0.0006595982740403367,0.6,0.6,0.045560612856268466,7,0.04556061285625338,30.46243578596667,1.798118855859471,28.664316187712757,7.42394442106086e-07,0.0,0
179.588,0.5981999736993228,0.6455250409022967,1.5721450741857903,1e-12,1e-12,1e-12,0.0,-0.0006595982740403367,0.6,0.6,0.04556061285627002,7,0.04556061285625338,30.46243578596667,1.798118855859471,28.664316187712757,7.42394442106086e-07,0.0,0
179.688,0.5981999736993228,0.6455250409022991,1.5720791143935058,1e-12,1e-12,1e-12,0.0,-0.0006595975206859927,0.6,0.6,0.04556061285627246,7,0.045560612856268466,30.462435785966242,1.798118855860738,28.664316187712757,7.42392746268533e-07,0.0,0
179.788,0.5981999736993228,0.6455250409023053,1.5720131546652552,1e-12,1e-12,1e-12,0.0,-0.0006595975206859927,0.6,0.6,0.04556061285627867,7,0.045560612856268466,30.462435785966242,1.798118855860738,28.664316187712757,7.42392746268533e-07,0.0,0
179.888,0.5981999736993228,0.6455250409023122,1.5719471949370032,1e-12,1e-12,1e-12,0.0,-0.0006595975206859927,0.6,0.6,0.04556061285628555,7,0.045560612856268466,30.462435785966242,1.798118855860738,28.664316187712757,7.42392746268533e-07,0.0,0
179.988,0.5981999736993228,0.6455250409023184,1.571881235208751,1e-12,1e-12,1e-12,0.0,-0.0006595975206859927,0.6,0.6,0.04556061285629177,7,0.045560612856268466,30.462435785966242,1.798118855860738,28.664316187712757,7.42392746268533e-07,0.0,0
180.088,0.5981999736993228,0.6455250409023247,1.5718152754804982,1e-12,1e-12,1e-12,0.0,-0.0006595975206859927,0.6,0.6,0.04556061285629798,7,0.045560612856268466,30.462435785966242,1.798118855860738,28.664316187712757,7.42392746268533e-07,0.0,0
180.188,0.5981999736993228,0.6455250409023298,1.5717493157667248,1e-12,1e-12,1e-12,0.0,-0.0006595967584347456,0.6,0.6,0.04556061285630308,7,0.04556061285629177,30.4624357859663,1.798118855862513,28.664316187712757,7.423910304055982e-07,0.0,0
180.288,0.5981999736993228,0.6455250409023311,1.5716833561146712,1e-12,1e-12,1e-12,0.0,-0.0006595967584347456,0.6,0.6,0.04556061285630441,7,0.04556061285629177,30.4624357859663,1.798118855862513,28.664316187712757,7.423910304055982e-07,0.0,0
180.388,0.5981999736993228,0.6455250409023324,1.5716173964626199,1e-12,1e-12,1e-12,0.0,-0.0006595967584347456,0.6,0.6,0.04556061285630574,7,0.04556061285629177,30.4624357859663,1.798118855862513,28.664316187712757,7.423910304055982e-07,0.0,0
180.488,0.5981999736993228,0.6455250409023335,1.5715514368105667,1e-12,1e-12,1e-12,0.0,-0.0006595967584347456,0.6,0.6,0.04556061285630685,7,0.04556061285629177,30.4624357859663,1.798118855862513,28.664316187712757,7.423910304055982e-07,0.0,0
180.588,0.5981999736993228,0.6455250409023349,1.5714854771585156,1e-12,1e-12,1e-12,0.0,-0.0006595967584347456,0.6,0.6,0.045560612856308184,7,0.04556061285629177,30.4624357859663,1.798118855862513,28.664316187712757,7.423910304055982e-07,0.0,0
180.688,0.5981999736993228,0.6455250409023382,1.5714195175433763,1e-12,1e-12,1e-12,0.0,-0.0006595960050822514,0.6,0.6,0.04556061285631151,7,0.04556061285630685,30.462435785965774,1.7981188558636818,28.664316187712757,7.423893345761306e-07,0.0,0
180.788,0.5981999736993228,0.645525040902344,1.5713535579666569,1e-12,1e-12,1e-12,0.0,-0.0006595960050822514,0.6,0.6,0.04556061285631728,7,0.04556061285630685,30.462435785965774,1.7981188558636818,28.664316187712757,7.423893345761306e-07,0.0,0
180.888,0.5981999736993228,0.64552504090235,1.5712875983899375,1e-12,1e-12,1e-12,0.0,-0.0006595960050822514,0.6,0.6,0.04556061285632327,7,0.04556061285630685,30.462435785965774,1.7981188558636818,28.664316187712757,7.423893345761306e-07,0.0,0
180.988,0.5981999736993228,0.6455250409023557,1.5712216388132185,1e-12,1e-12,1e-12,0.0,-0.0006595960050822514,0.6,0.6,0.045560612856329036,7,0.04556061285630685,30.462435785965774,1.7981188558636818,28.664316187712757,7.423893345761306e-07,0.0,0
181.088,0.5981999736993228,0.6455250409023617,1.5711556792364998,1e-12,1e-12,1e-12,0.0,-0.0006595960050822514,0.6,0.6,0.04556061285633503,7,0.04556061285630685,30.462435785965774,1.7981188558636818,28.664316187712757,7.423893345761306e-07,0.0,0
181.188,0.5981999736993228,0.6455250409023668,1.5710897196771056,1e-12,1e-12,1e-12,0.0,-0.0006595952517306343,0.6,0.6,0.04556061285634013,7,0.045560612856329036,30.462435785965592,1.7981188558651997,28.664316187712757,7.423876387505859e-07,0.0,0
181.288,0.5981999736993228,0.6455250409023715,1.5710237601757178,1e-12,1e-12,1e-12,0.0,-0.0006595952517306343,0.6,0.6,0.045560612856344794,7,0.045560612856329036,30.462435785965592,1.7981188558651997,28.664316187712757,7.423876387505859e-07,0.0,0
181.388,0.5981999736993228,0.645525040902376,1.5709578006743299,1e-12,1e-12,1e-12,0.0,-0.0006595952517306343,0.6,0.6,0.04556061285634923,7,0.045560612856329036,30.462435785965592,1.7981188558651997,28.664316187712757,7.423876387505859e-07,0.0,0
181.488,0.5981999736993228,0.6455250409023804,1.570891841172942,1e-12,1e-12,1e-12,0.0,-0.0006595952517306343,0.6,0.6,0.04556061285635367,7,0.045560612856329036,30.462435785965592,1.7981188558651997,28.664316187712757,7.423876387505859e-07,0.0,0
181.588,0.5981999736993228,0.6455250409023846,1.5708258816715541,1e-12,1e-12,1e-12,0.0,-0.0006595952517306343,0.6,0.6,0.04556061285635788,7,0.045560612856329036,30.462435785965592,1.7981188558651997,28.664316187712757,7.423876387505859e-07,0.0,0
181.688,0.5981999736993228,0.6455250409023877,1.5707599221980926,1e-12,1e-12,1e-12,0.0,-0.0006595944983800193,0.6,0.6,0.04556061285636099,7,0.04556061285635367,30.462435785965873,1.7981188558671746,28.664316187712757,7.423859429292444e-07,0.0,0
181.788,0.5981999736993228,0.6455250409023877,1.57069396277218,1e-12,1e-12,1e-12,0.0,-0.0006595944983800193,0.6,0.6,0.04556061285636099,7,0.04556061285635367,30.462435785965873,1.7981188558671746,28.664316187712757,7.423859429292444e-07,0.0,0
181.888,0.5981999736993228,0.6455250409023879,1.5706280033462603,1e-12,1e-12,1e-12,0.0,-0.0006595944983800193,0.6,0.6,0.04556061285636121,7,0.04556061285635367,30.462435785965873,1.7981188558671746,28.664316187712757,7.423859429292444e-07,0.0,0
181.988,0.5981999736993228,0.6455250409023888,1.5705620439202923,1e-12,1e-12,1e-12,0.0,-0.0006595944983800193,0.6,0.6,0.0455606128563621,7,0.04556061285635367,30.462435785965873,1.7981188558671746,28.664316187712757,7.423859429292444e-07,0.0,0
182.088,0.5981999736993228,0.6455250409023919,1.5704960844942621,1e-12,1e-12,1e-12,0.0,-0.0006595944983800193,0.6,0.6,0.0455606128563652,7,0.04556061285635367,30.462435785965873,1.7981188558671746,28.664316187712757,7.423859429292444e-07,0.0,0
182.188,0.5981999736993228,0.6455250409023946,1.5704301250915962,1e-12,1e-12,1e-12,0.0,-0.000659593745029965,0.6,0.6,0.045560612856367866,7,0.0455606128563621,30.462435785964942,1.7981188558679384,28.664316187712757,7.423842471109385e-07,0.0,0
182.288,0.5981999736993228,0.6455250409023946,1.5703641657409988,1e-12,1e-12,1e-12,0.0,-0.000659593745029965,0.6,0.6,0.045560612856367866,7,0.0455606128563621,30.462435785964942,1.7981188558679384,28.664316187712757,7.423842471109385e-07,0.0,0
182.388,0.5981999736993228,0.6455250409023946,1.5702982063904003,1e-12,1e-12,1e-12,0.0,-0.000659593745029965,0.6,0.6,0.045560612856367866,7,0.0455606128563621,30.462435785964942,1.7981188558679384,28.664316187712757,7.423842471109385e-07,0.0,0
182.488,0.5981999736993228,0.6455250409023946,1.570232247039804,1e-12,1e-12,1e-12,0.0,-0.000659593745029965,0.6,0.6,0.045560612856367866,7,0.0455606128563621,30.462435785964942,1.7981188558679384,28.664316187712757,7.423842471109385e-07,0.0,0
182.588,0.5981999736993228,0.6455250409023946,1.5701662876892062,1e-12,1e-12,1e-12,0.0,-0.000659593745029965,0.6,0.6,0.045560612856367866,7,0.0455606128563621,30.462435785964942,1.7981188558679384,28.664316187712757,7.423842471109385e-07,0.0,0
182.688,0.5981999736993228,0.6455250409023946,1.5701003283591866,1e-12,1e-12,1e-12,0.0,-0.0006595929827829649,0.6,0.6,0.045560612856367866,7,0.045560612856367866,30.462435785963578,1.7981188558682906,28.664316187712757,7.423825312672687e-07,0.0,0
182.788,0.5981999736993228,0.6455250409023946,1.5700343690847958,1e-12,1e-12,1e-12,0.0,-0.0006595929827829649,0.6,0.6,0.045560612856367866,7,0.045560612856367866,30.462435785963578,1.7981188558682906,28.664316187712757,7.423825312672687e-07,0.0,0
182.888,0.5981999736993228,0.6455250409023946,1.5699684098104056,1e-12,1e-12,1e-12,0.0,-0.0006595929827829649,0.6,0.6,0.045560612856367866,7,0.045560612856367866,30.462435785963578,1.7981188558682906,28.664316187712757,7.423825312672687e-07,0.0,0
182.988,0.5981999736993228,0.6455250409023946,1.5699024505360175,1e-12,1e-12,1e-12,0.0,-0.0006595929827829649,0.6,0.6,0.045560612856367866,7,0.045560612856367866,30.462435785963578,1.7981188558682906,28.664316187712757,7.423825312672687e-07,0.0,0
183.088,0.5981999736993228,0.6455250409023946,1.569836491261629,1e-12,1e-12,1e-12,0.0,-0.0006595929827829649,0.6,0.6,0.045560612856367866,7,0.045560612856367866,30.462435785963578,1.7981188558682906,28.664316187712757,7.423825312672687e-07,0.0,0
183.188,0.5981999736993228,0.6455250409023946,1.5697705320158615,1e-12,1e-12,1e-12,0.0,-0.0006595922294347574,0.6,0.6,0.045560612856367866,7,0.045560612856367866,30.46243578596188,1.7981188558682906,28.664316187712757,7.42380835457042e-07,0.0,0
183.288,0.5981999736993228,0.6455250409023946,1.5697045728167918,1e-12,1e-12,1e-12,0.0,-0.0006595922294347574,0.6,0.6,0.045560612856367866,7,0.045560612856367866,30.46243578596188,1.7981188558682906,28.664316187712757,7.42380835457042e-07,0.0,0
183.388,0.5981999736993228,0.6455250409023946,1.5696386136177232,1e-12,1e-12,1e-12,0.0,-0.0006595922294347574,0.6,0.6,0.045560612856367866,7,0.045560612856367866,30.46243578596188,1.7981188558682906,28.664316187712757,7.42380835457042e-07,0.0,0
183.488,0.5981999736993228,0.6455250409023946,1.569572654418655,1e-12,1e-12,1e-12,0.0,-0.0006595922294347574,0.6,0.6,0.045560612856367866,7,0.045560612856367866,30.46243578596188,1.7981188558682906,28.664316187712757,7.42380835457042e-07,0.0,0
183.588,0.5981999736993228,0.6455250409023946,1.5695066952195866,1e-12,1e-12,1e-12,0.0,-0.0006595922294347574,0.6,0.6,0.045560612856367866,7,0.045560612856367866,30.46243578596188,1.7981188558682906,28.664316187712757,7.42380835457042e-07,0.0,0
183.688,0.5981999736993228,0.6455250409023946,1.5694407360589377,1e-12,1e-12,1e-12,0.0,-0.0006595914760875732,0.6,0.6,0.045560612856367866,7,0.045560612856367866,30.462435785960185,1.7981188558682906,28.664316187712757,7.423791396512394e-07,0.0,0
183.788,0.5981999736993228,0.6455250409023946,1.5693747769352022,1e-12,1e-12,1e-12,0.0,-0.0006595914760875732,0.6,0.6,0.045560612856367866,7,0.045560612856367866,30.462435785960185,1.7981188558682906,28.664316187712757,7.423791396512394e-07,0.0,0
183.888,0.5981999736993228,0.6455250409023946,1.5693088178114667,1e-12,1e-12,1e-12,0.0,-0.0006595914760875732,0.6,0.6,0.045560612856367866,7,0.045560612856367866,30.462435785960185,1.7981188558682906,28.664316187712757,7.423791396512394e-07,0.0,0
183.988,0.5981999736993228,0.6455250409023946,1.569242858687731,1e-12,1e-12,1e-12,0.0,-0.0006595914760875732,0.6,0.6,0.045560612856367866,7,0.045560612856367866,30.462435785960185,1.7981188558682906,28.664316187712757,7.423791396512394e-07,0.0,0
184.088,0.5981999736993228,0.6455250409023946,1.569176899563995,1e-12,1e-12,1e-12,0.0,-0.0006595914760875732,0.6,0.6,0.045560612856367866,7,0.045560612856367866,30.462435785960185,1.7981188558682906,28.664316187712757,7.423791396512394e-07,0.0,0
184.188,0.5981999736993228,0.6455250409023946,1.569110940464366,1e-12,1e-12,1e-12,0.0,-0.0006595907227412268,0.6,0.6,0.045560612856367866,7,0.045560612856367866,30.46243578595849,1.7981188558682906,28.664316187712757,7.423774438490989e-07,0.0,0
184.288,0.5981999736993228,0.6455250409023946,1.5690449814159644,1e-12,1e-12,1e-12,0.0,-0.0006595907227412268,0.6,0.6,0.045560612856367866,7,0.045560612856367866,30.46243578595849,1.7981188558682906,28.664316187712757,7.423774438490989e-07,0.0,0
184.388,0.5981999736993228,0.6455250409023946,1.5689790223675617,1e-12,1e-12,1e-12,0.0,-0.0006595907227412268,0.6,0.6,0.045560612856367866,7,0.045560612856367866,30.46243578595849,1.7981188558682906,28.664316187712757,7.423774438490989e-07,0.0,0
184.488,0.5981999736993228,0.6455250409023946,1.5689130633191604,1e-12,1e-12,1e-12,0.0,-0.0006595907227412268,0.6,0.6,0.045560612856367866,7,0.045560612856367866,30.46243578595849,1.7981188558682906,28.664316187712757,7.423774438490989e-07,0.0,0
184.588,0.5981999736993228,0.6455250409023946,1.5688471042707575,1e-12,1e-12,1e-12,0.0,-0.0006595907227412268,0.6,0.6,0.045560612856367866,7,0.045560612856367866,30.46243578595849,1.7981188558682906,28.664316187712757,7.423774438490989e-07,0.0,0
184.688,0.5981999736993228,0.6455250409023946,1.5687811452513105,1e-12,1e-12,1e-12,0.0,-0.0006595899604977183,0.6,0.6,0.045560612856367866,7,0.045560612856367866,30.462435785956774,1.7981188558682906,28.664316187712757,7.423757280211974e-07,0.0,0
184.788,0.5981999736993228,0.6455250409023946,1.568715186279108,1e-12,1e-12,1e-12,0.0,-0.0006595899604977183,0.6,0.6,0.045560612856367866,7,0.045560612856367866,30.462435785956774,1.7981188558682906,28.664316187712757,7.423757280211974e-07,0.0,0
184.888,0.5981999736993228,0.6455250409023946,1.5686492273069048,1e-12,1e-12,1e-12,0.0,-0.0006595899604977183,0.6,0.6,0.045560612856367866,7,0.045560612856367866,30.462435785956774,1.7981188558682906,28.664316187712757,7.423757280211974e-07,0.0,0
184.988,0.5981999736993228,0.6455250409023946,1.568583268334702,1e-12,1e-12,1e-12,0.0,-0.0006595899604977183,0.6,0.6,0.045560612856367866,7,0.045560612856367866,30.462435785956774,1.7981188558682906,28.664316187712757,7.423757280211974e-07,0.0,0
185.088,0.5981999736993228,0.6455250409023946,1.5685173093624998,1e-12,1e-12,1e-12,0.0,-0.0006595899604977183,0.6,0.6,0.045560612856367866,7,0.045560612856367866,30.462435785956774,1.7981188558682906,28.664316187712757,7.423757280211974e-07,0.0,0
185.188,0.5981999736993228,0.6455250409023946,1.5684513504106334,1e-12,1e-12,1e-12,0.0,-0.0006595892071532748,0.6,0.6,0.045560612856367866,7,0.045560612856367866,30.462435785955076,1.7981188558682906,28.664316187712757,7.423740322272584e-07,0.0,0
185.288,0.5981999736993228,0.6455250409023946,1.5683853915137538,1e-12,1e-12,1e-12,0.0,-0.0006595892071532748,0.6,0.6,0.045560612856367866,7,0.045560612856367866,30.462435785955076,1.7981188558682906,28.664316187712757,7.423740322272584e-07,0.0,0
185.388,0.5981999736993228,0.6455250409023946,1.5683194326168743,1e-12,1e-12,1e-12,0.0,-0.0006595892071532748,0.6,0.6,0.045560612856367866,7,0.045560612856367866,30.462435785955076,1.7981188558682906,28.664316187712757,7.423740322272584e-07,0.0,0
185.488,0.5981999736993228,0.6455250409023946,1.5682534737199951,1e-12,1e-12,1e-12,0.0,-0.0006595892071532748,0.6,0.6,0.045560612856367866,7,0.045560612856367866,30.462435785955076,1.7981188558682906,28.664316187712757,7.423740322272584e-07,0.0,0
185.588,0.5981999736993228,0.6455250409023946,1.5681875148231157,1e-12,1e-12,1e-12,0.0,-0.0006595892071532748,0.6,0.6,0.045560612856367866,7,0.045560612856367866,30.462435785955076,1.7981188558682906,28.664316187712757,7.423740322272584e-07,0.0,0
185.688,0.5981999736993228,0.6455250409023946,1.568121555947326,1e-12,1e-12,1e-12,0.0,-0.0006595884538096218,0.6,0.6,0.045560612856367866,7,0.045560612856367866,30.46243578595338,1.7981188558682906,28.664316187712757,7.423723364370464e-07,0.0,0
185.788,0.5981999736993228,0.6455250409023946,1.5680555971257681,1e-12,1e-12,1e-12,0.0,-0.0006595884538096218,0.6,0.6,0.045560612856367866,7,0.045560612856367866,30.46243578595338,1.7981188558682906,28.664316187712757,7.423723364370464e-07,0.0,0
185.888,0.5981999736993228,0.6455250409023946,1.5679896383042093,1e-12,1e-12,1e-12,0.0,-0.0006595884538096218,0.6,0.6,0.045560612856367866,7,0.045560612856367866,30.46243578595338,1.7981188558682906,28.664316187712757,7.423723364370464e-07,0.0,0
185.988,0.5981999736993228,0.6455250409023946,1.5679236794826512,1e-12,1e-12,1e-12,0.0,-0.0006595884538096218,0.6,0.6,0.045560612856367866,7,0.045560612856367866,30.46243578595338,1.7981188558682906,28.664316187712757,7.423723364370464e-07,0.0,0
186.088,0.5981999736993228,0.6455250409023946,1.567857720661092,1e-12,1e-12,1e-12,0.0,-0.0006595884538096218,0.6,0.6,0.045560612856367866,7,0.045560612856367866,30.46243578595338,1.7981188558682906,28.664316187712757,7.423723364370464e-07,0.0,0
186.188,0.5981999736993228,0.6455250409023946,1.567791761866211,1e-12,1e-12,1e-12,0.0,-0.0006595876915689832,0.6,0.6,0.045560612856367866,7,0.045560612856367866,30.462435785951666,1.7981188558682906,28.664316187712757,7.4237062062172e-07,0.0,0
186.288,0.5981999736993228,0.6455250409023946,1.5677258031208734,1e-12,1e-12,1e-12,0.0,-0.0006595876915689832,0.6,0.6,0.045560612856367866,7,0.045560612856367866,30.462435785951666,1.7981188558682906,28.664316187712757,7.4237062062172e-07,0.0,0
186.388,0.5981999736993228,0.6455250409023946,1.5676598443755358,1e-12,1e-12,1e-12,0.0,-0.0006595876915689832,0.6,0.6,0.045560612856367866,7,0.045560612856367866,30.462435785951666,1.7981188558682906,28.664316187712757,7.4237062062172e-07,0.0,0
186.488,0.5981999736993228,0.6455250409023946,1.5675938856301999,1e-12,1e-12,1e-12,0.0,-0.0006595876915689832,0.6,0.6,0.045560612856367866,7,0.045560612856367866,30.462435785951666,1.7981188558682906,28.664316187712757,7.4237062062172e-07,0.0,0
186.588,0.5981999736993228,0.6455250409023946,1.5675279268848623,1e-12,1e-12,1e-12,0.0,-0.0006595876915689832,0.6,0.6,0.045560612856367866,7,0.045560612856367866,30.462435785951666,1.7981188558682906,28.664316187712757,7.4237062062172e-07,0.0,0
186.688,0.5981999736993228,0.6455250409023946,1.5674619681688984,1e-12,1e-12,1e-12,0.0,-0.000659586938227151,0.6,0.6,0.045560612856367866,7,0.045560612856367866,30.46243578594997,1.7981188558682906,28.664316187712757,7.423689248395279e-07,0.0,0
186.788,0.5981999736993228,0.6455250409023946,1.5673960094988781,1e-12,1e-12,1e-12,0.0,-0.000659586938227151,0.6,0.6,0.045560612856367866,7,0.045560612856367866,30.46243578594997,1.7981188558682906,28.664316187712757,7.423689248395279e-07,0.0,0
186.888,0.5981999736993228,0.6455250409023946,1.5673300508288583,1e-12,1e-12,1e-12,0.0,-0.000659586938227151,0.6,0.6,0.045560612856367866,7,0.045560612856367866,30.46243578594997,1.7981188558682906,28.664316187712757,7.423689248395279e-07,0.0,0
186.988,0.5981999736993228,0.6455250409023946,1.5672640921588366,1e-12,1e-12,1e-12,0.0,-0.000659586938227151,0.6,0.6,0.045560612856367866,7,0.045560612856367866,30.46243578594997,1.7981188558682906,28.664316187712757,7.423689248395279e-07,0.0,0
187.088,0.5981999736993228,0.6455250409023946,1.567198133488818,1e-12,1e-12,1e-12,0.0,-0.000659586938227151,0.6,0.6,0.045560612856367866,7,0.045560612856367866,30.46243578594997,1.7981188558682906,28.664316187712757,7.423689248395279e-07,0.0,0
187.188,0.5981999736993228,0.6455250409023946,1.5671321748564608,1e-12,1e-12,1e-12,0.0,-0.0006595861848861157,0.6,0.6,0.045560612856367866,7,0.045560612856367866,30.462435785948276,1.7981188558682906,28.664316187712757,7.423672290610783e-07,0.0,0
187.288,0.5981999736993228,0.6455250409023946,1.5670662162617668,1e-12,1e-12,1e-12,0.0,-0.0006595861848861157,0.6,0.6,0.045560612856367866,7,0.045560612856367866,30.462435785948276,1.7981188558682906,28.664316187712757,7.423672290610783e-07,0.0,0
187.388,0.5981999736993228,0.6455250409023946,1.5670002576670745,1e-12,1e-12,1e-12,0.0,-0.0006595861848861157,0.6,0.6,0.045560612856367866,7,0.045560612856367866,30.462435785948276,1.7981188558682906,28.664316187712757,7.423672290610783e-07,0.0,0
187.488,0.5981999736993228,0.6455250409023946,1.5669342990723811,1e-12,1e-12,1e-12,0.0,-0.0006595861848861157,0.6,0.6,0.045560612856367866,7,0.045560612856367866,30.462435785948276,1.7981188558682906,28.664316187712757,7.423672290610783e-07,0.0,0
187.588,0.5981999736993228,0.6455250409023946,1.5668683404776882,1e-12,1e-12,1e-12,0.0,-0.0006595861848861157,0.6,0.6,0.045560612856367866,7,0.045560612856367866,30.462435785948276,1.7981188558682906,28.664316187712757,7.423672290610783e-07,0.0,0
187.688,0.5981999736993228,0.6455250409023977,1.5668023819199783,1e-12,1e-12,1e-12,0.0,-0.0006595854315459127,0.6,0.6,0.045560612856370974,7,0.045560612856367866,30.462435785946578,1.7981188558682906,28.664316187712757,7.423655332862751e-07,0.0,0
187.788,0.5981999736993228,0.6455250409024037,1.5667364234007592,1e-12,1e-12,1e-12,0.0,-0.0006595854315459127,0.6,0.6,0.04556061285637696,7,0.045560612856367866,30.462435785946578,1.7981188558682906,28.664316187712757,7.423655332862751e-07,0.0,0
187.888,0.5981999736993228,0.6455250409024097,1.5666704648815393,1e-12,1e-12,1e-12,0.0,-0.0006595854315459127,0.6,0.6,0.04556061285638295,7,0.045560612856367866,30.462435785946578,1.7981188558682906,28.664316187712757,7.423655332862751e-07,0.0,0
187.988,0.5981999736993228,0.6455250409024157,1.5666045063623204,1e-12,1e-12,1e-12,0.0,-0.0006595854315459127,0.6,0.6,0.045560612856388946,7,0.045560612856367866,30.462435785946578,1.7981188558682906,28.664316187712757,7.423655332862751e-07,0.0,0
188.088,0.5981999736993228,0.6455250409024217,1.5665385478431013,1e-12,1e-12,1e-12,0.0,-0.0006595854315459127,0.6,0.6,0.045560612856394934,7,0.045560612856367866,30.462435785946578,1.7981188558682906,28.664316187712757,7.423655332862751e-07,0.0,0
188.188,0.5981999736993228,0.6455250409024268,1.5664725893555203,1e-12,1e-12,1e-12,0.0,-0.0006595846782064982,0.6,0.6,0.045560612856400035,7,0.045560612856388946,30.462435785946408,1.798118855869812,28.664316187712757,7.423638375151961e-07,0.0,0
188.288,0.5981999736993228,0.6455250409024306,1.5664066309116298,1e-12,1e-12,1e-12,0.0,-0.0006595846782064982,0.6,0.6,0.04556061285640381,7,0.045560612856388946,30.462435785946408,1.798118855869812,28.664316187712757,7.423638375151961e-07,0.0,0
188.388,0.5981999736993228,0.6455250409024343,1.5663406724677387,1e-12,1e-12,1e-12,0.0,-0.0006595846782064982,0.6,0.6,0.045560612856407584,7,0.045560612856388946,30.462435785946408,1.798118855869812,28.664316187712757,7.423638375151961e-07,0.0,0
188.488,0.5981999736993228,0.6455250409024381,1.566274714023849,1e-12,1e-12,1e-12,0.0,-0.0006595846782064982,0.6,0.6,0.04556061285641135,7,0.045560612856388946,30.462435785946408,1.798118855869812,28.664316187712757,7.423638375151961e-07,0.0,0
188.588,0.5981999736993228,0.6455250409024417,1.5662087555799598,1e-12,1e-12,1e-12,0.0,-0.0006595846782064982,0.6,0.6,0.045560612856414905,7,0.045560612856388946,30.462435785946408,1.798118855869812,28.664316187712757,7.423638375151961e-07,0.0,0
188.688,0.5981999736993228,0.6455250409024459,1.5661427971737283,1e-12,1e-12,1e-12,0.0,-0.0006595839248681529,0.6,0.6,0.045560612856419117,7,0.04556061285641135,30.46243578594664,1.7981188558717385,28.664316187712757,7.423621417486479e-07,0.0,0
188.788,0.5981999736993228,0.6455250409024506,1.5660768388051545,1e-12,1e-12,1e-12,0.0,-0.0006595839248681529,0.6,0.6,0.04556061285642378,7,0.04556061285641135,30.46243578594664,1.7981188558717385,28.664316187712757,7.423621417486479e-07,0.0,0
188.888,0.5981999736993228,0.6455250409024548,1.5660108804365807,1e-12,1e-12,1e-12,0.0,-0.0006595839248681529,0.6,0.6,0.04556061285642799,7,0.04556061285641135,30.46243578594664,1.7981188558717385,28.664316187712757,7.423621417486479e-07,0.0,0
188.988,0.5981999736993228,0.6455250409024594,1.565944922068008,1e-12,1e-12,1e-12,0.0,-0.0006595839248681529,0.6,0.6,0.045560612856432654,7,0.04556061285641135,30.46243578594664,1.7981188558717385,28.664316187712757,7.423621417486479e-07,0.0,0
189.088,0.5981999736993228,0.6455250409024637,1.5658789636994366,1e-12,1e-12,1e-12,0.0,-0.0006595839248681529,0.6,0.6,0.045560612856436866,7,0.04556061285641135,30.46243578594664,1.7981188558717385,28.664316187712757,7.423621417486479e-07,0.0,0
189.188,0.5981999736993228,0.6455250409024688,1.5658130053617496,1e-12,1e-12,1e-12,0.0,-0.0006595831715305485,0.6,0.6,0.04556061285644197,7,0.045560612856432654,30.46243578594646,1.7981188558732577,28.664316187712757,7.423604459857151e-07,0.0,0
189.288,0.5981999736993228,0.645525040902475,1.565747047068507,1e-12,1e-12,1e-12,0.0,-0.0006595831715305485,0.6,0.6,0.045560612856448184,7,0.045560612856432654,30.46243578594646,1.7981188558732577,28.664316187712757,7.423604459857151e-07,0.0,0
189.388,0.5981999736993228,0.6455250409024808,1.5656810887752663,1e-12,1e-12,1e-12,0.0,-0.0006595831715305485,0.6,0.6,0.04556061285645395,7,0.045560612856432654,30.46243578594646,1.7981188558732577,28.664316187712757,7.423604459857151e-07,0.0,0
189.488,0.5981999736993228,0.645525040902487,1.5656151304820238,1e-12,1e-12,1e-12,0.0,-0.0006595831715305485,0.6,0.6,0.04556061285646017,7,0.045560612856432654,30.46243578594646,1.7981188558732577,28.664316187712757,7.423604459857151e-07,0.0,0
189.588,0.5981999736993228,0.645525040902493,1.5655491721887813,1e-12,1e-12,1e-12,0.0,-0.0006595831715305485,0.6,0.6,0.045560612856466155,7,0.045560612856432654,30.46243578594646,1.7981188558732577,28.664316187712757,7.423604459857151e-07,0.0,0
189.688,0.5981999736993228,0.6455250409024972,1.565483213927934,1e-12,1e-12,1e-12,0.0,-0.0006595824181939828,0.6,0.6,0.04556061285647037,7,0.04556061285646017,30.462435785946845,1.798118855875336,28.664316187712757,7.423587502272445e-07,0.0,0
189.788,0.5981999736993228,0.6455250409024985,1.5654172557100245,1e-12,1e-12,1e-12,0.0,-0.0006595824181939828,0.6,0.6,0.0455606128564717,7,0.04556061285646017,30.462435785946845,1.798118855875336,28.664316187712757,7.423587502272445e-07,0.0,0
189.888,0.5981999736993228,0.6455250409024996,1.565351297492116,1e-12,1e-12,1e-12,0.0,-0.0006595824181939828,0.6,0.6,0.04556061285647281,7,0.04556061285646017,30.462435785946845,1.798118855875336,28.664316187712757,7.423587502272445e-07,0.0,0
189.988,0.5981999736993228,0.6455250409025007,1.5652853392742074,1e-12,1e-12,1e-12,0.0,-0.0006595824181939828,0.6,0.6,0.04556061285647392,7,0.04556061285646017,30.462435785946845,1.798118855875336,28.664316187712757,7.423587502272445e-07,0.0,0
190.088,0.5981999736993228,0.6455250409025023,1.5652193810562993,1e-12,1e-12,1e-12,0.0,-0.0006595824181939828,0.6,0.6,0.045560612856475474,7,0.04556061285646017,30.462435785946845,1.798118855875336,28.664316187712757,7.423587502272445e-07,0.0,0
190.188,0.5981999736993228,0.6455250409025036,1.5651534228414021,1e-12,1e-12,1e-12,0.0,-0.0006595816648581957,0.6,0.6,0.045560612856476806,7,0.04556061285647392,30.462435785946315,1.798118855876503,28.664316187712757,7.423570544722986e-07,0.0,0
190.288,0.5981999736993228,0.6455250409025092,1.5650874646988164,1e-12,1e-12,1e-12,0.0,-0.0006595816648581957,0.6,0.6,0.04556061285648235,7,0.04556061285647392,30.462435785946315,1.798118855876503,28.664316187712757,7.423570544722986e-07,0.0,0
190.388,0.5981999736993228,0.6455250409025145,1.5650215065562298,1e-12,1e-12,1e-12,0.0,-0.0006595816648581957,0.6,0.6,0.04556061285648768,7,0.04556061285647392,30.462435785946315,1.798118855876503,28.664316187712757,7.423570544722986e-07,0.0,0
190.488,0.5981999736993228,0.6455250409025205,1.564955548413645,1e-12,1e-12,1e-12,0.0,-0.0006595816648581957,0.6,0.6,0.04556061285649367,7,0.04556061285647392,30.462435785946315,1.798118855876503,28.664316187712757,7.423570544722986e-07,0.0,0
190.588,0.5981999736993228,0.6455250409025258,1.5648895902710567,1e-12,1e-12,1e-12,0.0,-0.0006595816648581957,0.6,0.6,0.04556061285649899,7,0.04556061285647392,30.462435785946315,1.798118855876503,28.664316187712757,7.423570544722986e-07,0.0,0
190.688,0.5981999736993228,0.6455250409025309,1.5648236321427822,1e-12,1e-12,1e-12,0.0,-0.0006595809115232037,0.6,0.6,0.0455606128565041,7,0.04556061285649367,30.462435785946138,1.798118855878022,28.664316187712757,7.423553587210925e-07,0.0,0
190.788,0.5981999736993228,0.6455250409025352,1.5647576740755171,1e-12,1e-12,1e-12,0.0,-0.0006595809115232037,0.6,0.6,0.04556061285650831,7,0.04556061285649367,30.462435785946138,1.798118855878022,28.664316187712757,7.423553587210925e-07,0.0,0
190.888,0.5981999736993228,0.6455250409025396,1.5646917160082527,1e-12,1e-12,1e-12,0.0,-0.0006595809115232037,0.6,0.6,0.04556061285651275,7,0.04556061285649367,30.462435785946138,1.798118855878022,28.664316187712757,7.423553587210925e-07,0.0,0
190.988,0.5981999736993228,0.6455250409025443,1.564625757940989,1e-12,1e-12,1e-12,0.0,-0.0006595809115232037,0.6,0.6,0.045560612856517406,7,0.04556061285649367,30.462435785946138,1.798118855878022,28.664316187712757,7.423553587210925e-07,0.0,0
191.088,0.5981999736993228,0.6455250409025487,1.5645597998737233,1e-12,1e-12,1e-12,0.0,-0.0006595809115232037,0.6,0.6,0.04556061285652185,7,0.04556061285649367,30.462435785946138,1.798118855878022,28.664316187712757,7.423553587210925e-07,0.0,0
191.188,0.5981999736993228,0.6455250409025529,1.5644938418350869,1e-12,1e-12,1e-12,0.0,-0.0006595801581890308,0.6,0.6,0.04556061285652606,7,0.045560612856517406,30.462435785946216,1.798118855879796,28.664316187712757,7.423536629735012e-07,0.0,0
191.288,0.5981999736993228,0.6455250409025567,1.5644278838431538,1e-12,1e-12,1e-12,0.0,-0.0006595801581890308,0.6,0.6,0.045560612856529834,7,0.045560612856517406,30.462435785946216,1.798118855879796,28.664316187712757,7.423536629735012e-07,0.0,0
191.388,0.5981999736993228,0.6455250409025605,1.5643619258512231,1e-12,1e-12,1e-12,0.0,-0.0006595801581890308,0.6,0.6,0.0455606128565336,7,0.045560612856517406,30.462435785946216,1.798118855879796,28.664316187712757,7.423536629735012e-07,0.0,0
191.488,0.5981999736993228,0.6455250409025645,1.5642959678592914,1e-12,1e-12,1e-12,0.0,-0.0006595801581890308,0.6,0.6,0.0455606128565376,7,0.045560612856517406,30.462435785946216,1.798118855879796,28.664316187712757,7.423536629735012e-07,0.0,0
191.588,0.5981999736993228,0.6455250409025685,1.56423000986736,1e-12,1e-12,1e-12,0.0,-0.0006595801581890308,0.6,0.6,0.04556061285654159,7,0.045560612856517406,30.462435785946216,1.798118855879796,28.664316187712757,7.423536629735012e-07,0.0,0
191.688,0.5981999736993228,0.6455250409025738,1.5641640519206204,1e-12,1e-12,1e-12,0.0,-0.0006595794048556775,0.6,0.6,0.04556061285654692,7,0.0455606128565376,30.46243578594609,1.798118855881367,28.664316187712757,7.423519672297049e-07,0.0,0
191.788,0.5981999736993228,0.64552504090258,1.5640980940040097,1e-12,1e-12,1e-12,0.0,-0.0006595794048556775,0.6,0.6,0.04556061285655313,7,0.0455606128565376,30.46243578594609,1.798118855881367,28.664316187712757,7.423519672297049e-07,0.0,0
191.888,0.5981999736993228,0.6455250409025862,1.5640321360873979,1e-12,1e-12,1e-12,0.0,-0.0006595794048556775,0.6,0.6,0.04556061285655934,7,0.0455606128565376,30.46243578594609,1.798118855881367,28.664316187712757,7.423519672297049e-07,0.0,0
191.988,0.5981999736993228,0.6455250409025927,1.5639661781707859,1e-12,1e-12,1e-12,0.0,-0.0006595794048556775,0.6,0.6,0.04556061285656578,7,0.0455606128565376,30.46243578594609,1.798118855881367,28.664316187712757,7.423519672297049e-07,0.0,0
192.088,0.5981999736993228,0.6455250409025987,1.5639002202541752,1e-12,1e-12,1e-12,0.0,-0.0006595794048556775,0.6,0.6,0.045560612856571765,7,0.0455606128565376,30.46243578594609,1.798118855881367,28.664316187712757,7.423519672297049e-07,0.0,0
192.188,0.5981999736993228,0.6455250409026024,1.5638342623782377,1e-12,1e-12,1e-12,0.0,-0.0006595786515233486,0.6,0.6,0.04556061285657554,7,0.04556061285656578,30.462435785946678,1.7981188558836494,28.664316187712757,7.423502714903402e-07,0.0,0
192.288,0.5981999736993228,0.6455250409026038,1.5637683045369526,1e-12,1e-12,1e-12,0.0,-0.0006595786515233486,0.6,0.6,0.045560612856576865,7,0.04556061285656578,30.462435785946678,1.7981188558836494,28.664316187712757,7.423502714903402e-07,0.0,0
192.388,0.5981999736993228,0.6455250409026051,1.5637023466956654,1e-12,1e-12,1e-12,0.0,-0.0006595786515233486,0.6,0.6,0.0455606128565782,7,0.04556061285656578,30.462435785946678,1.7981188558836494,28.664316187712757,7.423502714903402e-07,0.0,0
192.488,0.5981999736993228,0.6455250409026067,1.563636388854377,1e-12,1e-12,1e-12,0.0,-0.0006595786515233486,0.6,0.6,0.04556061285657975,7,0.04556061285656578,30.462435785946678,1.7981188558836494,28.664316187712757,7.423502714903402e-07,0.0,0
192.588,0.5981999736993228,0.645525040902608,1.5635704310130902,1e-12,1e-12,1e-12,0.0,-0.0006595786515233486,0.6,0.6,0.045560612856581084,7,0.04556061285656578,30.462435785946678,1.7981188558836494,28.664316187712757,7.423502714903402e-07,0.0,0
192.688,0.5981999736993228,0.6455250409026122,1.5635044732137213,1e-12,1e-12,1e-12,0.0,-0.0006595778892940167,0.6,0.6,0.0455606128565853,7,0.04556061285657975,30.46243578594587,1.798118855884561,28.664316187712757,7.423485557257631e-07,0.0,0
192.788,0.5981999736993228,0.645525040902618,1.5634385154486503,1e-12,1e-12,1e-12,0.0,-0.0006595778892940167,0.6,0.6,0.04556061285659107,7,0.04556061285657975,30.46243578594587,1.798118855884561,28.664316187712757,7.423485557257631e-07,0.0,0
192.888,0.5981999736993228,0.645525040902624,1.5633725576835789,1e-12,1e-12,1e-12,0.0,-0.0006595778892940167,0.6,0.6,0.04556061285659706,7,0.04556061285657975,30.46243578594587,1.798118855884561,28.664316187712757,7.423485557257631e-07,0.0,0
192.988,0.5981999736993228,0.64552504090263,1.563306599918508,1e-12,1e-12,1e-12,0.0,-0.0006595778892940167,0.6,0.6,0.04556061285660305,7,0.04556061285657975,30.46243578594587,1.798118855884561,28.664316187712757,7.423485557257631e-07,0.0,0
193.088,0.5981999736993228,0.645525040902636,1.5632406421534375,1e-12,1e-12,1e-12,0.0,-0.0006595778892940167,0.6,0.6,0.04556061285660904,7,0.04556061285657975,30.46243578594587,1.798118855884561,28.664316187712757,7.423485557257631e-07,0.0,0
193.188,0.5981999736993228,0.6455250409026408,1.5631746844162338,1e-12,1e-12,1e-12,0.0,-0.0006595771359635706,0.6,0.6,0.04556061285661392,7,0.04556061285660305,30.462435785945953,1.7981188558863368,28.664316187712757,7.423468599945538e-07,0.0,0
193.288,0.5981999736993228,0.6455250409026435,1.5631087267264774,1e-12,1e-12,1e-12,0.0,-0.0006595771359635706,0.6,0.6,0.045560612856616584,7,0.04556061285660305,30.462435785945953,1.7981188558863368,28.664316187712757,7.423468599945538e-07,0.0,0
193.388,0.5981999736993228,0.645525040902646,1.5630427690367228,1e-12,1e-12,1e-12,0.0,-0.0006595771359635706,0.6,0.6,0.045560612856619026,7,0.04556061285660305,30.462435785945953,1.7981188558863368,28.664316187712757,7.423468599945538e-07,0.0,0
193.488,0.5981999736993228,0.6455250409026484,1.562976811346969,1e-12,1e-12,1e-12,0.0,-0.0006595771359635706,0.6,0.6,0.04556061285662146,7,0.04556061285660305,30.462435785945953,1.7981188558863368,28.664316187712757,7.423468599945538e-07,0.0,0
193.588,0.5981999736993228,0.6455250409026508,1.5629108536572145,1e-12,1e-12,1e-12,0.0,-0.0006595771359635706,0.6,0.6,0.045560612856623904,7,0.04556061285660305,30.462435785945953,1.7981188558863368,28.664316187712757,7.423468599945538e-07,0.0,0
193.688,0.5981999736993228,0.6455250409026546,1.5628448960021146,1e-12,1e-12,1e-12,0.0,-0.0006595763826339291,0.6,0.6,0.04556061285662768,7,0.04556061285662146,30.462435785945928,1.7981188558880061,28.664316187712757,7.423451642669284e-07,0.0,0
193.788,0.5981999736993228,0.6455250409026597,1.562778938387692,1e-12,1e-12,1e-12,0.0,-0.0006595763826339291,0.6,0.6,0.04556061285663278,7,0.04556061285662146,30.462435785945928,1.7981188558880061,28.664316187712757,7.423451642669284e-07,0.0,0
193.888,0.5981999736993228,0.6455250409026648,1.5627129807732711,1e-12,1e-12,1e-12,0.0,-0.0006595763826339291,0.6,0.6,0.045560612856637886,7,0.04556061285662146,30.462435785945928,1.7981188558880061,28.664316187712757,7.423451642669284e-07,0.0,0
193.988,0.5981999736993228,0.6455250409026702,1.5626470231588485,1e-12,1e-12,1e-12,0.0,-0.0006595763826339291,0.6,0.6,0.04556061285664321,7,0.04556061285662146,30.462435785945928,1.7981188558880061,28.664316187712757,7.423451642669284e-07,0.0,0
194.088,0.5981999736993228,0.6455250409026753,1.562581065544428,1e-12,1e-12,1e-12,0.0,-0.0006595763826339291,0.6,0.6,0.04556061285664831,7,0.04556061285662146,30.462435785945928,1.7981188558880061,28.664316187712757,7.423451642669284e-07,0.0,0
194.188,0.5981999736993228,0.6455250409026801,1.5625151079578767,1e-12,1e-12,1e-12,0.0,-0.0006595756293051387,0.6,0.6,0.04556061285665319,7,0.04556061285664321,30.462435785945654,1.7981188558894263,28.664316187712757,7.423434685431687e-07,0.0,0
194.288,0.5981999736993228,0.6455250409026855,1.5624491504187812,1e-12,1e-12,1e-12,0.0,-0.0006595756293051387,0.6,0.6,0.045560612856658515,7,0.04556061285664321,30.462435785945654,1.7981188558894263,28.664316187712757,7.423434685431687e-07,0.0,0
194.388,0.5981999736993228,0.6455250409026904,1.5623831928796865,1e-12,1e-12,1e-12,0.0,-0.0006595756293051387,0.6,0.6,0.0455606128566634,7,0.04556061285664321,30.462435785945654,1.7981188558894263,28.664316187712757,7.423434685431687e-07,0.0,0
194.488,0.5981999736993228,0.6455250409026957,1.5623172353405919,1e-12,1e-12,1e-12,0.0,-0.0006595756293051387,0.6,0.6,0.04556061285666872,7,0.04556061285664321,30.462435785945654,1.7981188558894263,28.664316187712757,7.423434685431687e-07,0.0,0
194.588,0.5981999736993228,0.6455250409027006,1.5622512778014943,1e-12,1e-12,1e-12,0.0,-0.0006595756293051387,0.6,0.6,0.04556061285667361,7,0.04556061285664321,30.462435785945654,1.7981188558894263,28.664316187712757,7.423434685431687e-07,0.0,0
194.688,0.5981999736993228,0.6455250409027052,1.5621853202827365,1e-12,1e-12,1e-12,0.0,-0.0006595748759772417,0.6,0.6,0.04556061285667826,7,0.04556061285666872,30.46243578594603,1.7981188558915029,28.664316187712757,7.423417728235422e-07,0.0,0
194.788,0.5981999736993228,0.6455250409027077,1.5621193628189587,1e-12,1e-12,1e-12,0.0,-0.0006595748759772417,0.6,0.6,0.045560612856680706,7,0.04556061285666872,30.46243578594603,1.7981188558915029,28.664316187712757,7.423417728235422e-07,0.0,0
194.888,0.5981999736993228,0.6455250409027103,1.5620534053551824,1e-12,1e-12,1e-12,0.0,-0.0006595748759772417,0.6,0.6,0.045560612856683363,7,0.04556061285666872,30.46243578594603,1.7981188558915029,28.664316187712757,7.423417728235422e-07,0.0,0
194.988,0.5981999736993228,0.6455250409027128,1.5619874478914053,1e-12,1e-12,1e-12,0.0,-0.0006595748759772417,0.6,0.6,0.045560612856685806,7,0.04556061285666872,30.46243578594603,1.7981188558915029,28.664316187712757,7.423417728235422e-07,0.0,0
195.088,0.5981999736993228,0.6455250409027152,1.5619214904276277,1e-12,1e-12,1e-12,0.0,-0.0006595748759772417,0.6,0.6,0.04556061285668825,7,0.04556061285666872,30.46243578594603,1.7981188558915029,28.664316187712757,7.423417728235422e-07,0.0,0
195.188,0.5981999736993228,0.6455250409027186,1.5618555329766566,1e-12,1e-12,1e-12,0.0,-0.0006595741226501047,0.6,0.6,0.04556061285669158,7,0.045560612856685806,30.462435785945605,1.798118855892771,28.664316187712757,7.423400771072256e-07,0.0,0
195.288,0.5981999736993228,0.6455250409027254,1.561789575588214,1e-12,1e-12,1e-12,0.0,-0.0006595741226501047,0.6,0.6,0.045560612856698456,7,0.045560612856685806,30.462435785945605,1.798118855892771,28.664316187712757,7.423400771072256e-07,0.0,0
195.388,0.5981999736993228,0.645525040902731,1.5617236181997702,1e-12,1e-12,1e-12,0.0,-0.0006595741226501047,0.6,0.6,0.045560612856704,7,0.045560612856685806,30.462435785945605,1.798118855892771,28.664316187712757,7.423400771072256e-07,0.0,0
195.488,0.5981999736993228,0.6455250409027377,1.561657660811325,1e-12,1e-12,1e-12,0.0,-0.0006595741226501047,0.6,0.6,0.045560612856710654,7,0.045560612856685806,30.462435785945605,1.798118855892771,28.664316187712757,7.423400771072256e-07,0.0,0
195.588,0.5981999736993228,0.6455250409027443,1.561591703422881,1e-12,1e-12,1e-12,0.0,-0.0006595741226501047,0.6,0.6,0.045560612856717315,7,0.045560612856685806,30.462435785945605,1.798118855892771,28.664316187712757,7.423400771072256e-07,0.0,0
195.688,0.5981999736993228,0.6455250409027501,1.5615257460608036,1e-12,1e-12,1e-12,0.0,-0.0006595733693239708,0.6,0.6,0.04556061285672308,7,0.045560612856710654,30.462435785945786,1.798118855894647,28.664316187712757,7.423383813952898e-07,0.0,0
195.788,0.5981999736993228,0.645525040902753,1.5614597887476929,1e-12,1e-12,1e-12,0.0,-0.0006595733693239708,0.6,0.6,0.04556061285672597,7,0.045560612856710654,30.462435785945786,1.798118855894647,28.664316187712757,7.423383813952898e-07,0.0,0
195.888,0.5981999736993228,0.6455250409027559,1.5613938314345808,1e-12,1e-12,1e-12,0.0,-0.0006595733693239708,0.6,0.6,0.04556061285672885,7,0.045560612856710654,30.462435785945786,1.798118855894647,28.664316187712757,7.423383813952898e-07,0.0,0
195.988,0.5981999736993228,0.645525040902759,1.561327874121469,1e-12,1e-12,1e-12,0.0,-0.0006595733693239708,0.6,0.6,0.04556061285673196,7,0.045560612856710654,30.462435785945786,1.798118855894647,28.664316187712757,7.423383813952898e-07,0.0,0
196.088,0.5981999736993228,0.6455250409027621,1.5612619168083566,1e-12,1e-12,1e-12,0.0,-0.0006595733693239708,0.6,0.6,0.045560612856735065,7,0.045560612856710654,30.462435785945786,1.798118855894647,28.664316187712757,7.423383813952898e-07,0.0,0
196.188,0.5981999736993228,0.6455250409027663,1.561195959530647,1e-12,1e-12,1e-12,0.0,-0.0006595726159986626,0.6,0.6,0.04556061285673928,7,0.04556061285673196,30.46243578594581,1.7981188558963705,28.664316187712757,7.423366856869862e-07,0.0,0
196.288,0.5981999736993228,0.645525040902771,1.5611300022928518,1e-12,1e-12,1e-12,0.0,-0.0006595726159986626,0.6,0.6,0.04556061285674394,7,0.04556061285673196,30.46243578594581,1.7981188558963705,28.664316187712757,7.423366856869862e-07,0.0,0
196.388,0.5981999736993228,0.6455250409027758,1.561064045055059,1e-12,1e-12,1e-12,0.0,-0.0006595726159986626,0.6,0.6,0.04556061285674882,7,0.04556061285673196,30.46243578594581,1.7981188558963705,28.664316187712757,7.423366856869862e-07,0.0,0
196.488,0.5981999736993228,0.645525040902781,1.560998087817265,1e-12,1e-12,1e-12,0.0,-0.0006595726159986626,0.6,0.6,0.045560612856753925,7,0.04556061285673196,30.46243578594581,1.7981188558963705,28.664316187712757,7.423366856869862e-07,0.0,0
196.588,0.5981999736993228,0.6455250409027858,1.5609321305794723,1e-12,1e-12,1e-12,0.0,-0.0006595726159986626,0.6,0.6,0.0455606128567588,7,0.04556061285673196,30.46243578594581,1.7981188558963705,28.664316187712757,7.423366856869862e-07,0.0,0
196.688,0.5981999736993228,0.6455250409027905,1.5608661733740674,1e-12,1e-12,1e-12,0.0,-0.0006595718626744148,0.6,0.6,0.04556061285676346,7,0.045560612856753925,30.46243578594589,1.7981188558981436,28.664316187712757,7.423349899831933e-07,0.0,0
196.788,0.5981999736993228,0.645525040902796,1.5608002162116013,1e-12,1e-12,1e-12,0.0,-0.0006595718626744148,0.6,0.6,0.04556061285676901,7,0.045560612856753925,30.46243578594589,1.7981188558981436,28.664316187712757,7.423349899831933e-07,0.0,0
196.888,0.5981999736993228,0.6455250409028018,1.5607342590491349,1e-12,1e-12,1e-12,0.0,-0.0006595718626744148,0.6,0.6,0.045560612856774776,7,0.045560612856753925,30.46243578594589,1.7981188558981436,28.664316187712757,7.423349899831933e-07,0.0,0
196.988,0.5981999736993228,0.6455250409028078,1.560668301886668,1e-12,1e-12,1e-12,0.0,-0.0006595718626744148,0.6,0.6,0.04556061285678077,7,0.045560612856753925,30.46243578594589,1.7981188558981436,28.664316187712757,7.423349899831933e-07,0.0,0
197.088,0.5981999736993228,0.6455250409028129,1.560602344724201,1e-12,1e-12,1e-12,0.0,-0.0006595718626744148,0.6,0.6,0.04556061285678587,7,0.045560612856753925,30.46243578594589,1.7981188558981436,28.664316187712757,7.423349899831933e-07,0.0,0
197.188,0.5981999736993228,0.6455250409028165,1.56053638760166,1e-12,1e-12,1e-12,0.0,-0.0006595711093508588,0.6,0.6,0.045560612856789424,7,0.04556061285678077,30.462435785946024,1.7981188558999706,28.664316187712757,7.423332942829063e-07,0.0,0
197.288,0.5981999736993228,0.6455250409028183,1.5604704305145274,1e-12,1e-12,1e-12,0.0,-0.0006595711093508588,0.6,0.6,0.045560612856791194,7,0.04556061285678077,30.462435785946024,1.7981188558999706,28.664316187712757,7.423332942829063e-07,0.0,0
197.388,0.5981999736993228,0.64552504090282,1.560404473427393,1e-12,1e-12,1e-12,0.0,-0.0006595711093508588,0.6,0.6,0.04556061285679297,7,0.04556061285678077,30.462435785946024,1.7981188558999706,28.664316187712757,7.423332942829063e-07,0.0,0
197.488,0.5981999736993228,0.6455250409028218,1.5603385163402586,1e-12,1e-12,1e-12,0.0,-0.0006595711093508588,0.6,0.6,0.04556061285679475,7,0.04556061285678077,30.462435785946024,1.7981188558999706,28.664316187712757,7.423332942829063e-07,0.0,0
197.588,0.5981999736993228,0.6455250409028236,1.560272559253126,1e-12,1e-12,1e-12,0.0,-0.0006595711093508588,0.6,0.6,0.04556061285679652,7,0.04556061285678077,30.462435785946024,1.7981188558999706,28.664316187712757,7.423332942829063e-07,0.0,0
197.688,0.5981999736993228,0.6455250409028267,1.5602066021991305,1e-12,1e-12,1e-12,0.0,-0.0006595703560282529,0.6,0.6,0.045560612856799625,7,0.04556061285679475,30.462435785945438,1.798118855901083,28.664316187712757,7.423315985865314e-07,0.0,0
197.788,0.5981999736993228,0.6455250409028316,1.560140645187316,1e-12,1e-12,1e-12,0.0,-0.0006595703560282529,0.6,0.6,0.04556061285680451,7,0.04556061285679475,30.462435785945438,1.798118855901083,28.664316187712757,7.423315985865314e-07,0.0,0
197.888,0.5981999736993228,0.645525040902836,1.5600746881755003,1e-12,1e-12,1e-12,0.0,-0.0006595703560282529,0.6,0.6,0.045560612856808944,7,0.04556061285679475,30.462435785945438,1.798118855901083,28.664316187712757,7.423315985865314e-07,0.0,0
197.988,0.5981999736993228,0.6455250409028411,1.5600087311636825,1e-12,1e-12,1e-12,0.0,-0.0006595703560282529,0.6,0.6,0.04556061285681405,7,0.04556061285679475,30.462435785945438,1.798118855901083,28.664316187712757,7.423315985865314e-07,0.0,0
198.088,0.5981999736993228,0.6455250409028458,1.559942774151866,1e-12,1e-12,1e-12,0.0,-0.0006595703560282529,0.6,0.6,0.04556061285681871,7,0.04556061285679475,30.462435785945438,1.798118855901083,28.664316187712757,7.423315985865314e-07,0.0,0
198.188,0.5981999736993228,0.64552504090285,1.5598768171837398,1e-12,1e-12,1e-12,0.0,-0.0006595696027065577,0.6,0.6,0.045560612856822925,7,0.04556061285681405,30.462435785945416,1.7981188559027577,28.664316187712757,7.423299028943276e-07,0.0,0
198.288,0.5981999736993228,0.6455250409028536,1.5598108602472511,1e-12,1e-12,1e-12,0.0,-0.0006595696027065577,0.6,0.6,0.04556061285682647,7,0.04556061285681405,30.462435785945416,1.7981188559027577,28.664316187712757,7.423299028943276e-07,0.0,0
198.388,0.5981999736993228,0.6455250409028571,1.5597449033107613,1e-12,1e-12,1e-12,0.0,-0.0006595696027065577,0.6,0.6,0.045560612856830024,7,0.04556061285681405,30.462435785945416,1.7981188559027577,28.664316187712757,7.423299028943276e-07,0.0,0
198.488,0.5981999736993228,0.6455250409028609,1.5596789463742715,1e-12,1e-12,1e-12,0.0,-0.0006595696027065577,0.6,0.6,0.0455606128568338,7,0.04556061285681405,30.462435785945416,1.7981188559027577,28.664316187712757,7.423299028943276e-07,0.0,0
198.588,0.5981999736993228,0.6455250409028649,1.5596129894377817,1e-12,1e-12,1e-12,0.0,-0.0006595696027065577,0.6,0.6,0.04556061285683779,7,0.04556061285681405,30.462435785945416,1.7981188559027577,28.664316187712757,7.423299028943276e-07,0.0,0
198.688,0.5981999736993228,0.6455250409028687,1.559547032520126,1e-12,1e-12,1e-12,0.0,-0.000659568849385621,0.6,0.6,0.04556061285684156,7,0.0455606128568338,30.46243578594509,1.7981188559041248,28.664316187712757,7.423282072054321e-07,0.0,0
198.788,0.5981999736993228,0.6455250409028733,1.5594810756589697,1e-12,1e-12,1e-12,0.0,-0.000659568849385621,0.6,0.6,0.04556061285684622,7,0.0455606128568338,30.46243578594509,1.7981188559041248,28.664316187712757,7.423282072054321e-07,0.0,0
198.888,0.5981999736993228,0.6455250409028778,1.5594151187978127,1e-12,1e-12,1e-12,0.0,-0.000659568849385621,0.6,0.6,0.04556061285685066,7,0.0455606128568338,30.46243578594509,1.7981188559041248,28.664316187712757,7.423282072054321e-07,0.0,0
198.988,0.5981999736993228,0.6455250409028827,1.559349161936657,1e-12,1e-12,1e-12,0.0,-0.000659568849385621,0.6,0.6,0.04556061285685554,7,0.0455606128568338,30.46243578594509,1.7981188559041248,28.664316187712757,7.423282072054321e-07,0.0,0
199.088,0.5981999736993228,0.6455250409028871,1.5592832050754997,1e-12,1e-12,1e-12,0.0,-0.000659568849385621,0.6,0.6,0.04556061285685998,7,0.0455606128568338,30.46243578594509,1.7981188559041248,28.664316187712757,7.423282072054321e-07,0.0,0
199.188,0.5981999736993228,0.6455250409028924,1.5592172482520104,1e-12,1e-12,1e-12,0.0,-0.0006595680960655544,0.6,0.6,0.0455606128568653,7,0.04556061285685554,30.46243578594517,1.7981188559059018,28.664316187712757,7.423265115207926e-07,0.0,0
199.288,0.5981999736993228,0.6455250409028986,1.5591512914661818,1e-12,1e-12,1e-12,0.0,-0.0006595680960655544,0.6,0.6,0.04556061285687151,7,0.04556061285685554,30.46243578594517,1.7981188559059018,28.664316187712757,7.423265115207926e-07,0.0,0
199.388,0.5981999736993228,0.6455250409029049,1.559085334680355,1e-12,1e-12,1e-12,0.0,-0.0006595680960655544,0.6,0.6,0.04556061285687773,7,0.04556061285685554,30.46243578594517,1.7981188559059018,28.664316187712757,7.423265115207926e-07,0.0,0
199.488,0.5981999736993228,0.6455250409029113,1.5590193778945285,1e-12,1e-12,1e-12,0.0,-0.0006595680960655544,0.6,0.6,0.04556061285688416,7,0.04556061285685554,30.46243578594517,1.7981188559059018,28.664316187712757,7.423265115207926e-07,0.0,0
199.588,0.5981999736993228,0.6455250409029171,1.5589534211087013,1e-12,1e-12,1e-12,0.0,-0.0006595680960655544,0.6,0.6,0.04556061285688993,7,0.04556061285685554,30.46243578594517,1.7981188559059018,28.664316187712757,7.423265115207926e-07,0.0,0
199.688,0.5981999736993228,0.6455250409029215,1.558887464353755,1e-12,1e-12,1e-12,0.0,-0.0006595673427463308,0.6,0.6,0.04556061285689437,7,0.04556061285688416,30.46243578594555,1.798118855907978,28.664316187712757,7.42324815839824e-07,0.0,0
199.788,0.5981999736993228,0.6455250409029228,1.5588215076432428,1e-12,1e-12,1e-12,0.0,-0.0006595673427463308,0.6,0.6,0.0455606128568957,7,0.04556061285688416,30.46243578594555,1.798118855907978,28.664316187712757,7.42324815839824e-07,0.0,0
199.888,0.5981999736993228,0.6455250409029242,1.558755550932731,1e-12,1e-12,1e-12,0.0,-0.0006595673427463308,0.6,0.6,0.045560612856897026,7,0.04556061285688416,30.46243578594555,1.798118855907978,28.664316187712757,7.42324815839824e-07,0.0,0
199.988,0.5981999736993228,0.6455250409029253,1.5586895942222205,1e-12,1e-12,1e-12,0.0,-0.0006595673427463308,0.6,0.6,0.045560612856898136,7,0.04556061285688416,30.46243578594555,1.798118855907978,28.664316187712757,7.42324815839824e-07,0.0,0
200.088,0.5981999736993228,0.6455250409029266,1.5586236375117086,1e-12,1e-12,1e-12,0.0,-0.0006595673427463308,0.6,0.6,0.04556061285689947,7,0.04556061285688416,30.46243578594555,1.798118855907978,28.664316187712757,7.42324815839824e-07,0.0,0
200.188,0.5981999736993228,0.6455250409029302,1.5585576808456438,1e-12,1e-12,1e-12,0.0,-0.0006595665894281228,0.6,0.6,0.04556061285690302,7,0.045560612856898136,30.462435785945022,1.798118855909144,28.664316187712757,7.423231201632644e-07,0.0,0
200.288,0.5981999736993228,0.6455250409029364,1.558491724210464,1e-12,1e-12,1e-12,0.0,-0.0006595665894281228,0.6,0.6,0.04556061285690923,7,0.045560612856898136,30.462435785945022,1.798118855909144,28.664316187712757,7.423231201632644e-07,0.0,0
200.388,0.5981999736993228,0.6455250409029422,1.5584257675752844,1e-12,1e-12,1e-12,0.0,-0.0006595665894281228,0.6,0.6,0.045560612856915,7,0.045560612856898136,30.462435785945022,1.798118855909144,28.664316187712757,7.423231201632644e-07,0.0,0
200.488,0.5981999736993228,0.6455250409029484,1.5583598109401058,1e-12,1e-12,1e-12,0.0,-0.0006595665894281228,0.6,0.6,0.045560612856921215,7,0.045560612856898136,30.462435785945022,1.798118855909144,28.664316187712757,7.423231201632644e-07,0.0,0
200.588,0.5981999736993228,0.6455250409029544,1.558293854304927,1e-12,1e-12,1e-12,0.0,-0.0006595665894281228,0.6,0.6,0.0455606128569272,7,0.045560612856898136,30.462435785945022,1.798118855909144,28.664316187712757,7.423231201632644e-07,0.0,0
200.688,0.5981999736993228,0.6455250409029599,1.558227897708165,1e-12,1e-12,1e-12,0.0,-0.0006595658361106799,0.6,0.6,0.04556061285693275,7,0.045560612856921215,30.462435785944898,1.7981188559107135,28.664316187712757,7.423214244903768e-07,0.0,0
200.788,0.5981999736993228,0.6455250409029641,1.5581619411483134,1e-12,1e-12,1e-12,0.0,-0.0006595658361106799,0.6,0.6,0.045560612856936966,7,0.045560612856921215,30.462435785944898,1.7981188559107135,28.664316187712757,7.423214244903768e-07,0.0,0
200.888,0.5981999736993228,0.6455250409029686,1.5580959845884625,1e-12,1e-12,1e-12,0.0,-0.0006595658361106799,0.6,0.6,0.0455606128569414,7,0.045560612856921215,30.462435785944898,1.7981188559107135,28.664316187712757,7.423214244903768e-07,0.0,0
200.988,0.5981999736993228,0.645525040902973,1.5580300280286117,1e-12,1e-12,1e-12,0.0,-0.0006595658361106799,0.6,0.6,0.04556061285694584,7,0.045560612856921215,30.462435785944898,1.7981188559107135,28.664316187712757,7.423214244903768e-07,0.0,0
201.088,0.5981999736993228,0.6455250409029775,1.5579640714687597,1e-12,1e-12,1e-12,0.0,-0.0006595658361106799,0.6,0.6,0.045560612856950275,7,0.045560612856921215,30.462435785944898,1.7981188559107135,28.664316187712757,7.423214244903768e-07,0.0,0
201.188,0.5981999736993228,0.6455250409029819,1.557898114926232,1e-12,1e-12,1e-12,0.0,-0.0006595650827941626,0.6,0.6,0.045560612856954716,7,0.04556061285694584,30.462435785945125,1.7981188559126395,28.664316187712757,7.423197288213437e-07,0.0,0
201.288,0.5981999736993228,0.6455250409029859,1.5578321584416985,1e-12,1e-12,1e-12,0.0,-0.0006595650827941626,0.6,0.6,0.045560612856958706,7,0.04556061285694584,30.462435785945125,1.7981188559126395,28.664316187712757,7.423197288213437e-07,0.0,0
201.388,0.5981999736993228,0.6455250409029899,1.5577662019571656,1e-12,1e-12,1e-12,0.0,-0.0006595650827941626,0.6,0.6,0.0455606128569627,7,0.04556061285694584,30.462435785945125,1.7981188559126395,28.664316187712757,7.423197288213437e-07,0.0,0
201.488,0.5981999736993228,0.6455250409029941,1.557700245472633,1e-12,1e-12,1e-12,0.0,-0.0006595650827941626,0.6,0.6,0.04556061285696692,7,0.04556061285694584,30.462435785945125,1.7981188559126395,28.664316187712757,7.423197288213437e-07,0.0,0
201.588,0.5981999736993228,0.6455250409029981,1.557634288988098,1e-12,1e-12,1e-12,0.0,-0.0006595650827941626,0.6,0.6,0.04556061285697091,7,0.04556061285694584,30.462435785945125,1.7981188559126395,28.664316187712757,7.423197288213437e-07,0.0,0
201.688,0.5981999736993228,0.645525040903003,1.5575683325404772,1e-12,1e-12,1e-12,0.0,-0.0006595643294785423,0.6,0.6,0.045560612856975796,7,0.04556061285696692,30.462435785945203,1.7981188559144141,28.664316187712757,7.423180331564548e-07,0.0,0
201.788,0.5981999736993228,0.6455250409030092,1.5575023761312754,1e-12,1e-12,1e-12,0.0,-0.0006595643294785423,0.6,0.6,0.045560612856982007,7,0.04556061285696692,30.462435785945203,1.7981188559144141,28.664316187712757,7.423180331564548e-07,0.0,0
201.888,0.5981999736993228,0.6455250409030148,1.5574364197220736,1e-12,1e-12,1e-12,0.0,-0.0006595643294785423,0.6,0.6,0.04556061285698755,7,0.04556061285696692,30.462435785945203,1.7981188559144141,28.664316187712757,7.423180331564548e-07,0.0,0
201.988,0.5981999736993228,0.6455250409030208,1.5573704633128718,1e-12,1e-12,1e-12,0.0,-0.0006595643294785423,0.6,0.6,0.045560612856993546,7,0.04556061285696692,30.462435785945203,1.7981188559144141,28.664316187712757,7.423180331564548e-07,0.0,0
202.088,0.5981999736993228,0.6455250409030263,1.5573045069036697,1e-12,1e-12,1e-12,0.0,-0.0006595643294785423,0.6,0.6,0.04556061285699909,7,0.04556061285696692,30.462435785945203,1.7981188559144141,28.664316187712757,7.423180331564548e-07,0.0,0
202.188,0.5981999736993228,0.6455250409030308,1.5572385505246025,1e-12,1e-12,1e-12,0.0,-0.0006595635761636201,0.6,0.6,0.045560612857003524,7,0.045560612856993546,30.462435785945434,1.7981188559163397,28.664316187712757,7.423163374947364e-07,0.0,0
202.288,0.5981999736993228,0.6455250409030321,1.5571725941907333,1e-12,1e-12,1e-12,0.0,-0.0006595635761636201,0.6,0.6,0.045560612857004856,7,0.045560612856993546,30.462435785945434,1.7981188559163397,28.664316187712757,7.423163374947364e-07,0.0,0
202.388,0.5981999736993228,0.6455250409030334,1.5571066378568639,1e-12,1e-12,1e-12,0.0,-0.0006595635761636201,0.6,0.6,0.04556061285700619,7,0.045560612856993546,30.462435785945434,1.7981188559163397,28.664316187712757,7.423163374947364e-07,0.0,0
202.488,0.5981999736993228,0.6455250409030345,1.557040681522996,1e-12,1e-12,1e-12,0.0,-0.0006595635761636201,0.6,0.6,0.0455606128570073,7,0.045560612856993546,30.462435785945434,1.7981188559163397,28.664316187712757,7.423163374947364e-07,0.0,0
202.588,0.5981999736993228,0.6455250409030359,1.5569747251891268,1e-12,1e-12,1e-12,0.0,-0.0006595635761636201,0.6,0.6,0.04556061285700863,7,0.045560612856993546,30.462435785945434,1.7981188559163397,28.664316187712757,7.423163374947364e-07,0.0,0
202.688,0.5981999736993228,0.6455250409030485,1.5569087689050711,1e-12,1e-12,1e-12,0.0,-0.0006595628228496884,0.6,0.6,0.045560612857021274,7,0.0455606128570073,30.462435785944905,1.7981188559175043,28.664316187712757,7.423146418373692e-07,0.0,0
202.788,0.5981999736993228,0.645525040903067,1.5568428126466762,1e-12,1e-12,1e-12,0.0,-0.0006595628228496884,0.6,0.6,0.04556061285703969,7,0.0455606128570073,30.462435785944905,1.7981188559175043,28.664316187712757,7.423146418373692e-07,0.0,0
202.888,0.5981999736993228,0.6455250409030849,1.5567768563882816,1e-12,1e-12,1e-12,0.0,-0.0006595628228496884,0.6,0.6,0.04556061285705766,7,0.0455606128570073,30.462435785944905,1.7981188559175043,28.664316187712757,7.423146418373692e-07,0.0,0
202.988,0.5981999736993228,0.6455250409031034,1.5567109001298867,1e-12,1e-12,1e-12,0.0,-0.0006595628228496884,0.6,0.6,0.04556061285707608,7,0.0455606128570073,30.462435785944905,1.7981188559175043,28.664316187712757,7.423146418373692e-07,0.0,0
203.088,0.5981999736993228,0.6455250409031218,1.5566449438714913,1e-12,1e-12,1e-12,0.0,-0.0006595628228496884,0.6,0.6,0.04556061285709449,7,0.0455606128570073,30.462435785944905,1.7981188559175043,28.664316187712757,7.423146418373692e-07,0.0,0
203.188,0.5981999736993228,0.6455250409031404,1.5565789876417173,1e-12,1e-12,1e-12,0.0,-0.0006595620695364977,0.6,0.6,0.04556061285711313,7,0.04556061285707608,30.462435785948475,1.7981188559227745,28.664316187712757,7.423129461836197e-07,0.0,0
203.288,0.5981999736993228,0.6455250409031602,1.5565130314586422,1e-12,1e-12,1e-12,0.0,-0.0006595620695364977,0.6,0.6,0.04556061285713288,7,0.04556061285707608,30.462435785948475,1.7981188559227745,28.664316187712757,7.423129461836197e-07,0.0,0
203.388,0.5981999736993228,0.64552504090318,1.5564470752755675,1e-12,1e-12,1e-12,0.0,-0.0006595620695364977,0.6,0.6,0.04556061285715263,7,0.04556061285707608,30.462435785948475,1.7981188559227745,28.664316187712757,7.423129461836197e-07,0.0,0
203.488,0.5981999736993228,0.6455250409031997,1.5563811190924932,1e-12,1e-12,1e-12,0.0,-0.0006595620695364977,0.6,0.6,0.04556061285717237,7,0.04556061285707608,30.462435785948475,1.7981188559227745,28.664316187712757,7.423129461836197e-07,0.0,0
203.588,0.5981999736993228,0.6455250409032193,1.5563151629094176,1e-12,1e-12,1e-12,0.0,-0.0006595620695364977,0.6,0.6,0.045560612857191894,7,0.04556061285707608,30.462435785948475,1.7981188559227745,28.664316187712757,7.423129461836197e-07,0.0,0
203.688,0.5981999736993228,0.6455250409032393,1.5562492067632514,1e-12,1e-12,1e-12,0.0,-0.0006595613162244049,0.6,0.6,0.045560612857211864,7,0.04556061285717237,30.462435785954185,1.798118855930178,28.664316187712757,7.423112505342887e-07,0.0,0
203.788,0.5981999736993228,0.6455250409032597,1.5561832506555027,1e-12,1e-12,1e-12,0.0,-0.0006595613162244049,0.6,0.6,0.04556061285723228,7,0.04556061285717237,30.462435785954185,1.798118855930178,28.664316187712757,7.423112505342887e-07,0.0,0
203.888,0.5981999736993228,0.6455250409032799,1.5561172945477522,1e-12,1e-12,1e-12,0.0,-0.0006595613162244049,0.6,0.6,0.045560612857252464,7,0.04556061285717237,30.462435785954185,1.798118855930178,28.664316187712757,7.423112505342887e-07,0.0,0
203.988,0.5981999736993228,0.6455250409032999,1.5560513384400014,1e-12,1e-12,1e-12,0.0,-0.0006595613162244049,0.6,0.6,0.045560612857272434,7,0.04556061285717237,30.462435785954185,1.798118855930178,28.664316187712757,7.423112505342887e-07,0.0,0
204.088,0.5981999736993228,0.6455250409033201,1.5559853823322511,1e-12,1e-12,1e-12,0.0,-0.0006595613162244049,0.6,0.6,0.045560612857292626,7,0.04556061285717237,30.462435785954185,1.798118855930178,28.664316187712757,7.423112505342887e-07,0.0,0
204.188,0.5981999736993228,0.6455250409033387,1.5559194262719593,1e-12,1e-12,1e-12,0.0,-0.0006595605629131415,0.6,0.6,0.045560612857311264,7,0.045560612857272434,30.462435785960146,1.7981188559378318,28.664316187712757,7.423095548887737e-07,0.0,0
204.288,0.5981999736993228,0.6455250409033576,1.5558534702395417,1e-12,1e-12,1e-12,0.0,-0.0006595605629131415,0.6,0.6,0.045560612857330124,7,0.045560612857272434,30.462435785960146,1.7981188559378318,28.664316187712757,7.423095548887737e-07,0.0,0
204.388,0.5981999736993228,0.6455250409033763,1.5557875142071238,1e-12,1e-12,1e-12,0.0,-0.0006595605629131415,0.6,0.6,0.04556061285734876,7,0.045560612857272434,30.462435785960146,1.7981188559378318,28.664316187712757,7.423095548887737e-07,0.0,0
204.488,0.5981999736993228,0.6455250409033942,1.555721558174706,1e-12,1e-12,1e-12,0.0,-0.0006595605629131415,0.6,0.6,0.045560612857366733,7,0.045560612857272434,30.462435785960146,1.7981188559378318,28.664316187712757,7.423095548887737e-07,0.0,0
204.588,0.5981999736993228,0.6455250409034127,1.5556556021422876,1e-12,1e-12,1e-12,0.0,-0.0006595605629131415,0.6,0.6,0.04556061285738514,7,0.045560612857272434,30.462435785960146,1.7981188559378318,28.664316187712757,7.423095548887737e-07,0.0,0
204.688,0.5981999736993228,0.6455250409034315,1.5555896461158931,1e-12,1e-12,1e-12,0.0,-0.0006595598096027313,0.6,0.6,0.045560612857404,7,0.045560612857366733,30.462435785965745,1.79811885594513,28.664316187712757,7.4230785924695e-07,0.0,0
204.788,0.5981999736993228,0.6455250409034538,1.555523690158789,1e-12,1e-12,1e-12,0.0,-0.0006595598096027313,0.6,0.6,0.04556061285742619,7,0.045560612857366733,30.462435785965745,1.79811885594513,28.664316187712757,7.4230785924695e-07,0.0,0
204.888,0.5981999736993228,0.645525040903476,1.555457734201682,1e-12,1e-12,1e-12,0.0,-0.0006595598096027313,0.6,0.6,0.045560612857448377,7,0.045560612857366733,30.462435785965745,1.79811885594513,28.664316187712757,7.4230785924695e-07,0.0,0
204.988,0.5981999736993228,0.6455250409034982,1.5553917782445774,1e-12,1e-12,1e-12,0.0,-0.0006595598096027313,0.6,0.6,0.04556061285747057,7,0.045560612857366733,30.462435785965745,1.79811885594513,28.664316187712757,7.4230785924695e-07,0.0,0
205.088,0.5981999736993228,0.6455250409035204,1.5553258222874715,1e-12,1e-12,1e-12,0.0,-0.0006595598096027313,0.6,0.6,0.04556061285749275,7,0.045560612857366733,30.462435785965745,1.79811885594513,28.664316187712757,7.4230785924695e-07,0.0,0
205.188,0.5981999736993228,0.6455250409035399,1.5552598663665242,1e-12,1e-12,1e-12,0.0,-0.0006595590562932985,0.6,0.6,0.04556061285751228,7,0.04556061285747057,30.46243578597201,1.7981188559530872,28.664316187712757,7.423061636094516e-07,0.0,0
205.288,0.5981999736993228,0.6455250409035563,1.5551939104847514,1e-12,1e-12,1e-12,0.0,-0.0006595590562932985,0.6,0.6,0.045560612857528694,7,0.04556061285747057,30.46243578597201,1.7981188559530872,28.664316187712757,7.423061636094516e-07,0.0,0
205.388,0.5981999736993228,0.645525040903573,1.5551279546029777,1e-12,1e-12,1e-12,0.0,-0.0006595590562932985,0.6,0.6,0.045560612857545334,7,0.04556061285747057,30.46243578597201,1.7981188559530872,28.664316187712757,7.423061636094516e-07,0.0,0
205.488,0.5981999736993228,0.6455250409035894,1.5550619987212038,1e-12,1e-12,1e-12,0.0,-0.0006595590562932985,0.6,0.6,0.04556061285756176,7,0.04556061285747057,30.46243578597201,1.7981188559530872,28.664316187712757,7.423061636094516e-07,0.0,0
205.588,0.5981999736993228,0.6455250409036059,1.554996042839431,1e-12,1e-12,1e-12,0.0,-0.0006595590562932985,0.6,0.6,0.045560612857578175,7,0.04556061285747057,30.46243578597201,1.7981188559530872,28.664316187712757,7.423061636094516e-07,0.0,0
205.688,0.5981999736993228,0.6455250409036232,1.5549300869847769,1e-12,1e-12,1e-12,0.0,-0.0006595583029844594,0.6,0.6,0.04556061285759548,7,0.04556061285756176,30.462435785977355,1.79811885596013,28.664316187712757,7.423044679750632e-07,0.0,0
205.788,0.5981999736993228,0.6455250409036423,1.5548641311783369,1e-12,1e-12,1e-12,0.0,-0.0006595583029844594,0.6,0.6,0.04556061285761456,7,0.04556061285756176,30.462435785977355,1.79811885596013,28.664316187712757,7.423044679750632e-07,0.0,0
205.888,0.5981999736993228,0.6455250409036616,1.554798175371897,1e-12,1e-12,1e-12,0.0,-0.0006595583029844594,0.6,0.6,0.04556061285763386,7,0.04556061285756176,30.462435785977355,1.79811885596013,28.664316187712757,7.423044679750632e-07,0.0,0
205.988,0.5981999736993228,0.6455250409036807,1.5547322195654567,1e-12,1e-12,1e-12,0.0,-0.0006595583029844594,0.6,0.6,0.04556061285765294,7,0.04556061285756176,30.462435785977355,1.79811885596013,28.664316187712757,7.423044679750632e-07,0.0,0
206.088,0.5981999736993228,0.6455250409036998,1.5546662637590167,1e-12,1e-12,1e-12,0.0,-0.0006595583029844594,0.6,0.6,0.045560612857672024,7,0.04556061285756176,30.462435785977355,1.79811885596013,28.664316187712757,7.423044679750632e-07,0.0,0
206.188,0.5981999736993228,0.6455250409037191,1.554600307971626,1e-12,1e-12,1e-12,0.0,-0.0006595575407791851,0.6,0.6,0.04556061285769133,7,0.04556061285765294,30.462435785982684,1.798118855967176,28.664316187712757,7.423027523175341e-07,0.0,0
206.288,0.5981999736993228,0.6455250409037375,1.5545343522413853,1e-12,1e-12,1e-12,0.0,-0.0006595575407791851,0.6,0.6,0.045560612857709744,7,0.04556061285765294,30.462435785982684,1.798118855967176,28.664316187712757,7.423027523175341e-07,0.0,0
206.388,0.5981999736993228,0.6455250409037562,1.5544683965111448,1e-12,1e-12,1e-12,0.0,-0.0006595575407791851,0.6,0.6,0.04556061285772838,7,0.04556061285765294,30.462435785982684,1.798118855967176,28.664316187712757,7.423027523175341e-07,0.0,0
206.488,0.5981999736993228,0.6455250409037748,1.5544024407809045,1e-12,1e-12,1e-12,0.0,-0.0006595575407791851,0.6,0.6,0.04556061285774702,7,0.04556061285765294,30.462435785982684,1.798118855967176,28.664316187712757,7.423027523175341e-07,0.0,0
206.588,0.5981999736993228,0.6455250409037935,1.554336485050664,1e-12,1e-12,1e-12,0.0,-0.0006595575407791851,0.6,0.6,0.04556061285776566,7,0.04556061285765294,30.462435785982684,1.798118855967176,28.664316187712757,7.423027523175341e-07,0.0,0
206.688,0.5981999736993228,0.6455250409038119,1.5542705293490493,1e-12,1e-12,1e-12,0.0,-0.0006595567874721632,0.6,0.6,0.04556061285778407,7,0.04556061285774702,30.462435785988035,1.7981188559742214,28.664316187712757,7.423010566911567e-07,0.0,0
206.788,0.5981999736993228,0.6455250409038306,1.554204573694141,1e-12,1e-12,1e-12,0.0,-0.0006595567874721632,0.6,0.6,0.045560612857802704,7,0.04556061285774702,30.462435785988035,1.7981188559742214,28.664316187712757,7.423010566911567e-07,0.0,0
206.888,0.5981999736993228,0.6455250409038494,1.5541386180392331,1e-12,1e-12,1e-12,0.0,-0.0006595567874721632,0.6,0.6,0.045560612857821564,7,0.04556061285774702,30.462435785988035,1.7981188559742214,28.664316187712757,7.423010566911567e-07,0.0,0
206.988,0.5981999736993228,0.6455250409038681,1.554072662384326,1e-12,1e-12,1e-12,0.0,-0.0006595567874721632,0.6,0.6,0.0455606128578402,7,0.04556061285774702,30.462435785988035,1.7981188559742214,28.664316187712757,7.423010566911567e-07,0.0,0
207.088,0.5981999736993228,0.6455250409038867,1.5540067067294183,1e-12,1e-12,1e-12,0.0,-0.0006595567874721632,0.6,0.6,0.04556061285785884,7,0.04556061285774702,30.462435785988035,1.7981188559742214,28.664316187712757,7.423010566911567e-07,0.0,0
207.188,0.5981999736993228,0.6455250409039065,1.553940751107651,1e-12,1e-12,1e-12,0.0,-0.0006595560341663267,0.6,0.6,0.04556061285787859,7,0.0455606128578402,30.462435785993534,1.7981188559814174,28.664316187712757,7.422993610693928e-07,0.0,0
207.288,0.5981999736993228,0.6455250409039283,1.5538747955280618,1e-12,1e-12,1e-12,0.0,-0.0006595560341663267,0.6,0.6,0.04556061285790033,7,0.0455606128578402,30.462435785993534,1.7981188559814174,28.664316187712757,7.422993610693928e-07,0.0,0
207.388,0.5981999736993228,0.64552504090395,1.5538088399484717,1e-12,1e-12,1e-12,0.0,-0.0006595560341663267,0.6,0.6,0.045560612857922074,7,0.0455606128578402,30.462435785993534,1.7981188559814174,28.664316187712757,7.422993610693928e-07,0.0,0
207.488,0.5981999736993228,0.6455250409039718,1.5537428843688814,1e-12,1e-12,1e-12,0.0,-0.0006595560341663267,0.6,0.6,0.04556061285794382,7,0.0455606128578402,30.462435785993534,1.7981188559814174,28.664316187712757,7.422993610693928e-07,0.0,0
207.588,0.5981999736993228,0.6455250409039933,1.5536769287892922,1e-12,1e-12,1e-12,0.0,-0.0006595560341663267,0.6,0.6,0.04556061285796534,7,0.0455606128578402,30.462435785993534,1.7981188559814174,28.664316187712757,7.422993610693928e-07,0.0,0
207.688,0.5981999736993228,0.6455250409040146,1.5536109732217558,1e-12,1e-12,1e-12,0.0,-0.0006595552808611911,0.6,0.6,0.04556061285798664,7,0.04556061285794382,30.4624357859999,1.79811885598948,28.664316187712757,7.422976654511569e-07,0.0,0
207.788,0.5981999736993228,0.6455250409040324,1.5535450177174912,1e-12,1e-12,1e-12,0.0,-0.0006595552808611911,0.6,0.6,0.04556061285800439,7,0.04556061285794382,30.4624357859999,1.79811885598948,28.664316187712757,7.422976654511569e-07,0.0,0
207.888,0.5981999736993228,0.6455250409040504,1.553479062213229,1e-12,1e-12,1e-12,0.0,-0.0006595552808611911,0.6,0.6,0.04556061285802236,7,0.04556061285794382,30.4624357859999,1.79811885598948,28.664316187712757,7.422976654511569e-07,0.0,0
207.988,0.5981999736993228,0.6455250409040681,1.5534131067089647,1e-12,1e-12,1e-12,0.0,-0.0006595552808611911,0.6,0.6,0.04556061285804011,7,0.04556061285794382,30.4624357859999,1.79811885598948,28.664316187712757,7.422976654511569e-07,0.0,0
208.088,0.5981999736993228,0.6455250409040859,1.553347151204701,1e-12,1e-12,1e-12,0.0,-0.0006595552808611911,0.6,0.6,0.04556061285805786,7,0.04556061285794382,30.4624357859999,1.79811885598948,28.664316187712757,7.422976654511569e-07,0.0,0
208.188,0.5981999736993228,0.645525040904105,1.5532811957301644,1e-12,1e-12,1e-12,0.0,-0.0006595545186593004,0.6,0.6,0.04556061285807694,7,0.04556061285804011,30.462435786005482,1.798118855996777,28.664316187712757,7.422959498091533e-07,0.0,0
208.288,0.5981999736993228,0.6455250409041272,1.5532152403021215,1e-12,1e-12,1e-12,0.0,-0.0006595545186593004,0.6,0.6,0.04556061285809913,7,0.04556061285804011,30.462435786005482,1.798118855996777,28.664316187712757,7.422959498091533e-07,0.0,0
208.388,0.5981999736993228,0.6455250409041494,1.5531492848740789,1e-12,1e-12,1e-12,0.0,-0.0006595545186593004,0.6,0.6,0.04556061285812132,7,0.04556061285804011,30.462435786005482,1.798118855996777,28.664316187712757,7.422959498091533e-07,0.0,0
208.488,0.5981999736993228,0.6455250409041716,1.553083329446037,1e-12,1e-12,1e-12,0.0,-0.0006595545186593004,0.6,0.6,0.0455606128581435,7,0.04556061285804011,30.462435786005482,1.798118855996777,28.664316187712757,7.422959498091533e-07,0.0,0
208.588,0.5981999736993228,0.6455250409041938,1.553017374017994,1e-12,1e-12,1e-12,0.0,-0.0006595545186593004,0.6,0.6,0.04556061285816569,7,0.04556061285804011,30.462435786005482,1.798118855996777,28.664316187712757,7.422959498091533e-07,0.0,0
208.688,0.5981999736993228,0.6455250409042145,1.5529514186204312,1e-12,1e-12,1e-12,0.0,-0.0006595537564585033,0.6,0.6,0.04556061285818632,7,0.0455606128581435,30.462435786011827,1.7981188560048365,28.664316187712757,7.42294234171605e-07,0.0,0
208.788,0.5981999736993228,0.6455250409042327,1.5528854632685856,1e-12,1e-12,1e-12,0.0,-0.0006595537564585033,0.6,0.6,0.045560612858204515,7,0.0455606128581435,30.462435786011827,1.7981188560048365,28.664316187712757,7.42294234171605e-07,0.0,0
208.888,0.5981999736993228,0.6455250409042511,1.5528195079167426,1e-12,1e-12,1e-12,0.0,-0.0006595537564585033,0.6,0.6,0.04556061285822293,7,0.0455606128581435,30.462435786011827,1.7981188560048365,28.664316187712757,7.42294234171605e-07,0.0,0
208.988,0.5981999736993228,0.6455250409042691,1.5527535525648983,1e-12,1e-12,1e-12,0.0,-0.0006595537564585033,0.6,0.6,0.0455606128582409,7,0.0455606128581435,30.462435786011827,1.7981188560048365,28.664316187712757,7.42294234171605e-07,0.0,0
209.088,0.5981999736993228,0.6455250409042875,1.5526875972130538,1e-12,1e-12,1e-12,0.0,-0.0006595537564585033,0.6,0.6,0.04556061285825932,7,0.0455606128581435,30.462435786011827,1.7981188560048365,28.664316187712757,7.42294234171605e-07,0.0,0
209.188,0.5981999736993228,0.6455250409043073,1.55262164188757,1e-12,1e-12,1e-12,0.0,-0.0006595530031559893,0.6,0.6,0.045560612858279066,7,0.0455606128582409,30.462435786017686,1.7981188560123895,28.664316187712757,7.422925385651605e-07,0.0,0
209.288,0.5981999736993228,0.6455250409043295,1.5525556866110397,1e-12,1e-12,1e-12,0.0,-0.0006595530031559893,0.6,0.6,0.04556061285830125,7,0.0455606128582409,30.462435786017686,1.7981188560123895,28.664316187712757,7.422925385651605e-07,0.0,0
209.388,0.5981999736993228,0.6455250409043517,1.5524897313345116,1e-12,1e-12,1e-12,0.0,-0.0006595530031559893,0.6,0.6,0.04556061285832344,7,0.0455606128582409,30.462435786017686,1.7981188560123895,28.664316187712757,7.422925385651605e-07,0.0,0
209.488,0.5981999736993228,0.6455250409043739,1.552423776057983,1e-12,1e-12,1e-12,0.0,-0.0006595530031559893,0.6,0.6,0.045560612858345624,7,0.0455606128582409,30.462435786017686,1.7981188560123895,28.664316187712757,7.422925385651605e-07,0.0,0
209.588,0.5981999736993228,0.6455250409043961,1.5523578207814537,1e-12,1e-12,1e-12,0.0,-0.0006595530031559893,0.6,0.6,0.045560612858367815,7,0.0455606128582409,30.462435786017686,1.7981188560123895,28.664316187712757,7.422925385651605e-07,0.0,0
209.688,0.5981999736993228,0.6455250409044172,1.5522918655320441,1e-12,1e-12,1e-12,0.0,-0.0006595522498546347,0.6,0.6,0.04556061285838889,7,0.045560612858345624,30.462435786023843,1.7981188560202424,28.664316187712757,7.422908429632731e-07,0.0,0
209.788,0.5981999736993228,0.6455250409044347,1.5522259103308464,1e-12,1e-12,1e-12,0.0,-0.0006595522498546347,0.6,0.6,0.045560612858406416,7,0.045560612858345624,30.462435786023843,1.7981188560202424,28.664316187712757,7.422908429632731e-07,0.0,0
209.888,0.5981999736993228,0.645525040904453,1.552159955129647,1e-12,1e-12,1e-12,0.0,-0.0006595522498546347,0.6,0.6,0.04556061285842461,7,0.045560612858345624,30.462435786023843,1.7981188560202424,28.664316187712757,7.422908429632731e-07,0.0,0
209.988,0.5981999736993228,0.6455250409044712,1.552093999928449,1e-12,1e-12,1e-12,0.0,-0.0006595522498546347,0.6,0.6,0.0455606128584428,7,0.045560612858345624,30.462435786023843,1.7981188560202424,28.664316187712757,7.422908429632731e-07,0.0,0
210.088,0.5981999736993228,0.6455250409044891,1.5520280447272514,1e-12,1e-12,1e-12,0.0,-0.0006595522498546347,0.6,0.6,0.045560612858460775,7,0.045560612858345624,30.462435786023843,1.7981188560202424,28.664316187712757,7.422908429632731e-07,0.0,0
210.188,0.5981999736993228,0.645525040904508,1.5519620895750186,1e-12,1e-12,1e-12,0.0,-0.0006595514965539666,0.6,0.6,0.045560612858479635,7,0.0455606128584428,30.462435786029697,1.798118856027794,28.664316187712757,7.422891473648799e-07,0.0,0
210.288,0.5981999736993228,0.6455250409045276,1.551896134449153,1e-12,1e-12,1e-12,0.0,-0.0006595514965539666,0.6,0.6,0.04556061285849916,7,0.0455606128584428,30.462435786029697,1.798118856027794,28.664316187712757,7.422891473648799e-07,0.0,0
210.388,0.5981999736993228,0.6455250409045471,1.5518301793232878,1e-12,1e-12,1e-12,0.0,-0.0006595514965539666,0.6,0.6,0.04556061285851869,7,0.0455606128584428,30.462435786029697,1.798118856027794,28.664316187712757,7.422891473648799e-07,0.0,0
210.488,0.5981999736993228,0.6455250409045666,1.5517642241974239,1e-12,1e-12,1e-12,0.0,-0.0006595514965539666,0.6,0.6,0.04556061285853821,7,0.0455606128584428,30.462435786029697,1.798118856027794,28.664316187712757,7.422891473648799e-07,0.0,0
210.588,0.5981999736993228,0.6455250409045862,1.5516982690715588,1e-12,1e-12,1e-12,0.0,-0.0006595514965539666,0.6,0.6,0.04556061285855773,7,0.0455606128584428,30.462435786029697,1.798118856027794,28.664316187712757,7.422891473648799e-07,0.0,0
210.688,0.5981999736993228,0.6455250409046059,1.551632313962268,1e-12,1e-12,1e-12,0.0,-0.000659550743254145,0.6,0.6,0.04556061285857748,7,0.04556061285853821,30.4624357860353,1.7981188560350925,28.664316187712757,7.422874517703401e-07,0.0,0
210.788,0.5981999736993228,0.6455250409046257,1.5515663589117352,1e-12,1e-12,1e-12,0.0,-0.000659550743254145,0.6,0.6,0.04556061285859723,7,0.04556061285853821,30.4624357860353,1.7981188560350925,28.664316187712757,7.422874517703401e-07,0.0,0
210.888,0.5981999736993228,0.6455250409046455,1.5515004038612041,1e-12,1e-12,1e-12,0.0,-0.000659550743254145,0.6,0.6,0.045560612858616976,7,0.04556061285853821,30.4624357860353,1.7981188560350925,28.664316187712757,7.422874517703401e-07,0.0,0
210.988,0.5981999736993228,0.645525040904665,1.5514344488106728,1e-12,1e-12,1e-12,0.0,-0.000659550743254145,0.6,0.6,0.0455606128586365,7,0.04556061285853821,30.4624357860353,1.7981188560350925,28.664316187712757,7.422874517703401e-07,0.0,0
211.088,0.5981999736993228,0.6455250409046848,1.55136849376014,1e-12,1e-12,1e-12,0.0,-0.000659550743254145,0.6,0.6,0.045560612858656244,7,0.04556061285853821,30.4624357860353,1.7981188560350925,28.664316187712757,7.422874517703401e-07,0.0,0
211.188,0.5981999736993228,0.6455250409047039,1.5513025387442518,1e-12,1e-12,1e-12,0.0,-0.0006595499899551428,0.6,0.6,0.045560612858675326,7,0.0455606128586365,30.46243578604111,1.7981188560425954,28.664316187712757,7.422857561794179e-07,0.0,0
211.288,0.5981999736993228,0.6455250409047218,1.5512365837690292,1e-12,1e-12,1e-12,0.0,-0.0006595499899551428,0.6,0.6,0.0455606128586933,7,0.0455606128586365,30.46243578604111,1.7981188560425954,28.664316187712757,7.422857561794179e-07,0.0,0
211.388,0.5981999736993228,0.6455250409047398,1.5511706287938107,1e-12,1e-12,1e-12,0.0,-0.0006595499899551428,0.6,0.6,0.04556061285871127,7,0.0455606128586365,30.46243578604111,1.7981188560425954,28.664316187712757,7.422857561794179e-07,0.0,0
211.488,0.5981999736993228,0.6455250409047578,1.55110467381859,1e-12,1e-12,1e-12,0.0,-0.0006595499899551428,0.6,0.6,0.04556061285872924,7,0.0455606128586365,30.46243578604111,1.7981188560425954,28.664316187712757,7.422857561794179e-07,0.0,0
211.588,0.5981999736993228,0.6455250409047756,1.5510387188433687,1e-12,1e-12,1e-12,0.0,-0.0006595499899551428,0.6,0.6,0.04556061285874699,7,0.0455606128586365,30.46243578604111,1.7981188560425954,28.664316187712757,7.422857561794179e-07,0.0,0
211.688,0.5981999736993228,0.6455250409047951,1.5509727638922546,1e-12,1e-12,1e-12,0.0,-0.0006595492366568331,0.6,0.6,0.04556061285876652,7,0.04556061285872924,30.462435786046612,1.7981188560497925,28.664316187712757,7.422840605921792e-07,0.0,0
211.788,0.5981999736993228,0.6455250409048173,1.5509068089923663,1e-12,1e-12,1e-12,0.0,-0.0006595492366568331,0.6,0.6,0.0455606128587887,7,0.04556061285872924,30.462435786046612,1.7981188560497925,28.664316187712757,7.422840605921792e-07,0.0,0
211.888,0.5981999736993228,0.6455250409048395,1.550840854092479,1e-12,1e-12,1e-12,0.0,-0.0006595492366568331,0.6,0.6,0.04556061285881089,7,0.04556061285872924,30.462435786046612,1.7981188560497925,28.664316187712757,7.422840605921792e-07,0.0,0
211.988,0.5981999736993228,0.6455250409048617,1.5507748991925914,1e-12,1e-12,1e-12,0.0,-0.0006595492366568331,0.6,0.6,0.045560612858833074,7,0.04556061285872924,30.462435786046612,1.7981188560497925,28.664316187712757,7.422840605921792e-07,0.0,0
212.088,0.5981999736993228,0.6455250409048839,1.5507089442927027,1e-12,1e-12,1e-12,0.0,-0.0006595492366568331,0.6,0.6,0.045560612858855265,7,0.04556061285872924,30.462435786046612,1.7981188560497925,28.664316187712757,7.422840605921792e-07,0.0,0
212.188,0.5981999736993228,0.6455250409049033,1.5506429894495382,1e-12,1e-12,1e-12,0.0,-0.0006595485182815429,0.6,0.6,0.04556061285887457,7,0.045560612858833074,30.462435786053053,1.7981188560578525,28.664316187712757,7.422824436144266e-07,0.0,0
212.288,0.5981999736993228,0.6455250409049219,1.5505770346214522,1e-12,1e-12,1e-12,0.0,-0.0006595485182815429,0.6,0.6,0.04556061285889321,7,0.045560612858833074,30.462435786053053,1.7981188560578525,28.664316187712757,7.422824436144266e-07,0.0,0
212.388,0.5981999736993228,0.6455250409049403,1.550511079793367,1e-12,1e-12,1e-12,0.0,-0.0006595485182815429,0.6,0.6,0.04556061285891162,7,0.045560612858833074,30.462435786053053,1.7981188560578525,28.664316187712757,7.422824436144266e-07,0.0,0
212.488,0.5981999736993228,0.6455250409049588,1.5504451249652798,1e-12,1e-12,1e-12,0.0,-0.0006595485182815429,0.6,0.6,0.04556061285893003,7,0.045560612858833074,30.462435786053053,1.7981188560578525,28.664316187712757,7.422824436144266e-07,0.0,0
212.588,0.5981999736993228,0.645525040904977,1.5503791701371927,1e-12,1e-12,1e-12,0.0,-0.0006595485182815429,0.6,0.6,0.045560612858948225,7,0.045560612858833074,30.462435786053053,1.7981188560578525,28.664316187712757,7.422824436144266e-07,0.0,0
212.688,0.5981999736993228,0.6455250409049967,1.55031321533246,1e-12,1e-12,1e-12,0.0,-0.0006595477649849908,0.6,0.6,0.045560612858967973,7,0.04556061285893003,30.462435786058553,1.7981188560650474,28.664316187712757,7.422807480347739e-07,0.0,0
212.788,0.5981999736993228,0.6455250409050189,1.5502472605797055,1e-12,1e-12,1e-12,0.0,-0.0006595477649849908,0.6,0.6,0.045560612858990164,7,0.04556061285893003,30.462435786058553,1.7981188560650474,28.664316187712757,7.422807480347739e-07,0.0,0
212.888,0.5981999736993228,0.6455250409050409,1.5501813058269527,1e-12,1e-12,1e-12,0.0,-0.0006595477649849908,0.6,0.6,0.045560612859012126,7,0.04556061285893003,30.462435786058553,1.7981188560650474,28.664316187712757,7.422807480347739e-07,0.0,0
212.988,0.5981999736993228,0.6455250409050629,1.5501153510741994,1e-12,1e-12,1e-12,0.0,-0.0006595477649849908,0.6,0.6,0.045560612859034094,7,0.04556061285893003,30.462435786058553,1.7981188560650474,28.664316187712757,7.422807480347739e-07,0.0,0
213.088,0.5981999736993228,0.6455250409050849,1.5500493963214466,1e-12,1e-12,1e-12,0.0,-0.0006595477649849908,0.6,0.6,0.045560612859056056,7,0.04556061285893003,30.462435786058553,1.7981188560650474,28.664316187712757,7.422807480347739e-07,0.0,0
213.188,0.5981999736993228,0.6455250409051053,1.549983441598074,1e-12,1e-12,1e-12,0.0,-0.0006595470116895358,0.6,0.6,0.04556061285907647,7,0.045560612859034094,30.462435786064916,1.7981188560731072,28.664316187712757,7.422790524595378e-07,0.0,0
213.288,0.5981999736993228,0.6455250409051233,1.5499174869206533,1e-12,1e-12,1e-12,0.0,-0.0006595470116895358,0.6,0.6,0.04556061285909444,7,0.045560612859034094,30.462435786064916,1.7981188560731072,28.664316187712757,7.422790524595378e-07,0.0,0
213.388,0.5981999736993228,0.6455250409051413,1.549851532243233,1e-12,1e-12,1e-12,0.0,-0.0006595470116895358,0.6,0.6,0.045560612859112413,7,0.045560612859034094,30.462435786064916,1.7981188560731072,28.664316187712757,7.422790524595378e-07,0.0,0
213.488,0.5981999736993228,0.6455250409051593,1.5497855775658125,1e-12,1e-12,1e-12,0.0,-0.0006595470116895358,0.6,0.6,0.045560612859130385,7,0.045560612859034094,30.462435786064916,1.7981188560731072,28.664316187712757,7.422790524595378e-07,0.0,0
213.588,0.5981999736993228,0.645525040905177,1.5497196228883918,1e-12,1e-12,1e-12,0.0,-0.0006595470116895358,0.6,0.6,0.045560612859148135,7,0.045560612859034094,30.462435786064916,1.7981188560731072,28.664316187712757,7.422790524595378e-07,0.0,0
213.688,0.5981999736993228,0.6455250409051968,1.5496536682406898,1e-12,1e-12,1e-12,0.0,-0.0006595462494973884,0.6,0.6,0.04556061285916788,7,0.045560612859130385,30.4624357860707,1.798118856080606,28.664316187712757,7.422773368609279e-07,0.0,0
213.788,0.5981999736993228,0.645525040905219,1.54958771363947,1e-12,1e-12,1e-12,0.0,-0.0006595462494973884,0.6,0.6,0.04556061285919007,7,0.045560612859130385,30.4624357860707,1.798118856080606,28.664316187712757,7.422773368609279e-07,0.0,0
213.888,0.5981999736993228,0.6455250409052412,1.5495217590382495,1e-12,1e-12,1e-12,0.0,-0.0006595462494973884,0.6,0.6,0.04556061285921226,7,0.045560612859130385,30.4624357860707,1.798118856080606,28.664316187712757,7.422773368609279e-07,0.0,0
213.988,0.5981999736993228,0.6455250409052634,1.5494558044370281,1e-12,1e-12,1e-12,0.0,-0.0006595462494973884,0.6,0.6,0.04556061285923444,7,0.045560612859130385,30.4624357860707,1.798118856080606,28.664316187712757,7.422773368609279e-07,0.0,0
214.088,0.5981999736993228,0.6455250409052856,1.5493898498358076,1e-12,1e-12,1e-12,0.0,-0.0006595462494973884,0.6,0.6,0.04556061285925663,7,0.045560612859130385,30.4624357860707,1.798118856080606,28.664316187712757,7.422773368609279e-07,0.0,0
214.188,0.5981999736993228,0.6455250409053067,1.5493238952526662,1e-12,1e-12,1e-12,0.0,-0.0006595454962037151,0.6,0.6,0.045560612859277705,7,0.04556061285923444,30.462435786077016,1.7981188560886179,28.664316187712757,7.42275641293798e-07,0.0,0
214.288,0.5981999736993228,0.6455250409053254,1.5492579407267764,1e-12,1e-12,1e-12,0.0,-0.0006595454962037151,0.6,0.6,0.04556061285929634,7,0.04556061285923444,30.462435786077016,1.7981188560886179,28.664316187712757,7.42275641293798e-07,0.0,0
214.388,0.5981999736993228,0.6455250409053438,1.5491919862008894,1e-12,1e-12,1e-12,0.0,-0.0006595454962037151,0.6,0.6,0.04556061285931476,7,0.04556061285923444,30.462435786077016,1.7981188560886179,28.664316187712757,7.42275641293798e-07,0.0,0
214.488,0.5981999736993228,0.645525040905362,1.5491260316749993,1e-12,1e-12,1e-12,0.0,-0.0006595454962037151,0.6,0.6,0.04556061285933295,7,0.04556061285923444,30.462435786077016,1.7981188560886179,28.664316187712757,7.42275641293798e-07,0.0,0
214.588,0.5981999736993228,0.6455250409053807,1.5490600771491094,1e-12,1e-12,1e-12,0.0,-0.0006595454962037151,0.6,0.6,0.04556061285935159,7,0.04556061285923444,30.462435786077016,1.7981188560886179,28.664316187712757,7.42275641293798e-07,0.0,0
214.688,0.5981999736993228,0.6455250409054006,1.548994122655987,1e-12,1e-12,1e-12,0.0,-0.0006595447340134214,0.6,0.6,0.04556061285937156,7,0.04556061285933295,30.462435786082903,1.7981188560962194,28.664316187712757,7.422739257033246e-07,0.0,0
214.788,0.5981999736993228,0.6455250409054228,1.5489281682062983,1e-12,1e-12,1e-12,0.0,-0.0006595447340134214,0.6,0.6,0.045560612859393744,7,0.04556061285933295,30.462435786082903,1.7981188560962194,28.664316187712757,7.422739257033246e-07,0.0,0
214.888,0.5981999736993228,0.645525040905445,1.5488622137566124,1e-12,1e-12,1e-12,0.0,-0.0006595447340134214,0.6,0.6,0.045560612859415935,7,0.04556061285933295,30.462435786082903,1.7981188560962194,28.664316187712757,7.422739257033246e-07,0.0,0
214.988,0.5981999736993228,0.6455250409054673,1.5487962593069233,1e-12,1e-12,1e-12,0.0,-0.0006595447340134214,0.6,0.6,0.04556061285943812,7,0.04556061285933295,30.462435786082903,1.7981188560962194,28.664316187712757,7.422739257033246e-07,0.0,0
215.088,0.5981999736993228,0.6455250409054895,1.5487303048572358,1e-12,1e-12,1e-12,0.0,-0.0006595447340134214,0.6,0.6,0.04556061285946031,7,0.04556061285933295,30.462435786082903,1.7981188560962194,28.664316187712757,7.422739257033246e-07,0.0,0
215.188,0.5981999736993228,0.6455250409055092,1.5486643504410764,1e-12,1e-12,1e-12,0.0,-0.0006595439718239194,0.6,0.6,0.04556061285948006,7,0.04556061285943812,30.462435786089095,1.7981188561041277,28.664316187712757,7.422722101166293e-07,0.0,0
215.288,0.5981999736993228,0.6455250409055268,1.5485983960675884,1e-12,1e-12,1e-12,0.0,-0.0006595439718239194,0.6,0.6,0.045560612859497585,7,0.04556061285943812,30.462435786089095,1.7981188561041277,28.664316187712757,7.422722101166293e-07,0.0,0
215.388,0.5981999736993228,0.6455250409055441,1.5485324416941006,1e-12,1e-12,1e-12,0.0,-0.0006595439718239194,0.6,0.6,0.04556061285951489,7,0.04556061285943812,30.462435786089095,1.7981188561041277,28.664316187712757,7.422722101166293e-07,0.0,0
215.488,0.5981999736993228,0.6455250409055612,1.5484664873206135,1e-12,1e-12,1e-12,0.0,-0.0006595439718239194,0.6,0.6,0.045560612859531974,7,0.04556061285943812,30.462435786089095,1.7981188561041277,28.664316187712757,7.422722101166293e-07,0.0,0
215.588,0.5981999736993228,0.6455250409055785,1.5484005329471267,1e-12,1e-12,1e-12,0.0,-0.0006595439718239194,0.6,0.6,0.04556061285954928,7,0.04556061285943812,30.462435786089095,1.7981188561041277,28.664316187712757,7.422722101166293e-07,0.0,0
215.688,0.5981999736993228,0.6455250409055974,1.5483345786037725,1e-12,1e-12,1e-12,0.0,-0.0006595432185328431,0.6,0.6,0.04556061285956814,7,0.045560612859531974,30.4624357860948,1.7981188561115276,28.664316187712757,7.422705145610594e-07,0.0,0
215.788,0.5981999736993228,0.6455250409056194,1.5482686243056163,1e-12,1e-12,1e-12,0.0,-0.0006595432185328431,0.6,0.6,0.0455606128595901,7,0.045560612859531974,30.4624357860948,1.7981188561115276,28.664316187712757,7.422705145610594e-07,0.0,0
215.888,0.5981999736993228,0.6455250409056411,1.54820267000746,1e-12,1e-12,1e-12,0.0,-0.0006595432185328431,0.6,0.6,0.04556061285961185,7,0.045560612859531974,30.4624357860948,1.7981188561115276,28.664316187712757,7.422705145610594e-07,0.0,0
215.988,0.5981999736993228,0.6455250409056629,1.548136715709306,1e-12,1e-12,1e-12,0.0,-0.0006595432185328431,0.6,0.6,0.04556061285963359,7,0.045560612859531974,30.4624357860948,1.7981188561115276,28.664316187712757,7.422705145610594e-07,0.0,0
216.088,0.5981999736993228,0.6455250409056849,1.54807076141115,1e-12,1e-12,1e-12,0.0,-0.0006595432185328431,0.6,0.6,0.045560612859655555,7,0.045560612859531974,30.4624357860948,1.7981188561115276,28.664316187712757,7.422705145610594e-07,0.0,0
216.188,0.5981999736993228,0.6455250409057048,1.5480048071438792,1e-12,1e-12,1e-12,0.0,-0.000659542465242595,0.6,0.6,0.045560612859675526,7,0.04556061285963359,30.46243578610081,1.7981188561192294,28.664316187712757,7.422688190093032e-07,0.0,0
216.288,0.5981999736993228,0.6455250409057239,1.54793885292105,1e-12,1e-12,1e-12,0.0,-0.000659542465242595,0.6,0.6,0.0455606128596946,7,0.04556061285963359,30.46243578610081,1.7981188561192294,28.664316187712757,7.422688190093032e-07,0.0,0
216.388,0.5981999736993228,0.645525040905743,1.5478728986982233,1e-12,1e-12,1e-12,0.0,-0.000659542465242595,0.6,0.6,0.04556061285971368,7,0.04556061285963359,30.46243578610081,1.7981188561192294,28.664316187712757,7.422688190093032e-07,0.0,0
216.488,0.5981999736993228,0.6455250409057617,1.5478069444753941,1e-12,1e-12,1e-12,0.0,-0.000659542465242595,0.6,0.6,0.04556061285973232,7,0.04556061285963359,30.46243578610081,1.7981188561192294,28.664316187712757,7.422688190093032e-07,0.0,0
216.588,0.5981999736993228,0.6455250409057803,1.5477409902525672,1e-12,1e-12,1e-12,0.0,-0.000659542465242595,0.6,0.6,0.04556061285975096,7,0.04556061285963359,30.46243578610081,1.7981188561192294,28.664316187712757,7.422688190093032e-07,0.0,0
216.688,0.5981999736993228,0.6455250409057992,1.5476750360545932,1e-12,1e-12,1e-12,0.0,-0.0006595417119534256,0.6,0.6,0.04556061285976982,7,0.04556061285973232,30.46243578610666,1.7981188561267818,28.664316187712757,7.422671234620964e-07,0.0,0
216.788,0.5981999736993228,0.6455250409058172,1.5476090819070805,1e-12,1e-12,1e-12,0.0,-0.0006595417119534256,0.6,0.6,0.04556061285978779,7,0.04556061285973232,30.46243578610666,1.7981188561267818,28.664316187712757,7.422671234620964e-07,0.0,0
216.888,0.5981999736993228,0.645525040905835,1.5475431277595695,1e-12,1e-12,1e-12,0.0,-0.0006595417119534256,0.6,0.6,0.04556061285980554,7,0.04556061285973232,30.46243578610666,1.7981188561267818,28.664316187712757,7.422671234620964e-07,0.0,0
216.988,0.5981999736993228,0.6455250409058529,1.547477173612059,1e-12,1e-12,1e-12,0.0,-0.0006595417119534256,0.6,0.6,0.04556061285982351,7,0.04556061285973232,30.46243578610666,1.7981188561267818,28.664316187712757,7.422671234620964e-07,0.0,0
217.088,0.5981999736993228,0.6455250409058709,1.5474112194645477,1e-12,1e-12,1e-12,0.0,-0.0006595417119534256,0.6,0.6,0.04556061285984148,7,0.04556061285973232,30.46243578610666,1.7981188561267818,28.664316187712757,7.422671234620964e-07,0.0,0
217.188,0.5981999736993228,0.6455250409058905,1.5473452653501836,1e-12,1e-12,1e-12,0.0,-0.0006595409586648382,0.6,0.6,0.04556061285986101,7,0.04556061285982351,30.462435786112014,1.7981188561338284,28.664316187712757,7.422654279177995e-07,0.0,0
217.288,0.5981999736993228,0.645525040905912,1.5472793112780054,1e-12,1e-12,1e-12,0.0,-0.0006595409586648382,0.6,0.6,0.04556061285988253,7,0.04556061285982351,30.462435786112014,1.7981188561338284,28.664316187712757,7.422654279177995e-07,0.0,0
217.388,0.5981999736993228,0.6455250409059333,1.5472133572058275,1e-12,1e-12,1e-12,0.0,-0.0006595409586648382,0.6,0.6,0.04556061285990383,7,0.04556061285982351,30.462435786112014,1.7981188561338284,28.664316187712757,7.422654279177995e-07,0.0,0
217.488,0.5981999736993228,0.6455250409059549,1.547147403133649,1e-12,1e-12,1e-12,0.0,-0.0006595409586648382,0.6,0.6,0.04556061285992535,7,0.04556061285982351,30.462435786112014,1.7981188561338284,28.664316187712757,7.422654279177995e-07,0.0,0
217.588,0.5981999736993228,0.6455250409059764,1.5470814490614706,1e-12,1e-12,1e-12,0.0,-0.0006595409586648382,0.6,0.6,0.04556061285994687,7,0.04556061285982351,30.462435786112014,1.7981188561338284,28.664316187712757,7.422654279177995e-07,0.0,0
217.688,0.5981999736993228,0.6455250409059964,1.5470154950118928,1e-12,1e-12,1e-12,0.0,-0.0006595402053772833,0.6,0.6,0.04556061285996684,7,0.04556061285992535,30.462435786118174,1.7981188561416832,28.664316187712757,7.422637323779505e-07,0.0,0
217.788,0.5981999736993228,0.6455250409060148,1.5469495410150484,1e-12,1e-12,1e-12,0.0,-0.0006595402053772833,0.6,0.6,0.04556061285998526,7,0.04556061285992535,30.462435786118174,1.7981188561416832,28.664316187712757,7.422637323779505e-07,0.0,0
217.888,0.5981999736993228,0.6455250409060326,1.5468835870182027,1e-12,1e-12,1e-12,0.0,-0.0006595402053772833,0.6,0.6,0.04556061286000301,7,0.04556061285992535,30.462435786118174,1.7981188561416832,28.664316187712757,7.422637323779505e-07,0.0,0
217.988,0.5981999736993228,0.6455250409060523,1.5468176330213739,1e-12,1e-12,1e-12,0.0,-0.0006595402053772833,0.6,0.6,0.04556061286002275,7,0.04556061285992535,30.462435786118174,1.7981188561416832,28.664316187712757,7.422637323779505e-07,0.0,0
218.088,0.5981999736993228,0.6455250409060739,1.5467516790245686,1e-12,1e-12,1e-12,0.0,-0.0006595402053772833,0.6,0.6,0.04556061286004427,7,0.04556061285992535,30.462435786118174,1.7981188561416832,28.664316187712757,7.422637323779505e-07,0.0,0
218.188,0.5981999736993228,0.6455250409061001,1.546685725048928,1e-12,1e-12,1e-12,0.0,-0.000659539452090564,0.6,0.6,0.04556061286007045,7,0.04556061286002275,30.462435786123983,1.7981188561491863,28.664316187712757,7.422620368417537e-07,0.0,0
218.288,0.5981999736993228,0.6455250409061263,1.546619771127556,1e-12,1e-12,1e-12,0.0,-0.000659539452090564,0.6,0.6,0.04556061286009663,7,0.04556061286002275,30.462435786123983,1.7981188561491863,28.664316187712757,7.422620368417537e-07,0.0,0
218.388,0.5981999736993228,0.6455250409061525,1.5465538172061843,1e-12,1e-12,1e-12,0.0,-0.000659539452090564,0.6,0.6,0.045560612860122814,7,0.04556061286002275,30.462435786123983,1.7981188561491863,28.664316187712757,7.422620368417537e-07,0.0,0
218.488,0.5981999736993228,0.6455250409061785,1.5464878632848138,1e-12,1e-12,1e-12,0.0,-0.000659539452090564,0.6,0.6,0.04556061286014877,7,0.04556061286002275,30.462435786123983,1.7981188561491863,28.664316187712757,7.422620368417537e-07,0.0,0
218.588,0.5981999736993228,0.6455250409062047,1.5464219093634433,1e-12,1e-12,1e-12,0.0,-0.000659539452090564,0.6,0.6,0.04556061286017495,7,0.04556061286002275,30.462435786123983,1.7981188561491863,28.664316187712757,7.422620368417537e-07,0.0,0
218.688,0.5981999736993228,0.6455250409062318,1.5463559554737054,1e-12,1e-12,1e-12,0.0,-0.0006595386988045155,0.6,0.6,0.04556061286020202,7,0.04556061286014877,30.462435786131913,1.7981188561588137,28.664316187712757,7.422603413091923e-07,0.0,0
218.788,0.5981999736993228,0.6455250409062606,1.546290001627653,1e-12,1e-12,1e-12,0.0,-0.0006595386988045155,0.6,0.6,0.045560612860230866,7,0.04556061286014877,30.462435786131913,1.7981188561588137,28.664316187712757,7.422603413091923e-07,0.0,0
218.888,0.5981999736993228,0.6455250409062895,1.546224047781598,1e-12,1e-12,1e-12,0.0,-0.0006595386988045155,0.6,0.6,0.04556061286025971,7,0.04556061286014877,30.462435786131913,1.7981188561588137,28.664316187712757,7.422603413091923e-07,0.0,0
218.988,0.5981999736993228,0.6455250409063183,1.546158093935546,1e-12,1e-12,1e-12,0.0,-0.0006595386988045155,0.6,0.6,0.045560612860288556,7,0.04556061286014877,30.462435786131913,1.7981188561588137,28.664316187712757,7.422603413091923e-07,0.0,0
219.088,0.5981999736993228,0.6455250409063472,1.5460921400894907,1e-12,1e-12,1e-12,0.0,-0.0006595386988045155,0.6,0.6,0.045560612860317394,7,0.04556061286014877,30.462435786131913,1.7981188561588137,28.664316187712757,7.422603413091923e-07,0.0,0
219.188,0.5981999736993228,0.6455250409063761,1.5460261862735687,1e-12,1e-12,1e-12,0.0,-0.000659537945519544,0.6,0.6,0.04556061286034624,7,0.045560612860288556,30.462435786140965,1.798118856169561,28.664316187712757,7.422586457810009e-07,0.0,0
219.288,0.5981999736993228,0.645525040906405,1.5459602325028412,1e-12,1e-12,1e-12,0.0,-0.000659537945519544,0.6,0.6,0.045560612860375084,7,0.045560612860288556,30.462435786140965,1.798118856169561,28.664316187712757,7.422586457810009e-07,0.0,0
219.388,0.5981999736993228,0.6455250409064338,1.545894278732114,1e-12,1e-12,1e-12,0.0,-0.000659537945519544,0.6,0.6,0.04556061286040393,7,0.045560612860288556,30.462435786140965,1.798118856169561,28.664316187712757,7.422586457810009e-07,0.0,0
219.488,0.5981999736993228,0.6455250409064629,1.5458283249613878,1e-12,1e-12,1e-12,0.0,-0.000659537945519544,0.6,0.6,0.04556061286043299,7,0.045560612860288556,30.462435786140965,1.798118856169561,28.664316187712757,7.422586457810009e-07,0.0,0
219.588,0.5981999736993228,0.6455250409064918,1.5457623711906603,1e-12,1e-12,1e-12,0.0,-0.000659537945519544,0.6,0.6,0.045560612860461834,7,0.045560612860288556,30.462435786140965,1.798118856169561,28.664316187712757,7.422586457810009e-07,0.0,0
219.688,0.5981999736993228,0.6455250409065193,1.5456964174545869,1e-12,1e-12,1e-12,0.0,-0.0006595371922353974,0.6,0.6,0.04556061286048935,7,0.04556061286043299,30.46243578615042,1.79811885618071,28.664316187712757,7.422569502566163e-07,0.0,0
219.788,0.5981999736993228,0.6455250409065453,1.5456304637591933,1e-12,1e-12,1e-12,0.0,-0.0006595371922353974,0.6,0.6,0.045560612860515305,7,0.04556061286043299,30.46243578615042,1.79811885618071,28.664316187712757,7.422569502566163e-07,0.0,0
219.888,0.5981999736993228,0.6455250409065713,1.5455645100638002,1e-12,1e-12,1e-12,0.0,-0.0006595371922353974,0.6,0.6,0.045560612860541264,7,0.04556061286043299,30.46243578615042,1.79811885618071,28.664316187712757,7.422569502566163e-07,0.0,0
219.988,0.5981999736993228,0.645525040906597,1.5454985563684052,1e-12,1e-12,1e-12,0.0,-0.0006595371922353974,0.6,0.6,0.045560612860567,7,0.04556061286043299,30.46243578615042,1.79811885618071,28.664316187712757,7.422569502566163e-07,0.0,0
220.088,0.5981999736993228,0.645525040906623,1.5454326026730119,1e-12,1e-12,1e-12,0.0,-0.0006595371922353974,0.6,0.6,0.04556061286059296,7,0.04556061286043299,30.46243578615042,1.79811885618071,28.664316187712757,7.422569502566163e-07,0.0,0
220.188,0.5981999736993228,0.6455250409066507,1.545366649004732,1e-12,1e-12,1e-12,0.0,-0.0006595364389522978,0.6,0.6,0.04556061286062069,7,0.045560612860567,30.46243578615901,1.7981188561909978,28.664316187712757,7.422552547367095e-07,0.0,0
220.288,0.5981999736993228,0.6455250409066801,1.5453006953846553,1e-12,1e-12,1e-12,0.0,-0.0006595364389522978,0.6,0.6,0.04556061286064998,7,0.045560612860567,30.46243578615901,1.7981188561909978,28.664316187712757,7.422552547367095e-07,0.0,0
220.388,0.5981999736993228,0.64552504090671,1.5452347417645778,1e-12,1e-12,1e-12,0.0,-0.0006595364389522978,0.6,0.6,0.04556061286067993,7,0.045560612860567,30.46243578615901,1.7981188561909978,28.664316187712757,7.422552547367095e-07,0.0,0
220.488,0.5981999736993228,0.6455250409067402,1.5451687881445004,1e-12,1e-12,1e-12,0.0,-0.0006595364389522978,0.6,0.6,0.04556061286071011,7,0.045560612860567,30.46243578615901,1.7981188561909978,28.664316187712757,7.422552547367095e-07,0.0,0
220.588,0.5981999736993228,0.6455250409067702,1.545102834524425,1e-12,1e-12,1e-12,0.0,-0.0006595364389522978,0.6,0.6,0.04556061286074006,7,0.045560612860567,30.46243578615901,1.7981188561909978,28.664316187712757,7.422552547367095e-07,0.0,0
220.688,0.5981999736993228,0.6455250409067984,1.5450368809359856,1e-12,1e-12,1e-12,0.0,-0.0006595356856698147,0.6,0.6,0.045560612860768235,7,0.04556061286071011,30.46243578616816,1.7981188562018455,28.664316187712757,7.422535592197894e-07,0.0,0
220.788,0.5981999736993228,0.6455250409068253,1.5449709273912364,1e-12,1e-12,1e-12,0.0,-0.0006595356856698147,0.6,0.6,0.04556061286079508,7,0.04556061286071011,30.46243578616816,1.7981188562018455,28.664316187712757,7.422535592197894e-07,0.0,0
220.888,0.5981999736993228,0.6455250409068524,1.5449049738464855,1e-12,1e-12,1e-12,0.0,-0.0006595356856698147,0.6,0.6,0.04556061286082215,7,0.04556061286071011,30.46243578616816,1.7981188562018455,28.664316187712757,7.422535592197894e-07,0.0,0
220.988,0.5981999736993228,0.6455250409068795,1.5448390203017353,1e-12,1e-12,1e-12,0.0,-0.0006595356856698147,0.6,0.6,0.04556061286084922,7,0.04556061286071011,30.46243578616816,1.7981188562018455,28.664316187712757,7.422535592197894e-07,0.0,0
221.088,0.5981999736993228,0.6455250409069063,1.5447730667569866,1e-12,1e-12,1e-12,0.0,-0.0006595356856698147,0.6,0.6,0.045560612860876065,7,0.04556061286071011,30.46243578616816,1.7981188562018455,28.664316187712757,7.422535592197894e-07,0.0,0
221.188,0.5981999736993228,0.6455250409069341,1.544707113234084,1e-12,1e-12,1e-12,0.0,-0.0006595349323883502,0.6,0.6,0.0455606128609038,7,0.04556061286084922,30.46243578617721,1.79811885621259,28.664316187712757,7.422518637072853e-07,0.0,0
221.288,0.5981999736993228,0.6455250409069623,1.5446411597646663,1e-12,1e-12,1e-12,0.0,-0.0006595349323883502,0.6,0.6,0.04556061286093198,7,0.04556061286084922,30.46243578617721,1.79811885621259,28.664316187712757,7.422518637072853e-07,0.0,0
221.388,0.5981999736993228,0.6455250409069907,1.5445752062952511,1e-12,1e-12,1e-12,0.0,-0.0006595349323883502,0.6,0.6,0.04556061286096038,7,0.04556061286084922,30.46243578617721,1.79811885621259,28.664316187712757,7.422518637072853e-07,0.0,0
221.488,0.5981999736993228,0.6455250409070191,1.5445092528258333,1e-12,1e-12,1e-12,0.0,-0.0006595349323883502,0.6,0.6,0.04556061286098878,7,0.04556061286084922,30.46243578617721,1.79811885621259,28.664316187712757,7.422518637072853e-07,0.0,0
221.588,0.5981999736993228,0.645525040907048,1.544443299356418,1e-12,1e-12,1e-12,0.0,-0.0006595349323883502,0.6,0.6,0.04556061286101762,7,0.04556061286084922,30.46243578617721,1.79811885621259,28.664316187712757,7.422518637072853e-07,0.0,0
221.688,0.5981999736993228,0.6455250409070766,1.5443773459314445,1e-12,1e-12,1e-12,0.0,-0.00065953417910773,0.6,0.6,0.04556061286104624,7,0.04556061286098878,30.46243578618631,1.7981188562233867,28.664316187712757,7.422501681984543e-07,0.0,0
221.788,0.5981999736993228,0.6455250409071064,1.5443113925373582,1e-12,1e-12,1e-12,0.0,-0.00065953417910773,0.6,0.6,0.045560612861075975,7,0.04556061286098878,30.46243578618631,1.7981188562233867,28.664316187712757,7.422501681984543e-07,0.0,0
221.888,0.5981999736993228,0.6455250409071361,1.5442454391432687,1e-12,1e-12,1e-12,0.0,-0.00065953417910773,0.6,0.6,0.0455606128611057,7,0.04556061286098878,30.46243578618631,1.7981188562233867,28.664316187712757,7.422501681984543e-07,0.0,0
221.988,0.5981999736993228,0.6455250409071659,1.5441794857491822,1e-12,1e-12,1e-12,0.0,-0.00065953417910773,0.6,0.6,0.045560612861135434,7,0.04556061286098878,30.46243578618631,1.7981188562233867,28.664316187712757,7.422501681984543e-07,0.0,0
222.088,0.5981999736993228,0.6455250409071952,1.5441135323550945,1e-12,1e-12,1e-12,0.0,-0.00065953417910773,0.6,0.6,0.04556061286116472,7,0.04556061286098878,30.46243578618631,1.7981188562233867,28.664316187712757,7.422501681984543e-07,0.0,0
222.188,0.5981999736993228,0.6455250409072236,1.5440475789858619,1e-12,1e-12,1e-12,0.0,-0.0006595334258278824,0.6,0.6,0.045560612861193124,7,0.045560612861135434,30.46243578619582,1.798118856234586,28.664316187712757,7.422484726933104e-07,0.0,0
222.288,0.5981999736993228,0.6455250409072496,1.5439816256670895,1e-12,1e-12,1e-12,0.0,-0.0006595334258278824,0.6,0.6,0.04556061286121908,7,0.045560612861135434,30.46243578619582,1.798118856234586,28.664316187712757,7.422484726933104e-07,0.0,0
222.388,0.5981999736993228,0.6455250409072754,1.5439156723483183,1e-12,1e-12,1e-12,0.0,-0.0006595334258278824,0.6,0.6,0.04556061286124482,7,0.045560612861135434,30.46243578619582,1.798118856234586,28.664316187712757,7.422484726933104e-07,0.0,0
222.488,0.5981999736993228,0.6455250409073009,1.5438497190295453,1e-12,1e-12,1e-12,0.0,-0.0006595334258278824,0.6,0.6,0.04556061286127033,7,0.045560612861135434,30.46243578619582,1.798118856234586,28.664316187712757,7.422484726933104e-07,0.0,0
222.588,0.5981999736993228,0.6455250409073267,1.5437837657107738,1e-12,1e-12,1e-12,0.0,-0.0006595334258278824,0.6,0.6,0.04556061286129607,7,0.045560612861135434,30.46243578619582,1.798118856234586,28.664316187712757,7.422484726933104e-07,0.0,0
222.688,0.5981999736993228,0.6455250409073542,1.5437178124251476,1e-12,1e-12,1e-12,0.0,-0.00065953267254907,0.6,0.6,0.04556061286132358,7,0.04556061286127033,30.462435786204562,1.798118856245028,28.664316187712757,7.422467771926202e-07,0.0,0
222.788,0.5981999736993228,0.6455250409073835,1.5436518591817086,1e-12,1e-12,1e-12,0.0,-0.00065953267254907,0.6,0.6,0.04556061286135287,7,0.04556061286127033,30.462435786204562,1.798118856245028,28.664316187712757,7.422467771926202e-07,0.0,0
222.888,0.5981999736993228,0.6455250409074133,1.5435859059382693,1e-12,1e-12,1e-12,0.0,-0.00065953267254907,0.6,0.6,0.0455606128613826,7,0.04556061286127033,30.462435786204562,1.798118856245028,28.664316187712757,7.422467771926202e-07,0.0,0
222.988,0.5981999736993228,0.6455250409074426,1.5435199526948307,1e-12,1e-12,1e-12,0.0,-0.00065953267254907,0.6,0.6,0.04556061286141189,7,0.04556061286127033,30.462435786204562,1.798118856245028,28.664316187712757,7.422467771926202e-07,0.0,0
223.088,0.5981999736993228,0.6455250409074723,1.5434539994513916,1e-12,1e-12,1e-12,0.0,-0.00065953267254907,0.6,0.6,0.04556061286144162,7,0.04556061286127033,30.462435786204562,1.798118856245028,28.664316187712757,7.422467771926202e-07,0.0,0
223.188,0.5981999736993228,0.6455250409075007,1.5433880462358236,1e-12,1e-12,1e-12,0.0,-0.0006595319192710942,0.6,0.6,0.045560612861470014,7,0.04556061286141189,30.46243578621361,1.7981188562557742,28.664316187712757,7.422450816955865e-07,0.0,0
223.288,0.5981999736993228,0.6455250409075283,1.5433220930677147,1e-12,1e-12,1e-12,0.0,-0.0006595319192710942,0.6,0.6,0.045560612861497526,7,0.04556061286141189,30.46243578621361,1.7981188562557742,28.664316187712757,7.422450816955865e-07,0.0,0
223.388,0.5981999736993228,0.6455250409075558,1.5432561398996045,1e-12,1e-12,1e-12,0.0,-0.0006595319192710942,0.6,0.6,0.04556061286152504,7,0.04556061286141189,30.46243578621361,1.7981188562557742,28.664316187712757,7.422450816955865e-07,0.0,0
223.488,0.5981999736993228,0.6455250409075831,1.5431901867314959,1e-12,1e-12,1e-12,0.0,-0.0006595319192710942,0.6,0.6,0.04556061286155233,7,0.04556061286141189,30.46243578621361,1.7981188562557742,28.664316187712757,7.422450816955865e-07,0.0,0
223.588,0.5981999736993228,0.6455250409076106,1.5431242335633863,1e-12,1e-12,1e-12,0.0,-0.0006595319192710942,0.6,0.6,0.04556061286157984,7,0.04556061286141189,30.46243578621361,1.7981188562557742,28.664316187712757,7.422450816955865e-07,0.0,0
223.688,0.5981999736993228,0.6455250409076384,1.5430582804044215,1e-12,1e-12,1e-12,0.0,-0.0006595311570970042,0.6,0.6,0.04556061286160758,7,0.04556061286155233,30.462435786222844,1.798118856266722,28.664316187712757,7.42243366177114e-07,0.0,0
223.788,0.5981999736993228,0.6455250409076684,1.5429923273125155,1e-12,1e-12,1e-12,0.0,-0.0006595311570970042,0.6,0.6,0.04556061286163753,7,0.04556061286155233,30.462435786222844,1.798118856266722,28.664316187712757,7.42243366177114e-07,0.0,0
223.888,0.5981999736993228,0.6455250409076984,1.5429263742206079,1e-12,1e-12,1e-12,0.0,-0.0006595311570970042,0.6,0.6,0.04556061286166748,7,0.04556061286155233,30.462435786222844,1.798118856266722,28.664316187712757,7.42243366177114e-07,0.0,0
223.988,0.5981999736993228,0.6455250409077279,1.5428604211287011,1e-12,1e-12,1e-12,0.0,-0.0006595311570970042,0.6,0.6,0.04556061286169699,7,0.04556061286155233,30.462435786222844,1.798118856266722,28.664316187712757,7.42243366177114e-07,0.0,0
224.088,0.5981999736993228,0.6455250409077576,1.5427944680367947,1e-12,1e-12,1e-12,0.0,-0.0006595311570970042,0.6,0.6,0.045560612861726725,7,0.04556061286155233,30.462435786222844,1.798118856266722,28.664316187712757,7.42243366177114e-07,0.0,0
224.188,0.5981999736993228,0.645525040907787,1.5427285149667347,1e-12,1e-12,1e-12,0.0,-0.0006595304038208796,0.6,0.6,0.04556061286175601,7,0.04556061286169699,30.462435786232145,1.7981188562777195,28.664316187712757,7.422416706881655e-07,0.0,0
224.288,0.5981999736993228,0.6455250409078152,1.5426625619501586,1e-12,1e-12,1e-12,0.0,-0.0006595304038208796,0.6,0.6,0.045560612861784186,7,0.04556061286169699,30.462435786232145,1.7981188562777195,28.664316187712757,7.422416706881655e-07,0.0,0
224.388,0.5981999736993228,0.6455250409078431,1.5425966089335847,1e-12,1e-12,1e-12,0.0,-0.0006595304038208796,0.6,0.6,0.04556061286181214,7,0.04556061286169699,30.462435786232145,1.7981188562777195,28.664316187712757,7.422416706881655e-07,0.0,0
224.488,0.5981999736993228,0.6455250409078711,1.542530655917007,1e-12,1e-12,1e-12,0.0,-0.0006595304038208796,0.6,0.6,0.0455606128618401,7,0.04556061286169699,30.462435786232145,1.7981188562777195,28.664316187712757,7.422416706881655e-07,0.0,0
224.588,0.5981999736993228,0.6455250409078993,1.5424647029004324,1e-12,1e-12,1e-12,0.0,-0.0006595304038208796,0.6,0.6,0.04556061286186828,7,0.04556061286169699,30.462435786232145,1.7981188562777195,28.664316187712757,7.422416706881655e-07,0.0,0
224.688,0.5981999736993228,0.6455250409079273,1.5423987498966627,1e-12,1e-12,1e-12,0.0,-0.0006595296505455195,0.6,0.6,0.04556061286189623,7,0.0455606128618401,30.46243578624145,1.7981188562887183,28.664316187712757,7.422399752028858e-07,0.0,0
224.788,0.5981999736993228,0.6455250409079548,1.5423327969554024,1e-12,1e-12,1e-12,0.0,-0.0006595296505455195,0.6,0.6,0.04556061286192374,7,0.0455606128618401,30.46243578624145,1.7981188562887183,28.664316187712757,7.422399752028858e-07,0.0,0
224.888,0.5981999736993228,0.6455250409079824,1.542266844014144,1e-12,1e-12,1e-12,0.0,-0.0006595296505455195,0.6,0.6,0.045560612861951254,7,0.0455606128618401,30.46243578624145,1.7981188562887183,28.664316187712757,7.422399752028858e-07,0.0,0
224.988,0.5981999736993228,0.6455250409080097,1.5422008910728846,1e-12,1e-12,1e-12,0.0,-0.0006595296505455195,0.6,0.6,0.045560612861978544,7,0.0455606128618401,30.46243578624145,1.7981188562887183,28.664316187712757,7.422399752028858e-07,0.0,0
225.088,0.5981999736993228,0.6455250409080372,1.542134938131625,1e-12,1e-12,1e-12,0.0,-0.0006595296505455195,0.6,0.6,0.04556061286200606,7,0.0455606128618401,30.46243578624145,1.7981188562887183,28.664316187712757,7.422399752028858e-07,0.0,0
225.188,0.5981999736993228,0.6455250409080661,1.5420689852250187,1e-12,1e-12,1e-12,0.0,-0.0006595288972705938,0.6,0.6,0.0455606128620349,7,0.045560612861978544,30.462435786250396,1.798118856299361,28.664316187712757,7.422382797205336e-07,0.0,0
225.288,0.5981999736993228,0.6455250409080949,1.5420030323590876,1e-12,1e-12,1e-12,0.0,-0.0006595288972705938,0.6,0.6,0.04556061286206375,7,0.045560612861978544,30.462435786250396,1.798118856299361,28.664316187712757,7.422382797205336e-07,0.0,0
225.388,0.5981999736993228,0.645525040908124,1.5419370794931586,1e-12,1e-12,1e-12,0.0,-0.0006595288972705938,0.6,0.6,0.04556061286209281,7,0.045560612861978544,30.462435786250396,1.798118856299361,28.664316187712757,7.422382797205336e-07,0.0,0
225.488,0.5981999736993228,0.6455250409081533,1.5418711266272298,1e-12,1e-12,1e-12,0.0,-0.0006595288972705938,0.6,0.6,0.045560612862122096,7,0.045560612861978544,30.462435786250396,1.798118856299361,28.664316187712757,7.422382797205336e-07,0.0,0
225.588,0.5981999736993228,0.6455250409081824,1.5418051737613008,1e-12,1e-12,1e-12,0.0,-0.0006595288972705938,0.6,0.6,0.04556061286215116,7,0.045560612861978544,30.462435786250396,1.798118856299361,28.664316187712757,7.422382797205336e-07,0.0,0
225.688,0.5981999736993228,0.6455250409082097,1.5417392209270115,1e-12,1e-12,1e-12,0.0,-0.0006595281439965839,0.6,0.6,0.045560612862178454,7,0.045560612862122096,30.4624357862597,1.79811885631036,28.664316187712757,7.422365842420133e-07,0.0,0
225.788,0.5981999736993228,0.6455250409082357,1.5416732681364147,1e-12,1e-12,1e-12,0.0,-0.0006595281439965839,0.6,0.6,0.04556061286220441,7,0.045560612862122096,30.4624357862597,1.79811885631036,28.664316187712757,7.422365842420133e-07,0.0,0
225.888,0.5981999736993228,0.6455250409082615,1.5416073153458176,1e-12,1e-12,1e-12,0.0,-0.0006595281439965839,0.6,0.6,0.04556061286223015,7,0.045560612862122096,30.4624357862597,1.79811885631036,28.664316187712757,7.422365842420133e-07,0.0,0
225.988,0.5981999736993228,0.6455250409082872,1.541541362555221,1e-12,1e-12,1e-12,0.0,-0.0006595281439965839,0.6,0.6,0.045560612862255885,7,0.045560612862122096,30.4624357862597,1.79811885631036,28.664316187712757,7.422365842420133e-07,0.0,0
226.088,0.5981999736993228,0.6455250409083128,1.5414754097646253,1e-12,1e-12,1e-12,0.0,-0.0006595281439965839,0.6,0.6,0.0455606128622814,7,0.045560612862122096,30.4624357862597,1.79811885631036,28.664316187712757,7.422365842420133e-07,0.0,0
226.188,0.5981999736993228,0.6455250409083405,1.5414094570184647,1e-12,1e-12,1e-12,0.0,-0.0006595273907236303,0.6,0.6,0.045560612862309134,7,0.045560612862255885,30.462435786268244,1.7981188563205985,28.664316187712757,7.422348887679957e-07,0.0,0
226.288,0.5981999736993228,0.6455250409083698,1.5413435043031836,1e-12,1e-12,1e-12,0.0,-0.0006595273907236303,0.6,0.6,0.04556061286233842,7,0.045560612862255885,30.462435786268244,1.7981188563205985,28.664316187712757,7.422348887679957e-07,0.0,0
226.388,0.5981999736993228,0.6455250409083989,1.541277551587905,1e-12,1e-12,1e-12,0.0,-0.0006595273907236303,0.6,0.6,0.04556061286236748,7,0.045560612862255885,30.462435786268244,1.7981188563205985,28.664316187712757,7.422348887679957e-07,0.0,0
226.488,0.5981999736993228,0.6455250409084282,1.5412115988726227,1e-12,1e-12,1e-12,0.0,-0.0006595273907236303,0.6,0.6,0.04556061286239677,7,0.045560612862255885,30.462435786268244,1.7981188563205985,28.664316187712757,7.422348887679957e-07,0.0,0
226.588,0.5981999736993228,0.6455250409084573,1.541145646157342,1e-12,1e-12,1e-12,0.0,-0.0006595273907236303,0.6,0.6,0.04556061286242584,7,0.045560612862255885,30.462435786268244,1.7981188563205985,28.664316187712757,7.422348887679957e-07,0.0,0
226.688,0.5981999736993228,0.6455250409084857,1.5410796934706874,1e-12,1e-12,1e-12,0.0,-0.0006595266374514868,0.6,0.6,0.04556061286245424,7,0.04556061286239677,30.46243578627745,1.7981188563314983,28.664316187712757,7.422331932975721e-07,0.0,0
226.788,0.5981999736993228,0.645525040908515,1.5410137408307338,1e-12,1e-12,1e-12,0.0,-0.0006595266374514868,0.6,0.6,0.04556061286248352,7,0.04556061286239677,30.46243578627745,1.7981188563314983,28.664316187712757,7.422331932975721e-07,0.0,0
226.888,0.5981999736993228,0.6455250409085437,1.540947788190783,1e-12,1e-12,1e-12,0.0,-0.0006595266374514868,0.6,0.6,0.045560612862512145,7,0.04556061286239677,30.46243578627745,1.7981188563314983,28.664316187712757,7.422331932975721e-07,0.0,0
226.988,0.5981999736993228,0.6455250409085719,1.540881835550831,1e-12,1e-12,1e-12,0.0,-0.0006595266374514868,0.6,0.6,0.045560612862540324,7,0.04556061286239677,30.46243578627745,1.7981188563314983,28.664316187712757,7.422331932975721e-07,0.0,0
227.088,0.5981999736993228,0.6455250409086003,1.5408158829108791,1e-12,1e-12,1e-12,0.0,-0.0006595266374514868,0.6,0.6,0.045560612862568725,7,0.04556061286239677,30.46243578627745,1.7981188563314983,28.664316187712757,7.422331932975721e-07,0.0,0
227.188,0.5981999736993228,0.6455250409086298,1.5407499302907404,1e-12,1e-12,1e-12,0.0,-0.0006595258752832638,0.6,0.6,0.04556061286259823,7,0.045560612862540324,30.46243578628663,1.7981188563423955,28.664316187712757,7.422314778059484e-07,0.0,0
227.288,0.5981999736993228,0.6455250409086585,1.5406839777269954,1e-12,1e-12,1e-12,0.0,-0.0006595258752832638,0.6,0.6,0.04556061286262685,7,0.045560612862540324,30.46243578628663,1.7981188563423955,28.664316187712757,7.422314778059484e-07,0.0,0
227.388,0.5981999736993228,0.6455250409086878,1.540618025163248,1e-12,1e-12,1e-12,0.0,-0.0006595258752832638,0.6,0.6,0.04556061286265614,7,0.045560612862540324,30.46243578628663,1.7981188563423955,28.664316187712757,7.422314778059484e-07,0.0,0
227.488,0.5981999736993228,0.6455250409087169,1.540552072599504,1e-12,1e-12,1e-12,0.0,-0.0006595258752832638,0.6,0.6,0.04556061286268521,7,0.045560612862540324,30.46243578628663,1.7981188563423955,28.664316187712757,7.422314778059484e-07,0.0,0
227.588,0.5981999736993228,0.6455250409087457,1.5404861200357582,1e-12,1e-12,1e-12,0.0,-0.0006595258752832638,0.6,0.6,0.045560612862714046,7,0.045560612862540324,30.46243578628663,1.7981188563423955,28.664316187712757,7.422314778059484e-07,0.0,0
227.688,0.5981999736993228,0.6455250409087744,1.5404201674893376,1e-12,1e-12,1e-12,0.0,-0.0006595251220129325,0.6,0.6,0.04556061286274267,7,0.04556061286268521,30.462435786296187,1.798118856353645,28.664316187712757,7.422297823437009e-07,0.0,0
227.788,0.5981999736993228,0.6455250409088032,1.5403542150009175,1e-12,1e-12,1e-12,0.0,-0.0006595251220129325,0.6,0.6,0.045560612862771514,7,0.04556061286268521,30.462435786296187,1.798118856353645,28.664316187712757,7.422297823437009e-07,0.0,0
227.888,0.5981999736993228,0.6455250409088319,1.5402882625124987,1e-12,1e-12,1e-12,0.0,-0.0006595251220129325,0.6,0.6,0.04556061286280014,7,0.04556061286268521,30.462435786296187,1.798118856353645,28.664316187712757,7.422297823437009e-07,0.0,0
227.988,0.5981999736993228,0.6455250409088608,1.5402223100240786,1e-12,1e-12,1e-12,0.0,-0.0006595251220129325,0.6,0.6,0.045560612862828975,7,0.04556061286268521,30.462435786296187,1.798118856353645,28.664316187712757,7.422297823437009e-07,0.0,0
228.088,0.5981999736993228,0.6455250409088898,1.5401563575356603,1e-12,1e-12,1e-12,0.0,-0.0006595251220129325,0.6,0.6,0.04556061286285804,7,0.04556061286268521,30.462435786296187,1.798118856353645,28.664316187712757,7.422297823437009e-07,0.0,0
228.188,0.5981999736993228,0.6455250409089167,1.5400904050962076,1e-12,1e-12,1e-12,0.0,-0.0006595243687435161,0.6,0.6,0.04556061286288489,7,0.045560612862828975,30.462435786305537,1.7981188563646944,28.664316187712757,7.422280868852834e-07,0.0,0
228.288,0.5981999736993228,0.6455250409089427,1.540024452683121,1e-12,1e-12,1e-12,0.0,-0.0006595243687435161,0.6,0.6,0.04556061286291085,7,0.045560612862828975,30.462435786305537,1.7981188563646944,28.664316187712757,7.422280868852834e-07,0.0,0
228.388,0.5981999736993228,0.6455250409089687,1.5399585002700353,1e-12,1e-12,1e-12,0.0,-0.0006595243687435161,0.6,0.6,0.045560612862936806,7,0.045560612862828975,30.462435786305537,1.7981188563646944,28.664316187712757,7.422280868852834e-07,0.0,0
228.488,0.5981999736993228,0.6455250409089947,1.5398925478569494,1e-12,1e-12,1e-12,0.0,-0.0006595243687435161,0.6,0.6,0.045560612862962764,7,0.045560612862828975,30.462435786305537,1.7981188563646944,28.664316187712757,7.422280868852834e-07,0.0,0
228.588,0.5981999736993228,0.6455250409090204,1.5398265954438624,1e-12,1e-12,1e-12,0.0,-0.0006595243687435161,0.6,0.6,0.0455606128629885,7,0.045560612862828975,30.462435786305537,1.7981188563646944,28.664316187712757,7.422280868852834e-07,0.0,0
228.688,0.5981999736993228,0.6455250409090473,1.5397606430511124,1e-12,1e-12,1e-12,0.0,-0.0006595236154749985,0.6,0.6,0.04556061286301535,7,0.045560612862962764,30.46243578631408,1.7981188563749326,28.664316187712757,7.422263914310126e-07,0.0,0
228.788,0.5981999736993228,0.645525040909077,1.539694690713344,1e-12,1e-12,1e-12,0.0,-0.0006595236154749985,0.6,0.6,0.04556061286304508,7,0.045560612862962764,30.46243578631408,1.7981188563749326,28.664316187712757,7.422263914310126e-07,0.0,0
228.888,0.5981999736993228,0.6455250409091072,1.539628738375575,1e-12,1e-12,1e-12,0.0,-0.0006595236154749985,0.6,0.6,0.04556061286307526,7,0.045560612862962764,30.46243578631408,1.7981188563749326,28.664316187712757,7.422263914310126e-07,0.0,0
228.988,0.5981999736993228,0.6455250409091372,1.539562786037806,1e-12,1e-12,1e-12,0.0,-0.0006595236154749985,0.6,0.6,0.045560612863105206,7,0.045560612862962764,30.46243578631408,1.7981188563749326,28.664316187712757,7.422263914310126e-07,0.0,0
229.088,0.5981999736993228,0.6455250409091665,1.539496833700036,1e-12,1e-12,1e-12,0.0,-0.0006595236154749985,0.6,0.6,0.045560612863134495,7,0.045560612862962764,30.46243578631408,1.7981188563749326,28.664316187712757,7.422263914310126e-07,0.0,0
229.188,0.5981999736993228,0.6455250409091952,1.5394308813795925,1e-12,1e-12,1e-12,0.0,-0.0006595228622071436,0.6,0.6,0.04556061286316312,7,0.045560612863105206,30.462435786323283,1.7981188563858306,28.664316187712757,7.422246959798315e-07,0.0,0
229.288,0.5981999736993228,0.6455250409092216,1.539364929117151,1e-12,1e-12,1e-12,0.0,-0.0006595228622071436,0.6,0.6,0.04556061286318952,7,0.045560612863105206,30.462435786323283,1.7981188563858306,28.664316187712757,7.422246959798315e-07,0.0,0
229.388,0.5981999736993228,0.6455250409092484,1.539298976854708,1e-12,1e-12,1e-12,0.0,-0.0006595228622071436,0.6,0.6,0.04556061286321637,7,0.045560612863105206,30.462435786323283,1.7981188563858306,28.664316187712757,7.422246959798315e-07,0.0,0
229.488,0.5981999736993228,0.6455250409092749,1.5392330245922672,1e-12,1e-12,1e-12,0.0,-0.0006595228622071436,0.6,0.6,0.04556061286324277,7,0.045560612863105206,30.462435786323283,1.7981188563858306,28.664316187712757,7.422246959798315e-07,0.0,0
229.588,0.5981999736993228,0.6455250409093015,1.5391670723298252,1e-12,1e-12,1e-12,0.0,-0.0006595228622071436,0.6,0.6,0.045560612863269394,7,0.045560612863105206,30.462435786323283,1.7981188563858306,28.664316187712757,7.422246959798315e-07,0.0,0
229.688,0.5981999736993228,0.6455250409093293,1.5391011200907365,1e-12,1e-12,1e-12,0.0,-0.0006595221089403906,0.6,0.6,0.04556061286329713,7,0.04556061286324277,30.462435786332183,1.7981188563964237,28.664316187712757,7.422230005332538e-07,0.0,0
229.788,0.5981999736993228,0.6455250409093577,1.539035167903626,1e-12,1e-12,1e-12,0.0,-0.0006595221089403906,0.6,0.6,0.04556061286332553,7,0.04556061286324277,30.462435786332183,1.7981188563964237,28.664316187712757,7.422230005332538e-07,0.0,0
229.888,0.5981999736993228,0.6455250409093863,1.5389692157165187,1e-12,1e-12,1e-12,0.0,-0.0006595221089403906,0.6,0.6,0.045560612863354145,7,0.04556061286324277,30.462435786332183,1.7981188563964237,28.664316187712757,7.422230005332538e-07,0.0,0
229.988,0.5981999736993228,0.645525040909415,1.5389032635294084,1e-12,1e-12,1e-12,0.0,-0.0006595221089403906,0.6,0.6,0.04556061286338277,7,0.04556061286324277,30.462435786332183,1.7981188563964237,28.664316187712757,7.422230005332538e-07,0.0,0
230.088,0.5981999736993228,0.6455250409094441,1.5388373113422995,1e-12,1e-12,1e-12,0.0,-0.0006595221089403906,0.6,0.6,0.045560612863411835,7,0.04556061286324277,30.462435786332183,1.7981188563964237,28.664316187712757,7.422230005332538e-07,0.0,0
230.188,0.5981999736993228,0.6455250409094729,1.5387713591672434,1e-12,1e-12,1e-12,0.0,-0.0006595213556743312,0.6,0.6,0.04556061286344068,7,0.04556061286338277,30.46243578634128,1.7981188564072188,28.664316187712757,7.422213050901847e-07,0.0,0
230.288,0.5981999736993228,0.645525040909502,1.538705407055464,1e-12,1e-12,1e-12,0.0,-0.0006595213556743312,0.6,0.6,0.04556061286346974,7,0.04556061286338277,30.46243578634128,1.7981188564072188,28.664316187712757,7.422213050901847e-07,0.0,0
230.388,0.5981999736993228,0.6455250409095311,1.5386394549436815,1e-12,1e-12,1e-12,0.0,-0.0006595213556743312,0.6,0.6,0.04556061286349881,7,0.04556061286338277,30.46243578634128,1.7981188564072188,28.664316187712757,7.422213050901847e-07,0.0,0
230.488,0.5981999736993228,0.6455250409095602,1.5385735028319014,1e-12,1e-12,1e-12,0.0,-0.0006595213556743312,0.6,0.6,0.045560612863527875,7,0.04556061286338277,30.46243578634128,1.7981188564072188,28.664316187712757,7.422213050901847e-07,0.0,0
230.588,0.5981999736993228,0.6455250409095893,1.5385075507201222,1e-12,1e-12,1e-12,0.0,-0.0006595213556743312,0.6,0.6,0.045560612863556935,7,0.04556061286338277,30.46243578634128,1.7981188564072188,28.664316187712757,7.422213050901847e-07,0.0,0
230.688,0.5981999736993228,0.645525040909617,1.5384415986362079,1e-12,1e-12,1e-12,0.0,-0.0006595206024093357,0.6,0.6,0.04556061286358467,7,0.045560612863527875,30.462435786350735,1.7981188564183714,28.664316187712757,7.422196096516346e-07,0.0,0
230.788,0.5981999736993228,0.6455250409096426,1.5383756465997422,1e-12,1e-12,1e-12,0.0,-0.0006595206024093357,0.6,0.6,0.045560612863610184,7,0.045560612863527875,30.462435786350735,1.7981188564183714,28.664316187712757,7.422196096516346e-07,0.0,0
230.888,0.5981999736993228,0.6455250409096683,1.5383096945632784,1e-12,1e-12,1e-12,0.0,-0.0006595206024093357,0.6,0.6,0.04556061286363593,7,0.045560612863527875,30.462435786350735,1.7981188564183714,28.664316187712757,7.422196096516346e-07,0.0,0
230.988,0.5981999736993228,0.6455250409096941,1.538243742526814,1e-12,1e-12,1e-12,0.0,-0.0006595206024093357,0.6,0.6,0.04556061286366166,7,0.045560612863527875,30.462435786350735,1.7981188564183714,28.664316187712757,7.422196096516346e-07,0.0,0
231.088,0.5981999736993228,0.6455250409097201,1.5381777904903502,1e-12,1e-12,1e-12,0.0,-0.0006595206024093357,0.6,0.6,0.04556061286368762,7,0.045560612863527875,30.462435786350735,1.7981188564183714,28.664316187712757,7.422196096516346e-07,0.0,0
231.188,0.5981999736993228,0.645525040909746,1.5381118384629255,1e-12,1e-12,1e-12,0.0,-0.0006595198491451018,0.6,0.6,0.04556061286371358,7,0.04556061286366166,30.46243578635928,1.7981188564286084,28.664316187712757,7.422179142167472e-07,0.0,0
231.288,0.5981999736993228,0.6455250409097762,1.5380458865017936,1e-12,1e-12,1e-12,0.0,-0.0006595198491451018,0.6,0.6,0.04556061286374375,7,0.04556061286366166,30.46243578635928,1.7981188564286084,28.664316187712757,7.422179142167472e-07,0.0,0
231.388,0.5981999736993228,0.645525040909806,1.5379799345406617,1e-12,1e-12,1e-12,0.0,-0.0006595198491451018,0.6,0.6,0.045560612863773484,7,0.04556061286366166,30.46243578635928,1.7981188564286084,28.664316187712757,7.422179142167472e-07,0.0,0
231.488,0.5981999736993228,0.645525040909836,1.5379139825795312,1e-12,1e-12,1e-12,0.0,-0.0006595198491451018,0.6,0.6,0.04556061286380344,7,0.04556061286366166,30.46243578635928,1.7981188564286084,28.664316187712757,7.422179142167472e-07,0.0,0
231.588,0.5981999736993228,0.645525040909866,1.5378480306183993,1e-12,1e-12,1e-12,0.0,-0.0006595198491451018,0.6,0.6,0.04556061286383339,7,0.04556061286366166,30.46243578635928,1.7981188564286084,28.664316187712757,7.422179142167472e-07,0.0,0
231.688,0.5981999736993228,0.6455250409098955,1.5377820786806211,1e-12,1e-12,1e-12,0.0,-0.0006595190958818086,0.6,0.6,0.0455606128638629,7,0.04556061286380344,30.462435786368584,1.7981188564396071,28.664316187712757,7.4221621878575e-07,0.0,0
231.788,0.5981999736993228,0.6455250409099228,1.53771612679482,1e-12,1e-12,1e-12,0.0,-0.0006595190958818086,0.6,0.6,0.04556061286389019,7,0.04556061286380344,30.462435786368584,1.7981188564396071,28.664316187712757,7.4221621878575e-07,0.0,0
231.888,0.5981999736993228,0.6455250409099503,1.5376501749090172,1e-12,1e-12,1e-12,0.0,-0.0006595190958818086,0.6,0.6,0.0455606128639177,7,0.04556061286380344,30.462435786368584,1.7981188564396071,28.664316187712757,7.4221621878575e-07,0.0,0
231.988,0.5981999736993228,0.6455250409099779,1.5375842230232155,1e-12,1e-12,1e-12,0.0,-0.0006595190958818086,0.6,0.6,0.045560612863945214,7,0.04556061286380344,30.462435786368584,1.7981188564396071,28.664316187712757,7.4221621878575e-07,0.0,0
232.088,0.5981999736993228,0.6455250409100054,1.537518271137415,1e-12,1e-12,1e-12,0.0,-0.0006595190958818086,0.6,0.6,0.04556061286397273,7,0.04556061286380344,30.462435786368584,1.7981188564396071,28.664316187712757,7.4221621878575e-07,0.0,0
232.188,0.5981999736993228,0.6455250409100336,1.5374523192824918,1e-12,1e-12,1e-12,0.0,-0.0006595183426193952,0.6,0.6,0.0455606128640009,7,0.045560612863945214,30.462435786377785,1.798118856450504,28.664316187712757,7.422145233588559e-07,0.0,0
232.288,0.5981999736993228,0.6455250409100614,1.5373863674720059,1e-12,1e-12,1e-12,0.0,-0.0006595183426193952,0.6,0.6,0.045560612864028634,7,0.045560612863945214,30.462435786377785,1.798118856450504,28.664316187712757,7.422145233588559e-07,0.0,0
232.388,0.5981999736993228,0.6455250409100893,1.5373204156615192,1e-12,1e-12,1e-12,0.0,-0.0006595183426193952,0.6,0.6,0.04556061286405659,7,0.045560612863945214,30.462435786377785,1.798118856450504,28.664316187712757,7.422145233588559e-07,0.0,0
232.488,0.5981999736993228,0.6455250409101175,1.537254463851035,1e-12,1e-12,1e-12,0.0,-0.0006595183426193952,0.6,0.6,0.04556061286408477,7,0.045560612863945214,30.462435786377785,1.798118856450504,28.664316187712757,7.422145233588559e-07,0.0,0
232.588,0.5981999736993228,0.6455250409101455,1.5371885120405488,1e-12,1e-12,1e-12,0.0,-0.0006595183426193952,0.6,0.6,0.045560612864112726,7,0.045560612863945214,30.462435786377785,1.798118856450504,28.664316187712757,7.422145233588559e-07,0.0,0
232.688,0.5981999736993228,0.6455250409101739,1.5371225602579366,1e-12,1e-12,1e-12,0.0,-0.0006595175893576756,0.6,0.6,0.04556061286414113,7,0.04556061286408477,30.46243578638678,1.7981188564611978,28.664316187712757,7.422128279351221e-07,0.0,0
232.788,0.5981999736993228,0.6455250409102032,1.5370566085227824,1e-12,1e-12,1e-12,0.0,-0.0006595175893576756,0.6,0.6,0.04556061286417041,7,0.04556061286408477,30.46243578638678,1.7981188564611978,28.664316187712757,7.422128279351221e-07,0.0,0
232.888,0.5981999736993228,0.6455250409102323,1.5369906567876261,1e-12,1e-12,1e-12,0.0,-0.0006595175893576756,0.6,0.6,0.045560612864199476,7,0.04556061286408477,30.46243578638678,1.7981188564611978,28.664316187712757,7.422128279351221e-07,0.0,0
232.988,0.5981999736993228,0.6455250409102621,1.5369247050524733,1e-12,1e-12,1e-12,0.0,-0.0006595175893576756,0.6,0.6,0.04556061286422921,7,0.04556061286408477,30.46243578638678,1.7981188564611978,28.664316187712757,7.422128279351221e-07,0.0,0
233.088,0.5981999736993228,0.6455250409102914,1.5368587533173177,1e-12,1e-12,1e-12,0.0,-0.0006595175893576756,0.6,0.6,0.04556061286425849,7,0.04556061286408477,30.46243578638678,1.7981188564611978,28.664316187712757,7.422128279351221e-07,0.0,0
233.188,0.5981999736993228,0.6455250409103198,1.5367928015957242,1e-12,1e-12,1e-12,0.0,-0.0006595168360970251,0.6,0.6,0.04556061286428689,7,0.04556061286422921,30.462435786396185,1.7981188564722976,28.664316187712757,7.42211132515918e-07,0.0,0
233.288,0.5981999736993228,0.6455250409103458,1.5367268499359035,1e-12,1e-12,1e-12,0.0,-0.0006595168360970251,0.6,0.6,0.04556061286431285,7,0.04556061286422921,30.462435786396185,1.7981188564722976,28.664316187712757,7.42211132515918e-07,0.0,0
233.388,0.5981999736993228,0.6455250409103718,1.5366608982760819,1e-12,1e-12,1e-12,0.0,-0.0006595168360970251,0.6,0.6,0.04556061286433881,7,0.04556061286422921,30.462435786396185,1.7981188564722976,28.664316187712757,7.42211132515918e-07,0.0,0
233.488,0.5981999736993228,0.6455250409103978,1.5365949466162612,1e-12,1e-12,1e-12,0.0,-0.0006595168360970251,0.6,0.6,0.04556061286436477,7,0.04556061286422921,30.462435786396185,1.7981188564722976,28.664316187712757,7.42211132515918e-07,0.0,0
233.588,0.5981999736993228,0.6455250409104235,1.5365289949564394,1e-12,1e-12,1e-12,0.0,-0.0006595168360970251,0.6,0.6,0.04556061286439051,7,0.04556061286422921,30.462435786396185,1.7981188564722976,28.664316187712757,7.42211132515918e-07,0.0,0
233.688,0.5981999736993228,0.6455250409104499,1.5364630433079172,1e-12,1e-12,1e-12,0.0,-0.0006595160828370475,0.6,0.6,0.04556061286441691,7,0.04556061286436477,30.462435786404832,1.7981188564826374,28.664316187712757,7.422094371001746e-07,0.0,0
233.788,0.5981999736993228,0.6455250409104792,1.5363970917234193,1e-12,1e-12,1e-12,0.0,-0.0006595160828370475,0.6,0.6,0.045560612864446196,7,0.04556061286436477,30.462435786404832,1.7981188564826374,28.664316187712757,7.422094371001746e-07,0.0,0
233.888,0.5981999736993228,0.6455250409105083,1.536331140138922,1e-12,1e-12,1e-12,0.0,-0.0006595160828370475,0.6,0.6,0.04556061286447526,7,0.04556061286436477,30.462435786404832,1.7981188564826374,28.664316187712757,7.422094371001746e-07,0.0,0
233.988,0.5981999736993228,0.6455250409105376,1.5362651885544245,1e-12,1e-12,1e-12,0.0,-0.0006595160828370475,0.6,0.6,0.04556061286450455,7,0.04556061286436477,30.462435786404832,1.7981188564826374,28.664316187712757,7.422094371001746e-07,0.0,0
234.088,0.5981999736993228,0.6455250409105665,1.5361992369699273,1e-12,1e-12,1e-12,0.0,-0.0006595160828370475,0.6,0.6,0.0455606128645334,7,0.04556061286436477,30.462435786404832,1.7981188564826374,28.664316187712757,7.422094371001746e-07,0.0,0
234.188,0.5981999736993228,0.6455250409105954,1.5361332854087795,1e-12,1e-12,1e-12,0.0,-0.0006595153295782187,0.6,0.6,0.045560612864562235,7,0.04556061286450455,30.462435786413934,1.7981188564934334,28.664316187712757,7.422077416889656e-07,0.0,0
234.288,0.5981999736993228,0.6455250409106238,1.5360673338996014,1e-12,1e-12,1e-12,0.0,-0.0006595153295782187,0.6,0.6,0.045560612864590636,7,0.04556061286450455,30.462435786413934,1.7981188564934334,28.664316187712757,7.422077416889656e-07,0.0,0
234.388,0.5981999736993228,0.645525040910652,1.536001382390426,1e-12,1e-12,1e-12,0.0,-0.0006595153295782187,0.6,0.6,0.045560612864618814,7,0.04556061286450455,30.462435786413934,1.7981188564934334,28.664316187712757,7.422077416889656e-07,0.0,0
234.488,0.5981999736993228,0.6455250409106802,1.5359354308812485,1e-12,1e-12,1e-12,0.0,-0.0006595153295782187,0.6,0.6,0.04556061286464699,7,0.04556061286450455,30.462435786413934,1.7981188564934334,28.664316187712757,7.422077416889656e-07,0.0,0
234.588,0.5981999736993228,0.6455250409107086,1.5358694793720709,1e-12,1e-12,1e-12,0.0,-0.0006595153295782187,0.6,0.6,0.045560612864675394,7,0.04556061286450455,30.462435786413934,1.7981188564934334,28.664316187712757,7.422077416889656e-07,0.0,0
234.688,0.5981999736993228,0.6455250409107366,1.5358035278847415,1e-12,1e-12,1e-12,0.0,-0.0006595145763201549,0.6,0.6,0.045560612864703344,7,0.04556061286464699,30.462435786423235,1.798118856504431,28.664316187712757,7.422060462814261e-07,0.0,0
234.788,0.5981999736993228,0.6455250409107639,1.5357375764508971,1e-12,1e-12,1e-12,0.0,-0.0006595145763201549,0.6,0.6,0.045560612864730635,7,0.04556061286464699,30.462435786423235,1.798118856504431,28.664316187712757,7.422060462814261e-07,0.0,0
234.888,0.5981999736993228,0.6455250409107914,1.5356716250170517,1e-12,1e-12,1e-12,0.0,-0.0006595145763201549,0.6,0.6,0.04556061286475815,7,0.04556061286464699,30.462435786423235,1.798118856504431,28.664316187712757,7.422060462814261e-07,0.0,0
234.988,0.5981999736993228,0.6455250409108187,1.535605673583209,1e-12,1e-12,1e-12,0.0,-0.0006595145763201549,0.6,0.6,0.04556061286478544,7,0.04556061286464699,30.462435786423235,1.798118856504431,28.664316187712757,7.422060462814261e-07,0.0,0
235.088,0.5981999736993228,0.6455250409108458,1.5355397221493656,1e-12,1e-12,1e-12,0.0,-0.0006595145763201549,0.6,0.6,0.04556061286481251,7,0.04556061286464699,30.462435786423235,1.798118856504431,28.664316187712757,7.422060462814261e-07,0.0,0
235.188,0.5981999736993228,0.6455250409108734,1.5354737707543837,1e-12,1e-12,1e-12,0.0,-0.0006595138141660561,0.6,0.6,0.04556061286484002,7,0.04556061286478544,30.46243578643196,1.7981188565148736,28.664316187712757,7.422043308527997e-07,0.0,0
235.288,0.5981999736993228,0.6455250409109022,1.5354078193967373,1e-12,1e-12,1e-12,0.0,-0.0006595138141660561,0.6,0.6,0.045560612864868864,7,0.04556061286478544,30.46243578643196,1.7981188565148736,28.664316187712757,7.422043308527997e-07,0.0,0
235.388,0.5981999736993228,0.6455250409109304,1.535341868039094,1e-12,1e-12,1e-12,0.0,-0.0006595138141660561,0.6,0.6,0.04556061286489704,7,0.04556061286478544,30.46243578643196,1.7981188565148736,28.664316187712757,7.422043308527997e-07,0.0,0
235.488,0.5981999736993228,0.6455250409109582,1.53527591668145,1e-12,1e-12,1e-12,0.0,-0.0006595138141660561,0.6,0.6,0.04556061286492477,7,0.04556061286478544,30.46243578643196,1.7981188565148736,28.664316187712757,7.422043308527997e-07,0.0,0
235.588,0.5981999736993228,0.6455250409109864,1.5352099653238054,1e-12,1e-12,1e-12,0.0,-0.0006595138141660561,0.6,0.6,0.04556061286495295,7,0.04556061286478544,30.46243578643196,1.7981188565148736,28.664316187712757,7.422043308527997e-07,0.0,0
235.688,0.5981999736993228,0.6455250409110144,1.5351440139970474,1e-12,1e-12,1e-12,0.0,-0.00065951306090979,0.6,0.6,0.04556061286498091,7,0.04556061286492477,30.462435786441215,1.7981188565258206,28.664316187712757,7.42202635453224e-07,0.0,0
235.788,0.5981999736993228,0.6455250409110415,1.535078062714737,1e-12,1e-12,1e-12,0.0,-0.00065951306090979,0.6,0.6,0.045560612865007975,7,0.04556061286492477,30.462435786441215,1.7981188565258206,28.664316187712757,7.42202635453224e-07,0.0,0
235.888,0.5981999736993228,0.6455250409110681,1.5350121114324238,1e-12,1e-12,1e-12,0.0,-0.00065951306090979,0.6,0.6,0.0455606128650346,7,0.04556061286492477,30.462435786441215,1.7981188565258206,28.664316187712757,7.42202635453224e-07,0.0,0
235.988,0.5981999736993228,0.645525040911095,1.5349461601501135,1e-12,1e-12,1e-12,0.0,-0.00065951306090979,0.6,0.6,0.045560612865061446,7,0.04556061286492477,30.462435786441215,1.7981188565258206,28.664316187712757,7.42202635453224e-07,0.0,0
236.088,0.5981999736993228,0.6455250409111218,1.534880208867803,1e-12,1e-12,1e-12,0.0,-0.00065951306090979,0.6,0.6,0.04556061286508829,7,0.04556061286492477,30.462435786441215,1.7981188565258206,28.664316187712757,7.42202635453224e-07,0.0,0
236.188,0.5981999736993228,0.6455250409111503,1.534814257629934,1e-12,1e-12,1e-12,0.0,-0.0006595123076543416,0.6,0.6,0.045560612865116694,7,0.045560612865061446,30.462435786449905,1.7981188565362096,28.664316187712757,7.42200940057438e-07,0.0,0
236.288,0.5981999736993228,0.6455250409111802,1.5347483064229501,1e-12,1e-12,1e-12,0.0,-0.0006595123076543416,0.6,0.6,0.04556061286514664,7,0.045560612865061446,30.462435786449905,1.7981188565362096,28.664316187712757,7.42200940057438e-07,0.0,0
236.388,0.5981999736993228,0.64552504091121,1.5346823552159663,1e-12,1e-12,1e-12,0.0,-0.0006595123076543416,0.6,0.6,0.045560612865176375,7,0.045560612865061446,30.462435786449905,1.7981188565362096,28.664316187712757,7.42200940057438e-07,0.0,0
236.488,0.5981999736993228,0.6455250409112397,1.5346164040089825,1e-12,1e-12,1e-12,0.0,-0.0006595123076543416,0.6,0.6,0.04556061286520611,7,0.045560612865061446,30.462435786449905,1.7981188565362096,28.664316187712757,7.42200940057438e-07,0.0,0
236.588,0.5981999736993228,0.6455250409112695,1.534550452801997,1e-12,1e-12,1e-12,0.0,-0.0006595123076543416,0.6,0.6,0.045560612865235835,7,0.045560612865061446,30.462435786449905,1.7981188565362096,28.664316187712757,7.42200940057438e-07,0.0,0
236.688,0.5981999736993228,0.6455250409112981,1.5344845016221271,1e-12,1e-12,1e-12,0.0,-0.0006595115543997865,0.6,0.6,0.04556061286526446,7,0.04556061286520611,30.46243578645921,1.7981188565472097,28.664316187712757,7.421992446654368e-07,0.0,0
236.788,0.5981999736993228,0.6455250409113241,1.5344185504904597,1e-12,1e-12,1e-12,0.0,-0.0006595115543997865,0.6,0.6,0.045560612865290416,7,0.04556061286520611,30.46243578645921,1.7981188565472097,28.664316187712757,7.421992446654368e-07,0.0,0
236.888,0.5981999736993228,0.6455250409113501,1.5343525993587925,1e-12,1e-12,1e-12,0.0,-0.0006595115543997865,0.6,0.6,0.045560612865316374,7,0.04556061286520611,30.46243578645921,1.7981188565472097,28.664316187712757,7.421992446654368e-07,0.0,0
236.988,0.5981999736993228,0.6455250409113759,1.5342866482271262,1e-12,1e-12,1e-12,0.0,-0.0006595115543997865,0.6,0.6,0.04556061286534211,7,0.04556061286520611,30.46243578645921,1.7981188565472097,28.664316187712757,7.421992446654368e-07,0.0,0
237.088,0.5981999736993228,0.6455250409114018,1.5342206970954588,1e-12,1e-12,1e-12,0.0,-0.0006595115543997865,0.6,0.6,0.045560612865368076,7,0.04556061286520611,30.46243578645921,1.7981188565472097,28.664316187712757,7.421992446654368e-07,0.0,0
237.188,0.5981999736993228,0.6455250409114283,1.5341547459758453,1e-12,1e-12,1e-12,0.0,-0.0006595108011459403,0.6,0.6,0.04556061286539448,7,0.04556061286534211,30.46243578646816,1.798118856557853,28.664316187712757,7.421975492769784e-07,0.0,0
237.288,0.5981999736993228,0.6455250409114571,1.5340887949195114,1e-12,1e-12,1e-12,0.0,-0.0006595108011459403,0.6,0.6,0.04556061286542332,7,0.04556061286534211,30.46243578646816,1.798118856557853,28.664316187712757,7.421975492769784e-07,0.0,0
237.388,0.5981999736993228,0.645525040911486,1.5340228438631769,1e-12,1e-12,1e-12,0.0,-0.0006595108011459403,0.6,0.6,0.04556061286545216,7,0.04556061286534211,30.46243578646816,1.798118856557853,28.664316187712757,7.421975492769784e-07,0.0,0
237.488,0.5981999736993228,0.6455250409115149,1.5339568928068432,1e-12,1e-12,1e-12,0.0,-0.0006595108011459403,0.6,0.6,0.04556061286548101,7,0.04556061286534211,30.46243578646816,1.798118856557853,28.664316187712757,7.421975492769784e-07,0.0,0
237.588,0.5981999736993228,0.645525040911544,1.5338909417505089,1e-12,1e-12,1e-12,0.0,-0.0006595108011459403,0.6,0.6,0.045560612865510074,7,0.04556061286534211,30.46243578646816,1.798118856557853,28.664316187712757,7.421975492769784e-07,0.0,0
237.688,0.5981999736993228,0.6455250409115728,1.5338249907318386,1e-12,1e-12,1e-12,0.0,-0.0006595100478932535,0.6,0.6,0.04556061286553891,7,0.04556061286548101,30.462435786477005,1.7981188565683937,28.664316187712757,7.421958538930772e-07,0.0,0
237.788,0.5981999736993228,0.6455250409116021,1.5337590397508325,1e-12,1e-12,1e-12,0.0,-0.0006595100478932535,0.6,0.6,0.0455606128655682,7,0.04556061286548101,30.462435786477005,1.7981188565683937,28.664316187712757,7.421958538930772e-07,0.0,0
237.888,0.5981999736993228,0.6455250409116308,1.5336930887698226,1e-12,1e-12,1e-12,0.0,-0.0006595100478932535,0.6,0.6,0.045560612865596824,7,0.04556061286548101,30.462435786477005,1.7981188565683937,28.664316187712757,7.421958538930772e-07,0.0,0
237.988,0.5981999736993228,0.6455250409116596,1.5336271377888147,1e-12,1e-12,1e-12,0.0,-0.0006595100478932535,0.6,0.6,0.04556061286562567,7,0.04556061286548101,30.462435786477005,1.7981188565683937,28.664316187712757,7.421958538930772e-07,0.0,0
238.088,0.5981999736993228,0.6455250409116887,1.5335611868078074,1e-12,1e-12,1e-12,0.0,-0.0006595100478932535,0.6,0.6,0.04556061286565473,7,0.04556061286548101,30.462435786477005,1.7981188565683937,28.664316187712757,7.421958538930772e-07,0.0,0
238.188,0.5981999736993228,0.6455250409117171,1.5334952358463823,1e-12,1e-12,1e-12,0.0,-0.0006595092946412805,0.6,0.6,0.04556061286568313,7,0.04556061286562567,30.46243578648641,1.798118856579495,28.664316187712757,7.421941585127307e-07,0.0,0
238.288,0.5981999736993228,0.6455250409117431,1.5334292849406936,1e-12,1e-12,1e-12,0.0,-0.0006595092946412805,0.6,0.6,0.04556061286570909,7,0.04556061286562567,30.46243578648641,1.798118856579495,28.664316187712757,7.421941585127307e-07,0.0,0
238.388,0.5981999736993228,0.6455250409117691,1.533363334035005,1e-12,1e-12,1e-12,0.0,-0.0006595092946412805,0.6,0.6,0.045560612865735046,7,0.04556061286562567,30.46243578648641,1.798118856579495,28.664316187712757,7.421941585127307e-07,0.0,0
238.488,0.5981999736993228,0.6455250409117949,1.5332973831293149,1e-12,1e-12,1e-12,0.0,-0.0006595092946412805,0.6,0.6,0.04556061286576078,7,0.04556061286562567,30.46243578648641,1.798118856579495,28.664316187712757,7.421941585127307e-07,0.0,0
238.588,0.5981999736993228,0.6455250409118211,1.5332314322236247,1e-12,1e-12,1e-12,0.0,-0.0006595092946412805,0.6,0.6,0.04556061286578696,7,0.04556061286562567,30.46243578648641,1.798118856579495,28.664316187712757,7.421941585127307e-07,0.0,0
238.688,0.5981999736993228,0.6455250409118488,1.5331654813563544,1e-12,1e-12,1e-12,0.0,-0.0006595085413901636,0.6,0.6,0.0455606128658147,7,0.04556061286576078,30.462435786495057,1.798118856589836,28.664316187712757,7.421924631362605e-07,0.0,0
238.788,0.5981999736993228,0.6455250409118788,1.5330995305259985,1e-12,1e-12,1e-12,0.0,-0.0006595085413901636,0.6,0.6,0.04556061286584465,7,0.04556061286576078,30.462435786495057,1.798118856589836,28.664316187712757,7.421924631362605e-07,0.0,0
238.888,0.5981999736993228,0.6455250409119085,1.5330335796956416,1e-12,1e-12,1e-12,0.0,-0.0006595085413901636,0.6,0.6,0.045560612865874386,7,0.04556061286576078,30.462435786495057,1.798118856589836,28.664316187712757,7.421924631362605e-07,0.0,0
238.988,0.5981999736993228,0.6455250409119383,1.532967628865285,1e-12,1e-12,1e-12,0.0,-0.0006595085413901636,0.6,0.6,0.04556061286590411,7,0.04556061286576078,30.462435786495057,1.798118856589836,28.664316187712757,7.421924631362605e-07,0.0,0
239.088,0.5981999736993228,0.6455250409119683,1.5329016780349294,1e-12,1e-12,1e-12,0.0,-0.0006595085413901636,0.6,0.6,0.04556061286593407,7,0.04556061286576078,30.462435786495057,1.798118856589836,28.664316187712757,7.421924631362605e-07,0.0,0
239.188,0.5981999736993228,0.6455250409119965,1.5328357272505244,1e-12,1e-12,1e-12,0.0,-0.000659507788140118,0.6,0.6,0.04556061286596225,7,0.04556061286590411,30.462435786504457,1.7981188566009332,28.664316187712757,7.421907677641477e-07,0.0,0
239.288,0.5981999736993228,0.6455250409120231,1.5327697764955004,1e-12,1e-12,1e-12,0.0,-0.000659507788140118,0.6,0.6,0.04556061286598887,7,0.04556061286590411,30.462435786504457,1.7981188566009332,28.664316187712757,7.421907677641477e-07,0.0,0
239.388,0.5981999736993228,0.6455250409120498,1.5327038257404757,1e-12,1e-12,1e-12,0.0,-0.000659507788140118,0.6,0.6,0.045560612866015496,7,0.04556061286590411,30.462435786504457,1.7981188566009332,28.664316187712757,7.421907677641477e-07,0.0,0
239.488,0.5981999736993228,0.6455250409120762,1.5326378749854535,1e-12,1e-12,1e-12,0.0,-0.000659507788140118,0.6,0.6,0.0455606128660419,7,0.04556061286590411,30.462435786504457,1.7981188566009332,28.664316187712757,7.421907677641477e-07,0.0,0
239.588,0.5981999736993228,0.6455250409121028,1.5325719242304292,1e-12,1e-12,1e-12,0.0,-0.000659507788140118,0.6,0.6,0.04556061286606852,7,0.04556061286590411,30.462435786504457,1.7981188566009332,28.664316187712757,7.421907677641477e-07,0.0,0
239.688,0.5981999736993228,0.6455250409121304,1.5325059734957425,1e-12,1e-12,1e-12,0.0,-0.0006595070348907598,0.6,0.6,0.045560612866096036,7,0.0455606128660419,30.462435786513357,1.7981188566115271,28.664316187712757,7.421890723957071e-07,0.0,0
239.788,0.5981999736993228,0.6455250409121586,1.5324400228160349,1e-12,1e-12,1e-12,0.0,-0.0006595070348907598,0.6,0.6,0.04556061286612421,7,0.0455606128660419,30.462435786513357,1.7981188566115271,28.664316187712757,7.421890723957071e-07,0.0,0
239.888,0.5981999736993228,0.645525040912187,1.5323740721363284,1e-12,1e-12,1e-12,0.0,-0.0006595070348907598,0.6,0.6,0.04556061286615261,7,0.0455606128660419,30.462435786513357,1.7981188566115271,28.664316187712757,7.421890723957071e-07,0.0,0
239.988,0.5981999736993228,0.6455250409122156,1.5323081214566248,1e-12,1e-12,1e-12,0.0,-0.0006595070348907598,0.6,0.6,0.04556061286618123,7,0.0455606128660419,30.462435786513357,1.7981188566115271,28.664316187712757,7.421890723957071e-07,0.0,0
240.088,0.5981999736993228,0.6455250409122436,1.5322421707769178,1e-12,1e-12,1e-12,0.0,-0.0006595070348907598,0.6,0.6,0.04556061286620919,7,0.0455606128660419,30.462435786513357,1.7981188566115271,28.664316187712757,7.421890723957071e-07,0.0,0
240.188,0.5981999736993228,0.6455250409122727,1.5321762201393947,1e-12,1e-12,1e-12,0.0,-0.0006595062816423065,0.6,0.6,0.045560612866238255,7,0.04556061286618123,30.46243578652241,1.7981188566222728,28.664316187712757,7.421873770310737e-07,0.0,0
240.288,0.5981999736993228,0.645525040912302,1.5321102695350142,1e-12,1e-12,1e-12,0.0,-0.0006595062816423065,0.6,0.6,0.04556061286626754,7,0.04556061286618123,30.46243578652241,1.7981188566222728,28.664316187712757,7.421873770310737e-07,0.0,0
240.388,0.5981999736993228,0.6455250409123311,1.532044318930636,1e-12,1e-12,1e-12,0.0,-0.0006595062816423065,0.6,0.6,0.045560612866296604,7,0.04556061286618123,30.46243578652241,1.7981188566222728,28.664316187712757,7.421873770310737e-07,0.0,0
240.488,0.5981999736993228,0.6455250409123604,1.5319783683262553,1e-12,1e-12,1e-12,0.0,-0.0006595062816423065,0.6,0.6,0.04556061286632589,7,0.04556061286618123,30.46243578652241,1.7981188566222728,28.664316187712757,7.421873770310737e-07,0.0,0
240.588,0.5981999736993228,0.6455250409123895,1.5319124177218773,1e-12,1e-12,1e-12,0.0,-0.0006595062816423065,0.6,0.6,0.04556061286635495,7,0.04556061286618123,30.46243578652241,1.7981188566222728,28.664316187712757,7.421873770310737e-07,0.0,0
240.688,0.5981999736993228,0.645525040912417,1.531846467146877,1e-12,1e-12,1e-12,0.0,-0.0006595055283945614,0.6,0.6,0.045560612866382466,7,0.04556061286632589,30.46243578653176,1.7981188566333217,28.664316187712757,7.421856816699852e-07,0.0,0
240.788,0.5981999736993228,0.645525040912443,1.531780516617831,1e-12,1e-12,1e-12,0.0,-0.0006595055283945614,0.6,0.6,0.045560612866408425,7,0.04556061286632589,30.46243578653176,1.7981188566333217,28.664316187712757,7.421856816699852e-07,0.0,0
240.888,0.5981999736993228,0.6455250409124688,1.5317145660887823,1e-12,1e-12,1e-12,0.0,-0.0006595055283945614,0.6,0.6,0.04556061286643416,7,0.04556061286632589,30.46243578653176,1.7981188566333217,28.664316187712757,7.421856816699852e-07,0.0,0
240.988,0.5981999736993228,0.6455250409124945,1.5316486155597362,1e-12,1e-12,1e-12,0.0,-0.0006595055283945614,0.6,0.6,0.045560612866459904,7,0.04556061286632589,30.46243578653176,1.7981188566333217,28.664316187712757,7.421856816699852e-07,0.0,0
241.088,0.5981999736993228,0.6455250409125203,1.5315826650306903,1e-12,1e-12,1e-12,0.0,-0.0006595055283945614,0.6,0.6,0.04556061286648564,7,0.04556061286632589,30.46243578653176,1.7981188566333217,28.664316187712757,7.421856816699852e-07,0.0,0
241.188,0.5981999736993228,0.6455250409125483,1.5315167145430686,1e-12,1e-12,1e-12,0.0,-0.0006595047751479734,0.6,0.6,0.0455606128665136,7,0.045560612866459904,30.462435786540404,1.798118856643662,28.664316187712757,7.421839863134457e-07,0.0,0
241.288,0.5981999736993228,0.6455250409125778,1.5314507640893407,1e-12,1e-12,1e-12,0.0,-0.0006595047751479734,0.6,0.6,0.0455606128665431,7,0.045560612866459904,30.462435786540404,1.798118856643662,28.664316187712757,7.421839863134457e-07,0.0,0
241.388,0.5981999736993228,0.6455250409126075,1.5313848136356112,1e-12,1e-12,1e-12,0.0,-0.0006595047751479734,0.6,0.6,0.045560612866572835,7,0.045560612866459904,30.462435786540404,1.798118856643662,28.664316187712757,7.421839863134457e-07,0.0,0
241.488,0.5981999736993228,0.6455250409126371,1.5313188631818835,1e-12,1e-12,1e-12,0.0,-0.0006595047751479734,0.6,0.6,0.045560612866602346,7,0.045560612866459904,30.462435786540404,1.798118856643662,28.664316187712757,7.421839863134457e-07,0.0,0
241.588,0.5981999736993228,0.6455250409126668,1.5312529127281558,1e-12,1e-12,1e-12,0.0,-0.0006595047751479734,0.6,0.6,0.04556061286663207,7,0.045560612866459904,30.462435786540404,1.798118856643662,28.664316187712757,7.421839863134457e-07,0.0,0
241.688,0.5981999736993228,0.6455250409126957,1.5311869622909986,1e-12,1e-12,1e-12,0.0,-0.0006595040219020877,0.6,0.6,0.04556061286666092,7,0.045560612866602346,30.462435786549502,1.7981188566544564,28.664316187712757,7.421822909604364e-07,0.0,0
241.788,0.5981999736993228,0.645525040912723,1.5311210119125969,1e-12,1e-12,1e-12,0.0,-0.0006595040219020877,0.6,0.6,0.04556061286668821,7,0.045560612866602346,30.462435786549502,1.7981188566544564,28.664316187712757,7.421822909604364e-07,0.0,0
241.888,0.5981999736993228,0.6455250409127503,1.5310550615341942,1e-12,1e-12,1e-12,0.0,-0.0006595040219020877,0.6,0.6,0.0455606128667155,7,0.045560612866602346,30.462435786549502,1.7981188566544564,28.664316187712757,7.421822909604364e-07,0.0,0
241.988,0.5981999736993228,0.645525040912777,1.5309891111557932,1e-12,1e-12,1e-12,0.0,-0.0006595040219020877,0.6,0.6,0.04556061286674212,7,0.045560612866602346,30.462435786549502,1.7981188566544564,28.664316187712757,7.421822909604364e-07,0.0,0
242.088,0.5981999736993228,0.6455250409128038,1.5309231607773908,1e-12,1e-12,1e-12,0.0,-0.0006595040219020877,0.6,0.6,0.04556061286676897,7,0.045560612866602346,30.462435786549502,1.7981188566544564,28.664316187712757,7.421822909604364e-07,0.0,0
242.188,0.5981999736993228,0.645525040912832,1.5308572104396685,1e-12,1e-12,1e-12,0.0,-0.0006595032686570401,0.6,0.6,0.04556061286679715,7,0.04556061286674212,30.462435786558707,1.7981188566653532,28.664316187712757,7.421805956112612e-07,0.0,0
242.288,0.5981999736993228,0.64552504091286,1.5307912601366005,1e-12,1e-12,1e-12,0.0,-0.0006595032686570401,0.6,0.6,0.0455606128668251,7,0.04556061286674212,30.462435786558707,1.7981188566653532,28.664316187712757,7.421805956112612e-07,0.0,0
242.388,0.5981999736993228,0.6455250409128884,1.5307253098335305,1e-12,1e-12,1e-12,0.0,-0.0006595032686570401,0.6,0.6,0.0455606128668535,7,0.04556061286674212,30.462435786558707,1.7981188566653532,28.664316187712757,7.421805956112612e-07,0.0,0
242.488,0.5981999736993228,0.6455250409129166,1.5306593595304607,1e-12,1e-12,1e-12,0.0,-0.0006595032686570401,0.6,0.6,0.04556061286688168,7,0.04556061286674212,30.462435786558707,1.7981188566653532,28.664316187712757,7.421805956112612e-07,0.0,0
242.588,0.5981999736993228,0.6455250409129446,1.5305934092273925,1e-12,1e-12,1e-12,0.0,-0.0006595032686570401,0.6,0.6,0.045560612866909635,7,0.04556061286674212,30.462435786558707,1.7981188566653532,28.664316187712757,7.421805956112612e-07,0.0,0
242.688,0.5981999736993228,0.6455250409129728,1.5305274589555664,1e-12,1e-12,1e-12,0.0,-0.0006595025065162836,0.6,0.6,0.045560612866937814,7,0.04556061286688168,30.462435786567585,1.7981188566759496,28.664316187712757,7.421788802422534e-07,0.0,0
242.788,0.5981999736993228,0.6455250409130003,1.5304615087286972,1e-12,1e-12,1e-12,0.0,-0.0006595025065162836,0.6,0.6,0.045560612866965326,7,0.04556061286688168,30.462435786567585,1.7981188566759496,28.664316187712757,7.421788802422534e-07,0.0,0
242.888,0.5981999736993228,0.6455250409130283,1.5303955585018267,1e-12,1e-12,1e-12,0.0,-0.0006595025065162836,0.6,0.6,0.04556061286699328,7,0.04556061286688168,30.462435786567585,1.7981188566759496,28.664316187712757,7.421788802422534e-07,0.0,0
242.988,0.5981999736993228,0.6455250409130558,1.5303296082749562,1e-12,1e-12,1e-12,0.0,-0.0006595025065162836,0.6,0.6,0.04556061286702079,7,0.04556061286688168,30.462435786567585,1.7981188566759496,28.664316187712757,7.421788802422534e-07,0.0,0
243.088,0.5981999736993228,0.6455250409130836,1.5302636580480873,1e-12,1e-12,1e-12,0.0,-0.0006595025065162836,0.6,0.6,0.045560612867048524,7,0.04556061286688168,30.462435786567585,1.7981188566759496,28.664316187712757,7.421788802422534e-07,0.0,0
243.188,0.5981999736993228,0.6455250409131114,1.5301977078626512,1e-12,1e-12,1e-12,0.0,-0.0006595017532731135,0.6,0.6,0.04556061286707626,7,0.04556061286702079,30.46243578657679,1.798118856686847,28.664316187712757,7.421771849012238e-07,0.0,0
243.288,0.5981999736993228,0.6455250409131389,1.530131757711114,1e-12,1e-12,1e-12,0.0,-0.0006595017532731135,0.6,0.6,0.04556061286710377,7,0.04556061286702079,30.46243578657679,1.798118856686847,28.664316187712757,7.421771849012238e-07,0.0,0
243.388,0.5981999736993228,0.6455250409131664,1.530065807559579,1e-12,1e-12,1e-12,0.0,-0.0006595017532731135,0.6,0.6,0.045560612867131284,7,0.04556061286702079,30.46243578657679,1.798118856686847,28.664316187712757,7.421771849012238e-07,0.0,0
243.488,0.5981999736993228,0.6455250409131937,1.5299998574080425,1e-12,1e-12,1e-12,0.0,-0.0006595017532731135,0.6,0.6,0.045560612867158574,7,0.04556061286702079,30.46243578657679,1.798118856686847,28.664316187712757,7.421771849012238e-07,0.0,0
243.588,0.5981999736993228,0.6455250409132217,1.5299339072565061,1e-12,1e-12,1e-12,0.0,-0.0006595017532731135,0.6,0.6,0.04556061286718653,7,0.04556061286702079,30.46243578657679,1.798118856686847,28.664316187712757,7.421771849012238e-07,0.0,0
243.688,0.5981999736993228,0.6455250409132499,1.5298679571350973,1e-12,1e-12,1e-12,0.0,-0.000659501000031065,0.6,0.6,0.04556061286721471,7,0.045560612867158574,30.462435786585633,1.7981188566973862,28.664316187712757,7.421754895646644e-07,0.0,0
243.788,0.5981999736993228,0.6455250409132794,1.529802007058879,1e-12,1e-12,1e-12,0.0,-0.000659501000031065,0.6,0.6,0.045560612867244214,7,0.045560612867158574,30.462435786585633,1.7981188566973862,28.664316187712757,7.421754895646644e-07,0.0,0
243.888,0.5981999736993228,0.6455250409133094,1.5297360569826624,1e-12,1e-12,1e-12,0.0,-0.000659501000031065,0.6,0.6,0.04556061286727417,7,0.045560612867158574,30.462435786585633,1.7981188566973862,28.664316187712757,7.421754895646644e-07,0.0,0
243.988,0.5981999736993228,0.645525040913339,1.5296701069064456,1e-12,1e-12,1e-12,0.0,-0.000659501000031065,0.6,0.6,0.04556061286730368,7,0.045560612867158574,30.462435786585633,1.7981188566973862,28.664316187712757,7.421754895646644e-07,0.0,0
244.088,0.5981999736993228,0.6455250409133683,1.5296041568302277,1e-12,1e-12,1e-12,0.0,-0.000659501000031065,0.6,0.6,0.04556061286733296,7,0.045560612867158574,30.462435786585633,1.7981188566973862,28.664316187712757,7.421754895646644e-07,0.0,0
244.188,0.5981999736993228,0.6455250409133971,1.5295382067751007,1e-12,1e-12,1e-12,0.0,-0.0006595002467894816,0.6,0.6,0.04556061286736181,7,0.04556061286730368,30.462435786595087,1.7981188567085375,28.664316187712757,7.42173794230927e-07,0.0,0
244.288,0.5981999736993228,0.6455250409134227,1.529472256774209,1e-12,1e-12,1e-12,0.0,-0.0006595002467894816,0.6,0.6,0.04556061286738732,7,0.04556061286730368,30.462435786595087,1.7981188567085375,28.664316187712757,7.42173794230927e-07,0.0,0
244.388,0.5981999736993228,0.6455250409134482,1.529406306773315,1e-12,1e-12,1e-12,0.0,-0.0006595002467894816,0.6,0.6,0.045560612867412836,7,0.04556061286730368,30.462435786595087,1.7981188567085375,28.664316187712757,7.42173794230927e-07,0.0,0
244.488,0.5981999736993228,0.645525040913474,1.5293403567724235,1e-12,1e-12,1e-12,0.0,-0.0006595002467894816,0.6,0.6,0.04556061286743857,7,0.04556061286730368,30.462435786595087,1.7981188567085375,28.664316187712757,7.42173794230927e-07,0.0,0
244.588,0.5981999736993228,0.6455250409134995,1.5292744067715318,1e-12,1e-12,1e-12,0.0,-0.0006595002467894816,0.6,0.6,0.04556061286746409,7,0.04556061286730368,30.462435786595087,1.7981188567085375,28.664316187712757,7.42173794230927e-07,0.0,0
244.688,0.5981999736993228,0.645525040913525,1.5292084567706397,1e-12,1e-12,1e-12,0.0,-0.0006594994935489467,0.6,0.6,0.04556061286748961,7,0.04556061286743857,30.46243578660358,1.7981188567187258,28.664316187712757,7.421720989016718e-07,0.0,0
244.788,0.5981999736993228,0.6455250409135546,1.5291425068428206,1e-12,1e-12,1e-12,0.0,-0.0006594994935489467,0.6,0.6,0.04556061286751911,7,0.04556061286743857,30.46243578660358,1.7981188567187258,28.664316187712757,7.421720989016718e-07,0.0,0
244.888,0.5981999736993228,0.6455250409135836,1.5290765569172624,1e-12,1e-12,1e-12,0.0,-0.0006594994935489467,0.6,0.6,0.04556061286754818,7,0.04556061286743857,30.46243578660358,1.7981188567187258,28.664316187712757,7.421720989016718e-07,0.0,0
244.988,0.5981999736993228,0.6455250409136136,1.5290106069917035,1e-12,1e-12,1e-12,0.0,-0.0006594994935489467,0.6,0.6,0.045560612867578135,7,0.04556061286743857,30.46243578660358,1.7981188567187258,28.664316187712757,7.421720989016718e-07,0.0,0
245.088,0.5981999736993228,0.6455250409136427,1.5289446570661442,1e-12,1e-12,1e-12,0.0,-0.0006594994935489467,0.6,0.6,0.045560612867607195,7,0.04556061286743857,30.46243578660358,1.7981188567187258,28.664316187712757,7.421720989016718e-07,0.0,0
245.188,0.5981999736993228,0.6455250409136725,1.5288787071481171,1e-12,1e-12,1e-12,0.0,-0.0006594987403092582,0.6,0.6,0.04556061286763693,7,0.045560612867578135,30.462435786612783,1.798118856729624,28.664316187712757,7.421704035760947e-07,0.0,0
245.288,0.5981999736993228,0.645525040913702,1.5288127572978931,1e-12,1e-12,1e-12,0.0,-0.0006594987403092582,0.6,0.6,0.04556061286766644,7,0.045560612867578135,30.462435786612783,1.798118856729624,28.664316187712757,7.421704035760947e-07,0.0,0
245.388,0.5981999736993228,0.6455250409137313,1.5287468074476656,1e-12,1e-12,1e-12,0.0,-0.0006594987403092582,0.6,0.6,0.04556061286769572,7,0.045560612867578135,30.462435786612783,1.798118856729624,28.664316187712757,7.421704035760947e-07,0.0,0
245.488,0.5981999736993228,0.6455250409137606,1.5286808575974378,1e-12,1e-12,1e-12,0.0,-0.0006594987403092582,0.6,0.6,0.04556061286772501,7,0.045560612867578135,30.462435786612783,1.798118856729624,28.664316187712757,7.421704035760947e-07,0.0,0
245.588,0.5981999736993228,0.6455250409137897,1.5286149077472122,1e-12,1e-12,1e-12,0.0,-0.0006594987403092582,0.6,0.6,0.04556061286775408,7,0.045560612867578135,30.462435786612783,1.798118856729624,28.664316187712757,7.421704035760947e-07,0.0,0
245.688,0.5981999736993228,0.6455250409138183,1.5285489579316305,1e-12,1e-12,1e-12,0.0,-0.0006594979870703562,0.6,0.6,0.0455606128677827,7,0.04556061286772501,30.46243578662224,1.7981188567407735,28.664316187712757,7.421687082542349e-07,0.0,0
245.788,0.5981999736993228,0.6455250409138454,1.5284830081567193,1e-12,1e-12,1e-12,0.0,-0.0006594979870703562,0.6,0.6,0.04556061286780977,7,0.04556061286772501,30.46243578662224,1.7981188567407735,28.664316187712757,7.421687082542349e-07,0.0,0
245.888,0.5981999736993228,0.6455250409138725,1.5284170583818075,1e-12,1e-12,1e-12,0.0,-0.0006594979870703562,0.6,0.6,0.04556061286783684,7,0.04556061286772501,30.46243578662224,1.7981188567407735,28.664316187712757,7.421687082542349e-07,0.0,0
245.988,0.5981999736993228,0.6455250409138998,1.5283511086068977,1e-12,1e-12,1e-12,0.0,-0.0006594979870703562,0.6,0.6,0.04556061286786412,7,0.04556061286772501,30.46243578662224,1.7981188567407735,28.664316187712757,7.421687082542349e-07,0.0,0
246.088,0.5981999736993228,0.6455250409139269,1.528285158831986,1e-12,1e-12,1e-12,0.0,-0.0006594979870703562,0.6,0.6,0.04556061286789119,7,0.04556061286772501,30.46243578662224,1.7981188567407735,28.664316187712757,7.421687082542349e-07,0.0,0
246.188,0.5981999736993228,0.6455250409139549,1.5282192091066134,1e-12,1e-12,1e-12,0.0,-0.0006594972249357717,0.6,0.6,0.04556061286791915,7,0.04556061286786412,30.462435786631268,1.7981188567515192,28.664316187712757,7.421669929127618e-07,0.0,0
246.288,0.5981999736993228,0.645525040913984,1.5281532594079115,1e-12,1e-12,1e-12,0.0,-0.0006594972249357717,0.6,0.6,0.045560612867948214,7,0.04556061286786412,30.462435786631268,1.7981188567515192,28.664316187712757,7.421669929127618e-07,0.0,0
246.388,0.5981999736993228,0.6455250409140129,1.528087309709213,1e-12,1e-12,1e-12,0.0,-0.0006594972249357717,0.6,0.6,0.04556061286797706,7,0.04556061286786412,30.462435786631268,1.7981188567515192,28.664316187712757,7.421669929127618e-07,0.0,0
246.488,0.5981999736993228,0.645525040914042,1.5280213600105121,1e-12,1e-12,1e-12,0.0,-0.0006594972249357717,0.6,0.6,0.04556061286800612,7,0.04556061286786412,30.462435786631268,1.7981188567515192,28.664316187712757,7.421669929127618e-07,0.0,0
246.588,0.5981999736993228,0.6455250409140704,1.5279554103118136,1e-12,1e-12,1e-12,0.0,-0.0006594972249357717,0.6,0.6,0.04556061286803452,7,0.04556061286786412,30.462435786631268,1.7981188567515192,28.664316187712757,7.421669929127618e-07,0.0,0
246.688,0.5981999736993228,0.6455250409140979,1.5278894606439941,1e-12,1e-12,1e-12,0.0,-0.0006594964716987717,0.6,0.6,0.04556061286806203,7,0.04556061286800612,30.462435786640366,1.798118856762312,28.664316187712757,7.421652975991032e-07,0.0,0
246.788,0.5981999736993228,0.6455250409141241,1.5278235110206109,1e-12,1e-12,1e-12,0.0,-0.0006594964716987717,0.6,0.6,0.04556061286808821,7,0.04556061286800612,30.462435786640366,1.798118856762312,28.664316187712757,7.421652975991032e-07,0.0,0
246.888,0.5981999736993228,0.6455250409141545,1.5277575613971937,1e-12,1e-12,1e-12,0.0,-0.0006594964716987717,0.6,0.6,0.04556061286811861,7,0.04556061286800612,30.462435786640366,1.798118856762312,28.664316187712757,7.421652975991032e-07,0.0,0
246.988,0.5981999736993228,0.6455250409141918,1.5276916117737225,1e-12,1e-12,1e-12,0.0,-0.0006594964716987717,0.6,0.6,0.04556061286815589,7,0.04556061286800612,30.462435786640366,1.798118856762312,28.664316187712757,7.421652975991032e-07,0.0,0
247.088,0.5981999736993228,0.6455250409142347,1.5276256621502133,1e-12,1e-12,1e-12,0.0,-0.0006594964716987717,0.6,0.6,0.04556061286819871,7,0.04556061286800612,30.462435786640366,1.798118856762312,28.664316187712757,7.421652975991032e-07,0.0,0
247.188,0.5981999736993228,0.6455250409142784,1.527559712551551,1e-12,1e-12,1e-12,0.0,-0.0006594957184627601,0.6,0.6,0.045560612868242416,7,0.04556061286815589,30.46243578665033,1.7981188567739703,28.664316187712757,7.421636022897911e-07,0.0,0
247.288,0.5981999736993228,0.6455250409143197,1.5274937630033607,1e-12,1e-12,1e-12,0.0,-0.0006594957184627601,0.6,0.6,0.04556061286828368,7,0.04556061286815589,30.46243578665033,1.7981188567739703,28.664316187712757,7.421636022897911e-07,0.0,0
247.388,0.5981999736993228,0.6455250409143612,1.5274278134551722,1e-12,1e-12,1e-12,0.0,-0.0006594957184627601,0.6,0.6,0.045560612868325176,7,0.04556061286815589,30.46243578665033,1.7981188567739703,28.664316187712757,7.421636022897911e-07,0.0,0
247.488,0.5981999736993228,0.6455250409144025,1.5273618639069801,1e-12,1e-12,1e-12,0.0,-0.0006594957184627601,0.6,0.6,0.04556061286836644,7,0.04556061286815589,30.46243578665033,1.7981188567739703,28.664316187712757,7.421636022897911e-07,0.0,0
247.588,0.5981999736993228,0.6455250409144438,1.527295914358792,1e-12,1e-12,1e-12,0.0,-0.0006594957184627601,0.6,0.6,0.04556061286840771,7,0.04556061286815589,30.46243578665033,1.7981188567739703,28.664316187712757,7.421636022897911e-07,0.0,0
247.688,0.5981999736993228,0.6455250409144863,1.527229964852028,1e-12,1e-12,1e-12,0.0,-0.0006594949652275372,0.6,0.6,0.04556061286845008,7,0.04556061286836644,30.462435786664855,1.7981188567901925,28.664316187712757,7.42161906984027e-07,0.0,0
247.788,0.5981999736993228,0.64552504091453,1.527164015379158,1e-12,1e-12,1e-12,0.0,-0.0006594949652275372,0.6,0.6,0.0455606128684938,7,0.04556061286836644,30.462435786664855,1.7981188567901925,28.664316187712757,7.42161906984027e-07,0.0,0
247.888,0.5981999736993228,0.6455250409145737,1.5270980659062892,1e-12,1e-12,1e-12,0.0,-0.0006594949652275372,0.6,0.6,0.045560612868537506,7,0.04556061286836644,30.462435786664855,1.7981188567901925,28.664316187712757,7.42161906984027e-07,0.0,0
247.988,0.5981999736993228,0.6455250409146175,1.5270321164334197,1e-12,1e-12,1e-12,0.0,-0.0006594949652275372,0.6,0.6,0.045560612868581214,7,0.04556061286836644,30.462435786664855,1.7981188567901925,28.664316187712757,7.42161906984027e-07,0.0,0
248.088,0.5981999736993228,0.645525040914661,1.526966166960551,1e-12,1e-12,1e-12,0.0,-0.0006594949652275372,0.6,0.6,0.0455606128686247,7,0.04556061286836644,30.462435786664855,1.7981188567901925,28.664316187712757,7.42161906984027e-07,0.0,0
248.188,0.5981999736993228,0.6455250409147045,1.5269002175087734,1e-12,1e-12,1e-12,0.0,-0.0006594942119931069,0.6,0.6,0.045560612868668186,7,0.045560612868581214,30.462435786679478,1.7981188568065114,28.664316187712757,7.421602116819943e-07,0.0,0
248.288,0.5981999736993228,0.6455250409147472,1.526834268111228,1e-12,1e-12,1e-12,0.0,-0.0006594942119931069,0.6,0.6,0.045560612868710784,7,0.045560612868581214,30.462435786679478,1.7981188568065114,28.664316187712757,7.421602116819943e-07,0.0,0
248.388,0.5981999736993228,0.6455250409147893,1.5267683187136825,1e-12,1e-12,1e-12,0.0,-0.0006594942119931069,0.6,0.6,0.04556061286875294,7,0.045560612868581214,30.462435786679478,1.7981188568065114,28.664316187712757,7.421602116819943e-07,0.0,0
248.488,0.5981999736993228,0.6455250409148315,1.526702369316138,1e-12,1e-12,1e-12,0.0,-0.0006594942119931069,0.6,0.6,0.0455606128687951,7,0.045560612868581214,30.462435786679478,1.7981188568065114,28.664316187712757,7.421602116819943e-07,0.0,0
248.588,0.5981999736993228,0.6455250409148742,1.5266364199185924,1e-12,1e-12,1e-12,0.0,-0.0006594942119931069,0.6,0.6,0.0455606128688377,7,0.045560612868581214,30.462435786679478,1.7981188568065114,28.664316187712757,7.421602116819943e-07,0.0,0
248.688,0.5981999736993228,0.6455250409149157,1.526570470548168,1e-12,1e-12,1e-12,0.0,-0.0006594934587594991,0.6,0.6,0.045560612868879184,7,0.0455606128687951,30.462435786694307,1.7981188568230353,28.664316187712757,7.42158516383587e-07,0.0,0
248.788,0.5981999736993228,0.6455250409149572,1.5265045212259545,1e-12,1e-12,1e-12,0.0,-0.0006594934587594991,0.6,0.6,0.04556061286892067,7,0.0455606128687951,30.462435786694307,1.7981188568230353,28.664316187712757,7.42158516383587e-07,0.0,0
248.888,0.5981999736993228,0.645525040914999,1.526438571903741,1e-12,1e-12,1e-12,0.0,-0.0006594934587594991,0.6,0.6,0.04556061286896239,7,0.0455606128687951,30.462435786694307,1.7981188568230353,28.664316187712757,7.42158516383587e-07,0.0,0
248.988,0.5981999736993228,0.64552504091504,1.5263726225815284,1e-12,1e-12,1e-12,0.0,-0.0006594934587594991,0.6,0.6,0.04556061286900343,7,0.0455606128687951,30.462435786694307,1.7981188568230353,28.664316187712757,7.42158516383587e-07,0.0,0
249.088,0.5981999736993228,0.6455250409150809,1.5263066732593153,1e-12,1e-12,1e-12,0.0,-0.0006594934587594991,0.6,0.6,0.04556061286904426,7,0.0455606128687951,30.462435786694307,1.7981188568230353,28.664316187712757,7.42158516383587e-07,0.0,0
249.188,0.5981999736993228,0.645525040915124,1.526240723966476,1e-12,1e-12,1e-12,0.0,-0.0006594927055267363,0.6,0.6,0.0455606128690873,7,0.04556061286900343,30.462435786708475,1.7981188568388973,28.664316187712757,7.421568210890274e-07,0.0,0
249.288,0.5981999736993228,0.6455250409151684,1.526174774719579,1e-12,1e-12,1e-12,0.0,-0.0006594927055267363,0.6,0.6,0.04556061286913168,7,0.04556061286900343,30.462435786708475,1.7981188568388973,28.664316187712757,7.421568210890274e-07,0.0,0
249.388,0.5981999736993228,0.645525040915213,1.5261088254726836,1e-12,1e-12,1e-12,0.0,-0.0006594927055267363,0.6,0.6,0.04556061286917627,7,0.04556061286900343,30.462435786708475,1.7981188568388973,28.664316187712757,7.421568210890274e-07,0.0,0
249.488,0.5981999736993228,0.6455250409152576,1.526042876225789,1e-12,1e-12,1e-12,0.0,-0.0006594927055267363,0.6,0.6,0.04556061286922087,7,0.04556061286900343,30.462435786708475,1.7981188568388973,28.664316187712757,7.421568210890274e-07,0.0,0
249.588,0.5981999736993228,0.6455250409153023,1.5259769269788919,1e-12,1e-12,1e-12,0.0,-0.0006594927055267363,0.6,0.6,0.045560612869265465,7,0.04556061286900343,30.462435786708475,1.7981188568388973,28.664316187712757,7.421568210890274e-07,0.0,0
249.688,0.5981999736993228,0.6455250409153465,1.5259109777373319,1e-12,1e-12,1e-12,0.0,-0.0006594919433982513,0.6,0.6,0.04556061286930962,7,0.04556061286922087,30.46243578672354,1.7981188568556754,28.664316187712757,7.421551057751018e-07,0.0,0
249.788,0.5981999736993228,0.6455250409153873,1.5258450285666512,1e-12,1e-12,1e-12,0.0,-0.0006594919433982513,0.6,0.6,0.04556061286935044,7,0.04556061286922087,30.46243578672354,1.7981188568556754,28.664316187712757,7.421551057751018e-07,0.0,0
249.888,0.5981999736993228,0.6455250409154286,1.5257790793959713,1e-12,1e-12,1e-12,0.0,-0.0006594919433982513,0.6,0.6,0.045560612869391705,7,0.04556061286922087,30.46243578672354,1.7981188568556754,28.664316187712757,7.421551057751018e-07,0.0,0
249.988,0.5981999736993228,0.6455250409154699,1.5257131302252918,1e-12,1e-12,1e-12,0.0,-0.0006594919433982513,0.6,0.6,0.04556061286943298,7,0.04556061286922087,30.46243578672354,1.7981188568556754,28.664316187712757,7.421551057751018e-07,0.0,0
250.088,0.5981999736993228,0.6455250409155108,1.5256471810546117,1e-12,1e-12,1e-12,0.0,-0.0006594919433982513,0.6,0.6,0.0455606128694738,7,0.04556061286922087,30.46243578672354,1.7981188568556754,28.664316187712757,7.421551057751018e-07,0.0,0
250.188,0.5981999736993228,0.6455250409155525,1.5255812319080357,1e-12,1e-12,1e-12,0.0,-0.0006594911901672948,0.6,0.6,0.04556061286951551,7,0.04556061286943298,30.46243578673821,1.7981188568720459,28.664316187712757,7.421534104885288e-07,0.0,0
250.288,0.5981999736993228,0.6455250409155974,1.525515282812685,1e-12,1e-12,1e-12,0.0,-0.0006594911901672948,0.6,0.6,0.04556061286956033,7,0.04556061286943298,30.46243578673821,1.7981188568720459,28.664316187712757,7.421534104885288e-07,0.0,0
250.388,0.5981999736993228,0.6455250409156422,1.5254493337173327,1e-12,1e-12,1e-12,0.0,-0.0006594911901672948,0.6,0.6,0.045560612869605145,7,0.04556061286943298,30.46243578673821,1.7981188568720459,28.664316187712757,7.421534104885288e-07,0.0,0
250.488,0.5981999736993228,0.6455250409156869,1.5253833846219815,1e-12,1e-12,1e-12,0.0,-0.0006594911901672948,0.6,0.6,0.04556061286964974,7,0.04556061286943298,30.46243578673821,1.7981188568720459,28.664316187712757,7.421534104885288e-07,0.0,0
250.588,0.5981999736993228,0.6455250409157315,1.525317435526629,1e-12,1e-12,1e-12,0.0,-0.0006594911901672948,0.6,0.6,0.04556061286969434,7,0.04556061286943298,30.46243578673821,1.7981188568720459,28.664316187712757,7.421534104885288e-07,0.0,0
250.688,0.5981999736993228,0.6455250409157759,1.5252514864442315,1e-12,1e-12,1e-12,0.0,-0.0006594904280407512,0.6,0.6,0.04556061286973871,7,0.04556061286964974,30.46243578675307,1.7981188568886186,28.664316187712757,7.421516951829379e-07,0.0,0
250.788,0.5981999736993228,0.645525040915817,1.52518553742508,1e-12,1e-12,1e-12,0.0,-0.0006594904280407512,0.6,0.6,0.04556061286977976,7,0.04556061286964974,30.46243578675307,1.7981188568886186,28.664316187712757,7.421516951829379e-07,0.0,0
250.888,0.5981999736993228,0.6455250409158578,1.525119588405929,1e-12,1e-12,1e-12,0.0,-0.0006594904280407512,0.6,0.6,0.045560612869820584,7,0.04556061286964974,30.46243578675307,1.7981188568886186,28.664316187712757,7.421516951829379e-07,0.0,0
250.988,0.5981999736993228,0.6455250409158991,1.5250536393867786,1e-12,1e-12,1e-12,0.0,-0.0006594904280407512,0.6,0.6,0.04556061286986185,7,0.04556061286964974,30.46243578675307,1.7981188568886186,28.664316187712757,7.421516951829379e-07,0.0,0
251.088,0.5981999736993228,0.6455250409159404,1.5249876903676287,1e-12,1e-12,1e-12,0.0,-0.0006594904280407512,0.6,0.6,0.04556061286990312,7,0.04556061286964974,30.46243578675307,1.7981188568886186,28.664316187712757,7.421516951829379e-07,0.0,0
251.188,0.5981999736993228,0.6455250409159831,1.5249217413853826,1e-12,1e-12,1e-12,0.0,-0.0006594896748116542,0.6,0.6,0.04556061286994572,7,0.04556061286986185,30.462435786767646,1.7981188569048898,28.664316187712757,7.421499999044673e-07,0.0,0
251.288,0.5981999736993228,0.6455250409160277,1.5248557924415482,1e-12,1e-12,1e-12,0.0,-0.0006594896748116542,0.6,0.6,0.045560612869990316,7,0.04556061286986185,30.462435786767646,1.7981188569048898,28.664316187712757,7.421499999044673e-07,0.0,0
251.388,0.5981999736993228,0.6455250409160723,1.5247898434977123,1e-12,1e-12,1e-12,0.0,-0.0006594896748116542,0.6,0.6,0.04556061287003491,7,0.04556061286986185,30.462435786767646,1.7981188569048898,28.664316187712757,7.421499999044673e-07,0.0,0
251.488,0.5981999736993228,0.645525040916117,1.524723894553878,1e-12,1e-12,1e-12,0.0,-0.0006594896748116542,0.6,0.6,0.04556061287007951,7,0.04556061286986185,30.462435786767646,1.7981188569048898,28.664316187712757,7.421499999044673e-07,0.0,0
251.588,0.5981999736993228,0.6455250409161614,1.5246579456100438,1e-12,1e-12,1e-12,0.0,-0.0006594896748116542,0.6,0.6,0.04556061287012388,7,0.04556061286986185,30.462435786767646,1.7981188569048898,28.664316187712757,7.421499999044673e-07,0.0,0
251.688,0.5981999736993228,0.6455250409162047,1.5245919967068866,1e-12,1e-12,1e-12,0.0,-0.0006594889215833759,0.6,0.6,0.04556061287016715,7,0.04556061287007951,30.46243578678283,1.798118856921768,28.664316187712757,7.421483046297864e-07,0.0,0
251.788,0.5981999736993228,0.6455250409162464,1.5245260478383835,1e-12,1e-12,1e-12,0.0,-0.0006594889215833759,0.6,0.6,0.04556061287020886,7,0.04556061287007951,30.46243578678283,1.798118856921768,28.664316187712757,7.421483046297864e-07,0.0,0
251.888,0.5981999736993228,0.6455250409162884,1.524460098969882,1e-12,1e-12,1e-12,0.0,-0.0006594889215833759,0.6,0.6,0.045560612870250795,7,0.04556061287007951,30.46243578678283,1.798118856921768,28.664316187712757,7.421483046297864e-07,0.0,0
251.988,0.5981999736993228,0.6455250409163301,1.524394150101379,1e-12,1e-12,1e-12,0.0,-0.0006594889215833759,0.6,0.6,0.045560612870292505,7,0.04556061287007951,30.46243578678283,1.798118856921768,28.664316187712757,7.421483046297864e-07,0.0,0
252.088,0.5981999736993228,0.6455250409163721,1.5243282012328758,1e-12,1e-12,1e-12,0.0,-0.0006594889215833759,0.6,0.6,0.04556061287033444,7,0.04556061287007951,30.46243578678283,1.798118856921768,28.664316187712757,7.421483046297864e-07,0.0,0
252.188,0.5981999736993228,0.6455250409164145,1.524262252396765,1e-12,1e-12,1e-12,0.0,-0.0006594881683560734,0.6,0.6,0.04556061287037681,7,0.045560612870292505,30.462435786797403,1.7981188569380364,28.664316187712757,7.42146609359426e-07,0.0,0
252.288,0.5981999736993228,0.6455250409164562,1.5241963036035944,1e-12,1e-12,1e-12,0.0,-0.0006594881683560734,0.6,0.6,0.04556061287041853,7,0.045560612870292505,30.462435786797403,1.7981188569380364,28.664316187712757,7.42146609359426e-07,0.0,0
252.388,0.5981999736993228,0.6455250409164982,1.524130354810426,1e-12,1e-12,1e-12,0.0,-0.0006594881683560734,0.6,0.6,0.04556061287046046,7,0.045560612870292505,30.462435786797403,1.7981188569380364,28.664316187712757,7.42146609359426e-07,0.0,0
252.488,0.5981999736993228,0.64552504091654,1.5240644060172552,1e-12,1e-12,1e-12,0.0,-0.0006594881683560734,0.6,0.6,0.04556061287050217,7,0.045560612870292505,30.462435786797403,1.7981188569380364,28.664316187712757,7.42146609359426e-07,0.0,0
252.588,0.5981999736993228,0.6455250409165821,1.523998457224086,1e-12,1e-12,1e-12,0.0,-0.0006594881683560734,0.6,0.6,0.04556061287054433,7,0.045560612870292505,30.462435786797403,1.7981188569380364,28.664316187712757,7.42146609359426e-07,0.0,0
252.688,0.5981999736993228,0.6455250409166252,1.5239325084700888,1e-12,1e-12,1e-12,0.0,-0.0006594874151294052,0.6,0.6,0.04556061287058737,7,0.04556061287050217,30.46243578681172,1.798118856954053,28.664316187712757,7.421449140920906e-07,0.0,0
252.788,0.5981999736993228,0.6455250409166696,1.5238665597522518,1e-12,1e-12,1e-12,0.0,-0.0006594874151294052,0.6,0.6,0.04556061287063175,7,0.04556061287050217,30.46243578681172,1.798118856954053,28.664316187712757,7.421449140920906e-07,0.0,0
252.888,0.5981999736993228,0.645525040916714,1.523800611034415,1e-12,1e-12,1e-12,0.0,-0.0006594874151294052,0.6,0.6,0.04556061287067612,7,0.04556061287050217,30.46243578681172,1.798118856954053,28.664316187712757,7.421449140920906e-07,0.0,0
252.988,0.5981999736993228,0.6455250409167584,1.5237346623165766,1e-12,1e-12,1e-12,0.0,-0.0006594874151294052,0.6,0.6,0.045560612870720496,7,0.04556061287050217,30.46243578681172,1.798118856954053,28.664316187712757,7.421449140920906e-07,0.0,0
253.088,0.5981999736993228,0.6455250409168029,1.52366871359874,1e-12,1e-12,1e-12,0.0,-0.0006594874151294052,0.6,0.6,0.04556061287076487,7,0.04556061287050217,30.46243578681172,1.798118856954053,28.664316187712757,7.421449140920906e-07,0.0,0
253.188,0.5981999736993228,0.6455250409168473,1.5236027649042527,1e-12,1e-12,1e-12,0.0,-0.0006594866619037341,0.6,0.6,0.045560612870809244,7,0.045560612870720496,30.46243578682696,1.7981188569709832,28.664316187712757,7.421432188292986e-07,0.0,0
253.288,0.5981999736993228,0.6455250409168874,1.5235368162617278,1e-12,1e-12,1e-12,0.0,-0.0006594866619037341,0.6,0.6,0.0455606128708494,7,0.045560612870720496,30.46243578682696,1.7981188569709832,28.664316187712757,7.421432188292986e-07,0.0,0
253.388,0.5981999736993228,0.6455250409169276,1.523470867619205,1e-12,1e-12,1e-12,0.0,-0.0006594866619037341,0.6,0.6,0.04556061287088956,7,0.045560612870720496,30.46243578682696,1.7981188569709832,28.664316187712757,7.421432188292986e-07,0.0,0
253.488,0.5981999736993228,0.6455250409169689,1.523404918976684,1e-12,1e-12,1e-12,0.0,-0.0006594866619037341,0.6,0.6,0.04556061287093083,7,0.045560612870720496,30.46243578682696,1.7981188569709832,28.664316187712757,7.421432188292986e-07,0.0,0
253.588,0.5981999736993228,0.6455250409170114,1.523338970334162,1e-12,1e-12,1e-12,0.0,-0.0006594866619037341,0.6,0.6,0.045560612870973204,7,0.045560612870720496,30.46243578682696,1.7981188569709832,28.664316187712757,7.421432188292986e-07,0.0,0
253.688,0.5981999736993228,0.6455250409170524,1.5232730217014323,1e-12,1e-12,1e-12,0.0,-0.0006594859086788456,0.6,0.6,0.045560612871014254,7,0.04556061287093083,30.46243578684143,1.7981188569871493,28.664316187712757,7.421415235700393e-07,0.0,0
253.788,0.5981999736993228,0.6455250409170968,1.5232070731342393,1e-12,1e-12,1e-12,0.0,-0.0006594859086788456,0.6,0.6,0.04556061287105863,7,0.04556061287093083,30.46243578684143,1.7981188569871493,28.664316187712757,7.421415235700393e-07,0.0,0
253.888,0.5981999736993228,0.6455250409171412,1.523141124567047,1e-12,1e-12,1e-12,0.0,-0.0006594859086788456,0.6,0.6,0.045560612871103,7,0.04556061287093083,30.46243578684143,1.7981188569871493,28.664316187712757,7.421415235700393e-07,0.0,0
253.988,0.5981999736993228,0.6455250409171857,1.5230751759998549,1e-12,1e-12,1e-12,0.0,-0.0006594859086788456,0.6,0.6,0.04556061287114738,7,0.04556061287093083,30.46243578684143,1.7981188569871493,28.664316187712757,7.421415235700393e-07,0.0,0
254.088,0.5981999736993228,0.6455250409172301,1.5230092274326616,1e-12,1e-12,1e-12,0.0,-0.0006594859086788456,0.6,0.6,0.04556061287119175,7,0.04556061287093083,30.46243578684143,1.7981188569871493,28.664316187712757,7.421415235700393e-07,0.0,0
254.188,0.5981999736993228,0.6455250409172738,1.522943278885054,1e-12,1e-12,1e-12,0.0,-0.000659485155455045,0.6,0.6,0.04556061287123546,7,0.04556061287114738,30.46243578685621,1.7981188570036248,28.664316187712757,7.421398283153528e-07,0.0,0
254.288,0.5981999736993228,0.6455250409173162,1.52287733039319,1e-12,1e-12,1e-12,0.0,-0.000659485155455045,0.6,0.6,0.045560612871277835,7,0.04556061287114738,30.46243578685621,1.7981188570036248,28.664316187712757,7.421398283153528e-07,0.0,0
254.388,0.5981999736993228,0.6455250409173584,1.5228113819013258,1e-12,1e-12,1e-12,0.0,-0.000659485155455045,0.6,0.6,0.04556061287131999,7,0.04556061287114738,30.46243578685621,1.7981188570036248,28.664316187712757,7.421398283153528e-07,0.0,0
254.488,0.5981999736993228,0.6455250409174008,1.5227454334094597,1e-12,1e-12,1e-12,0.0,-0.000659485155455045,0.6,0.6,0.04556061287136237,7,0.04556061287114738,30.46243578685621,1.7981188570036248,28.664316187712757,7.421398283153528e-07,0.0,0
254.588,0.5981999736993228,0.645525040917443,1.522679484917597,1e-12,1e-12,1e-12,0.0,-0.000659485155455045,0.6,0.6,0.045560612871404525,7,0.04556061287114738,30.46243578685621,1.7981188570036248,28.664316187712757,7.421398283153528e-07,0.0,0
254.688,0.5981999736993228,0.6455250409174852,1.5226135364287454,1e-12,1e-12,1e-12,0.0,-0.000659484402232015,0.6,0.6,0.04556061287144668,7,0.04556061287136237,30.46243578687119,1.798118857020297,28.664316187712757,7.421381330641728e-07,0.0,0
254.788,0.5981999736993228,0.6455250409175274,1.5225475880121975,1e-12,1e-12,1e-12,0.0,-0.000659484402232015,0.6,0.6,0.04556061287148883,7,0.04556061287136237,30.46243578687119,1.798118857020297,28.664316187712757,7.421381330641728e-07,0.0,0
254.888,0.5981999736993228,0.6455250409175696,1.5224816395956486,1e-12,1e-12,1e-12,0.0,-0.000659484402232015,0.6,0.6,0.045560612871530994,7,0.04556061287136237,30.46243578687119,1.798118857020297,28.664316187712757,7.421381330641728e-07,0.0,0
254.988,0.5981999736993228,0.6455250409176118,1.5224156911791007,1e-12,1e-12,1e-12,0.0,-0.000659484402232015,0.6,0.6,0.04556061287157315,7,0.04556061287136237,30.46243578687119,1.798118857020297,28.664316187712757,7.421381330641728e-07,0.0,0
255.088,0.5981999736993228,0.6455250409176535,1.5223497427625516,1e-12,1e-12,1e-12,0.0,-0.000659484402232015,0.6,0.6,0.04556061287161486,7,0.04556061287136237,30.46243578687119,1.798118857020297,28.664316187712757,7.421381330641728e-07,0.0,0
255.188,0.5981999736993228,0.6455250409176957,1.522283794367096,1e-12,1e-12,1e-12,0.0,-0.0006594836490098261,0.6,0.6,0.04556061287165701,7,0.04556061287157315,30.46243578688561,1.7981188570364153,28.664316187712757,7.42136437816834e-07,0.0,0
255.288,0.5981999736993228,0.6455250409177403,1.5222178460258808,1e-12,1e-12,1e-12,0.0,-0.0006594836490098261,0.6,0.6,0.04556061287170161,7,0.04556061287157315,30.46243578688561,1.7981188570364153,28.664316187712757,7.42136437816834e-07,0.0,0
255.388,0.5981999736993228,0.645525040917785,1.522151897684666,1e-12,1e-12,1e-12,0.0,-0.0006594836490098261,0.6,0.6,0.0455606128717462,7,0.04556061287157315,30.46243578688561,1.7981188570364153,28.664316187712757,7.42136437816834e-07,0.0,0
255.488,0.5981999736993228,0.6455250409178296,1.522085949343449,1e-12,1e-12,1e-12,0.0,-0.0006594836490098261,0.6,0.6,0.0455606128717908,7,0.04556061287157315,30.46243578688561,1.7981188570364153,28.664316187712757,7.42136437816834e-07,0.0,0
255.588,0.5981999736993228,0.6455250409178742,1.522020001002234,1e-12,1e-12,1e-12,0.0,-0.0006594836490098261,0.6,0.6,0.045560612871835396,7,0.04556061287157315,30.46243578688561,1.7981188570364153,28.664316187712757,7.42136437816834e-07,0.0,0
255.688,0.5981999736993228,0.6455250409179177,1.5219540526836184,1e-12,1e-12,1e-12,0.0,-0.0006594828957885932,0.6,0.6,0.04556061287187888,7,0.0455606128717908,30.46243578690059,1.798118857053092,28.664316187712757,7.421347425737702e-07,0.0,0
255.788,0.5981999736993228,0.6455250409179586,1.5218881044177373,1e-12,1e-12,1e-12,0.0,-0.0006594828957885932,0.6,0.6,0.04556061287191971,7,0.0455606128717908,30.46243578690059,1.798118857053092,28.664316187712757,7.421347425737702e-07,0.0,0
255.888,0.5981999736993228,0.6455250409179997,1.521822156151855,1e-12,1e-12,1e-12,0.0,-0.0006594828957885932,0.6,0.6,0.045560612871960754,7,0.0455606128717908,30.46243578690059,1.798118857053092,28.664316187712757,7.421347425737702e-07,0.0,0
255.988,0.5981999736993228,0.645525040918041,1.5217562078859723,1e-12,1e-12,1e-12,0.0,-0.0006594828957885932,0.6,0.6,0.04556061287200202,7,0.0455606128717908,30.46243578690059,1.798118857053092,28.664316187712757,7.421347425737702e-07,0.0,0
256.088,0.5981999736993228,0.6455250409180818,1.5216902596200896,1e-12,1e-12,1e-12,0.0,-0.0006594828957885932,0.6,0.6,0.04556061287204285,7,0.0455606128717908,30.46243578690059,1.798118857053092,28.664316187712757,7.421347425737702e-07,0.0,0
256.188,0.5981999736993228,0.6455250409181245,1.5216243113933767,1e-12,1e-12,1e-12,0.0,-0.0006594821425680589,0.6,0.6,0.045560612872085446,7,0.04556061287200202,30.462435786915268,1.7981188570694635,28.664316187712757,7.421330473338757e-07,0.0,0
256.288,0.5981999736993228,0.6455250409181682,1.521558363202815,1e-12,1e-12,1e-12,0.0,-0.0006594821425680589,0.6,0.6,0.045560612872129154,7,0.04556061287200202,30.462435786915268,1.7981188570694635,28.664316187712757,7.421330473338757e-07,0.0,0
256.388,0.5981999736993228,0.6455250409182117,1.5214924150122533,1e-12,1e-12,1e-12,0.0,-0.0006594821425680589,0.6,0.6,0.04556061287217264,7,0.04556061287200202,30.462435786915268,1.7981188570694635,28.664316187712757,7.421330473338757e-07,0.0,0
256.488,0.5981999736993228,0.6455250409182555,1.521426466821692,1e-12,1e-12,1e-12,0.0,-0.0006594821425680589,0.6,0.6,0.04556061287221635,7,0.04556061287200202,30.462435786915268,1.7981188570694635,28.664316187712757,7.421330473338757e-07,0.0,0
256.588,0.5981999736993228,0.6455250409182992,1.5213605186311312,1e-12,1e-12,1e-12,0.0,-0.0006594821425680589,0.6,0.6,0.045560612872260056,7,0.04556061287200202,30.462435786915268,1.7981188570694635,28.664316187712757,7.421330473338757e-07,0.0,0
256.688,0.5981999736993228,0.6455250409183425,1.5212945704533736,1e-12,1e-12,1e-12,0.0,-0.0006594813893485574,0.6,0.6,0.04556061287230333,7,0.04556061287221635,30.462435786929788,1.7981188570856794,28.664316187712757,7.421313520984299e-07,0.0,0
256.788,0.5981999736993228,0.6455250409183849,1.5212286223381364,1e-12,1e-12,1e-12,0.0,-0.0006594813893485574,0.6,0.6,0.0455606128723457,7,0.04556061287221635,30.462435786929788,1.7981188570856794,28.664316187712757,7.421313520984299e-07,0.0,0
256.888,0.5981999736993228,0.6455250409184273,1.5211626742229,1e-12,1e-12,1e-12,0.0,-0.0006594813893485574,0.6,0.6,0.04556061287238808,7,0.04556061287221635,30.462435786929788,1.7981188570856794,28.664316187712757,7.421313520984299e-07,0.0,0
256.988,0.5981999736993228,0.6455250409184693,1.5210967261076629,1e-12,1e-12,1e-12,0.0,-0.0006594813893485574,0.6,0.6,0.04556061287243001,7,0.04556061287221635,30.462435786929788,1.7981188570856794,28.664316187712757,7.421313520984299e-07,0.0,0
257.088,0.5981999736993228,0.6455250409185115,1.5210307779924246,1e-12,1e-12,1e-12,0.0,-0.0006594813893485574,0.6,0.6,0.04556061287247217,7,0.04556061287221635,30.462435786929788,1.7981188570856794,28.664316187712757,7.421313520984299e-07,0.0,0
257.188,0.5981999736993228,0.6455250409185537,1.520964829887734,1e-12,1e-12,1e-12,0.0,-0.0006594806361298657,0.6,0.6,0.045560612872514325,7,0.04556061287243001,30.462435786944567,1.798118857102152,28.664316187712757,7.421296568665772e-07,0.0,0
257.288,0.5981999736993228,0.6455250409185952,1.5208988818478284,1e-12,1e-12,1e-12,0.0,-0.0006594806361298657,0.6,0.6,0.04556061287255581,7,0.04556061287243001,30.462435786944567,1.798118857102152,28.664316187712757,7.421296568665772e-07,0.0,0
257.388,0.5981999736993228,0.6455250409186363,1.5208329338079236,1e-12,1e-12,1e-12,0.0,-0.0006594806361298657,0.6,0.6,0.045560612872596856,7,0.04556061287243001,30.462435786944567,1.798118857102152,28.664316187712757,7.421296568665772e-07,0.0,0
257.488,0.5981999736993228,0.6455250409186776,1.5207669857680177,1e-12,1e-12,1e-12,0.0,-0.0006594806361298657,0.6,0.6,0.04556061287263813,7,0.04556061287243001,30.462435786944567,1.798118857102152,28.664316187712757,7.421296568665772e-07,0.0,0
257.588,0.5981999736993228,0.6455250409187195,1.520701037728112,1e-12,1e-12,1e-12,0.0,-0.0006594806361298657,0.6,0.6,0.04556061287268006,7,0.04556061287243001,30.462435786944567,1.798118857102152,28.664316187712757,7.421296568665772e-07,0.0,0
257.688,0.5981999736993228,0.6455250409187615,1.5206350896882066,1e-12,1e-12,1e-12,0.0,-0.0006594798829122845,0.6,0.6,0.04556061287272199,7,0.04556061287263813,30.46243578695889,1.7981188571181683,28.664316187712757,7.42127961639347e-07,0.0,0
257.788,0.5981999736993228,0.6455250409188064,1.5205691417206044,1e-12,1e-12,1e-12,0.0,-0.0006594798829122845,0.6,0.6,0.04556061287276681,7,0.04556061287263813,30.46243578695889,1.7981188571181683,28.664316187712757,7.42127961639347e-07,0.0,0
257.888,0.5981999736993228,0.645525040918851,1.5205031937560165,1e-12,1e-12,1e-12,0.0,-0.0006594798829122845,0.6,0.6,0.04556061287281141,7,0.04556061287263813,30.46243578695889,1.7981188571181683,28.664316187712757,7.42127961639347e-07,0.0,0
257.988,0.5981999736993228,0.6455250409188958,1.5204372457914277,1e-12,1e-12,1e-12,0.0,-0.0006594798829122845,0.6,0.6,0.045560612872856225,7,0.04556061287263813,30.46243578695889,1.7981188571181683,28.664316187712757,7.42127961639347e-07,0.0,0
258.088,0.5981999736993228,0.6455250409189405,1.52037129782684,1e-12,1e-12,1e-12,0.0,-0.0006594798829122845,0.6,0.6,0.04556061287290082,7,0.04556061287263813,30.46243578695889,1.7981188571181683,28.664316187712757,7.42127961639347e-07,0.0,0
258.188,0.5981999736993228,0.6455250409189836,1.5203053498969004,1e-12,1e-12,1e-12,0.0,-0.0006594791296954057,0.6,0.6,0.04556061287294386,7,0.045560612872856225,30.46243578697387,1.7981188571348454,28.664316187712757,7.421262664156454e-07,0.0,0
258.288,0.5981999736993228,0.6455250409190251,1.5202394020076406,1e-12,1e-12,1e-12,0.0,-0.0006594791296954057,0.6,0.6,0.04556061287298536,7,0.045560612872856225,30.46243578697387,1.7981188571348454,28.664316187712757,7.421262664156454e-07,0.0,0
258.388,0.5981999736993228,0.6455250409190666,1.5201734541183798,1e-12,1e-12,1e-12,0.0,-0.0006594791296954057,0.6,0.6,0.045560612873026846,7,0.045560612872856225,30.46243578697387,1.7981188571348454,28.664316187712757,7.421262664156454e-07,0.0,0
258.488,0.5981999736993228,0.6455250409191081,1.5201075062291185,1e-12,1e-12,1e-12,0.0,-0.0006594791296954057,0.6,0.6,0.04556061287306833,7,0.045560612872856225,30.46243578697387,1.7981188571348454,28.664316187712757,7.421262664156454e-07,0.0,0
258.588,0.5981999736993228,0.6455250409191492,1.5200415583398574,1e-12,1e-12,1e-12,0.0,-0.0006594791296954057,0.6,0.6,0.045560612873109384,7,0.045560612872856225,30.46243578697387,1.7981188571348454,28.664316187712757,7.421262664156454e-07,0.0,0
258.688,0.5981999736993228,0.645525040919192,1.51997561047651,1e-12,1e-12,1e-12,0.0,-0.0006594783675829216,0.6,0.6,0.045560612873152204,7,0.04556061287306833,30.462435786988628,1.7981188571513187,28.664316187712757,7.42124551172901e-07,0.0,0
258.788,0.5981999736993228,0.6455250409192365,1.5199096626634658,1e-12,1e-12,1e-12,0.0,-0.0006594783675829216,0.6,0.6,0.04556061287319658,7,0.04556061287306833,30.462435786988628,1.7981188571513187,28.664316187712757,7.42124551172901e-07,0.0,0
258.888,0.5981999736993228,0.6455250409192811,1.519843714850421,1e-12,1e-12,1e-12,0.0,-0.0006594783675829216,0.6,0.6,0.045560612873241174,7,0.04556061287306833,30.462435786988628,1.7981188571513187,28.664316187712757,7.42124551172901e-07,0.0,0
258.988,0.5981999736993228,0.6455250409193257,1.5197777670373775,1e-12,1e-12,1e-12,0.0,-0.0006594783675829216,0.6,0.6,0.04556061287328577,7,0.04556061287306833,30.462435786988628,1.7981188571513187,28.664316187712757,7.42124551172901e-07,0.0,0
259.088,0.5981999736993228,0.6455250409193704,1.5197118192243313,1e-12,1e-12,1e-12,0.0,-0.0006594783675829216,0.6,0.6,0.04556061287333037,7,0.04556061287306833,30.462435786988628,1.7981188571513187,28.664316187712757,7.42124551172901e-07,0.0,0
259.188,0.5981999736993228,0.6455250409194134,1.5196458714504524,1e-12,1e-12,1e-12,0.0,-0.0006594776143677946,0.6,0.6,0.04556061287337341,7,0.04556061287328577,30.462435787003606,1.7981188571679922,28.664316187712757,7.421228559570615e-07,0.0,0
259.288,0.5981999736993228,0.645525040919455,1.5195799237127237,1e-12,1e-12,1e-12,0.0,-0.0006594776143677946,0.6,0.6,0.045560612873414896,7,0.04556061287328577,30.462435787003606,1.7981188571679922,28.664316187712757,7.421228559570615e-07,0.0,0
259.388,0.5981999736993228,0.6455250409194967,1.5195139759749974,1e-12,1e-12,1e-12,0.0,-0.0006594776143677946,0.6,0.6,0.04556061287345661,7,0.04556061287328577,30.462435787003606,1.7981188571679922,28.664316187712757,7.421228559570615e-07,0.0,0
259.488,0.5981999736993228,0.6455250409195389,1.5194480282372704,1e-12,1e-12,1e-12,0.0,-0.0006594776143677946,0.6,0.6,0.04556061287349877,7,0.04556061287328577,30.462435787003606,1.7981188571679922,28.664316187712757,7.421228559570615e-07,0.0,0
259.588,0.5981999736993228,0.6455250409195811,1.5193820804995413,1e-12,1e-12,1e-12,0.0,-0.0006594776143677946,0.6,0.6,0.04556061287354092,7,0.04556061287328577,30.462435787003606,1.7981188571679922,28.664316187712757,7.421228559570615e-07,0.0,0
259.688,0.5981999736993228,0.6455250409196222,1.5193161327927005,1e-12,1e-12,1e-12,0.0,-0.000659476861153616,0.6,0.6,0.04556061287358197,7,0.04556061287349877,30.46243578701828,1.7981188571843627,28.664316187712757,7.421211607451282e-07,0.0,0
259.788,0.5981999736993228,0.645525040919665,1.5192501851303049,1e-12,1e-12,1e-12,0.0,-0.000659476861153616,0.6,0.6,0.04556061287362479,7,0.04556061287349877,30.46243578701828,1.7981188571843627,28.664316187712757,7.421211607451282e-07,0.0,0
259.888,0.5981999736993228,0.6455250409197081,1.5191842374679076,1e-12,1e-12,1e-12,0.0,-0.000659476861153616,0.6,0.6,0.04556061287366783,7,0.04556061287349877,30.46243578701828,1.7981188571843627,28.664316187712757,7.421211607451282e-07,0.0,0
259.988,0.5981999736993228,0.6455250409197507,1.5191182898055124,1e-12,1e-12,1e-12,0.0,-0.000659476861153616,0.6,0.6,0.04556061287371043,7,0.04556061287349877,30.46243578701828,1.7981188571843627,28.664316187712757,7.421211607451282e-07,0.0,0
260.088,0.5981999736993228,0.6455250409197933,1.519052342143117,1e-12,1e-12,1e-12,0.0,-0.000659476861153616,0.6,0.6,0.04556061287375303,7,0.04556061287349877,30.46243578701828,1.7981188571843627,28.664316187712757,7.421211607451282e-07,0.0,0
260.188,0.5981999736993228,0.6455250409198366,1.5189863944972926,1e-12,1e-12,1e-12,0.0,-0.0006594761079401907,0.6,0.6,0.04556061287379629,7,0.04556061287371043,30.462435787032753,1.7981188572005309,28.664316187712757,7.421194655368397e-07,0.0,0
260.288,0.5981999736993228,0.6455250409198804,1.5189204469102213,1e-12,1e-12,1e-12,0.0,-0.0006594761079401907,0.6,0.6,0.04556061287384001,7,0.04556061287371043,30.462435787032753,1.7981188572005309,28.664316187712757,7.421194655368397e-07,0.0,0
260.388,0.5981999736993228,0.6455250409199244,1.518854499323149,1e-12,1e-12,1e-12,0.0,-0.0006594761079401907,0.6,0.6,0.04556061287388394,7,0.04556061287371043,30.462435787032753,1.7981188572005309,28.664316187712757,7.421194655368397e-07,0.0,0
260.488,0.5981999736993228,0.6455250409199683,1.518788551736078,1e-12,1e-12,1e-12,0.0,-0.0006594761079401907,0.6,0.6,0.04556061287392787,7,0.04556061287371043,30.462435787032753,1.7981188572005309,28.664316187712757,7.421194655368397e-07,0.0,0
260.588,0.5981999736993228,0.6455250409200121,1.5187226041490054,1e-12,1e-12,1e-12,0.0,-0.0006594761079401907,0.6,0.6,0.045560612873971576,7,0.04556061287371043,30.462435787032753,1.7981188572005309,28.664316187712757,7.421194655368397e-07,0.0,0
260.688,0.5981999736993228,0.6455250409200545,1.5186566566011017,1e-12,1e-12,1e-12,0.0,-0.0006594753547274983,0.6,0.6,0.04556061287401395,7,0.04556061287392787,30.462435787047735,1.7981188572172078,28.664316187712757,7.421177703321482e-07,0.0,0
260.788,0.5981999736993228,0.6455250409200958,1.51859070908935,1e-12,1e-12,1e-12,0.0,-0.0006594753547274983,0.6,0.6,0.04556061287405522,7,0.04556061287392787,30.462435787047735,1.7981188572172078,28.664316187712757,7.421177703321482e-07,0.0,0
260.888,0.5981999736993228,0.6455250409201368,1.518524761577599,1e-12,1e-12,1e-12,0.0,-0.0006594753547274983,0.6,0.6,0.04556061287409627,7,0.04556061287392787,30.462435787047735,1.7981188572172078,28.664316187712757,7.421177703321482e-07,0.0,0
260.988,0.5981999736993228,0.6455250409201782,1.5184588140658468,1e-12,1e-12,1e-12,0.0,-0.0006594753547274983,0.6,0.6,0.045560612874137534,7,0.04556061287392787,30.462435787047735,1.7981188572172078,28.664316187712757,7.421177703321482e-07,0.0,0
261.088,0.5981999736993228,0.6455250409202192,1.5183928665540973,1e-12,1e-12,1e-12,0.0,-0.0006594753547274983,0.6,0.6,0.04556061287417858,7,0.04556061287392787,30.462435787047735,1.7981188572172078,28.664316187712757,7.421177703321482e-07,0.0,0
261.188,0.5981999736993228,0.6455250409202614,1.5183269190611801,1e-12,1e-12,1e-12,0.0,-0.0006594746015159976,0.6,0.6,0.04556061287422074,7,0.045560612874137534,30.46243578706231,1.7981188572334794,28.664316187712757,7.421160751320858e-07,0.0,0
261.288,0.5981999736993228,0.645525040920306,1.5182609716247613,1e-12,1e-12,1e-12,0.0,-0.0006594746015159976,0.6,0.6,0.045560612874265334,7,0.045560612874137534,30.46243578706231,1.7981188572334794,28.664316187712757,7.421160751320858e-07,0.0,0
261.388,0.5981999736993228,0.6455250409203507,1.518195024188344,1e-12,1e-12,1e-12,0.0,-0.0006594746015159976,0.6,0.6,0.04556061287430993,7,0.045560612874137534,30.46243578706231,1.7981188572334794,28.664316187712757,7.421160751320858e-07,0.0,0
261.488,0.5981999736993228,0.6455250409203953,1.518129076751927,1e-12,1e-12,1e-12,0.0,-0.0006594746015159976,0.6,0.6,0.04556061287435453,7,0.045560612874137534,30.46243578706231,1.7981188572334794,28.664316187712757,7.421160751320858e-07,0.0,0
261.588,0.5981999736993228,0.6455250409204399,1.5180631293155091,1e-12,1e-12,1e-12,0.0,-0.0006594746015159976,0.6,0.6,0.04556061287439912,7,0.045560612874137534,30.46243578706231,1.7981188572334794,28.664316187712757,7.421160751320858e-07,0.0,0
261.688,0.5981999736993228,0.6455250409204841,1.517997181899431,1e-12,1e-12,1e-12,0.0,-0.0006594738483052363,0.6,0.6,0.045560612874443275,7,0.04556061287435453,30.462435787077236,1.7981188572501006,28.664316187712757,7.42114379935636e-07,0.0,0
261.788,0.5981999736993228,0.6455250409205254,1.5179312345383469,1e-12,1e-12,1e-12,0.0,-0.0006594738483052363,0.6,0.6,0.04556061287448454,7,0.04556061287435453,30.462435787077236,1.7981188572501006,28.664316187712757,7.42114379935636e-07,0.0,0
261.888,0.5981999736993228,0.6455250409205667,1.5178652871772615,1e-12,1e-12,1e-12,0.0,-0.0006594738483052363,0.6,0.6,0.045560612874525806,7,0.04556061287435453,30.462435787077236,1.7981188572501006,28.664316187712757,7.42114379935636e-07,0.0,0
261.988,0.5981999736993228,0.6455250409206085,1.5177993398161775,1e-12,1e-12,1e-12,0.0,-0.0006594738483052363,0.6,0.6,0.04556061287456752,7,0.04556061287435453,30.462435787077236,1.7981188572501006,28.664316187712757,7.42114379935636e-07,0.0,0
262.088,0.5981999736993228,0.6455250409206507,1.5177333924550938,1e-12,1e-12,1e-12,0.0,-0.0006594738483052363,0.6,0.6,0.04556061287460968,7,0.04556061287435453,30.462435787077236,1.7981188572501006,28.664316187712757,7.42114379935636e-07,0.0,0
262.188,0.5981999736993228,0.6455250409206931,1.5176674451244883,1e-12,1e-12,1e-12,0.0,-0.0006594730861989582,0.6,0.6,0.04556061287465205,7,0.04556061287456752,30.46243578709184,1.7981188572664213,28.664316187712757,7.421126647205012e-07,0.0,0
262.288,0.5981999736993228,0.6455250409207375,1.5176014978396024,1e-12,1e-12,1e-12,0.0,-0.0006594730861989582,0.6,0.6,0.04556061287469643,7,0.04556061287456752,30.46243578709184,1.7981188572664213,28.664316187712757,7.421126647205012e-07,0.0,0
262.388,0.5981999736993228,0.6455250409207819,1.5175355505547181,1e-12,1e-12,1e-12,0.0,-0.0006594730861989582,0.6,0.6,0.0455606128747408,7,0.04556061287456752,30.46243578709184,1.7981188572664213,28.664316187712757,7.421126647205012e-07,0.0,0
262.488,0.5981999736993228,0.6455250409208263,1.5174696032698316,1e-12,1e-12,1e-12,0.0,-0.0006594730861989582,0.6,0.6,0.045560612874785175,7,0.04556061287456752,30.46243578709184,1.7981188572664213,28.664316187712757,7.421126647205012e-07,0.0,0
262.588,0.5981999736993228,0.6455250409208707,1.517403655984947,1e-12,1e-12,1e-12,0.0,-0.0006594730861989582,0.6,0.6,0.04556061287482955,7,0.04556061287456752,30.46243578709184,1.7981188572664213,28.664316187712757,7.421126647205012e-07,0.0,0
262.688,0.5981999736993228,0.6455250409209138,1.5173377087362199,1e-12,1e-12,1e-12,0.0,-0.000659472332989982,0.6,0.6,0.04556061287487259,7,0.045560612874785175,30.462435787107026,1.7981188572832991,28.664316187712757,7.421109695319852e-07,0.0,0
262.788,0.5981999736993228,0.645525040920956,1.5172717615266633,1e-12,1e-12,1e-12,0.0,-0.000659472332989982,0.6,0.6,0.045560612874914745,7,0.045560612874785175,30.462435787107026,1.7981188572832991,28.664316187712757,7.421109695319852e-07,0.0,0
262.888,0.5981999736993228,0.6455250409209982,1.5172058143171079,1e-12,1e-12,1e-12,0.0,-0.000659472332989982,0.6,0.6,0.045560612874956906,7,0.045560612874785175,30.462435787107026,1.7981188572832991,28.664316187712757,7.421109695319852e-07,0.0,0
262.988,0.5981999736993228,0.6455250409210401,1.5171398671075513,1e-12,1e-12,1e-12,0.0,-0.000659472332989982,0.6,0.6,0.04556061287499884,7,0.045560612874785175,30.462435787107026,1.7981188572832991,28.664316187712757,7.421109695319852e-07,0.0,0
263.088,0.5981999736993228,0.6455250409210821,1.517073919897995,1e-12,1e-12,1e-12,0.0,-0.000659472332989982,0.6,0.6,0.04556061287504077,7,0.045560612874785175,30.462435787107026,1.7981188572832991,28.664316187712757,7.421109695319852e-07,0.0,0
263.188,0.5981999736993228,0.6455250409211252,1.5170079727238368,1e-12,1e-12,1e-12,0.0,-0.0006594715797818959,0.6,0.6,0.04556061287508381,7,0.04556061287499884,30.4624357871216,1.7981188572995683,28.664316187712757,7.421092743474232e-07,0.0,0
263.288,0.5981999736993228,0.645525040921166,1.5169420255895951,1e-12,1e-12,1e-12,0.0,-0.0006594715797818959,0.6,0.6,0.04556061287512464,7,0.04556061287499884,30.4624357871216,1.7981188572995683,28.664316187712757,7.421092743474232e-07,0.0,0
263.388,0.5981999736993228,0.6455250409212073,1.5168760784553552,1e-12,1e-12,1e-12,0.0,-0.0006594715797818959,0.6,0.6,0.045560612875165905,7,0.04556061287499884,30.4624357871216,1.7981188572995683,28.664316187712757,7.421092743474232e-07,0.0,0
263.488,0.5981999736993228,0.6455250409212493,1.5168101313211138,1e-12,1e-12,1e-12,0.0,-0.0006594715797818959,0.6,0.6,0.04556061287520784,7,0.04556061287499884,30.4624357871216,1.7981188572995683,28.664316187712757,7.421092743474232e-07,0.0,0
263.588,0.5981999736993228,0.6455250409212913,1.5167441841868718,1e-12,1e-12,1e-12,0.0,-0.0006594715797818959,0.6,0.6,0.045560612875249776,7,0.04556061287499884,30.4624357871216,1.7981188572995683,28.664316187712757,7.421092743474232e-07,0.0,0
263.688,0.5981999736993228,0.6455250409213334,1.516678237088792,1e-12,1e-12,1e-12,0.0,-0.0006594708265748999,0.6,0.6,0.04556061287529193,7,0.04556061287520784,30.462435787135924,1.7981188573155866,28.664316187712757,7.421075791672615e-07,0.0,0
263.788,0.5981999736993228,0.6455250409213779,1.516612290029883,1e-12,1e-12,1e-12,0.0,-0.0006594708265748999,0.6,0.6,0.045560612875336304,7,0.04556061287520784,30.462435787135924,1.7981188573155866,28.664316187712757,7.421075791672615e-07,0.0,0
263.888,0.5981999736993228,0.6455250409214223,1.5165463429709762,1e-12,1e-12,1e-12,0.0,-0.0006594708265748999,0.6,0.6,0.04556061287538068,7,0.04556061287520784,30.462435787135924,1.7981188573155866,28.664316187712757,7.421075791672615e-07,0.0,0
263.988,0.5981999736993228,0.6455250409214667,1.516480395912067,1e-12,1e-12,1e-12,0.0,-0.0006594708265748999,0.6,0.6,0.04556061287542505,7,0.04556061287520784,30.462435787135924,1.7981188573155866,28.664316187712757,7.421075791672615e-07,0.0,0
264.088,0.5981999736993228,0.6455250409215111,1.5164144488531601,1e-12,1e-12,1e-12,0.0,-0.0006594708265748999,0.6,0.6,0.045560612875469426,7,0.04556061287520784,30.462435787135924,1.7981188573155866,28.664316187712757,7.421075791672615e-07,0.0,0
264.188,0.5981999736993228,0.645525040921555,1.5163485018070584,1e-12,1e-12,1e-12,0.0,-0.0006594700733682959,0.6,0.6,0.04556061287551336,7,0.04556061287542505,30.46243578715095,1.798118857332313,28.664316187712757,7.421058839899307e-07,0.0,0
264.288,0.5981999736993228,0.6455250409215961,1.5162825548234848,1e-12,1e-12,1e-12,0.0,-0.0006594700733682959,0.6,0.6,0.0455606128755544,7,0.04556061287542505,30.46243578715095,1.798118857332313,28.664316187712757,7.421058839899307e-07,0.0,0
264.388,0.5981999736993228,0.6455250409216372,1.5162166078399102,1e-12,1e-12,1e-12,0.0,-0.0006594700733682959,0.6,0.6,0.04556061287559545,7,0.04556061287542505,30.46243578715095,1.798118857332313,28.664316187712757,7.421058839899307e-07,0.0,0
264.488,0.5981999736993228,0.6455250409216787,1.516150660856335,1e-12,1e-12,1e-12,0.0,-0.0006594700733682959,0.6,0.6,0.04556061287563694,7,0.04556061287542505,30.46243578715095,1.798118857332313,28.664316187712757,7.421058839899307e-07,0.0,0
264.588,0.5981999736993228,0.6455250409217198,1.51608471387276,1e-12,1e-12,1e-12,0.0,-0.0006594700733682959,0.6,0.6,0.04556061287567799,7,0.04556061287542505,30.46243578715095,1.798118857332313,28.664316187712757,7.421058839899307e-07,0.0,0
264.688,0.5981999736993228,0.6455250409217611,1.5160187668929515,1e-12,1e-12,1e-12,0.0,-0.0006594693201628647,0.6,0.6,0.045560612875719254,7,0.04556061287563694,30.462435787165422,1.798118857348479,28.664316187712757,7.421041888171876e-07,0.0,0
264.788,0.5981999736993228,0.6455250409218046,1.5159528199846983,1e-12,1e-12,1e-12,0.0,-0.0006594693201628647,0.6,0.6,0.04556061287576274,7,0.04556061287563694,30.462435787165422,1.798118857348479,28.664316187712757,7.421041888171876e-07,0.0,0
264.888,0.5981999736993228,0.6455250409218484,1.5158868730764434,1e-12,1e-12,1e-12,0.0,-0.0006594693201628647,0.6,0.6,0.04556061287580645,7,0.04556061287563694,30.462435787165422,1.798118857348479,28.664316187712757,7.421041888171876e-07,0.0,0
264.988,0.5981999736993228,0.6455250409218921,1.5158209261681899,1e-12,1e-12,1e-12,0.0,-0.0006594693201628647,0.6,0.6,0.04556061287585016,7,0.04556061287563694,30.462435787165422,1.798118857348479,28.664316187712757,7.421041888171876e-07,0.0,0
265.088,0.5981999736993228,0.6455250409219359,1.5157549792599365,1e-12,1e-12,1e-12,0.0,-0.0006594693201628647,0.6,0.6,0.045560612875893865,7,0.04556061287563694,30.462435787165422,1.798118857348479,28.664316187712757,7.421041888171876e-07,0.0,0
265.188,0.5981999736993228,0.6455250409219787,1.5156890323825645,1e-12,1e-12,1e-12,0.0,-0.0006594685669582005,0.6,0.6,0.045560612875936685,7,0.04556061287585016,30.46243578718025,1.7981188573650022,28.664316187712757,7.421024936481167e-07,0.0,0
265.288,0.5981999736993228,0.6455250409220213,1.5156230855496347,1e-12,1e-12,1e-12,0.0,-0.0006594685669582005,0.6,0.6,0.04556061287597929,7,0.04556061287585016,30.46243578718025,1.7981188573650022,28.664316187712757,7.421024936481167e-07,0.0,0
265.388,0.5981999736993228,0.645525040922064,1.515557138716706,1e-12,1e-12,1e-12,0.0,-0.0006594685669582005,0.6,0.6,0.04556061287602189,7,0.04556061287585016,30.46243578718025,1.7981188573650022,28.664316187712757,7.421024936481167e-07,0.0,0
265.488,0.5981999736993228,0.6455250409221062,1.5154911918837766,1e-12,1e-12,1e-12,0.0,-0.0006594685669582005,0.6,0.6,0.04556061287606404,7,0.04556061287585016,30.46243578718025,1.7981188573650022,28.664316187712757,7.421024936481167e-07,0.0,0
265.588,0.5981999736993228,0.6455250409221484,1.5154252450508463,1e-12,1e-12,1e-12,0.0,-0.0006594685669582005,0.6,0.6,0.045560612876106195,7,0.04556061287585016,30.46243578718025,1.7981188573650022,28.664316187712757,7.421024936481167e-07,0.0,0
265.688,0.5981999736993228,0.6455250409221961,1.515359298249491,1e-12,1e-12,1e-12,0.0,-0.0006594678137543844,0.6,0.6,0.0455606128761539,7,0.04556061287606404,30.462435787195133,1.7981188573815774,28.664316187712757,7.421007984827282e-07,0.0,0
265.788,0.5981999736993228,0.6455250409222494,1.5152933514917415,1e-12,1e-12,1e-12,0.0,-0.0006594678137543844,0.6,0.6,0.04556061287620715,7,0.04556061287606404,30.462435787195133,1.7981188573815774,28.664316187712757,7.421007984827282e-07,0.0,0
265.888,0.5981999736993228,0.6455250409223025,1.515227404733991,1e-12,1e-12,1e-12,0.0,-0.0006594678137543844,0.6,0.6,0.045560612876260176,7,0.04556061287606404,30.462435787195133,1.7981188573815774,28.664316187712757,7.421007984827282e-07,0.0,0
265.988,0.5981999736993228,0.645525040922356,1.5151614579762422,1e-12,1e-12,1e-12,0.0,-0.0006594678137543844,0.6,0.6,0.04556061287631365,7,0.04556061287606404,30.462435787195133,1.7981188573815774,28.664316187712757,7.421007984827282e-07,0.0,0
266.088,0.5981999736993228,0.645525040922409,1.5150955112184916,1e-12,1e-12,1e-12,0.0,-0.0006594678137543844,0.6,0.6,0.045560612876366674,7,0.04556061287606404,30.462435787195133,1.7981188573815774,28.664316187712757,7.421007984827282e-07,0.0,0
266.188,0.5981999736993228,0.6455250409224612,1.515029564499157,1e-12,1e-12,1e-12,0.0,-0.0006594670605515121,0.6,0.6,0.04556061287641881,7,0.04556061287631365,30.4624357872126,1.7981188574007372,28.664316187712757,7.420991033215861e-07,0.0,0
266.288,0.5981999736993228,0.6455250409225112,1.5149636178167294,1e-12,1e-12,1e-12,0.0,-0.0006594670605515121,0.6,0.6,0.04556061287646873,7,0.04556061287631365,30.4624357872126,1.7981188574007372,28.664316187712757,7.420991033215861e-07,0.0,0
266.388,0.5981999736993228,0.6455250409225614,1.5148976711343036,1e-12,1e-12,1e-12,0.0,-0.0006594670605515121,0.6,0.6,0.04556061287651888,7,0.04556061287631365,30.4624357872126,1.7981188574007372,28.664316187712757,7.420991033215861e-07,0.0,0
266.488,0.5981999736993228,0.6455250409226115,1.514831724451875,1e-12,1e-12,1e-12,0.0,-0.0006594670605515121,0.6,0.6,0.04556061287656902,7,0.04556061287631365,30.4624357872126,1.7981188574007372,28.664316187712757,7.420991033215861e-07,0.0,0
266.588,0.5981999736993228,0.6455250409226617,1.514765777769449,1e-12,1e-12,1e-12,0.0,-0.0006594670605515121,0.6,0.6,0.045560612876619166,7,0.04556061287631365,30.4624357872126,1.7981188574007372,28.664316187712757,7.420991033215861e-07,0.0,0
266.688,0.5981999736993228,0.645525040922713,1.5146998310998279,1e-12,1e-12,1e-12,0.0,-0.0006594663073494959,0.6,0.6,0.04556061287667042,7,0.04556061287656902,30.462435787230262,1.7981188574200964,28.664316187712757,7.420974081643194e-07,0.0,0
266.788,0.5981999736993228,0.6455250409227661,1.514633884492734,1e-12,1e-12,1e-12,0.0,-0.0006594663073494959,0.6,0.6,0.045560612876723444,7,0.04556061287656902,30.462435787230262,1.7981188574200964,28.664316187712757,7.420974081643194e-07,0.0,0
266.888,0.5981999736993228,0.6455250409228189,1.5145679378856411,1e-12,1e-12,1e-12,0.0,-0.0006594663073494959,0.6,0.6,0.04556061287677625,7,0.04556061287656902,30.462435787230262,1.7981188574200964,28.664316187712757,7.420974081643194e-07,0.0,0
266.988,0.5981999736993228,0.6455250409228724,1.5145019912785462,1e-12,1e-12,1e-12,0.0,-0.0006594663073494959,0.6,0.6,0.04556061287682972,7,0.04556061287656902,30.462435787230262,1.7981188574200964,28.664316187712757,7.420974081643194e-07,0.0,0
267.088,0.5981999736993228,0.6455250409229253,1.5144360446714533,1e-12,1e-12,1e-12,0.0,-0.0006594663073494959,0.6,0.6,0.045560612876882525,7,0.04556061287656902,30.462435787230262,1.7981188574200964,28.664316187712757,7.420974081643194e-07,0.0,0
267.188,0.5981999736993228,0.6455250409229775,1.514370098100518,1e-12,1e-12,1e-12,0.0,-0.0006594655541486334,0.6,0.6,0.045560612876934664,7,0.04556061287682972,30.462435787248793,1.7981188574403204,28.664316187712757,7.420957130115946e-07,0.0,0
267.288,0.5981999736993228,0.645525040923029,1.5143041515687552,1e-12,1e-12,1e-12,0.0,-0.0006594655541486334,0.6,0.6,0.04556061287698614,7,0.04556061287682972,30.462435787248793,1.7981188574403204,28.664316187712757,7.420957130115946e-07,0.0,0
267.388,0.5981999736993228,0.6455250409230805,1.514238205036993,1e-12,1e-12,1e-12,0.0,-0.0006594655541486334,0.6,0.6,0.04556061287703761,7,0.04556061287682972,30.462435787248793,1.7981188574403204,28.664316187712757,7.420957130115946e-07,0.0,0
267.488,0.5981999736993228,0.645525040923132,1.5141722585052309,1e-12,1e-12,1e-12,0.0,-0.0006594655541486334,0.6,0.6,0.04556061287708909,7,0.04556061287682972,30.462435787248793,1.7981188574403204,28.664316187712757,7.420957130115946e-07,0.0,0
267.588,0.5981999736993228,0.6455250409231835,1.5141063119734677,1e-12,1e-12,1e-12,0.0,-0.0006594655541486334,0.6,0.6,0.04556061287714056,7,0.04556061287682972,30.462435787248793,1.7981188574403204,28.664316187712757,7.420957130115946e-07,0.0,0
267.688,0.5981999736993228,0.645525040923235,1.514040365458277,1e-12,1e-12,1e-12,0.0,-0.0006594648009482168,0.6,0.6,0.045560612877192035,7,0.04556061287708909,30.462435787266962,1.7981188574601874,28.664316187712757,7.420940178616492e-07,0.0,0
267.788,0.5981999736993228,0.6455250409232861,1.513974419001832,1e-12,1e-12,1e-12,0.0,-0.0006594648009482168,0.6,0.6,0.04556061287724306,7,0.04556061287708909,30.462435787266962,1.7981188574601874,28.664316187712757,7.420940178616492e-07,0.0,0
267.888,0.5981999736993228,0.6455250409233374,1.5139084725453884,1e-12,1e-12,1e-12,0.0,-0.0006594648009482168,0.6,0.6,0.04556061287729432,7,0.04556061287708909,30.462435787266962,1.7981188574601874,28.664316187712757,7.420940178616492e-07,0.0,0
267.988,0.5981999736993228,0.6455250409233885,1.5138425260889443,1e-12,1e-12,1e-12,0.0,-0.0006594648009482168,0.6,0.6,0.04556061287734535,7,0.04556061287708909,30.462435787266962,1.7981188574601874,28.664316187712757,7.420940178616492e-07,0.0,0
268.088,0.5981999736993228,0.6455250409234398,1.5137765796325011,1e-12,1e-12,1e-12,0.0,-0.0006594648009482168,0.6,0.6,0.0455606128773966,7,0.04556061287708909,30.462435787266962,1.7981188574601874,28.664316187712757,7.420940178616492e-07,0.0,0
268.188,0.5981999736993228,0.6455250409234917,1.5137106332144754,1e-12,1e-12,1e-12,0.0,-0.000659464047748981,0.6,0.6,0.04556061287744852,7,0.04556061287734535,30.462435787284985,1.7981188574799063,28.664316187712757,7.420923227163068e-07,0.0,0
268.288,0.5981999736993228,0.6455250409235455,1.513644686833358,1e-12,1e-12,1e-12,0.0,-0.000659464047748981,0.6,0.6,0.04556061287750221,7,0.04556061287734535,30.462435787284985,1.7981188574799063,28.664316187712757,7.420923227163068e-07,0.0,0
268.388,0.5981999736993228,0.6455250409235992,1.5135787404522414,1e-12,1e-12,1e-12,0.0,-0.000659464047748981,0.6,0.6,0.0455606128775559,7,0.04556061287734535,30.462435787284985,1.7981188574799063,28.664316187712757,7.420923227163068e-07,0.0,0
268.488,0.5981999736993228,0.645525040923652,1.5135127940711255,1e-12,1e-12,1e-12,0.0,-0.000659464047748981,0.6,0.6,0.04556061287760871,7,0.04556061287734535,30.462435787284985,1.7981188574799063,28.664316187712757,7.420923227163068e-07,0.0,0
268.588,0.5981999736993228,0.645525040923706,1.5134468476900074,1e-12,1e-12,1e-12,0.0,-0.000659464047748981,0.6,0.6,0.04556061287766262,7,0.04556061287734535,30.462435787284985,1.7981188574799063,28.664316187712757,7.420923227163068e-07,0.0,0
268.688,0.5981999736993228,0.645525040923758,1.5133809013488169,1e-12,1e-12,1e-12,0.0,-0.0006594632945505239,0.6,0.6,0.04556061287771454,7,0.04556061287760871,30.46243578730341,1.7981188575000258,28.664316187712757,7.420906275746655e-07,0.0,0
268.788,0.5981999736993228,0.6455250409238079,1.5133149550430307,1e-12,1e-12,1e-12,0.0,-0.0006594632945505239,0.6,0.6,0.045560612877764466,7,0.04556061287760871,30.46243578730341,1.7981188575000258,28.664316187712757,7.420906275746655e-07,0.0,0
268.888,0.5981999736993228,0.6455250409238579,1.5132490087372465,1e-12,1e-12,1e-12,0.0,-0.0006594632945505239,0.6,0.6,0.045560612877814384,7,0.04556061287760871,30.46243578730341,1.7981188575000258,28.664316187712757,7.420906275746655e-07,0.0,0
268.988,0.5981999736993228,0.6455250409239078,1.5131830624314593,1e-12,1e-12,1e-12,0.0,-0.0006594632945505239,0.6,0.6,0.0455606128778643,7,0.04556061287760871,30.46243578730341,1.7981188575000258,28.664316187712757,7.420906275746655e-07,0.0,0
269.088,0.5981999736993228,0.6455250409239578,1.5131171161256745,1e-12,1e-12,1e-12,0.0,-0.0006594632945505239,0.6,0.6,0.04556061287791423,7,0.04556061287760871,30.46243578730341,1.7981188575000258,28.664316187712757,7.420906275746655e-07,0.0,0
269.188,0.5981999736993228,0.6455250409240089,1.5130511698387172,1e-12,1e-12,1e-12,0.0,-0.0006594625413528033,0.6,0.6,0.045560612877965256,7,0.0455606128778643,30.462435787321432,1.7981188575197427,28.664316187712757,7.420889324366281e-07,0.0,0
269.288,0.5981999736993228,0.6455250409240617,1.5129852236082502,1e-12,1e-12,1e-12,0.0,-0.0006594625413528033,0.6,0.6,0.04556061287801806,7,0.0455606128778643,30.462435787321432,1.7981188575197427,28.664316187712757,7.420889324366281e-07,0.0,0
269.388,0.5981999736993228,0.6455250409241146,1.512919277377783,1e-12,1e-12,1e-12,0.0,-0.0006594625413528033,0.6,0.6,0.045560612878070866,7,0.0455606128778643,30.462435787321432,1.7981188575197427,28.664316187712757,7.420889324366281e-07,0.0,0
269.488,0.5981999736993228,0.6455250409241674,1.5128533311473158,1e-12,1e-12,1e-12,0.0,-0.0006594625413528033,0.6,0.6,0.04556061287812367,7,0.0455606128778643,30.462435787321432,1.7981188575197427,28.664316187712757,7.420889324366281e-07,0.0,0
269.588,0.5981999736993228,0.6455250409242203,1.5127873849168474,1e-12,1e-12,1e-12,0.0,-0.0006594625413528033,0.6,0.6,0.045560612878176476,7,0.0455606128778643,30.462435787321432,1.7981188575197427,28.664316187712757,7.420889324366281e-07,0.0,0
269.688,0.5981999736993228,0.6455250409242729,1.512721438718771,1e-12,1e-12,1e-12,0.0,-0.0006594617881561645,0.6,0.6,0.04556061287822906,7,0.04556061287812367,30.462435787339654,1.79811885753966,28.664316187712757,7.420872373029746e-07,0.0,0
269.788,0.5981999736993228,0.6455250409243262,1.512655492563632,1e-12,1e-12,1e-12,0.0,-0.0006594617881561645,0.6,0.6,0.04556061287828231,7,0.04556061287812367,30.462435787339654,1.79811885753966,28.664316187712757,7.420872373029746e-07,0.0,0
269.888,0.5981999736993228,0.6455250409243795,1.5125895464084924,1e-12,1e-12,1e-12,0.0,-0.0006594617881561645,0.6,0.6,0.04556061287833556,7,0.04556061287812367,30.462435787339654,1.79811885753966,28.664316187712757,7.420872373029746e-07,0.0,0
269.988,0.5981999736993228,0.6455250409244327,1.5125236002533535,1e-12,1e-12,1e-12,0.0,-0.0006594617881561645,0.6,0.6,0.045560612878388806,7,0.04556061287812367,30.462435787339654,1.79811885753966,28.664316187712757,7.420872373029746e-07,0.0,0
270.088,0.5981999736993228,0.645525040924486,1.5124576540982138,1e-12,1e-12,1e-12,0.0,-0.0006594617881561645,0.6,0.6,0.045560612878442056,7,0.04556061287812367,30.462435787339654,1.79811885753966,28.664316187712757,7.420872373029746e-07,0.0,0
270.188,0.5981999736993228,0.645525040924538,1.5123917079814944,1e-12,1e-12,1e-12,0.0,-0.000659461034960261,0.6,0.6,0.04556061287849397,7,0.045560612878388806,30.462435787358285,1.798118857559985,28.664316187712757,7.42085542172924e-07,0.0,0
270.288,0.5981999736993228,0.6455250409245884,1.5123257619016879,1e-12,1e-12,1e-12,0.0,-0.000659461034960261,0.6,0.6,0.04556061287854434,7,0.045560612878388806,30.462435787358285,1.798118857559985,28.664316187712757,7.42085542172924e-07,0.0,0
270.388,0.5981999736993228,0.645525040924639,1.5122598158218825,1e-12,1e-12,1e-12,0.0,-0.000659461034960261,0.6,0.6,0.045560612878594926,7,0.045560612878388806,30.462435787358285,1.798118857559985,28.664316187712757,7.42085542172924e-07,0.0,0
270.488,0.5981999736993228,0.6455250409246894,1.512193869742077,1e-12,1e-12,1e-12,0.0,-0.000659461034960261,0.6,0.6,0.04556061287864529,7,0.045560612878388806,30.462435787358285,1.798118857559985,28.664316187712757,7.42085542172924e-07,0.0,0
270.588,0.5981999736993228,0.6455250409247398,1.5121279236622707,1e-12,1e-12,1e-12,0.0,-0.000659461034960261,0.6,0.6,0.04556061287869566,7,0.045560612878388806,30.462435787358285,1.798118857559985,28.664316187712757,7.42085542172924e-07,0.0,0
270.688,0.5981999736993228,0.6455250409247911,1.5120619776060857,1e-12,1e-12,1e-12,0.0,-0.0006594602728692715,0.6,0.6,0.04556061287874691,7,0.04556061287864529,30.462435787376286,1.7981188575797011,28.664316187712757,7.420838270257218e-07,0.0,0
270.788,0.5981999736993228,0.6455250409248431,1.51199603160248,1e-12,1e-12,1e-12,0.0,-0.0006594602728692715,0.6,0.6,0.045560612878798826,7,0.04556061287864529,30.462435787376286,1.7981188575797011,28.664316187712757,7.420838270257218e-07,0.0,0
270.888,0.5981999736993228,0.6455250409248955,1.5119300855988729,1e-12,1e-12,1e-12,0.0,-0.0006594602728692715,0.6,0.6,0.04556061287885119,7,0.04556061287864529,30.462435787376286,1.7981188575797011,28.664316187712757,7.420838270257218e-07,0.0,0
270.988,0.5981999736993228,0.6455250409249481,1.5118641395952654,1e-12,1e-12,1e-12,0.0,-0.0006594602728692715,0.6,0.6,0.04556061287890377,7,0.04556061287864529,30.462435787376286,1.7981188575797011,28.664316187712757,7.420838270257218e-07,0.0,0
271.088,0.5981999736993228,0.6455250409250005,1.5117981935916585,1e-12,1e-12,1e-12,0.0,-0.0006594602728692715,0.6,0.6,0.04556061287895613,7,0.04556061287864529,30.462435787376286,1.7981188575797011,28.664316187712757,7.420838270257218e-07,0.0,0
271.188,0.5981999736993228,0.6455250409250527,1.5117322476055777,1e-12,1e-12,1e-12,0.0,-0.00065945951077894,0.6,0.6,0.045560612879008276,7,0.04556061287890377,30.462435787394437,1.79811885759957,28.664316187712757,7.420821118819971e-07,0.0,0
271.288,0.5981999736993228,0.6455250409251049,1.5116663016781737,1e-12,1e-12,1e-12,0.0,-0.00065945951077894,0.6,0.6,0.045560612879060415,7,0.04556061287890377,30.462435787394437,1.79811885759957,28.664316187712757,7.420821118819971e-07,0.0,0
271.388,0.5981999736993228,0.6455250409251566,1.5116003557507693,1e-12,1e-12,1e-12,0.0,-0.00065945951077894,0.6,0.6,0.04556061287911211,7,0.04556061287890377,30.462435787394437,1.79811885759957,28.664316187712757,7.420821118819971e-07,0.0,0
271.488,0.5981999736993228,0.6455250409252088,1.5115344098233638,1e-12,1e-12,1e-12,0.0,-0.00065945951077894,0.6,0.6,0.04556061287916425,7,0.04556061287890377,30.462435787394437,1.79811885759957,28.664316187712757,7.420821118819971e-07,0.0,0
271.588,0.5981999736993228,0.6455250409252608,1.5114684638959586,1e-12,1e-12,1e-12,0.0,-0.00065945951077894,0.6,0.6,0.045560612879216165,7,0.04556061287890377,30.462435787394437,1.79811885759957,28.664316187712757,7.420821118819971e-07,0.0,0
271.688,0.5981999736993228,0.6455250409253134,1.5114025179888928,1e-12,1e-12,1e-12,0.0,-0.000659458757585705,0.6,0.6,0.04556061287926875,7,0.04556061287916425,30.46243578741282,1.798118857619645,28.664316187712757,7.420804167638402e-07,0.0,0
271.788,0.5981999736993228,0.645525040925366,1.511336572136818,1e-12,1e-12,1e-12,0.0,-0.000659458757585705,0.6,0.6,0.04556061287932133,7,0.04556061287916425,30.46243578741282,1.798118857619645,28.664316187712757,7.420804167638402e-07,0.0,0
271.888,0.5981999736993228,0.6455250409254191,1.511270626284746,1e-12,1e-12,1e-12,0.0,-0.000659458757585705,0.6,0.6,0.04556061287937436,7,0.04556061287916425,30.46243578741282,1.798118857619645,28.664316187712757,7.420804167638402e-07,0.0,0
271.988,0.5981999736993228,0.6455250409254719,1.5112046804326709,1e-12,1e-12,1e-12,0.0,-0.000659458757585705,0.6,0.6,0.04556061287942716,7,0.04556061287916425,30.46243578741282,1.798118857619645,28.664316187712757,7.420804167638402e-07,0.0,0
272.088,0.5981999736993228,0.6455250409255252,1.511138734580597,1e-12,1e-12,1e-12,0.0,-0.000659458757585705,0.6,0.6,0.04556061287948041,7,0.04556061287916425,30.46243578741282,1.798118857619645,28.664316187712757,7.420804167638402e-07,0.0,0
272.188,0.5981999736993228,0.6455250409255767,1.5110727887624225,1e-12,1e-12,1e-12,0.0,-0.0006594580043932397,0.6,0.6,0.04556061287953189,7,0.04556061287942716,30.46243578743114,1.7981188576396612,28.664316187712757,7.420787216491887e-07,0.0,0
272.288,0.5981999736993228,0.6455250409256269,1.5110068429856813,1e-12,1e-12,1e-12,0.0,-0.0006594580043932397,0.6,0.6,0.04556061287958203,7,0.04556061287942716,30.46243578743114,1.7981188576396612,28.664316187712757,7.420787216491887e-07,0.0,0
272.388,0.5981999736993228,0.6455250409256773,1.5109408972089413,1e-12,1e-12,1e-12,0.0,-0.0006594580043932397,0.6,0.6,0.045560612879632395,7,0.04556061287942716,30.46243578743114,1.7981188576396612,28.664316187712757,7.420787216491887e-07,0.0,0
272.488,0.5981999736993228,0.6455250409257275,1.510874951432199,1e-12,1e-12,1e-12,0.0,-0.0006594580043932397,0.6,0.6,0.04556061287968254,7,0.04556061287942716,30.46243578743114,1.7981188576396612,28.664316187712757,7.420787216491887e-07,0.0,0
272.588,0.5981999736993228,0.6455250409257777,1.5108090056554593,1e-12,1e-12,1e-12,0.0,-0.0006594580043932397,0.6,0.6,0.04556061287973268,7,0.04556061287942716,30.46243578743114,1.7981188576396612,28.664316187712757,7.420787216491887e-07,0.0,0
272.688,0.5981999736993228,0.6455250409258305,1.5107430599133669,1e-12,1e-12,1e-12,0.0,-0.0006594572512016,0.6,0.6,0.04556061287978549,7,0.04556061287968254,30.462435787449163,1.7981188576593778,28.664316187712757,7.420770265383449e-07,0.0,0
272.788,0.5981999736993228,0.6455250409258838,1.5106771142119504,1e-12,1e-12,1e-12,0.0,-0.0006594572512016,0.6,0.6,0.04556061287983874,7,0.04556061287968254,30.462435787449163,1.7981188576593778,28.664316187712757,7.420770265383449e-07,0.0,0
272.888,0.5981999736993228,0.6455250409259364,1.5106111685105308,1e-12,1e-12,1e-12,0.0,-0.0006594572512016,0.6,0.6,0.04556061287989132,7,0.04556061287968254,30.462435787449163,1.7981188576593778,28.664316187712757,7.420770265383449e-07,0.0,0
272.988,0.5981999736993228,0.6455250409259902,1.5105452228091139,1e-12,1e-12,1e-12,0.0,-0.0006594572512016,0.6,0.6,0.04556061287994501,7,0.04556061287968254,30.462435787449163,1.7981188576593778,28.664316187712757,7.420770265383449e-07,0.0,0
273.088,0.5981999736993228,0.6455250409260443,1.5104792771076974,1e-12,1e-12,1e-12,0.0,-0.0006594572512016,0.6,0.6,0.04556061287999915,7,0.04556061287968254,30.462435787449163,1.7981188576593778,28.664316187712757,7.420770265383449e-07,0.0,0
273.188,0.5981999736993228,0.6455250409260954,1.510413331441333,1e-12,1e-12,1e-12,0.0,-0.0006594564891148811,0.6,0.6,0.04556061288005018,7,0.04556061287994501,30.46243578746757,1.798118857679501,28.664316187712757,7.420753114104774e-07,0.0,0
273.288,0.5981999736993228,0.6455250409261458,1.5103473858161238,1e-12,1e-12,1e-12,0.0,-0.0006594564891148811,0.6,0.6,0.04556061288010055,7,0.04556061287994501,30.46243578746757,1.798118857679501,28.664316187712757,7.420753114104774e-07,0.0,0
273.388,0.5981999736993228,0.645525040926196,1.5102814401909146,1e-12,1e-12,1e-12,0.0,-0.0006594564891148811,0.6,0.6,0.04556061288015069,7,0.04556061287994501,30.46243578746757,1.798118857679501,28.664316187712757,7.420753114104774e-07,0.0,0
273.488,0.5981999736993228,0.6455250409262464,1.5102154945657051,1e-12,1e-12,1e-12,0.0,-0.0006594564891148811,0.6,0.6,0.04556061288020105,7,0.04556061287994501,30.46243578746757,1.798118857679501,28.664316187712757,7.420753114104774e-07,0.0,0
273.588,0.5981999736993228,0.6455250409262968,1.510149548940495,1e-12,1e-12,1e-12,0.0,-0.0006594564891148811,0.6,0.6,0.04556061288025142,7,0.04556061287994501,30.46243578746757,1.798118857679501,28.664316187712757,7.420753114104774e-07,0.0,0
273.688,0.5981999736993228,0.6455250409263485,1.5100836033514367,1e-12,1e-12,1e-12,0.0,-0.0006594557359251061,0.6,0.6,0.045560612880303115,7,0.04556061288020105,30.46243578748559,1.7981188576992158,28.664316187712757,7.420736163077474e-07,0.0,0
273.788,0.5981999736993228,0.6455250409264027,1.510017657801543,1e-12,1e-12,1e-12,0.0,-0.0006594557359251061,0.6,0.6,0.04556061288035725,7,0.04556061288020105,30.46243578748559,1.7981188576992158,28.664316187712757,7.420736163077474e-07,0.0,0
273.888,0.5981999736993228,0.6455250409264569,1.5099517122516497,1e-12,1e-12,1e-12,0.0,-0.0006594557359251061,0.6,0.6,0.04556061288041139,7,0.04556061288020105,30.46243578748559,1.7981188576992158,28.664316187712757,7.420736163077474e-07,0.0,0
273.988,0.5981999736993228,0.6455250409265111,1.5098857667017553,1e-12,1e-12,1e-12,0.0,-0.0006594557359251061,0.6,0.6,0.04556061288046552,7,0.04556061288020105,30.46243578748559,1.7981188576992158,28.664316187712757,7.420736163077474e-07,0.0,0
274.088,0.5981999736993228,0.6455250409265653,1.5098198211518616,1e-12,1e-12,1e-12,0.0,-0.0006594557359251061,0.6,0.6,0.04556061288051966,7,0.04556061288020105,30.46243578748559,1.7981188576992158,28.664316187712757,7.420736163077474e-07,0.0,0
274.188,0.5981999736993228,0.6455250409266183,1.5097538756381268,1e-12,1e-12,1e-12,0.0,-0.0006594549827363882,0.6,0.6,0.045560612880572685,7,0.04556061288046552,30.46243578750427,1.7981188577195906,28.664316187712757,7.420719212095175e-07,0.0,0
274.288,0.5981999736993228,0.6455250409266701,1.509687930163562,1e-12,1e-12,1e-12,0.0,-0.0006594549827363882,0.6,0.6,0.045560612880624386,7,0.04556061288046552,30.46243578750427,1.7981188577195906,28.664316187712757,7.420719212095175e-07,0.0,0
274.388,0.5981999736993228,0.6455250409267214,1.5096219846889973,1e-12,1e-12,1e-12,0.0,-0.0006594549827363882,0.6,0.6,0.04556061288067564,7,0.04556061288046552,30.46243578750427,1.7981188577195906,28.664316187712757,7.420719212095175e-07,0.0,0
274.488,0.5981999736993228,0.6455250409267733,1.5095560392144345,1e-12,1e-12,1e-12,0.0,-0.0006594549827363882,0.6,0.6,0.045560612880727554,7,0.04556061288046552,30.46243578750427,1.7981188577195906,28.664316187712757,7.420719212095175e-07,0.0,0
274.588,0.5981999736993228,0.6455250409268244,1.509490093739871,1e-12,1e-12,1e-12,0.0,-0.0006594549827363882,0.6,0.6,0.04556061288077858,7,0.04556061288046552,30.46243578750427,1.7981188577195906,28.664316187712757,7.420719212095175e-07,0.0,0
274.688,0.5981999736993228,0.6455250409268763,1.509424148295788,1e-12,1e-12,1e-12,0.0,-0.0006594542206522724,0.6,0.6,0.0455606128808305,7,0.045560612880727554,30.462435787522573,1.7981188577396114,28.664316187712757,7.420702060934448e-07,0.0,0
274.788,0.5981999736993228,0.6455250409269294,1.5093582028974317,1e-12,1e-12,1e-12,0.0,-0.0006594542206522724,0.6,0.6,0.045560612880883526,7,0.045560612880727554,30.462435787522573,1.7981188577396114,28.664316187712757,7.420702060934448e-07,0.0,0
274.888,0.5981999736993228,0.6455250409269823,1.5092922574990764,1e-12,1e-12,1e-12,0.0,-0.0006594542206522724,0.6,0.6,0.04556061288093633,7,0.045560612880727554,30.462435787522573,1.7981188577396114,28.664316187712757,7.420702060934448e-07,0.0,0
274.988,0.5981999736993228,0.6455250409270353,1.5092263121007194,1e-12,1e-12,1e-12,0.0,-0.0006594542206522724,0.6,0.6,0.04556061288098936,7,0.045560612880727554,30.462435787522573,1.7981188577396114,28.664316187712757,7.420702060934448e-07,0.0,0
275.088,0.5981999736993228,0.6455250409270882,1.509160366702362,1e-12,1e-12,1e-12,0.0,-0.0006594542206522724,0.6,0.6,0.04556061288104216,7,0.045560612880727554,30.462435787522573,1.7981188577396114,28.664316187712757,7.420702060934448e-07,0.0,0
275.188,0.5981999736993228,0.6455250409271404,1.5090944213386555,1e-12,1e-12,1e-12,0.0,-0.0006594534674651513,0.6,0.6,0.04556061288109431,7,0.04556061288098936,30.46243578754095,1.798118857759682,28.664316187712757,7.420685110025535e-07,0.0,0
275.288,0.5981999736993228,0.6455250409271925,1.5090284760156245,1e-12,1e-12,1e-12,0.0,-0.0006594534674651513,0.6,0.6,0.04556061288114645,7,0.04556061288098936,30.46243578754095,1.798118857759682,28.664316187712757,7.420685110025535e-07,0.0,0
275.388,0.5981999736993228,0.6455250409272452,1.5089625306925922,1e-12,1e-12,1e-12,0.0,-0.0006594534674651513,0.6,0.6,0.04556061288119903,7,0.04556061288098936,30.46243578754095,1.798118857759682,28.664316187712757,7.420685110025535e-07,0.0,0
275.488,0.5981999736993228,0.6455250409272978,1.5088965853695608,1e-12,1e-12,1e-12,0.0,-0.0006594534674651513,0.6,0.6,0.045560612881251614,7,0.04556061288098936,30.46243578754095,1.798118857759682,28.664316187712757,7.420685110025535e-07,0.0,0
275.588,0.5981999736993228,0.6455250409273495,1.50883064004653,1e-12,1e-12,1e-12,0.0,-0.0006594534674651513,0.6,0.6,0.04556061288130331,7,0.04556061288098936,30.46243578754095,1.798118857759682,28.664316187712757,7.420685110025535e-07,0.0,0
275.688,0.5981999736993228,0.645525040927401,1.5087646947581517,1e-12,1e-12,1e-12,0.0,-0.0006594527142790327,0.6,0.6,0.04556061288135478,7,0.045560612881251614,30.46243578755938,1.7981188577798037,28.664316187712757,7.420668159158647e-07,0.0,0
275.788,0.5981999736993228,0.6455250409274514,1.508698749510453,1e-12,1e-12,1e-12,0.0,-0.0006594527142790327,0.6,0.6,0.04556061288140515,7,0.045560612881251614,30.46243578755938,1.7981188577798037,28.664316187712757,7.420668159158647e-07,0.0,0
275.888,0.5981999736993228,0.6455250409275018,1.5086328042627557,1e-12,1e-12,1e-12,0.0,-0.0006594527142790327,0.6,0.6,0.04556061288145551,7,0.045560612881251614,30.46243578755938,1.7981188577798037,28.664316187712757,7.420668159158647e-07,0.0,0
275.988,0.5981999736993228,0.6455250409275523,1.5085668590150558,1e-12,1e-12,1e-12,0.0,-0.0006594527142790327,0.6,0.6,0.045560612881505876,7,0.045560612881251614,30.46243578755938,1.7981188577798037,28.664316187712757,7.420668159158647e-07,0.0,0
276.088,0.5981999736993228,0.6455250409276027,1.5085009137673588,1e-12,1e-12,1e-12,0.0,-0.0006594527142790327,0.6,0.6,0.045560612881556245,7,0.045560612881251614,30.46243578755938,1.7981188577798037,28.664316187712757,7.420668159158647e-07,0.0,0
276.188,0.5981999736993228,0.6455250409276542,1.508434968554308,1e-12,1e-12,1e-12,0.0,-0.0006594519610937912,0.6,0.6,0.04556061288160772,7,0.045560612881505876,30.462435787577295,1.7981188577994178,28.664316187712757,7.420651208330984e-07,0.0,0
276.288,0.5981999736993228,0.6455250409277079,1.508369023381928,1e-12,1e-12,1e-12,0.0,-0.0006594519610937912,0.6,0.6,0.04556061288166141,7,0.045560612881505876,30.462435787577295,1.7981188577994178,28.664316187712757,7.420651208330984e-07,0.0,0
276.388,0.5981999736993228,0.6455250409277619,1.5083030782095501,1e-12,1e-12,1e-12,0.0,-0.0006594519610937912,0.6,0.6,0.045560612881715326,7,0.045560612881505876,30.462435787577295,1.7981188577994178,28.664316187712757,7.420651208330984e-07,0.0,0
276.488,0.5981999736993228,0.6455250409278149,1.5082371330371729,1e-12,1e-12,1e-12,0.0,-0.0006594519610937912,0.6,0.6,0.04556061288176835,7,0.045560612881505876,30.462435787577295,1.7981188577994178,28.664316187712757,7.420651208330984e-07,0.0,0
276.588,0.5981999736993228,0.6455250409278693,1.5081711878647943,1e-12,1e-12,1e-12,0.0,-0.0006594519610937912,0.6,0.6,0.04556061288182271,7,0.045560612881505876,30.462435787577295,1.7981188577994178,28.664316187712757,7.420651208330984e-07,0.0,0
276.688,0.5981999736993228,0.6455250409279213,1.5081052427282353,1e-12,1e-12,1e-12,0.0,-0.0006594511990131855,0.6,0.6,0.04556061288187463,7,0.04556061288176835,30.46243578759581,1.7981188578196443,28.664316187712757,7.420634057328321e-07,0.0,0
276.788,0.5981999736993228,0.6455250409279719,1.5080392976320687,1e-12,1e-12,1e-12,0.0,-0.0006594511990131855,0.6,0.6,0.045560612881925214,7,0.04556061288176835,30.46243578759581,1.7981188578196443,28.664316187712757,7.420634057328321e-07,0.0,0
276.888,0.5981999736993228,0.6455250409280221,1.5079733525359036,1e-12,1e-12,1e-12,0.0,-0.0006594511990131855,0.6,0.6,0.045560612881975354,7,0.04556061288176835,30.46243578759581,1.7981188578196443,28.664316187712757,7.420634057328321e-07,0.0,0
276.988,0.5981999736993228,0.6455250409280721,1.5079074074397374,1e-12,1e-12,1e-12,0.0,-0.0006594511990131855,0.6,0.6,0.04556061288202528,7,0.04556061288176835,30.46243578759581,1.7981188578196443,28.664316187712757,7.420634057328321e-07,0.0,0
277.088,0.5981999736993228,0.6455250409281222,1.507841462343572,1e-12,1e-12,1e-12,0.0,-0.0006594511990131855,0.6,0.6,0.04556061288207542,7,0.04556061288176835,30.46243578759581,1.7981188578196443,28.664316187712757,7.420634057328321e-07,0.0,0
277.188,0.5981999736993228,0.645525040928174,1.5077755172797973,1e-12,1e-12,1e-12,0.0,-0.0006594504458295084,0.6,0.6,0.045560612882127115,7,0.04556061288202528,30.462435787613828,1.7981188578393597,28.664316187712757,7.4206171065733e-07,0.0,0
277.288,0.5981999736993228,0.6455250409282273,1.5077095722589557,1e-12,1e-12,1e-12,0.0,-0.0006594504458295084,0.6,0.6,0.045560612882180364,7,0.04556061288202528,30.462435787613828,1.7981188578393597,28.664316187712757,7.4206171065733e-07,0.0,0
277.388,0.5981999736993228,0.6455250409282806,1.5076436272381146,1e-12,1e-12,1e-12,0.0,-0.0006594504458295084,0.6,0.6,0.04556061288223361,7,0.04556061288202528,30.462435787613828,1.7981188578393597,28.664316187712757,7.4206171065733e-07,0.0,0
277.488,0.5981999736993228,0.6455250409283338,1.5075776822172728,1e-12,1e-12,1e-12,0.0,-0.0006594504458295084,0.6,0.6,0.04556061288228686,7,0.04556061288202528,30.462435787613828,1.7981188578393597,28.664316187712757,7.4206171065733e-07,0.0,0
277.588,0.5981999736993228,0.6455250409283871,1.5075117371964317,1e-12,1e-12,1e-12,0.0,-0.0006594504458295084,0.6,0.6,0.04556061288234011,7,0.04556061288202528,30.462435787613828,1.7981188578393597,28.664316187712757,7.4206171065733e-07,0.0,0
277.688,0.5981999736993228,0.6455250409284393,1.5074457922117428,1e-12,1e-12,1e-12,0.0,-0.0006594496926469847,0.6,0.6,0.04556061288239225,7,0.04556061288228686,30.462435787632103,1.7981188578593277,28.664316187712757,7.420600155865461e-07,0.0,0
277.788,0.5981999736993228,0.64552504092849,1.5073798472662225,1e-12,1e-12,1e-12,0.0,-0.0006594496926469847,0.6,0.6,0.04556061288244284,7,0.04556061288228686,30.462435787632103,1.7981188578593277,28.664316187712757,7.420600155865461e-07,0.0,0
277.888,0.5981999736993228,0.6455250409285408,1.5073139023207007,1e-12,1e-12,1e-12,0.0,-0.0006594496926469847,0.6,0.6,0.04556061288249365,7,0.04556061288228686,30.462435787632103,1.7981188578593277,28.664316187712757,7.420600155865461e-07,0.0,0
277.988,0.5981999736993228,0.6455250409285916,1.5072479573751782,1e-12,1e-12,1e-12,0.0,-0.0006594496926469847,0.6,0.6,0.045560612882544455,7,0.04556061288228686,30.462435787632103,1.7981188578593277,28.664316187712757,7.420600155865461e-07,0.0,0
278.088,0.5981999736993228,0.6455250409286425,1.5071820124296562,1e-12,1e-12,1e-12,0.0,-0.0006594496926469847,0.6,0.6,0.04556061288259527,7,0.04556061288228686,30.462435787632103,1.7981188578593277,28.664316187712757,7.420600155865461e-07,0.0,0
278.188,0.5981999736993228,0.6455250409286936,1.507116067508242,1e-12,1e-12,1e-12,0.0,-0.0006594489394649654,0.6,0.6,0.0455606128826463,7,0.045560612882544455,30.46243578765032,1.7981188578792455,28.664316187712757,7.420583205186698e-07,0.0,0
278.288,0.5981999736993228,0.6455250409287455,1.507050122638054,1e-12,1e-12,1e-12,0.0,-0.0006594489394649654,0.6,0.6,0.04556061288269821,7,0.045560612882544455,30.46243578765032,1.7981188578792455,28.664316187712757,7.420583205186698e-07,0.0,0
278.388,0.5981999736993228,0.6455250409287973,1.506984177767866,1e-12,1e-12,1e-12,0.0,-0.0006594489394649654,0.6,0.6,0.04556061288274991,7,0.045560612882544455,30.46243578765032,1.7981188578792455,28.664316187712757,7.420583205186698e-07,0.0,0
278.488,0.5981999736993228,0.6455250409288492,1.5069182328976765,1e-12,1e-12,1e-12,0.0,-0.0006594489394649654,0.6,0.6,0.045560612882801825,7,0.045560612882544455,30.46243578765032,1.7981188578792455,28.664316187712757,7.420583205186698e-07,0.0,0
278.588,0.5981999736993228,0.6455250409289012,1.5068522880274888,1e-12,1e-12,1e-12,0.0,-0.0006594489394649654,0.6,0.6,0.04556061288285374,7,0.045560612882544455,30.46243578765032,1.7981188578792455,28.664316187712757,7.420583205186698e-07,0.0,0
278.688,0.5981999736993228,0.6455250409289536,1.5067863431896897,1e-12,1e-12,1e-12,0.0,-0.0006594481862836414,0.6,0.6,0.04556061288290611,7,0.045560612882801825,30.462435787668444,1.798118857899064,28.664316187712757,7.420566254544807e-07,0.0,0
278.788,0.5981999736993228,0.6455250409290069,1.5067203983948243,1e-12,1e-12,1e-12,0.0,-0.0006594481862836414,0.6,0.6,0.04556061288295936,7,0.045560612882801825,30.462435787668444,1.798118857899064,28.664316187712757,7.420566254544807e-07,0.0,0
278.888,0.5981999736993228,0.6455250409290599,1.5066544535999589,1e-12,1e-12,1e-12,0.0,-0.0006594481862836414,0.6,0.6,0.045560612883012386,7,0.045560612882801825,30.462435787668444,1.798118857899064,28.664316187712757,7.420566254544807e-07,0.0,0
278.988,0.5981999736993228,0.645525040929113,1.5065885088050943,1e-12,1e-12,1e-12,0.0,-0.0006594481862836414,0.6,0.6,0.04556061288306541,7,0.045560612882801825,30.462435787668444,1.798118857899064,28.664316187712757,7.420566254544807e-07,0.0,0
279.088,0.5981999736993228,0.6455250409291665,1.5065225640102275,1e-12,1e-12,1e-12,0.0,-0.0006594481862836414,0.6,0.6,0.045560612883118884,7,0.045560612882801825,30.462435787668444,1.798118857899064,28.664316187712757,7.420566254544807e-07,0.0,0
279.188,0.5981999736993228,0.6455250409292187,1.5064566192432303,1e-12,1e-12,1e-12,0.0,-0.0006594474331033669,0.6,0.6,0.04556061288317102,7,0.04556061288306541,30.462435787686974,1.7981188579192877,28.664316187712757,7.420549303946021e-07,0.0,0
279.288,0.5981999736993228,0.6455250409292687,1.5063906745236866,1e-12,1e-12,1e-12,0.0,-0.0006594474331033669,0.6,0.6,0.04556061288322094,7,0.04556061288306541,30.462435787686974,1.7981188579192877,28.664316187712757,7.420549303946021e-07,0.0,0
279.388,0.5981999736993228,0.6455250409293188,1.5063247298041433,1e-12,1e-12,1e-12,0.0,-0.0006594474331033669,0.6,0.6,0.04556061288327109,7,0.04556061288306541,30.462435787686974,1.7981188579192877,28.664316187712757,7.420549303946021e-07,0.0,0
279.488,0.5981999736993228,0.6455250409293686,1.5062587850845996,1e-12,1e-12,1e-12,0.0,-0.0006594474331033669,0.6,0.6,0.045560612883320785,7,0.04556061288306541,30.462435787686974,1.7981188579192877,28.664316187712757,7.420549303946021e-07,0.0,0
279.588,0.5981999736993228,0.6455250409294185,1.5061928403650544,1e-12,1e-12,1e-12,0.0,-0.0006594474331033669,0.6,0.6,0.0455606128833707,7,0.04556061288306541,30.462435787686974,1.7981188579192877,28.664316187712757,7.420549303946021e-07,0.0,0
279.688,0.5981999736993228,0.6455250409294707,1.5061268956763976,1e-12,1e-12,1e-12,0.0,-0.0006594466799239489,0.6,0.6,0.04556061288342284,7,0.045560612883320785,30.462435787704997,1.7981188579390053,28.664316187712757,7.420532353385971e-07,0.0,0
279.788,0.5981999736993228,0.6455250409295258,1.506060951032186,1e-12,1e-12,1e-12,0.0,-0.0006594466799239489,0.6,0.6,0.04556061288347787,7,0.045560612883320785,30.462435787704997,1.7981188579390053,28.664316187712757,7.420532353385971e-07,0.0,0
279.888,0.5981999736993228,0.6455250409295809,1.5059950063879752,1e-12,1e-12,1e-12,0.0,-0.0006594466799239489,0.6,0.6,0.04556061288353289,7,0.045560612883320785,30.462435787704997,1.7981188579390053,28.664316187712757,7.420532353385971e-07,0.0,0
279.988,0.5981999736993228,0.6455250409296359,1.5059290617437642,1e-12,1e-12,1e-12,0.0,-0.0006594466799239489,0.6,0.6,0.04556061288358792,7,0.045560612883320785,30.462435787704997,1.7981188579390053,28.664316187712757,7.420532353385971e-07,0.0,0
280.088,0.5981999736993228,0.645525040929691,1.505863117099553,1e-12,1e-12,1e-12,0.0,-0.0006594466799239489,0.6,0.6,0.045560612883642944,7,0.045560612883320785,30.462435787704997,1.7981188579390053,28.664316187712757,7.420532353385971e-07,0.0,0
280.188,0.5981999736993228,0.6455250409297498,1.505797172480902,1e-12,1e-12,1e-12,0.0,-0.000659445926745518,0.6,0.6,0.04556061288370174,7,0.04556061288358792,30.46243578772368,1.7981188579593832,28.664316187712757,7.420515402869371e-07,0.0,0
280.288,0.5981999736993228,0.645525040929816,1.5057312279118649,1e-12,1e-12,1e-12,0.0,-0.000659445926745518,0.6,0.6,0.04556061288376786,7,0.04556061288358792,30.46243578772368,1.7981188579593832,28.664316187712757,7.420515402869371e-07,0.0,0
280.388,0.5981999736993228,0.6455250409298822,1.5056652833428301,1e-12,1e-12,1e-12,0.0,-0.000659445926745518,0.6,0.6,0.04556061288383397,7,0.04556061288358792,30.46243578772368,1.7981188579593832,28.664316187712757,7.420515402869371e-07,0.0,0
280.488,0.5981999736993228,0.6455250409299483,1.5055993387737943,1e-12,1e-12,1e-12,0.0,-0.000659445926745518,0.6,0.6,0.04556061288390009,7,0.04556061288358792,30.46243578772368,1.7981188579593832,28.664316187712757,7.420515402869371e-07,0.0,0
280.588,0.5981999736993228,0.645525040930015,1.505533394204759,1e-12,1e-12,1e-12,0.0,-0.000659445926745518,0.6,0.6,0.04556061288396665,7,0.04556061288358792,30.46243578772368,1.7981188579593832,28.664316187712757,7.420515402869371e-07,0.0,0
280.688,0.5981999736993228,0.6455250409300811,1.505467449652296,1e-12,1e-12,1e-12,0.0,-0.0006594451735676949,0.6,0.6,0.04556061288403277,7,0.04556061288390009,30.462435787745957,1.7981188579833525,28.664316187712757,7.420498452382443e-07,0.0,0
280.788,0.5981999736993228,0.6455250409301475,1.5054015051585876,1e-12,1e-12,1e-12,0.0,-0.0006594451735676949,0.6,0.6,0.04556061288409911,7,0.04556061288390009,30.462435787745957,1.7981188579833525,28.664316187712757,7.420498452382443e-07,0.0,0
280.888,0.5981999736993228,0.6455250409302139,1.5053355606648795,1e-12,1e-12,1e-12,0.0,-0.0006594451735676949,0.6,0.6,0.04556061288416545,7,0.04556061288390009,30.462435787745957,1.7981188579833525,28.664316187712757,7.420498452382443e-07,0.0,0
280.988,0.5981999736993228,0.6455250409302803,1.5052696161711732,1e-12,1e-12,1e-12,0.0,-0.0006594451735676949,0.6,0.6,0.045560612884231785,7,0.04556061288390009,30.462435787745957,1.7981188579833525,28.664316187712757,7.420498452382443e-07,0.0,0
281.088,0.5981999736993228,0.6455250409303467,1.5052036716774655,1e-12,1e-12,1e-12,0.0,-0.0006594451735676949,0.6,0.6,0.04556061288429813,7,0.04556061288390009,30.462435787745957,1.7981188579833525,28.664316187712757,7.420498452382443e-07,0.0,0
281.188,0.5981999736993228,0.6455250409304124,1.5051377272184103,1e-12,1e-12,1e-12,0.0,-0.0006594444203909748,0.6,0.6,0.0455606128843638,7,0.045560612884231785,30.462435787769753,1.7981188580088465,28.664316187712757,7.420481501941549e-07,0.0,0
281.288,0.5981999736993228,0.6455250409304768,1.5050717828000333,1e-12,1e-12,1e-12,0.0,-0.0006594444203909748,0.6,0.6,0.04556061288442814,7,0.045560612884231785,30.462435787769753,1.7981188580088465,28.664316187712757,7.420481501941549e-07,0.0,0
281.388,0.5981999736993228,0.645525040930541,1.5050058383816587,1e-12,1e-12,1e-12,0.0,-0.0006594444203909748,0.6,0.6,0.045560612884492264,7,0.045560612884231785,30.462435787769753,1.7981188580088465,28.664316187712757,7.420481501941549e-07,0.0,0
281.488,0.5981999736993228,0.6455250409306051,1.5049398939632819,1e-12,1e-12,1e-12,0.0,-0.0006594444203909748,0.6,0.6,0.04556061288455639,7,0.045560612884231785,30.462435787769753,1.7981188580088465,28.664316187712757,7.420481501941549e-07,0.0,0
281.588,0.5981999736993228,0.6455250409306693,1.5048739495449064,1e-12,1e-12,1e-12,0.0,-0.0006594444203909748,0.6,0.6,0.04556061288462051,7,0.045560612884231785,30.462435787769753,1.7981188580088465,28.664316187712757,7.420481501941549e-07,0.0,0
281.688,0.5981999736993228,0.6455250409307344,1.5048080051385828,1e-12,1e-12,1e-12,0.0,-0.0006594436672150171,0.6,0.6,0.04556061288468551,7,0.04556061288455639,30.462435787793048,1.7981188580338343,28.664316187712757,7.420464551535541e-07,0.0,0
281.788,0.5981999736993228,0.6455250409308014,1.5047420607955244,1e-12,1e-12,1e-12,0.0,-0.0006594436672150171,0.6,0.6,0.04556061288475252,7,0.04556061288455639,30.462435787793048,1.7981188580338343,28.664316187712757,7.420464551535541e-07,0.0,0
281.888,0.5981999736993228,0.6455250409308687,1.5046761164524636,1e-12,1e-12,1e-12,0.0,-0.0006594436672150171,0.6,0.6,0.045560612884819746,7,0.04556061288455639,30.462435787793048,1.7981188580338343,28.664316187712757,7.420464551535541e-07,0.0,0
281.968,0.5981999736993228,0.6455250409309224,1.5046233609780175,1e-12,1e-12,1e-12,0.0,-0.0006594436672150171,0.6,0.6,0.04556061288487344,7,0.04556061288455639,30.462435787793048,1.7981188580338343,28.664316187712757,7.420464551535541e-07,0.0,0
282.088,0.5981999736993228,0.645525040931003,1.5045442277663457,1e-12,1e-12,1e-12,0.0,-0.0006594436672150171,0.6,0.6,0.04556061288495398,7,0.04556061288455639,30.462435787793048,1.7981188580338343,28.664316187712757,7.420464551535541e-07,0.0,0
282.188,0.5981999736993228,0.645525040931069,1.5044782834579393,1e-12,1e-12,1e-12,0.0,-0.0006594429140398733,0.6,0.6,0.04556061288501988,7,0.045560612884886977,30.462435787816798,1.798118858059278,28.664316187712757,7.420447601167326e-07,0.0,0
282.288,0.5981999736993228,0.6455250409311338,1.5044123391902087,1e-12,1e-12,1e-12,0.0,-0.0006594429140398733,0.6,0.6,0.04556061288508466,7,0.045560612884886977,30.462435787816798,1.798118858059278,28.664316187712757,7.420447601167326e-07,0.0,0
282.388,0.5981999736993228,0.6455250409311984,1.5043463949224776,1e-12,1e-12,1e-12,0.0,-0.0006594429140398733,0.6,0.6,0.045560612885149225,7,0.045560612884886977,30.462435787816798,1.798118858059278,28.664316187712757,7.420447601167326e-07,0.0,0
282.488,0.5981999736993228,0.6455250409312628,1.5042804506547478,1e-12,1e-12,1e-12,0.0,-0.0006594429140398733,0.6,0.6,0.04556061288521357,7,0.045560612884886977,30.462435787816798,1.798118858059278,28.664316187712757,7.420447601167326e-07,0.0,0
282.588,0.5981999736993228,0.6455250409313275,1.5042145063870174,1e-12,1e-12,1e-12,0.0,-0.0006594429140398733,0.6,0.6,0.04556061288527813,7,0.045560612884886977,30.462435787816798,1.798118858059278,28.664316187712757,7.420447601167326e-07,0.0,0
282.688,0.5981999736993228,0.6455250409313925,1.5041485621320945,1e-12,1e-12,1e-12,0.0,-0.0006594421608656474,0.6,0.6,0.04556061288534314,7,0.04556061288521357,30.462435787839986,1.7981188580841652,28.664316187712757,7.420430650841001e-07,0.0,0
282.788,0.5981999736993228,0.6455250409314582,1.5040826179396969,1e-12,1e-12,1e-12,0.0,-0.0006594421608656474,0.6,0.6,0.045560612885408816,7,0.04556061288521357,30.462435787839986,1.7981188580841652,28.664316187712757,7.420430650841001e-07,0.0,0
282.888,0.5981999736993228,0.6455250409315235,1.5040166737473004,1e-12,1e-12,1e-12,0.0,-0.0006594421608656474,0.6,0.6,0.04556061288547404,7,0.04556061288521357,30.462435787839986,1.7981188580841652,28.664316187712757,7.420430650841001e-07,0.0,0
282.988,0.5981999736993228,0.6455250409315888,1.5039507295549015,1e-12,1e-12,1e-12,0.0,-0.0006594421608656474,0.6,0.6,0.045560612885539274,7,0.04556061288521357,30.462435787839986,1.7981188580841652,28.664316187712757,7.420430650841001e-07,0.0,0
283.088,0.5981999736993228,0.6455250409316545,1.503884785362505,1e-12,1e-12,1e-12,0.0,-0.0006594421608656474,0.6,0.6,0.04556061288560495,7,0.04556061288521357,30.462435787839986,1.7981188580841652,28.664316187712757,7.420430650841001e-07,0.0,0
283.188,0.5981999736993228,0.6455250409317203,1.5038188411753808,1e-12,1e-12,1e-12,0.0,-0.0006594414076923764,0.6,0.6,0.04556061288567062,7,0.045560612885539274,30.462435787863427,1.7981188581093024,28.664316187712757,7.420413700553884e-07,0.0,0
283.288,0.5981999736993228,0.6455250409317869,1.5037528970583165,1e-12,1e-12,1e-12,0.0,-0.0006594414076923764,0.6,0.6,0.045560612885737185,7,0.045560612885539274,30.462435787863427,1.7981188581093024,28.664316187712757,7.420413700553884e-07,0.0,0
283.388,0.5981999736993228,0.6455250409318537,1.5036869529412515,1e-12,1e-12,1e-12,0.0,-0.0006594414076923764,0.6,0.6,0.045560612885803965,7,0.045560612885539274,30.462435787863427,1.7981188581093024,28.664316187712757,7.420413700553884e-07,0.0,0
283.488,0.5981999736993228,0.6455250409319205,1.5036210088241844,1e-12,1e-12,1e-12,0.0,-0.0006594414076923764,0.6,0.6,0.04556061288587075,7,0.045560612885539274,30.462435787863427,1.7981188581093024,28.664316187712757,7.420413700553884e-07,0.0,0
283.588,0.5981999736993228,0.6455250409319874,1.5035550647071207,1e-12,1e-12,1e-12,0.0,-0.0006594414076923764,0.6,0.6,0.04556061288593753,7,0.045560612885539274,30.462435787863427,1.7981188581093024,28.664316187712757,7.420413700553884e-07,0.0,0
283.688,0.5981999736993228,0.6455250409320535,1.5034891206037708,1e-12,1e-12,1e-12,0.0,-0.0006594406456240868,0.6,0.6,0.04556061288600365,7,0.04556061288587075,30.46243578788716,1.798118858134747,28.664316187712757,7.420396550104522e-07,0.0,0
283.788,0.5981999736993228,0.6455250409321188,1.5034231765629065,1e-12,1e-12,1e-12,0.0,-0.0006594406456240868,0.6,0.6,0.04556061288606888,7,0.04556061288587075,30.46243578788716,1.798118858134747,28.664316187712757,7.420396550104522e-07,0.0,0
283.888,0.5981999736993228,0.6455250409321839,1.5033572325220412,1e-12,1e-12,1e-12,0.0,-0.0006594406456240868,0.6,0.6,0.04556061288613389,7,0.04556061288587075,30.46243578788716,1.798118858134747,28.664316187712757,7.420396550104522e-07,0.0,0
283.988,0.5981999736993228,0.6455250409322492,1.5032912884811769,1e-12,1e-12,1e-12,0.0,-0.0006594406456240868,0.6,0.6,0.04556061288619912,7,0.04556061288587075,30.46243578788716,1.798118858134747,28.664316187712757,7.420396550104522e-07,0.0,0
284.088,0.5981999736993228,0.6455250409323142,1.5032253444403094,1e-12,1e-12,1e-12,0.0,-0.0006594406456240868,0.6,0.6,0.045560612886264125,7,0.04556061288587075,30.46243578788716,1.798118858134747,28.664316187712757,7.420396550104522e-07,0.0,0
284.188,0.5981999736993228,0.6455250409323804,1.5031594004145081,1e-12,1e-12,1e-12,0.0,-0.0006594398924526299,0.6,0.6,0.045560612886330246,7,0.04556061288619912,30.46243578791071,1.79811885815999,28.664316187712757,7.420379599897404e-07,0.0,0
284.288,0.5981999736993228,0.645525040932447,1.5030934564489666,1e-12,1e-12,1e-12,0.0,-0.0006594398924526299,0.6,0.6,0.04556061288639681,7,0.04556061288619912,30.46243578791071,1.79811885815999,28.664316187712757,7.420379599897404e-07,0.0,0
284.388,0.5981999736993228,0.6455250409325141,1.5030275124834225,1e-12,1e-12,1e-12,0.0,-0.0006594398924526299,0.6,0.6,0.04556061288646381,7,0.04556061288619912,30.46243578791071,1.79811885815999,28.664316187712757,7.420379599897404e-07,0.0,0
284.488,0.5981999736993228,0.6455250409325811,1.50296156851788,1e-12,1e-12,1e-12,0.0,-0.0006594398924526299,0.6,0.6,0.045560612886530814,7,0.04556061288619912,30.46243578791071,1.79811885815999,28.664316187712757,7.420379599897404e-07,0.0,0
284.588,0.5981999736993228,0.6455250409326482,1.5028956245523375,1e-12,1e-12,1e-12,0.0,-0.0006594398924526299,0.6,0.6,0.04556061288659782,7,0.04556061288619912,30.46243578791071,1.79811885815999,28.664316187712757,7.420379599897404e-07,0.0,0
284.688,0.5981999736993228,0.6455250409327152,1.5028296805867933,1e-12,1e-12,1e-12,0.0,-0.0006594391392819383,0.6,0.6,0.045560612886664825,7,0.045560612886530814,30.462435787934655,1.798118858185636,28.664316187712757,7.420362649727e-07,0.0,0
284.788,0.5981999736993228,0.6455250409327796,1.5027637366852746,1e-12,1e-12,1e-12,0.0,-0.0006594391392819383,0.6,0.6,0.04556061288672917,7,0.045560612886530814,30.462435787934655,1.798118858185636,28.664316187712757,7.420362649727e-07,0.0,0
284.888,0.5981999736993228,0.645525040932844,1.5026977927950556,1e-12,1e-12,1e-12,0.0,-0.0006594391392819383,0.6,0.6,0.045560612886793514,7,0.045560612886530814,30.462435787934655,1.798118858185636,28.664316187712757,7.420362649727e-07,0.0,0
284.988,0.5981999736993228,0.6455250409329073,1.5026318489048351,1e-12,1e-12,1e-12,0.0,-0.0006594391392819383,0.6,0.6,0.04556061288685675,7,0.045560612886530814,30.462435787934655,1.798118858185636,28.664316187712757,7.420362649727e-07,0.0,0
285.088,0.5981999736993228,0.6455250409329717,1.502565905014613,1e-12,1e-12,1e-12,0.0,-0.0006594391392819383,0.6,0.6,0.045560612886921086,7,0.045560612886530814,30.462435787934655,1.798118858185636,28.664316187712757,7.420362649727e-07,0.0,0
285.188,0.5981999736993228,0.6455250409330356,1.5024999611243928,1e-12,1e-12,1e-12,0.0,-0.0006594383861120431,0.6,0.6,0.045560612886984986,7,0.04556061288685675,30.462435787957798,1.7981188582104708,28.664316187712757,7.42034569959401e-07,0.0,0
285.288,0.5981999736993228,0.6455250409331023,1.5024340173072457,1e-12,1e-12,1e-12,0.0,-0.0006594383861120431,0.6,0.6,0.04556061288705155,7,0.04556061288685675,30.462435787957798,1.7981188582104708,28.664316187712757,7.42034569959401e-07,0.0,0
285.388,0.5981999736993228,0.6455250409331691,1.502368073492359,1e-12,1e-12,1e-12,0.0,-0.0006594383861120431,0.6,0.6,0.04556061288711833,7,0.04556061288685675,30.462435787957798,1.7981188582104708,28.664316187712757,7.42034569959401e-07,0.0,0
285.488,0.5981999736993228,0.6455250409332359,1.5023021296774712,1e-12,1e-12,1e-12,0.0,-0.0006594383861120431,0.6,0.6,0.04556061288718512,7,0.04556061288685675,30.462435787957798,1.7981188582104708,28.664316187712757,7.42034569959401e-07,0.0,0
285.588,0.5981999736993228,0.6455250409333028,1.5022361858625843,1e-12,1e-12,1e-12,0.0,-0.0006594383861120431,0.6,0.6,0.0455606128872519,7,0.04556061288685675,30.462435787957798,1.7981188582104708,28.664316187712757,7.42034569959401e-07,0.0,0
285.688,0.5981999736993228,0.6455250409333689,1.502170242077076,1e-12,1e-12,1e-12,0.0,-0.0006594376329430689,0.6,0.6,0.04556061288731802,7,0.04556061288718512,30.462435787981445,1.7981188582358127,28.664316187712757,7.420328749499457e-07,0.0,0
285.788,0.5981999736993228,0.6455250409334344,1.5021042983375237,1e-12,1e-12,1e-12,0.0,-0.0006594376329430689,0.6,0.6,0.045560612887383466,7,0.04556061288718512,30.462435787981445,1.7981188582358127,28.664316187712757,7.420328749499457e-07,0.0,0
285.888,0.5981999736993228,0.6455250409335002,1.5020383545979683,1e-12,1e-12,1e-12,0.0,-0.0006594376329430689,0.6,0.6,0.04556061288744914,7,0.04556061288718512,30.462435787981445,1.7981188582358127,28.664316187712757,7.420328749499457e-07,0.0,0
285.988,0.5981999736993228,0.6455250409335657,1.5019724108584145,1e-12,1e-12,1e-12,0.0,-0.0006594376329430689,0.6,0.6,0.0455606128875146,7,0.04556061288718512,30.462435787981445,1.7981188582358127,28.664316187712757,7.420328749499457e-07,0.0,0
286.088,0.5981999736993228,0.6455250409336312,1.5019064671188609,1e-12,1e-12,1e-12,0.0,-0.0006594376329430689,0.6,0.6,0.045560612887580045,7,0.04556061288718512,30.462435787981445,1.7981188582358127,28.664316187712757,7.420328749499457e-07,0.0,0
286.188,0.5981999736993228,0.6455250409336967,1.5018405233793055,1e-12,1e-12,1e-12,0.0,-0.0006594368797750223,0.6,0.6,0.0455606128876455,7,0.0455606128875146,30.46243578800499,1.7981188582610526,28.664316187712757,7.420311799447015e-07,0.0,0
286.288,0.5981999736993228,0.645525040933762,1.5017745797097917,1e-12,1e-12,1e-12,0.0,-0.0006594368797750223,0.6,0.6,0.04556061288771073,7,0.0455606128875146,30.46243578800499,1.7981188582610526,28.664316187712757,7.420311799447015e-07,0.0,0
286.388,0.5981999736993228,0.6455250409338266,1.5017086360455487,1e-12,1e-12,1e-12,0.0,-0.0006594368797750223,0.6,0.6,0.04556061288777529,7,0.0455606128875146,30.46243578800499,1.7981188582610526,28.664316187712757,7.420311799447015e-07,0.0,0
286.488,0.5981999736993228,0.6455250409338916,1.5016426923813073,1e-12,1e-12,1e-12,0.0,-0.0006594368797750223,0.6,0.6,0.0455606128878403,7,0.0455606128875146,30.46243578800499,1.7981188582610526,28.664316187712757,7.420311799447015e-07,0.0,0
286.588,0.5981999736993228,0.6455250409339562,1.5015767487170641,1e-12,1e-12,1e-12,0.0,-0.0006594368797750223,0.6,0.6,0.04556061288790487,7,0.0455606128875146,30.46243578800499,1.7981188582610526,28.664316187712757,7.420311799447015e-07,0.0,0
286.688,0.5981999736993228,0.6455250409340211,1.5015108050528228,1e-12,1e-12,1e-12,0.0,-0.0006594368797750223,0.6,0.6,0.04556061288796965,7,0.0455606128875146,30.46243578800499,1.7981188582610526,28.664316187712757,7.420311799447015e-07,0.0,0
286.788,0.5981999736993228,0.6455250409340877,1.501444861442819,1e-12,1e-12,1e-12,0.0,-0.0006594361266079007,0.6,0.6,0.045560612888036214,7,0.0455606128878403,30.462435788028333,1.7981188582860903,28.664316187712757,7.420294849433087e-07,0.0,0
286.888,0.5981999736993228,0.645525040934155,1.5013789178539096,1e-12,1e-12,1e-12,0.0,-0.0006594361266079007,0.6,0.6,0.04556061288810344,7,0.0455606128878403,30.462435788028333,1.7981188582860903,28.664316187712757,7.420294849433087e-07,0.0,0
286.988,0.5981999736993228,0.6455250409342222,1.5013129742649987,1e-12,1e-12,1e-12,0.0,-0.0006594361266079007,0.6,0.6,0.04556061288817067,7,0.0455606128878403,30.462435788028333,1.7981188582860903,28.664316187712757,7.420294849433087e-07,0.0,0
287.088,0.5981999736993228,0.6455250409342898,1.5012470306760892,1e-12,1e-12,1e-12,0.0,-0.0006594361266079007,0.6,0.6,0.045560612888238115,7,0.0455606128878403,30.462435788028333,1.7981188582860903,28.664316187712757,7.420294849433087e-07,0.0,0
287.188,0.5981999736993228,0.645525040934357,1.5011810870871798,1e-12,1e-12,1e-12,0.0,-0.0006594361266079007,0.6,0.6,0.045560612888305346,7,0.0455606128878403,30.462435788028333,1.7981188582860903,28.664316187712757,7.420294849433087e-07,0.0,0
287.288,0.5981999736993228,0.6455250409344219,1.501115143554657,1e-12,1e-12,1e-12,0.0,-0.0006594353645458882,0.6,0.6,0.04556061288837013,7,0.04556061288817067,30.46243578805191,1.798118858311384,28.664316187712757,7.420277699261397e-07,0.0,0
287.388,0.5981999736993228,0.6455250409344867,1.5010492000419455,1e-12,1e-12,1e-12,0.0,-0.0006594353645458882,0.6,0.6,0.045560612888434916,7,0.04556061288817067,30.46243578805191,1.798118858311384,28.664316187712757,7.420277699261397e-07,0.0,0
