diag_stamp,log_stamp,detected,true_available,true_x,true_y,true_yaw,state_available,state_x,state_y,state_yaw,state_age_s,state_fresh,state_pos_error,state_yaw_error_deg,obs_u,obs_v,obs_yaw,obs_yaw_error_deg,pixel_pose_available,pixel_pose_stamp,pixel_pose_u,pixel_pose_v,pixel_pose_yaw,pixel_pose_age_s,pixel_pose_fresh,pred_world_x,pred_world_y,localization_error_m,pred_world_x_calibrated,pred_world_y_calibrated,localization_error_calibrated_m,bev_y_calibration_offset_m,u_red,v_red,red_area_px,u_blue,v_blue,blue_area_px,separation_px,border_margin_px,yolo_score_raw,yolo_score_selected,yolo_detected_after_threshold,yolo_best_class_id,yolo_target_candidate_count,bbox_area_px,bbox_xmin,bbox_ymin,bbox_xmax,bbox_ymax,logit_margin,class_entropy,mask_area_px,mask_bottom_u,mask_bottom_v,mask_used,mask_polygon_points,confidence_logit,mask_compactness,mask_border_frac,mask_score,selected_pixel_source_code,yolo_raw_best_score,yolo_selected_score,yolo_num_target_candidates,yolo_selected_class_id,yolo_selected_pixel_source,yolo_bbox_area,yolo_mask_area,yolo_inference_ms,detector_callback_ms,yolo_receive_stamp,yolo_start_stamp,yolo_finish_stamp,yolo_publish_stamp,yolo_latency_s,frame_age_at_publish_s,detector_total_latency_s,camera_relative_bearing_deg,seed
6.271,7.348000000000001,1,1,3.300000000004068,-1.0,-4.891722186024886e-12,0,nan,nan,nan,nan,0.0,nan,nan,967.1692482874996,299.41312218748993,nan,nan,1,6.271,967.1692482874996,299.41312218748993,0.0,1.0770000000000008,1.0,3.323759682968012,-1.071325851944384,0.07517911738068828,3.323759682968012,-1.021325851944384,0.0319267050555002,0.05,nan,nan,nan,nan,nan,nan,nan,299.41312218748993,0.9556519985198975,0.9556519985198975,1.0,0.0,291.0,518.0396690964699,956.0144653320312,276.05999755859375,978.0725708007812,299.54522705078125,nan,nan,nan,nan,nan,0.0,nan,3.0703261832112014,nan,nan,nan,1.0,0.9556519985198975,0.9556519985198975,291.0,0.0,bbox_bottom,518.0396690964699,nan,1397.4735570081975,1410.888647995307,1781599381.7364373,1781599381.750322,1781599383.1477032,1781599383.4587588,1.397381067276001,1781599377.187759,1781599377.187759,126.25383773719821,0
7.2940000000000005,7.587000000000001,1,1,3.300000000004068,-1.0,-4.891722097470217e-12,1,3.3118135545406306,-1.0042446796156002,-1.3452465257518244e-41,1.3160000000000007,0.0,0.012552982746241165,2.802750307359261e-10,967.6839407168495,299.6501271679343,nan,nan,1,6.271,967.1692482874996,299.41312218748993,0.0,1.3160000000000007,0.0,3.323759682968012,-1.071325851944384,0.07517911738068828,3.323759682968012,-1.021325851944384,0.0319267050555002,0.05,nan,nan,nan,nan,nan,nan,nan,299.6501271679343,0.9556519985198975,0.9556519985198975,1.0,0.0,291.0,518.0396690964699,956.0144653320312,276.05999755859375,978.0725708007812,299.54522705078125,nan,nan,nan,nan,nan,0.0,nan,3.0703261832112014,nan,nan,nan,1.0,0.9556519985198975,0.9556519985198975,291.0,0.0,bbox_bottom,518.0396690964699,nan,96.59075799572747,113.79130800196435,1781599383.4478257,1781599383.4786866,1781599383.5752032,1781599383.8867292,0.09651660919189453,1781599376.5927293,1781599376.5927293,126.25383773719821,0
7.525,7.812,1,1,3.300000000004068,-1.0,-4.8917219830778945e-12,1,3.3160236247667445,-1.0074868040737874,-1.3452465257518244e-41,0.5179999999999998,1.0,0.017686401153833863,2.8027502418172885e-10,966.5078486932451,299.9068221056907,nan,nan,1,7.525,966.5078486932451,299.9068221056907,0.0,0.2869999999999999,1.0,3.314941950496771,-1.0781154796840042,0.07953169211571239,3.314941950496771,-1.0281154796840042,0.03183931661308141,0.05,nan,nan,nan,nan,nan,nan,nan,299.9068221056907,0.9556519985198975,0.9556519985198975,1.0,0.0,291.0,518.0396690964699,956.0144653320312,276.05999755859375,978.0725708007812,299.54522705078125,nan,nan,nan,nan,nan,0.0,nan,3.0703261832112014,nan,nan,nan,1.0,0.9556519985198975,0.9556519985198975,291.0,0.0,bbox_bottom,518.0396690964699,nan,82.8963280073367,99.59444899868686,1781599383.8509052,1781599383.9062786,1781599383.989009,1781599384.2970953,0.08273029327392578,1781599376.7720952,1781599376.7720952,126.25383773719821,0
7.756,8.036000000000001,1,1,3.300000000004068,-1.0,-4.891721911702276e-12,1,3.3030482068242994,-1.010950202031174,-1.3452465257518244e-41,0.511000000000001,1.0,0.01136655133901363,2.8027502009220715e-10,968.3475181115364,300.4923080139105,nan,nan,1,7.525,966.5078486932451,299.9068221056907,0.0,0.511000000000001,1.0,3.314941950496771,-1.0781154796840042,0.07953169211571239,3.314941950496771,-1.0281154796840042,0.03183931661308141,0.05,nan,nan,nan,nan,nan,nan,nan,300.4923080139105,0.9556519985198975,0.9556519985198975,1.0,0.0,291.0,518.0396690964699,956.0144653320312,276.05999755859375,978.0725708007812,299.54522705078125,nan,nan,nan,nan,nan,0.0,nan,3.0703261832112014,nan,nan,nan,1.0,0.9556519985198975,0.9556519985198975,291.0,0.0,bbox_bottom,518.0396690964699,nan,90.89272598794196,102.43700200226158,1781599384.268276,1781599384.3099015,1781599384.4007301,1781599384.749153,0.09082865715026855,1781599376.9931529,1781599376.9931529,126.25383773719821,0
7.987,8.246,1,1,3.300000000004068,-1.0,-4.891721801318141e-12,1,3.319186134709786,-1.0189607477543348,-1.3452465257518244e-41,0.4900000000000002,1.0,0.026974390082992974,2.802750137676621e-10,966.3397828305992,298.2798055797352,nan,nan,1,7.987,966.3397828305992,298.2798055797352,0.0,0.25900000000000034,1.0,3.3201576640840402,-1.0557073953811225,0.05924225958983757,3.3201576640840402,-1.0057073953811224,0.020950078357787952,0.05,nan,nan,nan,nan,nan,nan,nan,298.2798055797352,0.9556519985198975,0.9556519985198975,1.0,0.0,291.0,518.0396690964699,956.0144653320312,276.05999755859375,978.0725708007812,299.54522705078125,nan,nan,nan,nan,nan,0.0,nan,3.0703261832112014,nan,nan,nan,1.0,0.9556519985198975,0.9556519985198975,291.0,0.0,bbox_bottom,518.0396690964699,nan,85.5658799991943,96.90021500864532,1781599384.7292924,1781599384.7620754,1781599384.8475919,1781599385.1482043,0.08551645278930664,1781599377.1612043,1781599377.1612043,126.25383773719821,0
8.185,8.471,1,1,3.300000000004068,-1.0,-4.891721678325567e-12,1,3.30818318432051,-0.9887573758756829,-1.3452465257518244e-41,0.484,1.0,0.013905434288706626,2.802750067207067e-10,966.4202436038689,299.58655303012847,nan,nan,1,8.185,966.4202436038689,299.58655303012847,0.0,0.2859999999999996,1.0,3.3154131354376055,-1.0737119650146953,0.0753061652869155,3.3154131354376055,-1.0237119650146953,0.02828112495553704,0.05,nan,nan,nan,nan,nan,nan,nan,299.58655303012847,0.9556519985198975,0.9556519985198975,1.0,0.0,291.0,518.0396690964699,956.0144653320312,276.05999755859375,978.0725708007812,299.54522705078125,nan,nan,nan,nan,nan,0.0,nan,3.0703261832112014,nan,nan,nan,1.0,0.9556519985198975,0.9556519985198975,291.0,0.0,bbox_bottom,518.0396690964699,nan,91.63752700260375,106.21550600626506,1781599385.1313686,1781599385.1635654,1781599385.2551541,1781599385.5326405,0.09158873558044434,1781599377.3476405,1781599377.3476405,126.25383773719821,0
8.416,8.696,1,1,3.300000000004068,-1.0,-4.891721610521363e-12,1,3.303505662426452,-1.006587543911885,-1.3452465257518244e-41,0.5109999999999992,1.0,0.007462265327012041,2.8027500283581197e-10,964.7184872917674,299.3264353868487,nan,nan,1,8.185,966.4202436038689,299.58655303012847,0.0,0.5109999999999992,1.0,3.3154131354376055,-1.0737119650146953,0.0753061652869155,3.3154131354376055,-1.0237119650146953,0.02828112495553704,0.05,nan,nan,nan,nan,nan,nan,nan,299.3264353868487,0.9556519985198975,0.9556519985198975,1.0,0.0,291.0,518.0396690964699,956.0144653320312,276.05999755859375,978.0725708007812,299.54522705078125,nan,nan,nan,nan,nan,0.0,nan,3.0703261832112014,nan,nan,nan,1.0,0.9556519985198975,0.9556519985198975,291.0,0.0,bbox_bottom,518.0396690964699,nan,70.5878680018941,81.68909999949392,1781599385.5063927,1781599385.5445583,1781599385.615081,1781599385.9305344,0.07052278518676758,1781599377.5145345,1781599377.5145345,126.25383773719821,0
8.647,8.911000000000001,1,1,3.300000000004068,-1.0,-4.891721521796908e-12,1,3.2873739224492615,-1.0029984583638183,-1.3452465257518244e-41,0.495000000000001,1.0,0.01297723341007408,2.8027499775227513e-10,965.7976071191532,298.8129596960778,nan,nan,1,8.416,964.7184872917674,299.3264353868487,0.0,0.495000000000001,1.0,3.2992286370451707,-1.0701328967879622,0.07013713861204574,3.2992286370451707,-1.0201328967879622,0.020147668199796614,0.05,nan,nan,nan,nan,nan,nan,nan,298.8129596960778,0.9556519985198975,0.9556519985198975,1.0,0.0,291.0,518.0396690964699,956.0144653320312,276.05999755859375,978.0725708007812,299.54522705078125,nan,nan,nan,nan,nan,0.0,nan,3.0703261832112014,nan,nan,nan,1.0,0.9556519985198975,0.9556519985198975,291.0,0.0,bbox_bottom,518.0396690964699,nan,69.27032499515917,81.78318799764384,1781599385.9180822,1781599385.9474022,1781599386.016586,1781599386.3046806,0.0691838264465332,1781599377.6576805,1781599377.6576805,126.25383773719821,0
8.845,9.123000000000001,1,1,3.300000000004068,-1.0,-4.891721434973058e-12,1,3.3004493371316257,-0.9960240905550495,-1.3452465257518244e-41,0.47600000000000087,1.0,0.004001219785096596,2.8027499277763497e-10,966.499259083549,299.2289268944121,nan,nan,1,8.845,966.499259083549,299.2289268944121,0.0,0.27800000000000047,1.0,3.317736704946285,-1.068790530716525,0.07104032529816033,3.317736704946285,-1.018790530716525,0.025839402988767534,0.05,nan,nan,nan,nan,nan,nan,nan,299.2289268944121,0.9556519985198975,0.9556519985198975,1.0,0.0,291.0,518.0396690964699,956.0144653320312,276.05999755859375,978.0725708007812,299.54522705078125,nan,nan,nan,nan,nan,0.0,nan,3.0703261832112014,nan,nan,nan,1.0,0.9556519985198975,0.9556519985198975,291.0,0.0,bbox_bottom,518.0396690964699,nan,66.45998299063649,76.78204200055916,1781599386.2733085,1781599386.3157132,1781599386.3820913,1781599386.6884432,0.06637811660766602,1781599377.8434432,1781599377.8434432,126.25383773719821,0
9.076,9.332,1,1,3.300000000004068,-1.0,-4.891721337211733e-12,1,3.3058069551241904,-1.001716459793812,-1.3452465257518244e-41,0.4870000000000001,1.0,0.006055325093740851,2.802749871763237e-10,967.4551486027804,300.58774042022395,nan,nan,1,8.845,966.499259083549,299.2289268944121,0.0,0.4870000000000001,1.0,3.317736704946285,-1.068790530716525,0.07104032529816033,3.317736704946285,-1.018790530716525,0.025839402988767534,0.05,nan,nan,nan,nan,nan,nan,nan,300.58774042022395,0.9556519985198975,0.9556519985198975,1.0,0.0,291.0,518.0396690964699,956.0144653320312,276.05999755859375,978.0725708007812,299.54522705078125,nan,nan,nan,nan,nan,0.0,nan,3.0703261832112014,nan,nan,nan,1.0,0.9556519985198975,0.9556519985198975,291.0,0.0,bbox_bottom,518.0396690964699,nan,73.29424799536355,82.75773099740036,1781599386.6854815,1781599386.6985376,1781599386.7716007,1781599387.0572233,0.07306313514709473,1781599377.9812233,1781599377.9812233,126.25383773719821,0
9.274000000000001,9.557,1,1,3.300000000004068,-1.0,-4.891721227209709e-12,1,3.3097670514396005,-1.0202337949437772,-1.3452465257518244e-41,0.48099999999999987,1.0,0.022467793651606255,2.80274980873672e-10,966.9149834034622,300.9116905213309,nan,nan,1,9.076,967.4551486027804,300.58774042022395,0.0,0.48099999999999987,1.0,3.321661426548079,-1.087465683971977,0.0901080644149419,3.321661426548079,-1.037465683971977,0.04327695547759361,0.05,nan,nan,nan,nan,nan,nan,nan,300.9116905213309,0.9556519985198975,0.9556519985198975,1.0,0.0,291.0,518.0396690964699,956.0144653320312,276.05999755859375,978.0725708007812,299.54522705078125,nan,nan,nan,nan,nan,0.0,nan,3.0703261832112014,nan,nan,nan,1.0,0.9556519985198975,0.9556519985198975,291.0,0.0,bbox_bottom,518.0396690964699,nan,73.50914599373937,83.82251199509483,1781599387.0172322,1781599387.0699236,1781599387.1433868,1781599387.4428985,0.07346320152282715,1781599378.1688986,1781599378.1688986,126.25383773719821,0
9.505,9.762,1,1,3.300000000004068,-1.0,-4.891721137060972e-12,1,3.302951315623686,-1.0246186524215597,-1.3452465257518244e-41,0.48799999999999955,1.0,0.024794925104548466,2.802749757085298e-10,966.3783233929196,299.89673712087426,nan,nan,1,9.505,966.3783233929196,299.89673712087426,0.0,0.2569999999999997,1.0,3.3136697324076247,-1.0779768768148696,0.07916599586808848,3.3136697324076247,-1.0279768768148696,0.031137874370278297,0.05,nan,nan,nan,nan,nan,nan,nan,299.89673712087426,0.9556519985198975,0.9556519985198975,1.0,0.0,291.0,518.0396690964699,956.0144653320312,276.05999755859375,978.0725708007812,299.54522705078125,nan,nan,nan,nan,nan,0.0,nan,3.0703261832112014,nan,nan,nan,1.0,0.9556519985198975,0.9556519985198975,291.0,0.0,bbox_bottom,518.0396690964699,nan,65.86615998821799,76.35256099456456,1781599387.4180233,1781599387.4559805,1781599387.5217867,1781599387.8042796,0.06580615043640137,1781599378.2992795,1781599378.2992795,126.25383773719821,0
9.703,9.985000000000001,1,1,3.300000000004068,-1.0,-4.891721042435602e-12,1,3.30178052203178,-1.0108095272322644,-1.3452465257518244e-41,0.4800000000000004,1.0,0.01095518770611585,2.8027497028689546e-10,967.946988248058,299.6392393485421,nan,nan,1,9.505,966.3783233929196,299.89673712087426,0.0,0.4800000000000004,1.0,3.3136697324076247,-1.0779768768148696,0.07916599586808848,3.3136697324076247,-1.0279768768148696,0.031137874370278297,0.05,nan,nan,nan,nan,nan,nan,nan,299.6392393485421,0.9556519985198975,0.9556519985198975,1.0,0.0,291.0,518.0396690964699,956.0144653320312,276.05999755859375,978.0725708007812,299.54522705078125,nan,nan,nan,nan,nan,0.0,nan,3.0703261832112014,nan,nan,nan,1.0,0.9556519985198975,0.9556519985198975,291.0,0.0,bbox_bottom,518.0396690964699,nan,87.32882598997094,99.20235299796332,1781599387.7750933,1781599387.8180685,1781599387.905346,1781599388.2164624,0.08727741241455078,1781599378.5134623,1781599378.5134623,126.25383773719821,0
9.934,10.212000000000002,1,1,3.300000000004068,-1.0,-4.891720956004651e-12,1,3.3187307565716413,-1.0073454927063659,-1.3452465257518244e-41,0.5090000000000021,1.0,0.020119580132124018,2.8027496533476676e-10,966.3000188170524,298.62350167452286,nan,nan,1,9.934,966.3000188170524,298.62350167452286,0.0,0.27800000000000225,1.0,3.3182886407406302,-1.0604487494281996,0.06315477565017784,3.3182886407406302,-1.0104487494281995,0.02106301841152732,0.05,nan,nan,nan,nan,nan,nan,nan,298.62350167452286,0.9556519985198975,0.9556519985198975,1.0,0.0,291.0,518.0396690964699,956.0144653320312,276.05999755859375,978.0725708007812,299.54522705078125,nan,nan,nan,nan,nan,0.0,nan,3.0703261832112014,nan,nan,nan,1.0,0.9556519985198975,0.9556519985198975,291.0,0.0,bbox_bottom,518.0396690964699,nan,66.18111500574742,76.99537600274198,1781599388.1926224,1781599388.228904,1781599388.2950265,1781599388.5927205,0.06612253189086914,1781599378.6587205,1781599378.6587205,126.25383773719821,0
10.165,10.449,1,1,3.300000000004068,-1.0,-4.8917208330497414e-12,1,3.3063341970318563,-0.9934511861957875,-1.3452465257518244e-41,0.5150000000000006,1.0,0.009110928285805123,2.802749582899694e-10,966.5857922407389,299.7654221742513,nan,nan,1,10.165,966.5857922407389,299.7654221742513,0.0,0.2840000000000007,1.0,3.3163341781963647,-1.0761717536995614,0.07790341095795707,3.3163341781963647,-1.0261717536995614,0.03085070613338049,0.05,nan,nan,nan,nan,nan,nan,nan,299.7654221742513,0.9556519985198975,0.9556519985198975,1.0,0.0,291.0,518.0396690964699,956.0144653320312,276.05999755859375,978.0725708007812,299.54522705078125,nan,nan,nan,nan,nan,0.0,nan,3.0703261832112014,nan,nan,nan,1.0,0.9556519985198975,0.9556519985198975,291.0,0.0,bbox_bottom,518.0396690964699,nan,78.99477299361024,90.16162699845154,1781599388.5869308,1781599388.6049635,1781599388.6838083,1781599388.9851878,0.07884478569030762,1781599378.8201878,1781599378.8201878,126.25383773719821,0
10.396,10.648000000000001,1,1,3.300000000004068,-1.0,-4.891720733538772e-12,1,3.3044298055306403,-1.0090275999589335,-1.3452465257518244e-41,0.4830000000000023,1.0,0.010055880768077247,2.802749525884108e-10,966.0338998828676,299.3360514759095,nan,nan,1,10.396,966.0338998828676,299.3360514759095,0.0,0.25200000000000067,1.0,3.3125528068717385,-1.0702652043665135,0.07137767091272271,3.3125528068717385,-1.0202652043665135,0.023838025679019402,0.05,nan,nan,nan,nan,nan,nan,nan,299.3360514759095,0.9556519985198975,0.9556519985198975,1.0,0.0,291.0,518.0396690964699,956.0144653320312,276.05999755859375,978.0725708007812,299.54522705078125,nan,nan,nan,nan,nan,0.0,nan,3.0703261832112014,nan,nan,nan,1.0,0.9556519985198975,0.9556519985198975,291.0,0.0,bbox_bottom,518.0396690964699,nan,75.8056589984335,85.84040999994613,1781599388.970236,1781599388.9960551,1781599389.0716817,1781599389.3735232,0.07562661170959473,1781599378.9775233,1781599378.9775233,126.25383773719821,0
10.594,10.841000000000001,1,1,3.300000000004068,-1.0,-4.891720629996324e-12,1,3.3006470455206385,-1.0031643380655477,-1.3452465257518244e-41,0.4450000000000003,1.0,0.003229814746016883,2.802749466558655e-10,966.8842930564917,300.0860726354671,nan,nan,1,10.594,966.8842930564917,300.0860726354671,0.0,0.24700000000000166,1.0,3.318001786735984,-1.0805784814597208,0.08256485935248697,3.318001786735984,-1.0305784814597208,0.035483909789140664,0.05,nan,nan,nan,nan,nan,nan,nan,300.0860726354671,0.9556519985198975,0.9556519985198975,1.0,0.0,291.0,518.0396690964699,956.0144653320312,276.05999755859375,978.0725708007812,299.54522705078125,nan,nan,nan,nan,nan,0.0,nan,3.0703261832112014,nan,nan,nan,1.0,0.9556519985198975,0.9556519985198975,291.0,0.0,bbox_bottom,518.0396690964699,nan,75.54062000417616,87.60286000324413,1781599389.3575432,1781599389.3869317,1781599389.4624157,1781599389.7411458,0.07548403739929199,1781599379.1471457,1781599379.1471457,126.25383773719821,0
10.792,11.072000000000001,1,1,3.300000000004068,-1.0,-4.891720517355361e-12,1,3.3061029006351053,-1.013399022366659,-1.3452465257518244e-41,0.47800000000000153,1.0,0.01472342339588654,2.8027494020201373e-10,967.2581771889126,299.90059975982115,nan,nan,1,10.792,967.2581771889126,299.90059975982115,0.0,0.28000000000000114,1.0,3.3225863530473774,-1.0780299324079554,0.08123308251806709,3.3225863530473774,-1.0280299324079554,0.03599750622739792,0.05,nan,nan,nan,nan,nan,nan,nan,299.90059975982115,0.9556519985198975,0.9556519985198975,1.0,0.0,291.0,518.0396690964699,956.0144653320312,276.05999755859375,978.0725708007812,299.54522705078125,nan,nan,nan,nan,nan,0.0,nan,3.0703261832112014,nan,nan,nan,1.0,0.9556519985198975,0.9556519985198975,291.0,0.0,bbox_bottom,518.0396690964699,nan,93.78416599065531,103.12525100016501,1781599389.725494,1781599389.751763,1781599389.8454995,1781599390.148555,0.09373641014099121,1781599379.356555,1781599379.356555,126.25383773719821,0
11.023,11.273000000000001,1,1,3.300000000004068,-1.0,-4.89172042258886e-12,1,3.310662885864484,-1.010885368841317,-1.3452465257518244e-41,0.48100000000000165,1.0,0.015237729151149062,2.8027493477229317e-10,966.3896894569879,299.4156134170885,nan,nan,1,10.792,967.2581771889126,299.90059975982115,0.0,0.48100000000000165,1.0,3.3225863530473774,-1.0780299324079554,0.08123308251806709,3.3225863530473774,-1.0280299324079554,0.03599750622739792,0.05,nan,nan,nan,nan,nan,nan,nan,299.4156134170885,0.9556519985198975,0.9556519985198975,1.0,0.0,291.0,518.0396690964699,956.0144653320312,276.05999755859375,978.0725708007812,299.54522705078125,nan,nan,nan,nan,nan,0.0,nan,3.0703261832112014,nan,nan,nan,1.0,0.9556519985198975,0.9556519985198975,291.0,0.0,bbox_bottom,518.0396690964699,nan,68.56422699638642,83.21383599832188,1781599390.1425314,1781599390.1639822,1781599390.2323506,1781599390.5131514,0.06836843490600586,1781599379.4901514,1781599379.4901514,126.25383773719821,0
11.221,11.481,1,1,3.300000000004068,-1.0,-4.891720330968671e-12,1,3.303913961103882,-1.0042579920231887,-1.3452465257518244e-41,0.4580000000000002,1.0,0.005783561840284397,2.802749295228431e-10,967.8274935364676,301.038658196002,nan,nan,1,11.023,966.3896894569879,299.4156134170885,0.0,0.4580000000000002,1.0,3.3158294016940997,-1.0713601632230125,0.07309475256869924,3.3158294016940997,-1.0213601632230125,0.026586209409731748,0.05,nan,nan,nan,nan,nan,nan,nan,301.038658196002,0.9556519985198975,0.9556519985198975,1.0,0.0,291.0,518.0396690964699,956.0144653320312,276.05999755859375,978.0725708007812,299.54522705078125,nan,nan,nan,nan,nan,0.0,nan,3.0703261832112014,nan,nan,nan,1.0,0.9556519985198975,0.9556519985198975,291.0,0.0,bbox_bottom,518.0396690964699,nan,79.89801801159047,94.3165240023518,1781599390.4844916,1781599390.5288322,1781599390.6086807,1781599390.8972635,0.0798485279083252,1781599379.6762636,1781599379.6762636,126.25383773719821,0
11.419,11.673,1,1,3.300000000004068,-1.0,-4.891720264576409e-12,1,3.3116349705597368,-1.026365938283641,-1.3452465257518244e-41,0.45199999999999996,1.0,0.028819008334917448,2.8027492571884665e-10,965.7844525343021,301.0591508255203,nan,nan,1,11.221,967.8274935364676,301.038658196002,0.0,0.45199999999999996,1.0,3.323519790396493,-1.0936486190735393,0.09655694897046228,3.323519790396493,-1.0436486190735392,0.049582078285712525,0.05,nan,nan,nan,nan,nan,nan,nan,301.0591508255203,0.9556519985198975,0.9556519985198975,1.0,0.0,291.0,518.0396690964699,956.0144653320312,276.05999755859375,978.0725708007812,299.54522705078125,nan,nan,nan,nan,nan,0.0,nan,3.0703261832112014,nan,nan,nan,1.0,0.9556519985198975,0.9556519985198975,291.0,0.0,bbox_bottom,518.0396690964699,nan,73.6916810128605,86.4114830037579,1781599390.839391,1781599390.9108129,1781599390.984427,1781599391.2316656,0.07361412048339844,1781599379.8126657,1781599379.8126657,126.25383773719821,0
11.617,11.866000000000001,1,1,3.300000000004068,-1.0,-4.891720199581965e-12,1,3.290916892437139,-1.0265900455734083,-1.3452465257518244e-41,0.44700000000000095,1.0,0.028098636384499755,2.802749219949393e-10,968.3893934901886,300.32653845148167,nan,nan,1,11.617,968.3893934901886,300.32653845148167,0.0,0.24900000000000055,1.0,3.3322526730843487,-1.0838808018724038,0.08986781316790184,3.3322526730843487,-1.0338808018724037,0.04677759780429656,0.05,nan,nan,nan,nan,nan,nan,nan,300.32653845148167,0.9556519985198975,0.9556519985198975,1.0,0.0,291.0,518.0396690964699,956.0144653320312,276.05999755859375,978.0725708007812,299.54522705078125,nan,nan,nan,nan,nan,0.0,nan,3.0703261832112014,nan,nan,nan,1.0,0.9556519985198975,0.9556519985198975,291.0,0.0,bbox_bottom,518.0396690964699,nan,57.28811699373182,67.70567799685523,1781599391.1944945,1781599391.24279,1781599391.3000464,1781599391.5612674,0.057256460189819336,1781599379.9442673,1781599379.9442673,126.25383773719821,0
11.815,12.065000000000001,1,1,3.300000000004068,-1.0,-4.891720117905662e-12,1,3.3203077398406537,-1.0167088057604312,-1.3452465257518244e-41,0.4480000000000004,1.0,0.02629807002824097,2.802749173152319e-10,967.3079736967355,299.2313042362448,nan,nan,1,11.815,967.3079736967355,299.2313042362448,0.0,0.2500000000000018,1.0,3.3259443939798716,-1.0688232309554078,0.07355099386081133,3.3259443939798716,-1.0188232309554077,0.03205348034726227,0.05,nan,nan,nan,nan,nan,nan,nan,299.2313042362448,0.9556519985198975,0.9556519985198975,1.0,0.0,291.0,518.0396690964699,956.0144653320312,276.05999755859375,978.0725708007812,299.54522705078125,nan,nan,nan,nan,nan,0.0,nan,3.0703261832112014,nan,nan,nan,1.0,0.9556519985198975,0.9556519985198975,291.0,0.0,bbox_bottom,518.0396690964699,nan,75.40999200136866,85.81562900508288,1781599391.5438564,1781599391.5725217,1781599391.6477945,1781599391.918957,0.07527279853820801,1781599380.103957,1781599380.103957,126.25383773719821,0
12.013,12.262,1,1,3.300000000004068,-1.0,-4.891720035028048e-12,1,3.3139830673476314,-1.0017702796239336,-1.3452465257518244e-41,0.44700000000000095,1.0,0.014094682056773736,2.802749125666944e-10,968.5015387499432,301.5054853672312,nan,nan,1,12.013,968.5015387499432,301.5054853672312,0.0,0.24900000000000055,1.0,3.328365188330435,-1.100042179009799,0.10398567925353433,3.328365188330435,-1.050042179009799,0.05752220083445191,0.05,nan,nan,nan,nan,nan,nan,nan,301.5054853672312,0.9556519985198975,0.9556519985198975,1.0,0.0,291.0,518.0396690964699,956.0144653320312,276.05999755859375,978.0725708007812,299.54522705078125,nan,nan,nan,nan,nan,0.0,nan,3.0703261832112014,nan,nan,nan,1.0,0.9556519985198975,0.9556519985198975,291.0,0.0,bbox_bottom,518.0396690964699,nan,58.968562007066794,70.12802000099327,1781599391.893545,1781599391.9312744,1781599391.9901779,1781599392.2686515,0.05890345573425293,1781599380.2556515,1781599380.2556515,126.25383773719821,0
12.211,12.496,1,1,3.300000000004068,-1.0,-4.891719939559552e-12,1,3.3164789695280774,-1.032714604217244,-1.3452465257518244e-41,0.48300000000000054,1.0,0.03663061241180853,2.802749070967525e-10,968.8451529362724,300.8603308155156,nan,nan,1,12.013,968.5015387499432,301.5054853672312,0.0,0.48300000000000054,1.0,3.328365188330435,-1.100042179009799,0.10398567925353433,3.328365188330435,-1.050042179009799,0.05752220083445191,0.05,nan,nan,nan,nan,nan,nan,nan,300.8603308155156,0.9556519985198975,0.9556519985198975,1.0,0.0,291.0,518.0396690964699,956.0144653320312,276.05999755859375,978.0725708007812,299.54522705078125,nan,nan,nan,nan,nan,0.0,nan,3.0703261832112014,nan,nan,nan,1.0,0.9556519985198975,0.9556519985198975,291.0,0.0,bbox_bottom,518.0396690964699,nan,84.39234299294185,97.90747900842689,1781599392.2344418,1781599392.2862983,1781599392.3705308,1781599392.6663644,0.08423256874084473,1781599380.4553645,1781599380.4553645,126.25383773719821,0
12.442,12.694,1,1,3.300000000004068,-1.0,-4.891719849607039e-12,1,3.3226635949852126,-1.0239724420257796,-1.3452465257518244e-41,0.48300000000000054,1.0,0.03298964252835611,2.802749019428531e-10,967.4008984770652,298.3369084184991,nan,nan,1,12.442,967.4008984770652,298.3369084184991,0.0,0.25200000000000067,1.0,3.3307092100806446,-1.0564953900544285,0.064302291412743,3.3307092100806446,-1.0064953900544285,0.03138862334487565,0.05,nan,nan,nan,nan,nan,nan,nan,298.3369084184991,0.9556519985198975,0.9556519985198975,1.0,0.0,291.0,518.0396690964699,956.0144653320312,276.05999755859375,978.0725708007812,299.54522705078125,nan,nan,nan,nan,nan,0.0,nan,3.0703261832112014,nan,nan,nan,1.0,0.9556519985198975,0.9556519985198975,291.0,0.0,bbox_bottom,518.0396690964699,nan,63.343884990899824,74.74777899915352,1781599392.6424155,1781599392.6793404,1781599392.742644,1781599393.0117319,0.06330370903015137,1781599380.569732,1781599380.569732,126.25383773719821,0
12.64,12.89,1,1,3.300000000004068,-1.0,-4.891719784853819e-12,1,3.3186961539782507,-0.9895658083684291,-1.3452465257518244e-41,0.4480000000000004,1.0,0.021410710600787784,2.8027489823276695e-10,967.0390639332861,300.2017019858576,nan,nan,1,12.442,967.4008984770652,298.3369084184991,0.0,0.4480000000000004,1.0,3.3307092100806446,-1.0564953900544285,0.064302291412743,3.3307092100806446,-1.0064953900544285,0.03138862334487565,0.05,nan,nan,nan,nan,nan,nan,nan,300.2017019858576,0.9556519985198975,0.9556519985198975,1.0,0.0,291.0,518.0396690964699,956.0144653320312,276.05999755859375,978.0725708007812,299.54522705078125,nan,nan,nan,nan,nan,0.0,nan,3.0703261832112014,nan,nan,nan,1.0,0.9556519985198975,0.9556519985198975,291.0,0.0,bbox_bottom,518.0396690964699,nan,64.62725199526176,79.29947000229731,1781599392.9824693,1781599393.0277948,1781599393.0923517,1781599393.3598864,0.06455683708190918,1781599380.7198863,1781599380.7198863,126.25383773719821,0
12.838000000000001,13.091000000000001,1,1,3.300000000004068,-1.0,-4.891719718744575e-12,1,3.3071823586569766,-1.0149757606012444,-1.3452465257518244e-41,0.4510000000000005,1.0,0.016609024095496805,2.8027489444498626e-10,965.7551566026567,299.94034911096327,nan,nan,1,12.838000000000001,965.7551566026567,299.94034911096327,0.0,0.2530000000000001,1.0,3.307157962686168,-1.0785762760605864,0.07890163236149053,3.307157962686168,-1.0285762760605863,0.029459123938928848,0.05,nan,nan,nan,nan,nan,nan,nan,299.94034911096327,0.9556519985198975,0.9556519985198975,1.0,0.0,291.0,518.0396690964699,956.0144653320312,276.05999755859375,978.0725708007812,299.54522705078125,nan,nan,nan,nan,nan,0.0,nan,3.0703261832112014,nan,nan,nan,1.0,0.9556519985198975,0.9556519985198975,291.0,0.0,bbox_bottom,518.0396690964699,nan,63.36175299657043,72.17699399916455,1781599393.3303666,1781599393.3698213,1781599393.4331324,1781599393.6965797,0.06331110000610352,1781599380.8585796,1781599380.8585796,126.25383773719821,0
13.036,13.282,1,1,3.300000000004068,-1.0,-4.891719613159907e-12,1,3.295295496092868,-1.0113865432769655,-1.3452465257518244e-41,0.44399999999999906,1.0,0.012320134936302704,2.8027488839543037e-10,967.4733817612284,300.2412697747441,nan,nan,1,13.036,967.4733817612284,300.2412697747441,0.0,0.24600000000000044,1.0,3.3233205393605236,-1.082710052971077,0.0859348614844659,3.3233205393605236,-1.0327100529710769,0.04017206891917126,0.05,nan,nan,nan,nan,nan,nan,nan,300.2412697747441,0.9556519985198975,0.9556519985198975,1.0,0.0,291.0,518.0396690964699,956.0144653320312,276.05999755859375,978.0725708007812,299.54522705078125,nan,nan,nan,nan,nan,0.0,nan,3.0703261832112014,nan,nan,nan,1.0,0.9556519985198975,0.9556519985198975,291.0,0.0,bbox_bottom,518.0396690964699,nan,68.49141699785832,81.36325699160807,1781599393.6767066,1781599393.7139373,1781599393.782255,1781599394.0484548,0.06831765174865723,1781599381.0124547,1781599381.0124547,126.25383773719821,0
13.234,13.485000000000001,1,1,3.300000000004068,-1.0,-4.891719521973364e-12,1,3.3114068994129573,-1.015525288491582,-1.3452465257518244e-41,0.4490000000000016,1.0,0.01926530396519514,2.8027488317082635e-10,965.8594000996491,298.88352447874223,nan,nan,1,13.036,967.4733817612284,300.2412697747441,0.0,0.4490000000000016,1.0,3.3233205393605236,-1.082710052971077,0.0859348614844659,3.3233205393605236,-1.0327100529710769,0.04017206891917126,0.05,nan,nan,nan,nan,nan,nan,nan,298.88352447874223,0.9556519985198975,0.9556519985198975,1.0,0.0,291.0,518.0396690964699,956.0144653320312,276.05999755859375,978.0725708007812,299.54522705078125,nan,nan,nan,nan,nan,0.0,nan,3.0703261832112014,nan,nan,nan,1.0,0.9556519985198975,0.9556519985198975,291.0,0.0,bbox_bottom,518.0396690964699,nan,68.12839099438861,78.31676499336027,1781599394.0225651,1781599394.060004,1781599394.1280448,1781599394.4156504,0.06804084777832031,1781599381.1816504,1781599381.1816504,126.25383773719821,0
13.432,13.680000000000001,1,1,3.300000000004068,-1.0,-4.89171946338832e-12,1,3.3007789913808376,-0.996988657542335,-1.3452465257518244e-41,0.4460000000000015,1.0,0.0031104679651809755,2.8027487981415054e-10,966.607082819263,298.3754251430084,nan,nan,1,13.432,966.607082819263,298.3754251430084,0.0,0.2480000000000011,1.0,3.3224692268612386,-1.057026895479545,0.06129382484063087,3.3224692268612386,-1.007026895479545,0.02354237489378332,0.05,nan,nan,nan,nan,nan,nan,nan,298.3754251430084,0.9556519985198975,0.9556519985198975,1.0,0.0,291.0,518.0396690964699,956.0144653320312,276.05999755859375,978.0725708007812,299.54522705078125,nan,nan,nan,nan,nan,0.0,nan,3.0703261832112014,nan,nan,nan,1.0,0.9556519985198975,0.9556519985198975,291.0,0.0,bbox_bottom,518.0396690964699,nan,59.34530800732318,68.14762999420054,1781599394.3882802,1781599394.4253793,1781599394.48467,1781599394.7772858,0.05929064750671387,1781599381.345286,1781599381.345286,126.25383773719821,0
13.63,13.883000000000001,1,1,3.300000000004068,-1.0,-4.891719393449206e-12,1,3.31048939833628,-0.9900710326600055,-1.3452465257518244e-41,0.4510000000000005,1.0,0.014443402293451707,2.802748758069345e-10,968.7828859435364,299.0493163223391,nan,nan,1,13.63,968.7828859435364,299.0493163223391,0.0,0.2530000000000001,1.0,3.341711766598924,-1.0663170515911293,0.07834425827209192,3.341711766598924,-1.0163170515911293,0.044789704677429036,0.05,nan,nan,nan,nan,nan,nan,nan,299.0493163223391,0.9556519985198975,0.9556519985198975,1.0,0.0,291.0,518.0396690964699,956.0144653320312,276.05999755859375,978.0725708007812,299.54522705078125,nan,nan,nan,nan,nan,0.0,nan,3.0703261832112014,nan,nan,nan,1.0,0.9556519985198975,0.9556519985198975,291.0,0.0,bbox_bottom,518.0396690964699,nan,62.194141995860264,72.13975800550543,1781599394.7500517,1781599394.7887752,1781599394.850918,1781599395.1478064,0.06214284896850586,1781599381.5178063,1781599381.5178063,126.25383773719821,0
13.828,14.081000000000001,1,1,3.300000000004068,-1.0,-4.891719278676424e-12,1,3.3296828302279393,-0.9993277904429174,-1.3452465257518244e-41,0.4510000000000005,1.0,0.029690440814979395,2.802748692309385e-10,967.3724876958664,299.28665450530735,nan,nan,1,13.828,967.3724876958664,299.28665450530735,0.0,0.2530000000000019,1.0,3.326363827985078,-1.0695852155989551,0.07441205316187258,3.326363827985078,-1.019585215598955,0.03284253485755681,0.05,nan,nan,nan,nan,nan,nan,nan,299.28665450530735,0.9556519985198975,0.9556519985198975,1.0,0.0,291.0,518.0396690964699,956.0144653320312,276.05999755859375,978.0725708007812,299.54522705078125,nan,nan,nan,nan,nan,0.0,nan,3.0703261832112014,nan,nan,nan,1.0,0.9556519985198975,0.9556519985198975,291.0,0.0,bbox_bottom,518.0396690964699,nan,60.55780200404115,68.31396499183029,1781599395.1281538,1781599395.1572855,1781599395.2177837,1781599395.5324569,0.06049823760986328,1781599381.7044568,1781599381.7044568,126.25383773719821,0
14.026,14.311000000000002,1,1,3.300000000004068,-1.0,-4.8917191706168766e-12,1,3.3144029443449066,-1.0025265014709932,-1.3452465257518244e-41,0.4830000000000023,1.0,0.01462285934310458,2.802748630395825e-10,968.6269909452084,300.86558803786306,nan,nan,1,14.026,968.6269909452084,300.86558803786306,0.0,0.2850000000000019,1.0,3.3323630994405575,-1.0912763088171031,0.09684386793396514,3.3323630994405575,-1.041276308817103,0.052450966384814716,0.05,nan,nan,nan,nan,nan,nan,nan,300.86558803786306,0.9556519985198975,0.9556519985198975,1.0,0.0,291.0,518.0396690964699,956.0144653320312,276.05999755859375,978.0725708007812,299.54522705078125,nan,nan,nan,nan,nan,0.0,nan,3.0703261832112014,nan,nan,nan,1.0,0.9556519985198975,0.9556519985198975,291.0,0.0,bbox_bottom,518.0396690964699,nan,91.47016100178007,101.89654699934181,1781599395.51088,1781599395.5453525,1781599395.636758,1781599395.9050841,0.09140563011169434,1781599381.879084,1781599381.879084,126.25383773719821,0
14.257,14.512,1,1,3.300000000004068,-1.0,-4.891719084931176e-12,1,3.3204377450182663,-1.0240380486404985,-1.3452465257518244e-41,0.48600000000000065,1.0,0.03155200791880533,2.8027485813015346e-10,967.6768706892311,297.3417171701346,nan,nan,1,14.257,967.6768706892311,297.3417171701346,0.0,0.2550000000000008,1.0,3.337781777920094,-1.0427449128144988,0.05704901676641751,3.337781777920094,-0.9927449128144987,0.03847205521628795,0.05,nan,nan,nan,nan,nan,nan,nan,297.3417171701346,0.9556519985198975,0.9556519985198975,1.0,0.0,291.0,518.0396690964699,956.0144653320312,276.05999755859375,978.0725708007812,299.54522705078125,nan,nan,nan,nan,nan,0.0,nan,3.0703261832112014,nan,nan,nan,1.0,0.9556519985198975,0.9556519985198975,291.0,0.0,bbox_bottom,518.0396690964699,nan,67.59181300003547,79.55210898944642,1781599395.8907099,1781599395.9201415,1781599395.9876215,1781599396.2552853,0.06748008728027344,1781599381.9982853,1781599381.9982853,126.25383773719821,0
14.455,14.71,1,1,3.300000000004068,-1.0,-4.891718982761705e-12,1,3.3257042408100412,-0.9759575240026745,-1.3452465257518244e-41,0.4530000000000012,1.0,0.03519586122676108,2.80274852276274e-10,967.0955470406661,300.2289132415578,nan,nan,1,14.257,967.6768706892311,297.3417171701346,0.0,0.4530000000000012,1.0,3.337781777920094,-1.0427449128144988,0.05704901676641751,3.337781777920094,-0.9927449128144987,0.03847205521628795,0.05,nan,nan,nan,nan,nan,nan,nan,300.2289132415578,0.9556519985198975,0.9556519985198975,1.0,0.0,291.0,518.0396690964699,956.0144653320312,276.05999755859375,978.0725708007812,299.54522705078125,nan,nan,nan,nan,nan,0.0,nan,3.0703261832112014,nan,nan,nan,1.0,0.9556519985198975,0.9556519985198975,291.0,0.0,bbox_bottom,518.0396690964699,nan,79.56568099325523,89.91339200292714,1781599396.2299604,1781599396.2689822,1781599396.3484943,1781599396.6215785,0.07951211929321289,1781599382.1665785,1781599382.1665785,126.25383773719821,0
14.653,14.943000000000001,1,1,3.300000000004068,-1.0,-4.891718879495261e-12,1,3.3076391441306012,-1.0153472796738943,-1.3452465257518244e-41,0.4880000000000013,1.0,0.01714338112434864,2.802748463595426e-10,968.0474796422484,298.92732000607367,nan,nan,1,14.653,968.0474796422484,298.92732000607367,0.0,0.2900000000000009,1.0,3.334759026640702,-1.0646364335039011,0.07338977087326588,3.334759026640702,-1.014636433503901,0.0377149190432692,0.05,nan,nan,nan,nan,nan,nan,nan,298.92732000607367,0.9556519985198975,0.9556519985198975,1.0,0.0,291.0,518.0396690964699,956.0144653320312,276.05999755859375,978.0725708007812,299.54522705078125,nan,nan,nan,nan,nan,0.0,nan,3.0703261832112014,nan,nan,nan,1.0,0.9556519985198975,0.9556519985198975,291.0,0.0,bbox_bottom,518.0396690964699,nan,88.38948399352375,99.1500329982955,1781599396.5838468,1781599396.6344376,1781599396.7227788,1781599397.00924,0.08834123611450195,1781599382.3562398,1781599382.3562398,126.25383773719821,0
14.884,15.148000000000001,1,1,3.300000000004068,-1.0,-4.891718769088138e-12,1,3.32275236786855,-0.997644156539305,-1.3452465257518244e-41,0.495000000000001,1.0,0.02287400799711359,2.802748400336804e-10,968.8655294297346,298.22479608076793,nan,nan,1,14.653,968.0474796422484,298.92732000607367,0.0,0.495000000000001,1.0,3.334759026640702,-1.0646364335039011,0.07338977087326588,3.334759026640702,-1.014636433503901,0.0377149190432692,0.05,nan,nan,nan,nan,nan,nan,nan,298.22479608076793,0.9556519985198975,0.9556519985198975,1.0,0.0,291.0,518.0396690964699,956.0144653320312,276.05999755859375,978.0725708007812,299.54522705078125,nan,nan,nan,nan,nan,0.0,nan,3.0703261832112014,nan,nan,nan,1.0,0.9556519985198975,0.9556519985198975,291.0,0.0,bbox_bottom,518.0396690964699,nan,77.61264599685092,87.93261599203106,1781599396.974978,1781599397.0210173,1781599397.0985842,1781599397.3523874,0.07756686210632324,1781599382.4683874,1781599382.4683874,126.25383773719821,0
15.082,15.369000000000002,1,1,3.300000000004068,-1.0,-4.891718668413972e-12,1,3.3340143273367797,-0.9880725197304325,-1.3452465257518244e-41,0.4850000000000012,1.0,0.036044961499185596,2.802748342654756e-10,966.381990044591,300.4802770388953,nan,nan,1,15.082,966.381990044591,300.4802770388953,0.0,0.2870000000000008,1.0,3.3112309658681394,-1.0859911410017948,0.08672145596696641,3.3112309658681394,-1.0359911410017948,0.037702742935375504,0.05,nan,nan,nan,nan,nan,nan,nan,300.4802770388953,0.9556519985198975,0.9556519985198975,1.0,0.0,291.0,518.0396690964699,956.0144653320312,276.05999755859375,978.0725708007812,299.54522705078125,nan,nan,nan,nan,nan,0.0,nan,3.0703261832112014,nan,nan,nan,1.0,0.9556519985198975,0.9556519985198975,291.0,0.0,bbox_bottom,518.0396690964699,nan,77.51531699614134,85.1521589938784,1781599397.3146572,1781599397.3625822,1781599397.4400373,1781599397.7272606,0.07745504379272461,1781599382.6452606,1781599382.6452606,126.25383773719821,0
15.313,15.564000000000002,1,1,3.300000000004068,-1.0,-4.891718583189165e-12,1,3.29937284283823,-1.0187453083138698,-1.3452465257518244e-41,0.4820000000000011,1.0,0.018755796701092113,2.8027482938245385e-10,967.0925726802316,301.5476196344265,nan,nan,1,15.082,966.381990044591,300.4802770388953,0.0,0.4820000000000011,1.0,3.3112309658681394,-1.0859911410017948,0.08672145596696641,3.3112309658681394,-1.0359911410017948,0.037702742935375504,0.05,nan,nan,nan,nan,nan,nan,nan,301.5476196344265,0.9556519985198975,0.9556519985198975,1.0,0.0,291.0,518.0396690964699,956.0144653320312,276.05999755859375,978.0725708007812,299.54522705078125,nan,nan,nan,nan,nan,0.0,nan,3.0703261832112014,nan,nan,nan,1.0,0.9556519985198975,0.9556519985198975,291.0,0.0,bbox_bottom,518.0396690964699,nan,66.23625100473873,81.46910200593993,1781599397.706099,1781599397.7441413,1781599397.8102605,1781599398.0653777,0.06611919403076172,1781599382.7523777,1781599382.7523777,126.25383773719821,0
15.511,15.775,1,1,3.300000000004068,-1.0,-4.891718478153935e-12,1,3.302082078882507,-1.0332484436646496,-1.3452465257518244e-41,0.46199999999999974,1.0,0.0333135716874883,2.802748233643785e-10,967.2320372589187,298.91203296058904,nan,nan,1,15.313,967.0925726802316,301.5476196344265,0.0,0.46199999999999974,1.0,3.313910973239768,-1.1006189195928835,0.10157599202766127,3.313910973239768,-1.0506189195928834,0.052495620742259566,0.05,nan,nan,nan,nan,nan,nan,nan,298.91203296058904,0.9556519985198975,0.9556519985198975,1.0,0.0,291.0,518.0396690964699,956.0144653320312,276.05999755859375,978.0725708007812,299.54522705078125,nan,nan,nan,nan,nan,0.0,nan,3.0703261832112014,nan,nan,nan,1.0,0.9556519985198975,0.9556519985198975,291.0,0.0,bbox_bottom,518.0396690964699,nan,83.00564999808557,100.77756099053659,1781599398.048123,1781599398.0848947,1781599398.1677902,1781599398.4363363,0.08289551734924316,1781599382.9253364,1781599382.9253364,126.25383773719821,0
15.709,15.992,1,1,3.300000000004068,-1.0,-4.8917183927145344e-12,1,3.314559370554796,-0.9974139909130788,-1.3452465257518244e-41,0.48100000000000165,1.0,0.014787248352247533,2.8027481846906143e-10,966.6659545611734,298.45408093316206,nan,nan,1,15.709,966.6659545611734,298.45408093316206,0.0,0.28300000000000125,1.0,3.3227325586936645,-1.0581120675298734,0.06240017321428291,3.3227325586936645,-1.0081120675298734,0.024136587666552366,0.05,nan,nan,nan,nan,nan,nan,nan,298.45408093316206,0.9556519985198975,0.9556519985198975,1.0,0.0,291.0,518.0396690964699,956.0144653320312,276.05999755859375,978.0725708007812,299.54522705078125,nan,nan,nan,nan,nan,0.0,nan,3.0703261832112014,nan,nan,nan,1.0,0.9556519985198975,0.9556519985198975,291.0,0.0,bbox_bottom,518.0396690964699,nan,69.6788880013628,79.2364090011688,1781599398.376962,1781599398.44678,1781599398.516342,1781599398.7845445,0.06956195831298828,1781599383.0755444,1781599383.0755444,126.25383773719821,0
15.94,16.199,1,1,3.300000000004068,-1.0,-4.891718345531154e-12,1,3.3107546496248927,-0.991147126279804,-1.3452465257518244e-41,0.490000000000002,1.0,0.013929675573122333,2.8027481576565285e-10,965.7658379000196,300.17563854154946,nan,nan,1,15.94,965.7658379000196,300.17563854154946,0.0,0.2590000000000021,1.0,3.306269607649231,-1.0818087916536772,0.08204868293799139,3.306269607649231,-1.0318087916536771,0.032420783557639714,0.05,nan,nan,nan,nan,nan,nan,nan,300.17563854154946,0.9556519985198975,0.9556519985198975,1.0,0.0,291.0,518.0396690964699,956.0144653320312,276.05999755859375,978.0725708007812,299.54522705078125,nan,nan,nan,nan,nan,0.0,nan,3.0703261832112014,nan,nan,nan,1.0,0.9556519985198975,0.9556519985198975,291.0,0.0,bbox_bottom,518.0396690964699,nan,63.65310099499766,85.41962900198996,1781599398.7661839,1781599398.8072286,1781599398.8707795,1781599399.143716,0.06355094909667969,1781599383.203716,1781599383.203716,126.25383773719821,0
16.138,16.39,1,1,3.300000000004068,-1.0,-4.891718207377744e-12,1,3.2944193122843433,-1.0145876517439425,-1.3452465257518244e-41,0.45000000000000107,1.0,0.015618695810714687,2.8027480785004553e-10,967.624683878819,300.8397858702224,nan,nan,1,16.138,967.624683878819,300.8397858702224,0.0,0.2519999999999989,1.0,3.322309106060851,-1.09092258465238,0.09361950978787484,3.322309106060851,-1.04092258465238,0.04660852011900816,0.05,nan,nan,nan,nan,nan,nan,nan,300.8397858702224,0.9556519985198975,0.9556519985198975,1.0,0.0,291.0,518.0396690964699,956.0144653320312,276.05999755859375,978.0725708007812,299.54522705078125,nan,nan,nan,nan,nan,0.0,nan,3.0703261832112014,nan,nan,nan,1.0,0.9556519985198975,0.9556519985198975,291.0,0.0,bbox_bottom,518.0396690964699,nan,70.02998099778779,80.76314000936691,1781599399.1034503,1781599399.1565235,1781599399.2265031,1781599399.5077448,0.06997966766357422,1781599383.3697448,1781599383.3697448,126.25383773719821,0
16.336,16.588,1,1,3.300000000004068,-1.0,-4.891718109052341e-12,1,3.310421583121153,-1.023661276770806,-1.3452465257518244e-41,0.4499999999999993,1.0,0.025854698085473575,2.8027480221641493e-10,966.2889122751463,301.23433450322494,nan,nan,1,16.336,966.2889122751463,301.23433450322494,0.0,0.25200000000000244,1.0,3.307093538882512,-1.0963295551401395,0.09659037989011729,3.307093538882512,-1.0463295551401395,0.046869456720802935,0.05,nan,nan,nan,nan,nan,nan,nan,301.23433450322494,0.9556519985198975,0.9556519985198975,1.0,0.0,291.0,518.0396690964699,956.0144653320312,276.05999755859375,978.0725708007812,299.54522705078125,nan,nan,nan,nan,nan,0.0,nan,3.0703261832112014,nan,nan,nan,1.0,0.9556519985198975,0.9556519985198975,291.0,0.0,bbox_bottom,518.0396690964699,nan,74.94307799788658,87.7720610005781,1781599399.4929967,1781599399.5225217,1781599399.5973122,1781599399.878245,0.07479047775268555,1781599383.5422451,1781599383.5422451,126.25383773719821,0
16.534,16.798000000000002,1,1,3.300000000004068,-1.0,-4.891717996710749e-12,1,3.295279343456157,-1.028979892516378,-1.3452465257518244e-41,0.4620000000000033,1.0,0.029361859077792683,2.802747957797158e-10,966.7561303585976,301.11963532962585,nan,nan,1,16.336,966.2889122751463,301.23433450322494,0.0,0.4620000000000033,1.0,3.307093538882512,-1.0963295551401395,0.09659037989011729,3.307093538882512,-1.0463295551401395,0.046869456720802935,0.05,nan,nan,nan,nan,nan,nan,nan,301.11963532962585,0.9556519985198975,0.9556519985198975,1.0,0.0,291.0,518.0396690964699,956.0144653320312,276.05999755859375,978.0725708007812,299.54522705078125,nan,nan,nan,nan,nan,0.0,nan,3.0703261832112014,nan,nan,nan,1.0,0.9556519985198975,0.9556519985198975,291.0,0.0,bbox_bottom,518.0396690964699,nan,76.07854501111433,89.22550099669024,1781599399.8586752,1781599399.8924582,1781599399.96845,1781599400.269483,0.07599186897277832,1781599383.7354832,1781599383.7354832,126.25383773719821,0
16.732,16.996000000000002,1,1,3.300000000004068,-1.0,-4.891717954152091e-12,1,3.3004764510638496,-1.027436355825454,-1.3452465257518244e-41,0.4620000000000033,1.0,0.027440492462659827,2.8027479334128435e-10,966.6107322192237,298.80974375843897,nan,nan,1,16.534,966.7561303585976,301.11963532962585,0.0,0.4620000000000033,1.0,3.3123150414127007,-1.0947582554229593,0.09555515274279634,3.3123150414127007,-1.0447582554229593,0.04642156474531208,0.05,nan,nan,nan,nan,nan,nan,nan,298.80974375843897,0.9556519985198975,0.9556519985198975,1.0,0.0,291.0,518.0396690964699,956.0144653320312,276.05999755859375,978.0725708007812,299.54522705078125,nan,nan,nan,nan,nan,0.0,nan,3.0703261832112014,nan,nan,nan,1.0,0.9556519985198975,0.9556519985198975,291.0,0.0,bbox_bottom,518.0396690964699,nan,68.56598499871325,75.44785100617446,1781599400.2247727,1781599400.2768364,1781599400.3452985,1781599400.6152828,0.06846213340759277,1781599383.8832827,1781599383.8832827,126.25383773719821,0
16.93,17.183,1,1,3.300000000004068,-1.0,-4.891717865118671e-12,1,3.308698030928723,-0.9960017403141332,-1.3452465257518244e-41,0.4510000000000005,1.0,0.009572973544404945,2.8027478824004513e-10,967.2933034379649,300.57668013565075,nan,nan,1,16.93,967.2933034379649,300.57668013565075,0.0,0.2530000000000001,1.0,3.320066695762807,-1.087313942551419,0.08959016041143307,3.320066695762807,-1.037313942551419,0.042367470863911565,0.05,nan,nan,nan,nan,nan,nan,nan,300.57668013565075,0.9556519985198975,0.9556519985198975,1.0,0.0,291.0,518.0396690964699,956.0144653320312,276.05999755859375,978.0725708007812,299.54522705078125,nan,nan,nan,nan,nan,0.0,nan,3.0703261832112014,nan,nan,nan,1.0,0.9556519985198975,0.9556519985198975,291.0,0.0,bbox_bottom,518.0396690964699,nan,66.01582099392544,73.51008600380737,1781599400.5625012,1781599400.6233613,1781599400.6893306,1781599400.9663742,0.06596922874450684,1781599384.036374,1781599384.036374,126.25383773719821,0
17.128,17.379,1,1,3.300000000004068,-1.0,-4.89171777605478e-12,1,3.3081780626651556,-1.0200792583916443,-1.3452465257518244e-41,0.4490000000000016,1.0,0.021680805484277775,2.802747831370601e-10,967.2045276431217,298.9596982266579,nan,nan,1,17.128,967.2045276431217,298.9596982266579,0.0,0.2510000000000012,1.0,3.3260518066058617,-1.0650825650771776,0.07010304489993507,3.3260518066058617,-1.0150825650771775,0.03010283037397901,0.05,nan,nan,nan,nan,nan,nan,nan,298.9596982266579,0.9556519985198975,0.9556519985198975,1.0,0.0,291.0,518.0396690964699,956.0144653320312,276.05999755859375,978.0725708007812,299.54522705078125,nan,nan,nan,nan,nan,0.0,nan,3.0703261832112014,nan,nan,nan,1.0,0.9556519985198975,0.9556519985198975,291.0,0.0,bbox_bottom,518.0396690964699,nan,63.57567399390973,74.85188099963125,1781599400.9463537,1781599400.9792411,1781599401.0427613,1781599401.3162806,0.06352019309997559,1781599384.1882806,1781599384.1882806,126.25383773719821,0
17.326,17.608,1,1,3.300000000004068,-1.0,-4.891717681855537e-12,1,3.3022943382505763,-0.9868802305866058,-1.3452465257518244e-41,0.28200000000000003,1.0,0.013318871478095446,2.8027477773984106e-10,965.7022983523295,298.14370683586384,nan,nan,1,17.326,965.7022983523295,298.14370683586384,0.0,0.28200000000000003,1.0,3.3142511122610396,-1.0538287543955218,0.05568329193154992,3.3142511122610396,-1.0038287543955218,0.014756475215376838,0.05,nan,nan,nan,nan,nan,nan,nan,298.14370683586384,0.9556519985198975,0.9556519985198975,1.0,0.0,291.0,518.0396690964699,956.0144653320312,276.05999755859375,978.0725708007812,299.54522705078125,nan,nan,nan,nan,nan,0.0,nan,3.0703261832112014,nan,nan,nan,1.0,0.9556519985198975,0.9556519985198975,291.0,0.0,bbox_bottom,518.0396690964699,nan,72.55314799840562,83.13423598883674,1781599401.2880635,1781599401.3280194,1781599401.400508,1781599401.6841438,0.07248854637145996,1781599384.3581438,1781599384.3581438,126.25383773719821,0
17.557,17.808,1,1,3.300000000004068,-1.0,-4.891717608714507e-12,1,3.3022943382505763,-0.9868802305866058,-1.3452465257518244e-41,0.4819999999999993,1.0,0.013318871478095446,2.802747735491687e-10,967.5462009162811,300.53494008406705,nan,nan,1,17.326,965.7022983523295,298.14370683586384,0.0,0.4819999999999993,1.0,3.3142511122610396,-1.0538287543955218,0.05568329193154992,3.3142511122610396,-1.0038287543955218,0.014756475215376838,0.05,nan,nan,nan,nan,nan,nan,nan,300.53494008406705,0.9556519985198975,0.9556519985198975,1.0,0.0,291.0,518.0396690964699,956.0144653320312,276.05999755859375,978.0725708007812,299.54522705078125,nan,nan,nan,nan,nan,0.0,nan,3.0703261832112014,nan,nan,nan,1.0,0.9556519985198975,0.9556519985198975,291.0,0.0,bbox_bottom,518.0396690964699,nan,71.25578098930418,81.03708100679796,1781599401.677767,1781599401.6947434,1781599401.765825,1781599402.0350962,0.07108163833618164,1781599384.4780962,1781599384.4780962,126.25383773719821,0
17.755,18.012,1,1,3.300000000004068,-1.0,-4.891717521672683e-12,1,3.3109089082825514,-1.0195188457980595,-1.3452465257518244e-41,0.45500000000000185,1.0,0.022360447694909545,2.802747685620395e-10,966.8792234737809,298.47086219255283,nan,nan,1,17.755,966.8792234737809,298.47086219255283,0.0,0.25700000000000145,1.0,3.324830237894501,-1.058343553764454,0.06340749939527053,3.324830237894501,-1.008343553764454,0.02619457201627507,0.05,nan,nan,nan,nan,nan,nan,nan,298.47086219255283,0.9556519985198975,0.9556519985198975,1.0,0.0,291.0,518.0396690964699,956.0144653320312,276.05999755859375,978.0725708007812,299.54522705078125,nan,nan,nan,nan,nan,0.0,nan,3.0703261832112014,nan,nan,nan,1.0,0.9556519985198975,0.9556519985198975,291.0,0.0,bbox_bottom,518.0396690964699,nan,59.53396300901659,69.29358300112654,1781599402.0078197,1781599402.0475316,1781599402.107006,1781599402.3936083,0.05947446823120117,1781599384.6386082,1781599384.6386082,126.25383773719821,0
17.953,18.238,1,1,3.300000000004068,-1.0,-4.891717468305368e-12,1,3.3128448621496367,-0.9913820022147946,-1.3452465257518244e-41,0.48300000000000054,1.0,0.015468043488575611,2.8027476550431763e-10,967.9165602190279,298.2648331060667,nan,nan,1,17.953,967.9165602190279,298.2648331060667,0.0,0.28500000000000014,1.0,3.3362639058552346,-1.055500693221366,0.06629779646137904,3.3362639058552346,-1.005500693221366,0.036678719899934424,0.05,nan,nan,nan,nan,nan,nan,nan,298.2648331060667,0.9556519985198975,0.9556519985198975,1.0,0.0,291.0,518.0396690964699,956.0144653320312,276.05999755859375,978.0725708007812,299.54522705078125,nan,nan,nan,nan,nan,0.0,nan,3.0703261832112014,nan,nan,nan,1.0,0.9556519985198975,0.9556519985198975,291.0,0.0,bbox_bottom,518.0396690964699,nan,71.18253300723154,83.22844799840823,1781599402.3580892,1781599402.4064443,1781599402.4775915,1781599402.7613683,0.07114720344543457,1781599384.8083682,1781599384.8083682,126.25383773719821,0
18.184,18.431,1,1,3.300000000004068,-1.0,-4.8917173694834555e-12,1,3.3242267290816088,-0.9885945550134432,-1.3452465257518244e-41,0.47800000000000153,1.0,0.02677720256370944,2.8027475984223914e-10,966.330449971347,300.16624490432133,nan,nan,1,18.184,966.330449971347,300.16624490432133,0.0,0.2469999999999999,1.0,3.312039861924595,-1.0816797537770213,0.0825623428212898,3.312039861924595,-1.0316797537770213,0.03389048648866007,0.05,nan,nan,nan,nan,nan,nan,nan,300.16624490432133,0.9556519985198975,0.9556519985198975,1.0,0.0,291.0,518.0396690964699,956.0144653320312,276.05999755859375,978.0725708007812,299.54522705078125,nan,nan,nan,nan,nan,0.0,nan,3.0703261832112014,nan,nan,nan,1.0,0.9556519985198975,0.9556519985198975,291.0,0.0,bbox_bottom,518.0396690964699,nan,58.89375299739186,68.68850800674409,1781599402.7315328,1781599402.7724442,1781599402.8312693,1781599403.1090453,0.058825016021728516,1781599384.9250453,1781599384.9250453,126.25383773719821,0
18.382,18.642,1,1,3.300000000004068,-1.0,-4.8917172481627734e-12,1,3.3001669558712567,-1.0144748296725434,-1.3452465257518244e-41,0.4579999999999984,1.0,0.014475792493357056,2.802747528910761e-10,964.7933768928317,299.9315966483476,nan,nan,1,18.184,966.330449971347,300.16624490432133,0.0,0.4579999999999984,1.0,3.312039861924595,-1.0816797537770213,0.0825623428212898,3.312039861924595,-1.0316797537770213,0.03389048648866007,0.05,nan,nan,nan,nan,nan,nan,nan,299.9315966483476,0.9556519985198975,0.9556519985198975,1.0,0.0,291.0,518.0396690964699,956.0144653320312,276.05999755859375,978.0725708007812,299.54522705078125,nan,nan,nan,nan,nan,0.0,nan,3.0703261832112014,nan,nan,nan,1.0,0.9556519985198975,0.9556519985198975,291.0,0.0,bbox_bottom,518.0396690964699,nan,65.26678900991101,79.45777800341602,1781599403.0935066,1781599403.1274004,1781599403.1926048,1781599403.4709594,0.06520438194274902,1781599385.0889595,1781599385.0889595,126.25383773719821,0
18.58,18.865000000000002,1,1,3.300000000004068,-1.0,-4.891717175094735e-12,1,3.2856053731592656,-1.011241999637874,-1.3452465257518244e-41,0.48300000000000054,1.0,0.018264387147097785,2.8027474870458586e-10,966.4618772299967,299.65450674825905,nan,nan,1,18.58,966.4618772299967,299.65450674825905,0.0,0.2850000000000037,1.0,3.315547183288533,-1.0746465906832068,0.07624846495967609,3.315547183288533,-1.0246465906832067,0.02914051029728669,0.05,nan,nan,nan,nan,nan,nan,nan,299.65450674825905,0.9556519985198975,0.9556519985198975,1.0,0.0,291.0,518.0396690964699,956.0144653320312,276.05999755859375,978.0725708007812,299.54522705078125,nan,nan,nan,nan,nan,0.0,nan,3.0703261832112014,nan,nan,nan,1.0,0.9556519985198975,0.9556519985198975,291.0,0.0,bbox_bottom,518.0396690964699,nan,71.13038099487312,80.6676240026718,1781599403.4293866,1781599403.4813173,1781599403.552401,1781599403.8412113,0.07108378410339355,1781599385.2612114,1781599385.2612114,126.25383773719821,0
18.811,19.066000000000003,1,1,3.300000000004068,-1.0,-4.891717098171771e-12,1,3.3036417212832037,-1.0075141086148485,-1.3452465257518244e-41,0.4860000000000042,1.0,0.008350087553472031,2.8027474429722466e-10,966.9678165401855,299.7473414458252,nan,nan,1,18.811,966.9678165401855,299.7473414458252,0.0,0.25500000000000256,1.0,3.32029042531118,-1.0759231458881275,0.0785876926795372,3.32029042531118,-1.0259231458881275,0.03291976384910178,0.05,nan,nan,nan,nan,nan,nan,nan,299.7473414458252,0.9556519985198975,0.9556519985198975,1.0,0.0,291.0,518.0396690964699,956.0144653320312,276.05999755859375,978.0725708007812,299.54522705078125,nan,nan,nan,nan,nan,0.0,nan,3.0703261832112014,nan,nan,nan,1.0,0.9556519985198975,0.9556519985198975,291.0,0.0,bbox_bottom,518.0396690964699,nan,70.80217500333674,79.97012299892958,1781599403.8266065,1781599403.8519783,1781599403.9227176,1781599404.1904821,0.0707392692565918,1781599385.379482,1781599385.379482,126.25383773719821,0
19.009,19.287000000000003,1,1,3.300000000004068,-1.0,-4.891717018838846e-12,1,3.308370116959957,-1.008791551217917,-1.3452465257518244e-41,0.47600000000000264,1.0,0.012138790329868768,2.802747397517829e-10,967.7376900031132,298.78685729988285,nan,nan,1,18.811,966.9678165401855,299.7473414458252,0.0,0.47600000000000264,1.0,3.32029042531118,-1.0759231458881275,0.0785876926795372,3.32029042531118,-1.0259231458881275,0.03291976384910178,0.05,nan,nan,nan,nan,nan,nan,nan,298.78685729988285,0.9556519985198975,0.9556519985198975,1.0,0.0,291.0,518.0396690964699,956.0144653320312,276.05999755859375,978.0725708007812,299.54522705078125,nan,nan,nan,nan,nan,0.0,nan,3.0703261832112014,nan,nan,nan,1.0,0.9556519985198975,0.9556519985198975,291.0,0.0,bbox_bottom,518.0396690964699,nan,84.30207100172993,93.91532000154257,1781599404.1527262,1781599404.2009242,1781599404.2851696,1781599404.5946763,0.08424544334411621,1781599385.5856762,1781599385.5856762,126.25383773719821,0
19.24,19.471,1,1,3.300000000004068,-1.0,-4.891716951846808e-12,1,3.320208303329831,-0.9957192439275828,-1.3452465257518244e-41,0.46199999999999974,1.0,0.020656727617354563,2.8027473591342185e-10,968.4645000887182,300.271320839729,nan,nan,1,19.24,968.4645000887182,300.271320839729,0.0,0.23100000000000165,1.0,3.333250522745824,-1.0831226618765937,0.08952638817717681,3.333250522745824,-1.0331226618765936,0.04693301601635222,0.05,nan,nan,nan,nan,nan,nan,nan,300.271320839729,0.9556519985198975,0.9556519985198975,1.0,0.0,291.0,518.0396690964699,956.0144653320312,276.05999755859375,978.0725708007812,299.54522705078125,nan,nan,nan,nan,nan,0.0,nan,3.0703261832112014,nan,nan,nan,1.0,0.9556519985198975,0.9556519985198975,291.0,0.0,bbox_bottom,518.0396690964699,nan,74.52937599737197,83.52385900798254,1781599404.5904317,1781599404.604416,1781599404.678892,1781599404.9667373,0.07447600364685059,1781599385.7267373,1781599385.7267373,126.25383773719821,0
19.405,19.695,1,1,3.300000000004068,-1.0,-4.891716877007663e-12,1,3.3212996890294466,-1.0159600916562102,-1.3452465257518244e-41,0.45500000000000185,1.0,0.026615808803274375,2.802747316254547e-10,967.8872507287095,300.71009103189226,nan,nan,1,19.24,968.4645000887182,300.271320839729,0.0,0.45500000000000185,1.0,3.333250522745824,-1.0831226618765937,0.08952638817717681,3.333250522745824,-1.0331226618765936,0.04693301601635222,0.05,nan,nan,nan,nan,nan,nan,nan,300.71009103189226,0.9556519985198975,0.9556519985198975,1.0,0.0,291.0,518.0396690964699,956.0144653320312,276.05999755859375,978.0725708007812,299.54522705078125,nan,nan,nan,nan,nan,0.0,nan,3.0703261832112014,nan,nan,nan,1.0,0.9556519985198975,0.9556519985198975,291.0,0.0,bbox_bottom,518.0396690964699,nan,83.6459010024555,96.53730000718497,1781599404.911852,1781599404.980817,1781599405.0643873,1781599405.357349,0.08357024192810059,1781599385.952349,1781599385.952349,126.25383773719821,0
19.636,19.895,1,1,3.300000000004068,-1.0,-4.8917168012469686e-12,1,3.3136189781592753,-1.0219071196203293,-1.3452465257518244e-41,0.48999999999999844,1.0,0.025795318490986464,2.8027472728468667e-10,967.8311062881121,300.38930573135985,nan,nan,1,19.636,967.8311062881121,300.38930573135985,0.0,0.25900000000000034,1.0,3.326320168331891,-1.084742486524315,0.08873578918975494,3.326320168331891,-1.0347424865243149,0.04358659921004544,0.05,nan,nan,nan,nan,nan,nan,nan,300.38930573135985,0.9556519985198975,0.9556519985198975,1.0,0.0,291.0,518.0396690964699,956.0144653320312,276.05999755859375,978.0725708007812,299.54522705078125,nan,nan,nan,nan,nan,0.0,nan,3.0703261832112014,nan,nan,nan,1.0,0.9556519985198975,0.9556519985198975,291.0,0.0,bbox_bottom,518.0396690964699,nan,67.1829110069666,74.70245299919043,1781599405.3208435,1781599405.3656657,1781599405.432757,1781599405.7013156,0.06709122657775879,1781599386.0653157,1781599386.0653157,126.25383773719821,0
19.834,20.126,1,1,3.300000000004068,-1.0,-4.8917166999369786e-12,1,3.3144004535485143,-1.0175472582072607,-1.3452465257518244e-41,0.490000000000002,1.0,0.022699765040150297,2.802747214800518e-10,967.1191116771491,298.11845319979153,nan,nan,1,19.834,967.1191116771491,298.11845319979153,0.0,0.2920000000000016,1.0,3.3287762233164524,-1.0534800358442014,0.06073043110353549,3.3287762233164524,-1.0034800358442013,0.028985887559312966,0.05,nan,nan,nan,nan,nan,nan,nan,298.11845319979153,0.9556519985198975,0.9556519985198975,1.0,0.0,291.0,518.0396690964699,956.0144653320312,276.05999755859375,978.0725708007812,299.54522705078125,nan,nan,nan,nan,nan,0.0,nan,3.0703261832112014,nan,nan,nan,1.0,0.9556519985198975,0.9556519985198975,291.0,0.0,bbox_bottom,518.0396690964699,nan,74.8361610021675,89.81497900094837,1781599405.6651103,1781599405.7174091,1781599405.792176,1781599406.090851,0.07476687431335449,1781599386.256851,1781599386.256851,126.25383773719821,0
20.065,20.349,1,1,3.300000000004068,-1.0,-4.8917165621965165e-12,1,3.316762468143856,-0.986572546168272,-1.3452465257518244e-41,0.5150000000000006,1.0,0.021477356786639,2.8027471358810466e-10,966.9084729663692,298.77571241060457,nan,nan,1,20.065,966.9084729663692,298.77571241060457,0.0,0.2839999999999989,1.0,3.3238269542129157,-1.0625471663084032,0.06693184414074937,3.3238269542129157,-1.0125471663084031,0.026928704559284835,0.05,nan,nan,nan,nan,nan,nan,nan,298.77571241060457,0.9556519985198975,0.9556519985198975,1.0,0.0,291.0,518.0396690964699,956.0144653320312,276.05999755859375,978.0725708007812,299.54522705078125,nan,nan,nan,nan,nan,0.0,nan,3.0703261832112014,nan,nan,nan,1.0,0.9556519985198975,0.9556519985198975,291.0,0.0,bbox_bottom,518.0396690964699,nan,72.4824350036215,80.5997859861236,1781599406.0461066,1781599406.100819,1781599406.1732492,1781599406.459858,0.07243013381958008,1781599386.394858,1781599386.394858,126.25383773719821,0
20.296,20.548000000000002,1,1,3.300000000004068,-1.0,-4.891716479451802e-12,1,3.311856819908426,-0.9955451688823354,-1.3452465257518244e-41,0.48300000000000054,1.0,0.012666084577772822,2.8027470884718175e-10,965.6207762978909,299.80367984169425,nan,nan,1,20.296,965.6207762978909,299.80367984169425,0.0,0.25200000000000244,1.0,3.3063727017766853,-1.0766977598252572,0.07696205357249475,3.3063727017766853,-1.0266977598252571,0.027447799685399767,0.05,nan,nan,nan,nan,nan,nan,nan,299.80367984169425,0.9556519985198975,0.9556519985198975,1.0,0.0,291.0,518.0396690964699,956.0144653320312,276.05999755859375,978.0725708007812,299.54522705078125,nan,nan,nan,nan,nan,0.0,nan,3.0703261832112014,nan,nan,nan,1.0,0.9556519985198975,0.9556519985198975,291.0,0.0,bbox_bottom,518.0396690964699,nan,63.60670400317758,76.60504399973433,1781599406.4435596,1781599406.4755776,1781599406.5390756,1781599406.8289416,0.06349802017211914,1781599386.5329416,1781599386.5329416,126.25383773719821,0
20.494,20.758000000000003,1,1,3.300000000004068,-1.0,-4.891716370466412e-12,1,3.2945081833335577,-1.0095228830635252,-1.3452465257518244e-41,0.4620000000000033,1.0,0.01099296830633438,2.8027470260277886e-10,966.4749686122586,298.5154226127698,nan,nan,1,20.296,965.6207762978909,299.80367984169425,0.0,0.4620000000000033,1.0,3.3063727017766853,-1.0766977598252572,0.07696205357249475,3.3063727017766853,-1.0266977598252571,0.027447799685399767,0.05,nan,nan,nan,nan,nan,nan,nan,298.5154226127698,0.9556519985198975,0.9556519985198975,1.0,0.0,291.0,518.0396690964699,956.0144653320312,276.05999755859375,978.0725708007812,299.54522705078125,nan,nan,nan,nan,nan,0.0,nan,3.0703261832112014,nan,nan,nan,1.0,0.9556519985198975,0.9556519985198975,291.0,0.0,bbox_bottom,518.0396690964699,nan,65.7887120032683,77.27774299564771,1781599406.8111787,1781599406.8453262,1781599406.9110498,1781599407.188046,0.06572365760803223,1781599386.694046,1781599386.694046,126.25383773719821,0
20.692,20.989,1,1,3.300000000004068,-1.0,-4.891716288959271e-12,1,3.3085612992937645,-0.991979916366377,-1.3452465257518244e-41,0.495000000000001,1.0,0.011731052255363304,2.802746979327637e-10,966.0005169863347,299.81364413049016,nan,nan,1,20.692,966.0005169863347,299.81364413049016,0.0,0.2970000000000006,1.0,3.310186359471517,-1.0768347272068282,0.07750701403194282,3.310186359471517,-1.0268347272068281,0.02870303996905142,0.05,nan,nan,nan,nan,nan,nan,nan,299.81364413049016,0.9556519985198975,0.9556519985198975,1.0,0.0,291.0,518.0396690964699,956.0144653320312,276.05999755859375,978.0725708007812,299.54522705078125,nan,nan,nan,nan,nan,0.0,nan,3.0703261832112014,nan,nan,nan,1.0,0.9556519985198975,0.9556519985198975,291.0,0.0,bbox_bottom,518.0396690964699,nan,77.3535600019386,87.01868299976923,1781599407.1377504,1781599407.1985507,1781599407.2758608,1781599407.5704277,0.07731008529663086,1781599386.8784277,1781599386.8784277,126.25383773719821,0
20.923000000000002,21.211000000000002,1,1,3.300000000004068,-1.0,-4.8917161790406536e-12,1,3.29830749843377,-1.0096685677085553,-1.3452465257518244e-41,0.5190000000000019,1.0,0.009815587761330402,2.802746916348908e-10,967.4021900155766,300.8676845205481,nan,nan,1,20.923000000000002,967.4021900155766,300.8676845205481,0.0,0.28800000000000026,1.0,3.3199343315086094,-1.091305097308704,0.09345586320335843,3.3199343315086094,-1.041305097308704,0.045863805295836994,0.05,nan,nan,nan,nan,nan,nan,nan,300.8676845205481,0.9556519985198975,0.9556519985198975,1.0,0.0,291.0,518.0396690964699,956.0144653320312,276.05999755859375,978.0725708007812,299.54522705078125,nan,nan,nan,nan,nan,0.0,nan,3.0703261832112014,nan,nan,nan,1.0,0.9556519985198975,0.9556519985198975,291.0,0.0,bbox_bottom,518.0396690964699,nan,71.56845800636802,82.62147899949923,1781599407.5249004,1781599407.5820708,1781599407.6536007,1781599407.94289,0.07152986526489258,1781599387.0198898,1781599387.0198898,126.25383773719821,0
21.154,21.412000000000003,1,1,3.300000000004068,-1.0,-4.891716056144681e-12,1,3.308057005145869,-1.024034151408929,-1.3452465257518244e-41,0.48900000000000077,1.0,0.02534868370946173,2.802746845934703e-10,967.0296033978822,300.5870668099941,nan,nan,1,20.923000000000002,967.4021900155766,300.8676845205481,0.0,0.48900000000000077,1.0,3.3199343315086094,-1.091305097308704,0.09345586320335843,3.3199343315086094,-1.041305097308704,0.045863805295836994,0.05,nan,nan,nan,nan,nan,nan,nan,300.5870668099941,0.9556519985198975,0.9556519985198975,1.0,0.0,291.0,518.0396690964699,956.0144653320312,276.05999755859375,978.0725708007812,299.54522705078125,nan,nan,nan,nan,nan,0.0,nan,3.0703261832112014,nan,nan,nan,1.0,0.9556519985198975,0.9556519985198975,291.0,0.0,bbox_bottom,518.0396690964699,nan,73.20561099913903,81.85404499818105,1781599407.909873,1781599407.9534247,1781599408.026586,1781599408.3043084,0.07316136360168457,1781599387.1503084,1781599387.1503084,126.25383773719821,0
21.352,21.639000000000003,1,1,3.300000000004068,-1.0,-4.891715951404785e-12,1,3.3054698352086986,-1.020213397200841,-1.3452465257518244e-41,0.485000000000003,1.0,0.020940404092681185,2.802746785923163e-10,968.4457828931787,300.6953926869309,nan,nan,1,21.154,967.0296033978822,300.5870668099941,0.0,0.485000000000003,1.0,3.3173475925016866,-1.0874564579975237,0.08916036681696667,3.3173475925016866,-1.0374564579975236,0.041278628988662906,0.05,nan,nan,nan,nan,nan,nan,nan,300.6953926869309,0.9556519985198975,0.9556519985198975,1.0,0.0,291.0,518.0396690964699,956.0144653320312,276.05999755859375,978.0725708007812,299.54522705078125,nan,nan,nan,nan,nan,0.0,nan,3.0703261832112014,nan,nan,nan,1.0,0.9556519985198975,0.9556519985198975,291.0,0.0,bbox_bottom,518.0396690964699,nan,83.28293600061443,98.68796200316865,1781599408.265673,1781599408.3205848,1781599408.4037654,1781599408.686009,0.08318066596984863,1781599387.334009,1781599387.334009,126.25383773719821,0
21.583,21.849,1,1,3.300000000004068,-1.0,-4.891715846544793e-12,1,3.319323829978194,-1.0217222566958628,-1.3452465257518244e-41,0.4969999999999999,1.0,0.02907347314700948,2.802746725842813e-10,964.6782141601293,300.7739107699847,nan,nan,1,21.583,964.6782141601293,300.7739107699847,0.0,0.2660000000000018,1.0,3.2927076181972024,-1.09001940562421,0.09031429688234953,3.2927076181972024,-1.04001940562421,0.04067839302298162,0.05,nan,nan,nan,nan,nan,nan,nan,300.7739107699847,0.9556519985198975,0.9556519985198975,1.0,0.0,291.0,518.0396690964699,956.0144653320312,276.05999755859375,978.0725708007812,299.54522705078125,nan,nan,nan,nan,nan,0.0,nan,3.0703261832112014,nan,nan,nan,1.0,0.9556519985198975,0.9556519985198975,291.0,0.0,bbox_bottom,518.0396690964699,nan,69.3620509991888,80.86240600096062,1781599408.6626325,1781599408.7000246,1781599408.7693002,1781599409.051065,0.0692756175994873,1781599387.468065,1781599387.468065,126.25383773719821,0
21.814,22.064,1,1,3.300000000004068,-1.0,-4.891715737084329e-12,1,3.280931854698411,-1.0226889951688745,-1.3452465257518244e-41,0.48100000000000165,1.0,0.029637555013375567,2.802746663126587e-10,967.3831380746549,299.9689984036346,nan,nan,1,21.814,967.3831380746549,299.9689984036346,0.0,0.25,1.0,3.323563763044666,-1.078969916916568,0.08241054972782987,3.323563763044666,-1.028969916916568,0.03734309862325713,0.05,nan,nan,nan,nan,nan,nan,nan,299.9689984036346,0.9556519985198975,0.9556519985198975,1.0,0.0,291.0,518.0396690964699,956.0144653320312,276.05999755859375,978.0725708007812,299.54522705078125,nan,nan,nan,nan,nan,0.0,nan,3.0703261832112014,nan,nan,nan,1.0,0.9556519985198975,0.9556519985198975,291.0,0.0,bbox_bottom,518.0396690964699,nan,69.81463699776214,81.02359100303147,1781599409.0488727,1781599409.0629387,1781599409.1326575,1781599409.4169781,0.06971883773803711,1781599387.6029782,1781599387.6029782,126.25383773719821,0
22.012,22.237000000000002,1,1,3.300000000004068,-1.0,-4.8917156729259735e-12,1,3.311639067672099,-1.0118194444920194,-1.3452465257518244e-41,0.4230000000000018,1.0,0.016588163378774973,2.802746626366557e-10,967.4147454841425,299.92798421105203,nan,nan,1,22.012,967.4147454841425,299.92798421105203,0.0,0.22500000000000142,1.0,3.3240593237854656,-1.0784062854984433,0.0820146125180234,3.3240593237854656,-1.0284062854984433,0.03722590652539154,0.05,nan,nan,nan,nan,nan,nan,nan,299.92798421105203,0.9556519985198975,0.9556519985198975,1.0,0.0,291.0,518.0396690964699,956.0144653320312,276.05999755859375,978.0725708007812,299.54522705078125,nan,nan,nan,nan,nan,0.0,nan,3.0703261832112014,nan,nan,nan,1.0,0.9556519985198975,0.9556519985198975,291.0,0.0,bbox_bottom,518.0396690964699,nan,74.2888600070728,89.27124399633612,1781599409.3986714,1781599409.4330907,1781599409.5072358,1781599409.7904549,0.07414507865905762,1781599387.7784548,1781599387.7784548,126.25383773719821,0
22.177,22.456000000000003,1,1,3.300000000004068,-1.0,-4.8917156144853635e-12,1,3.312131191916574,-1.0112621781109992,-1.3452465257518244e-41,0.4440000000000026,1.0,0.016553020057437244,2.802746592882554e-10,967.3629322866586,299.18631374224265,nan,nan,1,22.012,967.4147454841425,299.92798421105203,0.0,0.4440000000000026,1.0,3.3240593237854656,-1.0784062854984433,0.0820146125180234,3.3240593237854656,-1.0284062854984433,0.03722590652539154,0.05,nan,nan,nan,nan,nan,nan,nan,299.18631374224265,0.9556519985198975,0.9556519985198975,1.0,0.0,291.0,518.0396690964699,956.0144653320312,276.05999755859375,978.0725708007812,299.54522705078125,nan,nan,nan,nan,nan,0.0,nan,3.0703261832112014,nan,nan,nan,1.0,0.9556519985198975,0.9556519985198975,291.0,0.0,bbox_bottom,518.0396690964699,nan,73.52645701030269,87.57046899700072,1781599409.7515972,1781599409.805597,1781599409.8790398,1781599410.1666758,0.07344269752502441,1781599387.9896758,1781599387.9896758,126.25383773719821,0
22.408,22.664,1,1,3.300000000004068,-1.0,-4.89171551784657e-12,1,3.314728914282027,-1.0011583623376854,-1.3452465257518244e-41,0.4870000000000019,1.0,0.014774394035385397,2.802746537512604e-10,965.1418827680302,299.43631232287385,nan,nan,1,22.177,967.3629322866586,299.18631374224265,0.0,0.4870000000000019,1.0,3.326694811636626,-1.0682037814029708,0.073241851190163,3.326694811636626,-1.0182037814029707,0.03231084377519256,0.05,nan,nan,nan,nan,nan,nan,nan,299.43631232287385,0.9556519985198975,0.9556519985198975,1.0,0.0,291.0,518.0396690964699,956.0144653320312,276.05999755859375,978.0725708007812,299.54522705078125,nan,nan,nan,nan,nan,0.0,nan,3.0703261832112014,nan,nan,nan,1.0,0.9556519985198975,0.9556519985198975,291.0,0.0,bbox_bottom,518.0396690964699,nan,77.14690899592824,88.21136600454338,1781599410.1584244,1781599410.1785827,1781599410.255668,1781599410.5366557,0.07708525657653809,1781599388.1286557,1781599388.1286557,126.25383773719821,0
22.606,22.87,1,1,3.300000000004068,-1.0,-4.8917154351616136e-12,1,3.2911996423285785,-1.0045070051225744,-1.3452465257518244e-41,0.46199999999999974,1.0,0.009887334847746405,2.802746490137614e-10,966.2397862178856,300.62539046331915,nan,nan,1,22.606,966.2397862178856,300.62539046331915,0.0,0.26399999999999935,1.0,3.3091733813819264,-1.087982256813869,0.08845919081681251,3.3091733813819264,-1.037982256813869,0.03907432352041858,0.05,nan,nan,nan,nan,nan,nan,nan,300.62539046331915,0.9556519985198975,0.9556519985198975,1.0,0.0,291.0,518.0396690964699,956.0144653320312,276.05999755859375,978.0725708007812,299.54522705078125,nan,nan,nan,nan,nan,0.0,nan,3.0703261832112014,nan,nan,nan,1.0,0.9556519985198975,0.9556519985198975,291.0,0.0,bbox_bottom,518.0396690964699,nan,71.75427400215995,81.1670410039369,1781599410.528806,1781599410.5470932,1781599410.618784,1781599410.9080238,0.07169079780578613,1781599388.302024,1781599388.302024,126.25383773719821,0
22.804,23.09,1,1,3.300000000004068,-1.0,-4.891715338064164e-12,1,3.2973285824812364,-1.0207131378368266,-1.3452465257518244e-41,0.4839999999999982,1.0,0.02088469656539616,2.802746434504873e-10,966.7547515604109,299.62870240688824,nan,nan,1,22.804,966.7547515604109,299.62870240688824,0.0,0.28600000000000136,1.0,3.3186313979845186,-1.0742916891419771,0.07659232380776873,3.3186313979845186,-1.024291689141977,0.030613969884292706,0.05,nan,nan,nan,nan,nan,nan,nan,299.62870240688824,0.9556519985198975,0.9556519985198975,1.0,0.0,291.0,518.0396690964699,956.0144653320312,276.05999755859375,978.0725708007812,299.54522705078125,nan,nan,nan,nan,nan,0.0,nan,3.0703261832112014,nan,nan,nan,1.0,0.9556519985198975,0.9556519985198975,291.0,0.0,bbox_bottom,518.0396690964699,nan,68.72838400886394,86.6142629965907,1781599410.8567579,1781599410.9266872,1781599410.9953823,1781599411.2837374,0.068695068359375,1781599388.4797375,1781599388.4797375,126.25383773719821,0
23.035,23.298000000000002,1,1,3.300000000004068,-1.0,-4.8917152943272505e-12,1,3.3067130770702233,-1.0071704475487302,-1.3452465257518244e-41,0.4940000000000033,1.0,0.009822460065850604,2.8027464094454673e-10,966.1939121107961,299.0346045828831,nan,nan,1,22.804,966.7547515604109,299.62870240688824,0.0,0.4940000000000033,1.0,3.3186313979845186,-1.0742916891419771,0.07659232380776873,3.3186313979845186,-1.024291689141977,0.030613969884292706,0.05,nan,nan,nan,nan,nan,nan,nan,299.0346045828831,0.9556519985198975,0.9556519985198975,1.0,0.0,291.0,518.0396690964699,956.0144653320312,276.05999755859375,978.0725708007812,299.54522705078125,nan,nan,nan,nan,nan,0.0,nan,3.0703261832112014,nan,nan,nan,1.0,0.9556519985198975,0.9556519985198975,291.0,0.0,bbox_bottom,518.0396690964699,nan,75.08247000805568,87.01149398984853,1781599411.2607415,1781599411.2981656,1781599411.3731754,1781599411.647475,0.07500982284545898,1781599388.612475,1781599388.612475,126.25383773719821,0
23.233,23.527,1,1,3.300000000004068,-1.0,-4.8917152142017615e-12,1,3.3035319683236843,-0.9990585754610275,-1.3452465257518244e-41,0.4920000000000009,1.0,0.0036552811620109613,2.802746363536944e-10,967.0319850047197,298.0598518665177,nan,nan,1,23.233,967.0319850047197,298.0598518665177,0.0,0.2940000000000005,1.0,3.3281401041240604,-1.052670869707486,0.059716714374009,3.3281401041240604,-1.002670869707486,0.028266570447763387,0.05,nan,nan,nan,nan,nan,nan,nan,298.0598518665177,0.9556519985198975,0.9556519985198975,1.0,0.0,291.0,518.0396690964699,956.0144653320312,276.05999755859375,978.0725708007812,299.54522705078125,nan,nan,nan,nan,nan,0.0,nan,3.0703261832112014,nan,nan,nan,1.0,0.9556519985198975,0.9556519985198975,291.0,0.0,bbox_bottom,518.0396690964699,nan,84.42034799372777,94.78071899502538,1781599411.598172,1781599411.6586854,1781599411.7430422,1781599412.032789,0.08435678482055664,1781599388.799789,1781599388.799789,126.25383773719821,0
23.464,23.769000000000002,1,1,3.300000000004068,-1.0,-4.891715109449794e-12,1,3.3161266143049084,-0.9857690020826482,-1.3452465257518244e-41,0.5360000000000014,1.0,0.021507882055928667,2.8027463035184877e-10,967.3442031807009,299.4391547973335,nan,nan,1,23.464,967.3442031807009,299.4391547973335,0.0,0.30500000000000327,1.0,3.3254260835231073,-1.071684073292279,0.07605979284017268,3.3254260835231073,-1.021684073292279,0.033416833447561745,0.05,nan,nan,nan,nan,nan,nan,nan,299.4391547973335,0.9556519985198975,0.9556519985198975,1.0,0.0,291.0,518.0396690964699,956.0144653320312,276.05999755859375,978.0725708007812,299.54522705078125,nan,nan,nan,nan,nan,0.0,nan,3.0703261832112014,nan,nan,nan,1.0,0.9556519985198975,0.9556519985198975,291.0,0.0,bbox_bottom,518.0396690964699,nan,87.7205349970609,100.09019200515468,1781599411.9939187,1781599412.0459268,1781599412.133504,1781599412.4435918,0.08757710456848145,1781599388.9795918,1781599388.9795918,126.25383773719821,0
23.728,23.988000000000003,1,1,3.300000000004068,-1.0,-4.8917150149920315e-12,1,3.3134744951111306,-1.0046040249686337,-1.3452465257518244e-41,0.5240000000000045,1.0,0.01423934915303547,2.8027462493981763e-10,965.8577982614011,297.1469941853835,nan,nan,1,23.728,965.8577982614011,297.1469941853835,0.0,0.26000000000000156,1.0,3.320083404505589,-1.0400503942415025,0.044803763405226134,3.320083404505589,-0.9900503942415024,0.022412893412525607,0.05,nan,nan,nan,nan,nan,nan,nan,297.1469941853835,0.9556519985198975,0.9556519985198975,1.0,0.0,291.0,518.0396690964699,956.0144653320312,276.05999755859375,978.0725708007812,299.54522705078125,nan,nan,nan,nan,nan,0.0,nan,3.0703261832112014,nan,nan,nan,1.0,0.9556519985198975,0.9556519985198975,291.0,0.0,bbox_bottom,518.0396690964699,nan,71.57430599909276,84.05129099264741,1781599412.4374301,1781599412.4568892,1781599412.528282,1781599412.827376,0.07139277458190918,1781599389.099376,1781599389.099376,126.25383773719821,0
23.926,24.211000000000002,1,1,3.300000000004068,-1.0,-4.891714940833831e-12,1,3.3080668590474294,-0.9732410783460783,-1.3452465257518244e-41,0.48300000000000054,1.0,0.02794841861190321,2.802746206908657e-10,967.5565702002865,299.2476430118379,nan,nan,1,23.728,965.8577982614011,297.1469941853835,0.0,0.48300000000000054,1.0,3.320083404505589,-1.0400503942415025,0.044803763405226134,3.320083404505589,-0.9900503942415024,0.022412893412525607,0.05,nan,nan,nan,nan,nan,nan,nan,299.2476430118379,0.9556519985198975,0.9556519985198975,1.0,0.0,291.0,518.0396690964699,956.0144653320312,276.05999755859375,978.0725708007812,299.54522705078125,nan,nan,nan,nan,nan,0.0,nan,3.0703261832112014,nan,nan,nan,1.0,0.9556519985198975,0.9556519985198975,291.0,0.0,bbox_bottom,518.0396690964699,nan,84.89345000998583,99.11890399234835,1781599412.7817533,1781599412.842356,1781599412.9271255,1781599413.221696,0.08476948738098145,1781599389.2956958,1781599389.2956958,126.25383773719821,0
24.157,24.421000000000003,1,1,3.300000000004068,-1.0,-4.89171488548589e-12,1,3.3164305828239984,-1.0019995961307653,-1.3452465257518244e-41,0.49500000000000455,1.0,0.016551810671003912,2.802746175196623e-10,966.5135096531881,299.3090724209283,nan,nan,1,23.926,967.5565702002865,299.2476430118379,0.0,0.49500000000000455,1.0,3.3284007777438362,-1.0690481629197464,0.07466092002390236,3.3284007777438362,-1.0190481629197463,0.03419702745621185,0.05,nan,nan,nan,nan,nan,nan,nan,299.3090724209283,0.9556519985198975,0.9556519985198975,1.0,0.0,291.0,518.0396690964699,956.0144653320312,276.05999755859375,978.0725708007812,299.54522705078125,nan,nan,nan,nan,nan,0.0,nan,3.0703261832112014,nan,nan,nan,1.0,0.9556519985198975,0.9556519985198975,291.0,0.0,bbox_bottom,518.0396690964699,nan,77.66783599799965,88.13435400952585,1781599413.213135,1781599413.2332518,1781599413.3108745,1781599413.5842445,0.07762265205383301,1781599389.4272444,1781599389.4272444,126.25383773719821,0
24.355,24.643,1,1,3.300000000004068,-1.0,-4.89171477631991e-12,1,3.3056145030692248,-1.0028093247444472,-1.3452465257518244e-41,0.48600000000000065,1.0,0.00627813269917231,2.802746112649124e-10,968.8599940072874,299.49542608172163,nan,nan,1,24.157,966.5135096531881,299.3090724209283,0.0,0.48600000000000065,1.0,3.317540511535859,-1.0698938361816488,0.07206120926673415,3.317540511535859,-1.0198938361816487,0.02652233516904519,0.05,nan,nan,nan,nan,nan,nan,nan,299.49542608172163,0.9556519985198975,0.9556519985198975,1.0,0.0,291.0,518.0396690964699,956.0144653320312,276.05999755859375,978.0725708007812,299.54522705078125,nan,nan,nan,nan,nan,0.0,nan,3.0703261832112014,nan,nan,nan,1.0,0.9556519985198975,0.9556519985198975,291.0,0.0,bbox_bottom,518.0396690964699,nan,72.95125200471375,82.38486600748729,1781599413.5313601,1781599413.5944333,1781599413.667182,1781599413.961135,0.07274866104125977,1781599389.606135,1781599389.606135,126.25383773719821,0
24.586,24.84,1,1,3.300000000004068,-1.0,-4.891714707970138e-12,1,3.3285757902590243,-1.0054108003973057,-1.3452465257518244e-41,0.48499999999999943,1.0,0.02908354431005153,2.802746073487589e-10,967.1301373293948,298.05815418110586,nan,nan,1,24.586,967.1301373293948,298.05815418110586,0.0,0.25400000000000134,1.0,3.329146245343468,-1.0526474225193718,0.060176861959707936,3.329146245343468,-1.0026474225193718,0.029266234185158866,0.05,nan,nan,nan,nan,nan,nan,nan,298.05815418110586,0.9556519985198975,0.9556519985198975,1.0,0.0,291.0,518.0396690964699,956.0144653320312,276.05999755859375,978.0725708007812,299.54522705078125,nan,nan,nan,nan,nan,0.0,nan,3.0703261832112014,nan,nan,nan,1.0,0.9556519985198975,0.9556519985198975,291.0,0.0,bbox_bottom,518.0396690964699,nan,62.11014700238593,70.94248100474942,1781599413.9353924,1781599413.9713714,1781599414.0334334,1781599414.3042426,0.06206202507019043,1781599389.7182426,1781599389.7182426,126.25383773719821,0
24.784,25.039,1,1,3.300000000004068,-1.0,-4.8917146356400725e-12,1,3.3171288104068477,-0.9857483909182212,-1.3452465257518244e-41,0.45300000000000296,1.0,0.022282381094358164,2.8027460320455143e-10,968.6908571327624,300.46271503422554,nan,nan,1,24.586,967.1301373293948,298.05815418110586,0.0,0.45300000000000296,1.0,3.329146245343468,-1.0526474225193718,0.060176861959707936,3.329146245343468,-1.0026474225193718,0.029266234185158866,0.05,nan,nan,nan,nan,nan,nan,nan,300.46271503422554,0.9556519985198975,0.9556519985198975,1.0,0.0,291.0,518.0396690964699,956.0144653320312,276.05999755859375,978.0725708007812,299.54522705078125,nan,nan,nan,nan,nan,0.0,nan,3.0703261832112014,nan,nan,nan,1.0,0.9556519985198975,0.9556519985198975,291.0,0.0,bbox_bottom,518.0396690964699,nan,65.63018100860063,74.60567700036336,1781599414.2720819,1781599414.3143263,1781599414.3799005,1781599414.6643105,0.06557416915893555,1781599389.8803105,1781599389.8803105,126.25383773719821,0
24.982,25.246000000000002,1,1,3.300000000004068,-1.0,-4.8917145352569464e-12,1,3.322780697619809,-1.0185676817289944,-1.3452465257518244e-41,0.4620000000000033,1.0,0.02938909642450832,2.8027459745302194e-10,968.1104529334115,299.5928997819929,nan,nan,1,24.784,968.6908571327624,300.46271503422554,0.0,0.4620000000000033,1.0,3.334730132625773,-1.0857500353813707,0.09251621846912864,3.334730132625773,-1.0357500353813707,0.04984222247944472,0.05,nan,nan,nan,nan,nan,nan,nan,299.5928997819929,0.9556519985198975,0.9556519985198975,1.0,0.0,291.0,518.0396690964699,956.0144653320312,276.05999755859375,978.0725708007812,299.54522705078125,nan,nan,nan,nan,nan,0.0,nan,3.0703261832112014,nan,nan,nan,1.0,0.9556519985198975,0.9556519985198975,291.0,0.0,bbox_bottom,518.0396690964699,nan,72.02886098821182,86.99491000152193,1781599414.6399035,1781599414.680429,1781599414.7523909,1781599415.0396492,0.07196187973022461,1781599390.0576491,1781599390.0576491,126.25383773719821,0
25.18,25.464000000000002,1,1,3.300000000004068,-1.0,-4.891714451054288e-12,1,3.320580004871473,-1.0067187140345857,-1.3452465257518244e-41,0.48200000000000287,1.0,0.02164896576330959,2.8027459262856505e-10,967.9601728552309,299.91617388587565,nan,nan,1,25.18,967.9601728552309,299.91617388587565,0.0,0.2840000000000025,1.0,3.3296471593627786,-1.078243952880918,0.08367239819959799,3.3296471593627786,-1.028243952880918,0.04094722130230922,0.05,nan,nan,nan,nan,nan,nan,nan,299.91617388587565,0.9556519985198975,0.9556519985198975,1.0,0.0,291.0,518.0396690964699,956.0144653320312,276.05999755859375,978.0725708007812,299.54522705078125,nan,nan,nan,nan,nan,0.0,nan,3.0703261832112014,nan,nan,nan,1.0,0.9556519985198975,0.9556519985198975,291.0,0.0,bbox_bottom,518.0396690964699,nan,79.09892100724392,87.18354899610858,1781599414.9914136,1781599415.0484056,1781599415.1274586,1781599415.4227557,0.07905292510986328,1781599390.2427557,1781599390.2427557,126.25383773719821,0
25.411,25.665000000000003,1,1,3.300000000004068,-1.0,-4.8917143609457705e-12,1,3.3176970305144997,-1.0111158849877202,-1.3452465257518244e-41,0.485000000000003,1.0,0.02089851162038507,2.802745874657273e-10,967.6567071442653,299.39303409237294,nan,nan,1,25.411,967.6567071442653,299.39303409237294,0.0,0.25400000000000134,1.0,3.3287976124644656,-1.0710493904285918,0.07666367042930905,3.3287976124644656,-1.0210493904285918,0.035670426417895966,0.05,nan,nan,nan,nan,nan,nan,nan,299.39303409237294,0.9556519985198975,0.9556519985198975,1.0,0.0,291.0,518.0396690964699,956.0144653320312,276.05999755859375,978.0725708007812,299.54522705078125,nan,nan,nan,nan,nan,0.0,nan,3.0703261832112014,nan,nan,nan,1.0,0.9556519985198975,0.9556519985198975,291.0,0.0,bbox_bottom,518.0396690964699,nan,66.90091599011794,80.37893500295468,1781599415.4122298,1781599415.4393933,1781599415.506217,1781599415.780838,0.06682372093200684,1781599390.369838,1781599390.369838,126.25383773719821,0
25.609,25.905,1,1,3.300000000004068,-1.0,-4.891714267975731e-12,1,3.2907713239984857,-1.0199983977097462,-1.3452465257518244e-41,0.2959999999999994,1.0,0.02202508505711601,2.802745821389364e-10,965.5696301183643,300.57408139858444,nan,nan,1,25.609,965.5696301183643,300.57408139858444,0.0,0.2959999999999994,1.0,3.3025926384571154,-1.0872783514002626,0.08731685059194443,3.3025926384571154,-1.0372783514002626,0.037368399179917765,0.05,nan,nan,nan,nan,nan,nan,nan,300.57408139858444,0.9556519985198975,0.9556519985198975,1.0,0.0,291.0,518.0396690964699,956.0144653320312,276.05999755859375,978.0725708007812,299.54522705078125,nan,nan,nan,nan,nan,0.0,nan,3.0703261832112014,nan,nan,nan,1.0,0.9556519985198975,0.9556519985198975,291.0,0.0,bbox_bottom,518.0396690964699,nan,88.34037299675401,102.0057940040715,1781599415.7694974,1781599415.7953558,1781599415.8836167,1781599416.1742601,0.08826088905334473,1781599390.5652602,1781599390.5652602,126.25383773719821,0
25.84,26.124000000000002,1,1,3.300000000004068,-1.0,-4.8917141501339325e-12,1,3.2907713239984857,-1.0199983977097462,-1.3452465257518244e-41,0.5150000000000006,1.0,0.02202508505711601,2.8027457538709867e-10,965.1085584297965,299.3052903795232,nan,nan,1,25.609,965.5696301183643,300.57408139858444,0.0,0.5150000000000006,1.0,3.3025926384571154,-1.0872783514002626,0.08731685059194443,3.3025926384571154,-1.0372783514002626,0.037368399179917765,0.05,nan,nan,nan,nan,nan,nan,nan,299.3052903795232,0.9556519985198975,0.9556519985198975,1.0,0.0,291.0,518.0396690964699,956.0144653320312,276.05999755859375,978.0725708007812,299.54522705078125,nan,nan,nan,nan,nan,0.0,nan,3.0703261832112014,nan,nan,nan,1.0,0.9556519985198975,0.9556519985198975,291.0,0.0,bbox_bottom,518.0396690964699,nan,72.35524900897872,83.00357399275526,1781599416.1481576,1781599416.190217,1781599416.262462,1781599416.5645745,0.07224488258361816,1781599390.7245746,1781599390.7245746,126.25383773719821,0
26.071,26.328000000000003,1,1,3.300000000004068,-1.0,-4.891714038384704e-12,1,3.2914103178762475,-1.0027205837614617,-1.3452465257518244e-41,0.4880000000000031,1.0,0.009010228357823684,2.8027456898433956e-10,966.8389955780066,298.50236690979676,nan,nan,1,26.071,966.8389955780066,298.50236690979676,0.0,0.25700000000000145,1.0,3.3242866114587852,-1.0587781297629997,0.06359801910742523,3.3242866114587852,-1.0087781297629996,0.025824311376849072,0.05,nan,nan,nan,nan,nan,nan,nan,298.50236690979676,0.9556519985198975,0.9556519985198975,1.0,0.0,291.0,518.0396690964699,956.0144653320312,276.05999755859375,978.0725708007812,299.54522705078125,nan,nan,nan,nan,nan,0.0,nan,3.0703261832112014,nan,nan,nan,1.0,0.9556519985198975,0.9556519985198975,291.0,0.0,bbox_bottom,518.0396690964699,nan,58.74717599363066,68.88620401150547,1781599416.5452068,1781599416.5757616,1781599416.6344593,1781599416.9066484,0.05869770050048828,1781599390.8356483,1781599390.8356483,126.25383773719821,0
26.269,26.549000000000003,1,1,3.300000000004068,-1.0,-4.891713951506685e-12,1,3.312304508552786,-0.9918112491425586,-1.3452465257518244e-41,0.47800000000000153,1.0,0.014780276426058949,2.8027456400659566e-10,967.6566412027428,299.3448973493717,nan,nan,1,26.269,967.6566412027428,299.3448973493717,0.0,0.2800000000000047,1.0,3.3290024183556737,-1.070386896280948,0.07612788870254102,3.3290024183556737,-1.020386896280948,0.03545089293955336,0.05,nan,nan,nan,nan,nan,nan,nan,299.3448973493717,0.9556519985198975,0.9556519985198975,1.0,0.0,291.0,518.0396690964699,956.0144653320312,276.05999755859375,978.0725708007812,299.54522705078125,nan,nan,nan,nan,nan,0.0,nan,3.0703261832112014,nan,nan,nan,1.0,0.9556519985198975,0.9556519985198975,291.0,0.0,bbox_bottom,518.0396690964699,nan,79.1174299956765,97.27367099549156,1781599416.8888228,1781599416.9283442,1781599417.0074096,1781599417.314786,0.07906532287597656,1781599391.045786,1781599391.045786,126.25383773719821,0
26.5,26.749000000000002,1,1,3.300000000004068,-1.0,-4.891713846192201e-12,1,3.3170335235800974,-1.0033278519108058,-1.3452465257518244e-41,0.480000000000004,1.0,0.01735556175280416,2.8027455797252025e-10,966.606649740809,300.0650687817589,nan,nan,1,26.269,967.6566412027428,299.3448973493717,0.0,0.480000000000004,1.0,3.3290024183556737,-1.070386896280948,0.07612788870254102,3.3290024183556737,-1.020386896280948,0.03545089293955336,0.05,nan,nan,nan,nan,nan,nan,nan,300.0650687817589,0.9556519985198975,0.9556519985198975,1.0,0.0,291.0,518.0396690964699,956.0144653320312,276.05999755859375,978.0725708007812,299.54522705078125,nan,nan,nan,nan,nan,0.0,nan,3.0703261832112014,nan,nan,nan,1.0,0.9556519985198975,0.9556519985198975,291.0,0.0,bbox_bottom,518.0396690964699,nan,70.84590599697549,83.74738099519163,1781599417.297991,1781599417.3287165,1781599417.3993504,1781599417.6841106,0.0706338882446289,1781599391.1841106,1781599391.1841106,126.25383773719821,0
26.698,26.96,1,1,3.300000000004068,-1.0,-4.891713764805714e-12,1,3.3033836556638523,-1.0131059615818347,-1.3452465257518244e-41,0.46000000000000085,1.0,0.013535706653459866,2.80274553309418e-10,966.5669390258479,300.93420702561957,nan,nan,1,26.698,966.5669390258479,300.93420702561957,0.0,0.26200000000000045,1.0,3.3111827469645707,-1.0922170748337856,0.09289264083059887,3.3111827469645707,-1.0422170748337856,0.04367304932225457,0.05,nan,nan,nan,nan,nan,nan,nan,300.93420702561957,0.9556519985198975,0.9556519985198975,1.0,0.0,291.0,518.0396690964699,956.0144653320312,276.05999755859375,978.0725708007812,299.54522705078125,nan,nan,nan,nan,nan,0.0,nan,3.0703261832112014,nan,nan,nan,1.0,0.9556519985198975,0.9556519985198975,291.0,0.0,bbox_bottom,518.0396690964699,nan,63.108725007623434,73.11684600426815,1781599417.6630087,1781599417.696025,1781599417.7590857,1781599418.0518427,0.06306076049804688,1781599391.3538427,1781599391.3538427,126.25383773719821,0
26.896,27.181,1,1,3.300000000004068,-1.0,-4.8917136722867814e-12,1,3.2993416511142066,-1.024915089164187,-1.3452465257518244e-41,0.48300000000000054,1.0,0.024923785653872235,2.8027454800847366e-10,967.3949731425936,299.0708940639468,nan,nan,1,26.896,967.3949731425936,299.0708940639468,0.0,0.28500000000000014,1.0,3.327513004556741,-1.0666143079243084,0.07207240414853647,3.327513004556741,-1.0166143079243084,0.03214032743017923,0.05,nan,nan,nan,nan,nan,nan,nan,299.0708940639468,0.9556519985198975,0.9556519985198975,1.0,0.0,291.0,518.0396690964699,956.0144653320312,276.05999755859375,978.0725708007812,299.54522705078125,nan,nan,nan,nan,nan,0.0,nan,3.0703261832112014,nan,nan,nan,1.0,0.9556519985198975,0.9556519985198975,291.0,0.0,bbox_bottom,518.0396690964699,nan,86.58142200147267,102.13694399863016,1781599418.0131094,1781599418.0682662,1781599418.1547542,1781599418.4369345,0.08648800849914551,1781599391.5409346,1781599391.5409346,126.25383773719821,0
27.127,27.358,1,1,3.300000000004068,-1.0,-4.891713609775476e-12,1,3.315539651088096,-0.9995853271961861,-1.3452465257518244e-41,0.46199999999999974,1.0,0.015545182834162978,2.8027454442683966e-10,965.0992530904207,298.2374738538801,nan,nan,1,26.896,967.3949731425936,299.0708940639468,0.0,0.46199999999999974,1.0,3.327513004556741,-1.0666143079243084,0.07207240414853647,3.327513004556741,-1.0166143079243084,0.03214032743017923,0.05,nan,nan,nan,nan,nan,nan,nan,298.2374738538801,0.9556519985198975,0.9556519985198975,1.0,0.0,291.0,518.0396690964699,956.0144653320312,276.05999755859375,978.0725708007812,299.54522705078125,nan,nan,nan,nan,nan,0.0,nan,3.0703261832112014,nan,nan,nan,1.0,0.9556519985198975,0.9556519985198975,291.0,0.0,bbox_bottom,518.0396690964699,nan,60.3822640114231,69.01139499677811,1781599418.4163136,1781599418.4469433,1781599418.5072553,1781599418.7634392,0.06031203269958496,1781599391.636439,1781599391.636439,126.25383773719821,0
27.292,27.549000000000003,1,1,3.300000000004068,-1.0,-4.89171352828057e-12,1,3.2957882773841685,-0.9881459565489679,-1.3452465257518244e-41,0.42200000000000415,1.0,0.01258002200180637,2.802745397575255e-10,968.1303488511746,299.4946229876699,nan,nan,1,27.127,965.0992530904207,298.2374738538801,0.0,0.42200000000000415,1.0,3.307716338822584,-1.055123178100708,0.05566063823461339,3.307716338822584,-1.005123178100708,0.009262226439345263,0.05,nan,nan,nan,nan,nan,nan,nan,299.4946229876699,0.9556519985198975,0.9556519985198975,1.0,0.0,291.0,518.0396690964699,956.0144653320312,276.05999755859375,978.0725708007812,299.54522705078125,nan,nan,nan,nan,nan,0.0,nan,3.0703261832112014,nan,nan,nan,1.0,0.9556519985198975,0.9556519985198975,291.0,0.0,bbox_bottom,518.0396690964699,nan,72.52075200085528,78.6753190041054,1781599418.7169275,1781599418.7704268,1781599418.8429072,1781599419.1173074,0.07248044013977051,1781599391.8253074,1781599391.8253074,126.25383773719821,0
27.49,27.764000000000003,1,1,3.300000000004068,-1.0,-4.891713393681506e-12,1,3.321195949243148,-1.0053805490990888,-1.3452465257518244e-41,0.4720000000000013,1.0,0.02186820918029996,2.802745320455672e-10,966.7603930007267,301.1884786650239,nan,nan,1,27.292,968.1303488511746,299.4946229876699,0.0,0.4720000000000013,1.0,3.3331753700166242,-1.0724472473375055,0.07968192280719452,3.3331753700166242,-1.0224472473375055,0.04005601188961719,0.05,nan,nan,nan,nan,nan,nan,nan,301.1884786650239,0.9556519985198975,0.9556519985198975,1.0,0.0,291.0,518.0396690964699,956.0144653320312,276.05999755859375,978.0725708007812,299.54522705078125,nan,nan,nan,nan,nan,0.0,nan,3.0703261832112014,nan,nan,nan,1.0,0.9556519985198975,0.9556519985198975,291.0,0.0,bbox_bottom,518.0396690964699,nan,70.73665800271556,82.2217550012283,1781599419.0857568,1781599419.1316512,1781599419.2023435,1781599419.5130184,0.07069230079650879,1781599392.0230184,1781599392.0230184,126.25383773719821,0
27.721,27.971,1,1,3.300000000004068,-1.0,-4.8917133058122806e-12,1,3.30023144868006,-1.0283703710688725,-1.3452465257518244e-41,0.48100000000000165,1.0,0.028371315145321294,2.802745270110315e-10,965.7608688223323,298.95956925093986,nan,nan,1,27.721,965.7608688223323,298.95956925093986,0.0,0.25,1.0,3.3113774122907613,-1.0650808420553253,0.06606785536833773,3.3113774122907613,-1.0150808420553252,0.018891196559219413,0.05,nan,nan,nan,nan,nan,nan,nan,298.95956925093986,0.9556519985198975,0.9556519985198975,1.0,0.0,291.0,518.0396690964699,956.0144653320312,276.05999755859375,978.0725708007812,299.54522705078125,nan,nan,nan,nan,nan,0.0,nan,3.0703261832112014,nan,nan,nan,1.0,0.9556519985198975,0.9556519985198975,291.0,0.0,bbox_bottom,518.0396690964699,nan,83.37665999715682,93.10312400339171,1781599419.498427,1781599419.524422,1781599419.607689,1781599419.9040377,0.0832669734954834,1781599392.1830378,1781599392.1830378,126.25383773719821,0
27.919,28.17,1,1,3.300000000004068,-1.0,-4.891713189245093e-12,1,3.299462161911903,-0.9980235632263361,-1.3452465257518244e-41,0.4490000000000016,1.0,0.002048309579549583,2.802745203322236e-10,966.5709303896477,300.13156433231256,nan,nan,1,27.919,966.5709303896477,300.13156433231256,0.0,0.2510000000000012,1.0,3.3146278440586947,-1.0812033979073588,0.08251039724414924,3.3146278440586947,-1.0312033979073587,0.034461948039126174,0.05,nan,nan,nan,nan,nan,nan,nan,300.13156433231256,0.9556519985198975,0.9556519985198975,1.0,0.0,291.0,518.0396690964699,956.0144653320312,276.05999755859375,978.0725708007812,299.54522705078125,nan,nan,nan,nan,nan,0.0,nan,3.0703261832112014,nan,nan,nan,1.0,0.9556519985198975,0.9556519985198975,291.0,0.0,bbox_bottom,518.0396690964699,nan,65.6286790035665,78.4754690103,1781599419.8869293,1781599419.9183745,1781599419.9838932,1781599420.2709246,0.06551861763000488,1781599392.3519247,1781599392.3519247,126.25383773719821,0
28.117,28.400000000000002,1,1,3.300000000004068,-1.0,-4.891713071387748e-12,1,3.3027436650276556,-1.0140095125747395,-1.3452465257518244e-41,0.48100000000000165,1.0,0.014275648508682218,2.8027451357949515e-10,966.3799828681022,298.93180920216724,nan,nan,1,27.919,966.5709303896477,300.13156433231256,0.0,0.48100000000000165,1.0,3.3146278440586947,-1.0812033979073588,0.08251039724414924,3.3146278440586947,-1.0312033979073587,0.034461948039126174,0.05,nan,nan,nan,nan,nan,nan,nan,298.93180920216724,0.9556519985198975,0.9556519985198975,1.0,0.0,291.0,518.0396690964699,956.0144653320312,276.05999755859375,978.0725708007812,299.54522705078125,nan,nan,nan,nan,nan,0.0,nan,3.0703261832112014,nan,nan,nan,1.0,0.9556519985198975,0.9556519985198975,291.0,0.0,bbox_bottom,518.0396690964699,nan,86.94732400181238,104.00691999529954,1781599420.2541256,1781599420.2888649,1781599420.3757534,1781599420.7005358,0.08688855171203613,1781599392.5835357,1781599392.5835357,126.25383773719821,0
28.348,28.602,1,1,3.300000000004068,-1.0,-4.891712990869694e-12,1,3.290695304323761,-1.01592434729827,-1.3452465257518244e-41,0.25400000000000134,1.0,0.01844348661666357,2.8027450896615047e-10,965.4383686695211,300.2745764547991,nan,nan,1,28.348,965.4383686695211,300.2745764547991,0.0,0.25400000000000134,1.0,3.302527487344078,-1.0831674772112128,0.08320587393887227,3.302527487344078,-1.0331674772112127,0.033263639861119,0.05,nan,nan,nan,nan,nan,nan,nan,300.2745764547991,0.9556519985198975,0.9556519985198975,1.0,0.0,291.0,518.0396690964699,956.0144653320312,276.05999755859375,978.0725708007812,299.54522705078125,nan,nan,nan,nan,nan,0.0,nan,3.0703261832112014,nan,nan,nan,1.0,0.9556519985198975,0.9556519985198975,291.0,0.0,bbox_bottom,518.0396690964699,nan,65.12278299487662,75.4410520021338,1781599420.667848,1781599420.7122743,1781599420.7773414,1781599421.062709,0.06506705284118652,1781599392.714709,1781599392.714709,126.25383773719821,0
28.546,28.831000000000003,1,1,3.300000000004068,-1.0,-4.8917129042080685e-12,1,3.290695304323761,-1.01592434729827,-1.3452465257518244e-41,0.4830000000000041,1.0,0.01844348661666357,2.8027450400080507e-10,967.8496574249212,299.0688503033801,nan,nan,1,28.546,967.8496574249212,299.0688503033801,0.0,0.2850000000000037,1.0,3.332142994172286,-1.0665861415878704,0.07393839547662638,3.332142994172286,-1.0165861415878703,0.03617004515992437,0.05,nan,nan,nan,nan,nan,nan,nan,299.0688503033801,0.9556519985198975,0.9556519985198975,1.0,0.0,291.0,518.0396690964699,956.0144653320312,276.05999755859375,978.0725708007812,299.54522705078125,nan,nan,nan,nan,nan,0.0,nan,3.0703261832112014,nan,nan,nan,1.0,0.9556519985198975,0.9556519985198975,291.0,0.0,bbox_bottom,518.0396690964699,nan,72.9271919990424,83.02308699057903,1781599421.0444875,1781599421.0736969,1781599421.1465771,1781599421.430795,0.07288026809692383,1781599392.884795,1781599392.884795,126.25383773719821,0
28.777,29.029000000000003,1,1,3.300000000004068,-1.0,-4.891712811392708e-12,1,3.3201517020137645,-0.9995694939715167,-1.3452465257518244e-41,0.4830000000000041,1.0,0.02015629999102421,2.8027449868287663e-10,967.2068580119476,298.2525809280219,nan,nan,1,28.777,967.2068580119476,298.2525809280219,0.0,0.25200000000000244,1.0,3.329095648625826,-1.0553316148751841,0.06251515315038829,3.329095648625826,-1.005331614875184,0.029580109632962648,0.05,nan,nan,nan,nan,nan,nan,nan,298.2525809280219,0.9556519985198975,0.9556519985198975,1.0,0.0,291.0,518.0396690964699,956.0144653320312,276.05999755859375,978.0725708007812,299.54522705078125,nan,nan,nan,nan,nan,0.0,nan,3.0703261832112014,nan,nan,nan,1.0,0.9556519985198975,0.9556519985198975,291.0,0.0,bbox_bottom,518.0396690964699,nan,70.12192200636491,83.88521100278012,1781599421.4149613,1781599421.4496248,1781599421.5196323,1781599421.7914824,0.0700075626373291,1781599393.0144825,1781599393.0144825,126.25383773719821,0
28.975,29.224,1,1,3.300000000004068,-1.0,-4.891712774220341e-12,1,3.317085669631665,-0.9884082962201872,-1.3452465257518244e-41,0.4469999999999992,1.0,0.02064673589559151,2.802744965530569e-10,966.5717049116654,300.9231780035038,nan,nan,1,28.975,966.5717049116654,300.9231780035038,0.0,0.24899999999999878,1.0,3.3112778055866183,-1.0920658902882623,0.09275406758373538,3.3112778055866183,-1.0420658902882622,0.043551441130023655,0.05,nan,nan,nan,nan,nan,nan,nan,300.9231780035038,0.9556519985198975,0.9556519985198975,1.0,0.0,291.0,518.0396690964699,956.0144653320312,276.05999755859375,978.0725708007812,299.54522705078125,nan,nan,nan,nan,nan,0.0,nan,3.0703261832112014,nan,nan,nan,1.0,0.9556519985198975,0.9556519985198975,291.0,0.0,bbox_bottom,518.0396690964699,nan,58.404555995366536,79.97981800872367,1781599421.773446,1781599421.8174736,1781599421.8757792,1781599422.133512,0.05830550193786621,1781599393.158512,1781599393.158512,126.25383773719821,0
29.173,29.418000000000003,1,1,3.300000000004068,-1.0,-4.8917126679733304e-12,1,3.2994359340458947,-1.0247655131363336,-1.3452465257518244e-41,0.4430000000000014,1.0,0.024771935962114078,2.802744904655516e-10,967.1792488004734,301.85559053757714,nan,nan,1,28.975,966.5717049116654,300.9231780035038,0.0,0.4430000000000014,1.0,3.3112778055866183,-1.0920658902882623,0.09275406758373538,3.3112778055866183,-1.0420658902882622,0.043551441130023655,0.05,nan,nan,nan,nan,nan,nan,nan,301.85559053757714,0.9556519985198975,0.9556519985198975,1.0,0.0,291.0,518.0396690964699,956.0144653320312,276.05999755859375,978.0725708007812,299.54522705078125,nan,nan,nan,nan,nan,0.0,nan,3.0703261832112014,nan,nan,nan,1.0,0.9556519985198975,0.9556519985198975,291.0,0.0,bbox_bottom,518.0396690964699,nan,61.72309500107076,71.36458899185527,1781599422.10787,1781599422.1446114,1781599422.2062683,1781599422.4713724,0.061656951904296875,1781599393.2983723,1781599393.2983723,126.25383773719821,0
29.371,29.629,1,1,3.300000000004068,-1.0,-4.8917125684306296e-12,1,3.301668410978995,-1.037422697157268,-1.3452465257518244e-41,0.45600000000000307,1.0,0.03745986996381394,2.8027448476217495e-10,966.2563253242491,300.12551146750553,nan,nan,1,29.173,967.1792488004734,301.85559053757714,0.0,0.45600000000000307,1.0,3.3134842621567966,-1.1048322017004029,0.10569586481578858,3.3134842621567966,-1.0548322017004028,0.05646588057506199,0.05,nan,nan,nan,nan,nan,nan,nan,300.12551146750553,0.9556519985198975,0.9556519985198975,1.0,0.0,291.0,518.0396690964699,956.0144653320312,276.05999755859375,978.0725708007812,299.54522705078125,nan,nan,nan,nan,nan,0.0,nan,3.0703261832112014,nan,nan,nan,1.0,0.9556519985198975,0.9556519985198975,291.0,0.0,bbox_bottom,518.0396690964699,nan,76.26621499366593,89.45403000689112,1781599422.454067,1781599422.4864526,1781599422.5626426,1781599422.8319442,0.07618999481201172,1781599393.4609442,1781599393.4609442,126.25383773719821,0
29.569,29.856,1,1,3.300000000004068,-1.0,-4.8917124640433144e-12,1,3.299588144734961,-1.0139188662949665,-1.3452465257518244e-41,0.485000000000003,1.0,0.013924958301547857,2.8027447878122237e-10,966.8480122385731,300.11104489760936,nan,nan,1,29.569,966.8480122385731,300.11104489760936,0.0,0.2870000000000026,1.0,3.3175273861335626,-1.0809215277391455,0.08279796444460269,3.3175273861335626,-1.0309215277391455,0.035543637155687056,0.05,nan,nan,nan,nan,nan,nan,nan,300.11104489760936,0.9556519985198975,0.9556519985198975,1.0,0.0,291.0,518.0396690964699,956.0144653320312,276.05999755859375,978.0725708007812,299.54522705078125,nan,nan,nan,nan,nan,0.0,nan,3.0703261832112014,nan,nan,nan,1.0,0.9556519985198975,0.9556519985198975,291.0,0.0,bbox_bottom,518.0396690964699,nan,78.89794999209698,89.06122500775382,1781599422.7983987,1781599422.8429773,1781599422.9218366,1781599423.2210162,0.07885932922363281,1781599393.6520162,1781599393.6520162,126.25383773719821,0
29.8,30.071,1,1,3.300000000004068,-1.0,-4.891712404452495e-12,1,3.3056312582103935,-1.0137377438614434,-1.3452465257518244e-41,0.5020000000000024,1.0,0.014847110001240437,2.8027447536691993e-10,967.0363067067475,298.98402894037207,nan,nan,1,29.569,966.8480122385731,300.11104489760936,0.0,0.5020000000000024,1.0,3.3175273861335626,-1.0809215277391455,0.08279796444460269,3.3175273861335626,-1.0309215277391455,0.035543637155687056,0.05,nan,nan,nan,nan,nan,nan,nan,298.98402894037207,0.9556519985198975,0.9556519985198975,1.0,0.0,291.0,518.0396690964699,956.0144653320312,276.05999755859375,978.0725708007812,299.54522705078125,nan,nan,nan,nan,nan,0.0,nan,3.0703261832112014,nan,nan,nan,1.0,0.9556519985198975,0.9556519985198975,291.0,0.0,bbox_bottom,518.0396690964699,nan,64.3579270108603,74.66241800284479,1781599423.1947198,1781599423.2321367,1781599423.296445,1781599423.5797584,0.06430816650390625,1781599393.7797585,1781599393.7797585,126.25383773719821,0
29.998,30.278000000000002,1,1,3.300000000004068,-1.0,-4.8917123039308666e-12,1,3.3122741011570276,-0.9983910128383451,-1.3452465257518244e-41,0.47800000000000153,1.0,0.012379111389734366,2.802744696074549e-10,966.1759013020845,302.61126378983016,nan,nan,1,29.8,967.0363067067475,298.98402894037207,0.0,0.47800000000000153,1.0,3.3242380565104823,-1.0654177702635106,0.06976365851543036,3.3242380565104823,-1.0154177702635105,0.028726138325687243,0.05,nan,nan,nan,nan,nan,nan,nan,302.61126378983016,0.9556519985198975,0.9556519985198975,1.0,0.0,291.0,518.0396690964699,956.0144653320312,276.05999755859375,978.0725708007812,299.54522705078125,nan,nan,nan,nan,nan,0.0,nan,3.0703261832112014,nan,nan,nan,1.0,0.9556519985198975,0.9556519985198975,291.0,0.0,bbox_bottom,518.0396690964699,nan,74.12061300419737,88.54032000817824,1781599423.5358226,1781599423.5954225,1781599423.669502,1781599423.9518845,0.07407951354980469,1781599393.9538846,1781599393.9538846,126.25383773719821,0
30.229,30.477,1,1,3.300000000004068,-1.0,-4.891712245056943e-12,1,3.2883988396932167,-1.047619164774297,-1.3452465257518244e-41,0.4789999999999992,1.0,0.04901195542273047,2.8027446623422755e-10,966.9661730066821,297.528566360548,nan,nan,1,29.998,966.1759013020845,302.61126378983016,0.0,0.4789999999999992,1.0,3.3001352634658887,-1.1151564043547024,0.1151564837953462,3.3001352634658887,-1.0651564043547024,0.065156544756744,0.05,nan,nan,nan,nan,nan,nan,nan,297.528566360548,0.9556519985198975,0.9556519985198975,1.0,0.0,291.0,518.0396690964699,956.0144653320312,276.05999755859375,978.0725708007812,299.54522705078125,nan,nan,nan,nan,nan,0.0,nan,3.0703261832112014,nan,nan,nan,1.0,0.9556519985198975,0.9556519985198975,291.0,0.0,bbox_bottom,518.0396690964699,nan,67.69456098845694,82.3941639973782,1781599423.934103,1781599423.9712577,1781599424.0387287,1781599424.318744,0.06747102737426758,1781599394.0897439,1781599394.0897439,126.25383773719821,0
30.427,30.682000000000002,1,1,3.300000000004068,-1.0,-4.891712159089975e-12,1,3.317703040349822,-0.9784976799756113,-1.3452465257518244e-41,0.45300000000000296,1.0,0.027852242349847088,2.802744613086831e-10,966.394917458503,300.2232667779052,nan,nan,1,30.427,966.394917458503,300.2232667779052,0.0,0.25500000000000256,1.0,3.3124522150187663,-1.0824628700158065,0.08339773731952253,3.3124522150187663,-1.0324628700158065,0.03476917583773627,0.05,nan,nan,nan,nan,nan,nan,nan,300.2232667779052,0.9556519985198975,0.9556519985198975,1.0,0.0,291.0,518.0396690964699,956.0144653320312,276.05999755859375,978.0725708007812,299.54522705078125,nan,nan,nan,nan,nan,0.0,nan,3.0703261832112014,nan,nan,nan,1.0,0.9556519985198975,0.9556519985198975,291.0,0.0,bbox_bottom,518.0396690964699,nan,72.90538100642152,85.06992799811997,1781599424.303715,1781599424.3336363,1781599424.4064682,1781599424.7109532,0.07283186912536621,1781599394.2839532,1781599394.2839532,126.25383773719821,0
30.625,30.907000000000004,1,1,3.300000000004068,-1.0,-4.891712050597541e-12,1,3.300579836436617,-1.0152519744775184,-1.3452465257518244e-41,0.480000000000004,1.0,0.015262992359016046,2.802744550925245e-10,966.5435096332214,300.9056732532665,nan,nan,1,30.625,966.5435096332214,300.9056732532665,0.0,0.2820000000000036,1.0,3.311066090229059,-1.0918259297884725,0.09249032238231804,3.311066090229059,-1.0418259297884724,0.043265075471306744,0.05,nan,nan,nan,nan,nan,nan,nan,300.9056732532665,0.9556519985198975,0.9556519985198975,1.0,0.0,291.0,518.0396690964699,956.0144653320312,276.05999755859375,978.0725708007812,299.54522705078125,nan,nan,nan,nan,nan,0.0,nan,3.0703261832112014,nan,nan,nan,1.0,0.9556519985198975,0.9556519985198975,291.0,0.0,bbox_bottom,518.0396690964699,nan,91.24831600638572,101.91245400346816,1781599424.6906552,1781599424.7250283,1781599424.8162053,1781599425.12204,0.09117698669433594,1781599394.49704,1781599394.49704,126.25383773719821,0
30.856,31.107000000000003,1,1,3.300000000004068,-1.0,-4.891711953938159e-12,1,3.299224386393033,-1.0245271596757137,-1.3452465257518244e-41,0.48200000000000287,1.0,0.024539420087515938,2.8027444955434986e-10,968.0459163392502,299.39288841495704,nan,nan,1,30.856,968.0459163392502,299.39288841495704,0.0,0.2510000000000012,1.0,3.3327523886708015,-1.0710473711051152,0.07823329153451691,3.3327523886708015,-1.0210473711051151,0.03893213060973158,0.05,nan,nan,nan,nan,nan,nan,nan,299.39288841495704,0.9556519985198975,0.9556519985198975,1.0,0.0,291.0,518.0396690964699,956.0144653320312,276.05999755859375,978.0725708007812,299.54522705078125,nan,nan,nan,nan,nan,0.0,nan,3.0703261832112014,nan,nan,nan,1.0,0.9556519985198975,0.9556519985198975,291.0,0.0,bbox_bottom,518.0396690964699,nan,63.34877299377695,78.23559199459851,1781599425.112887,1781599425.1399057,1781599425.2031584,1781599425.4849355,0.06325268745422363,1781599394.6289356,1781599394.6289356,126.25383773719821,0
31.054,31.318,1,1,3.300000000004068,-1.0,-4.891711872109775e-12,1,3.3207708130941485,-1.0039921667945824,-1.3452465257518244e-41,0.46199999999999974,1.0,0.021150982770046844,2.802744448659288e-10,966.5713021236302,298.54042604375354,nan,nan,1,30.856,968.0459163392502,299.39288841495704,0.0,0.46199999999999974,1.0,3.3327523886708015,-1.0710473711051152,0.07823329153451691,3.3327523886708015,-1.0210473711051151,0.03893213060973158,0.05,nan,nan,nan,nan,nan,nan,nan,298.54042604375354,0.9556519985198975,0.9556519985198975,1.0,0.0,291.0,518.0396690964699,956.0144653320312,276.05999755859375,978.0725708007812,299.54522705078125,nan,nan,nan,nan,nan,0.0,nan,3.0703261832112014,nan,nan,nan,1.0,0.9556519985198975,0.9556519985198975,291.0,0.0,bbox_bottom,518.0396690964699,nan,69.58203899557702,83.79597999737598,1781599425.4746237,1781599425.50006,1781599425.5695832,1781599425.8450074,0.06952309608459473,1781599394.7910075,1781599394.7910075,126.25383773719821,0
31.252,31.540000000000003,1,1,3.300000000004068,-1.0,-4.891711795608772e-12,1,3.309432056429263,-0.9923239470696628,-1.3452465257518244e-41,0.4860000000000042,1.0,0.012160817283283328,2.802744404827442e-10,966.343551524093,298.0720839761156,nan,nan,1,31.252,966.343551524093,298.0720839761156,0.0,0.2880000000000038,1.0,3.321081839009388,-1.0528398069263922,0.05689014969100223,3.321081839009388,-1.0028398069263922,0.02127224574945996,0.05,nan,nan,nan,nan,nan,nan,nan,298.0720839761156,0.9556519985198975,0.9556519985198975,1.0,0.0,291.0,518.0396690964699,956.0144653320312,276.05999755859375,978.0725708007812,299.54522705078125,nan,nan,nan,nan,nan,0.0,nan,3.0703261832112014,nan,nan,nan,1.0,0.9556519985198975,0.9556519985198975,291.0,0.0,bbox_bottom,518.0396690964699,nan,77.07989499613177,89.05450400197878,1781599425.7945962,1781599425.8581524,1781599425.9351783,1781599426.2180927,0.0770258903503418,1781599394.9660926,1781599394.9660926,126.25383773719821,0
31.483,31.736,1,1,3.300000000004068,-1.0,-4.8917117345778594e-12,1,3.3090960369522255,-0.9859180040218374,-1.3452465257518244e-41,0.48400000000000176,1.0,0.016764262551369,2.8027443698593054e-10,968.2479143579393,301.13592783790733,nan,nan,1,31.252,966.343551524093,298.0720839761156,0.0,0.48400000000000176,1.0,3.321081839009388,-1.0528398069263922,0.05689014969100223,3.321081839009388,-1.0028398069263922,0.02127224574945996,0.05,nan,nan,nan,nan,nan,nan,nan,301.13592783790733,0.9556519985198975,0.9556519985198975,1.0,0.0,291.0,518.0396690964699,956.0144653320312,276.05999755859375,978.0725708007812,299.54522705078125,nan,nan,nan,nan,nan,0.0,nan,3.0703261832112014,nan,nan,nan,1.0,0.9556519985198975,0.9556519985198975,291.0,0.0,bbox_bottom,518.0396690964699,nan,71.32080600422341,84.02474399190396,1781599426.2015953,1781599426.2356694,1781599426.3069034,1781599426.5693853,0.07123398780822754,1781599395.0863853,1781599395.0863853,126.25383773719821,0
31.681,31.963,1,1,3.300000000004068,-1.0,-4.891711642338477e-12,1,3.315471856630195,-1.0276967867366478,-1.3452465257518244e-41,0.4800000000000004,1.0,0.03172523196124449,2.802744317010032e-10,965.7873799966785,298.3635440750948,nan,nan,1,31.681,965.7873799966785,298.3635440750948,0.0,0.28200000000000003,1.0,3.3141811672057147,-1.0568629899557571,0.05860465109451288,3.3141811672057147,-1.006862989955757,0.015754559160251917,0.05,nan,nan,nan,nan,nan,nan,nan,298.3635440750948,0.9556519985198975,0.9556519985198975,1.0,0.0,291.0,518.0396690964699,956.0144653320312,276.05999755859375,978.0725708007812,299.54522705078125,nan,nan,nan,nan,nan,0.0,nan,3.0703261832112014,nan,nan,nan,1.0,0.9556519985198975,0.9556519985198975,291.0,0.0,bbox_bottom,518.0396690964699,nan,76.52743700600695,85.61442200152669,1781599426.541979,1781599426.580849,1781599426.6573343,1781599426.9539661,0.07648539543151855,1781599395.2729661,1781599395.2729661,126.25383773719821,0
31.912,32.165,1,1,3.300000000004068,-1.0,-4.8917115810593844e-12,1,3.302232870650465,-0.9898869785743851,-1.3452465257518244e-41,0.4839999999999982,1.0,0.010356587936115198,2.8027442818996984e-10,965.2750062093194,298.58137282004907,nan,nan,1,31.681,965.7873799966785,298.3635440750948,0.0,0.4839999999999982,1.0,3.3141811672057147,-1.0568629899557571,0.05860465109451288,3.3141811672057147,-1.006862989955757,0.015754559160251917,0.05,nan,nan,nan,nan,nan,nan,nan,298.58137282004907,0.9556519985198975,0.9556519985198975,1.0,0.0,291.0,518.0396690964699,956.0144653320312,276.05999755859375,978.0725708007812,299.54522705078125,nan,nan,nan,nan,nan,0.0,nan,3.0703261832112014,nan,nan,nan,1.0,0.9556519985198975,0.9556519985198975,291.0,0.0,bbox_bottom,518.0396690964699,nan,67.56802099698689,77.23960600560531,1781599426.9283185,1781599426.9660099,1781599427.0335267,1781599427.3336363,0.06751680374145508,1781599395.4216363,1781599395.4216363,126.25383773719821,0
32.11,32.374,1,1,3.300000000004068,-1.0,-4.891711493308047e-12,1,3.2961271697518093,-0.9928487724197208,-1.3452465257518244e-41,0.4620000000000033,1.0,0.008132580775360117,2.8027442316218854e-10,963.937181265123,298.40294809414934,nan,nan,1,31.912,965.2750062093194,298.58137282004907,0.0,0.4620000000000033,1.0,3.3080436596913314,-1.059867837178354,0.060405781094017987,3.3080436596913314,-1.009867837178354,0.012730855106512317,0.05,nan,nan,nan,nan,nan,nan,nan,298.40294809414934,0.9556519985198975,0.9556519985198975,1.0,0.0,291.0,518.0396690964699,956.0144653320312,276.05999755859375,978.0725708007812,299.54522705078125,nan,nan,nan,nan,nan,0.0,nan,3.0703261832112014,nan,nan,nan,1.0,0.9556519985198975,0.9556519985198975,291.0,0.0,bbox_bottom,518.0396690964699,nan,79.57123400410637,92.06465999886859,1781599427.3070526,1781599427.3479507,1781599427.4274566,1781599427.6974378,0.07950592041015625,1781599395.5874379,1781599395.5874379,126.25383773719821,0
32.308,32.594,1,1,3.300000000004068,-1.0,-4.891711429384097e-12,1,3.283319029595447,-0.9903762946682491,-1.3452465257518244e-41,0.48400000000000176,1.0,0.019257997769385644,2.80274419499616e-10,968.3404334662067,299.19955452131677,nan,nan,1,32.308,968.3404334662067,299.19955452131677,0.0,0.28600000000000136,1.0,3.3365716619220636,-1.0683860567948715,0.07755088148690222,3.3365716619220636,-1.0183860567948715,0.04093328156779514,0.05,nan,nan,nan,nan,nan,nan,nan,299.19955452131677,0.9556519985198975,0.9556519985198975,1.0,0.0,291.0,518.0396690964699,956.0144653320312,276.05999755859375,978.0725708007812,299.54522705078125,nan,nan,nan,nan,nan,0.0,nan,3.0703261832112014,nan,nan,nan,1.0,0.9556519985198975,0.9556519985198975,291.0,0.0,bbox_bottom,518.0396690964699,nan,71.27981400117278,82.64724399487022,1781599427.6458938,1781599427.7096956,1781599427.7809365,1781599428.0572343,0.07124090194702148,1781599395.7492342,1781599395.7492342,126.25383773719821,0
32.539,32.803000000000004,1,1,3.300000000004068,-1.0,-4.891711329244093e-12,1,3.320695337117761,-0.9993990368234602,-1.3452465257518244e-41,0.2640000000000029,1.0,0.02070406083329911,2.802744137620164e-10,967.8981023012597,299.0562579869392,nan,nan,1,32.539,967.8981023012597,299.0562579869392,0.0,0.2640000000000029,1.0,3.332689205723839,-1.0664126985600688,0.07402182583954596,3.332689205723839,-1.0164126985600688,0.03657814709103224,0.05,nan,nan,nan,nan,nan,nan,nan,299.0562579869392,0.9556519985198975,0.9556519985198975,1.0,0.0,291.0,518.0396690964699,956.0144653320312,276.05999755859375,978.0725708007812,299.54522705078125,nan,nan,nan,nan,nan,0.0,nan,3.0703261832112014,nan,nan,nan,1.0,0.9556519985198975,0.9556519985198975,291.0,0.0,bbox_bottom,518.0396690964699,nan,83.19602799019776,96.12024899979588,1781599428.034808,1781599428.0733817,1781599428.156534,1781599428.4361742,0.08315229415893555,1781599395.8971741,1781599395.8971741,126.25383773719821,0
32.737,33.010000000000005,1,1,3.300000000004068,-1.0,-4.891711231307412e-12,1,3.320695337117761,-0.9993990368234602,-1.3452465257518244e-41,0.47100000000000364,1.0,0.02070406083329911,2.8027440815065794e-10,968.8041853633994,299.7444450337951,nan,nan,1,32.737,968.8041853633994,299.7444450337951,0.0,0.27300000000000324,1.0,3.3389508563620027,-1.0758832532895295,0.08529617424491759,3.3389508563620027,-1.0258832532895295,0.0467665693831223,0.05,nan,nan,nan,nan,nan,nan,nan,299.7444450337951,0.9556519985198975,0.9556519985198975,1.0,0.0,291.0,518.0396690964699,956.0144653320312,276.05999755859375,978.0725708007812,299.54522705078125,nan,nan,nan,nan,nan,0.0,nan,3.0703261832112014,nan,nan,nan,1.0,0.9556519985198975,0.9556519985198975,291.0,0.0,bbox_bottom,518.0396690964699,nan,71.03828601248097,82.25402300013229,1781599428.382541,1781599428.4480937,1781599428.5189226,1781599428.8061469,0.07082891464233398,1781599396.0691469,1781599396.0691469,126.25383773719821,0
32.968,33.222,1,1,3.300000000004068,-1.0,-4.8917111412846815e-12,1,3.3269584481583063,-1.0088007026774255,-1.3452465257518244e-41,0.48499999999999943,1.0,0.02835860177267549,2.802744029927354e-10,966.6615157742627,302.0976510761523,nan,nan,1,32.737,968.8041853633994,299.7444450337951,0.0,0.48499999999999943,1.0,3.3389508563620027,-1.0758832532895295,0.08529617424491759,3.3389508563620027,-1.0258832532895295,0.0467665693831223,0.05,nan,nan,nan,nan,nan,nan,nan,302.0976510761523,0.9556519985198975,0.9556519985198975,1.0,0.0,291.0,518.0396690964699,956.0144653320312,276.05999755859375,978.0725708007812,299.54522705078125,nan,nan,nan,nan,nan,0.0,nan,3.0703261832112014,nan,nan,nan,1.0,0.9556519985198975,0.9556519985198975,291.0,0.0,bbox_bottom,518.0396690964699,nan,70.77169998956379,80.36845999595243,1781599428.7961602,1781599428.8164785,1781599428.887187,1781599429.1817958,0.0707085132598877,1781599396.213796,1781599396.213796,126.25383773719821,0
33.166,33.437000000000005,1,1,3.300000000004068,-1.0,-4.891711071434625e-12,1,3.2954349460933163,-1.0406858386848277,-1.3452465257518244e-41,0.4690000000000012,1.0,0.040941142957859514,2.8027439899062196e-10,966.7190462101208,298.3240037010551,nan,nan,1,33.166,966.7190462101208,298.3240037010551,0.0,0.2710000000000079,1.0,3.3238276421395834,-1.0563173371159722,0.061150625422576356,3.3238276421395834,-1.0063173371159722,0.024650867692132483,0.05,nan,nan,nan,nan,nan,nan,nan,298.3240037010551,0.9556519985198975,0.9556519985198975,1.0,0.0,291.0,518.0396690964699,956.0144653320312,276.05999755859375,978.0725708007812,299.54522705078125,nan,nan,nan,nan,nan,0.0,nan,3.0703261832112014,nan,nan,nan,1.0,0.9556519985198975,0.9556519985198975,291.0,0.0,bbox_bottom,518.0396690964699,nan,82.22670199756976,91.82816500833724,1781599429.1574807,1781599429.19408,1781599429.2762463,1781599429.6151373,0.08216619491577148,1781599396.4491374,1781599396.4491374,126.25383773719821,0
33.397,33.647000000000006,1,1,3.300000000004068,-1.0,-4.8917110190248085e-12,1,3.3118406534931073,-0.989371403717608,-1.3452465257518244e-41,0.48100000000000875,1.0,0.01591125808921383,2.8027439598776066e-10,967.2454280683663,299.50639201222316,nan,nan,1,33.397,967.2454280683663,299.50639201222316,0.0,0.2500000000000071,1.0,3.3241360701365648,-1.0726091999172207,0.07651565718243371,3.3241360701365648,-1.0226091999172207,0.03307152555201599,0.05,nan,nan,nan,nan,nan,nan,nan,299.50639201222316,0.9556519985198975,0.9556519985198975,1.0,0.0,291.0,518.0396690964699,956.0144653320312,276.05999755859375,978.0725708007812,299.54522705078125,nan,nan,nan,nan,nan,0.0,nan,3.0703261832112014,nan,nan,nan,1.0,0.9556519985198975,0.9556519985198975,291.0,0.0,bbox_bottom,518.0396690964699,nan,103.52478100685403,113.12587400607299,1781599429.6116202,1781599429.626176,1781599429.7296183,1781599430.072061,0.10344219207763672,1781599396.675061,1781599396.675061,126.25383773719821,0
33.595,33.842,1,1,3.300000000004068,-1.0,-4.89171093437552e-12,1,3.312191961063754,-1.005517460734152,-1.3452465257518244e-41,0.4450000000000003,1.0,0.0133823124845372,2.802743911377137e-10,968.1098426195725,298.6235931262834,nan,nan,1,33.595,968.1098426195725,298.6235931262834,0.0,0.2469999999999999,1.0,3.3366932350854515,-1.060449942860546,0.07071484350955565,3.3366932350854515,-1.010449942860546,0.038152258210050125,0.05,nan,nan,nan,nan,nan,nan,nan,298.6235931262834,0.9556519985198975,0.9556519985198975,1.0,0.0,291.0,518.0396690964699,956.0144653320312,276.05999755859375,978.0725708007812,299.54522705078125,nan,nan,nan,nan,nan,0.0,nan,3.0703261832112014,nan,nan,nan,1.0,0.9556519985198975,0.9556519985198975,291.0,0.0,bbox_bottom,518.0396690964699,nan,70.34169101098087,79.34276000014506,1781599430.0471184,1781599430.0826247,1781599430.1529145,1781599430.4145975,0.07028985023498535,1781599396.8195975,1781599396.8195975,126.25383773719821,0
33.793,34.038000000000004,1,1,3.300000000004068,-1.0,-4.8917108640512064e-12,1,3.3246677896799297,-0.993500386475082,-1.3452465257518244e-41,0.44300000000000495,1.0,0.025509700575777845,2.8027438710842734e-10,967.8482349978857,300.39797552135553,nan,nan,1,33.793,967.8482349978857,300.39797552135553,0.0,0.24500000000000455,1.0,3.326457032417999,-1.0848614931324558,0.08889008707849057,3.326457032417999,-1.0348614931324558,0.04376412077919593,0.05,nan,nan,nan,nan,nan,nan,nan,300.39797552135553,0.9556519985198975,0.9556519985198975,1.0,0.0,291.0,518.0396690964699,956.0144653320312,276.05999755859375,978.0725708007812,299.54522705078125,nan,nan,nan,nan,nan,0.0,nan,3.0703261832112014,nan,nan,nan,1.0,0.9556519985198975,0.9556519985198975,291.0,0.0,bbox_bottom,518.0396690964699,nan,75.86325700685848,85.67318199493457,1781599430.4080496,1781599430.4251525,1781599430.5008547,1781599430.7670932,0.07570219039916992,1781599396.9740932,1781599396.9740932,126.25383773719821,0
33.991,34.267,1,1,3.300000000004068,-1.0,-4.891710728709003e-12,1,3.314537111525853,-1.0176655509533354,-1.3452465257518244e-41,0.47400000000000375,1.0,0.02287792171246556,2.802743793538903e-10,966.3758307744712,299.7084710565039,nan,nan,1,33.793,967.8482349978857,300.39797552135553,0.0,0.47400000000000375,1.0,3.326457032417999,-1.0848614931324558,0.08889008707849057,3.326457032417999,-1.0348614931324558,0.04376412077919593,0.05,nan,nan,nan,nan,nan,nan,nan,299.7084710565039,0.9556519985198975,0.9556519985198975,1.0,0.0,291.0,518.0396690964699,956.0144653320312,276.05999755859375,978.0725708007812,299.54522705078125,nan,nan,nan,nan,nan,0.0,nan,3.0703261832112014,nan,nan,nan,1.0,0.9556519985198975,0.9556519985198975,291.0,0.0,bbox_bottom,518.0396690964699,nan,82.11328300239984,91.28771600080654,1781599430.7502494,1781599430.781491,1781599430.8635426,1781599431.1580358,0.08205151557922363,1781599397.1670358,1781599397.1670358,126.25383773719821,0
34.222,34.480000000000004,1,1,3.300000000004068,-1.0,-4.891710601835992e-12,1,3.302544825449093,-1.0082466580583433,-1.3452465257518244e-41,0.4890000000000043,1.0,0.00863038270744028,2.8027437208460225e-10,966.2127661095519,301.8910351246219,nan,nan,1,34.222,966.2127661095519,301.8910351246219,0.0,0.25800000000000267,1.0,3.3035465619414945,-1.105316934767753,0.1053766333228156,3.3035465619414945,-1.055316934767753,0.05543050941201814,0.05,nan,nan,nan,nan,nan,nan,nan,301.8910351246219,0.9556519985198975,0.9556519985198975,1.0,0.0,291.0,518.0396690964699,956.0144653320312,276.05999755859375,978.0725708007812,299.54522705078125,nan,nan,nan,nan,nan,0.0,nan,3.0703261832112014,nan,nan,nan,1.0,0.9556519985198975,0.9556519985198975,291.0,0.0,bbox_bottom,518.0396690964699,nan,73.47123298677616,82.61437599139754,1781599431.14679,1781599431.1679912,1781599431.2412832,1781599431.5455277,0.07329201698303223,1781599397.3235278,1781599397.3235278,126.25383773719821,0
34.42,34.684000000000005,1,1,3.300000000004068,-1.0,-4.891710511750432e-12,1,3.2917703616140708,-1.0378771406518832,-1.3452465257518244e-41,0.4620000000000033,1.0,0.03876086598610331,2.802743669230798e-10,966.3393785041261,299.09215260711255,nan,nan,1,34.222,966.2127661095519,301.8910351246219,0.0,0.4620000000000033,1.0,3.3035465619414945,-1.105316934767753,0.1053766333228156,3.3035465619414945,-1.055316934767753,0.05543050941201814,0.05,nan,nan,nan,nan,nan,nan,nan,299.09215260711255,0.9556519985198975,0.9556519985198975,1.0,0.0,291.0,518.0396690964699,956.0144653320312,276.05999755859375,978.0725708007812,299.54522705078125,nan,nan,nan,nan,nan,0.0,nan,3.0703261832112014,nan,nan,nan,1.0,0.9556519985198975,0.9556519985198975,291.0,0.0,bbox_bottom,518.0396690964699,nan,84.20910600398201,94.5855979953194,1781599431.5279078,1781599431.5577548,1781599431.6418977,1781599431.942519,0.08414292335510254,1781599397.5225189,1781599397.5225189,126.25383773719821,0
34.618,34.899,1,1,3.300000000004068,-1.0,-4.891710390748164e-12,1,3.3047630388301203,-0.999847296162496,-1.3452465257518244e-41,0.4789999999999992,1.0,0.004765486052908915,2.8027435999016057e-10,965.9776800444429,299.1991057756081,nan,nan,1,34.42,966.3393785041261,299.09215260711255,0.0,0.4789999999999992,1.0,3.3166938599301194,-1.0669071392278495,0.06895832247731569,3.3166938599301194,-1.0169071392278495,0.023759972981897706,0.05,nan,nan,nan,nan,nan,nan,nan,299.1991057756081,0.9556519985198975,0.9556519985198975,1.0,0.0,291.0,518.0396690964699,956.0144653320312,276.05999755859375,978.0725708007812,299.54522705078125,nan,nan,nan,nan,nan,0.0,nan,3.0703261832112014,nan,nan,nan,1.0,0.9556519985198975,0.9556519985198975,291.0,0.0,bbox_bottom,518.0396690964699,nan,93.3598880073987,102.06632199697196,1781599431.8950312,1781599431.9521415,1781599432.0454457,1781599432.3159318,0.09330415725708008,1781599397.6979318,1781599397.6979318,126.25383773719821,0
34.849,35.113,1,1,3.300000000004068,-1.0,-4.891710294043026e-12,1,3.30065242097698,-1.0012960927163517,-1.3452465257518244e-41,0.49499999999999744,1.0,0.0014510373721151886,2.8027435444936434e-10,967.0376420397093,300.31301618612594,nan,nan,1,34.849,967.0376420397093,300.31301618612594,0.0,0.2640000000000029,1.0,3.31859350408994,-1.0836952016185848,0.08573567033718749,3.31859350408994,-1.0336952016185847,0.03848486723776512,0.05,nan,nan,nan,nan,nan,nan,nan,300.31301618612594,0.9556519985198975,0.9556519985198975,1.0,0.0,291.0,518.0396690964699,956.0144653320312,276.05999755859375,978.0725708007812,299.54522705078125,nan,nan,nan,nan,nan,0.0,nan,3.0703261832112014,nan,nan,nan,1.0,0.9556519985198975,0.9556519985198975,291.0,0.0,bbox_bottom,518.0396690964699,nan,64.01541399827693,74.44539399875794,1781599432.301401,1781599432.3310406,1781599432.3949933,1781599432.7191114,0.06395268440246582,1781599397.8701115,1781599397.8701115,126.25383773719821,0
35.047,35.299,1,1,3.300000000004068,-1.0,-4.8917102121767405e-12,1,3.3067007658715393,-1.0164892389513898,-1.3452465257518244e-41,0.45000000000000284,1.0,0.01779874333785101,2.802743497587717e-10,966.4330314203405,299.3594530921097,nan,nan,1,34.849,967.0376420397093,300.31301618612594,0.0,0.45000000000000284,1.0,3.31859350408994,-1.0836952016185848,0.08573567033718749,3.31859350408994,-1.0336952016185847,0.03848486723776512,0.05,nan,nan,nan,nan,nan,nan,nan,299.3594530921097,0.9556519985198975,0.9556519985198975,1.0,0.0,291.0,518.0396690964699,956.0144653320312,276.05999755859375,978.0725708007812,299.54522705078125,nan,nan,nan,nan,nan,0.0,nan,3.0703261832112014,nan,nan,nan,1.0,0.9556519985198975,0.9556519985198975,291.0,0.0,bbox_bottom,518.0396690964699,nan,59.627581998938695,70.44597800995689,1781599432.6760767,1781599432.7306457,1781599432.7902234,1781599433.0561583,0.05957770347595215,1781599398.0091584,1781599398.0091584,126.25383773719821,0
35.245,35.493,1,1,3.300000000004068,-1.0,-4.8917101446523755e-12,1,3.304588386909602,-1.0034938335420465,-1.3452465257518244e-41,0.44600000000000506,1.0,0.00576716283924805,2.8027434588991055e-10,965.6270286999923,298.7178248240151,nan,nan,1,35.047,966.4330314203405,299.3594530921097,0.0,0.44600000000000506,1.0,3.3165085382641073,-1.0705872776775354,0.07249203822081884,3.3165085382641073,-1.0205872776775353,0.02638878242085302,0.05,nan,nan,nan,nan,nan,nan,nan,298.7178248240151,0.9556519985198975,0.9556519985198975,1.0,0.0,291.0,518.0396690964699,956.0144653320312,276.05999755859375,978.0725708007812,299.54522705078125,nan,nan,nan,nan,nan,0.0,nan,3.0703261832112014,nan,nan,nan,1.0,0.9556519985198975,0.9556519985198975,291.0,0.0,bbox_bottom,518.0396690964699,nan,66.97721299133264,78.52706300036516,1781599433.0297525,1781599433.0691204,1781599433.136047,1781599433.4010944,0.06692647933959961,1781599398.1560946,1781599398.1560946,126.25383773719821,0
35.443,35.704,1,1,3.300000000004068,-1.0,-4.891710061774569e-12,1,3.333459819091943,-1.020278492505019,-1.3452465257518244e-41,0.2610000000000028,1.0,0.03912514219360021,2.80274341141362e-10,969.7993256246822,300.586470242476,nan,nan,1,35.443,969.7993256246822,300.586470242476,0.0,0.2610000000000028,1.0,3.3454460024697132,-1.0874481699661003,0.09855212615934465,3.3454460024697132,-1.0374481699661002,0.05888721910497518,0.05,nan,nan,nan,nan,nan,nan,nan,300.586470242476,0.9556519985198975,0.9556519985198975,1.0,0.0,291.0,518.0396690964699,956.0144653320312,276.05999755859375,978.0725708007812,299.54522705078125,nan,nan,nan,nan,nan,0.0,nan,3.0703261832112014,nan,nan,nan,1.0,0.9556519985198975,0.9556519985198975,291.0,0.0,bbox_bottom,518.0396690964699,nan,64.85021799744572,73.69464599469211,1781599433.3884063,1781599433.4110556,1781599433.4757774,1781599433.7709982,0.06472182273864746,1781599398.3279982,1781599398.3279982,126.25383773719821,0
35.641,35.905,1,1,3.300000000004068,-1.0,-4.891709999109586e-12,1,3.3076987702836083,-0.9877716077321916,-1.3452465257518244e-41,0.2640000000000029,1.0,0.014450074092284989,2.8027433755092294e-10,966.262094024729,298.207829809253,nan,nan,1,35.641,966.262094024729,298.207829809253,0.0,0.2640000000000029,1.0,3.3196740716201294,-1.0547139489055357,0.05814366086506319,3.3196740716201294,-1.0047139489055357,0.02023092702369095,0.05,nan,nan,nan,nan,nan,nan,nan,298.207829809253,0.9556519985198975,0.9556519985198975,1.0,0.0,291.0,518.0396690964699,956.0144653320312,276.05999755859375,978.0725708007812,299.54522705078125,nan,nan,nan,nan,nan,0.0,nan,3.0703261832112014,nan,nan,nan,1.0,0.9556519985198975,0.9556519985198975,291.0,0.0,bbox_bottom,518.0396690964699,nan,81.35961899824906,96.91761499561835,1781599433.7395546,1781599433.7879438,1781599433.8692498,1781599434.156058,0.08130598068237305,1781599398.515058,1781599398.515058,126.25383773719821,0
35.839,36.098,1,1,3.300000000004068,-1.0,-4.891709918040466e-12,1,3.3076987702836083,-0.9877716077321916,-1.3452465257518244e-41,0.45700000000000074,1.0,0.014450074092284989,2.8027433290600456e-10,966.0679352358065,299.5235361912675,nan,nan,1,35.641,966.262094024729,298.207829809253,0.0,0.45700000000000074,1.0,3.3196740716201294,-1.0547139489055357,0.05814366086506319,3.3196740716201294,-1.0047139489055357,0.02023092702369095,0.05,nan,nan,nan,nan,nan,nan,nan,299.5235361912675,0.9556519985198975,0.9556519985198975,1.0,0.0,291.0,518.0396690964699,956.0144653320312,276.05999755859375,978.0725708007812,299.54522705078125,nan,nan,nan,nan,nan,0.0,nan,3.0703261832112014,nan,nan,nan,1.0,0.9556519985198975,0.9556519985198975,291.0,0.0,bbox_bottom,518.0396690964699,nan,98.53139700135216,112.64837899943814,1781599434.115424,1781599434.1711483,1781599434.2695968,1781599434.5613627,0.09844851493835449,1781599398.7223628,1781599398.7223628,126.25383773719821,0
36.037,36.301,1,1,3.300000000004068,-1.0,-4.891709830739791e-12,1,3.300205278093291,-1.00571984849315,-1.3452465257518244e-41,0.4620000000000033,1.0,0.0057235308925963945,2.8027432790404433e-10,967.0782458547654,298.8008664498504,nan,nan,1,35.839,966.0679352358065,299.5235361912675,0.0,0.4620000000000033,1.0,3.3121023228413313,-1.0728451066475784,0.07384358997607314,3.3121023228413313,-1.0228451066475783,0.025852758378876517,0.05,nan,nan,nan,nan,nan,nan,nan,298.8008664498504,0.9556519985198975,0.9556519985198975,1.0,0.0,291.0,518.0396690964699,956.0144653320312,276.05999755859375,978.0725708007812,299.54522705078125,nan,nan,nan,nan,nan,0.0,nan,3.0703261832112014,nan,nan,nan,1.0,0.9556519985198975,0.9556519985198975,291.0,0.0,bbox_bottom,518.0396690964699,nan,67.08547200832982,78.33313000446651,1781599434.5159461,1781599434.573544,1781599434.6405277,1781599434.9516737,0.06698369979858398,1781599398.9146738,1781599398.9146738,126.25383773719821,0
36.235,36.509,1,1,3.300000000004068,-1.0,-4.8917097483470615e-12,1,3.3134703364216125,-0.9958929710828235,-1.3452465257518244e-41,0.4720000000000013,1.0,0.01408252994771699,2.8027432318328864e-10,965.7569435996686,300.9676055560297,nan,nan,1,36.037,967.0782458547654,298.8008664498504,0.0,0.4720000000000013,1.0,3.3254457783297524,-1.062893864937736,0.06784634022116474,3.3254457783297524,-1.012893864937736,0.02852611764037371,0.05,nan,nan,nan,nan,nan,nan,nan,300.9676055560297,0.9556519985198975,0.9556519985198975,1.0,0.0,291.0,518.0396690964699,956.0144653320312,276.05999755859375,978.0725708007812,299.54522705078125,nan,nan,nan,nan,nan,0.0,nan,3.0703261832112014,nan,nan,nan,1.0,0.9556519985198975,0.9556519985198975,291.0,0.0,bbox_bottom,518.0396690964699,nan,85.34367599349935,100.56832600093912,1781599434.9072957,1781599434.968191,1781599435.053417,1781599435.351833,0.08522605895996094,1781599399.1168332,1781599399.1168332,126.25383773719821,0
36.466,36.719,1,1,3.300000000004068,-1.0,-4.891709655198449e-12,1,3.2910210720237107,-1.025347000221489,-1.3452465257518244e-41,0.48400000000000176,1.0,0.026890361989095852,2.802743178462663e-10,967.4952035177014,299.1706590312133,nan,nan,1,36.235,965.7569435996686,300.9676055560297,0.0,0.48400000000000176,1.0,3.3028286995377436,-1.0926749015837471,0.09271806147999986,3.3028286995377436,-1.042674901583747,0.04276854879738517,0.05,nan,nan,nan,nan,nan,nan,nan,299.1706590312133,0.9556519985198975,0.9556519985198975,1.0,0.0,291.0,518.0396690964699,956.0144653320312,276.05999755859375,978.0725708007812,299.54522705078125,nan,nan,nan,nan,nan,0.0,nan,3.0703261832112014,nan,nan,nan,1.0,0.9556519985198975,0.9556519985198975,291.0,0.0,bbox_bottom,518.0396690964699,nan,85.23623700602911,105.59605700836983,1781599435.34486,1781599435.3757167,1781599435.4607613,1781599435.7723906,0.08504462242126465,1781599399.3063905,1781599399.3063905,126.25383773719821,0
36.664,36.915,1,1,3.300000000004068,-1.0,-4.891709567660396e-12,1,3.316133870843197,-1.0009484212768573,-1.3452465257518244e-41,0.44899999999999807,1.0,0.016161723026091156,2.802743128307053e-10,966.8228568585902,299.01569659165557,nan,nan,1,36.664,966.8228568585902,299.01569659165557,0.0,0.25099999999999767,1.0,3.321933424477994,-1.065854025175715,0.06941057369736336,3.321933424477994,-1.0158540251757149,0.0270633557310548,0.05,nan,nan,nan,nan,nan,nan,nan,299.01569659165557,0.9556519985198975,0.9556519985198975,1.0,0.0,291.0,518.0396690964699,956.0144653320312,276.05999755859375,978.0725708007812,299.54522705078125,nan,nan,nan,nan,nan,0.0,nan,3.0703261832112014,nan,nan,nan,1.0,0.9556519985198975,0.9556519985198975,291.0,0.0,bbox_bottom,518.0396690964699,nan,65.89885499852244,77.27983499353286,1781599435.7594957,1781599435.7845726,1781599435.8504062,1781599436.1463258,0.06583356857299805,1781599399.4823258,1781599399.4823258,126.25383773719821,0
36.862,37.111000000000004,1,1,3.300000000004068,-1.0,-4.891709484072954e-12,1,3.3099795404644583,-0.9988173291076217,-1.3452465257518244e-41,0.44700000000000273,1.0,0.010049375017395041,2.8027430804149767e-10,964.1074726203891,299.6608888778739,nan,nan,1,36.664,966.8228568585902,299.01569659165557,0.0,0.44700000000000273,1.0,3.321933424477994,-1.065854025175715,0.06941057369736336,3.321933424477994,-1.0158540251757149,0.0270633557310548,0.05,nan,nan,nan,nan,nan,nan,nan,299.6608888778739,0.9556519985198975,0.9556519985198975,1.0,0.0,291.0,518.0396690964699,956.0144653320312,276.05999755859375,978.0725708007812,299.54522705078125,nan,nan,nan,nan,nan,0.0,nan,3.0703261832112014,nan,nan,nan,1.0,0.9556519985198975,0.9556519985198975,291.0,0.0,bbox_bottom,518.0396690964699,nan,67.63052000314929,82.3099160043057,1781599436.133409,1781599436.165292,1781599436.2328777,1781599436.5184798,0.06758570671081543,1781599399.6564798,1781599399.6564798,126.25383773719821,0
37.06,37.353,1,1,3.300000000004068,-1.0,-4.891709383664976e-12,1,3.279795932554589,-1.007538721246947,-1.3452465257518244e-41,0.49099999999999966,1.0,0.021564708658877555,2.802743022885443e-10,965.9729736567105,298.54254275174844,nan,nan,1,37.06,965.9729736567105,298.54254275174844,0.0,0.29299999999999926,1.0,3.315307256435337,-1.0593322946808368,0.06127506255848525,3.315307256435337,-1.0093322946808367,0.01792773893893488,0.05,nan,nan,nan,nan,nan,nan,nan,298.54254275174844,0.9556519985198975,0.9556519985198975,1.0,0.0,291.0,518.0396690964699,956.0144653320312,276.05999755859375,978.0725708007812,299.54522705078125,nan,nan,nan,nan,nan,0.0,nan,3.0703261832112014,nan,nan,nan,1.0,0.9556519985198975,0.9556519985198975,291.0,0.0,bbox_bottom,518.0396690964699,nan,94.57116399426013,114.25693098863121,1781599436.4962146,1781599436.540091,1781599436.6345325,1781599436.9502506,0.09444141387939453,1781599399.8902507,1781599399.8902507,126.25383773719821,0
37.291,37.555,1,1,3.300000000004068,-1.0,-4.891709334431356e-12,1,3.300436819949281,-1.0159899981862852,-1.3452465257518244e-41,0.2640000000000029,1.0,0.01599596366781133,2.802742994676656e-10,966.4032556610159,300.27752876549255,nan,nan,1,37.291,966.4032556610159,300.27752876549255,0.0,0.2640000000000029,1.0,3.3123066213116132,-1.0832079788126179,0.08411314205335804,3.3123066213116132,-1.0332079788126178,0.03541500790380539,0.05,nan,nan,nan,nan,nan,nan,nan,300.27752876549255,0.9556519985198975,0.9556519985198975,1.0,0.0,291.0,518.0396690964699,956.0144653320312,276.05999755859375,978.0725708007812,299.54522705078125,nan,nan,nan,nan,nan,0.0,nan,3.0703261832112014,nan,nan,nan,1.0,0.9556519985198975,0.9556519985198975,291.0,0.0,bbox_bottom,518.0396690964699,nan,90.37613900727592,109.25509998924099,1781599436.9140434,1781599436.9702597,1781599437.0605488,1781599437.3353145,0.09028911590576172,1781599400.0443146,1781599400.0443146,126.25383773719821,0
37.489,37.768,1,1,3.300000000004068,-1.0,-4.891709227017012e-12,1,3.300436819949281,-1.0159899981862852,-1.3452465257518244e-41,0.47700000000000387,1.0,0.01599596366781133,2.802742933132771e-10,965.8729872579986,298.1109455911071,nan,nan,1,37.489,965.8729872579986,298.1109455911071,0.0,0.27900000000000347,1.0,3.316127527940213,-1.0533764238856795,0.05575966090423147,3.316127527940213,-1.0033764238856795,0.016477178022553655,0.05,nan,nan,nan,nan,nan,nan,nan,298.1109455911071,0.9556519985198975,0.9556519985198975,1.0,0.0,291.0,518.0396690964699,956.0144653320312,276.05999755859375,978.0725708007812,299.54522705078125,nan,nan,nan,nan,nan,0.0,nan,3.0703261832112014,nan,nan,nan,1.0,0.9556519985198975,0.9556519985198975,291.0,0.0,bbox_bottom,518.0396690964699,nan,88.17681598884519,98.95132201199885,1781599437.3132236,1781599437.3472633,1781599437.4353926,1781599437.7294686,0.08812928199768066,1781599400.2404685,1781599400.2404685,126.25383773719821,0
37.72,37.971000000000004,1,1,3.300000000004068,-1.0,-4.891709128286684e-12,1,3.3041622911640305,-0.9864368661675282,-1.3452465257518244e-41,0.4820000000000064,1.0,0.014187433420384428,2.80274287656446e-10,967.6833701415786,300.2995959554208,nan,nan,1,37.489,965.8729872579986,298.1109455911071,0.0,0.4820000000000064,1.0,3.316127527940213,-1.0533764238856795,0.05575966090423147,3.316127527940213,-1.0033764238856795,0.016477178022553655,0.05,nan,nan,nan,nan,nan,nan,nan,300.2995959554208,0.9556519985198975,0.9556519985198975,1.0,0.0,291.0,518.0396690964699,956.0144653320312,276.05999755859375,978.0725708007812,299.54522705078125,nan,nan,nan,nan,nan,0.0,nan,3.0703261832112014,nan,nan,nan,1.0,0.9556519985198975,0.9556519985198975,291.0,0.0,bbox_bottom,518.0396690964699,nan,67.20354600111023,79.39742699090857,1781599437.7170434,1781599437.7456686,1781599437.8127718,1781599438.1224196,0.06710314750671387,1781599400.4024196,1781599400.4024196,126.25383773719821,0
37.918,38.147000000000006,1,1,3.300000000004068,-1.0,-4.891709063098029e-12,1,3.313284436441233,-1.016323861710677,-1.3452465257518244e-41,0.4270000000000067,1.0,0.021046251747101494,2.802742839214112e-10,966.084584358612,300.1076247280742,nan,nan,1,37.918,966.084584358612,300.1076247280742,0.0,0.2290000000000063,1.0,3.3097930100719006,-1.0808745744990702,0.08146532910750638,3.3097930100719006,-1.0308745744990702,0.032390467682441734,0.05,nan,nan,nan,nan,nan,nan,nan,300.1076247280742,0.9556519985198975,0.9556519985198975,1.0,0.0,291.0,518.0396690964699,956.0144653320312,276.05999755859375,978.0725708007812,299.54522705078125,nan,nan,nan,nan,nan,0.0,nan,3.0703261832112014,nan,nan,nan,1.0,0.9556519985198975,0.9556519985198975,291.0,0.0,bbox_bottom,518.0396690964699,nan,68.1587740109535,81.5541799966013,1781599438.1018884,1781599438.13791,1781599438.2060142,1781599438.467547,0.06810426712036133,1781599400.549547,1781599400.549547,126.25383773719821,0
38.083,38.345,1,1,3.300000000004068,-1.0,-4.891709003712981e-12,1,3.297926594363063,-1.0136710341664308,-1.3452465257518244e-41,0.4269999999999996,1.0,0.01382737090454542,2.8027428051889856e-10,966.7518856359915,299.8465192273348,nan,nan,1,37.918,966.084584358612,300.1076247280742,0.0,0.4269999999999996,1.0,3.3097930100719006,-1.0808745744990702,0.08146532910750638,3.3097930100719006,-1.0308745744990702,0.032390467682441734,0.05,nan,nan,nan,nan,nan,nan,nan,299.8465192273348,0.9556519985198975,0.9556519985198975,1.0,0.0,291.0,518.0396690964699,956.0144653320312,276.05999755859375,978.0725708007812,299.54522705078125,nan,nan,nan,nan,nan,0.0,nan,3.0703261832112014,nan,nan,nan,1.0,0.9556519985198975,0.9556519985198975,291.0,0.0,bbox_bottom,518.0396690964699,nan,62.84752700594254,74.83154600777198,1781599438.4240441,1781599438.4824154,1781599438.5451095,1781599438.8596418,0.06269407272338867,1781599400.7766418,1781599400.7766418,126.25383773719821,0
38.281,38.559000000000005,1,1,3.300000000004068,-1.0,-4.8917089187267985e-12,1,3.3057694305260843,-1.0101359307973647,-1.3452465257518244e-41,0.4760000000000062,1.0,0.01166290794259043,2.80274275649549e-10,965.7825577863407,300.3781215001421,nan,nan,1,38.281,965.7825577863407,300.3781215001421,0.0,0.2780000000000058,1.0,3.3055819275380656,-1.0845890368492244,0.08477300908941617,3.3055819275380656,-1.0345890368492243,0.0350365435674211,0.05,nan,nan,nan,nan,nan,nan,nan,300.3781215001421,0.9556519985198975,0.9556519985198975,1.0,0.0,291.0,518.0396690964699,956.0144653320312,276.05999755859375,978.0725708007812,299.54522705078125,nan,nan,nan,nan,nan,0.0,nan,3.0703261832112014,nan,nan,nan,1.0,0.9556519985198975,0.9556519985198975,291.0,0.0,bbox_bottom,518.0396690964699,nan,109.2172019998543,126.5532359975623,1781599438.8106437,1781599438.8792481,1781599438.9883747,1781599439.2672207,0.10912656784057617,1781599400.9862208,1781599400.9862208,126.25383773719821,0
38.512,38.763000000000005,1,1,3.300000000004068,-1.0,-4.891708789695891e-12,1,3.2937418058063006,-1.0173410833555652,-1.3452465257518244e-41,0.4820000000000064,1.0,0.018435784945633055,2.8027426825662256e-10,968.2467770205227,300.18230028640744,nan,nan,1,38.281,965.7825577863407,300.3781215001421,0.0,0.4820000000000064,1.0,3.3055819275380656,-1.0845890368492244,0.08477300908941617,3.3055819275380656,-1.0345890368492243,0.0350365435674211,0.05,nan,nan,nan,nan,nan,nan,nan,300.18230028640744,0.9556519985198975,0.9556519985198975,1.0,0.0,291.0,518.0396690964699,956.0144653320312,276.05999755859375,978.0725708007812,299.54522705078125,nan,nan,nan,nan,nan,0.0,nan,3.0703261832112014,nan,nan,nan,1.0,0.9556519985198975,0.9556519985198975,291.0,0.0,bbox_bottom,518.0396690964699,nan,70.74529799865559,80.54724599060137,1781599439.2549639,1781599439.2778513,1781599439.348475,1781599439.6813636,0.07062363624572754,1781599401.1693635,1781599401.1693635,126.25383773719821,0
38.71,38.954,1,1,3.300000000004068,-1.0,-4.891708739663454e-12,1,3.3194738214299515,-1.0147438502584694,-1.3452465257518244e-41,0.44200000000000017,1.0,0.02442561854634109,2.8027426538997505e-10,967.6018580281014,295.7729518946585,nan,nan,1,38.71,967.6018580281014,295.7729518946585,0.0,0.24399999999999977,1.0,3.3437615165790024,-1.0209978351407205,0.04853843233495627,3.3437615165790024,-0.9709978351407205,0.05249948475426287,0.05,nan,nan,nan,nan,nan,nan,nan,295.7729518946585,0.9556519985198975,0.9556519985198975,1.0,0.0,291.0,518.0396690964699,956.0144653320312,276.05999755859375,978.0725708007812,299.54522705078125,nan,nan,nan,nan,nan,0.0,nan,3.0703261832112014,nan,nan,nan,1.0,0.9556519985198975,0.9556519985198975,291.0,0.0,bbox_bottom,518.0396690964699,nan,74.12723000743426,88.52861500054132,1781599439.6588528,1781599439.696493,1781599439.7705429,1781599440.0965607,0.0740499496459961,1781599401.3865607,1781599401.3865607,126.25383773719821,0
38.908,39.156000000000006,1,1,3.300000000004068,-1.0,-4.891708685403266e-12,1,3.3316020837920965,-0.9544217494190437,-1.3452465257518244e-41,0.44600000000000506,1.0,0.05546231716910153,2.802742622810953e-10,967.3041478154732,299.5197817340887,nan,nan,1,38.71,967.6018580281014,295.7729518946585,0.0,0.44600000000000506,1.0,3.3437615165790024,-1.0209978351407205,0.04853843233495627,3.3437615165790024,-0.9709978351407205,0.05249948475426287,0.05,nan,nan,nan,nan,nan,nan,nan,299.5197817340887,0.9556519985198975,0.9556519985198975,1.0,0.0,291.0,518.0396690964699,956.0144653320312,276.05999755859375,978.0725708007812,299.54522705078125,nan,nan,nan,nan,nan,0.0,nan,3.0703261832112014,nan,nan,nan,1.0,0.9556519985198975,0.9556519985198975,291.0,0.0,bbox_bottom,518.0396690964699,nan,82.67960300145205,93.56780000962317,1781599440.0749266,1781599440.1087012,1781599440.1912851,1781599440.4930887,0.08258390426635742,1781599401.5850887,1781599401.5850887,126.25383773719821,0
39.106,39.343,1,1,3.300000000004068,-1.0,-4.891708628412278e-12,1,3.312729779730619,-1.0057014194976135,-1.3452465257518244e-41,0.4350000000000023,1.0,0.013948242762953278,2.802742590157522e-10,966.8964725595599,298.91464906081023,nan,nan,1,38.908,967.3041478154732,299.5197817340887,0.0,0.4350000000000023,1.0,3.324675471528212,-1.0727934090807136,0.07686194962743895,3.324675471528212,-1.0227934090807136,0.033591939397117215,0.05,nan,nan,nan,nan,nan,nan,nan,298.91464906081023,0.9556519985198975,0.9556519985198975,1.0,0.0,291.0,518.0396690964699,956.0144653320312,276.05999755859375,978.0725708007812,299.54522705078125,nan,nan,nan,nan,nan,0.0,nan,3.0703261832112014,nan,nan,nan,1.0,0.9556519985198975,0.9556519985198975,291.0,0.0,bbox_bottom,518.0396690964699,nan,86.81993900972884,100.61521899478976,1781599440.4770231,1781599440.511509,1781599440.5982554,1781599440.8705919,0.0867464542388916,1781599401.764592,1781599401.764592,126.25383773719821,0
39.271,39.557,1,1,3.300000000004068,-1.0,-4.891708555866177e-12,1,3.311150258873255,-0.9974407967212033,-1.3452465257518244e-41,0.4510000000000005,1.0,0.011440183314618753,2.802742548591668e-10,967.0988830413198,299.9573444559096,nan,nan,1,39.271,967.0988830413198,299.9573444559096,0.0,0.28600000000000136,1.0,3.3207276033712514,-1.0788097812398398,0.08148996969209571,3.3207276033712514,-1.0288097812398398,0.03549136566032212,0.05,nan,nan,nan,nan,nan,nan,nan,299.9573444559096,0.9556519985198975,0.9556519985198975,1.0,0.0,291.0,518.0396690964699,956.0144653320312,276.05999755859375,978.0725708007812,299.54522705078125,nan,nan,nan,nan,nan,0.0,nan,3.0703261832112014,nan,nan,nan,1.0,0.9556519985198975,0.9556519985198975,291.0,0.0,bbox_bottom,518.0396690964699,nan,79.47797399538103,90.4369039926678,1781599440.7825153,1781599440.8825858,1781599440.9620225,1781599441.2745173,0.0794367790222168,1781599402.0035174,1781599402.0035174,126.25383773719821,0
39.502,39.754000000000005,1,1,3.300000000004068,-1.0,-4.891708480316239e-12,1,3.3088134167356986,-1.0116533503356582,-1.3452465257518244e-41,0.4830000000000041,1.0,0.01461084831660944,2.8027425053047425e-10,966.7797299058657,299.0819029110714,nan,nan,1,39.271,967.0988830413198,299.9573444559096,0.0,0.4830000000000041,1.0,3.3207276033712514,-1.0788097812398398,0.08148996969209571,3.3207276033712514,-1.0288097812398398,0.03549136566032212,0.05,nan,nan,nan,nan,nan,nan,nan,299.0819029110714,0.9556519985198975,0.9556519985198975,1.0,0.0,291.0,518.0396690964699,956.0144653320312,276.05999755859375,978.0725708007812,299.54522705078125,nan,nan,nan,nan,nan,0.0,nan,3.0703261832112014,nan,nan,nan,1.0,0.9556519985198975,0.9556519985198975,291.0,0.0,bbox_bottom,518.0396690964699,nan,69.46516899915878,84.84830500674434,1781599441.2485442,1781599441.2944503,1781599441.3638153,1781599441.6581497,0.06936502456665039,1781599402.1561496,1781599402.1561496,126.25383773719821,0
39.7,39.971000000000004,1,1,3.300000000004068,-1.0,-4.891708384692838e-12,1,3.309264345654895,-0.9997191745218497,-1.3452465257518244e-41,0.4690000000000012,1.0,0.00926860093472449,2.802742450516569e-10,968.2732718773456,298.43985994351215,nan,nan,1,39.502,966.7797299058657,299.0819029110714,0.0,0.4690000000000012,1.0,3.3212129834321233,-1.0667659566923497,0.07005486163688904,3.3212129834321233,-1.0167659566923497,0.027038638459225186,0.05,nan,nan,nan,nan,nan,nan,nan,298.43985994351215,0.9556519985198975,0.9556519985198975,1.0,0.0,291.0,518.0396690964699,956.0144653320312,276.05999755859375,978.0725708007812,299.54522705078125,nan,nan,nan,nan,nan,0.0,nan,3.0703261832112014,nan,nan,nan,1.0,0.9556519985198975,0.9556519985198975,291.0,0.0,bbox_bottom,518.0396690964699,nan,101.937604995328,119.60808199364692,1781599441.6419108,1781599441.6796446,1781599441.7815058,1781599442.0820634,0.10186123847961426,1781599402.3820634,1781599402.3820634,126.25383773719821,0
39.898,40.178000000000004,1,1,3.300000000004068,-1.0,-4.891708314618366e-12,1,3.32710092378497,-0.9909954626234017,-1.3452465257518244e-41,0.47800000000000153,1.0,0.028557691838536438,2.802742410366854e-10,968.0736732642301,299.7220395145118,nan,nan,1,39.898,968.0736732642301,299.7220395145118,0.0,0.28000000000000114,1.0,3.3316282657333223,-1.0755752067638247,0.08192654679916128,3.3316282657333223,-1.0255752067638246,0.040674788186943193,0.05,nan,nan,nan,nan,nan,nan,nan,299.7220395145118,0.9556519985198975,0.9556519985198975,1.0,0.0,291.0,518.0396690964699,956.0144653320312,276.05999755859375,978.0725708007812,299.54522705078125,nan,nan,nan,nan,nan,0.0,nan,3.0703261832112014,nan,nan,nan,1.0,0.9556519985198975,0.9556519985198975,291.0,0.0,bbox_bottom,518.0396690964699,nan,88.21318599802908,98.00637100124732,1781599442.0371761,1781599442.093277,1781599442.1814296,1781599442.4731205,0.08815264701843262,1781599402.5751204,1781599402.5751204,126.25383773719821,0
40.129,40.369,1,1,3.300000000004068,-1.0,-4.891708233004246e-12,1,3.319663274818419,-1.0084763236234553,-1.3452465257518244e-41,0.47099999999999653,1.0,0.02141243654034331,2.802742363605408e-10,966.2392124211239,299.25524515471193,nan,nan,1,40.129,966.2392124211239,299.25524515471193,0.0,0.240000000000002,1.0,3.3149823241176586,-1.069152870051926,0.07075725738228715,3.3149823241176586,-1.019152870051926,0.024316711682927733,0.05,nan,nan,nan,nan,nan,nan,nan,299.25524515471193,0.9556519985198975,0.9556519985198975,1.0,0.0,291.0,518.0396690964699,956.0144653320312,276.05999755859375,978.0725708007812,299.54522705078125,nan,nan,nan,nan,nan,0.0,nan,3.0703261832112014,nan,nan,nan,1.0,0.9556519985198975,0.9556519985198975,291.0,0.0,bbox_bottom,518.0396690964699,nan,75.60223899781704,85.1453049981501,1781599442.4545665,1781599442.4836755,1781599442.5591903,1781599442.8689237,0.0755147933959961,1781599402.7399237,1781599402.7399237,126.25383773719821,0
40.327,40.571000000000005,1,1,3.300000000004068,-1.0,-4.891708174450685e-12,1,3.303064180824703,-1.0020683522579519,-1.3452465257518244e-41,0.4420000000000073,1.0,0.003696929153300418,2.802742330056689e-10,966.1235244635941,300.2202915691907,nan,nan,1,40.129,966.2392124211239,299.25524515471193,0.0,0.4420000000000073,1.0,3.3149823241176586,-1.069152870051926,0.07075725738228715,3.3149823241176586,-1.019152870051926,0.024316711682927733,0.05,nan,nan,nan,nan,nan,nan,nan,300.2202915691907,0.9556519985198975,0.9556519985198975,1.0,0.0,291.0,518.0396690964699,956.0144653320312,276.05999755859375,978.0725708007812,299.54522705078125,nan,nan,nan,nan,nan,0.0,nan,3.0703261832112014,nan,nan,nan,1.0,0.9556519985198975,0.9556519985198975,291.0,0.0,bbox_bottom,518.0396690964699,nan,69.6610459999647,86.65864499926101,1781599442.8483503,1781599442.8868372,1781599442.9564226,1781599443.2746837,0.06958532333374023,1781599402.9476838,1781599402.9476838,126.25383773719821,0
40.525,40.768,1,1,3.300000000004068,-1.0,-4.891708088060166e-12,1,3.2978486431091967,-1.0152043415339285,-1.3452465257518244e-41,0.4410000000000025,1.0,0.015355791675112461,2.8027422805585676e-10,967.3914198283767,298.98843087562807,nan,nan,1,40.525,967.3914198283767,298.98843087562807,0.0,0.2430000000000021,1.0,3.327828912423812,-1.0654783992654842,0.0711468139612444,3.327828912423812,-1.015478399265484,0.03184382530864509,0.05,nan,nan,nan,nan,nan,nan,nan,298.98843087562807,0.9556519985198975,0.9556519985198975,1.0,0.0,291.0,518.0396690964699,956.0144653320312,276.05999755859375,978.0725708007812,299.54522705078125,nan,nan,nan,nan,nan,0.0,nan,3.0703261832112014,nan,nan,nan,1.0,0.9556519985198975,0.9556519985198975,291.0,0.0,bbox_bottom,518.0396690964699,nan,65.95586099138018,79.18070800951682,1781599443.2600741,1781599443.2905364,1781599443.35644,1781599443.6582413,0.0659036636352539,1781599403.1332412,1781599403.1332412,126.25383773719821,0
40.723,40.941,1,1,3.300000000004068,-1.0,-4.891708043132292e-12,1,3.315851267549694,-0.998460464783008,-1.3452465257518244e-41,0.4160000000000039,1.0,0.015925854811826137,2.8027422548167917e-10,965.941299767352,299.8469431442823,nan,nan,1,40.723,965.941299767352,299.8469431442823,0.0,0.21800000000000352,1.0,3.3094438406110496,-1.0772924738229401,0.07786727576511174,3.3094438406110496,-1.02729247382294,0.02888018789388223,0.05,nan,nan,nan,nan,nan,nan,nan,299.8469431442823,0.9556519985198975,0.9556519985198975,1.0,0.0,291.0,518.0396690964699,956.0144653320312,276.05999755859375,978.0725708007812,299.54522705078125,nan,nan,nan,nan,nan,0.0,nan,3.0703261832112014,nan,nan,nan,1.0,0.9556519985198975,0.9556519985198975,291.0,0.0,bbox_bottom,518.0396690964699,nan,96.23066800122615,109.89540000446141,1781599443.6544266,1781599443.67325,1781599443.7693923,1781599444.0310762,0.09614229202270508,1781599403.3080761,1781599403.3080761,126.25383773719821,0
40.888,41.147000000000006,1,1,3.300000000004068,-1.0,-4.891707974579774e-12,1,3.2975690824156634,-1.0101202578311617,-1.3452465257518244e-41,0.4240000000000066,1.0,0.010408120814575726,2.802742215539092e-10,968.0009036732482,299.4313907013994,nan,nan,1,40.888,968.0009036732482,299.4313907013994,0.0,0.25900000000000745,1.0,3.3321305796054563,-1.0715772116134856,0.07845808669527218,3.3321305796054563,-1.0215772116134856,0.038703361695520466,0.05,nan,nan,nan,nan,nan,nan,nan,299.4313907013994,0.9556519985198975,0.9556519985198975,1.0,0.0,291.0,518.0396690964699,956.0144653320312,276.05999755859375,978.0725708007812,299.54522705078125,nan,nan,nan,nan,nan,0.0,nan,3.0703261832112014,nan,nan,nan,1.0,0.9556519985198975,0.9556519985198975,291.0,0.0,bbox_bottom,518.0396690964699,nan,88.30835099797696,99.73703899595421,1781599444.0053205,1781599444.0436265,1781599444.1318936,1781599444.5223563,0.08826708793640137,1781599403.6343563,1781599403.6343563,126.25383773719821,0
41.086,41.317,1,1,3.300000000004068,-1.0,-4.8917079243833005e-12,1,3.320152836186753,-1.0045156169683664,-1.3452465257518244e-41,0.42900000000000205,1.0,0.020652544705462555,2.8027421867786314e-10,967.4618705672955,299.1691999002315,nan,nan,1,40.888,968.0009036732482,299.4313907013994,0.0,0.42900000000000205,1.0,3.3321305796054563,-1.0715772116134856,0.07845808669527218,3.3321305796054563,-1.0215772116134856,0.038703361695520466,0.05,nan,nan,nan,nan,nan,nan,nan,299.1691999002315,0.9556519985198975,0.9556519985198975,1.0,0.0,291.0,518.0396690964699,956.0144653320312,276.05999755859375,978.0725708007812,299.54522705078125,nan,nan,nan,nan,nan,0.0,nan,3.0703261832112014,nan,nan,nan,1.0,0.9556519985198975,0.9556519985198975,291.0,0.0,bbox_bottom,518.0396690964699,nan,61.76551700627897,73.4927779994905,1781599444.4926672,1781599444.5350509,1781599444.596776,1781599444.9140613,0.06172513961791992,1781599403.8280613,1781599403.8280613,126.25383773719821,0
41.251,41.499,1,1,3.300000000004068,-1.0,-4.89170784935026e-12,1,3.31580258600641,-1.0009276438746424,-1.3452465257518244e-41,0.4130000000000038,1.0,0.015829789876040026,2.802742143787866e-10,967.1110872724157,299.25394413938756,nan,nan,1,41.251,967.1110872724157,299.25394413938756,0.0,0.24800000000000466,1.0,3.323847209400831,-1.069134926702903,0.07313226022918234,3.323847209400831,-1.019134926702903,0.030575068535303954,0.05,nan,nan,nan,nan,nan,nan,nan,299.25394413938756,0.9556519985198975,0.9556519985198975,1.0,0.0,291.0,518.0396690964699,956.0144653320312,276.05999755859375,978.0725708007812,299.54522705078125,nan,nan,nan,nan,nan,0.0,nan,3.0703261832112014,nan,nan,nan,1.0,0.9556519985198975,0.9556519985198975,291.0,0.0,bbox_bottom,518.0396690964699,nan,72.44868400448468,84.07288799935486,1781599444.9006112,1781599444.9265325,1781599444.9989138,1781599445.3212469,0.07238125801086426,1781599404.070247,1781599404.070247,126.25383773719821,0
41.449,41.724000000000004,1,1,3.300000000004068,-1.0,-4.891707784619098e-12,1,3.311894816843694,-1.0020736988668306,-1.3452465257518244e-41,0.4730000000000061,1.0,0.012074224390765028,2.8027421066996423e-10,967.3375602093812,298.0354545377455,nan,nan,1,41.449,967.3375602093812,298.0354545377455,0.0,0.2750000000000057,1.0,3.3313542921913433,-1.0523339431445322,0.06100764905829558,3.3313542921913433,-1.0023339431445322,0.031441038932690055,0.05,nan,nan,nan,nan,nan,nan,nan,298.0354545377455,0.9556519985198975,0.9556519985198975,1.0,0.0,291.0,518.0396690964699,956.0144653320312,276.05999755859375,978.0725708007812,299.54522705078125,nan,nan,nan,nan,nan,0.0,nan,3.0703261832112014,nan,nan,nan,1.0,0.9556519985198975,0.9556519985198975,291.0,0.0,bbox_bottom,518.0396690964699,nan,71.10908199683763,81.81901699572336,1781599445.3183355,1781599445.3364277,1781599445.4074912,1781599445.8114607,0.07106351852416992,1781599404.3624609,1781599404.3624609,126.25383773719821,0
41.647,41.904,1,1,3.300000000004068,-1.0,-4.891707668790751e-12,1,3.319327490648275,-0.9854434933385019,-1.3452465257518244e-41,0.4550000000000054,1.0,0.02419594554441169,2.802742040334888e-10,967.6877085895959,299.3152945691779,nan,nan,1,41.647,967.6877085895959,299.3152945691779,0.0,0.257000000000005,1.0,3.3294444521756787,-1.0699794387253998,0.07592165440773964,3.3294444521756787,-1.0199794387253998,0.035583054049199724,0.05,nan,nan,nan,nan,nan,nan,nan,299.3152945691779,0.9556519985198975,0.9556519985198975,1.0,0.0,291.0,518.0396690964699,956.0144653320312,276.05999755859375,978.0725708007812,299.54522705078125,nan,nan,nan,nan,nan,0.0,nan,3.0703261832112014,nan,nan,nan,1.0,0.9556519985198975,0.9556519985198975,291.0,0.0,bbox_bottom,518.0396690964699,nan,68.42071800201666,89.29972400073893,1781599445.7402518,1781599445.8334713,1781599445.9017045,1781599446.1875305,0.06823325157165527,1781599404.5405304,1781599404.5405304,126.25383773719821,0
41.845,42.092000000000006,1,1,3.300000000004068,-1.0,-4.8917076309710305e-12,1,3.317472749860937,-1.0029252143320362,-1.3452465257518244e-41,0.4450000000000074,1.0,0.017715921270119058,2.8027420186657844e-10,967.4021261340556,299.20491692331507,nan,nan,1,41.845,967.4021261340556,299.20491692331507,0.0,0.247000000000007,1.0,3.327013722497656,-1.068459924805324,0.0735968919677399,3.327013722497656,-1.0184599248053239,0.032718649525596,0.05,nan,nan,nan,nan,nan,nan,nan,299.20491692331507,0.9556519985198975,0.9556519985198975,1.0,0.0,291.0,518.0396690964699,956.0144653320312,276.05999755859375,978.0725708007812,299.54522705078125,nan,nan,nan,nan,nan,0.0,nan,3.0703261832112014,nan,nan,nan,1.0,0.9556519985198975,0.9556519985198975,291.0,0.0,bbox_bottom,518.0396690964699,nan,88.13219200237654,99.88630999578163,1781599446.1580164,1781599446.2007253,1781599446.2888024,1781599446.5818455,0.08807706832885742,1781599404.7368455,1781599404.7368455,126.25383773719821,0
42.043,42.264,1,1,3.300000000004068,-1.0,-4.891707554070579e-12,1,3.3150472876528583,-1.0014130327439972,-1.3452465257518244e-41,0.41900000000000404,1.0,0.01511348825126221,2.8027419746050713e-10,967.3638792557804,298.4726642466523,nan,nan,1,42.043,967.3638792557804,298.4726642466523,0.0,0.22100000000000364,1.0,3.3297522030092317,-1.0583683940488726,0.06551383829012716,3.3297522030092317,-1.0083683940488726,0.030906691874376818,0.05,nan,nan,nan,nan,nan,nan,nan,298.4726642466523,0.9556519985198975,0.9556519985198975,1.0,0.0,291.0,518.0396690964699,956.0144653320312,276.05999755859375,978.0725708007812,299.54522705078125,nan,nan,nan,nan,nan,0.0,nan,3.0703261832112014,nan,nan,nan,1.0,0.9556519985198975,0.9556519985198975,291.0,0.0,bbox_bottom,518.0396690964699,nan,58.44223299936857,70.86886798788328,1781599446.5783727,1781599446.5974386,1781599446.655823,1781599446.9397435,0.05838441848754883,1781599404.8967435,1781599404.8967435,126.25383773719821,0
42.208,42.455000000000005,1,1,3.300000000004068,-1.0,-4.891707488650438e-12,1,3.3177479055159242,-0.9914194603684778,-1.3452465257518244e-41,0.41200000000000614,1.0,0.019713290197881615,2.8027419371220917e-10,968.2326724788948,297.84168246314397,nan,nan,1,42.208,968.2326724788948,297.84168246314397,0.0,0.247000000000007,1.0,3.3412956384967343,-1.0496572623278133,0.0645846224763313,3.3412956384967343,-0.9996572623278133,0.04129706076258825,0.05,nan,nan,nan,nan,nan,nan,nan,297.84168246314397,0.9556519985198975,0.9556519985198975,1.0,0.0,291.0,518.0396690964699,956.0144653320312,276.05999755859375,978.0725708007812,299.54522705078125,nan,nan,nan,nan,nan,0.0,nan,3.0703261832112014,nan,nan,nan,1.0,0.9556519985198975,0.9556519985198975,291.0,0.0,bbox_bottom,518.0396690964699,nan,65.2852140046889,98.5149670013925,1781599446.936191,1781599446.9739456,1781599447.0391517,1781599447.349539,0.06520605087280273,1781599405.141539,1781599405.141539,126.25383773719821,0
42.406,42.655,1,1,3.300000000004068,-1.0,-4.891707412558715e-12,1,3.3292232428180104,-0.9828168369449632,-1.3452465257518244e-41,0.44700000000000273,1.0,0.03390072289994137,2.802741893524746e-10,966.004279251627,299.7808931203209,nan,nan,1,42.406,966.004279251627,299.7808931203209,0.0,0.24900000000000233,1.0,3.310363504259036,-1.0763844776721176,0.07708430871250631,3.310363504259036,-1.0263844776721176,0.028346831965375074,0.05,nan,nan,nan,nan,nan,nan,nan,299.7808931203209,0.9556519985198975,0.9556519985198975,1.0,0.0,291.0,518.0396690964699,956.0144653320312,276.05999755859375,978.0725708007812,299.54522705078125,nan,nan,nan,nan,nan,0.0,nan,3.0703261832112014,nan,nan,nan,1.0,0.9556519985198975,0.9556519985198975,291.0,0.0,bbox_bottom,518.0396690964699,nan,82.72816600219812,92.83433000382502,1781599447.3300915,1781599447.360431,1781599447.4430935,1781599447.756776,0.08266258239746094,1781599405.3507762,1781599405.3507762,126.25383773719821,0
42.604,42.853,1,1,3.300000000004068,-1.0,-4.8917073216243054e-12,1,3.2984827418717075,-1.0092228321401582,-1.3452465257518244e-41,0.44700000000000273,1.0,0.009346801855487736,2.8027418414231667e-10,968.5063603515908,299.82335335258927,nan,nan,1,42.604,968.5063603515908,299.82335335258927,0.0,0.24900000000000233,1.0,3.3355891376748663,-1.0769681054608404,0.08479785361895713,3.3355891376748663,-1.0269681054608404,0.04465272032360443,0.05,nan,nan,nan,nan,nan,nan,nan,299.82335335258927,0.9556519985198975,0.9556519985198975,1.0,0.0,291.0,518.0396690964699,956.0144653320312,276.05999755859375,978.0725708007812,299.54522705078125,nan,nan,nan,nan,nan,0.0,nan,3.0703261832112014,nan,nan,nan,1.0,0.9556519985198975,0.9556519985198975,291.0,0.0,bbox_bottom,518.0396690964699,nan,80.09476000734139,98.96678299992345,1781599447.741199,1781599447.7793696,1781599447.859415,1781599448.162017,0.08004546165466309,1781599405.558017,1781599405.558017,126.25383773719821,0
42.769,42.982,1,1,3.300000000004068,-1.0,-4.891707247250118e-12,1,3.3236126335069884,-1.009867021539992,-1.3452465257518244e-41,0.3780000000000001,1.0,0.025591298814517063,2.802741798809896e-10,966.7956096111271,298.120136907538,nan,nan,1,42.769,966.7956096111271,298.120136907538,0.0,0.21300000000000097,1.0,3.3254770469388006,-1.0535032948355452,0.05925945054397516,3.3254770469388006,-1.0035032948355451,0.025716784309460634,0.05,nan,nan,nan,nan,nan,nan,nan,298.120136907538,0.9556519985198975,0.9556519985198975,1.0,0.0,291.0,518.0396690964699,956.0144653320312,276.05999755859375,978.0725708007812,299.54522705078125,nan,nan,nan,nan,nan,0.0,nan,3.0703261832112014,nan,nan,nan,1.0,0.9556519985198975,0.9556519985198975,291.0,0.0,bbox_bottom,518.0396690964699,nan,59.00791400927119,71.21377700241283,1781599448.0575778,1781599448.174968,1781599448.2339334,1781599448.4790802,0.058965444564819336,1781599405.7100801,1781599405.7100801,126.25383773719821,0
42.934,43.157000000000004,1,1,3.300000000004068,-1.0,-4.891707166560962e-12,1,3.3134760829042404,-0.9865869883007836,-1.3452465257518244e-41,0.38800000000000523,1.0,0.019013513435860097,2.8027417525784155e-10,966.8522414019761,299.5253500397392,nan,nan,1,42.769,966.7956096111271,298.120136907538,0.0,0.38800000000000523,1.0,3.3254770469388006,-1.0535032948355452,0.05925945054397516,3.3254770469388006,-1.0035032948355451,0.025716784309460634,0.05,nan,nan,nan,nan,nan,nan,nan,299.5253500397392,0.9556519985198975,0.9556519985198975,1.0,0.0,291.0,518.0396690964699,956.0144653320312,276.05999755859375,978.0725708007812,299.54522705078125,nan,nan,nan,nan,nan,0.0,nan,3.0703261832112014,nan,nan,nan,1.0,0.9556519985198975,0.9556519985198975,291.0,0.0,bbox_bottom,518.0396690964699,nan,56.64821999380365,68.27661499846727,1781599448.4642055,1781599448.4917703,1781599448.5483775,1781599448.8691163,0.05660724639892578,1781599405.9351163,1781599405.9351163,126.25383773719821,0
43.066,43.376000000000005,1,1,3.300000000004068,-1.0,-4.891707050123667e-12,1,3.3081337097467567,-1.005765313749164,-1.3452465257518244e-41,0.4420000000000073,1.0,0.00996975811163974,2.8027416858647595e-10,968.7340867117457,300.167352272387,nan,nan,1,43.066,968.7340867117457,300.167352272387,0.0,0.3100000000000023,1.0,3.3364305838668673,-1.0816948734660152,0.08944964947506884,3.3364305838668673,-1.0316948734660152,0.04828822262841279,0.05,nan,nan,nan,nan,nan,nan,nan,300.167352272387,0.9556519985198975,0.9556519985198975,1.0,0.0,291.0,518.0396690964699,956.0144653320312,276.05999755859375,978.0725708007812,299.54522705078125,nan,nan,nan,nan,nan,0.0,nan,3.0703261832112014,nan,nan,nan,1.0,0.9556519985198975,0.9556519985198975,291.0,0.0,bbox_bottom,518.0396690964699,nan,96.58845300145913,115.70728800143115,1781599448.7929587,1781599448.892849,1781599448.9894018,1781599449.3019612,0.09655284881591797,1781599406.2359612,1781599406.2359612,126.25383773719821,0
43.297,43.522000000000006,1,1,3.300000000004068,-1.0,-4.891706998365851e-12,1,3.3244636193070343,-1.0145534486930032,-1.3452465257518244e-41,0.45600000000000307,1.0,0.02846526898275046,2.802741656209715e-10,965.5144251914778,301.5720061460244,nan,nan,1,43.297,965.5144251914778,301.5720061460244,0.0,0.22500000000000853,1.0,3.2978191895963427,-1.100952726049498,0.10097627855521037,3.2978191895963427,-1.050952726049498,0.05099937475998732,0.05,nan,nan,nan,nan,nan,nan,nan,301.5720061460244,0.9556519985198975,0.9556519985198975,1.0,0.0,291.0,518.0396690964699,956.0144653320312,276.05999755859375,978.0725708007812,299.54522705078125,nan,nan,nan,nan,nan,0.0,nan,3.0703261832112014,nan,nan,nan,1.0,0.9556519985198975,0.9556519985198975,291.0,0.0,bbox_bottom,518.0396690964699,nan,74.9826609971933,88.46109200385399,1781599449.2311523,1781599449.3166952,1781599449.3915389,1781599449.6941142,0.0748436450958252,1781599406.3971143,1781599406.3971143,126.25383773719821,0
43.462,43.67,1,1,3.300000000004068,-1.0,-4.891706936333097e-12,1,3.286053280286844,-1.0335372627334354,-1.3452465257518244e-41,0.37300000000000466,1.0,0.03632160490014567,2.8027416206675654e-10,966.6485081909075,298.66576733607695,nan,nan,1,43.462,966.6485081909075,298.66576733607695,0.0,0.2079999999999984,1.0,3.32165240605021,-1.0610315103705266,0.0647585665815319,3.32165240605021,-1.0110315103705265,0.02430063597196672,0.05,nan,nan,nan,nan,nan,nan,nan,298.66576733607695,0.9556519985198975,0.9556519985198975,1.0,0.0,291.0,518.0396690964699,956.0144653320312,276.05999755859375,978.0725708007812,299.54522705078125,nan,nan,nan,nan,nan,0.0,nan,3.0703261832112014,nan,nan,nan,1.0,0.9556519985198975,0.9556519985198975,291.0,0.0,bbox_bottom,518.0396690964699,nan,105.99625499162357,126.69095399905927,1781599449.6274586,1781599449.7197897,1781599449.8257165,1781599450.089304,0.1059267520904541,1781599406.627304,1781599406.627304,126.25383773719821,0
43.627,43.815000000000005,1,1,3.300000000004068,-1.0,-4.891706864440417e-12,1,3.3096865613032205,-0.9940374789360873,-1.3452465257518244e-41,0.35300000000000153,1.0,0.011374582508375366,2.802741579476094e-10,968.5183407184932,299.49547129048426,nan,nan,1,43.627,968.5183407184932,299.49547129048426,0.0,0.1880000000000024,1.0,3.337113013496522,-1.0724589040691954,0.08141049409873359,3.337113013496522,-1.0224589040691954,0.04337946683029187,0.05,nan,nan,nan,nan,nan,nan,nan,299.49547129048426,0.9556519985198975,0.9556519985198975,1.0,0.0,291.0,518.0396690964699,956.0144653320312,276.05999755859375,978.0725708007812,299.54522705078125,nan,nan,nan,nan,nan,0.0,nan,3.0703261832112014,nan,nan,nan,1.0,0.9556519985198975,0.9556519985198975,291.0,0.0,bbox_bottom,518.0396690964699,nan,65.8672379940981,76.58331700076815,1781599450.0887992,1781599450.1008174,1781599450.1666305,1781599450.4567473,0.06581306457519531,1781599406.8297472,1781599406.8297472,126.25383773719821,0
43.726,44.008,1,1,3.300000000004068,-1.0,-4.891706787227349e-12,1,3.3251184328259598,-1.0054023742436893,-1.3452465257518244e-41,0.3810000000000002,1.0,0.02569282613681804,2.802741535236265e-10,966.6761154670281,299.7640130397165,nan,nan,1,43.726,966.6761154670281,299.7640130397165,0.0,0.2820000000000036,1.0,3.3172573660071576,-1.0761523764269938,0.07808329601677397,3.3172573660071576,-1.0261523764269938,0.031333105083023075,0.05,nan,nan,nan,nan,nan,nan,nan,299.7640130397165,0.9556519985198975,0.9556519985198975,1.0,0.0,291.0,518.0396690964699,956.0144653320312,276.05999755859375,978.0725708007812,299.54522705078125,nan,nan,nan,nan,nan,0.0,nan,3.0703261832112014,nan,nan,nan,1.0,0.9556519985198975,0.9556519985198975,291.0,0.0,bbox_bottom,518.0396690964699,nan,81.62762899883091,96.33472799032461,1781599450.3907332,1781599450.472381,1781599450.5539591,1781599450.8070047,0.08157801628112793,1781599407.0810046,1781599407.0810046,126.25383773719821,0
43.957,44.17,1,1,3.300000000004068,-1.0,-4.891706738784552e-12,1,3.3053493792673367,-1.00901080565944,-1.3452465257518244e-41,0.4440000000000026,1.0,0.010479049438497963,2.802741507480587e-10,967.888406846782,300.5385632552309,nan,nan,1,43.726,966.6761154670281,299.7640130397165,0.0,0.4440000000000026,1.0,3.3172573660071576,-1.0761523764269938,0.07808329601677397,3.3172573660071576,-1.0261523764269938,0.031333105083023075,0.05,nan,nan,nan,nan,nan,nan,nan,300.5385632552309,0.9556519985198975,0.9556519985198975,1.0,0.0,291.0,518.0396690964699,956.0144653320312,276.05999755859375,978.0725708007812,299.54522705078125,nan,nan,nan,nan,nan,0.0,nan,3.0703261832112014,nan,nan,nan,1.0,0.9556519985198975,0.9556519985198975,291.0,0.0,bbox_bottom,518.0396690964699,nan,71.92486799613107,87.35121799691115,1781599450.7979038,1781599450.823319,1781599450.8950531,1781599451.1419356,0.07173418998718262,1781599407.1849356,1781599407.1849356,126.25383773719821,0
44.122,44.368,1,1,3.300000000004068,-1.0,-4.891706668850966e-12,1,3.3143518215450083,-1.0195771185749083,-1.3452465257518244e-41,0.41100000000000136,1.0,0.02427423228938484,2.8027414674115937e-10,965.6683156663535,301.54370852105296,nan,nan,1,44.122,965.6683156663535,301.54370852105296,0.0,0.24600000000000222,1.0,3.2994976637313562,-1.1005654441358261,0.10056669874251042,3.2994976637313562,-1.050565444135826,0.050567939273656694,0.05,nan,nan,nan,nan,nan,nan,nan,301.54370852105296,0.9556519985198975,0.9556519985198975,1.0,0.0,291.0,518.0396690964699,956.0144653320312,276.05999755859375,978.0725708007812,299.54522705078125,nan,nan,nan,nan,nan,0.0,nan,3.0703261832112014,nan,nan,nan,1.0,0.9556519985198975,0.9556519985198975,291.0,0.0,bbox_bottom,518.0396690964699,nan,86.9366029946832,101.74634300346952,1781599451.1154203,1781599451.1597865,1781599451.2466607,1781599451.5188732,0.08687424659729004,1781599407.3968732,1781599407.3968732,126.25383773719821,0
44.32,44.593,1,1,3.300000000004068,-1.0,-4.8917065666666376e-12,1,3.287724231271068,-1.033157845108723,-1.3452465257518244e-41,0.47100000000000364,1.0,0.035357279169078853,2.802741408864286e-10,967.9903796544019,299.1660259887681,nan,nan,1,44.122,965.6683156663535,301.54370852105296,0.0,0.47100000000000364,1.0,3.2994976637313562,-1.1005654441358261,0.10056669874251042,3.2994976637313562,-1.050565444135826,0.050567939273656694,0.05,nan,nan,nan,nan,nan,nan,nan,299.1660259887681,0.9556519985198975,0.9556519985198975,1.0,0.0,291.0,518.0396690964699,956.0144653320312,276.05999755859375,978.0725708007812,299.54522705078125,nan,nan,nan,nan,nan,0.0,nan,3.0703261832112014,nan,nan,nan,1.0,0.9556519985198975,0.9556519985198975,291.0,0.0,bbox_bottom,518.0396690964699,nan,74.05751199985389,85.72987100342289,1781599451.499369,1781599451.5312464,1781599451.6052468,1781599451.9199433,0.07400035858154297,1781599407.5999434,1781599407.5999434,126.25383773719821,0
44.518,44.812000000000005,1,1,3.300000000004068,-1.0,-4.891706450015683e-12,1,3.321166169645068,-1.000898361386911,-1.3452465257518244e-41,0.49200000000000443,1.0,0.02118522575884146,2.8027413420282125e-10,966.2248582148849,298.57621462002305,nan,nan,1,44.518,966.2248582148849,298.57621462002305,0.0,0.29400000000000404,1.0,3.3177256595012716,-1.0597966665782672,0.062368584547697246,3.3177256595012716,-1.0097966665782672,0.020252745015343913,0.05,nan,nan,nan,nan,nan,nan,nan,298.57621462002305,0.9556519985198975,0.9556519985198975,1.0,0.0,291.0,518.0396690964699,956.0144653320312,276.05999755859375,978.0725708007812,299.54522705078125,nan,nan,nan,nan,nan,0.0,nan,3.0703261832112014,nan,nan,nan,1.0,0.9556519985198975,0.9556519985198975,291.0,0.0,bbox_bottom,518.0396690964699,nan,67.54638500569854,87.58873300394043,1781599451.8638692,1781599451.9410071,1781599452.0084784,1781599452.2944174,0.06747126579284668,1781599407.7764175,1781599407.7764175,126.25383773719821,0
44.749,45.021,1,1,3.300000000004068,-1.0,-4.891706339467868e-12,1,3.30577162389001,-0.9928035026213682,-1.3452465257518244e-41,0.5030000000000001,1.0,0.0092250320759024,2.80274127868898e-10,967.1668965039825,298.8972107565916,nan,nan,1,44.749,967.1668965039825,298.8972107565916,0.0,0.27199999999999847,1.0,3.325935917742476,-1.0642215944191562,0.0692609920422171,3.325935917742476,-1.0142215944191562,0.029579140906328554,0.05,nan,nan,nan,nan,nan,nan,nan,298.8972107565916,0.9556519985198975,0.9556519985198975,1.0,0.0,291.0,518.0396690964699,956.0144653320312,276.05999755859375,978.0725708007812,299.54522705078125,nan,nan,nan,nan,nan,0.0,nan,3.0703261832112014,nan,nan,nan,1.0,0.9556519985198975,0.9556519985198975,291.0,0.0,bbox_bottom,518.0396690964699,nan,68.52474299375899,80.7322209875565,1781599452.2565825,1781599452.3079531,1781599452.376416,1781599452.6816478,0.06846284866333008,1781599407.9326477,1781599407.9326477,126.25383773719821,0
44.947,45.233000000000004,1,1,3.300000000004068,-1.0,-4.891706249804345e-12,1,3.313962176384729,-0.9972100311003682,-1.3452465257518244e-41,0.48400000000000176,1.0,0.014238198472615853,2.8027412273155656e-10,966.2786441011198,300.35648145572287,nan,nan,1,44.947,966.2786441011198,300.35648145572287,0.0,0.28600000000000136,1.0,3.310707285344579,-1.084291952821899,0.08496928427315587,3.310707285344579,-1.034291952821899,0.03592469885333021,0.05,nan,nan,nan,nan,nan,nan,nan,300.35648145572287,0.9556519985198975,0.9556519985198975,1.0,0.0,291.0,518.0396690964699,956.0144653320312,276.05999755859375,978.0725708007812,299.54522705078125,nan,nan,nan,nan,nan,0.0,nan,3.0703261832112014,nan,nan,nan,1.0,0.9556519985198975,0.9556519985198975,291.0,0.0,bbox_bottom,518.0396690964699,nan,87.19959699374158,99.76570900471415,1781599452.6204786,1781599452.6950512,1781599452.7820919,1781599453.0877664,0.08704066276550293,1781599408.1407664,1781599408.1407664,126.25383773719821,0
45.178,45.409000000000006,1,1,3.300000000004068,-1.0,-4.891706178670873e-12,1,3.298846586370103,-1.0170600448459188,-1.3452465257518244e-41,0.4620000000000033,1.0,0.017098990998178187,2.802741186559088e-10,967.4080854102326,299.15065579235755,nan,nan,1,45.178,967.4080854102326,299.15065579235755,0.0,0.23100000000000875,1.0,3.3273058362182546,-1.0677127757103149,0.07301115452964282,3.3273058362182546,-1.0177127757103148,0.032547674490198165,0.05,nan,nan,nan,nan,nan,nan,nan,299.15065579235755,0.9556519985198975,0.9556519985198975,1.0,0.0,291.0,518.0396690964699,956.0144653320312,276.05999755859375,978.0725708007812,299.54522705078125,nan,nan,nan,nan,nan,0.0,nan,3.0703261832112014,nan,nan,nan,1.0,0.9556519985198975,0.9556519985198975,291.0,0.0,bbox_bottom,518.0396690964699,nan,61.94790800509509,73.08340301096905,1781599453.0774763,1781599453.0996647,1781599453.1615455,1781599453.4100378,0.06188082695007324,1781599408.2320378,1781599408.2320378,126.25383773719821,0
45.343,45.596000000000004,1,1,3.300000000004068,-1.0,-4.891706128447815e-12,1,3.3153362533604205,-1.0006733693683914,-1.3452465257518244e-41,0.41800000000000637,1.0,0.015351029063763665,2.8027411577833956e-10,967.7777656625916,300.9126056770869,nan,nan,1,45.178,967.4080854102326,299.15065579235755,0.0,0.41800000000000637,1.0,3.3273058362182546,-1.0677127757103149,0.07301115452964282,3.3273058362182546,-1.0177127757103148,0.032547674490198165,0.05,nan,nan,nan,nan,nan,nan,nan,300.9126056770869,0.9556519985198975,0.9556519985198975,1.0,0.0,291.0,518.0396690964699,956.0144653320312,276.05999755859375,978.0725708007812,299.54522705078125,nan,nan,nan,nan,nan,0.0,nan,3.0703261832112014,nan,nan,nan,1.0,0.9556519985198975,0.9556519985198975,291.0,0.0,bbox_bottom,518.0396690964699,nan,97.99657900293823,113.6612660047831,1781599453.3872933,1781599453.426744,1781599453.5246823,1781599453.7858465,0.09793829917907715,1781599408.4428465,1781599408.4428465,126.25383773719821,0
45.541,45.792,1,1,3.300000000004068,-1.0,-4.891706042442096e-12,1,3.311662083540347,-1.0246538673679542,-1.3452465257518244e-41,0.44899999999999807,1.0,0.027273015392578547,2.8027411085057484e-10,965.9490217537766,298.941935166639,nan,nan,1,45.541,965.9490217537766,298.941935166639,0.0,0.2510000000000048,1.0,3.313364967432412,-1.0648378809595416,0.06620100574526322,3.313364967432412,-1.0148378809595415,0.01996960354464294,0.05,nan,nan,nan,nan,nan,nan,nan,298.941935166639,0.9556519985198975,0.9556519985198975,1.0,0.0,291.0,518.0396690964699,956.0144653320312,276.05999755859375,978.0725708007812,299.54522705078125,nan,nan,nan,nan,nan,0.0,nan,3.0703261832112014,nan,nan,nan,1.0,0.9556519985198975,0.9556519985198975,291.0,0.0,bbox_bottom,518.0396690964699,nan,63.30978999903891,72.26685500063468,1781599453.7705822,1781599453.7960942,1781599453.858281,1781599454.1375434,0.06218671798706055,1781599408.5965436,1781599408.5965436,126.25383773719821,0
45.739,46.001000000000005,1,1,3.300000000004068,-1.0,-4.891705946727618e-12,1,3.301441391856053,-0.997787974068818,-1.3452465257518244e-41,0.46000000000000796,1.0,0.002640202490565806,2.8027410536653923e-10,967.9861399066261,300.2641676165963,nan,nan,1,45.739,967.9861399066261,300.2641676165963,0.0,0.26200000000000756,1.0,3.3284266050342217,-1.0830244581879311,0.08775609683058995,3.3284266050342217,-1.033024458187931,0.04357392238652337,0.05,nan,nan,nan,nan,nan,nan,nan,300.2641676165963,0.9556519985198975,0.9556519985198975,1.0,0.0,291.0,518.0396690964699,956.0144653320312,276.05999755859375,978.0725708007812,299.54522705078125,nan,nan,nan,nan,nan,0.0,nan,3.0703261832112014,nan,nan,nan,1.0,0.9556519985198975,0.9556519985198975,291.0,0.0,bbox_bottom,518.0396690964699,nan,87.1686110040173,100.63263699703384,1781599454.1252038,1781599454.1550148,1781599454.2421172,1781599454.5681663,0.08710241317749023,1781599408.8291662,1781599408.8291662,126.25383773719821,0
45.937,46.231,1,1,3.300000000004068,-1.0,-4.891705860791912e-12,1,3.316494116351398,-1.0158501861012323,-1.3452465257518244e-41,0.49200000000000443,1.0,0.022875407614356306,2.802741004427859e-10,967.2702169228443,300.7076482383397,nan,nan,1,45.937,967.2702169228443,300.7076482383397,0.0,0.29400000000000404,1.0,3.319275934306325,-1.0891105540757346,0.09117155527306392,3.319275934306325,-1.0391105540757346,0.04360271876082823,0.05,nan,nan,nan,nan,nan,nan,nan,300.7076482383397,0.9556519985198975,0.9556519985198975,1.0,0.0,291.0,518.0396690964699,956.0144653320312,276.05999755859375,978.0725708007812,299.54522705078125,nan,nan,nan,nan,nan,0.0,nan,3.0703261832112014,nan,nan,nan,1.0,0.9556519985198975,0.9556519985198975,291.0,0.0,bbox_bottom,518.0396690964699,nan,102.78573700634297,121.1391640099464,1781599454.524141,1781599454.587869,1781599454.6905468,1781599455.0145407,0.10267782211303711,1781599409.0775406,1781599409.0775406,126.25383773719821,0
46.168,46.422000000000004,1,1,3.300000000004068,-1.0,-4.891705775185179e-12,1,3.307395211800546,-1.0218576391122125,-1.3452465257518244e-41,0.48500000000000654,1.0,0.02307478158237881,2.802740955378815e-10,965.9553063372872,298.06608921701013,nan,nan,1,46.168,965.9553063372872,298.06608921701013,0.0,0.2540000000000049,1.0,3.317156328236802,-1.05275704131587,0.055476526629140314,3.317156328236802,-1.00275704131587,0.01737644599009573,0.05,nan,nan,nan,nan,nan,nan,nan,298.06608921701013,0.9556519985198975,0.9556519985198975,1.0,0.0,291.0,518.0396690964699,956.0144653320312,276.05999755859375,978.0725708007812,299.54522705078125,nan,nan,nan,nan,nan,0.0,nan,3.0703261832112014,nan,nan,nan,1.0,0.9556519985198975,0.9556519985198975,291.0,0.0,bbox_bottom,518.0396690964699,nan,68.05411700042896,79.3745340051828,1781599454.9734924,1781599455.0267491,1781599455.0947597,1781599455.3716474,0.06801056861877441,1781599409.2036474,1781599409.2036474,126.25383773719821,0
46.366,46.617000000000004,1,1,3.300000000004068,-1.0,-4.8917057431962055e-12,1,3.3051854469192237,-0.9858257415614384,-1.3452465257518244e-41,0.4490000000000052,1.0,0.01509299380484303,2.802740937050483e-10,966.1770107091294,299.6677711463173,nan,nan,1,46.168,965.9553063372872,298.06608921701013,0.0,0.4490000000000052,1.0,3.317156328236802,-1.05275704131587,0.055476526629140314,3.317156328236802,-1.00275704131587,0.01737644599009573,0.05,nan,nan,nan,nan,nan,nan,nan,299.6677711463173,0.9556519985198975,0.9556519985198975,1.0,0.0,291.0,518.0396690964699,956.0144653320312,276.05999755859375,978.0725708007812,299.54522705078125,nan,nan,nan,nan,nan,0.0,nan,3.0703261832112014,nan,nan,nan,1.0,0.9556519985198975,0.9556519985198975,291.0,0.0,bbox_bottom,518.0396690964699,nan,64.1198009980144,74.83061900711618,1781599455.3355122,1781599455.3876798,1781599455.451746,1781599455.728055,0.06406617164611816,1781599409.362055,1781599409.362055,126.25383773719821,0
46.564,46.813,1,1,3.300000000004068,-1.0,-4.8917056713348365e-12,1,3.3007041524907073,-1.0076872004091908,-1.3452465257518244e-41,0.44700000000000273,1.0,0.007719383450477326,2.8027408958769516e-10,966.2474312913112,299.05800889435653,nan,nan,1,46.366,966.1770107091294,299.6677711463173,0.0,0.44700000000000273,1.0,3.3125977420826063,-1.0748290192442764,0.07588204811770477,3.3125977420826063,-1.0248290192442764,0.02784211382258929,0.05,nan,nan,nan,nan,nan,nan,nan,299.05800889435653,0.9556519985198975,0.9556519985198975,1.0,0.0,291.0,518.0396690964699,956.0144653320312,276.05999755859375,978.0725708007812,299.54522705078125,nan,nan,nan,nan,nan,0.0,nan,3.0703261832112014,nan,nan,nan,1.0,0.9556519985198975,0.9556519985198975,291.0,0.0,bbox_bottom,518.0396690964699,nan,77.05035099934321,89.2927189997863,1781599455.7196317,1781599455.741781,1781599455.8187368,1781599456.1107223,0.07695579528808594,1781599409.5467224,1781599409.5467224,126.25383773719821,0
46.762,47.008,1,1,3.300000000004068,-1.0,-4.891705583847376e-12,1,3.3039755455350526,-0.9993792064073814,-1.3452465257518244e-41,0.4440000000000026,1.0,0.0040237230214773346,2.802740845750329e-10,966.068517947306,298.92479790618637,nan,nan,1,46.762,966.068517947306,298.92479790618637,0.0,0.24600000000000222,1.0,3.314652565061097,-1.064601756897639,0.06624261964182958,3.314652565061097,-1.0146017568976389,0.02068596063150593,0.05,nan,nan,nan,nan,nan,nan,nan,298.92479790618637,0.9556519985198975,0.9556519985198975,1.0,0.0,291.0,518.0396690964699,956.0144653320312,276.05999755859375,978.0725708007812,299.54522705078125,nan,nan,nan,nan,nan,0.0,nan,3.0703261832112014,nan,nan,nan,1.0,0.9556519985198975,0.9556519985198975,291.0,0.0,bbox_bottom,518.0396690964699,nan,81.88442600658163,93.46172100049444,1781599456.0834782,1781599456.1245794,1781599456.2064064,1781599456.4664721,0.08182692527770996,1781599409.704472,1781599409.704472,126.25383773719821,0
46.96,47.202000000000005,1,1,3.300000000004068,-1.0,-4.891705514515935e-12,1,3.3027233832174994,-0.9975573342295616,-1.3452465257518244e-41,0.44000000000000483,1.0,0.0036583373536718078,2.8027408060263394e-10,966.0387308474133,299.91269325652684,nan,nan,1,46.96,966.0387308474133,299.91269325652684,0.0,0.24200000000000443,1.0,3.3101542029850317,-1.0781961884328999,0.07885272172609006,3.3101542029850317,-1.0281961884328998,0.029968865182422314,0.05,nan,nan,nan,nan,nan,nan,nan,299.91269325652684,0.9556519985198975,0.9556519985198975,1.0,0.0,291.0,518.0396690964699,956.0144653320312,276.05999755859375,978.0725708007812,299.54522705078125,nan,nan,nan,nan,nan,0.0,nan,3.0703261832112014,nan,nan,nan,1.0,0.9556519985198975,0.9556519985198975,291.0,0.0,bbox_bottom,518.0396690964699,nan,67.03353000921197,82.844673001091,1781599456.4517412,1781599456.4838207,1781599456.5507305,1781599456.813378,0.0669097900390625,1781599409.853378,1781599409.853378,126.25383773719821,0
47.125,47.446000000000005,1,1,3.300000000004068,-1.0,-4.891705420543031e-12,1,3.2982791487596264,-1.0110176932487802,-1.3452465257518244e-41,0.4860000000000042,1.0,0.011151273179763551,2.8027407521838314e-10,967.8384091343895,299.064781111263,nan,nan,1,47.125,967.8384091343895,299.064781111263,0.0,0.32100000000000506,1.0,3.3320460629442312,-1.06653009529641,0.07384581051159436,3.3320460629442312,-1.01653009529641,0.03605820573008718,0.05,nan,nan,nan,nan,nan,nan,nan,299.064781111263,0.9556519985198975,0.9556519985198975,1.0,0.0,291.0,518.0396690964699,956.0144653320312,276.05999755859375,978.0725708007812,299.54522705078125,nan,nan,nan,nan,nan,0.0,nan,3.0703261832112014,nan,nan,nan,1.0,0.9556519985198975,0.9556519985198975,291.0,0.0,bbox_bottom,518.0396690964699,nan,78.62888000090607,90.10989799571689,1781599456.7516458,1781599456.825654,1781599456.904229,1781599457.2767348,0.07857489585876465,1781599410.1517348,1781599410.1517348,126.25383773719821,0
47.389,47.642,1,1,3.300000000004068,-1.0,-4.891705353469548e-12,1,3.3200549931411687,-0.9995136991470592,-1.3452465257518244e-41,0.517000000000003,1.0,0.020060888271677353,2.802740713753556e-10,966.8362522709356,298.96419447826935,nan,nan,1,47.389,966.8362522709356,298.96419447826935,0.0,0.2530000000000001,1.0,3.3222890845169566,-1.0651445242763304,0.0688521047725637,3.3222890845169566,-1.0151445242763304,0.02694735430388381,0.05,nan,nan,nan,nan,nan,nan,nan,298.96419447826935,0.9556519985198975,0.9556519985198975,1.0,0.0,291.0,518.0396690964699,956.0144653320312,276.05999755859375,978.0725708007812,299.54522705078125,nan,nan,nan,nan,nan,0.0,nan,3.0703261832112014,nan,nan,nan,1.0,0.9556519985198975,0.9556519985198975,291.0,0.0,bbox_bottom,518.0396690964699,nan,62.94708600034937,74.77216499682982,1781599457.2416956,1781599457.2900999,1781599457.3529983,1781599457.6382859,0.06289839744567871,1781599410.249286,1781599410.249286,126.25383773719821,0
47.587,47.81,1,1,3.300000000004068,-1.0,-4.891705283344917e-12,1,3.3103319091670573,-0.9981151409238724,-1.3452465257518244e-41,0.4209999999999994,1.0,0.010502430227767322,2.8027406735751026e-10,967.5747692820424,299.63428308952047,nan,nan,1,47.587,967.5747692820424,299.63428308952047,0.0,0.22299999999999898,1.0,3.326936015526269,-1.0743684124269544,0.07909620533955992,3.326936015526269,-1.0243684124269543,0.03632311187690822,0.05,nan,nan,nan,nan,nan,nan,nan,299.63428308952047,0.9556519985198975,0.9556519985198975,1.0,0.0,291.0,518.0396690964699,956.0144653320312,276.05999755859375,978.0725708007812,299.54522705078125,nan,nan,nan,nan,nan,0.0,nan,3.0703261832112014,nan,nan,nan,1.0,0.9556519985198975,0.9556519985198975,291.0,0.0,bbox_bottom,518.0396690964699,nan,69.39067000348587,89.27050400234293,1781599457.6070745,1781599457.6596932,1781599457.7290008,1781599457.975135,0.06930756568908691,1781599410.3881352,1781599410.3881352,126.25383773719821,0
47.752,48.001000000000005,1,1,3.300000000004068,-1.0,-4.891705246938183e-12,1,3.3149858629339835,-1.0072681471480323,-1.3452465257518244e-41,0.4140000000000015,1.0,0.01665539104073092,2.8027406527155804e-10,968.6376749667445,298.4497550141437,nan,nan,1,47.752,968.6376749667445,298.4497550141437,0.0,0.24900000000000233,1.0,3.342806876358873,-1.0580523170337617,0.07212835902919133,3.342806876358873,-1.0080523170337616,0.04355764540086801,0.05,nan,nan,nan,nan,nan,nan,nan,298.4497550141437,0.9556519985198975,0.9556519985198975,1.0,0.0,291.0,518.0396690964699,956.0144653320312,276.05999755859375,978.0725708007812,299.54522705078125,nan,nan,nan,nan,nan,0.0,nan,3.0703261832112014,nan,nan,nan,1.0,0.9556519985198975,0.9556519985198975,291.0,0.0,bbox_bottom,518.0396690964699,nan,56.14153400529176,65.71760900260415,1781599457.9210732,1781599457.9862342,1781599458.0423281,1781599458.302734,0.05609393119812012,1781599410.5507338,1781599410.5507338,126.25383773719821,0
47.95,48.193000000000005,1,1,3.300000000004068,-1.0,-4.891705187290484e-12,1,3.330751358947457,-0.9911402873731952,-1.3452465257518244e-41,0.4410000000000025,1.0,0.03200219656046599,2.802740618539966e-10,967.4060205655973,299.9892184504279,nan,nan,1,47.95,967.4060205655973,299.9892184504279,0.0,0.2430000000000021,1.0,3.3237099549485523,-1.0792477646553231,0.08271862043297717,3.3237099549485523,-1.029247764655323,0.0376509455499146,0.05,nan,nan,nan,nan,nan,nan,nan,299.9892184504279,0.9556519985198975,0.9556519985198975,1.0,0.0,291.0,518.0396690964699,956.0144653320312,276.05999755859375,978.0725708007812,299.54522705078125,nan,nan,nan,nan,nan,0.0,nan,3.0703261832112014,nan,nan,nan,1.0,0.9556519985198975,0.9556519985198975,291.0,0.0,bbox_bottom,518.0396690964699,nan,76.03130700590555,88.87674700235948,1781599458.291502,1781599458.316432,1781599458.3922832,1781599458.6679451,0.0758512020111084,1781599410.717945,1781599410.717945,126.25383773719821,0
48.148,48.366,1,1,3.300000000004068,-1.0,-4.8917051211903324e-12,1,3.3117854471457533,-1.0120951732936507,-1.3452465257518244e-41,0.4159999999999968,1.0,0.01688756884021193,2.8027405806673694e-10,966.6830778954154,300.128761178164,nan,nan,1,48.148,966.6830778954154,300.128761178164,0.0,0.21799999999999642,1.0,3.315778030469348,-1.0811648898076964,0.08268425232690199,3.315778030469348,-1.0311648898076964,0.03493131263049175,0.05,nan,nan,nan,nan,nan,nan,nan,300.128761178164,0.9556519985198975,0.9556519985198975,1.0,0.0,291.0,518.0396690964699,956.0144653320312,276.05999755859375,978.0725708007812,299.54522705078125,nan,nan,nan,nan,nan,0.0,nan,3.0703261832112014,nan,nan,nan,1.0,0.9556519985198975,0.9556519985198975,291.0,0.0,bbox_bottom,518.0396690964699,nan,68.26841599831823,79.12156100792345,1781599458.6555521,1781599458.6819599,1781599458.7501297,1781599459.0056627,0.06816983222961426,1781599410.8576627,1781599410.8576627,126.25383773719821,0
48.313,48.566,1,1,3.300000000004068,-1.0,-4.891705040083336e-12,1,3.303889309854727,-1.0139743518458115,-1.3452465257518244e-41,0.41799999999999926,1.0,0.014505490016713283,2.8027405341964836e-10,965.6049954174158,301.6640300815106,nan,nan,1,48.148,966.6830778954154,300.128761178164,0.0,0.41799999999999926,1.0,3.315778030469348,-1.0811648898076964,0.08268425232690199,3.315778030469348,-1.0311648898076964,0.03493131263049175,0.05,nan,nan,nan,nan,nan,nan,nan,301.6640300815106,0.9556519985198975,0.9556519985198975,1.0,0.0,291.0,518.0396690964699,956.0144653320312,276.05999755859375,978.0725708007812,299.54522705078125,nan,nan,nan,nan,nan,0.0,nan,3.0703261832112014,nan,nan,nan,1.0,0.9556519985198975,0.9556519985198975,291.0,0.0,bbox_bottom,518.0396690964699,nan,77.65072300389875,92.58817200316116,1781599458.9870205,1781599459.0215063,1781599459.0989833,1781599459.393826,0.07747697830200195,1781599411.080826,1781599411.080826,126.25383773719821,0
48.511,48.766000000000005,1,1,3.300000000004068,-1.0,-4.891704960959483e-12,1,3.2865841136890017,-1.034786538201649,-1.3452465257518244e-41,0.45300000000000296,1.0,0.037283900623105035,2.802740488861855e-10,965.7014736131198,300.46503431134624,nan,nan,1,48.511,965.7014736131198,300.46503431134624,0.0,0.25500000000000256,1.0,3.3043914081834824,-1.0857819769844261,0.08589430738503478,3.3043914081834824,-1.035781976984426,0.03605044164378885,0.05,nan,nan,nan,nan,nan,nan,nan,300.46503431134624,0.9556519985198975,0.9556519985198975,1.0,0.0,291.0,518.0396690964699,956.0144653320312,276.05999755859375,978.0725708007812,299.54522705078125,nan,nan,nan,nan,nan,0.0,nan,3.0703261832112014,nan,nan,nan,1.0,0.9556519985198975,0.9556519985198975,291.0,0.0,bbox_bottom,518.0396690964699,nan,63.22746000660118,75.5422579968581,1781599459.3762653,1781599459.4081163,1781599459.4712882,1781599459.7915163,0.0631718635559082,1781599411.2805164,1781599411.2805164,126.25383773719821,0
48.709,48.931000000000004,1,1,3.300000000004068,-1.0,-4.891704886869332e-12,1,3.292559106378453,-1.018520182157494,-1.3452465257518244e-41,0.4200000000000017,1.0,0.01995905922368292,2.802740446411326e-10,965.9223953874671,300.696110082013,nan,nan,1,48.511,965.7014736131198,300.46503431134624,0.0,0.4200000000000017,1.0,3.3043914081834824,-1.0857819769844261,0.08589430738503478,3.3043914081834824,-1.035781976984426,0.03605044164378885,0.05,nan,nan,nan,nan,nan,nan,nan,300.696110082013,0.9556519985198975,0.9556519985198975,1.0,0.0,291.0,518.0396690964699,956.0144653320312,276.05999755859375,978.0725708007812,299.54522705078125,nan,nan,nan,nan,nan,0.0,nan,3.0703261832112014,nan,nan,nan,1.0,0.9556519985198975,0.9556519985198975,291.0,0.0,bbox_bottom,518.0396690964699,nan,73.06336399051361,85.79773100791499,1781599459.787302,1781599459.8059607,1781599459.878889,1781599460.1453624,0.07292842864990234,1781599411.4363623,1781599411.4363623,126.25383773719821,0
48.874,49.127,1,1,3.300000000004068,-1.0,-4.891704798404004e-12,1,3.2938260682687908,-1.02166531976055,-1.3452465257518244e-41,0.41799999999999926,1.0,0.022527838631318957,2.8027403957244266e-10,966.6587440397973,299.70364995794347,nan,nan,1,48.874,966.6587440397973,299.70364995794347,0.0,0.2530000000000001,1.0,3.3173376057231145,-1.0753223916569796,0.07729201289264334,3.3173376057231145,-1.0253223916569796,0.030689022325557716,0.05,nan,nan,nan,nan,nan,nan,nan,299.70364995794347,0.9556519985198975,0.9556519985198975,1.0,0.0,291.0,518.0396690964699,956.0144653320312,276.05999755859375,978.0725708007812,299.54522705078125,nan,nan,nan,nan,nan,0.0,nan,3.0703261832112014,nan,nan,nan,1.0,0.9556519985198975,0.9556519985198975,291.0,0.0,bbox_bottom,518.0396690964699,nan,81.99197999783792,100.06555200379808,1781599460.1288176,1781599460.1642497,1781599460.246097,1781599460.5286355,0.0818474292755127,1781599411.6546354,1781599411.6546354,126.25383773719821,0
49.072,49.359,1,1,3.300000000004068,-1.0,-4.891704686217825e-12,1,3.305427064309667,-1.0081884992677903,-1.3452465257518244e-41,0.48499999999999943,1.0,0.009823672797671237,2.8027403314464804e-10,967.0968618221129,300.64596114580604,nan,nan,1,49.072,967.0968618221129,300.64596114580604,0.0,0.28699999999999903,1.0,3.317779691914118,-1.0882644166541073,0.09003735164755873,3.317779691914118,-1.0382644166541073,0.04219340026941903,0.05,nan,nan,nan,nan,nan,nan,nan,300.64596114580604,0.9556519985198975,0.9556519985198975,1.0,0.0,291.0,518.0396690964699,956.0144653320312,276.05999755859375,978.0725708007812,299.54522705078125,nan,nan,nan,nan,nan,0.0,nan,3.0703261832112014,nan,nan,nan,1.0,0.9556519985198975,0.9556519985198975,291.0,0.0,bbox_bottom,518.0396690964699,nan,81.42926500295289,92.13802800513804,1781599460.492348,1781599460.5400982,1781599460.6214733,1781599460.9391012,0.0813751220703125,1781599411.8671012,1781599411.8671012,126.25383773719821,0
49.303,49.54900000000001,1,1,3.300000000004068,-1.0,-4.8917046040878414e-12,1,3.3192443774300706,-0.96546038905775,-1.3452465257518244e-41,0.24600000000000932,1.0,0.03953897806666771,2.8027402843894663e-10,966.7219706162633,296.5780433407973,nan,nan,1,49.303,966.7219706162633,296.5780433407973,0.0,0.24600000000000932,1.0,3.331325613274517,-1.0321694534442616,0.044901756999835084,3.331325613274517,-0.9821694534442615,0.036044728286478755,0.05,nan,nan,nan,nan,nan,nan,nan,296.5780433407973,0.9556519985198975,0.9556519985198975,1.0,0.0,291.0,518.0396690964699,956.0144653320312,276.05999755859375,978.0725708007812,299.54522705078125,nan,nan,nan,nan,nan,0.0,nan,3.0703261832112014,nan,nan,nan,1.0,0.9556519985198975,0.9556519985198975,291.0,0.0,bbox_bottom,518.0396690964699,nan,76.43960299901664,91.5415689960355,1781599460.9242094,1781599460.9550552,1781599461.0314295,1781599461.3195615,0.07637429237365723,1781599412.0165615,1781599412.0165615,126.25383773719821,0
49.501,49.753,1,1,3.300000000004068,-1.0,-4.891704492661839e-12,1,3.3192443774300706,-0.96546038905775,-1.3452465257518244e-41,0.45000000000000284,1.0,0.03953897806666771,2.8027402205470695e-10,966.2834592763418,299.7289393738702,nan,nan,1,49.303,966.7219706162633,296.5780433407973,0.0,0.45000000000000284,1.0,3.331325613274517,-1.0321694534442616,0.044901756999835084,3.331325613274517,-0.9821694534442615,0.036044728286478755,0.05,nan,nan,nan,nan,nan,nan,nan,299.7289393738702,0.9556519985198975,0.9556519985198975,1.0,0.0,291.0,518.0396690964699,956.0144653320312,276.05999755859375,978.0725708007812,299.54522705078125,nan,nan,nan,nan,nan,0.0,nan,3.0703261832112014,nan,nan,nan,1.0,0.9556519985198975,0.9556519985198975,291.0,0.0,bbox_bottom,518.0396690964699,nan,69.69758299237583,87.56614099547733,1781599461.295515,1781599461.3388414,1781599461.408471,1781599461.7019773,0.06962966918945312,1781599412.2009773,1781599412.2009773,126.25383773719821,0
49.699,49.948,1,1,3.300000000004068,-1.0,-4.8917044042978305e-12,1,3.3015245498271,-1.0085229024378608,-1.3452465257518244e-41,0.44700000000000273,1.0,0.008658182149169654,2.802740169918222e-10,966.603049861536,300.31504790210204,nan,nan,1,49.699,966.603049861536,300.31504790210204,0.0,0.24900000000000233,1.0,3.314174862516676,-1.0837231121759567,0.0849145820202818,3.314174862516676,-1.0337231121759567,0.036581074643639015,0.05,nan,nan,nan,nan,nan,nan,nan,300.31504790210204,0.9556519985198975,0.9556519985198975,1.0,0.0,291.0,518.0396690964699,956.0144653320312,276.05999755859375,978.0725708007812,299.54522705078125,nan,nan,nan,nan,nan,0.0,nan,3.0703261832112014,nan,nan,nan,1.0,0.9556519985198975,0.9556519985198975,291.0,0.0,bbox_bottom,518.0396690964699,nan,69.85676000476815,82.86778299952857,1781599461.6808915,1781599461.7169604,1781599461.7867703,1781599462.0770302,0.0698099136352539,1781599412.3780303,1781599412.3780303,126.25383773719821,0
49.897,50.161,1,1,3.300000000004068,-1.0,-4.891704302895597e-12,1,3.3022992469155223,-1.0165053701057913,-1.3452465257518244e-41,0.4620000000000033,1.0,0.016664746583401207,2.802740111819022e-10,968.0588450623807,299.3974552408814,nan,nan,1,49.699,966.603049861536,300.31504790210204,0.0,0.4620000000000033,1.0,3.314174862516676,-1.0837231121759567,0.0849145820202818,3.314174862516676,-1.0337231121759567,0.036581074643639015,0.05,nan,nan,nan,nan,nan,nan,nan,299.3974552408814,0.9556519985198975,0.9556519985198975,1.0,0.0,291.0,518.0396690964699,956.0144653320312,276.05999755859375,978.0725708007812,299.54522705078125,nan,nan,nan,nan,nan,0.0,nan,3.0703261832112014,nan,nan,nan,1.0,0.9556519985198975,0.9556519985198975,291.0,0.0,bbox_bottom,518.0396690964699,nan,70.12563300668262,80.06989900604822,1781599462.0507653,1781599462.0879052,1781599462.1579792,1781599462.4505866,0.07007408142089844,1781599412.5535865,1781599412.5535865,126.25383773719821,0
50.095,50.339000000000006,1,1,3.300000000004068,-1.0,-4.891704220669952e-12,1,3.320882383958603,-1.0040547403965514,-1.3452465257518244e-41,0.4420000000000073,1.0,0.021272397121811008,2.8027400647071975e-10,965.5538726720238,300.92939216078713,nan,nan,1,50.095,965.5538726720238,300.92939216078713,0.0,0.24400000000000688,1.0,3.3009311821659524,-1.0921511115630793,0.09215581621650204,3.3009311821659524,-1.0421511115630793,0.04216139592354321,0.05,nan,nan,nan,nan,nan,nan,nan,300.92939216078713,0.9556519985198975,0.9556519985198975,1.0,0.0,291.0,518.0396690964699,956.0144653320312,276.05999755859375,978.0725708007812,299.54522705078125,nan,nan,nan,nan,nan,0.0,nan,3.0703261832112014,nan,nan,nan,1.0,0.9556519985198975,0.9556519985198975,291.0,0.0,bbox_bottom,518.0396690964699,nan,64.24382400291506,80.88669400603976,1781599462.4047983,1781599462.4690027,1781599462.5331986,1781599462.7987576,0.06419587135314941,1781599412.7037575,1781599412.7037575,126.25383773719821,0
50.293,50.542,1,1,3.300000000004068,-1.0,-4.891704122725404e-12,1,3.289129458421934,-1.024822973164394,-1.3452465257518244e-41,0.44700000000000273,1.0,0.02709886844517926,2.802740008589105e-10,968.1265715665131,299.24603591651424,nan,nan,1,50.293,968.1265715665131,299.24603591651424,0.0,0.24900000000000233,1.0,3.3341996333140536,-1.0690260166580052,0.07703379709068404,3.3341996333140536,-1.0190260166580052,0.03913571550908653,0.05,nan,nan,nan,nan,nan,nan,nan,299.24603591651424,0.9556519985198975,0.9556519985198975,1.0,0.0,291.0,518.0396690964699,956.0144653320312,276.05999755859375,978.0725708007812,299.54522705078125,nan,nan,nan,nan,nan,0.0,nan,3.0703261832112014,nan,nan,nan,1.0,0.9556519985198975,0.9556519985198975,291.0,0.0,bbox_bottom,518.0396690964699,nan,86.7292969924165,99.3420330050867,1781599462.7927814,1781599462.8123052,1781599462.8988292,1781599463.1948211,0.08652400970458984,1781599412.9018211,1781599412.9018211,126.25383773719821,0
50.491,50.734,1,1,3.300000000004068,-1.0,-4.891704018019513e-12,1,3.322207006503788,-1.0019927783774163,-1.3452465257518244e-41,0.4410000000000025,1.0,0.02229623966816137,2.8027399485970486e-10,969.151806477799,299.1963515906886,nan,nan,1,50.293,968.1265715665131,299.24603591651424,0.0,0.4410000000000025,1.0,3.3341996333140536,-1.0690260166580052,0.07703379709068404,3.3341996333140536,-1.0190260166580052,0.03913571550908653,0.05,nan,nan,nan,nan,nan,nan,nan,299.1963515906886,0.9556519985198975,0.9556519985198975,1.0,0.0,291.0,518.0396690964699,956.0144653320312,276.05999755859375,978.0725708007812,299.54522705078125,nan,nan,nan,nan,nan,0.0,nan,3.0703261832112014,nan,nan,nan,1.0,0.9556519985198975,0.9556519985198975,291.0,0.0,bbox_bottom,518.0396690964699,nan,66.68480799999088,79.23925400245935,1781599463.1747062,1781599463.2116015,1781599463.2782354,1781599463.55716,0.06663393974304199,1781599413.06616,1781599413.06616,126.25383773719821,0
50.689,50.929,1,1,3.300000000004068,-1.0,-4.891703966164819e-12,1,3.3327950648445106,-1.0013425799519893,-1.3452465257518244e-41,0.4380000000000024,1.0,0.03282253492368178,2.802739918886498e-10,965.9063983459879,299.3893536170302,nan,nan,1,50.491,969.151806477799,299.1963515906886,0.0,0.4380000000000024,1.0,3.344830556220517,-1.0683419260230917,0.08173369943433335,3.344830556220517,-1.0183419260230917,0.04843764053825049,0.05,nan,nan,nan,nan,nan,nan,nan,299.3893536170302,0.9556519985198975,0.9556519985198975,1.0,0.0,291.0,518.0396690964699,956.0144653320312,276.05999755859375,978.0725708007812,299.54522705078125,nan,nan,nan,nan,nan,0.0,nan,3.0703261832112014,nan,nan,nan,1.0,0.9556519985198975,0.9556519985198975,291.0,0.0,bbox_bottom,518.0396690964699,nan,67.92436999967322,79.79657599935308,1781599463.5467315,1781599463.569989,1781599463.6378717,1781599463.9522326,0.06788277626037598,1781599413.2632327,1781599413.2632327,126.25383773719821,0
50.854,51.151,1,1,3.300000000004068,-1.0,-4.891703885707553e-12,1,3.2991331469192313,-1.0038873669269475,-1.3452465257518244e-41,0.4620000000000033,1.0,0.003982845201036073,2.8027398727878805e-10,968.121351781912,298.60777360823874,nan,nan,1,50.854,968.121351781912,298.60777360823874,0.0,0.29700000000000415,1.0,3.3368780309606025,-1.060231801082392,0.07062477631015858,3.3368780309606025,-1.0102318010823919,0.03827112384841534,0.05,nan,nan,nan,nan,nan,nan,nan,298.60777360823874,0.9556519985198975,0.9556519985198975,1.0,0.0,291.0,518.0396690964699,956.0144653320312,276.05999755859375,978.0725708007812,299.54522705078125,nan,nan,nan,nan,nan,0.0,nan,3.0703261832112014,nan,nan,nan,1.0,0.9556519985198975,0.9556519985198975,291.0,0.0,bbox_bottom,518.0396690964699,nan,139.66058399819303,165.01741600222886,1781599463.9162824,1781599463.9823885,1781599464.1219897,1781599464.4956756,0.1396012306213379,1781599413.6416755,1781599413.6416755,126.25383773719821,0
51.085,51.316,1,1,3.300000000004068,-1.0,-4.891703781348489e-12,1,3.333525595730199,-0.9938666368882203,-1.3452465257518244e-41,0.23100000000000165,1.0,0.03408201449229331,2.802739812994541e-10,968.9947431441497,298.6487008362092,nan,nan,1,51.085,968.9947431441497,298.6487008362092,0.0,0.23100000000000165,1.0,3.3455844068907084,-1.0607961113769233,0.07598753391025423,3.3455844068907084,-1.0107961113769233,0.04684542850769651,0.05,nan,nan,nan,nan,nan,nan,nan,298.6487008362092,0.9556519985198975,0.9556519985198975,1.0,0.0,291.0,518.0396690964699,956.0144653320312,276.05999755859375,978.0725708007812,299.54522705078125,nan,nan,nan,nan,nan,0.0,nan,3.0703261832112014,nan,nan,nan,1.0,0.9556519985198975,0.9556519985198975,291.0,0.0,bbox_bottom,518.0396690964699,nan,79.06918099615723,91.32995198888239,1781599464.4919882,1781599464.5089688,1781599464.5879967,1781599464.9105887,0.07902789115905762,1781599413.8255887,1781599413.8255887,126.25383773719821,0
51.217,51.470000000000006,1,1,3.300000000004068,-1.0,-4.891703740883334e-12,1,3.333525595730199,-0.9938666368882203,-1.3452465257518244e-41,0.3850000000000051,1.0,0.03408201449229331,2.802739789809715e-10,967.9979403427875,300.08968942498444,nan,nan,1,51.217,967.9979403427875,300.08968942498444,0.0,0.2530000000000072,1.0,3.3292903657798245,-1.0806281252741543,0.08578356551520998,3.3292903657798245,-1.0306281252741543,0.04237932969133523,0.05,nan,nan,nan,nan,nan,nan,nan,300.08968942498444,0.9556519985198975,0.9556519985198975,1.0,0.0,291.0,518.0396690964699,956.0144653320312,276.05999755859375,978.0725708007812,299.54522705078125,nan,nan,nan,nan,nan,0.0,nan,3.0703261832112014,nan,nan,nan,1.0,0.9556519985198975,0.9556519985198975,291.0,0.0,bbox_bottom,518.0396690964699,nan,71.61277500563301,85.94706800067797,1781599464.7691784,1781599464.9267294,1781599464.9982939,1781599465.281263,0.0715644359588623,1781599414.064263,1781599414.064263,126.25383773719821,0
51.382,51.7,1,1,3.300000000004068,-1.0,-4.891703649981054e-12,1,3.3173480626275125,-1.013477671339132,-1.3452465257518244e-41,0.4830000000000041,1.0,0.02196822481477754,2.802739737726545e-10,966.8894610068235,300.625760029499,nan,nan,1,51.382,966.8894610068235,300.625760029499,0.0,0.31800000000000495,1.0,3.3157617416677274,-1.0879873025042937,0.08938790691281463,3.3157617416677274,-1.0379873025042936,0.041127456179839816,0.05,nan,nan,nan,nan,nan,nan,nan,300.625760029499,0.9556519985198975,0.9556519985198975,1.0,0.0,291.0,518.0396690964699,956.0144653320312,276.05999755859375,978.0725708007812,299.54522705078125,nan,nan,nan,nan,nan,0.0,nan,3.0703261832112014,nan,nan,nan,1.0,0.9556519985198975,0.9556519985198975,291.0,0.0,bbox_bottom,518.0396690964699,nan,64.43204499373678,83.72971499920823,1781599465.1975694,1781599465.3017032,1781599465.366082,1781599465.7915528,0.06437873840332031,1781599414.4095528,1781599414.4095528,126.25383773719821,0
51.646,51.903000000000006,1,1,3.300000000004068,-1.0,-4.891703566024898e-12,1,3.303891538521647,-1.0207353271530688,-1.3452465257518244e-41,0.5210000000000079,1.0,0.021097342585704774,2.802739689623211e-10,965.543719277538,300.90279883771444,nan,nan,1,51.646,965.543719277538,300.90279883771444,0.0,0.257000000000005,1.0,3.300940569702231,-1.0917865624538086,0.09179138150416956,3.300940569702231,-1.0417865624538085,0.041797146709591816,0.05,nan,nan,nan,nan,nan,nan,nan,300.90279883771444,0.9556519985198975,0.9556519985198975,1.0,0.0,291.0,518.0396690964699,956.0144653320312,276.05999755859375,978.0725708007812,299.54522705078125,nan,nan,nan,nan,nan,0.0,nan,3.0703261832112014,nan,nan,nan,1.0,0.9556519985198975,0.9556519985198975,291.0,0.0,bbox_bottom,518.0396690964699,nan,69.55286599986721,80.37004999641795,1781599465.7878184,1781599465.8040257,1781599465.8734338,1781599466.1871316,0.06940817832946777,1781599414.5411317,1781599414.5411317,126.25383773719821,0
51.844,52.093,1,1,3.300000000004068,-1.0,-4.891703513686154e-12,1,3.289137823635757,-1.0244617291246398,-1.3452465257518244e-41,0.44700000000000273,1.0,0.026764959690303045,2.8027396596353197e-10,966.979834037436,299.00279180091775,nan,nan,1,51.646,965.543719277538,300.90279883771444,0.0,0.44700000000000273,1.0,3.300940569702231,-1.0917865624538086,0.09179138150416956,3.300940569702231,-1.0417865624538085,0.041797146709591816,0.05,nan,nan,nan,nan,nan,nan,nan,299.00279180091775,0.9556519985198975,0.9556519985198975,1.0,0.0,291.0,518.0396690964699,956.0144653320312,276.05999755859375,978.0725708007812,299.54522705078125,nan,nan,nan,nan,nan,0.0,nan,3.0703261832112014,nan,nan,nan,1.0,0.9556519985198975,0.9556519985198975,291.0,0.0,bbox_bottom,518.0396690964699,nan,67.67762899107765,83.01385899540037,1781599466.1694036,1781599466.204091,1781599466.27165,1781599466.5694053,0.06755900382995605,1781599414.7254052,1781599414.7254052,126.25383773719821,0
52.042,52.264,1,1,3.300000000004068,-1.0,-4.891703435750109e-12,1,3.311623288487263,-0.9986454600339931,-1.3452465257518244e-41,0.4200000000000017,1.0,0.011701949140338947,2.8027396149812554e-10,967.7926921144464,300.6051260643805,nan,nan,1,51.844,966.979834037436,299.00279180091775,0.0,0.4200000000000017,1.0,3.3235840213858037,-1.0656762498950025,0.06978234636930017,3.3235840213858037,-1.0156762498950025,0.02831873717708339,0.05,nan,nan,nan,nan,nan,nan,nan,300.6051260643805,0.9556519985198975,0.9556519985198975,1.0,0.0,291.0,518.0396690964699,956.0144653320312,276.05999755859375,978.0725708007812,299.54522705078125,nan,nan,nan,nan,nan,0.0,nan,3.0703261832112014,nan,nan,nan,1.0,0.9556519985198975,0.9556519985198975,291.0,0.0,bbox_bottom,518.0396690964699,nan,70.89933499810286,85.38158900046255,1781599466.542526,1781599466.5853622,1781599466.6562111,1781599466.9251792,0.07084894180297852,1781599414.8831792,1781599414.8831792,126.25383773719821,0
52.174,52.455000000000005,1,1,3.300000000004068,-1.0,-4.891703353774149e-12,1,3.313104775674206,-1.0204788990674103,-1.3452465257518244e-41,0.4130000000000038,1.0,0.024312968810447866,2.8027395680124895e-10,967.8133134970299,301.54473087182623,nan,nan,1,52.042,967.7926921144464,300.6051260643805,0.0,0.4130000000000038,1.0,3.3250114299253,-1.0877041942911614,0.0912008625121851,3.3250114299253,-1.0377041942911613,0.0452457500087063,0.05,nan,nan,nan,nan,nan,nan,nan,301.54473087182623,0.9556519985198975,0.9556519985198975,1.0,0.0,291.0,518.0396690964699,956.0144653320312,276.05999755859375,978.0725708007812,299.54522705078125,nan,nan,nan,nan,nan,0.0,nan,3.0703261832112014,nan,nan,nan,1.0,0.9556519985198975,0.9556519985198975,291.0,0.0,bbox_bottom,518.0396690964699,nan,66.70603199745528,77.90526500320993,1781599466.776787,1781599466.9398108,1781599467.0064766,1781599467.3016562,0.0666658878326416,1781599415.1276562,1781599415.1276562,126.25383773719821,0
52.405,52.663000000000004,1,1,3.300000000004068,-1.0,-4.891703271823299e-12,1,3.3093681817865237,-1.0332283199508785,-1.3452465257518244e-41,0.4890000000000043,1.0,0.034523674147852255,2.8027395210581115e-10,968.1242441424564,300.8287336832017,nan,nan,1,52.405,968.1242441424564,300.8287336832017,0.0,0.25800000000000267,1.0,3.327422036374202,-1.0907710275099634,0.09482271623350325,3.327422036374202,-1.0407710275099633,0.0491349647695319,0.05,nan,nan,nan,nan,nan,nan,nan,300.8287336832017,0.9556519985198975,0.9556519985198975,1.0,0.0,291.0,518.0396690964699,956.0144653320312,276.05999755859375,978.0725708007812,299.54522705078125,nan,nan,nan,nan,nan,0.0,nan,3.0703261832112014,nan,nan,nan,1.0,0.9556519985198975,0.9556519985198975,291.0,0.0,bbox_bottom,518.0396690964699,nan,60.571035006432794,73.6874389986042,1781599467.2794492,1781599467.3174632,1781599467.3779845,1781599467.6765904,0.06052136421203613,1781599415.2715905,1781599415.2715905,126.25383773719821,0
52.603,52.847,1,1,3.300000000004068,-1.0,-4.891703181366355e-12,1,3.315514377787285,-1.0235244231263017,-1.3452465257518244e-41,0.44200000000000017,1.0,0.02817968064804222,2.8027394692301e-10,966.5036541292297,299.6517508278433,nan,nan,1,52.603,966.5036541292297,299.6517508278433,0.0,0.24399999999999977,1.0,3.3159831855515947,-1.0746086876963377,0.07630149736418224,3.3159831855515947,-1.0246086876963376,0.02934364889345801,0.05,nan,nan,nan,nan,nan,nan,nan,299.6517508278433,0.9556519985198975,0.9556519985198975,1.0,0.0,291.0,518.0396690964699,956.0144653320312,276.05999755859375,978.0725708007812,299.54522705078125,nan,nan,nan,nan,nan,0.0,nan,3.0703261832112014,nan,nan,nan,1.0,0.9556519985198975,0.9556519985198975,291.0,0.0,bbox_bottom,518.0396690964699,nan,67.4043589970097,77.80253198870923,1781599467.6176524,1781599467.687771,1781599467.755122,1781599468.0560083,0.06735086441040039,1781599415.4530084,1781599415.4530084,126.25383773719821,0
52.768,53.019000000000005,1,1,3.300000000004068,-1.0,-4.891703109659195e-12,1,3.304075938921955,-1.0074776842468627,-1.3452465257518244e-41,0.4160000000000039,1.0,0.008516398285550219,2.802739428144924e-10,967.6065006487318,299.527484814078,nan,nan,1,52.603,966.5036541292297,299.6517508278433,0.0,0.4160000000000039,1.0,3.3159831855515947,-1.0746086876963377,0.07630149736418224,3.3159831855515947,-1.0246086876963376,0.02934364889345801,0.05,nan,nan,nan,nan,nan,nan,nan,299.527484814078,0.9556519985198975,0.9556519985198975,1.0,0.0,291.0,518.0396690964699,956.0144653320312,276.05999755859375,978.0725708007812,299.54522705078125,nan,nan,nan,nan,nan,0.0,nan,3.0703261832112014,nan,nan,nan,1.0,0.9556519985198975,0.9556519985198975,291.0,0.0,bbox_bottom,518.0396690964699,nan,69.6050499973353,83.77441800257657,1781599467.952945,1781599468.0715172,1781599468.1410713,1781599468.45583,0.06955409049987793,1781599415.6878302,1781599415.6878302,126.25383773719821,0
52.966,53.24,1,1,3.300000000004068,-1.0,-4.891703034414725e-12,1,3.3157567222504514,-1.0058143553450014,-1.3452465257518244e-41,0.4720000000000013,1.0,0.016795267905800586,2.8027393850330186e-10,967.3451532995795,299.97133181691584,nan,nan,1,52.966,967.3451532995795,299.97133181691584,0.0,0.2740000000000009,1.0,3.3231682076066713,-1.0790019830685862,0.08232909068055166,3.3231682076066713,-1.0290019830685861,0.03711981769119937,0.05,nan,nan,nan,nan,nan,nan,nan,299.97133181691584,0.9556519985198975,0.9556519985198975,1.0,0.0,291.0,518.0396690964699,956.0144653320312,276.05999755859375,978.0725708007812,299.54522705078125,nan,nan,nan,nan,nan,0.0,nan,3.0703261832112014,nan,nan,nan,1.0,0.9556519985198975,0.9556519985198975,291.0,0.0,bbox_bottom,518.0396690964699,nan,80.01778500329237,120.74209500860889,1781599468.444481,1781599468.498259,1781599468.578223,1781599468.914698,0.07996392250061035,1781599415.9486978,1781599415.9486978,126.25383773719821,0
53.197,53.451,1,1,3.300000000004068,-1.0,-4.891702938389035e-12,1,3.311245125025925,-1.011850190076598,-1.3452465257518244e-41,0.48499999999999943,1.0,0.016336457437544267,2.802739330014351e-10,967.8877619840878,299.4436181600112,nan,nan,1,52.966,967.3451532995795,299.97133181691584,0.0,0.48499999999999943,1.0,3.3231682076066713,-1.0790019830685862,0.08232909068055166,3.3231682076066713,-1.0290019830685861,0.03711981769119937,0.05,nan,nan,nan,nan,nan,nan,nan,299.4436181600112,0.9556519985198975,0.9556519985198975,1.0,0.0,291.0,518.0396690964699,956.0144653320312,276.05999755859375,978.0725708007812,299.54522705078125,nan,nan,nan,nan,nan,0.0,nan,3.0703261832112014,nan,nan,nan,1.0,0.9556519985198975,0.9556519985198975,291.0,0.0,bbox_bottom,518.0396690964699,nan,81.40604499203619,93.87747400614899,1781599468.912782,1781599468.927999,1781599469.0092192,1781599469.3235118,0.08122014999389648,1781599416.1265118,1781599416.1265118,126.25383773719821,0
53.395,53.67100000000001,1,1,3.300000000004068,-1.0,-4.891702837940165e-12,1,3.3189563041169565,-1.0046792259292148,-1.3452465257518244e-41,0.47400000000000375,1.0,0.019525281583550734,2.8027392724613876e-10,966.6937188510144,298.7169114005647,nan,nan,1,53.197,967.8877619840878,299.4436181600112,0.0,0.47400000000000375,1.0,3.330928956535559,-1.0717454697640199,0.07812818175144441,3.330928956535559,-1.0217454697640198,0.03780827696926618,0.05,nan,nan,nan,nan,nan,nan,nan,298.7169114005647,0.9556519985198975,0.9556519985198975,1.0,0.0,291.0,518.0396690964699,956.0144653320312,276.05999755859375,978.0725708007812,299.54522705078125,nan,nan,nan,nan,nan,0.0,nan,3.0703261832112014,nan,nan,nan,1.0,0.9556519985198975,0.9556519985198975,291.0,0.0,bbox_bottom,518.0396690964699,nan,90.83771400037222,104.17545300151687,1781599469.2911422,1781599469.340616,1781599469.4313977,1781599469.8130643,0.09078168869018555,1781599416.4180644,1781599416.4180644,126.25383773719821,0
53.626,53.875,1,1,3.300000000004068,-1.0,-4.891702723112216e-12,1,3.3099292305863184,-0.9947368705735333,-1.3452465257518244e-41,0.4799999999999969,1.0,0.011237889095165213,2.802739206669819e-10,966.151785740264,300.71767827812755,nan,nan,1,53.626,966.151785740264,300.71767827812755,0.0,0.24900000000000233,1.0,3.307889932406318,-1.0892481622463681,0.08959623595702063,3.307889932406318,-1.039248162246368,0.04003335200841045,0.05,nan,nan,nan,nan,nan,nan,nan,300.71767827812755,0.9556519985198975,0.9556519985198975,1.0,0.0,291.0,518.0396690964699,956.0144653320312,276.05999755859375,978.0725708007812,299.54522705078125,nan,nan,nan,nan,nan,0.0,nan,3.0703261832112014,nan,nan,nan,1.0,0.9556519985198975,0.9556519985198975,291.0,0.0,bbox_bottom,518.0396690964699,nan,74.58923700323794,92.43774501373991,1781599469.8002086,1781599469.832128,1781599469.9066014,1781599470.2351804,0.07447338104248047,1781599416.6091805,1781599416.6091805,126.25383773719821,0
53.824,54.074000000000005,1,1,3.300000000004068,-1.0,-4.891702628506062e-12,1,3.2960535093259704,-1.0219643028679612,-1.3452465257518244e-41,0.4480000000000075,1.0,0.022316034350839373,2.8027391524644856e-10,966.9589965784038,300.3321714318718,nan,nan,1,53.824,966.9589965784038,300.3321714318718,0.0,0.2500000000000071,1.0,3.317714057878644,-1.0839581899183086,0.085806558611464,3.317714057878644,-1.0339581899183086,0.038300737707147925,0.05,nan,nan,nan,nan,nan,nan,nan,300.3321714318718,0.9556519985198975,0.9556519985198975,1.0,0.0,291.0,518.0396690964699,956.0144653320312,276.05999755859375,978.0725708007812,299.54522705078125,nan,nan,nan,nan,nan,0.0,nan,3.0703261832112014,nan,nan,nan,1.0,0.9556519985198975,0.9556519985198975,291.0,0.0,bbox_bottom,518.0396690964699,nan,75.90406299277674,86.57825499540195,1781599470.2164047,1781599470.2484586,1781599470.3243172,1781599470.6377754,0.07585859298706055,1781599416.8137755,1781599416.8137755,126.25383773719821,0
54.022,54.282000000000004,1,1,3.300000000004068,-1.0,-4.8917025281025785e-12,1,3.305825423947077,-1.0167475661442393,-1.3452465257518244e-41,0.4580000000000055,1.0,0.017731794491011133,2.802739094937527e-10,965.7461542200635,297.60705894294205,nan,nan,1,54.022,965.7461542200635,297.60705894294205,0.0,0.2600000000000051,1.0,3.3169834983554933,-1.0464146270530312,0.0494242533653756,3.3169834983554933,-0.9964146270530312,0.017357825768849006,0.05,nan,nan,nan,nan,nan,nan,nan,297.60705894294205,0.9556519985198975,0.9556519985198975,1.0,0.0,291.0,518.0396690964699,956.0144653320312,276.05999755859375,978.0725708007812,299.54522705078125,nan,nan,nan,nan,nan,0.0,nan,3.0703261832112014,nan,nan,nan,1.0,0.9556519985198975,0.9556519985198975,291.0,0.0,bbox_bottom,518.0396690964699,nan,87.04211701115128,99.53497500100639,1781599470.6123886,1781599470.6521297,1781599470.7391267,1781599471.0476031,0.08699703216552734,1781599417.025603,1781599417.025603,126.25383773719821,0
54.22,54.497,1,1,3.300000000004068,-1.0,-4.891702436893537e-12,1,3.304996127585016,-0.9795399517713905,-1.3452465257518244e-41,0.4750000000000014,1.0,0.021061217066497676,2.8027390426785963e-10,965.9944268354063,300.69185401829077,nan,nan,1,54.22,965.9944268354063,300.69185401829077,0.0,0.277000000000001,1.0,3.3064032614351375,-1.088893969617751,0.08912429293608043,3.3064032614351375,-1.038893969617751,0.039417542155506885,0.05,nan,nan,nan,nan,nan,nan,nan,300.69185401829077,0.9556519985198975,0.9556519985198975,1.0,0.0,291.0,518.0396690964699,956.0144653320312,276.05999755859375,978.0725708007812,299.54522705078125,nan,nan,nan,nan,nan,0.0,nan,3.0703261832112014,nan,nan,nan,1.0,0.9556519985198975,0.9556519985198975,291.0,0.0,bbox_bottom,518.0396690964699,nan,77.27643800899386,87.34827999433037,1781599470.9994,1781599471.0586584,1781599471.1358569,1781599471.4957855,0.07719850540161133,1781599417.2757854,1781599417.2757854,126.25383773719821,0
54.451,54.706,1,1,3.300000000004068,-1.0,-4.891702367241639e-12,1,3.3193924414992986,-1.010590375613746,-1.3452465257518244e-41,0.25500000000000256,1.0,0.022095765268172123,2.802739002770998e-10,968.1115955062387,299.87726565863335,nan,nan,1,54.451,968.1115955062387,299.87726565863335,0.0,0.25500000000000256,1.0,3.331350588720014,-1.0777091869006947,0.08379485152205655,3.331350588720014,-1.0277091869006947,0.041840870587668576,0.05,nan,nan,nan,nan,nan,nan,nan,299.87726565863335,0.9556519985198975,0.9556519985198975,1.0,0.0,291.0,518.0396690964699,956.0144653320312,276.05999755859375,978.0725708007812,299.54522705078125,nan,nan,nan,nan,nan,0.0,nan,3.0703261832112014,nan,nan,nan,1.0,0.9556519985198975,0.9556519985198975,291.0,0.0,bbox_bottom,518.0396690964699,nan,77.13683400652371,87.90031599346548,1781599471.4932666,1781599471.5073469,1781599471.5843914,1781599471.8790016,0.07704448699951172,1781599417.4280016,1781599417.4280016,126.25383773719821,0
54.649,54.905,1,1,3.300000000004068,-1.0,-4.891702291654068e-12,1,3.30241773861718,-1.0042378640140879,-1.3452465257518244e-41,0.2560000000000002,1.0,0.004879031810024736,2.80273895946251e-10,966.2413479162462,299.41442440921537,nan,nan,1,54.649,966.2413479162462,299.41442440921537,0.0,0.2560000000000002,1.0,3.3143274288406093,-1.071343806668452,0.07276822085918827,3.3143274288406093,-1.021343806668452,0.025706678123911763,0.05,nan,nan,nan,nan,nan,nan,nan,299.41442440921537,0.9556519985198975,0.9556519985198975,1.0,0.0,291.0,518.0396690964699,956.0144653320312,276.05999755859375,978.0725708007812,299.54522705078125,nan,nan,nan,nan,nan,0.0,nan,3.0703261832112014,nan,nan,nan,1.0,0.9556519985198975,0.9556519985198975,291.0,0.0,bbox_bottom,518.0396690964699,nan,68.72640700021293,79.78358599939384,1781599471.8532145,1781599471.8951404,1781599471.9638052,1781599472.2613664,0.0686647891998291,1781599417.6123664,1781599417.6123664,126.25383773719821,0
54.847,55.111000000000004,1,1,3.300000000004068,-1.0,-4.891702193398007e-12,1,3.30241773861718,-1.0042378640140879,-1.3452465257518244e-41,0.4620000000000033,1.0,0.004879031810024736,2.802738903165934e-10,966.7457575866073,299.2002537046859,nan,nan,1,54.847,966.7457575866073,299.2002537046859,0.0,0.2640000000000029,1.0,3.3203636247588575,-1.0683957431815043,0.07136283975924841,3.3203636247588575,-1.0183957431815043,0.02744231368441319,0.05,nan,nan,nan,nan,nan,nan,nan,299.2002537046859,0.9556519985198975,0.9556519985198975,1.0,0.0,291.0,518.0396690964699,956.0144653320312,276.05999755859375,978.0725708007812,299.54522705078125,nan,nan,nan,nan,nan,0.0,nan,3.0703261832112014,nan,nan,nan,1.0,0.9556519985198975,0.9556519985198975,291.0,0.0,bbox_bottom,518.0396690964699,nan,100.61000399582554,114.9760099942796,1781599472.2440505,1781599472.2788851,1781599472.3794258,1781599472.6746645,0.1005406379699707,1781599417.8276646,1781599417.8276646,126.25383773719821,0
55.045,55.326,1,1,3.300000000004068,-1.0,-4.891702102613685e-12,1,3.3084226723798436,-1.00133207858561,-1.3452465257518244e-41,0.4789999999999992,1.0,0.00852735851878476,2.802738851150349e-10,964.5374482290906,298.6873006648191,nan,nan,1,55.045,964.5374482290906,298.6873006648191,0.0,0.2809999999999988,1.0,3.300093962632106,-1.0613284740991418,0.06132854608014583,3.300093962632106,-1.0113284740991417,0.011328863773141275,0.05,nan,nan,nan,nan,nan,nan,nan,298.6873006648191,0.9556519985198975,0.9556519985198975,1.0,0.0,291.0,518.0396690964699,956.0144653320312,276.05999755859375,978.0725708007812,299.54522705078125,nan,nan,nan,nan,nan,0.0,nan,3.0703261832112014,nan,nan,nan,1.0,0.9556519985198975,0.9556519985198975,291.0,0.0,bbox_bottom,518.0396690964699,nan,82.28233900445048,92.47468400280923,1781599472.6353023,1781599472.6861858,1781599472.7683933,1781599473.0879712,0.08220744132995605,1781599418.0429711,1781599418.0429711,126.25383773719821,0
55.276,55.523,1,1,3.300000000004068,-1.0,-4.891702026803186e-12,1,3.288212093646709,-0.9942755243092307,-1.3452465257518244e-41,0.47800000000000153,1.0,0.013104364090793252,2.8027388077141325e-10,966.853409190724,301.06165484059335,nan,nan,1,55.276,966.853409190724,301.06165484059335,0.0,0.2469999999999999,1.0,3.31354695968657,-1.0939637923147618,0.0949353168363124,3.31354695968657,-1.0439637923147618,0.04600364280505224,0.05,nan,nan,nan,nan,nan,nan,nan,301.06165484059335,0.9556519985198975,0.9556519985198975,1.0,0.0,291.0,518.0396690964699,956.0144653320312,276.05999755859375,978.0725708007812,299.54522705078125,nan,nan,nan,nan,nan,0.0,nan,3.0703261832112014,nan,nan,nan,1.0,0.9556519985198975,0.9556519985198975,291.0,0.0,bbox_bottom,518.0396690964699,nan,69.73471700621303,81.78677299292758,1781599473.0720322,1781599473.1015723,1781599473.1711671,1781599473.4714937,0.0695948600769043,1781599418.1954937,1781599418.1954937,126.25383773719821,0
55.474,55.726000000000006,1,1,3.300000000004068,-1.0,-4.891701940744025e-12,1,3.3017014675743104,-1.0266522561655436,-1.3452465257518244e-41,0.45000000000000284,1.0,0.02670651138966565,2.802738758405865e-10,967.204261125538,300.94611533704403,nan,nan,1,55.474,967.204261125538,300.94611533704403,0.0,0.25200000000000955,1.0,3.31759426505463,-1.0923802838550074,0.09404081564831923,3.31759426505463,-1.0423802838550074,0.045887325290328476,0.05,nan,nan,nan,nan,nan,nan,nan,300.94611533704403,0.9556519985198975,0.9556519985198975,1.0,0.0,291.0,518.0396690964699,956.0144653320312,276.05999755859375,978.0725708007812,299.54522705078125,nan,nan,nan,nan,nan,0.0,nan,3.0703261832112014,nan,nan,nan,1.0,0.9556519985198975,0.9556519985198975,291.0,0.0,bbox_bottom,518.0396690964699,nan,88.24518400069792,101.97871499985922,1781599473.4666443,1781599473.486264,1781599473.5742934,1781599473.8668473,0.08802938461303711,1781599418.3928473,1781599418.3928473,126.25383773719821,0
55.672,55.922000000000004,1,1,3.300000000004068,-1.0,-4.891701829895476e-12,1,3.3057288750478766,-1.0250935571181239,-1.3452465257518244e-41,0.4480000000000075,1.0,0.025739203913643437,2.802738694894325e-10,966.6498111576468,299.29253846953344,nan,nan,1,55.474,967.204261125538,300.94611533704403,0.0,0.4480000000000075,1.0,3.31759426505463,-1.0923802838550074,0.09404081564831923,3.31759426505463,-1.0423802838550074,0.045887325290328476,0.05,nan,nan,nan,nan,nan,nan,nan,299.29253846953344,0.9556519985198975,0.9556519985198975,1.0,0.0,291.0,518.0396690964699,956.0144653320312,276.05999755859375,978.0725708007812,299.54522705078125,nan,nan,nan,nan,nan,0.0,nan,3.0703261832112014,nan,nan,nan,1.0,0.9556519985198975,0.9556519985198975,291.0,0.0,bbox_bottom,518.0396690964699,nan,90.94613599881995,101.62411899364088,1781599473.8535702,1781599473.878333,1781599473.9692326,1781599474.243988,0.09089946746826172,1781599418.571988,1781599418.571988,126.25383773719821,0
55.87,56.11000000000001,1,1,3.300000000004068,-1.0,-4.891701780880784e-12,1,3.307063543233001,-1.0025875721221091,-1.3452465257518244e-41,0.4380000000000095,1.0,0.007522577512669541,2.802738666810975e-10,963.1440963363519,300.00855738998825,nan,nan,1,55.87,963.1440963363519,300.00855738998825,0.0,0.2400000000000091,1.0,3.280362916694934,-1.0795136511891907,0.08190259926477407,3.280362916694934,-1.0295136511891907,0.035449550736322354,0.05,nan,nan,nan,nan,nan,nan,nan,300.00855738998825,0.9556519985198975,0.9556519985198975,1.0,0.0,291.0,518.0396690964699,956.0144653320312,276.05999755859375,978.0725708007812,299.54522705078125,nan,nan,nan,nan,nan,0.0,nan,3.0703261832112014,nan,nan,nan,1.0,0.9556519985198975,0.9556519985198975,291.0,0.0,bbox_bottom,518.0396690964699,nan,77.54383400606457,93.24612500495277,1781599474.223804,1781599474.260584,1781599474.3380558,1781599474.6679814,0.07747173309326172,1781599418.7979815,1781599418.7979815,126.25383773719821,0
56.068,56.29900000000001,1,1,3.300000000004068,-1.0,-4.89170171317386e-12,1,3.2686063609887914,-1.0122455746917962,-1.3452465257518244e-41,0.42900000000000915,1.0,0.0336973985665639,2.802738628017765e-10,967.5906137277456,301.30898612034065,nan,nan,1,55.87,963.1440963363519,300.00855738998825,0.0,0.42900000000000915,1.0,3.280362916694934,-1.0795136511891907,0.08190259926477407,3.280362916694934,-1.0295136511891907,0.035449550736322354,0.05,nan,nan,nan,nan,nan,nan,nan,301.30898612034065,0.9556519985198975,0.9556519985198975,1.0,0.0,291.0,518.0396690964699,956.0144653320312,276.05999755859375,978.0725708007812,299.54522705078125,nan,nan,nan,nan,nan,0.0,nan,3.0703261832112014,nan,nan,nan,1.0,0.9556519985198975,0.9556519985198975,291.0,0.0,bbox_bottom,518.0396690964699,nan,72.22931899013929,82.96265600074548,1781599474.6618323,1781599474.67956,1781599474.7515922,1781599475.0709424,0.07203221321105957,1781599419.0029423,1781599419.0029423,126.25383773719821,0
56.233,56.551,1,1,3.300000000004068,-1.0,-4.891701586612735e-12,1,3.3081088169422332,-1.0300266550058068,-1.3452465257518244e-41,0.4830000000000041,1.0,0.031102297712137232,2.802738555503582e-10,966.5567568556135,299.63938120697827,nan,nan,1,56.068,967.5906137277456,301.30898612034065,0.0,0.4830000000000041,1.0,3.319969923955969,-1.0973519234331808,0.09937904637691286,3.319969923955969,-1.0473519234331807,0.051390685104078106,0.05,nan,nan,nan,nan,nan,nan,nan,299.63938120697827,0.9556519985198975,0.9556519985198975,1.0,0.0,291.0,518.0396690964699,956.0144653320312,276.05999755859375,978.0725708007812,299.54522705078125,nan,nan,nan,nan,nan,0.0,nan,3.0703261832112014,nan,nan,nan,1.0,0.9556519985198975,0.9556519985198975,291.0,0.0,bbox_bottom,518.0396690964699,nan,91.73206400009803,104.52377601177432,1781599475.0007687,1781599475.0846717,1781599475.176263,1781599475.548807,0.09159135818481445,1781599419.3158069,1781599419.3158069,126.25383773719821,0
56.497,56.748000000000005,1,1,3.300000000004068,-1.0,-4.891701499874955e-12,1,3.3046650973166405,-1.007310638110582,-1.3452465257518244e-41,0.5150000000000077,1.0,0.008672287040894403,2.802738505806495e-10,966.3379901116851,298.368969985861,nan,nan,1,56.497,966.3379901116851,298.368969985861,0.0,0.2510000000000048,1.0,3.319759333290499,-1.0569378372565021,0.060268968494343614,3.319759333290499,-1.006937837256502,0.02094193968384896,0.05,nan,nan,nan,nan,nan,nan,nan,298.368969985861,0.9556519985198975,0.9556519985198975,1.0,0.0,291.0,518.0396690964699,956.0144653320312,276.05999755859375,978.0725708007812,299.54522705078125,nan,nan,nan,nan,nan,0.0,nan,3.0703261832112014,nan,nan,nan,1.0,0.9556519985198975,0.9556519985198975,291.0,0.0,bbox_bottom,518.0396690964699,nan,65.40652099647559,77.06351899832953,1781599475.5029314,1781599475.5612657,1781599475.6265552,1781599475.918813,0.06528949737548828,1781599419.421813,1781599419.421813,126.25383773719821,0
56.695,56.948,1,1,3.300000000004068,-1.0,-4.891701368485224e-12,1,3.307789718632443,-0.9899757057595859,-1.3452465257518244e-41,0.4510000000000005,1.0,0.01269512470705384,2.802738430525725e-10,966.3304100996693,299.20022852669547,nan,nan,1,56.497,966.3379901116851,298.368969985861,0.0,0.4510000000000005,1.0,3.319759333290499,-1.0569378372565021,0.060268968494343614,3.319759333290499,-1.006937837256502,0.02094193968384896,0.05,nan,nan,nan,nan,nan,nan,nan,299.20022852669547,0.9556519985198975,0.9556519985198975,1.0,0.0,291.0,518.0396690964699,956.0144653320312,276.05999755859375,978.0725708007812,299.54522705078125,nan,nan,nan,nan,nan,0.0,nan,3.0703261832112014,nan,nan,nan,1.0,0.9556519985198975,0.9556519985198975,291.0,0.0,bbox_bottom,518.0396690964699,nan,70.53264600108378,86.00385399768129,1781599475.9028203,1781599475.9351385,1781599476.0055013,1781599476.304075,0.07036280632019043,1781599419.609075,1781599419.609075,126.25383773719821,0
56.893,57.150000000000006,1,1,3.300000000004068,-1.0,-4.891701267121052e-12,1,3.3042183139685397,-1.0013207387492493,-1.3452465257518244e-41,0.4550000000000054,1.0,0.004420240213678964,2.802738372448332e-10,968.3989560950761,299.5474386533546,nan,nan,1,56.695,966.3304100996693,299.20022852669547,0.0,0.4550000000000054,1.0,3.3161429840113508,-1.0683954120167019,0.07027466341145852,3.3161429840113508,-1.0183954120167018,0.024474213285080287,0.05,nan,nan,nan,nan,nan,nan,nan,299.5474386533546,0.9556519985198975,0.9556519985198975,1.0,0.0,291.0,518.0396690964699,956.0144653320312,276.05999755859375,978.0725708007812,299.54522705078125,nan,nan,nan,nan,nan,0.0,nan,3.0703261832112014,nan,nan,nan,1.0,0.9556519985198975,0.9556519985198975,291.0,0.0,bbox_bottom,518.0396690964699,nan,64.35382099880371,77.16646499466151,1781599476.2879584,1781599476.3181634,1781599476.3824565,1781599476.6849647,0.06429314613342285,1781599419.7919648,1781599419.7919648,126.25383773719821,0
57.091,57.364000000000004,1,1,3.300000000004068,-1.0,-4.891701176152818e-12,1,3.3236909365139513,-1.0061071355496614,-1.3452465257518244e-41,0.47100000000000364,1.0,0.02446543638150061,2.802738320327373e-10,966.2529732567384,299.68710487902297,nan,nan,1,56.893,968.3989560950761,299.5474386533546,0.0,0.47100000000000364,1.0,3.335678047174807,-1.0731738429371738,0.08140844145487393,3.335678047174807,-1.0231738429371737,0.042543507687945244,0.05,nan,nan,nan,nan,nan,nan,nan,299.68710487902297,0.9556519985198975,0.9556519985198975,1.0,0.0,291.0,518.0396690964699,956.0144653320312,276.05999755859375,978.0725708007812,299.54522705078125,nan,nan,nan,nan,nan,0.0,nan,3.0703261832112014,nan,nan,nan,1.0,0.9556519985198975,0.9556519985198975,291.0,0.0,bbox_bottom,518.0396690964699,nan,76.48222798889037,87.94943899556529,1781599476.6380966,1781599476.697378,1781599476.773801,1781599477.0804412,0.07642316818237305,1781599419.9894412,1781599419.9894412,126.25383773719821,0
57.322,57.61000000000001,1,1,3.300000000004068,-1.0,-4.891701031929086e-12,1,3.301391569338037,-1.0079524785533664,-1.3452465257518244e-41,0.5190000000000055,1.0,0.008073312848700689,2.802738237693262e-10,967.2610894219663,298.8689949948063,nan,nan,1,57.322,967.2610894219663,298.8689949948063,0.0,0.2880000000000038,1.0,3.3270139213640846,-1.063832779994698,0.0693136043579951,3.3270139213640846,-1.013832779994698,0.030349592248115474,0.05,nan,nan,nan,nan,nan,nan,nan,298.8689949948063,0.9556519985198975,0.9556519985198975,1.0,0.0,291.0,518.0396690964699,956.0144653320312,276.05999755859375,978.0725708007812,299.54522705078125,nan,nan,nan,nan,nan,0.0,nan,3.0703261832112014,nan,nan,nan,1.0,0.9556519985198975,0.9556519985198975,291.0,0.0,bbox_bottom,518.0396690964699,nan,93.69703900301829,108.48797899961937,1781599477.0752735,1781599477.096422,1781599477.189958,1781599477.5549746,0.0935361385345459,1781599420.2329745,1781599420.2329745,126.25383773719821,0
57.553,57.816,1,1,3.300000000004068,-1.0,-4.891700914923264e-12,1,3.315034969325348,-0.9968275281283647,-1.3452465257518244e-41,0.4939999999999998,1.0,0.015366030075075934,2.802738170653864e-10,968.1867516930358,297.6568781598046,nan,nan,1,57.553,968.1867516930358,297.6568781598046,0.0,0.26300000000000523,1.0,3.3416216000543573,-1.047103249968643,0.06285756715268813,3.3416216000543573,-0.997103249968643,0.04172228123545495,0.05,nan,nan,nan,nan,nan,nan,nan,297.6568781598046,0.9556519985198975,0.9556519985198975,1.0,0.0,291.0,518.0396690964699,956.0144653320312,276.05999755859375,978.0725708007812,299.54522705078125,nan,nan,nan,nan,nan,0.0,nan,3.0703261832112014,nan,nan,nan,1.0,0.9556519985198975,0.9556519985198975,291.0,0.0,bbox_bottom,518.0396690964699,nan,102.58378699654713,115.15983199933544,1781599477.5452712,1781599477.5683599,1781599477.6708958,1781599477.94848,0.10253596305847168,1781599420.39548,1781599420.39548,126.25383773719821,0
57.751,58.037000000000006,1,1,3.300000000004068,-1.0,-4.891700811635473e-12,1,3.3295410382125126,-0.9802866585767172,-1.3452465257518244e-41,0.48400000000000887,1.0,0.035514627528719686,2.802738111474319e-10,966.8299734383232,300.21029311641047,nan,nan,1,57.751,966.8299734383232,300.21029311641047,0.0,0.28600000000000847,1.0,3.316922566326883,-1.0822846880814982,0.08400680415073253,3.316922566326883,-1.0322846880814982,0.03645098538407025,0.05,nan,nan,nan,nan,nan,nan,nan,300.21029311641047,0.9556519985198975,0.9556519985198975,1.0,0.0,291.0,518.0396690964699,956.0144653320312,276.05999755859375,978.0725708007812,299.54522705078125,nan,nan,nan,nan,nan,0.0,nan,3.0703261832112014,nan,nan,nan,1.0,0.9556519985198975,0.9556519985198975,291.0,0.0,bbox_bottom,518.0396690964699,nan,78.09507699857932,87.46587698988151,1781599477.897953,1781599477.9586315,1781599478.0365062,1781599478.3350747,0.07787466049194336,1781599420.5840747,1781599420.5840747,126.25383773719821,0
57.982,58.221000000000004,1,1,3.300000000004068,-1.0,-4.891700757607708e-12,1,3.305032459147254,-1.0150870591489998,-1.3452465257518244e-41,0.47000000000000597,1.0,0.015904244678489284,2.8027380805186896e-10,965.7050855469294,299.9064807994246,nan,nan,1,57.751,966.8299734383232,300.21029311641047,0.0,0.47000000000000597,1.0,3.316922566326883,-1.0822846880814982,0.08400680415073253,3.316922566326883,-1.0322846880814982,0.03645098538407025,0.05,nan,nan,nan,nan,nan,nan,nan,299.9064807994246,0.9556519985198975,0.9556519985198975,1.0,0.0,291.0,518.0396690964699,956.0144653320312,276.05999755859375,978.0725708007812,299.54522705078125,nan,nan,nan,nan,nan,0.0,nan,3.0703261832112014,nan,nan,nan,1.0,0.9556519985198975,0.9556519985198975,291.0,0.0,bbox_bottom,518.0396690964699,nan,72.45368999429047,86.7224389949115,1781599478.3324172,1781599478.3506963,1781599478.423003,1781599478.7006288,0.07230663299560547,1781599420.7186286,1781599420.7186286,126.25383773719821,0
58.147,58.411,1,1,3.300000000004068,-1.0,-4.891700668483668e-12,1,3.29493081121015,-1.0109243227943545,-1.3452465257518244e-41,0.42900000000000205,1.0,0.012043151728000353,2.802738029454377e-10,968.3364111166001,299.9988983150382,nan,nan,1,57.982,965.7050855469294,299.9064807994246,0.0,0.42900000000000205,1.0,3.306793129338343,-1.0781108187780948,0.07840565423702904,3.306793129338343,-1.0281108187780947,0.028919971274658448,0.05,nan,nan,nan,nan,nan,nan,nan,299.9988983150382,0.9556519985198975,0.9556519985198975,1.0,0.0,291.0,518.0396690964699,956.0144653320312,276.05999755859375,978.0725708007812,299.54522705078125,nan,nan,nan,nan,nan,0.0,nan,3.0703261832112014,nan,nan,nan,1.0,0.9556519985198975,0.9556519985198975,291.0,0.0,bbox_bottom,518.0396690964699,nan,83.62261600268539,97.13592399202753,1781599478.6491606,1781599478.7149346,1781599478.798445,1781599479.0705063,0.0835103988647461,1781599420.9235063,1781599420.9235063,126.25383773719821,0
58.345,58.596000000000004,1,1,3.300000000004068,-1.0,-4.8917005857787084e-12,1,3.321153230071618,-1.0122514845151698,-1.3452465257518244e-41,0.4490000000000052,1.0,0.02444499979783475,2.802737982067925e-10,965.3533581234293,298.817032023346,nan,nan,1,58.345,965.3533581234293,298.817032023346,0.0,0.2510000000000048,1.0,3.3078399236848948,-1.063116732040148,0.06360177880176805,3.3078399236848948,-1.013116732040148,0.015281134209679283,0.05,nan,nan,nan,nan,nan,nan,nan,298.817032023346,0.9556519985198975,0.9556519985198975,1.0,0.0,291.0,518.0396690964699,956.0144653320312,276.05999755859375,978.0725708007812,299.54522705078125,nan,nan,nan,nan,nan,0.0,nan,3.0703261832112014,nan,nan,nan,1.0,0.9556519985198975,0.9556519985198975,291.0,0.0,bbox_bottom,518.0396690964699,nan,66.58690200129058,81.98440699197818,1781599478.999127,1781599479.0864046,1781599479.1529443,1781599479.45115,0.06653976440429688,1781599421.10615,1781599421.10615,126.25383773719821,0
58.543,58.774,1,1,3.300000000004068,-1.0,-4.891700525471983e-12,1,3.295933008019487,-0.9960678989294127,-1.3452465257518244e-41,0.42900000000000205,1.0,0.005657017114342162,2.802737947514717e-10,968.2758214689105,299.84356229584654,nan,nan,1,58.345,965.3533581234293,298.817032023346,0.0,0.42900000000000205,1.0,3.3078399236848948,-1.063116732040148,0.06360177880176805,3.3078399236848948,-1.013116732040148,0.015281134209679283,0.05,nan,nan,nan,nan,nan,nan,nan,299.84356229584654,0.9556519985198975,0.9556519985198975,1.0,0.0,291.0,518.0396690964699,956.0144653320312,276.05999755859375,978.0725708007812,299.54522705078125,nan,nan,nan,nan,nan,0.0,nan,3.0703261832112014,nan,nan,nan,1.0,0.9556519985198975,0.9556519985198975,291.0,0.0,bbox_bottom,518.0396690964699,nan,66.08229500125162,77.22163500147872,1781599479.4053311,1781599479.4639535,1781599479.5299585,1781599479.8143587,0.06600499153137207,1781599421.2713587,1781599421.2713587,126.25383773719821,0
58.708,58.969,1,1,3.300000000004068,-1.0,-4.891700456564289e-12,1,3.321195567291662,-1.0101359973173956,-1.3452465257518244e-41,0.42600000000000193,1.0,0.023494478378145982,2.8027379080335164e-10,967.0336591279163,299.98642764549675,nan,nan,1,58.543,968.2758214689105,299.84356229584654,0.0,0.42600000000000193,1.0,3.333161955920905,-1.0772459137522545,0.08406334820628422,3.333161955920905,-1.0272459137522545,0.042919169801215074,0.05,nan,nan,nan,nan,nan,nan,nan,299.98642764549675,0.9556519985198975,0.9556519985198975,1.0,0.0,291.0,518.0396690964699,956.0144653320312,276.05999755859375,978.0725708007812,299.54522705078125,nan,nan,nan,nan,nan,0.0,nan,3.0703261832112014,nan,nan,nan,1.0,0.9556519985198975,0.9556519985198975,291.0,0.0,bbox_bottom,518.0396690964699,nan,80.84251498803496,93.84151399717666,1781599479.7333248,1781599479.8290012,1781599479.9096932,1781599480.2073812,0.08069205284118652,1781599421.4993813,1781599421.4993813,126.25383773719821,0
58.906,59.17,1,1,3.300000000004068,-1.0,-4.891700374037521e-12,1,3.3080316526743814,-1.0120473525670515,-1.3452465257518244e-41,0.4620000000000033,1.0,0.014479162561812463,2.802737860749161e-10,967.7645670164121,298.83676181418326,nan,nan,1,58.708,967.0336591279163,299.98642764549675,0.0,0.4620000000000033,1.0,3.319941726345754,-1.079209430265979,0.08168112568119798,3.319941726345754,-1.0292094302659789,0.03536754537637244,0.05,nan,nan,nan,nan,nan,nan,nan,298.83676181418326,0.9556519985198975,0.9556519985198975,1.0,0.0,291.0,518.0396690964699,956.0144653320312,276.05999755859375,978.0725708007812,299.54522705078125,nan,nan,nan,nan,nan,0.0,nan,3.0703261832112014,nan,nan,nan,1.0,0.9556519985198975,0.9556519985198975,291.0,0.0,bbox_bottom,518.0396690964699,nan,75.88928700715769,90.33646799798589,1781599480.1659784,1781599480.222571,1781599480.2984114,1781599480.586805,0.07584047317504883,1781599421.6808052,1781599421.6808052,126.25383773719821,0
59.104,59.376000000000005,1,1,3.300000000004068,-1.0,-4.891700261167463e-12,1,3.3202698044139294,-0.996401015559029,-1.3452465257518244e-41,0.47000000000000597,1.0,0.02058683219488569,2.8027377960793814e-10,966.7531179863333,299.68814070044806,nan,nan,1,59.104,966.7531179863333,299.68814070044806,0.0,0.27200000000000557,1.0,3.3183619766747285,-1.0751091168945242,0.07732102966159446,3.3183619766747285,-1.025109116894524,0.031106750689790047,0.05,nan,nan,nan,nan,nan,nan,nan,299.68814070044806,0.9556519985198975,0.9556519985198975,1.0,0.0,291.0,518.0396690964699,956.0144653320312,276.05999755859375,978.0725708007812,299.54522705078125,nan,nan,nan,nan,nan,0.0,nan,3.0703261832112014,nan,nan,nan,1.0,0.9556519985198975,0.9556519985198975,291.0,0.0,bbox_bottom,518.0396690964699,nan,77.64457400480751,88.45957100857049,1781599480.543127,1781599480.598722,1781599480.676276,1781599480.9693127,0.07755398750305176,1781599421.8653126,1781599421.8653126,126.25383773719821,0
59.335,59.55500000000001,1,1,3.300000000004068,-1.0,-4.891700146653446e-12,1,3.3064469063299167,-1.0079798163487348,-1.3452465257518244e-41,0.4510000000000076,1.0,0.010258658300859867,2.802737730467683e-10,966.4995603446189,299.411775492244,nan,nan,1,59.104,966.7531179863333,299.68814070044806,0.0,0.4510000000000076,1.0,3.3183619766747285,-1.0751091168945242,0.07732102966159446,3.3183619766747285,-1.025109116894524,0.031106750689790047,0.05,nan,nan,nan,nan,nan,nan,nan,299.411775492244,0.9556519985198975,0.9556519985198975,1.0,0.0,291.0,518.0396690964699,956.0144653320312,276.05999755859375,978.0725708007812,299.54522705078125,nan,nan,nan,nan,nan,0.0,nan,3.0703261832112014,nan,nan,nan,1.0,0.9556519985198975,0.9556519985198975,291.0,0.0,bbox_bottom,518.0396690964699,nan,64.96112199965864,79.64938899385743,1781599480.961741,1781599480.984796,1781599481.0497077,1781599481.3354993,0.0649116039276123,1781599422.0004992,1781599422.0004992,126.25383773719821,0
59.5,59.758,1,1,3.300000000004068,-1.0,-4.891700093327367e-12,1,3.3050419678835814,-1.0042086036217654,-1.3452465257518244e-41,0.4230000000000018,1.0,0.006567631577911543,2.8027376999140905e-10,968.3413898275883,298.5774071860892,nan,nan,1,59.5,968.3413898275883,298.5774071860892,0.0,0.25800000000000267,1.0,3.339245902538221,-1.0598130338991953,0.07153907945973671,3.339245902538221,-1.0098130338991953,0.04045412834343349,0.05,nan,nan,nan,nan,nan,nan,nan,298.5774071860892,0.9556519985198975,0.9556519985198975,1.0,0.0,291.0,518.0396690964699,956.0144653320312,276.05999755859375,978.0725708007812,299.54522705078125,nan,nan,nan,nan,nan,0.0,nan,3.0703261832112014,nan,nan,nan,1.0,0.9556519985198975,0.9556519985198975,291.0,0.0,bbox_bottom,518.0396690964699,nan,69.78414399782196,82.35227499972098,1781599481.3038216,1781599481.3492658,1781599481.4189913,1781599481.7192054,0.06972551345825195,1781599422.2192054,1781599422.2192054,126.25383773719821,0
59.698,59.981,1,1,3.300000000004068,-1.0,-4.891699980742317e-12,1,3.327208886102926,-0.9928758689668586,-1.3452465257518244e-41,0.48100000000000165,1.0,0.02812608621401104,2.8027376354076083e-10,968.9701807755414,301.42457142816323,nan,nan,1,59.698,968.9701807755414,301.42457142816323,0.0,0.28300000000000125,1.0,3.333458390838845,-1.0989345250519191,0.10443899733577253,3.333458390838845,-1.048934525051919,0.05927943706977643,0.05,nan,nan,nan,nan,nan,nan,nan,301.42457142816323,0.9556519985198975,0.9556519985198975,1.0,0.0,291.0,518.0396690964699,956.0144653320312,276.05999755859375,978.0725708007812,299.54522705078125,nan,nan,nan,nan,nan,0.0,nan,3.0703261832112014,nan,nan,nan,1.0,0.9556519985198975,0.9556519985198975,291.0,0.0,bbox_bottom,518.0396690964699,nan,105.08864300209098,115.91359300655313,1781599481.6771402,1781599481.7315936,1781599481.8366337,1781599482.1568437,0.10504007339477539,1781599422.4588437,1781599422.4588437,126.25383773719821,0
59.896,60.17400000000001,1,1,3.300000000004068,-1.0,-4.891699895067614e-12,1,3.321549526257254,-1.0316302062026754,-1.3452465257518244e-41,0.4760000000000062,1.0,0.038273385350142575,2.8027375863196197e-10,965.3300786284419,299.4042043856682,nan,nan,1,59.698,968.9701807755414,301.42457142816323,0.0,0.4760000000000062,1.0,3.333458390838845,-1.0989345250519191,0.10443899733577253,3.333458390838845,-1.048934525051919,0.05927943706977643,0.05,nan,nan,nan,nan,nan,nan,nan,299.4042043856682,0.9556519985198975,0.9556519985198975,1.0,0.0,291.0,518.0396690964699,956.0144653320312,276.05999755859375,978.0725708007812,299.54522705078125,nan,nan,nan,nan,nan,0.0,nan,3.0703261832112014,nan,nan,nan,1.0,0.9556519985198975,0.9556519985198975,291.0,0.0,bbox_bottom,518.0396690964699,nan,78.74504699429963,90.39812200353481,1781599482.0767055,1781599482.169428,1781599482.2481132,1781599482.5455287,0.07868504524230957,1781599422.6495287,1781599422.6495287,126.25383773719821,0
60.127,60.352000000000004,1,1,3.300000000004068,-1.0,-4.891699826041252e-12,1,3.2932384721019896,-1.004074481766268,-1.3452465257518244e-41,0.45600000000000307,1.0,0.007894280286019482,2.802737546770427e-10,967.386209636052,298.78435596327483,nan,nan,1,59.896,965.3300786284419,299.4042043856682,0.0,0.45600000000000307,1.0,3.305112993375625,-1.0712031995593858,0.0713865416497487,3.305112993375625,-1.0212031995593858,0.021810969092929428,0.05,nan,nan,nan,nan,nan,nan,nan,298.78435596327483,0.9556519985198975,0.9556519985198975,1.0,0.0,291.0,518.0396690964699,956.0144653320312,276.05999755859375,978.0725708007812,299.54522705078125,nan,nan,nan,nan,nan,0.0,nan,3.0703261832112014,nan,nan,nan,1.0,0.9556519985198975,0.9556519985198975,291.0,0.0,bbox_bottom,518.0396690964699,nan,75.89144600206055,89.31175399629865,1781599482.5381174,1781599482.559817,1781599482.6356096,1781599482.8874724,0.07579255104064941,1781599422.7604723,1781599422.7604723,126.25383773719821,0
60.292,60.531000000000006,1,1,3.300000000004068,-1.0,-4.891699756013671e-12,1,3.3166590132949656,-0.9956757946351036,-1.3452465257518244e-41,0.40400000000000347,1.0,0.017211085842098912,2.8027375066475787e-10,966.3024375627215,299.3078113540467,nan,nan,1,60.292,966.3024375627215,299.3078113540467,0.0,0.23900000000000432,1.0,3.315401264599865,-1.069876485611878,0.07155363158230865,3.315401264599865,-1.019876485611878,0.025145051827923256,0.05,nan,nan,nan,nan,nan,nan,nan,299.3078113540467,0.9556519985198975,0.9556519985198975,1.0,0.0,291.0,518.0396690964699,956.0144653320312,276.05999755859375,978.0725708007812,299.54522705078125,nan,nan,nan,nan,nan,0.0,nan,3.0703261832112014,nan,nan,nan,1.0,0.9556519985198975,0.9556519985198975,291.0,0.0,bbox_bottom,518.0396690964699,nan,68.41258799249772,79.29452099779155,1781599482.8700643,1781599482.899353,1781599482.967567,1781599483.2519536,0.06821393966674805,1781599422.9599535,1781599422.9599535,126.25383773719821,0
60.49,60.721000000000004,1,1,3.300000000004068,-1.0,-4.8916996535694314e-12,1,3.303483462414619,-1.0027865490171979,-1.3452465257518244e-41,0.42900000000000205,1.0,0.004460870519412922,2.802737447951353e-10,967.7826961535178,299.03389321183414,nan,nan,1,60.292,966.3024375627215,299.3078113540467,0.0,0.42900000000000205,1.0,3.315401264599865,-1.069876485611878,0.07155363158230865,3.315401264599865,-1.019876485611878,0.025145051827923256,0.05,nan,nan,nan,nan,nan,nan,nan,299.03389321183414,0.9556519985198975,0.9556519985198975,1.0,0.0,291.0,518.0396690964699,956.0144653320312,276.05999755859375,978.0725708007812,299.54522705078125,nan,nan,nan,nan,nan,0.0,nan,3.0703261832112014,nan,nan,nan,1.0,0.9556519985198975,0.9556519985198975,291.0,0.0,bbox_bottom,518.0396690964699,nan,73.83259199559689,85.38357799989171,1781599483.2417727,1781599483.264364,1781599483.3381426,1781599483.6106894,0.07377862930297852,1781599423.1206894,1781599423.1206894,126.25383773719821,0
60.655,60.929,1,1,3.300000000004068,-1.0,-4.891699589571783e-12,1,3.319621272269236,-0.9990909456613846,-1.3452465257518244e-41,0.43900000000000006,1.0,0.01964231923919397,2.802737411283402e-10,968.8702118780263,299.83520105311976,nan,nan,1,60.655,968.8702118780263,299.83520105311976,0.0,0.2740000000000009,1.0,3.3392329323188066,-1.0771309565586407,0.08653558480569576,3.3392329323188066,-1.0271309565586406,0.04770022832020507,0.05,nan,nan,nan,nan,nan,nan,nan,299.83520105311976,0.9556519985198975,0.9556519985198975,1.0,0.0,291.0,518.0396690964699,956.0144653320312,276.05999755859375,978.0725708007812,299.54522705078125,nan,nan,nan,nan,nan,0.0,nan,3.0703261832112014,nan,nan,nan,1.0,0.9556519985198975,0.9556519985198975,291.0,0.0,bbox_bottom,518.0396690964699,nan,68.21614899672568,81.89616800518706,1781599483.5678658,1781599483.6252255,1781599483.6933982,1781599483.9859104,0.06817269325256348,1781599423.3309104,1781599423.3309104,126.25383773719821,0
60.886,61.117000000000004,1,1,3.300000000004068,-1.0,-4.891699535604445e-12,1,3.327242810903412,-1.0100379138009892,-1.3452465257518244e-41,0.4620000000000033,1.0,0.029033264700572322,2.802737380362395e-10,966.940942782323,300.9944867359127,nan,nan,1,60.886,966.940942782323,300.9944867359127,0.0,0.23100000000000165,1.0,3.314719227844513,-1.093043291756309,0.09420037053572868,3.314719227844513,-1.043043291756309,0.04549044551812682,0.05,nan,nan,nan,nan,nan,nan,nan,300.9944867359127,0.9556519985198975,0.9556519985198975,1.0,0.0,291.0,518.0396690964699,956.0144653320312,276.05999755859375,978.0725708007812,299.54522705078125,nan,nan,nan,nan,nan,0.0,nan,3.0703261832112014,nan,nan,nan,1.0,0.9556519985198975,0.9556519985198975,291.0,0.0,bbox_bottom,518.0396690964699,nan,82.61901799414773,95.6048680091044,1781599483.9852817,1781599483.9996717,1781599484.0821002,1781599484.372535,0.0824284553527832,1781599423.486535,1781599423.486535,126.25383773719821,0
61.051,61.282000000000004,1,1,3.300000000004068,-1.0,-4.891699454540881e-12,1,3.3028667231676896,-1.0257430976392405,-1.3452465257518244e-41,0.3960000000000008,1.0,0.02590222341345074,2.8027373339163937e-10,967.6697992614666,299.9145138264688,nan,nan,1,60.886,966.940942782323,300.9944867359127,0.0,0.3960000000000008,1.0,3.314719227844513,-1.093043291756309,0.09420037053572868,3.314719227844513,-1.043043291756309,0.04549044551812682,0.05,nan,nan,nan,nan,nan,nan,nan,299.9145138264688,0.9556519985198975,0.9556519985198975,1.0,0.0,291.0,518.0396690964699,956.0144653320312,276.05999755859375,978.0725708007812,299.54522705078125,nan,nan,nan,nan,nan,0.0,nan,3.0703261832112014,nan,nan,nan,1.0,0.9556519985198975,0.9556519985198975,291.0,0.0,bbox_bottom,518.0396690964699,nan,69.53830600832589,81.06040900747757,1781599484.3209264,1781599484.3851876,1781599484.4546905,1781599484.760004,0.0695028305053711,1781599423.709004,1781599423.709004,126.25383773719821,0
61.216,61.46,1,1,3.300000000004068,-1.0,-4.891699373188128e-12,1,3.314767331430778,-1.011085612996001,-1.3452465257518244e-41,0.4089999999999989,1.0,0.018465234711841774,2.8027372873046995e-10,966.7123776836368,301.359212664674,nan,nan,1,61.216,966.7123776836368,301.359212664674,0.0,0.24399999999999977,1.0,3.310856684655477,-1.0980397410691816,0.09863903096914681,3.310856684655477,-1.0480397410691815,0.049251236772431845,0.05,nan,nan,nan,nan,nan,nan,nan,301.359212664674,0.9556519985198975,0.9556519985198975,1.0,0.0,291.0,518.0396690964699,956.0144653320312,276.05999755859375,978.0725708007812,299.54522705078125,nan,nan,nan,nan,nan,0.0,nan,3.0703261832112014,nan,nan,nan,1.0,0.9556519985198975,0.9556519985198975,291.0,0.0,bbox_bottom,518.0396690964699,nan,76.97419599571731,87.69489701080602,1781599484.6975594,1781599484.7720354,1781599484.8489425,1781599485.1583855,0.07690715789794922,1781599423.9423854,1781599423.9423854,126.25383773719821,0
61.414,61.663000000000004,1,1,3.300000000004068,-1.0,-4.891699259178673e-12,1,3.299032597065668,-1.0306845065295662,-1.3452465257518244e-41,0.44700000000000273,1.0,0.03069975259522815,2.802737221982094e-10,967.8553396561463,299.3418157148365,nan,nan,1,61.216,966.7123776836368,301.359212664674,0.0,0.44700000000000273,1.0,3.310856684655477,-1.0980397410691816,0.09863903096914681,3.310856684655477,-1.0480397410691815,0.049251236772431845,0.05,nan,nan,nan,nan,nan,nan,nan,299.3418157148365,0.9556519985198975,0.9556519985198975,1.0,0.0,291.0,518.0396690964699,956.0144653320312,276.05999755859375,978.0725708007812,299.54522705078125,nan,nan,nan,nan,nan,0.0,nan,3.0703261832112014,nan,nan,nan,1.0,0.9556519985198975,0.9556519985198975,291.0,0.0,bbox_bottom,518.0396690964699,nan,69.3038199970033,91.91941400058568,1781599485.13821,1781599485.1819084,1781599485.251077,1781599485.5459723,0.0691685676574707,1781599424.1319723,1781599424.1319723,126.25383773719821,0
61.612,61.884,1,1,3.300000000004068,-1.0,-4.891699137165315e-12,1,3.2924671162608807,-1.0110772007744897,-1.3452465257518244e-41,0.27199999999999847,1.0,0.013395846911887735,2.8027371520735894e-10,965.4663189157235,299.9181785925432,nan,nan,1,61.612,965.4663189157235,299.9181785925432,0.0,0.27199999999999847,1.0,3.304319456051309,-1.0782715974188237,0.07839069245158165,3.304319456051309,-1.0282715974188237,0.028599666451832702,0.05,nan,nan,nan,nan,nan,nan,nan,299.9181785925432,0.9556519985198975,0.9556519985198975,1.0,0.0,291.0,518.0396690964699,956.0144653320312,276.05999755859375,978.0725708007812,299.54522705078125,nan,nan,nan,nan,nan,0.0,nan,3.0703261832112014,nan,nan,nan,1.0,0.9556519985198975,0.9556519985198975,291.0,0.0,bbox_bottom,518.0396690964699,nan,62.51615998917259,88.68323199567385,1781599485.5394619,1781599485.5730011,1781599485.635422,1781599485.9586227,0.06242084503173828,1781599424.3466227,1781599424.3466227,126.25383773719821,0
61.81,62.085,1,1,3.300000000004068,-1.0,-4.891699035953746e-12,1,3.2924671162608807,-1.0110772007744897,-1.3452465257518244e-41,0.472999999999999,1.0,0.013395846911887735,2.802737094083632e-10,965.8997779743047,297.8292810990229,nan,nan,1,61.81,965.8997779743047,297.8292810990229,0.0,0.2749999999999986,1.0,3.317600319289514,-1.0494859994243455,0.052522712972350956,3.317600319289514,-0.9994859994243455,0.017607823134658435,0.05,nan,nan,nan,nan,nan,nan,nan,297.8292810990229,0.9556519985198975,0.9556519985198975,1.0,0.0,291.0,518.0396690964699,956.0144653320312,276.05999755859375,978.0725708007812,299.54522705078125,nan,nan,nan,nan,nan,0.0,nan,3.0703261832112014,nan,nan,nan,1.0,0.9556519985198975,0.9556519985198975,291.0,0.0,bbox_bottom,518.0396690964699,nan,73.45013599842787,86.30870799242985,1781599485.9057364,1781599485.9722528,1781599486.0456574,1781599486.3230896,0.07340455055236816,1781599424.5130897,1781599424.5130897,126.25383773719821,0
62.041,62.325,1,1,3.300000000004068,-1.0,-4.891698922746876e-12,1,3.305618876886138,-0.9825852941485522,-1.3452465257518244e-41,0.5150000000000006,1.0,0.018298736494859618,2.802737029220873e-10,966.7643665609385,299.82669815337186,nan,nan,1,62.041,966.7643665609385,299.82669815337186,0.0,0.284000000000006,1.0,3.3178869662618884,-1.0770141503084083,0.07906404308934946,3.3178869662618884,-1.0270141503084083,0.03239919565041199,0.05,nan,nan,nan,nan,nan,nan,nan,299.82669815337186,0.9556519985198975,0.9556519985198975,1.0,0.0,291.0,518.0396690964699,956.0144653320312,276.05999755859375,978.0725708007812,299.54522705078125,nan,nan,nan,nan,nan,0.0,nan,3.0703261832112014,nan,nan,nan,1.0,0.9556519985198975,0.9556519985198975,291.0,0.0,bbox_bottom,518.0396690964699,nan,95.18883599957917,110.8246229996439,1781599486.3178077,1781599486.3397107,1781599486.434771,1781599486.7592754,0.09506034851074219,1781599424.7182755,1781599424.7182755,126.25383773719821,0
62.272,62.521,1,1,3.300000000004068,-1.0,-4.891698834459076e-12,1,3.305978881622634,-1.0098664670647604,-1.3452465257518244e-41,0.480000000000004,1.0,0.011536645862157111,2.8027369786356897e-10,968.3259993000894,299.8276788760665,nan,nan,1,62.041,966.7643665609385,299.82669815337186,0.0,0.480000000000004,1.0,3.3178869662618884,-1.0770141503084083,0.07906404308934946,3.3178869662618884,-1.0270141503084083,0.03239919565041199,0.05,nan,nan,nan,nan,nan,nan,nan,299.8276788760665,0.9556519985198975,0.9556519985198975,1.0,0.0,291.0,518.0396690964699,956.0144653320312,276.05999755859375,978.0725708007812,299.54522705078125,nan,nan,nan,nan,nan,0.0,nan,3.0703261832112014,nan,nan,nan,1.0,0.9556519985198975,0.9556519985198975,291.0,0.0,bbox_bottom,518.0396690964699,nan,74.90594599221367,97.85227599786595,1781599486.738995,1781599486.7859356,1781599486.8607912,1781599487.1316688,0.07485556602478027,1781599424.8596687,1781599424.8596687,126.25383773719821,0
62.47,62.725,1,1,3.300000000004068,-1.0,-4.891698754352179e-12,1,3.3217700914511363,-1.0099211283550695,-1.3452465257518244e-41,0.45300000000000296,1.0,0.02392416496873981,2.802736932737819e-10,967.849537593577,298.3193443455581,nan,nan,1,62.272,968.3259993000894,299.8276788760665,0.0,0.45300000000000296,1.0,3.33373929807636,-1.0770275736617707,0.08409273059325921,3.33373929807636,-1.0270275736617707,0.04322996613985952,0.05,nan,nan,nan,nan,nan,nan,nan,298.3193443455581,0.9556519985198975,0.9556519985198975,1.0,0.0,291.0,518.0396690964699,956.0144653320312,276.05999755859375,978.0725708007812,299.54522705078125,nan,nan,nan,nan,nan,0.0,nan,3.0703261832112014,nan,nan,nan,1.0,0.9556519985198975,0.9556519985198975,291.0,0.0,bbox_bottom,518.0396690964699,nan,73.49039199471008,89.29035700566601,1781599487.1256835,1781599487.148328,1781599487.221592,1781599487.5257099,0.07326388359069824,1781599425.0557098,1781599425.0557098,126.25383773719821,0
62.668,62.92400000000001,1,1,3.300000000004068,-1.0,-4.891698662324352e-12,1,3.3233169284528206,-0.9893377003473511,-1.3452465257518244e-41,0.45400000000000773,1.0,0.025639106578957016,2.802736880009758e-10,967.0209858889386,299.66943837008574,nan,nan,1,62.668,967.0209858889386,299.66943837008574,0.0,0.25600000000000733,1.0,3.321161953797233,-1.0748519157281935,0.07778584431967436,3.321161953797233,-1.0248519157281935,0.03264117037891358,0.05,nan,nan,nan,nan,nan,nan,nan,299.66943837008574,0.9556519985198975,0.9556519985198975,1.0,0.0,291.0,518.0396690964699,956.0144653320312,276.05999755859375,978.0725708007812,299.54522705078125,nan,nan,nan,nan,nan,0.0,nan,3.0703261832112014,nan,nan,nan,1.0,0.9556519985198975,0.9556519985198975,291.0,0.0,bbox_bottom,518.0396690964699,nan,60.976602995651774,72.8718929894967,1781599487.4901466,1781599487.5392632,1781599487.6001825,1781599487.8956387,0.06091928482055664,1781599425.2276387,1781599425.2276387,126.25383773719821,0
62.866,63.115,1,1,3.300000000004068,-1.0,-4.89169861236737e-12,1,3.3092353854115277,-1.0077322348760127,-1.3452465257518244e-41,0.44700000000000273,1.0,0.012044907629456739,2.802736851386516e-10,967.9057642510262,299.6612877242123,nan,nan,1,62.668,967.0209858889386,299.66943837008574,0.0,0.44700000000000273,1.0,3.321161953797233,-1.0748519157281935,0.07778584431967436,3.321161953797233,-1.0248519157281935,0.03264117037891358,0.05,nan,nan,nan,nan,nan,nan,nan,299.6612877242123,0.9556519985198975,0.9556519985198975,1.0,0.0,291.0,518.0396690964699,956.0144653320312,276.05999755859375,978.0725708007812,299.54522705078125,nan,nan,nan,nan,nan,0.0,nan,3.0703261832112014,nan,nan,nan,1.0,0.9556519985198975,0.9556519985198975,291.0,0.0,bbox_bottom,518.0396690964699,nan,66.7876429943135,82.4053200049093,1781599487.868603,1781599487.915272,1781599487.9819925,1781599488.2744544,0.06672048568725586,1781599425.4084544,1781599425.4084544,126.25383773719821,0
63.064,63.31,1,1,3.300000000004068,-1.0,-4.891698571520095e-12,1,3.3182207549518585,-1.0076446551679843,-1.3452465257518244e-41,0.4440000000000026,1.0,0.019759470223283254,2.8027368279827515e-10,967.8475970245261,299.0410278030041,nan,nan,1,63.064,967.8475970245261,299.0410278030041,0.0,0.24600000000000222,1.0,3.3322409806258877,-1.066202918872644,0.07363631779709275,3.3322409806258877,-1.016202918872644,0.03608345065885508,0.05,nan,nan,nan,nan,nan,nan,nan,299.0410278030041,0.9556519985198975,0.9556519985198975,1.0,0.0,291.0,518.0396690964699,956.0144653320312,276.05999755859375,978.0725708007812,299.54522705078125,nan,nan,nan,nan,nan,0.0,nan,3.0703261832112014,nan,nan,nan,1.0,0.9556519985198975,0.9556519985198975,291.0,0.0,bbox_bottom,518.0396690964699,nan,62.10679700598121,74.08646499970928,1781599488.2443888,1781599488.2877786,1781599488.349841,1781599488.6175227,0.06206250190734863,1781599425.5535228,1781599425.5535228,126.25383773719821,0
63.262,63.477000000000004,1,1,3.300000000004068,-1.0,-4.89169848313866e-12,1,3.320248273818183,-0.9991899755241622,-1.3452465257518244e-41,0.4130000000000038,1.0,0.02026446969705427,2.802736777343919e-10,967.4014729726194,299.96009345203566,nan,nan,1,63.262,967.4014729726194,299.96009345203566,0.0,0.2150000000000034,1.0,3.323787822166609,-1.0788475465556964,0.08235773236976215,3.323787822166609,-1.0288475465556963,0.03739039215520118,0.05,nan,nan,nan,nan,nan,nan,nan,299.96009345203566,0.9556519985198975,0.9556519985198975,1.0,0.0,291.0,518.0396690964699,956.0144653320312,276.05999755859375,978.0725708007812,299.54522705078125,nan,nan,nan,nan,nan,0.0,nan,3.0703261832112014,nan,nan,nan,1.0,0.9556519985198975,0.9556519985198975,291.0,0.0,bbox_bottom,518.0396690964699,nan,75.51247499941383,89.22580000944436,1781599488.6159475,1781599488.6321044,1781599488.7075052,1781599488.965036,0.07540082931518555,1781599425.7030358,1781599425.7030358,126.25383773719821,0
63.427,63.67700000000001,1,1,3.300000000004068,-1.0,-4.891698410155748e-12,1,3.2966048429009285,-1.0083986575633794,-1.3452465257518244e-41,0.2500000000000071,1.0,0.009058948096876927,2.8027367355277906e-10,965.7937423418196,299.7207656793489,nan,nan,1,63.427,965.7937423418196,299.7207656793489,0.0,0.2500000000000071,1.0,3.308480577183174,-1.0755577761652193,0.07603221506916757,3.308480577183174,-1.0255577761652193,0.026928054363474188,0.05,nan,nan,nan,nan,nan,nan,nan,299.7207656793489,0.9556519985198975,0.9556519985198975,1.0,0.0,291.0,518.0396690964699,956.0144653320312,276.05999755859375,978.0725708007812,299.54522705078125,nan,nan,nan,nan,nan,0.0,nan,3.0703261832112014,nan,nan,nan,1.0,0.9556519985198975,0.9556519985198975,291.0,0.0,bbox_bottom,518.0396690964699,nan,91.0024299955694,110.18656300439034,1781599488.9541745,1781599488.9850862,1781599489.0760074,1781599489.3966162,0.09092116355895996,1781599425.9696162,1781599425.9696162,126.25383773719821,0
63.625,63.88400000000001,1,1,3.300000000004068,-1.0,-4.8916982985784514e-12,1,3.2966048429009285,-1.0083986575633794,-1.3452465257518244e-41,0.45700000000000784,1.0,0.009058948096876927,2.802736671598709e-10,966.7231555394549,297.6411391021652,nan,nan,1,63.625,966.7231555394549,297.6411391021652,0.0,0.25900000000000745,1.0,3.326786372216138,-1.0468857332894144,0.053997978873006496,3.326786372216138,-0.9968857332894143,0.026966801690749678,0.05,nan,nan,nan,nan,nan,nan,nan,297.6411391021652,0.9556519985198975,0.9556519985198975,1.0,0.0,291.0,518.0396690964699,956.0144653320312,276.05999755859375,978.0725708007812,299.54522705078125,nan,nan,nan,nan,nan,0.0,nan,3.0703261832112014,nan,nan,nan,1.0,0.9556519985198975,0.9556519985198975,291.0,0.0,bbox_bottom,518.0396690964699,nan,65.1827990077436,76.3910920068156,1781599489.3636901,1781599489.4091468,1781599489.4742224,1781599489.8450623,0.06507563591003418,1781599426.2200623,1781599426.2200623,126.25383773719821,0
63.823,64.087,1,1,3.300000000004068,-1.0,-4.8916982399356895e-12,1,3.314762456300676,-0.9800323942206548,-1.3452465257518244e-41,0.4620000000000033,1.0,0.024832144419453472,2.8027366379988816e-10,968.0019247465476,299.18336837047696,nan,nan,1,63.625,966.7231555394549,297.6411391021652,0.0,0.4620000000000033,1.0,3.326786372216138,-1.0468857332894144,0.053997978873006496,3.326786372216138,-0.9968857332894143,0.026966801690749678,0.05,nan,nan,nan,nan,nan,nan,nan,299.18336837047696,0.9556519985198975,0.9556519985198975,1.0,0.0,291.0,518.0396690964699,956.0144653320312,276.05999755859375,978.0725708007812,299.54522705078125,nan,nan,nan,nan,nan,0.0,nan,3.0703261832112014,nan,nan,nan,1.0,0.9556519985198975,0.9556519985198975,291.0,0.0,bbox_bottom,518.0396690964699,nan,100.89339999831282,115.12464100087527,1781599489.7931793,1781599489.8606837,1781599489.9615347,1781599490.3171618,0.10085105895996094,1781599426.4941618,1781599426.4941618,126.25383773719821,0
64.021,64.28500000000001,1,1,3.300000000004068,-1.0,-4.891698167238684e-12,1,3.3212098326054726,-1.0011351225746183,-1.3452465257518244e-41,0.4620000000000104,1.0,0.021240186021760973,2.8027365963465653e-10,966.1911280082804,299.1679103070874,nan,nan,1,64.021,966.1911280082804,299.1679103070874,0.0,0.26400000000001,1.0,3.314865005032175,-1.0679504185283557,0.06955737022533517,3.314865005032175,-1.0179504185283557,0.023306348916738814,0.05,nan,nan,nan,nan,nan,nan,nan,299.1679103070874,0.9556519985198975,0.9556519985198975,1.0,0.0,291.0,518.0396690964699,956.0144653320312,276.05999755859375,978.0725708007812,299.54522705078125,nan,nan,nan,nan,nan,0.0,nan,3.0703261832112014,nan,nan,nan,1.0,0.9556519985198975,0.9556519985198975,291.0,0.0,bbox_bottom,518.0396690964699,nan,84.75537599588279,97.03192899178248,1781599490.2644763,1781599490.3304126,1781599490.4151192,1781599490.7319877,0.08470654487609863,1781599426.7109878,1781599426.7109878,126.25383773719821,0
64.219,64.507,1,1,3.3000000000040557,-1.00000000000003,-0.21399999993699517,1,3.3050526447495017,-1.0265453430642975,-0.19883421471549234,0.2880000000000109,1.0,0.02702192549252063,0.8689354861939885,967.1817183695546,301.0531365351284,nan,nan,1,64.219,967.1817183695546,301.0531365351284,0.0,0.2880000000000109,1.0,3.3169114327849187,-1.0938470507458233,0.0953586151975015,3.3169114327849187,-1.0438470507458233,0.04699532336100926,0.05,nan,nan,nan,nan,nan,nan,nan,301.0531365351284,0.9556519985198975,0.9556519985198975,1.0,0.0,291.0,518.0396690964699,956.0144653320312,276.05999755859375,978.0725708007812,299.54522705078125,nan,nan,nan,nan,nan,0.0,nan,3.0703261832112014,nan,nan,nan,1.0,0.9556519985198975,0.9556519985198975,291.0,0.0,bbox_bottom,518.0396690964699,nan,82.810159001383,102.26268800033722,1781599490.6849039,1781599490.7540517,1781599490.836785,1781599491.1669176,0.0827333927154541,1781599426.9479175,1781599426.9479175,113.99254092528885,0
64.45,64.709,1,1,3.3000000000045873,-1.0000000000002085,-0.41399999989130887,1,3.3050526447495017,-1.0265453430642975,-0.19883421471549234,0.4900000000000091,1.0,0.02702192549224586,12.32809138619282,966.9434417969939,299.84820095398976,nan,nan,1,64.45,966.9434417969939,299.84820095398976,0.0,0.25900000000000034,1.0,3.3196137853200023,-1.0773097261441493,0.07975897649073939,3.3196137853200023,-1.0273097261441493,0.03362323179672401,0.05,nan,nan,nan,nan,nan,nan,nan,299.84820095398976,0.9563964605331421,0.9563964605331421,1.0,0.0,291.0,514.0870695114136,956.056640625,276.11968994140625,978.162109375,299.37579345703125,nan,nan,nan,nan,nan,0.0,nan,3.088034207262036,nan,nan,nan,1.0,0.9563964605331421,0.9563964605331421,291.0,0.0,bbox_bottom,514.0870695114136,nan,80.78420200035907,95.3111910057487,1781599491.144525,1781599491.1862705,1781599491.2669709,1781599491.5900156,0.08070039749145508,1781599427.1400156,1781599427.1400156,102.5333850252955,0
64.648,64.923,1,1,3.300000000004922,-1.0000000000003602,-0.633999999845587,1,3.3076998381454574,-1.0101638882844781,-0.4219542034431416,0.472999999999999,1.0,0.012751162003616485,12.149329197350454,968.1117385565852,299.86832836330507,nan,nan,1,64.648,968.1117385565852,299.86832836330507,0.0,0.2750000000000057,1.0,3.3313901944184354,-1.077586343877345,0.08369578879200495,3.3313901944184354,-1.027586343877345,0.04178936077301755,0.05,nan,nan,nan,nan,nan,nan,nan,299.86832836330507,0.9516649842262268,0.9516649842262268,1.0,0.0,291.0,524.4900301098824,955.51806640625,275.96197509765625,977.958251953125,299.33477783203125,nan,nan,nan,nan,nan,0.0,nan,2.9800568032728694,nan,nan,nan,1.0,0.9516649842262268,0.9516649842262268,291.0,0.0,bbox_bottom,524.4900301098824,nan,84.59583600051701,95.53317399695516,1781599491.5429537,1781599491.601819,1781599491.6863635,1781599492.0202692,0.08454442024230957,1781599427.3722692,1781599427.3722692,89.92831353504077,0
64.879,65.137,1,1,3.300000000004798,-1.00000000000026,-0.8339999998048557,1,3.319431562108557,-1.0104687413860305,-0.6512374592872892,0.4890000000000043,1.0,0.022072157846354124,10.47152222474527,967.29689667695,298.5284339887053,nan,nan,1,64.879,967.29689667695,298.5284339887053,0.0,0.25799999999999557,1.0,3.328832565358171,-1.0591376540669324,0.06579193684157607,3.328832565358171,-1.0091376540669323,0.030245884789483295,0.05,nan,nan,nan,nan,nan,nan,nan,298.5284339887053,0.9473778009414673,0.9473778009414673,1.0,0.0,291.0,543.1480021476746,954.6716918945312,275.50555419921875,977.7849731445312,299.00494384765625,nan,nan,nan,nan,nan,0.0,nan,2.8905598926114946,nan,nan,nan,1.0,0.9473778009414673,0.9473778009414673,291.0,0.0,bbox_bottom,543.1480021476746,nan,92.28916199936066,111.43311600608286,1781599492.0161173,1781599492.0408902,1781599492.1330469,1781599492.4654047,0.09215664863586426,1781599427.5864048,1781599427.5864048,78.46915763475639,0
65.077,65.355,1,1,3.3000000000043976,-0.9999999999996567,-1.0539999997592857,1,3.3168338966752704,-0.9921793984810034,-0.8501993902756366,0.4759999999999991,1.0,0.018561839489640644,11.676914785606952,966.9862592874115,298.83283210539906,nan,nan,1,65.077,966.9862592874115,298.83283210539906,0.0,0.2780000000000058,1.0,3.324374172730025,-1.0633344274115855,0.06786272903188902,3.324374172730025,-1.0133344274115854,0.027783218864320197,0.05,nan,nan,nan,nan,nan,nan,nan,298.83283210539906,0.9482440948486328,0.9482440948486328,1.0,0.0,291.0,553.8112773299217,954.458251953125,275.33831787109375,977.97216796875,298.89080810546875,nan,nan,nan,nan,nan,0.0,nan,2.908073418288565,nan,nan,nan,1.0,0.9482440948486328,0.9482440948486328,291.0,0.0,bbox_bottom,553.8112773299217,nan,88.33559199410956,104.30483899835963,1781599492.4196918,1781599492.4824288,1781599492.5706186,1781599492.9111068,0.08818984031677246,1781599427.834107,1781599427.834107,65.86408614448227,0
65.308,65.56700000000001,1,1,3.315295039370895,-1.0403982538927647,-1.273999999710906,1,3.312404056797781,-0.9963267731159613,-1.070916471821119,0.4900000000000091,1.0,0.04416619972442958,11.635829036712135,967.4627169015516,297.0171313459766,nan,nan,1,65.308,967.4627169015516,297.0171313459766,0.0,0.25900000000000034,1.0,3.3369928649602025,-1.0382525353259813,0.021803663533265544,3.3369928649602025,-0.9882525353259812,0.056479833570489614,0.05,nan,nan,nan,nan,nan,nan,nan,297.0171313459766,0.9521255493164062,0.9521255493164062,1.0,0.0,291.0,531.305278301239,954.7642822265625,275.16693115234375,978.0123291015625,298.02069091796875,nan,nan,nan,nan,nan,0.0,nan,2.9901149321670126,nan,nan,nan,1.0,0.9521255493164062,0.9521255493164062,291.0,0.0,bbox_bottom,531.305278301239,nan,101.13059700233862,121.62149501091335,1781599492.898816,1781599492.9325006,1781599493.0335534,1781599493.3585143,0.10105276107788086,1781599428.0505142,1781599428.0505142,53.63251375140898,0
65.506,65.79100000000001,1,1,3.329552334703671,-1.1157185251798825,-1.486905522874108,1,3.324906219595243,-0.971503515145264,-1.295016853509037,0.4830000000000041,1.0,0.14428983160599318,10.994410890999863,967.5411209576947,300.27379749067416,nan,nan,1,65.506,967.5411209576947,300.27379749067416,0.0,0.2850000000000108,1.0,3.3238695024010476,-1.083156702983174,0.03305399896759547,3.3238695024010476,-1.0331567029831739,0.08275716928110015,0.05,nan,nan,nan,nan,nan,nan,nan,300.27379749067416,0.9533658623695374,0.9533658623695374,1.0,0.0,291.0,502.41484478116035,957.460693359375,275.87359619140625,979.1806640625,299.00506591796875,nan,nan,nan,nan,nan,0.0,nan,3.0176658958177667,nan,nan,nan,1.0,0.9533658623695374,0.9533658623695374,291.0,0.0,bbox_bottom,502.41484478116035,nan,79.12413000303786,93.53142700274475,1781599493.3161907,1781599493.3736677,1781599493.4527361,1781599493.7959805,0.07906842231750488,1781599428.2899804,1781599428.2899804,42.02069475969843,0
65.737,65.98400000000001,1,1,3.3288529587259448,-1.1915454643039844,-1.6692508330076585,1,3.3119549527423535,-1.0159693513447927,-1.504771278625265,0.47800000000000864,1.0,0.17638739764529762,9.423984282303657,970.2716894649307,304.7455315407955,nan,nan,1,65.737,970.2716894649307,304.7455315407955,0.0,0.2470000000000141,1.0,3.3324928593985943,-1.1442077477959918,0.047477450237958616,3.3324928593985943,-1.0942077477959917,0.09740574896738444,0.05,nan,nan,nan,nan,nan,nan,nan,304.7455315407955,0.9358290433883667,0.9358290433883667,1.0,0.0,291.0,588.1329877302051,958.6336059570312,280.25555419921875,982.3019409179688,305.1044921875,nan,nan,nan,nan,nan,0.0,nan,2.6798820947330473,nan,nan,nan,1.0,0.9358290433883667,0.9358290433883667,291.0,0.0,bbox_bottom,588.1329877302051,nan,94.92823500477243,106.70180000306573,1781599493.7876716,1781599493.8094385,1781599493.9043107,1781599494.2116506,0.09487223625183105,1781599428.4746506,1781599428.4746506,32.049820677398564,0
65.935,66.193,1,1,3.313568599521285,-1.285134854849047,-1.7692652298250364,1,3.3207101839048225,-1.0764934961437467,-1.693347613373949,0.45600000000000307,1.0,0.20876354756015483,4.349759013340262,974.0105558177877,310.4819502965534,nan,nan,1,65.935,974.0105558177877,310.4819502965534,0.0,0.25799999999999557,1.0,3.3457767566068,-1.2215143323779571,0.07130873903204064,3.3457767566068,-1.171514332377957,0.11809736876598344,0.05,nan,nan,nan,nan,nan,nan,nan,304.9894441822123,0.9091720581054688,0.9091720581054688,1.0,0.0,292.0,513.8533183932304,962.4443359375,288.80792236328125,985.421630859375,311.17144775390625,nan,nan,nan,nan,nan,0.0,nan,2.3035673907260117,nan,nan,nan,1.0,0.9091720581054688,0.9091720581054688,292.0,0.0,bbox_bottom,513.8533183932304,nan,72.49116200546268,85.45529299590271,1781599494.190994,1781599494.225809,1781599494.2981713,1781599494.640441,0.07236218452453613,1781599428.705441,1781599428.705441,26.801668273790344,0
66.133,66.385,1,1,3.2905688977837313,-1.3787065095362423,-1.8639855684003863,1,3.3341519461488933,-1.153139056458875,-1.7877491656886142,0.45000000000000284,1.0,0.2297393261777581,4.368024120644247,975.0731523060306,315.72312738738657,nan,nan,1,66.133,975.0731523060306,315.72312738738657,0.0,0.25200000000000955,1.0,3.3343267667963015,-1.291173067822039,0.0978614046437873,3.3343267667963015,-1.241173067822039,0.1443267081668373,0.05,nan,nan,nan,nan,nan,nan,nan,303.9268476939694,0.7592152953147888,0.7592152953147888,1.0,0.0,292.0,580.5256730914116,960.9865112304688,294.2149658203125,986.4959106445312,316.9722900390625,nan,nan,nan,nan,nan,0.0,nan,1.1483822010458014,nan,nan,nan,1.0,0.7592152953147888,0.7592152953147888,292.0,0.0,bbox_bottom,580.5256730914116,nan,74.9398129992187,88.54502900794614,1781599494.6119487,1781599494.6548994,1781599494.729658,1781599495.0828748,0.07475852966308594,1781599428.9498749,1781599428.9498749,21.80644837334439,0
66.331,66.611,1,1,3.256839066033346,-1.4683388608162438,-2.0115277633463653,1,3.32293455727846,-1.2221410599192801,-1.8778016019047943,0.47800000000000864,1.0,0.25491561570338106,7.661944661087103,975.5119386227334,325.6795638696867,nan,nan,1,66.331,975.5119386227334,325.6795638696867,0.0,0.28000000000000114,1.0,3.297459368436266,-1.4210061928747961,0.062372994330559345,3.297459368436266,-1.371006192874796,0.10546874994947442,0.05,nan,nan,nan,nan,nan,nan,nan,303.4880613772666,0.8449658751487732,0.8449658751487732,1.0,0.0,292.0,622.1763982996345,962.1363525390625,302.3336486816406,989.188720703125,325.3326110839844,nan,nan,nan,nan,nan,0.0,nan,1.6956509890843656,nan,nan,nan,1.0,0.8449658751487732,0.8449658751487732,292.0,0.0,bbox_bottom,622.1763982996345,nan,97.76568999222945,114.65094199229497,1781599495.0532484,1781599495.1017356,1781599495.199443,1781599495.5327995,0.09770750999450684,1781599429.2017994,1781599429.2017994,13.679769893002877,0
66.562,66.818,1,1,3.211082245592488,-1.5534108148880643,-2.097108780411964,1,3.286560591944565,-1.3507096296373662,-2.0308204742113998,0.48699999999999477,1.0,0.21629783001704378,3.7980401763632106,981.0142052746835,332.8673901890071,nan,nan,1,66.562,981.0142052746835,332.8673901890071,0.0,0.2560000000000002,1.0,3.321918425452734,-1.5127604337480391,0.11805554731922663,3.321918425452734,-1.462760433748039,0.143185719842604,0.05,nan,nan,nan,nan,nan,nan,nan,297.9857947253165,0.43507590889930725,0.43507590889930725,1.0,0.0,291.0,570.54485476017,968.6983642578125,310.701416015625,993.5389404296875,333.669677734375,nan,nan,nan,nan,nan,0.0,nan,-0.26117085100465876,nan,nan,nan,1.0,0.43507590889930725,0.43507590889930725,291.0,0.0,bbox_bottom,570.54485476017,nan,75.7778910046909,89.67159899475519,1781599495.5231807,1781599495.5477788,1781599495.6234028,1781599495.9762297,0.07562398910522461,1781599429.4142296,1781599429.4142296,8.97751888479106,0
66.76,67.05,1,1,3.1461938613152354,-1.6545856727271264,-2.1891481661658605,1,3.3111734811406257,-1.4417019877767467,-2.108061901586699,0.48799999999999955,1.0,0.26932830945851727,4.645900736867105,979.2080268188724,343.54215467972705,nan,nan,1,66.76,979.2080268188724,343.54215467972705,0.0,0.28999999999999204,1.0,3.261518693125037,-1.6460727305220069,0.11563860521878822,3.261518693125037,-1.5960727305220068,0.12931968619455705,0.05,nan,nan,nan,nan,nan,nan,nan,299.79197318112756,0.4175284802913666,0.4175284802913666,1.0,0.0,291.0,581.2407151162624,967.5887451171875,319.84417724609375,992.5640869140625,343.11676025390625,nan,nan,nan,nan,nan,0.0,nan,-0.3329275328094484,nan,nan,nan,1.0,0.4175284802913666,0.4175284802913666,291.0,0.0,bbox_bottom,581.2407151162624,nan,92.87961000518408,114.81573298806325,1781599495.9291375,1781599496.0004916,1781599496.0932267,1781599496.4275122,0.09273505210876465,1781599429.6675122,1781599429.6675122,3.859972248307156,0
66.991,67.27300000000001,1,1,3.082202475881163,-1.7348426424311292,-2.2907517168265996,1,3.2513673807430226,-1.5736570242904027,-2.2043253485343275,0.5130000000000052,1.0,0.23366122599252553,4.951866141790473,975.8386601748333,351.25744876040255,nan,nan,1,66.76,979.2080268188724,343.54215467972705,0.0,0.5130000000000052,1.0,3.261518693125037,-1.6460727305220069,0.20008598908220826,3.261518693125037,-1.5960727305220068,0.22674080845299507,0.05,nan,nan,nan,nan,nan,nan,nan,303.1613398251667,0.4106735289096832,0.4106735289096832,1.0,0.0,291.0,517.2491176575422,965.5638427734375,327.73480224609375,988.1744384765625,350.6112060546875,nan,nan,nan,nan,nan,0.0,nan,-0.3611817450910792,nan,nan,nan,1.0,0.4106735289096832,0.4106735289096832,291.0,0.0,bbox_bottom,517.2491176575422,nan,81.36934500362258,93.79928899579681,1781599496.3834643,1781599496.4409041,1781599496.5221882,1781599496.8919656,0.0812840461730957,1781599429.9009657,1781599429.9009657,1.946242106519378,0
67.222,67.51,1,1,2.996935362883069,-1.8285468723178147,-2.308718029151082,1,3.189512573323003,-1.6668689424041467,-2.2998997586959247,0.5190000000000055,1.0,0.2514472807607899,0.5052496796854122,968.6638399176047,358.83106426656457,nan,nan,1,67.222,968.6638399176047,358.83106426656457,0.0,0.2880000000000109,1.0,3.102570576636925,-1.8311027913143119,0.1056661303670172,3.102570576636925,-1.7811027913143118,0.11580042835451758,0.05,nan,nan,nan,nan,nan,nan,nan,310.3361600823953,0.38464757800102234,0.38464757800102234,1.0,0.0,291.0,604.4027691483498,957.715087890625,335.15740966796875,982.660888671875,359.38604736328125,nan,nan,nan,nan,nan,0.0,nan,-0.46986761432586205,nan,nan,nan,1.0,0.38464757800102234,0.38464757800102234,291.0,0.0,bbox_bottom,604.4027691483498,nan,77.95881199126597,93.50667700346094,1781599496.880044,1781599496.9088736,1781599496.9867635,1781599497.334748,0.07788991928100586,1781599430.1127481,1781599430.1127481,3.0557099459444594,0
67.453,67.706,1,1,2.936505294182684,-1.8989836752882103,-2.223213888418386,1,3.0935329924027646,-1.7566073039297203,-2.3113998965842377,0.48400000000000887,1.0,0.2119639807361321,-5.052686080009526,967.5967308270573,363.71488907218037,nan,nan,1,67.453,967.5967308270573,363.71488907218037,0.0,0.2530000000000001,1.0,3.07460665750726,-1.8887955757192325,0.1384766548012117,3.07460665750726,-1.8387955757192325,0.150647249831624,0.05,nan,nan,nan,nan,nan,nan,nan,311.4032691729427,0.4131258428096771,0.4131258428096771,1.0,0.0,291.0,551.3747720718384,955.9730224609375,341.175048828125,979.1478271484375,364.967041015625,nan,nan,nan,nan,nan,0.0,nan,-0.3510581631762614,nan,nan,nan,1.0,0.4131258428096771,0.4131258428096771,291.0,0.0,bbox_bottom,551.3747720718384,nan,76.0383729939349,88.32828000595327,1781599497.3101168,1781599497.3488185,1781599497.424565,1781599497.7428315,0.07574653625488281,1781599430.2898314,1781599430.2898314,1.8152907084286745,0
67.651,67.941,1,1,2.8829733888379607,-1.9840731418533433,-2.0716799558367427,1,3.0658330170549175,-1.8137079531027718,-2.2258769111784895,0.48799999999999955,1.0,0.249923870747997,-8.834834754849327,964.0223721916516,371.4308630421593,nan,nan,1,67.651,964.0223721916516,371.4308630421593,0.0,0.29000000000000625,1.0,3.0135166800219872,-1.9785966071198737,0.13065811611164627,3.0135166800219872,-1.9285966071198737,0.14184215445061243,0.05,nan,nan,nan,nan,nan,nan,nan,314.9776278083484,0.27924731373786926,0.27924731373786926,1.0,0.0,291.0,537.6056746840477,951.56201171875,348.68560791015625,975.1787109375,371.44940185546875,nan,nan,nan,nan,nan,0.0,nan,-0.9481982452058225,nan,nan,nan,1.0,0.27924731373786926,0.27924731373786926,291.0,0.0,bbox_bottom,537.6056746840477,nan,99.71037400828209,116.04640299628954,1781599497.7182539,1781599497.7607417,1781599497.8603725,1781599498.2082224,0.09963083267211914,1781599430.5572224,1781599430.5572224,10.652390464437023,0
67.882,68.159,1,1,2.8388293894637386,-2.06968793747633,-2.058169291286733,1,3.005221636492722,-1.9025414812705794,-2.079976796619163,0.5080000000000098,1.0,0.23584808181008177,-1.2494780172572781,955.3677349121605,375.5434896999371,nan,nan,1,67.651,964.0223721916516,371.4308630421593,0.0,0.5080000000000098,1.0,3.0135166800219872,-1.9785966071198737,0.19701086251445887,3.0135166800219872,-1.9285966071198737,0.22454935534161893,0.05,nan,nan,nan,nan,nan,nan,nan,323.6322650878395,0.42858418822288513,0.42858418822288513,1.0,0.0,291.0,465.9239736199379,946.365966796875,353.85400390625,966.441650390625,377.0623779296875,nan,nan,nan,nan,nan,0.0,nan,-0.28762997073555485,nan,nan,nan,1.0,0.42858418822288513,0.42858418822288513,291.0,0.0,bbox_bottom,465.9239736199379,nan,88.45144699444063,102.02782299893443,1781599498.172135,1781599498.2227838,1781599498.3111727,1781599498.638586,0.08838891983032227,1781599430.756586,1781599430.756586,11.685783034321087,0
68.113,68.35000000000001,1,1,2.786741248953003,-2.161968780616302,-2.0966980679292093,1,2.9111318041858643,-1.9490728760625742,-2.0719642019816953,0.4680000000000035,1.0,0.24657184836653517,1.417146129834899,953.3092885583148,383.9919213963022,nan,nan,1,67.882,955.3677349121605,375.5434896999371,0.0,0.4680000000000035,1.0,2.9189342648056984,-2.025799546686326,0.18978159475910084,2.9189342648056984,-1.975799546686326,0.22832866027353024,0.05,nan,nan,nan,nan,nan,nan,nan,325.69071144168515,0.2559063732624054,0.2559063732624054,1.0,0.0,291.0,483.98720383644104,944.4158935546875,360.8034973144531,965.3338623046875,383.9408874511719,nan,nan,nan,nan,nan,0.0,nan,-1.0673552211643331,nan,nan,nan,1.0,0.2559063732624054,0.2559063732624054,291.0,0.0,bbox_bottom,483.98720383644104,nan,60.319409996736795,74.63920599548146,1781599498.6194086,1781599498.6549215,1781599498.7151835,1781599499.0393655,0.06026196479797363,1781599430.9263656,1781599430.9263656,9.724724301425502,0
68.278,68.568,1,1,2.7305202389270087,-2.253182782794832,-2.1828134973823903,1,2.86418082210391,-2.043647238964939,-2.1120079782750003,0.4549999999999983,1.0,0.24853630644893382,4.056857411086353,953.1424252640272,391.7616767957519,nan,nan,1,68.278,953.1424252640272,391.7616767957519,0.0,0.28999999999999204,1.0,2.844447488189085,-2.207605002522595,0.12270595820483837,2.844447488189085,-2.1576050025225952,0.14870954981503773,0.05,nan,nan,nan,nan,nan,nan,nan,325.8575747359728,0.5019795894622803,0.5019795894622803,1.0,0.0,291.0,468.0666101798415,943.9964599609375,370.4110412597656,964.60205078125,393.1265563964844,nan,nan,nan,nan,nan,0.0,nan,0.007918399223188054,nan,nan,nan,1.0,0.5019795894622803,0.5019795894622803,291.0,0.0,bbox_bottom,468.0666101798415,nan,96.509001989034,111.32236001139972,1781599498.9673548,1781599499.055225,1781599499.151625,1781599499.4816988,0.09640002250671387,1781599431.2036986,1781599431.2036986,4.997286366270821,0
68.509,68.771,1,1,2.6804278019356893,-2.314907578684632,-2.3492805711202887,1,2.837424181311475,-2.1290479286015795,-2.2039665451402395,0.492999999999995,1.0,0.24329338804435352,8.325880392711213,952.2354488691952,404.1750530150874,nan,nan,1,68.278,953.1424252640272,391.7616767957519,0.0,0.492999999999995,1.0,2.844447488189085,-2.207605002522595,0.19600076614562523,2.844447488189085,-2.1576050025225952,0.22725879068998786,0.05,nan,nan,nan,nan,nan,nan,nan,314.8249469849126,0.24134862422943115,0.24134862422943115,1.0,0.0,291.0,507.70653009414673,942.0247802734375,377.5865173339844,962.9085693359375,401.8975524902344,nan,nan,nan,nan,nan,0.0,nan,-1.1452998896381446,nan,nan,nan,1.0,0.24134862422943115,0.24134862422943115,291.0,0.0,bbox_bottom,507.70653009414673,nan,102.95652299828362,119.81396900955588,1781599499.4547045,1781599499.4993548,1781599499.6022317,1781599499.917242,0.10287690162658691,1781599431.408242,1781599431.408242,4.521433534617162,0
68.707,69.004,1,1,2.657681348223459,-2.3360816219488787,-2.589280571131184,1,2.757148669768574,-2.317426674112904,-2.6150726528834864,0.29700000000001125,1.0,0.10120155697479256,-1.4777774292633064,950.3688489549835,409.40949476123495,nan,nan,1,68.707,950.3688489549835,409.40949476123495,0.0,0.29700000000001125,1.0,2.7633443113012146,-2.3979078818333375,0.12242200855104343,2.7633443113012146,-2.3479078818333377,0.10632272658856091,0.05,nan,nan,nan,nan,nan,nan,nan,309.59050523876505,0.3408066928386688,0.3408066928386688,1.0,0.0,291.0,587.9256693720818,937.830322265625,384.6711120605469,962.352294921875,408.6465759277344,nan,nan,nan,nan,nan,0.0,nan,-0.6597013921989955,nan,nan,nan,1.0,0.3408066928386688,0.3408066928386688,291.0,0.0,bbox_bottom,587.9256693720818,nan,82.09543301200029,97.93069200532045,1781599499.8608658,1781599499.9342513,1781599500.016289,1781599500.3640757,0.08203768730163574,1781599431.6570756,1781599431.6570756,18.32469655236375,0
68.938,69.229,1,1,2.6099934611017126,-2.3567145153598252,-2.806347305516324,1,2.757148669768574,-2.317426674112904,-2.6150726528834864,0.5220000000000056,1.0,0.15230952008207094,10.959230323692468,946.3563340689249,412.96309691220233,nan,nan,1,68.938,946.3563340689249,412.96309691220233,0.0,0.2909999999999968,1.0,2.7167703206418676,-2.435318463218947,0.13258913361319435,2.7167703206418676,-2.385318463218947,0.1105417729475394,0.05,nan,nan,nan,nan,nan,nan,nan,306.03690308779767,0.2742752432823181,0.2742752432823181,1.0,0.0,291.0,497.38678950816393,935.3292236328125,389.18359375,956.9580078125,412.18011474609375,nan,nan,nan,nan,nan,0.0,nan,-0.9730386802565162,nan,nan,nan,1.0,0.2742752432823181,0.2742752432823181,291.0,0.0,bbox_bottom,497.38678950816393,nan,97.0207900099922,114.82069600606337,1781599500.3193376,1781599500.3825586,1781599500.4795156,1781599500.8086042,0.09695696830749512,1781599431.8706043,1781599431.8706043,31.08767458616731,0
69.169,69.433,1,1,2.5393113078381413,-2.3738553923300882,-3.0015055276261906,1,2.7108555571878385,-2.3543790861349945,-2.8387589962789397,0.49500000000000455,1.0,0.17264633210107927,9.32468937659103,936.3472189667225,412.62728832277617,nan,nan,1,69.169,936.3472189667225,412.62728832277617,0.0,0.26400000000001,1.0,2.628997160487683,-2.431796310588918,0.10677407070141949,2.628997160487683,-2.381796310588918,0.09003671666752823,0.05,nan,nan,nan,nan,nan,nan,nan,306.37271167722383,0.24950626492500305,0.24950626492500305,1.0,0.0,291.0,585.6835539638996,925.431640625,389.16925048828125,949.948974609375,413.05780029296875,nan,nan,nan,nan,nan,0.0,nan,-1.1012472785742728,nan,nan,nan,1.0,0.24950626492500305,0.24950626492500305,291.0,0.0,bbox_bottom,585.6835539638996,nan,73.02724300825503,85.68557399848942,1781599500.7764065,1781599500.823983,1781599500.8969183,1781599501.2231803,0.07293534278869629,1781599432.0541804,1781599432.0541804,42.887261048832976,0
69.367,69.62400000000001,1,1,2.4511310592817397,-2.380758120713792,-3.1175767591782058,1,2.6234114984626644,-2.350659629181641,-3.0311316883616164,0.4550000000000125,1.0,0.17488987654202082,4.952937717500092,935.9833967440476,415.4575470511325,nan,nan,1,69.367,935.9833967440476,415.4575470511325,0.0,0.257000000000005,1.0,2.617474898843632,-2.461401786784346,0.18486122859456391,2.617474898843632,-2.4114017867843462,0.16914286041815724,0.05,nan,nan,nan,nan,nan,nan,nan,303.5424529488675,0.21267792582511902,0.21267792582511902,1.0,0.0,291.0,610.7755360007286,923.690185546875,390.0938720703125,947.75390625,415.4754638671875,nan,nan,nan,nan,nan,0.0,nan,-1.3088584715897413,nan,nan,nan,1.0,0.21267792582511902,0.21267792582511902,291.0,0.0,bbox_bottom,610.7755360007286,nan,86.17565801250748,94.90428400749806,1781599501.1832318,1781599501.2340348,1781599501.3201523,1781599501.635208,0.08611750602722168,1781599432.2682078,1781599432.2682078,50.46337798968934,0
69.565,69.82900000000001,1,1,2.351947527528368,-2.3789453916558037,3.088496515648699,1,2.6120137725171446,-2.379968624116157,3.1396282852389095,0.4620000000000033,1.0,0.2600682579386232,2.929634596554428,921.8655018970754,414.99217445736645,nan,nan,1,69.367,935.9833967440476,415.4575470511325,0.0,0.4620000000000033,1.0,2.617474898843632,-2.461401786784346,0.27803568478738183,2.617474898843632,-2.4114017867843462,0.2675036495121779,0.05,nan,nan,nan,nan,nan,nan,nan,304.00782554263355,0.19426396489143372,0.19426396489143372,1.0,0.0,292.0,566.7865693569183,910.4425048828125,391.2591247558594,933.6724853515625,415.6580505371094,nan,nan,nan,nan,nan,0.0,nan,-1.4225383110048424,nan,nan,nan,1.0,0.19426396489143372,0.19426396489143372,292.0,0.0,bbox_bottom,566.7865693569183,nan,81.49150600365829,95.7856390014058,1781599501.5895247,1781599501.650807,1781599501.7322369,1781599502.0457122,0.08142995834350586,1781599432.4807122,1781599432.4807122,56.04143305870254,0
69.763,70.04700000000001,1,1,2.2255044901502847,-2.370640394500663,3.079392162172714,1,2.4889231510006873,-2.374835318075581,3.064269235426306,0.48200000000001353,1.0,0.2634520606638308,-0.8664798764546834,917.6133820340145,416.60257219563994,nan,nan,1,69.565,921.8655018970754,414.99217445736645,0.0,0.48200000000001353,1.0,2.4939207371730263,-2.4565471466449544,0.28182840830859146,2.4939207371730263,-2.4065471466449546,0.27080726820993006,0.05,nan,nan,nan,nan,nan,nan,nan,302.39742780436006,0.22236751019954681,0.22236751019954681,1.0,0.0,291.0,647.423311829567,905.7498168945312,390.67218017578125,929.9937133789062,417.37677001953125,nan,nan,nan,nan,nan,0.0,nan,-1.2519225699517735,nan,nan,nan,1.0,0.22236751019954681,0.22236751019954681,291.0,0.0,bbox_bottom,647.423311829567,nan,77.78382800461259,90.73150099720806,1781599502.0004115,1781599502.0603347,1781599502.1380641,1781599502.4748435,0.07772946357727051,1781599432.7118435,1781599432.7118435,58.14455603531806,0
69.994,70.272,1,1,2.126278288214265,-2.37082837048059,-3.07398809032541,1,2.447098799863173,-2.3913541692745564,3.0533353447923606,0.5090000000000003,1.0,0.3214764518760239,-8.930227456150039,901.574443840609,415.2963362848569,nan,nan,1,69.994,901.574443840609,415.2963362848569,0.0,0.2780000000000058,1.0,2.3136006269332747,-2.4597216100333528,0.20734431899944655,2.3136006269332747,-2.409721610033353,0.19131738725496958,0.05,nan,nan,nan,nan,nan,nan,nan,303.7036637151431,0.21856357157230377,0.21856357157230377,1.0,0.0,291.0,619.1521522849798,892.224853515625,390.19189453125,915.7677001953125,416.4908447265625,nan,nan,nan,nan,nan,0.0,nan,-1.2740568833405996,nan,nan,nan,1.0,0.21856357157230377,0.21856357157230377,291.0,0.0,bbox_bottom,619.1521522849798,nan,68.44117199943867,82.79246400343254,1781599502.4586735,1781599502.4903133,1781599502.558497,1781599502.8961682,0.06818366050720215,1781599432.9021683,1781599432.9021683,51.93035867397843,0
70.225,70.48100000000001,1,1,2.02742912605055,-2.3847645478522486,-2.944617816088482,1,2.309307302669706,-2.3775107593003315,-3.099625204062124,0.487000000000009,1.0,0.2819714948403403,-8.881269124236601,879.0252134857494,413.66285188145287,nan,nan,1,70.225,879.0252134857494,413.66285188145287,0.0,0.25600000000001444,1.0,2.118016126644253,-2.442652263920139,0.10750345272650665,2.118016126644253,-2.392652263920139,0.09092975718284535,0.05,nan,nan,nan,nan,nan,nan,nan,305.33714811854713,0.18581292033195496,0.18581292033195496,1.0,0.0,291.0,490.03186571598053,868.6485595703125,387.35919189453125,888.4505615234375,412.10577392578125,nan,nan,nan,nan,nan,0.0,nan,-1.4774498043128932,nan,nan,nan,1.0,0.18581292033195496,0.18581292033195496,291.0,0.0,bbox_bottom,490.03186571598053,nan,96.54998799669556,114.96152900508605,1781599502.8835795,1781599502.9157004,1781599503.0119455,1781599503.3302085,0.09624505043029785,1781599433.1052086,1781599433.1052086,45.65765687577873,0
70.423,70.696,1,1,1.926849891897672,-2.4082929686258643,-2.8888155916721745,1,2.1144311948015635,-2.3600847402715366,-2.9721489100506595,0.47100000000000364,1.0,0.19367699522706486,-4.774647435907168,864.2621885697612,409.32764773978244,nan,nan,1,70.423,864.2621885697612,409.32764773978244,0.0,0.27299999999999613,1.0,1.9968810203024294,-2.397045535482969,0.07092858167161899,1.9968810203024294,-2.347045535482969,0.09303551478998243,0.05,nan,nan,nan,nan,nan,nan,nan,309.67235226021756,0.17174701392650604,0.17174701392650604,1.0,0.0,291.0,422.239726960659,853.41796875,385.85272216796875,871.479248046875,409.23089599609375,nan,nan,nan,nan,nan,0.0,nan,-1.5732961016655842,nan,nan,nan,1.0,0.17174701392650604,0.17174701392650604,291.0,0.0,bbox_bottom,422.239726960659,nan,70.46982400061097,84.35762400040403,1781599503.2834342,1781599503.3452349,1781599503.4156482,1781599503.7342057,0.07041335105895996,1781599433.3112056,1781599433.3112056,43.58447159717136,0
70.654,70.908,1,1,1.8051407882993271,-2.4402678410080694,-2.8817060178924985,1,1.993640061499584,-2.314572385291127,-2.9152009863137156,0.48499999999999943,1.0,0.22656417100882228,-1.9191203254597118,858.6691404593817,416.70857605524196,nan,nan,1,70.654,858.6691404593817,416.70857605524196,0.0,0.2540000000000049,1.0,1.9310611749445068,-2.474430953222058,0.13047245689806386,1.9310611749445068,-2.4244309532220583,0.12691237444638034,0.05,nan,nan,nan,nan,nan,nan,nan,302.29142394475804,0.23444129526615143,0.23444129526615143,1.0,0.0,291.0,599.3274035453796,846.6055908203125,388.97344970703125,868.9459228515625,415.80059814453125,nan,nan,nan,nan,nan,0.0,nan,-1.183400683718973,nan,nan,nan,1.0,0.23444129526615143,0.23444129526615143,291.0,0.0,bbox_bottom,599.3274035453796,nan,90.6691940035671,103.18951100634877,1781599503.7238216,1781599503.7475944,1781599503.8381839,1781599504.151253,0.09058952331542969,1781599433.497253,1781599433.497253,44.57039330814199,0
70.852,71.123,1,1,1.6843302588489728,-2.472720411836023,-2.870989103543634,1,1.9282834766600365,-2.391089687679443,-2.911647966467032,0.4690000000000083,1.0,0.25724841614031346,-2.329581245311658,845.4863296833195,415.5502291148519,nan,nan,1,70.852,845.4863296833195,415.5502291148519,0.0,0.2710000000000008,1.0,1.8169893083291824,-2.4623710493568876,0.1330621385395456,1.8169893083291824,-2.4123710493568877,0.14574110250931524,0.05,nan,nan,nan,nan,nan,nan,nan,303.4497708851481,0.3380849361419678,0.3380849361419678,1.0,0.0,290.0,580.4817485809326,835.9530029296875,388.8643798828125,856.4041748046875,417.2481689453125,nan,nan,nan,nan,nan,0.0,nan,-0.671840091100568,nan,nan,nan,1.0,0.3380849361419678,0.3380849361419678,290.0,0.0,bbox_bottom,580.4817485809326,nan,94.14932799700182,111.00291799812112,1781599504.1260118,1781599504.1694107,1781599504.263504,1781599504.6243122,0.09409332275390625,1781599433.7723122,1781599433.7723122,45.40469104239494,0
71.083,71.36200000000001,1,1,1.5651014627637059,-2.507857996855413,-2.8299712789351945,1,1.8146190772661588,-2.3788406973891556,-2.8959591975230845,0.5100000000000051,1.0,0.2808994544468903,-3.7808292339389715,830.9448277490424,418.85645134650946,nan,nan,1,70.852,845.4863296833195,415.5502291148519,0.0,0.5100000000000051,1.0,1.8169893083291824,-2.4623710493568876,0.25596200721269347,1.8169893083291824,-2.4123710493568877,0.26937936796682005,0.05,nan,nan,nan,nan,nan,nan,nan,300.14354865349054,0.2558629810810089,0.2558629810810089,1.0,0.0,290.0,601.3368809521198,820.4799194335938,391.802490234375,841.3479614257812,420.61865234375,nan,nan,nan,nan,nan,0.0,nan,-1.0675831120499928,nan,nan,nan,1.0,0.2558629810810089,0.2558629810810089,290.0,0.0,bbox_bottom,601.3368809521198,nan,78.52955401176587,98.04560599150136,1781599504.6164536,1781599504.6449664,1781599504.7232687,1781599505.0920744,0.07830238342285156,1781599434.0090744,1781599434.0090744,44.53266781305134,0
71.314,71.54,1,1,1.4828627678909043,-2.5356304221710984,-2.812818178711784,1,1.680442684819628,-2.412521560845265,-2.8609460042955757,0.45700000000000784,1.0,0.23279522183778753,-2.757521283093005,824.6906905042326,424.9442376922581,nan,nan,1,71.314,824.6906905042326,424.9442376922581,0.0,0.2260000000000133,1.0,1.6161615864191576,-2.559289437058736,0.13538214064817292,1.6161615864191576,-2.509289437058736,0.13587649729705978,0.05,nan,nan,nan,nan,nan,nan,nan,294.0557623077419,0.2432730346918106,0.2432730346918106,1.0,0.0,290.0,549.2301119938493,814.2554321289062,398.8028564453125,835.7658081054688,424.33612060546875,nan,nan,nan,nan,nan,0.0,nan,-1.1348180963370982,nan,nan,nan,1.0,0.2432730346918106,0.2432730346918106,290.0,0.0,bbox_bottom,549.2301119938493,nan,70.898213001783,94.89322399895173,1781599505.07927,1781599505.116958,1781599505.1877534,1781599505.4663877,0.07079553604125977,1781599434.1523879,1781599434.1523879,44.587076696439155,0
71.479,71.74300000000001,1,1,1.3748788343842948,-2.5708558718283703,-2.87739323116036,1,1.6148283129459964,-2.474362956993612,-2.8386265701605544,0.42900000000001626,1.0,0.2586245055584261,2.2211660611032586,821.1120350040875,427.62046066713475,nan,nan,1,71.479,821.1120350040875,427.62046066713475,0.0,0.26400000000001,1.0,1.5801753220627783,-2.5865330766843035,0.20589420245654474,1.5801753220627783,-2.5365330766843037,0.20814586740942828,0.05,nan,nan,nan,nan,nan,nan,nan,291.37953933286525,0.34818506240844727,0.34818506240844727,1.0,0.0,290.0,505.4844968393445,812.4987182617188,402.3980407714844,832.5654907226562,427.5881652832031,nan,nan,nan,nan,nan,0.0,nan,-0.6270265566321592,nan,nan,nan,1.0,0.34818506240844727,0.34818506240844727,290.0,0.0,bbox_bottom,505.4844968393445,nan,73.25380999827757,86.94692300923634,1781599505.4156842,1781599505.483091,1781599505.5562525,1781599505.876556,0.07316136360168457,1781599434.3975558,1781599434.3975558,49.718112093649474,0
71.677,71.98400000000001,1,1,1.283321316741307,-2.587589125749742,-3.0774014707112505,1,1.579054577642691,-2.5012675429424833,-2.9009670272264643,0.5050000000000097,1.0,0.30807398017637994,10.108948972417695,810.8341343262466,432.32232790370847,nan,nan,1,71.479,821.1120350040875,427.62046066713475,0.0,0.5050000000000097,1.0,1.5801753220627783,-2.5865330766843035,0.2968558837466908,1.5801753220627783,-2.5365330766843037,0.3012125837702878,0.05,nan,nan,nan,nan,nan,nan,nan,286.67767209629153,0.3625330328941345,0.3625330328941345,1.0,0.0,291.0,560.0217529535294,799.4764404296875,404.285400390625,819.7117919921875,431.9608154296875,nan,nan,nan,nan,nan,0.0,nan,-0.5643868640172683,nan,nan,nan,1.0,0.3625330328941345,0.3625330328941345,291.0,0.0,bbox_bottom,560.0217529535294,nan,80.24877798743546,98.31225500965957,1781599505.8270934,1781599505.8953848,1781599505.97551,1781599506.3163528,0.08012509346008301,1781599434.6393528,1781599434.6393528,62.54196348978601,0
71.941,72.203,1,1,1.2619110864407683,-2.588315937311794,2.9859867252340373,1,1.482207394428463,-2.548064011105536,-3.0997494036239095,0.5259999999999962,1.0,0.22394347696756717,11.313004586155914,804.7265453335622,435.2813436853011,nan,nan,1,71.941,804.7265453335622,435.2813436853011,0.0,0.26200000000000045,1.0,1.4251905473483393,-2.663639862852277,0.1798162287255942,1.4251905473483393,-2.6136398628522772,0.1652316058115,0.05,nan,nan,nan,nan,nan,nan,nan,283.7186563146989,0.39785319566726685,0.39785319566726685,1.0,0.0,289.0,648.9409191906452,793.7816772460938,403.2430114746094,814.6267700195312,434.3746032714844,nan,nan,nan,nan,nan,0.0,nan,-0.4144181944640951,nan,nan,nan,1.0,0.39785319566726685,0.39785319566726685,289.0,0.0,bbox_bottom,648.9409191906452,nan,71.74824600224383,84.78221199766267,1781599506.3127117,1781599506.330349,1781599506.4020102,1781599506.7502985,0.07166123390197754,1781599434.8092985,1781599434.8092985,75.48386619935367,0
72.139,72.436,1,1,1.2619110864398264,-2.5883159373115396,2.765986725232391,1,1.4248763080456848,-2.5772760898645015,2.9680970290378035,0.49500000000000455,1.0,0.16333873295914964,11.580067404157006,783.1945719588499,432.06176243719193,nan,nan,1,71.941,804.7265453335622,435.2813436853011,0.0,0.49500000000000455,1.0,1.4251905473483393,-2.663639862852277,0.1798162287265561,1.4251905473483393,-2.6136398628522772,0.1652316058124698,0.05,nan,nan,nan,nan,nan,nan,nan,286.93823756280807,0.34097954630851746,0.34097954630851746,1.0,0.0,291.0,760.7960624247789,769.718017578125,399.51837158203125,793.2052001953125,431.91033935546875,nan,nan,nan,nan,nan,0.0,nan,-0.6589320775043561,nan,nan,nan,1.0,0.34097954630851746,0.34097954630851746,291.0,0.0,bbox_bottom,760.7960624247789,nan,93.78191099676769,113.68329600372817,1781599506.7042754,1781599506.7712884,1781599506.8649418,1781599507.1896753,0.09365344047546387,1781599435.0506754,1781599435.0506754,88.08893769234358,0
72.37,72.667,1,1,1.1844792259392087,-2.5465874588394035,2.5847898975172043,1,1.243568919504797,-2.5448451760973856,2.7456434972473827,0.5280000000000058,1.0,0.05911537392953083,9.216232384025895,781.8149500801832,432.5929657934282,nan,nan,1,72.139,783.1945719588499,432.06176243719193,0.0,0.5280000000000058,1.0,1.2432685303541589,-2.6313933976874813,0.10319025912118632,1.2432685303541589,-2.5813933976874814,0.0683200972824967,0.05,nan,nan,nan,nan,nan,nan,nan,286.4070342065718,0.35010915994644165,0.35010915994644165,1.0,0.0,291.0,834.8200841993093,768.1287841796875,399.1481628417969,793.0421142578125,432.6571350097656,nan,nan,nan,nan,nan,0.0,nan,-0.6185594189887834,nan,nan,nan,1.0,0.35010915994644165,0.35010915994644165,291.0,0.0,bbox_bottom,834.8200841993093,nan,98.57779199955985,117.3750060115708,1781599507.1317701,1781599507.209474,1781599507.3079884,1781599507.639754,0.09851431846618652,1781599435.2697542,1781599435.2697542,100.04897531884866,0
72.601,72.89800000000001,1,1,1.1018685589503612,-2.5018283459270307,2.721720739600067,1,1.230937522471936,-2.5501002476232295,2.5684697487665273,0.5280000000000058,1.0,0.13780048562287842,-8.780634980959881,776.647312629879,431.2530533914926,nan,nan,1,72.601,776.647312629879,431.2530533914926,0.0,0.29700000000001125,1.0,1.1874746399088514,-2.6232578334020866,0.14857160403497816,1.1874746399088514,-2.573257833402087,0.11149247857151966,0.05,nan,nan,nan,nan,nan,nan,nan,287.7469466085074,0.3549553155899048,0.3549553155899048,1.0,0.0,291.0,757.2453441619873,765.4825439453125,398.6075439453125,788.9044189453125,430.938232421875,nan,nan,nan,nan,nan,0.0,nan,-0.5973276825761473,nan,nan,nan,1.0,0.3549553155899048,0.3549553155899048,291.0,0.0,bbox_bottom,757.2453441619873,nan,76.32996699248906,88.40775699354708,1781599507.5660489,1781599507.6533856,1781599507.7296572,1781599508.0626698,0.07627153396606445,1781599435.4616697,1781599435.4616697,93.87782706546722,0
72.832,73.087,1,1,1.038595495718155,-2.480891825215992,2.921720739590934,1,1.1879682751874356,-2.5366372574948235,2.707086579350376,0.4860000000000042,1.0,0.15943581927011302,-12.297631521118586,765.2774879332584,423.75054021782717,nan,nan,1,72.601,776.647312629879,431.2530533914926,0.0,0.4860000000000042,1.0,1.1874746399088514,-2.6232578334020866,0.2059929121639803,1.1874746399088514,-2.573257833402087,0.1752041068102797,0.05,nan,nan,nan,nan,nan,nan,nan,295.24945978217283,0.28629443049430847,0.28629443049430847,1.0,0.0,291.0,576.8321827054024,755.186279296875,397.36138916015625,776.580322265625,424.32366943359375,nan,nan,nan,nan,nan,0.0,nan,-0.9134497511292009,nan,nan,nan,1.0,0.28629443049430847,0.28629443049430847,291.0,0.0,bbox_bottom,576.8321827054024,nan,79.75841900042724,90.89293100987561,1781599508.0117147,1781599508.0752704,1781599508.154964,1781599508.4845316,0.07969355583190918,1781599435.6525316,1781599435.6525316,83.61413750353844,0
73.03,73.29400000000001,1,1,0.9677697272915351,-2.472549697042162,3.107121296508815,1,1.0983357077230258,-2.4609183540949653,2.9146813250195853,0.4620000000000175,1.0,0.13108304003490198,-11.025998175950756,759.7189195258078,417.5687725818106,nan,nan,1,72.832,765.2774879332584,423.75054021782717,0.0,0.4620000000000175,1.0,1.097701768939862,-2.5470876923230157,0.1497940191976673,1.097701768939862,-2.497087692323016,0.1322287739461641,0.05,nan,nan,nan,nan,nan,nan,nan,301.4312274181894,0.28366559743881226,0.28366559743881226,1.0,0.0,291.0,694.8741042613983,748.39013671875,390.75714111328125,772.26318359375,419.86419677734375,nan,nan,nan,nan,nan,0.0,nan,-0.926351030026106,nan,nan,nan,1.0,0.28366559743881226,0.28366559743881226,291.0,0.0,bbox_bottom,694.8741042613983,nan,91.21776300889906,102.59316999872681,1781599508.4553075,1781599508.4977655,1781599508.58886,1781599508.904408,0.0910944938659668,1781599435.874408,1781599435.874408,74.24780750803542,0
73.228,73.513,1,1,0.8781229586848918,-2.4761713986418044,-3.0092108110183133,1,1.0568384543807048,-2.3976659382559373,3.097265385691268,0.4830000000000041,1.0,0.1951981959757751,-10.124686231442348,759.4178774073481,418.2615552664045,nan,nan,1,73.228,759.4178774073481,418.2615552664045,0.0,0.2850000000000108,1.0,1.0527487591209257,-2.4905545035096326,0.17521713353312368,1.0527487591209257,-2.4405545035096328,0.17822102400329107,0.05,nan,nan,nan,nan,nan,nan,nan,300.7384447335955,0.31592893600463867,0.31592893600463867,1.0,0.0,291.0,639.7509053349495,748.3809814453125,390.2633056640625,770.2437744140625,419.525390625,nan,nan,nan,nan,nan,0.0,nan,-0.7725445047209472,nan,nan,nan,1.0,0.31592893600463867,0.31592893600463867,291.0,0.0,bbox_bottom,639.7509053349495,nan,76.48890899145044,89.20062800461892,1781599508.844251,1781599508.9182858,1781599508.9946618,1781599509.3431313,0.07637596130371094,1781599436.1151314,1781599436.1151314,66.22172723485554,0
73.459,73.74000000000001,1,1,0.7766331482929383,-2.5007459797317453,-2.8561586052088015,1,1.0534032043402306,-2.404776625045096,-3.0148286810229536,0.5120000000000147,1.0,0.29293647940021605,-9.091125679171718,743.5345765824567,419.8177666320473,nan,nan,1,73.228,759.4178774073481,418.2615552664045,0.0,0.5120000000000147,1.0,1.0527487591209257,-2.4905545035096326,0.27630363141026304,1.0527487591209257,-2.4405545035096328,0.28260014924396226,0.05,nan,nan,nan,nan,nan,nan,nan,299.1822333679527,0.383718878030777,0.383718878030777,1.0,0.0,291.0,653.6736155748367,732.929443359375,387.857666015625,754.354248046875,418.3677978515625,nan,nan,nan,nan,nan,0.0,nan,-0.47379303024441216,nan,nan,nan,1.0,0.383718878030777,0.383718878030777,291.0,0.0,bbox_bottom,653.6736155748367,nan,76.81805099127814,95.56381098809652,1781599509.309367,1781599509.364018,1781599509.440767,1781599509.8051884,0.07674908638000488,1781599436.3461883,1781599436.3461883,59.12840706654799,0
73.69,73.971,1,1,0.6608230356494724,-2.5366474417065143,-2.840001806649359,1,0.912391974815049,-2.4203609239937083,-2.8528590466375294,0.5120000000000005,1.0,0.27714524234535276,-0.7366655875090059,728.7206988956427,420.3854200407713,nan,nan,1,73.69,728.7206988956427,420.3854200407713,0.0,0.2810000000000059,1.0,0.7802858115431404,-2.512511787202532,0.12187651390877709,0.7802858115431404,-2.462511787202532,0.14059676416246053,0.05,nan,nan,nan,nan,nan,nan,nan,298.6145799592287,0.3138633072376251,0.3138633072376251,1.0,0.0,291.0,655.2356661260128,717.4176025390625,393.21978759765625,741.0657958984375,420.92742919921875,nan,nan,nan,nan,nan,0.0,nan,-0.7821193046055641,nan,nan,nan,1.0,0.3138633072376251,0.3138633072376251,291.0,0.0,bbox_bottom,655.2356661260128,nan,87.41541700146627,99.18650399777107,1781599509.7799003,1781599509.818172,1781599509.905517,1781599510.2574787,0.08734512329101562,1781599436.5674787,1781599436.5674787,60.14893478642809,0
73.921,74.182,1,1,0.5630452011703619,-2.5636076307314233,-2.9527542471971406,1,0.7820508132665897,-2.4258254593118127,-2.8408631886651112,0.49200000000000443,1.0,0.25874192719918104,6.410885419136545,727.9361750095018,429.3112898963237,nan,nan,1,73.69,728.7206988956427,420.3854200407713,0.0,0.49200000000000443,1.0,0.7802858115431404,-2.512511787202532,0.2231686985691906,0.7802858115431404,-2.462511787202532,0.23961187861613906,0.05,nan,nan,nan,nan,nan,nan,nan,289.6887101036763,0.43643251061439514,0.43643251061439514,1.0,0.0,291.0,659.885502576828,715.3636474609375,399.3284606933594,737.7808837890625,428.7649841308594,nan,nan,nan,nan,nan,0.0,nan,-0.2556533460495497,nan,nan,nan,1.0,0.43643251061439514,0.43643251061439514,291.0,0.0,bbox_bottom,659.885502576828,nan,77.49999900988769,101.48203899734654,1781599510.2444532,1781599510.282322,1781599510.359749,1781599510.6851447,0.07742714881896973,1781599436.7641447,1781599436.7641447,68.32579751665385,0
74.119,74.391,1,1,0.4835692404621623,-2.5722686923502254,-3.113731995055856,1,0.767866068256318,-2.5161213901615795,-2.9564687191126877,0.46999999999999886,1.0,0.2897882085884153,9.010521983944793,712.5910290504777,429.9646550550755,nan,nan,1,74.119,712.5910290504777,429.9646550550755,0.0,0.27200000000000557,1.0,0.6317087811035086,-2.6102684834224528,0.1529356322867958,0.6317087811035086,-2.560268483422453,0.1486247910536438,0.05,nan,nan,nan,nan,nan,nan,nan,289.0353449449245,0.4288027882575989,0.4288027882575989,1.0,0.0,290.0,564.6797246932983,702.064208984375,400.7564697265625,721.164794921875,430.3199462890625,nan,nan,nan,nan,nan,0.0,nan,-0.28673741740823455,nan,nan,nan,1.0,0.4288027882575989,0.4288027882575989,290.0,0.0,bbox_bottom,564.6797246932983,nan,77.7418430079706,90.71513499657158,1781599510.6438758,1781599510.6990771,1781599510.7767637,1781599511.0967696,0.07768654823303223,1781599436.9777696,1781599436.9777696,79.0249137436969,0
74.35,74.623,1,1,0.455055904529142,-2.572250934616484,2.94327473332755,1,0.634311424873669,-2.522314805550033,-3.120471128385669,0.5040000000000049,1.0,0.18608105373768813,12.572954083914047,697.1995602636522,431.6557503561557,nan,nan,1,74.35,697.1995602636522,431.6557503561557,0.0,0.27300000000001035,1.0,0.4968425735026607,-2.627313382766526,0.06912307067961089,0.4968425735026607,-2.577313382766526,0.04209220931685926,0.05,nan,nan,nan,nan,nan,nan,nan,287.3442496438443,0.4164081811904907,0.4164081811904907,1.0,0.0,291.0,736.3687187433243,684.8779907226562,400.5291748046875,708.0249633789062,432.3419189453125,nan,nan,nan,nan,nan,0.0,nan,-0.33753581408149935,nan,nan,nan,1.0,0.4164081811904907,0.4164081811904907,291.0,0.0,bbox_bottom,736.3687187433243,nan,80.43389300291892,93.92415199545212,1781599511.0910454,1781599511.1111186,1781599511.1913712,1781599511.5225618,0.08025264739990234,1781599437.172562,1781599437.172562,92.52806821918088,0
74.581,74.83800000000001,1,1,0.40097958448296467,-2.5546919652883915,2.74327473333686,1,0.5000116375544708,-2.5388544519092786,2.9278735754448797,0.48800000000001376,1.0,0.10029045002187983,10.576734555791386,695.0777824540656,434.62285560633006,nan,nan,1,74.581,695.0777824540656,434.62285560633006,0.0,0.257000000000005,1.0,0.47686104702550663,-2.657066427338964,0.12743047844899327,0.47686104702550663,-2.6070664273389643,0.0922013049402344,0.05,nan,nan,nan,nan,nan,nan,nan,284.37714439366994,0.4221716821193695,0.4221716821193695,1.0,0.0,291.0,711.5451745390892,684.8487548828125,401.4019775390625,706.6588134765625,434.026611328125,nan,nan,nan,nan,nan,0.0,nan,-0.3138647356926613,nan,nan,nan,1.0,0.4221716821193695,0.4221716821193695,291.0,0.0,bbox_bottom,711.5451745390892,nan,75.15275100013241,88.89167201414239,1781599511.5196614,1781599511.5371802,1781599511.6122663,1781599511.9377866,0.07508611679077148,1781599437.3567865,1781599437.3567865,105.06924744137936,0
74.779,75.071,1,1,0.2931889953789999,-2.503520272770345,2.671257552120543,1,0.4801876817920341,-2.5682876170310305,2.7315456094838133,0.4899999999999949,1.0,0.1978972400079962,3.454251241958004,693.7976229224773,434.7637921272283,nan,nan,1,74.779,693.7976229224773,434.7637921272283,0.0,0.2920000000000016,1.0,0.465705518640843,-2.658474925440626,0.23188983415087747,0.465705518640843,-2.608474925440626,0.201934221754247,0.05,nan,nan,nan,nan,nan,nan,nan,284.2362078727717,0.3588889241218567,0.3588889241218567,1.0,0.0,291.0,763.1173481047153,682.858642578125,400.9250793457031,705.933349609375,433.9966735839844,nan,nan,nan,nan,nan,0.0,nan,-0.5801897901569879,nan,nan,nan,1.0,0.3588889241218567,0.3588889241218567,291.0,0.0,bbox_bottom,763.1173481047153,nan,82.96511899970938,106.054039002629,1781599511.9029062,1781599511.9626453,1781599512.04555,1781599512.3733613,0.08290481567382812,1781599437.5943613,1781599437.5943613,111.35992855612373,0
75.01,75.295,1,1,0.20011865002601104,-2.4512291071119092,2.606076574075835,1,0.4690790014232435,-2.56965433528472,2.663899325498768,0.5160000000000053,1.0,0.29387787479071137,3.312999616368138,690.5177831682417,429.5516709493808,nan,nan,1,74.779,693.7976229224773,434.7637921272283,0.0,0.5160000000000053,1.0,0.465705518640843,-2.658474925440626,0.3368786339252928,0.465705518640843,-2.608474925440626,0.3086464517251087,0.05,nan,nan,nan,nan,nan,nan,nan,289.4483290506192,0.44577527046203613,0.44577527046203613,1.0,0.0,291.0,624.1781353354454,677.9937744140625,400.4364929199219,698.2584228515625,431.2378234863281,nan,nan,nan,nan,nan,0.0,nan,-0.2177553063363417,nan,nan,nan,1.0,0.44577527046203613,0.44577527046203613,291.0,0.0,bbox_bottom,624.1781353354454,nan,89.01159900415223,100.30425898730755,1781599512.3400447,1781599512.385716,1781599512.4746654,1781599512.8068388,0.08894944190979004,1781599437.7968388,1781599437.7968388,116.92735372710912,0
75.241,75.49900000000001,1,1,0.11200228567104453,-2.400853331644996,2.6524028249718126,1,0.443148756487349,-2.5176803478127523,2.5986052942490243,0.4890000000000043,1.0,0.35115030519815127,-3.0823714586411484,664.2405934754413,422.9394821193427,nan,nan,1,75.241,664.2405934754413,422.9394821193427,0.0,0.2580000000000098,1.0,0.2125819386798889,-2.5387807706149332,0.17070514057926106,0.2125819386798889,-2.4887807706149334,0.13359454002013554,0.05,nan,nan,nan,nan,nan,nan,nan,296.0605178806573,0.27710527181625366,0.27710527181625366,1.0,0.0,291.0,521.0487598478794,654.29931640625,397.4564208984375,675.686279296875,421.8193359375,nan,nan,nan,nan,nan,0.0,nan,-0.9588661307382151,nan,nan,nan,1.0,0.27710527181625366,0.27710527181625366,291.0,0.0,bbox_bottom,521.0487598478794,nan,71.7413980019046,85.70962099474855,1781599512.778925,1781599512.821936,1781599512.8936324,1781599513.195362,0.07169651985168457,1781599437.9543622,1781599437.9543622,115.95876003744617,0
75.439,75.726,1,1,0.023649523510567594,-2.361449340818008,2.8158661690310853,1,0.21660819954497526,-2.4503769087381855,2.644637027540499,0.48499999999999943,1.0,0.21246449819475555,-9.810707137059003,650.545412553163,418.8159360411988,nan,nan,1,75.439,650.545412553163,418.8159360411988,0.0,0.28700000000000614,1.0,0.09289752469592487,-2.496299159462521,0.15159076243830066,0.09289752469592487,-2.446299159462521,0.10952067107251502,0.05,nan,nan,nan,nan,nan,nan,nan,300.1840639588012,0.40795308351516724,0.40795308351516724,1.0,0.0,290.0,652.2557762488723,639.7015380859375,387.97705078125,661.679443359375,417.65484619140625,nan,nan,nan,nan,nan,0.0,nan,-0.3724337061550481,nan,nan,nan,1.0,0.40795308351516724,0.40795308351516724,290.0,0.0,bbox_bottom,652.2557762488723,nan,90.41479098959826,103.3434460114222,1781599513.1562185,1781599513.2091696,1781599513.299536,1781599513.6149662,0.09036636352539062,1781599438.1759663,1781599438.1759663,108.23102737670231,0
75.67,75.949,1,1,-0.062298330238181876,-2.341244791076619,2.9790429707912134,1,0.09727061527199411,-2.4079653329684496,2.811158327159875,0.5100000000000051,1.0,0.17295629240235533,-9.619081525133563,646.1632145354608,411.7494960332767,nan,nan,1,75.67,646.1632145354608,411.7494960332767,0.0,0.27899999999999636,1.0,0.05471869783829812,-2.422585611846005,0.1425107504130447,0.05471869783829812,-2.3725856118460054,0.1211413715720212,0.05,nan,nan,nan,nan,nan,nan,nan,307.2505039667233,0.3445688784122467,0.3445688784122467,1.0,0.0,291.0,554.6897863969207,637.599365234375,382.4493408203125,656.7471923828125,411.41815185546875,nan,nan,nan,nan,nan,0.0,nan,-0.6429992122084855,nan,nan,nan,1.0,0.3445688784122467,0.3445688784122467,291.0,0.0,bbox_bottom,554.6897863969207,nan,72.11521599674597,84.76366499962751,1781599513.589898,1781599513.6284716,1781599513.7004647,1781599514.049692,0.07199311256408691,1781599438.3796918,1781599438.3796918,100.4432763368922,0
75.901,76.18700000000001,1,1,-0.17254404535713874,-2.3304746386919506,3.1019768196595137,1,0.05903968718208141,-2.3348155250076634,2.9632949427485267,0.5170000000000101,1.0,0.2316244125104325,-7.945886241952333,632.2189505181146,409.5970967970921,nan,nan,1,75.901,632.2189505181146,409.5970967970921,0.0,0.2860000000000156,1.0,-0.0692750251862367,-2.399900728559007,0.12443662033857546,-0.0692750251862367,-2.3499007285590072,0.10508027167161843,0.05,nan,nan,nan,nan,nan,nan,nan,309.4029032029079,0.39688020944595337,0.39688020944595337,1.0,0.0,290.0,498.77280040085316,622.7045288085938,383.65362548828125,642.0344848632812,409.45672607421875,nan,nan,nan,nan,nan,0.0,nan,-0.4184813389087643,nan,nan,nan,1.0,0.39688020944595337,0.39688020944595337,290.0,0.0,bbox_bottom,498.77280040085316,nan,92.52853099314962,112.27173000224866,1781599514.0410576,1781599514.0704513,1781599514.162811,1781599514.5166037,0.09235978126525879,1781599438.6156037,1781599438.6156037,95.38583774450423,0
76.132,76.41900000000001,1,1,-0.2650332896541472,-2.3329666348052713,-3.0242950854223754,1,-0.06453703066831606,-2.3120112833619935,3.08430462523089,0.5180000000000149,1.0,0.2015883841430968,-10.003017844732016,630.2597048862428,409.1445871432034,nan,nan,1,76.132,630.2597048862428,409.1445871432034,0.0,0.28700000000000614,1.0,-0.0867595272772178,-2.395117575834371,0.18879691158180656,-0.0867595272772178,-2.345117575834371,0.17868737985632488,0.05,nan,nan,nan,nan,nan,nan,nan,309.8554128567966,0.4618878662586212,0.4618878662586212,1.0,0.0,291.0,489.72031757235527,620.5684814453125,384.2046203613281,639.2886962890625,410.3645935058594,nan,nan,nan,nan,nan,0.0,nan,-0.15274481757640668,nan,nan,nan,1.0,0.4618878662586212,0.4618878662586212,291.0,0.0,bbox_bottom,489.72031757235527,nan,111.78455500339624,123.81440399622079,1781599514.4837267,1781599514.5297554,1781599514.641404,1781599515.0001478,0.1116485595703125,1781599438.8681479,1781599438.8681479,88.06299740273707,0
76.363,76.64800000000001,1,1,-0.3761056854739877,-2.347485528702664,-3.047530648784009,1,-0.08196701597835031,-2.307225557162771,-3.039316756894311,0.5160000000000053,1.0,0.2968811583800104,0.47062133865641326,614.7930500146407,412.9268013799423,nan,nan,1,76.363,614.7930500146407,412.9268013799423,0.0,0.2850000000000108,1.0,-0.22355669196765596,-2.434948668121812,0.17584366970934195,-0.22355669196765596,-2.384948668121812,0.15708176926344244,0.05,nan,nan,nan,nan,nan,nan,nan,306.0731986200577,0.39258262515068054,0.39258262515068054,1.0,0.0,291.0,527.1818396449089,606.1876220703125,384.2958679199219,625.5467529296875,411.5275573730469,nan,nan,nan,nan,nan,0.0,nan,-0.4364691324798305,nan,nan,nan,1.0,0.39258262515068054,0.39258262515068054,291.0,0.0,bbox_bottom,527.1818396449089,nan,87.17554000031669,101.0764809907414,1781599514.965379,1781599515.0154164,1781599515.1025097,1781599515.447037,0.08709335327148438,1781599439.084037,1781599439.084037,91.41406845562285,0
76.594,76.858,1,1,-0.47406014760177007,-2.353057458611866,-3.1238484783700557,1,-0.21812867410277523,-2.3463413056480404,-3.0687657286169103,0.49500000000000455,1.0,0.2560195809659882,3.15600908483051,598.712403164706,411.54753895990575,nan,nan,1,76.363,614.7930500146407,412.9268013799423,0.0,0.49500000000000455,1.0,-0.22355669196765596,-2.434948668121812,0.26354914433485543,-0.22355669196765596,-2.384948668121812,0.2525253067093274,0.05,nan,nan,nan,nan,nan,nan,nan,307.45246104009425,0.41451629996299744,0.41451629996299744,1.0,0.0,291.0,570.822136670351,588.15625,383.6313171386719,608.68212890625,411.4411926269531,nan,nan,nan,nan,nan,0.0,nan,-0.345326045059759,nan,nan,nan,1.0,0.41451629996299744,0.41451629996299744,291.0,0.0,bbox_bottom,570.822136670351,nan,65.67112999618985,76.27879000210669,1781599515.41518,1781599515.4591405,1781599515.5247297,1781599515.8448217,0.06558918952941895,1781599439.2508216,1781599439.2508216,97.55004236819147,0
76.792,77.089,1,1,-0.5705530015386739,-2.3455387041540714,2.970765886748794,1,-0.36079137094017194,-2.3316127211963127,3.136456250849539,0.49500000000000455,1.0,0.21022339230609471,9.493358568958602,585.3572924648864,416.2054194518311,nan,nan,1,76.594,598.712403164706,411.54753895990575,0.0,0.49500000000000455,1.0,-0.36673257838784584,-2.4204632755096376,0.21715537360654458,-0.36673257838784584,-2.3704632755096378,0.20533874244925468,0.05,nan,nan,nan,nan,nan,nan,nan,302.7945805481689,0.43831026554107666,0.43831026554107666,1.0,0.0,291.0,683.9067636728287,574.52880859375,384.3978271484375,596.27392578125,415.848876953125,nan,nan,nan,nan,nan,0.0,nan,-0.24802259511134783,nan,nan,nan,1.0,0.43831026554107666,0.43831026554107666,291.0,0.0,bbox_bottom,683.9067636728287,nan,102.49601199757308,113.80507599096745,1781599515.7857385,1781599515.856905,1781599515.9591389,1781599516.2944524,0.10223388671875,1781599439.5024524,1781599439.5024524,110.04000037933136,0
77.023,77.336,1,1,-0.6602445138115427,-2.3214878028717467,2.768389625807636,1,-0.4763119627160144,-2.379612862172107,2.9485874173972797,0.5439999999999969,1.0,0.19289817487778238,10.32457293566459,582.5580525184071,415.4064292110734,nan,nan,1,77.023,582.5580525184071,415.4064292110734,0.0,0.3130000000000024,1.0,-0.5080196439703016,-2.460880216725067,0.20640410857838598,-0.5080196439703016,-2.4108802167250674,0.17653162507807527,0.05,nan,nan,nan,nan,nan,nan,nan,303.5935707889266,0.44681984186172485,0.44681984186172485,1.0,0.0,291.0,563.1714333593845,574.600830078125,385.50665283203125,592.8271484375,416.40545654296875,nan,nan,nan,nan,nan,0.0,nan,-0.21352825668722109,nan,nan,nan,1.0,0.44681984186172485,0.44681984186172485,291.0,0.0,bbox_bottom,563.1714333593845,nan,73.01629699941259,86.44121000543237,1781599516.2400415,1781599516.3089488,1781599516.3818748,1781599516.7385533,0.07292604446411133,1781599439.7155533,1781599439.7155533,123.11763201616323,0
77.287,77.57000000000001,1,1,-0.699062082930153,-2.3033847045087485,2.528389625792281,1,-0.5014240231976229,-2.37129733240364,2.748018444193507,0.5470000000000113,1.0,0.2089806873431828,12.583804353835445,578.9990272901751,416.52084309294094,nan,nan,1,77.287,578.9990272901751,416.52084309294094,0.0,0.28300000000000125,1.0,-0.5388248797435203,-2.4724875274961833,0.2329629284401145,-0.5388248797435203,-2.4224875274961835,0.19965330883471596,0.05,nan,nan,nan,nan,nan,nan,nan,302.47915690705906,0.46071645617485046,0.46071645617485046,1.0,0.0,291.0,578.5800658464432,568.3783569335938,385.31707763671875,587.0106811523438,416.36956787109375,nan,nan,nan,nan,nan,0.0,nan,-0.15745869668396845,nan,nan,nan,1.0,0.46071645617485046,0.46071645617485046,291.0,0.0,bbox_bottom,578.5800658464432,nan,84.4676470005652,99.74306701042224,1781599516.7303603,1781599516.7548132,1781599516.8391511,1781599517.1612225,0.08433794975280762,1781599439.8742225,1781599439.8742225,137.46965417978993,0
77.518,77.78200000000001,1,1,-0.7677028572902636,-2.2468422451644745,2.446937429407695,1,-0.5320790145955927,-2.3827198181249947,2.520377696162095,0.49500000000000455,1.0,0.27199505524888584,4.207817331342056,569.2674151314666,413.0226318915162,nan,nan,1,77.287,578.9990272901751,416.52084309294094,0.0,0.49500000000000455,1.0,-0.5388248797435203,-2.4724875274961833,0.3214046080012607,-0.5388248797435203,-2.4224875274961835,0.2885071815592694,0.05,nan,nan,nan,nan,nan,nan,nan,305.9773681084838,0.3200887143611908,0.3200887143611908,1.0,0.0,291.0,700.7921886742115,557.5849609375,381.280517578125,579.249267578125,413.6282958984375,nan,nan,nan,nan,nan,0.0,nan,-0.7533641376126394,nan,nan,nan,1.0,0.3200887143611908,0.3200887143611908,291.0,0.0,bbox_bottom,700.7921886742115,nan,78.21852699271403,92.41384200868197,1781599517.1518168,1781599517.1763368,1781599517.2541742,1781599517.56546,0.07783746719360352,1781599440.04746,1781599440.04746,143.07894194909454,0
77.716,78.0,1,1,-0.8595435061697039,-2.1699894241374893,2.447718308308702,1,-0.6202410562103148,-2.346285364574368,2.453920452306513,0.4819999999999993,1.0,0.29723041764107755,0.35535667500694335,553.6872722553593,406.87829842485075,nan,nan,1,77.518,569.2674151314666,413.0226318915162,0.0,0.4819999999999993,1.0,-0.627229164505102,-2.435954964187283,0.35313966335861485,-0.627229164505102,-2.3859549641872833,0.3171924775779787,0.05,nan,nan,nan,nan,nan,nan,nan,312.12170157514925,0.2880254089832306,0.2880254089832306,1.0,0.0,291.0,526.2185487449169,541.8819580078125,381.30340576171875,562.7391357421875,406.53302001953125,nan,nan,nan,nan,nan,0.0,nan,-0.9049935221204767,nan,nan,nan,1.0,0.2880254089832306,0.2880254089832306,291.0,0.0,bbox_bottom,526.2185487449169,nan,93.63703499548137,115.42763099714648,1781599517.5217853,1781599517.587985,1781599517.6815689,1781599518.001333,0.09358382225036621,1781599440.285333,1781599440.285333,144.22936503106658,0
77.947,78.235,1,1,-0.966793950432975,-2.08242605617138,2.4704196539066516,1,-0.7633191353656434,-2.2816309011295193,2.452704881031598,0.5190000000000055,1.0,0.2847535260913921,-1.014981720773398,541.8949421083125,400.3918995037314,nan,nan,1,77.947,541.8949421083125,400.3918995037314,0.0,0.2879999999999967,1.0,-0.8824277203692308,-2.3016340844291325,0.23488256731358398,-0.8824277203692308,-2.2516340844291327,0.1890741061119822,0.05,nan,nan,nan,nan,nan,nan,nan,318.6081004962686,0.25187864899635315,0.25187864899635315,1.0,0.0,291.0,616.5510563850403,531.3106689453125,369.3299865722656,551.5167236328125,399.8431701660156,nan,nan,nan,nan,nan,0.0,nan,-1.0886177788516245,nan,nan,nan,1.0,0.25187864899635315,0.25187864899635315,291.0,0.0,bbox_bottom,616.5510563850403,nan,91.37686400208622,104.30323300533928,1781599517.9768867,1781599518.015374,1781599518.1066923,1781599518.4554472,0.09131836891174316,1781599440.5084472,1781599440.5084472,144.25100291319004,0
78.178,78.467,1,1,-1.0415133581981282,-2.0135458036576592,2.296300174492676,1,-0.8748183940256655,-2.2125074253809114,2.476807158390817,0.519999999999996,1.0,0.2595629750160933,10.34228834999939,535.2314331434404,388.5542620467562,nan,nan,1,78.178,535.2314331434404,388.5542620467562,0.0,0.2890000000000015,1.0,-0.9552000611956375,-2.1722022751050134,0.18061522962243598,-0.9552000611956375,-2.1222022751050136,0.13876676124645232,0.05,nan,nan,nan,nan,nan,nan,nan,330.4457379532438,0.32593098282814026,0.32593098282814026,1.0,0.0,291.0,499.38668417930603,525.6661376953125,366.32366943359375,546.3907470703125,390.41998291015625,nan,nan,nan,nan,nan,0.0,nan,-0.726646855197592,nan,nan,nan,1.0,0.32593098282814026,0.32593098282814026,291.0,0.0,bbox_bottom,499.38668417930603,nan,73.93193400639575,88.79347699985374,1781599518.4360838,1781599518.4736416,1781599518.547464,1781599518.9018843,0.0738222599029541,1781599440.7238843,1781599440.7238843,155.06422883003282,0
78.409,78.685,1,1,-1.0860015615538892,-1.9507841774556984,2.0763001745013594,1,-0.9476600922053857,-2.084050509871684,2.296711315942024,0.507000000000005,1.0,0.19208924357472718,12.62862816221111,521.1397969422899,387.1537162167614,nan,nan,1,78.409,521.1397969422899,387.1537162167614,0.0,0.27599999999999625,1.0,-1.0854245407137355,-2.156655613719243,0.20587224490509823,-1.0854245407137355,-2.1066556137192434,0.15587250429729524,0.05,nan,nan,nan,nan,nan,nan,nan,331.8462837832386,0.25832846760749817,0.25832846760749817,1.0,0.0,289.0,627.1326667070389,511.07958984375,357.36279296875,533.349609375,385.523193359375,nan,nan,nan,nan,nan,0.0,nan,-1.0546745609998205,nan,nan,nan,1.0,0.25832846760749817,0.25832846760749817,289.0,0.0,bbox_bottom,627.1326667070389,nan,96.36128600686789,111.102081995341,1781599518.8727908,1781599518.9197495,1781599519.0160525,1781599519.3480368,0.09630298614501953,1781599440.9390368,1781599440.9390368,168.05001047420453,0
78.64,78.92500000000001,1,1,-1.1093419362140384,-1.8985477898106478,1.8363001745042915,1,-1.0774242194005514,-2.0683039972246617,2.072951639842296,0.5160000000000053,1.0,0.172730745966593,13.559130179454138,531.2392215679768,380.88153322186577,nan,nan,1,78.64,531.2392215679768,380.88153322186577,0.0,0.2850000000000108,1.0,-1.0004305192942584,-2.086409026725238,0.21714866122210844,-1.0004305192942584,-2.0364090267252384,0.1756912558413054,0.05,nan,nan,nan,nan,nan,nan,nan,338.11846677813423,0.24306170642375946,0.24306170642375946,1.0,0.0,291.0,589.9180893301964,520.3276977539062,350.5382080078125,539.5493774414062,381.22845458984375,nan,nan,nan,nan,nan,0.0,nan,-1.135966388680108,nan,nan,nan,1.0,0.24306170642375946,0.24306170642375946,291.0,0.0,bbox_bottom,589.9180893301964,nan,105.53764199721627,126.88744699698873,1781599519.340586,1781599519.370604,1781599519.4760184,1781599519.8538854,0.10541439056396484,1781599441.2138853,1781599441.2138853,178.09204218802822,0
78.871,79.168,1,1,-1.1135838734323489,-1.8520350734175839,1.6016159615507457,1,-0.9929481219335294,-1.9989113086688994,1.8365396803992813,0.5280000000000058,1.0,0.1900673907362457,13.460137597539038,527.6501669346826,374.09291080887647,nan,nan,1,78.871,527.6501669346826,374.09291080887647,0.0,0.29700000000001125,1.0,-1.0416535235622995,-2.009216966142357,0.17285867821133494,-1.0416535235622995,-1.959216966142357,0.129081111555845,0.05,nan,nan,nan,nan,nan,nan,nan,344.90708919112353,0.30695849657058716,0.30695849657058716,1.0,0.0,291.0,387.7966922521591,519.0968627929688,351.1592102050781,536.8068237304688,373.0563049316406,nan,nan,nan,nan,nan,0.0,nan,-0.8143773387807891,nan,nan,nan,1.0,0.30695849657058716,0.30695849657058716,291.0,0.0,bbox_bottom,387.7966922521591,nan,78.47237000532914,91.18881500035059,1781599519.8315628,1781599519.8679678,1781599519.9463446,1781599520.3291342,0.07837677001953125,1781599441.4581342,1781599441.4581342,164.79041340025267,0
79.102,79.408,1,1,-1.1062793711468366,-1.7591929015299286,1.3951371928019543,1,-1.0342208923749812,-1.922306348621068,1.5917267938801667,0.5370000000000061,1.0,0.17832111760772448,11.26375443794207,519.8934797756839,370.9846451591661,nan,nan,1,79.102,519.8934797756839,370.9846451591661,0.0,0.3059999999999974,1.0,-1.1176340373680627,-1.9734629039297034,0.21457064657915104,-1.1176340373680627,-1.9234629039297033,0.16466196322592977,0.05,nan,nan,nan,nan,nan,nan,nan,348.0153548408339,0.2353043109178543,0.2353043109178543,1.0,0.0,290.0,398.13742949068546,510.888427734375,350.5834045410156,529.2353515625,372.2839050292969,nan,nan,nan,nan,nan,0.0,nan,-1.17859834612846,nan,nan,nan,1.0,0.2353043109178543,0.2353043109178543,290.0,0.0,bbox_bottom,398.13742949068546,nan,81.86604699585587,95.7701009901939,1781599520.2694817,1781599520.3440874,1781599520.4259024,1781599520.7821376,0.08181500434875488,1781599441.6801376,1781599441.6801376,153.46079625187872,0
79.333,79.619,1,1,-1.0851488502949627,-1.6763097018121376,1.2637402726121485,1,-1.1100049880967668,-1.8866758040537468,1.39861497118739,0.5169999999999959,1.0,0.211829470467991,7.727750991460481,529.4880772722837,367.2227230115077,nan,nan,1,79.333,529.4880772722837,367.2227230115077,0.0,0.28600000000000136,1.0,-1.0329176035189211,-1.9298385433372915,0.2588531951219965,-1.0329176035189211,-1.8798385433372915,0.21012399309062965,0.05,nan,nan,nan,nan,nan,nan,nan,351.7772769884923,0.2883235514163971,0.2883235514163971,1.0,0.0,290.0,485.9019961953163,519.01171875,340.36883544921875,537.433349609375,366.74554443359375,nan,nan,nan,nan,nan,0.0,nan,-0.9035400900176974,nan,nan,nan,1.0,0.2883235514163971,0.2883235514163971,290.0,0.0,bbox_bottom,485.9019961953163,nan,80.98201800021343,94.74609700555447,1781599520.7259529,1781599520.7968965,1781599520.8777416,1781599521.211764,0.08084511756896973,1781599441.8787642,1781599441.8787642,146.56324250825318,0
79.564,79.86,1,1,-1.0419354578421425,-1.5589097066510802,1.1892922266480987,1,-1.0257333941448177,-1.8436650442582183,1.2604001734108943,0.527000000000001,1.0,0.2852158992128724,4.074185239349128,517.8481622381214,356.8658565253295,nan,nan,1,79.564,517.8481622381214,356.8658565253295,0.0,0.2960000000000065,1.0,-1.1558322235346428,-1.807713525467474,0.2736344523133614,-1.1558322235346428,-1.757713525467474,0.2291188154892432,0.05,nan,nan,nan,nan,nan,nan,nan,356.8658565253295,0.24357952177524567,0.24357952177524567,1.0,0.0,290.0,335.2727794647217,512.013671875,337.1048278808594,528.71533203125,357.1790466308594,nan,nan,nan,nan,nan,0.0,nan,-1.1331539423521864,nan,nan,nan,1.0,0.24357952177524567,0.24357952177524567,290.0,0.0,bbox_bottom,335.2727794647217,nan,107.4365229869727,125.15088700456545,1781599521.1784,1781599521.230616,1781599521.337917,1781599521.6612058,0.10730099678039551,1781599442.0972059,1781599442.0972059,143.332531473548,0
79.795,80.06800000000001,1,1,-0.9981868639378328,-1.4448840512653223,1.2166208685409199,1,-1.1485041577298565,-1.7223183451805906,1.1876213932317372,0.5040000000000191,1.0,0.31553934184697324,-1.6615475433100055,521.4406672735969,347.53538501065253,nan,nan,1,79.795,521.4406672735969,347.53538501065253,0.0,0.27300000000001035,1.0,-1.1344810070439784,-1.6950750238415244,0.28490632882346506,-1.1344810070439784,-1.6450750238415244,0.24218282132728608,0.05,nan,nan,nan,nan,nan,nan,nan,347.53538501065253,0.2657187581062317,0.2657187581062317,1.0,0.0,291.0,576.6537027060986,510.25390625,320.94488525390625,532.340087890625,347.05413818359375,nan,nan,nan,nan,nan,0.0,nan,-1.0164536694763198,nan,nan,nan,1.0,0.2657187581062317,0.2657187581062317,291.0,0.0,bbox_bottom,576.6537027060986,nan,81.82306599337608,94.93167299660854,1781599521.628832,1781599521.675668,1781599521.757406,1781599522.0970953,0.08173799514770508,1781599442.3020952,1781599442.3020952,145.8785304257453,0
80.026,80.284,1,1,-0.9541331277600884,-1.3242637227287897,1.2219731185758707,1,-1.1275400013793113,-1.6107491827545968,1.2165229894422092,0.4890000000000043,1.0,0.3348788775431969,-0.3122693971600955,534.5289822439992,337.37713662072514,nan,nan,1,79.795,521.4406672735969,347.53538501065253,0.0,0.4890000000000043,1.0,-1.1344810070439784,-1.6950750238415244,0.41234255006622317,-1.1344810070439784,-1.6450750238415244,0.36802886909024174,0.05,nan,nan,nan,nan,nan,nan,nan,337.37713662072514,0.22672785818576813,0.22672785818576813,1.0,0.0,290.0,462.6160125285387,524.77880859375,313.913330078125,543.974853515625,338.01287841796875,nan,nan,nan,nan,nan,0.0,nan,-1.226880610244215,nan,nan,nan,1.0,0.22672785818576813,0.22672785818576813,290.0,0.0,bbox_bottom,462.6160125285387,nan,67.26243600132875,80.20211799885146,1781599522.088715,1781599522.1109092,1781599522.1781244,1781599522.525798,0.0672152042388916,1781599442.499798,1781599442.499798,147.1430850916241,0
80.224,80.53500000000001,1,1,-0.9108310807379159,-1.205555500857745,1.2570360379128014,1,-1.0156109109147033,-1.4866190765941187,1.2210562710320458,0.5090000000000146,1.0,0.2999592412605298,-2.0614887901318717,535.0111330458137,327.3016057378655,nan,nan,1,80.026,534.5289822439992,337.37713662072514,0.0,0.5090000000000146,1.0,-1.021777482785208,-1.5695210136485285,0.38049966968224475,-1.021777482785208,-1.5195210136485284,0.3329916625821418,0.05,nan,nan,nan,nan,nan,nan,nan,327.3016057378655,0.32364267110824585,0.32364267110824585,1.0,0.0,291.0,403.3560764119029,526.060546875,304.7621154785156,544.1932373046875,327.0068054199219,nan,nan,nan,nan,nan,0.0,nan,-0.7370814891848155,nan,nan,nan,1.0,0.32364267110824585,0.32364267110824585,291.0,0.0,bbox_bottom,403.3560764119029,nan,83.19757800200023,96.14479799347464,1781599522.47966,1781599522.5397193,1781599522.6228738,1781599522.989866,0.08315443992614746,1781599442.765866,1781599442.765866,150.04815324158687,0
80.488,80.766,1,1,-0.8830331776631253,-1.0963047977574123,1.3714755732202948,1,-1.0239410467731795,-1.3600963847939649,1.2570692308251954,0.5420000000000016,1.0,0.29906693058310424,-6.5550005687678174,537.996400211261,317.49708731740316,nan,nan,1,80.488,537.996400211261,317.49708731740316,0.0,0.2780000000000058,1.0,-1.0128056062467283,-1.3145588625305158,0.2539206963019525,-1.0128056062467283,-1.2645588625305157,0.21248603138361366,0.05,nan,nan,nan,nan,nan,nan,nan,317.49708731740316,0.28536564111709595,0.28536564111709595,1.0,0.0,291.0,448.08569568395615,529.7352294921875,291.6011657714844,546.7935791015625,317.8689880371094,nan,nan,nan,nan,nan,0.0,nan,-0.9179997164358208,nan,nan,nan,1.0,0.28536564111709595,0.28536564111709595,291.0,0.0,bbox_bottom,448.08569568395615,nan,87.9996849980671,109.1113709990168,1781599522.987776,1781599523.0119534,1781599523.0997496,1781599523.460814,0.08779621124267578,1781599442.972814,1781599442.972814,157.2411318241759,0
80.719,81.012,1,1,-0.8601767011158774,-0.9662951586393885,1.400260219485201,1,-1.0073633204946832,-1.233974737499906,1.3726537363316351,0.5240000000000009,1.0,0.30547709875390894,-1.58173497189833,551.2721034699148,307.05827512723073,nan,nan,1,80.719,551.2721034699148,307.05827512723073,0.0,0.29300000000000637,1.0,-0.8926693632850745,-1.175526364692383,0.21173915717512481,-0.8926693632850745,-1.125526364692383,0.16251261512858856,0.05,nan,nan,nan,nan,nan,nan,nan,307.05827512723073,0.305206298828125,0.305206298828125,1.0,0.0,290.0,343.81346195936203,541.889892578125,286.8604736328125,558.150146484375,308.0048828125,nan,nan,nan,nan,nan,0.0,nan,-0.8226270310955065,nan,nan,nan,1.0,0.305206298828125,0.305206298828125,290.0,0.0,bbox_bottom,343.81346195936203,nan,86.19363899924792,99.46404199581593,1781599523.4453752,1781599523.4749434,1781599523.5609949,1781599523.9358435,0.08605146408081055,1781599443.2168434,1781599443.2168434,159.48600334429887,0
80.95,81.214,1,1,-0.8401618611519766,-0.8538578481036805,1.388554786209145,1,-0.8880666460650278,-1.0965068285677055,1.4000642909287164,0.49500000000000455,1.0,0.24733256182273397,0.6594460447173469,549.0349969781089,298.93583303773215,nan,nan,1,80.95,549.0349969781089,298.93583303773215,0.0,0.2639999999999958,1.0,-0.9247133324072249,-1.0647693735803303,0.2272281295753556,-0.9247133324072249,-1.0147693735803303,0.18177312871447637,0.05,nan,nan,nan,nan,nan,nan,nan,298.93583303773215,0.23501193523406982,0.23501193523406982,1.0,0.0,290.0,378.2953447699547,541.8986206054688,275.69970703125,556.8703002929688,300.96710205078125,nan,nan,nan,nan,nan,0.0,nan,-1.1802239310071014,nan,nan,nan,1.0,0.23501193523406982,0.23501193523406982,290.0,0.0,bbox_bottom,378.2953447699547,nan,68.07939500140492,83.10962599352933,1781599523.907813,1781599523.9550884,1781599524.0231152,1781599524.3702934,0.06802678108215332,1781599443.4202933,1781599443.4202933,159.30829906018914,0
81.148,81.42800000000001,1,1,-0.824714667151631,-0.751285249237721,1.482125034564776,1,-0.920286587215263,-0.9866629369032305,1.3866546103551327,0.47800000000000864,1.0,0.25404064193630793,-5.470052375536162,552.8788605884514,292.6247732489094,nan,nan,1,80.95,549.0349969781089,298.93583303773215,0.0,0.47800000000000864,1.0,-0.9247133324072249,-1.0647693735803303,0.3290471535627574,-0.9247133324072249,-1.0147693735803303,0.28182195945932226,0.05,nan,nan,nan,nan,nan,nan,nan,292.6247732489094,0.1732156127691269,0.1732156127691269,1.0,0.0,291.0,286.13254845142365,544.8287353515625,272.7442626953125,559.8470458984375,291.7965087890625,nan,nan,nan,nan,nan,0.0,nan,-1.5630068091862446,nan,nan,nan,1.0,0.1732156127691269,0.1732156127691269,291.0,0.0,bbox_bottom,286.13254845142365,nan,75.31322799331974,92.78838300087955,1781599524.3123505,1781599524.388626,1781599524.4638708,1781599524.848781,0.07524466514587402,1781599443.700781,1781599443.700781,165.0671563802342,0
81.379,81.653,1,1,-0.8193903560659912,-0.6384328114450145,1.5584447264700443,1,-0.8888019459251576,-0.8998709409337868,1.4816960173005547,0.5050000000000097,1.0,0.27049559027341874,-4.397377118488756,567.2029057779091,283.22156653043,nan,nan,1,81.379,567.2029057779091,283.22156653043,0.0,0.2740000000000009,1.0,-0.7552565250245138,-0.8438019685840411,0.21515027071340387,-0.7552565250245138,-0.7938019685840411,0.16808546419648634,0.05,nan,nan,nan,nan,nan,nan,nan,283.22156653043,0.17866481840610504,0.17866481840610504,1.0,0.0,290.0,375.65760201215744,559.2664794921875,256.88018798828125,574.0423583984375,282.30389404296875,nan,nan,nan,nan,nan,0.0,nan,-1.5254197586927754,nan,nan,nan,1.0,0.17866481840610504,0.17866481840610504,290.0,0.0,bbox_bottom,375.65760201215744,nan,83.00249300373252,101.27142698911484,1781599524.8330855,1781599524.8714106,1781599524.9543414,1781599525.3173554,0.0829308032989502,1781599443.9383554,1781599443.9383554,169.725331802402,0
81.61,81.87400000000001,1,1,-0.8199366063953146,-0.512107438945876,1.591249968577683,1,-0.7520812610259494,-0.7681261303949642,1.5545087881064588,0.49500000000000455,1.0,0.2648582984663673,-2.105114575329635,567.0671715885136,275.0380720315784,nan,nan,1,81.379,567.2029057779091,283.22156653043,0.0,0.49500000000000455,1.0,-0.7552565250245138,-0.8438019685840411,0.3379419682697268,-0.7552565250245138,-0.7938019685840411,0.2890247756753744,0.05,nan,nan,nan,nan,nan,nan,nan,275.0380720315784,0.1991731822490692,0.1991731822490692,1.0,0.0,289.0,254.54483045637608,559.8677978515625,255.86456298828125,573.3851318359375,274.695556640625,nan,nan,nan,nan,nan,0.0,nan,-1.3914700073165147,nan,nan,nan,1.0,0.1991731822490692,0.1991731822490692,289.0,0.0,bbox_bottom,254.54483045637608,nan,92.1745460072998,107.46950200700667,1781599525.3164978,1781599525.3334715,1781599525.4255297,1781599525.777149,0.09205818176269531,1781599444.167149,1781599444.167149,171.83680752936417,0
81.808,82.12100000000001,1,1,-0.8257833128799748,-0.36689401724136517,1.6162955142799804,1,-0.761969613639462,-0.6504570402299921,1.5824014537151314,0.5110000000000099,1.0,0.29065473713188844,-1.941986620926647,568.294015426363,269.1625621735155,nan,nan,1,81.61,567.0671715885136,275.0380720315784,0.0,0.5110000000000099,1.0,-0.7648608141469162,-0.7250896437986454,0.36333959010358624,-0.7648608141469162,-0.6750896437986453,0.31415934663943074,0.05,nan,nan,nan,nan,nan,nan,nan,269.1625621735155,0.12434809654951096,0.12434809654951096,1.0,0.0,292.0,301.4310068786144,561.1107177734375,246.96636962890625,574.5294189453125,269.42987060546875,nan,nan,nan,nan,nan,0.0,nan,-1.9518837785426093,nan,nan,nan,1.0,0.12434809654951096,0.12434809654951096,292.0,0.0,bbox_bottom,301.4310068786144,nan,75.75779499893542,99.59769299894106,1781599525.7124908,1781599525.802098,1781599525.8777077,1781599526.2490544,0.07560968399047852,1781599444.4410543,1781599444.4410543,173.46781438156012,0
82.072,82.336,1,1,-0.8286468872457,-0.2979521660343156,1.6871066606314078,1,-0.755259615483992,-0.5644261342347059,1.607048797174542,0.5279999999999916,1.0,0.2763947672896312,-4.5869776929130355,584.0492287415027,260.74075288615774,nan,nan,1,81.808,568.294015426363,269.1625621735155,0.0,0.5279999999999916,1.0,-0.7578890424400568,-0.6382591609356923,0.3475852749762929,-0.7578890424400568,-0.5882591609356923,0.2988056624132271,0.05,nan,nan,nan,nan,nan,nan,nan,260.74075288615774,0.20796826481819153,0.20796826481819153,1.0,0.0,291.0,245.59912246465683,576.5213012695312,241.71908569335938,589.2005004882812,261.0893249511719,nan,nan,nan,nan,nan,0.0,nan,-1.337215965614247,nan,nan,nan,1.0,0.20796826481819153,0.20796826481819153,291.0,0.0,bbox_bottom,245.59912246465683,nan,79.00770200649276,94.69631500542164,1781599526.2346528,1781599526.2657635,1781599526.344642,1781599526.6787555,0.07887840270996094,1781599444.6067555,1781599444.6067555,177.61334701320325,0
82.27,82.584,1,1,-0.846669517424659,-0.23395249702930332,1.8966420218019657,1,-0.5964195016242072,-0.43912279567326246,1.6860687318909449,0.5120000000000005,1.0,0.32360457637953416,-12.064960790086214,565.8657730748448,255.10771818393096,nan,nan,1,82.27,565.8657730748448,255.10771818393096,0.0,0.31400000000000716,1.0,-0.7985251468540141,-0.4249239441694911,0.19694662739042046,-0.7985251468540141,-0.3749239441694911,0.14896586631320055,0.05,nan,nan,nan,nan,nan,nan,nan,255.10771818393096,0.1457124799489975,0.1457124799489975,1.0,0.0,291.0,303.7411635816097,560.6055297851562,231.6668701171875,574.0507202148438,254.2579345703125,nan,nan,nan,nan,nan,0.0,nan,-1.7686324470198709,nan,nan,nan,1.0,0.1457124799489975,0.1457124799489975,291.0,0.0,bbox_bottom,303.7411635816097,nan,102.07258300215472,113.72653400758281,1781599526.6194508,1781599526.6914072,1781599526.7934096,1781599527.1675081,0.10200238227844238,1781599444.8975081,1781599444.8975081,170.46420430252903,0
82.534,82.79400000000001,1,1,-0.8800394997591043,-0.1522362877327419,2.013573328343501,1,-0.7963160175684728,-0.3529047014877677,1.9026259948691593,0.5240000000000151,1.0,0.2174337456538962,-6.356813956310294,568.9708199674515,253.15181787485,nan,nan,1,82.534,568.9708199674515,253.15181787485,0.0,0.2600000000000051,1.0,-0.7671201939905694,-0.3945877426378596,0.2673667842307178,-0.7671201939905694,-0.34458774263785963,0.22304674805825667,0.05,nan,nan,nan,nan,nan,nan,nan,253.15181787485,0.15181168913841248,0.15181168913841248,1.0,0.0,290.0,353.9540602862835,559.9266357421875,229.50955200195312,574.3135986328125,254.11196899414062,nan,nan,nan,nan,nan,0.0,nan,-1.7204618102906937,nan,nan,nan,1.0,0.15181168913841248,0.15181168913841248,290.0,0.0,bbox_bottom,353.9540602862835,nan,76.18138400721364,93.20083299826365,1781599527.1539037,1781599527.1876462,1781599527.2637348,1781599527.6027598,0.07608866691589355,1781599445.06876,1781599445.06876,163.97570791790298,0
82.732,83.028,1,1,-0.9373447008334956,-0.038966623291098346,2.030160684184951,1,-0.7651142844383184,-0.3229234309557401,2.0215986737835774,0.4939999999999998,1.0,0.3321065867319564,-0.49056706014581347,565.8397140852509,245.72093005959448,nan,nan,1,82.732,565.8397140852509,245.72093005959448,0.0,0.2960000000000065,1.0,-0.8091313196925634,-0.2778448123685409,0.2711115274578128,-0.8091313196925634,-0.22784481236854093,0.2282841243117097,0.05,nan,nan,nan,nan,nan,nan,nan,245.72093005959448,0.24277128279209137,0.24277128279209137,1.0,0.0,290.0,257.16169619746506,559.2899169921875,227.07505798339844,572.5927734375,246.4063720703125,nan,nan,nan,nan,nan,0.0,nan,-1.137545567107359,nan,nan,nan,1.0,0.24277128279209137,0.24277128279209137,290.0,0.0,bbox_bottom,257.16169619746506,nan,93.45441299956292,112.33607100439258,1781599527.5641606,1781599527.622489,1781599527.715889,1781599528.0683012,0.0934000015258789,1781599445.336301,1781599445.336301,163.41983912272707,0
82.963,83.24600000000001,1,1,-0.9769073528620353,0.05190590642847348,1.9077276929577272,1,-0.8072791208437327,-0.20712146328895853,2.036110801913666,0.51400000000001,1.0,0.30962705850811284,7.355810303943497,567.741120851435,240.9200248565453,nan,nan,1,82.732,565.8397140852509,245.72093005959448,0.0,0.51400000000001,1.0,-0.8091313196925634,-0.2778448123685409,0.3699788289256987,-0.8091313196925634,-0.22784481236854093,0.3262043254978848,0.05,nan,nan,nan,nan,nan,nan,nan,240.9200248565453,0.14822988212108612,0.14822988212108612,1.0,0.0,292.0,273.2004669830203,561.306884765625,220.829345703125,574.9365234375,240.87393188476562,nan,nan,nan,nan,nan,0.0,nan,-1.748552349444516,nan,nan,nan,1.0,0.14822988212108612,0.14822988212108612,292.0,0.0,bbox_bottom,273.2004669830203,nan,81.11171700875275,98.20363800099585,1781599528.0217159,1781599528.0872276,1781599528.1682837,1781599528.529055,0.08105611801147461,1781599445.566055,1781599445.566055,170.67480086848207,0
83.194,83.479,0,1,-0.9955632199694149,0.1325242308651664,1.7068382039524888,1,-0.7920482587142479,-0.13114853379790797,1.9075343454012699,0.5160000000000053,1.0,0.3330790691108661,11.499041869575745,565.3123907659689,232.50414564513898,nan,nan,1,82.963,567.741120851435,240.9200248565453,0.0,0.5160000000000053,1.0,-0.7936331824575054,-0.20114119236099623,0.3900107110147815,-0.7936331824575054,-0.1511411923609962,0.348197949999191,0.05,nan,nan,nan,nan,nan,nan,nan,232.50414564513898,0.05410199239850044,0.05410199239850044,0.0,0.0,291.0,428.2953954041004,558.132080078125,207.35498046875,574.976318359375,232.78179931640625,nan,nan,nan,nan,nan,0.0,nan,-2.8612637356220554,nan,nan,nan,1.0,0.05410199239850044,0.05410199239850044,291.0,0.0,bbox_bottom,428.2953954041004,nan,85.83169100165833,106.00571399845649,1781599528.5070395,1781599528.5504694,1781599528.6362138,1781599528.9829,0.08574438095092773,1781599445.7889,1781599445.7889,177.77097707810415,0
83.425,83.68900000000001,0,1,-1.0079903005223798,0.24695665584069282,1.661336031170911,1,-0.7920482587142479,-0.13114853379790797,1.9075343454012699,0.7260000000000133,1.0,0.4354245053415199,14.106124328635193,540.8654535120551,231.0596715319804,nan,nan,1,82.963,567.741120851435,240.9200248565453,0.0,0.7260000000000133,1.0,-0.7936331824575054,-0.20114119236099623,0.49672996248269796,-0.7936331824575054,-0.1511411923609962,0.4521403220327663,0.05,nan,nan,nan,nan,nan,nan,nan,231.0596715319804,0.08150893449783325,0.08150893449783325,0.0,0.0,291.0,301.3059806227684,534.7762451171875,211.68753051757812,549.8865966796875,231.62789916992188,nan,nan,nan,nan,nan,0.0,nan,-2.422019537358862,nan,nan,nan,1.0,0.08150893449783325,0.08150893449783325,291.0,0.0,bbox_bottom,301.3059806227684,nan,72.31131799926516,86.91156300483271,1781599528.9618766,1781599528.999321,1781599529.071518,1781599529.4276476,0.07219696044921875,1781599446.0026476,1781599446.0026476,175.2393121293082,0
83.623,83.911,1,1,-1.0199474629446659,0.3717940786256524,1.678622887583693,1,-0.7920482587142479,-0.13114853379790797,1.9075343454012699,0.9480000000000075,1.0,0.5521678356082446,13.115660415134126,570.3513448967948,218.66918026733674,nan,nan,1,83.623,570.3513448967948,218.66918026733674,0.0,0.2879999999999967,1.0,-0.789311313472244,0.16811326249105685,0.30769937976005124,-0.789311313472244,0.21811326249105684,0.27714766225111964,0.05,nan,nan,nan,nan,nan,nan,nan,218.66918026733674,0.11522739380598068,0.11522739380598068,1.0,0.0,293.0,315.59031200408936,564.7144165039062,196.60128784179688,578.3604125976562,219.72824096679688,nan,nan,nan,nan,nan,0.0,nan,-2.0384231563908863,nan,nan,nan,1.0,0.11522739380598068,0.11522739380598068,293.0,0.0,bbox_bottom,315.59031200408936,nan,82.24851000704803,97.51876001246274,1781599529.359694,1781599529.443558,1781599529.525704,1781599529.9087906,0.08214592933654785,1781599446.2857907,1781599446.2857907,176.32388904393238,0
83.854,84.13900000000001,0,1,-1.034179133816484,0.4745467731565465,1.788420474289055,1,-0.7887418967999065,0.23477172445874891,1.667690533214392,0.5160000000000053,1.0,0.3431202577703084,-6.9173160844413095,566.7677602177793,212.24135776256077,nan,nan,1,83.623,570.3513448967948,218.66918026733674,0.0,0.5160000000000053,1.0,-0.789311313472244,0.16811326249105685,0.392252145818115,-0.789311313472244,0.21811326249105684,0.35456789876181233,0.05,nan,nan,nan,nan,nan,nan,nan,212.24135776256077,0.0849829837679863,0.0849829837679863,0.0,0.0,293.0,329.80374805629253,560.6156616210938,190.07412719726562,576.3596801757812,211.02200317382812,nan,nan,nan,nan,nan,0.0,nan,-2.3764916165929146,nan,nan,nan,1.0,0.0849829837679863,0.0849829837679863,293.0,0.0,bbox_bottom,329.80374805629253,nan,71.13792099698912,84.69474900630303,1781599529.852992,1781599529.9233668,1781599529.9944477,1781599530.3561914,0.07108092308044434,1781599446.5021913,1781599446.5021913,177.35150036559904,0
84.085,84.394,0,1,-1.046721752057512,0.5176896281274261,2.04842047427825,1,-0.7887418967999065,0.23477172445874891,1.667690533214392,0.7710000000000008,1.0,0.38287876140498317,-21.814218757223642,571.0354262722395,204.234513495606,nan,nan,1,83.623,570.3513448967948,218.66918026733674,0.0,0.7710000000000008,1.0,-0.789311313472244,0.16811326249105685,0.4341241404301224,-0.789311313472244,0.21811326249105684,0.39497611667106614,0.05,nan,nan,nan,nan,nan,nan,nan,204.234513495606,0.08407548815011978,0.08407548815011978,0.0,0.0,292.0,289.30994510650635,563.7564086914062,184.7847900390625,577.2963256835938,206.1519775390625,nan,nan,nan,nan,nan,0.0,nan,-2.3882188868975653,nan,nan,nan,1.0,0.08407548815011978,0.08407548815011978,292.0,0.0,bbox_bottom,289.30994510650635,nan,91.35706699453294,106.09190000104718,1781599530.3358717,1781599530.372246,1781599530.4634886,1781599530.8347483,0.09124255180358887,1781599446.7497482,1781599446.7497482,162.50150277130595,0
84.349,84.632,0,1,-1.081884557672156,0.5663651564068755,2.288420474282261,1,-0.7887418967999065,0.23477172445874891,1.667690533214392,1.0090000000000003,1.0,0.4425910344035445,-35.565205840593194,565.6620225036083,202.58609216181569,nan,nan,1,83.623,570.3513448967948,218.66918026733674,0.0,1.0090000000000003,1.0,-0.789311313472244,0.16811326249105685,0.49416968161674774,-0.789311313472244,0.21811326249105684,0.454838965830343,0.05,nan,nan,nan,nan,nan,nan,nan,202.58609216181569,0.0546741746366024,0.0546741746366024,0.0,0.0,291.0,367.684890627861,558.4304809570312,179.77239990234375,574.0872192382812,203.25653076171875,nan,nan,nan,nan,nan,0.0,nan,-2.8501381861729516,nan,nan,nan,1.0,0.0546741746366024,0.0546741746366024,291.0,0.0,bbox_bottom,367.684890627861,nan,86.5468720003264,101.02925199316815,1781599530.8246708,1781599530.8501208,1781599530.9365911,1781599531.2904975,0.08647036552429199,1781599446.9414976,1781599446.9414976,148.9950684379653,0
84.58,84.864,0,1,-1.1627152579359068,0.6592081071672566,2.256315104004584,1,-0.7887418967999065,0.23477172445874891,1.667690533214392,1.2409999999999997,1.0,0.5656874736159889,-33.725703623977545,585.043308801519,196.8273321856857,nan,nan,1,83.623,570.3513448967948,218.66918026733674,0.0,1.2409999999999997,1.0,-0.789311313472244,0.16811326249105685,0.6169316430598798,-0.789311313472244,0.21811326249105684,0.5779231503763653,0.05,nan,nan,nan,nan,nan,nan,nan,196.8273321856857,0.0601298026740551,0.0601298026740551,0.0,0.0,290.0,282.0546744465828,579.2093505859375,176.66050720214844,592.2591552734375,198.2742156982422,nan,nan,nan,nan,nan,0.0,nan,-2.74923617438731,nan,nan,nan,1.0,0.0601298026740551,0.0601298026740551,290.0,0.0,bbox_bottom,282.0546744465828,nan,86.43429499352351,99.8701600037748,1781599531.270547,1781599531.304864,1781599531.3912077,1781599531.7142174,0.08634376525878906,1781599447.1342175,1781599447.1342175,151.41297387672938,0
84.811,85.075,0,1,-1.2207202030786855,0.7364739628007559,2.1719796739803208,1,-0.7887418967999065,0.23477172445874891,1.667690533214392,1.4519999999999982,0.0,0.6620501439112165,-28.893639420166384,542.6850497838684,200.48444627308575,nan,nan,1,83.623,570.3513448967948,218.66918026733674,0.0,1.4519999999999982,0.0,-0.789311313472244,0.16811326249105685,0.7135457348257324,-0.789311313472244,0.21811326249105684,0.6743970979008024,0.05,nan,nan,nan,nan,nan,nan,nan,200.48444627308575,0.07165718078613281,0.07165718078613281,0.0,0.0,293.0,266.07764138281345,534.6365966796875,182.6409912109375,549.2247314453125,200.88031005859375,nan,nan,nan,nan,nan,0.0,nan,-2.5615077122494503,nan,nan,nan,1.0,0.07165718078613281,0.07165718078613281,293.0,0.0,bbox_bottom,266.07764138281345,nan,74.42176899348851,91.34201800043229,1781599531.6929784,1781599531.731896,1781599531.806184,1781599532.1299524,0.07428812980651855,1781599447.3189523,1781599447.3189523,156.62971673107356,0
85.009,85.292,1,1,-1.2711841120772984,0.8210461429335518,2.043658258854665,1,-0.7887418967999065,0.23477172445874891,1.667690533214392,1.668999999999997,0.0,0.7592550196341975,-21.541363912320104,539.1361176594895,200.57845254251018,nan,nan,1,85.009,539.1361176594895,200.57845254251018,0.0,0.28300000000000125,1.0,-1.173419571789684,0.48611163549637876,0.34891120591037245,-1.173419571789684,0.5361116354963787,0.30124006849373974,0.05,nan,nan,nan,nan,nan,nan,nan,200.57845254251018,0.1379280835390091,0.1379280835390091,1.0,0.0,293.0,281.0120400041342,531.3778076171875,180.7783203125,545.9581298828125,200.05169677734375,nan,nan,nan,nan,nan,0.0,nan,-1.832606281408247,nan,nan,nan,1.0,0.1379280835390091,0.1379280835390091,293.0,0.0,bbox_bottom,281.0120400041342,nan,87.13543599878903,95.36981000564992,1781599532.0801582,1781599532.1388702,1781599532.22596,1781599532.573345,0.08708977699279785,1781599447.564345,1781599447.564345,164.2777172751565,0
85.24,85.525,1,1,-1.3110489440505058,0.9160951351383111,1.8816889169220503,1,-1.1722284510557373,0.5509105685513462,2.0311863061967186,0.5160000000000053,1.0,0.3906800442160054,8.565569453662832,538.1165341788584,193.1720051636631,nan,nan,1,85.009,539.1361176594895,200.57845254251018,0.0,0.5160000000000053,1.0,-1.173419571789684,0.48611163549637876,0.4514727611642052,-1.173419571789684,0.5361116354963787,0.40414020352971347,0.05,nan,nan,nan,nan,nan,nan,nan,193.1720051636631,0.100605309009552,0.100605309009552,1.0,0.0,292.0,305.37427654862404,529.265380859375,174.56243896484375,544.216796875,194.98687744140625,nan,nan,nan,nan,nan,0.0,nan,-2.1905169417564996,nan,nan,nan,1.0,0.100605309009552,0.100605309009552,292.0,0.0,bbox_bottom,305.37427654862404,nan,70.82648800860625,86.29932599433232,1781599532.550319,1781599532.591031,1781599532.6617827,1781599533.026542,0.07075166702270508,1781599447.786542,1781599447.786542,173.73586149519832,0
85.471,85.756,1,1,-1.3364424089061089,1.0207686889020517,1.7794435466438112,1,-1.1973908902631807,0.6848780004428034,1.8634953939725314,0.5160000000000053,1.0,0.36353525197775854,4.815816112213609,537.5137485957999,186.23817562545372,nan,nan,1,85.471,537.5137485957999,186.23817562545372,0.0,0.2849999999999966,1.0,-1.2179383874655447,0.7504471055336998,0.2951558258485822,-1.2179383874655447,0.8004471055336998,0.25016954889738946,0.05,nan,nan,nan,nan,nan,nan,nan,186.23817562545372,0.142045259475708,0.142045259475708,1.0,0.0,292.0,239.75732824206352,528.9864501953125,167.310791015625,542.5638427734375,184.9693603515625,nan,nan,nan,nan,nan,0.0,nan,-1.7984056126047185,nan,nan,nan,1.0,0.142045259475708,0.142045259475708,292.0,0.0,bbox_bottom,239.75732824206352,nan,71.96527199994307,85.75956801360007,1781599532.996771,1781599533.0413206,1781599533.1130533,1781599533.4913437,0.07173275947570801,1781599448.0203438,1781599448.0203438,179.62786346970384,0
85.702,85.979,1,1,-1.3614429181585086,1.1459832538826427,1.7603831412862445,1,-1.2172905405871715,0.8129834332838997,1.7662696077388735,0.5079999999999956,1.0,0.3628619413472077,0.33726968398098844,536.9458687267105,185.1978927663435,nan,nan,1,85.471,537.5137485957999,186.23817562545372,0.0,0.5079999999999956,1.0,-1.2179383874655447,0.7504471055336998,0.4207640609416693,-1.2179383874655447,0.8004471055336998,0.3741507452153884,0.05,nan,nan,nan,nan,nan,nan,nan,185.1978927663435,0.18639662861824036,0.18639662861824036,1.0,0.0,292.0,241.69058098644018,529.6190185546875,164.92132568359375,543.1265869140625,182.81430053710938,nan,nan,nan,nan,nan,0.0,nan,-1.473596173232748,nan,nan,nan,1.0,0.18639662861824036,0.18639662861824036,292.0,0.0,bbox_bottom,241.69058098644018,nan,71.19946100283414,88.67309500055853,1781599533.469303,1781599533.5132575,1781599533.584401,1781599533.956133,0.07114338874816895,1781599448.254133,1781599448.254133,179.2855364774841,0
85.9,86.224,1,1,-1.3898004556394898,1.2827203910485054,1.812689682106774,1,-1.2259725906762668,0.8324481335665559,1.7467608879272425,0.5220000000000056,1.0,0.47914995063789695,-3.7774416548738206,536.452720297146,176.44834048833584,nan,nan,1,85.702,536.9458687267105,185.1978927663435,0.0,0.5220000000000056,1.0,-1.2266007886547934,0.7700657538276506,0.5380045616609231,-1.2266007886547934,0.8200657538276507,0.490594990441073,0.05,nan,nan,nan,nan,nan,nan,nan,176.44834048833584,0.17166286706924438,0.17166286706924438,1.0,0.0,291.0,280.42452573776245,529.0785522460938,156.06924438476562,543.4169311523438,175.62686157226562,nan,nan,nan,nan,nan,0.0,nan,-1.5738877587177826,nan,nan,nan,1.0,0.17166286706924438,0.17166286706924438,291.0,0.0,bbox_bottom,280.42452573776245,nan,104.8106939997524,122.52931800321676,1781599533.8877685,1781599533.9748962,1781599534.079625,1781599534.458483,0.10472869873046875,1781599448.558483,1781599448.558483,177.72032989282255,0
86.164,86.41300000000001,1,1,-1.4130546066385152,1.365927206684459,1.8754335255763186,1,-1.2486244931279578,0.9984658428042432,1.7999345371266184,0.5130000000000052,1.0,0.4025731190402598,-4.325773395674769,537.0341690265445,169.20692820873307,nan,nan,1,86.164,537.0341690265445,169.20692820873307,0.0,0.24900000000000944,1.0,-1.2557149940719448,1.0795445671672115,0.32675796837944787,-1.2557149940719448,1.1295445671672115,0.2839586342193867,0.05,nan,nan,nan,nan,nan,nan,nan,169.20692820873307,0.2588878571987152,0.2588878571987152,1.0,0.0,290.0,200.3931804895401,531.4610595703125,152.1973876953125,544.0841064453125,168.07257080078125,nan,nan,nan,nan,nan,0.0,nan,-1.0517569695119267,nan,nan,nan,1.0,0.2588878571987152,0.2588878571987152,290.0,0.0,bbox_bottom,200.3931804895401,nan,77.37956699565984,92.50743700249586,1781599534.410117,1781599534.4750462,1781599534.5523622,1781599534.887503,0.0773160457611084,1781599448.7235029,1781599448.7235029,174.17505612213756,0
86.362,86.617,1,1,-1.4454787001097662,1.457007678106839,1.9515507447694487,1,-1.2558116136790025,1.1392179060268075,1.8596436083864682,0.45300000000000296,1.0,0.3700863992553809,-5.265891021878033,538.2938635673787,163.05941997233145,nan,nan,1,86.362,538.2938635673787,163.05941997233145,0.0,0.25500000000000966,1.0,-1.2522015185987883,1.2026123649130405,0.31948872322477734,-1.2522015185987883,1.2526123649130405,0.2813067950626478,0.05,nan,nan,nan,nan,nan,nan,nan,163.05941997233145,0.18542994558811188,0.18542994558811188,1.0,0.0,290.0,193.71529659628868,531.8706665039062,148.02670288085938,544.3814086914062,163.5106201171875,nan,nan,nan,nan,nan,0.0,nan,-1.4799832745404777,nan,nan,nan,1.0,0.18542994558811188,0.18542994558811188,290.0,0.0,bbox_bottom,193.71529659628868,nan,91.2140729924431,116.49932799628004,1781599534.8580403,1781599534.9172873,1781599535.0084245,1781599535.3335252,0.09113717079162598,1781599448.9715252,1781599448.9715252,169.9218977619203,0
86.56,86.82400000000001,1,1,-1.4867043262198276,1.546435800710206,2.060069085925238,1,-1.2526445915871238,1.2611690500032122,1.9394154777456039,0.4620000000000175,1.0,0.36900010628082186,-6.912942531718142,538.8732868545659,156.63955153174822,nan,nan,1,86.362,538.2938635673787,163.05941997233145,0.0,0.4620000000000175,1.0,-1.2522015185987883,1.2026123649130405,0.4161803957246398,-1.2522015185987883,1.2526123649130405,0.3759305497107161,0.05,nan,nan,nan,nan,nan,nan,nan,156.63955153174822,0.31522512435913086,0.31522512435913086,1.0,0.0,290.0,204.8869243040681,530.5345458984375,140.47911071777344,542.9781494140625,156.94435119628906,nan,nan,nan,nan,nan,0.0,nan,-0.7758030714776333,nan,nan,nan,1.0,0.31522512435913086,0.31522512435913086,290.0,0.0,bbox_bottom,204.8869243040681,nan,79.71636801084969,94.11360601370689,1781599535.3047504,1781599535.3490713,1781599535.4287336,1781599535.7563741,0.07966232299804688,1781599449.1963742,1781599449.1963742,163.8806508430945,0
86.758,87.04700000000001,1,1,-1.4883595168744144,1.549529276530322,1.852122603072223,1,-1.2583904387178444,1.3910590617156926,2.052141364052615,0.487000000000009,1.0,0.2792822692037168,11.460230827612445,535.907665038546,153.72363373896295,nan,nan,1,86.758,535.907665038546,153.72363373896295,0.0,0.2890000000000157,1.0,-1.300445362404931,1.3940692863175992,0.2438842717497803,-1.300445362404931,1.4440692863175992,0.21548442863847125,0.05,nan,nan,nan,nan,nan,nan,nan,153.72363373896295,0.44547098875045776,0.44547098875045776,1.0,0.0,291.0,212.25356435775757,529.7503662109375,136.66014099121094,542.0472412109375,153.92091369628906,nan,nan,nan,nan,nan,0.0,nan,-0.21898700093782372,nan,nan,nan,1.0,0.44547098875045776,0.44547098875045776,291.0,0.0,bbox_bottom,212.25356435775757,nan,75.34439199662302,86.42727699771058,1781599535.7084754,1781599535.7681873,1781599535.8434756,1781599536.1952434,0.07528829574584961,1781599449.4372435,1781599449.4372435,175.80290718869406,0
86.989,87.275,1,1,-1.4883595168745867,1.549529276531353,1.6321226030698757,1,-1.301220201616262,1.4510289187605414,1.8392756515331048,0.5170000000000101,1.0,0.211479180526908,11.868995390212033,533.7083793797323,153.64513348451482,nan,nan,1,86.989,533.7083793797323,153.64513348451482,0.0,0.28600000000000136,1.0,-1.3280853106134278,1.3957029579985607,0.2221494034788223,-1.3280853106134278,1.4457029579985607,0.19096524713339164,0.05,nan,nan,nan,nan,nan,nan,nan,153.64513348451482,0.536802351474762,0.536802351474762,1.0,0.0,291.0,188.93136948347092,528.7506713867188,136.57974243164062,540.1774291992188,153.11386108398438,nan,nan,nan,nan,nan,0.0,nan,0.14747611652990955,nan,nan,nan,1.0,0.536802351474762,0.536802351474762,291.0,0.0,bbox_bottom,188.93136948347092,nan,87.91663299780339,102.67156100599095,1781599536.148754,1781599536.2111454,1781599536.299,1781599536.6432579,0.08785462379455566,1781599449.6542578,1781599449.6542578,171.5920213182937,0
87.22,87.50500000000001,1,1,-1.488359516874536,1.5495292765323754,1.3921226030686977,1,-1.3287579339864675,1.4527200016549222,1.6218808516728356,0.5160000000000053,1.0,0.1866673537678062,13.164177953334637,534.6434389006077,153.37573483242622,nan,nan,1,87.22,534.6434389006077,153.37573483242622,0.0,0.2850000000000108,1.0,-1.3169617118103083,1.4013128898680651,0.22659502390092184,-1.3169617118103083,1.4513128898680652,0.1975440867002308,0.05,nan,nan,nan,nan,nan,nan,nan,153.37573483242622,0.5921849012374878,0.5921849012374878,1.0,0.0,291.0,199.7257440984249,527.9169921875,136.34429931640625,539.89306640625,153.0213623046875,nan,nan,nan,nan,nan,0.0,nan,0.37300503691430326,nan,nan,nan,1.0,0.5921849012374878,0.5921849012374878,291.0,0.0,bbox_bottom,199.7257440984249,nan,73.78304800658952,87.0166690001497,1781599536.61327,1781599536.6583166,1781599536.7320256,1781599537.0988278,0.07370901107788086,1781599449.8788278,1781599449.8788278,157.8410342350885,0
87.451,87.711,1,1,-1.4883595168743824,1.5495292765328479,1.1921226030829597,1,-1.3176924248932371,1.4582504282782554,1.3805328420970853,0.49099999999999966,1.0,0.1935434949151886,10.79511151256048,531.1912405862113,154.10968157373557,nan,nan,1,87.451,531.1912405862113,154.10968157373557,0.0,0.2600000000000051,1.0,-1.3585404362437943,1.38604039955421,0.20876208130670498,-1.3585404362437943,1.4360403995542101,0.17243178040501556,0.05,nan,nan,nan,nan,nan,nan,nan,154.10968157373557,0.5474262833595276,0.5474262833595276,1.0,0.0,291.0,209.0800095014274,527.4405517578125,135.99557495117188,539.6630859375,153.1016845703125,nan,nan,nan,nan,nan,0.0,nan,0.19027715078553165,nan,nan,nan,1.0,0.5474262833595276,0.5474262833595276,291.0,0.0,bbox_bottom,209.0800095014274,nan,72.98610999714583,86.57649600354489,1781599537.074557,1781599537.1141517,1781599537.1870766,1781599537.505036,0.07292485237121582,1781599450.0540361,1781599450.0540361,146.38187833329118,0
87.649,87.91300000000001,1,1,-1.4883595168742376,1.5495292765331379,0.9921226031078538,1,-1.3590694265215597,1.4432238539967819,1.1765831618621356,0.4620000000000175,1.0,0.16738210873339124,10.568811503245298,533.6067929001769,151.91227766232944,nan,nan,1,87.451,531.1912405862113,154.10968157373557,0.0,0.4620000000000175,1.0,-1.3585404362437943,1.38604039955421,0.20876208130684204,-1.3585404362437943,1.4360403995542101,0.17243178040509743,0.05,nan,nan,nan,nan,nan,nan,nan,151.91227766232944,0.5417018532752991,0.5417018532752991,1.0,0.0,291.0,203.22979440540075,527.9912719726562,136.0955810546875,539.9227905273438,153.12860107421875,nan,nan,nan,nan,nan,0.0,nan,0.16719581617572152,nan,nan,nan,1.0,0.5417018532752991,0.5417018532752991,291.0,0.0,bbox_bottom,203.22979440540075,nan,94.04038199863862,108.26349900162313,1781599537.4481585,1781599537.5204659,1781599537.6144338,1781599537.9320695,0.09396791458129883,1781599450.2830696,1781599450.2830696,134.92272243210263,0
87.847,88.132,1,1,-1.488359516874315,1.549529276533029,0.7721226031527807,1,-1.3337487644520336,1.4885753890845708,0.9842054856760848,0.4830000000000041,1.0,0.16619224157481985,12.151454075554172,534.343759474676,153.75523223287385,nan,nan,1,87.847,534.343759474676,153.75523223287385,0.0,0.2850000000000108,1.0,-1.3199173879697095,1.3934116906673892,0.22966377904761373,-1.3199173879697095,1.4434116906673893,0.1990821258171289,0.05,nan,nan,nan,nan,nan,nan,nan,153.75523223287385,0.5505875945091248,0.5505875945091248,1.0,0.0,291.0,214.41258430480957,527.55224609375,135.8681640625,539.9287109375,153.1923828125,nan,nan,nan,nan,nan,0.0,nan,0.20304509766203183,nan,nan,nan,1.0,0.5505875945091248,0.5505875945091248,291.0,0.0,bbox_bottom,214.41258430480957,nan,73.8979330053553,87.5805640098406,1781599537.8792396,1781599537.946571,1781599538.0204244,1781599538.3634784,0.0738532543182373,1781599450.5164785,1781599450.5164785,122.31765094179787,0
88.078,88.34,1,1,-1.4883595168749757,1.549529276532526,0.5721226031950642,1,-1.3206153253101776,1.4504280433282863,0.768155586243035,0.4930000000000092,1.0,0.1948311274574183,11.231862574008339,532.6366137977186,155.63468238293413,nan,nan,1,87.847,534.343759474676,153.75523223287385,0.0,0.4930000000000092,1.0,-1.3199173879697095,1.3934116906673892,0.22966377904775634,-1.3199173879697095,1.4434116906673893,0.1990821258174198,0.05,nan,nan,nan,nan,nan,nan,nan,155.63468238293413,0.5503605008125305,0.5503605008125305,1.0,0.0,291.0,215.554876960814,527.4290771484375,135.91954040527344,539.9302978515625,153.16224670410156,nan,nan,nan,nan,nan,0.0,nan,0.20212737074662535,nan,nan,nan,1.0,0.5503605008125305,0.5503605008125305,291.0,0.0,bbox_bottom,215.554876960814,nan,89.58131899998989,103.82522900181357,1781599538.3417232,1781599538.3789418,1781599538.468417,1781599538.7969348,0.08947515487670898,1781599450.7189348,1781599450.7189348,110.85849504159809,0
88.276,88.56200000000001,1,1,-1.4518985689992387,1.5645813809466427,0.3321226032498148,1,-1.3378062422602428,1.411832710579639,0.5757396142086963,0.48400000000000887,1.0,0.19065470180303795,13.958226545536238,532.4947191537493,151.2845143854593,nan,nan,1,88.276,532.4947191537493,151.2845143854593,0.0,0.2860000000000156,1.0,-1.3482685392214016,1.4450225473441407,0.15821977677947272,-1.3482685392214016,1.4950225473441408,0.12481031369200213,0.05,nan,nan,nan,nan,nan,nan,nan,151.2845143854593,0.5781922340393066,0.5781922340393066,1.0,0.0,291.0,224.22631090134382,527.3296508789062,135.4302978515625,540.0790405273438,153.01751708984375,nan,nan,nan,nan,nan,0.0,nan,0.31535671886992783,nan,nan,nan,1.0,0.5781922340393066,0.5781922340393066,291.0,0.0,bbox_bottom,224.22631090134382,nan,81.11357099551242,95.7532050088048,1781599538.7459886,1781599538.8127043,1781599538.8937616,1781599539.2412786,0.08105731010437012,1781599450.9652786,1781599450.9652786,97.41561840282839,0
88.507,88.76,1,1,-1.3881991566496774,1.5808324250048105,0.1807091708924971,1,-1.3489967051876515,1.5016484220594195,0.3578969799057059,0.48400000000000887,1.0,0.08835688158308998,10.15211363762695,533.2956576752642,154.0327688370307,nan,nan,1,88.276,532.4947191537493,151.2845143854593,0.0,0.48400000000000887,1.0,-1.3482685392214016,1.4450225473441407,0.14155838752405106,-1.3482685392214016,1.4950225473441408,0.09464559848372471,0.05,nan,nan,nan,nan,nan,nan,nan,154.0327688370307,0.5831833481788635,0.5831833481788635,1.0,0.0,291.0,237.28682044148445,527.84423828125,134.65090942382812,541.055419921875,152.61196899414062,nan,nan,nan,nan,nan,0.0,nan,0.33585518655410607,nan,nan,nan,1.0,0.5831833481788635,0.5831833481788635,291.0,0.0,bbox_bottom,237.28682044148445,nan,65.74585000635125,81.01119300408754,1781599539.2062337,1781599539.2576177,1781599539.3233001,1781599539.6808593,0.06568241119384766,1781599451.1738594,1781599451.1738594,89.2617032245149,0
88.705,88.982,1,1,-1.2884295042861549,1.5899402977379666,0.016555108949067227,1,-1.3330616094974455,1.4447402152588888,0.3374865611917871,0.4749999999999943,1.0,0.1519048674912121,18.38801772651219,537.062546594609,151.03947285316744,nan,nan,1,88.705,537.062546594609,151.03947285316744,0.0,0.277000000000001,1.0,-1.2914835253820391,1.4501634539347175,0.1398102038781577,-1.2914835253820391,1.5001634539347175,0.0898287744997509,0.05,nan,nan,nan,nan,nan,nan,nan,151.03947285316744,0.50459885597229,0.50459885597229,1.0,0.0,290.0,207.47792321443558,531.2796630859375,134.00198364257812,543.1971435546875,151.41152954101562,nan,nan,nan,nan,nan,0.0,nan,0.018395942653599826,nan,nan,nan,1.0,0.50459885597229,0.50459885597229,290.0,0.0,bbox_bottom,207.47792321443558,nan,81.89834999211598,107.44207100651693,1781599539.642436,1781599539.710569,1781599539.7923977,1781599540.1469047,0.08182883262634277,1781599451.4419048,1781599451.4419048,80.64878052705332,0
88.936,89.20700000000001,1,1,-1.1917914431381806,1.5857454627929313,-0.09917280995243666,1,-1.1441365612100294,1.5244323089070557,-0.08208870756206312,0.2710000000000008,1.0,0.07765494582458411,0.978846963737765,549.0596074155854,150.16438767899777,nan,nan,1,88.936,549.0596074155854,150.16438767899777,0.0,0.2710000000000008,1.0,-1.1425510822297875,1.4685549188482336,0.12711505313078744,-1.1425510822297875,1.5185549188482337,0.08330175471124932,0.05,nan,nan,nan,nan,nan,nan,nan,150.16438767899777,0.2971527576446533,0.2971527576446533,1.0,0.0,292.0,241.78649966791272,541.8077392578125,134.23204040527344,556.435791015625,150.76100158691406,nan,nan,nan,nan,nan,0.0,nan,-0.8608932321706251,nan,nan,nan,1.0,0.2971527576446533,0.2971527576446533,292.0,0.0,bbox_bottom,241.78649966791272,nan,81.62481599720195,95.55759800423402,1781599540.1383994,1781599540.1617718,1781599540.2432728,1781599540.6083453,0.08150100708007812,1781599451.6723452,1781599451.6723452,74.77027987152452,0
89.167,89.447,1,1,-1.0859004714977845,1.5687866844978915,-0.21748211929460104,1,-1.1441365612100294,1.5244323089070557,-0.08208870756206312,0.5109999999999957,1.0,0.07320350250517776,7.757471066151467,552.7358840476104,151.40468294369455,nan,nan,1,89.167,552.7358840476104,151.40468294369455,0.0,0.28000000000000114,1.0,-1.0942123224163185,1.4425039352884705,0.12655599398519787,-1.0942123224163185,1.4925039352884706,0.07673424719536474,0.05,nan,nan,nan,nan,nan,nan,nan,151.40468294369455,0.49095550179481506,0.49095550179481506,1.0,0.0,292.0,212.03509122133255,546.7957763671875,136.05621337890625,560.0565185546875,152.0458984375,nan,nan,nan,nan,nan,0.0,nan,-0.036181939550895506,nan,nan,nan,1.0,0.49095550179481506,0.49095550179481506,292.0,0.0,bbox_bottom,212.03509122133255,nan,94.12196899938863,109.26558400387876,1781599540.603039,1781599540.6246948,1781599540.7187643,1781599541.1002464,0.0940694808959961,1781599451.9332464,1781599451.9332464,68.80574045361682,0
89.398,89.68,1,1,-1.0837281514361683,1.5683039875030698,-0.4348199791706528,1,-1.0959138244213915,1.4984896423239937,-0.19988993663278887,0.5130000000000052,1.0,0.07086983433652132,13.460499918248502,564.7450038633111,151.84821467473415,nan,nan,1,89.167,552.7358840476104,151.40468294369455,0.0,0.5130000000000052,1.0,-1.0942123224163185,1.4425039352884705,0.12623617143408983,-1.0942123224163185,1.4925039352884706,0.07652166854477878,0.05,nan,nan,nan,nan,nan,nan,nan,151.84821467473415,0.2566372752189636,0.2566372752189636,1.0,0.0,292.0,197.88261465728283,557.3169555664062,136.10455322265625,570.7571411132812,150.8277587890625,nan,nan,nan,nan,nan,0.0,nan,-1.0635204075798446,nan,nan,nan,1.0,0.2566372752189636,0.2566372752189636,292.0,0.0,bbox_bottom,197.88261465728283,nan,97.61206999246497,120.24911800108384,1781599541.0917022,1781599541.1239564,1781599541.2214499,1781599541.5621438,0.09749341011047363,1781599452.1641438,1781599452.1641438,56.36981477025804,0
89.629,89.893,1,1,-1.083728151435496,1.568303987502647,-0.6548199791586399,1,-0.9452303991297211,1.4888880808967633,-0.410427018923444,0.49500000000000455,1.0,0.15965122491163736,14.002685164185278,564.1751320473923,151.176148137754,nan,nan,1,89.398,564.7450038633111,151.84821467473415,0.0,0.49500000000000455,1.0,-0.9429705373299683,1.4332133577714548,0.1950953207277169,-0.9429705373299683,1.4832133577714548,0.1644783304777,0.05,nan,nan,nan,nan,nan,nan,nan,151.176148137754,0.3961178958415985,0.3961178958415985,1.0,0.0,291.0,178.53832364082336,559.228271484375,136.06356811523438,571.232177734375,150.93692016601562,nan,nan,nan,nan,nan,0.0,nan,-0.421667103374342,nan,nan,nan,1.0,0.3961178958415985,0.3961178958415985,291.0,0.0,bbox_bottom,178.53832364082336,nan,74.04017499356996,93.30764100013766,1781599541.537596,1781599541.583015,1781599541.6569922,1781599542.0032818,0.07397723197937012,1781599452.374282,1781599452.374282,43.76474327807303,0
89.827,90.11200000000001,1,1,-1.068089165195948,1.5508504972423833,-0.8665292772699558,1,-0.9533884508681352,1.5028661694217493,-0.6235869626142894,0.4830000000000041,1.0,0.12433321995230646,13.91956929490893,567.3206779443741,149.7399338415095,nan,nan,1,89.827,567.3206779443741,149.7399338415095,0.0,0.2850000000000108,1.0,-0.9137439567854219,1.4774945371840107,0.17089043342263002,-0.9137439567854219,1.5274945371840107,0.15610235177452347,0.05,nan,nan,nan,nan,nan,nan,nan,149.7399338415095,0.39289674162864685,0.39289674162864685,1.0,0.0,290.0,172.15705333650112,560.7393798828125,135.96286010742188,572.3255615234375,150.82168579101562,nan,nan,nan,nan,nan,0.0,nan,-0.4351520558315683,nan,nan,nan,1.0,0.39289674162864685,0.39289674162864685,290.0,0.0,bbox_bottom,172.15705333650112,nan,101.50699899531901,118.69402699812781,1781599541.938863,1781599542.0218112,1781599542.123249,1781599542.483866,0.10143780708312988,1781599452.656866,1781599452.656866,31.73764107418061,0
90.058,90.33500000000001,1,1,-1.020159567627073,1.4821758225335122,-1.0620117239779583,1,-0.9162363553232264,1.532694521827145,-0.8368905814301324,0.5080000000000098,1.0,0.11555160333751692,12.898491347153408,565.7288176853266,149.79271586698607,nan,nan,1,90.058,565.7288176853266,149.79271586698607,0.0,0.277000000000001,1.0,-0.9336784916937445,1.4763822463713978,0.08667492151327476,-0.9336784916937445,1.5263822463713979,0.09712458186844823,0.05,nan,nan,nan,nan,nan,nan,nan,149.79271586698607,0.3380824625492096,0.3380824625492096,1.0,0.0,290.0,181.81305089592934,560.2390747070312,135.66024780273438,572.2236938476562,150.83078002929688,nan,nan,nan,nan,nan,0.0,nan,-0.6718511446279798,nan,nan,nan,1.0,0.3380824625492096,0.3380824625492096,290.0,0.0,bbox_bottom,181.81305089592934,nan,72.08586600609124,90.51250500488095,1781599542.4538333,1781599542.5035484,1781599542.57552,1781599542.9299889,0.07197165489196777,1781599452.8719888,1781599452.8719888,20.83859368644339,0
90.289,90.57400000000001,1,1,-1.0001711027331748,1.4407682958931267,-1.298213961440197,1,-0.9360909740492247,1.5316442497211307,-1.0186367886124956,0.5160000000000053,1.0,0.11119668104894637,16.018592051226893,601.3998894257328,148.89066596937593,nan,nan,1,90.289,601.3998894257328,148.89066596937593,0.0,0.2850000000000108,1.0,-0.4859578643403059,1.495417445516974,0.5171090640214026,-0.4859578643403059,1.545417445516974,0.5247539414387239,0.05,nan,nan,nan,nan,nan,nan,nan,148.89066596937593,0.3118313252925873,0.3118313252925873,1.0,0.0,293.0,160.50143060088158,597.5313720703125,133.23497009277344,607.8504638671875,148.78880310058594,nan,nan,nan,nan,nan,0.0,nan,-0.7915715570534014,nan,nan,nan,1.0,0.3118313252925873,0.3118313252925873,293.0,0.0,bbox_bottom,160.50143060088158,nan,70.29119100479875,95.78071899886709,1781599542.9255338,1781599542.956458,1781599543.0265908,1781599543.3950236,0.07013273239135742,1781599453.1060236,1781599453.1060236,7.417890979474714,0
90.52,90.81700000000001,1,1,-1.0001711027330122,1.4407682958920014,-1.5382139614427397,1,-0.49014914308980445,1.5493400479928305,-1.2537104532777825,0.5280000000000058,1.0,0.521450117146925,16.300850274517803,601.9949467302324,151.8919323118008,nan,nan,1,90.289,601.3998894257328,148.89066596937593,0.0,0.5280000000000058,1.0,-0.4859578643403059,1.495417445516974,0.5171090640213598,-0.4859578643403059,1.545417445516974,0.5247539414387891,0.05,nan,nan,nan,nan,nan,nan,nan,151.8919323118008,0.34226298332214355,0.34226298332214355,1.0,0.0,292.0,152.90916562080383,597.7672119140625,135.85858154296875,607.6949462890625,151.26080322265625,nan,nan,nan,nan,nan,0.0,nan,-0.6532257820844772,nan,nan,nan,1.0,0.34226298332214355,0.34226298332214355,292.0,0.0,bbox_bottom,152.90916562080383,nan,75.59990799927618,88.77546100120526,1781599543.3762507,1781599543.4097447,1781599543.4851573,1781599543.8529537,0.07541251182556152,1781599453.3329537,1781599453.3329537,6.333096103810726,0
90.751,91.03,1,1,-1.0001711027330744,1.4407682958910617,-1.7582139614439816,1,-0.48025405228824325,1.4867651053614959,-1.4967380227640987,0.5100000000000051,1.0,0.5219477424270677,14.981467730578801,602.4884003430097,152.08463968430655,nan,nan,1,90.751,602.4884003430097,152.08463968430655,0.0,0.27899999999999636,1.0,-0.46987010553616315,1.4282677719384826,0.5304483110795316,-0.46987010553616315,1.4782677719384827,0.53162520475601,0.05,nan,nan,nan,nan,nan,nan,nan,152.08463968430655,0.3658279776573181,0.3658279776573181,1.0,0.0,291.0,155.00841721892357,597.5167236328125,136.17457580566406,607.5189208984375,151.67201232910156,nan,nan,nan,nan,nan,0.0,nan,-0.5501570297375251,nan,nan,nan,1.0,0.3658279776573181,0.3658279776573181,291.0,0.0,bbox_bottom,155.00841721892357,nan,80.59447800042108,98.59868300554808,1781599543.8203528,1781599543.8764646,1781599543.9570053,1781599544.3110397,0.08054065704345703,1781599453.5600398,1781599453.5600398,18.938167596761595,0
90.982,91.23700000000001,1,1,-1.0001711027332192,1.4407682958906007,-1.9582139614292795,1,-0.4739418109920982,1.482752681364152,-1.711756138173255,0.4860000000000042,1.0,0.527901464394591,14.120993100551399,602.4198752905052,150.9163789601844,nan,nan,1,90.982,602.4198752905052,150.9163789601844,0.0,0.25500000000000966,1.0,-0.47159941833244096,1.4527503437405431,0.5287074758512066,-0.47159941833244096,1.5027503437405432,0.5321933857217209,0.05,nan,nan,nan,nan,nan,nan,nan,150.9163789601844,0.3658415675163269,0.3658415675163269,1.0,0.0,291.0,156.48410318791866,597.7218017578125,135.8727264404297,607.7025146484375,151.55137634277344,nan,nan,nan,nan,nan,0.0,nan,-0.5500984526812054,nan,nan,nan,1.0,0.3658415675163269,0.3658415675163269,291.0,0.0,bbox_bottom,156.48410318791866,nan,70.1540050067706,87.21093299391214,1781599544.294672,1781599544.3336697,1781599544.4036748,1781599544.7693868,0.07000517845153809,1781599453.7873867,1781599453.7873867,30.397323498537396,0
91.18,91.45800000000001,1,1,-1.0339613310077134,1.3806804764515213,-2.1700253947546453,1,-0.4757306774563325,1.5070194462796511,-1.8992478458473472,0.4760000000000133,1.0,0.572348668087587,15.514410739285417,602.7048590914558,151.64457052011403,nan,nan,1,90.982,602.4198752905052,150.9163789601844,0.0,0.4760000000000133,1.0,-0.47159941833244096,1.4527503437405431,0.5669611861484416,-0.47159941833244096,1.5027503437405432,0.5754580552288325,0.05,nan,nan,nan,nan,nan,nan,nan,151.64457052011403,0.3466193675994873,0.3466193675994873,1.0,0.0,290.0,157.4708322659135,597.8322143554688,135.78610229492188,607.7588500976562,151.64956665039062,nan,nan,nan,nan,nan,0.0,nan,-0.633932602925634,nan,nan,nan,1.0,0.3466193675994873,0.3466193675994873,290.0,0.0,bbox_bottom,157.4708322659135,nan,93.97034399444237,112.71493700041901,1781599544.7362864,1781599544.7909362,1781599544.8848116,1781599545.2268436,0.09387540817260742,1781599454.0468435,1781599454.0468435,42.879203031685535,0
91.411,91.63900000000001,1,1,-1.0783671805476978,1.3252284951967952,-2.320659770958599,1,-0.47158995674167725,1.491875225767558,-2.106031552911718,0.4590000000000032,1.0,0.6292453671976187,12.297291058499864,601.9015663804834,152.88152099221955,nan,nan,1,91.18,602.7048590914558,151.64457052011403,0.0,0.4590000000000032,1.0,-0.46748412863250294,1.437479437130695,0.6211105997181745,-0.46748412863250294,1.487479437130695,0.6320628697176099,0.05,nan,nan,nan,nan,nan,nan,nan,152.88152099221955,0.2634609341621399,0.2634609341621399,1.0,0.0,292.0,163.52116584777832,597.506103515625,136.42758178710938,607.708740234375,152.45492553710938,nan,nan,nan,nan,nan,0.0,nan,-1.0280571775046763,nan,nan,nan,1.0,0.2634609341621399,0.2634609341621399,292.0,0.0,bbox_bottom,163.52116584777832,nan,65.44213900633622,79.77862400002778,1781599545.2104697,1781599545.242122,1781599545.307503,1781599545.631131,0.06538105010986328,1781599454.220131,1781599454.220131,51.94236653924082,0
91.576,91.86500000000001,1,1,-1.0806047954640254,1.3228424385679936,-2.5595418022426926,1,-0.48062056662780045,1.466272106381671,-2.2605348627037865,0.45400000000000773,1.0,0.6168898965466539,17.1318356807027,571.0459722973827,162.4511124904872,nan,nan,1,91.576,571.0459722973827,162.4511124904872,0.0,0.2890000000000157,1.0,-0.8497701743315955,1.2149195925856797,0.2548175092066373,-0.8497701743315955,1.2649195925856798,0.23799092083531947,0.05,nan,nan,nan,nan,nan,nan,nan,162.4511124904872,0.16352805495262146,0.16352805495262146,1.0,0.0,290.0,230.7806771993637,563.5968017578125,145.07720947265625,577.001953125,162.29302978515625,nan,nan,nan,nan,nan,0.0,nan,-1.6322084158258618,nan,nan,nan,1.0,0.16352805495262146,0.16352805495262146,290.0,0.0,bbox_bottom,230.7806771993637,nan,106.61531699588522,125.79903200094122,1781599545.584746,1781599545.6518848,1781599545.7584286,1781599546.0877445,0.10654377937316895,1781599454.5117445,1781599454.5117445,65.65071922840845,0
91.807,92.07900000000001,1,1,-1.080604795464839,1.3228424385675623,-2.7595418022448133,1,-0.8517991184969685,1.2723155815568323,-2.5171917690899615,0.5030000000000143,1.0,0.23431816210466538,13.885634064628581,569.5811666697516,162.91838120519304,nan,nan,1,91.807,569.5811666697516,162.91838120519304,0.0,0.27200000000000557,1.0,-0.8671912382226205,1.2054648492318707,0.24356281508686004,-0.8671912382226205,1.2554648492318707,0.2237969748666563,0.05,nan,nan,nan,nan,nan,nan,nan,162.91838120519304,0.2440139800310135,0.2440139800310135,1.0,0.0,290.0,197.21677768975496,561.6805419921875,147.61306762695312,574.0548095703125,163.55072021484375,nan,nan,nan,nan,nan,0.0,nan,-1.130797365043071,nan,nan,nan,1.0,0.2440139800310135,0.2440139800310135,290.0,0.0,bbox_bottom,197.21677768975496,nan,72.81275799323339,87.62527401268017,1781599546.040338,1781599546.1035318,1781599546.176292,1781599546.5334706,0.07276010513305664,1781599454.7264707,1781599454.7264707,77.10987513115363,0
92.038,92.32700000000001,1,1,-1.080604795465784,1.3228424385673074,-3.0195418022456813,1,-0.8691273968427298,1.262991372994156,-2.721992506715564,0.5200000000000102,1.0,0.21978362127013892,17.048318830966576,568.0862702463261,163.2871270158772,nan,nan,1,92.038,568.0862702463261,163.2871270158772,0.0,0.2890000000000157,1.0,-0.8850927354369131,1.198013298213163,0.2319639624991078,-0.8850927354369131,1.248013298213163,0.20934269956908708,0.05,nan,nan,nan,nan,nan,nan,nan,163.2871270158772,0.2620440721511841,0.2620440721511841,1.0,0.0,291.0,191.26873371005058,561.46435546875,148.021484375,573.6669921875,163.69586181640625,nan,nan,nan,nan,nan,0.0,nan,-1.0353714005230705,nan,nan,nan,1.0,0.2620440721511841,0.2620440721511841,291.0,0.0,bbox_bottom,191.26873371005058,nan,79.02624500275124,94.28454701264855,1781599546.5326297,1781599546.5496697,1781599546.628612,1781599546.9825432,0.07894229888916016,1781599454.9445431,1781599454.9445431,92.00677780461285,0
92.269,92.53200000000001,1,1,-1.080604795466395,1.322842438567307,3.0636435049482817,1,-0.8869396736352642,1.2556535834892977,-2.9911942032851444,0.494000000000014,1.0,0.2049890769298709,13.083353681560926,569.2205914177378,162.87100891237105,nan,nan,1,92.038,568.0862702463261,163.2871270158772,0.0,0.494000000000014,1.0,-0.8850927354369131,1.198013298213163,0.23196396249962262,-0.8850927354369131,1.248013298213163,0.20934269956965762,0.05,nan,nan,nan,nan,nan,nan,nan,162.87100891237105,0.22619587182998657,0.22619587182998657,1.0,0.0,288.0,216.18635988235474,562.4742431640625,147.10116577148438,575.4976806640625,163.70095825195312,nan,nan,nan,nan,nan,0.0,nan,-1.2299174637566976,nan,nan,nan,1.0,0.22619587182998657,0.22619587182998657,288.0,0.0,bbox_bottom,216.18635988235474,nan,72.5554429955082,89.95342800335493,1781599546.9586847,1781599547.0010612,1781599547.073308,1781599547.419083,0.07224678993225098,1781599455.150083,1781599455.150083,103.46593370641062,0
92.467,92.76400000000001,1,1,-1.1194347249123489,1.3330423072314526,2.8236435050111344,1,-0.8736170649227306,1.2639523903081833,3.0982882346698886,0.49500000000000455,1.0,0.2553423948020301,15.735983874958082,569.9738880258022,164.35018472411664,nan,nan,1,92.269,569.2205914177378,162.87100891237105,0.0,0.49500000000000455,1.0,-0.8716956934112748,1.2064227344312197,0.27822139375900556,-0.8716956934112748,1.2564227344312198,0.2593167689625573,0.05,nan,nan,nan,nan,nan,nan,nan,164.35018472411664,0.22414565086364746,0.22414565086364746,1.0,0.0,288.0,221.19295915961266,562.2548828125,147.42697143554688,575.462646484375,164.17416381835938,nan,nan,nan,nan,nan,0.0,nan,-1.241668740535635,nan,nan,nan,1.0,0.22414565086364746,0.22414565086364746,288.0,0.0,bbox_bottom,221.19295915961266,nan,77.03096700424794,91.8270649999613,1781599547.3694606,1781599547.4350314,1781599547.511994,1781599547.8784935,0.07696247100830078,1781599455.4114935,1781599455.4114935,117.52107327605839,0
92.698,92.985,1,1,-1.186515154469828,1.3637749897630238,2.603643505012208,1,-0.8623243353391679,1.2343480448420636,2.865789433672481,0.5180000000000007,1.0,0.34907165636897775,15.019855328771209,568.9100179370731,163.26889282649657,nan,nan,1,92.698,568.9100179370731,163.26889282649657,0.0,0.28700000000000614,1.0,-0.8749793599155584,1.1983816048036855,0.3527173416162976,-0.8749793599155584,1.2483816048036855,0.33222008455380014,0.05,nan,nan,nan,nan,nan,nan,nan,163.26889282649657,0.21015454828739166,0.21015454828739166,1.0,0.0,289.0,218.7681348323822,561.086669921875,148.0393829345703,574.348876953125,164.5349884033203,nan,nan,nan,nan,nan,0.0,nan,-1.3239940913103594,nan,nan,nan,1.0,0.21015454828739166,0.21015454828739166,289.0,0.0,bbox_bottom,218.7681348323822,nan,81.73570399230812,90.07083700271323,1781599547.836414,1781599547.8884478,1781599547.9701302,1781599548.3351347,0.08168244361877441,1781599455.6371348,1781599455.6371348,130.6297973210671,0
92.929,93.24900000000001,1,1,-1.20676304040986,1.3768280981888021,2.3436435049963085,1,-0.8768663117859983,1.2559921898920767,2.650625158003448,0.5510000000000161,1.0,0.3513305683976566,17.588753105258608,563.8388212165805,163.27702038136255,nan,nan,1,92.929,563.8388212165805,163.27702038136255,0.0,0.3200000000000074,1.0,-0.9373823344228368,1.1982172236708428,0.3232148035813601,-0.9373823344228368,1.2482172236708429,0.2985074903622039,0.05,nan,nan,nan,nan,nan,nan,nan,163.27702038136255,0.17360074818134308,0.17360074818134308,1.0,0.0,292.0,217.0428944900632,557.9185791015625,147.24948120117188,570.74609375,164.16958618164062,nan,nan,nan,nan,nan,0.0,nan,-1.5603199004375683,nan,nan,nan,1.0,0.17360074818134308,0.17360074818134308,292.0,0.0,bbox_bottom,217.0428944900632,nan,116.95877900638152,129.4346289942041,1781599548.303888,1781599548.3488338,1781599548.4657288,1781599548.8513138,0.11689496040344238,1781599455.922314,1781599455.922314,145.67218595818898,0
93.193,93.47200000000001,1,1,-1.2067630404104843,1.3768280981896113,2.123643504993972,1,-0.9390280909666632,1.255992097385538,2.3897334811227733,0.5430000000000064,1.0,0.29374026323268565,15.245832602917142,554.7743935839272,163.62381181160325,nan,nan,1,93.193,554.7743935839272,163.62381181160325,0.0,0.2790000000000106,1.0,-1.048378488062519,1.1912165421796321,0.24400269700745308,-1.048378488062519,1.2412165421796322,0.20850937759705926,0.05,nan,nan,nan,nan,nan,nan,nan,163.62381181160325,0.23639166355133057,0.23639166355133057,1.0,0.0,292.0,220.13552829623222,548.40234375,148.37379455566406,562.2103271484375,164.31642150878906,nan,nan,nan,nan,nan,0.0,nan,-1.1725649883450104,nan,nan,nan,1.0,0.23639166355133057,0.23639166355133057,292.0,0.0,bbox_bottom,220.13552829623222,nan,78.42007200815715,95.50000200397335,1781599548.839146,1781599548.8735754,1781599548.9519079,1781599549.3447766,0.07833242416381836,1781599456.1517766,1781599456.1517766,158.2772574512049,0
93.424,93.706,1,1,-1.2067630404107836,1.3768280981901686,1.883643505008694,1,-1.0495770846021697,1.2493440039919128,2.1797550549627274,0.5130000000000052,1.0,0.2023848289200979,16.965942077443362,555.0080601399314,164.3379164304909,nan,nan,1,93.424,555.0080601399314,164.3379164304909,0.0,0.2819999999999965,1.0,-1.044346312271908,1.1768254765946426,0.2576436341624232,-1.044346312271908,1.2268254765946427,0.22108817260285077,0.05,nan,nan,nan,nan,nan,nan,nan,164.3379164304909,0.21583124995231628,0.21583124995231628,1.0,0.0,292.0,220.85796386003494,548.2218627929688,148.3665771484375,562.0353393554688,164.35516357421875,nan,nan,nan,nan,nan,0.0,nan,-1.2901273874684298,nan,nan,nan,1.0,0.21583124995231628,0.21583124995231628,292.0,0.0,bbox_bottom,220.85796386003494,nan,74.04796700575389,98.05166399746668,1781599549.334348,1781599549.370854,1781599549.4448225,1781599549.8798187,0.07396864891052246,1781599456.4558187,1781599456.4558187,172.02824453350277,0
93.655,93.95700000000001,1,1,-1.2067630404107934,1.3768280981896814,1.64364350504307,1,-1.0455215371133515,1.2350719236594847,1.931745230917259,0.5330000000000013,1.0,0.21469428358262027,16.507012963026014,555.1095278306159,164.33333110695693,nan,nan,1,93.655,555.1095278306159,164.33333110695693,0.0,0.3020000000000067,1.0,-1.0431069655997198,1.1769177857603632,0.25835526671263226,-1.0431069655997198,1.2269177857603633,0.22193785750795988,0.05,nan,nan,nan,nan,nan,nan,nan,164.33333110695693,0.19970910251140594,0.19970910251140594,1.0,0.0,292.0,242.5197283923626,547.9876708984375,147.9598388671875,562.3133544921875,164.88885498046875,nan,nan,nan,nan,nan,0.0,nan,-1.38811346312285,nan,nan,nan,1.0,0.19970910251140594,0.19970910251140594,292.0,0.0,bbox_bottom,242.5197283923626,nan,120.07272799382918,142.64471600472461,1781599549.8591714,1781599549.9069154,1781599550.0269196,1781599550.4132435,0.12000417709350586,1781599456.7582436,1781599456.7582436,174.22076838532635,0
93.886,94.17200000000001,1,1,-1.20676304041086,1.3768280981875392,1.4236435050990424,1,-1.0442872215369179,1.2351601686795555,1.6882963771958326,0.5170000000000101,1.0,0.21556482544663239,15.16349260716167,555.5555892403887,165.67990626701527,nan,nan,1,93.655,555.1095278306159,164.33333110695693,0.0,0.5170000000000101,1.0,-1.0431069655997198,1.1769177857603632,0.2583552667110168,-1.0431069655997198,1.2269177857603633,0.22193785750656198,0.05,nan,nan,nan,nan,nan,nan,nan,165.67990626701527,0.1623738706111908,0.1623738706111908,1.0,0.0,292.0,250.12125508487225,548.3446655273438,146.99826049804688,562.3916625976562,164.80429077148438,nan,nan,nan,nan,nan,0.0,nan,-1.6406703350838752,nan,nan,nan,1.0,0.1623738706111908,0.1623738706111908,292.0,0.0,bbox_bottom,250.12125508487225,nan,88.66474698879756,103.47852601262275,1781599550.3415284,1781599550.4291892,1781599550.5177896,1781599550.8866181,0.08860039710998535,1781599457.0006182,1781599457.0006182,161.61569689565164,0
94.117,94.405,1,1,-1.2067630404113387,1.3768280981857983,1.183643505160838,1,-1.0366001995525418,1.2083328231133226,1.4560969932377354,0.5190000000000055,1.0,0.23947035334438693,15.610434980424117,553.7456736527611,164.76407221875192,nan,nan,1,94.117,553.7456736527611,164.76407221875192,0.0,0.2879999999999967,1.0,-1.0591576393343038,1.1682524423675982,0.2555213467151123,-1.0591576393343038,1.2182524423675982,0.21664162352900837,0.05,nan,nan,nan,nan,nan,nan,nan,164.76407221875192,0.16585391759872437,0.16585391759872437,1.0,0.0,292.0,242.70589081943035,547.6403198242188,147.4459228515625,561.6555786132812,164.76318359375,nan,nan,nan,nan,nan,0.0,nan,-1.6153011593237914,nan,nan,nan,1.0,0.16585391759872437,0.16585391759872437,292.0,0.0,bbox_bottom,242.70589081943035,nan,82.95112999621779,111.79842500132509,1781599550.8498824,1781599550.9165695,1781599550.9994645,1781599551.3942418,0.08289504051208496,1781599457.2772417,1781599457.2772417,147.86470981604617,0
94.348,94.637,1,1,-1.2067630404118255,1.3768280981848546,0.9636435052154908,1,-1.0602525320183565,1.2266146809197553,1.2271172183740704,0.519999999999996,1.0,0.2098318369460926,15.095931776627072,554.3832045014491,165.21112196820815,nan,nan,1,94.348,554.3832045014491,165.21112196820815,0.0,0.2890000000000015,1.0,-1.0506013713600142,1.1592713320285537,0.2678010705382539,-1.0506013713600142,1.2092713320285537,0.2290452723061638,0.05,nan,nan,nan,nan,nan,nan,nan,165.21112196820815,0.18844331800937653,0.18844331800937653,1.0,0.0,292.0,231.5342698842287,547.5709228515625,147.93167114257812,561.3436279296875,164.74276733398438,nan,nan,nan,nan,nan,0.0,nan,-1.4601569714794584,nan,nan,nan,1.0,0.18844331800937653,0.18844331800937653,292.0,0.0,bbox_bottom,231.5342698842287,nan,71.79412600817159,95.34610000264365,1781599551.3545704,1781599551.4187105,1781599551.4904594,1781599551.869574,0.07174897193908691,1781599457.521574,1781599457.521574,135.25963832629415,0
94.579,94.863,1,1,-1.1572106150764725,1.4313138931236633,0.723643505235414,1,-1.0517049802224445,1.217692068289507,1.0151225068636536,0.5150000000000006,1.0,0.2382555834213051,16.70051660998498,553.8028406339762,164.91893602648312,nan,nan,1,94.579,553.8028406339762,164.91893602648312,0.0,0.284000000000006,1.0,-1.0582016948810953,1.165139853874473,0.28399187567337913,-1.0582016948810953,1.215139853874473,0.23776875640749146,0.05,nan,nan,nan,nan,nan,nan,nan,164.91893602648312,0.20575378835201263,0.20575378835201263,1.0,0.0,291.0,226.80091255903244,547.085205078125,148.21255493164062,560.648193359375,164.93460083007812,nan,nan,nan,nan,nan,0.0,nan,-1.3507132516247182,nan,nan,nan,1.0,0.20575378835201263,0.20575378835201263,291.0,0.0,bbox_bottom,226.80091255903244,nan,75.21461900614668,94.92461899935734,1781599551.8447027,1781599551.89225,1781599551.967409,1781599552.3578799,0.07515883445739746,1781599457.77888,1781599457.77888,121.98337893464434,0
94.81,95.096,1,1,-1.1081992992028944,1.467476796765801,0.5036435052287944,1,-1.0592918560469744,1.2235276085514015,0.7882941708455817,0.5170000000000101,1.0,0.24880342527086316,16.309281775431568,554.3832938662093,160.51373875116903,nan,nan,1,94.81,554.3832938662093,160.51373875116903,0.0,0.28600000000000136,1.0,-1.0582994718880059,1.2542665556099617,0.21897168698210004,-1.0582994718880059,1.3042665556099617,0.1706680274222529,0.05,nan,nan,nan,nan,nan,nan,nan,160.51373875116903,0.16020558774471283,0.16020558774471283,1.0,0.0,292.0,296.7965044081211,547.6046142578125,141.39260864257812,563.1441650390625,160.49203491210938,nan,nan,nan,nan,nan,0.0,nan,-1.656699200736041,nan,nan,nan,1.0,0.16020558774471283,0.16020558774471283,292.0,0.0,bbox_bottom,296.7965044081211,nan,83.61501200124621,104.1967399942223,1781599552.339493,1781599552.3808618,1781599552.4644105,1781599552.8356364,0.08354878425598145,1781599458.0256364,1781599458.0256364,109.8192731291922,0
95.041,95.32000000000001,1,1,-1.10819929920192,1.467476796766197,0.2836435052264475,1,-1.059630343558387,1.3118525141981834,0.5714595421599741,0.5100000000000051,1.0,0.1630271780321074,16.490644192472498,600.2354031083571,149.55627736828126,nan,nan,1,94.81,554.3832938662093,160.51373875116903,0.0,0.5100000000000051,1.0,-1.0582994718880059,1.2542665556099617,0.2189716869822637,-1.0582994718880059,1.3042665556099617,0.17066802742234685,0.05,nan,nan,nan,nan,nan,nan,nan,149.55627736828126,0.18083646893501282,0.18083646893501282,1.0,0.0,292.0,175.74471831321716,595.5176391601562,133.4593963623047,606.7969360351562,149.0405731201172,nan,nan,nan,nan,nan,0.0,nan,-1.5106905992224005,nan,nan,nan,1.0,0.18083646893501282,0.18083646893501282,292.0,0.0,bbox_bottom,175.74471831321716,nan,87.93167799012735,110.70437400485389,1781599552.816669,1781599552.8595502,1781599552.947352,1781599553.312856,0.08780169486999512,1781599458.271856,1781599458.271856,97.21420163618794,0
95.272,95.536,1,1,-1.1081992992009422,1.4674767967663747,0.06364350522476821,1,-0.5041872960216535,1.5354534047285804,0.3515094337322316,0.49500000000000455,1.0,0.6078250728743464,16.49350276909234,564.9865637805573,152.82040651331778,nan,nan,1,95.041,600.2354031083571,149.55627736828126,0.0,0.49500000000000455,1.0,-0.5000885385161196,1.4813674998628579,0.6082693884235736,-0.5000885385161196,1.531367499862858,0.6114578637999813,0.05,nan,nan,nan,nan,nan,nan,nan,152.82040651331778,0.17815794050693512,0.17815794050693512,1.0,0.0,292.0,212.57828552275896,558.5382080078125,136.55709838867188,571.641357421875,152.78054809570312,nan,nan,nan,nan,nan,0.0,nan,-1.5288777717712945,nan,nan,nan,1.0,0.17815794050693512,0.17815794050693512,292.0,0.0,bbox_bottom,212.57828552275896,nan,91.92825701029506,109.48812200513203,1781599553.295913,1781599553.331549,1781599553.4233403,1781599553.820797,0.09179139137268066,1781599458.548797,1781599458.548797,84.60913014322168,0
95.47,95.76,1,1,-1.1081992992003915,1.4674767967663405,-0.15635649476041227,1,-0.9407229832533527,1.4687392805063348,0.11973696623118472,0.48799999999999955,1.0,0.16748107435882456,15.818990065978335,564.4936973282222,153.53895655455108,nan,nan,1,95.272,564.9865637805573,152.82040651331778,0.0,0.48799999999999955,1.0,-0.9385008429690374,1.4128933591459834,0.17826081372461036,-0.9385008429690374,1.4628933591459834,0.16976034268263165,0.05,nan,nan,nan,nan,nan,nan,nan,153.53895655455108,0.1770753562450409,0.1770753562450409,1.0,0.0,292.0,210.1147979721427,558.946044921875,136.41900634765625,571.82373046875,152.73519897460938,nan,nan,nan,nan,nan,0.0,nan,-1.5362892501422127,nan,nan,nan,1.0,0.1770753562450409,0.1770753562450409,292.0,0.0,bbox_bottom,210.1147979721427,nan,89.96085000399034,106.61469800106715,1781599553.7663875,1781599553.8388624,1781599553.928759,1781599554.366396,0.08989667892456055,1781599458.896396,1781599458.896396,72.00405865119703,0
95.701,95.98100000000001,1,1,-1.1081992992000202,1.4674767967662579,-0.3963564947179132,1,-0.9457583119126958,1.45390881083727,-0.10736908563689582,0.5110000000000099,1.0,0.16300663972074858,16.5577588727629,601.6577680104947,149.7549565462373,nan,nan,1,95.47,564.4936973282222,153.53895655455108,0.0,0.5110000000000099,1.0,-0.943596347076839,1.3979148032824855,0.17869807717237102,-0.943596347076839,1.4479148032824856,0.16576128449286776,0.05,nan,nan,nan,nan,nan,nan,nan,149.7549565462373,0.18241329491138458,0.18241329491138458,1.0,0.0,292.0,175.6356333307922,595.3240356445312,133.32681274414062,606.6068725585938,148.8934326171875,nan,nan,nan,nan,nan,0.0,nan,-1.5000819946652575,nan,nan,nan,1.0,0.18241329491138458,0.18241329491138458,292.0,0.0,bbox_bottom,175.6356333307922,nan,104.15148500760552,132.2609549970366,1781599554.3167622,1781599554.3995037,1781599554.503565,1781599554.9596453,0.10406136512756348,1781599459.2586453,1781599459.2586453,58.25307157049517,0
95.932,96.21700000000001,1,1,-1.1081992991994012,1.4674767967659084,-0.6163564946698332,1,-0.4862064797610235,1.5312560752685964,-0.36185554706177503,0.5160000000000196,1.0,0.6252542393292714,14.581830180021818,603.2117610809132,148.60934585208193,nan,nan,1,95.932,603.2117610809132,148.60934585208193,0.0,0.2850000000000108,1.0,-0.4633555511904657,1.5013646430347072,0.645733571584248,-0.4633555511904657,1.5513646430347072,0.6502773485966039,0.05,nan,nan,nan,nan,nan,nan,nan,148.60934585208193,0.21021589636802673,0.21021589636802673,1.0,0.0,292.0,178.42545890808105,595.3284912109375,132.888427734375,606.6402587890625,148.661865234375,nan,nan,nan,nan,nan,0.0,nan,-1.3236245410194367,nan,nan,nan,1.0,0.21021589636802673,0.21021589636802673,292.0,0.0,bbox_bottom,178.42545890808105,nan,137.7249929937534,159.04552799474914,1781599554.9371252,1781599554.983516,1781599555.1211452,1781599555.5779889,0.13762927055358887,1781599459.645989,1781599459.645989,45.64800008037636,0
96.163,96.409,1,1,-1.1081992991994243,1.4674767967659768,-0.8163564946291076,1,-0.4676501168333817,1.5551747572450938,-0.5822282348865697,0.47700000000000387,1.0,0.6465246996843991,13.414561147990119,602.2126801795578,148.4839145031464,nan,nan,1,96.163,602.2126801795578,148.4839145031464,0.0,0.24600000000000932,1.0,-0.47603340330273003,1.5040179331904133,0.6332211103446089,-0.47603340330273003,1.5540179331904134,0.6380619783598636,0.05,nan,nan,nan,nan,nan,nan,nan,148.4839145031464,0.2122931182384491,0.2122931182384491,1.0,0.0,292.0,180.1037737801671,595.3732299804688,132.62989807128906,606.6453247070312,148.6077423095703,nan,nan,nan,nan,nan,0.0,nan,-1.3111580902820452,nan,nan,nan,1.0,0.2122931182384491,0.2122931182384491,292.0,0.0,bbox_bottom,180.1037737801671,nan,90.22105199983343,110.82940400228836,1781599555.5613146,1781599555.599869,1781599555.6899807,1781599556.1731813,0.09011173248291016,1781599460.0101812,1781599460.0101812,34.18884418009321,0
96.361,96.625,1,1,-1.1081992991994634,1.4674767967660345,-1.0363564945844703,1,-0.4802862349420681,1.5578372469588497,-0.7794727093765754,0.4620000000000033,1.0,0.6343814524591336,14.718356717757544,601.3821244052153,148.76380544519105,nan,nan,1,96.163,602.2126801795578,148.4839145031464,0.0,0.4620000000000033,1.0,-0.47603340330273003,1.5040179331904133,0.6332211103446446,-0.47603340330273003,1.5540179331904134,0.6380619783598944,0.05,nan,nan,nan,nan,nan,nan,nan,148.76380544519105,0.22779907286167145,0.22779907286167145,1.0,0.0,292.0,181.2782470136881,595.3431396484375,132.34164428710938,606.6329345703125,148.39846801757812,nan,nan,nan,nan,nan,0.0,nan,-1.2207808034362757,nan,nan,nan,1.0,0.22779907286167145,0.22779907286167145,292.0,0.0,bbox_bottom,181.2782470136881,nan,93.16051501082256,113.74965200957377,1781599556.1530712,1781599556.194928,1781599556.2880013,1781599556.741697,0.09307336807250977,1781599460.380697,1781599460.380697,21.58377268977239,0
96.559,96.84700000000001,1,1,-1.108199299199943,1.4674767967670395,-1.2563564945363905,1,-0.490476818223751,1.5519979345700305,-0.9995052027673923,0.4860000000000042,1.0,0.6234780559401382,14.7164949808469,601.2909589508585,149.0772777849657,nan,nan,1,96.559,601.2909589508585,149.0772777849657,0.0,0.2880000000000109,1.0,-0.48718471856866896,1.4914753946061325,0.6214781106804002,-0.48718471856866896,1.5414753946061326,0.6254077884379031,0.05,nan,nan,nan,nan,nan,nan,nan,149.0772777849657,0.23629724979400635,0.23629724979400635,1.0,0.0,292.0,181.39639472961426,595.4326171875,132.20481872558594,606.6201171875,148.4190216064453,nan,nan,nan,nan,nan,0.0,nan,-1.1730880975432254,nan,nan,nan,1.0,0.23629724979400635,0.23629724979400635,292.0,0.0,bbox_bottom,181.39639472961426,nan,90.17887499067001,109.97748299269006,1781599556.671589,1781599556.7627518,1781599556.8528752,1781599557.2755878,0.09012341499328613,1781599460.7165878,1781599460.7165878,8.978701199646476,0
96.79,97.087,1,1,-1.092223959978198,1.385633316562295,-1.4902611657784237,1,-0.4913606008668406,1.5454366724608177,-1.2237310207156178,0.5280000000000058,1.0,0.6217506645585624,15.271052425108374,563.8673893032545,152.34258328255805,nan,nan,1,96.79,563.8673893032545,152.34258328255805,0.0,0.29699999999999704,1.0,-0.9532217854793013,1.4228726011744146,0.14390402646849113,-0.9532217854793013,1.4728726011744147,0.1641106251741677,0.05,nan,nan,nan,nan,nan,nan,nan,152.34258328255805,0.2670672535896301,0.2670672535896301,1.0,0.0,292.0,197.18387008830905,557.8790283203125,136.6329803466797,570.463623046875,152.30165100097656,nan,nan,nan,nan,nan,0.0,nan,-1.0095534337460321,nan,nan,nan,1.0,0.2670672535896301,0.2670672535896301,292.0,0.0,bbox_bottom,197.18387008830905,nan,114.57903900009114,134.90211800672114,1781599557.2404213,1781599557.297532,1781599557.4120343,1781599557.84422,0.1145021915435791,1781599461.05422,1781599461.05422,4.399042306792892,0
97.021,97.31,1,1,-1.0917697469864418,1.3256545972842928,-1.5814859088314956,1,-0.9554141262170989,1.4786671262747617,-1.4502792691784752,0.519999999999996,1.0,0.2049528954258806,7.517586696211906,602.6513985145293,152.43132557972598,nan,nan,1,97.021,602.6513985145293,152.43132557972598,0.0,0.2890000000000015,1.0,-0.4675722319672632,1.421019870654077,0.6314404747250617,-0.4675722319672632,1.4710198706540771,0.6409006166778042,0.05,nan,nan,nan,nan,nan,nan,nan,152.43132557972598,0.2107609063386917,0.2107609063386917,1.0,0.0,292.0,168.53556075692177,596.681640625,135.17724609375,607.550537109375,150.6834716796875,nan,nan,nan,nan,nan,0.0,nan,-1.320344963064422,nan,nan,nan,1.0,0.2107609063386917,0.2107609063386917,292.0,0.0,bbox_bottom,168.53556075692177,nan,91.1257459956687,109.56050199456513,1781599557.7739823,1781599557.8644032,1781599557.9554498,1781599558.374368,0.09104657173156738,1781599461.353368,1781599461.353368,9.70000306975078,0
97.252,97.539,1,1,-1.0917697469863556,1.3256545972833842,-1.3614859088327116,1,-0.4716331970464528,1.4755640087912636,-1.524722970334936,0.5180000000000007,1.0,0.6379985675767653,-9.352794684194913,567.31743337008,160.42525165696082,nan,nan,1,97.021,602.6513985145293,152.43132557972598,0.0,0.5180000000000007,1.0,-0.4675722319672632,1.421019870654077,0.6314404747251138,-0.4675722319672632,1.4710198706540771,0.6409006166779264,0.05,nan,nan,nan,nan,nan,nan,nan,160.42525165696082,0.1406865417957306,0.1406865417957306,1.0,0.0,290.0,189.5647255629301,562.17919921875,146.383056640625,574.140380859375,162.23138427734375,nan,nan,nan,nan,nan,0.0,nan,-1.809599458245476,nan,nan,nan,1.0,0.1406865417957306,0.1406865417957306,290.0,0.0,bbox_bottom,189.5647255629301,nan,101.42724199977238,129.0093490097206,1781599558.3321233,1781599558.4031498,1781599558.5045104,1781599558.9235625,0.10136055946350098,1781599461.6715624,1781599461.6715624,2.90506842305718,0
97.483,97.75500000000001,1,1,-1.0917697469860403,1.325654597282405,-1.1414859088355054,1,-0.900501734261274,1.31322292312145,-1.311627813207002,0.5030000000000143,1.0,0.19167159208950485,-9.74841303880521,567.3253017158836,162.78545455602767,nan,nan,1,97.483,567.3253017158836,162.78545455602767,0.0,0.27200000000000557,1.0,-0.8951558343936623,1.208152976202232,0.2290494740909741,-0.8951558343936623,1.258152976202232,0.2078785690573574,0.05,nan,nan,nan,nan,nan,nan,nan,162.78545455602767,0.18412667512893677,0.18412667512893677,1.0,0.0,290.0,182.55365866422653,562.0149536132812,146.94302368164062,573.6038208007812,162.69552612304688,nan,nan,nan,nan,nan,0.0,nan,-1.4886351312622024,nan,nan,nan,1.0,0.18412667512893677,0.18412667512893677,290.0,0.0,bbox_bottom,182.55365866422653,nan,94.42790198954754,112.45712400705088,1781599558.8860793,1781599558.9428744,1781599559.0372138,1781599559.4657083,0.09433937072753906,1781599461.9827082,1781599461.9827082,15.510139915776517,0
97.714,97.97800000000001,1,1,-1.0917697469855367,1.3256545972815452,-0.9214859088528846,1,-0.8969913769851986,1.2657282691413212,-1.094176395836422,0.49500000000000455,1.0,0.2037885625454933,-9.894436066215565,567.2295425228912,163.03273902602112,nan,nan,1,97.483,567.3253017158836,162.78545455602767,0.0,0.49500000000000455,1.0,-0.8951558343936623,1.208152976202232,0.22904947409010076,-0.8951558343936623,1.258152976202232,0.20787856905660193,0.05,nan,nan,nan,nan,nan,nan,nan,163.03273902602112,0.1824519783258438,0.1824519783258438,1.0,0.0,290.0,185.390254214406,561.197509765625,147.11428833007812,572.91162109375,162.94052124023438,nan,nan,nan,nan,nan,0.0,nan,-1.4998226372192218,nan,nan,nan,1.0,0.1824519783258438,0.1824519783258438,290.0,0.0,bbox_bottom,185.390254214406,nan,100.40016900165938,121.27777400019113,1781599559.462079,1781599559.4883332,1781599559.5886505,1781599560.0492272,0.10031723976135254,1781599462.3352273,1781599462.3352273,28.11521140766186,0
97.912,98.21600000000001,1,1,-1.0917697469847685,1.3256545972807823,-0.6814859088686531,1,-0.8978096491223311,1.2607753943664957,-0.873103667589371,0.5020000000000095,1.0,0.20452342294612486,-10.978888854453258,566.9144795758037,163.90067137481512,nan,nan,1,97.912,566.9144795758037,163.90067137481512,0.0,0.30400000000000205,1.0,-0.8986579012422011,1.18563386012707,0.23853299939247424,-0.8986579012422011,1.23563386012707,0.21306317862033056,0.05,nan,nan,nan,nan,nan,nan,nan,163.90067137481512,0.1436162143945694,0.1436162143945694,1.0,0.0,291.0,199.43618319556117,559.6508178710938,146.52597045898438,571.8125610351562,162.92462158203125,nan,nan,nan,nan,nan,0.0,nan,-1.7855740594827834,nan,nan,nan,1.0,0.1436162143945694,0.1436162143945694,291.0,0.0,bbox_bottom,199.43618319556117,nan,95.20366000651848,115.79460100620054,1781599559.9844668,1781599560.0712783,1781599560.1664114,1781599560.5982108,0.09513306617736816,1781599462.6862109,1781599462.6862109,41.86619848990344,0
98.143,98.433,1,1,-1.0917697469850678,1.3256545972809244,-0.46148590890777497,1,-0.9004190186508525,1.2434209394841274,-0.6336653033327218,0.5210000000000008,1.0,0.2082725995148555,-9.86515261966779,565.8513668606737,162.69231811162282,nan,nan,1,97.912,566.9144795758037,163.90067137481512,0.0,0.5210000000000008,1.0,-0.8986579012422011,1.18563386012707,0.23853299939279998,-0.8986579012422011,1.23563386012707,0.21306317862066187,0.05,nan,nan,nan,nan,nan,nan,nan,162.69231811162282,0.13173969089984894,0.13173969089984894,1.0,0.0,292.0,222.8339080810547,559.431884765625,145.93798828125,572.369384765625,163.161865234375,nan,nan,nan,nan,nan,0.0,nan,-1.8856636280569177,nan,nan,nan,1.0,0.13173969089984894,0.13173969089984894,292.0,0.0,bbox_bottom,222.8339080810547,nan,80.04928000445943,99.53068899631035,1781599560.520607,1781599560.618886,1781599560.6988745,1781599561.1320596,0.07998847961425781,1781599462.9890597,1781599462.9890597,54.47126998053777,0
98.374,98.665,1,1,-1.0917697469856975,1.3256545972811349,-0.22148590896191278,1,-0.9152125738543873,1.2676431547635103,-0.4096003754929757,0.5220000000000056,1.0,0.18584338257547703,-10.778164997584884,565.4935907279925,162.9372749485799,nan,nan,1,98.143,565.8513668606737,162.69231811162282,0.0,0.5220000000000056,1.0,-0.9134424845848058,1.2100371072493656,0.21252768411819375,-0.9134424845848058,1.2600371072493657,0.1900164927406719,0.05,nan,nan,nan,nan,nan,nan,nan,162.9372749485799,0.1563909351825714,0.1563909351825714,1.0,0.0,291.0,218.18290781229734,559.3912353515625,146.37588500976562,572.2879638671875,163.2935791015625,nan,nan,nan,nan,nan,0.0,nan,-1.6853303267037119,nan,nan,nan,1.0,0.1563909351825714,0.1563909351825714,291.0,0.0,bbox_bottom,218.18290781229734,nan,99.61530999862589,128.17989400355145,1781599561.085516,1781599561.1620474,1781599561.2615666,1781599561.7013319,0.09951925277709961,1781599463.3273318,1781599463.3273318,68.22225706057078,0
98.605,98.89,1,1,-1.0917697469859036,1.3256545972811575,-0.0014859090152116827,1,-0.9192414259124007,1.2627438784189253,-0.17170590732251367,0.5160000000000053,1.0,0.18364035536941364,-9.752887491732421,566.0095079480469,161.89457355955076,nan,nan,1,98.605,566.0095079480469,161.89457355955076,0.0,0.2849999999999966,1.0,-0.9126263600562593,1.2261982751905165,0.2048997635050406,-0.9126263600562593,1.2761982751905165,0.18584477629289844,0.05,nan,nan,nan,nan,nan,nan,nan,161.89457355955076,0.17906099557876587,0.17906099557876587,1.0,0.0,292.0,227.86098057031631,559.6177978515625,146.25018310546875,572.8524169921875,163.46722412109375,nan,nan,nan,nan,nan,0.0,nan,-1.5227223072236604,nan,nan,nan,1.0,0.17906099557876587,0.17906099557876587,292.0,0.0,bbox_bottom,227.86098057031631,nan,92.68272400368005,111.88944500463549,1781599561.653574,1781599561.721981,1781599561.8145907,1781599562.2494526,0.09260964393615723,1781599463.6444526,1781599463.6444526,80.82732855039343,0
98.836,99.12400000000001,1,1,-1.09176974698559,1.3256545972811984,0.23851409092662176,1,-0.9144433138935526,1.2836567590854637,0.049261431007465224,0.5190000000000055,1.0,0.18223194639321597,-10.843378674992344,565.8071477329199,163.33529759100873,nan,nan,1,98.836,565.8071477329199,163.33529759100873,0.0,0.2880000000000109,1.0,-0.9130743928678331,1.1970404117907987,0.2201672961468835,-0.9130743928678331,1.2470404117907987,0.19522351227142062,0.05,nan,nan,nan,nan,nan,nan,nan,163.33529759100873,0.1817384511232376,0.1817384511232376,1.0,0.0,293.0,239.11376567929983,559.419921875,146.3022003173828,573.116455078125,163.7601776123047,nan,nan,nan,nan,nan,0.0,nan,-1.504613455655309,nan,nan,nan,1.0,0.1817384511232376,0.1817384511232376,293.0,0.0,bbox_bottom,239.11376567929983,nan,88.91414599202108,109.17309200158343,1781599562.2237194,1781599562.2713454,1781599562.3601706,1781599562.8033388,0.08882522583007812,1781599463.9673388,1781599463.9673388,94.57831563020311,0
99.067,99.349,1,1,-1.0917697469848173,1.3256545972814768,0.4585140908752449,1,-0.9148107461740431,1.2547624562160853,0.2847468786899236,0.5130000000000052,1.0,0.19063101435176533,-9.956127875973163,566.1691518408645,163.58819876687676,nan,nan,1,99.067,566.1691518408645,163.58819876687676,0.0,0.2820000000000107,1.0,-0.9082626251228656,1.191935588495605,0.22705866441237876,-0.9082626251228656,1.2419355884956051,0.2017020976741344,0.05,nan,nan,nan,nan,nan,nan,nan,163.58819876687676,0.18040943145751953,0.18040943145751953,1.0,0.0,291.0,233.20219206809998,559.6304931640625,146.51058959960938,573.0855712890625,163.84249877929688,nan,nan,nan,nan,nan,0.0,nan,-1.5135760218391312,nan,nan,nan,1.0,0.18040943145751953,0.18040943145751953,291.0,0.0,bbox_bottom,233.20219206809998,nan,86.44431199354585,107.34635499829892,1781599562.758939,1781599562.82569,1781599562.9120529,1781599563.335314,0.08636283874511719,1781599464.2683141,1781599464.2683141,107.18338712014425,0
99.298,99.59,1,1,-1.0917697469841334,1.325654597281916,0.6985140908244183,1,-0.9100037336820223,1.2496910173236786,0.48864579595110846,0.5230000000000103,1.0,0.19700088596708085,-12.024567549847704,566.8326516728775,163.52265259130263,nan,nan,1,99.067,566.1691518408645,163.58819876687676,0.0,0.5230000000000103,1.0,-0.9082626251228656,1.191935588495605,0.2270586644120847,-0.9082626251228656,1.2419355884956051,0.2017020976736945,0.05,nan,nan,nan,nan,nan,nan,nan,163.52265259130263,0.19255581498146057,0.19255581498146057,1.0,0.0,291.0,232.45719478279352,559.3414306640625,147.01031494140625,572.9798583984375,164.05459594726562,nan,nan,nan,nan,nan,0.0,nan,-1.4334878723310962,nan,nan,nan,1.0,0.19255581498146057,0.19255581498146057,291.0,0.0,bbox_bottom,232.45719478279352,nan,113.94503399787936,139.13504299125634,1781599563.3216834,1781599563.3623555,1781599563.4762292,1781599563.9566727,0.11387372016906738,1781599464.6586726,1781599464.6586726,120.934374200378,0
99.529,99.83900000000001,1,1,-1.0917697469840082,1.3256545972820697,0.9385140907753073,1,-0.9019679469126695,1.250980760650048,0.722716458566574,0.541000000000011,1.0,0.20396299955547403,-12.36429355447682,565.6613368493504,165.0302810398243,nan,nan,1,99.298,566.8326516728775,163.52265259130263,0.0,0.541000000000011,1.0,-0.9001921244523119,1.193258290755864,0.23287500388980809,-0.9001921244523119,1.243258290755864,0.20854528712981638,0.05,nan,nan,nan,nan,nan,nan,nan,165.0302810398243,0.2174709141254425,0.2174709141254425,1.0,0.0,291.0,231.05472672730684,559.2621459960938,147.59286499023438,572.9376831054688,164.48834228515625,nan,nan,nan,nan,nan,0.0,nan,-1.280465978742777,nan,nan,nan,1.0,0.2174709141254425,0.2174709141254425,291.0,0.0,bbox_bottom,231.05472672730684,nan,131.26567300059833,158.25668000616133,1781599563.8954275,1781599563.9849842,1781599564.1161354,1781599564.589375,0.1311511993408203,1781599465.060375,1781599465.060375,134.68536128070514,0
99.793,100.048,1,1,-1.0917697469842835,1.325654597281567,1.158514090729647,1,-0.9141128577305739,1.2209310573410888,0.9682123640830832,0.5190000000000055,1.0,0.2062255806561586,-10.90348577090038,565.9042115204433,165.09406397977537,nan,nan,1,99.793,565.9042115204433,165.09406397977537,0.0,0.25499999999999545,1.0,-0.9093955668068519,1.1616223206600198,0.2452894807549604,-0.9093955668068519,1.2116223206600198,0.21508998513850747,0.05,nan,nan,nan,nan,nan,nan,nan,165.09406397977537,0.2383679896593094,0.2383679896593094,1.0,0.0,291.0,215.95157159864902,559.6314697265625,148.28651428222656,572.6475830078125,164.8776092529297,nan,nan,nan,nan,nan,0.0,nan,-1.161647858365552,nan,nan,nan,1.0,0.2383679896593094,0.2383679896593094,291.0,0.0,bbox_bottom,215.95157159864902,nan,85.50732900039293,105.10385099041741,1781599564.5804045,1781599564.6102517,1781599564.6955092,1781599565.1704922,0.08525753021240234,1781599465.3774922,1781599465.3774922,147.2904327709642,0
99.991,100.25500000000001,1,1,-1.0682785461557058,1.395105707648883,1.328537323019328,1,-0.9110503070874963,1.2196534944301993,1.1980507106318798,0.4620000000000033,1.0,0.23559328998047568,-7.476332172760268,566.8998044483561,165.22647388930932,nan,nan,1,99.793,565.9042115204433,165.09406397977537,0.0,0.4620000000000033,1.0,-0.9093955668068519,1.1616223206600198,0.2824151078227927,-0.9093955668068519,1.2116223206600198,0.2427137293761383,0.05,nan,nan,nan,nan,nan,nan,nan,165.22647388930932,0.22675153613090515,0.22675153613090515,1.0,0.0,291.0,218.40047693252563,559.6473388671875,148.21661376953125,572.8135986328125,164.80450439453125,nan,nan,nan,nan,nan,0.0,nan,-1.2267455614431995,nan,nan,nan,1.0,0.22675153613090515,0.22675153613090515,291.0,0.0,bbox_bottom,218.40047693252563,nan,91.34068399725948,112.99656100163702,1781599565.13595,1781599565.1935463,1781599565.2846484,1781599565.745678,0.09110212326049805,1781599465.754678,1781599465.754678,157.3126043711524,0
100.189,100.48,1,1,-1.0498655710480547,1.501180466054226,1.4620761501824868,1,-0.8986881610154523,1.2169864398222043,1.3697535439595419,0.4890000000000043,1.0,0.321901932038521,-5.289695690222977,566.6973060026718,163.2584229442773,nan,nan,1,100.189,566.6973060026718,163.2584229442773,0.0,0.291000000000011,1.0,-0.90222744674561,1.1985929706344782,0.33668413703639205,-0.90222744674561,1.2485929706344783,0.2925704335539824,0.05,nan,nan,nan,nan,nan,nan,nan,163.2584229442773,0.1675838679075241,0.1675838679075241,1.0,0.0,289.0,199.40253508090973,560.364501953125,147.06375122070312,572.52978515625,163.45486450195312,nan,nan,nan,nan,nan,0.0,nan,-1.6028485446682443,nan,nan,nan,1.0,0.1675838679075241,0.1675838679075241,289.0,0.0,bbox_bottom,199.40253508090973,nan,107.60379400744569,137.7421720098937,1781599565.6839366,1781599565.7767236,1781599565.8841865,1781599566.3321326,0.10746288299560547,1781599466.1431327,1781599466.1431327,165.2425202661063,0
100.42,100.69600000000001,1,1,-1.043416201182251,1.5963677223250978,1.5429064896249902,1,-0.9040098472416317,1.2562727439002979,1.4898265534443003,0.5070000000000192,1.0,0.3675577857545428,-3.0412563199772924,603.4843843374682,150.15815492173374,nan,nan,1,100.42,603.4843843374682,150.15815492173374,0.0,0.27600000000001046,1.0,-0.4587924077037015,1.4686886020263001,0.5984036577942388,-0.4587924077037015,1.5186886020263002,0.5897618380597753,0.05,nan,nan,nan,nan,nan,nan,nan,150.15815492173374,0.2667766809463501,0.2667766809463501,1.0,0.0,293.0,158.8117160797119,597.5660400390625,134.81854248046875,608.0389404296875,149.98260498046875,nan,nan,nan,nan,nan,0.0,nan,-1.011038412480142,nan,nan,nan,1.0,0.2667766809463501,0.2667766809463501,293.0,0.0,bbox_bottom,158.8117160797119,nan,107.08919900935143,125.14852499589324,1781599566.2713919,1781599566.3514953,1781599566.4585233,1781599566.8660765,0.10702800750732422,1781599466.4460764,1781599466.4460764,170.03746599912782,0
100.618,100.94600000000001,1,1,-1.0457034190843455,1.7250804864732974,1.6313939982322485,1,-0.46301618926326177,1.5227808626883643,1.5772098282967237,0.5260000000000105,1.0,0.6168059221344213,-3.1045242537252116,602.0034480301882,147.961495500501,nan,nan,1,100.618,602.0034480301882,147.961495500501,0.0,0.32800000000001717,1.0,-0.4790670350818251,1.5150804075229138,0.6042986222345861,-0.4790670350818251,1.5650804075229139,0.5887926773827785,0.05,nan,nan,nan,nan,nan,nan,nan,147.961495500501,0.31208372116088867,0.31208372116088867,1.0,0.0,293.0,172.76733134686947,597.1026611328125,132.13201904296875,607.9139404296875,148.1123046875,nan,nan,nan,nan,nan,0.0,nan,-0.7903956539272762,nan,nan,nan,1.0,0.31208372116088867,0.31208372116088867,293.0,0.0,bbox_bottom,172.76733134686947,nan,97.6142410072498,121.17861499427818,1781599566.7879193,1781599566.8909917,1781599566.9885235,1781599567.4128826,0.09753179550170898,1781599466.7948825,1781599466.7948825,175.2366193903785,0
100.882,101.179,1,1,-1.0564944695303415,1.8327901898704515,1.7235706569540905,1,-0.4833380869628289,1.5688080848301436,1.6613117569554439,0.561000000000007,1.0,0.6310267749148123,-3.5671722070494996,600.3536479664275,139.56096599850935,nan,nan,1,100.882,600.3536479664275,139.56096599850935,0.0,0.29699999999999704,1.0,-0.5066394990700546,1.6955256574704056,0.5667292478731677,-0.5066394990700546,1.7455256574704057,0.5567365509420786,0.05,nan,nan,nan,nan,nan,nan,nan,139.56096599850935,0.3121367394924164,0.3121367394924164,1.0,0.0,291.0,221.57642495632172,595.9359130859375,120.86480712890625,607.2076416015625,140.52252197265625,nan,nan,nan,nan,nan,0.0,nan,-0.7901487095156725,nan,nan,nan,1.0,0.3121367394924164,0.3121367394924164,291.0,0.0,bbox_bottom,221.57642495632172,nan,97.0103010040475,126.30574400827754,1781599567.357957,1781599567.4434938,1781599567.5403614,1781599567.983317,0.09686756134033203,1781599467.101317,1781599467.101317,179.4453227793887,0
101.113,101.403,1,1,-1.0630800312983162,1.8703440774466107,1.7645503187508464,1,-0.5112922807860998,1.7477014445319032,1.7505280376407892,0.5210000000000008,1.0,0.5652529849753858,-0.8034175267522972,599.7371481155652,133.9422152248384,nan,nan,1,101.113,599.7371481155652,133.9422152248384,0.0,0.29000000000000625,1.0,-0.5192226320679295,1.8189715081790274,0.5462783279343899,-0.5192226320679295,1.8689715081790275,0.5438591312500274,0.05,nan,nan,nan,nan,nan,nan,nan,133.9422152248384,0.5795561671257019,0.5795561671257019,1.0,0.0,292.0,186.02339705079794,596.01806640625,118.01881408691406,607.2220458984375,134.6221466064453,nan,nan,nan,nan,nan,0.0,nan,0.3209516832552787,nan,nan,nan,1.0,0.5795561671257019,0.5795561671257019,292.0,0.0,bbox_bottom,186.02339705079794,nan,105.25563999544829,139.97786400432233,1781599567.8941073,1781599568.019856,1781599568.1250389,1781599568.5528977,0.10518288612365723,1781599467.4398978,1781599467.4398978,177.1063084033189,0
101.344,101.641,1,1,-1.0630800312985151,1.8703440774476854,1.7645503187483735,1,-0.5241607890830356,1.8700692354239896,1.7855768876415288,0.5280000000000058,1.0,0.5389193122984596,1.2047336552188581,602.3999985466309,132.879363210788,nan,nan,1,101.113,599.7371481155652,133.9422152248384,0.0,0.5280000000000058,1.0,-0.5192226320679295,1.8189715081790274,0.546278327934689,-0.5192226320679295,1.8689715081790275,0.543859131250229,0.05,nan,nan,nan,nan,nan,nan,nan,132.879363210788,0.5875694751739502,0.5875694751739502,1.0,0.0,292.0,182.4491382241249,595.49462890625,117.0574951171875,606.63427734375,133.43585205078125,nan,nan,nan,nan,nan,0.0,nan,0.35392672771631684,nan,nan,nan,1.0,0.5875694751739502,0.5875694751739502,292.0,0.0,bbox_bottom,182.4491382241249,nan,112.72201500833035,138.92965600825846,1781599568.51874,1781599568.5799274,1781599568.6925745,1781599569.143929,0.11264705657958984,1781599467.799929,1781599467.799929,177.10630840346093,0
101.575,101.866,1,1,-1.0630800312986768,1.8703440774484217,1.764550318747244,1,-0.4908562639379668,1.8933751346652246,1.7855768876415288,0.5220000000000056,1.0,0.5726870607312581,1.204733655283576,601.7301677702277,133.3566575676522,nan,nan,1,101.575,601.7301677702277,133.3566575676522,0.0,0.2909999999999968,1.0,-0.49399313696564684,1.8319665348709921,0.5703794606013576,-0.49399313696564684,1.8819665348709922,0.5692055646408885,0.05,nan,nan,nan,nan,nan,nan,nan,133.3566575676522,0.6063374876976013,0.6063374876976013,1.0,0.0,292.0,178.5308861732483,595.435302734375,117.151611328125,606.449951171875,133.360107421875,nan,nan,nan,nan,nan,0.0,nan,0.4319427669706192,nan,nan,nan,1.0,0.6063374876976013,0.6063374876976013,292.0,0.0,bbox_bottom,178.5308861732483,nan,101.61577998951543,122.7415920002386,1781599569.0934982,1781599569.1664398,1781599569.2679913,1781599569.6828701,0.10155153274536133,1781599468.10787,1781599468.10787,177.10630840352607,0
101.806,102.111,1,1,-1.0630800312988953,1.8703440774493498,1.7645503187471996,1,-0.4990637809200594,1.8828814961180314,1.7855768876415288,0.5360000000000014,1.0,0.5641555792139927,1.2047336552861203,600.3880742237835,134.9425733383701,nan,nan,1,101.806,600.3880742237835,134.9425733383701,0.0,0.3050000000000068,1.0,-0.5099984656008247,1.7968283961406875,0.5579460311833986,-0.5099984656008247,1.8468283961406875,0.5535812547245794,0.05,nan,nan,nan,nan,nan,nan,nan,134.9425733383701,0.5864588022232056,0.5864588022232056,1.0,0.0,292.0,186.022582706064,595.4706420898438,117.04829406738281,606.7066040039062,133.6042938232422,nan,nan,nan,nan,nan,0.0,nan,0.34934528082033633,nan,nan,nan,1.0,0.5864588022232056,0.5864588022232056,292.0,0.0,bbox_bottom,186.022582706064,nan,122.6613430044381,147.5002660008613,1781599569.6459725,1781599569.70938,1781599569.8318987,1781599570.2493727,0.12251877784729004,1781599468.4433727,1781599468.4433727,177.10630840352925,0
102.07,102.334,1,1,-1.0630800312990463,1.8703440774500266,1.7645503187471554,1,-0.5149123123320973,1.8481013234005699,1.7855768876415288,0.5280000000000058,1.0,0.5486188004663461,1.204733655288652,601.7123328016982,131.86608883901675,nan,nan,1,102.07,601.7123328016982,131.86608883901675,0.0,0.26400000000001,1.0,-0.4954264213846599,1.8651579904930837,0.5676772994816326,-0.4954264213846599,1.9151579904930838,0.5694197991386187,0.05,nan,nan,nan,nan,nan,nan,nan,131.86608883901675,0.5865370631217957,0.5865370631217957,1.0,0.0,292.0,185.94364374876022,595.51611328125,117.05722045898438,606.744140625,133.61788940429688,nan,nan,nan,nan,nan,0.0,nan,0.3496679820797829,nan,nan,nan,1.0,0.5865370631217957,0.5865370631217957,292.0,0.0,bbox_bottom,185.94364374876022,nan,92.57663199969102,112.57778700382914,1781599570.2446637,1781599570.2705534,1781599570.3630278,1781599570.8073475,0.09247446060180664,1781599468.7373476,1781599468.7373476,177.10630840353218,0
102.268,102.56500000000001,1,1,-1.0630800312990463,1.8703440774500417,1.764550318747038,1,-0.5005813186152417,1.915778001270029,1.7855768876415288,0.49500000000001876,1.0,0.5643306151580098,1.2047336552953822,602.1397908700617,132.47071021376112,nan,nan,1,102.07,601.7123328016982,131.86608883901675,0.0,0.49500000000001876,1.0,-0.4954264213846599,1.8651579904930837,0.5676772994816328,-0.4954264213846599,1.9151579904930838,0.5694197991386175,0.05,nan,nan,nan,nan,nan,nan,nan,132.47071021376112,0.5871012806892395,0.5871012806892395,1.0,0.0,292.0,187.7421591281891,595.451904296875,116.92080688476562,606.744873046875,133.54550170898438,nan,nan,nan,nan,nan,0.0,nan,0.3519950132557847,nan,nan,nan,1.0,0.5871012806892395,0.5871012806892395,292.0,0.0,bbox_bottom,187.7421591281891,nan,90.68373699847143,116.13492399919778,1781599570.7582352,1781599570.8341794,1781599570.9248073,1781599571.3563187,0.09062790870666504,1781599469.0883188,1781599469.0883188,177.10630840353892,0
