stamp,x,y,yaw,cov_x,cov_y,cov_yaw,cmd_v,cmd_w,goal_x,goal_y,goal_dist,plan_points,plan_length,efe_total,efe_risk,efe_ambiguity,efe_control,efe_boundary,efe_visibility,seed
7.195,-4.218646313441339,-3.166967780974304,0.75755075128535,0.0,0.0,1e-12,0.0,0.0,0.0,0.0,0.0,0,0.0,0.0,0.0,0.0,0.0,0.0,0.0,0
7.261,-4.218646313441339,-3.166967780974304,0.75755075128535,0.0,0.0,1e-12,0.0,0.0,0.0,0.0,0.0,0,0.0,0.0,0.0,0.0,0.0,0.0,0.0,0
7.36,-4.218646313441339,-3.166967780974304,0.75755075128535,0.0,0.0,1e-12,0.0,0.0,0.0,0.0,0.0,0,0.0,0.0,0.0,0.0,0.0,0.0,0.0,0
7.426,-4.218646313441339,-3.166967780974304,0.75755075128535,0.0,0.0,1e-12,0.0,0.0,0.0,0.0,0.0,0,0.0,0.0,0.0,0.0,0.0,0.0,0.0,0
7.591,-4.218646313441339,-3.166967780974304,0.75755075128535,0.0,0.0,1e-12,0.0,0.0,0.0,0.0,0.0,0,0.0,0.0,0.0,0.0,0.0,0.0,0.0,0
7.624,-4.218646313441339,-3.166967780974304,0.75755075128535,0.0,0.0,1e-12,0.0,0.0,0.0,0.0,0.0,0,0.0,0.0,0.0,0.0,0.0,0.0,0.0,0
7.789,-4.218646313441339,-3.166967780974304,0.75755075128535,0.0,0.0,1e-12,0.0,0.0,0.0,0.0,0.0,0,0.0,0.0,0.0,0.0,0.0,0.0,0.0,0
7.855,-4.218646313441339,-3.166967780974304,0.75755075128535,0.0,0.0,1e-12,0.0,0.0,0.0,0.0,0.0,0,0.0,0.0,0.0,0.0,0.0,0.0,0.0,0
7.987,-4.218646313441339,-3.166967780974304,0.75755075128535,0.0,0.0,1e-12,0.0,0.0,0.0,0.0,0.0,0,0.0,0.0,0.0,0.0,0.0,0.0,0.0,0
8.02,-4.218646313441339,-3.166967780974304,0.75755075128535,0.0,0.0,1e-12,0.0,0.0,4.4,3.8,11.082405169336212,0,0.0,0.0,0.0,0.0,0.0,0.0,0.0,0
8.119,-4.218646313441339,-3.166967780974304,0.75755075128535,0.0,0.0,1e-12,0.0,0.0,4.4,3.8,11.082405169336212,0,0.0,0.0,0.0,0.0,0.0,0.0,0.0,0
8.251,-4.218646313441339,-3.166967780974304,0.75755075128535,0.0,0.0,1e-12,0.0,0.0,4.4,3.8,11.082405169336212,0,0.0,0.0,0.0,0.0,0.0,0.0,0.0,0
8.383,-4.218646313441339,-3.166967780974304,0.75755075128535,0.0,0.0,1e-12,0.0,0.0,4.4,3.8,11.082405169336212,0,0.0,0.0,0.0,0.0,0.0,0.0,0.0,0
8.449,-4.218646313441339,-3.166967780974304,0.75755075128535,0.0,0.0,1e-12,0.0,0.0,4.4,3.8,11.082405169336212,0,0.0,0.0,0.0,0.0,0.0,0.0,0.0,0
8.614,-4.218646313441339,-3.166967780974304,0.75755075128535,0.0,0.0,1e-12,0.0,0.0,4.4,3.8,11.082405169336212,0,0.0,0.0,0.0,0.0,0.0,0.0,0.0,0
8.68,-4.218646313441339,-3.166967780974304,0.75755075128535,0.0,0.0,1e-12,0.0,0.0,4.4,3.8,11.082405169336212,0,0.0,0.0,0.0,0.0,0.0,0.0,0.0,0
8.779,-4.218646313441339,-3.166967780974304,0.75755075128535,0.0,0.0,1e-12,0.0,0.0,4.4,3.8,11.082405169336212,0,0.0,0.0,0.0,0.0,0.0,0.0,0.0,0
8.911,-4.218646313441339,-3.166967780974304,0.75755075128535,0.0,0.0,1e-12,0.0,0.0,4.4,3.8,11.082405169336212,0,0.0,0.0,0.0,0.0,0.0,0.0,0.0,0
9.01,-4.218646313441339,-3.166967780974304,0.75755075128535,0.0,0.0,1e-12,0.0,0.0,4.4,3.8,11.082405169336212,0,0.0,0.0,0.0,0.0,0.0,0.0,0.0,0
9.076,-4.218646313441339,-3.166967780974304,0.75755075128535,0.0,0.0,1e-12,0.0,0.0,4.4,3.8,11.082405169336212,0,0.0,0.0,0.0,0.0,0.0,0.0,0.0,0
9.208,-4.218646313441339,-3.166967780974304,0.75755075128535,0.0,0.0,1e-12,0.0,0.0,4.4,3.8,11.082405169336212,0,0.0,0.0,0.0,0.0,0.0,0.0,0.0,0
9.307,-4.218646313441339,-3.166967780974304,0.75755075128535,0.0,0.0,1e-12,0.0,0.0,4.4,3.8,11.082405169336212,0,0.0,0.0,0.0,0.0,0.0,0.0,0.0,0
9.406,-4.218646313441339,-3.166967780974304,0.75755075128535,0.0,0.0,1e-12,0.0,0.0,4.4,3.8,11.082405169336212,0,0.0,0.0,0.0,0.0,0.0,0.0,0.0,0
9.505,-4.218646313441339,-3.166967780974304,0.75755075128535,0.0,0.0,1e-12,0.0,0.0,4.4,3.8,11.082405169336212,0,0.0,0.0,0.0,0.0,0.0,0.0,0.0,0
9.604,-4.218646313441339,-3.166967780974304,0.75755075128535,0.0,0.0,1e-12,0.0,0.0,4.4,3.8,11.082405169336212,0,0.0,0.0,0.0,0.0,0.0,0.0,0.0,0
9.703,-4.218646313441339,-3.166967780974304,0.75755075128535,0.0,0.0,1e-12,0.0,0.0,4.4,3.8,11.082405169336212,0,0.0,0.0,0.0,0.0,0.0,0.0,0.0,0
9.802,-4.218646313441339,-3.166967780974304,0.75755075128535,0.0,0.0,1e-12,0.0,0.0,4.4,3.8,11.082405169336212,0,0.0,0.0,0.0,0.0,0.0,0.0,0.0,0
9.901,-4.218646313441339,-3.166967780974304,0.75755075128535,0.0,0.0,1e-12,0.0,0.0,4.4,3.8,11.082405169336212,0,0.0,0.0,0.0,0.0,0.0,0.0,0.0,0
10.0,-4.218646313441339,-3.166967780974304,0.75755075128535,0.0,0.0,1e-12,0.0,0.0,4.4,3.8,11.082405169336212,0,0.0,0.0,0.0,0.0,0.0,0.0,0.0,0
10.132,-4.218646313441339,-3.166967780974304,0.75755075128535,0.0,0.0,1e-12,0.0,0.0,4.4,3.8,11.082405169336212,0,0.0,0.0,0.0,0.0,0.0,0.0,0.0,0
10.198,-4.218646313441339,-3.166967780974304,0.75755075128535,0.0,0.0,1e-12,0.0,0.0,4.4,3.8,11.082405169336212,0,0.0,0.0,0.0,0.0,0.0,0.0,0.0,0
10.33,-4.218646313441339,-3.166967780974304,0.75755075128535,0.0,0.0,1e-12,0.0,0.0,4.4,3.8,11.082405169336212,0,0.0,0.0,0.0,0.0,0.0,0.0,0.0,0
10.33,-4.218646313441339,-3.166967780974304,0.75755075128535,0.0,0.0,1e-12,0.0,0.0,4.4,3.8,11.082405169336212,0,0.0,0.0,0.0,0.0,0.0,0.0,0.0,0
10.462,-4.218646313441339,-3.166967780974304,0.75755075128535,0.0,0.0,1e-12,0.0,0.0,4.4,3.8,11.082405169336212,0,0.0,0.0,0.0,0.0,0.0,0.0,0.0,0
10.462,-4.218646313441339,-3.166967780974304,0.75755075128535,0.0,0.0,1e-12,0.0,0.0,4.4,3.8,11.082405169336212,0,0.0,0.0,0.0,0.0,0.0,0.0,0.0,0
10.693,-4.218646313441339,-3.166967780974304,0.75755075128535,0.0,0.0,1e-12,0.0,0.0,4.4,3.8,11.082405169336212,0,0.0,0.0,0.0,0.0,0.0,0.0,0.0,0
10.726,-4.218646313441339,-3.166967780974304,0.75755075128535,0.0,0.0,1e-12,0.0,0.0,4.4,3.8,11.082405169336212,0,0.0,0.0,0.0,0.0,0.0,0.0,0.0,0
10.891,-4.218646313441339,-3.166967780974304,0.75755075128535,0.0,0.0,1e-12,0.0,0.0,4.4,3.8,11.082405169336212,0,0.0,0.0,0.0,0.0,0.0,0.0,0.0,0
11.023,-4.218646313441339,-3.166967780974304,0.75755075128535,0.0,0.0,1e-12,0.0,0.0,4.4,3.8,11.082405169336212,0,0.0,0.0,0.0,0.0,0.0,0.0,0.0,0
11.089,-4.218646313441339,-3.166967780974304,0.75755075128535,0.0,0.0,1e-12,0.0,0.0,4.4,3.8,11.082405169336212,0,0.0,0.0,0.0,0.0,0.0,0.0,0.0,0
11.155,-4.218646313441339,-3.166967780974304,0.75755075128535,0.0,0.0,1e-12,0.0,0.0,4.4,3.8,11.082405169336212,0,0.0,0.0,0.0,0.0,0.0,0.0,0.0,0
11.287,-4.218646313441339,-3.166967780974304,0.75755075128535,0.0,0.0,1e-12,0.0,0.0,4.4,3.8,11.082405169336212,0,0.0,0.0,0.0,0.0,0.0,0.0,0.0,0
11.353,-4.218646313441339,-3.166967780974304,0.75755075128535,0.0,0.0,1e-12,0.0,0.0,4.4,3.8,11.082405169336212,0,0.0,0.0,0.0,0.0,0.0,0.0,0.0,0
11.518,-4.218646313441339,-3.166967780974304,0.75755075128535,0.0,0.0,1e-12,0.0,0.0,4.4,3.8,11.082405169336212,0,0.0,0.0,0.0,0.0,0.0,0.0,0.0,0
11.551,-4.218646313441339,-3.166967780974304,0.75755075128535,0.0,0.0,1e-12,0.0,0.0,4.4,3.8,11.082405169336212,0,0.0,0.0,0.0,0.0,0.0,0.0,0.0,0
11.716,-4.218646313441339,-3.166967780974304,0.75755075128535,0.0,0.0,1e-12,0.0,0.0,4.4,3.8,11.082405169336212,0,0.0,0.0,0.0,0.0,0.0,0.0,0.0,0
11.782,-4.218646313441339,-3.166967780974304,0.75755075128535,0.0,0.0,1e-12,0.0,0.0,4.4,3.8,11.082405169336212,0,0.0,0.0,0.0,0.0,0.0,0.0,0.0,0
11.914,-4.218646313441339,-3.166967780974304,0.75755075128535,0.0,0.0,1e-12,0.0,0.0,4.4,3.8,11.082405169336212,0,0.0,0.0,0.0,0.0,0.0,0.0,0.0,0
11.98,-4.218646313441339,-3.166967780974304,0.75755075128535,0.0,0.0,1e-12,0.0,0.0,4.4,3.8,11.082405169336212,0,0.0,0.0,0.0,0.0,0.0,0.0,0.0,0
12.112,-4.218646313441339,-3.166967780974304,0.75755075128535,0.0,0.0,1e-12,0.0,0.0,4.4,3.8,11.082405169336212,0,0.0,0.0,0.0,0.0,0.0,0.0,0.0,0
12.211,-4.218646313441339,-3.166967780974304,0.75755075128535,0.0,0.0,1e-12,0.0,0.0,4.4,3.8,11.082405169336212,0,0.0,0.0,0.0,0.0,0.0,0.0,0.0,0
12.277,-4.218646313441339,-3.166967780974304,0.75755075128535,0.0,0.0,1e-12,0.0,0.0,4.4,3.8,11.082405169336212,0,0.0,0.0,0.0,0.0,0.0,0.0,0.0,0
12.376,-4.218646313441339,-3.166967780974304,0.75755075128535,0.0,0.0,1e-12,0.0,0.0,4.4,3.8,11.082405169336212,0,0.0,0.0,0.0,0.0,0.0,0.0,0.0,0
12.508,-4.218646313441339,-3.166967780974304,0.75755075128535,0.0,0.0,1e-12,0.0,0.0,4.4,3.8,11.082405169336212,0,0.0,0.0,0.0,0.0,0.0,0.0,0.0,0
12.574,-4.218646313441339,-3.166967780974304,0.75755075128535,0.0,0.0,1e-12,0.0,0.0,4.4,3.8,11.082405169336212,0,0.0,0.0,0.0,0.0,0.0,0.0,0.0,0
12.706,-4.218646313441339,-3.166967780974304,0.75755075128535,0.0,0.0,1e-12,0.0,0.0,4.4,3.8,11.082405169336212,0,0.0,0.0,0.0,0.0,0.0,0.0,0.0,0
12.772,-4.218646313441339,-3.166967780974304,0.75755075128535,0.0,0.0,1e-12,0.0,0.0,4.4,3.8,11.082405169336212,0,0.0,0.0,0.0,0.0,0.0,0.0,0.0,0
12.904,-4.218646313441339,-3.166967780974304,0.75755075128535,0.0,0.0,1e-12,0.0,0.0,4.4,3.8,11.082405169336212,0,0.0,0.0,0.0,0.0,0.0,0.0,0.0,0
12.97,-4.218646313441339,-3.166967780974304,0.75755075128535,0.0,0.0,1e-12,0.0,0.0,4.4,3.8,11.082405169336212,0,0.0,0.0,0.0,0.0,0.0,0.0,0.0,0
13.102,-4.218646313441339,-3.166967780974304,0.75755075128535,0.0,0.0,1e-12,0.0,0.0,4.4,3.8,11.082405169336212,0,0.0,0.0,0.0,0.0,0.0,0.0,0.0,0
13.201,-4.218646313441339,-3.166967780974304,0.75755075128535,0.0,0.0,1e-12,0.0,0.0,4.4,3.8,11.082405169336212,0,0.0,0.0,0.0,0.0,0.0,0.0,0.0,0
13.267,-4.218646313441339,-3.166967780974304,0.75755075128535,0.0,0.0,1e-12,0.0,0.0,4.4,3.8,11.082405169336212,0,0.0,0.0,0.0,0.0,0.0,0.0,0.0,0
13.333,-4.218646313441339,-3.166967780974304,0.75755075128535,0.0,0.0,1e-12,0.0,0.0,4.4,3.8,11.082405169336212,0,0.0,0.0,0.0,0.0,0.0,0.0,0.0,0
13.498,-4.218646313441339,-3.166967780974304,0.75755075128535,0.0,0.0,1e-12,0.0,0.0,4.4,3.8,11.082405169336212,0,0.0,0.0,0.0,0.0,0.0,0.0,0.0,0
13.597,-4.218646313441339,-3.166967780974304,0.75755075128535,0.0,0.0,1e-12,0.0,0.0,4.4,3.8,11.082405169336212,0,0.0,0.0,0.0,0.0,0.0,0.0,0.0,0
13.63,-4.218646313441339,-3.166967780974304,0.75755075128535,0.0,0.0,1e-12,0.0,0.0,4.4,3.8,11.082405169336212,0,0.0,0.0,0.0,0.0,0.0,0.0,0.0,0
13.795,-4.218646313441339,-3.166967780974304,0.75755075128535,0.0,0.0,1e-12,0.0,0.0,4.4,3.8,11.082405169336212,0,0.0,0.0,0.0,0.0,0.0,0.0,0.0,0
13.795,-4.218646313441339,-3.166967780974304,0.75755075128535,0.0,0.0,1e-12,0.0,0.0,4.4,3.8,11.082405169336212,0,0.0,0.0,0.0,0.0,0.0,0.0,0.0,0
13.993,-4.218646313441339,-3.166967780974304,0.75755075128535,0.0,0.0,1e-12,0.0,0.0,4.4,3.8,11.082405169336212,0,0.0,0.0,0.0,0.0,0.0,0.0,0.0,0
14.092,-4.218646313441339,-3.166967780974304,0.75755075128535,0.0,0.0,1e-12,0.0,0.0,4.4,3.8,11.082405169336212,0,0.0,0.0,0.0,0.0,0.0,0.0,0.0,0
14.092,-4.218646313441339,-3.166967780974304,0.75755075128535,0.0,0.0,1e-12,0.0,0.0,4.4,3.8,11.082405169336212,0,0.0,0.0,0.0,0.0,0.0,0.0,0.0,0
14.29,-4.218646313441339,-3.166967780974304,0.75755075128535,0.0,0.0,1e-12,0.0,0.0,4.4,3.8,11.082405169336212,0,0.0,0.0,0.0,0.0,0.0,0.0,0.0,0
14.422,-4.218646313441339,-3.166967780974304,0.75755075128535,0.0,0.0,1e-12,0.0,0.0,4.4,3.8,11.082405169336212,0,0.0,0.0,0.0,0.0,0.0,0.0,0.0,0
14.521,-4.218646313441339,-3.166967780974304,0.75755075128535,0.0,0.0,1e-12,0.0,0.0,4.4,3.8,11.082405169336212,0,0.0,0.0,0.0,0.0,0.0,0.0,0.0,0
14.62,-4.218646313441339,-3.166967780974304,0.75755075128535,0.0,0.0,1e-12,0.0,0.0,4.4,3.8,11.082405169336212,0,0.0,0.0,0.0,0.0,0.0,0.0,0.0,0
14.719,-4.218646313441339,-3.166967780974304,0.75755075128535,0.0,0.0,1e-12,0.0,0.0,4.4,3.8,11.082405169336212,0,0.0,0.0,0.0,0.0,0.0,0.0,0.0,0
14.818,-4.218646313441339,-3.166967780974304,0.75755075128535,0.0,0.0,1e-12,0.0,0.0,4.4,3.8,11.082405169336212,0,0.0,0.0,0.0,0.0,0.0,0.0,0.0,0
14.917,-4.218646313441339,-3.166967780974304,0.75755075128535,0.0,0.0,1e-12,0.0,0.0,4.4,3.8,11.082405169336212,0,0.0,0.0,0.0,0.0,0.0,0.0,0.0,0
14.983,-4.218646313441339,-3.166967780974304,0.75755075128535,0.0,0.0,1e-12,0.0,0.0,4.4,3.8,11.082405169336212,0,0.0,0.0,0.0,0.0,0.0,0.0,0.0,0
15.115,-4.218646313441339,-3.166967780974304,0.75755075128535,0.0,0.0,1e-12,0.0,0.0,4.4,3.8,11.082405169336212,0,0.0,0.0,0.0,0.0,0.0,0.0,0.0,0
15.115,-4.218646313441339,-3.166967780974304,0.75755075128535,0.0,0.0,1e-12,0.0,0.0,4.4,3.8,11.082405169336212,0,0.0,0.0,0.0,0.0,0.0,0.0,0.0,0
15.247,-4.218646313441339,-3.166967780974304,0.75755075128535,0.0,0.0,1e-12,0.0,0.0,4.4,3.8,11.082405169336212,0,0.0,0.0,0.0,0.0,0.0,0.0,0.0,0
15.313,-4.218646313441339,-3.166967780974304,0.75755075128535,0.0,0.0,1e-12,0.0,0.0,4.4,3.8,11.082405169336212,0,0.0,0.0,0.0,0.0,0.0,0.0,0.0,0
15.478,-4.218646313441339,-3.166967780974304,0.75755075128535,0.0,0.0,1e-12,0.0,0.0,4.4,3.8,11.082405169336212,0,0.0,0.0,0.0,0.0,0.0,0.0,0.0,0
15.61,-4.218646313441339,-3.166967780974304,0.75755075128535,0.0,0.0,1e-12,0.0,0.0,4.4,3.8,11.082405169336212,0,0.0,0.0,0.0,0.0,0.0,0.0,0.0,0
15.676,-4.218646313441339,-3.166967780974304,0.75755075128535,0.0,0.0,1e-12,0.0,0.0,4.4,3.8,11.082405169336212,0,0.0,0.0,0.0,0.0,0.0,0.0,0.0,0
15.808,-4.218646313441339,-3.166967780974304,0.75755075128535,0.0,0.0,1e-12,0.0,0.0,4.4,3.8,11.082405169336212,0,0.0,0.0,0.0,0.0,0.0,0.0,0.0,0
15.874,-4.218646313441339,-3.166967780974304,0.75755075128535,0.0,0.0,1e-12,0.0,0.0,4.4,3.8,11.082405169336212,0,0.0,0.0,0.0,0.0,0.0,0.0,0.0,0
16.006,-4.218646313441339,-3.166967780974304,0.75755075128535,0.0,0.0,1e-12,0.0,0.0,4.4,3.8,11.082405169336212,0,0.0,0.0,0.0,0.0,0.0,0.0,0.0,0
16.072,-4.218646313441339,-3.166967780974304,0.75755075128535,0.0,0.0,1e-12,0.0,0.0,4.4,3.8,11.082405169336212,0,0.0,0.0,0.0,0.0,0.0,0.0,0.0,0
16.171,-4.218646313441339,-3.166967780974304,0.75755075128535,0.0,0.0,1e-12,0.0,0.0,4.4,3.8,11.082405169336212,0,0.0,0.0,0.0,0.0,0.0,0.0,0.0,0
16.171,-4.218646313441339,-3.166967780974304,0.75755075128535,0.0,0.0,1e-12,0.0,0.0,4.4,3.8,11.082405169336212,0,0.0,0.0,0.0,0.0,0.0,0.0,0.0,0
16.336,-4.218646313441339,-3.166967780974304,0.75755075128535,0.0,0.0,1e-12,0.0,0.0,4.4,3.8,11.082405169336212,0,0.0,0.0,0.0,0.0,0.0,0.0,0.0,0
16.468,-4.218646313441339,-3.166967780974304,0.75755075128535,0.0,0.0,1e-12,0.0,0.0,4.4,3.8,11.082405169336212,0,0.0,0.0,0.0,0.0,0.0,0.0,0.0,0
16.6,-4.218646313441339,-3.166967780974304,0.75755075128535,0.0,0.0,1e-12,0.0,0.0,4.4,3.8,11.082405169336212,0,0.0,0.0,0.0,0.0,0.0,0.0,0.0,0
16.699,-4.218646313441339,-3.166967780974304,0.75755075128535,0.0,0.0,1e-12,0.0,0.0,4.4,3.8,11.082405169336212,0,0.0,0.0,0.0,0.0,0.0,0.0,0.0,0
16.765,-4.218646313441339,-3.166967780974304,0.75755075128535,0.0,0.0,1e-12,0.0,0.0,4.4,3.8,11.082405169336212,0,0.0,0.0,0.0,0.0,0.0,0.0,0.0,0
16.864,-4.218646313441339,-3.166967780974304,0.75755075128535,0.0,0.0,1e-12,0.0,0.0,4.4,3.8,11.082405169336212,0,0.0,0.0,0.0,0.0,0.0,0.0,0.0,0
17.029,-4.218646313441339,-3.166967780974304,0.75755075128535,0.0,0.0,1e-12,0.0,0.0,4.4,3.8,11.082405169336212,0,0.0,0.0,0.0,0.0,0.0,0.0,0.0,0
17.095,-4.218646313441339,-3.166967780974304,0.75755075128535,0.0,0.0,1e-12,0.0,0.0,4.4,3.8,11.082405169336212,0,0.0,0.0,0.0,0.0,0.0,0.0,0.0,0
17.095,-4.218646313441339,-3.166967780974304,0.75755075128535,0.0,0.0,1e-12,0.0,0.0,4.4,3.8,11.082405169336212,0,0.0,0.0,0.0,0.0,0.0,0.0,0.0,0
17.293,-4.218646313441339,-3.166967780974304,0.75755075128535,0.0,0.0,1e-12,0.0,0.0,4.4,3.8,11.082405169336212,0,0.0,0.0,0.0,0.0,0.0,0.0,0.0,0
17.392,-4.218646313441339,-3.166967780974304,0.75755075128535,0.0,0.0,1e-12,0.0,0.0,4.4,3.8,11.082405169336212,0,0.0,0.0,0.0,0.0,0.0,0.0,0.0,0
17.491,-4.218646313441339,-3.166967780974304,0.75755075128535,0.0,0.0,1e-12,0.0,0.0,4.4,3.8,11.082405169336212,0,0.0,0.0,0.0,0.0,0.0,0.0,0.0,0
17.59,-4.218646313441339,-3.166967780974304,0.75755075128535,0.0,0.0,1e-12,0.0,0.0,4.4,3.8,11.082405169336212,0,0.0,0.0,0.0,0.0,0.0,0.0,0.0,0
17.722,-4.218646313441339,-3.166967780974304,0.75755075128535,0.0,0.0,1e-12,0.0,0.0,4.4,3.8,11.082405169336212,0,0.0,0.0,0.0,0.0,0.0,0.0,0.0,0
17.821,-4.218646313441339,-3.166967780974304,0.75755075128535,0.0,0.0,1e-12,0.0,0.0,4.4,3.8,11.082405169336212,0,0.0,0.0,0.0,0.0,0.0,0.0,0.0,0
17.92,-4.218646313441339,-3.166967780974304,0.75755075128535,0.0,0.0,1e-12,0.0,0.0,4.4,3.8,11.082405169336212,0,0.0,0.0,0.0,0.0,0.0,0.0,0.0,0
18.019,-4.218646313441339,-3.166967780974304,0.75755075128535,0.0,0.0,1e-12,0.0,0.0,4.4,3.8,11.082405169336212,0,0.0,0.0,0.0,0.0,0.0,0.0,0.0,0
18.118,-4.218646313441339,-3.166967780974304,0.75755075128535,0.0,0.0,1e-12,0.0,0.0,4.4,3.8,11.082405169336212,0,0.0,0.0,0.0,0.0,0.0,0.0,0.0,0
18.217,-4.218646313441339,-3.166967780974304,0.75755075128535,0.0,0.0,1e-12,0.0,0.0,4.4,3.8,11.082405169336212,0,0.0,0.0,0.0,0.0,0.0,0.0,0.0,0
18.316,-4.218646313441339,-3.166967780974304,0.75755075128535,0.0,0.0,1e-12,0.0,0.0,4.4,3.8,11.082405169336212,0,0.0,0.0,0.0,0.0,0.0,0.0,0.0,0
18.382,-4.218646313441339,-3.166967780974304,0.75755075128535,0.0,0.0,1e-12,0.0,0.0,4.4,3.8,11.082405169336212,0,0.0,0.0,0.0,0.0,0.0,0.0,0.0,0
18.514,-4.218646313441339,-3.166967780974304,0.75755075128535,0.0,0.0,1e-12,0.0,0.0,4.4,3.8,11.082405169336212,0,0.0,0.0,0.0,0.0,0.0,0.0,0.0,0
18.58,-4.218646313441339,-3.166967780974304,0.75755075128535,0.0,0.0,1e-12,0.0,0.0,4.4,3.8,11.082405169336212,0,0.0,0.0,0.0,0.0,0.0,0.0,0.0,0
18.679,-4.218646313441339,-3.166967780974304,0.75755075128535,0.0,0.0,1e-12,0.0,0.0,4.4,3.8,11.082405169336212,0,0.0,0.0,0.0,0.0,0.0,0.0,0.0,0
18.745,-4.218646313441339,-3.166967780974304,0.75755075128535,0.0,0.0,1e-12,0.0,0.0,4.4,3.8,11.082405169336212,0,0.0,0.0,0.0,0.0,0.0,0.0,0.0,0
18.91,-4.218646313441339,-3.166967780974304,0.75755075128535,0.0,0.0,1e-12,0.0,0.0,4.4,3.8,11.082405169336212,0,0.0,0.0,0.0,0.0,0.0,0.0,0.0,0
18.943,-4.218646313441339,-3.166967780974304,0.75755075128535,0.0,0.0,1e-12,0.0,0.0,4.4,3.8,11.082405169336212,0,0.0,0.0,0.0,0.0,0.0,0.0,0.0,0
19.042,-4.218646313441339,-3.166967780974304,0.75755075128535,0.0,0.0,1e-12,0.0,0.0,4.4,3.8,11.082405169336212,0,0.0,0.0,0.0,0.0,0.0,0.0,0.0,0
19.174,-4.218646313441339,-3.166967780974304,0.75755075128535,0.0,0.0,1e-12,0.0,0.0,4.4,3.8,11.082405169336212,0,0.0,0.0,0.0,0.0,0.0,0.0,0.0,0
19.24,-4.218646313441339,-3.166967780974304,0.75755075128535,0.0,0.0,1e-12,0.0,0.0,4.4,3.8,11.082405169336212,0,0.0,0.0,0.0,0.0,0.0,0.0,0.0,0
19.405,-4.218646313441339,-3.166967780974304,0.75755075128535,0.0,0.0,1e-12,0.0,0.0,4.4,3.8,11.082405169336212,0,0.0,0.0,0.0,0.0,0.0,0.0,0.0,0
19.471,-4.218646313441339,-3.166967780974304,0.75755075128535,0.0,0.0,1e-12,0.0,0.0,4.4,3.8,11.082405169336212,0,0.0,0.0,0.0,0.0,0.0,0.0,0.0,0
19.636,-4.218646313441339,-3.166967780974304,0.75755075128535,0.0,0.0,1e-12,0.0,0.0,4.4,3.8,11.082405169336212,0,0.0,0.0,0.0,0.0,0.0,0.0,0.0,0
19.702,-4.218646313441339,-3.166967780974304,0.75755075128535,0.0,0.0,1e-12,0.0,0.0,4.4,3.8,11.082405169336212,0,0.0,0.0,0.0,0.0,0.0,0.0,0.0,0
19.801,-4.218646313441339,-3.166967780974304,0.75755075128535,0.0,0.0,1e-12,0.0,0.0,4.4,3.8,11.082405169336212,0,0.0,0.0,0.0,0.0,0.0,0.0,0.0,0
19.9,-4.218646313441339,-3.166967780974304,0.75755075128535,0.0,0.0,1e-12,0.0,0.0,4.4,3.8,11.082405169336212,0,0.0,0.0,0.0,0.0,0.0,0.0,0.0,0
19.999,-4.218646313441339,-3.166967780974304,0.75755075128535,0.0,0.0,1e-12,0.0,0.0,4.4,3.8,11.082405169336212,0,0.0,0.0,0.0,0.0,0.0,0.0,0.0,0
20.065,-4.218646313441339,-3.166967780974304,0.75755075128535,0.0,0.0,1e-12,0.0,0.0,4.4,3.8,11.082405169336212,0,0.0,0.0,0.0,0.0,0.0,0.0,0.0,0
20.164,-4.218646313441339,-3.166967780974304,0.75755075128535,0.0,0.0,1e-12,0.0,0.0,4.4,3.8,11.082405169336212,0,0.0,0.0,0.0,0.0,0.0,0.0,0.0,0
20.263,-4.218646313441339,-3.166967780974304,0.75755075128535,0.0,0.0,1e-12,0.0,0.0,4.4,3.8,11.082405169336212,0,0.0,0.0,0.0,0.0,0.0,0.0,0.0,0
20.263,-4.218646313441339,-3.166967780974304,0.75755075128535,0.0,0.0,1e-12,0.0,0.0,4.4,3.8,11.082405169336212,0,0.0,0.0,0.0,0.0,0.0,0.0,0.0,0
20.428,-4.218646313441339,-3.166967780974304,0.75755075128535,0.0,0.0,1e-12,0.0,0.0,4.4,3.8,11.082405169336212,0,0.0,0.0,0.0,0.0,0.0,0.0,0.0,0
20.56,-4.218646313441339,-3.166967780974304,0.75755075128535,0.0,0.0,1e-12,0.0,0.0,4.4,3.8,11.082405169336212,0,0.0,0.0,0.0,0.0,0.0,0.0,0.0,0
20.659,-4.218646313441339,-3.166967780974304,0.75755075128535,0.0,0.0,1e-12,0.0,0.0,4.4,3.8,11.082405169336212,0,0.0,0.0,0.0,0.0,0.0,0.0,0.0,0
20.791,-4.218646313441339,-3.166967780974304,0.75755075128535,0.0,0.0,1e-12,0.0,0.0,4.4,3.8,11.082405169336212,0,0.0,0.0,0.0,0.0,0.0,0.0,0.0,0
20.857,-4.218646313441339,-3.166967780974304,0.75755075128535,0.0,0.0,1e-12,0.0,0.0,4.4,3.8,11.082405169336212,0,0.0,0.0,0.0,0.0,0.0,0.0,0.0,0
20.989,-4.218646313441339,-3.166967780974304,0.75755075128535,0.0,0.0,1e-12,0.0,0.0,4.4,3.8,11.082405169336212,0,0.0,0.0,0.0,0.0,0.0,0.0,0.0,0
21.088,-4.218646313441339,-3.166967780974304,0.75755075128535,0.0,0.0,1e-12,0.0,0.0,4.4,3.8,11.082405169336212,0,0.0,0.0,0.0,0.0,0.0,0.0,0.0,0
21.187,-4.218646313441339,-3.166967780974304,0.75755075128535,0.0,0.0,1e-12,0.0,0.0,4.4,3.8,11.082405169336212,0,0.0,0.0,0.0,0.0,0.0,0.0,0.0,0
21.319,-4.218646313441339,-3.166967780974304,0.75755075128535,0.0,0.0,1e-12,0.0,0.0,4.4,3.8,11.082405169336212,0,0.0,0.0,0.0,0.0,0.0,0.0,0.0,0
21.418,-4.218646313441339,-3.166967780974304,0.75755075128535,0.0,0.0,1e-12,0.0,0.0,4.4,3.8,11.082405169336212,0,0.0,0.0,0.0,0.0,0.0,0.0,0.0,0
21.484,-4.218646313441339,-3.166967780974304,0.75755075128535,0.0,0.0,1e-12,0.0,0.0,4.4,3.8,11.082405169336212,0,0.0,0.0,0.0,0.0,0.0,0.0,0.0,0
21.616,-4.218646313441339,-3.166967780974304,0.75755075128535,0.0,0.0,1e-12,0.0,0.0,4.4,3.8,11.082405169336212,0,0.0,0.0,0.0,0.0,0.0,0.0,0.0,0
21.715,-4.218646313441339,-3.166967780974304,0.75755075128535,0.0,0.0,1e-12,0.0,0.0,4.4,3.8,11.082405169336212,0,0.0,0.0,0.0,0.0,0.0,0.0,0.0,0
21.781,-4.218646313441339,-3.166967780974304,0.75755075128535,0.0,0.0,1e-12,0.0,0.0,4.4,3.8,11.082405169336212,0,0.0,0.0,0.0,0.0,0.0,0.0,0.0,0
21.913,-4.218646313441339,-3.166967780974304,0.75755075128535,0.0,0.0,1e-12,0.0,0.0,4.4,3.8,11.082405169336212,0,0.0,0.0,0.0,0.0,0.0,0.0,0.0,0
22.012,-4.218646313441339,-3.166967780974304,0.75755075128535,0.0,0.0,1e-12,0.0,0.0,4.4,3.8,11.082405169336212,0,0.0,0.0,0.0,0.0,0.0,0.0,0.0,0
22.078,-4.218646313441339,-3.166967780974304,0.75755075128535,0.0,0.0,1e-12,0.0,0.0,4.4,3.8,11.082405169336212,0,0.0,0.0,0.0,0.0,0.0,0.0,0.0,0
22.177,-4.218646313441339,-3.166967780974304,0.75755075128535,0.0,0.0,1e-12,0.0,0.0,4.4,3.8,11.082405169336212,0,0.0,0.0,0.0,0.0,0.0,0.0,0.0,0
22.243,-4.218646313441339,-3.166967780974304,0.75755075128535,0.0,0.0,1e-12,0.0,0.0,4.4,3.8,11.082405169336212,0,0.0,0.0,0.0,0.0,0.0,0.0,0.0,0
22.342,-4.218646313441339,-3.166967780974304,0.75755075128535,0.0,0.0,1e-12,0.0,0.0,4.4,3.8,11.082405169336212,0,0.0,0.0,0.0,0.0,0.0,0.0,0.0,0
22.474,-4.218646313441339,-3.166967780974304,0.75755075128535,0.0,0.0,1e-12,0.0,0.0,4.4,3.8,11.082405169336212,0,0.0,0.0,0.0,0.0,0.0,0.0,0.0,0
22.606,-4.218646313441339,-3.166967780974304,0.75755075128535,0.0,0.0,1e-12,0.0,0.0,4.4,3.8,11.082405169336212,0,0.0,0.0,0.0,0.0,0.0,0.0,0.0,0
22.705,-4.218646313441339,-3.166967780974304,0.75755075128535,0.0,0.0,1e-12,0.0,0.0,4.4,3.8,11.082405169336212,0,0.0,0.0,0.0,0.0,0.0,0.0,0.0,0
22.804,-4.218646313441339,-3.166967780974304,0.75755075128535,0.0,0.0,1e-12,0.0,0.0,4.4,3.8,11.082405169336212,0,0.0,0.0,0.0,0.0,0.0,0.0,0.0,0
22.87,-4.218646313441339,-3.166967780974304,0.75755075128535,0.0,0.0,1e-12,0.0,0.0,4.4,3.8,11.082405169336212,0,0.0,0.0,0.0,0.0,0.0,0.0,0.0,0
22.969,-4.218646313441339,-3.166967780974304,0.75755075128535,0.0,0.0,1e-12,0.0,0.0,4.4,3.8,11.082405169336212,0,0.0,0.0,0.0,0.0,0.0,0.0,0.0,0
23.101,-4.218646313441339,-3.166967780974304,0.75755075128535,0.0,0.0,1e-12,0.0,0.0,4.4,3.8,11.082405169336212,0,0.0,0.0,0.0,0.0,0.0,0.0,0.0,0
23.2,-4.218646313441339,-3.166967780974304,0.75755075128535,0.0,0.0,1e-12,0.0,0.0,4.4,3.8,11.082405169336212,0,0.0,0.0,0.0,0.0,0.0,0.0,0.0,0
23.332,-4.218646313441339,-3.166967780974304,0.75755075128535,0.0,0.0,1e-12,0.0,0.0,4.4,3.8,11.082405169336212,0,0.0,0.0,0.0,0.0,0.0,0.0,0.0,0
23.332,-4.218646313441339,-3.166967780974304,0.75755075128535,0.0,0.0,1e-12,0.0,0.0,4.4,3.8,11.082405169336212,0,0.0,0.0,0.0,0.0,0.0,0.0,0.0,0
23.332,-4.218646313441339,-3.166967780974304,0.75755075128535,0.0,0.0,1e-12,0.0,0.0,4.4,3.8,11.082405169336212,0,0.0,0.0,0.0,0.0,0.0,0.0,0.0,0
23.596,-4.218646313441339,-3.166967780974304,0.75755075128535,0.0,0.0,1e-12,0.0,0.0,4.4,3.8,11.082405169336212,0,0.0,0.0,0.0,0.0,0.0,0.0,0.0,0
23.596,-4.218646313441339,-3.166967780974304,0.75755075128535,0.0,0.0,1e-12,0.0,0.0,4.4,3.8,11.082405169336212,0,0.0,0.0,0.0,0.0,0.0,0.0,0.0,0
23.761,-4.218646313441339,-3.166967780974304,0.75755075128535,0.0,0.0,1e-12,0.0,0.0,4.4,3.8,11.082405169336212,0,0.0,0.0,0.0,0.0,0.0,0.0,0.0,0
23.794,-4.218646313441339,-3.166967780974304,0.75755075128535,0.0,0.0,1e-12,0.0,0.0,4.4,3.8,11.082405169336212,0,0.0,0.0,0.0,0.0,0.0,0.0,0.0,0
23.794,-4.218646313441339,-3.166967780974304,0.75755075128535,0.0,0.0,1e-12,0.0,0.0,4.4,3.8,11.082405169336212,0,0.0,0.0,0.0,0.0,0.0,0.0,0.0,0
24.091,-4.218646313441339,-3.166967780974304,0.75755075128535,0.0,0.0,1e-12,0.0,0.0,4.4,3.8,11.082405169336212,0,0.0,0.0,0.0,0.0,0.0,0.0,0.0,0
24.223,-4.218646313441339,-3.166967780974304,0.75755075128535,0.0,0.0,1e-12,0.0,0.0,4.4,3.8,11.082405169336212,0,0.0,0.0,0.0,0.0,0.0,0.0,0.0,0
24.322,-4.218646313441339,-3.166967780974304,0.75755075128535,0.0,0.0,1e-12,0.0,0.0,4.4,3.8,11.082405169336212,0,0.0,0.0,0.0,0.0,0.0,0.0,0.0,0
24.421,-4.218646313441339,-3.166967780974304,0.75755075128535,0.0,0.0,1e-12,0.0,0.0,4.4,3.8,11.082405169336212,0,0.0,0.0,0.0,0.0,0.0,0.0,0.0,0
24.52,-4.218646313441339,-3.166967780974304,0.75755075128535,0.0,0.0,1e-12,0.0,0.0,4.4,3.8,11.082405169336212,0,0.0,0.0,0.0,0.0,0.0,0.0,0.0,0
24.586,-4.218646313441339,-3.166967780974304,0.75755075128535,0.0,0.0,1e-12,0.0,0.0,4.4,3.8,11.082405169336212,0,0.0,0.0,0.0,0.0,0.0,0.0,0.0,0
24.586,-4.218646313441339,-3.166967780974304,0.75755075128535,0.0,0.0,1e-12,0.0,0.0,4.4,3.8,11.082405169336212,0,0.0,0.0,0.0,0.0,0.0,0.0,0.0,0
24.586,-4.218646313441339,-3.166967780974304,0.75755075128535,0.0,0.0,1e-12,0.0,0.0,4.4,3.8,11.082405169336212,0,0.0,0.0,0.0,0.0,0.0,0.0,0.0,0
24.85,-4.218646313441339,-3.166967780974304,0.75755075128535,0.0,0.0,1e-12,0.0,0.0,4.4,3.8,11.082405169336212,0,0.0,0.0,0.0,0.0,0.0,0.0,0.0,0
25.015,-4.218646313441339,-3.166967780974304,0.75755075128535,0.0,0.0,1e-12,0.22,-1.0,4.4,3.8,11.082405169336212,7,11.086035717450748,141674.9560270399,141646.0210556198,28.173953735964535,0.1478220174150324,0.0,0.6131956667100011,0
25.114,-4.208811249654436,-3.155996847334822,0.7428466579605882,0.0,0.0,1e-12,0.22,-1.0,4.4,3.8,11.067859922871664,7,11.086035717450748,141674.9560270399,141646.0210556198,28.173953735964535,0.1478220174150324,0.0,0.6131956667100011,0
25.114,-4.208811249654436,-3.155996847334822,0.7428466579605882,0.0,0.0,1e-12,0.22,-1.0,4.4,3.8,11.067859922871664,7,11.086007919820206,141686.54728790818,141657.6103973005,28.175643576729254,0.1478220174150324,0.0,0.6134250135565544,0
25.114,-4.208811249654436,-3.155996847334822,0.7428466579605882,0.0,0.0,1e-12,0.22,-1.0,4.4,3.8,11.067859922871664,7,11.086007919820206,141686.54728790818,141657.6103973005,28.175643576729254,0.1478220174150324,0.0,0.6134250135565544,0
25.345,-4.1740408090696794,-3.126020195895211,0.719528297740226,0.0,0.0,1e-12,0.22,-1.0,4.4,3.8,11.021974938709512,7,11.086007919820206,141686.54728790818,141657.6103973005,28.175643576729254,0.1478220174150324,0.0,0.6134250135565544,0
25.543,-4.1366164799339735,-3.106463683716774,0.7054850739494889,0.0,0.0,1e-12,0.22,-1.0,4.4,3.8,10.980576557721319,7,11.086007919820206,141686.54728790818,141657.6103973005,28.175643576729254,0.1478220174150324,0.0,0.6134250135565544,0
25.543,-4.1366164799339735,-3.106463683716774,0.7054850739494889,0.0,0.0,1e-12,0.22,-1.0,4.4,3.8,10.980576557721319,7,11.086007919820206,141686.54728790818,141657.6103973005,28.175643576729254,0.1478220174150324,0.0,0.6134250135565544,0
25.675,-4.1131777780393985,-3.099823060655876,0.6936694567933992,0.0,0.0,1e-12,0.22,0.8910164798498288,4.4,3.8,10.958182064049787,7,11.017331246555072,135091.7618988347,135059.38990488474,31.07689988273352,0.10651681105542066,0.0,1.1885772561557775,0
25.807,-4.039996384613472,-3.042652454635274,0.7465721899276021,0.0,0.0,1e-12,0.22,0.8910164798498288,4.4,3.8,10.865331637240283,7,11.017331246555072,135091.7618988347,135059.38990488474,31.07689988273352,0.10651681105542066,0.0,1.1885772561557775,0
25.906,-4.060777330120967,-3.095938445976954,0.7209333228256476,0.0,0.0,1e-12,0.22,0.8910164798498288,4.4,3.8,10.915068487214908,7,11.017331246555072,135091.7618988347,135059.38990488474,31.07689988273352,0.10651681105542066,0.0,1.1885772561557775,0
26.005,-4.031989447748226,-3.088909132237986,0.7448475836678133,0.0,0.0,1e-12,0.22,0.8910164798498288,4.4,3.8,10.888320122000884,7,11.017331246555072,135091.7618988347,135059.38990488474,31.07689988273352,0.10651681105542066,0.0,1.1885772561557775,0
26.038,-4.023360929528934,-3.0859429900659388,0.7483324743063204,0.0,0.0,1e-12,0.22,0.8910164798498288,4.4,3.8,10.879761955647412,7,11.017331246555072,135091.7618988347,135059.38990488474,31.07689988273352,0.10651681105542066,0.0,1.1885772561557775,0
26.17,-3.990936018758338,-3.0771313714326407,0.7761830331165184,0.0,0.0,1e-12,0.22,0.8910164798498288,4.4,3.8,10.849089508840779,7,11.017331246555072,135091.7618988347,135059.38990488474,31.07689988273352,0.10651681105542066,0.0,1.1885772561557775,0
26.236,-3.9724627450277765,-3.069332741566199,0.7852730657251341,0.0,0.0,1e-12,0.22,0.8910164798498288,4.4,3.8,10.829859866647926,7,11.017331246555072,135091.7618988347,135059.38990488474,31.07689988273352,0.10651681105542066,0.0,1.1885772561557775,0
26.401,-3.92866630438355,-3.0462747199543108,0.8152201197936273,0.0,0.0,1e-12,0.22,0.8910164798498288,4.4,3.8,10.781380243311123,7,11.017331246555072,135091.7618988347,135059.38990488474,31.07689988273352,0.10651681105542066,0.0,1.1885772561557775,0
26.5,-3.903141902397543,-3.030423500052695,0.8294224589243279,0.0,0.0,1e-12,0.22,0.8910164798498288,4.4,3.8,10.751597585541509,7,11.017331246555072,135091.7618988347,135059.38990488474,31.07689988273352,0.10651681105542066,0.0,1.1885772561557775,0
26.599,-3.8765017676970532,-3.0084639610657606,0.8463233195666093,0.0,0.0,1e-12,0.22,1.0,4.4,3.8,10.717073435403142,7,10.904292808612203,125081.98368142953,125047.09499970575,32.393836080726786,0.12468070823938535,0.0,2.370164934819383,0
26.632,-3.8697181162329573,-3.0042468192873684,0.8509382512514293,0.0,0.0,1e-12,0.22,1.0,4.4,3.8,10.709155545594333,7,10.904292808612203,125081.98368142953,125047.09499970575,32.393836080726786,0.12468070823938535,0.0,2.370164934819383,0
26.797,-3.850849626567137,-2.999842210220602,0.8617232846626437,0.0,0.0,1e-12,0.22,1.0,4.4,3.8,10.691790011224542,7,10.904292808612203,125081.98368142953,125047.09499970575,32.393836080726786,0.12468070823938535,0.0,2.370164934819383,0
26.797,-3.850849626567137,-2.999842210220602,0.8617232846626437,0.0,0.0,1e-12,0.22,1.0,4.4,3.8,10.691790011224542,7,10.904292808612203,125081.98368142953,125047.09499970575,32.393836080726786,0.12468070823938535,0.0,2.370164934819383,0
26.995,-3.802196990486996,-2.9476339711482673,0.8819481044675058,0.0,0.0,1e-12,0.22,1.0,4.4,3.8,10.621045131216988,7,10.904292808612203,125081.98368142953,125047.09499970575,32.393836080726786,0.12468070823938535,0.0,2.370164934819383,0
27.094,-3.7841260957497718,-2.9254983326038784,0.888516167525421,0.0,0.0,1e-12,0.22,-1.0,4.4,3.8,10.593028262635286,7,10.76321838197763,114371.06628882227,114335.38391465394,31.283738648769287,0.15887765700567583,0.0,4.239757862560962,0
27.16,-3.7787441832689295,-2.9099878229635836,0.8855351814559957,0.0,0.0,1e-12,0.22,-1.0,4.4,3.8,10.579026089374906,7,10.76321838197763,114371.06628882227,114335.38391465394,31.283738648769287,0.15887765700567583,0.0,4.239757862560962,0
27.292,-3.7787240852509654,-2.8897278928492502,0.8657012345640028,0.0,0.0,1e-12,0.22,-1.0,4.4,3.8,10.566171820627824,7,10.646485400449341,107369.23754545454,107333.89995261506,28.469664684031986,0.5212453034106919,0.0,6.346682852049208,0
27.391,-3.7739832539182814,-2.8731356810421427,0.8528353227290999,0.0,0.0,1e-12,0.22,-1.0,4.4,3.8,10.552001803114624,7,10.646485400449341,107369.23754545454,107333.89995261506,28.469664684031986,0.5212453034106919,0.0,6.346682852049208,0
27.49,-3.747016370677349,-2.8279715939358687,0.8525013776552871,0.0,0.0,1e-12,0.22,-1.0,4.4,3.8,10.502565552954454,7,10.646485400449341,107369.23754545454,107333.89995261506,28.469664684031986,0.5212453034106919,0.0,6.346682852049208,0
27.622,-3.7369059402985445,-2.8102999434038365,0.8339879162609355,0.0,0.0,1e-12,0.22,-1.0,4.4,3.8,10.48357303704374,7,10.55208076605817,101432.41417468812,101398.24299944426,26.048616749182145,0.30065673005046517,0.0,7.821901764628798,0
27.688,-3.735571004851283,-2.808887930112931,0.822818915003502,0.0,0.0,1e-12,0.22,-1.0,4.4,3.8,10.481646590482303,7,10.55208076605817,101432.41417468812,101398.24299944426,26.048616749182145,0.30065673005046517,0.0,7.821901764628798,0
27.787,-3.7244245623805288,-2.7984423891950927,0.8115833662154608,0.0,0.0,1e-12,0.22,-1.0,4.4,3.8,10.466408955957085,7,10.55208076605817,101432.41417468812,101398.24299944426,26.048616749182145,0.30065673005046517,0.0,7.821901764628798,0
27.886,-3.7129752518854158,-2.7885318035845987,0.8007921782473388,0.0,0.0,1e-12,0.22,-1.0,4.4,3.8,10.45127354749415,7,10.55208076605817,101432.41417468812,101398.24299944426,26.048616749182145,0.30065673005046517,0.0,7.821901764628798,0
27.952,-3.702909917062644,-2.7805102503041166,0.7985588438380058,0.0,0.0,1e-12,0.22,-1.0,4.4,3.8,10.438403339514608,7,10.55208076605817,101432.41417468812,101398.24299944426,26.048616749182145,0.30065673005046517,0.0,7.821901764628798,0
28.051,-3.6879517270759457,-2.773237617434806,0.7896512369549763,0.0,0.0,1e-12,0.22,-1.0,4.4,3.8,10.422207823430254,7,10.55208076605817,101432.41417468812,101398.24299944426,26.048616749182145,0.30065673005046517,0.0,7.821901764628798,0
28.216,-3.658829531078182,-2.759406159072038,0.7886091885769959,0.0,0.0,1e-12,0.22,-1.0,4.4,3.8,10.390887477528086,7,10.55208076605817,101432.41417468812,101398.24299944426,26.048616749182145,0.30065673005046517,0.0,7.821901764628798,0
28.282,-3.6451824350819444,-2.7536469149460174,0.7875055990671719,0.0,0.0,1e-12,0.22,0.5154739103394023,4.4,3.8,10.37666845859173,7,10.45750900591201,97893.9805237797,97861.12515035727,23.008982168241744,0.32871431080522295,0.0,9.51767694337511,0
28.348,-3.591212325324948,-2.692516682292557,0.825856151584697,0.0,0.0,1e-12,0.22,0.5154739103394023,4.4,3.8,10.29622490519086,7,10.45750900591201,97893.9805237797,97861.12515035727,23.008982168241744,0.32871431080522295,0.0,9.51767694337511,0
28.48,-3.603806733570366,-2.7486340533382663,0.8110287787841758,0.0,0.0,1e-12,0.22,0.5154739103394023,4.4,3.8,10.341447200120875,7,10.45750900591201,97893.9805237797,97861.12515035727,23.008982168241744,0.32871431080522295,0.0,9.51767694337511,0
28.48,-3.603806733570366,-2.7486340533382663,0.8110287787841758,0.0,0.0,1e-12,0.22,0.5154739103394023,4.4,3.8,10.341447200120875,7,10.45750900591201,97893.9805237797,97861.12515035727,23.008982168241744,0.32871431080522295,0.0,9.51767694337511,0
28.711,-3.5495106659838673,-2.734535560225208,0.8559538791411099,0.0,0.0,1e-12,0.22,0.5154739103394023,4.4,3.8,10.290523544331409,7,10.45750900591201,97893.9805237797,97861.12515035727,23.008982168241744,0.32871431080522295,0.0,9.51767694337511,0
28.711,-3.5495106659838673,-2.734535560225208,0.8559538791411099,0.0,0.0,1e-12,0.15104559879990384,1.0,4.4,3.8,10.290523544331409,7,10.326027434385654,98105.3253146383,98072.7892786327,21.908558987438184,0.5023450108690102,0.0,10.125132007284783,0
28.909,-3.507369003235788,-2.724062217455662,0.8870485670652349,0.0,0.0,1e-12,0.15104559879990384,1.0,4.4,3.8,10.25133515063119,7,10.326027434385654,98105.3253146383,98072.7892786327,21.908558987438184,0.5023450108690102,0.0,10.125132007284783,0
29.008,-3.4912348142388585,-2.7189278300408777,0.9045656656452005,0.0,0.0,1e-12,0.15104559879990384,1.0,4.4,3.8,10.235624404340795,7,10.326027434385654,98105.3253146383,98072.7892786327,21.908558987438184,0.5023450108690102,0.0,10.125132007284783,0
29.107,-3.469939091982278,-2.7061178113112705,0.9223645936372828,0.0,0.0,1e-12,0.0,-0.9999999663102643,4.4,3.8,10.211048442063753,7,10.195806992213942,109436.42646517776,109404.28158495974,19.94721201391311,0.4999999931047307,0.0,11.697668211004501,0
29.107,-3.469939091982278,-2.7061178113112705,0.9223645936372828,0.0,0.0,1e-12,0.0,-0.9999999663102643,4.4,3.8,10.211048442063753,7,10.195806992213942,109436.42646517776,109404.28158495974,19.94721201391311,0.4999999931047307,0.0,11.697668211004501,0
29.305,-3.4525075258491427,-2.69157595037703,0.9276981924931803,0.0,0.0,1e-12,0.0,-0.9999999663102643,4.4,3.8,10.188347891735484,7,10.195806992213942,109436.42646517776,109404.28158495974,19.94721201391311,0.4999999931047307,0.0,11.697668211004501,0
29.404,-3.4641339544907166,-2.7000454007284516,0.9132033339967055,0.0,0.0,1e-12,0.0,-0.9999999663102643,4.4,3.8,10.202705183710098,7,10.195806992213942,109436.42646517776,109404.28158495974,19.94721201391311,0.4999999931047307,0.0,11.697668211004501,0
29.503,-3.4711364147959274,-2.702601594197001,0.9017890395240407,0.0,0.0,1e-12,0.0,-0.9999999663102643,4.4,3.8,10.20973143393987,7,10.195806992213942,109436.42646517776,109404.28158495974,19.94721201391311,0.4999999931047307,0.0,11.697668211004501,0
29.536,-3.4724357062711166,-2.7031504420923764,0.8965550671307198,0.0,0.0,1e-12,0.0,-0.9999999663102643,4.4,3.8,10.211082686074905,7,10.195806992213942,109436.42646517776,109404.28158495974,19.94721201391311,0.4999999931047307,0.0,11.697668211004501,0
29.734,-3.4774998183643437,-2.6988248231975054,0.8758079660183612,0.0,0.0,1e-12,0.0,-0.9999999663102643,4.4,3.8,10.212234205644638,7,10.195806992213942,109436.42646517776,109404.28158495974,19.94721201391311,0.4999999931047307,0.0,11.697668211004501,0
29.8,-3.438775780339694,-2.6355377781790477,0.9012885970174966,0.0,0.0,1e-12,0.04185917917748302,-0.9941019111348242,4.4,3.8,10.142117738855623,7,9.674595515918677,114029880.11995184,114029859.38749173,0.2945027142343749,0.49473303474981944,0.0,19.943224360540352,0
29.932,-3.4414830595065706,-2.6410175382742036,0.8909211763839101,0.0,0.0,1e-12,0.04185917917748302,-0.9941019111348242,4.4,3.8,10.147687593776446,7,9.674595515918677,114029880.11995184,114029859.38749173,0.2945027142343749,0.49473303474981944,0.0,19.943224360540352,0
30.031,-3.4375670801424536,-2.638971513518692,0.8888316290789134,0.0,0.0,1e-12,0.04185917917748302,-0.9941019111348242,4.4,3.8,10.143362947644036,7,9.674595515918677,114029880.11995184,114029859.38749173,0.2945027142343749,0.49473303474981944,0.0,19.943224360540352,0
30.13,-3.4335650648973495,-2.636242709532835,0.8857081791363307,0.0,0.0,1e-12,0.22,1.0,4.4,3.8,10.138538447034405,7,9.64529340479346,3.243430871792823e+17,3.243430871792823e+17,0.02128622294309182,0.5242,0.0,19.998,0
30.163,-3.433046192061743,-2.6376232514810183,0.8865819183700696,0.0,0.0,1e-12,0.22,1.0,4.4,3.8,10.139014043534116,7,9.64529340479346,3.243430871792823e+17,3.243430871792823e+17,0.02128622294309182,0.5242,0.0,19.998,0
30.295,-3.4118342899464396,-2.6409162353951943,0.9041964615299847,0.0,0.0,1e-12,0.22,1.0,4.4,3.8,10.124729968002129,7,9.64529340479346,3.243430871792823e+17,3.243430871792823e+17,0.02128622294309182,0.5242,0.0,19.998,0
30.361,-3.3983622228637924,-2.642224431728512,0.9216784960316747,0.0,0.0,1e-12,0.22,1.0,4.4,3.8,10.115172217404352,7,9.64529340479346,3.243430871792823e+17,3.243430871792823e+17,0.02128622294309182,0.5242,0.0,19.998,0
30.493,-3.3745027000700736,-2.6472577013192176,0.9495001560986327,0.0,0.0,1e-12,0.22,1.0,4.4,3.8,10.100001193099773,7,9.587714514408109,9.708581454887792e+27,9.708581454887792e+27,0.03334449565173933,0.5242,0.0,19.998,0
30.592,-3.3519186616009744,-2.643514733884191,0.9699181878032994,0.0,0.0,1e-12,0.22,1.0,4.4,3.8,10.080234375343666,7,9.587714514408109,9.708581454887792e+27,9.708581454887792e+27,0.03334449565173933,0.5242,0.0,19.998,0
30.724,-3.358887987474338,-2.7042061920283538,0.9753669829290889,0.0,0.0,1e-12,0.22,1.0,4.4,3.8,10.124477319377705,7,9.587714514408109,9.708581454887792e+27,9.708581454887792e+27,0.03334449565173933,0.5242,0.0,19.998,0
30.79,-3.3422551144232697,-2.6978555308622907,0.9866244735992855,0.0,0.0,1e-12,0.22,1.0,4.4,3.8,10.107652583897556,7,9.587714514408109,9.708581454887792e+27,9.708581454887792e+27,0.03334449565173933,0.5242,0.0,19.998,0
30.922,-3.3125205465547762,-2.6892641615278485,1.0195979978800649,0.0,0.0,1e-12,0.22,1.0,4.4,3.8,10.079361216819214,7,9.587714514408109,9.708581454887792e+27,9.708581454887792e+27,0.03334449565173933,0.5242,0.0,19.998,0
30.988,-3.2971038944411726,-2.683735940770961,1.0298220920129504,0.0,0.0,1e-12,0.22,1.0,4.4,3.8,10.064007159748376,7,9.587714514408109,9.708581454887792e+27,9.708581454887792e+27,0.03334449565173933,0.5242,0.0,19.998,0
31.12,-3.2641875314778597,-2.660786388317924,1.0624288985636228,0.0,0.0,1e-12,0.22,1.0,4.4,3.8,10.024047649185176,7,9.587714514408109,9.708581454887792e+27,9.708581454887792e+27,0.03334449565173933,0.5242,0.0,19.998,0
31.219,-3.2391946153417934,-2.638254413104244,1.085758944429821,0.0,0.0,1e-12,0.22,1.0,4.4,3.8,9.990416120408765,7,9.462221849712682,3.3740088351959265e+36,3.3740088351959265e+36,0.19557709795498507,0.2481189971605804,0.0,19.990934458376245,0
31.318,-3.218650307718216,-2.618093190803521,1.106648720269634,0.0,0.0,1e-12,0.22,1.0,4.4,3.8,9.96171434629268,7,9.462221849712682,3.3740088351959265e+36,3.3740088351959265e+36,0.19557709795498507,0.2481189971605804,0.0,19.990934458376245,0
31.384,-3.1978113640203816,-2.5927634681462224,1.120937156567264,0.0,0.0,1e-12,0.22,1.0,4.4,3.8,9.929459314731199,7,9.462221849712682,3.3740088351959265e+36,3.3740088351959265e+36,0.19557709795498507,0.2481189971605804,0.0,19.990934458376245,0
31.483,-3.203214558883727,-2.625239629700066,1.1259857148245827,0.0,0.0,1e-12,0.22,1.0,4.4,3.8,9.954525399409542,7,9.462221849712682,3.3740088351959265e+36,3.3740088351959265e+36,0.19557709795498507,0.2481189971605804,0.0,19.990934458376245,0
31.615,-3.1765957547865042,-2.5912938944105615,1.1443033638598188,0.0,0.0,1e-12,0.22,1.0,4.4,3.8,9.912287368522898,7,9.462221849712682,3.3740088351959265e+36,3.3740088351959265e+36,0.19557709795498507,0.2481189971605804,0.0,19.990934458376245,0
31.714,-3.1614900994442037,-2.5744398806147943,1.156867689411634,0.0,0.0,1e-12,0.22,1.0,4.4,3.8,9.889874433761284,7,9.400531867086604,1.3367804583945555e+44,1.3367804583945555e+44,0.05192840979886454,0.2481189971605804,0.0,19.998,0
31.78,-3.1474844079400977,-2.5501270088610752,1.1625685774861751,0.0,0.0,1e-12,0.22,1.0,4.4,3.8,9.8635000844916,7,9.400531867086604,1.3367804583945555e+44,1.3367804583945555e+44,0.05192840979886454,0.2481189971605804,0.0,19.998,0
31.912,-3.1266060859587266,-2.5092458924491727,1.1816582914972862,0.0,0.0,1e-12,0.22,1.0,4.4,3.8,9.821221049573099,7,9.400531867086604,1.3367804583945555e+44,1.3367804583945555e+44,0.05192840979886454,0.2481189971605804,0.0,19.998,0
32.011,-3.115887719571635,-2.4838129960794584,1.1907618820599353,0.0,0.0,1e-12,0.22,1.0,4.4,3.8,9.796676680533293,7,9.400531867086604,1.3367804583945555e+44,1.3367804583945555e+44,0.05192840979886454,0.2481189971605804,0.0,19.998,0
32.077,-3.106347719537753,-2.4643810271471147,1.1907455313217723,0.0,0.0,1e-12,0.22,1.0,4.4,3.8,9.776897551876585,7,9.400531867086604,1.3367804583945555e+44,1.3367804583945555e+44,0.05192840979886454,0.2481189971605804,0.0,19.998,0
32.242,-3.0961880439669707,-2.428829780408146,1.2000674214667664,0.0,0.0,1e-12,0.22,1.0,4.4,3.8,9.7463406273233,7,9.400464179852154,4.381287972184465e+53,4.381287972184465e+53,0.06289133682468172,0.2481189971605804,0.0,19.998,0
32.242,-3.0961880439669707,-2.428829780408146,1.2000674214667664,0.0,0.0,1e-12,0.22,1.0,4.4,3.8,9.7463406273233,7,9.400464179852154,4.381287972184465e+53,4.381287972184465e+53,0.06289133682468172,0.2481189971605804,0.0,19.998,0
32.341,-3.117825611766397,-2.469029241183171,1.212435417442916,0.0,0.0,1e-12,0.22,1.0,4.4,3.8,9.788688857847125,7,9.400464179852154,4.381287972184465e+53,4.381287972184465e+53,0.06289133682468172,0.2481189971605804,0.0,19.998,0
32.44,-3.113611336871493,-2.444836157289279,1.2084060556796838,0.0,0.0,1e-12,0.22,1.0,4.4,3.8,9.76997103132611,7,9.400464179852154,4.381287972184465e+53,4.381287972184465e+53,0.06289133682468172,0.2481189971605804,0.0,19.998,0
32.638,-3.1089881598084594,-2.3927433713984807,1.1940343104051316,0.0,0.0,1e-12,0.22,1.0,4.4,3.8,9.733189284512218,7,9.400464179852154,4.381287972184465e+53,4.381287972184465e+53,0.06289133682468172,0.2481189971605804,0.0,19.998,0
32.737,-3.1120223392264172,-2.3723166624266026,1.1810220118326205,0.0,0.0,1e-12,0.22,1.0,4.4,3.8,9.722549696777374,7,9.45556101910738,1.8594409137119675e+61,1.8594409137119675e+61,0.49366416054873025,0.2481189971605804,0.0,19.98622529101508,0
32.803,-3.110021761168754,-2.349525941375055,1.1695157167465984,0.0,0.0,1e-12,0.22,1.0,4.4,3.8,9.706549137405785,7,9.45556101910738,1.8594409137119675e+61,1.8594409137119675e+61,0.49366416054873025,0.2481189971605804,0.0,19.98622529101508,0
32.902,-3.1118405329390333,-2.328278421993237,1.1520050246825926,0.0,0.0,1e-12,0.22,1.0,4.4,3.8,9.694511055735287,7,9.45556101910738,1.8594409137119675e+61,1.8594409137119675e+61,0.49366416054873025,0.2481189971605804,0.0,19.98622529101508,0
33.001,-3.120637625278017,-2.3118182336940087,1.1360289097775509,0.0,0.0,1e-12,0.22,1.0,4.4,3.8,9.690939707399997,7,9.45556101910738,1.8594409137119675e+61,1.8594409137119675e+61,0.49366416054873025,0.2481189971605804,0.0,19.98622529101508,0
33.1,-3.152162562786102,-2.337335255872168,1.1241493330265944,0.0,0.0,1e-12,0.22,1.0,4.4,3.8,9.731497491019532,7,9.45556101910738,1.8594409137119675e+61,1.8594409137119675e+61,0.49366416054873025,0.2481189971605804,0.0,19.98622529101508,0
33.166,-3.159150289372382,-2.326626338106461,1.1050699067954204,0.0,0.0,1e-12,0.22,1.0,4.4,3.8,9.730174889697428,7,9.581128895313418,8.279830740259573e+68,8.279830740259573e+68,1.57909734119684,0.2481189971605804,0.0,19.96077052963438,0
33.331,-3.177285950984982,-2.3041885496324648,1.0608693676780263,0.0,0.0,1e-12,0.22,1.0,4.4,3.8,9.73017883866779,7,9.581128895313418,8.279830740259573e+68,8.279830740259573e+68,1.57909734119684,0.2481189971605804,0.0,19.96077052963438,0
33.43,-3.1902444243547934,-2.291686071769702,1.0332333341233253,0.0,0.0,1e-12,0.22,1.0,4.4,3.8,9.732443147454909,7,9.581128895313418,8.279830740259573e+68,8.279830740259573e+68,1.57909734119684,0.2481189971605804,0.0,19.96077052963438,0
33.496,-3.1956143981144174,-2.281036732562256,1.0158417315772872,0.0,0.0,1e-12,0.22,1.0,4.4,3.8,9.729972550198406,7,9.581128895313418,8.279830740259573e+68,8.279830740259573e+68,1.57909734119684,0.2481189971605804,0.0,19.96077052963438,0
33.595,-3.2103547230886953,-2.2711311014545017,0.98323028644882,0.0,0.0,1e-12,0.22,1.0,4.4,3.8,9.735303378030217,7,9.581128895313418,8.279830740259573e+68,8.279830740259573e+68,1.57909734119684,0.2481189971605804,0.0,19.96077052963438,0
33.661,-3.2171609015632967,-2.25922743384194,0.9643683443376829,0.0,0.0,1e-12,0.22,1.0,4.4,3.8,9.73321002009755,7,9.721322499689679,4.75256949265368e+74,4.75256949265368e+74,2.914772369024604,0.2481189971605804,0.0,19.93310931322855,0
33.793,-3.2718222606329816,-2.3026385774272673,0.916341694890005,0.0,0.0,1e-12,0.22,1.0,4.4,3.8,9.803012516846405,7,9.721322499689679,4.75256949265368e+74,4.75256949265368e+74,2.914772369024604,0.2481189971605804,0.0,19.93310931322855,0
33.925,-3.290620513407098,-2.296262471290521,0.8685237196427282,0.0,0.0,1e-12,0.22,1.0,4.4,3.8,9.81376889885345,7,9.721322499689679,4.75256949265368e+74,4.75256949265368e+74,2.914772369024604,0.2481189971605804,0.0,19.93310931322855,0
33.958,-3.293712574376292,-2.2908265950589937,0.8597667510127892,0.0,0.0,1e-12,0.22,1.0,4.4,3.8,9.812817219748558,7,9.721322499689679,4.75256949265368e+74,4.75256949265368e+74,2.914772369024604,0.2481189971605804,0.0,19.93310931322855,0
34.09,-3.3200559536323078,-2.2941768351272125,0.8336578293289695,0.0,0.0,1e-12,0.22,1.0,4.4,3.8,9.835560747868662,7,9.721322499689679,4.75256949265368e+74,4.75256949265368e+74,2.914772369024604,0.2481189971605804,0.0,19.93310931322855,0
34.189,-3.335553379215609,-2.292440413474074,0.8133107472016272,0.0,0.0,1e-12,0.22,1.0,4.4,3.8,9.846655080504556,7,9.837154910601514,1.8166600632647355e+84,1.8166600632647355e+84,5.0955368219680715,0.2481189971605804,0.0,19.89620270311395,0
34.321,-3.352908680823003,-2.289114409637103,0.7876085403121386,0.0,0.0,1e-12,0.22,1.0,4.4,3.8,9.858240578664677,7,9.837154910601514,1.8166600632647355e+84,1.8166600632647355e+84,5.0955368219680715,0.2481189971605804,0.0,19.89620270311395,0
34.42,-3.3691616400362268,-2.2927521853447432,0.773533405195022,0.0,0.0,1e-12,0.22,1.0,4.4,3.8,9.873272090904491,7,9.837154910601514,1.8166600632647355e+84,1.8166600632647355e+84,5.0955368219680715,0.2481189971605804,0.0,19.89620270311395,0
34.519,-3.409235468253704,-2.329314791725419,0.739669221495593,0.0,0.0,1e-12,0.22,1.0,4.4,3.8,9.927369158779968,7,9.837154910601514,1.8166600632647355e+84,1.8166600632647355e+84,5.0955368219680715,0.2481189971605804,0.0,19.89620270311395,0
34.618,-3.4223564026227864,-2.336317978223326,0.7232471050031954,0.0,0.0,1e-12,0.22,1.0,4.4,3.8,9.942014786728116,7,9.837154910601514,1.8166600632647355e+84,1.8166600632647355e+84,5.0955368219680715,0.2481189971605804,0.0,19.89620270311395,0
34.684,-3.43181918476117,-2.3419584869326036,0.7206825466290447,0.0,0.0,1e-12,0.22,1.0,4.4,3.8,9.952941565084995,7,9.892739182248182,8.352384304289098e+91,8.352384304289098e+91,4.785905787213461,0.2481189971605804,0.0,19.910539384773298,0
34.816,-3.4468035670732666,-2.3551881487971515,0.7152202648319496,0.0,0.0,1e-12,0.22,1.0,4.4,3.8,9.972896638756799,7,9.892739182248182,8.352384304289098e+91,8.352384304289098e+91,4.785905787213461,0.2481189971605804,0.0,19.910539384773298,0
34.915,-3.455289681288058,-2.3641930134614397,0.7098072193809256,0.0,0.0,1e-12,0.22,1.0,4.4,3.8,9.985131520623925,7,9.892739182248182,8.352384304289098e+91,8.352384304289098e+91,4.785905787213461,0.2481189971605804,0.0,19.910539384773298,0
34.948,-3.4606863102750136,-2.36961502424528,0.708721700116946,0.0,0.0,1e-12,0.22,1.0,4.4,3.8,9.992724294002016,7,9.892739182248182,8.352384304289098e+91,8.352384304289098e+91,4.785905787213461,0.2481189971605804,0.0,19.910539384773298,0
35.047,-3.468693185190806,-2.382843743552896,0.7109823408100056,0.0,0.0,1e-12,0.22,1.0,4.4,3.8,10.007191873840505,7,9.892739182248182,8.352384304289098e+91,8.352384304289098e+91,4.785905787213461,0.2481189971605804,0.0,19.910539384773298,0
35.047,-3.468693185190806,-2.382843743552896,0.7109823408100056,0.0,0.0,1e-12,0.22,1.0,4.4,3.8,10.007191873840505,7,9.89322735643118,2.75829848396043e+102,2.75829848396043e+102,0.4428643105492257,0.2481189971605804,0.0,19.992561814232438,0
35.245,-3.54081111935074,-2.4839209148430097,0.6195475464927668,0.0,0.0,1e-12,0.22,1.0,4.4,3.8,10.126408213044039,7,9.89322735643118,2.75829848396043e+102,2.75829848396043e+102,0.4428643105492257,0.2481189971605804,0.0,19.992561814232438,0
35.377,-3.543983169114878,-2.507171554219628,0.6432414462154402,0.0,0.0,1e-12,0.22,1.0,4.4,3.8,10.143336808246964,7,9.89322735643118,2.75829848396043e+102,2.75829848396043e+102,0.4428643105492257,0.2481189971605804,0.0,19.992561814232438,0
35.443,-3.5446093569240524,-2.5177927793518093,0.6588791972180879,0.0,0.0,1e-12,0.22,1.0,4.4,3.8,10.150434642760628,7,9.89322735643118,2.75829848396043e+102,2.75829848396043e+102,0.4428643105492257,0.2481189971605804,0.0,19.992561814232438,0
35.509,-3.5391983271895313,-2.5240281574714323,0.6757192264876194,0.0,0.0,1e-12,0.22,1.0,4.4,3.8,10.15008385260637,7,9.89322735643118,2.75829848396043e+102,2.75829848396043e+102,0.4428643105492257,0.2481189971605804,0.0,19.992561814232438,0
35.509,-3.5391983271895313,-2.5240281574714323,0.6757192264876194,0.0,0.0,1e-12,0.22,1.0,4.4,3.8,10.15008385260637,7,9.84766937798596,1.8416257651360657e+106,1.8416257651360657e+106,0.12348125252965396,0.2481189971605804,0.0,19.998,0
35.839,-3.516098849561122,-2.5657794826785594,0.7452662414673029,0.0,0.0,1e-12,0.22,1.0,4.4,3.8,10.158138088159376,7,9.84766937798596,1.8416257651360657e+106,1.8416257651360657e+106,0.12348125252965396,0.2481189971605804,0.0,19.998,0
35.905,-3.5077573030938947,-2.569546579363612,0.7659835244335775,0.0,0.0,1e-12,0.22,1.0,4.4,3.8,10.154001634396044,7,9.84766937798596,1.8416257651360657e+106,1.8416257651360657e+106,0.12348125252965396,0.2481189971605804,0.0,19.998,0
35.938,-3.5046280415451867,-2.5744690587868027,0.7726130521310197,0.0,0.0,1e-12,0.22,1.0,4.4,3.8,10.15465411801962,7,9.84766937798596,1.8416257651360657e+106,1.8416257651360657e+106,0.12348125252965396,0.2481189971605804,0.0,19.998,0
36.103,-3.5037296325557663,-2.620954404647422,0.786031821422737,0.0,0.0,1e-12,0.22,1.0,4.4,3.8,10.183201734773855,7,9.84766937798596,1.8416257651360657e+106,1.8416257651360657e+106,0.12348125252965396,0.2481189971605804,0.0,19.998,0
36.202,-3.4849605601050495,-2.6240146772893156,0.817647272957753,0.0,0.0,1e-12,0.22,1.0,4.4,3.8,10.170573612556998,7,9.742967512974609,8.576541938817678e+112,8.576541938817678e+112,0.13115053332260226,0.2481189971605804,0.0,19.998,0
36.301,-3.463532923606109,-2.6259778872691584,0.8479943676188059,0.0,0.0,1e-12,0.22,1.0,4.4,3.8,10.155212545698364,7,9.742967512974609,8.576541938817678e+112,8.576541938817678e+112,0.13115053332260226,0.2481189971605804,0.0,19.998,0
36.367,-3.4536670627819923,-2.632001002115845,0.8605470928654577,0.0,0.0,1e-12,0.22,1.0,4.4,3.8,10.151390211406808,7,9.742967512974609,8.576541938817678e+112,8.576541938817678e+112,0.13115053332260226,0.2481189971605804,0.0,19.998,0
36.499,-3.428587873657131,-2.6383312751991674,0.8889925245678691,0.0,0.0,1e-12,0.22,1.0,4.4,3.8,10.136019815725462,7,9.742967512974609,8.576541938817678e+112,8.576541938817678e+112,0.13115053332260226,0.2481189971605804,0.0,19.998,0
36.499,-3.428587873657131,-2.6383312751991674,0.8889925245678691,0.0,0.0,1e-12,0.22,1.0,4.4,3.8,10.136019815725462,7,9.742967512974609,8.576541938817678e+112,8.576541938817678e+112,0.13115053332260226,0.2481189971605804,0.0,19.998,0
36.631,-3.402526798203191,-2.643208538187354,0.9166526464387701,0.0,0.0,1e-12,0.22,1.0,4.4,3.8,10.119009867731593,7,9.621024645498583,4.7538953488864167e+117,4.7538953488864167e+117,0.1673611143785583,0.2481189971605804,0.0,19.997549644321545,0
36.829,-3.358989587962704,-2.6408123337523484,0.9612586018117575,0.0,0.0,1e-12,0.22,1.0,4.4,3.8,10.083946794025145,7,9.621024645498583,4.7538953488864167e+117,4.7538953488864167e+117,0.1673611143785583,0.2481189971605804,0.0,19.997549644321545,0
36.895,-3.381565986764404,-2.7039253994640897,0.947276893175867,0.0,0.0,1e-12,0.22,1.0,4.4,3.8,10.141686980387572,7,9.621024645498583,4.7538953488864167e+117,4.7538953488864167e+117,0.1673611143785583,0.2481189971605804,0.0,19.997549644321545,0
37.027,-3.3514935119437363,-2.698761970464407,0.9799933546371264,0.0,0.0,1e-12,0.22,1.0,4.4,3.8,10.115313085340476,7,9.621024645498583,4.7538953488864167e+117,4.7538953488864167e+117,0.1673611143785583,0.2481189971605804,0.0,19.997549644321545,0
37.06,-3.3438298083635996,-2.6966857622546683,0.9877735477538289,0.0,0.0,1e-12,0.22,1.0,4.4,3.8,10.10810694415048,7,9.621024645498583,4.7538953488864167e+117,4.7538953488864167e+117,0.1673611143785583,0.2481189971605804,0.0,19.997549644321545,0
37.192,-3.3172581277779427,-2.6928360732578196,1.0174650321495207,0.0,0.0,1e-12,0.22,1.0,4.4,3.8,10.085285979334088,7,9.481136973925942,1.8506659616084816e+125,1.8506659616084816e+125,0.633770149848833,0.2481189971605804,0.0,19.991277229461595,0
37.291,-3.291969037852446,-2.6779201148097913,1.039295624879019,0.0,0.0,1e-12,0.22,1.0,4.4,3.8,10.056333163392011,7,9.481136973925942,1.8506659616084816e+125,1.8506659616084816e+125,0.633770149848833,0.2481189971605804,0.0,19.991277229461595,0
37.423,-3.258966980480743,-2.65494581561198,1.0639640268931998,0.0,0.0,1e-12,0.22,1.0,4.4,3.8,10.016291763451228,7,9.481136973925942,1.8506659616084816e+125,1.8506659616084816e+125,0.633770149848833,0.2481189971605804,0.0,19.991277229461595,0
37.423,-3.258966980480743,-2.65494581561198,1.0639640268931998,0.0,0.0,1e-12,0.22,1.0,4.4,3.8,10.016291763451228,7,9.481136973925942,1.8506659616084816e+125,1.8506659616084816e+125,0.633770149848833,0.2481189971605804,0.0,19.991277229461595,0
37.555,-3.2304957885889385,-2.635495951894557,1.091311465676584,0.0,0.0,1e-12,0.22,1.0,4.4,3.8,9.981987483789226,7,9.481136973925942,1.8506659616084816e+125,1.8506659616084816e+125,0.633770149848833,0.2481189971605804,0.0,19.991277229461595,0
37.72,-3.1894010892809987,-2.5853773521832704,1.124099828903663,0.0,0.0,1e-12,0.22,1.0,4.4,3.8,9.918268640430881,7,9.378496238088484,6.455785989961233e+133,6.455785989961233e+133,2.3149384593234363,0.2481189971605804,0.0,19.97015836528952,0
37.753,-3.18630464709975,-2.585951194609782,1.1309533298712786,0.0,0.0,1e-12,0.22,1.0,4.4,3.8,9.916268998900009,7,9.378496238088484,6.455785989961233e+133,6.455785989961233e+133,2.3149384593234363,0.2481189971605804,0.0,19.97015836528952,0
37.885,-3.179270754687646,-2.593850652734383,1.1465453201968434,0.0,0.0,1e-12,0.22,1.0,4.4,3.8,9.91598060417301,7,9.378496238088484,6.455785989961233e+133,6.455785989961233e+133,2.3149384593234363,0.2481189971605804,0.0,19.97015836528952,0
38.017,-3.157324704798535,-2.5687319485483515,1.160888729849885,0.0,0.0,1e-12,0.22,1.0,4.4,3.8,9.88301084317015,7,9.378496238088484,6.455785989961233e+133,6.455785989961233e+133,2.3149384593234363,0.2481189971605804,0.0,19.97015836528952,0
38.116,-3.1401847316757983,-2.535244548262497,1.1733921811767432,0.0,0.0,1e-12,0.22,1.0,4.4,3.8,9.848335355484526,7,9.378496238088484,6.455785989961233e+133,6.455785989961233e+133,2.3149384593234363,0.2481189971605804,0.0,19.97015836528952,0
38.215,-3.1259731661156525,-2.5099071433075486,1.1824706555107336,0.0,0.0,1e-12,0.22,1.0,4.4,3.8,9.82116084046364,7,9.342968437752734,3.549361285477145e+138,3.549361285477145e+138,3.0302667042157188,0.2481189971605804,0.0,19.962266809268552,0
38.314,-3.109960298696956,-2.4735309155071095,1.190107100650067,0.0,0.0,1e-12,0.22,1.0,4.4,3.8,9.785534928445555,7,9.342968437752734,3.549361285477145e+138,3.549361285477145e+138,3.0302667042157188,0.2481189971605804,0.0,19.962266809268552,0
38.347,-3.1094322553055957,-2.469002651059807,1.1918910143837773,0.0,0.0,1e-12,0.22,1.0,4.4,3.8,9.782227100002277,7,9.342968437752734,3.549361285477145e+138,3.549361285477145e+138,3.0302667042157188,0.2481189971605804,0.0,19.962266809268552,0
38.512,-3.098242967874552,-2.4341930375833405,1.1984647201704024,0.0,0.0,1e-12,0.22,1.0,4.4,3.8,9.751349159738501,7,9.342968437752734,3.549361285477145e+138,3.549361285477145e+138,3.0302667042157188,0.2481189971605804,0.0,19.962266809268552,0
38.512,-3.098242967874552,-2.4341930375833405,1.1984647201704024,0.0,0.0,1e-12,0.22,1.0,4.4,3.8,9.751349159738501,7,9.342968437752734,3.549361285477145e+138,3.549361285477145e+138,3.0302667042157188,0.2481189971605804,0.0,19.962266809268552,0
38.677,-3.1180330017024707,-2.460326468132197,1.2135128491435192,0.0,0.0,1e-12,0.22,1.0,4.4,3.8,9.78327694089685,7,9.342968437752734,3.549361285477145e+138,3.549361285477145e+138,3.0302667042157188,0.2481189971605804,0.0,19.962266809268552,0
38.776,-3.111968072108297,-2.433862692457758,1.208503520773341,0.0,0.0,1e-12,0.22,1.0,4.4,3.8,9.761695978916325,7,9.36713225339278,1.6280586980738795e+145,1.6280586980738795e+145,6.712225260232271,0.2481189971605804,0.0,19.92023827631823,0
38.908,-3.1103807321715844,-2.3981283029651137,1.1933410994882814,0.0,0.0,1e-12,0.22,1.0,4.4,3.8,9.737690342282988,7,9.36713225339278,1.6280586980738795e+145,1.6280586980738795e+145,6.712225260232271,0.2481189971605804,0.0,19.92023827631823,0
39.04,-3.110657359594649,-2.3646827940999775,1.1789943348588792,0.0,0.0,1e-12,0.22,1.0,4.4,3.8,9.716650036154723,7,9.36713225339278,1.6280586980738795e+145,1.6280586980738795e+145,6.712225260232271,0.2481189971605804,0.0,19.92023827631823,0
39.04,-3.110657359594649,-2.3646827940999775,1.1789943348588792,0.0,0.0,1e-12,0.22,1.0,4.4,3.8,9.716650036154723,7,9.36713225339278,1.6280586980738795e+145,1.6280586980738795e+145,6.712225260232271,0.2481189971605804,0.0,19.92023827631823,0
39.139,-3.110348628702795,-2.335675881357319,1.1594141537476614,0.0,0.0,1e-12,0.22,1.0,4.4,3.8,9.69803356592087,7,9.458366882424675,8.579568780738258e+150,8.579568780738258e+150,13.169342446667589,0.2481189971605804,0.0,19.84942085130827,0
39.139,-3.110348628702795,-2.335675881357319,1.1594141537476614,0.0,0.0,1e-12,0.22,1.0,4.4,3.8,9.69803356592087,7,9.458366882424675,8.579568780738258e+150,8.579568780738258e+150,13.169342446667589,0.2481189971605804,0.0,19.84942085130827,0
39.403,-3.1539690468224832,-2.334384729208691,1.1199422955264464,0.0,0.0,1e-12,0.22,1.0,4.4,3.8,9.731039223346135,7,9.458366882424675,8.579568780738258e+150,8.579568780738258e+150,13.169342446667589,0.2481189971605804,0.0,19.84942085130827,0
39.403,-3.1539690468224832,-2.334384729208691,1.1199422955264464,0.0,0.0,1e-12,0.22,1.0,4.4,3.8,9.731039223346135,7,9.458366882424675,8.579568780738258e+150,8.579568780738258e+150,13.169342446667589,0.2481189971605804,0.0,19.84942085130827,0
39.601,-3.1760680690965386,-2.3055607789880024,1.0663498706691155,0.0,0.0,1e-12,0.22,1.0,4.4,3.8,9.730091459667825,7,9.458366882424675,8.579568780738258e+150,8.579568780738258e+150,13.169342446667589,0.2481189971605804,0.0,19.84942085130827,0
39.7,-3.190741850555392,-2.2965572840988426,1.034856329457961,0.0,0.0,1e-12,0.22,1.0,4.4,3.8,9.735880677168952,7,9.558262971288244,6.296403713196304e+153,6.296403713196304e+153,28.279052110825706,0.2481189971605804,0.0,19.682660052561715,0
39.799,-3.199891202502412,-2.2822296710198415,1.000158562290398,0.0,0.0,1e-12,0.22,1.0,4.4,3.8,9.734056916872209,7,9.558262971288244,6.296403713196304e+153,6.296403713196304e+153,28.279052110825706,0.2481189971605804,0.0,19.682660052561715,0
39.931,-3.216259369713384,-2.2658546503296813,0.9701918274797634,0.0,0.0,1e-12,0.22,1.0,4.4,3.8,9.73663183167943,7,9.558262971288244,6.296403713196304e+153,6.296403713196304e+153,28.279052110825706,0.2481189971605804,0.0,19.682660052561715,0
39.997,-3.228051550076637,-2.2644297885844633,0.9543905037788465,0.0,0.0,1e-12,0.22,1.0,4.4,3.8,9.744971991303885,7,9.558262971288244,6.296403713196304e+153,6.296403713196304e+153,28.279052110825706,0.2481189971605804,0.0,19.682660052561715,0
40.063,-3.275577962597017,-2.310992560707845,0.9178505969511828,0.0,0.0,1e-12,0.22,1.0,4.4,3.8,9.811153201175262,7,9.558262971288244,6.296403713196304e+153,6.296403713196304e+153,28.279052110825706,0.2481189971605804,0.0,19.682660052561715,0
40.195,-3.290607326747784,-2.2990041978522147,0.8731508195677299,0.0,0.0,1e-12,0.22,1.0,4.4,3.8,9.815461948357074,7,5.466050300720829,4.1658179179946033e+155,4.1658179179946033e+155,1800.0555613792553,0.2481189971605804,0.0,0.029063347993362854,0
40.294,-3.303838238285702,-2.292175995378371,0.8487661927190211,0.0,0.0,1e-12,0.22,1.0,4.4,3.8,9.821595184100055,7,5.466050300720829,4.1658179179946033e+155,4.1658179179946033e+155,1800.0555613792553,0.2481189971605804,0.0,0.029063347993362854,0
40.393,-3.3204374457963186,-2.2909233544879126,0.8314787611718266,0.0,0.0,1e-12,0.22,1.0,4.4,3.8,9.833844704117524,7,5.466050300720829,4.1658179179946033e+155,4.1658179179946033e+155,1800.0555613792553,0.2481189971605804,0.0,0.029063347993362854,0
40.459,-3.3317815787860985,-2.291271948676092,0.8177163926252949,0.0,0.0,1e-12,0.22,1.0,4.4,3.8,9.842969081267313,7,5.466050300720829,4.1658179179946033e+155,4.1658179179946033e+155,1800.0555613792553,0.2481189971605804,0.0,0.029063347993362854,0
40.591,-3.352827818451815,-2.2916653686437667,0.7898625397046278,0.0,0.0,1e-12,0.22,1.0,4.4,3.8,9.859752844067348,7,5.466050300720829,4.1658179179946033e+155,4.1658179179946033e+155,1800.0555613792553,0.2481189971605804,0.0,0.029063347993362854,0
40.657,-3.3639501045927758,-2.294682491168544,0.7760033918969419,0.0,0.0,1e-12,0.22,1.0,4.4,3.8,9.870363513810553,7,299.4625594144434,4.845652782124915e+150,4.845652782124915e+150,1635.8077712677375,0.2481189971605804,0.0,1.1074077425524997,0
40.822,-3.4125586724004506,-2.329154724001125,0.7370031467579443,0.0,0.0,1e-12,0.22,1.0,4.4,3.8,9.929884724428819,7,299.4625594144434,4.845652782124915e+150,4.845652782124915e+150,1635.8077712677375,0.2481189971605804,0.0,1.1074077425524997,0
40.888,-3.4210684978122483,-2.334708374689911,0.7304246021246911,0.0,0.0,1e-12,0.22,1.0,4.4,3.8,9.940008012570296,7,299.4625594144434,4.845652782124915e+150,4.845652782124915e+150,1635.8077712677375,0.2481189971605804,0.0,1.1074077425524997,0
40.921,-3.4253599724583244,-2.3373887194112917,0.7294221180661294,0.0,0.0,1e-12,0.22,1.0,4.4,3.8,9.945038913534221,7,299.4625594144434,4.845652782124915e+150,4.845652782124915e+150,1635.8077712677375,0.2481189971605804,0.0,1.1074077425524997,0
40.921,-3.4253599724583244,-2.3373887194112917,0.7294221180661294,0.0,0.0,1e-12,0.22,1.0,4.4,3.8,9.945038913534221,7,6049.790293271075,2.7091875792994558e+147,2.7091875792994558e+147,1413.154518498703,0.2481189971605804,0.0,1.2349757355286561,0
41.218,-3.459483062621661,-2.369100126960901,0.7057505226085814,0.0,0.0,1e-12,0.22,1.0,4.4,3.8,9.991459872716588,7,6049.790293271075,2.7091875792994558e+147,2.7091875792994558e+147,1413.154518498703,0.2481189971605804,0.0,1.2349757355286561,0
41.317,-3.466925390580606,-2.38134487013278,0.7092494707813494,0.0,0.0,1e-12,0.22,1.0,4.4,3.8,10.004875786559204,7,6049.790293271075,2.7091875792994558e+147,2.7091875792994558e+147,1413.154518498703,0.2481189971605804,0.0,1.2349757355286561,0
41.416,-3.4772878861765752,-2.3981567897330422,0.7081672109310527,0.0,0.0,1e-12,0.22,1.0,4.4,3.8,10.023413192711255,7,6049.790293271075,2.7091875792994558e+147,2.7091875792994558e+147,1413.154518498703,0.2481189971605804,0.0,1.2349757355286561,0
41.416,-3.4772878861765752,-2.3981567897330422,0.7081672109310527,0.0,0.0,1e-12,0.22,1.0,4.4,3.8,10.023413192711255,7,6049.790293271075,2.7091875792994558e+147,2.7091875792994558e+147,1413.154518498703,0.2481189971605804,0.0,1.2349757355286561,0
41.614,-3.543896569052856,-2.5018288419310393,0.6383981983281121,0.0,0.0,1e-12,0.22,1.0,4.4,3.8,10.139947704638503,7,6049.790293271075,2.7091875792994558e+147,2.7091875792994558e+147,1413.154518498703,0.2481189971605804,0.0,1.2349757355286561,0
41.647,-3.5461521531900475,-2.507023628631366,0.6349458135128792,0.0,0.0,1e-12,0.22,1.0,4.4,3.8,10.144943622009992,7,5963.649086045945,9.587224209891769e+146,9.587224209891769e+146,1259.4775758549122,0.2481189971605804,0.0,1.1074077425524997,0
41.779,-3.542887309956781,-2.526153681893016,0.6629304938825216,0.0,0.0,1e-12,0.22,1.0,4.4,3.8,10.154293634990129,7,5963.649086045945,9.587224209891769e+146,9.587224209891769e+146,1259.4775758549122,0.2481189971605804,0.0,1.1074077425524997,0
41.911,-3.536041699070905,-2.5431396573509466,0.6940952707879001,0.0,0.0,1e-12,0.22,1.0,4.4,3.8,10.159536335977666,7,5963.649086045945,9.587224209891769e+146,9.587224209891769e+146,1259.4775758549122,0.2481189971605804,0.0,1.1074077425524997,0
42.01,-3.5272233481861353,-2.553763607575584,0.720913878470215,0.0,0.0,1e-12,0.22,1.0,4.4,3.8,10.159290427632202,7,5963.649086045945,9.587224209891769e+146,9.587224209891769e+146,1259.4775758549122,0.2481189971605804,0.0,1.1074077425524997,0
42.109,-3.52017422513865,-2.565545898115586,0.7411801427951161,0.0,0.0,1e-12,0.22,1.0,4.4,3.8,10.161167961291005,7,5963.649086045945,9.587224209891769e+146,9.587224209891769e+146,1259.4775758549122,0.2481189971605804,0.0,1.1074077425524997,0
42.208,-3.5046236037524587,-2.5714442335177585,0.7747501988549036,0.0,0.0,1e-12,0.22,1.0,4.4,3.8,10.152752136136645,7,17840.186446907555,1.4242853279974074e+146,1.4242853279974074e+146,1589.4868936330752,0.2481189971605804,0.0,1.1074077425524997,0
42.274,-3.496326291710122,-2.5776332027740585,0.7893004612133858,0.0,0.0,1e-12,0.22,1.0,4.4,3.8,10.150180992193127,7,17840.186446907555,1.4242853279974074e+146,1.4242853279974074e+146,1589.4868936330752,0.2481189971605804,0.0,1.1074077425524997,0
42.406,-3.500556243431671,-2.6229980539655493,0.788807419747163,0.0,0.0,1e-12,0.22,1.0,4.4,3.8,10.182027939309162,7,17840.186446907555,1.4242853279974074e+146,1.4242853279974074e+146,1589.4868936330752,0.2481189971605804,0.0,1.1074077425524997,0
42.505,-3.4793436140472003,-2.623273591004343,0.8248005052358952,0.0,0.0,1e-12,0.22,1.0,4.4,3.8,10.165751296048917,7,17840.186446907555,1.4242853279974074e+146,1.4242853279974074e+146,1589.4868936330752,0.2481189971605804,0.0,1.1074077425524997,0
42.604,-3.4616279079346266,-2.6288387582780524,0.8491946654851489,0.0,0.0,1e-12,0.22,1.0,4.4,3.8,10.15554829355632,7,17840.186446907555,1.4242853279974074e+146,1.4242853279974074e+146,1589.4868936330752,0.2481189971605804,0.0,1.1074077425524997,0
42.703,-3.443360411567683,-2.6343968745150907,0.8721282729034264,0.0,0.0,1e-12,0.22,1.0,4.4,3.8,10.144937933990368,7,22750.81494976322,2.946157904154226e+147,2.946157904154226e+147,1599.0078855884005,0.2481189971605804,0.0,1.1074077425524997,0
42.802,-3.4252557752958173,-2.6393600472785193,0.8909443292146149,0.0,0.0,1e-12,0.22,1.0,4.4,3.8,10.134100145907745,7,22750.81494976322,2.946157904154226e+147,2.946157904154226e+147,1599.0078855884005,0.2481189971605804,0.0,1.1074077425524997,0
42.934,-3.3977420303454755,-2.641602215876448,0.9235740240512889,0.0,0.0,1e-12,0.22,1.0,4.4,3.8,10.11429779467664,7,22750.81494976322,2.946157904154226e+147,2.946157904154226e+147,1599.0078855884005,0.2481189971605804,0.0,1.1074077425524997,0
43.0,-3.3851285059013394,-2.6453917435306322,0.9356094560042003,0.0,0.0,1e-12,0.22,1.0,4.4,3.8,10.106992657609407,7,22750.81494976322,2.946157904154226e+147,2.946157904154226e+147,1599.0078855884005,0.2481189971605804,0.0,1.1074077425524997,0
43.099,-3.3630439662031644,-2.6419553531069457,0.9557769679953313,0.0,0.0,1e-12,0.22,1.0,4.4,3.8,10.087796607417628,7,22750.81494976322,2.946157904154226e+147,2.946157904154226e+147,1599.0078855884005,0.2481189971605804,0.0,1.1074077425524997,0
43.198,-3.378557064452603,-2.706702077828168,0.9493056815922444,0.0,0.0,1e-12,0.22,1.0,4.4,3.8,10.141159792378724,7,23898.082228835035,3.1507470099404867e+147,3.1507470099404867e+147,1265.0259380624384,0.2481189971605804,0.0,1.1074077425524997,0
43.297,-3.357046470213776,-2.7029225750617307,0.9757821508004004,0.0,0.0,1e-12,0.22,1.0,4.4,3.8,10.122241449318599,7,23898.082228835035,3.1507470099404867e+147,3.1507470099404867e+147,1265.0259380624384,0.2481189971605804,0.0,1.1074077425524997,0
43.297,-3.357046470213776,-2.7029225750617307,0.9757821508004004,0.0,0.0,1e-12,0.22,1.0,4.4,3.8,10.122241449318599,7,23898.082228835035,3.1507470099404867e+147,3.1507470099404867e+147,1265.0259380624384,0.2481189971605804,0.0,1.1074077425524997,0
43.462,-3.3185068110064417,-2.693189628072318,1.0115511984013275,0.0,0.0,1e-12,0.22,1.0,4.4,3.8,10.086469101606308,7,23898.082228835035,3.1507470099404867e+147,3.1507470099404867e+147,1265.0259380624384,0.2481189971605804,0.0,1.1074077425524997,0
43.627,-3.280260826870966,-2.673678835629455,1.0457768134717715,0.0,0.0,1e-12,0.22,1.0,4.4,3.8,10.044646536122883,7,23898.082228835035,3.1507470099404867e+147,3.1507470099404867e+147,1265.0259380624384,0.2481189971605804,0.0,1.1074077425524997,0
43.627,-3.280260826870966,-2.673678835629455,1.0457768134717715,0.0,0.0,1e-12,0.22,1.0,4.4,3.8,10.044646536122883,7,33618.1681787412,2.323885016319094e+149,2.323885016319094e+149,1451.3271285022438,0.2481189971605804,0.0,1.1074077425524997,0
43.759,-3.247849762836861,-2.645546684698889,1.080315343980872,0.0,0.0,1e-12,0.22,1.0,4.4,3.8,10.001733752682915,7,33618.1681787412,2.323885016319094e+149,2.323885016319094e+149,1451.3271285022438,0.2481189971605804,0.0,1.1074077425524997,0
43.891,-3.2150790485141387,-2.613545371652973,1.1068733196920562,0.0,0.0,1e-12,0.22,1.0,4.4,3.8,9.956053090927663,7,33618.1681787412,2.323885016319094e+149,2.323885016319094e+149,1451.3271285022438,0.2481189971605804,0.0,1.1074077425524997,0
43.957,-3.1994795978560244,-2.597365997414228,1.1181545048091148,0.0,0.0,1e-12,0.22,1.0,4.4,3.8,9.933699304040852,7,33618.1681787412,2.323885016319094e+149,2.323885016319094e+149,1451.3271285022438,0.2481189971605804,0.0,1.1074077425524997,0
43.957,-3.1994795978560244,-2.597365997414228,1.1181545048091148,0.0,0.0,1e-12,0.22,1.0,4.4,3.8,9.933699304040852,7,33618.1681787412,2.323885016319094e+149,2.323885016319094e+149,1451.3271285022438,0.2481189971605804,0.0,1.1074077425524997,0
44.155,-3.1794753260396282,-2.5957691006269057,1.142102818769997,0.0,0.0,1e-12,0.22,1.0,4.4,3.8,9.91737407818105,7,39282.286044306085,2.578242457291757e+149,2.578242457291757e+149,1621.8939941081294,0.2481189971605804,0.0,1.1074077425524997,0
44.287,-3.161991240123862,-2.5752419404098936,1.15659207802397,0.0,0.0,1e-12,0.22,1.0,4.4,3.8,9.89077455584098,7,39282.286044306085,2.578242457291757e+149,2.578242457291757e+149,1621.8939941081294,0.2481189971605804,0.0,1.1074077425524997,0
44.419,-3.1373777956134465,-2.532786915091669,1.1750467258447592,0.0,0.0,1e-12,0.22,1.0,4.4,3.8,9.844605332148307,7,39282.286044306085,2.578242457291757e+149,2.578242457291757e+149,1621.8939941081294,0.2481189971605804,0.0,1.1074077425524997,0
44.485,-3.1266101218252484,-2.5109877210549643,1.183221284719585,0.0,0.0,1e-12,0.22,1.0,4.4,3.8,9.822343200136554,7,39282.286044306085,2.578242457291757e+149,2.578242457291757e+149,1621.8939941081294,0.2481189971605804,0.0,1.1074077425524997,0
44.617,-3.1092045662842,-2.4699252564993186,1.1888288636550035,0.0,0.0,1e-12,0.22,1.0,4.4,3.8,9.78264360693936,7,39282.286044306085,2.578242457291757e+149,2.578242457291757e+149,1621.8939941081294,0.2481189971605804,0.0,1.1074077425524997,0
44.65,-3.1042741665533256,-2.4612977089334453,1.190243720802286,0.0,0.0,1e-12,0.22,1.0,4.4,3.8,9.77333002444381,7,38026.312731061436,9.463868082929561e+149,9.463868082929561e+149,1626.66483075575,0.2481189971605804,0.0,1.1074077425524997,0
44.749,-3.09889516234432,-2.4416410070468584,1.1966290966284756,0.0,0.0,1e-12,0.22,1.0,4.4,3.8,9.756613711564068,7,38026.312731061436,9.463868082929561e+149,9.463868082929561e+149,1626.66483075575,0.2481189971605804,0.0,1.1074077425524997,0
44.914,-3.116495882338536,-2.4654296628986065,1.2135195964882497,0.0,0.0,1e-12,0.22,1.0,4.4,3.8,9.785362497625824,7,38026.312731061436,9.463868082929561e+149,9.463868082929561e+149,1626.66483075575,0.2481189971605804,0.0,1.1074077425524997,0
44.98,-3.116396870711929,-2.456072715402885,1.206632615013522,0.0,0.0,1e-12,0.22,1.0,4.4,3.8,9.779297916438404,7,38026.312731061436,9.463868082929561e+149,9.463868082929561e+149,1626.66483075575,0.2481189971605804,0.0,1.1074077425524997,0
44.98,-3.116396870711929,-2.456072715402885,1.206632615013522,0.0,0.0,1e-12,0.22,1.0,4.4,3.8,9.779297916438404,7,38026.312731061436,9.463868082929561e+149,9.463868082929561e+149,1626.66483075575,0.2481189971605804,0.0,1.1074077425524997,0
45.211,-3.1062153918363737,-2.3867528412600505,1.1935985044827246,0.0,0.0,1e-12,0.22,1.0,4.4,3.8,9.72723908555149,7,46926.87752065589,1.728943119930215e+150,1.728943119930215e+150,1634.0420930058197,0.2481189971605804,0.0,1.1074077425524997,0
45.31,-3.1099913634211718,-2.3674970249503478,1.1810345361939036,0.0,0.0,1e-12,0.22,1.0,4.4,3.8,9.717921065301569,7,46926.87752065589,1.728943119930215e+150,1.728943119930215e+150,1634.0420930058197,0.2481189971605804,0.0,1.1074077425524997,0
45.409,-3.1111706477141157,-2.3419660799313444,1.1647684405185403,0.0,0.0,1e-12,0.22,1.0,4.4,3.8,9.702650762864202,7,46926.87752065589,1.728943119930215e+150,1.728943119930215e+150,1634.0420930058197,0.2481189971605804,0.0,1.1074077425524997,0
45.442,-3.1122266141790917,-2.331861854636356,1.162529974215544,0.0,0.0,1e-12,0.22,1.0,4.4,3.8,9.69707577092832,7,46926.87752065589,1.728943119930215e+150,1.728943119930215e+150,1634.0420930058197,0.2481189971605804,0.0,1.1074077425524997,0
45.607,-3.1274260928168753,-2.3072032594839604,1.1249710604678262,0.0,0.0,1e-12,0.22,1.0,4.4,3.8,9.693300533640327,7,46926.87752065589,1.728943119930215e+150,1.728943119930215e+150,1634.0420930058197,0.2481189971605804,0.0,1.1074077425524997,0
45.706,-3.158826393742236,-2.3346080959698776,1.1152993100678483,0.0,0.0,1e-12,0.22,1.0,4.4,3.8,9.734951101154717,7,41307.64634092697,1.9412601414070804e+151,1.9412601414070804e+151,1304.6011030531877,0.2481189971605804,0.0,1.1074077425524997,0
45.772,-3.161711263351202,-2.3199211325897653,1.0956084875538628,0.0,0.0,1e-12,0.22,1.0,4.4,3.8,9.727944895989658,7,41307.64634092697,1.9412601414070804e+151,1.9412601414070804e+151,1304.6011030531877,0.2481189971605804,0.0,1.1074077425524997,0
45.904,-3.177192771070431,-2.303032425260226,1.060848721347649,0.0,0.0,1e-12,0.22,1.0,4.4,3.8,9.729381022127754,7,41307.64634092697,1.9412601414070804e+151,1.9412601414070804e+151,1304.6011030531877,0.2481189971605804,0.0,1.1074077425524997,0
46.003,-3.189362514290674,-2.2885881884796473,1.0340355724629169,0.0,0.0,1e-12,0.22,1.0,4.4,3.8,9.729816519452685,7,41307.64634092697,1.9412601414070804e+151,1.9412601414070804e+151,1304.6011030531877,0.2481189971605804,0.0,1.1074077425524997,0
46.102,-3.1992039829674437,-2.2726185079106673,1.0019289355403427,0.0,0.0,1e-12,0.22,1.0,4.4,3.8,9.727517500234447,7,41307.64634092697,1.9412601414070804e+151,1.9412601414070804e+151,1304.6011030531877,0.2481189971605804,0.0,1.1074077425524997,0
46.201,-3.217050780968291,-2.2682254930828143,0.9724533866818562,0.0,0.0,1e-12,0.22,1.0,4.4,3.8,9.738728009075405,7,40925.30759819874,4.818851721666377e+153,4.818851721666377e+153,1514.7244207748654,0.2481189971605804,0.0,2.8210297967442854,0
46.3,-3.2238664145184077,-2.2523767823617216,0.94599137692341,0.0,0.0,1e-12,0.22,1.0,4.4,3.8,9.734197646549664,7,40925.30759819874,4.818851721666377e+153,4.818851721666377e+153,1514.7244207748654,0.2481189971605804,0.0,2.8210297967442854,0
46.366,-3.2710309069418693,-2.3032404389934853,0.9124219365221957,0.0,0.0,1e-12,0.22,1.0,4.4,3.8,9.802767927040954,7,40925.30759819874,4.818851721666377e+153,4.818851721666377e+153,1514.7244207748654,0.2481189971605804,0.0,2.8210297967442854,0
46.498,-3.2908291190375936,-2.293359745109159,0.8687264589899435,0.0,0.0,1e-12,0.22,1.0,4.4,3.8,9.812129510027543,7,40925.30759819874,4.818851721666377e+153,4.818851721666377e+153,1514.7244207748654,0.2481189971605804,0.0,2.8210297967442854,0
46.498,-3.2908291190375936,-2.293359745109159,0.8687264589899435,0.0,0.0,1e-12,0.22,1.0,4.4,3.8,9.812129510027543,7,42496.070082032675,9.974656572258798e+154,9.974656572258798e+154,1682.1293948283733,0.2481189971605804,0.0,1.1074077425524997,0
46.63,-3.309688621358179,-2.2878227816708554,0.8391912047530508,0.0,0.0,1e-12,0.22,1.0,4.4,3.8,9.823486390245087,7,42496.070082032675,9.974656572258798e+154,9.974656572258798e+154,1682.1293948283733,0.2481189971605804,0.0,1.1074077425524997,0
46.795,-3.3431584471772164,-2.2940944154574483,0.804767705436073,0.0,0.0,1e-12,0.22,1.0,4.4,3.8,9.853653610849204,7,42496.070082032675,9.974656572258798e+154,9.974656572258798e+154,1682.1293948283733,0.2481189971605804,0.0,1.1074077425524997,0
46.894,-3.3544200030873,-2.2909676384844246,0.7830336432796061,0.0,0.0,1e-12,0.22,1.0,4.4,3.8,9.860573835094232,7,42496.070082032675,9.974656572258798e+154,9.974656572258798e+154,1682.1293948283733,0.2481189971605804,0.0,1.1074077425524997,0
47.026,-3.397626547824755,-2.3224726387112367,0.7498580086820461,0.0,0.0,1e-12,0.22,1.0,4.4,3.8,9.91401286014443,7,42496.070082032675,9.974656572258798e+154,9.974656572258798e+154,1682.1293948283733,0.2481189971605804,0.0,1.1074077425524997,0
47.092,-3.4104594759232287,-2.330671420850316,0.7391212536608492,0.0,0.0,1e-12,0.22,1.0,4.4,3.8,9.929169617620087,7,42496.070082032675,9.974656572258798e+154,9.974656572258798e+154,1682.1293948283733,0.2481189971605804,0.0,1.1074077425524997,0
47.158,-3.42023245255091,-2.334749523857976,0.7290935682981292,0.0,0.0,1e-12,0.22,1.0,4.4,3.8,9.939375600730967,7,44335.74821590785,8.554741496569865e+156,8.554741496569865e+156,1542.9893130035032,0.2481189971605804,0.0,2.8210297967442854,0
47.323,-3.4402426695342485,-2.349315570662347,0.7157879916747806,0.0,0.0,1e-12,0.22,1.0,4.4,3.8,9.964109950455981,7,44335.74821590785,8.554741496569865e+156,8.554741496569865e+156,1542.9893130035032,0.2481189971605804,0.0,2.8210297967442854,0
47.422,-3.4510127385758746,-2.35950109310225,0.7127695765042205,0.0,0.0,1e-12,0.22,1.0,4.4,3.8,9.978870413889965,7,44335.74821590785,8.554741496569865e+156,8.554741496569865e+156,1542.9893130035032,0.2481189971605804,0.0,2.8210297967442854,0
47.455,-3.452576924798879,-2.361046852847162,0.7100436306129434,0.0,0.0,1e-12,0.22,1.0,4.4,3.8,9.981055188849611,7,44335.74821590785,8.554741496569865e+156,8.554741496569865e+156,1542.9893130035032,0.2481189971605804,0.0,2.8210297967442854,0
47.62,-3.4694170806371636,-2.3840506025359933,0.7104239435952675,0.0,0.0,1e-12,0.22,1.0,4.4,3.8,10.008506733961353,7,44335.74821590785,8.554741496569865e+156,8.554741496569865e+156,1542.9893130035032,0.2481189971605804,0.0,2.8210297967442854,0
47.686,-3.473764656277881,-2.393894411549856,0.7107495301217086,0.0,0.0,1e-12,0.22,1.0,4.4,3.8,10.01800867657237,7,45158.284381901365,2.728987908336189e+157,2.728987908336189e+157,1525.5878439341577,0.2481189971605804,0.0,1.1074077425524997,0
47.818,-3.54297451300316,-2.489087588894902,0.6190977666870238,0.0,0.0,1e-12,0.22,1.0,4.4,3.8,10.131311209069123,7,45158.284381901365,2.728987908336189e+157,2.728987908336189e+157,1525.5878439341577,0.2481189971605804,0.0,1.1074077425524997,0
47.917,-3.545506571126297,-2.5067052788711104,0.6309873305940321,0.0,0.0,1e-12,0.22,1.0,4.4,3.8,10.144240047748864,7,45158.284381901365,2.728987908336189e+157,2.728987908336189e+157,1525.5878439341577,0.2481189971605804,0.0,1.1074077425524997,0
48.016,-3.544930423981439,-2.520878327945137,0.6585639428480515,0.0,0.0,1e-12,0.22,1.0,4.4,3.8,10.152606674080918,7,45158.284381901365,2.728987908336189e+157,2.728987908336189e+157,1525.5878439341577,0.2481189971605804,0.0,1.1074077425524997,0
48.115,-3.5412532277110644,-2.5329764869171982,0.6770614887770414,0.0,0.0,1e-12,0.22,1.0,4.4,3.8,10.157268038723675,7,45158.284381901365,2.728987908336189e+157,2.728987908336189e+157,1525.5878439341577,0.2481189971605804,0.0,1.1074077425524997,0
48.214,-3.5357225949957884,-2.546238551242742,0.6961278697507035,0.0,0.0,1e-12,0.22,1.0,4.4,3.8,10.161222212608395,7,223017539.22401905,3.0744628531280206e+156,3.0744628531280206e+156,1336.6816238903496,0.2481189971605804,0.0,1.2349757355286561,0
48.313,-3.5265157981487487,-2.5571460531485686,0.7252491210782489,0.0,0.0,1e-12,0.22,1.0,4.4,3.8,10.160854227837545,7,223017539.22401905,3.0744628531280206e+156,3.0744628531280206e+156,1336.6816238903496,0.2481189971605804,0.0,1.2349757355286561,0
48.412,-3.515644567194216,-2.566475726257837,0.7531288585079071,0.0,0.0,1e-12,0.22,1.0,4.4,3.8,10.158220419304829,7,223017539.22401905,3.0744628531280206e+156,3.0744628531280206e+156,1336.6816238903496,0.2481189971605804,0.0,1.2349757355286561,0
48.511,-3.5021322091641025,-2.573508999469976,0.7755656423099254,0.0,0.0,1e-12,0.22,1.0,4.4,3.8,10.152108668519734,7,223017539.22401905,3.0744628531280206e+156,3.0744628531280206e+156,1336.6816238903496,0.2481189971605804,0.0,1.2349757355286561,0
48.511,-3.5021322091641025,-2.573508999469976,0.7755656423099254,0.0,0.0,1e-12,0.22,1.0,4.4,3.8,10.152108668519734,7,223017539.22401905,3.0744628531280206e+156,3.0744628531280206e+156,1336.6816238903496,0.2481189971605804,0.0,1.2349757355286561,0
48.709,-3.4946511989365505,-2.6216360957259046,0.7992310930771644,0.0,0.0,1e-12,0.22,1.0,4.4,3.8,10.17658723240754,7,223017538.86731696,3.1258732246704796e+157,3.1258732246704796e+157,1696.6902693569423,0.2481189971605804,0.0,1.2349757355286561,0
48.808,-3.476243179741118,-2.624559584071728,0.8249276981296783,0.0,0.0,1e-12,0.22,1.0,4.4,3.8,10.16416117914835,7,223017538.86731696,3.1258732246704796e+157,3.1258732246704796e+157,1696.6902693569423,0.2481189971605804,0.0,1.2349757355286561,0
48.94,-3.45383328450017,-2.6333689437469303,0.8610164184191343,0.0,0.0,1e-12,0.22,1.0,4.4,3.8,10.152385592908212,7,223017538.86731696,3.1258732246704796e+157,3.1258732246704796e+157,1696.6902693569423,0.2481189971605804,0.0,1.2349757355286561,0
48.94,-3.45383328450017,-2.6333689437469303,0.8610164184191343,0.0,0.0,1e-12,0.22,1.0,4.4,3.8,10.152385592908212,7,223017538.86731696,3.1258732246704796e+157,3.1258732246704796e+157,1696.6902693569423,0.2481189971605804,0.0,1.2349757355286561,0
49.138,-3.416342422175021,-2.6449528870030705,0.8988300660642108,0.0,0.0,1e-12,0.22,1.0,4.4,3.8,10.130776207990289,7,223017538.86731696,3.1258732246704796e+157,3.1258732246704796e+157,1696.6902693569423,0.2481189971605804,0.0,1.2349757355286561,0
49.204,-3.4001219391403197,-2.6433609736228374,0.9183968911565213,0.0,0.0,1e-12,0.22,1.0,4.4,3.8,10.11725273490111,7,223017538.9428227,1.4609659429662423e+158,1.4609659429662423e+158,1525.183276135473,0.2481189971605804,0.0,1.2349757355286561,0
49.303,-3.3812223563674113,-2.647132405361475,0.934642021985725,0.0,0.0,1e-12,0.22,1.0,4.4,3.8,10.105094636444235,7,223017538.9428227,1.4609659429662423e+158,1.4609659429662423e+158,1525.183276135473,0.2481189971605804,0.0,1.2349757355286561,0
49.402,-3.3578470305447548,-2.6411349460230573,0.9642952548906684,0.0,0.0,1e-12,0.22,1.0,4.4,3.8,10.083273771063222,7,223017538.9428227,1.4609659429662423e+158,1.4609659429662423e+158,1525.183276135473,0.2481189971605804,0.0,1.2349757355286561,0
49.501,-3.372948289825776,-2.7034246062044978,0.9546846070469632,0.0,0.0,1e-12,0.22,1.0,4.4,3.8,10.13475489219604,7,223017538.9428227,1.4609659429662423e+158,1.4609659429662423e+158,1525.183276135473,0.2481189971605804,0.0,1.2349757355286561,0
49.6,-3.3508722296658067,-2.6995839754223607,0.9807209856898914,0.0,0.0,1e-12,0.22,1.0,4.4,3.8,10.115365152784735,7,223017538.9428227,1.4609659429662423e+158,1.4609659429662423e+158,1525.183276135473,0.2481189971605804,0.0,1.2349757355286561,0
49.699,-3.329414913955592,-2.6946950182135105,1.004809883861152,0.0,0.0,1e-12,0.22,1.0,4.4,3.8,10.095787155625189,7,223017538.75593308,1.600246206684481e+159,1.600246206684481e+159,1712.8509147334673,0.2481189971605804,0.0,1.2349757355286561,0
49.831,-3.2988593594089908,-2.6841668739690876,1.0294856246112685,0.0,0.0,1e-12,0.22,1.0,4.4,3.8,10.06562742631762,7,223017538.75593308,1.600246206684481e+159,1.600246206684481e+159,1712.8509147334673,0.2481189971605804,0.0,1.2349757355286561,0
49.864,-3.288931761044391,-2.676096544073543,1.038250968960849,0.0,0.0,1e-12,0.22,1.0,4.4,3.8,10.05283532512885,7,223017538.75593308,1.600246206684481e+159,1.600246206684481e+159,1712.8509147334673,0.2481189971605804,0.0,1.2349757355286561,0
50.029,-3.25003330035088,-2.649431060065656,1.0751223136869317,0.0,0.0,1e-12,0.22,1.0,4.4,3.8,10.005906780248205,7,223017538.75593308,1.600246206684481e+159,1.600246206684481e+159,1712.8509147334673,0.2481189971605804,0.0,1.2349757355286561,0
50.095,-3.2366489311762354,-2.6367982093153257,1.0868618994570125,0.0,0.0,1e-12,0.22,1.0,4.4,3.8,9.98753113063885,7,223017538.75593308,1.600246206684481e+159,1.600246206684481e+159,1712.8509147334673,0.2481189971605804,0.0,1.2349757355286561,0
50.161,-3.2198783224587006,-2.6225715678505654,1.1009327555911586,0.0,0.0,1e-12,0.22,1.0,4.4,3.8,9.965539182263973,7,223017538.73020282,1.740702300245548e+160,1.740702300245548e+160,1728.3359174327973,0.2481189971605804,0.0,1.2349757355286561,0
50.326,-3.186592431002912,-2.58844756758138,1.1322535539435048,0.0,0.0,1e-12,0.22,1.0,4.4,3.8,9.918096946384782,7,223017538.73020282,1.740702300245548e+160,1.740702300245548e+160,1728.3359174327973,0.2481189971605804,0.0,1.2349757355286561,0
50.425,-3.187899162183269,-2.610670026893101,1.1396719067541228,0.0,0.0,1e-12,0.22,1.0,4.4,3.8,9.933423573429614,7,223017538.73020282,1.740702300245548e+160,1.740702300245548e+160,1728.3359174327973,0.2481189971605804,0.0,1.2349757355286561,0
50.491,-3.173878955404438,-2.591356362674604,1.1488907591528636,0.0,0.0,1e-12,0.22,1.0,4.4,3.8,9.910251186817586,7,223017538.73020282,1.740702300245548e+160,1.740702300245548e+160,1728.3359174327973,0.2481189971605804,0.0,1.2349757355286561,0
50.623,-3.151546382336853,-2.5536888688181056,1.1668825373762244,0.0,0.0,1e-12,0.22,1.0,4.4,3.8,9.868901408278832,7,223017538.73020282,1.740702300245548e+160,1.740702300245548e+160,1728.3359174327973,0.2481189971605804,0.0,1.2349757355286561,0
50.722,-3.1328882975758217,-2.5209123432921245,1.1764606282986503,0.0,0.0,1e-12,0.22,1.0,4.4,3.8,9.833531357317039,7,223017539.12790173,1.4983130236350972e+161,1.4983130236350972e+161,1737.5480595298102,0.2481189971605804,0.0,1.2349757355286561,0
50.821,-3.1212083820617713,-2.49971619354336,1.1849139765638688,0.0,0.0,1e-12,0.22,1.0,4.4,3.8,9.810963237398695,7,223017539.12790173,1.4983130236350972e+161,1.4983130236350972e+161,1737.5480595298102,0.2481189971605804,0.0,1.2349757355286561,0
50.887,-3.1084175665922906,-2.469671943785311,1.1880023618695648,0.0,0.0,1e-12,0.22,1.0,4.4,3.8,9.781877153031537,7,223017539.12790173,1.4983130236350972e+161,1.4983130236350972e+161,1737.5480595298102,0.2481189971605804,0.0,1.2349757355286561,0
50.953,-3.1012299848969214,-2.451146786163886,1.194600438109653,0.0,0.0,1e-12,0.22,1.0,4.4,3.8,9.764491150514898,7,223017539.12790173,1.4983130236350972e+161,1.4983130236350972e+161,1737.5480595298102,0.2481189971605804,0.0,1.2349757355286561,0
51.085,-3.0995287890649514,-2.436273187981613,1.201782320303183,0.0,0.0,1e-12,0.22,1.0,4.4,3.8,9.753667788742467,7,223017539.12790173,1.4983130236350972e+161,1.4983130236350972e+161,1737.5480595298102,0.2481189971605804,0.0,1.2349757355286561,0
51.184,-3.120515328893006,-2.4756763162643787,1.2132336192572966,0.0,0.0,1e-12,0.22,1.0,4.4,3.8,9.79501220206674,7,223017539.43298516,7.401696213772834e+161,7.401696213772834e+161,1745.276888273093,0.2481189971605804,0.0,1.2349757355286561,0
51.316,-3.1143435959504626,-2.438856267974423,1.2067004623900686,0.0,0.0,1e-12,0.22,1.0,4.4,3.8,9.766713224542096,7,223017539.43298516,7.401696213772834e+161,7.401696213772834e+161,1745.276888273093,0.2481189971605804,0.0,1.2349757355286561,0
51.382,-3.110745190722608,-2.422632886351138,1.202918371568922,0.0,0.0,1e-12,0.22,1.0,4.4,3.8,9.753586691994975,7,223017539.43298516,7.401696213772834e+161,7.401696213772834e+161,1745.276888273093,0.2481189971605804,0.0,1.2349757355286561,0
51.514,-3.1084070917065896,-2.3851122046416853,1.1890486912516949,0.0,0.0,1e-12,0.22,1.0,4.4,3.8,9.727887234070785,7,223017539.43298516,7.401696213772834e+161,7.401696213772834e+161,1745.276888273093,0.2481189971605804,0.0,1.2349757355286561,0
51.547,-3.1102195002278856,-2.382266419487125,1.182883741606896,0.0,0.0,1e-12,0.22,1.0,4.4,3.8,9.727477320617167,7,223017539.43298516,7.401696213772834e+161,7.401696213772834e+161,1745.276888273093,0.2481189971605804,0.0,1.2349757355286561,0
51.679,-3.1112549489247745,-2.344913619077833,1.1637936149394768,0.0,0.0,1e-12,0.22,1.0,4.4,3.8,9.704582128751095,7,223017539.41996774,1.0051644254077968e+163,1.0051644254077968e+163,1756.3796764787141,0.2481189971605804,0.0,1.2349757355286561,0
51.811,-3.1167063849834493,-2.315409066721572,1.1429483992813874,0.0,0.0,1e-12,0.22,1.0,4.4,3.8,9.690154948781334,7,223017539.41996774,1.0051644254077968e+163,1.0051644254077968e+163,1756.3796764787141,0.2481189971605804,0.0,1.2349757355286561,0
51.91,-3.1493535490781053,-2.3467437222497978,1.1326095936241043,0.0,0.0,1e-12,0.22,1.0,4.4,3.8,9.735255384220565,7,223017539.41996774,1.0051644254077968e+163,1.0051644254077968e+163,1756.3796764787141,0.2481189971605804,0.0,1.2349757355286561,0
52.009,-3.158104853245495,-2.3291952721401508,1.1091398241063615,0.0,0.0,1e-12,0.22,1.0,4.4,3.8,9.730980611257957,7,223017539.41996774,1.0051644254077968e+163,1.0051644254077968e+163,1756.3796764787141,0.2481189971605804,0.0,1.2349757355286561,0
52.108,-3.1681989824026995,-2.3120753139054897,1.0829551120711092,0.0,0.0,1e-12,0.22,1.0,4.4,3.8,9.728057384704007,7,223017539.41996774,1.0051644254077968e+163,1.0051644254077968e+163,1756.3796764787141,0.2481189971605804,0.0,1.2349757355286561,0
52.141,-3.169625613526222,-2.3058827297404614,1.067404782896526,0.0,0.0,1e-12,0.22,1.0,4.4,3.8,9.725278188221408,7,223017539.66688254,1.357590889961926e+164,1.357590889961926e+164,1531.0715870310855,0.2481189971605804,0.0,1.2349757355286561,0
52.306,-3.193474982351204,-2.28887298247868,1.0213690065586134,0.0,0.0,1e-12,0.22,1.0,4.4,3.8,9.73320278759014,7,223017539.66688254,1.357590889961926e+164,1.357590889961926e+164,1531.0715870310855,0.2481189971605804,0.0,1.2349757355286561,0
52.405,-3.2069484203353493,-2.280019778096309,0.993413688659251,0.0,0.0,1e-12,0.22,1.0,4.4,3.8,9.738187961406616,7,223017539.66688254,1.357590889961926e+164,1.357590889961926e+164,1531.0715870310855,0.2481189971605804,0.0,1.2349757355286561,0
52.504,-3.217946533528449,-2.2646001617891325,0.965775376615593,0.0,0.0,1e-12,0.22,1.0,4.4,3.8,9.73717025167327,7,223017539.66688254,1.357590889961926e+164,1.357590889961926e+164,1531.0715870310855,0.2481189971605804,0.0,1.2349757355286561,0
52.603,-3.270868413784892,-2.3128680593477844,0.9258194003888671,0.0,0.0,1e-12,0.22,1.0,4.4,3.8,9.808637934626658,7,223017539.66688254,1.357590889961926e+164,1.357590889961926e+164,1531.0715870310855,0.2481189971605804,0.0,1.2349757355286561,0
52.702,-3.283181457445035,-2.302121834837203,0.8907903428442862,0.0,0.0,1e-12,0.22,1.0,4.4,3.8,9.811583368408188,7,223017539.66688254,1.357590889961926e+164,1.357590889961926e+164,1531.0715870310855,0.2481189971605804,0.0,1.2349757355286561,0
52.768,-3.286569233915069,-2.293992592150543,0.8727920391405619,0.0,0.0,1e-12,0.22,1.0,4.4,3.8,9.80918407926752,7,223017539.83030745,5.20205996607426e+164,5.20205996607426e+164,1591.8595930677243,0.2481189971605804,0.0,1.2349757355286561,0
52.9,-3.3110485753020167,-2.2926195683580604,0.8351441160002365,0.0,0.0,1e-12,0.22,1.0,4.4,3.8,9.827526816824609,7,223017539.83030745,5.20205996607426e+164,5.20205996607426e+164,1591.8595930677243,0.2481189971605804,0.0,1.2349757355286561,0
52.966,-3.322592075530269,-2.2919058116227644,0.830514809203425,0.0,0.0,1e-12,0.22,1.0,4.4,3.8,9.836144813021315,7,223017539.83030745,5.20205996607426e+164,5.20205996607426e+164,1591.8595930677243,0.2481189971605804,0.0,1.2349757355286561,0
53.131,-3.3486435331646884,-2.2903035002321217,0.7933547947679701,0.0,0.0,1e-12,0.22,1.0,4.4,3.8,9.855621407551864,7,223017539.83030745,5.20205996607426e+164,5.20205996607426e+164,1591.8595930677243,0.2481189971605804,0.0,1.2349757355286561,0
53.23,-3.3646835941103843,-2.2928086494942335,0.7791879038907397,0.0,0.0,1e-12,0.22,1.0,4.4,3.8,9.86978361242022,7,223017539.62788245,1.7103189961113775e+166,1.7103189961113775e+166,1601.959633638426,0.2481189971605804,0.0,1.2349757355286561,0
53.296,-3.3977062562661526,-2.324236235259302,0.7521940991763306,0.0,0.0,1e-12,0.22,1.0,4.4,3.8,9.915164765361961,7,223017539.62788245,1.7103189961113775e+166,1.7103189961113775e+166,1601.959633638426,0.2481189971605804,0.0,1.2349757355286561,0
53.395,-3.409872224184451,-2.326456739617649,0.7356941738773412,0.0,0.0,1e-12,0.22,1.0,4.4,3.8,9.926105799380455,7,223017539.62788245,1.7103189961113775e+166,1.7103189961113775e+166,1601.959633638426,0.2481189971605804,0.0,1.2349757355286561,0
53.395,-3.409872224184451,-2.326456739617649,0.7356941738773412,0.0,0.0,1e-12,0.22,1.0,4.4,3.8,9.926105799380455,7,223017539.62788245,1.7103189961113775e+166,1.7103189961113775e+166,1601.959633638426,0.2481189971605804,0.0,1.2349757355286561,0
53.56,-3.434832467519529,-2.3445983770396905,0.7222709278706007,0.0,0.0,1e-12,0.22,1.0,4.4,3.8,9.9569417498154,7,223017539.62788245,1.7103189961113775e+166,1.7103189961113775e+166,1601.959633638426,0.2481189971605804,0.0,1.2349757355286561,0
53.659,-3.446664706050914,-2.355119821229111,0.7151799564045663,0.0,0.0,1e-12,0.22,1.0,4.4,3.8,9.972745209964634,7,223017539.72522336,7.801043518145406e+166,7.801043518145406e+166,1798.186449738048,0.2481189971605804,0.0,1.2349757355286561,0
53.791,-3.459660250661974,-2.369705130567453,0.700914818473593,0.0,0.0,1e-12,0.22,1.0,4.4,3.8,9.991972810911076,7,223017539.72522336,7.801043518145406e+166,7.801043518145406e+166,1798.186449738048,0.2481189971605804,0.0,1.2349757355286561,0
53.857,-3.4659127695834546,-2.3778333661110462,0.706063752774546,0.0,0.0,1e-12,0.22,1.0,4.4,3.8,10.001910257452373,7,223017539.72522336,7.801043518145406e+166,7.801043518145406e+166,1798.186449738048,0.2481189971605804,0.0,1.2349757355286561,0
53.989,-3.4795980807030036,-2.4019559737275507,0.7035379751318008,0.0,0.0,1e-12,0.22,1.0,4.4,3.8,10.027578162920163,7,223017539.72522336,7.801043518145406e+166,7.801043518145406e+166,1798.186449738048,0.2481189971605804,0.0,1.2349757355286561,0
54.055,-3.5427429321489945,-2.482510893968023,0.6114858334549463,0.0,0.0,1e-12,0.22,1.0,4.4,3.8,10.127048356704421,7,223017539.72522336,7.801043518145406e+166,7.801043518145406e+166,1798.186449738048,0.2481189971605804,0.0,1.2349757355286561,0
54.154,-3.54562373075185,-2.498871418944322,0.619958825487385,0.0,0.0,1e-12,0.22,1.0,4.4,3.8,10.139463379443738,7,223017539.71693674,3.717134616581628e+167,3.717134616581628e+167,1806.5496289726757,0.2481189971605804,0.0,1.2349757355286561,0
54.319,-3.542914787133362,-2.5212691713759456,0.656413946629936,0.0,0.0,1e-12,0.22,1.0,4.4,3.8,10.151272789786006,7,223017539.71693674,3.717134616581628e+167,3.717134616581628e+167,1806.5496289726757,0.2481189971605804,0.0,1.2349757355286561,0
54.418,-3.5392380323365216,-2.534713901655577,0.6794600421405255,0.0,0.0,1e-12,0.22,1.0,4.4,3.8,10.156776100216403,7,223017539.71693674,3.717134616581628e+167,3.717134616581628e+167,1806.5496289726757,0.2481189971605804,0.0,1.2349757355286561,0
54.517,-3.53228926263361,-2.5461007123719193,0.7073334468444593,0.0,0.0,1e-12,0.22,1.0,4.4,3.8,10.158454961147381,7,223017539.71693674,3.717134616581628e+167,3.717134616581628e+167,1806.5496289726757,0.2481189971605804,0.0,1.2349757355286561,0
54.583,-3.528521396229075,-2.556794882871922,0.7199563625552515,0.0,0.0,1e-12,0.22,1.0,4.4,3.8,10.16219920653836,7,223017539.71693674,3.717134616581628e+167,3.717134616581628e+167,1806.5496289726757,0.2481189971605804,0.0,1.2349757355286561,0
54.715,-3.5137059300957985,-2.5665806713390684,0.7530483134902523,0.0,0.0,1e-12,0.22,1.0,4.4,3.8,10.156775619885558,7,223017539.37349468,7.213582955390507e+168,7.213582955390507e+168,873.9584279916436,0.2481189971605804,0.0,1.2349757355286561,0
54.814,-3.5019614641673202,-2.576237048438407,0.7803443623482025,0.0,0.0,1e-12,0.22,1.0,4.4,3.8,10.15368868338319,7,223017539.37349468,7.213582955390507e+168,7.213582955390507e+168,873.9584279916436,0.2481189971605804,0.0,1.2349757355286561,0
54.847,-3.495945203981648,-2.578563650086965,0.7886935985520329,0.0,0.0,1e-12,0.22,1.0,4.4,3.8,10.150469196174704,7,223017539.37349468,7.213582955390507e+168,7.213582955390507e+168,873.9584279916436,0.2481189971605804,0.0,1.2349757355286561,0
54.946,-3.5049284152205815,-2.619946170142473,0.7814573093191937,0.0,0.0,1e-12,0.22,1.0,4.4,3.8,10.18349655458717,7,223017539.37349468,7.213582955390507e+168,7.213582955390507e+168,873.9584279916436,0.2481189971605804,0.0,1.2349757355286561,0
55.111,-3.4725856941630466,-2.625504786216754,0.8325320798648509,0.0,0.0,1e-12,0.22,1.0,4.4,3.8,10.161924880141315,7,223017539.37349468,7.213582955390507e+168,7.213582955390507e+168,873.9584279916436,0.2481189971605804,0.0,1.2349757355286561,0
55.177,-3.4587974886433863,-2.62780452612445,0.8512224897696584,0.0,0.0,1e-12,0.22,1.0,4.4,3.8,10.152702546296407,7,223017539.39126322,7.902748730965105e+169,7.902748730965105e+169,1830.9193858977796,0.2481189971605804,0.0,1.2349757355286561,0
55.309,-3.4368735902979948,-2.6368517627227193,0.8786556632613296,0.0,0.0,1e-12,0.22,1.0,4.4,3.8,10.14148156265034,7,223017539.39126322,7.902748730965105e+169,7.902748730965105e+169,1830.9193858977796,0.2481189971605804,0.0,1.2349757355286561,0
55.408,-3.4174277394203205,-2.641162083673567,0.8984947173609229,0.0,0.0,1e-12,0.22,1.0,4.4,3.8,10.12920260678067,7,223017539.39126322,7.902748730965105e+169,7.902748730965105e+169,1830.9193858977796,0.2481189971605804,0.0,1.2349757355286561,0
55.474,-3.4049061952761797,-2.6443443568985185,0.910745903980072,0.0,0.0,1e-12,0.22,1.0,4.4,3.8,10.121567808761164,7,223017539.39126322,7.902748730965105e+169,7.902748730965105e+169,1830.9193858977796,0.2481189971605804,0.0,1.2349757355286561,0
55.54,-3.39267216858268,-2.6482384185038006,0.9300260998444098,0.0,0.0,1e-12,0.22,1.0,4.4,3.8,10.114619035281136,7,223017539.39126322,7.902748730965105e+169,7.902748730965105e+169,1830.9193858977796,0.2481189971605804,0.0,1.2349757355286561,0
55.639,-3.370161539016271,-2.644158894324971,0.9505073105829993,0.0,0.0,1e-12,0.22,1.0,4.4,3.8,10.094681480745955,7,223017539.39126322,7.902748730965105e+169,7.902748730965105e+169,1830.9193858977796,0.2481189971605804,0.0,1.2349757355286561,0
55.738,-3.382977157995654,-2.704919675179951,0.9469038176778249,0.0,0.0,1e-12,0.22,1.0,4.4,3.8,10.143407387186288,7,223017538.85603273,4.3534183294750046e+170,4.3534183294750046e+170,1078.4130336832577,0.2481189971605804,0.0,1.2349757355286561,0
55.903,-3.344892769818044,-2.696266982784228,0.98565967877675,0.0,0.0,1e-12,0.22,1.0,4.4,3.8,10.108652171659301,7,223017538.85603273,4.3534183294750046e+170,4.3534183294750046e+170,1078.4130336832577,0.2481189971605804,0.0,1.2349757355286561,0
56.002,-3.324666593525563,-2.6934512149890253,1.0059566310509243,0.0,0.0,1e-12,0.22,1.0,4.4,3.8,10.091351874876443,7,223017538.85603273,4.3534183294750046e+170,4.3534183294750046e+170,1078.4130336832577,0.2481189971605804,0.0,1.2349757355286561,0
56.068,-3.3091392440732292,-2.6883969981863625,1.0191843455603735,0.0,0.0,1e-12,0.22,1.0,4.4,3.8,10.07621573263414,7,223017538.85603273,4.3534183294750046e+170,4.3534183294750046e+170,1078.4130336832577,0.2481189971605804,0.0,1.2349757355286561,0
56.233,-3.269541486109413,-2.6646193669780533,1.0555970695875174,0.0,0.0,1e-12,0.22,1.0,4.4,3.8,10.030611654682934,7,223017538.85603273,4.3534183294750046e+170,4.3534183294750046e+170,1078.4130336832577,0.2481189971605804,0.0,1.2349757355286561,0
56.332,-3.246183307871031,-2.645426441767863,1.0803149535459173,0.0,0.0,1e-12,0.22,1.0,4.4,3.8,10.000382052392094,7,223017538.6419888,7.456223040326985e+171,7.456223040326985e+171,1472.0528796877413,0.2481189971605804,0.0,1.2349757355286561,0
56.431,-3.2223814244618394,-2.62181982438587,1.0969375454282466,0.0,0.0,1e-12,0.22,1.0,4.4,3.8,9.966968869062262,7,223017538.6419888,7.456223040326985e+171,7.456223040326985e+171,1472.0528796877413,0.2481189971605804,0.0,1.2349757355286561,0
56.464,-3.2127834647089295,-2.60873647637038,1.1078904653325328,0.0,0.0,1e-12,0.22,1.0,4.4,3.8,9.951199691700792,7,223017538.6419888,7.456223040326985e+171,7.456223040326985e+171,1472.0528796877413,0.2481189971605804,0.0,1.2349757355286561,0
56.596000000000004,-3.1855877584634573,-2.585444194126394,1.1286801877081751,0.0,0.0,1e-12,0.22,1.0,4.4,3.8,9.91539405155706,7,223017538.6419888,7.456223040326985e+171,7.456223040326985e+171,1472.0528796877413,0.2481189971605804,0.0,1.2349757355286561,0
56.695,-3.1893445307490262,-2.6130547924899497,1.1401808671127913,0.0,0.0,1e-12,0.22,1.0,4.4,3.8,9.936066735780738,7,223017538.5166678,7.082327519547563e+172,7.082327519547563e+172,1284.033369938687,0.2481189971605804,0.0,1.2349757355286561,0
56.827,-3.1631030654851537,-2.575191626186533,1.1570637015584195,0.0,0.0,1e-12,0.22,1.0,4.4,3.8,9.89159219993171,7,223017538.5166678,7.082327519547563e+172,7.082327519547563e+172,1284.033369938687,0.2481189971605804,0.0,1.2349757355286561,0
56.893,-3.1533084686307777,-2.5605983993038297,1.166387132034838,0.0,0.0,1e-12,0.22,1.0,4.4,3.8,9.874699024249594,7,223017538.5166678,7.082327519547563e+172,7.082327519547563e+172,1284.033369938687,0.2481189971605804,0.0,1.2349757355286561,0
56.992,-3.135431791673998,-2.528121461249493,1.1740440563291785,0.0,0.0,1e-12,0.22,1.0,4.4,3.8,9.840114507224884,7,223017538.5166678,7.082327519547563e+172,7.082327519547563e+172,1284.033369938687,0.2481189971605804,0.0,1.2349757355286561,0
57.058,-3.1257239480116255,-2.5092393673664324,1.1820291263841363,0.0,0.0,1e-12,0.22,1.0,4.4,3.8,9.820540837265638,7,223017538.5166678,7.082327519547563e+172,7.082327519547563e+172,1284.033369938687,0.2481189971605804,0.0,1.2349757355286561,0
57.223,-3.104495801010807,-2.4596747523862246,1.1914672529656705,0.0,0.0,1e-12,0.22,1.0,4.4,3.8,9.77246055162416,7,223017538.09169903,7.467649488484945e+173,7.467649488484945e+173,1872.784346250281,0.2481189971605804,0.0,1.2349757355286561,0
57.322,-3.0972389695937625,-2.4380549813412395,1.1977705523943298,0.0,0.0,1e-12,0.22,1.0,4.4,3.8,9.753046812018878,7,223017538.09169903,7.467649488484945e+173,7.467649488484945e+173,1872.784346250281,0.2481189971605804,0.0,1.2349757355286561,0
57.421,-3.094327873487372,-2.421743002346452,1.2005074933053943,0.0,0.0,1e-12,0.22,1.0,4.4,3.8,9.740381730844886,7,223017538.09169903,7.467649488484945e+173,7.467649488484945e+173,1872.784346250281,0.2481189971605804,0.0,1.2349757355286561,0
57.52,-3.1175864520718455,-2.4598673169772423,1.212505304238558,0.0,0.0,1e-12,0.22,1.0,4.4,3.8,9.782639975514485,7,223017538.09169903,7.467649488484945e+173,7.467649488484945e+173,1872.784346250281,0.2481189971605804,0.0,1.2349757355286561,0
57.619,-3.1133324303890353,-2.4344972881681826,1.2121963281160146,0.0,0.0,1e-12,0.22,1.0,4.4,3.8,9.76315116372332,7,223017538.09169903,7.467649488484945e+173,7.467649488484945e+173,1872.784346250281,0.2481189971605804,0.0,1.2349757355286561,0
57.718,-3.1100673878952407,-2.406913205915793,1.1945402843852841,0.0,0.0,1e-12,0.22,1.0,4.4,3.8,9.74304283663474,7,223017538.09169903,7.467649488484945e+173,7.467649488484945e+173,1872.784346250281,0.2481189971605804,0.0,1.2349757355286561,0
57.85,-3.1098733938554863,-2.3745973247158156,1.1857903865933572,0.0,0.0,1e-12,0.22,1.0,4.4,3.8,9.722337708294555,7,223017538.35004824,7.9328959752448e+174,7.9328959752448e+174,1885.3351661241045,0.2481189971605804,0.0,1.2349757355286561,0
57.916,-3.110197255643507,-2.358866165037751,1.1723916563945775,0.0,0.0,1e-12,0.22,1.0,4.4,3.8,9.712604967644987,7,223017538.35004824,7.9328959752448e+174,7.9328959752448e+174,1885.3351661241045,0.2481189971605804,0.0,1.2349757355286561,0
58.015,-3.11220817140105,-2.3321879833960932,1.1575822626411023,0.0,0.0,1e-12,0.22,1.0,4.4,3.8,9.697267711792438,7,223017538.35004824,7.9328959752448e+174,7.9328959752448e+174,1885.3351661241045,0.2481189971605804,0.0,1.2349757355286561,0
58.081,-3.112813202215659,-2.312889881857387,1.1396250054456005,0.0,0.0,1e-12,0.22,1.0,4.4,3.8,9.685545153428397,7,223017538.35004824,7.9328959752448e+174,7.9328959752448e+174,1885.3351661241045,0.2481189971605804,0.0,1.2349757355286561,0
58.18,-3.1288979328749114,-2.3081484452041203,1.1232095293622406,0.0,0.0,1e-12,0.22,1.0,4.4,3.8,9.695039015511885,7,223017538.3751126,1.3660224454886175e+176,1.3660224454886175e+176,1900.0704741392858,0.2481189971605804,0.0,1.2349757355286561,0
58.312,-3.1621635364491794,-2.3279160278161646,1.1069233993846577,0.0,0.0,1e-12,0.22,1.0,4.4,3.8,9.733327909608708,7,223017538.3751126,1.3660224454886175e+176,1.3660224454886175e+176,1900.0704741392858,0.2481189971605804,0.0,1.2349757355286561,0
58.345,-3.161687190314677,-2.319751035185835,1.0974181704370813,0.0,0.0,1e-12,0.22,1.0,4.4,3.8,9.72781917475994,7,223017538.3751126,1.3660224454886175e+176,1.3660224454886175e+176,1900.0704741392858,0.2481189971605804,0.0,1.2349757355286561,0
58.444,-3.1731227774656277,-2.306119327669471,1.065099059640644,0.0,0.0,1e-12,0.22,1.0,4.4,3.8,9.728148942440558,7,223017538.3751126,1.3660224454886175e+176,1.3660224454886175e+176,1900.0704741392858,0.2481189971605804,0.0,1.2349757355286561,0
58.609,-3.1969287052743005,-2.2876641326073885,1.0187553394986657,0.0,0.0,1e-12,0.22,1.0,4.4,3.8,9.735141516406175,7,223017538.3751126,1.3660224454886175e+176,1.3660224454886175e+176,1900.0704741392858,0.2481189971605804,0.0,1.2349757355286561,0
58.642,-3.201000601832651,-2.2835507755489126,1.0030564600862053,0.0,0.0,1e-12,0.22,1.0,4.4,3.8,9.735748568432841,7,223017538.6726718,1.0304903936031772e+177,1.0304903936031772e+177,1909.083246686848,0.2481189971605804,0.0,1.2349757355286561,0
58.807,-3.221121579861183,-2.264296823278733,0.9583978413840886,0.0,0.0,1e-12,0.22,1.0,4.4,3.8,9.739465596009586,7,223017538.6726718,1.0304903936031772e+177,1.0304903936031772e+177,1909.083246686848,0.2481189971605804,0.0,1.2349757355286561,0
58.807,-3.221121579861183,-2.264296823278733,0.9583978413840886,0.0,0.0,1e-12,0.22,1.0,4.4,3.8,9.739465596009586,7,223017538.6726718,1.0304903936031772e+177,1.0304903936031772e+177,1909.083246686848,0.2481189971605804,0.0,1.2349757355286561,0
59.005,-3.2801188819482148,-2.295806761472158,0.8883950973663697,0.0,0.0,1e-12,0.22,1.0,4.4,3.8,9.80525808503107,7,223017538.6726718,1.0304903936031772e+177,1.0304903936031772e+177,1909.083246686848,0.2481189971605804,0.0,1.2349757355286561,0
59.104,-3.296316886389232,-2.2904062428376424,0.8630755978683174,0.0,0.0,1e-12,0.22,1.0,4.4,3.8,9.814598403323274,7,223017538.6726718,1.0304903936031772e+177,1.0304903936031772e+177,1909.083246686848,0.2481189971605804,0.0,1.2349757355286561,0
59.236,-3.320829182495026,-2.2924202555360758,0.8328957725080519,0.0,0.0,1e-12,0.22,1.0,4.4,3.8,9.835079452415881,7,223017538.74899033,4.878449660256388e+177,4.878449660256388e+177,1520.0086339561603,0.2481189971605804,0.0,1.2349757355286561,0
59.236,-3.320829182495026,-2.2924202555360758,0.8328957725080519,0.0,0.0,1e-12,0.22,1.0,4.4,3.8,9.835079452415881,7,223017538.74899033,4.878449660256388e+177,4.878449660256388e+177,1520.0086339561603,0.2481189971605804,0.0,1.2349757355286561,0
59.335,-3.3383441898952584,-2.2935774758690877,0.80720659272439,0.0,0.0,1e-12,0.22,1.0,4.4,3.8,9.8495511195031,7,223017538.74899033,4.878449660256388e+177,4.878449660256388e+177,1520.0086339561603,0.2481189971605804,0.0,1.2349757355286561,0
59.5,-3.3616538442061716,-2.293244241273093,0.7768184011159105,0.0,0.0,1e-12,0.22,1.0,4.4,3.8,9.867669217251263,7,223017538.74899033,4.878449660256388e+177,4.878449660256388e+177,1520.0086339561603,0.2481189971605804,0.0,1.2349757355286561,0
59.566,-3.3953511581921565,-2.323205155622599,0.7471771333025076,0.0,0.0,1e-12,0.22,1.0,4.4,3.8,9.912675776871296,7,223017538.74899033,4.878449660256388e+177,4.878449660256388e+177,1520.0086339561603,0.2481189971605804,0.0,1.2349757355286561,0
59.665,-3.409800674938702,-2.3285496497591818,0.732004969168718,0.0,0.0,1e-12,0.22,1.0,4.4,3.8,9.927341406027919,7,223017538.87137574,2.5683917475431255e+178,2.5683917475431255e+178,1528.5856532695695,0.2481189971605804,0.0,1.2349757355286561,0
59.764,-3.423976754646469,-2.3363070441927136,0.7300469741570054,0.0,0.0,1e-12,0.22,1.0,4.4,3.8,9.94328297886857,7,223017538.87137574,2.5683917475431255e+178,2.5683917475431255e+178,1528.5856532695695,0.2481189971605804,0.0,1.2349757355286561,0
59.929,-3.4446945035454104,-2.3534309649351584,0.7124769468642412,0.0,0.0,1e-12,0.22,1.0,4.4,3.8,9.9701526815881,7,223017538.87137574,2.5683917475431255e+178,2.5683917475431255e+178,1528.5856532695695,0.2481189971605804,0.0,1.2349757355286561,0
60.028,-3.4556636850864533,-2.3650297863484497,0.7055715794137247,0.0,0.0,1e-12,0.22,1.0,4.4,3.8,9.985942329081903,7,223017538.87137574,2.5683917475431255e+178,2.5683917475431255e+178,1528.5856532695695,0.2481189971605804,0.0,1.2349757355286561,0
60.028,-3.4556636850864533,-2.3650297863484497,0.7055715794137247,0.0,0.0,1e-12,0.22,1.0,4.4,3.8,9.985942329081903,7,223017538.87137574,2.5683917475431255e+178,2.5683917475431255e+178,1528.5856532695695,0.2481189971605804,0.0,1.2349757355286561,0
60.193,-3.468732152517295,-2.385168246798658,0.7088245050104095,0.0,0.0,1e-12,0.22,1.0,4.4,3.8,10.008658847681135,7,223017538.336949,2.370107330603198e+179,2.370107330603198e+179,1528.6508380309256,0.2481189971605804,0.0,1.2349757355286561,0
60.292,-3.4719614965223142,-2.3959276207379,0.714473983373464,0.0,0.0,1e-12,0.22,1.0,4.4,3.8,10.017848915019265,7,223017538.336949,2.370107330603198e+179,2.370107330603198e+179,1528.6508380309256,0.2481189971605804,0.0,1.2349757355286561,0
60.325,-3.5420216187836906,-2.4797771757488127,0.6102552520929623,0.0,0.0,1e-12,0.22,1.0,4.4,3.8,10.124786850609906,7,223017538.336949,2.370107330603198e+179,2.370107330603198e+179,1528.6508380309256,0.2481189971605804,0.0,1.2349757355286561,0
60.523,-3.54411439525575,-2.5104457958720903,0.6500343192285202,0.0,0.0,1e-12,0.22,1.0,4.4,3.8,10.14547582262899,7,223017538.336949,2.370107330603198e+179,2.370107330603198e+179,1528.6508380309256,0.2481189971605804,0.0,1.2349757355286561,0
60.589,-3.5448137928620387,-2.5206885011139293,0.6575388078838207,0.0,0.0,1e-12,0.22,1.0,4.4,3.8,10.152397220921015,7,223017538.336949,2.370107330603198e+179,2.370107330603198e+179,1528.6508380309256,0.2481189971605804,0.0,1.2349757355286561,0
60.721000000000004,-3.537519016563227,-2.5375077836407267,0.685729803397587,0.0,0.0,1e-12,0.22,1.0,4.4,3.8,10.157175446255206,7,223017538.336949,2.370107330603198e+179,2.370107330603198e+179,1528.6508380309256,0.2481189971605804,0.0,1.2349757355286561,0
60.787,-3.5345293072154407,-2.54598913545935,0.7004497270258935,0.0,0.0,1e-12,0.22,1.0,4.4,3.8,10.160134518520355,7,223017538.15607515,1.555127591971613e+180,1.555127591971613e+180,1943.5932894367515,0.2481189971605804,0.0,1.2349757355286561,0
60.919,-3.522336048125292,-2.5610104467719452,0.735089037098517,0.0,0.0,1e-12,0.22,1.0,4.4,3.8,10.160012911574832,7,223017538.15607515,1.555127591971613e+180,1.555127591971613e+180,1943.5932894367515,0.2481189971605804,0.0,1.2349757355286561,0
61.018,-3.510662043021371,-2.568926389126794,0.7548618790352873,0.0,0.0,1e-12,0.22,1.0,4.4,3.8,10.155875014444335,7,223017538.15607515,1.555127591971613e+180,1.555127591971613e+180,1943.5932894367515,0.2481189971605804,0.0,1.2349757355286561,0
61.051,-3.5065128740173495,-2.573671890214776,0.7671389077233237,0.0,0.0,1e-12,0.22,1.0,4.4,3.8,10.155621063781185,7,223017538.15607515,1.555127591971613e+180,1.555127591971613e+180,1943.5932894367515,0.2481189971605804,0.0,1.2349757355286561,0
61.183,-3.512686987225662,-2.6182145100252123,0.769141413989886,0.0,0.0,1e-12,0.22,1.0,4.4,3.8,10.188429361511444,7,223017538.15607515,1.555127591971613e+180,1.555127591971613e+180,1943.5932894367515,0.2481189971605804,0.0,1.2349757355286561,0
61.315,-3.4888061891036624,-2.6229466546368414,0.8103192862908383,0.0,0.0,1e-12,0.22,1.0,4.4,3.8,10.17288094973842,7,223017538.09428775,1.792509832689961e+181,1.792509832689961e+181,1952.2743763705096,0.2481189971605804,0.0,1.2349757355286561,0
61.381,-3.4733611053197366,-2.623399400204516,0.8312738573686854,0.0,0.0,1e-12,0.22,1.0,4.4,3.8,10.16119456310671,7,223017538.09428775,1.792509832689961e+181,1.792509832689961e+181,1952.2743763705096,0.2481189971605804,0.0,1.2349757355286561,0
61.513,-3.4510304811781958,-2.6317296100342005,0.862252618392092,0.0,0.0,1e-12,0.22,1.0,4.4,3.8,10.149178557547394,7,223017538.09428775,1.792509832689961e+181,1.792509832689961e+181,1952.2743763705096,0.2481189971605804,0.0,1.2349757355286561,0
61.612,-3.4332008759347494,-2.6396308762104317,0.8827534457782634,0.0,0.0,1e-12,0.22,1.0,4.4,3.8,10.14040836379816,7,223017538.09428775,1.792509832689961e+181,1.792509832689961e+181,1952.2743763705096,0.2481189971605804,0.0,1.2349757355286561,0
61.678,-3.4214286882180738,-2.6428458617845694,0.8968313341555613,0.0,0.0,1e-12,0.22,1.0,4.4,3.8,10.133361215489915,7,223017538.3113415,2.1697596381375335e+182,2.1697596381375335e+182,1962.4630658089823,0.2481189971605804,0.0,1.2349757355286561,0
61.81,-3.391091676843145,-2.6419228529036265,0.9300381517062924,0.0,0.0,1e-12,0.22,1.0,4.4,3.8,10.10937582443825,7,223017538.3113415,2.1697596381375335e+182,2.1697596381375335e+182,1962.4630658089823,0.2481189971605804,0.0,1.2349757355286561,0
61.909,-3.3741265465000287,-2.6483597739893256,0.9462975446684777,0.0,0.0,1e-12,0.22,1.0,4.4,3.8,10.10041520610911,7,223017538.3113415,2.1697596381375335e+182,2.1697596381375335e+182,1962.4630658089823,0.2481189971605804,0.0,1.2349757355286561,0
62.008,-3.3519828126328273,-2.6429422928200226,0.9704867815849957,0.0,0.0,1e-12,0.22,1.0,4.4,3.8,10.079917803036079,7,223017538.3113415,2.1697596381375335e+182,2.1697596381375335e+182,1962.4630658089823,0.2481189971605804,0.0,1.2349757355286561,0
62.107,-3.365381305955049,-2.704316465920432,0.9663094760058211,0.0,0.0,1e-12,0.22,1.0,4.4,3.8,10.12952513772091,7,223017538.3113415,2.1697596381375335e+182,2.1697596381375335e+182,1962.4630658089823,0.2481189971605804,0.0,1.2349757355286561,0
62.206,-3.3424852304775117,-2.6978336143909813,0.9874302736088295,0.0,0.0,1e-12,0.22,1.0,4.4,3.8,10.10781476009883,7,223017538.12254032,2.6026345734554106e+183,2.6026345734554106e+183,1975.408764393003,0.2481189971605804,0.0,1.2349757355286561,0
62.338,-3.3125205465547762,-2.6892641615278485,1.0195979978800649,0.0,0.0,1e-12,0.22,1.0,4.4,3.8,10.079361216819214,7,223017538.12254032,2.6026345734554106e+183,2.6026345734554106e+183,1975.408764393003,0.2481189971605804,0.0,1.2349757355286561,0
62.404,-3.2974846144562067,-2.6830394382104314,1.0324035663966296,0.0,0.0,1e-12,0.22,1.0,4.4,3.8,10.06384964847855,7,223017538.12254032,2.6026345734554106e+183,2.6026345734554106e+183,1975.408764393003,0.2481189971605804,0.0,1.2349757355286561,0
62.503,-3.2736898339076097,-2.668087453908626,1.0521346295880554,0.0,0.0,1e-12,0.22,1.0,4.4,3.8,10.036018681649969,7,223017538.12254032,2.6026345734554106e+183,2.6026345734554106e+183,1975.408764393003,0.2481189971605804,0.0,1.2349757355286561,0
62.602,-3.2489749329448676,-2.648385742639772,1.0760356170190353,0.0,0.0,1e-12,0.22,1.0,4.4,3.8,10.004423832020453,7,223017538.12254032,2.6026345734554106e+183,2.6026345734554106e+183,1975.408764393003,0.2481189971605804,0.0,1.2349757355286561,0
62.734,-3.217818909419982,-2.617627339045313,1.1040347818141871,0.0,0.0,1e-12,0.22,1.0,4.4,3.8,9.96077836313902,7,223017538.26515228,2.029951516360628e+184,2.029951516360628e+184,1579.3279075807188,0.2481189971605804,0.0,1.2349757355286561,0
62.767,-3.2074081271573314,-2.600227470730372,1.1138764521056144,0.0,0.0,1e-12,0.22,1.0,4.4,3.8,9.941608023364786,7,223017538.26515228,2.029951516360628e+184,2.029951516360628e+184,1579.3279075807188,0.2481189971605804,0.0,1.2349757355286561,0
62.899,-3.203008733358027,-2.625105606242742,1.1240946232849638,0.0,0.0,1e-12,0.22,1.0,4.4,3.8,9.95428168432511,7,223017538.26515228,2.029951516360628e+184,2.029951516360628e+184,1579.3279075807188,0.2481189971605804,0.0,1.2349757355286561,0
62.899,-3.203008733358027,-2.625105606242742,1.1240946232849638,0.0,0.0,1e-12,0.22,1.0,4.4,3.8,9.95428168432511,7,223017538.26515228,2.029951516360628e+184,2.029951516360628e+184,1579.3279075807188,0.2481189971605804,0.0,1.2349757355286561,0
63.13,-3.160963239579276,-2.574785914829011,1.155673138097794,0.0,0.0,1e-12,0.22,1.0,4.4,3.8,9.88969466516391,7,223017538.26515228,2.029951516360628e+184,2.029951516360628e+184,1579.3279075807188,0.2481189971605804,0.0,1.2349757355286561,0
63.196,-3.147458065830617,-2.5494013051455093,1.1634472767108248,0.0,0.0,1e-12,0.22,1.0,4.4,3.8,9.863012733909205,7,223017538.63347888,5.403178218740068e+184,5.403178218740068e+184,1872.1636964955774,0.2481189971605804,0.0,1.2349757355286561,0
63.328,-3.125261711688507,-2.506950326563482,1.180483741665959,0.0,0.0,1e-12,0.22,1.0,4.4,3.8,9.818716120305355,7,223017538.63347888,5.403178218740068e+184,5.403178218740068e+184,1872.1636964955774,0.2481189971605804,0.0,1.2349757355286561,0
63.394,-3.1180618421814295,-2.493155634942963,1.1855514497480177,0.0,0.0,1e-12,0.22,1.0,4.4,3.8,9.804338922562744,7,223017538.63347888,5.403178218740068e+184,5.403178218740068e+184,1872.1636964955774,0.2481189971605804,0.0,1.2349757355286561,0
63.493,-3.1083420445880625,-2.4672116416707444,1.193227286171131,0.0,0.0,1e-12,0.22,1.0,4.4,3.8,9.780242431556703,7,223017538.63347888,5.403178218740068e+184,5.403178218740068e+184,1872.1636964955774,0.2481189971605804,0.0,1.2349757355286561,0
63.592,-3.0994526165116216,-2.4394756380774463,1.1988158436292615,0.0,0.0,1e-12,0.22,1.0,4.4,3.8,9.755657117050854,7,223017538.63347888,5.403178218740068e+184,5.403178218740068e+184,1872.1636964955774,0.2481189971605804,0.0,1.2349757355286561,0
63.724,-3.1057733853277485,-2.443083896716299,1.2121283241255194,0.0,0.0,1e-12,0.22,1.0,4.4,3.8,9.7628239077294,7,223017538.35619572,8.704745336321177e+185,8.704745336321177e+185,1793.737346898713,0.2481189971605804,0.0,1.2349757355286561,0
63.79,-3.1175784633207058,-2.4624671511418463,1.208649616153949,0.0,0.0,1e-12,0.22,1.0,4.4,3.8,9.784297663670806,7,223017538.35619572,8.704745336321177e+185,8.704745336321177e+185,1793.737346898713,0.2481189971605804,0.0,1.2349757355286561,0
63.922,-3.113257448505223,-2.4296081960391325,1.201384041329812,0.0,0.0,1e-12,0.22,1.0,4.4,3.8,9.759972119001015,7,223017538.35619572,8.704745336321177e+185,8.704745336321177e+185,1793.737346898713,0.2481189971605804,0.0,1.2349757355286561,0
64.021,-3.1095740093374964,-2.4018728740490802,1.195120628490744,0.0,0.0,1e-12,0.22,1.0,4.4,3.8,9.73945218929602,7,223017538.35619572,8.704745336321177e+185,8.704745336321177e+185,1793.737346898713,0.2481189971605804,0.0,1.2349757355286561,0
64.087,-3.1071703042101957,-2.3809022121478383,1.1880489239317298,0.0,0.0,1e-12,0.22,1.0,4.4,3.8,9.72425617374149,7,223017538.35619572,8.704745336321177e+185,8.704745336321177e+185,1793.737346898713,0.2481189971605804,0.0,1.2349757355286561,0
64.219,-3.110021761168754,-2.349525941375055,1.1695157167465984,0.0,0.0,1e-12,0.22,1.0,4.4,3.8,9.706549137405785,7,223017538.24823135,1.7127763999092415e+187,1.7127763999092415e+187,2019.0690528887599,0.2481189971605804,0.0,1.2349757355286561,0
64.318,-3.1128791196403656,-2.3273258726002606,1.1553331202078032,0.0,0.0,1e-12,0.22,1.0,4.4,3.8,9.694713766551581,7,223017538.24823135,1.7127763999092415e+187,1.7127763999092415e+187,2019.0690528887599,0.2481189971605804,0.0,1.2349757355286561,0
64.417,-3.1202758131490076,-2.3119505626986467,1.1361321906767412,0.0,0.0,1e-12,0.22,1.0,4.4,3.8,9.69074238573631,7,223017538.24823135,1.7127763999092415e+187,1.7127763999092415e+187,2019.0690528887599,0.2481189971605804,0.0,1.2349757355286561,0
64.45,-3.125927691973179,-2.3100030391958195,1.129007688322743,0.0,0.0,1e-12,0.22,1.0,4.4,3.8,9.693901421192136,7,223017538.24823135,1.7127763999092415e+187,1.7127763999092415e+187,2019.0690528887599,0.2481189971605804,0.0,1.2349757355286561,0
64.582,-3.159150289372382,-2.326626338106461,1.1050699067954204,0.0,0.0,1e-12,0.22,1.0,4.4,3.8,9.730174889697428,7,223017538.24823135,1.7127763999092415e+187,1.7127763999092415e+187,2019.0690528887599,0.2481189971605804,0.0,1.2349757355286561,0
64.681,-3.1668896222440814,-2.3111236978515626,1.0767841024453186,0.0,0.0,1e-12,0.22,1.0,4.4,3.8,9.726440839570667,7,223017538.2134682,1.9971786174342964e+188,1.9971786174342964e+188,1398.9561087082118,0.2481189971605804,0.0,1.2349757355286561,0
64.813,-3.186100305832844,-2.296743054176608,1.0411257471029312,0.0,0.0,1e-12,0.22,1.0,4.4,3.8,9.732378625947918,7,223017538.2134682,1.9971786174342964e+188,1.9971786174342964e+188,1398.9561087082118,0.2481189971605804,0.0,1.2349757355286561,0
64.879,-3.1942253552090123,-2.2875283296218023,1.0213463849206057,0.0,0.0,1e-12,0.22,1.0,4.4,3.8,9.732947133815506,7,223017538.2134682,1.9971786174342964e+188,1.9971786174342964e+188,1398.9561087082118,0.2481189971605804,0.0,1.2349757355286561,0
64.879,-3.1942253552090123,-2.2875283296218023,1.0213463849206057,0.0,0.0,1e-12,0.22,1.0,4.4,3.8,9.732947133815506,7,223017538.2134682,1.9971786174342964e+188,1.9971786174342964e+188,1398.9561087082118,0.2481189971605804,0.0,1.2349757355286561,0
65.077,-3.2171609015632967,-2.25922743384194,0.9643683443376829,0.0,0.0,1e-12,0.22,1.0,4.4,3.8,9.73321002009755,7,223017538.2134682,1.9971786174342964e+188,1.9971786174342964e+188,1398.9561087082118,0.2481189971605804,0.0,1.2349757355286561,0
65.242,-3.276944447596981,-2.3033538950812047,0.9027847058554344,0.0,0.0,1e-12,0.22,1.0,4.4,3.8,9.807466789140458,7,223017538.20050043,8.188792557254122e+188,8.188792557254122e+188,2037.3259453439123,0.2481189971605804,0.0,1.2349757355286561,0
65.308,-3.2826791407573745,-2.2933747520792735,0.8825618413416465,0.0,0.0,1e-12,0.22,1.0,4.4,3.8,9.80575212052118,7,223017538.20050043,8.188792557254122e+188,8.188792557254122e+188,2037.3259453439123,0.2481189971605804,0.0,1.2349757355286561,0
65.44,-3.307801456934322,-2.2929222684740918,0.8478520345633058,0.0,0.0,1e-12,0.22,1.0,4.4,3.8,9.825166923222543,7,223017538.20050043,8.188792557254122e+188,8.188792557254122e+188,2037.3259453439123,0.2481189971605804,0.0,1.2349757355286561,0
65.473,-3.311348429492687,-2.291533956853748,0.8377397100088403,0.0,0.0,1e-12,0.22,1.0,4.4,3.8,9.827089118784953,7,223017538.20050043,8.188792557254122e+188,8.188792557254122e+188,2037.3259453439123,0.2481189971605804,0.0,1.2349757355286561,0
65.605,-3.335553379215609,-2.292440413474074,0.8133107472016272,0.0,0.0,1e-12,0.22,1.0,4.4,3.8,9.846655080504556,7,223017538.20050043,8.188792557254122e+188,8.188792557254122e+188,2037.3259453439123,0.2481189971605804,0.0,1.2349757355286561,0
65.737,-3.3522971234997665,-2.2888453234926747,0.7864613767272175,0.0,0.0,1e-12,0.22,1.0,4.4,3.8,9.857593421542672,7,223017538.1638,7.572585410028143e+189,7.572585410028143e+189,2048.4304868449303,0.2481189971605804,0.0,1.2349757355286561,0
65.737,-3.3522971234997665,-2.2888453234926747,0.7864613767272175,0.0,0.0,1e-12,0.22,1.0,4.4,3.8,9.857593421542672,7,223017538.1638,7.572585410028143e+189,7.572585410028143e+189,2048.4304868449303,0.2481189971605804,0.0,1.2349757355286561,0
65.869,-3.398134307393805,-2.3242843894465492,0.748881562195756,0.0,0.0,1e-12,0.22,1.0,4.4,3.8,9.915531148605755,7,223017538.1638,7.572585410028143e+189,7.572585410028143e+189,2048.4304868449303,0.2481189971605804,0.0,1.2349757355286561,0
65.968,-3.411142746617274,-2.328194042513003,0.7374624384769138,0.0,0.0,1e-12,0.22,1.0,4.4,3.8,9.928177739682319,7,223017538.1638,7.572585410028143e+189,7.572585410028143e+189,2048.4304868449303,0.2481189971605804,0.0,1.2349757355286561,0
66.1,-3.4314438635749873,-2.341459639472199,0.7213264392046272,0.0,0.0,1e-12,0.22,1.0,4.4,3.8,9.952338393141199,7,223017538.1638,7.572585410028143e+189,7.572585410028143e+189,2048.4304868449303,0.2481189971605804,0.0,1.2349757355286561,0
66.232,-3.448178408951307,-2.3570833184379625,0.712669295208329,0.0,0.0,1e-12,0.22,1.0,4.4,3.8,9.975148085563267,7,223017538.11776194,6.263228085597062e+190,6.263228085597062e+190,2056.702274269342,0.2481189971605804,0.0,1.2349757355286561,0
66.331,-3.455289681288058,-2.3641930134614397,0.7098072193809256,0.0,0.0,1e-12,0.22,1.0,4.4,3.8,9.985131520623925,7,223017538.11776194,6.263228085597062e+190,6.263228085597062e+190,2056.702274269342,0.2481189971605804,0.0,1.2349757355286561,0
66.397,-3.4637006217773973,-2.374223978675428,0.7087139466270136,0.0,0.0,1e-12,0.22,1.0,4.4,3.8,9.997941248466748,7,223017538.11776194,6.263228085597062e+190,6.263228085597062e+190,2056.702274269342,0.2481189971605804,0.0,1.2349757355286561,0
66.496,-3.471513048358549,-2.3882175847075815,0.7076068171843873,0.0,0.0,1e-12,0.22,1.0,4.4,3.8,10.012729625140341,7,223017538.11776194,6.263228085597062e+190,6.263228085597062e+190,2056.702274269342,0.2481189971605804,0.0,1.2349757355286561,0
66.595,-3.4759418905447594,-2.401752155069219,0.7141605493574106,0.0,0.0,1e-12,0.22,1.0,4.4,3.8,10.024579315669234,7,223017538.11776194,6.263228085597062e+190,6.263228085597062e+190,2056.702274269342,0.2481189971605804,0.0,1.2349757355286561,0
66.661,-3.5410706792308932,-2.4844088486953484,0.6187930924484404,0.0,0.0,1e-12,0.22,1.0,4.4,3.8,10.12691454047584,7,223017537.78520685,6.875469814724002e+191,6.875469814724002e+191,2068.462909539975,0.2481189971605804,0.0,1.2349757355286561,0
66.826,-3.5448477592980057,-2.5144467240261603,0.6479555352508125,0.0,0.0,1e-12,0.22,1.0,4.4,3.8,10.148538976078639,7,223017537.78520685,6.875469814724002e+191,6.875469814724002e+191,2068.462909539975,0.2481189971605804,0.0,1.2349757355286561,0
66.892,-3.5439620536506053,-2.5235454453558983,0.6574693033779189,0.0,0.0,1e-12,0.22,1.0,4.4,3.8,10.153509743400164,7,223017537.78520685,6.875469814724002e+191,6.875469814724002e+191,2068.462909539975,0.2481189971605804,0.0,1.2349757355286561,0
66.892,-3.5439620536506053,-2.5235454453558983,0.6574693033779189,0.0,0.0,1e-12,0.22,1.0,4.4,3.8,10.153509743400164,7,223017537.78520685,6.875469814724002e+191,6.875469814724002e+191,2068.462909539975,0.2481189971605804,0.0,1.2349757355286561,0
67.09,-3.5337604259722095,-2.550234576624184,0.7040447604280871,0.0,0.0,1e-12,0.22,1.0,4.4,3.8,10.162186461331837,7,223017537.78520685,6.875469814724002e+191,6.875469814724002e+191,2068.462909539975,0.2481189971605804,0.0,1.2349757355286561,0
67.222,-3.520269994976468,-2.5629661894417013,0.7391554955690867,0.0,0.0,1e-12,0.22,1.0,4.4,3.8,10.159626741239208,7,223017537.78520685,6.875469814724002e+191,6.875469814724002e+191,2068.462909539975,0.2481189971605804,0.0,1.2349757355286561,0
67.288,-3.515164658231975,-2.57140809466111,0.7510675386226952,0.0,0.0,1e-12,0.22,1.0,4.4,3.8,10.16093857257476,7,223017537.49799767,1.5798321691303163e+192,1.5798321691303163e+192,1873.4334390821843,0.2481189971605804,0.0,1.2349757355286561,0
67.42,-3.496462487906165,-2.580233927346942,0.788243547450138,0.0,0.0,1e-12,0.22,1.0,4.4,3.8,10.151921236425064,7,223017537.49799767,1.5798321691303163e+192,1.5798321691303163e+192,1873.4334390821843,0.2481189971605804,0.0,1.2349757355286561,0
67.519,-3.5035183923928632,-2.6209138390117896,0.7865379189835254,0.0,0.0,1e-12,0.22,1.0,4.4,3.8,10.183012202040484,7,223017537.49799767,1.5798321691303163e+192,1.5798321691303163e+192,1873.4334390821843,0.2481189971605804,0.0,1.2349757355286561,0
67.585,-3.4913418266220475,-2.6235161991355334,0.8053386644721707,0.0,0.0,1e-12,0.22,1.0,4.4,3.8,10.175206935740974,7,223017537.49799767,1.5798321691303163e+192,1.5798321691303163e+192,1873.4334390821843,0.2481189971605804,0.0,1.2349757355286561,0
67.717,-3.4629214922572773,-2.625738308477681,0.8468225564622626,0.0,0.0,1e-12,0.22,1.0,4.4,3.8,10.154587495434711,7,223017537.35266444,2.5361156114976825e+193,2.5361156114976825e+193,2085.7030195265525,0.2481189971605804,0.0,1.2349757355286561,0
67.816,-3.4485085158858055,-2.6333420770367697,0.8656379103566219,0.0,0.0,1e-12,0.22,1.0,4.4,3.8,10.148249908437602,7,223017537.35266444,2.5361156114976825e+193,2.5361156114976825e+193,2085.7030195265525,0.2481189971605804,0.0,1.2349757355286561,0
67.882,-3.4341483850768464,-2.635732735335502,0.8816774161653351,0.0,0.0,1e-12,0.22,1.0,4.4,3.8,10.138665432889633,7,223017537.35266444,2.5361156114976825e+193,2.5361156114976825e+193,2085.7030195265525,0.2481189971605804,0.0,1.2349757355286561,0
68.014,-3.410806206170881,-2.64490883372271,0.9103311640715416,0.0,0.0,1e-12,0.22,1.0,4.4,3.8,10.126477347298742,7,223017537.35266444,2.5361156114976825e+193,2.5361156114976825e+193,2085.7030195265525,0.2481189971605804,0.0,1.2349757355286561,0
68.113,-3.389884316207763,-2.6466639292514893,0.9325700000419065,0.0,0.0,1e-12,0.22,1.0,4.4,3.8,10.111467424494426,7,223017537.35266444,2.5361156114976825e+193,2.5361156114976825e+193,2085.7030195265525,0.2481189971605804,0.0,1.2349757355286561,0
68.212,-3.3695044424661575,-2.6467607093606538,0.953179608614465,0.0,0.0,1e-12,0.22,1.0,4.4,3.8,10.095836910591297,7,223017537.49015278,1.9977886496031376e+194,1.9977886496031376e+194,1874.6706158634602,0.2481189971605804,0.0,1.2349757355286561,0
68.311,-3.380971032672802,-2.7041989195493983,0.9445833768542558,0.0,0.0,1e-12,0.22,1.0,4.4,3.8,10.141405908273311,7,223017537.49015278,1.9977886496031376e+194,1.9977886496031376e+194,1874.6706158634602,0.2481189971605804,0.0,1.2349757355286561,0
68.41,-3.358738426455411,-2.699274195279068,0.9753292368824606,0.0,0.0,1e-12,0.22,1.0,4.4,3.8,10.121194941091499,7,223017537.49015278,1.9977886496031376e+194,1.9977886496031376e+194,1874.6706158634602,0.2481189971605804,0.0,1.2349757355286561,0
68.41,-3.358738426455411,-2.699274195279068,0.9753292368824606,0.0,0.0,1e-12,0.22,1.0,4.4,3.8,10.121194941091499,7,223017537.49015278,1.9977886496031376e+194,1.9977886496031376e+194,1874.6706158634602,0.2481189971605804,0.0,1.2349757355286561,0
68.575,-3.324042750109977,-2.6943383780093484,1.0068477562962428,0.0,0.0,1e-12,0.22,1.0,4.4,3.8,10.091445256929832,7,223017537.49015278,1.9977886496031376e+194,1.9977886496031376e+194,1874.6706158634602,0.2481189971605804,0.0,1.2349757355286561,0
68.707,-3.2911502641519332,-2.6776202901796684,1.0372306456249702,0.0,0.0,1e-12,0.22,1.0,4.4,3.8,10.055513761589294,7,223017537.57467562,2.2413520685171677e+195,2.2413520685171677e+195,1673.663541586634,0.2481189971605804,0.0,1.2349757355286561,0
68.773,-3.2763327608812656,-2.6686071340750104,1.0543173984862033,0.0,0.0,1e-12,0.22,1.0,4.4,3.8,10.03837451536777,7,223017537.57467562,2.2413520685171677e+195,2.2413520685171677e+195,1673.663541586634,0.2481189971605804,0.0,1.2349757355286561,0
68.905,-3.245861219879373,-2.6467131904618326,1.0807569494043197,0.0,0.0,1e-12,0.22,1.0,4.4,3.8,10.0009651911068,7,223017537.57467562,2.2413520685171677e+195,2.2413520685171677e+195,1673.663541586634,0.2481189971605804,0.0,1.2349757355286561,0
68.971,-3.230892108301739,-2.6347105104745348,1.0937484189554434,0.0,0.0,1e-12,0.22,1.0,4.4,3.8,9.981784095148182,7,223017537.57467562,2.2413520685171677e+195,2.2413520685171677e+195,1673.663541586634,0.2481189971605804,0.0,1.2349757355286561,0
69.136,-3.190944438336347,-2.585167136844654,1.1287070580507321,0.0,0.0,1e-12,0.22,1.0,4.4,3.8,9.91931433272232,7,223017537.57467562,2.2413520685171677e+195,2.2413520685171677e+195,1673.663541586634,0.2481189971605804,0.0,1.2349757355286561,0
69.235,-3.194664804603822,-2.617130061313556,1.1345741150902402,0.0,0.0,1e-12,0.22,1.0,4.4,3.8,9.94276076942929,7,223017537.7921331,5.35464271320266e+195,5.35464271320266e+195,2109.652143486145,0.2481189971605804,0.0,1.2349757355286561,0
69.334,-3.1733820229629455,-2.5891512482839807,1.1509575775812702,0.0,0.0,1e-12,0.22,1.0,4.4,3.8,9.90844937107654,7,223017537.7921331,5.35464271320266e+195,5.35464271320266e+195,2109.652143486145,0.2481189971605804,0.0,1.2349757355286561,0
69.433,-3.156655390949196,-2.5666982511990666,1.163001530900646,0.0,0.0,1e-12,0.22,1.0,4.4,3.8,9.881188558032013,7,223017537.7921331,5.35464271320266e+195,5.35464271320266e+195,2109.652143486145,0.2481189971605804,0.0,1.2349757355286561,0
69.466,-3.1522783671973205,-2.5590730918843967,1.1673217017015507,0.0,0.0,1e-12,0.22,1.0,4.4,3.8,9.872928599132317,7,223017537.7921331,5.35464271320266e+195,5.35464271320266e+195,2109.652143486145,0.2481189971605804,0.0,1.2349757355286561,0
69.631,-3.126003560287492,-2.509914574682076,1.182552085259464,0.0,0.0,1e-12,0.22,1.0,4.4,3.8,9.821188906097127,7,223017537.7921331,5.35464271320266e+195,5.35464271320266e+195,2109.652143486145,0.2481189971605804,0.0,1.2349757355286561,0
69.697,-3.114841739134334,-2.485919260484781,1.1849547809618954,0.0,0.0,1e-12,0.22,1.0,4.4,3.8,9.797225490595237,7,223017538.06983915,4.643822827216411e+196,4.643822827216411e+196,1685.6465287852502,0.2481189971605804,0.0,1.2349757355286561,0
69.796,-3.102563143831361,-2.4532898411182007,1.1925942972029886,0.0,0.0,1e-12,0.22,1.0,4.4,3.8,9.766887301705125,7,223017538.06983915,4.643822827216411e+196,4.643822827216411e+196,1685.6465287852502,0.2481189971605804,0.0,1.2349757355286561,0
69.928,-3.0976627195393913,-2.4330275370284165,1.197204477400565,0.0,0.0,1e-12,0.22,1.0,4.4,3.8,9.75015787222573,7,223017538.06983915,4.643822827216411e+196,4.643822827216411e+196,1685.6465287852502,0.2481189971605804,0.0,1.2349757355286561,0
70.027,-3.119967580214462,-2.471977654737707,1.2141044648153898,0.0,0.0,1e-12,0.22,1.0,4.4,3.8,9.792222225266626,7,223017538.06983915,4.643822827216411e+196,4.643822827216411e+196,1685.6465287852502,0.2481189971605804,0.0,1.2349757355286561,0
70.06,-3.119033811810436,-2.4673363691502415,1.2162172316338467,0.0,0.0,1e-12,0.22,1.0,4.4,3.8,9.788532812797937,7,223017538.06983915,4.643822827216411e+196,4.643822827216411e+196,1685.6465287852502,0.2481189971605804,0.0,1.2349757355286561,0
70.225,-3.111572937057,-2.424391717785856,1.2049028760218243,0.0,0.0,1e-12,0.22,1.0,4.4,3.8,9.755346239122847,7,223017538.45829025,3.2184263736673564e+197,3.2184263736673564e+197,2128.415321856316,0.2481189971605804,0.0,1.2349757355286561,0
70.291,-3.109400128417435,-2.4038722048892582,1.1941143582846192,0.0,0.0,1e-12,0.22,1.0,4.4,3.8,9.740591389811673,7,223017538.45829025,3.2184263736673564e+197,3.2184263736673564e+197,2128.415321856316,0.2481189971605804,0.0,1.2349757355286561,0
70.324,-3.1101993113516095,-2.3973873688479053,1.1937406540752638,0.0,0.0,1e-12,0.22,1.0,4.4,3.8,9.737078817375453,7,223017538.45829025,3.2184263736673564e+197,3.2184263736673564e+197,2128.415321856316,0.2481189971605804,0.0,1.2349757355286561,0
70.522,-3.1120730120646165,-2.3483633468867406,1.1615614762192188,0.0,0.0,1e-12,0.22,1.0,4.4,3.8,9.707399898218362,7,223017538.45829025,3.2184263736673564e+197,3.2184263736673564e+197,2128.415321856316,0.2481189971605804,0.0,1.2349757355286561,0
70.588,-3.112868546284791,-2.3306235193681726,1.1558074543699572,0.0,0.0,1e-12,0.22,1.0,4.4,3.8,9.69679011477435,7,223017538.45829025,3.2184263736673564e+197,3.2184263736673564e+197,2128.415321856316,0.2481189971605804,0.0,1.2349757355286561,0
70.72,-3.1244764396379785,-2.310111908163067,1.1315572706707648,0.0,0.0,1e-12,0.22,1.0,4.4,3.8,9.692843402270727,7,223017538.69277623,1.274826848372227e+198,1.274826848372227e+198,2133.963115496053,0.2481189971605804,0.0,1.2349757355286561,0
70.819,-3.1539690468224832,-2.334384729208691,1.1199422955264464,0.0,0.0,1e-12,0.22,1.0,4.4,3.8,9.731039223346135,7,223017538.69277623,1.274826848372227e+198,1.274826848372227e+198,2133.963115496053,0.2481189971605804,0.0,1.2349757355286561,0
70.852,-3.1556674104668314,-2.328867560556157,1.114695862928566,0.0,0.0,1e-12,0.22,1.0,4.4,3.8,9.728881106911942,7,223017538.69277623,1.274826848372227e+198,1.274826848372227e+198,2133.963115496053,0.2481189971605804,0.0,1.2349757355286561,0
70.984,-3.1719496634732836,-2.309742732018507,1.0734650099147767,0.0,0.0,1e-12,0.22,1.0,4.4,3.8,9.729510674110294,7,223017538.69277623,1.274826848372227e+198,1.274826848372227e+198,2133.963115496053,0.2481189971605804,0.0,1.2349757355286561,0
71.116,-3.191059236915135,-2.2972189405434227,1.03454609467887,0.0,0.0,1e-12,0.22,1.0,4.4,3.8,9.736542463691928,7,223017538.69277623,1.274826848372227e+198,1.274826848372227e+198,2133.963115496053,0.2481189971605804,0.0,1.2349757355286561,0
71.215,-3.200371112555893,-2.281319644802995,1.004327985461898,0.0,0.0,1e-12,0.22,1.0,4.4,3.8,9.733863039453603,7,223017538.95637095,5.125823122444448e+198,5.125823122444448e+198,1921.9674568255582,0.2481189971605804,0.0,1.2349757355286561,0
71.248,-3.206544988966309,-2.2817974938409655,0.9968488563090011,0.0,0.0,1e-12,0.22,1.0,4.4,3.8,9.73898287426663,7,223017538.95637095,5.125823122444448e+198,5.125823122444448e+198,1921.9674568255582,0.2481189971605804,0.0,1.2349757355286561,0
71.413,-3.2279614566646115,-2.2659206001080507,0.9501792928354308,0.0,0.0,1e-12,0.22,1.0,4.4,3.8,9.745829298278116,7,223017538.95637095,5.125823122444448e+198,5.125823122444448e+198,1921.9674568255582,0.2481189971605804,0.0,1.2349757355286561,0
71.413,-3.2279614566646115,-2.2659206001080507,0.9501792928354308,0.0,0.0,1e-12,0.22,1.0,4.4,3.8,9.745829298278116,7,223017538.95637095,5.125823122444448e+198,5.125823122444448e+198,1921.9674568255582,0.2481189971605804,0.0,1.2349757355286561,0
71.611,-3.29038896820857,-2.298806431653831,0.8729249486511274,0.0,0.0,1e-12,0.22,1.0,4.4,3.8,9.815167974778944,7,223017538.95637095,5.125823122444448e+198,5.125823122444448e+198,1921.9674568255582,0.2481189971605804,0.0,1.2349757355286561,0
71.743,-3.3128037305695575,-2.2952807355815983,0.8379313069969377,0.0,0.0,1e-12,0.22,1.0,4.4,3.8,9.830553831389146,7,223017539.39901045,1.2651928925326726e+200,1.2651928925326726e+200,2155.5894812145375,0.2481189971605804,0.0,1.2349757355286561,0
71.776,-3.314694127903534,-2.291167864799554,0.8324725997076765,0.0,0.0,1e-12,0.22,1.0,4.4,3.8,9.829487852593136,7,223017539.39901045,1.2651928925326726e+200,1.2651928925326726e+200,2155.5894812145375,0.2481189971605804,0.0,1.2349757355286561,0
71.908,-3.3379768805811585,-2.2915283737037573,0.8099514414925973,0.0,0.0,1e-12,0.22,1.0,4.4,3.8,9.847994929529891,7,223017539.39901045,1.2651928925326726e+200,1.2651928925326726e+200,2155.5894812145375,0.2481189971605804,0.0,1.2349757355286561,0
72.007,-3.3525972698414197,-2.291408255790622,0.7899452316918785,0.0,0.0,1e-12,0.22,1.0,4.4,3.8,9.859412709034286,7,223017539.39901045,1.2651928925326726e+200,1.2651928925326726e+200,2155.5894812145375,0.2481189971605804,0.0,1.2349757355286561,0
72.139,-3.3964952806570707,-2.3241649879446897,0.7500156497459685,0.0,0.0,1e-12,0.22,1.0,4.4,3.8,9.914168420037837,7,223017539.39901045,1.2651928925326726e+200,1.2651928925326726e+200,2155.5894812145375,0.2481189971605804,0.0,1.2349757355286561,0
72.139,-3.3964952806570707,-2.3241649879446897,0.7500156497459685,0.0,0.0,1e-12,0.22,1.0,4.4,3.8,9.914168420037837,7,223017539.332115,1.1442765455360635e+201,1.1442765455360635e+201,2165.8283832219495,0.2481189971605804,0.0,1.2349757355286561,0
72.139,-3.3964952806570707,-2.3241649879446897,0.7500156497459685,0.0,0.0,1e-12,0.22,1.0,4.4,3.8,9.914168420037837,7,223017539.332115,1.1442765455360635e+201,1.1442765455360635e+201,2165.8283832219495,0.2481189971605804,0.0,1.2349757355286561,0
72.337,-3.4253599724583244,-2.3373887194112917,0.7294221180661294,0.0,0.0,1e-12,0.22,1.0,4.4,3.8,9.945038913534221,7,223017539.332115,1.1442765455360635e+201,1.1442765455360635e+201,2165.8283832219495,0.2481189971605804,0.0,1.2349757355286561,0
72.502,-3.4454267532183693,-2.354283531265124,0.7125804666374974,0.0,0.0,1e-12,0.22,1.0,4.4,3.8,9.971255022479149,7,223017539.332115,1.1442765455360635e+201,1.1442765455360635e+201,2165.8283832219495,0.2481189971605804,0.0,1.2349757355286561,0
72.634,-3.4590665998830175,-2.369462413374451,0.7032429722033112,0.0,0.0,1e-12,0.22,1.0,4.4,3.8,9.991355978616562,7,223017539.332115,1.1442765455360635e+201,1.1442765455360635e+201,2165.8283832219495,0.2481189971605804,0.0,1.2349757355286561,0
72.667,-3.4614050561432856,-2.3705842044828436,0.7067914792281834,0.0,0.0,1e-12,0.22,1.0,4.4,3.8,9.993888076287845,7,223017539.35636175,2.2940176582697327e+201,2.2940176582697327e+201,1722.7425182539228,0.2481189971605804,0.0,1.2349757355286561,0
72.799,-3.4743116996284007,-2.3930991770787005,0.7063901166050093,0.0,0.0,1e-12,0.22,1.0,4.4,3.8,10.017947003255587,7,223017539.35636175,2.2940176582697327e+201,2.2940176582697327e+201,1722.7425182539228,0.2481189971605804,0.0,1.2349757355286561,0
72.898,-3.540973663644896,-2.4812222623150606,0.6078792818818507,0.0,0.0,1e-12,0.22,1.0,4.4,3.8,10.124861274867136,7,223017539.35636175,2.2940176582697327e+201,2.2940176582697327e+201,1722.7425182539228,0.2481189971605804,0.0,1.2349757355286561,0
72.964,-3.545782605199461,-2.4929743924438355,0.6135558899545782,0.0,0.0,1e-12,0.22,1.0,4.4,3.8,10.135925607118681,7,223017539.35636175,2.2940176582697327e+201,2.2940176582697327e+201,1722.7425182539228,0.2481189971605804,0.0,1.2349757355286561,0
73.063,-3.5461521531900475,-2.507023628631366,0.6349458135128792,0.0,0.0,1e-12,0.22,1.0,4.4,3.8,10.144943622009992,7,223017539.35636175,2.2940176582697327e+201,2.2940176582697327e+201,1722.7425182539228,0.2481189971605804,0.0,1.2349757355286561,0
73.228,-3.541855758257562,-2.5307899367323587,0.6702996054801171,0.0,0.0,1e-12,0.22,1.0,4.4,3.8,10.156376032227268,7,223017539.12954885,1.6445528586840016e+202,1.6445528586840016e+202,1735.9629547771872,0.2481189971605804,0.0,1.2349757355286561,0
73.294,-3.5379622821826846,-2.5380158177516576,0.688798690754434,0.0,0.0,1e-12,0.22,1.0,4.4,3.8,10.157838830156006,7,223017539.12954885,1.6445528586840016e+202,1.6445528586840016e+202,1735.9629547771872,0.2481189971605804,0.0,1.2349757355286561,0
73.426,-3.5272233481861353,-2.553763607575584,0.720913878470215,0.0,0.0,1e-12,0.22,1.0,4.4,3.8,10.159290427632202,7,223017539.12954885,1.6445528586840016e+202,1.6445528586840016e+202,1735.9629547771872,0.2481189971605804,0.0,1.2349757355286561,0
73.525,-3.5206543509965664,-2.56647993403174,0.7394700729558817,0.0,0.0,1e-12,0.22,1.0,4.4,3.8,10.162127341181552,7,223017539.12954885,1.6445528586840016e+202,1.6445528586840016e+202,1735.9629547771872,0.2481189971605804,0.0,1.2349757355286561,0
73.624,-3.5047070521917436,-2.5724060308875987,0.7720682762156525,0.0,0.0,1e-12,0.22,1.0,4.4,3.8,10.153420714392885,7,223017539.12954885,1.6445528586840016e+202,1.6445528586840016e+202,1735.9629547771872,0.2481189971605804,0.0,1.2349757355286561,0
73.723,-3.5170721575674393,-2.6177006095607838,0.7623001275989989,0.0,0.0,1e-12,0.22,1.0,4.4,3.8,10.191511794728317,7,245507412.8250771,1.260392737725771e+202,1.260392737725771e+202,2140.620188190872,0.2481189971605804,0.0,1.5782503553060234,0
73.723,-3.5170721575674393,-2.6177006095607838,0.7623001275989989,0.0,0.0,1e-12,0.22,1.0,4.4,3.8,10.191511794728317,7,245507412.8250771,1.260392737725771e+202,1.260392737725771e+202,2140.620188190872,0.2481189971605804,0.0,1.5782503553060234,0
73.888,-3.485815477329321,-2.6212712780353593,0.8161840233022455,0.0,0.0,1e-12,0.22,1.0,4.4,3.8,10.169503948994196,7,245507412.8250771,1.260392737725771e+202,1.260392737725771e+202,2140.620188190872,0.2481189971605804,0.0,1.5782503553060234,0
74.02,-3.4615588351997375,-2.6295023623747116,0.8472611475416925,0.0,0.0,1e-12,0.22,1.0,4.4,3.8,10.15591492417542,7,245507412.8250771,1.260392737725771e+202,1.260392737725771e+202,2140.620188190872,0.2481189971605804,0.0,1.5782503553060234,0
74.119,-3.44323509071095,-2.6340462758247853,0.872613825226386,0.0,0.0,1e-12,0.22,1.0,4.4,3.8,10.144618680246902,7,245507412.8250771,1.260392737725771e+202,1.260392737725771e+202,2140.620188190872,0.2481189971605804,0.0,1.5782503553060234,0
74.218,-3.4258706081589136,-2.6407331238921965,0.8895353869521246,0.0,0.0,1e-12,0.22,1.0,4.4,3.8,10.135447397567,7,245507412.71837923,2.845821514075242e+202,2.845821514075242e+202,1705.4581854360476,0.2481189971605804,0.0,1.5782503553060234,0
74.317,-3.4060743083191634,-2.6435200525819638,0.9157279055831491,0.0,0.0,1e-12,0.22,1.0,4.4,3.8,10.121943823941445,7,245507412.71837923,2.845821514075242e+202,2.845821514075242e+202,1705.4581854360476,0.2481189971605804,0.0,1.5782503553060234,0
74.416,-3.3855639114807095,-2.6464767185975653,0.9346074656431106,0.0,0.0,1e-12,0.22,1.0,4.4,3.8,10.10801995957523,7,245507412.71837923,2.845821514075242e+202,2.845821514075242e+202,1705.4581854360476,0.2481189971605804,0.0,1.5782503553060234,0
74.482,-3.371556442804905,-2.6451692491117877,0.9494736353337766,0.0,0.0,1e-12,0.22,1.0,4.4,3.8,10.096400160126313,7,245507412.71837923,2.845821514075242e+202,2.845821514075242e+202,1705.4581854360476,0.2481189971605804,0.0,1.5782503553060234,0
74.548,-3.359141331773014,-2.646008178550618,0.9618450082387059,0.0,0.0,1e-12,0.22,1.0,4.4,3.8,10.087382992846546,7,245507412.71837923,2.845821514075242e+202,2.845821514075242e+202,1705.4581854360476,0.2481189971605804,0.0,1.5782503553060234,0
74.68,-3.36359260719209,-2.7031091360752284,0.9643354714804494,0.0,0.0,1e-12,0.22,1.0,4.4,3.8,10.12737866410419,7,245507417.49326432,4.372183778280867e+204,4.372183778280867e+204,1508.9668780848283,0.2481189971605804,0.0,1.5782503553060234,0
74.779,-3.341136543088816,-2.697329096187789,0.9925857196668652,0.0,0.0,1e-12,0.22,1.0,4.4,3.8,10.106457359674234,7,245507417.49326432,4.372183778280867e+204,4.372183778280867e+204,1508.9668780848283,0.2481189971605804,0.0,1.5782503553060234,0
74.878,-3.3176256286635692,-2.692734232750725,1.009585100083296,0.0,0.0,1e-12,0.22,1.0,4.4,3.8,10.085501631616442,7,245507417.49326432,4.372183778280867e+204,4.372183778280867e+204,1508.9668780848283,0.2481189971605804,0.0,1.5782503553060234,0
75.01,-3.2867882875838825,-2.6741479540964836,1.0417178163134833,0.0,0.0,1e-12,0.22,1.0,4.4,3.8,10.049940592345234,7,245507417.49326432,4.372183778280867e+204,4.372183778280867e+204,1508.9668780848283,0.2481189971605804,0.0,1.5782503553060234,0
75.076,-3.26949089005254,-2.6619079839152247,1.0579746227041014,0.0,0.0,1e-12,0.22,1.0,4.4,3.8,10.028825719155071,7,245507417.49326432,4.372183778280867e+204,4.372183778280867e+204,1508.9668780848283,0.2481189971605804,0.0,1.5782503553060234,0
75.208,-3.2379418215676776,-2.637138487836232,1.0887846787253725,0.0,0.0,1e-12,0.22,1.0,4.4,3.8,9.988739018576624,7,245507412.12133643,1.4930889255963796e+205,1.4930889255963796e+205,1727.194495564554,0.2481189971605804,0.0,1.5782503553060234,0
75.307,-3.215401566983592,-2.6143436908813755,1.1066513641054712,0.0,0.0,1e-12,0.22,1.0,4.4,3.8,9.956814049241146,7,245507412.12133643,1.4930889255963796e+205,1.4930889255963796e+205,1727.194495564554,0.2481189971605804,0.0,1.5782503553060234,0
75.406,-3.1892705856233587,-2.580733460902522,1.121543889206554,0.0,0.0,1e-12,0.22,1.0,4.4,3.8,9.915179651468197,7,245507412.12133643,1.4930889255963796e+205,1.4930889255963796e+205,1727.194495564554,0.2481189971605804,0.0,1.5782503553060234,0
75.505,-3.1932107539411665,-2.612380787719462,1.1355812197782607,0.0,0.0,1e-12,0.22,1.0,4.4,3.8,9.93858525749422,7,245507412.12133643,1.4930889255963796e+205,1.4930889255963796e+205,1727.194495564554,0.2481189971605804,0.0,1.5782503553060234,0
75.604,-3.1739728060440964,-2.5893676557784993,1.1460505927284985,0.0,0.0,1e-12,0.22,1.0,4.4,3.8,9.909040473598033,7,245507412.12133643,1.4930889255963796e+205,1.4930889255963796e+205,1727.194495564554,0.2481189971605804,0.0,1.5782503553060234,0
75.67,-3.165148129693032,-2.5778603524834973,1.1562198968708572,0.0,0.0,1e-12,0.22,1.0,4.4,3.8,9.894875891085189,7,245507416.71181324,3.9375101069821206e+205,3.9375101069821206e+205,1716.1672003879391,0.2481189971605804,0.0,1.5782503553060234,0
75.802,-3.1429845209819525,-2.5400881885648054,1.1712802001906628,0.0,0.0,1e-12,0.22,1.0,4.4,3.8,9.85359496440524,7,245507416.71181324,3.9375101069821206e+205,3.9375101069821206e+205,1716.1672003879391,0.2481189971605804,0.0,1.5782503553060234,0
75.901,-3.1266101218252484,-2.5109877210549643,1.183221284719585,0.0,0.0,1e-12,0.22,1.0,4.4,3.8,9.822343200136554,7,245507416.71181324,3.9375101069821206e+205,3.9375101069821206e+205,1716.1672003879391,0.2481189971605804,0.0,1.5782503553060234,0
76.0,-3.1143173212181137,-2.4826369734563705,1.1890181193973135,0.0,0.0,1e-12,0.22,1.0,4.4,3.8,9.794717563268456,7,245507416.71181324,3.9375101069821206e+205,3.9375101069821206e+205,1716.1672003879391,0.2481189971605804,0.0,1.5782503553060234,0
76.0,-3.1143173212181137,-2.4826369734563705,1.1890181193973135,0.0,0.0,1e-12,0.22,1.0,4.4,3.8,9.794717563268456,7,245507416.71181324,3.9375101069821206e+205,3.9375101069821206e+205,1716.1672003879391,0.2481189971605804,0.0,1.5782503553060234,0
76.165,-3.0997415300552036,-2.4418680440877036,1.1979293805628313,0.0,0.0,1e-12,0.22,1.0,4.4,3.8,9.757409476773946,7,245507420.5430102,1.3020560684791716e+206,1.3020560684791716e+206,1965.7771391388137,0.2481189971605804,0.0,1.5782503553060234,0
76.297,-3.117688548372569,-2.470887755226025,1.2137758235888705,0.0,0.0,1e-12,0.22,1.0,4.4,3.8,9.789773968227038,7,245507420.5430102,1.3020560684791716e+206,1.3020560684791716e+206,1965.7771391388137,0.2481189971605804,0.0,1.5782503553060234,0
76.396,-3.1160827210420634,-2.45347825000505,1.2107569955546476,0.0,0.0,1e-12,0.22,1.0,4.4,3.8,9.777396877126002,7,245507420.5430102,1.3020560684791716e+206,1.3020560684791716e+206,1965.7771391388137,0.2481189971605804,0.0,1.5782503553060234,0
76.495,-3.113223710837018,-2.429614494771625,1.2064382580900088,0.0,0.0,1e-12,0.22,1.0,4.4,3.8,9.759950168036326,7,245507420.5430102,1.3020560684791716e+206,1.3020560684791716e+206,1965.7771391388137,0.2481189971605804,0.0,1.5782503553060234,0
76.627,-3.1070903539016856,-2.3876429102709866,1.1954237015999867,0.0,0.0,1e-12,0.22,1.0,4.4,3.8,9.728480372939575,7,245507420.5430102,1.3020560684791716e+206,1.3020560684791716e+206,1965.7771391388137,0.2481189971605804,0.0,1.5782503553060234,0
76.693,-3.1086593401716027,-2.37357459576393,1.1830893361751238,0.0,0.0,1e-12,0.22,1.0,4.4,3.8,9.720750401908692,7,245507422.17431387,4.615570719882755e+208,4.615570719882755e+208,2209.5445951755087,0.2481189971605804,0.0,1.5782503553060234,0
76.693,-3.1086593401716027,-2.37357459576393,1.1830893361751238,0.0,0.0,1e-12,0.22,1.0,4.4,3.8,9.720750401908692,7,245507422.17431387,4.615570719882755e+208,4.615570719882755e+208,2209.5445951755087,0.2481189971605804,0.0,1.5782503553060234,0
76.924,-3.1144318104014608,-2.3167769147665735,1.1494162718811665,0.0,0.0,1e-12,0.22,1.0,4.4,3.8,9.689254112582386,7,245507422.17431387,4.615570719882755e+208,4.615570719882755e+208,2209.5445951755087,0.2481189971605804,0.0,1.5782503553060234,0
77.023,-3.127010667914804,-2.3074070303696317,1.1231974919444823,0.0,0.0,1e-12,0.22,1.0,4.4,3.8,9.693106325090614,7,245507422.17431387,4.615570719882755e+208,4.615570719882755e+208,2209.5445951755087,0.2481189971605804,0.0,1.5782503553060234,0
77.122,-3.1577969398291637,-2.335511816298201,1.1090110791270158,0.0,0.0,1e-12,0.22,1.0,4.4,3.8,9.734721353568673,7,245507422.17431387,4.615570719882755e+208,4.615570719882755e+208,2209.5445951755087,0.2481189971605804,0.0,1.5782503553060234,0
77.221,-3.1650559294715968,-2.314811668199975,1.088882974152912,0.0,0.0,1e-12,0.22,1.0,4.4,3.8,9.727332262937662,7,245507420.7497485,4.449216291406476e+209,4.449216291406476e+209,1764.1397736761,0.2481189971605804,0.0,1.5782503553060234,0
77.287,-3.170957703946561,-2.302673572029671,1.0658387361577486,0.0,0.0,1e-12,0.22,1.0,4.4,3.8,9.724300760553284,7,245507420.7497485,4.449216291406476e+209,4.449216291406476e+209,1764.1397736761,0.2481189971605804,0.0,1.5782503553060234,0
77.419,-3.188797669875618,-2.2884212804168613,1.032197862803538,0.0,0.0,1e-12,0.22,1.0,4.4,3.8,9.729271491850893,7,245507420.7497485,4.449216291406476e+209,4.449216291406476e+209,1764.1397736761,0.2481189971605804,0.0,1.5782503553060234,0
77.518,-3.199601022823591,-2.272535688528821,1.003632464570746,0.0,0.0,1e-12,0.22,1.0,4.4,3.8,9.727775973703217,7,245507420.7497485,4.449216291406476e+209,4.449216291406476e+209,1764.1397736761,0.2481189971605804,0.0,1.5782503553060234,0
77.617,-3.2175130373983554,-2.26794227741938,0.9749090135704345,0.0,0.0,1e-12,0.22,1.0,4.4,3.8,9.73891309936727,7,245507420.7497485,4.449216291406476e+209,4.449216291406476e+209,1764.1397736761,0.2481189971605804,0.0,1.5782503553060234,0
77.749,-3.2687861558540368,-2.306288063234909,0.9257387802594785,0.0,0.0,1e-12,0.22,1.0,4.4,3.8,9.802909517863748,7,245507420.96891555,1.5977912578707156e+211,1.5977912578707156e+211,1771.0180359337178,0.2481189971605804,0.0,1.5782503553060234,0
77.782,-3.2708418167719544,-2.3018692081014875,0.9163871143698329,0.0,0.0,1e-12,0.22,1.0,4.4,3.8,9.801766269949225,7,245507420.96891555,1.5977912578707156e+211,1.5977912578707156e+211,1771.0180359337178,0.2481189971605804,0.0,1.5782503553060234,0
77.914,-3.2908291190375936,-2.293359745109159,0.8687264589899435,0.0,0.0,1e-12,0.22,1.0,4.4,3.8,9.812129510027543,7,245507420.96891555,1.5977912578707156e+211,1.5977912578707156e+211,1771.0180359337178,0.2481189971605804,0.0,1.5782503553060234,0
78.013,-3.309899510111336,-2.295307381527473,0.8466685112474474,0.0,0.0,1e-12,0.22,1.0,4.4,3.8,9.828291943736629,7,245507420.96891555,1.5977912578707156e+211,1.5977912578707156e+211,1771.0180359337178,0.2481189971605804,0.0,1.5782503553060234,0
78.112,-3.327141929021446,-2.2944426180432442,0.82397850226999,0.0,0.0,1e-12,0.22,1.0,4.4,3.8,9.841288188843118,7,245507420.96891555,1.5977912578707156e+211,1.5977912578707156e+211,1771.0180359337178,0.2481189971605804,0.0,1.5782503553060234,0
78.211,-3.3431584471772164,-2.2940944154574483,0.804767705436073,0.0,0.0,1e-12,0.22,1.0,4.4,3.8,9.853653610849204,7,245507415.12333015,4.9402493452163486e+212,4.9402493452163486e+212,1793.0316673113964,0.2481189971605804,0.0,1.5782503553060234,0
78.244,-3.3474614353200396,-2.291950736730739,0.7999816430844529,0.0,0.0,1e-12,0.22,1.0,4.4,3.8,9.855710145419529,7,245507415.12333015,4.9402493452163486e+212,4.9402493452163486e+212,1793.0316673113964,0.2481189971605804,0.0,1.5782503553060234,0
78.409,-3.3696022876790543,-2.293127265507171,0.7687328005060555,0.0,0.0,1e-12,0.22,1.0,4.4,3.8,9.873850291673177,7,245507415.12333015,4.9402493452163486e+212,4.9402493452163486e+212,1793.0316673113964,0.2481189971605804,0.0,1.5782503553060234,0
78.442,-3.3979384221443154,-2.3238364335606905,0.7455773061261721,0.0,0.0,1e-12,0.22,1.0,4.4,3.8,9.915100418077465,7,245507415.12333015,4.9402493452163486e+212,4.9402493452163486e+212,1793.0316673113964,0.2481189971605804,0.0,1.5782503553060234,0
78.607,-3.423278580379114,-2.3362886477345777,0.7305602883109137,0.0,0.0,1e-12,0.22,1.0,4.4,3.8,9.942722268802186,7,245507415.12333015,4.9402493452163486e+212,4.9402493452163486e+212,1793.0316673113964,0.2481189971605804,0.0,1.5782503553060234,0
78.706,-3.4354813589625444,-2.346136292478746,0.7209417804783597,0.0,0.0,1e-12,0.22,1.0,4.4,3.8,9.958401450653307,7,245507411.1287564,1.4336541412823648e+213,1.4336541412823648e+213,1802.253084433507,0.2481189971605804,0.0,1.5782503553060234,0
78.805,-3.4464763194425263,-2.356402992910511,0.7144821659380951,0.0,0.0,1e-12,0.22,1.0,4.4,3.8,9.973389014908113,7,245507411.1287564,1.4336541412823648e+213,1.4336541412823648e+213,1802.253084433507,0.2481189971605804,0.0,1.5782503553060234,0
78.937,-3.461171308815037,-2.3708838361422577,0.7086675658978084,0.0,0.0,1e-12,0.22,1.0,4.4,3.8,9.993889216200994,7,245507411.1287564,1.4336541412823648e+213,1.4336541412823648e+213,1802.253084433507,0.2481189971605804,0.0,1.5782503553060234,0
79.036,-3.4694284083340805,-2.3849458260262315,0.7093398401620066,0.0,0.0,1e-12,0.22,1.0,4.4,3.8,10.009068805077462,7,245507411.1287564,1.4336541412823648e+213,1.4336541412823648e+213,1802.253084433507,0.2481189971605804,0.0,1.5782503553060234,0
79.102,-3.473600146942576,-2.3931014052112713,0.7139548206295108,0.0,0.0,1e-12,0.22,1.0,4.4,3.8,10.017389095426212,7,245507411.1287564,1.4336541412823648e+213,1.4336541412823648e+213,1802.253084433507,0.2481189971605804,0.0,1.5782503553060234,0
79.201,-3.54478191792284,-2.4862729059863997,0.6000237404351072,0.0,0.0,1e-12,0.22,1.0,4.4,3.8,10.130981530527652,7,245507404.67233062,4.748311463685456e+214,4.748311463685456e+214,2270.720042435004,0.2481189971605804,0.0,1.5782503553060234,0
79.333,-3.5455301918144584,-2.5055993799156253,0.6346507534275587,0.0,0.0,1e-12,0.22,1.0,4.4,3.8,10.14357104618622,7,245507404.67233062,4.748311463685456e+214,4.748311463685456e+214,2270.720042435004,0.2481189971605804,0.0,1.5782503553060234,0
79.399,-3.545302136775151,-2.514977430504726,0.6474252098559194,0.0,0.0,1e-12,0.22,1.0,4.4,3.8,10.149224896139993,7,245507404.67233062,4.748311463685456e+214,4.748311463685456e+214,2270.720042435004,0.2481189971605804,0.0,1.5782503553060234,0
79.531,-3.541791188210063,-2.534010721515617,0.6744262030262281,0.0,0.0,1e-12,0.22,1.0,4.4,3.8,10.158333480320765,7,245507404.67233062,4.748311463685456e+214,4.748311463685456e+214,2270.720042435004,0.2481189971605804,0.0,1.5782503553060234,0
79.597,-3.5362338501356976,-2.5410295050534972,0.6924643116699916,0.0,0.0,1e-12,0.22,1.0,4.4,3.8,10.158369106702054,7,245507404.67233062,4.748311463685456e+214,4.748311463685456e+214,2270.720042435004,0.2481189971605804,0.0,1.5782503553060234,0
79.597,-3.5362338501356976,-2.5410295050534972,0.6924643116699916,0.0,0.0,1e-12,0.22,1.0,4.4,3.8,10.158369106702054,7,245507401.76031625,1.0489510057162463e+215,1.0489510057162463e+215,1807.0754462108723,0.2481189971605804,0.0,1.5782503553060234,0
79.828,-3.5152889716013282,-2.5661428800360984,0.751713783345261,0.0,0.0,1e-12,0.22,1.0,4.4,3.8,10.15773472153058,7,245507401.76031625,1.0489510057162463e+215,1.0489510057162463e+215,1807.0754462108723,0.2481189971605804,0.0,1.5782503553060234,0
79.894,-3.5071729576854733,-2.5715671197633405,0.7633599385230537,0.0,0.0,1e-12,0.22,1.0,4.4,3.8,10.154814215159318,7,245507401.76031625,1.0489510057162463e+215,1.0489510057162463e+215,1807.0754462108723,0.2481189971605804,0.0,1.5782503553060234,0
80.026,-3.5145789182483242,-2.6198246093488584,0.7672484734591192,0.0,0.0,1e-12,0.22,1.0,4.4,3.8,10.19091298500689,7,245507401.76031625,1.0489510057162463e+215,1.0489510057162463e+215,1807.0754462108723,0.2481189971605804,0.0,1.5782503553060234,0
80.125,-3.4946511989365505,-2.6216360957259046,0.7992310930771644,0.0,0.0,1e-12,0.22,1.0,4.4,3.8,10.17658723240754,7,245507401.76031625,1.0489510057162463e+215,1.0489510057162463e+215,1807.0754462108723,0.2481189971605804,0.0,1.5782503553060234,0
80.158,-3.4898581616421196,-2.623181214337416,0.8085468323458331,0.0,0.0,1e-12,0.22,1.0,4.4,3.8,10.173844834822667,7,245507393.20093352,1.223871535025457e+216,1.223871535025457e+216,1814.5948450918681,0.2481189971605804,0.0,1.5782503553060234,0
80.323,-3.4566215816147348,-2.6275238918408093,0.8550939709329556,0.0,0.0,1e-12,0.22,1.0,4.4,3.8,10.150840657644018,7,245507393.20093352,1.223871535025457e+216,1.223871535025457e+216,1814.5948450918681,0.2481189971605804,0.0,1.5782503553060234,0
80.422,-3.440150079163195,-2.635977350370703,0.8752987141394806,0.0,0.0,1e-12,0.22,1.0,4.4,3.8,10.143458863636573,7,245507393.20093352,1.223871535025457e+216,1.223871535025457e+216,1814.5948450918681,0.2481189971605804,0.0,1.5782503553060234,0
80.521,-3.421507763998032,-2.640613516617511,0.8944326429045185,0.0,0.0,1e-12,0.22,1.0,4.4,3.8,10.132003068136017,7,245507393.20093352,1.223871535025457e+216,1.223871535025457e+216,1814.5948450918681,0.2481189971605804,0.0,1.5782503553060234,0
80.587,-3.409664616295486,-2.6460972187382197,0.9078880967100659,0.0,0.0,1e-12,0.22,1.0,4.4,3.8,10.12635328104063,7,245507393.20093352,1.223871535025457e+216,1.223871535025457e+216,1814.5948450918681,0.2481189971605804,0.0,1.5782503553060234,0
80.653,-3.39322440268125,-2.643799417720465,0.9251352302728991,0.0,0.0,1e-12,0.22,1.0,4.4,3.8,10.112215263054932,7,245507394.68775392,1.0307337212970298e+217,1.0307337212970298e+217,2301.5356904543914,0.2481189971605804,0.0,1.5782503553060234,0
80.818,-3.3578470305447548,-2.6411349460230573,0.9642952548906684,0.0,0.0,1e-12,0.22,1.0,4.4,3.8,10.083273771063222,7,245507394.68775392,1.0307337212970298e+217,1.0307337212970298e+217,2301.5356904543914,0.2481189971605804,0.0,1.5782503553060234,0
80.917,-3.373263260122494,-2.704183194793979,0.9539314867743751,0.0,0.0,1e-12,0.22,1.0,4.4,3.8,10.135483251557895,7,245507394.68775392,1.0307337212970298e+217,1.0307337212970298e+217,2301.5356904543914,0.2481189971605804,0.0,1.5782503553060234,0
81.016,-3.350743791572297,-2.7002254761611675,0.9788711466007461,0.0,0.0,1e-12,0.22,1.0,4.4,3.8,10.11567894723489,7,245507394.68775392,1.0307337212970298e+217,1.0307337212970298e+217,2301.5356904543914,0.2481189971605804,0.0,1.5782503553060234,0
81.115,-3.3290871702657814,-2.6954897355730636,1.0035703839887593,0.0,0.0,1e-12,0.22,1.0,4.4,3.8,10.096047513284697,7,245507394.68775392,1.0307337212970298e+217,1.0307337212970298e+217,2301.5356904543914,0.2481189971605804,0.0,1.5782503553060234,0
81.181,-3.315458195072548,-2.6923419593592524,1.0158092626986743,0.0,0.0,1e-12,0.22,1.0,4.4,3.8,10.083590594484134,7,245507398.7076718,7.156579507880656e+218,7.156579507880656e+218,2313.2717096465367,0.2481189971605804,0.0,1.5782503553060234,0
81.313,-3.282054608453917,-2.67384848336971,1.0475954050127427,0.0,0.0,1e-12,0.22,1.0,4.4,3.8,10.046127472459045,7,245507398.7076718,7.156579507880656e+218,7.156579507880656e+218,2313.2717096465367,0.2481189971605804,0.0,1.5782503553060234,0
81.379,-3.2672899044300654,-2.6650692195206527,1.0607924070645043,0.0,0.0,1e-12,0.22,1.0,4.4,3.8,10.029180150529184,7,245507398.7076718,7.156579507880656e+218,7.156579507880656e+218,2313.2717096465367,0.2481189971605804,0.0,1.5782503553060234,0
81.511,-3.2366489311762354,-2.6367982093153257,1.0868618994570125,0.0,0.0,1e-12,0.22,1.0,4.4,3.8,9.98753113063885,7,245507398.7076718,7.156579507880656e+218,7.156579507880656e+218,2313.2717096465367,0.2481189971605804,0.0,1.5782503553060234,0
81.61,-3.2060961756962545,-2.5999117524034827,1.109459944023918,0.0,0.0,1e-12,0.22,1.0,4.4,3.8,9.940400870814688,7,245507398.7076718,7.156579507880656e+218,7.156579507880656e+218,2313.2717096465367,0.2481189971605804,0.0,1.5782503553060234,0
81.676,-3.1932153852582448,-2.584619514930872,1.1219714564077843,0.0,0.0,1e-12,0.22,1.0,4.4,3.8,9.92069988646762,7,245507394.45187518,3.074163949013427e+219,3.074163949013427e+219,2095.6967781074586,0.2481189971605804,0.0,1.5782503553060234,0
81.808,-3.1922630457058316,-2.6163712428236066,1.136991748588867,0.0,0.0,1e-12,0.22,1.0,4.4,3.8,9.940436513600606,7,245507394.45187518,3.074163949013427e+219,3.074163949013427e+219,2095.6967781074586,0.2481189971605804,0.0,1.5782503553060234,0
81.907,-3.1741828799105387,-2.591208255268457,1.151506652764161,0.0,0.0,1e-12,0.22,1.0,4.4,3.8,9.91038794702516,7,245507394.45187518,3.074163949013427e+219,3.074163949013427e+219,2095.6967781074586,0.2481189971605804,0.0,1.5782503553060234,0
81.973,-3.1636830542283447,-2.5768348700475117,1.156117078205188,0.0,0.0,1e-12,0.22,1.0,4.4,3.8,9.893094778919027,7,245507394.45187518,3.074163949013427e+219,3.074163949013427e+219,2095.6967781074586,0.2481189971605804,0.0,1.5782503553060234,0
82.105,-3.139867421975187,-2.5345444107733313,1.1740299919184842,0.0,0.0,1e-12,0.22,1.0,4.4,3.8,9.847642034163428,7,245507394.45187518,3.074163949013427e+219,3.074163949013427e+219,2095.6967781074586,0.2481189971605804,0.0,1.5782503553060234,0
82.237,-3.1212083820617713,-2.49971619354336,1.1849139765638688,0.0,0.0,1e-12,0.22,1.0,4.4,3.8,9.810963237398695,7,245507397.14992073,5.653557421094564e+220,5.653557421094564e+220,1632.2252129565397,0.2481189971605804,0.0,1.5782503553060234,0
82.237,-3.1212083820617713,-2.49971619354336,1.1849139765638688,0.0,0.0,1e-12,0.22,1.0,4.4,3.8,9.810963237398695,7,245507397.14992073,5.653557421094564e+220,5.653557421094564e+220,1632.2252129565397,0.2481189971605804,0.0,1.5782503553060234,0
82.435,-3.097391607276387,-2.437212306717407,1.1963961158620635,0.0,0.0,1e-12,0.22,1.0,4.4,3.8,9.752625198987475,7,245507397.14992073,5.653557421094564e+220,5.653557421094564e+220,1632.2252129565397,0.2481189971605804,0.0,1.5782503553060234,0
82.534,-3.094624714015835,-2.4208450142156845,1.200083461640675,0.0,0.0,1e-12,0.22,1.0,4.4,3.8,9.740036565374336,7,245507397.14992073,5.653557421094564e+220,5.653557421094564e+220,1632.2252129565397,0.2481189971605804,0.0,1.5782503553060234,0
82.6,-3.120026426643603,-2.4739115761017993,1.21386563505138,0.0,0.0,1e-12,0.22,1.0,4.4,3.8,9.79350621188154,7,245507397.14992073,5.653557421094564e+220,5.653557421094564e+220,1632.2252129565397,0.2481189971605804,0.0,1.5782503553060234,0
82.699,-3.1133294478160876,-2.443992109216931,1.20860908480962,0.0,0.0,1e-12,0.22,1.0,4.4,3.8,9.769214751011654,7,245507393.2631857,1.9783145966108506e+222,1.9783145966108506e+222,2113.7286559629492,0.2481189971605804,0.0,1.5782503553060234,0
82.831,-3.1121265524713895,-2.4176712634772777,1.2025642480819116,0.0,0.0,1e-12,0.22,1.0,4.4,3.8,9.751486106282304,7,245507393.2631857,1.9783145966108506e+222,1.9783145966108506e+222,2113.7286559629492,0.2481189971605804,0.0,1.5782503553060234,0
82.864,-3.1096763366053333,-2.4040311711196938,1.1943478121596567,0.0,0.0,1e-12,0.22,1.0,4.4,3.8,9.740905576628638,7,245507393.2631857,1.9783145966108506e+222,1.9783145966108506e+222,2113.7286559629492,0.2481189971605804,0.0,1.5782503553060234,0
82.996,-3.11182340238477,-2.376160172530616,1.1770090527723607,0.0,0.0,1e-12,0.22,1.0,4.4,3.8,9.724836518182139,7,245507393.2631857,1.9783145966108506e+222,1.9783145966108506e+222,2113.7286559629492,0.2481189971605804,0.0,1.5782503553060234,0
83.128,-3.1135777907102558,-2.339556310911297,1.161247744647622,0.0,0.0,1e-12,0.22,1.0,4.4,3.8,9.702989380180995,7,245507393.2631857,1.9783145966108506e+222,1.9783145966108506e+222,2113.7286559629492,0.2481189971605804,0.0,1.5782503553060234,0
83.227,-3.116854510732657,-2.316468539606045,1.141817215472853,0.0,0.0,1e-12,0.22,1.0,4.4,3.8,9.690938506229022,7,175619725.3413553,2.3966176098562475e+223,2.3966176098562475e+223,1874.9777467005638,0.2481189971605804,0.0,1.5782503553060234,0
83.293,-3.1245471074237465,-2.3092222808838874,1.129541889712787,0.0,0.0,1e-12,0.22,1.0,4.4,3.8,9.692337491497456,7,175619725.3413553,2.3966176098562475e+223,2.3966176098562475e+223,1874.9777467005638,0.2481189971605804,0.0,1.5782503553060234,0
83.425,-3.158104853245495,-2.3291952721401508,1.1091398241063615,0.0,0.0,1e-12,0.22,1.0,4.4,3.8,9.730980611257957,7,175619725.3413553,2.3966176098562475e+223,2.3966176098562475e+223,1874.9777467005638,0.2481189971605804,0.0,1.5782503553060234,0
83.458,-3.1610661068398347,-2.3234704586225043,1.0994186238623262,0.0,0.0,1e-12,0.22,1.0,4.4,3.8,9.729676825548966,7,175619725.3413553,2.3966176098562475e+223,2.3966176098562475e+223,1874.9777467005638,0.2481189971605804,0.0,1.5782503553060234,0
83.59,-3.176885830249425,-2.303906089673031,1.0618766340810308,0.0,0.0,1e-12,0.22,1.0,4.4,3.8,9.729690048309967,7,175619725.3413553,2.3966176098562475e+223,2.3966176098562475e+223,1874.9777467005638,0.2481189971605804,0.0,1.5782503553060234,0
83.722,-3.1934084147991433,-2.2886367827860274,1.0196645544287637,0.0,0.0,1e-12,0.22,1.0,4.4,3.8,9.73300309393958,7,175619734.57896262,4.533717624438346e+224,4.533717624438346e+224,2376.570718039309,0.2481189971605804,0.0,1.5782503553060234,0
83.821,-3.2074775147060652,-2.279467429279847,0.996873773787198,0.0,0.0,1e-12,0.22,1.0,4.4,3.8,9.738256433285832,7,175619734.57896262,4.533717624438346e+224,4.533717624438346e+224,2376.570718039309,0.2481189971605804,0.0,1.5782503553060234,0
83.92,-3.2185572216320963,-2.264486229670586,0.9683212655549148,0.0,0.0,1e-12,0.22,1.0,4.4,3.8,9.737577078983596,7,175619734.57896262,4.533717624438346e+224,4.533717624438346e+224,2376.570718039309,0.2481189971605804,0.0,1.5782503553060234,0
83.986,-3.229648987377307,-2.2637337066855467,0.9398990467689456,0.0,0.0,1e-12,0.22,1.0,4.4,3.8,9.745789354186863,7,175619734.57896262,4.533717624438346e+224,4.533717624438346e+224,2376.570718039309,0.2481189971605804,0.0,1.5782503553060234,0
84.085,-3.276815950746697,-2.302830029381828,0.9015144039121891,0.0,0.0,1e-12,0.22,1.0,4.4,3.8,9.807040201261719,7,175619734.57896262,4.533717624438346e+224,4.533717624438346e+224,2376.570718039309,0.2481189971605804,0.0,1.5782503553060234,0
84.217,-3.292422504786027,-2.2923345695833874,0.8555323069197757,0.0,0.0,1e-12,0.22,1.0,4.4,3.8,9.812741946055615,7,175619734.6532415,5.948104335482858e+225,5.948104335482858e+225,2387.3111290853044,0.2481189971605804,0.0,1.5782503553060234,0
84.316,-3.3122736485654074,-2.291996174516838,0.8421323412878643,0.0,0.0,1e-12,0.22,1.0,4.4,3.8,9.828101659053196,7,175619734.6532415,5.948104335482858e+225,5.948104335482858e+225,2387.3111290853044,0.2481189971605804,0.0,1.5782503553060234,0
84.349,-3.317604638157524,-2.292804792812289,0.8293490026969115,0.0,0.0,1e-12,0.22,1.0,4.4,3.8,9.832786563036287,7,175619734.6532415,5.948104335482858e+225,5.948104335482858e+225,2387.3111290853044,0.2481189971605804,0.0,1.5782503553060234,0
84.481,-3.3398940610834256,-2.2923906625610027,0.8084117897620976,0.0,0.0,1e-12,0.22,1.0,4.4,3.8,9.850034723900976,7,175619734.6532415,5.948104335482858e+225,5.948104335482858e+225,2387.3111290853044,0.2481189971605804,0.0,1.5782503553060234,0
84.613,-3.3555290619130447,-2.288568968246821,0.7851014622384007,0.0,0.0,1e-12,0.22,1.0,4.4,3.8,9.859964660751883,7,175619734.6532415,5.948104335482858e+225,5.948104335482858e+225,2387.3111290853044,0.2481189971605804,0.0,1.5782503553060234,0
84.745,-3.40436286897431,-2.3268963615665204,0.7398033018019162,0.0,0.0,1e-12,0.22,1.0,4.4,3.8,9.922043076705624,7,175619736.4188021,5.524440056952466e+226,5.524440056952466e+226,2152.5090213969297,0.2481189971605804,0.0,1.5782503553060234,0
84.811,-3.4114091501576516,-2.328347269876963,0.733753326684195,0.0,0.0,1e-12,0.22,1.0,4.4,3.8,9.92848191675722,7,175619736.4188021,5.524440056952466e+226,5.524440056952466e+226,2152.5090213969297,0.2481189971605804,0.0,1.5782503553060234,0
84.877,-3.4221990424202557,-2.335190310372863,0.7281174333439825,0.0,0.0,1e-12,0.22,1.0,4.4,3.8,9.941194998778238,7,175619736.4188021,5.524440056952466e+226,5.524440056952466e+226,2152.5090213969297,0.2481189971605804,0.0,1.5782503553060234,0
85.009,-3.436303200105773,-2.3441762480271873,0.7213843560707994,0.0,0.0,1e-12,0.22,1.0,4.4,3.8,9.957838601363722,7,175619736.4188021,5.524440056952466e+226,5.524440056952466e+226,2152.5090213969297,0.2481189971605804,0.0,1.5782503553060234,0
85.108,-3.4488416241491384,-2.358333364292827,0.7099859805888882,0.0,0.0,1e-12,0.22,1.0,4.4,3.8,9.97644148315111,7,175619736.4188021,5.524440056952466e+226,5.524440056952466e+226,2152.5090213969297,0.2481189971605804,0.0,1.5782503553060234,0
85.174,-3.4556344244161536,-2.3646250901425536,0.709637173232603,0.0,0.0,1e-12,0.22,1.0,4.4,3.8,9.985669467396125,7,175619739.22162163,5.0296536422512195e+227,5.0296536422512195e+227,2410.619786668585,0.2481189971605804,0.0,1.5782503553060234,0
85.174,-3.4556344244161536,-2.3646250901425536,0.709637173232603,0.0,0.0,1e-12,0.22,1.0,4.4,3.8,9.985669467396125,7,175619739.22162163,5.0296536422512195e+227,5.0296536422512195e+227,2410.619786668585,0.2481189971605804,0.0,1.5782503553060234,0
85.174,-3.4556344244161536,-2.3646250901425536,0.709637173232603,0.0,0.0,1e-12,0.22,1.0,4.4,3.8,9.985669467396125,7,175619739.22162163,5.0296536422512195e+227,5.0296536422512195e+227,2410.619786668585,0.2481189971605804,0.0,1.5782503553060234,0
85.504,-3.543021230899056,-2.485472526838981,0.6084449039614173,0.0,0.0,1e-12,0.22,1.0,4.4,3.8,10.129104163753118,7,175619739.22162163,5.0296536422512195e+227,5.0296536422512195e+227,2410.619786668585,0.2481189971605804,0.0,1.5782503553060234,0
85.504,-3.543021230899056,-2.485472526838981,0.6084449039614173,0.0,0.0,1e-12,0.22,1.0,4.4,3.8,10.129104163753118,7,175619739.22162163,5.0296536422512195e+227,5.0296536422512195e+227,2410.619786668585,0.2481189971605804,0.0,1.5782503553060234,0
85.669,-3.544383775967223,-2.511439263639989,0.6475822027341253,0.0,0.0,1e-12,0.22,1.0,4.4,3.8,10.146304704594067,7,175619739.8060917,1.9530511933529603e+228,1.9530511933529603e+228,1782.0400713775646,0.2481189971605804,0.0,1.5782503553060234,0
85.801,-3.540955532964089,-2.530021420185965,0.6785473300618573,0.0,0.0,1e-12,0.22,1.0,4.4,3.8,10.155193053631532,7,175619739.8060917,1.9530511933529603e+228,1.9530511933529603e+228,1782.0400713775646,0.2481189971605804,0.0,1.5782503553060234,0
85.867,-3.5384787828950146,-2.5402984892207745,0.6855008571008256,0.0,0.0,1e-12,0.22,1.0,4.4,3.8,10.159666840939694,7,175619739.8060917,1.9530511933529603e+228,1.9530511933529603e+228,1782.0400713775646,0.2481189971605804,0.0,1.5782503553060234,0
86.032,-3.5243651569051884,-2.5581841211586935,0.7282882445887273,0.0,0.0,1e-12,0.22,1.0,4.4,3.8,10.159826202181195,7,175619739.8060917,1.9530511933529603e+228,1.9530511933529603e+228,1782.0400713775646,0.2481189971605804,0.0,1.5782503553060234,0
86.065,-3.5206584660518465,-2.561625538097981,0.7371548239643261,0.0,0.0,1e-12,0.22,1.0,4.4,3.8,10.159090019426898,7,175619739.8060917,1.9530511933529603e+228,1.9530511933529603e+228,1782.0400713775646,0.2481189971605804,0.0,1.5782503553060234,0
86.197,-3.5042311023193755,-2.5733476300471607,0.7721297142397339,0.0,0.0,1e-12,0.22,1.0,4.4,3.8,10.153641185914575,7,175619741.18743005,1.9616271818373415e+229,1.9616271818373415e+229,2284.963031146789,0.2481189971605804,0.0,1.5782503553060234,0
86.263,-3.4955125676253105,-2.577933730988146,0.7892563888632125,0.0,0.0,1e-12,0.22,1.0,4.4,3.8,10.149736813455094,7,175619741.18743005,1.9616271818373415e+229,1.9616271818373415e+229,2284.963031146789,0.2481189971605804,0.0,1.5782503553060234,0
86.395,-3.4978305113350645,-2.6215178788678144,0.7991472006778028,0.0,0.0,1e-12,0.22,1.0,4.4,3.8,10.178979254050677,7,175619741.18743005,1.9616271818373415e+229,1.9616271818373415e+229,2284.963031146789,0.2481189971605804,0.0,1.5782503553060234,0
86.494,-3.4789587287158477,-2.6238386384197927,0.8258109619367173,0.0,0.0,1e-12,0.22,1.0,4.4,3.8,10.16581002681354,7,175619741.18743005,1.9616271818373415e+229,1.9616271818373415e+229,2284.963031146789,0.2481189971605804,0.0,1.5782503553060234,0
86.626,-3.4528331959829845,-2.6303782070084827,0.8575036634834349,0.0,0.0,1e-12,0.22,1.0,4.4,3.8,10.14971689699284,7,175619741.18743005,1.9616271818373415e+229,1.9616271818373415e+229,2284.963031146789,0.2481189971605804,0.0,1.5782503553060234,0
86.692,-3.4430604840913737,-2.6356508041614966,0.8719502338698486,0.0,0.0,1e-12,0.22,1.0,4.4,3.8,10.145501418373572,7,175619743.17443675,4.129067986594917e+230,4.129067986594917e+230,2440.433651646923,0.2481189971605804,0.0,1.5782503553060234,0
86.824,-3.417378205576673,-2.64123009105732,0.8971502208032287,0.0,0.0,1e-12,0.22,1.0,4.4,3.8,10.129207624240282,7,175619743.17443675,4.129067986594917e+230,4.129067986594917e+230,2440.433651646923,0.2481189971605804,0.0,1.5782503553060234,0
86.923,-3.399029142156721,-2.646495146134915,0.9236700171227489,0.0,0.0,1e-12,0.22,1.0,4.4,3.8,10.118406753503775,7,175619743.17443675,4.129067986594917e+230,4.129067986594917e+230,2440.433651646923,0.2481189971605804,0.0,1.5782503553060234,0
87.022,-3.375512558675406,-2.643887627533909,0.9441336221961796,0.0,0.0,1e-12,0.22,1.0,4.4,3.8,10.098627793240206,7,175619743.17443675,4.129067986594917e+230,4.129067986594917e+230,2440.433651646923,0.2481189971605804,0.0,1.5782503553060234,0
87.121,-3.3565068189144545,-2.6456929535219005,0.9649809654199867,0.0,0.0,1e-12,0.22,1.0,4.4,3.8,10.085155213627022,7,175619743.17443675,4.129067986594917e+230,4.129067986594917e+230,2440.433651646923,0.2481189971605804,0.0,1.5782503553060234,0
87.22,-3.3674703261464916,-2.7010261100469224,0.9631619291574205,0.0,0.0,1e-12,0.22,1.0,4.4,3.8,10.129014549850252,7,175619746.96349066,3.0702260000581736e+231,3.0702260000581736e+231,2195.927590653404,0.2481189971605804,0.0,1.5782503553060234,0
87.319,-3.3451542424559353,-2.697225909957316,0.9828384238002077,0.0,0.0,1e-12,0.22,1.0,4.4,3.8,10.109468767667956,7,175619746.96349066,3.0702260000581736e+231,3.0702260000581736e+231,2195.927590653404,0.2481189971605804,0.0,1.5782503553060234,0
87.385,-3.3321051899848753,-2.6962738132124686,0.9972534046349276,0.0,0.0,1e-12,0.22,1.0,4.4,3.8,10.098862516403573,7,175619746.96349066,3.0702260000581736e+231,3.0702260000581736e+231,2195.927590653404,0.2481189971605804,0.0,1.5782503553060234,0
87.484,-3.309573697843615,-2.689291273306286,1.0188062950837073,0.0,0.0,1e-12,0.22,1.0,4.4,3.8,10.077123986152557,7,175619746.96349066,3.0702260000581736e+231,3.0702260000581736e+231,2195.927590653404,0.2481189971605804,0.0,1.5782503553060234,0
87.55,-3.293355295345647,-2.679578538172729,1.0364810453502071,0.0,0.0,1e-12,0.22,1.0,4.4,3.8,10.058461797549938,7,175619746.96349066,3.0702260000581736e+231,3.0702260000581736e+231,2195.927590653404,0.2481189971605804,0.0,1.5782503553060234,0
87.715,-3.2528814536771473,-2.650094385085216,1.0699476610202436,0.0,0.0,1e-12,0.22,1.0,4.4,3.8,10.00851198333416,7,175619743.88885972,3.850129676293952e+232,3.850129676293952e+232,1960.31342794653,0.2481189971605804,0.0,1.5782503553060234,0
87.814,-3.2320039503204434,-2.6376504879261917,1.0931915028134787,0.0,0.0,1e-12,0.22,1.0,4.4,3.8,9.984529438206048,7,175619743.88885972,3.850129676293952e+232,3.850129676293952e+232,1960.31342794653,0.2481189971605804,0.0,1.5782503553060234,0
87.88,-3.212074722281783,-2.607695963579916,1.107355694417933,0.0,0.0,1e-12,0.22,1.0,4.4,3.8,9.949987393925664,7,175619743.88885972,3.850129676293952e+232,3.850129676293952e+232,1960.31342794653,0.2481189971605804,0.0,1.5782503553060234,0
87.979,-3.1909248756305497,-2.5852255203178123,1.12322797880974,0.0,0.0,1e-12,0.22,1.0,4.4,3.8,9.919336944210766,7,175619743.88885972,3.850129676293952e+232,3.850129676293952e+232,1960.31342794653,0.2481189971605804,0.0,1.5782503553060234,0
88.045,-3.199324751707923,-2.6190399866233927,1.1271150662538951,0.0,0.0,1e-12,0.22,1.0,4.4,3.8,9.947553017289767,7,175619743.88885972,3.850129676293952e+232,3.850129676293952e+232,1960.31342794653,0.2481189971605804,0.0,1.5782503553060234,0
88.144,-3.1799987408757726,-2.597909396881931,1.1438478766080509,0.0,0.0,1e-12,0.22,1.0,4.4,3.8,9.919154478199662,7,175619746.32450488,4.814065271500532e+233,4.814065271500532e+233,2475.13582631522,0.2481189971605804,0.0,1.5782503553060234,0
88.276,-3.1601499422047814,-2.571346625617965,1.1599112872346682,0.0,0.0,1e-12,0.22,1.0,4.4,3.8,9.886856172332658,7,175619746.32450488,4.814065271500532e+233,4.814065271500532e+233,2475.13582631522,0.2481189971605804,0.0,1.5782503553060234,0
88.375,-3.1419937324336207,-2.5386358599548546,1.1725704534729977,0.0,0.0,1e-12,0.22,1.0,4.4,3.8,9.851902051135792,7,175619746.32450488,4.814065271500532e+233,4.814065271500532e+233,2475.13582631522,0.2481189971605804,0.0,1.5782503553060234,0
88.441,-3.129952217706787,-2.517968570674952,1.1742021090362365,0.0,0.0,1e-12,0.22,1.0,4.4,3.8,9.829389974000618,7,175619746.32450488,4.814065271500532e+233,4.814065271500532e+233,2475.13582631522,0.2481189971605804,0.0,1.5782503553060234,0
88.639,-3.1048002320933623,-2.459391870637006,1.192647642843341,0.0,0.0,1e-12,0.22,1.0,4.4,3.8,9.772513142166924,7,175619746.32450488,4.814065271500532e+233,4.814065271500532e+233,2475.13582631522,0.2481189971605804,0.0,1.5782503553060234,0
88.705,-3.0962751185171595,-2.4401496288866333,1.1950549124089214,0.0,0.0,1e-12,0.22,1.0,4.4,3.8,9.753645884662486,7,175619746.32450488,4.814065271500532e+233,4.814065271500532e+233,2475.13582631522,0.2481189971605804,0.0,1.5782503553060234,0
88.804,-3.093551956739821,-2.4235737186346205,1.1988274982426121,0.0,0.0,1e-12,0.22,1.0,4.4,3.8,9.74095430436047,7,175619744.38920462,4.4370307045025334e+234,4.4370307045025334e+234,1975.699754806316,0.2481189971605804,0.0,1.5782503553060234,0
88.87,-3.119030256745115,-2.472823532597343,1.2105887874657277,0.0,0.0,1e-12,0.22,1.0,4.4,3.8,9.792044274458501,7,175619744.38920462,4.4370307045025334e+234,4.4370307045025334e+234,1975.699754806316,0.2481189971605804,0.0,1.5782503553060234,0
89.002,-3.1156447393013913,-2.4443996911531984,1.2088271495967327,0.0,0.0,1e-12,0.22,1.0,4.4,3.8,9.771255976089401,7,175619744.38920462,4.4370307045025334e+234,4.4370307045025334e+234,1975.699754806316,0.2481189971605804,0.0,1.5782503553060234,0
89.101,-3.110484584469633,-2.4158008909921924,1.201038220628048,0.0,0.0,1e-12,0.22,1.0,4.4,3.8,9.749028639306346,7,175619744.38920462,4.4370307045025334e+234,4.4370307045025334e+234,1975.699754806316,0.2481189971605804,0.0,1.5782503553060234,0
89.2,-3.1066494693686586,-2.385882336217435,1.192252743974569,0.0,0.0,1e-12,0.22,1.0,4.4,3.8,9.727020434516401,7,175619743.86458403,7.107299587061923e+235,7.107299587061923e+235,2497.4305049550894,0.2481189971605804,0.0,1.5782503553060234,0
89.299,-3.109841627115386,-2.3643780930652802,1.1795367559285337,0.0,0.0,1e-12,0.22,1.0,4.4,3.8,9.715826189193496,7,175619743.86458403,7.107299587061923e+235,7.107299587061923e+235,2497.4305049550894,0.2481189971605804,0.0,1.5782503553060234,0
89.398,-3.113116793590827,-2.3454248922758185,1.1628334880201583,0.0,0.0,1e-12,0.22,1.0,4.4,3.8,9.706346947268049,7,175619743.86458403,7.107299587061923e+235,7.107299587061923e+235,2497.4305049550894,0.2481189971605804,0.0,1.5782503553060234,0
89.53,-3.11935492825258,-2.3131370461971175,1.1339388902513707,0.0,0.0,1e-12,0.22,1.0,4.4,3.8,9.690776185766751,7,175619743.86458403,7.107299587061923e+235,7.107299587061923e+235,2497.4305049550894,0.2481189971605804,0.0,1.5782503553060234,0
89.563,-3.1241265635293027,-2.3116718235200495,1.1280055195194174,0.0,0.0,1e-12,0.22,1.0,4.4,3.8,9.69355523130787,7,175619743.86458403,7.107299587061923e+235,7.107299587061923e+235,2497.4305049550894,0.2481189971605804,0.0,1.5782503553060234,0
89.695,-3.1582919169249233,-2.333575804896164,1.1154002072226765,0.0,0.0,1e-12,0.22,1.0,4.4,3.8,9.733885599074004,7,175619755.7992574,1.4215449960339077e+237,1.4215449960339077e+237,2512.9611052046116,0.2481189971605804,0.0,1.5782503553060234,0
89.794,-3.16586476128335,-2.3158240383795774,1.0865656554790433,0.0,0.0,1e-12,0.22,1.0,4.4,3.8,9.72859770236444,7,175619755.7992574,1.4215449960339077e+237,1.4215449960339077e+237,2512.9611052046116,0.2481189971605804,0.0,1.5782503553060234,0
89.926,-3.184397767605203,-2.302515171186889,1.0491779843920357,0.0,0.0,1e-12,0.22,1.0,4.4,3.8,9.734669019120318,7,175619755.7992574,1.4215449960339077e+237,1.4215449960339077e+237,2512.9611052046116,0.2481189971605804,0.0,1.5782503553060234,0
90.025,-3.1963119760747727,-2.2864313222901296,1.0193231955604938,0.0,0.0,1e-12,0.22,1.0,4.4,3.8,9.73388935003945,7,175619755.7992574,1.4215449960339077e+237,1.4215449960339077e+237,2512.9611052046116,0.2481189971605804,0.0,1.5782503553060234,0
90.058,-3.200468333470826,-2.2825213367759716,1.005629852361853,0.0,0.0,1e-12,0.22,1.0,4.4,3.8,9.734689758817574,7,175619755.7992574,1.4215449960339077e+237,1.4215449960339077e+237,2512.9611052046116,0.2481189971605804,0.0,1.5782503553060234,0
90.19,-3.216991305179023,-2.266734345280009,0.9761782824725589,0.0,0.0,1e-12,0.22,1.0,4.4,3.8,9.737752418262282,7,175619765.24395633,1.7815993899060986e+238,1.7815993899060986e+238,2526.169858567479,0.2481189971605804,0.0,1.5782503553060234,0
90.322,-3.275228894814482,-2.3127180954131377,0.9273106562404936,0.0,0.0,1e-12,0.22,1.0,4.4,3.8,9.811955009160323,7,175619765.24395633,1.7815993899060986e+238,1.7815993899060986e+238,2526.169858567479,0.2481189971605804,0.0,1.5782503553060234,0
90.421,-3.28052451981806,-2.296732604380946,0.8868931429262663,0.0,0.0,1e-12,0.22,1.0,4.4,3.8,9.806151403524632,7,175619765.24395633,1.7815993899060986e+238,1.7815993899060986e+238,2526.169858567479,0.2481189971605804,0.0,1.5782503553060234,0
90.52,-3.296146949856607,-2.2901418410521335,0.8633007919239656,0.0,0.0,1e-12,0.22,1.0,4.4,3.8,9.814301071289847,7,175619765.24395633,1.7815993899060986e+238,1.7815993899060986e+238,2526.169858567479,0.2481189971605804,0.0,1.5782503553060234,0
90.586,-3.3118942777000133,-2.294860210072343,0.8474054633823468,0.0,0.0,1e-12,0.22,1.0,4.4,3.8,9.829579560222568,7,175619765.24395633,1.7815993899060986e+238,1.7815993899060986e+238,2526.169858567479,0.2481189971605804,0.0,1.5782503553060234,0
90.718,-3.3297511226718353,-2.289334197670506,0.8184034635207215,0.0,0.0,1e-12,0.22,1.0,4.4,3.8,9.840174967416282,7,175619763.65769333,3.638051129870131e+239,3.638051129870131e+239,1756.8338899862556,0.2481189971605804,0.0,1.5782503553060234,0
90.817,-3.3455534304891774,-2.289885708848015,0.7988463547186199,0.0,0.0,1e-12,0.22,1.0,4.4,3.8,9.852933872273475,7,175619763.65769333,3.638051129870131e+239,3.638051129870131e+239,1756.8338899862556,0.2481189971605804,0.0,1.5782503553060234,0
90.916,-3.362584701426563,-2.2928523497724176,0.78103515825948,0.0,0.0,1e-12,0.22,1.0,4.4,3.8,9.868159453664548,7,175619763.65769333,3.638051129870131e+239,3.638051129870131e+239,1756.8338899862556,0.2481189971605804,0.0,1.5782503553060234,0
90.982,-3.39528769896183,-2.3223172420744356,0.7505347026371607,0.0,0.0,1e-12,0.22,1.0,4.4,3.8,9.912077417080011,7,175619763.65769333,3.638051129870131e+239,3.638051129870131e+239,1756.8338899862556,0.2481189971605804,0.0,1.5782503553060234,0
91.081,-3.4106834366087706,-2.3283355231100535,0.735978413310139,0.0,0.0,1e-12,0.22,1.0,4.4,3.8,9.927903707768683,7,175619763.65769333,3.638051129870131e+239,3.638051129870131e+239,1756.8338899862556,0.2481189971605804,0.0,1.5782503553060234,0
91.213,-3.428498784499537,-2.3392316900919163,0.7232827219887944,0.0,0.0,1e-12,0.22,1.0,4.4,3.8,9.94864608695774,7,175619767.54119623,3.0777780302777527e+241,3.0777780302777527e+241,2037.4108384811693,0.2481189971605804,0.0,1.5782503553060234,0
91.312,-3.4399535390678073,-2.3476680303795487,0.7194832131657802,0.0,0.0,1e-12,0.22,1.0,4.4,3.8,9.962865737652626,7,175619767.54119623,3.0777780302777527e+241,3.0777780302777527e+241,2037.4108384811693,0.2481189971605804,0.0,1.5782503553060234,0
91.411,-3.4530558139004093,-2.36257052676078,0.7075943097738868,0.0,0.0,1e-12,0.22,1.0,4.4,3.8,9.982372519272944,7,175619767.54119623,3.0777780302777527e+241,3.0777780302777527e+241,2037.4108384811693,0.2481189971605804,0.0,1.5782503553060234,0
91.51,-3.4614355454439796,-2.3709507196621553,0.7076106866901584,0.0,0.0,1e-12,0.22,1.0,4.4,3.8,9.994138363044058,7,175619767.54119623,3.0777780302777527e+241,3.0777780302777527e+241,2037.4108384811693,0.2481189971605804,0.0,1.5782503553060234,0
91.609,-3.470043548320527,-2.385794201613931,0.7104937822295913,0.0,0.0,1e-12,0.22,1.0,4.4,3.8,10.010076690874156,7,175619767.54119623,3.0777780302777527e+241,3.0777780302777527e+241,2037.4108384811693,0.2481189971605804,0.0,1.5782503553060234,0
91.708,-3.4728228587314565,-2.396052882525503,0.7179180245063459,0.0,0.0,1e-12,0.22,1.0,4.4,3.8,10.01860325035467,7,175619773.40531042,3.987646282912022e+242,3.987646282912022e+242,2570.9165363807606,0.2481189971605804,0.0,1.5782503553060234,0
91.807,-3.5441432533202213,-2.49197353139106,0.6119292273168454,0.0,0.0,1e-12,0.22,1.0,4.4,3.8,10.134019091604223,7,175619773.40531042,3.987646282912022e+242,3.987646282912022e+242,2570.9165363807606,0.2481189971605804,0.0,1.5782503553060234,0
91.906,-3.5450257031122776,-2.506152566593923,0.6413003612900225,0.0,0.0,1e-12,0.22,1.0,4.4,3.8,10.143519784388152,7,175619773.40531042,3.987646282912022e+242,3.987646282912022e+242,2570.9165363807606,0.2481189971605804,0.0,1.5782503553060234,0
91.972,-3.54469424480356,-2.51640626428427,0.6476704642796851,0.0,0.0,1e-12,0.22,1.0,4.4,3.8,10.149638158028313,7,175619773.40531042,3.987646282912022e+242,3.987646282912022e+242,2570.9165363807606,0.2481189971605804,0.0,1.5782503553060234,0
92.071,-3.5409965976690434,-2.5277731973266526,0.6715850185794356,0.0,0.0,1e-12,0.22,1.0,4.4,3.8,10.153823939826655,7,175619773.40531042,3.987646282912022e+242,3.987646282912022e+242,2570.9165363807606,0.2481189971605804,0.0,1.5782503553060234,0
92.203,-3.5348614353923646,-2.5469937535922975,0.6998551309175032,0.0,0.0,1e-12,0.22,1.0,4.4,3.8,10.161021390933916,7,175619776.80752495,1.0540607865457749e+244,1.0540607865457749e+244,2586.4804299187695,0.2481189971605804,0.0,1.5782503553060234,0
92.203,-3.5348614353923646,-2.5469937535922975,0.6998551309175032,0.0,0.0,1e-12,0.22,1.0,4.4,3.8,10.161021390933916,7,175619776.80752495,1.0540607865457749e+244,1.0540607865457749e+244,2586.4804299187695,0.2481189971605804,0.0,1.5782503553060234,0
92.434,-3.5104398987352883,-2.5682677929259445,0.7563065651781137,0.0,0.0,1e-12,0.22,1.0,4.4,3.8,10.15528897047844,7,175619776.80752495,1.0540607865457749e+244,1.0540607865457749e+244,2586.4804299187695,0.2481189971605804,0.0,1.5782503553060234,0
92.533,-3.496393355927174,-2.5764146695255,0.7880163467977275,0.0,0.0,1e-12,0.22,1.0,4.4,3.8,10.149467575654933,7,175619776.80752495,1.0540607865457749e+244,1.0540607865457749e+244,2586.4804299187695,0.2481189971605804,0.0,1.5782503553060234,0
92.632,-3.508016203297292,-2.6206738051270015,0.7787826243340484,0.0,0.0,1e-12,0.22,1.0,4.4,3.8,10.186352260915413,7,175619781.14579025,1.2514074660265964e+245,1.2514074660265964e+245,2327.0915055297833,0.2481189971605804,0.0,1.5782503553060234,0
92.698,-3.4948838172557717,-2.623055990595125,0.7994203275197014,0.0,0.0,1e-12,0.22,1.0,4.4,3.8,10.177663717488754,7,175619781.14579025,1.2514074660265964e+245,1.2514074660265964e+245,2327.0915055297833,0.2481189971605804,0.0,1.5782503553060234,0
92.83,-3.4676908476475887,-2.6231774643517833,0.8440596889592386,0.0,0.0,1e-12,0.22,1.0,4.4,3.8,10.156661263068402,7,175619781.14579025,1.2514074660265964e+245,1.2514074660265964e+245,2327.0915055297833,0.2481189971605804,0.0,1.5782503553060234,0
92.929,-3.451528389559709,-2.632708421802561,0.8612605599970605,0.0,0.0,1e-12,0.22,1.0,4.4,3.8,10.150184022567851,7,175619781.14579025,1.2514074660265964e+245,1.2514074660265964e+245,2327.0915055297833,0.2481189971605804,0.0,1.5782503553060234,0
93.028,-3.433141619208418,-2.640054287771961,0.8808655968168878,0.0,0.0,1e-12,0.22,1.0,4.4,3.8,10.140631482113188,7,175619781.14579025,1.2514074660265964e+245,1.2514074660265964e+245,2327.0915055297833,0.2481189971605804,0.0,1.5782503553060234,0
93.127,-3.4118827622320436,-2.639289128009386,0.9063808004449386,0.0,0.0,1e-12,0.22,1.0,4.4,3.8,10.123732353482978,7,175619781.14579025,1.2514074660265964e+245,1.2514074660265964e+245,2327.0915055297833,0.2481189971605804,0.0,1.5782503553060234,0
93.193,-3.3981465056545392,-2.6428272024410826,0.9181512201309071,0.0,0.0,1e-12,0.22,1.0,4.4,3.8,10.11538982363838,7,175619781.18619776,4.567967875414125e+246,4.567967875414125e+246,2180.269425302299,0.2481189971605804,0.0,1.5782503553060234,0
93.325,-3.374336443706961,-2.647962387170246,0.9476577291980226,0.0,0.0,1e-12,0.22,1.0,4.4,3.8,10.100323068412832,7,175619781.18619776,4.567967875414125e+246,4.567967875414125e+246,2180.269425302299,0.2481189971605804,0.0,1.5782503553060234,0
93.424,-3.3523958496910318,-2.6437301949279064,0.9701474021899885,0.0,0.0,1e-12,0.22,1.0,4.4,3.8,10.080739071880215,7,175619781.18619776,4.567967875414125e+246,4.567967875414125e+246,2180.269425302299,0.2481189971605804,0.0,1.5782503553060234,0
93.523,-3.3661996327680925,-2.7044187117609613,0.9688624806023611,0.0,0.0,1e-12,0.22,1.0,4.4,3.8,10.130218137528598,7,175619781.18619776,4.567967875414125e+246,4.567967875414125e+246,2180.269425302299,0.2481189971605804,0.0,1.5782503553060234,0
93.589,-3.349762220430755,-2.7001336006766024,0.982489243894778,0.0,0.0,1e-12,0.22,1.0,4.4,3.8,10.114867834028322,7,175619781.18619776,4.567967875414125e+246,4.567967875414125e+246,2180.269425302299,0.2481189971605804,0.0,1.5782503553060234,0
93.688,-3.3285197138818314,-2.696624005655712,1.005873471887295,0.0,0.0,1e-12,0.22,1.0,4.4,3.8,10.096342923986,7,175619777.68456638,1.7546761110590386e+248,1.7546761110590386e+248,2628.394142113182,0.2481189971605804,0.0,1.5782503553060234,0
93.787,-3.305313802945132,-2.686075731348295,1.0261665976158767,0.0,0.0,1e-12,0.22,1.0,4.4,3.8,10.071794239093753,7,175619777.68456638,1.7546761110590386e+248,1.7546761110590386e+248,2628.394142113182,0.2481189971605804,0.0,1.5782503553060234,0
93.853,-3.2892909315702927,-2.678687266202652,1.0398570180137812,0.0,0.0,1e-12,0.22,1.0,4.4,3.8,10.054779148424172,7,175619777.68456638,1.7546761110590386e+248,1.7546761110590386e+248,2628.394142113182,0.2481189971605804,0.0,1.5782503553060234,0
94.018,-3.2487867334851797,-2.647328279682546,1.0772035899568164,0.0,0.0,1e-12,0.22,1.0,4.4,3.8,10.00359837460167,7,175619777.68456638,1.7546761110590386e+248,1.7546761110590386e+248,2628.394142113182,0.2481189971605804,0.0,1.5782503553060234,0
94.084,-3.234910562219251,-2.6347102154498416,1.0872781693111133,0.0,0.0,1e-12,0.22,1.0,4.4,3.8,9.984856275876064,7,175619777.68456638,1.7546761110590386e+248,1.7546761110590386e+248,2628.394142113182,0.2481189971605804,0.0,1.5782503553060234,0
94.216,-3.1987428919786387,-2.5932769063842436,1.122836537336437,0.0,0.0,1e-12,0.22,1.0,4.4,3.8,9.930502663012682,7,175619773.46918866,7.755434114601025e+248,7.755434114601025e+248,2621.2960445564545,0.2481189971605804,0.0,1.5782503553060234,0
94.315,-3.203369325210524,-2.6242637641725834,1.1280323789146645,0.0,0.0,1e-12,0.22,1.0,4.4,3.8,9.954013763664044,7,175619773.46918866,7.755434114601025e+248,7.755434114601025e+248,2621.2960445564545,0.2481189971605804,0.0,1.5782503553060234,0
94.414,-3.1820887298230907,-2.600840988700291,1.140357390743413,0.0,0.0,1e-12,0.22,1.0,4.4,3.8,9.92264253460418,7,175619773.46918866,7.755434114601025e+248,7.755434114601025e+248,2621.2960445564545,0.2481189971605804,0.0,1.5782503553060234,0
94.48,-3.1717583618979996,-2.586841741980228,1.151716484278849,0.0,0.0,1e-12,0.22,1.0,4.4,3.8,9.905719162588516,7,175619773.46918866,7.755434114601025e+248,7.755434114601025e+248,2621.2960445564545,0.2481189971605804,0.0,1.5782503553060234,0
94.612,-3.14790661129948,-2.549940551642766,1.1641086812831891,0.0,0.0,1e-12,0.22,1.0,4.4,3.8,9.86370311912801,7,175619773.46918866,7.755434114601025e+248,7.755434114601025e+248,2621.2960445564545,0.2481189971605804,0.0,1.5782503553060234,0
94.678,-3.137815225322867,-2.533258727387422,1.1737822433052842,0.0,0.0,1e-12,0.22,1.0,4.4,3.8,9.845243749097234,7,58131991389402.195,34653.10000530751,34620.137002616335,31.607475951466437,0.2481189971605804,0.0,1.1074077425524997,0
94.81,-3.117837996128772,-2.4935384716997615,1.1844459438839081,0.0,0.0,1e-12,0.22,1.0,4.4,3.8,9.804413018166995,7,58131991389402.195,34653.10000530751,34620.137002616335,31.607475951466437,0.2481189971605804,0.0,1.1074077425524997,0
94.876,-3.1091166880766643,-2.4700425115785976,1.1902039391512567,0.0,0.0,1e-12,0.22,1.0,4.4,3.8,9.782651303821183,7,58131991389402.195,34653.10000530751,34620.137002616335,31.607475951466437,0.2481189971605804,0.0,1.1074077425524997,0
95.041,-3.0933027176794177,-2.426676987520888,1.1965468253594937,0.0,0.0,1e-12,0.22,1.0,4.4,3.8,9.74274560510044,7,58131991389402.195,34653.10000530751,34620.137002616335,31.607475951466437,0.2481189971605804,0.0,1.1074077425524997,0
95.107,-3.094336647530505,-2.4208892525187866,1.1984313268363473,0.0,0.0,1e-12,0.22,1.0,4.4,3.8,9.739843164991031,7,58131991389402.195,34653.10000530751,34620.137002616335,31.607475951466437,0.2481189971605804,0.0,1.1074077425524997,0
95.206,-3.117569825682553,-2.461123704861606,1.2104843855868974,0.0,0.0,1e-12,0.22,1.0,4.4,3.8,9.78343120441866,7,58131991389402.2,34653.10000530775,34620.137002616575,31.607475951466437,0.2481189971605804,0.0,1.1074077425524997,0
95.338,-3.114172216389073,-2.430670092128215,1.2032193054804388,0.0,0.0,1e-12,0.22,1.0,4.4,3.8,9.761354101480721,7,58131991389402.2,34653.10000530775,34620.137002616575,31.607475951466437,0.2481189971605804,0.0,1.1074077425524997,0
95.437,-3.1097215556497155,-2.402926393666709,1.1941612732119984,0.0,0.0,1e-12,0.22,1.0,4.4,3.8,9.740236839452985,7,58131991389402.2,34653.10000530775,34620.137002616575,31.607475951466437,0.2481189971605804,0.0,1.1074077425524997,0
95.536,-3.1084843705482776,-2.375946017423054,1.1834505025159014,0.0,0.0,1e-12,0.22,1.0,4.4,3.8,9.722121515023943,7,58131991389402.2,34653.10000530775,34620.137002616575,31.607475951466437,0.2481189971605804,0.0,1.1074077425524997,0
95.602,-3.1116344338364366,-2.364445254685448,1.1750117217852203,0.0,0.0,1e-12,0.22,1.0,4.4,3.8,9.71725461051686,7,58131991389402.2,34653.10000530775,34620.137002616575,31.607475951466437,0.2481189971605804,0.0,1.1074077425524997,0
95.701,-3.1112381329460455,-2.334586670475485,1.1599039041923613,0.0,0.0,1e-12,0.22,1.0,4.4,3.8,9.698033404118503,7,58131991389402.16,34653.1000053081,34620.137002616924,31.607475951466437,0.2481189971605804,0.0,1.1074077425524997,0
95.833,-3.1201423799482,-2.313018518043367,1.1339860600397056,0.0,0.0,1e-12,0.22,1.0,4.4,3.8,9.691312440357812,7,58131991389402.16,34653.1000053081,34620.137002616924,31.607475951466437,0.2481189971605804,0.0,1.1074077425524997,0
95.833,-3.1201423799482,-2.313018518043367,1.1339860600397056,0.0,0.0,1e-12,0.22,1.0,4.4,3.8,9.691312440357812,7,58131991389402.16,34653.1000053081,34620.137002616924,31.607475951466437,0.2481189971605804,0.0,1.1074077425524997,0
95.998,-3.1587019741476774,-2.3264150045061154,1.1036530328313994,0.0,0.0,1e-12,0.22,1.0,4.4,3.8,9.729693537898388,7,58131991389402.16,34653.1000053081,34620.137002616924,31.607475951466437,0.2481189971605804,0.0,1.1074077425524997,0
95.998,-3.1587019741476774,-2.3264150045061154,1.1036530328313994,0.0,0.0,1e-12,0.22,1.0,4.4,3.8,9.729693537898388,7,58131991389402.08,34653.1000053083,34620.13700261712,31.607475951466437,0.2481189971605804,0.0,1.1074077425524997,0
96.13,-3.169602507967885,-2.3042679528889978,1.0642204787223433,0.0,0.0,1e-12,0.22,1.0,4.4,3.8,9.72424646794297,7,58131991389402.08,34653.1000053083,34620.13700261712,31.607475951466437,0.2481189971605804,0.0,1.1074077425524997,0
96.328,-3.196971697905124,-2.2831692735812608,1.015979622977588,0.0,0.0,1e-12,0.22,1.0,4.4,3.8,9.73236494331232,7,58131991389402.08,34653.1000053083,34620.13700261712,31.607475951466437,0.2481189971605804,0.0,1.1074077425524997,0
96.394,-3.204546405019219,-2.2737561106487427,0.9995001612975262,0.0,0.0,1e-12,0.22,1.0,4.4,3.8,9.732401518522224,7,58131991389402.08,34653.1000053083,34620.13700261712,31.607475951466437,0.2481189971605804,0.0,1.1074077425524997,0
96.493,-3.2171609015632967,-2.25922743384194,0.9643683443376829,0.0,0.0,1e-12,0.22,1.0,4.4,3.8,9.73321002009755,7,58131991389402.08,34653.1000053083,34620.13700261712,31.607475951466437,0.2481189971605804,0.0,1.1074077425524997,0
96.526,-3.2188692687482026,-2.253359050954354,0.9606371044594721,0.0,0.0,1e-12,0.22,1.0,4.4,3.8,9.730895371652434,7,58131991389402.08,34653.1000053083,34620.13700261712,31.607475951466437,0.2481189971605804,0.0,1.1074077425524997,0
96.691,-3.2832564308304386,-2.30165150091794,0.8892277231374668,0.0,0.0,1e-12,0.22,1.0,4.4,3.8,9.811349571825042,7,58131991389401.93,34653.10000530848,34620.1370026173,31.607475951466437,0.2481189971605804,0.0,1.1074077425524997,0
96.757,-3.2907842133453378,-2.2953228543594046,0.8742578776982336,0.0,0.0,1e-12,0.22,1.0,4.4,3.8,9.813313533925122,7,58131991389401.93,34653.10000530848,34620.1370026173,31.607475951466437,0.2481189971605804,0.0,1.1074077425524997,0
96.922,-3.3203609041140734,-2.2950697485285336,0.8338200482643435,0.0,0.0,1e-12,0.22,1.0,4.4,3.8,9.836353375575765,7,58131991389401.93,34653.10000530848,34620.1370026173,31.607475951466437,0.2481189971605804,0.0,1.1074077425524997,0
97.021,-3.336990200148197,-2.29350614582895,0.8130108586827132,0.0,0.0,1e-12,0.22,1.0,4.4,3.8,9.848443252943301,7,58131991389401.93,34653.10000530848,34620.1370026173,31.607475951466437,0.2481189971605804,0.0,1.1074077425524997,0
97.12,-3.349853370534635,-2.291020806068741,0.7928233558540405,0.0,0.0,1e-12,0.22,1.0,4.4,3.8,9.85701586306674,7,58131991389401.93,34653.10000530848,34620.1370026173,31.607475951466437,0.2481189971605804,0.0,1.1074077425524997,0
97.186,-3.3592104501607185,-2.2913263659907703,0.7853840617238466,0.0,0.0,1e-12,0.22,1.0,4.4,3.8,9.864563026657473,7,58131991389401.79,34653.10000530847,34620.137002617295,31.607475951466437,0.2481189971605804,0.0,1.1074077425524997,0
97.318,-3.4051027809559775,-2.327685285631141,0.7390813981366227,0.0,0.0,1e-12,0.22,1.0,4.4,3.8,9.923112232612667,7,58131991389401.79,34653.10000530847,34620.137002617295,31.607475951466437,0.2481189971605804,0.0,1.1074077425524997,0
97.417,-3.416745868642411,-2.3318462119801167,0.7287067030525602,0.0,0.0,1e-12,0.22,1.0,4.4,3.8,9.934840408497417,7,58131991389401.79,34653.10000530847,34620.137002617295,31.607475951466437,0.2481189971605804,0.0,1.1074077425524997,0
97.45,-3.4231739153980567,-2.33580004052674,0.7280520955214359,0.0,0.0,1e-12,0.22,1.0,4.4,3.8,9.942338369211365,7,58131991389401.79,34653.10000530847,34620.137002617295,31.607475951466437,0.2481189971605804,0.0,1.1074077425524997,0
97.615,-3.4420759087225528,-2.3498156563928743,0.7181979626466988,0.0,0.0,1e-12,0.22,1.0,4.4,3.8,9.965861085013255,7,58131991389401.79,34653.10000530847,34620.137002617295,31.607475951466437,0.2481189971605804,0.0,1.1074077425524997,0
97.714,-3.4523201427960446,-2.3623043465043665,0.7111488881066197,0.0,0.0,1e-12,0.22,1.0,4.4,3.8,9.981629450340616,7,58131991389401.695,34653.1000053083,34620.13700261712,31.607475951466437,0.2481189971605804,0.0,1.1074077425524997,0
97.813,-3.4629707588613354,-2.3735053886061834,0.709030646355921,0.0,0.0,1e-12,0.22,1.0,4.4,3.8,9.99692342362679,7,58131991389401.695,34653.1000053083,34620.13700261712,31.607475951466437,0.2481189971605804,0.0,1.1074077425524997,0
97.912,-3.471162796514415,-2.387868245772193,0.7077721470287607,0.0,0.0,1e-12,0.22,1.0,4.4,3.8,10.012238370927276,7,58131991389401.695,34653.1000053083,34620.13700261712,31.607475951466437,0.2481189971605804,0.0,1.1074077425524997,0
98.011,-3.4765274301459526,-2.4009688230602593,0.71822802163328,0.0,0.0,1e-12,0.22,1.0,4.4,3.8,10.024554788239074,7,58131991389401.695,34653.1000053083,34620.13700261712,31.607475951466437,0.2481189971605804,0.0,1.1074077425524997,0
98.077,-3.540651962696064,-2.4849223626234362,0.6171786446343289,0.0,0.0,1e-12,0.22,1.0,4.4,3.8,10.12690489225968,7,58131991389401.695,34653.1000053083,34620.13700261712,31.607475951466437,0.2481189971605804,0.0,1.1074077425524997,0
98.209,-3.543614157805379,-2.507951081854449,0.6408082827331038,0.0,0.0,1e-12,0.22,1.0,4.4,3.8,10.143532557208793,7,58131991389401.695,34653.1000053083,34620.13700261712,31.607475951466437,0.2481189971605804,0.0,1.1074077425524997,0
98.209,-3.543614157805379,-2.507951081854449,0.6408082827331038,0.0,0.0,1e-12,0.22,1.0,4.4,3.8,10.143532557208793,7,58131991389401.66,34653.10000530807,34620.137002616895,31.607475951466437,0.2481189971605804,0.0,1.1074077425524997,0
98.374,-3.540001295926373,-2.5318026984961888,0.6776704272141187,0.0,0.0,1e-12,0.22,1.0,4.4,3.8,10.15555739445138,7,58131991389401.66,34653.10000530807,34620.137002616895,31.607475951466437,0.2481189971605804,0.0,1.1074077425524997,0
98.506,-3.5334351430061406,-2.5498072440027775,0.706877877712447,0.0,0.0,1e-12,0.22,1.0,4.4,3.8,10.16166547394053,7,58131991389401.66,34653.10000530807,34620.137002616895,31.607475951466437,0.2481189971605804,0.0,1.1074077425524997,0
98.605,-3.5235374705710054,-2.5590067170513646,0.7299504146288341,0.0,0.0,1e-12,0.22,1.0,4.4,3.8,10.159695491255983,7,58131991389401.66,34653.10000530807,34620.137002616895,31.607475951466437,0.2481189971605804,0.0,1.1074077425524997,0
98.704,-3.5154751859922033,-2.5704340441619835,0.7552407451973764,0.0,0.0,1e-12,0.22,1.0,4.4,3.8,10.160569734570808,7,58131991389401.68,34653.10000530778,34620.137002616604,31.607475951466437,0.2481189971605804,0.0,1.1074077425524997,0
98.77,-3.504048558495147,-2.5737788170865463,0.7729949548650974,0.0,0.0,1e-12,0.22,1.0,4.4,3.8,10.15376974449344,7,58131991389401.68,34653.10000530778,34620.137002616604,31.607475951466437,0.2481189971605804,0.0,1.1074077425524997,0
98.902,-3.5094472138066144,-2.6205774871298373,0.7730713032528438,0.0,0.0,1e-12,0.22,1.0,4.4,3.8,10.187402539226165,7,58131991389401.68,34653.10000530778,34620.137002616604,31.607475951466437,0.2481189971605804,0.0,1.1074077425524997,0
99.001,-3.490980160618532,-2.6228316793144435,0.8062640113309121,0.0,0.0,1e-12,0.22,1.0,4.4,3.8,10.174494320411235,7,58131991389401.68,34653.10000530778,34620.137002616604,31.607475951466437,0.2481189971605804,0.0,1.1074077425524997,0
99.1,-3.4711518633765426,-2.625311915570524,0.8362916425886112,0.0,0.0,1e-12,0.22,1.0,4.4,3.8,10.160692145159627,7,58131991389401.68,34653.10000530778,34620.137002616604,31.607475951466437,0.2481189971605804,0.0,1.1074077425524997,0
99.133,-3.463186656605278,-2.6247043360924356,0.8502647948654997,0.0,0.0,1e-12,0.22,1.0,4.4,3.8,10.15413857512395,7,58131991389401.78,34653.10000530751,34620.137002616335,31.607475951466437,0.2481189971605804,0.0,1.1074077425524997,0
99.331,-3.4280575938813778,-2.6377574137668773,0.8881583016042494,0.0,0.0,1e-12,0.22,1.0,4.4,3.8,10.135245740071342,7,58131991389401.78,34653.10000530751,34620.137002616335,31.607475951466437,0.2481189971605804,0.0,1.1074077425524997,0
99.43,-3.410847563485013,-2.64537723012278,0.9094265239811086,0.0,0.0,1e-12,0.22,1.0,4.4,3.8,10.126807359606726,7,58131991389401.78,34653.10000530751,34620.137002616335,31.607475951466437,0.2481189971605804,0.0,1.1074077425524997,0
99.529,-3.3892774712565816,-2.6468062751583674,0.9305896513415273,0.0,0.0,1e-12,0.22,1.0,4.4,3.8,10.111090676759192,7,58131991389401.78,34653.10000530751,34620.137002616335,31.607475951466437,0.2481189971605804,0.0,1.1074077425524997,0
99.595,-3.3744839509351556,-2.6451295605772143,0.944129525224696,0.0,0.0,1e-12,0.22,1.0,4.4,3.8,10.098628409639328,7,58131991389401.78,34653.10000530751,34620.137002616335,31.607475951466437,0.2481189971605804,0.0,1.1074077425524997,0
99.661,-3.358846013466309,-2.640138894674881,0.9621281707114622,0.0,0.0,1e-12,0.22,1.0,4.4,3.8,10.083406192521762,7,58131991389401.93,34653.10000530734,34620.13700261616,31.607475951466437,0.2481189971605804,0.0,1.1074077425524997,0
99.76,-3.3745505190208753,-2.7049986647540636,0.9521612795713577,0.0,0.0,1e-12,0.22,1.0,4.4,3.8,10.13699380493349,7,58131991389401.93,34653.10000530734,34620.13700261616,31.607475951466437,0.2481189971605804,0.0,1.1074077425524997,0
99.859,-3.3518211822108888,-2.699885901808402,0.9785739768504264,0.0,0.0,1e-12,0.22,1.0,4.4,3.8,10.116286293769125,7,58131991389401.93,34653.10000530734,34620.13700261616,31.607475951466437,0.2481189971605804,0.0,1.1074077425524997,0
99.991,-3.3238948163707436,-2.6945003140639257,1.00601885178331,0.0,0.0,1e-12,0.22,1.0,4.4,3.8,10.091436243852273,7,58131991389401.93,34653.10000530734,34620.13700261616,31.607475951466437,0.2481189971605804,0.0,1.1074077425524997,0
100.123,-3.291449475861186,-2.6775982234709743,1.0382334814523921,0.0,0.0,1e-12,0.22,1.0,4.4,3.8,10.055728406457666,7,58131991389401.93,34653.10000530734,34620.13700261616,31.607475951466437,0.2481189971605804,0.0,1.1074077425524997,0
100.156,-3.2839250896637724,-2.673150562780011,1.0442970023759428,0.0,0.0,1e-12,0.22,1.0,4.4,3.8,10.047108190518484,7,58131991389402.04,34653.10000530729,34620.13700261612,31.607475951466437,0.2481189971605804,0.0,1.1074077425524997,0
100.255,-3.2591621766463876,-2.655317504792034,1.0656619150281736,0.0,0.0,1e-12,0.22,1.0,4.4,3.8,10.016680554746921,7,58131991389402.04,34653.10000530729,34620.13700261612,31.607475951466437,0.2481189971605804,0.0,1.1074077425524997,0
100.42,-3.2216622207575,-2.62243482918541,1.098971108790816,0.0,0.0,1e-12,0.22,1.0,4.4,3.8,9.966815145394037,7,58131991389402.04,34653.10000530729,34620.13700261612,31.607475951466437,0.2481189971605804,0.0,1.1074077425524997,0
100.486,-3.2010339566042205,-2.593334839634161,1.113191944656704,0.0,0.0,1e-12,0.22,1.0,4.4,3.8,9.9322931683036,7,58131991389402.04,34653.10000530729,34620.13700261612,31.607475951466437,0.2481189971605804,0.0,1.1074077425524997,0
100.585,-3.1860792602544694,-2.586506651828381,1.1295661591125203,0.0,0.0,1e-12,0.22,1.0,4.4,3.8,9.916454293582518,7,58131991389402.04,34653.10000530729,34620.13700261612,31.607475951466437,0.2481189971605804,0.0,1.1074077425524997,0
100.717,-3.178178582002292,-2.5948054360925408,1.1417180851270214,0.0,0.0,1e-12,0.22,1.0,4.4,3.8,9.915761553516552,7,58131991389402.16,34653.10000530741,34620.13700261623,31.607475951466437,0.2481189971605804,0.0,1.1074077425524997,0
100.783,-3.1682661394644756,-2.5836462346709945,1.154596491062685,0.0,0.0,1e-12,0.22,1.0,4.4,3.8,9.90098942566821,7,58131991389402.16,34653.10000530741,34620.13700261623,31.607475951466437,0.2481189971605804,0.0,1.1074077425524997,0
100.915,-3.143646536522517,-2.5414339647303974,1.1710713887245476,0.0,0.0,1e-12,0.22,1.0,4.4,3.8,9.854967671028884,7,58131991389402.16,34653.10000530741,34620.13700261623,31.607475951466437,0.2481189971605804,0.0,1.1074077425524997,0
101.014,-3.129066370198164,-2.5165944696118854,1.1761342407124267,0.0,0.0,1e-12,0.22,1.0,4.4,3.8,9.8278281476825,7,58131991389402.16,34653.10000530741,34620.13700261623,31.607475951466437,0.2481189971605804,0.0,1.1074077425524997,0
101.014,-3.129066370198164,-2.5165944696118854,1.1761342407124267,0.0,0.0,1e-12,0.22,1.0,4.4,3.8,9.8278281476825,7,58131991389402.16,34653.10000530741,34620.13700261623,31.607475951466437,0.2481189971605804,0.0,1.1074077425524997,0
101.212,-3.102838280391699,-2.4541697206690856,1.1923860804722861,0.0,0.0,1e-12,0.22,1.0,4.4,3.8,9.76766201077029,7,58131991389402.25,34653.10000530765,34620.13700261647,31.607475951466437,0.2481189971605804,0.0,1.1074077425524997,0
101.311,-3.0963584186748463,-2.436727840965041,1.1961313945767098,0.0,0.0,1e-12,0.22,1.0,4.4,3.8,9.751521096911276,7,58131991389402.25,34653.10000530765,34620.13700261647,31.607475951466437,0.2481189971605804,0.0,1.1074077425524997,0
101.41,-3.0956032780589426,-2.4237688756799285,1.2006424174458168,0.0,0.0,1e-12,0.22,1.0,4.4,3.8,9.742657107787904,7,58131991389402.25,34653.10000530765,34620.13700261647,31.607475951466437,0.2481189971605804,0.0,1.1074077425524997,0
101.443,-3.119486929502778,-2.472215425538274,1.2120096729442162,0.0,0.0,1e-12,0.22,1.0,4.4,3.8,9.792005413975392,7,58131991389402.25,34653.10000530765,34620.13700261647,31.607475951466437,0.2481189971605804,0.0,1.1074077425524997,0
101.608,-3.113075346793964,-2.4340333141897506,1.2106560663058672,0.0,0.0,1e-12,0.22,1.0,4.4,3.8,9.762657042477263,7,58131991389402.25,34653.10000530765,34620.13700261647,31.607475951466437,0.2481189971605804,0.0,1.1074077425524997,0
101.707,-3.1097590497805134,-2.4022839271578955,1.1975802324926381,0.0,0.0,1e-12,0.22,1.0,4.4,3.8,9.73985661592826,7,58131991389402.22,34653.10000530797,34620.13700261679,31.607475951466437,0.2481189971605804,0.0,1.1074077425524997,0
101.806,-3.110094225899621,-2.3812343192650554,1.1870535562556286,0.0,0.0,1e-12,0.22,1.0,4.4,3.8,9.726724679538892,7,58131991389402.22,34653.10000530797,34620.13700261679,31.607475951466437,0.2481189971605804,0.0,1.1074077425524997,0
101.938,-3.1119243687796794,-2.347390351675041,1.1625054345482375,0.0,0.0,1e-12,0.22,1.0,4.4,3.8,9.706668628223246,7,58131991389402.22,34653.10000530797,34620.13700261679,31.607475951466437,0.2481189971605804,0.0,1.1074077425524997,0
102.004,-3.1119778400579046,-2.331502033684117,1.1528586313397342,0.0,0.0,1e-12,0.22,1.0,4.4,3.8,9.696655519228962,7,58131991389402.22,34653.10000530797,34620.13700261679,31.607475951466437,0.2481189971605804,0.0,1.1074077425524997,0
102.136,-3.124264379994131,-2.3111752611177128,1.1290916542704466,0.0,0.0,1e-12,0.22,1.0,4.4,3.8,9.6933491390822,7,58131991389402.22,34653.10000530797,34620.13700261679,31.607475951466437,0.2481189971605804,0.0,1.1074077425524997,0
102.169,-3.1496685655736685,-2.3480541520309766,1.132205557509842,0.0,0.0,1e-12,0.22,1.0,4.4,3.8,9.736327095281695,7,58131991389402.14,34653.100005308246,34620.13700261707,31.607475951466437,0.2481189971605804,0.0,1.1074077425524997,0
102.301,-3.159696274904314,-2.324753326253055,1.1052261204221168,0.0,0.0,1e-12,0.22,1.0,4.4,3.8,9.7294198735716,7,58131991389402.14,34653.100005308246,34620.13700261707,31.607475951466437,0.2481189971605804,0.0,1.1074077425524997,0
102.433,-3.1756312060807645,-2.305785934210942,1.064057657932947,0.0,0.0,1e-12,0.22,1.0,4.4,3.8,9.729892601922844,7,58131991389402.14,34653.100005308246,34620.13700261707,31.607475951466437,0.2481189971605804,0.0,1.1074077425524997,0
102.532,-3.190383330734957,-2.2972890637049885,1.0316054559396401,0.0,0.0,1e-12,0.22,1.0,4.4,3.8,9.736059420210804,7,58131991389402.14,34653.100005308246,34620.13700261707,31.607475951466437,0.2481189971605804,0.0,1.1074077425524997,0
102.598,-3.1956941380888213,-2.283884530078768,1.015659335299535,0.0,0.0,1e-12,0.22,1.0,4.4,3.8,9.731814857195376,7,58131991389402.01,34653.100005308435,34620.13700261726,31.607475951466437,0.2481189971605804,0.0,1.1074077425524997,0
102.73,-3.212061057448958,-2.268073834868713,0.9797568249752704,0.0,0.0,1e-12,0.22,1.0,4.4,3.8,9.734731306397174,7,58131991389402.01,34653.100005308435,34620.13700261726,31.607475951466437,0.2481189971605804,0.0,1.1074077425524997,0
102.73,-3.212061057448958,-2.268073834868713,0.9797568249752704,0.0,0.0,1e-12,0.22,1.0,4.4,3.8,9.734731306397174,7,58131991389402.01,34653.100005308435,34620.13700261726,31.607475951466437,0.2481189971605804,0.0,1.1074077425524997,0
102.928,-3.2760373459817953,-2.303113533572881,0.9081440075089384,0.0,0.0,1e-12,0.22,1.0,4.4,3.8,9.806607167649151,7,58131991389402.01,34653.100005308435,34620.13700261726,31.607475951466437,0.2481189971605804,0.0,1.1074077425524997,0
102.994,-3.280287798305371,-2.2935368760200445,0.8894102922485361,0.0,0.0,1e-12,0.22,1.0,4.4,3.8,9.803979412678022,7,58131991389402.01,34653.100005308435,34620.13700261726,31.607475951466437,0.2481189971605804,0.0,1.1074077425524997,0
103.126,-3.3031006183555576,-2.2906055919195327,0.8513350947848529,0.0,0.0,1e-12,0.22,1.0,4.4,3.8,9.820042546386,7,58131991389402.01,34653.100005308435,34620.13700261726,31.607475951466437,0.2481189971605804,0.0,1.1074077425524997,0
103.225,-3.3201774069294396,-2.2919685675141426,0.8291276932122408,0.0,0.0,1e-12,0.22,1.0,4.4,3.8,9.83428798754867,7,58131991389401.87,34653.10000530853,34620.13700261735,31.607475951466437,0.2481189971605804,0.0,1.1074077425524997,0
103.291,-3.331370837002591,-2.2904858289040297,0.8170496075582826,0.0,0.0,1e-12,0.22,1.0,4.4,3.8,9.842159958633824,7,58131991389401.87,34653.10000530853,34620.13700261735,31.607475951466437,0.2481189971605804,0.0,1.1074077425524997,0
103.423,-3.3528021251214386,-2.291657893627855,0.7898001666835258,0.0,0.0,1e-12,0.22,1.0,4.4,3.8,9.85972802283542,7,58131991389401.87,34653.10000530853,34620.13700261735,31.607475951466437,0.2481189971605804,0.0,1.1074077425524997,0
103.522,-3.367734486499067,-2.2931609245541615,0.778861247071592,0.0,0.0,1e-12,0.22,1.0,4.4,3.8,9.872401384934705,7,58131991389401.87,34653.10000530853,34620.13700261735,31.607475951466437,0.2481189971605804,0.0,1.1074077425524997,0
103.621,-3.4053300157963626,-2.3272019631181347,0.738484639656542,0.0,0.0,1e-12,0.22,1.0,4.4,3.8,9.922992520017859,7,58131991389401.87,34653.10000530853,34620.13700261735,31.607475951466437,0.2481189971605804,0.0,1.1074077425524997,0
103.72,-3.420844690329809,-2.3345177779268176,0.7322805767274521,0.0,0.0,1e-12,0.22,1.0,4.4,3.8,9.939714283517416,7,58131991389401.74,34653.100005308435,34620.13700261726,31.607475951466437,0.2481189971605804,0.0,1.1074077425524997,0
103.819,-3.4352020087647803,-2.3457300497728015,0.7225068140471431,0.0,0.0,1e-12,0.22,1.0,4.4,3.8,9.957930927799813,7,58131991389401.74,34653.100005308435,34620.13700261726,31.607475951466437,0.2481189971605804,0.0,1.1074077425524997,0
103.918,-3.445689450333199,-2.354273558019882,0.7134474065261864,0.0,0.0,1e-12,0.22,1.0,4.4,3.8,9.971455559646865,7,58131991389401.74,34653.100005308435,34620.13700261726,31.607475951466437,0.2481189971605804,0.0,1.1074077425524997,0
103.951,-3.4468499053884014,-2.3562436982551205,0.7148621773886401,0.0,0.0,1e-12,0.22,1.0,4.4,3.8,9.97358460685023,7,58131991389401.74,34653.100005308435,34620.13700261726,31.607475951466437,0.2481189971605804,0.0,1.1074077425524997,0
104.05,-3.459483062621661,-2.369100126960901,0.7057505226085814,0.0,0.0,1e-12,0.22,1.0,4.4,3.8,9.991459872716588,7,58131991389401.74,34653.100005308435,34620.13700261726,31.607475951466437,0.2481189971605804,0.0,1.1074077425524997,0
104.215,-3.4739023306202297,-2.3913417050664085,0.7110536696074665,0.0,0.0,1e-12,0.22,1.0,4.4,3.8,10.016538824416411,7,58131991389401.74,34653.100005308435,34620.13700261726,31.607475951466437,0.2481189971605804,0.0,1.1074077425524997,0
104.314,-3.540824992762518,-2.4801587194335446,0.6132922413167476,0.0,0.0,1e-12,0.22,1.0,4.4,3.8,10.124084902200249,7,58131991389401.664,34653.1000053082,34620.137002617026,31.607475951466437,0.2481189971605804,0.0,1.1074077425524997,0
104.413,-3.5454145620197965,-2.497584900640837,0.6262235415716783,0.0,0.0,1e-12,0.22,1.0,4.4,3.8,10.138500290631535,7,58131991389401.664,34653.1000053082,34620.137002617026,31.607475951466437,0.2481189971605804,0.0,1.1074077425524997,0
104.479,-3.5460561252482226,-2.5073988760762895,0.6358906877778101,0.0,0.0,1e-12,0.22,1.0,4.4,3.8,10.145101701191725,7,58131991389401.664,34653.1000053082,34620.137002617026,31.607475951466437,0.2481189971605804,0.0,1.1074077425524997,0
104.611,-3.5430881549785274,-2.526141448156169,0.6636975913867568,0.0,0.0,1e-12,0.22,1.0,4.4,3.8,10.154443119139504,7,58131991389401.664,34653.1000053082,34620.137002617026,31.607475951466437,0.2481189971605804,0.0,1.1074077425524997,0
104.644,-3.540804805090844,-2.5291357149739184,0.6753154762724979,0.0,0.0,1e-12,0.22,1.0,4.4,3.8,10.1545231227819,7,58131991389401.64,34653.10000530793,34620.13700261676,31.607475951466437,0.2481189971605804,0.0,1.1074077425524997,0
104.743,-3.5359356948362066,-2.5434364238316722,0.6912063293767783,0.0,0.0,1e-12,0.22,1.0,4.4,3.8,10.159638823096508,7,58131991389401.64,34653.10000530793,34620.13700261676,31.607475951466437,0.2481189971605804,0.0,1.1074077425524997,0
104.908,-3.521673221581054,-2.5604108524706746,0.734669606269774,0.0,0.0,1e-12,0.22,1.0,4.4,3.8,10.159120672663608,7,58131991389401.64,34653.10000530793,34620.13700261676,31.607475951466437,0.2481189971605804,0.0,1.1074077425524997,0
104.974,-3.5143559405778335,-2.5672405559725187,0.7539249671125132,0.0,0.0,1e-12,0.22,1.0,4.4,3.8,10.15769571565229,7,58131991389401.64,34653.10000530793,34620.13700261676,31.607475951466437,0.2481189971605804,0.0,1.1074077425524997,0
105.04,-3.5046028016061603,-2.5719773874028626,0.7741648329393265,0.0,0.0,1e-12,0.22,1.0,4.4,3.8,10.15307053441142,7,58131991389401.64,34653.10000530793,34620.13700261676,31.607475951466437,0.2481189971605804,0.0,1.1074077425524997,0
105.205,-3.5058892376109205,-2.6195049812883573,0.7773767514849224,0.0,0.0,1e-12,0.22,1.0,4.4,3.8,10.18396429894362,7,58131991389401.71,34653.100005307635,34620.13700261646,31.607475951466437,0.2481189971605804,0.0,1.1074077425524997,0
105.304,-3.4857435842016264,-2.6215988845565,0.8165263489211203,0.0,0.0,1e-12,0.22,1.0,4.4,3.8,10.16965506346771,7,58131991389401.71,34653.100005307635,34620.13700261646,31.607475951466437,0.2481189971605804,0.0,1.1074077425524997,0
105.403,-3.4664596149813005,-2.624715492285777,0.8425860704498249,0.0,0.0,1e-12,0.22,1.0,4.4,3.8,10.1566803647131,7,58131991389401.71,34653.100005307635,34620.13700261646,31.607475951466437,0.2481189971605804,0.0,1.1074077425524997,0
105.502,-3.4484462689859803,-2.63039459093724,0.8644115783974956,0.0,0.0,1e-12,0.22,1.0,4.4,3.8,10.146333496998553,7,58131991389401.71,34653.100005307635,34620.13700261646,31.607475951466437,0.2481189971605804,0.0,1.1074077425524997,0
105.634,-3.4249698574464897,-2.64065189061019,0.8875681937035562,0.0,0.0,1e-12,0.22,1.0,4.4,3.8,10.134700293840305,7,58131991389401.71,34653.100005307635,34620.13700261646,31.607475951466437,0.2481189971605804,0.0,1.1074077425524997,0
105.733,-3.405183892201234,-2.6431678786035517,0.9136693199775389,0.0,0.0,1e-12,0.22,1.0,4.4,3.8,10.1210329464411,7,58131991389401.71,34653.100005307635,34620.13700261646,31.607475951466437,0.2481189971605804,0.0,1.1074077425524997,0
105.832,-3.3854175762874235,-2.6467137291010996,0.9323780395557156,0.0,0.0,1e-12,0.22,1.0,4.4,3.8,10.1080584061503,7,58131991389401.836,34653.10000530743,34620.137002616255,31.607475951466437,0.2481189971605804,0.0,1.1074077425524997,0
105.898,-3.3715199812234675,-2.646307973889632,0.9485116391491061,0.0,0.0,1e-12,0.22,1.0,4.4,3.8,10.097099054321923,7,58131991389401.836,34653.10000530743,34620.137002616255,31.607475951466437,0.2481189971605804,0.0,1.1074077425524997,0
105.997,-3.38602027214864,-2.7064954570180353,0.9435076979432255,0.0,0.0,1e-12,0.22,1.0,4.4,3.8,10.146752919555395,7,58131991389401.836,34653.10000530743,34620.137002616255,31.607475951466437,0.2481189971605804,0.0,1.1074077425524997,0
106.096,-3.362853505420013,-2.7010627565503396,0.9666070148081802,0.0,0.0,1e-12,0.22,1.0,4.4,3.8,10.125498087067998,7,58131991389401.836,34653.10000530743,34620.137002616255,31.607475951466437,0.2481189971605804,0.0,1.1074077425524997,0
106.195,-3.340979239807367,-2.6987280200029953,0.9890108218830728,0.0,0.0,1e-12,0.22,1.0,4.4,3.8,10.107236292335344,7,58131991389401.97,34653.10000530728,34620.1370026161,31.607475951466437,0.2481189971605804,0.0,1.1074077425524997,0
106.294,-3.3179750261410446,-2.692052336890505,1.0121440757892624,0.0,0.0,1e-12,0.22,1.0,4.4,3.8,10.085330041652695,7,58131991389401.97,34653.10000530728,34620.1370026161,31.607475951466437,0.2481189971605804,0.0,1.1074077425524997,0
106.294,-3.3179750261410446,-2.692052336890505,1.0121440757892624,0.0,0.0,1e-12,0.22,1.0,4.4,3.8,10.085330041652695,7,58131991389401.97,34653.10000530728,34620.1370026161,31.607475951466437,0.2481189971605804,0.0,1.1074077425524997,0
106.525,-3.264067767447977,-2.6601897970219244,1.061564714966785,0.0,0.0,1e-12,0.22,1.0,4.4,3.8,10.023571566940657,7,58131991389401.97,34653.10000530728,34620.1370026161,31.607475951466437,0.2481189971605804,0.0,1.1074077425524997,0
106.624,-3.2372511860881894,-2.6367473235951913,1.0873251143943774,0.0,0.0,1e-12,0.22,1.0,4.4,3.8,9.987958839883918,7,58131991389401.97,34653.10000530728,34620.1370026161,31.607475951466437,0.2481189971605804,0.0,1.1074077425524997,0
106.69,-3.224179994686736,-2.621514610666922,1.0965949010282643,0.0,0.0,1e-12,0.22,1.0,4.4,3.8,9.968147796175085,7,58131991389402.125,34653.100005307264,34620.13700261609,31.607475951466437,0.2481189971605804,0.0,1.1074077425524997,0
106.822,-3.189342429601546,-2.5806374474938067,1.1218673688016298,0.0,0.0,1e-12,0.22,1.0,4.4,3.8,9.915172855281474,7,58131991389402.125,34653.100005307264,34620.13700261609,31.607475951466437,0.2481189971605804,0.0,1.1074077425524997,0
106.888,-3.2013313277919027,-2.6218651973668683,1.1282729520236134,0.0,0.0,1e-12,0.22,1.0,4.4,3.8,9.950909032245367,7,58131991389402.125,34653.100005307264,34620.13700261609,31.607475951466437,0.2481189971605804,0.0,1.1074077425524997,0
107.02,-3.174027319318887,-2.5895796361671057,1.1459204464711008,0.0,0.0,1e-12,0.22,1.0,4.4,3.8,9.909218826966645,7,58131991389402.125,34653.100005307264,34620.13700261609,31.607475951466437,0.2481189971605804,0.0,1.1074077425524997,0
107.086,-3.165148129693032,-2.5778603524834973,1.1562198968708572,0.0,0.0,1e-12,0.22,1.0,4.4,3.8,9.894875891085189,7,58131991389402.125,34653.100005307264,34620.13700261609,31.607475951466437,0.2481189971605804,0.0,1.1074077425524997,0
107.218,-3.1433140103371513,-2.54079387946194,1.170369144705864,0.0,0.0,1e-12,0.22,1.0,4.4,3.8,9.854301257845265,7,58131991389402.21,34653.100005307446,34620.13700261627,31.607475951466437,0.2481189971605804,0.0,1.1074077425524997,0
107.317,-3.1264015048934217,-2.512107386252,1.1812454010222353,0.0,0.0,1e-12,0.22,1.0,4.4,3.8,9.822902792374514,7,58131991389402.21,34653.100005307446,34620.13700261627,31.607475951466437,0.2481189971605804,0.0,1.1074077425524997,0
107.416,-3.1143173212181137,-2.4826369734563705,1.1890181193973135,0.0,0.0,1e-12,0.22,1.0,4.4,3.8,9.794717563268456,7,58131991389402.21,34653.100005307446,34620.13700261627,31.607475951466437,0.2481189971605804,0.0,1.1074077425524997,0
107.515,-3.1009602438265973,-2.448028486516418,1.1981368980267824,0.0,0.0,1e-12,0.22,1.0,4.4,3.8,9.762287874662773,7,58131991389402.21,34653.100005307446,34620.13700261627,31.607475951466437,0.2481189971605804,0.0,1.1074077425524997,0
107.548,-3.096841020831787,-2.440982369072449,1.195612943960647,0.0,0.0,1e-12,0.22,1.0,4.4,3.8,9.754613586539415,7,58131991389402.21,34653.100005307446,34620.13700261627,31.607475951466437,0.2481189971605804,0.0,1.1074077425524997,0
107.713,-3.1173316604695454,-2.4710737326121555,1.2122433695572852,0.0,0.0,1e-12,0.22,1.0,4.4,3.8,9.789619045364123,7,58131991389402.22,34653.100005307744,34620.13700261657,31.607475951466437,0.2481189971605804,0.0,1.1074077425524997,0
107.812,-3.116108919579791,-2.4534699911619104,1.2108641627734829,0.0,0.0,1e-12,0.22,1.0,4.4,3.8,9.777411734265334,7,58131991389402.22,34653.100005307744,34620.13700261657,31.607475951466437,0.2481189971605804,0.0,1.1074077425524997,0
107.911,-3.112408588719092,-2.428961073150475,1.2043871282756353,0.0,0.0,1e-12,0.22,1.0,4.4,3.8,9.758905617674776,7,58131991389402.22,34653.100005307744,34620.13700261657,31.607475951466437,0.2481189971605804,0.0,1.1074077425524997,0
108.01,-3.1101965405547944,-2.4005422696737795,1.1980375987964078,0.0,0.0,1e-12,0.22,1.0,4.4,3.8,9.739084993764685,7,58131991389402.22,34653.100005307744,34620.13700261657,31.607475951466437,0.2481189971605804,0.0,1.1074077425524997,0
108.043,-3.1060754652287854,-2.388097173180703,1.1912481841439984,0.0,0.0,1e-12,0.22,1.0,4.4,3.8,9.727986200362157,7,58131991389402.22,34653.100005307744,34620.13700261657,31.607475951466437,0.2481189971605804,0.0,1.1074077425524997,0
108.208,-3.1131610930163025,-2.3516108084537324,1.1712528562880777,0.0,0.0,1e-12,0.22,1.0,4.4,3.8,9.710298921675825,7,58131991389402.19,34653.10000530806,34620.13700261688,31.607475951466437,0.2481189971605804,0.0,1.1074077425524997,0
108.34,-3.1134955862928515,-2.3168957256222527,1.1496044111443846,0.0,0.0,1e-12,0.22,1.0,4.4,3.8,9.688603059439371,7,58131991389402.19,34653.10000530806,34620.13700261688,31.607475951466437,0.2481189971605804,0.0,1.1074077425524997,0
108.439,-3.127148143192309,-2.3083472680152752,1.1221088942538686,0.0,0.0,1e-12,0.22,1.0,4.4,3.8,9.693805522922002,7,58131991389402.19,34653.10000530806,34620.13700261688,31.607475951466437,0.2481189971605804,0.0,1.1074077425524997,0
108.505,-3.1535171910465523,-2.337516836922142,1.1218910069276335,0.0,0.0,1e-12,0.22,1.0,4.4,3.8,9.732663298344322,7,58131991389402.19,34653.10000530806,34620.13700261688,31.607475951466437,0.2481189971605804,0.0,1.1074077425524997,0
108.604,-3.161450298990986,-2.319723460658386,1.0938381441008154,0.0,0.0,1e-12,0.22,1.0,4.4,3.8,9.727617686722866,7,58131991389402.19,34653.10000530806,34620.13700261688,31.607475951466437,0.2481189971605804,0.0,1.1074077425524997,0
108.736,-3.1772798695336797,-2.3037671118770975,1.0573576273279306,0.0,0.0,1e-12,0.22,1.0,4.4,3.8,9.729909720920991,7,58131991389402.086,34653.10000530832,34620.13700261714,31.607475951466437,0.2481189971605804,0.0,1.1074077425524997,0
108.802,-3.1850764635623565,-2.2927723272219867,1.0368346184017811,0.0,0.0,1e-12,0.22,1.0,4.4,3.8,9.729093461851914,7,58131991389402.086,34653.10000530832,34620.13700261714,31.607475951466437,0.2481189971605804,0.0,1.1074077425524997,0
108.934,-3.199616331861236,-2.273164037748119,1.00217010820406,0.0,0.0,1e-12,0.22,1.0,4.4,3.8,9.72818019060549,7,58131991389402.086,34653.10000530832,34620.13700261714,31.607475951466437,0.2481189971605804,0.0,1.1074077425524997,0
109.0,-3.2104900262362106,-2.2680747162962813,0.9822194000526946,0.0,0.0,1e-12,0.22,1.0,4.4,3.8,9.733503439255314,7,58131991389402.086,34653.10000530832,34620.13700261714,31.607475951466437,0.2481189971605804,0.0,1.1074077425524997,0
109.099,-3.222481360785338,-2.259257442821382,0.953439898001183,0.0,0.0,1e-12,0.22,1.0,4.4,3.8,9.737393021435778,7,58131991389402.086,34653.10000530832,34620.13700261714,31.607475951466437,0.2481189971605804,0.0,1.1074077425524997,0
109.198,-3.271390246390347,-2.302306640618168,0.9173622003599862,0.0,0.0,1e-12,0.22,1.0,4.4,3.8,9.802467783601513,7,58131991389402.086,34653.10000530832,34620.13700261714,31.607475951466437,0.2481189971605804,0.0,1.1074077425524997,0
109.231,-3.275128148458169,-2.2980607725706728,0.8999558109442266,0.0,0.0,1e-12,0.22,1.0,4.4,3.8,9.802751515835753,7,58131991389401.945,34653.10000530847,34620.137002617295,31.607475951466437,0.2481189971605804,0.0,1.1074077425524997,0
109.396,-3.3048640621815757,-2.29606920267682,0.8516217790802054,0.0,0.0,1e-12,0.22,1.0,4.4,3.8,9.824815007954195,7,58131991389401.945,34653.10000530847,34620.137002617295,31.607475951466437,0.2481189971605804,0.0,1.1074077425524997,0
109.462,-3.3087878280543275,-2.286644624624123,0.8397876460775495,0.0,0.0,1e-12,0.22,1.0,4.4,3.8,9.822049305741867,7,58131991389401.945,34653.10000530847,34620.137002617295,31.607475951466437,0.2481189971605804,0.0,1.1074077425524997,0
109.594,-3.337864902579289,-2.293154730151558,0.8098241817392752,0.0,0.0,1e-12,0.22,1.0,4.4,3.8,9.84891302713841,7,58131991389401.945,34653.10000530847,34620.137002617295,31.607475951466437,0.2481189971605804,0.0,1.1074077425524997,0
109.693,-3.3491454548644963,-2.2903585126515784,0.7948872509678471,0.0,0.0,1e-12,0.22,1.0,4.4,3.8,9.856050024897126,7,58131991389401.83,34653.10000530854,34620.13700261736,31.607475951466437,0.2481189971605804,0.0,1.1074077425524997,0
109.792,-3.3671507351977126,-2.2948497284172023,0.7743205993446326,0.0,0.0,1e-12,0.22,1.0,4.4,3.8,9.872984541427664,7,58131991389401.83,34653.10000530854,34620.13700261736,31.607475951466437,0.2481189971605804,0.0,1.1074077425524997,0
109.924,-3.409233753245585,-2.330372443488221,0.7377937579480304,0.0,0.0,1e-12,0.22,1.0,4.4,3.8,9.928020855573878,7,58131991389401.83,34653.10000530854,34620.13700261736,31.607475951466437,0.2481189971605804,0.0,1.1074077425524997,0
110.023,-3.423278580379114,-2.3362886477345777,0.7305602883109137,0.0,0.0,1e-12,0.22,1.0,4.4,3.8,9.942722268802186,7,58131991389401.83,34653.10000530854,34620.13700261736,31.607475951466437,0.2481189971605804,0.0,1.1074077425524997,0
110.089,-3.430940266301516,-2.3422487486659938,0.7244016244300714,0.0,0.0,1e-12,0.22,1.0,4.4,3.8,9.952429107754117,7,58131991389401.83,34653.10000530854,34620.13700261736,31.607475951466437,0.2481189971605804,0.0,1.1074077425524997,0
110.221,-3.4479057091313536,-2.357035000871189,0.7166740417586527,0.0,0.0,1e-12,0.22,1.0,4.4,3.8,9.974903709879579,7,58131991389401.83,34653.10000530854,34620.13700261736,31.607475951466437,0.2481189971605804,0.0,1.1074077425524997,0
110.287,-3.4532688398033784,-2.362742840354862,0.706189006135506,0.0,0.0,1e-12,0.22,1.0,4.4,3.8,9.982646482099415,7,58131991389401.71,34653.100005308384,34620.13700261721,31.607475951466437,0.2481189971605804,0.0,1.1074077425524997,0
110.419,-3.4681642358722513,-2.3812084235655178,0.7084090256230998,0.0,0.0,1e-12,0.22,1.0,4.4,3.8,10.005765638781297,7,58131991389401.71,34653.100005308384,34620.13700261721,31.607475951466437,0.2481189971605804,0.0,1.1074077425524997,0
110.518,-3.473708885389143,-2.3932946067706533,0.7136348471905759,0.0,0.0,1e-12,0.22,1.0,4.4,3.8,10.017594007450612,7,58131991389401.71,34653.100005308384,34620.13700261721,31.607475951466437,0.2481189971605804,0.0,1.1074077425524997,0
110.617,-3.544552800450882,-2.4847881921058756,0.6045658907171739,0.0,0.0,1e-12,0.22,1.0,4.4,3.8,10.12988064188248,7,58131991389401.71,34653.100005308384,34620.13700261721,31.607475951466437,0.2481189971605804,0.0,1.1074077425524997,0
110.65,-3.5426980822705123,-2.48933892137818,0.618148894700607,0.0,0.0,1e-12,0.22,1.0,4.4,3.8,10.131250509886039,7,58131991389401.664,34653.10000530814,34620.13700261696,31.607475951466437,0.2481189971605804,0.0,1.1074077425524997,0
110.749,-3.545281410677824,-2.505329669071592,0.6350903961010773,0.0,0.0,1e-12,0.22,1.0,4.4,3.8,10.143208512622476,7,58131991389401.664,34653.10000530814,34620.13700261696,31.607475951466437,0.2481189971605804,0.0,1.1074077425524997,0
110.881,-3.5431416841128356,-2.5237270093859485,0.6647455001235124,0.0,0.0,1e-12,0.22,1.0,4.4,3.8,10.152980995901068,7,58131991389401.664,34653.10000530814,34620.13700261696,31.607475951466437,0.2481189971605804,0.0,1.1074077425524997,0
110.881,-3.5431416841128356,-2.5237270093859485,0.6647455001235124,0.0,0.0,1e-12,0.22,1.0,4.4,3.8,10.152980995901068,7,58131991389401.664,34653.10000530814,34620.13700261696,31.607475951466437,0.2481189971605804,0.0,1.1074077425524997,0
111.079,-3.5334561856422475,-2.5512186319368717,0.707256059979176,0.0,0.0,1e-12,0.22,1.0,4.4,3.8,10.162563906818363,7,58131991389401.664,34653.10000530814,34620.13700261696,31.607475951466437,0.2481189971605804,0.0,1.1074077425524997,0
111.178,-3.523932500967638,-2.560180082213949,0.729136865964829,0.0,0.0,1e-12,0.22,1.0,4.4,3.8,10.16073801247145,7,58131991389401.68,34653.100005307846,34620.13700261667,31.607475951466437,0.2481189971605804,0.0,1.1074077425524997,0
111.31,-3.5076086626946563,-2.571553261464128,0.7647061881729934,0.0,0.0,1e-12,0.22,1.0,4.4,3.8,10.155144790991299,7,58131991389401.68,34653.100005307846,34620.13700261667,31.607475951466437,0.2481189971605804,0.0,1.1074077425524997,0
111.442,-3.5149402964009884,-2.620407744008624,0.7664251168077947,0.0,0.0,1e-12,0.22,1.0,4.4,3.8,10.191560994024325,7,58131991389401.68,34653.100005307846,34620.13700261667,31.607475951466437,0.2481189971605804,0.0,1.1074077425524997,0
111.508,-3.5022363630196893,-2.623099669057903,0.7856679716632822,0.0,0.0,1e-12,0.22,1.0,4.4,3.8,10.183395744823157,7,58131991389401.68,34653.100005307846,34620.13700261667,31.607475951466437,0.2481189971605804,0.0,1.1074077425524997,0
111.541,-3.4948558065471187,-2.6226280672710964,0.7982155007152454,0.0,0.0,1e-12,0.22,1.0,4.4,3.8,10.17737193467298,7,58131991389401.68,34653.100005307846,34620.13700261667,31.607475951466437,0.2481189971605804,0.0,1.1074077425524997,0
111.64,-3.4763527893216146,-2.6236508107296723,0.8277855556756111,0.0,0.0,1e-12,0.22,1.0,4.4,3.8,10.163671728270367,7,58131991389401.77,34653.10000530754,34620.137002616364,31.607475951466437,0.2481189971605804,0.0,1.1074077425524997,0
111.838,-3.4402836523117317,-2.6356148987861956,0.8765491330800538,0.0,0.0,1e-12,0.22,1.0,4.4,3.8,10.143332138611328,7,58131991389401.77,34653.10000530754,34620.137002616364,31.607475951466437,0.2481189971605804,0.0,1.1074077425524997,0
111.871,-3.43354920467502,-2.6371451809700375,0.8826855499848429,0.0,0.0,1e-12,0.22,1.0,4.4,3.8,10.139099132711467,7,58131991389401.77,34653.10000530754,34620.137002616364,31.607475951466437,0.2481189971605804,0.0,1.1074077425524997,0
111.871,-3.43354920467502,-2.6371451809700375,0.8826855499848429,0.0,0.0,1e-12,0.22,1.0,4.4,3.8,10.139099132711467,7,58131991389401.77,34653.10000530754,34620.137002616364,31.607475951466437,0.2481189971605804,0.0,1.1074077425524997,0
112.135,-3.3811472747323155,-2.6463611922572263,0.9359898140373977,0.0,0.0,1e-12,0.22,1.0,4.4,3.8,10.10454479588834,7,58131991389401.77,34653.10000530754,34620.137002616364,31.607475951466437,0.2481189971605804,0.0,1.1074077425524997,0
112.201,-3.36845265483928,-2.6472632468353954,0.9521570757984463,0.0,0.0,1e-12,0.22,1.0,4.4,3.8,10.095348435020654,7,58131991389401.88,34653.100005307395,34620.13700261622,31.607475951466437,0.2481189971605804,0.0,1.1074077425524997,0
112.333,-3.37299128440457,-2.7026474459206007,0.9566841280890482,0.0,0.0,1e-12,0.22,1.0,4.4,3.8,10.134289186389301,7,58131991389401.88,34653.100005307395,34620.13700261622,31.607475951466437,0.2481189971605804,0.0,1.1074077425524997,0
112.432,-3.351343590302463,-2.7011006496238075,0.9801570657247727,0.0,0.0,1e-12,0.22,1.0,4.4,3.8,10.116700900563492,7,58131991389401.88,34653.100005307395,34620.13700261622,31.607475951466437,0.2481189971605804,0.0,1.1074077425524997,0
112.498,-3.335472703049576,-2.697188358770432,0.9940141439818863,0.0,0.0,1e-12,0.22,1.0,4.4,3.8,10.102029227287314,7,58131991389401.88,34653.100005307395,34620.13700261622,31.607475951466437,0.2481189971605804,0.0,1.1074077425524997,0
112.597,-3.314876134524396,-2.6911440339542096,1.0163387918850324,0.0,0.0,1e-12,0.22,1.0,4.4,3.8,10.082373958577088,7,58131991389401.88,34653.100005307395,34620.13700261622,31.607475951466437,0.2481189971605804,0.0,1.1074077425524997,0
112.696,-3.2892208581751397,-2.676739410496978,1.0379649229936734,0.0,0.0,1e-12,0.22,1.0,4.4,3.8,10.05347058469265,7,58131991389402.04,34653.10000530731,34620.13700261613,31.607475951466437,0.2481189971605804,0.0,1.1074077425524997,0
112.828,-3.259864775138708,-2.656171427057702,1.066567835001939,0.0,0.0,1e-12,0.22,1.0,4.4,3.8,10.017768108164965,7,58131991389402.04,34653.10000530731,34620.13700261613,31.607475951466437,0.2481189971605804,0.0,1.1074077425524997,0
112.861,-3.250432650980143,-2.649573444866013,1.0736978694504504,0.0,0.0,1e-12,0.22,1.0,4.4,3.8,10.00630388144913,7,58131991389402.04,34653.10000530731,34620.13700261613,31.607475951466437,0.2481189971605804,0.0,1.1074077425524997,0
112.993,-3.219681041625154,-2.620927090496726,1.103674258447631,0.0,0.0,1e-12,0.22,1.0,4.4,3.8,9.964328571337687,7,58131991389402.04,34653.10000530731,34620.13700261613,31.607475951466437,0.2481189971605804,0.0,1.1074077425524997,0
113.092,-3.1936802898422973,-2.5855130775177306,1.1233545812581522,0.0,0.0,1e-12,0.22,1.0,4.4,3.8,9.921630793750056,7,58131991389402.04,34653.10000530731,34620.13700261613,31.607475951466437,0.2481189971605804,0.0,1.1074077425524997,0
113.191,-3.197353943333945,-2.618192789201339,1.1313398825662826,0.0,0.0,1e-12,0.22,1.0,4.4,3.8,9.945500772693546,7,58131991389402.125,34653.10000530739,34620.13700261621,31.607475951466437,0.2481189971605804,0.0,1.1074077425524997,0
113.323,-3.1740382892922527,-2.591124340664571,1.1498463656636093,0.0,0.0,1e-12,0.22,1.0,4.4,3.8,9.910223324703649,7,58131991389402.125,34653.10000530739,34620.13700261621,31.607475951466437,0.2481189971605804,0.0,1.1074077425524997,0
113.389,-3.164001252751282,-2.576016161476222,1.1582846121483867,0.0,0.0,1e-12,0.22,1.0,4.4,3.8,9.892810371326691,7,58131991389402.125,34653.10000530739,34620.13700261621,31.607475951466437,0.2481189971605804,0.0,1.1074077425524997,0
113.488,-3.143210648257156,-2.541200937097772,1.170916267179986,0.0,0.0,1e-12,0.22,1.0,4.4,3.8,9.854484066080264,7,58131991389402.125,34653.10000530739,34620.13700261621,31.607475951466437,0.2481189971605804,0.0,1.1074077425524997,0
113.587,-3.1273186721443893,-2.512835347832988,1.1778923429380357,0.0,0.0,1e-12,0.22,1.0,4.4,3.8,9.824073316138435,7,58131991389402.125,34653.10000530739,34620.13700261621,31.607475951466437,0.2481189971605804,0.0,1.1074077425524997,0
113.752,-3.107738023153749,-2.469523989428326,1.1885279154000006,0.0,0.0,1e-12,0.22,1.0,4.4,3.8,9.78126072029193,7,58131991389402.24,34653.100005307635,34620.13700261646,31.607475951466437,0.2481189971605804,0.0,1.1074077425524997,0
113.752,-3.107738023153749,-2.469523989428326,1.1885279154000006,0.0,0.0,1e-12,0.22,1.0,4.4,3.8,9.78126072029193,7,58131991389402.24,34653.100005307635,34620.13700261646,31.607475951466437,0.2481189971605804,0.0,1.1074077425524997,0
113.884,-3.0946647574453405,-2.430471518035076,1.1986086780878797,0.0,0.0,1e-12,0.22,1.0,4.4,3.8,9.746218505838023,7,58131991389402.24,34653.100005307635,34620.13700261646,31.607475951466437,0.2481189971605804,0.0,1.1074077425524997,0
114.016,-3.1209280335813108,-2.4756925862694863,1.214753336087578,0.0,0.0,1e-12,0.22,1.0,4.4,3.8,9.795339500173899,7,58131991389402.24,34653.100005307635,34620.13700261646,31.607475951466437,0.2481189971605804,0.0,1.1074077425524997,0
114.082,-3.116758230406582,-2.4559652727652885,1.2133867400437783,0.0,0.0,1e-12,0.22,1.0,4.4,3.8,9.77950692971943,7,58131991389402.24,34653.100005307635,34620.13700261646,31.607475951466437,0.2481189971605804,0.0,1.1074077425524997,0
114.214,-3.1107427583319156,-2.421370400732504,1.2057284814029674,0.0,0.0,1e-12,0.22,1.0,4.4,3.8,9.752779421526247,7,58131991389402.234,34653.10000530794,34620.137002616764,31.607475951466437,0.2481189971605804,0.0,1.1074077425524997,0
114.313,-3.1100675924489813,-2.39547416375961,1.1968313235725934,0.0,0.0,1e-12,0.22,1.0,4.4,3.8,9.735759618898017,7,58131991389402.234,34653.10000530794,34620.137002616764,31.607475951466437,0.2481189971605804,0.0,1.1074077425524997,0
114.412,-3.112435570561839,-2.3753220278031004,1.1804439686368484,0.0,0.0,1e-12,0.22,1.0,4.4,3.8,9.724777136207955,7,58131991389402.234,34653.10000530794,34620.137002616764,31.607475951466437,0.2481189971605804,0.0,1.1074077425524997,0
114.511,-3.1112549489247745,-2.344913619077833,1.1637936149394768,0.0,0.0,1e-12,0.22,1.0,4.4,3.8,9.704582128751095,7,58131991389402.234,34653.10000530794,34620.137002616764,31.607475951466437,0.2481189971605804,0.0,1.1074077425524997,0
114.61,-3.1132242741317167,-2.3198601599008457,1.1450131920139013,0.0,0.0,1e-12,0.22,1.0,4.4,3.8,9.690264566571114,7,58131991389402.234,34653.10000530794,34620.137002616764,31.607475951466437,0.2481189971605804,0.0,1.1074077425524997,0
114.676,-3.119392173883503,-2.3127428446219875,1.1362876363186722,0.0,0.0,1e-12,0.22,1.0,4.4,3.8,9.690556421028557,7,58131991389402.164,34653.10000530825,34620.13700261708,31.607475951466437,0.2481189971605804,0.0,1.1074077425524997,0
114.808,-3.152744747175304,-2.332217071473496,1.1199131846505743,0.0,0.0,1e-12,0.22,1.0,4.4,3.8,9.728722394418249,7,58131991389402.164,34653.10000530825,34620.13700261708,31.607475951466437,0.2481189971605804,0.0,1.1074077425524997,0
114.94,-3.168323521479658,-2.3133516063571973,1.08068051767166,0.0,0.0,1e-12,0.22,1.0,4.4,3.8,9.728956202426465,7,58131991389402.164,34653.10000530825,34620.13700261708,31.607475951466437,0.2481189971605804,0.0,1.1074077425524997,0
115.006,-3.177438539680424,-2.3054668902575206,1.0605631637994941,0.0,0.0,1e-12,0.22,1.0,4.4,3.8,9.731099669136322,7,58131991389402.164,34653.10000530825,34620.13700261708,31.607475951466437,0.2481189971605804,0.0,1.1074077425524997,0
115.072,-3.18719007506775,-2.300962216175998,1.039160908753729,0.0,0.0,1e-12,0.22,1.0,4.4,3.8,9.735871465791531,7,58131991389402.164,34653.10000530825,34620.13700261708,31.607475951466437,0.2481189971605804,0.0,1.1074077425524997,0
115.204,-3.198268618896038,-2.2771340306433694,1.006496921894596,0.0,0.0,1e-12,0.22,1.0,4.4,3.8,9.729606571249633,7,58131991389402.02,34653.10000530847,34620.137002617295,31.607475951466437,0.2481189971605804,0.0,1.1074077425524997,0
115.303,-3.2170992338095292,-2.2746204868170317,0.9757323831019247,0.0,0.0,1e-12,0.22,1.0,4.4,3.8,9.742751910859626,7,58131991389402.02,34653.10000530847,34620.137002617295,31.607475951466437,0.2481189971605804,0.0,1.1074077425524997,0
115.402,-3.229252658719471,-2.262453668748858,0.9418307392737414,0.0,0.0,1e-12,0.22,1.0,4.4,3.8,9.744682684228595,7,58131991389402.02,34653.10000530847,34620.137002617295,31.607475951466437,0.2481189971605804,0.0,1.1074077425524997,0
115.534,-3.283326818567468,-2.302412565745534,0.8903835319115095,0.0,0.0,1e-12,0.22,1.0,4.4,3.8,9.811878012056972,7,58131991389402.02,34653.10000530847,34620.137002617295,31.607475951466437,0.2481189971605804,0.0,1.1074077425524997,0
115.633,-3.2928792685376727,-2.291962195027324,0.8591866746060907,0.0,0.0,1e-12,0.22,1.0,4.4,3.8,9.812868837701789,7,58131991389402.02,34653.10000530847,34620.137002617295,31.607475951466437,0.2481189971605804,0.0,1.1074077425524997,0
115.732,-3.311169891094117,-2.291899594988517,0.8398051833648844,0.0,0.0,1e-12,0.22,1.0,4.4,3.8,9.827175675886624,7,58131991389401.89,34653.100005308566,34620.13700261739,31.607475951466437,0.2481189971605804,0.0,1.1074077425524997,0
115.831,-3.3288965618001156,-2.293027986123787,0.818266695056763,0.0,0.0,1e-12,0.22,1.0,4.4,3.8,9.841790086294939,7,58131991389401.89,34653.100005308566,34620.13700261739,31.607475951466437,0.2481189971605804,0.0,1.1074077425524997,0
115.93,-3.345121275289602,-2.292573188743621,0.8010389493217466,0.0,0.0,1e-12,0.22,1.0,4.4,3.8,9.854255508618662,7,58131991389401.89,34653.100005308566,34620.13700261739,31.607475951466437,0.2481189971605804,0.0,1.1074077425524997,0
116.029,-3.356244419686804,-2.2888582489054836,0.7865088720362894,0.0,0.0,1e-12,0.22,1.0,4.4,3.8,9.860705972352438,7,58131991389401.89,34653.100005308566,34620.13700261739,31.607475951466437,0.2481189971605804,0.0,1.1074077425524997,0
116.128,-3.3978229406143483,-2.324402428677194,0.7519627097073455,0.0,0.0,1e-12,0.22,1.0,4.4,3.8,9.915359182680097,7,58131991389401.89,34653.100005308566,34620.13700261739,31.607475951466437,0.2481189971605804,0.0,1.1074077425524997,0
116.227,-3.410984537713289,-2.32802220744743,0.7323513686734183,0.0,0.0,1e-12,0.22,1.0,4.4,3.8,9.927947200875161,7,58131991389401.76,34653.10000530851,34620.13700261733,31.607475951466437,0.2481189971605804,0.0,1.1074077425524997,0
116.326,-3.4257860666767237,-2.337542526195654,0.7316961947587081,0.0,0.0,1e-12,0.22,1.0,4.4,3.8,9.94546911021555,7,58131991389401.76,34653.10000530851,34620.13700261733,31.607475951466437,0.2481189971605804,0.0,1.1074077425524997,0
116.392,-3.4349660918304843,-2.3448066269977774,0.7219326415581586,0.0,0.0,1e-12,0.22,1.0,4.4,3.8,9.95717540989056,7,58131991389401.76,34653.10000530851,34620.13700261733,31.607475951466437,0.2481189971605804,0.0,1.1074077425524997,0
116.524,-3.4486104177704617,-2.358152545105441,0.7099218812945507,0.0,0.0,1e-12,0.22,1.0,4.4,3.8,9.97614796696218,7,58131991389401.76,34653.10000530851,34620.13700261733,31.607475951466437,0.2481189971605804,0.0,1.1074077425524997,0
116.623,-3.459768927498215,-2.3689542853190453,0.7038612087304946,0.0,0.0,1e-12,0.22,1.0,4.4,3.8,9.99159469594432,7,58131991389401.76,34653.10000530851,34620.13700261733,31.607475951466437,0.2481189971605804,0.0,1.1074077425524997,0
116.722,-3.469112212710297,-2.383700716352716,0.7102997311591294,0.0,0.0,1e-12,0.22,1.0,4.4,3.8,10.008050837483163,7,58131991389401.67,34653.10000530829,34620.13700261711,31.607475951466437,0.2481189971605804,0.0,1.1074077425524997,0
116.755,-3.4704121707623248,-2.3866164929830096,0.7098321160538222,0.0,0.0,1e-12,0.22,1.0,4.4,3.8,10.01087465554,7,58131991389401.67,34653.10000530829,34620.13700261711,31.607475951466437,0.2481189971605804,0.0,1.1074077425524997,0
116.92,-3.543064866362328,-2.4866047823528232,0.6081576098895618,0.0,0.0,1e-12,0.22,1.0,4.4,3.8,10.129841023468284,7,58131991389401.67,34653.10000530829,34620.13700261711,31.607475951466437,0.2481189971605804,0.0,1.1074077425524997,0
116.953,-3.544401238552329,-2.493433974012582,0.6104798731525711,0.0,0.0,1e-12,0.22,1.0,4.4,3.8,10.135128130633948,7,58131991389401.67,34653.10000530829,34620.13700261711,31.607475951466437,0.2481189971605804,0.0,1.1074077425524997,0
117.118,-3.5438594885492485,-2.5173663193334366,0.6562278334791933,0.0,0.0,1e-12,0.22,1.0,4.4,3.8,10.149582296156941,7,58131991389401.67,34653.10000530829,34620.13700261711,31.607475951466437,0.2481189971605804,0.0,1.1074077425524997,0
117.184,-3.5418041969209924,-2.5252641703161998,0.6682339310298233,0.0,0.0,1e-12,0.22,1.0,4.4,3.8,10.152892234556504,7,58131991389401.65,34653.10000530801,34620.13700261684,31.607475951466437,0.2481189971605804,0.0,1.1074077425524997,0
117.184,-3.5418041969209924,-2.5252641703161998,0.6682339310298233,0.0,0.0,1e-12,0.22,1.0,4.4,3.8,10.152892234556504,7,58131991389401.65,34653.10000530801,34620.13700261684,31.607475951466437,0.2481189971605804,0.0,1.1074077425524997,0
117.415,-3.529109385265649,-2.5575381963721675,0.7191069340459293,0.0,0.0,1e-12,0.22,1.0,4.4,3.8,10.16312292368044,7,58131991389401.65,34653.10000530801,34620.13700261684,31.607475951466437,0.2481189971605804,0.0,1.1074077425524997,0
117.514,-3.5188030225208546,-2.566321713569911,0.7452664663469376,0.0,0.0,1e-12,0.22,1.0,4.4,3.8,10.160585291712144,7,58131991389401.65,34653.10000530801,34620.13700261684,31.607475951466437,0.2481189971605804,0.0,1.1074077425524997,0
117.547,-3.513714725084245,-2.5675637587500564,0.750173807905301,0.0,0.0,1e-12,0.22,1.0,4.4,3.8,10.157398730568882,7,58131991389401.65,34653.10000530801,34620.13700261684,31.607475951466437,0.2481189971605804,0.0,1.1074077425524997,0
117.745,-3.511050306781316,-2.6191853330243116,0.772112966353431,0.0,0.0,1e-12,0.22,1.0,4.4,3.8,10.187769986417008,7,58131991389401.695,34653.100005307715,34620.13700261654,31.607475951466437,0.2481189971605804,0.0,1.1074077425524997,0
117.811,-3.4978305113350645,-2.6215178788678144,0.7991472006778028,0.0,0.0,1e-12,0.22,1.0,4.4,3.8,10.178979254050677,7,58131991389401.695,34653.100005307715,34620.13700261654,31.607475951466437,0.2481189971605804,0.0,1.1074077425524997,0
117.91,-3.4786713881571187,-2.624145098054907,0.8240786427465305,0.0,0.0,1e-12,0.22,1.0,4.4,3.8,10.165780987382549,7,58131991389401.695,34653.100005307715,34620.13700261654,31.607475951466437,0.2481189971605804,0.0,1.1074077425524997,0
118.009,-3.4596735113143486,-2.627075164208259,0.8556531468146129,0.0,0.0,1e-12,0.22,1.0,4.4,3.8,10.15291893353035,7,58131991389401.695,34653.100005307715,34620.13700261654,31.607475951466437,0.2481189971605804,0.0,1.1074077425524997,0
118.075,-3.4492973293441045,-2.6345905822520974,0.8620766211610088,0.0,0.0,1e-12,0.22,1.0,4.4,3.8,10.149651448481169,7,58131991389401.695,34653.100005307715,34620.13700261654,31.607475951466437,0.2481189971605804,0.0,1.1074077425524997,0
118.174,-3.431679700794365,-2.640778007626659,0.8860464587769982,0.0,0.0,1e-12,0.22,1.0,4.4,3.8,10.139961946642687,7,58131991389401.78,34653.100005307475,34620.1370026163,31.607475951466437,0.2481189971605804,0.0,1.1074077425524997,0
118.339,-3.3988659061133673,-2.6468569106478324,0.92244866018627,0.0,0.0,1e-12,0.22,1.0,4.4,3.8,10.11851142450831,7,58131991389401.78,34653.100005307475,34620.1370026163,31.607475951466437,0.2481189971605804,0.0,1.1074077425524997,0
118.405,-3.383451033278625,-2.6451219531001446,0.9353972630515796,0.0,0.0,1e-12,0.22,1.0,4.4,3.8,10.10552853530084,7,58131991389401.78,34653.100005307475,34620.1370026163,31.607475951466437,0.2481189971605804,0.0,1.1074077425524997,0
118.471,-3.369810434772355,-2.644532269441488,0.9509359596764361,0.0,0.0,1e-12,0.22,1.0,4.4,3.8,10.094649590955104,7,58131991389401.78,34653.100005307475,34620.1370026163,31.607475951466437,0.2481189971605804,0.0,1.1074077425524997,0
118.57,-3.383291333040257,-2.7056729822223313,0.9461245959705646,0.0,0.0,1e-12,0.22,1.0,4.4,3.8,10.144131551128325,7,58131991389401.78,34653.100005307475,34620.1370026163,31.607475951466437,0.2481189971605804,0.0,1.1074077425524997,0
118.669,-3.360775520582815,-2.7010081235735655,0.9722209744624317,0.0,0.0,1e-12,0.22,1.0,4.4,3.8,10.123869976626871,7,58131991389401.92,34653.1000053073,34620.137002616124,31.607475951466437,0.2481189971605804,0.0,1.1074077425524997,0
118.834,-3.3249516375332604,-2.6934295270222863,1.0069381355972482,0.0,0.0,1e-12,0.22,1.0,4.4,3.8,10.091556115120833,7,58131991389401.92,34653.1000053073,34620.137002616124,31.607475951466437,0.2481189971605804,0.0,1.1074077425524997,0
118.933,-3.2995976559989915,-2.682906888010407,1.0272549491546807,0.0,0.0,1e-12,0.22,1.0,4.4,3.8,10.065380558273887,7,58131991389401.92,34653.1000053073,34620.137002616124,31.607475951466437,0.2481189971605804,0.0,1.1074077425524997,0
118.999,-3.2859175295005896,-2.675166883140295,1.0440249496885625,0.0,0.0,1e-12,0.22,1.0,4.4,3.8,10.049931066171611,7,58131991389401.92,34653.1000053073,34620.137002616124,31.607475951466437,0.2481189971605804,0.0,1.1074077425524997,0
119.065,-3.2693606479403647,-2.6633221034353425,1.0588931624758546,0.0,0.0,1e-12,0.22,1.0,4.4,3.8,10.029637349422567,7,58131991389401.92,34653.1000053073,34620.137002616124,31.607475951466437,0.2481189971605804,0.0,1.1074077425524997,0
119.23,-3.2318142032645354,-2.6373378369152567,1.09310597271542,0.0,0.0,1e-12,0.22,1.0,4.4,3.8,9.984182813817618,7,58131991389402.06,34653.10000530732,34620.137002616146,31.607475951466437,0.2481189971605804,0.0,1.1074077425524997,0
119.296,-3.213278382087143,-2.6109405752315986,1.1061637092757775,0.0,0.0,1e-12,0.22,1.0,4.4,3.8,9.95299787914708,7,58131991389402.06,34653.10000530732,34620.137002616146,31.607475951466437,0.2481189971605804,0.0,1.1074077425524997,0
119.428,-3.186316805857822,-2.58563099703753,1.129009597621478,0.0,0.0,1e-12,0.22,1.0,4.4,3.8,9.916072100845543,7,58131991389402.06,34653.10000530732,34620.137002616146,31.607475951466437,0.2481189971605804,0.0,1.1074077425524997,0
119.428,-3.186316805857822,-2.58563099703753,1.129009597621478,0.0,0.0,1e-12,0.22,1.0,4.4,3.8,9.916072100845543,7,58131991389402.06,34653.10000530732,34620.137002616146,31.607475951466437,0.2481189971605804,0.0,1.1074077425524997,0
119.626,-3.1679939054334185,-2.5841823899204712,1.1532746475491038,0.0,0.0,1e-12,0.22,1.0,4.4,3.8,9.901127033850642,7,58131991389402.06,34653.10000530732,34620.137002616146,31.607475951466437,0.2481189971605804,0.0,1.1074077425524997,0
119.725,-3.1529049125914126,-2.5593913177708685,1.1656995034574131,0.0,0.0,1e-12,0.22,1.0,4.4,3.8,9.87361284187237,7,58131991389402.17,34653.10000530748,34620.137002616306,31.607475951466437,0.2481189971605804,0.0,1.1074077425524997,0
119.758,-3.1454540987266153,-2.5448251234899857,1.1699888130206466,0.0,0.0,1e-12,0.22,1.0,4.4,3.8,9.858533532106081,7,58131991389402.17,34653.10000530748,34620.137002616306,31.607475951466437,0.2481189971605804,0.0,1.1074077425524997,0
119.89,-3.125579319139011,-2.5100076607724597,1.1812029651054277,0.0,0.0,1e-12,0.22,1.0,4.4,3.8,9.820923620905516,7,58131991389402.17,34653.10000530748,34620.137002616306,31.607475951466437,0.2481189971605804,0.0,1.1074077425524997,0
119.956,-3.1166849392112463,-2.4890348000304723,1.1867656543595775,0.0,0.0,1e-12,0.22,1.0,4.4,3.8,9.80063830530234,7,58131991389402.17,34653.10000530748,34620.137002616306,31.607475951466437,0.2481189971605804,0.0,1.1074077425524997,0
119.956,-3.1166849392112463,-2.4890348000304723,1.1867656543595775,0.0,0.0,1e-12,0.22,1.0,4.4,3.8,9.80063830530234,7,58131991389402.17,34653.10000530748,34620.137002616306,31.607475951466437,0.2481189971605804,0.0,1.1074077425524997,0
120.187,-3.0969671998216795,-2.4316284548628224,1.2011716015379805,0.0,0.0,1e-12,0.22,1.0,4.4,3.8,9.748728655299526,7,58131991389402.164,34653.100005307715,34620.13700261654,31.607475951466437,0.2481189971605804,0.0,1.1074077425524997,0
120.286,-3.1190301350992202,-2.473036143396533,1.210296854503711,0.0,0.0,1e-12,0.22,1.0,4.4,3.8,9.792180381758163,7,58131991389402.164,34653.100005307715,34620.13700261654,31.607475951466437,0.2481189971605804,0.0,1.1074077425524997,0
120.385,-3.1177077694658335,-2.453335486223121,1.2080877965298078,0.0,0.0,1e-12,0.22,1.0,4.4,3.8,9.77855484263111,7,58131991389402.164,34653.100005307715,34620.13700261654,31.607475951466437,0.2481189971605804,0.0,1.1074077425524997,0
120.517,-3.109918072341333,-2.4148471860179845,1.1987860725734214,0.0,0.0,1e-12,0.22,1.0,4.4,3.8,9.747984150522333,7,58131991389402.164,34653.100005307715,34620.13700261654,31.607475951466437,0.2481189971605804,0.0,1.1074077425524997,0
120.616,-3.1071272730783646,-2.3857405299626446,1.194106742562194,0.0,0.0,1e-12,0.22,1.0,4.4,3.8,9.72729899808881,7,58131991389402.164,34653.100005307715,34620.13700261654,31.607475951466437,0.2481189971605804,0.0,1.1074077425524997,0
120.682,-3.109417650035078,-2.373898193414482,1.1851846334059264,0.0,0.0,1e-12,0.22,1.0,4.4,3.8,9.721541665050095,7,58131991389402.164,34653.10000530802,34620.137002616844,31.607475951466437,0.2481189971605804,0.0,1.1074077425524997,0
120.781,-3.1114329842873696,-2.3493100256751442,1.1674848703293577,0.0,0.0,1e-12,0.22,1.0,4.4,3.8,9.707504276038671,7,58131991389402.164,34653.10000530802,34620.137002616844,31.607475951466437,0.2481189971605804,0.0,1.1074077425524997,0
120.88,-3.1133622590458083,-2.3233089544730223,1.1488058821194043,0.0,0.0,1e-12,0.22,1.0,4.4,3.8,9.692549973437508,7,58131991389402.164,34653.10000530802,34620.137002616844,31.607475951466437,0.2481189971605804,0.0,1.1074077425524997,0
120.979,-3.124610329824642,-2.3105280354631534,1.1329872486820782,0.0,0.0,1e-12,0.22,1.0,4.4,3.8,9.69320965871908,7,58131991389402.164,34653.10000530802,34620.137002616844,31.607475951466437,0.2481189971605804,0.0,1.1074077425524997,0
121.045,-3.150597502192761,-2.339894433194288,1.1246784725185848,0.0,0.0,1e-12,0.22,1.0,4.4,3.8,9.731897363355708,7,58131991389402.164,34653.10000530802,34620.137002616844,31.607475951466437,0.2481189971605804,0.0,1.1074077425524997,0
121.21,-3.1659855344111287,-2.316070693626859,1.085530852766538,0.0,0.0,1e-12,0.22,1.0,4.4,3.8,9.728846685828685,7,58131991389402.086,34653.1000053083,34620.13700261712,31.607475951466437,0.2481189971605804,0.0,1.1074077425524997,0
121.276,-3.1735875242106544,-2.305456014116286,1.0684564428408436,0.0,0.0,1e-12,0.22,1.0,4.4,3.8,9.728094424253293,7,58131991389402.086,34653.1000053083,34620.13700261712,31.607475951466437,0.2481189971605804,0.0,1.1074077425524997,0
121.375,-3.18757637383916,-2.29683707879556,1.0396940457805806,0.0,0.0,1e-12,0.22,1.0,4.4,3.8,9.73358811508986,7,58131991389402.086,34653.1000053083,34620.13700261712,31.607475951466437,0.2481189971605804,0.0,1.1074077425524997,0
121.375,-3.18757637383916,-2.29683707879556,1.0396940457805806,0.0,0.0,1e-12,0.22,1.0,4.4,3.8,9.73358811508986,7,58131991389402.086,34653.1000053083,34620.13700261712,31.607475951466437,0.2481189971605804,0.0,1.1074077425524997,0
121.606,-3.216991305179023,-2.266734345280009,0.9761782824725589,0.0,0.0,1e-12,0.22,1.0,4.4,3.8,9.737752418262282,7,58131991389402.086,34653.1000053083,34620.13700261712,31.607475951466437,0.2481189971605804,0.0,1.1074077425524997,0
121.705,-3.268801984934056,-2.3157901053695467,0.9352872306817137,0.0,0.0,1e-12,0.22,1.0,4.4,3.8,9.80884358612495,7,58131991389401.945,34653.100005308464,34620.13700261729,31.607475951466437,0.2481189971605804,0.0,1.1074077425524997,0
121.804,-3.279380032144763,-2.3018896226802914,0.9009252475989515,0.0,0.0,1e-12,0.22,1.0,4.4,3.8,9.808462399656591,7,58131991389401.945,34653.100005308464,34620.13700261729,31.607475951466437,0.2481189971605804,0.0,1.1074077425524997,0
121.87,-3.28992405141953,-2.2996422362105373,0.8696476390129212,0.0,0.0,1e-12,0.22,1.0,4.4,3.8,9.815323088231178,7,58131991389401.945,34653.100005308464,34620.13700261729,31.607475951466437,0.2481189971605804,0.0,1.1074077425524997,0
122.002,-3.3118278543992017,-2.2956827681402223,0.8441838197574735,0.0,0.0,1e-12,0.22,1.0,4.4,3.8,9.830037500726487,7,58131991389401.945,34653.100005308464,34620.13700261729,31.607475951466437,0.2481189971605804,0.0,1.1074077425524997,0
122.101,-3.3287679521459315,-2.2954613043620276,0.8257927291211837,0.0,0.0,1e-12,0.22,1.0,4.4,3.8,9.843195749912365,7,58131991389401.945,34653.100005308464,34620.13700261729,31.607475951466437,0.2481189971605804,0.0,1.1074077425524997,0
122.233,-3.3453521944405686,-2.2903930545362994,0.7964332901437259,0.0,0.0,1e-12,0.22,1.0,4.4,3.8,9.853089270613015,7,58131991389401.82,34653.10000530855,34620.137002617375,31.607475951466437,0.2481189971605804,0.0,1.1074077425524997,0
122.332,-3.36370928362029,-2.2939333523611123,0.7811494464316724,0.0,0.0,1e-12,0.22,1.0,4.4,3.8,9.869711522815194,7,58131991389401.82,34653.10000530855,34620.137002617375,31.607475951466437,0.2481189971605804,0.0,1.1074077425524997,0
122.332,-3.36370928362029,-2.2939333523611123,0.7811494464316724,0.0,0.0,1e-12,0.22,1.0,4.4,3.8,9.869711522815194,7,58131991389401.82,34653.10000530855,34620.137002617375,31.607475951466437,0.2481189971605804,0.0,1.1074077425524997,0
122.497,-3.4100145190876474,-2.328713630904862,0.732115925618777,0.0,0.0,1e-12,0.22,1.0,4.4,3.8,9.927610868582578,7,58131991389401.82,34653.10000530855,34620.137002617375,31.607475951466437,0.2481189971605804,0.0,1.1074077425524997,0
122.629,-3.429656519478735,-2.3403307034066505,0.7229901533861027,0.0,0.0,1e-12,0.22,1.0,4.4,3.8,9.95023529170111,7,58131991389401.82,34653.10000530855,34620.137002617375,31.607475951466437,0.2481189971605804,0.0,1.1074077425524997,0
122.695,-3.4363942496267788,-2.3456377050400374,0.721504673975942,0.0,0.0,1e-12,0.22,1.0,4.4,3.8,9.958812059537696,7,58131991389401.71,34653.10000530846,34620.13700261728,31.607475951466437,0.2481189971605804,0.0,1.1074077425524997,0
122.794,-3.448062564644325,-2.35733522904445,0.7163193351298945,0.0,0.0,1e-12,0.22,1.0,4.4,3.8,9.975212435903485,7,58131991389401.71,34653.10000530846,34620.13700261728,31.607475951466437,0.2481189971605804,0.0,1.1074077425524997,0
122.893,-3.459189268857794,-2.368077100738246,0.708367099818254,0.0,0.0,1e-12,0.22,1.0,4.4,3.8,9.990597133524155,7,58131991389401.71,34653.10000530846,34620.13700261728,31.607475951466437,0.2481189971605804,0.0,1.1074077425524997,0
122.992,-3.468279451696912,-2.382101282888414,0.7095911829830494,0.0,0.0,1e-12,0.22,1.0,4.4,3.8,10.006407837075523,7,58131991389401.71,34653.10000530846,34620.13700261728,31.607475951466437,0.2481189971605804,0.0,1.1074077425524997,0
123.091,-3.4748077869701834,-2.3962283688806916,0.7099717846873739,0.0,0.0,1e-12,0.22,1.0,4.4,3.8,10.020271637088893,7,58131991389401.71,34653.10000530846,34620.13700261728,31.607475951466437,0.2481189971605804,0.0,1.1074077425524997,0
123.223,-3.5438816924951864,-2.4917115486490147,0.6123656801970432,0.0,0.0,1e-12,0.22,1.0,4.4,3.8,10.133651393045035,7,58131991389401.63,34653.10000530819,34620.13700261701,31.607475951466437,0.2481189971605804,0.0,1.1074077425524997,0
123.289,-3.543626413891384,-2.4998335287467226,0.6312071201273687,0.0,0.0,1e-12,0.22,1.0,4.4,3.8,10.138496096236082,7,58131991389401.63,34653.10000530819,34620.13700261701,31.607475951466437,0.2481189971605804,0.0,1.1074077425524997,0
123.421,-3.5444893127317068,-2.5209629848821136,0.6550639436262418,0.0,0.0,1e-12,0.22,1.0,4.4,3.8,10.152314194131213,7,58131991389401.63,34653.10000530819,34620.13700261701,31.607475951466437,0.2481189971605804,0.0,1.1074077425524997,0
123.487,-3.540231336826616,-2.526853236101459,0.6734938954604789,0.0,0.0,1e-12,0.22,1.0,4.4,3.8,10.152652143823843,7,58131991389401.63,34653.10000530819,34620.13700261701,31.607475951466437,0.2481189971605804,0.0,1.1074077425524997,0
123.52,-3.540255195175478,-2.5330082323722634,0.6759856871379524,0.0,0.0,1e-12,0.22,1.0,4.4,3.8,10.156507560958444,7,58131991389401.63,34653.10000530819,34620.13700261701,31.607475951466437,0.2481189971605804,0.0,1.1074077425524997,0
123.652,-3.5327188102513962,-2.5517179320400847,0.7105244073009198,0.0,0.0,1e-12,0.22,1.0,4.4,3.8,10.162300350349614,7,58131991389401.64,34653.10000530788,34620.137002616706,31.607475951466437,0.2481189971605804,0.0,1.1074077425524997,0
123.784,-3.5207265135568284,-2.5664498840913996,0.7378349707316705,0.0,0.0,1e-12,0.22,1.0,4.4,3.8,10.162164760975365,7,58131991389401.64,34653.10000530788,34620.137002616706,31.607475951466437,0.2481189971605804,0.0,1.1074077425524997,0
123.85,-3.510421849611395,-2.5681494432273153,0.7566315447072456,0.0,0.0,1e-12,0.22,1.0,4.4,3.8,10.155200695706892,7,58131991389401.64,34653.10000530788,34620.137002616706,31.607475951466437,0.2481189971605804,0.0,1.1074077425524997,0
123.982,-3.5194085528180032,-2.620002858283916,0.7567681278026817,0.0,0.0,1e-12,0.22,1.0,4.4,3.8,10.194776531480256,7,58131991389401.64,34653.10000530788,34620.137002616706,31.607475951466437,0.2481189971605804,0.0,1.1074077425524997,0
124.114,-3.4947519371384344,-2.6236711542622047,0.7970887490903593,0.0,0.0,1e-12,0.22,1.0,4.4,3.8,10.177949658307973,7,58131991389401.64,34653.10000530788,34620.137002616706,31.607475951466437,0.2481189971605804,0.0,1.1074077425524997,0
124.213,-3.4732621594419593,-2.6225083475316633,0.8333999739040114,0.0,0.0,1e-12,0.22,1.0,4.4,3.8,10.160554635718198,7,58131991389401.695,34653.10000530762,34620.137002616444,31.607475951466437,0.2481189971605804,0.0,1.1074077425524997,0
124.312,-3.457275198560615,-2.630784892232646,0.854768504653771,0.0,0.0,1e-12,0.22,1.0,4.4,3.8,10.1534116372815,7,58131991389401.695,34653.10000530762,34620.137002616444,31.607475951466437,0.2481189971605804,0.0,1.1074077425524997,0
124.378,-3.443360943226682,-2.6324877668482523,0.8701982990094648,0.0,0.0,1e-12,0.22,1.0,4.4,3.8,10.143727606574723,7,58131991389401.695,34653.10000530762,34620.137002616444,31.607475951466437,0.2481189971605804,0.0,1.1074077425524997,0
124.51,-3.4216826566393763,-2.6435452978413863,0.8959605224269083,0.0,0.0,1e-12,0.22,1.0,4.4,3.8,10.134001953152913,7,58131991389401.695,34653.10000530762,34620.137002616444,31.607475951466437,0.2481189971605804,0.0,1.1074077425524997,0
124.576,-3.406574677696294,-2.6436160365255796,0.912889460981363,0.0,0.0,1e-12,0.22,1.0,4.4,3.8,10.122390815643241,7,58131991389401.695,34653.10000530762,34620.137002616444,31.607475951466437,0.2481189971605804,0.0,1.1074077425524997,0
124.675,-3.3865964517456115,-2.6457922768979802,0.9350038568284338,0.0,0.0,1e-12,0.22,1.0,4.4,3.8,10.108378820525822,7,58131991389401.836,34653.10000530741,34620.13700261623,31.607475951466437,0.2481189971605804,0.0,1.1074077425524997,0
124.807,-3.3594599042140505,-2.6467398155241932,0.9610486387082487,0.0,0.0,1e-12,0.22,1.0,4.4,3.8,10.088095571225049,7,58131991389401.836,34653.10000530741,34620.13700261623,31.607475951466437,0.2481189971605804,0.0,1.1074077425524997,0
124.939,-3.3657549533358875,-2.7044574354157986,0.9657019273671534,0.0,0.0,1e-12,0.22,1.0,4.4,3.8,10.129902098460613,7,58131991389401.836,34653.10000530741,34620.13700261623,31.607475951466437,0.2481189971605804,0.0,1.1074077425524997,0
125.005,-3.3497461660460357,-2.699280449574581,0.9843233783229307,0.0,0.0,1e-12,0.22,1.0,4.4,3.8,10.114307292166261,7,58131991389401.836,34653.10000530741,34620.13700261623,31.607475951466437,0.2481189971605804,0.0,1.1074077425524997,0
125.104,-3.3282364579187287,-2.6972712171350137,1.001943115182194,0.0,0.0,1e-12,0.22,1.0,4.4,3.8,10.09654257746261,7,58131991389401.836,34653.10000530741,34620.13700261623,31.607475951466437,0.2481189971605804,0.0,1.1074077425524997,0
125.203,-3.305197364187646,-2.686198719521629,1.025546315429964,0.0,0.0,1e-12,0.22,1.0,4.4,3.8,10.071784362773474,7,58131991389401.99,34653.10000530729,34620.13700261612,31.607475951466437,0.2481189971605804,0.0,1.1074077425524997,0
125.302,-3.2827668797862364,-2.676436686521796,1.0467315955868761,0.0,0.0,1e-12,0.22,1.0,4.4,3.8,10.0483401158433,7,58131991389401.99,34653.10000530729,34620.13700261612,31.607475951466437,0.2481189971605804,0.0,1.1074077425524997,0
125.368,-3.2641875314778597,-2.660786388317924,1.0624288985636228,0.0,0.0,1e-12,0.22,1.0,4.4,3.8,10.024047649185176,7,58131991389401.99,34653.10000530729,34620.13700261612,31.607475951466437,0.2481189971605804,0.0,1.1074077425524997,0
125.434,-3.2489749329448676,-2.648385742639772,1.0760356170190353,0.0,0.0,1e-12,0.22,1.0,4.4,3.8,10.004423832020453,7,58131991389401.99,34653.10000530729,34620.13700261612,31.607475951466437,0.2481189971605804,0.0,1.1074077425524997,0
125.533,-3.224539386061526,-2.6226606419707084,1.0969802242462223,0.0,0.0,1e-12,0.22,1.0,4.4,3.8,9.969160976307036,7,58131991389401.99,34653.10000530729,34620.13700261612,31.607475951466437,0.2481189971605804,0.0,1.1074077425524997,0
125.731,-3.2027816481417957,-2.6235674970630063,1.1271840548798278,0.0,0.0,1e-12,0.22,1.0,4.4,3.8,9.953115501120541,7,58131991389402.1,34653.100005307366,34620.13700261619,31.607475951466437,0.2481189971605804,0.0,1.1074077425524997,0
125.83,-3.182116741406501,-2.6011389425925064,1.1400075772761287,0.0,0.0,1e-12,0.22,1.0,4.4,3.8,9.922856143404028,7,58131991389402.1,34653.100005307366,34620.13700261619,31.607475951466437,0.2481189971605804,0.0,1.1074077425524997,0
125.896,-3.171792144506543,-2.5880573200805754,1.150099302324166,0.0,0.0,1e-12,0.22,1.0,4.4,3.8,9.906528786827707,7,58131991389402.1,34653.100005307366,34620.13700261619,31.607475951466437,0.2481189971605804,0.0,1.1074077425524997,0
125.962,-3.162208087271095,-2.5742349273306124,1.1579084354435034,0.0,0.0,1e-12,0.22,1.0,4.4,3.8,9.890291303292834,7,58131991389402.1,34653.100005307366,34620.13700261619,31.607475951466437,0.2481189971605804,0.0,1.1074077425524997,0
126.061,-3.142359576353971,-2.539606817415511,1.1682906754763238,0.0,0.0,1e-12,0.22,1.0,4.4,3.8,9.852806837568657,7,58131991389402.1,34653.100005307366,34620.13700261619,31.607475951466437,0.2481189971605804,0.0,1.1074077425524997,0
126.16,-3.125823973935486,-2.506726921719797,1.1823890765659761,0.0,0.0,1e-12,0.22,1.0,4.4,3.8,9.819003562063076,7,58131991389402.2,34653.100005307584,34620.13700261641,31.607475951466437,0.2481189971605804,0.0,1.1074077425524997,0
126.325,-3.106132646112326,-2.463207281729695,1.1926075060695662,0.0,0.0,1e-12,0.22,1.0,4.4,3.8,9.775980398657984,7,58131991389402.2,34653.100005307584,34620.13700261641,31.607475951466437,0.2481189971605804,0.0,1.1074077425524997,0
126.424,-3.099477807485654,-2.4404115153780404,1.197850908228402,0.0,0.0,1e-12,0.22,1.0,4.4,3.8,9.756275071267348,7,58131991389402.2,34653.100005307584,34620.13700261641,31.607475951466437,0.2481189971605804,0.0,1.1074077425524997,0
126.523,-3.0966137532648603,-2.421454984901174,1.2043376369900878,0.0,0.0,1e-12,0.22,1.0,4.4,3.8,9.741956676910009,7,58131991389402.2,34653.100005307584,34620.13700261641,31.607475951466437,0.2481189971605804,0.0,1.1074077425524997,0
126.622,-3.1183810352859354,-2.4632526099562355,1.2105181741915099,0.0,0.0,1e-12,0.22,1.0,4.4,3.8,9.785417040058682,7,58131991389402.2,34653.100005307584,34620.13700261641,31.607475951466437,0.2481189971605804,0.0,1.1074077425524997,0
126.721,-3.1144249928752203,-2.4403715313694905,1.2065045349626815,0.0,0.0,1e-12,0.22,1.0,4.4,3.8,9.767743845078789,7,58131991389402.2,34653.100005307584,34620.13700261641,31.607475951466437,0.2481189971605804,0.0,1.1074077425524997,0
126.82,-3.1104352548985994,-2.412008742631003,1.2024563835495297,0.0,0.0,1e-12,0.22,1.0,4.4,3.8,9.74657326123124,7,58131991389402.2,34653.100005307875,34620.1370026167,31.607475951466437,0.2481189971605804,0.0,1.1074077425524997,0
126.919,-3.1068459129755595,-2.3806780036612807,1.18695694079792,0.0,0.0,1e-12,0.22,1.0,4.4,3.8,9.723863231560811,7,58131991389402.2,34653.100005307875,34620.1370026167,31.607475951466437,0.2481189971605804,0.0,1.1074077425524997,0
126.985,-3.1115313186263927,-2.372454441725363,1.1790778804405841,0.0,0.0,1e-12,0.22,1.0,4.4,3.8,9.7222577926056,7,58131991389402.2,34653.100005307875,34620.1370026167,31.607475951466437,0.2481189971605804,0.0,1.1074077425524997,0
127.117,-3.1112381329460455,-2.334586670475485,1.1599039041923613,0.0,0.0,1e-12,0.22,1.0,4.4,3.8,9.698033404118503,7,58131991389402.2,34653.100005307875,34620.1370026167,31.607475951466437,0.2481189971605804,0.0,1.1074077425524997,0
127.216,-3.1178935845903717,-2.3142688519755135,1.1461064956011686,0.0,0.0,1e-12,0.22,1.0,4.4,3.8,9.690356419836322,7,58131991389402.16,34653.100005308195,34620.13700261702,31.607475951466437,0.2481189971605804,0.0,1.1074077425524997,0
127.282,-3.1260248232505004,-2.309953365762134,1.1294252573573431,0.0,0.0,1e-12,0.22,1.0,4.4,3.8,9.693945521405139,7,58131991389402.16,34653.100005308195,34620.13700261702,31.607475951466437,0.2481189971605804,0.0,1.1074077425524997,0
127.381,-3.156564820263099,-2.3336975056257465,1.1147328343727563,0.0,0.0,1e-12,0.22,1.0,4.4,3.8,9.732621279663428,7,58131991389402.16,34653.100005308195,34620.13700261702,31.607475951466437,0.2481189971605804,0.0,1.1074077425524997,0
127.48,-3.165744709241234,-2.316133263859117,1.0875814303979343,0.0,0.0,1e-12,0.22,1.0,4.4,3.8,9.728698736557511,7,58131991389402.16,34653.100005308195,34620.13700261702,31.607475951466437,0.2481189971605804,0.0,1.1074077425524997,0
127.579,-3.176118103613366,-2.303864768475514,1.0568479950262561,0.0,0.0,1e-12,0.22,1.0,4.4,3.8,9.729066277487004,7,58131991389402.16,34653.100005308195,34620.13700261702,31.607475951466437,0.2481189971605804,0.0,1.1074077425524997,0
127.711,-3.1942458983311357,-2.2875263554073344,1.0214324719920542,0.0,0.0,1e-12,0.22,1.0,4.4,3.8,9.732961928010312,7,58131991389402.04,34653.100005308384,34620.13700261721,31.607475951466437,0.2481189971605804,0.0,1.1074077425524997,0
127.81,-3.204948826480456,-2.2741451098796386,1.0000796402657932,0.0,0.0,1e-12,0.22,1.0,4.4,3.8,9.732958721234832,7,58131991389402.04,34653.100005308384,34620.13700261721,31.607475951466437,0.2481189971605804,0.0,1.1074077425524997,0
127.876,-3.215945120584392,-2.2667967547916485,0.9726154743927209,0.0,0.0,1e-12,0.22,1.0,4.4,3.8,9.736972986698879,7,58131991389402.04,34653.100005308384,34620.13700261721,31.607475951466437,0.2481189971605804,0.0,1.1074077425524997,0
127.975,-3.2243376679009867,-2.2525154438629444,0.9447968333166659,0.0,0.0,1e-12,0.22,1.0,4.4,3.8,9.73465295079251,7,58131991389402.04,34653.100005308384,34620.13700261721,31.607475951466437,0.2481189971605804,0.0,1.1074077425524997,0
128.107,-3.28423294898685,-2.3034476333419844,0.8870473828412474,0.0,0.0,1e-12,0.22,1.0,4.4,3.8,9.813231324453888,7,58131991389402.04,34653.100005308384,34620.13700261721,31.607475951466437,0.2481189971605804,0.0,1.1074077425524997,0
128.173,-3.2907842133453378,-2.2953228543594046,0.8742578776982336,0.0,0.0,1e-12,0.22,1.0,4.4,3.8,9.813313533925122,7,58131991389401.9,34653.10000530853,34620.13700261735,31.607475951466437,0.2481189971605804,0.0,1.1074077425524997,0
128.272,-3.3075643259881975,-2.2938583845882,0.842396662742873,0.0,0.0,1e-12,0.22,1.0,4.4,3.8,9.825561452184898,7,58131991389401.9,34653.10000530853,34620.13700261735,31.607475951466437,0.2481189971605804,0.0,1.1074077425524997,0
128.404,-3.328027449630208,-2.291189897226836,0.8159203439404925,0.0,0.0,1e-12,0.22,1.0,4.4,3.8,9.839969645599332,7,58131991389401.9,34653.10000530853,34620.13700261735,31.607475951466437,0.2481189971605804,0.0,1.1074077425524997,0
128.503,-3.3464686513935407,-2.2929785170559787,0.8027053089443075,0.0,0.0,1e-12,0.22,1.0,4.4,3.8,9.855565117045726,7,58131991389401.9,34653.10000530853,34620.13700261735,31.607475951466437,0.2481189971605804,0.0,1.1074077425524997,0
128.602,-3.359299416662892,-2.29239547922473,0.7821140976445633,0.0,0.0,1e-12,0.22,1.0,4.4,3.8,9.865293209667062,7,58131991389401.9,34653.10000530853,34620.13700261735,31.607475951466437,0.2481189971605804,0.0,1.1074077425524997,0
128.701,-3.399144701198027,-2.3250501019437952,0.7495815034469155,0.0,0.0,1e-12,0.22,1.0,4.4,3.8,9.916798718414475,7,58131991389401.77,34653.10000530853,34620.13700261735,31.607475951466437,0.2481189971605804,0.0,1.1074077425524997,0
128.833,-3.41703242430298,-2.331870384130724,0.7295981094787474,0.0,0.0,1e-12,0.22,1.0,4.4,3.8,9.935080791336505,7,58131991389401.77,34653.10000530853,34620.13700261735,31.607475951466437,0.2481189971605804,0.0,1.1074077425524997,0
128.899,-3.425056704177355,-2.3373592623680945,0.7319296626134091,0.0,0.0,1e-12,0.22,1.0,4.4,3.8,9.944782106158305,7,58131991389401.77,34653.10000530853,34620.13700261735,31.607475951466437,0.2481189971605804,0.0,1.1074077425524997,0
128.899,-3.425056704177355,-2.3373592623680945,0.7319296626134091,0.0,0.0,1e-12,0.22,1.0,4.4,3.8,9.944782106158305,7,58131991389401.77,34653.10000530853,34620.13700261735,31.607475951466437,0.2481189971605804,0.0,1.1074077425524997,0
129.13,-3.452646742816478,-2.3632293300378695,0.708874836921249,0.0,0.0,1e-12,0.22,1.0,4.4,3.8,9.982457445043545,7,58131991389401.77,34653.10000530853,34620.13700261735,31.607475951466437,0.2481189971605804,0.0,1.1074077425524997,0
129.163,-3.4553377135269803,-2.365100329246265,0.7068092650270112,0.0,0.0,1e-12,0.22,1.0,4.4,3.8,9.985729450732764,7,58131991389401.67,34653.10000530835,34620.13700261717,31.607475951466437,0.2481189971605804,0.0,1.1074077425524997,0
129.295,-3.4686756495869124,-2.3836983580618725,0.7088230986831586,0.0,0.0,1e-12,0.22,1.0,4.4,3.8,10.007706123877695,7,58131991389401.67,34653.10000530835,34620.13700261717,31.607475951466437,0.2481189971605804,0.0,1.1074077425524997,0
129.394,-3.4752097169020577,-2.3969499185332253,0.7113315632276048,0.0,0.0,1e-12,0.22,1.0,4.4,3.8,10.021033698077137,7,58131991389401.67,34653.10000530835,34620.13700261717,31.607475951466437,0.2481189971605804,0.0,1.1074077425524997,0
129.493,-3.5408203161078533,-2.48409607519078,0.6195175360513224,0.0,0.0,1e-12,0.22,1.0,4.4,3.8,10.126524121086138,7,58131991389401.67,34653.10000530835,34620.13700261717,31.607475951466437,0.2481189971605804,0.0,1.1074077425524997,0
129.493,-3.5408203161078533,-2.48409607519078,0.6195175360513224,0.0,0.0,1e-12,0.22,1.0,4.4,3.8,10.126524121086138,7,58131991389401.67,34653.10000530835,34620.13700261717,31.607475951466437,0.2481189971605804,0.0,1.1074077425524997,0
129.691,-3.5448100356033794,-2.5186578211593877,0.655560208249156,0.0,0.0,1e-12,0.22,1.0,4.4,3.8,10.151130142142938,7,58131991389401.64,34653.10000530806,34620.13700261688,31.607475951466437,0.2481189971605804,0.0,1.1074077425524997,0
129.691,-3.5448100356033794,-2.5186578211593877,0.655560208249156,0.0,0.0,1e-12,0.22,1.0,4.4,3.8,10.151130142142938,7,58131991389401.64,34653.10000530806,34620.13700261688,31.607475951466437,0.2481189971605804,0.0,1.1074077425524997,0
129.922,-3.533114696184816,-2.550097582191636,0.7046828549287427,0.0,0.0,1e-12,0.22,1.0,4.4,3.8,10.161596729165135,7,58131991389401.64,34653.10000530806,34620.13700261688,31.607475951466437,0.2481189971605804,0.0,1.1074077425524997,0
130.021,-3.5234261894534886,-2.5598539881577147,0.7283165727085762,0.0,0.0,1e-12,0.22,1.0,4.4,3.8,10.160139040899146,7,58131991389401.64,34653.10000530806,34620.13700261688,31.607475951466437,0.2481189971605804,0.0,1.1074077425524997,0
130.12,-3.514532261996113,-2.5701004017150786,0.753426064650307,0.0,0.0,1e-12,0.22,1.0,4.4,3.8,10.159625980030363,7,58131991389401.64,34653.10000530806,34620.13700261688,31.607475951466437,0.2481189971605804,0.0,1.1074077425524997,0
130.219,-3.501353331186522,-2.5777360445970614,0.782996309797435,0.0,0.0,1e-12,0.22,1.0,4.4,3.8,10.154156859080173,7,58131991389401.67,34653.10000530774,34620.13700261656,31.607475951466437,0.2481189971605804,0.0,1.1074077425524997,0
130.318,-3.509574752620041,-2.6199868286626438,0.7754898168983155,0.0,0.0,1e-12,0.22,1.0,4.4,3.8,10.187129313378044,7,58131991389401.67,34653.10000530774,34620.13700261656,31.607475951466437,0.2481189971605804,0.0,1.1074077425524997,0
130.417,-3.490980160618532,-2.6228316793144435,0.8062640113309121,0.0,0.0,1e-12,0.22,1.0,4.4,3.8,10.174494320411235,7,58131991389401.67,34653.10000530774,34620.13700261656,31.607475951466437,0.2481189971605804,0.0,1.1074077425524997,0
130.483,-3.47628735764641,-2.6220822436893125,0.8282118968094784,0.0,0.0,1e-12,0.22,1.0,4.4,3.8,10.162629722907857,7,58131991389401.67,34653.10000530774,34620.13700261656,31.607475951466437,0.2481189971605804,0.0,1.1074077425524997,0
130.582,-3.4592380205708055,-2.6293250339743532,0.851576927083045,0.0,0.0,1e-12,0.22,1.0,4.4,3.8,10.154006236775464,7,58131991389401.67,34653.10000530774,34620.13700261656,31.607475951466437,0.2481189971605804,0.0,1.1074077425524997,0
130.681,-3.4413707818553894,-2.6364596669644342,0.8711487650033617,0.0,0.0,1e-12,0.22,1.0,4.4,3.8,10.144708412911399,7,58131991389401.78,34653.1000053075,34620.13700261632,31.607475951466437,0.2481189971605804,0.0,1.1074077425524997,0
130.78,-3.4216795835988676,-2.638512194033672,0.8956786928514576,0.0,0.0,1e-12,0.22,1.0,4.4,3.8,10.130800105678112,7,58131991389401.78,34653.1000053075,34620.13700261632,31.607475951466437,0.2481189971605804,0.0,1.1074077425524997,0
130.912,-3.3965489840858734,-2.64538469389951,0.9252510465273485,0.0,0.0,1e-12,0.22,1.0,4.4,3.8,10.115787656609076,7,58131991389401.78,34653.1000053075,34620.13700261632,31.607475951466437,0.2481189971605804,0.0,1.1074077425524997,0
130.978,-3.381267060033118,-2.6422210520210103,0.9403162838845287,0.0,0.0,1e-12,0.22,1.0,4.4,3.8,10.101996294924044,7,58131991389401.78,34653.1000053075,34620.13700261632,31.607475951466437,0.2481189971605804,0.0,1.1074077425524997,0
131.11,-3.3538924290434546,-2.642371281102682,0.9679874826690419,0.0,0.0,1e-12,0.22,1.0,4.4,3.8,10.081021551646144,7,58131991389401.78,34653.1000053075,34620.13700261632,31.607475951466437,0.2481189971605804,0.0,1.1074077425524997,0
131.242,-3.3584471274433576,-2.7001368002161272,0.9739861025503818,0.0,0.0,1e-12,0.22,1.0,4.4,3.8,10.121525589102566,7,58131991389401.945,34653.10000530735,34620.137002616175,31.607475951466437,0.2481189971605804,0.0,1.1074077425524997,0
131.308,-3.3437414431645265,-2.6978742961148465,0.9865585455867059,0.0,0.0,1e-12,0.22,1.0,4.4,3.8,10.108803188641762,7,58131991389401.945,34653.10000530735,34620.137002616175,31.607475951466437,0.2481189971605804,0.0,1.1074077425524997,0
131.341,-3.338332674977209,-2.6976469039160116,0.995236919647119,0.0,0.0,1e-12,0.22,1.0,4.4,3.8,10.104514232588782,7,58131991389401.945,34653.10000530735,34620.137002616175,31.607475951466437,0.2481189971605804,0.0,1.1074077425524997,0
131.506,-3.299286618234348,-2.6820632742776214,1.030606705450943,0.0,0.0,1e-12,0.22,1.0,4.4,3.8,10.06459928270675,7,58131991389401.945,34653.10000530735,34620.137002616175,31.607475951466437,0.2481189971605804,0.0,1.1074077425524997,0
131.605,-3.276500441022499,-2.6688377882574565,1.0522971547898512,0.0,0.0,1e-12,0.22,1.0,4.4,3.8,10.038651371165663,7,58131991389401.945,34653.10000530735,34620.137002616175,31.607475951466437,0.2481189971605804,0.0,1.1074077425524997,0
131.704,-3.2525654066127645,-2.6498491182135515,1.0739234029010192,0.0,0.0,1e-12,0.22,1.0,4.4,3.8,10.008112257074584,7,58131991389402.04,34653.10000530728,34620.1370026161,31.607475951466437,0.2481189971605804,0.0,1.1074077425524997,0
131.803,-3.2308738330607687,-2.634389423168647,1.0941957714386987,0.0,0.0,1e-12,0.22,1.0,4.4,3.8,9.981563139362295,7,58131991389402.04,34653.10000530728,34620.1370026161,31.607475951466437,0.2481189971605804,0.0,1.1074077425524997,0
131.902,-3.2009569015787616,-2.5939152448630396,1.1121904820903652,0.0,0.0,1e-12,0.22,1.0,4.4,3.8,9.932607813567884,7,58131991389402.04,34653.10000530728,34620.1370026161,31.607475951466437,0.2481189971605804,0.0,1.1074077425524997,0
131.968,-3.1900343995031055,-2.584960313353962,1.1264302155265515,0.0,0.0,1e-12,0.22,1.0,4.4,3.8,9.918484782906388,7,58131991389402.04,34653.10000530728,34620.1370026161,31.607475951466437,0.2481189971605804,0.0,1.1074077425524997,0
132.133,-3.1782470601999253,-2.5952898593007463,1.1412330848801469,0.0,0.0,1e-12,0.22,1.0,4.4,3.8,9.916126304656661,7,58131991389402.04,34653.10000530728,34620.1370026161,31.607475951466437,0.2481189971605804,0.0,1.1074077425524997,0
132.199,-3.167662891606647,-2.583172459330858,1.1533442817267352,0.0,0.0,1e-12,0.22,1.0,4.4,3.8,9.900222840247599,7,58131991389402.14,34653.10000530746,34620.137002616284,31.607475951466437,0.2481189971605804,0.0,1.1074077425524997,0
132.331,-3.143646536522517,-2.5414339647303974,1.1710713887245476,0.0,0.0,1e-12,0.22,1.0,4.4,3.8,9.854967671028884,7,58131991389402.14,34653.10000530746,34620.137002616284,31.607475951466437,0.2481189971605804,0.0,1.1074077425524997,0
132.397,-3.1348922001880934,-2.52643279139104,1.1755059823600005,0.0,0.0,1e-12,0.22,1.0,4.4,3.8,9.838615366627725,7,58131991389402.14,34653.10000530746,34620.137002616284,31.607475951466437,0.2481189971605804,0.0,1.1074077425524997,0
132.496,-3.121809491050798,-2.5038618613663775,1.1829378570438756,0.0,0.0,1e-12,0.22,1.0,4.4,3.8,9.814086426502032,7,58131991389402.14,34653.10000530746,34620.137002616284,31.607475951466437,0.2481189971605804,0.0,1.1074077425524997,0
132.562,-3.109052942153803,-2.4732215580466415,1.1878775533227177,0.0,0.0,1e-12,0.22,1.0,4.4,3.8,9.784640249105218,7,58131991389402.14,34653.10000530746,34620.137002616284,31.607475951466437,0.2481189971605804,0.0,1.1074077425524997,0
132.727,-3.0968066765961773,-2.435995827297015,1.1993439072744827,0.0,0.0,1e-12,0.22,1.0,4.4,3.8,9.751397556469678,7,58131991389402.21,34653.100005307686,34620.13700261651,31.607475951466437,0.2481189971605804,0.0,1.1074077425524997,0
132.76,-3.0982167323964602,-2.4352541261466114,1.1962782414488966,0.0,0.0,1e-12,0.22,1.0,4.4,3.8,9.752007392512507,7,58131991389402.21,34653.100005307686,34620.13700261651,31.607475951466437,0.2481189971605804,0.0,1.1074077425524997,0
132.892,-3.1186285382592738,-2.467565092782744,1.2144096358422707,0.0,0.0,1e-12,0.22,1.0,4.4,3.8,9.788367958377718,7,58131991389402.21,34653.100005307686,34620.13700261651,31.607475951466437,0.2481189971605804,0.0,1.1074077425524997,0
133.024,-3.113075346793964,-2.4340333141897506,1.2106560663058672,0.0,0.0,1e-12,0.22,1.0,4.4,3.8,9.762657042477263,7,58131991389402.21,34653.100005307686,34620.13700261651,31.607475951466437,0.2481189971605804,0.0,1.1074077425524997,0
133.123,-3.1095957654040505,-2.402797502967646,1.196297173341122,0.0,0.0,1e-12,0.22,1.0,4.4,3.8,9.740057773062546,7,58131991389402.21,34653.100005307686,34620.13700261651,31.607475951466437,0.2481189971605804,0.0,1.1074077425524997,0
133.189,-3.10845206180339,-2.3848195801639442,1.1938953763071232,0.0,0.0,1e-12,0.22,1.0,4.4,3.8,9.727735892980386,7,58131991389402.195,34653.10000530801,34620.13700261684,31.607475951466437,0.2481189971605804,0.0,1.1074077425524997,0
133.321,-3.1106180587854912,-2.3532322430202344,1.1682119289539232,0.0,0.0,1e-12,0.22,1.0,4.4,3.8,9.709358921241844,7,58131991389402.195,34653.10000530801,34620.13700261684,31.607475951466437,0.2481189971605804,0.0,1.1074077425524997,0
133.42,-3.1125823189059125,-2.329877327536522,1.1544506023512593,0.0,0.0,1e-12,0.22,1.0,4.4,3.8,9.69609659342274,7,58131991389402.195,34653.10000530801,34620.13700261684,31.607475951466437,0.2481189971605804,0.0,1.1074077425524997,0
133.519,-3.120146142686321,-2.3126841173696846,1.1369776772505318,0.0,0.0,1e-12,0.22,1.0,4.4,3.8,9.691104432731265,7,58131991389402.195,34653.10000530801,34620.13700261684,31.607475951466437,0.2481189971605804,0.0,1.1074077425524997,0
133.585,-3.150202082603551,-2.3491750585845583,1.1322384436261939,0.0,0.0,1e-12,0.22,1.0,4.4,3.8,9.737448607785788,7,58131991389402.195,34653.10000530801,34620.13700261684,31.607475951466437,0.2481189971605804,0.0,1.1074077425524997,0
133.717,-3.159696274904314,-2.324753326253055,1.1052261204221168,0.0,0.0,1e-12,0.22,1.0,4.4,3.8,9.7294198735716,7,58131991389402.125,34653.10000530834,34620.137002617164,31.607475951466437,0.2481189971605804,0.0,1.1074077425524997,0
133.783,-3.167228575906582,-2.312632603887873,1.0864143034133231,0.0,0.0,1e-12,0.22,1.0,4.4,3.8,9.727652628981476,7,58131991389402.125,34653.10000530834,34620.137002617164,31.607475951466437,0.2481189971605804,0.0,1.1074077425524997,0
133.915,-3.1861051040911046,-2.3021402399399697,1.0447885372465047,0.0,0.0,1e-12,0.22,1.0,4.4,3.8,9.73576428218205,7,58131991389402.125,34653.10000530834,34620.137002617164,31.607475951466437,0.2481189971605804,0.0,1.1074077425524997,0
133.981,-3.1909646970223555,-2.287618741033862,1.0183025957104803,0.0,0.0,1e-12,0.22,1.0,4.4,3.8,9.730459751092258,7,58131991389402.125,34653.10000530834,34620.137002617164,31.607475951466437,0.2481189971605804,0.0,1.1074077425524997,0
134.113,-3.2114899471487357,-2.2757244401854297,0.9825616140000702,0.0,0.0,1e-12,0.22,1.0,4.4,3.8,9.739055739064893,7,58131991389402.125,34653.10000530834,34620.137002617164,31.607475951466437,0.2481189971605804,0.0,1.1074077425524997,0
134.179,-3.2164885550819227,-2.2658918804808414,0.9732010454533736,0.0,0.0,1e-12,0.22,1.0,4.4,3.8,9.736834301526205,7,58131991389401.98,34653.1000053085,34620.137002617324,31.607475951466437,0.2481189971605804,0.0,1.1074077425524997,0
134.311,-3.275244718041256,-2.3115970036396223,0.9139530909163218,0.0,0.0,1e-12,0.22,1.0,4.4,3.8,9.811269001343149,7,58131991389401.98,34653.1000053085,34620.137002617324,31.607475951466437,0.2481189971605804,0.0,1.1074077425524997,0
134.41,-3.28041624306472,-2.2939462799518098,0.8885356083603538,0.0,0.0,1e-12,0.22,1.0,4.4,3.8,9.804334497030938,7,58131991389401.98,34653.1000053085,34620.137002617324,31.607475951466437,0.2481189971605804,0.0,1.1074077425524997,0
134.509,-3.3001141941527083,-2.2926221560964812,0.8577027924792464,0.0,0.0,1e-12,0.22,1.0,4.4,3.8,9.818951234217927,7,58131991389401.98,34653.1000053085,34620.137002617324,31.607475951466437,0.2481189971605804,0.0,1.1074077425524997,0
134.608,-3.3150295692358545,-2.290648231051095,0.8355882535143792,0.0,0.0,1e-12,0.22,1.0,4.4,3.8,9.829429135437591,7,58131991389401.98,34653.1000053085,34620.137002617324,31.607475951466437,0.2481189971605804,0.0,1.1074077425524997,0
134.707,-3.331010524706332,-2.291352622139744,0.8152440685334684,0.0,0.0,1e-12,0.22,1.0,4.4,3.8,9.84241334736399,7,58131991389401.84,34653.10000530859,34620.13700261741,31.607475951466437,0.2481189971605804,0.0,1.1074077425524997,0
134.806,-3.3475197009740296,-2.2906456734601144,0.7987329527480903,0.0,0.0,1e-12,0.22,1.0,4.4,3.8,9.854949326943245,7,58131991389401.84,34653.10000530859,34620.13700261741,31.607475951466437,0.2481189971605804,0.0,1.1074077425524997,0
134.938,-3.367734486499067,-2.2931609245541615,0.778861247071592,0.0,0.0,1e-12,0.22,1.0,4.4,3.8,9.872401384934705,7,58131991389401.84,34653.10000530859,34620.13700261741,31.607475951466437,0.2481189971605804,0.0,1.1074077425524997,0
134.938,-3.367734486499067,-2.2931609245541615,0.778861247071592,0.0,0.0,1e-12,0.22,1.0,4.4,3.8,9.872401384934705,7,58131991389401.84,34653.10000530859,34620.13700261741,31.607475951466437,0.2481189971605804,0.0,1.1074077425524997,0
135.103,-3.415578525772508,-2.333463271573073,0.7315579831984477,0.0,0.0,1e-12,0.22,1.0,4.4,3.8,9.934920200799413,7,58131991389401.84,34653.10000530859,34620.13700261741,31.607475951466437,0.2481189971605804,0.0,1.1074077425524997,0
135.169,-3.4243113712741438,-2.3362087377747907,0.7303402401006602,0.0,0.0,1e-12,0.22,1.0,4.4,3.8,9.943485611604894,7,58131991389401.73,34653.100005308515,34620.13700261734,31.607475951466437,0.2481189971605804,0.0,1.1074077425524997,0
135.235,-3.434434445343831,-2.344916181674038,0.7230208977427085,0.0,0.0,1e-12,0.22,1.0,4.4,3.8,9.9568246925508,7,58131991389401.73,34653.100005308515,34620.13700261734,31.607475951466437,0.2481189971605804,0.0,1.1074077425524997,0
135.433,-3.4556652337857443,-2.365180917951409,0.7058362083427937,0.0,0.0,1e-12,0.22,1.0,4.4,3.8,9.986036852344489,7,58131991389401.73,34653.100005308515,34620.13700261734,31.607475951466437,0.2481189971605804,0.0,1.1074077425524997,0
135.499,-3.461249132422284,-2.3703937932668855,0.7069874140421978,0.0,0.0,1e-12,0.22,1.0,4.4,3.8,9.993647856813677,7,58131991389401.73,34653.100005308515,34620.13700261734,31.607475951466437,0.2481189971605804,0.0,1.1074077425524997,0
135.598,-3.469369614315368,-2.3852498648144915,0.7132016180940004,0.0,0.0,1e-12,0.22,1.0,4.4,3.8,10.009210459216934,7,58131991389401.73,34653.100005308515,34620.13700261734,31.607475951466437,0.2481189971605804,0.0,1.1074077425524997,0
135.664,-3.4782588993920784,-2.3986122253672577,0.7094132397920303,0.0,0.0,1e-12,0.22,1.0,4.4,3.8,10.024457930797201,7,58131991389401.67,34653.10000530827,34620.13700261709,31.607475951466437,0.2481189971605804,0.0,1.1074077425524997,0
135.796,-3.545782605199461,-2.4929743924438355,0.6135558899545782,0.0,0.0,1e-12,0.22,1.0,4.4,3.8,10.135925607118681,7,58131991389401.67,34653.10000530827,34620.13700261709,31.607475951466437,0.2481189971605804,0.0,1.1074077425524997,0
135.928,-3.544521287872715,-2.5110622139475214,0.647614790428959,0.0,0.0,1e-12,0.22,1.0,4.4,3.8,10.146177840042965,7,58131991389401.67,34653.10000530827,34620.13700261709,31.607475951466437,0.2481189971605804,0.0,1.1074077425524997,0
135.994,-3.5423519671216708,-2.5191287839931777,0.6590493225539251,0.0,0.0,1e-12,0.22,1.0,4.4,3.8,10.149499660492264,7,58131991389401.67,34653.10000530827,34620.13700261709,31.607475951466437,0.2481189971605804,0.0,1.1074077425524997,0
136.093,-3.540163873577747,-2.5332886565775543,0.6775463688288584,0.0,0.0,1e-12,0.22,1.0,4.4,3.8,10.156611026656632,7,58131991389401.67,34653.10000530827,34620.13700261709,31.607475951466437,0.2481189971605804,0.0,1.1074077425524997,0
136.159,-3.5360889974275898,-2.5425402372102455,0.6953344390482082,0.0,0.0,1e-12,0.22,1.0,4.4,3.8,10.15919904498983,7,58131991389401.67,34653.10000530827,34620.13700261709,31.607475951466437,0.2481189971605804,0.0,1.1074077425524997,0
136.324,-3.521265085178226,-2.559791958976646,0.7355352732994564,0.0,0.0,1e-12,0.22,1.0,4.4,3.8,10.158414950725708,7,58131991389401.67,34653.100005307984,34620.13700261681,31.607475951466437,0.2481189971605804,0.0,1.1074077425524997,0
136.324,-3.521265085178226,-2.559791958976646,0.7355352732994564,0.0,0.0,1e-12,0.22,1.0,4.4,3.8,10.158414950725708,7,58131991389401.67,34653.100005307984,34620.13700261681,31.607475951466437,0.2481189971605804,0.0,1.1074077425524997,0
136.489,-3.5029956933160067,-2.577024685692833,0.7770560905960808,0.0,0.0,1e-12,0.22,1.0,4.4,3.8,10.154988171854615,7,58131991389401.67,34653.100005307984,34620.13700261681,31.607475951466437,0.2481189971605804,0.0,1.1074077425524997,0
136.555,-3.5175607583991892,-2.6185804106095683,0.7579340124485168,0.0,0.0,1e-12,0.22,1.0,4.4,3.8,10.192445381281356,7,58131991389401.67,34653.100005307984,34620.13700261681,31.607475951466437,0.2481189971605804,0.0,1.1074077425524997,0
136.687,-3.4929355139459832,-2.622503082810765,0.8056257556263337,0.0,0.0,1e-12,0.22,1.0,4.4,3.8,10.17580350026589,7,58131991389401.734,34653.10000530772,34620.137002616546,31.607475951466437,0.2481189971605804,0.0,1.1074077425524997,0
136.786,-3.4735760067075736,-2.6240532491409447,0.8327813597347812,0.0,0.0,1e-12,0.22,1.0,4.4,3.8,10.161774415976746,7,58131991389401.734,34653.10000530772,34620.137002616546,31.607475951466437,0.2481189971605804,0.0,1.1074077425524997,0
136.918,-3.448286274129963,-2.6310851833185964,0.8622617458614036,0.0,0.0,1e-12,0.22,1.0,4.4,3.8,10.146647430348448,7,58131991389401.734,34653.10000530772,34620.137002616546,31.607475951466437,0.2481189971605804,0.0,1.1074077425524997,0
136.918,-3.448286274129963,-2.6310851833185964,0.8622617458614036,0.0,0.0,1e-12,0.22,1.0,4.4,3.8,10.146647430348448,7,58131991389401.734,34653.10000530772,34620.137002616546,31.607475951466437,0.2481189971605804,0.0,1.1074077425524997,0
137.116,-3.411971244438322,-2.64212141223987,0.9048704369221648,0.0,0.0,1e-12,0.22,1.0,4.4,3.8,10.125602353142781,7,58131991389401.734,34653.10000530772,34620.137002616546,31.607475951466437,0.2481189971605804,0.0,1.1074077425524997,0
137.215,-3.3918000074711605,-2.6451902463133057,0.9315056612658832,0.0,0.0,1e-12,0.22,1.0,4.4,3.8,10.11200398870569,7,58131991389401.85,34653.10000530748,34620.137002616306,31.607475951466437,0.2481189971605804,0.0,1.1074077425524997,0
137.314,-3.3714456147253524,-2.6466996174163087,0.9475426870039959,0.0,0.0,1e-12,0.22,1.0,4.4,3.8,10.097291859693346,7,58131991389401.85,34653.10000530748,34620.137002616306,31.607475951466437,0.2481189971605804,0.0,1.1074077425524997,0
137.314,-3.3714456147253524,-2.6466996174163087,0.9475426870039959,0.0,0.0,1e-12,0.22,1.0,4.4,3.8,10.097291859693346,7,58131991389401.85,34653.10000530748,34620.137002616306,31.607475951466437,0.2481189971605804,0.0,1.1074077425524997,0
137.512,-3.3631264173620985,-2.701606874809775,0.9662627786658411,0.0,0.0,1e-12,0.22,1.0,4.4,3.8,10.126056672096944,7,58131991389401.85,34653.10000530748,34620.137002616306,31.607475951466437,0.2481189971605804,0.0,1.1074077425524997,0
137.611,-3.341217766298202,-2.698708622945806,0.9898485834928911,0.0,0.0,1e-12,0.22,1.0,4.4,3.8,10.107406505686862,7,58131991389401.85,34653.10000530748,34620.137002616306,31.607475951466437,0.2481189971605804,0.0,1.1074077425524997,0
137.71,-3.317945685896519,-2.6916797903880054,1.0128136740039984,0.0,0.0,1e-12,0.22,1.0,4.4,3.8,10.085067779216,7,58131991389401.95,34653.10000530737,34620.1370026162,31.607475951466437,0.2481189971605804,0.0,1.1074077425524997,0
137.809,-3.295044649038662,-2.680624770328897,1.0315077111130093,0.0,0.0,1e-12,0.22,1.0,4.4,3.8,10.060427901659999,7,58131991389401.95,34653.10000530737,34620.1370026162,31.607475951466437,0.2481189971605804,0.0,1.1074077425524997,0
137.908,-3.2695408442931506,-2.661943009993095,1.0579983469404415,0.0,0.0,1e-12,0.22,1.0,4.4,3.8,10.028886489869128,7,58131991389401.95,34653.10000530737,34620.1370026162,31.607475951466437,0.2481189971605804,0.0,1.1074077425524997,0
137.974,-3.254729816008669,-2.6521531775679237,1.072443536521223,0.0,0.0,1e-12,0.22,1.0,4.4,3.8,10.011252128624669,7,58131991389401.95,34653.10000530737,34620.1370026162,31.607475951466437,0.2481189971605804,0.0,1.1074077425524997,0
138.073,-3.2337844635924906,-2.6359637045884874,1.087403588774348,0.0,0.0,1e-12,0.22,1.0,4.4,3.8,9.98480315496337,7,58131991389401.95,34653.10000530737,34620.1370026162,31.607475951466437,0.2481189971605804,0.0,1.1074077425524997,0
138.205,-3.1996720615834824,-2.5963486334059436,1.1200857055590274,0.0,0.0,1e-12,0.22,1.0,4.4,3.8,9.933191394697205,7,58131991389402.1,34653.10000530743,34620.137002616255,31.607475951466437,0.2481189971605804,0.0,1.1074077425524997,0
138.304,-3.201902697446804,-2.6230329882830046,1.1268645239413055,0.0,0.0,1e-12,0.22,1.0,4.4,3.8,9.952099144905095,7,58131991389402.1,34653.10000530743,34620.137002616255,31.607475951466437,0.2481189971605804,0.0,1.1074077425524997,0
138.37,-3.1905237746123962,-2.614008388634278,1.1402033899823434,0.0,0.0,1e-12,0.22,1.0,4.4,3.8,9.937582944681614,7,58131991389402.1,34653.10000530743,34620.137002616255,31.607475951466437,0.2481189971605804,0.0,1.1074077425524997,0
138.502,-3.164461644030301,-2.578112070760068,1.1562733378118761,0.0,0.0,1e-12,0.22,1.0,4.4,3.8,9.894513305422398,7,58131991389402.1,34653.10000530743,34620.137002616255,31.607475951466437,0.2481189971605804,0.0,1.1074077425524997,0
138.535,-3.161160245369598,-2.573727542866326,1.1611153515976462,0.0,0.0,1e-12,0.22,1.0,4.4,3.8,9.889163111550465,7,58131991389402.1,34653.10000530743,34620.137002616255,31.607475951466437,0.2481189971605804,0.0,1.1074077425524997,0
138.667,-3.137458254464281,-2.533242862209064,1.1747124185893434,0.0,0.0,1e-12,0.22,1.0,4.4,3.8,9.844960238086987,7,58131991389402.195,34653.10000530761,34620.13700261644,31.607475951466437,0.2481189971605804,0.0,1.1074077425524997,0
138.733,-3.1270944335535256,-2.512578321572909,1.181534364303919,0.0,0.0,1e-12,0.22,1.0,4.4,3.8,9.823736339989216,7,58131991389402.195,34653.10000530761,34620.13700261644,31.607475951466437,0.2481189971605804,0.0,1.1074077425524997,0
138.931,-3.1005772958856994,-2.447816799037862,1.1973010279198764,0.0,0.0,1e-12,0.22,1.0,4.4,3.8,9.761858149240632,7,58131991389402.195,34653.10000530761,34620.13700261644,31.607475951466437,0.2481189971605804,0.0,1.1074077425524997,0
138.997,-3.0995751550426975,-2.4418033255647686,1.1992767757946592,0.0,0.0,1e-12,0.22,1.0,4.4,3.8,9.757240196959646,7,58131991389402.195,34653.10000530761,34620.13700261644,31.607475951466437,0.2481189971605804,0.0,1.1074077425524997,0
139.129,-3.1179188265250897,-2.4697742757901358,1.2160878974472675,0.0,0.0,1e-12,0.22,1.0,4.4,3.8,9.789237608291062,7,58131991389402.195,34653.10000530761,34620.13700261644,31.607475951466437,0.2481189971605804,0.0,1.1074077425524997,0
139.162,-3.1164695173043766,-2.466555568366737,1.2100887300704488,0.0,0.0,1e-12,0.22,1.0,4.4,3.8,9.786063186797541,7,58131991389402.2,34653.100005307904,34620.13700261673,31.607475951466437,0.2481189971605804,0.0,1.1074077425524997,0
139.327,-3.111775967130296,-2.4295483615979614,1.2028224604340694,0.0,0.0,1e-12,0.22,1.0,4.4,3.8,9.758793520197266,7,58131991389402.2,34653.100005307904,34620.13700261673,31.607475951466437,0.2481189971605804,0.0,1.1074077425524997,0
139.36,-3.111157347171388,-2.419289404201966,1.2020819360636839,0.0,0.0,1e-12,0.22,1.0,4.4,3.8,9.751771397401889,7,58131991389402.2,34653.100005307904,34620.13700261673,31.607475951466437,0.2481189971605804,0.0,1.1074077425524997,0
139.492,-3.109816497156208,-2.3850536590798246,1.1874792083056336,0.0,0.0,1e-12,0.22,1.0,4.4,3.8,9.728937896124956,7,58131991389402.2,34653.100005307904,34620.13700261673,31.607475951466437,0.2481189971605804,0.0,1.1074077425524997,0
139.591,-3.11105845132273,-2.362046629363985,1.175887559554505,0.0,0.0,1e-12,0.22,1.0,4.4,3.8,9.715287835244135,7,58131991389402.2,34653.100005307904,34620.13700261673,31.607475951466437,0.2481189971605804,0.0,1.1074077425524997,0
139.69,-3.111046337615922,-2.332174284196375,1.1597039278767405,0.0,0.0,1e-12,0.22,1.0,4.4,3.8,9.696359035100386,7,58131991389402.164,34653.10000530817,34620.137002617,31.607475951466437,0.2481189971605804,0.0,1.1074077425524997,0
139.69,-3.111046337615922,-2.332174284196375,1.1597039278767405,0.0,0.0,1e-12,0.22,1.0,4.4,3.8,9.696359035100386,7,58131991389402.164,34653.10000530817,34620.137002617,31.607475951466437,0.2481189971605804,0.0,1.1074077425524997,0
139.921,-3.153732663852672,-2.33818999439723,1.1213476120129475,0.0,0.0,1e-12,0.22,1.0,4.4,3.8,9.733255034379457,7,58131991389402.164,34653.10000530817,34620.137002617,31.607475951466437,0.2481189971605804,0.0,1.1074077425524997,0
139.987,-3.16132218739836,-2.3277076574476085,1.102405792228248,0.0,0.0,1e-12,0.22,1.0,4.4,3.8,9.732543057021878,7,58131991389402.164,34653.10000530817,34620.137002617,31.607475951466437,0.2481189971605804,0.0,1.1074077425524997,0
140.086,-3.1672894008086874,-2.3083311764401215,1.0803686233918095,0.0,0.0,1e-12,0.22,1.0,4.4,3.8,9.724997616280524,7,58131991389402.164,34653.10000530817,34620.137002617,31.607475951466437,0.2481189971605804,0.0,1.1074077425524997,0
140.185,-3.182342961894771,-2.299638526312563,1.0470920091344778,0.0,0.0,1e-12,0.22,1.0,4.4,3.8,9.731264817251233,7,58131991389402.06,34653.10000530847,34620.137002617295,31.607475951466437,0.2481189971605804,0.0,1.1074077425524997,0
140.284,-3.194475110160039,-2.287735814169911,1.021130405578501,0.0,0.0,1e-12,0.22,1.0,4.4,3.8,9.733271779929261,7,58131991389402.06,34653.10000530847,34620.137002617295,31.607475951466437,0.2481189971605804,0.0,1.1074077425524997,0
140.416,-3.2111202832649663,-2.2689736797233166,0.9823315890682827,0.0,0.0,1e-12,0.22,1.0,4.4,3.8,9.734556666407657,7,58131991389402.06,34653.10000530847,34620.137002617295,31.607475951466437,0.2481189971605804,0.0,1.1074077425524997,0
140.515,-3.222299244574529,-2.2579670447239066,0.9560192607246429,0.0,0.0,1e-12,0.22,1.0,4.4,3.8,9.736447529196793,7,58131991389402.06,34653.10000530847,34620.137002617295,31.607475951466437,0.2481189971605804,0.0,1.1074077425524997,0
140.614,-3.2716419020108316,-2.303218081586949,0.9153061690911266,0.0,0.0,1e-12,0.22,1.0,4.4,3.8,9.803232141701953,7,58131991389402.06,34653.10000530847,34620.137002617295,31.607475951466437,0.2481189971605804,0.0,1.1074077425524997,0
140.68,-3.2831799556729475,-2.3003446598013304,0.8900088623835118,0.0,0.0,1e-12,0.22,1.0,4.4,3.8,9.810477011828791,7,58131991389401.92,34653.10000530861,34620.13700261743,31.607475951466437,0.2481189971605804,0.0,1.1074077425524997,0
140.812,-3.3048640621815757,-2.29606920267682,0.8516217790802054,0.0,0.0,1e-12,0.22,1.0,4.4,3.8,9.824815007954195,7,58131991389401.92,34653.10000530861,34620.13700261743,31.607475951466437,0.2481189971605804,0.0,1.1074077425524997,0
140.911,-3.321621035006104,-2.2936503868633302,0.8349210643623366,0.0,0.0,1e-12,0.22,1.0,4.4,3.8,9.836463106501663,7,58131991389401.92,34653.10000530861,34620.13700261743,31.607475951466437,0.2481189971605804,0.0,1.1074077425524997,0
140.977,-3.328875917091577,-2.289001629358954,0.8204276568847283,0.0,0.0,1e-12,0.22,1.0,4.4,3.8,9.83928167012888,7,58131991389401.92,34653.10000530861,34620.13700261743,31.607475951466437,0.2481189971605804,0.0,1.1074077425524997,0
141.043,-3.343688113001861,-2.294582260493357,0.8049868826058773,0.0,0.0,1e-12,0.22,1.0,4.4,3.8,9.854371543704177,7,58131991389401.92,34653.10000530861,34620.13700261743,31.607475951466437,0.2481189971605804,0.0,1.1074077425524997,0
141.208,-3.368367258160741,-2.294985854253351,0.7778877070699312,0.0,0.0,1e-12,0.22,1.0,4.4,3.8,9.874025644143947,7,58131991389401.8,34653.10000530863,34620.137002617455,31.607475951466437,0.2481189971605804,0.0,1.1074077425524997,0
141.307,-3.4060755958156923,-2.3285337000071435,0.7423985660384264,0.0,0.0,1e-12,0.22,1.0,4.4,3.8,9.924401317949238,7,58131991389401.8,34653.10000530863,34620.137002617455,31.607475951466437,0.2481189971605804,0.0,1.1074077425524997,0
141.406,-3.4197341960148395,-2.3352952929841653,0.7251976286045173,0.0,0.0,1e-12,0.22,1.0,4.4,3.8,9.939320461099818,7,58131991389401.8,34653.10000530863,34620.137002617455,31.607475951466437,0.2481189971605804,0.0,1.1074077425524997,0
141.472,-3.4263804992325824,-2.3368703617039674,0.7279841783001924,0.0,0.0,1e-12,0.22,1.0,4.4,3.8,9.945522085598554,7,58131991389401.8,34653.10000530863,34620.137002617455,31.607475951466437,0.2481189971605804,0.0,1.1074077425524997,0
141.637,-3.4476349505911803,-2.3565030003273884,0.716882759698015,0.0,0.0,1e-12,0.22,1.0,4.4,3.8,9.974362310984114,7,58131991389401.8,34653.10000530863,34620.137002617455,31.607475951466437,0.2481189971605804,0.0,1.1074077425524997,0
141.736,-3.4574305465289985,-2.367292709603507,0.7063786517982253,0.0,0.0,1e-12,0.22,1.0,4.4,3.8,9.988729356602649,7,58131991389401.7,34653.10000530843,34620.13700261725,31.607475951466437,0.2481189971605804,0.0,1.1074077425524997,0
141.835,-3.468535670430274,-2.3816112730623837,0.7081200312887976,0.0,0.0,1e-12,0.22,1.0,4.4,3.8,10.006306587751824,7,58131991389401.7,34653.10000530843,34620.13700261725,31.607475951466437,0.2481189971605804,0.0,1.1074077425524997,0
141.901,-3.4714698953139798,-2.388166558531008,0.7162515045196147,0.0,0.0,1e-12,0.22,1.0,4.4,3.8,10.0126641643948,7,58131991389401.7,34653.10000530843,34620.13700261725,31.607475951466437,0.2481189971605804,0.0,1.1074077425524997,0
141.934,-3.473886805550507,-2.393542908355747,0.7122336847264619,0.0,0.0,1e-12,0.22,1.0,4.4,3.8,10.017887361328542,7,58131991389401.7,34653.10000530843,34620.13700261725,31.607475951466437,0.2481189971605804,0.0,1.1074077425524997,0
141.934,-3.473886805550507,-2.393542908355747,0.7122336847264619,0.0,0.0,1e-12,0.22,1.0,4.4,3.8,10.017887361328542,7,58131991389401.7,34653.10000530843,34620.13700261725,31.607475951466437,0.2481189971605804,0.0,1.1074077425524997,0
142.231,-3.544690023034759,-2.514791624993672,0.6460880381286638,0.0,0.0,1e-12,0.22,1.0,4.4,3.8,10.148630096185311,7,58131991389401.66,34653.10000530819,34620.13700261701,31.607475951466437,0.2481189971605804,0.0,1.1074077425524997,0
142.33,-3.5392389371693382,-2.5242974264651963,0.6755231750725633,0.0,0.0,1e-12,0.22,1.0,4.4,3.8,10.150283387170036,7,58131991389401.66,34653.10000530819,34620.13700261701,31.607475951466437,0.2481189971605804,0.0,1.1074077425524997,0
142.396,-3.5387378487397143,-2.5367768627401337,0.6861454075023296,0.0,0.0,1e-12,0.22,1.0,4.4,3.8,10.1576719596161,7,58131991389401.66,34653.10000530819,34620.13700261701,31.607475951466437,0.2481189971605804,0.0,1.1074077425524997,0
142.528,-3.529686386548928,-2.5537268145227796,0.7132909818531662,0.0,0.0,1e-12,0.22,1.0,4.4,3.8,10.161189429520798,7,58131991389401.66,34653.10000530819,34620.13700261701,31.607475951466437,0.2481189971605804,0.0,1.1074077425524997,0
142.594,-3.5239657811050584,-2.559859891304234,0.7303804219912197,0.0,0.0,1e-12,0.22,1.0,4.4,3.8,10.160563544269786,7,58131991389401.66,34653.10000530819,34620.13700261701,31.607475951466437,0.2481189971605804,0.0,1.1074077425524997,0
142.726,-3.507199268423526,-2.570691903192867,0.7661630470683118,0.0,0.0,1e-12,0.22,1.0,4.4,3.8,10.15428557782204,7,58131991389401.68,34653.10000530784,34620.13700261666,31.607475951466437,0.2481189971605804,0.0,1.1074077425524997,0
142.825,-3.5204066288371245,-2.616755240491323,0.7563370522328611,0.0,0.0,1e-12,0.22,1.0,4.4,3.8,10.193507197353613,7,58131991389401.68,34653.10000530784,34620.13700261666,31.607475951466437,0.2481189971605804,0.0,1.1074077425524997,0
142.924,-3.5018139289109844,-2.62207679846786,0.7880313383514471,0.0,0.0,1e-12,0.22,1.0,4.4,3.8,10.182422785003126,7,58131991389401.68,34653.10000530784,34620.13700261666,31.607475951466437,0.2481189971605804,0.0,1.1074077425524997,0
142.957,-3.494441064486015,-2.6225593649660857,0.7971113610062968,0.0,0.0,1e-12,0.22,1.0,4.4,3.8,10.177006854530298,7,58131991389401.68,34653.10000530784,34620.13700261666,31.607475951466437,0.2481189971605804,0.0,1.1074077425524997,0
143.122,-3.4613378004780957,-2.624952863779689,0.8456089487245622,0.0,0.0,1e-12,0.22,1.0,4.4,3.8,10.152864192680635,7,58131991389401.68,34653.10000530784,34620.13700261666,31.607475951466437,0.2481189971605804,0.0,1.1074077425524997,0
143.221,-3.4455529508085183,-2.6330385158682983,0.8644149934032861,0.0,0.0,1e-12,0.22,1.0,4.4,3.8,10.14577181147818,7,58131991389401.79,34653.10000530759,34620.137002616415,31.607475951466437,0.2481189971605804,0.0,1.1074077425524997,0
143.32,-3.427614078107684,-2.6379856484433826,0.8891617463836705,0.0,0.0,1e-12,0.22,1.0,4.4,3.8,10.135048167885172,7,58131991389401.79,34653.10000530759,34620.137002616415,31.607475951466437,0.2481189971605804,0.0,1.1074077425524997,0
143.386,-3.4163651506949138,-2.6438731908672057,0.9013191415315587,0.0,0.0,1e-12,0.22,1.0,4.4,3.8,10.130106903136562,7,58131991389401.79,34653.10000530759,34620.137002616415,31.607475951466437,0.2481189971605804,0.0,1.1074077425524997,0
143.386,-3.4163651506949138,-2.6438731908672057,0.9013191415315587,0.0,0.0,1e-12,0.22,1.0,4.4,3.8,10.130106903136562,7,58131991389401.79,34653.10000530759,34620.137002616415,31.607475951466437,0.2481189971605804,0.0,1.1074077425524997,0
143.584,-3.375027554275228,-2.6487857536592583,0.9460959353803691,0.0,0.0,1e-12,0.22,1.0,4.4,3.8,10.101380656441853,7,58131991389401.79,34653.10000530759,34620.137002616415,31.607475951466437,0.2481189971605804,0.0,1.1074077425524997,0
143.716,-3.3793343908698423,-2.703058461504807,0.951360190667301,0.0,0.0,1e-12,0.22,1.0,4.4,3.8,10.139418766315924,7,58131991389401.9,34653.10000530741,34620.13700261623,31.607475951466437,0.2481189971605804,0.0,1.1074077425524997,0
143.782,-3.3648467681860295,-2.702073953615738,0.9681319331469621,0.0,0.0,1e-12,0.22,1.0,4.4,3.8,10.127675499920858,7,58131991389401.9,34653.10000530741,34620.13700261623,31.607475951466437,0.2481189971605804,0.0,1.1074077425524997,0
143.914,-3.335541639839211,-2.6969253292139324,0.9948089684234078,0.0,0.0,1e-12,0.22,1.0,4.4,3.8,10.101912848320751,7,58131991389401.9,34653.10000530741,34620.13700261623,31.607475951466437,0.2481189971605804,0.0,1.1074077425524997,0
143.98,-3.3209891669925344,-2.693017156515525,1.0085883624216596,0.0,0.0,1e-12,0.22,1.0,4.4,3.8,10.088257803586357,7,58131991389401.9,34653.10000530741,34620.13700261623,31.607475951466437,0.2481189971605804,0.0,1.1074077425524997,0
143.98,-3.3209891669925344,-2.693017156515525,1.0085883624216596,0.0,0.0,1e-12,0.22,1.0,4.4,3.8,10.088257803586357,7,58131991389401.9,34653.10000530741,34620.13700261623,31.607475951466437,0.2481189971605804,0.0,1.1074077425524997,0
144.211,-3.2670047187078035,-2.6631497446908603,1.0617759145583494,0.0,0.0,1e-12,0.22,1.0,4.4,3.8,10.0277248655408,7,58131991389402.04,34653.10000530735,34620.137002616175,31.607475951466437,0.2481189971605804,0.0,1.1074077425524997,0
144.31,-3.244359344130741,-2.6434176364188136,1.0822601378782826,0.0,0.0,1e-12,0.22,1.0,4.4,3.8,9.997692764808887,7,58131991389402.04,34653.10000530735,34620.137002616175,31.607475951466437,0.2481189971605804,0.0,1.1074077425524997,0
144.343,-3.236830857856809,-2.6382073662622654,1.0836663874287444,0.0,0.0,1e-12,0.22,1.0,4.4,3.8,9.988578459546066,7,58131991389402.04,34653.10000530735,34620.137002616175,31.607475951466437,0.2481189971605804,0.0,1.1074077425524997,0
144.508,-3.19314999032456,-2.5878194239941203,1.1188244980995787,0.0,0.0,1e-12,0.22,1.0,4.4,3.8,9.922709497366254,7,58131991389402.04,34653.10000530735,34620.137002616175,31.607475951466437,0.2481189971605804,0.0,1.1074077425524997,0
144.607,-3.1970186413789063,-2.6170258006281113,1.1327100320122696,0.0,0.0,1e-12,0.22,1.0,4.4,3.8,9.944491558817145,7,58131991389402.04,34653.10000530735,34620.137002616175,31.607475951466437,0.2481189971605804,0.0,1.1074077425524997,0
144.673,-3.188141855632402,-2.6110689231880753,1.1398687212344585,0.0,0.0,1e-12,0.22,1.0,4.4,3.8,9.933866395269682,7,58131991389402.125,34653.100005307446,34620.13700261627,31.607475951466437,0.2481189971605804,0.0,1.1074077425524997,0
144.805,-3.1632395288807116,-2.574888504534806,1.1574309976085762,0.0,0.0,1e-12,0.22,1.0,4.4,3.8,9.891501181138976,7,58131991389402.125,34653.100005307446,34620.13700261627,31.607475951466437,0.2481189971605804,0.0,1.1074077425524997,0
144.904,-3.143210648257156,-2.541200937097772,1.170916267179986,0.0,0.0,1e-12,0.22,1.0,4.4,3.8,9.854484066080264,7,58131991389402.125,34653.100005307446,34620.13700261627,31.607475951466437,0.2481189971605804,0.0,1.1074077425524997,0
144.937,-3.13896822276857,-2.533192672972208,1.1716523605006857,0.0,0.0,1e-12,0.22,1.0,4.4,3.8,9.84608405900047,7,58131991389402.125,34653.100005307446,34620.13700261627,31.607475951466437,0.2481189971605804,0.0,1.1074077425524997,0
145.102,-3.1151322469517795,-2.486316374936109,1.185196878984803,0.0,0.0,1e-12,0.22,1.0,4.4,3.8,9.797703111187047,7,58131991389402.125,34653.100005307446,34620.13700261627,31.607475951466437,0.2481189971605804,0.0,1.1074077425524997,0
145.234,-3.1007486593968125,-2.447806633065401,1.193365866631184,0.0,0.0,1e-12,0.22,1.0,4.4,3.8,9.761983311582698,7,58131991389402.21,34653.10000530772,34620.137002616546,31.607475951466437,0.2481189971605804,0.0,1.1074077425524997,0
145.3,-3.0946647574453405,-2.430471518035076,1.1986086780878797,0.0,0.0,1e-12,0.22,1.0,4.4,3.8,9.746218505838023,7,58131991389402.21,34653.10000530772,34620.137002616546,31.607475951466437,0.2481189971605804,0.0,1.1074077425524997,0
145.399,-3.0943822306566195,-2.420881446399931,1.2007164150060865,0.0,0.0,1e-12,0.22,1.0,4.4,3.8,9.739873253248453,7,58131991389402.21,34653.10000530772,34620.137002616546,31.607475951466437,0.2481189971605804,0.0,1.1074077425524997,0
145.531,-3.113401447422471,-2.443226516822643,1.209535615436366,0.0,0.0,1e-12,0.22,1.0,4.4,3.8,9.768780816994896,7,58131991389402.21,34653.10000530772,34620.137002616546,31.607475951466437,0.2481189971605804,0.0,1.1074077425524997,0
145.597,-3.112483686971588,-2.432189305479372,1.2094634612287984,0.0,0.0,1e-12,0.22,1.0,4.4,3.8,9.76102426420228,7,58131991389402.21,34653.10000530772,34620.137002616546,31.607475951466437,0.2481189971605804,0.0,1.1074077425524997,0
145.597,-3.112483686971588,-2.432189305479372,1.2094634612287984,0.0,0.0,1e-12,0.22,1.0,4.4,3.8,9.76102426420228,7,58131991389402.19,34653.10000530801,34620.13700261684,31.607475951466437,0.2481189971605804,0.0,1.1074077425524997,0
145.795,-3.1114441049771933,-2.382084478287391,1.1875207717071414,0.0,0.0,1e-12,0.22,1.0,4.4,3.8,9.728307203150942,7,58131991389402.19,34653.10000530801,34620.13700261684,31.607475951466437,0.2481189971605804,0.0,1.1074077425524997,0
145.894,-3.110191712379755,-2.3519395157554905,1.1658052054531747,0.0,0.0,1e-12,0.22,1.0,4.4,3.8,9.708209894837022,7,58131991389402.19,34653.10000530801,34620.13700261684,31.607475951466437,0.2481189971605804,0.0,1.1074077425524997,0
146.026,-3.1135011949153544,-2.3187816811411577,1.1475669832479611,0.0,0.0,1e-12,0.22,1.0,4.4,3.8,9.689798216034381,7,58131991389402.19,34653.10000530801,34620.13700261684,31.607475951466437,0.2481189971605804,0.0,1.1074077425524997,0
146.059,-3.1169120478513586,-2.317175196323586,1.1409183873872635,0.0,0.0,1e-12,0.22,1.0,4.4,3.8,9.691429157644883,7,58131991389402.19,34653.10000530801,34620.13700261684,31.607475951466437,0.2481189971605804,0.0,1.1074077425524997,0
146.224,-3.1530443055205493,-2.3326647422330273,1.1202524419077755,0.0,0.0,1e-12,0.22,1.0,4.4,3.8,9.729237129486796,7,58131991389402.11,34653.10000530831,34620.137002617135,31.607475951466437,0.2481189971605804,0.0,1.1074077425524997,0
146.224,-3.1530443055205493,-2.3326647422330273,1.1202524419077755,0.0,0.0,1e-12,0.22,1.0,4.4,3.8,9.729237129486796,7,58131991389402.11,34653.10000530831,34620.137002617135,31.607475951466437,0.2481189971605804,0.0,1.1074077425524997,0
146.389,-3.1697777351654537,-2.3051150625102363,1.069171351970839,0.0,0.0,1e-12,0.22,1.0,4.4,3.8,9.724914646735774,7,58131991389402.11,34653.10000530831,34620.137002617135,31.607475951466437,0.2481189971605804,0.0,1.1074077425524997,0
146.488,-3.1869258150133435,-2.3001346687597155,1.040484940452881,0.0,0.0,1e-12,0.22,1.0,4.4,3.8,9.735146958290876,7,58131991389402.11,34653.10000530831,34620.137002617135,31.607475951466437,0.2481189971605804,0.0,1.1074077425524997,0
146.587,-3.195327598086331,-2.2821930177091225,1.0101281494006773,0.0,0.0,1e-12,0.22,1.0,4.4,3.8,9.730471377426763,7,58131991389402.11,34653.10000530831,34620.137002617135,31.607475951466437,0.2481189971605804,0.0,1.1074077425524997,0
146.686,-3.2132061790854696,-2.2777249491857687,0.986810327774656,0.0,0.0,1e-12,0.22,1.0,4.4,3.8,9.74164508095118,7,58131991389402.0,34653.10000530854,34620.13700261736,31.607475951466437,0.2481189971605804,0.0,1.1074077425524997,0
146.752,-3.2185440754250987,-2.2661368407249407,0.9640474361938532,0.0,0.0,1e-12,0.22,1.0,4.4,3.8,9.738594867823346,7,58131991389402.0,34653.10000530854,34620.13700261736,31.607475951466437,0.2481189971605804,0.0,1.1074077425524997,0
146.851,-3.2708298024578393,-2.3128764337880994,0.9255975753723319,0.0,0.0,1e-12,0.22,1.0,4.4,3.8,9.808612957652947,7,58131991389402.0,34653.10000530854,34620.13700261736,31.607475951466437,0.2481189971605804,0.0,1.1074077425524997,0
146.983,-3.281248555086828,-2.2924843921822315,0.8819110339399445,0.0,0.0,1e-12,0.22,1.0,4.4,3.8,9.8040780002001,7,58131991389402.0,34653.10000530854,34620.13700261736,31.607475951466437,0.2481189971605804,0.0,1.1074077425524997,0
147.082,-3.300841062784753,-2.294007266028854,0.8581211881051544,0.0,0.0,1e-12,0.22,1.0,4.4,3.8,9.820380727481204,7,58131991389402.0,34653.10000530854,34620.13700261736,31.607475951466437,0.2481189971605804,0.0,1.1074077425524997,0
147.214,-3.322393819771463,-2.291512745015928,0.831127032364525,0.0,0.0,1e-12,0.22,1.0,4.4,3.8,9.835745718060018,7,58131991389401.87,34653.10000530862,34620.13700261744,31.607475951466437,0.2481189971605804,0.0,1.1074077425524997,0
147.214,-3.322393819771463,-2.291512745015928,0.831127032364525,0.0,0.0,1e-12,0.22,1.0,4.4,3.8,9.835745718060018,7,58131991389401.87,34653.10000530862,34620.13700261744,31.607475951466437,0.2481189971605804,0.0,1.1074077425524997,0
147.379,-3.348540007029194,-2.290377056344726,0.7940006566584562,0.0,0.0,1e-12,0.22,1.0,4.4,3.8,9.855585468605213,7,58131991389401.87,34653.10000530862,34620.13700261744,31.607475951466437,0.2481189971605804,0.0,1.1074077425524997,0
147.511,-3.368600909054568,-2.2928372716810874,0.7757469022060004,0.0,0.0,1e-12,0.22,1.0,4.4,3.8,9.87288337332867,7,58131991389401.87,34653.10000530862,34620.13700261744,31.607475951466437,0.2481189971605804,0.0,1.1074077425524997,0
147.577,-3.4045002947935665,-2.3263140223914776,0.7426864085987823,0.0,0.0,1e-12,0.22,1.0,4.4,3.8,9.921791589848242,7,58131991389401.87,34653.10000530862,34620.13700261744,31.607475951466437,0.2481189971605804,0.0,1.1074077425524997,0
147.709,-3.4220181451664313,-2.334979635005666,0.7283087259935974,0.0,0.0,1e-12,0.22,1.0,4.4,3.8,9.940922642554218,7,58131991389401.87,34653.10000530862,34620.13700261744,31.607475951466437,0.2481189971605804,0.0,1.1074077425524997,0
147.775,-3.43047349520537,-2.34007170658166,0.7250863001889729,0.0,0.0,1e-12,0.22,1.0,4.4,3.8,9.950718352012503,7,58131991389401.74,34653.10000530855,34620.137002617375,31.607475951466437,0.2481189971605804,0.0,1.1074077425524997,0
147.841,-3.436303200105773,-2.3441762480271873,0.7213843560707994,0.0,0.0,1e-12,0.22,1.0,4.4,3.8,9.957838601363722,7,58131991389401.74,34653.10000530855,34620.137002617375,31.607475951466437,0.2481189971605804,0.0,1.1074077425524997,0
148.006,-3.455608114725622,-2.364239558630198,0.7108994019577952,0.0,0.0,1e-12,0.22,1.0,4.4,3.8,9.985410767130437,7,58131991389401.74,34653.10000530855,34620.137002617375,31.607475951466437,0.2481189971605804,0.0,1.1074077425524997,0
148.105,-3.466619042739303,-2.3784132777720757,0.7061398998039647,0.0,0.0,1e-12,0.22,1.0,4.4,3.8,10.002823891008925,7,58131991389401.74,34653.10000530855,34620.137002617375,31.607475951466437,0.2481189971605804,0.0,1.1074077425524997,0
148.171,-3.4712331010574125,-2.3874182824546275,0.7095108286208422,0.0,0.0,1e-12,0.22,1.0,4.4,3.8,10.012015557980105,7,58131991389401.664,34653.10000530836,34620.137002617186,31.607475951466437,0.2481189971605804,0.0,1.1074077425524997,0
148.303,-3.5424165929850373,-2.483056068334666,0.607085392133859,0.0,0.0,1e-12,0.22,1.0,4.4,3.8,10.12713063480279,7,58131991389401.664,34653.10000530836,34620.137002617186,31.607475951466437,0.2481189971605804,0.0,1.1074077425524997,0
148.303,-3.5424165929850373,-2.483056068334666,0.607085392133859,0.0,0.0,1e-12,0.22,1.0,4.4,3.8,10.12713063480279,7,58131991389401.664,34653.10000530836,34620.137002617186,31.607475951466437,0.2481189971605804,0.0,1.1074077425524997,0
148.501,-3.5440676217985483,-2.5112400734773614,0.6471447952475661,0.0,0.0,1e-12,0.22,1.0,4.4,3.8,10.14593325647151,7,58131991389401.664,34653.10000530836,34620.137002617186,31.607475951466437,0.2481189971605804,0.0,1.1074077425524997,0
148.6,-3.541506510282415,-2.5246237532554283,0.6700460169183914,0.0,0.0,1e-12,0.22,1.0,4.4,3.8,10.152260402151866,7,58131991389401.664,34653.10000530836,34620.137002617186,31.607475951466437,0.2481189971605804,0.0,1.1074077425524997,0
148.699,-3.5383640473691544,-2.5402798366277506,0.6850494243473386,0.0,0.0,1e-12,0.22,1.0,4.4,3.8,10.15956554953565,7,58131991389401.64,34653.100005308115,34620.13700261694,31.607475951466437,0.2481189971605804,0.0,1.1074077425524997,0
148.699,-3.5383640473691544,-2.5402798366277506,0.6850494243473386,0.0,0.0,1e-12,0.22,1.0,4.4,3.8,10.15956554953565,7,58131991389401.64,34653.100005308115,34620.13700261694,31.607475951466437,0.2481189971605804,0.0,1.1074077425524997,0
148.864,-3.5252429281262807,-2.5596055443804855,0.7259910207993284,0.0,0.0,1e-12,0.22,1.0,4.4,3.8,10.161400402992228,7,58131991389401.64,34653.100005308115,34620.13700261694,31.607475951466437,0.2481189971605804,0.0,1.1074077425524997,0
148.963,-3.513950350123903,-2.567101500994511,0.7524012940975943,0.0,0.0,1e-12,0.22,1.0,4.4,3.8,10.157292536310688,7,58131991389401.64,34653.100005308115,34620.13700261694,31.607475951466437,0.2481189971605804,0.0,1.1074077425524997,0
149.062,-3.501365933153665,-2.576150462563149,0.782898604327342,0.0,0.0,1e-12,0.22,1.0,4.4,3.8,10.153170851061532,7,58131991389401.64,34653.100005308115,34620.13700261694,31.607475951466437,0.2481189971605804,0.0,1.1074077425524997,0
149.227,-3.497948116142294,-2.6221823287492176,0.7988270247115921,0.0,0.0,1e-12,0.22,1.0,4.4,3.8,10.179489688043027,7,58131991389401.64,34653.100005308115,34620.13700261694,31.607475951466437,0.2481189971605804,0.0,1.1074077425524997,0
149.26,-3.490678027298189,-2.620295590322137,0.8086801307874263,0.0,0.0,1e-12,0.22,1.0,4.4,3.8,10.172659199914069,7,58131991389401.69,34653.10000530776,34620.13700261658,31.607475951466437,0.2481189971605804,0.0,1.1074077425524997,0
149.392,-3.465085211293648,-2.6249713747964725,0.8446310685784917,0.0,0.0,1e-12,0.22,1.0,4.4,3.8,10.155777791378862,7,58131991389401.69,34653.10000530776,34620.13700261658,31.607475951466437,0.2481189971605804,0.0,1.1074077425524997,0
149.491,-3.4493803968417667,-2.6332065765909194,0.8657427200460243,0.0,0.0,1e-12,0.22,1.0,4.4,3.8,10.148838331130143,7,58131991389401.69,34653.10000530776,34620.13700261658,31.607475951466437,0.2481189971605804,0.0,1.1074077425524997,0
149.557,-3.4372207955929017,-2.637170032397377,0.8777503509065905,0.0,0.0,1e-12,0.22,1.0,4.4,3.8,10.141951874509596,7,58131991389401.69,34653.10000530776,34620.13700261658,31.607475951466437,0.2481189971605804,0.0,1.1074077425524997,0
149.656,-3.4167457312666447,-2.6404020767863976,0.9004301108089696,0.0,0.0,1e-12,0.22,1.0,4.4,3.8,10.128192965082658,7,58131991389401.82,34653.10000530753,34620.13700261636,31.607475951466437,0.2481189971605804,0.0,1.1074077425524997,0
149.788,-3.3925495881688468,-2.6478964657125097,0.9303959204441634,0.0,0.0,1e-12,0.22,1.0,4.4,3.8,10.11430659593718,7,58131991389401.82,34653.10000530753,34620.13700261636,31.607475951466437,0.2481189971605804,0.0,1.1074077425524997,0
149.92,-3.3593151924216302,-2.6397890252033838,0.9586631229863273,0.0,0.0,1e-12,0.22,1.0,4.4,3.8,10.083543769155519,7,58131991389401.82,34653.10000530753,34620.13700261636,31.607475951466437,0.2481189971605804,0.0,1.1074077425524997,0
150.019,-3.377088676257188,-2.707016122628774,0.9536443924649822,0.0,0.0,1e-12,0.22,1.0,4.4,3.8,10.140235061304969,7,58131991389401.82,34653.10000530753,34620.13700261636,31.607475951466437,0.2481189971605804,0.0,1.1074077425524997,0
150.118,-3.3526782599713836,-2.699172300992287,0.9801327045263946,0.0,0.0,1e-12,0.22,1.0,4.4,3.8,10.116484606849275,7,58131991389401.82,34653.10000530753,34620.13700261636,31.607475951466437,0.2481189971605804,0.0,1.1074077425524997,0
150.118,-3.3526782599713836,-2.699172300992287,0.9801327045263946,0.0,0.0,1e-12,0.22,1.0,4.4,3.8,10.116484606849275,7,58131991389401.82,34653.10000530753,34620.13700261636,31.607475951466437,0.2481189971605804,0.0,1.1074077425524997,0
150.283,-3.316848394198648,-2.6921460440429135,1.011967090121711,0.0,0.0,1e-12,0.22,1.0,4.4,3.8,10.08452821882255,7,58131991389401.95,34653.10000530738,34620.137002616204,31.607475951466437,0.2481189971605804,0.0,1.1074077425524997,0
150.349,-3.299840489354782,-2.68165395910787,1.0289014915848673,0.0,0.0,1e-12,0.22,1.0,4.4,3.8,10.064759391417462,7,58131991389401.95,34653.10000530738,34620.137002616204,31.607475951466437,0.2481189971605804,0.0,1.1074077425524997,0
150.481,-3.2693606479403647,-2.6633221034353425,1.0588931624758546,0.0,0.0,1e-12,0.22,1.0,4.4,3.8,10.029637349422567,7,58131991389401.95,34653.10000530738,34620.137002616204,31.607475951466437,0.2481189971605804,0.0,1.1074077425524997,0
150.613,-3.236694347127714,-2.6357710241732044,1.0875737045440563,0.0,0.0,1e-12,0.22,1.0,4.4,3.8,9.98690388594182,7,58131991389401.95,34653.10000530738,34620.137002616204,31.607475951466437,0.2481189971605804,0.0,1.1074077425524997,0
150.712,-3.211705380096724,-2.6077101991277933,1.106293847625106,0.0,0.0,1e-12,0.22,1.0,4.4,3.8,9.94971400540738,7,58131991389402.07,34653.10000530736,34620.13700261618,31.607475951466437,0.2481189971605804,0.0,1.1074077425524997,0
150.811,-3.1910577266831934,-2.584686492895696,1.1243198596557686,0.0,0.0,1e-12,0.22,1.0,4.4,3.8,9.919091643008516,7,58131991389402.07,34653.10000530736,34620.13700261618,31.607475951466437,0.2481189971605804,0.0,1.1074077425524997,0
150.844,-3.186593831410229,-2.584807111156722,1.130894878801569,0.0,0.0,1e-12,0.22,1.0,4.4,3.8,9.915753516978384,7,58131991389402.07,34653.10000530736,34620.13700261618,31.607475951466437,0.2481189971605804,0.0,1.1074077425524997,0
151.009,-3.1735964607467584,-2.5892041860579207,1.1463333806113571,0.0,0.0,1e-12,0.22,1.0,4.4,3.8,9.908647409277206,7,58131991389402.07,34653.10000530736,34620.13700261618,31.607475951466437,0.2481189971605804,0.0,1.1074077425524997,0
151.075,-3.163597148253682,-2.5775155384321446,1.155381967323816,0.0,0.0,1e-12,0.22,1.0,4.4,3.8,9.893467858340404,7,58131991389402.07,34653.10000530736,34620.13700261618,31.607475951466437,0.2481189971605804,0.0,1.1074077425524997,0
151.141,-3.1529049125914126,-2.5593913177708685,1.1656995034574131,0.0,0.0,1e-12,0.22,1.0,4.4,3.8,9.87361284187237,7,58131991389402.17,34653.10000530752,34620.13700261634,31.607475951466437,0.2481189971605804,0.0,1.1074077425524997,0
151.24,-3.135257647964267,-2.52900988451772,1.172392400703036,0.0,0.0,1e-12,0.22,1.0,4.4,3.8,9.840552522065362,7,58131991389402.17,34653.10000530752,34620.13700261634,31.607475951466437,0.2481189971605804,0.0,1.1074077425524997,0
151.372,-3.1165842663193857,-2.489978321493402,1.1853643850457851,0.0,0.0,1e-12,0.22,1.0,4.4,3.8,9.801166579419876,7,58131991389402.17,34653.10000530752,34620.13700261634,31.607475951466437,0.2481189971605804,0.0,1.1074077425524997,0
151.372,-3.1165842663193857,-2.489978321493402,1.1853643850457851,0.0,0.0,1e-12,0.22,1.0,4.4,3.8,9.801166579419876,7,58131991389402.17,34653.10000530752,34620.13700261634,31.607475951466437,0.2481189971605804,0.0,1.1074077425524997,0
151.636,-3.094597773782308,-2.423996259969885,1.1994492619529937,0.0,0.0,1e-12,0.22,1.0,4.4,3.8,9.742028804869232,7,58131991389402.17,34653.10000530752,34620.13700261634,31.607475951466437,0.2481189971605804,0.0,1.1074077425524997,0
151.636,-3.094597773782308,-2.423996259969885,1.1994492619529937,0.0,0.0,1e-12,0.22,1.0,4.4,3.8,9.742028804869232,7,58131991389402.17,34653.1000053078,34620.137002616626,31.607475951466437,0.2481189971605804,0.0,1.1074077425524997,0
151.801,-3.1184188235186183,-2.455112223700364,1.2071716996778845,0.0,0.0,1e-12,0.22,1.0,4.4,3.8,9.78023775462155,7,58131991389402.17,34653.1000053078,34620.137002616626,31.607475951466437,0.2481189971605804,0.0,1.1074077425524997,0
151.867,-3.1126646120290045,-2.433966825701496,1.210482118782029,0.0,0.0,1e-12,0.22,1.0,4.4,3.8,9.762298497627476,7,58131991389402.17,34653.1000053078,34620.137002616626,31.607475951466437,0.2481189971605804,0.0,1.1074077425524997,0
151.966,-3.108926492006454,-2.4038711604536362,1.1959787768011272,0.0,0.0,1e-12,0.22,1.0,4.4,3.8,9.740225584547039,7,58131991389402.17,34653.1000053078,34620.137002616626,31.607475951466437,0.2481189971605804,0.0,1.1074077425524997,0
152.131,-3.1089165918504116,-2.3648784141157555,1.1773946747161574,0.0,0.0,1e-12,0.22,1.0,4.4,3.8,9.715428670120366,7,58131991389402.17,34653.1000053078,34620.137002616626,31.607475951466437,0.2481189971605804,0.0,1.1074077425524997,0
152.131,-3.1089165918504116,-2.3648784141157555,1.1773946747161574,0.0,0.0,1e-12,0.22,1.0,4.4,3.8,9.715428670120366,7,58131991389402.164,34653.1000053081,34620.137002616924,31.607475951466437,0.2481189971605804,0.0,1.1074077425524997,0
152.296,-3.1125714165547347,-2.3225028241615147,1.1461138499846326,0.0,0.0,1e-12,0.22,1.0,4.4,3.8,9.69142766163484,7,58131991389402.164,34653.1000053081,34620.137002616924,31.607475951466437,0.2481189971605804,0.0,1.1074077425524997,0
152.362,-3.1191233284405584,-2.3120401874671392,1.137627753046494,0.0,0.0,1e-12,0.22,1.0,4.4,3.8,9.689904585779592,7,58131991389402.164,34653.1000053081,34620.137002616924,31.607475951466437,0.2481189971605804,0.0,1.1074077425524997,0
152.527,-3.158551585314238,-2.3334707749891286,1.1172340087223889,0.0,0.0,1e-12,0.22,1.0,4.4,3.8,9.734021050701612,7,58131991389402.164,34653.1000053081,34620.137002616924,31.607475951466437,0.2481189971605804,0.0,1.1074077425524997,0
152.593,-3.161706675840308,-2.3198654975850523,1.0972566473750427,0.0,0.0,1e-12,0.22,1.0,4.4,3.8,9.727906329728912,7,58131991389402.164,34653.1000053081,34620.137002616924,31.607475951466437,0.2481189971605804,0.0,1.1074077425524997,0
152.725,-3.1799634140508566,-2.305907642161425,1.0582150006721867,0.0,0.0,1e-12,0.22,1.0,4.4,3.8,9.733342359793722,7,58131991389402.04,34653.100005308326,34620.13700261715,31.607475951466437,0.2481189971605804,0.0,1.1074077425524997,0
152.824,-3.1904857557796746,-2.288116299531933,1.031515490045509,0.0,0.0,1e-12,0.22,1.0,4.4,3.8,9.730397426894779,7,58131991389402.04,34653.100005308326,34620.13700261715,31.607475951466437,0.2481189971605804,0.0,1.1074077425524997,0
152.923,-3.2033704711940887,-2.2775132927289015,1.0004245479605776,0.0,0.0,1e-12,0.22,1.0,4.4,3.8,9.733828144441565,7,58131991389402.04,34653.100005308326,34620.13700261715,31.607475951466437,0.2481189971605804,0.0,1.1074077425524997,0
152.989,-3.212157201391611,-2.2683299002485526,0.9800751289495593,0.0,0.0,1e-12,0.22,1.0,4.4,3.8,9.734966103533631,7,58131991389402.04,34653.100005308326,34620.13700261715,31.607475951466437,0.2481189971605804,0.0,1.1074077425524997,0
153.088,-3.2262793208337,-2.2637735781383315,0.9542120921225226,0.0,0.0,1e-12,0.22,1.0,4.4,3.8,9.743176396140237,7,58131991389402.04,34653.100005308326,34620.13700261715,31.607475951466437,0.2481189971605804,0.0,1.1074077425524997,0
153.187,-3.273836170755187,-2.30379461896701,0.9174374151939851,0.0,0.0,1e-12,0.22,1.0,4.4,3.8,9.805308272875527,7,58131991389401.89,34653.1000053085,34620.137002617324,31.607475951466437,0.2481189971605804,0.0,1.1074077425524997,0
153.319,-3.289357675280864,-2.2923353708847505,0.8640805254327427,0.0,0.0,1e-12,0.22,1.0,4.4,3.8,9.810340041493678,7,58131991389401.89,34653.1000053085,34620.137002617324,31.607475951466437,0.2481189971605804,0.0,1.1074077425524997,0
153.385,-3.3031230138091128,-2.292146082698073,0.8500577512670886,0.0,0.0,1e-12,0.22,1.0,4.4,3.8,9.821015632754541,7,58131991389401.89,34653.1000053085,34620.137002617324,31.607475951466437,0.2481189971605804,0.0,1.1074077425524997,0
153.484,-3.321170613095714,-2.293342471423432,0.8309809553595097,0.0,0.0,1e-12,0.22,1.0,4.4,3.8,9.835918773077859,7,58131991389401.89,34653.1000053085,34620.137002617324,31.607475951466437,0.2481189971605804,0.0,1.1074077425524997,0
153.583,-3.3395235296007466,-2.2943844583927806,0.8087116068069334,0.0,0.0,1e-12,0.22,1.0,4.4,3.8,9.850976925764423,7,58131991389401.89,34653.1000053085,34620.137002617324,31.607475951466437,0.2481189971605804,0.0,1.1074077425524997,0
153.682,-3.3515411858801993,-2.2919002469164664,0.7876569515936246,0.0,0.0,1e-12,0.22,1.0,4.4,3.8,9.858886315136102,7,58131991389401.78,34653.10000530857,34620.1370026174,31.607475951466437,0.2481189971605804,0.0,1.1074077425524997,0
153.814,-3.3951460218015064,-2.3223736097108505,0.7497740424127178,0.0,0.0,1e-12,0.22,1.0,4.4,3.8,9.912000813059477,7,58131991389401.78,34653.10000530857,34620.1370026174,31.607475951466437,0.2481189971605804,0.0,1.1074077425524997,0
153.913,-3.4117028511630756,-2.3296106903678004,0.7345836011785447,0.0,0.0,1e-12,0.22,1.0,4.4,3.8,9.929492869746197,7,58131991389401.78,34653.10000530857,34620.1370026174,31.607475951466437,0.2481189971605804,0.0,1.1074077425524997,0
153.979,-3.419849344166243,-2.335395111903656,0.7286937830693758,0.0,0.0,1e-12,0.22,1.0,4.4,3.8,9.939472669343605,7,58131991389401.78,34653.10000530857,34620.1370026174,31.607475951466437,0.2481189971605804,0.0,1.1074077425524997,0
153.979,-3.419849344166243,-2.335395111903656,0.7286937830693758,0.0,0.0,1e-12,0.22,1.0,4.4,3.8,9.939472669343605,7,58131991389401.67,34653.10000530842,34620.137002617244,31.607475951466437,0.2481189971605804,0.0,1.1074077425524997,0
154.21,-3.447482040213521,-2.3568679093090923,0.7161847050853445,0.0,0.0,1e-12,0.22,1.0,4.4,3.8,9.974467245129128,7,58131991389401.67,34653.10000530842,34620.137002617244,31.607475951466437,0.2481189971605804,0.0,1.1074077425524997,0
154.309,-3.459294927033303,-2.3678774421158835,0.7093845750382598,0.0,0.0,1e-12,0.22,1.0,4.4,3.8,9.990556986027025,7,58131991389401.67,34653.10000530842,34620.137002617244,31.607475951466437,0.2481189971605804,0.0,1.1074077425524997,0
154.408,-3.46851063141924,-2.382067990939796,0.7088910881372166,0.0,0.0,1e-12,0.22,1.0,4.4,3.8,10.0065690524455,7,58131991389401.67,34653.10000530842,34620.137002617244,31.607475951466437,0.2481189971605804,0.0,1.1074077425524997,0
154.474,-3.473764942274409,-2.3922500636284876,0.7115033059255095,0.0,0.0,1e-12,0.22,1.0,4.4,3.8,10.016992323881283,7,58131991389401.67,34653.10000530842,34620.137002617244,31.607475951466437,0.2481189971605804,0.0,1.1074077425524997,0
154.573,-3.5413629712446597,-2.4794743510760746,0.6114420518628102,0.0,0.0,1e-12,0.22,1.0,4.4,3.8,10.124082376535569,7,58131991389401.63,34653.10000530819,34620.13700261701,31.607475951466437,0.2481189971605804,0.0,1.1074077425524997,0
154.639,-3.5445273858189204,-2.4915440440789007,0.6127703397908805,0.0,0.0,1e-12,0.22,1.0,4.4,3.8,10.134053574094203,7,58131991389401.63,34653.10000530819,34620.13700261701,31.607475951466437,0.2481189971605804,0.0,1.1074077425524997,0
154.804,-3.5441330168765437,-2.51530770477907,0.6509000024894701,0.0,0.0,1e-12,0.22,1.0,4.4,3.8,10.148515201539086,7,58131991389401.63,34653.10000530819,34620.13700261701,31.607475951466437,0.2481189971605804,0.0,1.1074077425524997,0
154.804,-3.5441330168765437,-2.51530770477907,0.6509000024894701,0.0,0.0,1e-12,0.22,1.0,4.4,3.8,10.148515201539086,7,58131991389401.63,34653.10000530819,34620.13700261701,31.607475951466437,0.2481189971605804,0.0,1.1074077425524997,0
155.035,-3.534541967260241,-2.5457686733778044,0.7036429322955394,0.0,0.0,1e-12,0.22,1.0,4.4,3.8,10.160006706997644,7,58131991389401.63,34653.10000530819,34620.13700261701,31.607475951466437,0.2481189971605804,0.0,1.1074077425524997,0
155.035,-3.534541967260241,-2.5457686733778044,0.7036429322955394,0.0,0.0,1e-12,0.22,1.0,4.4,3.8,10.160006706997644,7,58131991389401.63,34653.10000530819,34620.13700261701,31.607475951466437,0.2481189971605804,0.0,1.1074077425524997,0
155.233,-3.514491243753224,-2.566460422160675,0.7483046987575216,0.0,0.0,1e-12,0.22,1.0,4.4,3.8,10.157312142214826,7,58131991389401.64,34653.10000530794,34620.137002616764,31.607475951466437,0.2481189971605804,0.0,1.1074077425524997,0
155.332,-3.501505870430615,-2.5746235880790818,0.7779507821529598,0.0,0.0,1e-12,0.22,1.0,4.4,3.8,10.152320961737946,7,58131991389401.64,34653.10000530794,34620.137002616764,31.607475951466437,0.2481189971605804,0.0,1.1074077425524997,0
155.398,-3.518950054946671,-2.6196902071153696,0.7563298309427978,0.0,0.0,1e-12,0.22,1.0,4.4,3.8,10.194223478425068,7,58131991389401.64,34653.10000530794,34620.137002616764,31.607475951466437,0.2481189971605804,0.0,1.1074077425524997,0
155.497,-3.5015993821379325,-2.622656742289377,0.7883184243233569,0.0,0.0,1e-12,0.22,1.0,4.4,3.8,10.182622080047837,7,58131991389401.64,34653.10000530794,34620.137002616764,31.607475951466437,0.2481189971605804,0.0,1.1074077425524997,0
155.563,-3.4887095449091756,-2.6236146988725766,0.8073070422278835,0.0,0.0,1e-12,0.22,1.0,4.4,3.8,10.173227810459814,7,58131991389401.64,34653.10000530794,34620.137002616764,31.607475951466437,0.2481189971605804,0.0,1.1074077425524997,0
155.728,-3.4577734411229817,-2.6310576403420787,0.8555363210099765,0.0,0.0,1e-12,0.22,1.0,4.4,3.8,10.153969953935256,7,58131991389401.73,34653.10000530757,34620.13700261639,31.607475951466437,0.2481189971605804,0.0,1.1074077425524997,0
155.827,-3.439774949725774,-2.638094407884295,0.8728053585761175,0.0,0.0,1e-12,0.22,1.0,4.4,3.8,10.144512352359712,7,58131991389401.73,34653.10000530757,34620.13700261639,31.607475951466437,0.2481189971605804,0.0,1.1074077425524997,0
155.86,-3.433078795720576,-2.6383378640864805,0.8847337800699117,0.0,0.0,1e-12,0.22,1.0,4.4,3.8,10.13949297904471,7,58131991389401.73,34653.10000530757,34620.13700261639,31.607475951466437,0.2481189971605804,0.0,1.1074077425524997,0
155.959,-3.4123100841165326,-2.6406452866743573,0.905634100301861,0.0,0.0,1e-12,0.22,1.0,4.4,3.8,10.12492471869048,7,58131991389401.73,34653.10000530757,34620.13700261639,31.607475951466437,0.2481189971605804,0.0,1.1074077425524997,0
156.124,-3.3777521332540155,-2.6436085407001872,0.9411548190978877,0.0,0.0,1e-12,0.22,1.0,4.4,3.8,10.100174219889565,7,58131991389401.73,34653.10000530757,34620.13700261639,31.607475951466437,0.2481189971605804,0.0,1.1074077425524997,0
156.19,-3.365799836091196,-2.645659764612978,0.9545598972427427,0.0,0.0,1e-12,0.22,1.0,4.4,3.8,10.092283036824952,7,58131991389401.85,34653.10000530741,34620.13700261623,31.607475951466437,0.2481189971605804,0.0,1.1074077425524997,0
156.322,-3.3725278681075914,-2.704927269967244,0.9587622064322756,0.0,0.0,1e-12,0.22,1.0,4.4,3.8,10.135396797761429,7,58131991389401.85,34653.10000530741,34620.13700261623,31.607475951466437,0.2481189971605804,0.0,1.1074077425524997,0
156.421,-3.3499689617478805,-2.7005351362955587,0.9809805333169318,0.0,0.0,1e-12,0.22,1.0,4.4,3.8,10.115284275109062,7,58131991389401.85,34653.10000530741,34620.13700261623,31.607475951466437,0.2481189971605804,0.0,1.1074077425524997,0
156.487,-3.3333971858871965,-2.695429867434845,0.9975428893030207,0.0,0.0,1e-12,0.22,1.0,4.4,3.8,10.099308946529593,7,58131991389401.85,34653.10000530741,34620.13700261623,31.607475951466437,0.2481189971605804,0.0,1.1074077425524997,0
156.619,-3.305059804750024,-2.6857873651204276,1.0259093211279844,0.0,0.0,1e-12,0.22,1.0,4.4,3.8,10.071414217493503,7,58131991389401.85,34653.10000530741,34620.13700261623,31.607475951466437,0.2481189971605804,0.0,1.1074077425524997,0
156.718,-3.282703074343408,-2.6757217204441535,1.047856616852929,0.0,0.0,1e-12,0.22,1.0,4.4,3.8,10.047830528485134,7,58131991389402.01,34653.10000530733,34620.13700261615,31.607475951466437,0.2481189971605804,0.0,1.1074077425524997,0
156.751,-3.2736134655097837,-2.6682130230646437,1.0531463864156736,0.0,0.0,1e-12,0.22,1.0,4.4,3.8,10.036041218019989,7,58131991389402.01,34653.10000530733,34620.13700261615,31.607475951466437,0.2481189971605804,0.0,1.1074077425524997,0
156.916,-3.2348165342420137,-2.635477208849714,1.085792474141548,0.0,0.0,1e-12,0.22,1.0,4.4,3.8,9.985278685002204,7,58131991389402.01,34653.10000530733,34620.13700261615,31.607475951466437,0.2481189971605804,0.0,1.1074077425524997,0
157.015,-3.2064237532718103,-2.600864406763295,1.1102169931779529,0.0,0.0,1e-12,0.22,1.0,4.4,3.8,9.94126488270516,7,58131991389402.01,34653.10000530733,34620.13700261615,31.607475951466437,0.2481189971605804,0.0,1.1074077425524997,0
157.114,-3.1905855614753307,-2.5884882422579394,1.1245548426504839,0.0,0.0,1e-12,0.22,1.0,4.4,3.8,9.921177913309775,7,58131991389402.01,34653.10000530733,34620.13700261615,31.607475951466437,0.2481189971605804,0.0,1.1074077425524997,0
157.213,-3.1924735760651988,-2.616009959006614,1.1365165587435277,0.0,0.0,1e-12,0.22,1.0,4.4,3.8,9.94036411794459,7,58131991389402.1,34653.10000530743,34620.137002616255,31.607475951466437,0.2481189971605804,0.0,1.1074077425524997,0
157.345,-3.167273254079699,-2.581455376696961,1.1539850258019897,0.0,0.0,1e-12,0.22,1.0,4.4,3.8,9.898817971186485,7,58131991389402.1,34653.10000530743,34620.137002616255,31.607475951466437,0.2481189971605804,0.0,1.1074077425524997,0
157.411,-3.1536973342672825,-2.5600149780784656,1.1635108916456804,0.0,0.0,1e-12,0.22,1.0,4.4,3.8,9.874620698492631,7,58131991389402.1,34653.10000530743,34620.137002616255,31.607475951466437,0.2481189971605804,0.0,1.1074077425524997,0
157.411,-3.1536973342672825,-2.5600149780784656,1.1635108916456804,0.0,0.0,1e-12,0.22,1.0,4.4,3.8,9.874620698492631,7,58131991389402.1,34653.10000530743,34620.137002616255,31.607475951466437,0.2481189971605804,0.0,1.1074077425524997,0
157.576,-3.1266060859587266,-2.5092458924491727,1.1816582914972862,0.0,0.0,1e-12,0.22,1.0,4.4,3.8,9.821221049573099,7,58131991389402.1,34653.10000530743,34620.137002616255,31.607475951466437,0.2481189971605804,0.0,1.1074077425524997,0
157.675,-3.1142997917116504,-2.4855628802919996,1.1853236914005196,0.0,0.0,1e-12,0.22,1.0,4.4,3.8,9.796581142512036,7,58131991389402.21,34653.100005307686,34620.13700261651,31.607475951466437,0.2481189971605804,0.0,1.1074077425524997,0
157.774,-3.09974736727307,-2.4470679418397023,1.1970685269669947,0.0,0.0,1e-12,0.22,1.0,4.4,3.8,9.760741183070099,7,58131991389402.21,34653.100005307686,34620.13700261651,31.607475951466437,0.2481189971605804,0.0,1.1074077425524997,0
157.906,-3.096931065793198,-2.4295159807704727,1.2014486963072601,0.0,0.0,1e-12,0.22,1.0,4.4,3.8,9.747350653379094,7,58131991389402.21,34653.100005307686,34620.13700261651,31.607475951466437,0.2481189971605804,0.0,1.1074077425524997,0
157.972,-3.104284266498841,-2.4374452469042183,1.2140758242712995,0.0,0.0,1e-12,0.22,1.0,4.4,3.8,9.758073865294834,7,58131991389402.21,34653.100005307686,34620.13700261651,31.607475951466437,0.2481189971605804,0.0,1.1074077425524997,0
158.071,-3.116061208257593,-2.4548250291947165,1.2115334851017292,0.0,0.0,1e-12,0.22,1.0,4.4,3.8,9.778241776112681,7,58131991389402.21,34653.100005307686,34620.13700261651,31.607475951466437,0.2481189971605804,0.0,1.1074077425524997,0
158.137,-3.1142751142206695,-2.4390760959275215,1.2077649693561852,0.0,0.0,1e-12,0.22,1.0,4.4,3.8,9.766800961572333,7,58131991389402.18,34653.100005307955,34620.13700261678,31.607475951466437,0.2481189971605804,0.0,1.1074077425524997,0
158.335,-3.1065450177838407,-2.381879792457284,1.184223547454357,0.0,0.0,1e-12,0.22,1.0,4.4,3.8,9.724394884639718,7,58131991389402.18,34653.100005307955,34620.13700261678,31.607475951466437,0.2481189971605804,0.0,1.1074077425524997,0
158.434,-3.1112998885725105,-2.363478247783899,1.1767457141974849,0.0,0.0,1e-12,0.22,1.0,4.4,3.8,9.716382563844153,7,58131991389402.18,34653.100005307955,34620.13700261678,31.607475951466437,0.2481189971605804,0.0,1.1074077425524997,0
158.5,-3.11191524678726,-2.3437969952397406,1.1639007216145225,0.0,0.0,1e-12,0.22,1.0,4.4,3.8,9.704386234771974,7,58131991389402.18,34653.100005307955,34620.13700261678,31.607475951466437,0.2481189971605804,0.0,1.1074077425524997,0
158.599,-3.113754161318019,-2.3184799172270836,1.1479094428613765,0.0,0.0,1e-12,0.22,1.0,4.4,3.8,9.689803821246072,7,58131991389402.18,34653.100005307955,34620.13700261678,31.607475951466437,0.2481189971605804,0.0,1.1074077425524997,0
158.731,-3.150366671954003,-2.3456950076623957,1.1351512848759786,0.0,0.0,1e-12,0.22,1.0,4.4,3.8,9.735378986365157,7,58131991389402.12,34653.100005308275,34620.1370026171,31.607475951466437,0.2481189971605804,0.0,1.1074077425524997,0
158.797,-3.1563214469072336,-2.3344481541093676,1.1121680051125777,0.0,0.0,1e-12,0.22,1.0,4.4,3.8,9.732905422557339,7,58131991389402.12,34653.100005308275,34620.1370026171,31.607475951466437,0.2481189971605804,0.0,1.1074077425524997,0
158.929,-3.1675645748764896,-2.3097430513971156,1.0808446011838664,0.0,0.0,1e-12,0.22,1.0,4.4,3.8,9.726098588284048,7,58131991389402.12,34653.100005308275,34620.1370026171,31.607475951466437,0.2481189971605804,0.0,1.1074077425524997,0
159.028,-3.1805646236443987,-2.299054276149247,1.0455787481534486,0.0,0.0,1e-12,0.22,1.0,4.4,3.8,9.72951299277941,7,58131991389402.12,34653.100005308275,34620.1370026171,31.607475951466437,0.2481189971605804,0.0,1.1074077425524997,0
159.094,-3.1899552174575745,-2.2921499471601767,1.030963243383402,0.0,0.0,1e-12,0.22,1.0,4.4,3.8,9.73250795949817,7,58131991389402.12,34653.100005308275,34620.1370026171,31.607475951466437,0.2481189971605804,0.0,1.1074077425524997,0
159.16,-3.1967187932979115,-2.2828505296010126,1.0113456563897372,0.0,0.0,1e-12,0.22,1.0,4.4,3.8,9.731968299882249,7,58131991389401.984,34653.100005308486,34620.13700261731,31.607475951466437,0.2481189971605804,0.0,1.1074077425524997,0
159.259,-3.210857405887314,-2.270691352850669,0.984499285159996,0.0,0.0,1e-12,0.22,1.0,4.4,3.8,9.73542212512255,7,58131991389401.984,34653.100005308486,34620.13700261731,31.607475951466437,0.2481189971605804,0.0,1.1074077425524997,0
159.424,-3.2681614130199237,-2.3063614650908373,0.9274486122996362,0.0,0.0,1e-12,0.22,1.0,4.4,3.8,9.802466516059823,7,58131991389401.984,34653.100005308486,34620.13700261731,31.607475951466437,0.2481189971605804,0.0,1.1074077425524997,0
159.523,-3.2843732875263885,-2.3035906030397992,0.8871554484443096,0.0,0.0,1e-12,0.22,1.0,4.4,3.8,9.813430137906158,7,58131991389401.984,34653.100005308486,34620.13700261731,31.607475951466437,0.2481189971605804,0.0,1.1074077425524997,0
159.622,-3.293984767650662,-2.2909816227762065,0.8598926995530732,0.0,0.0,1e-12,0.22,1.0,4.4,3.8,9.813126858134359,7,58131991389401.984,34653.100005308486,34620.13700261731,31.607475951466437,0.2481189971605804,0.0,1.1074077425524997,0
159.622,-3.293984767650662,-2.2909816227762065,0.8598926995530732,0.0,0.0,1e-12,0.22,1.0,4.4,3.8,9.813126858134359,7,58131991389401.85,34653.10000530862,34620.13700261744,31.607475951466437,0.2481189971605804,0.0,1.1074077425524997,0
159.787,-3.324214736069199,-2.2930372662560545,0.829651764064044,0.0,0.0,1e-12,0.22,1.0,4.4,3.8,9.83811955695262,7,58131991389401.85,34653.10000530862,34620.13700261744,31.607475951466437,0.2481189971605804,0.0,1.1074077425524997,0
159.919,-3.345725200329382,-2.292368971895438,0.8003673354234141,0.0,0.0,1e-12,0.22,1.0,4.4,3.8,9.85460392754229,7,58131991389401.85,34653.10000530862,34620.13700261744,31.607475951466437,0.2481189971605804,0.0,1.1074077425524997,0
159.952,-3.3502016846308877,-2.291391005361831,0.7938654311583098,0.0,0.0,1e-12,0.22,1.0,4.4,3.8,9.857518477419074,7,58131991389401.85,34653.10000530862,34620.13700261744,31.607475951466437,0.2481189971605804,0.0,1.1074077425524997,0
160.084,-3.36891450676658,-2.292016548442914,0.7751665758545855,0.0,0.0,1e-12,0.22,1.0,4.4,3.8,9.8726236755966,7,58131991389401.85,34653.10000530862,34620.13700261744,31.607475951466437,0.2481189971605804,0.0,1.1074077425524997,0
160.15,-3.4043313791123917,-2.326409469216535,0.7431109826091769,0.0,0.0,1e-12,0.22,1.0,4.4,3.8,9.921717656711683,7,58131991389401.74,34653.10000530857,34620.1370026174,31.607475951466437,0.2481189971605804,0.0,1.1074077425524997,0
160.282,-3.422445404765096,-2.336134956322773,0.7242593715738386,0.0,0.0,1e-12,0.22,1.0,4.4,3.8,9.941971852340805,7,58131991389401.74,34653.10000530857,34620.1370026174,31.607475951466437,0.2481189971605804,0.0,1.1074077425524997,0
160.381,-3.4354890268685523,-2.345529966146234,0.7208458812532532,0.0,0.0,1e-12,0.22,1.0,4.4,3.8,9.95803328247997,7,58131991389401.74,34653.10000530857,34620.1370026174,31.607475951466437,0.2481189971605804,0.0,1.1074077425524997,0
160.513,-3.450634978655312,-2.359408039475043,0.7091474343268088,0.0,0.0,1e-12,0.22,1.0,4.4,3.8,9.978515769634084,7,58131991389401.74,34653.10000530857,34620.1370026174,31.607475951466437,0.2481189971605804,0.0,1.1074077425524997,0
160.612,-3.460456041159533,-2.3706267890143264,0.7045309357343457,0.0,0.0,1e-12,0.22,1.0,4.4,3.8,9.993167873317383,7,58131991389401.664,34653.10000530839,34620.137002617215,31.607475951466437,0.2481189971605804,0.0,1.1074077425524997,0
160.678,-3.4674478839452125,-2.38004428048769,0.707116049961049,0.0,0.0,1e-12,0.22,1.0,4.4,3.8,10.004483170828097,7,58131991389401.664,34653.10000530839,34620.137002617215,31.607475951466437,0.2481189971605804,0.0,1.1074077425524997,0
160.81,-3.4752097169020577,-2.3969499185332253,0.7113315632276048,0.0,0.0,1e-12,0.22,1.0,4.4,3.8,10.021033698077137,7,58131991389401.664,34653.10000530839,34620.137002617215,31.607475951466437,0.2481189971605804,0.0,1.1074077425524997,0
160.909,-3.54138404896936,-2.4840656794012723,0.6218524717629631,0.0,0.0,1e-12,0.22,1.0,4.4,3.8,10.126947322675969,7,58131991389401.664,34653.10000530839,34620.137002617215,31.607475951466437,0.2481189971605804,0.0,1.1074077425524997,0
161.008,-3.5456558919516605,-2.505445268910932,0.6325993724198004,0.0,0.0,1e-12,0.22,1.0,4.4,3.8,10.143573709129214,7,58131991389401.664,34653.10000530839,34620.137002617215,31.607475951466437,0.2481189971605804,0.0,1.1074077425524997,0
161.074,-3.5453759421070923,-2.515062821257087,0.6468967652720261,0.0,0.0,1e-12,0.22,1.0,4.4,3.8,10.149335805747965,7,58131991389401.664,34653.10000530839,34620.137002617215,31.607475951466437,0.2481189971605804,0.0,1.1074077425524997,0
161.206,-3.539621189089722,-2.5302495626195793,0.6827887031307285,0.0,0.0,1e-12,0.22,1.0,4.4,3.8,10.154291907921886,7,58131991389401.64,34653.10000530811,34620.13700261693,31.607475951466437,0.2481189971605804,0.0,1.1074077425524997,0
161.305,-3.5360938673206515,-2.5453853194232328,0.695654978686205,0.0,0.0,1e-12,0.22,1.0,4.4,3.8,10.160979319085161,7,58131991389401.64,34653.10000530811,34620.13700261693,31.607475951466437,0.2481189971605804,0.0,1.1074077425524997,0
161.404,-3.5266648641740845,-2.5556650554612785,0.7240156490258843,0.0,0.0,1e-12,0.22,1.0,4.4,3.8,10.160044004144055,7,58131991389401.64,34653.10000530811,34620.13700261693,31.607475951466437,0.2481189971605804,0.0,1.1074077425524997,0
161.503,-3.5156766815478666,-2.5645045253821213,0.7482200614156826,0.0,0.0,1e-12,0.22,1.0,4.4,3.8,10.157010149665606,7,58131991389401.64,34653.10000530811,34620.13700261693,31.607475951466437,0.2481189971605804,0.0,1.1074077425524997,0
161.602,-3.504526030142063,-2.573421847538936,0.7755008438760468,0.0,0.0,1e-12,0.22,1.0,4.4,3.8,10.153917362667478,7,58131991389401.64,34653.10000530811,34620.13700261693,31.607475951466437,0.2481189971605804,0.0,1.1074077425524997,0
161.734,-3.5094472138066144,-2.6205774871298373,0.7730713032528438,0.0,0.0,1e-12,0.22,1.0,4.4,3.8,10.187402539226165,7,58131991389401.68,34653.10000530778,34620.137002616604,31.607475951466437,0.2481189971605804,0.0,1.1074077425524997,0
161.833,-3.4913418266220475,-2.6235161991355334,0.8053386644721707,0.0,0.0,1e-12,0.22,1.0,4.4,3.8,10.175206935740974,7,58131991389401.68,34653.10000530778,34620.137002616604,31.607475951466437,0.2481189971605804,0.0,1.1074077425524997,0
161.899,-3.475968031522289,-2.621403762312968,0.8291230566289214,0.0,0.0,1e-12,0.22,1.0,4.4,3.8,10.161953488980759,7,58131991389401.68,34653.10000530778,34620.137002616604,31.607475951466437,0.2481189971605804,0.0,1.1074077425524997,0
162.031,-3.4534605397900684,-2.632647905844498,0.8592467552565068,0.0,0.0,1e-12,0.22,1.0,4.4,3.8,10.151640336940888,7,58131991389401.68,34653.10000530778,34620.137002616604,31.607475951466437,0.2481189971605804,0.0,1.1074077425524997,0
162.13,-3.434528100653415,-2.6376178121149674,0.8787416717579055,0.0,0.0,1e-12,0.22,1.0,4.4,3.8,10.140155504467764,7,58131991389401.68,34653.10000530778,34620.137002616604,31.607475951466437,0.2481189971605804,0.0,1.1074077425524997,0
162.229,-3.4162401601633974,-2.6413298109788155,0.9009956292678513,0.0,0.0,1e-12,0.22,1.0,4.4,3.8,10.12839276366964,7,58131991389401.79,34653.10000530753,34620.13700261636,31.607475951466437,0.2481189971605804,0.0,1.1074077425524997,0
162.328,-3.3968579737919975,-2.645362880099618,0.9261555415000219,0.0,0.0,1e-12,0.22,1.0,4.4,3.8,10.11601190784441,7,58131991389401.79,34653.10000530753,34620.13700261636,31.607475951466437,0.2481189971605804,0.0,1.1074077425524997,0
162.394,-3.3807387222484278,-2.6423447559431885,0.9400821273245542,0.0,0.0,1e-12,0.22,1.0,4.4,3.8,10.101668229472041,7,58131991389401.79,34653.10000530753,34620.13700261636,31.607475951466437,0.2481189971605804,0.0,1.1074077425524997,0
162.526,-3.3540005955297323,-2.641819642997802,0.9692706431750447,0.0,0.0,1e-12,0.22,1.0,4.4,3.8,10.08075223127658,7,58131991389401.79,34653.10000530753,34620.13700261636,31.607475951466437,0.2481189971605804,0.0,1.1074077425524997,0
162.625,-3.365388881846217,-2.7016041669381843,0.9647920957368075,0.0,0.0,1e-12,0.22,1.0,4.4,3.8,10.127789552999648,7,58131991389401.79,34653.10000530753,34620.13700261636,31.607475951466437,0.2481189971605804,0.0,1.1074077425524997,0
162.691,-3.351815271650197,-2.6996971568155814,0.9789765715861146,0.0,0.0,1e-12,0.22,1.0,4.4,3.8,10.116160493789419,7,58131991389401.92,34653.10000530738,34620.137002616204,31.607475951466437,0.2481189971605804,0.0,1.1074077425524997,0
162.79,-3.3288883585570477,-2.6936927868376666,1.0005677683490661,0.0,0.0,1e-12,0.22,1.0,4.4,3.8,10.094739286819953,7,58131991389401.92,34653.10000530738,34620.137002616204,31.607475951466437,0.2481189971605804,0.0,1.1074077425524997,0
162.856,-3.316336336070948,-2.693709667466122,1.0126057909443955,0.0,0.0,1e-12,0.22,1.0,4.4,3.8,10.08514311731429,7,58131991389401.92,34653.10000530738,34620.137002616204,31.607475951466437,0.2481189971605804,0.0,1.1074077425524997,0
163.021,-3.2765647831998908,-2.6687529448799268,1.0538937383460425,0.0,0.0,1e-12,0.22,1.0,4.4,3.8,10.038645901343344,7,58131991389401.92,34653.10000530738,34620.137002616204,31.607475951466437,0.2481189971605804,0.0,1.1074077425524997,0
163.087,-3.258377449280104,-2.6541776003468613,1.0664185698337296,0.0,0.0,1e-12,0.22,1.0,4.4,3.8,10.015345907778784,7,58131991389401.92,34653.10000530738,34620.137002616204,31.607475951466437,0.2481189971605804,0.0,1.1074077425524997,0
163.219,-3.2308350852817473,-2.635467925469476,1.0923854720028918,0.0,0.0,1e-12,0.22,1.0,4.4,3.8,9.982228785121752,7,58131991389402.02,34653.10000530732,34620.137002616146,31.607475951466437,0.2481189971605804,0.0,1.1074077425524997,0
163.318,-3.2008944779145017,-2.593619852279483,1.1124203649137543,0.0,0.0,1e-12,0.22,1.0,4.4,3.8,9.93236989242011,7,58131991389402.02,34653.10000530732,34620.137002616146,31.607475951466437,0.2481189971605804,0.0,1.1074077425524997,0
163.384,-3.1899023132618183,-2.585500346256321,1.1253387869749694,0.0,0.0,1e-12,0.22,1.0,4.4,3.8,9.918731360254531,7,58131991389402.02,34653.10000530732,34620.137002616146,31.607475951466437,0.2481189971605804,0.0,1.1074077425524997,0
163.483,-3.1945736507369507,-2.617930026657359,1.1319278397637058,0.0,0.0,1e-12,0.22,1.0,4.4,3.8,9.943207468595741,7,58131991389402.02,34653.10000530732,34620.137002616146,31.607475951466437,0.2481189971605804,0.0,1.1074077425524997,0
163.615,-3.1675933483348007,-2.583689812979933,1.1523926439916188,0.0,0.0,1e-12,0.22,1.0,4.4,3.8,9.900503255597915,7,58131991389402.02,34653.10000530732,34620.137002616146,31.607475951466437,0.2481189971605804,0.0,1.1074077425524997,0
163.714,-3.151488092437581,-2.559001866310472,1.1649304947969925,0.0,0.0,1e-12,0.22,1.0,4.4,3.8,9.872278214574722,7,58131991389402.164,34653.10000530751,34620.137002616335,31.607475951466437,0.2481189971605804,0.0,1.1074077425524997,0
163.813,-3.1342415469681772,-2.526115126823603,1.175519011010475,0.0,0.0,1e-12,0.22,1.0,4.4,3.8,9.837912801295193,7,58131991389402.164,34653.10000530751,34620.137002616335,31.607475951466437,0.2481189971605804,0.0,1.1074077425524997,0
163.912,-3.1221123207966284,-2.5019134205886613,1.1861894151216539,0.0,0.0,1e-12,0.22,1.0,4.4,3.8,9.813067131497467,7,58131991389402.164,34653.10000530751,34620.137002616335,31.607475951466437,0.2481189971605804,0.0,1.1074077425524997,0
164.011,-3.10885993860537,-2.4682853157075617,1.1910712412780564,0.0,0.0,1e-12,0.22,1.0,4.4,3.8,9.781328047699233,7,58131991389402.164,34653.10000530751,34620.137002616335,31.607475951466437,0.2481189971605804,0.0,1.1074077425524997,0
164.11,-3.0956850478044,-2.4357687000967734,1.199259843047428,0.0,0.0,1e-12,0.22,1.0,4.4,3.8,9.750390023839307,7,58131991389402.164,34653.10000530751,34620.137002616335,31.607475951466437,0.2481189971605804,0.0,1.1074077425524997,0
164.176,-3.0985223847680925,-2.434072269116906,1.199412309695503,0.0,0.0,1e-12,0.22,1.0,4.4,3.8,9.751486810299268,7,58131991389402.18,34653.1000053078,34620.137002616626,31.607475951466437,0.2481189971605804,0.0,1.1074077425524997,0
164.308,-3.1191873848043326,-2.4683768245611586,1.215359444965236,0.0,0.0,1e-12,0.22,1.0,4.4,3.8,9.789316980387143,7,58131991389402.18,34653.1000053078,34620.137002616626,31.607475951466437,0.2481189971605804,0.0,1.1074077425524997,0
164.407,-3.115440912236059,-2.443282900686451,1.2081507807722796,0.0,0.0,1e-12,0.22,1.0,4.4,3.8,9.77038553401632,7,58131991389402.18,34653.1000053078,34620.137002616626,31.607475951466437,0.2481189971605804,0.0,1.1074077425524997,0
164.473,-3.111176775747199,-2.4223782861105105,1.205869280405479,0.0,0.0,1e-12,0.22,1.0,4.4,3.8,9.753756614350372,7,58131991389402.18,34653.1000053078,34620.137002616626,31.607475951466437,0.2481189971605804,0.0,1.1074077425524997,0
164.572,-3.1098997773079744,-2.3968861638446146,1.1933819480772283,0.0,0.0,1e-12,0.22,1.0,4.4,3.8,9.736528785602147,7,58131991389402.18,34653.1000053078,34620.137002616626,31.607475951466437,0.2481189971605804,0.0,1.1074077425524997,0
164.671,-3.1119805501610682,-2.375768806407946,1.1856452904916057,0.0,0.0,1e-12,0.22,1.0,4.4,3.8,9.724709359986015,7,58131991389402.18,34653.10000530814,34620.13700261696,31.607475951466437,0.2481189971605804,0.0,1.1074077425524997,0
164.803,-3.1105142236546857,-2.3356001129933093,1.1600863795512404,0.0,0.0,1e-12,0.22,1.0,4.4,3.8,9.698113870762853,7,58131991389402.18,34653.10000530814,34620.13700261696,31.607475951466437,0.2481189971605804,0.0,1.1074077425524997,0
164.935,-3.119665017531617,-2.3127720695917278,1.1368663982625822,0.0,0.0,1e-12,0.22,1.0,4.4,3.8,9.690786570277435,7,58131991389402.18,34653.10000530814,34620.13700261696,31.607475951466437,0.2481189971605804,0.0,1.1074077425524997,0
165.001,-3.150262922573409,-2.348777323123787,1.1332873120362266,0.0,0.0,1e-12,0.22,1.0,4.4,3.8,9.737244618953971,7,58131991389402.18,34653.10000530814,34620.13700261696,31.607475951466437,0.2481189971605804,0.0,1.1074077425524997,0
165.1,-3.1560424520372146,-2.3292329103430123,1.1110189769487622,0.0,0.0,1e-12,0.22,1.0,4.4,3.8,9.729402530793987,7,58131991389402.18,34653.10000530814,34620.13700261696,31.607475951466437,0.2481189971605804,0.0,1.1074077425524997,0
165.166,-3.1637335353869585,-2.3194941463680228,1.0942784656910596,0.0,0.0,1e-12,0.22,1.0,4.4,3.8,9.729248357492464,7,58131991389402.055,34653.10000530841,34620.13700261724,31.607475951466437,0.2481189971605804,0.0,1.1074077425524997,0
165.265,-3.1760680690965386,-2.3055607789880024,1.0663498706691155,0.0,0.0,1e-12,0.22,1.0,4.4,3.8,9.730091459667825,7,58131991389402.055,34653.10000530841,34620.13700261724,31.607475951466437,0.2481189971605804,0.0,1.1074077425524997,0
165.397,-3.191583093324242,-2.2873200413724817,1.021459078703173,0.0,0.0,1e-12,0.22,1.0,4.4,3.8,9.730755322632541,7,58131991389402.055,34653.10000530841,34620.13700261724,31.607475951466437,0.2481189971605804,0.0,1.1074077425524997,0
165.463,-3.199967177350311,-2.282001023858571,1.0030754849138328,0.0,0.0,1e-12,0.22,1.0,4.4,3.8,9.733973369134455,7,58131991389402.055,34653.10000530841,34620.13700261724,31.607475951466437,0.2481189971605804,0.0,1.1074077425524997,0
165.595,-3.2161909795162775,-2.26579063302154,0.9701014288421637,0.0,0.0,1e-12,0.22,1.0,4.4,3.8,9.736538452659495,7,58131991389402.055,34653.10000530841,34620.13700261724,31.607475951466437,0.2481189971605804,0.0,1.1074077425524997,0
165.727,-3.2756986724494124,-2.3111434112795752,0.9178766947363514,0.0,0.0,1e-12,0.22,1.0,4.4,3.8,9.81134159549383,7,58131991389401.92,34653.10000530857,34620.1370026174,31.607475951466437,0.2481189971605804,0.0,1.1074077425524997,0
165.793,-3.2814409652344985,-2.3025049935302904,0.8952095194123092,0.0,0.0,1e-12,0.22,1.0,4.4,3.8,9.810458832207841,7,58131991389401.92,34653.10000530857,34620.1370026174,31.607475951466437,0.2481189971605804,0.0,1.1074077425524997,0
165.892,-3.291102990756201,-2.2909506138349967,0.8611502643979353,0.0,0.0,1e-12,0.22,1.0,4.4,3.8,9.810848311669888,7,58131991389401.92,34653.10000530857,34620.1370026174,31.607475951466437,0.2481189971605804,0.0,1.1074077425524997,0
165.991,-3.3122034038272874,-2.29437027862216,0.8388013991279243,0.0,0.0,1e-12,0.22,1.0,4.4,3.8,9.829518321614662,7,58131991389401.92,34653.10000530857,34620.1370026174,31.607475951466437,0.2481189971605804,0.0,1.1074077425524997,0
166.057,-3.320811112560948,-2.2912341020654052,0.8318217027019515,0.0,0.0,1e-12,0.22,1.0,4.4,3.8,9.83433053756122,7,58131991389401.92,34653.10000530857,34620.1370026174,31.607475951466437,0.2481189971605804,0.0,1.1074077425524997,0
166.222,-3.347453311576642,-2.2905208303425995,0.7989245447531149,0.0,0.0,1e-12,0.22,1.0,4.4,3.8,9.85481997805627,7,58131991389401.92,34653.10000530857,34620.1370026174,31.607475951466437,0.2481189971605804,0.0,1.1074077425524997,0
166.288,-3.356653352477527,-2.29116429849683,0.7786307620922134,0.0,0.0,1e-12,0.22,1.0,4.4,3.8,9.86245171049183,7,58131991389401.8,34653.100005308625,34620.13700261745,31.607475951466437,0.2481189971605804,0.0,1.1074077425524997,0
166.42,-3.400110112478821,-2.3238157109289728,0.7459218258474725,0.0,0.0,1e-12,0.22,1.0,4.4,3.8,9.916795683496504,7,58131991389401.8,34653.100005308625,34620.13700261745,31.607475951466437,0.2481189971605804,0.0,1.1074077425524997,0
166.519,-3.4156413839485316,-2.332383134546079,0.7360099807549653,0.0,0.0,1e-12,0.22,1.0,4.4,3.8,9.934302851803649,7,58131991389401.8,34653.100005308625,34620.13700261745,31.607475951466437,0.2481189971605804,0.0,1.1074077425524997,0
166.618,-3.427279587609538,-2.3372251428823008,0.7238459674725576,0.0,0.0,1e-12,0.22,1.0,4.4,3.8,9.94644852181097,7,58131991389401.8,34653.100005308625,34620.13700261745,31.607475951466437,0.2481189971605804,0.0,1.1074077425524997,0
166.717,-3.4400769767750465,-2.347922432757033,0.718436527823075,0.0,0.0,1e-12,0.22,1.0,4.4,3.8,9.963119854792238,7,58131991389401.68,34653.10000530851,34620.13700261733,31.607475951466437,0.2481189971605804,0.0,1.1074077425524997,0
166.783,-3.4478292490198053,-2.356179934702666,0.7166857055667075,0.0,0.0,1e-12,0.22,1.0,4.4,3.8,9.974315781556472,7,58131991389401.68,34653.10000530851,34620.13700261733,31.607475951466437,0.2481189971605804,0.0,1.1074077425524997,0
166.783,-3.4478292490198053,-2.356179934702666,0.7166857055667075,0.0,0.0,1e-12,0.22,1.0,4.4,3.8,9.974315781556472,7,58131991389401.68,34653.10000530851,34620.13700261733,31.607475951466437,0.2481189971605804,0.0,1.1074077425524997,0
166.948,-3.463476319282187,-2.3756185606489684,0.7056915467432107,0.0,0.0,1e-12,0.22,1.0,4.4,3.8,9.998626127150859,7,58131991389401.68,34653.10000530851,34620.13700261733,31.607475951466437,0.2481189971605804,0.0,1.1074077425524997,0
167.113,-3.4747912809308086,-2.399066796529864,0.7200940081935945,0.0,0.0,1e-12,0.22,1.0,4.4,3.8,10.022014112246246,7,58131991389401.68,34653.10000530851,34620.13700261733,31.607475951466437,0.2481189971605804,0.0,1.1074077425524997,0
167.212,-3.545785042474945,-2.493254735483124,0.6119996809151491,0.0,0.0,1e-12,0.22,1.0,4.4,3.8,10.136101573430455,7,58131991389401.63,34653.100005308304,34620.13700261713,31.607475951466437,0.2481189971605804,0.0,1.1074077425524997,0
167.311,-3.545927792468447,-2.5077740999017366,0.6335138904351866,0.0,0.0,1e-12,0.22,1.0,4.4,3.8,10.1452344762708,7,58131991389401.63,34653.100005308304,34620.13700261713,31.607475951466437,0.2481189971605804,0.0,1.1074077425524997,0
167.377,-3.5457407044923936,-2.5180325075066676,0.6470490807866522,0.0,0.0,1e-12,0.22,1.0,4.4,3.8,10.151469357139304,7,58131991389401.63,34653.100005308304,34620.13700261713,31.607475951466437,0.2481189971605804,0.0,1.1074077425524997,0
167.509,-3.5401838394934293,-2.5340199623075974,0.6769166163569622,0.0,0.0,1e-12,0.22,1.0,4.4,3.8,10.157082666192284,7,58131991389401.63,34653.100005308304,34620.13700261713,31.607475951466437,0.2481189971605804,0.0,1.1074077425524997,0
167.608,-3.5334353796815074,-2.547164667333907,0.7010576861154639,0.0,0.0,1e-12,0.22,1.0,4.4,3.8,10.160014578623114,7,58131991389401.63,34653.100005308304,34620.13700261713,31.607475951466437,0.2481189971605804,0.0,1.1074077425524997,0
167.674,-3.5277703745355784,-2.5550568153501265,0.7171828236319707,0.0,0.0,1e-12,0.22,1.0,4.4,3.8,10.160526080754483,7,58131991389401.625,34653.10000530796,34620.137002616786,31.607475951466437,0.2481189971605804,0.0,1.1074077425524997,0
167.773,-3.51957030173258,-2.5650447316468528,0.7410032780565982,0.0,0.0,1e-12,0.22,1.0,4.4,3.8,10.160383270327454,7,58131991389401.625,34653.10000530796,34620.137002616786,31.607475951466437,0.2481189971605804,0.0,1.1074077425524997,0
167.905,-3.5026158731928216,-2.576388194528511,0.7778503192930788,0.0,0.0,1e-12,0.22,1.0,4.4,3.8,10.154292887570346,7,58131991389401.625,34653.10000530796,34620.137002616786,31.607475951466437,0.2481189971605804,0.0,1.1074077425524997,0
168.037,-3.5061866830813684,-2.6207738764051816,0.7741287916479251,0.0,0.0,1e-12,0.22,1.0,4.4,3.8,10.184995092765652,7,58131991389401.625,34653.10000530796,34620.137002616786,31.607475951466437,0.2481189971605804,0.0,1.1074077425524997,0
168.07,-3.500250912027061,-2.622070841953702,0.7907850549470395,0.0,0.0,1e-12,0.22,1.0,4.4,3.8,10.181206135426999,7,58131991389401.625,34653.10000530796,34620.137002616786,31.607475951466437,0.2481189971605804,0.0,1.1074077425524997,0
168.235,-3.466428452413653,-2.6242494694972427,0.8437192865450654,0.0,0.0,1e-12,0.22,1.0,4.4,3.8,10.156361447057636,7,58131991389401.695,34653.100005307664,34620.13700261649,31.607475951466437,0.2481189971605804,0.0,1.1074077425524997,0
168.268,-3.461331244630428,-2.628153777861138,0.8500967757291031,0.0,0.0,1e-12,0.22,1.0,4.4,3.8,10.154885027888449,7,58131991389401.695,34653.100005307664,34620.13700261649,31.607475951466437,0.2481189971605804,0.0,1.1074077425524997,0
168.268,-3.461331244630428,-2.628153777861138,0.8500967757291031,0.0,0.0,1e-12,0.22,1.0,4.4,3.8,10.154885027888449,7,58131991389401.695,34653.100005307664,34620.13700261649,31.607475951466437,0.2481189971605804,0.0,1.1074077425524997,0
168.499,-3.4190044195716873,-2.642203846054707,0.8986862270322398,0.0,0.0,1e-12,0.22,1.0,4.4,3.8,10.13108190211705,7,58131991389401.695,34653.100005307664,34620.13700261649,31.607475951466437,0.2481189971605804,0.0,1.1074077425524997,0
168.499,-3.4190044195716873,-2.642203846054707,0.8986862270322398,0.0,0.0,1e-12,0.22,1.0,4.4,3.8,10.13108190211705,7,58131991389401.695,34653.100005307664,34620.13700261649,31.607475951466437,0.2481189971605804,0.0,1.1074077425524997,0
168.73,-3.371410285536817,-2.64562053904692,0.949554156032954,0.0,0.0,1e-12,0.22,1.0,4.4,3.8,10.096575754161949,7,58131991389401.8,34653.1000053075,34620.13700261632,31.607475951466437,0.2481189971605804,0.0,1.1074077425524997,0
168.763,-3.3632847074201218,-2.643028960464156,0.9543859841962639,0.0,0.0,1e-12,0.22,1.0,4.4,3.8,10.088667485542526,7,58131991389401.8,34653.1000053075,34620.13700261632,31.607475951466437,0.2481189971605804,0.0,1.1074077425524997,0
168.928,-3.362853505420013,-2.7010627565503396,0.9666070148081802,0.0,0.0,1e-12,0.22,1.0,4.4,3.8,10.125498087067998,7,58131991389401.8,34653.1000053075,34620.13700261632,31.607475951466437,0.2481189971605804,0.0,1.1074077425524997,0
169.027,-3.341281441292409,-2.6981253199558815,0.9929037331079961,0.0,0.0,1e-12,0.22,1.0,4.4,3.8,10.107080242441434,7,58131991389401.8,34653.1000053075,34620.13700261632,31.607475951466437,0.2481189971605804,0.0,1.1074077425524997,0
169.126,-3.3181639444062716,-2.6926879624800435,1.0114558779243057,0.0,0.0,1e-12,0.22,1.0,4.4,3.8,10.085883781348377,7,58131991389401.8,34653.1000053075,34620.13700261632,31.607475951466437,0.2481189971605804,0.0,1.1074077425524997,0
169.159,-3.3112034160668364,-2.6905557545903505,1.0183994771950193,0.0,0.0,1e-12,0.22,1.0,4.4,3.8,10.079185092427203,7,58131991389401.97,34653.100005307366,34620.13700261619,31.607475951466437,0.2481189971605804,0.0,1.1074077425524997,0
169.291,-3.279945199611126,-2.671607022103687,1.0485886768072858,0.0,0.0,1e-12,0.22,1.0,4.4,3.8,10.043070034485059,7,58131991389401.97,34653.100005307366,34620.13700261619,31.607475951466437,0.2481189971605804,0.0,1.1074077425524997,0
169.423,-3.2468137879808934,-2.6454715601896743,1.07728235275132,0.0,0.0,1e-12,0.22,1.0,4.4,3.8,10.00089319717337,7,58131991389401.97,34653.100005307366,34620.13700261619,31.607475951466437,0.2481189971605804,0.0,1.1074077425524997,0
169.423,-3.2468137879808934,-2.6454715601896743,1.07728235275132,0.0,0.0,1e-12,0.22,1.0,4.4,3.8,10.00089319717337,7,58131991389401.97,34653.100005307366,34620.13700261619,31.607475951466437,0.2481189971605804,0.0,1.1074077425524997,0
169.621,-3.1996720615834824,-2.5963486334059436,1.1200857055590274,0.0,0.0,1e-12,0.22,1.0,4.4,3.8,9.933191394697205,7,58131991389401.97,34653.100005307366,34620.13700261619,31.607475951466437,0.2481189971605804,0.0,1.1074077425524997,0
169.687,-3.1885840429237566,-2.5870238607977365,1.131044317064343,0.0,0.0,1e-12,0.22,1.0,4.4,3.8,9.918703623705907,7,58131991389402.08,34653.100005307446,34620.13700261627,31.607475951466437,0.2481189971605804,0.0,1.1074077425524997,0
169.819,-3.1795960760859607,-2.59546235240011,1.1429287986391805,0.0,0.0,1e-12,0.22,1.0,4.4,3.8,9.917268544190222,7,58131991389402.08,34653.100005307446,34620.13700261627,31.607475951466437,0.2481189971605804,0.0,1.1074077425524997,0
169.885,-3.16887505447795,-2.5835688477032983,1.1504481300558018,0.0,0.0,1e-12,0.22,1.0,4.4,3.8,9.901404992407219,7,58131991389402.08,34653.100005307446,34620.13700261627,31.607475951466437,0.2481189971605804,0.0,1.1074077425524997,0
169.984,-3.1537633268980594,-2.560483042605406,1.1656375801671364,0.0,0.0,1e-12,0.22,1.0,4.4,3.8,9.874972654851302,7,58131991389402.08,34653.100005307446,34620.13700261627,31.607475951466437,0.2481189971605804,0.0,1.1074077425524997,0
170.083,-3.1368758060320405,-2.5339194525024133,1.1720800488526597,0.0,0.0,1e-12,0.22,1.0,4.4,3.8,9.844949595926817,7,58131991389402.08,34653.100005307446,34620.13700261627,31.607475951466437,0.2481189971605804,0.0,1.1074077425524997,0
170.215,-3.1190454473784683,-2.4936171796324977,1.1902231249921527,0.0,0.0,1e-12,0.22,1.0,4.4,3.8,9.805389418248936,7,58131991389402.19,34653.100005307664,34620.13700261649,31.607475951466437,0.2481189971605804,0.0,1.1074077425524997,0
170.281,-3.110650687680041,-2.473104278511144,1.1886083918225494,0.0,0.0,1e-12,0.22,1.0,4.4,3.8,9.78579128335688,7,58131991389402.19,34653.100005307664,34620.13700261649,31.607475951466437,0.2481189971605804,0.0,1.1074077425524997,0
170.413,-3.1010019884858098,-2.44179935463006,1.2024981299127224,0.0,0.0,1e-12,0.22,1.0,4.4,3.8,9.758334387318786,7,58131991389402.19,34653.100005307664,34620.13700261649,31.607475951466437,0.2481189971605804,0.0,1.1074077425524997,0
170.512,-3.0952498626394935,-2.422451489530132,1.2025449687259058,0.0,0.0,1e-12,0.22,1.0,4.4,3.8,9.74154366837993,7,58131991389402.19,34653.100005307664,34620.13700261649,31.607475951466437,0.2481189971605804,0.0,1.1074077425524997,0
170.578,-3.1165104032800626,-2.466122748423435,1.2108347966012412,0.0,0.0,1e-12,0.22,1.0,4.4,3.8,9.785817438565216,7,58131991389402.19,34653.100005307664,34620.13700261649,31.607475951466437,0.2481189971605804,0.0,1.1074077425524997,0
170.743,-3.113077479542527,-2.4297983335974704,1.2056510103244127,0.0,0.0,1e-12,0.22,1.0,4.4,3.8,9.7599549430775,7,58131991389402.19,34653.10000530796,34620.137002616786,31.607475951466437,0.2481189971605804,0.0,1.1074077425524997,0
170.809,-3.1092040946282005,-2.408072814036313,1.1979663193141867,0.0,0.0,1e-12,0.22,1.0,4.4,3.8,9.743116246825636,7,58131991389402.19,34653.10000530796,34620.137002616786,31.607475951466437,0.2481189971605804,0.0,1.1074077425524997,0
170.908,-3.1093579861910148,-2.383149811400868,1.1885700598804276,0.0,0.0,1e-12,0.22,1.0,4.4,3.8,9.727373692574854,7,58131991389402.19,34653.10000530796,34620.137002616786,31.607475951466437,0.2481189971605804,0.0,1.1074077425524997,0
171.04,-3.1122184655718375,-2.3509103904887274,1.1690185059573261,0.0,0.0,1e-12,0.22,1.0,4.4,3.8,9.709125856960588,7,58131991389402.19,34653.10000530796,34620.137002616786,31.607475951466437,0.2481189971605804,0.0,1.1074077425524997,0
171.106,-3.111780838732217,-2.3321888740436707,1.160987987914552,0.0,0.0,1e-12,0.22,1.0,4.4,3.8,9.69693723585388,7,58131991389402.19,34653.10000530796,34620.137002616786,31.607475951466437,0.2481189971605804,0.0,1.1074077425524997,0
171.205,-3.1164708906026712,-2.3127288409751667,1.143557515014525,0.0,0.0,1e-12,0.22,1.0,4.4,3.8,9.688280989554697,7,58131991389402.13,34653.10000530827,34620.13700261709,31.607475951466437,0.2481189971605804,0.0,1.1074077425524997,0
171.304,-3.1511992996404525,-2.345149406604346,1.1282631976062893,0.0,0.0,1e-12,0.22,1.0,4.4,3.8,9.735680361042068,7,58131991389402.13,34653.10000530827,34620.13700261709,31.607475951466437,0.2481189971605804,0.0,1.1074077425524997,0
171.403,-3.1613945514205737,-2.3275789822903965,1.102984047160583,0.0,0.0,1e-12,0.22,1.0,4.4,3.8,9.732518263350949,7,58131991389402.13,34653.10000530827,34620.13700261709,31.607475951466437,0.2481189971605804,0.0,1.1074077425524997,0
171.469,-3.165152555485134,-2.316200953557508,1.0852157741727049,0.0,0.0,1e-12,0.22,1.0,4.4,3.8,9.728280798376506,7,58131991389402.13,34653.10000530827,34620.13700261709,31.607475951466437,0.2481189971605804,0.0,1.1074077425524997,0
171.601,-3.1825070130732027,-2.2986410326707127,1.0500757660809217,0.0,0.0,1e-12,0.22,1.0,4.4,3.8,9.730767443972711,7,58131991389402.13,34653.10000530827,34620.13700261709,31.607475951466437,0.2481189971605804,0.0,1.1074077425524997,0
171.7,-3.1945795960377534,-2.2861989258110906,1.0252479892134583,0.0,0.0,1e-12,0.22,1.0,4.4,3.8,9.73239213169594,7,58131991389402.0,34653.100005308486,34620.13700261731,31.607475951466437,0.2481189971605804,0.0,1.1074077425524997,0
171.832,-3.211726526247069,-2.268941953140768,0.9830012897447575,0.0,0.0,1e-12,0.22,1.0,4.4,3.8,9.735010895780515,7,58131991389402.0,34653.100005308486,34620.13700261731,31.607475951466437,0.2481189971605804,0.0,1.1074077425524997,0
171.931,-3.2219551106033646,-2.2578547930717163,0.9571150337226115,0.0,0.0,1e-12,0.22,1.0,4.4,3.8,9.736108278054159,7,58131991389402.0,34653.100005308486,34620.13700261731,31.607475951466437,0.2481189971605804,0.0,1.1074077425524997,0
171.997,-3.2694262374295957,-2.30769305464448,0.9237537702559688,0.0,0.0,1e-12,0.22,1.0,4.4,3.8,9.80428545387811,7,58131991389402.0,34653.100005308486,34620.13700261731,31.607475951466437,0.2481189971605804,0.0,1.1074077425524997,0
172.096,-3.2835932945170105,-2.3019228523880693,0.8861265282299263,0.0,0.0,1e-12,0.22,1.0,4.4,3.8,9.811782122124528,7,58131991389402.0,34653.100005308486,34620.13700261731,31.607475951466437,0.2481189971605804,0.0,1.1074077425524997,0
172.228,-3.3048640621815757,-2.29606920267682,0.8516217790802054,0.0,0.0,1e-12,0.22,1.0,4.4,3.8,9.824815007954195,7,58131991389401.85,34653.100005308625,34620.13700261745,31.607475951466437,0.2481189971605804,0.0,1.1074077425524997,0
172.261,-3.309265918283879,-2.2949685853034376,0.8473277270214075,0.0,0.0,1e-12,0.22,1.0,4.4,3.8,9.8275848027198,7,58131991389401.85,34653.100005308625,34620.13700261745,31.607475951466437,0.2481189971605804,0.0,1.1074077425524997,0
172.426,-3.338336259065305,-2.2937882153953812,0.8093356783677144,0.0,0.0,1e-12,0.22,1.0,4.4,3.8,9.849675267360668,7,58131991389401.85,34653.100005308625,34620.13700261745,31.607475951466437,0.2481189971605804,0.0,1.1074077425524997,0
172.426,-3.338336259065305,-2.2937882153953812,0.8093356783677144,0.0,0.0,1e-12,0.22,1.0,4.4,3.8,9.849675267360668,7,58131991389401.85,34653.100005308625,34620.13700261745,31.607475951466437,0.2481189971605804,0.0,1.1074077425524997,0
172.591,-3.3632331146134247,-2.2954935642591425,0.7832923611638086,0.0,0.0,1e-12,0.22,1.0,4.4,3.8,9.870300410005518,7,58131991389401.85,34653.100005308625,34620.13700261745,31.607475951466437,0.2481189971605804,0.0,1.1074077425524997,0
172.723,-3.4054022567185385,-2.327712558005683,0.7432166098996422,0.0,0.0,1e-12,0.22,1.0,4.4,3.8,9.923364630140696,7,58131991389401.734,34653.10000530859,34620.13700261741,31.607475951466437,0.2481189971605804,0.0,1.1074077425524997,0
172.822,-3.420160077169168,-2.3344513319707616,0.7300106448938538,0.0,0.0,1e-12,0.22,1.0,4.4,3.8,9.939134609052658,7,58131991389401.734,34653.10000530859,34620.13700261741,31.607475951466437,0.2481189971605804,0.0,1.1074077425524997,0
172.921,-3.4314121056082776,-2.3426826699042573,0.7243399086599175,0.0,0.0,1e-12,0.22,1.0,4.4,3.8,9.953068167706377,7,58131991389401.734,34653.10000530859,34620.13700261741,31.607475951466437,0.2481189971605804,0.0,1.1074077425524997,0
172.954,-3.43489822338343,-2.34516650160047,0.7226431700219883,0.0,0.0,1e-12,0.22,1.0,4.4,3.8,9.95734409886338,7,58131991389401.734,34653.10000530859,34620.13700261741,31.607475951466437,0.2481189971605804,0.0,1.1074077425524997,0
173.086,-3.4501392103283113,-2.3586706284615704,0.7139423109061446,0.0,0.0,1e-12,0.22,1.0,4.4,3.8,9.977670546345436,7,58131991389401.734,34653.10000530859,34620.13700261741,31.607475951466437,0.2481189971605804,0.0,1.1074077425524997,0
173.218,-3.4626248228779932,-2.375037455954993,0.7084554850192617,0.0,0.0,1e-12,0.22,1.0,4.4,3.8,9.997597545799906,7,58131991389401.64,34653.10000530841,34620.13700261724,31.607475951466437,0.2481189971605804,0.0,1.1074077425524997,0
173.317,-3.470277754585556,-2.3879947544701494,0.7144998359008633,0.0,0.0,1e-12,0.22,1.0,4.4,3.8,10.01162079863567,7,58131991389401.64,34653.10000530841,34620.13700261724,31.607475951466437,0.2481189971605804,0.0,1.1074077425524997,0
173.416,-3.5411041964754957,-2.477884407310961,0.6088116400348006,0.0,0.0,1e-12,0.22,1.0,4.4,3.8,10.122893286548013,7,58131991389401.64,34653.10000530841,34620.13700261724,31.607475951466437,0.2481189971605804,0.0,1.1074077425524997,0
173.482,-3.5426957852894985,-2.488729111965645,0.6199715503606676,0.0,0.0,1e-12,0.22,1.0,4.4,3.8,10.13087015913933,7,58131991389401.64,34653.10000530841,34620.13700261724,31.607475951466437,0.2481189971605804,0.0,1.1074077425524997,0
173.614,-3.5438070058523974,-2.508744221596542,0.6450473097613093,0.0,0.0,1e-12,0.22,1.0,4.4,3.8,10.1441768221851,7,58131991389401.64,34653.10000530841,34620.13700261724,31.607475951466437,0.2481189971605804,0.0,1.1074077425524997,0
173.713,-3.5429384096498597,-2.5243257897261637,0.6599040222350748,0.0,0.0,1e-12,0.22,1.0,4.4,3.8,10.153194929384863,7,58131991389401.61,34653.100005308144,34620.13700261697,31.607475951466437,0.2481189971605804,0.0,1.1074077425524997,0
173.779,-3.540946160711136,-2.5324607488257795,0.6782283524925505,0.0,0.0,1e-12,0.22,1.0,4.4,3.8,10.156706408217778,7,58131991389401.61,34653.100005308144,34620.13700261697,31.607475951466437,0.2481189971605804,0.0,1.1074077425524997,0
173.878,-3.5367517014492957,-2.54787529134057,0.692970893160072,0.0,0.0,1e-12,0.22,1.0,4.4,3.8,10.163048178812812,7,58131991389401.61,34653.100005308144,34620.13700261697,31.607475951466437,0.2481189971605804,0.0,1.1074077425524997,0
174.01,-3.523881492116806,-2.560183173983364,0.7289638073672546,0.0,0.0,1e-12,0.22,1.0,4.4,3.8,10.1607001681839,7,58131991389401.61,34653.100005308144,34620.13700261697,31.607475951466437,0.2481189971605804,0.0,1.1074077425524997,0
174.109,-3.513062023817066,-2.569969326315526,0.7557821376475286,0.0,0.0,1e-12,0.22,1.0,4.4,3.8,10.158398486522199,7,58131991389401.61,34653.100005308144,34620.13700261697,31.607475951466437,0.2481189971605804,0.0,1.1074077425524997,0
174.109,-3.513062023817066,-2.569969326315526,0.7557821376475286,0.0,0.0,1e-12,0.22,1.0,4.4,3.8,10.158398486522199,7,58131991389401.65,34653.10000530784,34620.13700261666,31.607475951466437,0.2481189971605804,0.0,1.1074077425524997,0
174.34,-3.5024948797443356,-2.623077981315631,0.7865788425848033,0.0,0.0,1e-12,0.22,1.0,4.4,3.8,10.183582674012477,7,58131991389401.65,34653.10000530784,34620.13700261666,31.607475951466437,0.2481189971605804,0.0,1.1074077425524997,0
174.34,-3.5024948797443356,-2.623077981315631,0.7865788425848033,0.0,0.0,1e-12,0.22,1.0,4.4,3.8,10.183582674012477,7,58131991389401.65,34653.10000530784,34620.13700261666,31.607475951466437,0.2481189971605804,0.0,1.1074077425524997,0
174.505,-3.4688411013375204,-2.624485898358418,0.8408851317149855,0.0,0.0,1e-12,0.22,1.0,4.4,3.8,10.158379759405772,7,58131991389401.65,34653.10000530784,34620.13700261666,31.607475951466437,0.2481189971605804,0.0,1.1074077425524997,0
174.637,-3.445817795305969,-2.632694384873341,0.8660146814918022,0.0,0.0,1e-12,0.22,1.0,4.4,3.8,10.145758420459302,7,58131991389401.65,34653.10000530784,34620.13700261666,31.607475951466437,0.2481189971605804,0.0,1.1074077425524997,0
174.703,-3.4335744013531726,-2.6381847460968757,0.8803206752863533,0.0,0.0,1e-12,0.22,1.0,4.4,3.8,10.139778633008229,7,58131991389401.74,34653.10000530763,34620.13700261645,31.607475951466437,0.2481189971605804,0.0,1.1074077425524997,0
174.802,-3.4167380070390645,-2.644560648506415,0.9008334676079998,0.0,0.0,1e-12,0.22,1.0,4.4,3.8,10.130831901821612,7,58131991389401.74,34653.10000530763,34620.13700261645,31.607475951466437,0.2481189971605804,0.0,1.1074077425524997,0
174.901,-3.3939527675469456,-2.64337310953999,0.9280123851571844,0.0,0.0,1e-12,0.22,1.0,4.4,3.8,10.11250497015926,7,58131991389401.74,34653.10000530763,34620.13700261645,31.607475951466437,0.2481189971605804,0.0,1.1074077425524997,0
175.0,-3.3756075687575047,-2.6490532105031726,0.9470334814109801,0.0,0.0,1e-12,0.22,1.0,4.4,3.8,10.101997840784776,7,58131991389401.74,34653.10000530763,34620.13700261645,31.607475951466437,0.2481189971605804,0.0,1.1074077425524997,0
175.099,-3.353968106765855,-2.6455780967342553,0.9654368004120785,0.0,0.0,1e-12,0.22,1.0,4.4,3.8,10.08312939527419,7,58131991389401.74,34653.10000530763,34620.13700261645,31.607475951466437,0.2481189971605804,0.0,1.1074077425524997,0
175.165,-3.3731283818629247,-2.7030194422868132,0.9562609567517657,0.0,0.0,1e-12,0.22,1.0,4.4,3.8,10.134633032709337,7,58131991389401.91,34653.10000530744,34620.13700261626,31.607475951466437,0.2481189971605804,0.0,1.1074077425524997,0
175.33,-3.335389952767806,-2.6957992228556993,0.9967214357099,0.0,0.0,1e-12,0.22,1.0,4.4,3.8,10.101072480931608,7,58131991389401.91,34653.10000530744,34620.13700261626,31.607475951466437,0.2481189971605804,0.0,1.1074077425524997,0
175.429,-3.314823544751525,-2.6918753314233057,1.0146682360334922,0.0,0.0,1e-12,0.22,1.0,4.4,3.8,10.082804552573402,7,58131991389401.91,34653.10000530744,34620.13700261626,31.607475951466437,0.2481189971605804,0.0,1.1074077425524997,0
175.495,-3.298947923257419,-2.683490610687072,1.03108716235611,0.0,0.0,1e-12,0.22,1.0,4.4,3.8,10.065259540811512,7,58131991389401.91,34653.10000530744,34620.13700261626,31.607475951466437,0.2481189971605804,0.0,1.1074077425524997,0
175.594,-3.274621014547437,-2.6668429390222435,1.0556518225781744,0.0,0.0,1e-12,0.22,1.0,4.4,3.8,10.035928722092189,7,58131991389401.91,34653.10000530744,34620.13700261626,31.607475951466437,0.2481189971605804,0.0,1.1074077425524997,0
175.693,-3.249907402696711,-2.6479864840855445,1.0764311157069633,0.0,0.0,1e-12,0.22,1.0,4.4,3.8,10.00487945798368,7,58131991389402.01,34653.10000530739,34620.13700261621,31.607475951466437,0.2481189971605804,0.0,1.1074077425524997,0
175.825,-3.219607248771913,-2.622108839987382,1.1008256387373363,0.0,0.0,1e-12,0.22,1.0,4.4,3.8,9.965033696791073,7,58131991389402.01,34653.10000530739,34620.13700261621,31.607475951466437,0.2481189971605804,0.0,1.1074077425524997,0
175.924,-3.1932617134914887,-2.5860473029975473,1.1214957479723913,0.0,0.0,1e-12,0.22,1.0,4.4,3.8,9.921654277674563,7,58131991389402.01,34653.10000530739,34620.13700261621,31.607475951466437,0.2481189971605804,0.0,1.1074077425524997,0
176.023,-3.1970186413789063,-2.6170258006281113,1.1327100320122696,0.0,0.0,1e-12,0.22,1.0,4.4,3.8,9.944491558817145,7,58131991389402.01,34653.10000530739,34620.13700261621,31.607475951466437,0.2481189971605804,0.0,1.1074077425524997,0
176.089,-3.1876443043500156,-2.610042938424039,1.1397831065403663,0.0,0.0,1e-12,0.22,1.0,4.4,3.8,9.93282419867457,7,58131991389402.01,34653.10000530739,34620.13700261621,31.607475951466437,0.2481189971605804,0.0,1.1074077425524997,0
176.188,-3.1684220358866706,-2.5845698452880996,1.1507564085154616,0.0,0.0,1e-12,0.22,1.0,4.4,3.8,9.901704107003857,7,58131991389402.125,34653.10000530757,34620.13700261639,31.607475951466437,0.2481189971605804,0.0,1.1074077425524997,0
176.287,-3.1514200470574387,-2.5531958944716897,1.167142143309818,0.0,0.0,1e-12,0.22,1.0,4.4,3.8,9.868487361325084,7,58131991389402.125,34653.10000530757,34620.13700261639,31.607475951466437,0.2481189971605804,0.0,1.1074077425524997,0
176.386,-3.1322476112880167,-2.5210220860146735,1.1756445628634786,0.0,0.0,1e-12,0.22,1.0,4.4,3.8,9.833111119561263,7,58131991389402.125,34653.10000530757,34620.13700261639,31.607475951466437,0.2481189971605804,0.0,1.1074077425524997,0
176.485,-3.12158159014826,-2.50171227167588,1.1824415798170267,0.0,0.0,1e-12,0.22,1.0,4.4,3.8,9.812531129746677,7,58131991389402.125,34653.10000530757,34620.13700261639,31.607475951466437,0.2481189971605804,0.0,1.1074077425524997,0
176.584,-3.108871337371992,-2.4686589320033585,1.1909119779831405,0.0,0.0,1e-12,0.22,1.0,4.4,3.8,9.781576231211007,7,58131991389402.125,34653.10000530757,34620.13700261639,31.607475951466437,0.2481189971605804,0.0,1.1074077425524997,0
176.716,-3.095528694727553,-2.43216874844952,1.1991796500935366,0.0,0.0,1e-12,0.22,1.0,4.4,3.8,9.747967876569712,7,58131991389402.17,34653.100005307795,34620.13700261662,31.607475951466437,0.2481189971605804,0.0,1.1074077425524997,0
176.716,-3.095528694727553,-2.43216874844952,1.1991796500935366,0.0,0.0,1e-12,0.22,1.0,4.4,3.8,9.747967876569712,7,58131991389402.17,34653.100005307795,34620.13700261662,31.607475951466437,0.2481189971605804,0.0,1.1074077425524997,0
176.881,-3.1170164085260037,-2.4623234097546067,1.212249008095035,0.0,0.0,1e-12,0.22,1.0,4.4,3.8,9.783773820689527,7,58131991389402.17,34653.100005307795,34620.13700261662,31.607475951466437,0.2481189971605804,0.0,1.1074077425524997,0
176.881,-3.1170164085260037,-2.4623234097546067,1.212249008095035,0.0,0.0,1e-12,0.22,1.0,4.4,3.8,9.783773820689527,7,58131991389402.17,34653.100005307795,34620.13700261662,31.607475951466437,0.2481189971605804,0.0,1.1074077425524997,0
177.079,-3.1125251459037586,-2.4167929186765633,1.2045143948075443,0.0,0.0,1e-12,0.22,1.0,4.4,3.8,9.751233166197153,7,58131991389402.17,34653.100005307795,34620.13700261662,31.607475951466437,0.2481189971605804,0.0,1.1074077425524997,0
177.178,-3.1076876645646783,-2.3855016700496945,1.1874868738383497,0.0,0.0,1e-12,0.22,1.0,4.4,3.8,9.727579605371739,7,58131991389402.15,34653.10000530809,34620.13700261692,31.607475951466437,0.2481189971605804,0.0,1.1074077425524997,0
177.244,-3.112435570561839,-2.3753220278031004,1.1804439686368484,0.0,0.0,1e-12,0.22,1.0,4.4,3.8,9.724777136207955,7,58131991389402.15,34653.10000530809,34620.13700261692,31.607475951466437,0.2481189971605804,0.0,1.1074077425524997,0
177.442,-3.1135011949153544,-2.3187816811411577,1.1475669832479611,0.0,0.0,1e-12,0.22,1.0,4.4,3.8,9.689798216034381,7,58131991389402.15,34653.10000530809,34620.13700261692,31.607475951466437,0.2481189971605804,0.0,1.1074077425524997,0
177.442,-3.1135011949153544,-2.3187816811411577,1.1475669832479611,0.0,0.0,1e-12,0.22,1.0,4.4,3.8,9.689798216034381,7,58131991389402.15,34653.10000530809,34620.13700261692,31.607475951466437,0.2481189971605804,0.0,1.1074077425524997,0
177.541,-3.124483999775295,-2.3092222773426667,1.1293260105440515,0.0,0.0,1e-12,0.22,1.0,4.4,3.8,9.692288496369386,7,58131991389402.15,34653.10000530809,34620.13700261692,31.607475951466437,0.2481189971605804,0.0,1.1074077425524997,0
177.706,-3.160930866478544,-2.323430067973515,1.0993624698360769,0.0,0.0,1e-12,0.22,1.0,4.4,3.8,9.729546308283348,7,58131991389402.055,34653.10000530839,34620.137002617215,31.607475951466437,0.2481189971605804,0.0,1.1074077425524997,0
177.706,-3.160930866478544,-2.323430067973515,1.0993624698360769,0.0,0.0,1e-12,0.22,1.0,4.4,3.8,9.729546308283348,7,58131991389402.055,34653.10000530839,34620.137002617215,31.607475951466437,0.2481189971605804,0.0,1.1074077425524997,0
177.937,-3.1909286882987664,-2.295012277335628,1.0304374091418553,0.0,0.0,1e-12,0.22,1.0,4.4,3.8,9.735058962929259,7,58131991389402.055,34653.10000530839,34620.137002617215,31.607475951466437,0.2481189971605804,0.0,1.1074077425524997,0
178.003,-3.1958027198891026,-2.2810170655204587,1.014842454822876,0.0,0.0,1e-12,0.22,1.0,4.4,3.8,9.730107271280504,7,58131991389402.055,34653.10000530839,34620.137002617215,31.607475951466437,0.2481189971605804,0.0,1.1074077425524997,0
178.102,-3.2128412517477365,-2.278116654949812,0.9862304345039387,0.0,0.0,1e-12,0.22,1.0,4.4,3.8,9.741604282431632,7,58131991389402.055,34653.10000530839,34620.137002617215,31.607475951466437,0.2481189971605804,0.0,1.1074077425524997,0
178.234,-3.2303477659335647,-2.262786010892595,0.9449072254832239,0.0,0.0,1e-12,0.22,1.0,4.4,3.8,9.74574682838428,7,58131991389401.92,34653.10000530857,34620.1370026174,31.607475951466437,0.2481189971605804,0.0,1.1074077425524997,0
178.333,-3.2769530719277484,-2.303121026644011,0.9010875356181042,0.0,0.0,1e-12,0.22,1.0,4.4,3.8,9.807328623761169,7,58131991389401.92,34653.10000530857,34620.1370026174,31.607475951466437,0.2481189971605804,0.0,1.1074077425524997,0
178.432,-3.286736755924581,-2.29318288411979,0.8762991809773031,0.0,0.0,1e-12,0.22,1.0,4.4,3.8,9.808812344734315,7,58131991389401.92,34653.10000530857,34620.1370026174,31.607475951466437,0.2481189971605804,0.0,1.1074077425524997,0
178.465,-3.2930798464057456,-2.291737112275352,0.8586111646010984,0.0,0.0,1e-12,0.22,1.0,4.4,3.8,9.81288635255943,7,58131991389401.92,34653.10000530857,34620.1370026174,31.607475951466437,0.2481189971605804,0.0,1.1074077425524997,0
178.597,-3.318014637740104,-2.292180950603031,0.8331719139272545,0.0,0.0,1e-12,0.22,1.0,4.4,3.8,9.832721834937718,7,58131991389401.92,34653.10000530857,34620.1370026174,31.607475951466437,0.2481189971605804,0.0,1.1074077425524997,0
178.729,-3.339449472928845,-2.29280575284521,0.8053350181984433,0.0,0.0,1e-12,0.22,1.0,4.4,3.8,9.849942136171272,7,58131991389401.79,34653.100005308625,34620.13700261745,31.607475951466437,0.2481189971605804,0.0,1.1074077425524997,0
178.795,-3.3482988874477897,-2.2910694197310923,0.7908048983134794,0.0,0.0,1e-12,0.22,1.0,4.4,3.8,9.85582377709788,7,58131991389401.79,34653.100005308625,34620.13700261745,31.607475951466437,0.2481189971605804,0.0,1.1074077425524997,0
178.927,-3.369081774356778,-2.293460194247362,0.776719865481907,0.0,0.0,1e-12,0.22,1.0,4.4,3.8,9.8736461732999,7,58131991389401.79,34653.100005308625,34620.13700261745,31.607475951466437,0.2481189971605804,0.0,1.1074077425524997,0
178.993,-3.4045002947935665,-2.3263140223914776,0.7426864085987823,0.0,0.0,1e-12,0.22,1.0,4.4,3.8,9.921791589848242,7,58131991389401.79,34653.100005308625,34620.13700261745,31.607475951466437,0.2481189971605804,0.0,1.1074077425524997,0
179.092,-3.4177497089476825,-2.3345083037933945,0.7311163618528461,0.0,0.0,1e-12,0.22,1.0,4.4,3.8,9.93727340074035,7,58131991389401.79,34653.100005308625,34620.13700261745,31.607475951466437,0.2481189971605804,0.0,1.1074077425524997,0
179.224,-3.4343675179737683,-2.3438657070546305,0.7234717145166515,0.0,0.0,1e-12,0.22,1.0,4.4,3.8,9.956123755408244,7,58131991389401.69,34653.10000530853,34620.13700261735,31.607475951466437,0.2481189971605804,0.0,1.1074077425524997,0
179.323,-3.44630705964739,-2.3550911147902496,0.7161906585670343,0.0,0.0,1e-12,0.22,1.0,4.4,3.8,9.972446094396417,7,58131991389401.69,34653.10000530853,34620.13700261735,31.607475951466437,0.2481189971605804,0.0,1.1074077425524997,0
179.422,-3.4553260977745004,-2.3651920914460427,0.7067388264593799,0.0,0.0,1e-12,0.22,1.0,4.4,3.8,9.985776966606354,7,58131991389401.69,34653.10000530853,34620.13700261735,31.607475951466437,0.2481189971605804,0.0,1.1074077425524997,0
179.455,-3.460438587768628,-2.3695271617204927,0.7038458165306892,0.0,0.0,1e-12,0.22,1.0,4.4,3.8,9.992475178417457,7,58131991389401.69,34653.10000530853,34620.13700261735,31.607475951466437,0.2481189971605804,0.0,1.1074077425524997,0
179.587,-3.469775675180187,-2.3867507292723142,0.707577622476647,0.0,0.0,1e-12,0.22,1.0,4.4,3.8,10.010457220517416,7,58131991389401.69,34653.10000530853,34620.13700261735,31.607475951466437,0.2481189971605804,0.0,1.1074077425524997,0
179.653,-3.4790894449937126,-2.4006753377355854,0.706379403217294,0.0,0.0,1e-12,0.22,1.0,4.4,3.8,10.0263864440891,7,58131991389401.625,34653.10000530829,34620.13700261711,31.607475951466437,0.2481189971605804,0.0,1.1074077425524997,0
179.752,-3.5428933542513734,-2.486009576394387,0.6049599016735493,0.0,0.0,1e-12,0.22,1.0,4.4,3.8,10.129337156573108,7,58131991389401.625,34653.10000530829,34620.13700261711,31.607475951466437,0.2481189971605804,0.0,1.1074077425524997,0
179.917,-3.5440676217985483,-2.5112400734773614,0.6471447952475661,0.0,0.0,1e-12,0.22,1.0,4.4,3.8,10.14593325647151,7,58131991389401.625,34653.10000530829,34620.13700261711,31.607475951466437,0.2481189971605804,0.0,1.1074077425524997,0
179.983,-3.5424103135774083,-2.5197745996849648,0.6593270809071476,0.0,0.0,1e-12,0.22,1.0,4.4,3.8,10.149947417599957,7,58131991389401.625,34653.10000530829,34620.13700261711,31.607475951466437,0.2481189971605804,0.0,1.1074077425524997,0
180.115,-3.5379899526345424,-2.540523623781123,0.6827473649325416,0.0,0.0,1e-12,0.22,1.0,4.4,3.8,10.159425392799214,7,58131991389401.625,34653.10000530829,34620.13700261711,31.607475951466437,0.2481189971605804,0.0,1.1074077425524997,0
180.115,-3.5379899526345424,-2.540523623781123,0.6827473649325416,0.0,0.0,1e-12,0.22,1.0,4.4,3.8,10.159425392799214,7,58131991389401.625,34653.100005308006,34620.13700261683,31.607475951466437,0.2481189971605804,0.0,1.1074077425524997,0
180.313,-3.521884644436612,-2.562580079563844,0.7372457223767552,0.0,0.0,1e-12,0.22,1.0,4.4,3.8,10.160643758572744,7,58131991389401.625,34653.100005308006,34620.13700261683,31.607475951466437,0.2481189971605804,0.0,1.1074077425524997,0
180.379,-3.513950350123903,-2.567101500994511,0.7524012940975943,0.0,0.0,1e-12,0.22,1.0,4.4,3.8,10.157292536310688,7,58131991389401.625,34653.100005308006,34620.13700261683,31.607475951466437,0.2481189971605804,0.0,1.1074077425524997,0
180.511,-3.4956922315594796,-2.5773641201575463,0.7903866841606546,0.0,0.0,1e-12,0.22,1.0,4.4,3.8,10.149518655413248,7,58131991389401.625,34653.100005308006,34620.13700261683,31.607475951466437,0.2481189971605804,0.0,1.1074077425524997,0
180.643,-3.497301300141525,-2.622374142798394,0.7972672754784883,0.0,0.0,1e-12,0.22,1.0,4.4,3.8,10.179108873339672,7,58131991389401.625,34653.100005308006,34620.13700261683,31.607475951466437,0.2481189971605804,0.0,1.1074077425524997,0
180.709,-3.4852351481017894,-2.6234653067833698,0.8183285741862653,0.0,0.0,1e-12,0.22,1.0,4.4,3.8,10.170439513035285,7,58131991389401.69,34653.1000053077,34620.137002616524,31.607475951466437,0.2481189971605804,0.0,1.1074077425524997,0
180.709,-3.4852351481017894,-2.6234653067833698,0.8183285741862653,0.0,0.0,1e-12,0.22,1.0,4.4,3.8,10.170439513035285,7,58131991389401.69,34653.1000053077,34620.137002616524,31.607475951466437,0.2481189971605804,0.0,1.1074077425524997,0
180.874,-3.4525024150162147,-2.6287344379227515,0.8599795958644645,0.0,0.0,1e-12,0.22,1.0,4.4,3.8,10.148419613475264,7,58131991389401.69,34653.1000053077,34620.137002616524,31.607475951466437,0.2481189971605804,0.0,1.1074077425524997,0
181.006,-3.431199543188768,-2.6417076587750126,0.8839090719636118,0.0,0.0,1e-12,0.22,1.0,4.4,3.8,10.140181647601814,7,58131991389401.69,34653.1000053077,34620.137002616524,31.607475951466437,0.2481189971605804,0.0,1.1074077425524997,0
181.072,-3.4174277394203205,-2.641162083673567,0.8984947173609229,0.0,0.0,1e-12,0.22,1.0,4.4,3.8,10.12920260678067,7,58131991389401.69,34653.1000053077,34620.137002616524,31.607475951466437,0.2481189971605804,0.0,1.1074077425524997,0
181.204,-3.3925495881688468,-2.6478964657125097,0.9303959204441634,0.0,0.0,1e-12,0.22,1.0,4.4,3.8,10.11430659593718,7,58131991389401.79,34653.10000530748,34620.137002616306,31.607475951466437,0.2481189971605804,0.0,1.1074077425524997,0
181.303,-3.3705186736431956,-2.646360035561967,0.949314170163563,0.0,0.0,1e-12,0.22,1.0,4.4,3.8,10.096361630088737,7,58131991389401.79,34653.10000530748,34620.137002616306,31.607475951466437,0.2481189971605804,0.0,1.1074077425524997,0
181.369,-3.355979710443629,-2.6457107451241413,0.9648267239591486,0.0,0.0,1e-12,0.22,1.0,4.4,3.8,10.084761190956485,7,58131991389401.79,34653.10000530748,34620.137002616306,31.607475951466437,0.2481189971605804,0.0,1.1074077425524997,0
181.435,-3.376825938841416,-2.706649595976442,0.953635272091198,0.0,0.0,1e-12,0.22,1.0,4.4,3.8,10.139798353412017,7,58131991389401.79,34653.10000530748,34620.137002616306,31.607475951466437,0.2481189971605804,0.0,1.1074077425524997,0
181.6,-3.338558181657408,-2.6963764265440076,0.9928926780606381,0.0,0.0,1e-12,0.22,1.0,4.4,3.8,10.103870021246982,7,58131991389401.79,34653.10000530748,34620.137002616306,31.607475951466437,0.2481189971605804,0.0,1.1074077425524997,0
181.732,-3.309210148150672,-2.6884069606758625,1.0193950200911674,0.0,0.0,1e-12,0.22,1.0,4.4,3.8,10.076276395360356,7,58131991389401.79,34653.10000530748,34620.137002616306,31.607475951466437,0.2481189971605804,0.0,1.1074077425524997,0
181.798,-3.2938417644954088,-2.6805452811342447,1.03467514842336,0.0,0.0,1e-12,0.22,1.0,4.4,3.8,10.059456657192035,7,58131991389401.945,34653.10000530737,34620.1370026162,31.607475951466437,0.2481189971605804,0.0,1.1074077425524997,0
181.897,-3.2693606479403647,-2.6633221034353425,1.0588931624758546,0.0,0.0,1e-12,0.22,1.0,4.4,3.8,10.029637349422567,7,58131991389401.945,34653.10000530737,34620.1370026162,31.607475951466437,0.2481189971605804,0.0,1.1074077425524997,0
181.996,-3.245694813434928,-2.645952021181182,1.077969395675414,0.0,0.0,1e-12,0.22,1.0,4.4,3.8,10.000347325946011,7,58131991389401.945,34653.10000530737,34620.1370026162,31.607475951466437,0.2481189971605804,0.0,1.1074077425524997,0
182.062,-3.2315821738941035,-2.637023235204042,1.0928944404338192,0.0,0.0,1e-12,0.22,1.0,4.4,3.8,9.983802612604828,7,58131991389401.945,34653.10000530737,34620.1370026162,31.607475951466437,0.2481189971605804,0.0,1.1074077425524997,0
182.194,-3.197766088396918,-2.594542361841884,1.1208378265759498,0.0,0.0,1e-12,0.22,1.0,4.4,3.8,9.930570051683064,7,58131991389402.07,34653.100005307424,34620.13700261625,31.607475951466437,0.2481189971605804,0.0,1.1074077425524997,0
182.326,-3.194439601290219,-2.615608552448034,1.1311951769579158,0.0,0.0,1e-12,0.22,1.0,4.4,3.8,9.941606809559987,7,58131991389402.07,34653.100005307424,34620.13700261625,31.607475951466437,0.2481189971605804,0.0,1.1074077425524997,0
182.326,-3.194439601290219,-2.615608552448034,1.1311951769579158,0.0,0.0,1e-12,0.22,1.0,4.4,3.8,9.941606809559987,7,58131991389402.07,34653.100005307424,34620.13700261625,31.607475951466437,0.2481189971605804,0.0,1.1074077425524997,0
182.524,-3.1602699829529106,-2.5728570100224726,1.1562386631307926,0.0,0.0,1e-12,0.22,1.0,4.4,3.8,9.887921353112159,7,58131991389402.07,34653.100005307424,34620.13700261625,31.607475951466437,0.2481189971605804,0.0,1.1074077425524997,0
182.59,-3.1454540987266153,-2.5448251234899857,1.1699888130206466,0.0,0.0,1e-12,0.22,1.0,4.4,3.8,9.858533532106081,7,58131991389402.07,34653.100005307424,34620.13700261625,31.607475951466437,0.2481189971605804,0.0,1.1074077425524997,0
182.722,-3.125726742117176,-2.5093918592375584,1.1827961156013986,0.0,0.0,1e-12,0.22,1.0,4.4,3.8,9.820640948045641,7,58131991389402.164,34653.10000530763,34620.13700261645,31.607475951466437,0.2481189971605804,0.0,1.1074077425524997,0
182.788,-3.1163789810518376,-2.4894041371532607,1.1854446539543926,0.0,0.0,1e-12,0.22,1.0,4.4,3.8,9.800640662081149,7,58131991389402.164,34653.10000530763,34620.13700261645,31.607475951466437,0.2481189971605804,0.0,1.1074077425524997,0
182.92,-3.1034191024966984,-2.453524421808181,1.1959944298886769,0.0,0.0,1e-12,0.22,1.0,4.4,3.8,9.76769501580919,7,58131991389402.164,34653.10000530763,34620.13700261645,31.607475951466437,0.2481189971605804,0.0,1.1074077425524997,0
182.953,-3.0965942613414,-2.439012528270044,1.1971902938075265,0.0,0.0,1e-12,0.22,1.0,4.4,3.8,9.753163735275205,7,58131991389402.164,34653.10000530763,34620.13700261645,31.607475951466437,0.2481189971605804,0.0,1.1074077425524997,0
183.052,-3.0937581327099126,-2.423632696264623,1.1984981563045618,0.0,0.0,1e-12,0.22,1.0,4.4,3.8,9.741150593721978,7,58131991389402.17,34653.100005307955,34620.13700261678,31.607475951466437,0.2481189971605804,0.0,1.1074077425524997,0
183.217,-3.118019463691547,-2.4555612307296473,1.2050461537599568,0.0,0.0,1e-12,0.22,1.0,4.4,3.8,9.780217940713426,7,58131991389402.17,34653.100005307955,34620.13700261678,31.607475951466437,0.2481189971605804,0.0,1.1074077425524997,0
183.316,-3.1127887394787392,-2.4269179484189,1.2061510355431608,0.0,0.0,1e-12,0.22,1.0,4.4,3.8,9.757894331277624,7,58131991389402.17,34653.100005307955,34620.13700261678,31.607475951466437,0.2481189971605804,0.0,1.1074077425524997,0
183.415,-3.109426125357093,-2.3984555689426603,1.1941297882670392,0.0,0.0,1e-12,0.22,1.0,4.4,3.8,9.737162429186027,7,58131991389402.17,34653.100005307955,34620.13700261678,31.607475951466437,0.2481189971605804,0.0,1.1074077425524997,0
183.514,-3.109693672909408,-2.3748512488003866,1.1847938419204165,0.0,0.0,1e-12,0.22,1.0,4.4,3.8,9.722360156142503,7,58131991389402.17,34653.100005307955,34620.13700261678,31.607475951466437,0.2481189971605804,0.0,1.1074077425524997,0
183.613,-3.1106424728217217,-2.348690944261593,1.1656797146487325,0.0,0.0,1e-12,0.22,1.0,4.4,3.8,9.706500434378917,7,58131991389402.17,34653.100005307955,34620.13700261678,31.607475951466437,0.2481189971605804,0.0,1.1074077425524997,0
183.745,-3.1131942093052585,-2.3128779639073294,1.1408982237139331,0.0,0.0,1e-12,0.22,1.0,4.4,3.8,9.685833171615227,7,58131991389402.13,34653.10000530828,34620.137002617106,31.607475951466437,0.2481189971605804,0.0,1.1074077425524997,0
183.811,-3.1241805333993424,-2.310539432512571,1.1314902303437218,0.0,0.0,1e-12,0.22,1.0,4.4,3.8,9.69288320653234,7,58131991389402.13,34653.10000530828,34620.137002617106,31.607475951466437,0.2481189971605804,0.0,1.1074077425524997,0
183.844,-3.1288979328749114,-2.3081484452041203,1.1232095293622406,0.0,0.0,1e-12,0.22,1.0,4.4,3.8,9.695039015511885,7,58131991389402.13,34653.10000530828,34620.137002617106,31.607475951466437,0.2481189971605804,0.0,1.1074077425524997,0
184.009,-3.162140652374397,-2.320438656851104,1.0967199594757848,0.0,0.0,1e-12,0.22,1.0,4.4,3.8,9.728604247196554,7,58131991389402.13,34653.10000530828,34620.137002617106,31.607475951466437,0.2481189971605804,0.0,1.1074077425524997,0
184.075,-3.1697118681547316,-2.312469207305339,1.0729484788006876,0.0,0.0,1e-12,0.22,1.0,4.4,3.8,9.729481876088704,7,58131991389402.13,34653.10000530828,34620.137002617106,31.607475951466437,0.2481189971605804,0.0,1.1074077425524997,0
184.24,-3.19009174931847,-2.2892409740336577,1.029230080619869,0.0,0.0,1e-12,0.22,1.0,4.4,3.8,9.730793821827831,7,58131991389402.05,34653.100005308486,34620.13700261731,31.607475951466437,0.2481189971605804,0.0,1.1074077425524997,0
184.24,-3.19009174931847,-2.2892409740336577,1.029230080619869,0.0,0.0,1e-12,0.22,1.0,4.4,3.8,9.730793821827831,7,58131991389402.05,34653.100005308486,34620.13700261731,31.607475951466437,0.2481189971605804,0.0,1.1074077425524997,0
184.405,-3.211864315569646,-2.267344562513024,0.9814337656227095,0.0,0.0,1e-12,0.22,1.0,4.4,3.8,9.734122888010964,7,58131991389402.05,34653.100005308486,34620.13700261731,31.607475951466437,0.2481189971605804,0.0,1.1074077425524997,0
184.504,-3.2262793208337,-2.2637735781383315,0.9542120921225226,0.0,0.0,1e-12,0.22,1.0,4.4,3.8,9.743176396140237,7,58131991389402.05,34653.100005308486,34620.13700261731,31.607475951466437,0.2481189971605804,0.0,1.1074077425524997,0
184.603,-3.2734555449400786,-2.3047180266365155,0.912367625458264,0.0,0.0,1e-12,0.22,1.0,4.4,3.8,9.805585254583862,7,58131991389402.05,34653.100005308486,34620.13700261731,31.607475951466437,0.2481189971605804,0.0,1.1074077425524997,0
184.669,-3.2812606720300495,-2.2962979844235822,0.8916140627149144,0.0,0.0,1e-12,0.22,1.0,4.4,3.8,9.806457802211895,7,58131991389401.88,34653.10000530864,34620.13700261746,31.607475951466437,0.2481189971605804,0.0,1.1074077425524997,0
184.801,-3.303196579020722,-2.2922319697408384,0.8500502156707211,0.0,0.0,1e-12,0.22,1.0,4.4,3.8,9.821126610942805,7,58131991389401.88,34653.10000530864,34620.13700261746,31.607475951466437,0.2481189971605804,0.0,1.1074077425524997,0
184.9,-3.3207743773628158,-2.2922894482934333,0.8331414703716552,0.0,0.0,1e-12,0.22,1.0,4.4,3.8,9.834955399386908,7,58131991389401.88,34653.10000530864,34620.13700261746,31.607475951466437,0.2481189971605804,0.0,1.1074077425524997,0
184.966,-3.329887189818783,-2.2889465296273115,0.8202258645936223,0.0,0.0,1e-12,0.22,1.0,4.4,3.8,9.840041961698384,7,58131991389401.88,34653.10000530864,34620.13700261746,31.607475951466437,0.2481189971605804,0.0,1.1074077425524997,0
185.098,-3.351253695299786,-2.2909640452634554,0.7898472175922222,0.0,0.0,1e-12,0.22,1.0,4.4,3.8,9.858081803758312,7,58131991389401.88,34653.10000530864,34620.13700261746,31.607475951466437,0.2481189971605804,0.0,1.1074077425524997,0
185.131,-3.356364185915759,-2.2916503715093426,0.7866123546247239,0.0,0.0,1e-12,0.22,1.0,4.4,3.8,9.862524506092065,7,58131991389401.75,34653.100005308646,34620.13700261747,31.607475951466437,0.2481189971605804,0.0,1.1074077425524997,0
185.329,-3.4109150947860436,-2.328780739803793,0.7350508938802623,0.0,0.0,1e-12,0.22,1.0,4.4,3.8,9.928360789906176,7,58131991389401.75,34653.100005308646,34620.13700261747,31.607475951466437,0.2481189971605804,0.0,1.1074077425524997,0
185.428,-3.4227951079981525,-2.3358948724669326,0.7276104501345315,0.0,0.0,1e-12,0.22,1.0,4.4,3.8,9.94209883212221,7,58131991389401.75,34653.100005308646,34620.13700261747,31.607475951466437,0.2481189971605804,0.0,1.1074077425524997,0
185.527,-3.436707529574459,-2.345708152476379,0.722265831329526,0.0,0.0,1e-12,0.22,1.0,4.4,3.8,9.959102047850683,7,58131991389401.75,34653.100005308646,34620.13700261747,31.607475951466437,0.2481189971605804,0.0,1.1074077425524997,0
185.527,-3.436707529574459,-2.345708152476379,0.722265831329526,0.0,0.0,1e-12,0.22,1.0,4.4,3.8,9.959102047850683,7,58131991389401.75,34653.100005308646,34620.13700261747,31.607475951466437,0.2481189971605804,0.0,1.1074077425524997,0
185.692,-3.4545770246602925,-2.3633564192055077,0.7093800957189437,0.0,0.0,1e-12,0.22,1.0,4.4,3.8,9.984054416242085,7,58131991389401.65,34653.100005308464,34620.13700261729,31.607475951466437,0.2481189971605804,0.0,1.1074077425524997,0
185.758,-3.4618435852934266,-2.371335570261157,0.7074863659446432,0.0,0.0,1e-12,0.22,1.0,4.4,3.8,9.994696957906728,7,58131991389401.65,34653.100005308464,34620.13700261729,31.607475951466437,0.2481189971605804,0.0,1.1074077425524997,0
185.857,-3.468842633362351,-2.3844117589333287,0.7116520312911997,0.0,0.0,1e-12,0.22,1.0,4.4,3.8,10.008278233175464,7,58131991389401.65,34653.100005308464,34620.13700261729,31.607475951466437,0.2481189971605804,0.0,1.1074077425524997,0
185.956,-3.4729699481093017,-2.3965397049179744,0.7167931868409514,0.0,0.0,1e-12,0.22,1.0,4.4,3.8,10.019019918058708,7,58131991389401.65,34653.100005308464,34620.13700261729,31.607475951466437,0.2481189971605804,0.0,1.1074077425524997,0
186.088,-3.544403655615482,-2.495622681830317,0.624611161328418,0.0,0.0,1e-12,0.22,1.0,4.4,3.8,10.136489253944532,7,58131991389401.65,34653.100005308464,34620.13700261729,31.607475951466437,0.2481189971605804,0.0,1.1074077425524997,0
186.187,-3.544332171232689,-2.5111545926990853,0.6455927629684471,0.0,0.0,1e-12,0.22,1.0,4.4,3.8,10.146087223153044,7,58131991389401.61,34653.100005308224,34620.13700261705,31.607475951466437,0.2481189971605804,0.0,1.1074077425524997,0
186.319,-3.5407934964350654,-2.5284709674901893,0.6678272211410559,0.0,0.0,1e-12,0.22,1.0,4.4,3.8,10.154099966978444,7,58131991389401.61,34653.100005308224,34620.13700261705,31.607475951466437,0.2481189971605804,0.0,1.1074077425524997,0
186.418,-3.5360826449114886,-2.541201657174965,0.6931136771081671,0.0,0.0,1e-12,0.22,1.0,4.4,3.8,10.158358440408758,7,58131991389401.61,34653.100005308224,34620.13700261705,31.607475951466437,0.2481189971605804,0.0,1.1074077425524997,0
186.517,-3.529365908885641,-2.5538308935928673,0.7163414479774719,0.0,0.0,1e-12,0.22,1.0,4.4,3.8,10.161004415970547,7,58131991389401.61,34653.100005308224,34620.13700261705,31.607475951466437,0.2481189971605804,0.0,1.1074077425524997,0
