stamp,x,y,yaw,cov_x,cov_y,cov_yaw,cmd_v,cmd_w,goal_x,goal_y,goal_dist,plan_points,plan_length,efe_total,efe_risk,efe_ambiguity,efe_control,efe_boundary,seed
6.485,-1.611142633955565,-1.7968204502200626,-4.946408626145668e-12,0.0,0.0,1e-12,0.0,0.0,0.0,0.0,0.0,0,0.0,0.0,0.0,0.0,0.0,0.0,0
6.583,-1.6077131631676247,-1.7760559677829186,-4.9464086262720714e-12,0.0,0.0,1e-12,0.0,0.0,0.0,0.0,0.0,0,0.0,0.0,0.0,0.0,0.0,0.0,0
6.684,-1.589356212515213,-1.8127173651452624,-4.946408612012252e-12,0.0,0.0,1e-12,0.0,0.0,0.0,0.0,0.0,0,0.0,0.0,0.0,0.0,0.0,0.0,0
6.784,-1.6013390033327968,-1.806487304143699,-4.946408623961187e-12,0.0,0.0,1e-12,0.0,0.0,0.0,0.0,0.0,0,0.0,0.0,0.0,0.0,0.0,0.0,0
6.883,-1.5928996571155027,-1.8001594052946033,-4.9464086405741955e-12,0.0,0.0,1e-12,0.0,0.0,0.0,0.0,0.0,0,0.0,0.0,0.0,0.0,0.0,0.0,0
6.9830000000000005,-1.62128953746336,-1.7874101918926684,-4.9464086287152536e-12,0.0,0.0,1e-12,0.0,0.0,0.0,0.0,0.0,0,0.0,0.0,0.0,0.0,0.0,0.0,0
7.09,-1.5927067184783656,-1.8015780282018607,-4.946408636730997e-12,0.0,0.0,1e-12,0.0,0.0,0.0,0.0,0.0,0,0.0,0.0,0.0,0.0,0.0,0.0,0
7.183,-1.5606586181076092,-1.8099707985799698,-4.946408619349249e-12,0.0,0.0,1e-12,0.0,0.0,0.0,0.0,0.0,0,0.0,0.0,0.0,0.0,0.0,0.0,0
7.288,-1.6238471512546973,-1.7900138354423296,-4.946408602276003e-12,0.0,0.0,1e-12,0.0,0.0,0.0,0.0,0.0,0,0.0,0.0,0.0,0.0,0.0,0.0,0
7.393,-1.6086928004787935,-1.81393232702262,-4.946408594444012e-12,0.0,0.0,1e-12,0.0,0.0,0.0,0.0,0.0,0,0.0,0.0,0.0,0.0,0.0,0.0,0
7.491,-1.5735654489083075,-1.797961365391192,-4.9464086121651556e-12,0.0,0.0,1e-12,0.0,0.0,0.0,0.0,0.0,0,0.0,0.0,0.0,0.0,0.0,0.0,0
7.591,-1.5820797018969437,-1.8011081584795543,-4.946408603596327e-12,0.0,0.0,1e-12,0.0,0.0,0.0,0.0,0.0,0,0.0,0.0,0.0,0.0,0.0,0.0,0
7.6850000000000005,-1.592775351836702,-1.7901643490806138,-4.946408565058237e-12,0.0,0.0,1e-12,0.0,0.0,0.0,0.0,0.0,0,0.0,0.0,0.0,0.0,0.0,0.0,0
7.788,-1.6122186935325404,-1.810632883358217,-4.946408533152415e-12,0.0,0.0,1e-12,0.0,0.0,0.0,0.0,0.0,0,0.0,0.0,0.0,0.0,0.0,0.0,0
7.886,-1.591657712817369,-1.800404475285533,-4.946408497570435e-12,0.0,0.0,1e-12,0.0,0.0,0.0,0.0,0.0,0,0.0,0.0,0.0,0.0,0.0,0.0,0
7.963,-1.6051212762679654,-1.783575562295776,-4.946408477498736e-12,0.0,0.0,1e-12,0.0,0.0,0.0,0.0,0.0,0,0.0,0.0,0.0,0.0,0.0,0.0,0
8.083,-1.5758043596095663,-1.8230961624090993,-4.946408444893234e-12,0.0,0.0,1e-12,0.0,0.0,0.0,0.0,0.0,0,0.0,0.0,0.0,0.0,0.0,0.0,0
8.19,-1.5902518340342813,-1.8063863316503619,-4.946408395129962e-12,0.0,0.0,1e-12,0.0,0.0,0.0,0.0,0.0,0,0.0,0.0,0.0,0.0,0.0,0.0,0
8.289,-1.6116862574616437,-1.7997510407999882,-4.946408378527512e-12,0.0,0.0,1e-12,0.0,0.0,0.0,0.0,0.0,0,0.0,0.0,0.0,0.0,0.0,0.0,0
8.383,-1.622565999107427,-1.8133497531477416,-4.9464083546059694e-12,0.0,0.0,1e-12,0.0,0.0,0.0,0.0,0.0,0,0.0,0.0,0.0,0.0,0.0,0.0,0
8.483,-1.583938248550658,-1.8055187227752736,-4.94640833274898e-12,0.0,0.0,1e-12,0.0,0.0,0.0,0.0,0.0,0,0.0,0.0,0.0,0.0,0.0,0.0,0
8.591,-1.6090892435771962,-1.8033562069333422,-4.946408325571828e-12,0.0,0.0,1e-12,0.0,0.0,0.2,-0.2,2.417344621178037,0,0.0,0.0,0.0,0.0,0.0,0.0,0
8.683,-1.6221380488403074,-1.8076459739719462,-4.946408294707656e-12,0.0,0.0,1e-12,0.0,0.0,0.2,-0.2,2.4299614496242055,0,0.0,0.0,0.0,0.0,0.0,0.0,0
8.784,-1.6026056278565644,-1.7711318723494545,-4.946408241231528e-12,0.0,0.0,1e-12,0.0,0.0,0.2,-0.2,2.391201039204454,0,0.0,0.0,0.0,0.0,0.0,0.0,0
8.885,-1.579456382336897,-1.8249349324708832,-4.946408211406597e-12,0.0,0.0,1e-12,0.0,0.0,0.2,-0.2,2.409746574103524,0,0.0,0.0,0.0,0.0,0.0,0.0,0
8.984,-1.5994582035166034,-1.8192666696332407,-4.9464081845589475e-12,0.0,0.0,1e-12,0.0,0.0,0.2,-0.2,2.4207590490563757,0,0.0,0.0,0.0,0.0,0.0,0.0,0
9.083,-1.6089625246372055,-1.8079052676326952,-4.946408168095144e-12,0.0,0.0,1e-12,0.0,0.0,0.2,-0.2,2.4202695645780414,0,0.0,0.0,0.0,0.0,0.0,0.0,0
9.183,-1.612429451249928,-1.7870918341493824,-4.946408184663114e-12,0.0,0.0,1e-12,0.0,0.0,0.2,-0.2,2.4090996255409958,0,0.0,0.0,0.0,0.0,0.0,0.0,0
9.283,-1.639478716574847,-1.7630722391490765,-4.946408164021288e-12,0.0,0.0,1e-12,0.0,0.0,0.2,-0.2,2.413892452768009,0,0.0,0.0,0.0,0.0,0.0,0.0,0
9.383,-1.6189394418924596,-1.7934310663436739,-4.9464081477243606e-12,0.0,0.0,1e-12,0.0,0.0,0.2,-0.2,2.41817353729239,0,0.0,0.0,0.0,0.0,0.0,0.0,0
9.487,-1.596316086810601,-1.803122258602793,-4.946408135662652e-12,0.0,0.0,1e-12,0.0,0.0,0.2,-0.2,2.4076445875091843,0,0.0,0.0,0.0,0.0,0.0,0.0,0
9.583,-1.5886782619815738,-1.8152197152358378,-4.946408118773896e-12,0.0,0.0,1e-12,0.0,0.0,0.2,-0.2,2.4100424588317866,0,0.0,0.0,0.0,0.0,0.0,0.0,0
9.683,-1.5862236327956467,-1.8112623508382077,-4.946408108992069e-12,0.0,0.0,1e-12,0.0,0.0,0.2,-0.2,2.405568795438273,0,0.0,0.0,0.0,0.0,0.0,0.0,0
9.783,-1.5913649180547333,-1.8011095305502602,-4.946408077868415e-12,0.0,0.0,1e-12,0.0,0.0,0.2,-0.2,2.402611079316858,0,0.0,0.0,0.0,0.0,0.0,0.0,0
9.883,-1.586539390948464,-1.7817423667825303,-4.946408053911133e-12,0.0,0.0,1e-12,0.0,0.0,0.2,-0.2,2.386133254930518,0,0.0,0.0,0.0,0.0,0.0,0.0,0
9.983,-1.580246808208459,-1.8186547284354715,-4.94640803337329e-12,0.0,0.0,1e-12,0.0,0.0,0.2,-0.2,2.4061009596488083,0,0.0,0.0,0.0,0.0,0.0,0.0,0
10.083,-1.5993703679815374,-1.7791209305925841,-4.946407996901877e-12,0.0,0.0,1e-12,0.0,0.0,0.2,-0.2,2.3940251950649145,0,0.0,0.0,0.0,0.0,0.0,0.0,0
10.184,-1.6072371406127601,-1.7794010132915545,-4.946407948375066e-12,0.0,0.0,1e-12,0.0,0.0,0.2,-0.2,2.4001278389278715,0,0.0,0.0,0.0,0.0,0.0,0.0,0
10.283,-1.6046958447011501,-1.7845205711058985,-4.94640791301213e-12,0.0,0.0,1e-12,0.0,0.0,0.2,-0.2,2.4015895844501327,0,0.0,0.0,0.0,0.0,0.0,0.0,0
10.383,-1.5941336376137643,-1.8078306956693557,-4.946407858641206e-12,0.0,0.0,1e-12,0.0,0.0,0.2,-0.2,2.409156502918356,0,0.0,0.0,0.0,0.0,0.0,0.0,0
10.484,-1.6279850498073163,-1.7922044456680877,-4.946407839324084e-12,0.0,0.0,1e-12,0.0,0.0,0.2,-0.2,2.4241791062387033,0,0.0,0.0,0.0,0.0,0.0,0.0,0
10.583,-1.612001717732179,-1.7920482945897922,-4.946407832086183e-12,0.0,0.0,1e-12,0.0,0.0,0.2,-0.2,2.41204643350219,0,0.0,0.0,0.0,0.0,0.0,0.0,0
10.683,-1.5684762951257238,-1.8238082659945338,-4.9464078133249584e-12,0.0,0.0,1e-12,0.0,0.0,0.2,-0.2,2.4008876881549,0,0.0,0.0,0.0,0.0,0.0,0.0,0
10.783,-1.6144728352674966,-1.8092220443267204,-4.946407794183668e-12,0.0,0.0,1e-12,0.0,0.0,0.2,-0.2,2.42526436865566,0,0.0,0.0,0.0,0.0,0.0,0.0,0
10.888,-1.6008697752696832,-1.827242454779215,-4.9464077626120515e-12,0.0,0.0,1e-12,0.0,0.0,0.2,-0.2,2.427148523291429,0,0.0,0.0,0.0,0.0,0.0,0.0,0
10.984,-1.594890794355689,-1.786738859885213,-4.946407755184059e-12,0.0,0.0,1e-12,0.0,0.0,0.2,-0.2,2.3956988903308822,0,0.0,0.0,0.0,0.0,0.0,0.0,0
11.083,-1.589997960556252,-1.8173154314220943,-4.946407735017904e-12,0.0,0.0,1e-12,0.0,0.0,0.2,-0.2,2.4124265591954455,0,0.0,0.0,0.0,0.0,0.0,0.0,0
11.183,-1.6140817326471686,-1.8165803655054131,-4.946407700510024e-12,0.0,0.0,1e-12,0.0,0.0,0.2,-0.2,2.42986102706755,0,0.0,0.0,0.0,0.0,0.0,0.0,0
11.287,-1.5954623688080611,-1.7783965400649298,-4.94640767375728e-12,0.0,0.0,1e-12,0.0,0.0,0.2,-0.2,2.390610958624342,0,0.0,0.0,0.0,0.0,0.0,0.0,0
11.384,-1.56276921816397,-1.7950851133427166,-4.946407621386831e-12,0.0,0.0,1e-12,0.0,0.0,0.2,-0.2,2.377320305578102,0,0.0,0.0,0.0,0.0,0.0,0.0,0
11.49,-1.5874740502481883,-1.8190982967945863,-4.946407592309248e-12,0.0,0.0,1e-12,0.0,0.0,0.2,-0.2,2.41175097698618,0,0.0,0.0,0.0,0.0,0.0,0.0,0
11.584,-1.571716320965494,-1.8068014994236374,-4.946407557361344e-12,0.0,0.0,1e-12,0.0,0.0,0.2,-0.2,2.391817254834816,0,0.0,0.0,0.0,0.0,0.0,0.0,0
11.687,-1.5844002077551915,-1.8042807599025823,-4.946407511322968e-12,0.0,0.0,1e-12,0.0,0.0,0.2,-0.2,2.3995418016843084,0,0.0,0.0,0.0,0.0,0.0,0.0,0
11.783,-1.5870678302648245,-1.8084375937822381,-4.9464074643384476e-12,0.0,0.0,1e-12,0.0,0.0,0.2,-0.2,2.404305081111676,0,0.0,0.0,0.0,0.0,0.0,0.0,0
11.884,-1.5750899585771696,-1.7976579331631206,-4.9464074668317064e-12,0.0,0.0,1e-12,0.0,0.0,0.2,-0.2,2.3881907864407634,0,0.0,0.0,0.0,0.0,0.0,0.0,0
11.986,-1.6182658049277048,-1.7856042270814774,-4.9464074614564905e-12,0.0,0.0,1e-12,0.0,0.0,0.2,-0.2,2.4125155548323503,0,0.0,0.0,0.0,0.0,0.0,0.0,0
12.091,-1.6076279319423334,-1.8027686423411045,-4.946407440865182e-12,0.0,0.0,1e-12,0.0,0.0,0.2,-0.2,2.415861349748794,0,0.0,0.0,0.0,0.0,0.0,0.0,0
12.183,-1.624697912535572,-1.80309320493061,-4.9464074220868874e-12,0.0,0.0,1e-12,0.0,0.0,0.2,-0.2,2.428874285694171,0,0.0,0.0,0.0,0.0,0.0,0.0,0
12.289,-1.5919914877863306,-1.790218160869125,-4.946407397607444e-12,0.0,0.0,1e-12,0.0,0.0,0.2,-0.2,2.395835405752375,0,0.0,0.0,0.0,0.0,0.0,0.0,0
12.383,-1.5913090475991571,-1.8082817397651676,-4.946407366747742e-12,0.0,0.0,1e-12,0.0,0.0,0.2,-0.2,2.4073550337398664,0,0.0,0.0,0.0,0.0,0.0,0.0,0
12.483,-1.6052392993186149,-1.811521963562606,-4.946407369061162e-12,0.0,0.0,1e-12,0.0,0.0,0.2,-0.2,2.4198950321964467,0,0.0,0.0,0.0,0.0,0.0,0.0,0
12.583,-1.5943309072797505,-1.788504494162974,-4.946407358839586e-12,0.0,0.0,1e-12,0.0,0.0,0.2,-0.2,2.39644944298755,0,0.0,0.0,0.0,0.0,0.0,0.0,0
12.684,-1.5891469100736975,-1.7730003684592166,-4.946407345080101e-12,0.0,0.0,1e-12,0.0,0.0,0.2,-0.2,2.3823049395489004,0,0.0,0.0,0.0,0.0,0.0,0.0,0
12.783,-1.6037335780236812,-1.8161705482390287,-4.946407306699721e-12,0.0,0.0,1e-12,0.0,0.0,0.2,-0.2,2.421871603013949,0,0.0,0.0,0.0,0.0,0.0,0.0,0
12.883,-1.5809517848319032,-1.767692014878982,-4.946407256488486e-12,0.0,0.0,1e-12,0.0,0.0,0.2,-0.2,2.372645678016687,0,0.0,0.0,0.0,0.0,0.0,0.0,0
12.984,-1.5831413218999695,-1.809001110165604,-4.9464072617691695e-12,0.0,0.0,1e-12,0.0,0.0,0.2,-0.2,2.401765506118638,0,0.0,0.0,0.0,0.0,0.0,0.0,0
13.083,-1.6226501372078959,-1.8019077196091373,-4.946407247877964e-12,0.0,0.0,1e-12,0.0,0.0,0.2,-0.2,2.42655349514642,0,0.0,0.0,0.0,0.0,0.0,0.0,0
13.183,-1.6299812572445687,-1.8006452057777873,-4.946407227280125e-12,0.0,0.0,1e-12,0.0,0.0,0.2,-0.2,2.431233529845668,0,0.0,0.0,0.0,0.0,0.0,0.0,0
13.288,-1.5818412532183097,-1.8047440798702996,-4.946407198466708e-12,0.0,0.0,1e-12,0.0,0.0,0.2,-0.2,2.39794950187642,0,0.0,0.0,0.0,0.0,0.0,0.0,0
13.387,-1.5790178011734117,-1.8133101020530444,-4.946407163975089e-12,0.0,0.0,1e-12,0.0,0.0,0.2,-0.2,2.4015981808533846,0,0.0,0.0,0.0,0.0,0.0,0.0,0
13.483,-1.603717407571657,-1.8068731318160745,-4.946407112510485e-12,0.0,0.0,1e-12,0.0,0.0,0.2,-0.2,2.415665073665929,0,0.0,0.0,0.0,0.0,0.0,0.0,0
13.583,-1.5806928011780084,-1.7739329658960221,-4.9464070486573615e-12,0.0,0.0,1e-12,0.0,0.0,0.2,-0.2,2.376579860493106,0,0.0,0.0,0.0,0.0,0.0,0.0,0
13.683,-1.580461722578443,-1.8118296059767518,-4.946407032311341e-12,0.0,0.0,1e-12,0.0,0.0,0.2,-0.2,2.401674129491794,0,0.0,0.0,0.0,0.0,0.0,0.0,0
13.783,-1.612933344441986,-1.7809290320131286,-4.946407000710452e-12,0.0,0.0,1e-12,0.0,0.0,0.2,-0.2,2.405423853638184,0,0.0,0.0,0.0,0.0,0.0,0.0,0
13.895,-1.599962032218624,-1.7851829833632382,-4.9464069479381336e-12,0.0,0.0,1e-12,0.0,0.0,0.2,-0.2,2.398472098685531,0,0.0,0.0,0.0,0.0,0.0,0.0,0
13.983,-1.5922133944312076,-1.8355794234789014,-4.946406937369106e-12,0.0,0.0,1e-12,0.0,0.0,0.2,-0.2,2.426344761505711,0,0.0,0.0,0.0,0.0,0.0,0.0,0
14.083,-1.5688852820900958,-1.8243757719679148,-4.946406896096662e-12,0.0,0.0,1e-12,0.0,0.0,0.2,-0.2,2.4015727741943023,0,0.0,0.0,0.0,0.0,0.0,0.0,0
14.183,-1.5903407161063348,-1.7826212815116256,-4.9464068650189454e-12,0.0,0.0,1e-12,0.0,0.0,0.2,-0.2,2.3895627215960755,0,0.0,0.0,0.0,0.0,0.0,0.0,0
14.289,-1.5979553627909853,-1.793815525623517,-4.946406837331491e-12,0.0,0.0,1e-12,0.0,0.0,0.2,-0.2,2.4026842106917488,0,0.0,0.0,0.0,0.0,0.0,0.0,0
14.386,-1.577030940419955,-1.7989417181837446,-4.946406805503895e-12,0.0,0.0,1e-12,0.0,0.0,0.2,-0.2,2.390492330328256,0,0.0,0.0,0.0,0.0,0.0,0.0,0
14.489,-1.5964024298348298,-1.7895308117531354,-4.9464067646327554e-12,0.0,0.0,1e-12,0.0,0.0,0.2,-0.2,2.39868086485657,0,0.0,0.0,0.0,0.0,0.0,0.0,0
14.583,-1.5884533858783523,-1.8025042573405514,-4.946406731294268e-12,0.0,0.0,1e-12,0.0,0.0,0.2,-0.2,2.401371568136496,0,0.0,0.0,0.0,0.0,0.0,0.0,0
14.683,-1.5988563679991643,-1.7857953728759974,-4.946406718340937e-12,0.0,0.0,1e-12,0.0,0.0,0.2,-0.2,2.398047371785234,0,0.0,0.0,0.0,0.0,0.0,0.0,0
14.793,-1.6063904533782503,-1.803917169346334,-4.9464066809191896e-12,0.0,0.0,1e-12,0.0,0.0,0.2,-0.2,2.4156979852994946,0,0.0,0.0,0.0,0.0,0.0,0.0,0
14.883,-1.620829124193049,-1.7968251685407641,-4.946406646172739e-12,0.0,0.0,1e-12,0.0,0.0,0.2,-0.2,2.4218318105093233,0,0.0,0.0,0.0,0.0,0.0,0.0,0
14.983,-1.6041980160226406,-1.8102727443020241,-4.946406625140245e-12,0.0,0.0,1e-12,0.0,0.0,0.2,-0.2,2.4182863337624028,0,0.0,0.0,0.0,0.0,0.0,0.0,0
15.084,-1.5987986013674724,-1.8032354512676765,-4.946406578978231e-12,0.0,0.0,1e-12,0.0,0.0,0.2,-0.2,2.409572642707218,0,0.0,0.0,0.0,0.0,0.0,0.0,0
15.183,-1.6010550110767516,-1.7895446017445225,-4.946406547320108e-12,0.0,0.0,1e-12,0.0,0.0,0.2,-0.2,2.4021763452877125,0,0.0,0.0,0.0,0.0,0.0,0.0,0
15.283,-1.596215964112627,-1.8130733166193163,-4.9464065323331756e-12,0.0,0.0,1e-12,0.0,0.0,0.2,-0.2,2.4142073884656834,0,0.0,0.0,0.0,0.0,0.0,0.0,0
15.383,-1.616634502931025,-1.7682993909486209,-4.946406512950007e-12,0.0,0.0,1e-12,0.0,0.0,0.2,-0.2,2.399942477829264,0,0.0,0.0,0.0,0.0,0.0,0.0,0
15.483,-1.5738013813371639,-1.8023268573260316,-4.9464064832078835e-12,0.0,0.0,1e-12,0.0,0.0,0.2,-0.2,2.3903603699321043,0,0.0,0.0,0.0,0.0,0.0,0.0,0
15.583,-1.6049652569739723,-1.7902556025409577,-4.946406453501425e-12,0.0,0.0,1e-12,0.0,0.0,0.2,-0.2,2.405579443771505,0,0.0,0.0,0.0,0.0,0.0,0.0,0
15.687,-1.6004285458903027,-1.799691327203031,-4.946406442952852e-12,0.0,0.0,1e-12,0.0,0.0,0.2,-0.2,2.4084341990565705,0,0.0,0.0,0.0,0.0,0.0,0.0,0
15.784,-1.5817984922210704,-1.7950424336309065,-4.946406400113159e-12,0.0,0.0,1e-12,0.0,0.0,0.2,-0.2,2.3914360187896486,0,0.0,0.0,0.0,0.0,0.0,0.0,0
15.885,-1.5689113667527064,-1.8155581242685515,-4.94640636746496e-12,0.0,0.0,1e-12,0.0,0.0,0.2,-0.2,2.395636758007576,0,0.0,0.0,0.0,0.0,0.0,0.0,0
15.983,-1.618816570769777,-1.797825851892347,-4.946406356517066e-12,0.0,0.0,1e-12,0.0,0.0,0.2,-0.2,2.4209793826222965,0,0.0,0.0,0.0,0.0,0.0,0.0,0
16.083,-1.6235978645019653,-1.7835960520545509,-4.9464063373689484e-12,0.0,0.0,1e-12,0.0,0.0,0.2,-0.2,2.4152195816320488,0,0.0,0.0,0.0,0.0,0.0,0.0,0
16.183,-1.5948917063727925,-1.7938841897001403,-4.946406300602869e-12,0.0,0.0,1e-12,0.0,0.0,0.2,-0.2,2.40043809496973,0,0.0,0.0,0.0,0.0,0.0,0.0,0
16.283,-1.5854632950940535,-1.7887174555666816,-4.9464062565343645e-12,0.0,0.0,1e-12,0.0,0.0,0.2,-0.2,2.3899586464519396,0,0.0,0.0,0.0,0.0,0.0,0.0,0
16.383,-1.6399597578844949,-1.801124040922848,-4.946406244270003e-12,0.0,0.0,1e-12,0.0,0.0,0.2,-0.2,2.4390674662779377,0,0.0,0.0,0.0,0.0,0.0,0.0,0
16.483,-1.6132578512325537,-1.7781252068465088,-4.94640623318613e-12,0.0,0.0,1e-12,0.0,0.0,0.2,-0.2,2.403826783181524,0,0.0,0.0,0.0,0.0,0.0,0.0,0
16.586,-1.6059985927036764,-1.7792817433367003,-4.946406191020099e-12,0.0,0.0,1e-12,0.0,0.0,0.2,-0.2,2.399116867033423,0,0.0,0.0,0.0,0.0,0.0,0.0,0
16.684,-1.6123576082753546,-1.8229322984974758,-4.946406150937362e-12,0.0,0.0,1e-12,0.0,0.0,0.2,-0.2,2.432806886248858,0,0.0,0.0,0.0,0.0,0.0,0.0,0
16.783,-1.5815631579644587,-1.7981981983032627,-4.946406126337863e-12,0.0,0.0,1e-12,0.0,0.0,0.2,-0.2,2.3933668266431893,0,0.0,0.0,0.0,0.0,0.0,0.0,0
16.883,-1.5848849168081887,-1.7740668162533209,-4.946406097332358e-12,0.0,0.0,1e-12,0.0,0.0,0.2,-0.2,2.379811023648567,0,0.0,0.0,0.0,0.0,0.0,0.0,0
16.984,-1.6101578530769747,-1.8147398729759379,-4.946406084568902e-12,0.0,0.0,1e-12,0.0,0.0,0.2,-0.2,2.4257073835140526,0,0.0,0.0,0.0,0.0,0.0,0.0,0
17.084,-1.5582237179971314,-1.8103846143364444,-4.946406060922923e-12,0.0,0.0,1e-12,0.0,0.0,0.2,-0.2,2.384258637106972,0,0.0,0.0,0.0,0.0,0.0,0.0,0
17.183,-1.6359541169933587,-1.7737545790612854,-4.946406040140874e-12,0.0,0.0,1e-12,0.0,0.0,0.2,-0.2,2.41814618971253,0,0.0,0.0,0.0,0.0,0.0,0.0,0
17.283,-1.6179176613609145,-1.790288896939246,-4.946405995852249e-12,0.0,0.0,1e-12,0.0,0.0,0.2,-0.2,2.415335049059691,0,0.0,0.0,0.0,0.0,0.0,0.0,0
17.383,-1.5890620265839241,-1.8595574820694918,-4.946405960472352e-12,0.0,0.0,1e-12,0.0,0.0,0.2,-0.2,2.440261045719783,0,0.0,0.0,0.0,0.0,0.0,0.0,0
17.485,-1.611673410824416,-1.8187987721560868,-4.9464059303261685e-12,0.0,0.0,1e-12,0.0,0.0,0.2,-0.2,2.429541111449285,0,0.0,0.0,0.0,0.0,0.0,0.0,0
17.584,-1.584047038122537,-1.7929219998470383,-4.946405875336973e-12,0.0,0.0,1e-12,0.0,0.0,0.2,-0.2,2.3916990470856665,0,0.0,0.0,0.0,0.0,0.0,0.0,0
17.682,-1.6118573700341898,-1.8141717510383746,-4.94640584271799e-12,0.0,0.0,1e-12,0.0,0.0,0.2,-0.2,2.426597941810201,0,0.0,0.0,0.0,0.0,0.0,0.0,0
17.763,-1.6122002256878858,-1.8057055489225409,-4.946405810103098e-12,0.0,0.0,1e-12,0.0,0.0,0.2,-0.2,2.421231085176271,0,0.0,0.0,0.0,0.0,0.0,0.0,0
17.864,-1.6326462900486098,-1.7865997317887088,-4.946405791527805e-12,0.0,0.0,1e-12,0.0,0.0,0.2,-0.2,2.4240237485100957,0,0.0,0.0,0.0,0.0,0.0,0.0,0
17.966,-1.6064369274902714,-1.7799935065542074,-4.946405744834146e-12,0.0,0.0,1e-12,0.0,0.0,0.2,-0.2,2.399915384707126,0,0.0,0.0,0.0,0.0,0.0,0.0,0
18.083,-1.579020530473567,-1.804578864756826,-4.946405703626912e-12,0.0,0.0,1e-12,0.0,0.0,0.2,-0.2,2.3957435966878333,0,0.0,0.0,0.0,0.0,0.0,0.0,0
18.189,-1.5947706825854762,-1.7838220108364582,-4.9464056556512624e-12,0.0,0.0,1e-12,0.0,0.0,0.2,-0.2,2.3936779159023,0,0.0,0.0,0.0,0.0,0.0,0.0,0
18.286,-1.6217230918586933,-1.7972591659510897,-4.94640563060212e-12,0.0,0.0,1e-12,0.0,0.0,0.2,-0.2,2.42279009958064,0,0.0,0.0,0.0,0.0,0.0,0.0,0
18.383,-1.6164265615194817,-1.7963929606990887,-4.9464056011079365e-12,0.0,0.0,1e-12,0.0,0.0,0.2,-0.2,2.4182381889224827,0,0.0,0.0,0.0,0.0,0.0,0.0,0
18.483,-1.5986486325000504,-1.7672031162815078,-4.946405579991284e-12,0.0,0.0,1e-12,0.0,0.0,0.2,-0.2,2.385636709743705,0,0.0,0.0,0.0,0.0,0.0,0.0,0
18.564,-1.5837353710659836,-1.7964834248107275,0.022999999992386798,0.0,0.0,1e-12,0.22,1.0,0.2,-0.2,2.3938402619404853,7,2.4290831061574085,12087.785757791855,12058.697241585336,28.664316203726962,0.42420000279118636,0.0,0
18.684,-1.5582656443275544,-1.794832886829834,0.1429999999700056,0.0,0.0,1e-12,0.22,1.0,0.2,-0.2,2.3738133905041003,7,2.429402204228251,12118.360060182113,12089.27154389155,28.66431628774483,0.42420000281965914,0.0,0
18.783,-1.5667554650549633,-1.8086519089749302,0.2429999999547279,0.0,0.0,1e-12,0.22,1.0,0.2,-0.2,2.3893902648061216,7,2.429402204228251,12118.360060182113,12089.27154389155,28.66431628774483,0.42420000281965914,0.0,0
18.884,-1.521788343964501,-1.7829905725709072,0.3429999999381209,0.0,0.0,1e-12,0.22,1.0,0.2,-0.2,2.338891672194415,7,2.429402204228251,12118.360060182113,12089.27154389155,28.66431628774483,0.42420000281965914,0.0,0
18.983,-1.5282283014938693,-1.7749519494980313,0.44299999992861455,0.0,0.0,1e-12,0.22,1.0,0.2,-0.2,2.3382144267179674,7,2.429402204228251,12118.360060182113,12089.27154389155,28.66431628774483,0.42420000281965914,0.0,0
19.083,-1.4739676016866912,-1.7483947845246077,0.5429999999191469,0.0,0.0,1e-12,0.22,1.0,0.2,-0.2,2.2802837411690016,7,2.429402204228251,12118.360060182113,12089.27154389155,28.66431628774483,0.42420000281965914,0.0,0
19.183,-1.4491972637374817,-1.7896917751011636,0.6429999999083631,0.0,0.0,1e-12,0.22,1.0,0.2,-0.2,2.2906268911683294,7,2.429402204228251,12118.360060182113,12089.27154389155,28.66431628774483,0.42420000281965914,0.0,0
19.284,-1.4398500370619747,-1.7362565542403787,0.7429999999124565,0.0,0.0,1e-12,0.22,1.0,0.2,-0.2,2.24704079724839,7,2.3249436562416257,10303.45902610056,10274.595253265432,28.66431635763017,0.19945647749698514,0.0,0
19.384,-1.3944835912534954,-1.7509674110156381,0.8429999999145635,0.0,0.0,1e-12,0.22,1.0,0.2,-0.2,2.2243825733918157,7,2.3249436562416257,10303.45902610056,10274.595253265432,28.66431635763017,0.19945647749698514,0.0,0
19.483,-1.4176229272054253,-1.7053267877333314,0.9429999999146536,0.0,0.0,1e-12,0.22,1.0,0.2,-0.2,2.209686102705133,7,2.3249436562416257,10303.45902610056,10274.595253265432,28.66431635763017,0.19945647749698514,0.0,0
19.587,-1.396511258559157,-1.6758034762910625,1.0429999999127304,0.0,0.0,1e-12,0.22,1.0,0.2,-0.2,2.174130653695616,7,2.3249436562416257,10303.45902610056,10274.595253265432,28.66431635763017,0.19945647749698514,0.0,0
19.684,-1.3671399851661665,-1.6527096428299508,1.1429999999088076,0.0,0.0,1e-12,0.22,1.0,0.2,-0.2,2.136888635254008,7,2.3249436562416257,10303.45902610056,10274.595253265432,28.66431635763017,0.19945647749698514,0.0,0
19.784,-1.3925911715095123,-1.6459495780282292,1.1676451516776516,0.0,0.0,1e-12,0.22,-0.5698926718914724,0.2,-0.2,2.1510734115250587,7,2.2156067995165802,8618.631785342122,8589.910671142752,28.66431627542581,0.05679792394458551,0.0,0
19.883,-1.372524135895821,-1.6507067119935672,1.1106558844830003,0.0,0.0,1e-12,0.22,-0.5698926718914724,0.2,-0.2,2.1394817414967777,7,2.2156067995165802,8618.631785342122,8589.910671142752,28.66431627542581,0.05679792394458551,0.0,0
19.983,-1.3927531737144458,-1.602491859020449,1.053666617289794,0.0,0.0,1e-12,0.22,-0.5698926718914724,0.2,-0.2,2.122226681341104,7,2.2156067995165802,8618.631785342122,8589.910671142752,28.66431627542581,0.05679792394458551,0.0,0
20.083,-1.3579472216152155,-1.5877805963646967,0.9966773500979299,0.0,0.0,1e-12,0.22,-0.5698926718914724,0.2,-0.2,2.086416671948564,7,2.2156067995165802,8618.631785342122,8589.910671142752,28.66431627542581,0.05679792394458551,0.0,0
20.184,-1.3464755797236956,-1.58117298847845,0.939688082907298,0.0,0.0,1e-12,0.22,-0.5698926718914724,0.2,-0.2,2.07345738870714,7,2.2156067995165802,8618.631785342122,8589.910671142752,28.66431627542581,0.05679792394458551,0.0,0
20.283,-1.329219549157767,-1.5475624013027935,0.8826988157178133,0.0,0.0,1e-12,0.22,-0.9978914093781694,0.2,-0.2,2.0382435710511233,7,2.112055649168438,7248.124743004492,7219.336603513656,28.664316222258222,0.12382326857821252,0.0,0
20.383,-1.363995659901588,-1.5376094915223322,0.7889016571127778,0.0,0.0,1e-12,0.22,-0.9978914093781694,0.2,-0.2,2.0579799746357192,7,2.112055649168438,7248.124743004492,7219.336603513656,28.664316222258222,0.12382326857821252,0.0,0
20.483,-1.3183467557557011,-1.5534446060820237,0.6891125161780683,0.0,0.0,1e-12,0.22,-0.9978914093781694,0.2,-0.2,2.034008154469,7,2.112055649168438,7248.124743004492,7219.336603513656,28.664316222258222,0.12382326857821252,0.0,0
20.583,-1.3018258630093256,-1.5574022713066922,0.5893233752453741,0.0,0.0,1e-12,0.22,-0.9978914093781694,0.2,-0.2,2.0243571446146236,7,2.112055649168438,7248.124743004492,7219.336603513656,28.664316222258222,0.12382326857821252,0.0,0
20.69,-1.245170360726881,-1.507940149714697,0.4895342343146184,0.0,0.0,1e-12,0.22,-0.9978914093781694,0.2,-0.2,1.949160025949426,7,2.112055649168438,7248.124743004492,7219.336603513656,28.664316222258222,0.12382326857821252,0.0,0
20.784,-1.2071192768848091,-1.51486863431357,0.38974509338572166,0.0,0.0,1e-12,0.22,0.7707270249680486,0.2,-0.2,1.9258411629421728,7,2.0030021961420656,6039.273290832449,6010.525358597017,28.66431621299322,0.08361602243870608,0.0,0
20.886,-1.233193673726104,-1.487256925489821,0.44913161150355224,0.0,0.0,1e-12,0.22,0.7707270249680486,0.2,-0.2,1.9264149341795584,7,2.0030021961420656,6039.273290832449,6010.525358597017,28.66431621299322,0.08361602243870608,0.0,0
20.992,-1.18863278903727,-1.4750189672589766,0.5262043140050573,0.0,0.0,1e-12,0.22,0.7707270249680486,0.2,-0.2,1.8851987666184102,7,2.0030021961420656,6039.273290832449,6010.525358597017,28.66431621299322,0.08361602243870608,0.0,0
21.084,-1.1571408865519597,-1.4692152022625287,0.6032770165102347,0.0,0.0,1e-12,0.22,1.0,0.2,-0.2,1.858154626398285,7,1.896287240631621,5049.024208265287,5020.217788620877,28.664316210746705,0.142103433662842,0.0,0
21.191,-1.176331541678514,-1.4346062916604307,0.7016721056813356,0.0,0.0,1e-12,0.22,1.0,0.2,-0.2,1.8489297466444408,7,1.896287240631621,5049.024208265287,5020.217788620877,28.664316210746705,0.142103433662842,0.0,0
21.283,-1.1610079308567132,-1.4539439751639498,0.8016721056842417,0.0,0.0,1e-12,0.22,1.0,0.2,-0.2,1.850599384173906,7,1.896287240631621,5049.024208265287,5020.217788620877,28.664316210746705,0.142103433662842,0.0,0
21.384,-1.097041970473689,-1.4148229649556583,0.9016721056850029,0.0,0.0,1e-12,0.22,1.0,0.2,-0.2,1.7771079622110544,7,1.896287240631621,5049.024208265287,5020.217788620877,28.664316210746705,0.142103433662842,0.0,0
21.485,-1.1188882637483748,-1.365424749630961,1.0016721056837987,0.0,0.0,1e-12,0.22,1.0,0.2,-0.2,1.7600230394246523,7,1.896287240631621,5049.024208265287,5020.217788620877,28.664316210746705,0.142103433662842,0.0,0
21.583,-1.0908288483993067,-1.3716324040893824,1.1016721056806327,0.0,0.0,1e-12,0.22,1.0,0.2,-0.2,1.743261772130665,7,1.896287240631621,5049.024208265287,5020.217788620877,28.664316210746705,0.142103433662842,0.0,0
21.685,-1.1382870444965292,-1.3338327415264557,1.2016721056755215,0.0,0.0,1e-12,0.22,1.0,0.2,-0.2,1.7540207807277124,7,1.896287240631621,5049.024208265287,5020.217788620877,28.664316210746705,0.142103433662842,0.0,0
21.792,-1.0426513796754824,-1.3431492191512395,1.1396721057146335,0.0,0.0,1e-12,0.22,-1.0,0.2,-0.2,1.6884823329414698,7,1.7889167726635065,4167.778113996219,4138.987016960586,28.664316205986857,0.1267808296461922,0.0,0
21.884,-1.0949759661655498,-1.3476273218676966,1.0396721057272138,0.0,0.0,1e-12,0.22,-1.0,0.2,-0.2,1.7303211328662726,7,1.7889167726635065,4167.778113996219,4138.987016960586,28.664316205986857,0.1267808296461922,0.0,0
21.987000000000002,-1.0764169901769471,-1.2608421195333284,0.9396721057270484,0.0,0.0,1e-12,0.22,-1.0,0.2,-0.2,1.659706701615783,7,1.7889167726635065,4167.778113996219,4138.987016960586,28.664316205986857,0.1267808296461922,0.0,0
22.092,-1.0531202962755262,-1.3097004873454987,0.8396721057270955,0.0,0.0,1e-12,0.22,-1.0,0.2,-0.2,1.673841584067172,7,1.7889167726635065,4167.778113996219,4138.987016960586,28.664316205986857,0.1267808296461922,0.0,0
22.183,-1.0103036109459613,-1.263847653140737,0.7396721057292029,0.0,0.0,1e-12,0.22,-1.0,0.2,-0.2,1.6113989759714653,7,1.7889167726635065,4167.778113996219,4138.987016960586,28.664316205986857,0.1267808296461922,0.0,0
22.288,-0.9634656291312188,-1.2697083851661914,0.6446031424878113,0.0,0.0,1e-12,0.22,-0.8356321080921048,0.2,-0.2,1.5804835650725901,7,1.6851489396371,3444.647389353054,3415.888971952808,28.664316203477803,0.09410119676827937,0.0,0
22.383,-1.043335725353365,-1.2188907814820336,0.5610399316844127,0.0,0.0,1e-12,0.22,-0.8356321080921048,0.2,-0.2,1.6074893935976833,7,1.6851489396371,3444.647389353054,3415.888971952808,28.664316203477803,0.09410119676827937,0.0,0
22.483,-1.0097324693135994,-1.203517650475193,0.4774767208826369,0.0,0.0,1e-12,0.22,-0.8356321080921048,0.2,-0.2,1.5717825301633908,7,1.6851489396371,3444.647389353054,3415.888971952808,28.664316203477803,0.09410119676827937,0.0,0
22.589,-1.035560781144051,-1.2589974132269786,0.3939135100823854,0.0,0.0,1e-12,0.22,-0.8356321080921048,0.2,-0.2,1.62729406227723,7,1.6851489396371,3444.647389353054,3415.888971952808,28.664316203477803,0.09410119676827937,0.0,0
22.683,-0.9318252925168953,-1.1608268734400533,0.31035029928358715,0.0,0.0,1e-12,0.22,-0.8356321080921048,0.2,-0.2,1.4846604909896215,7,1.6851489396371,3444.647389353054,3415.888971952808,28.664316203477803,0.09410119676827937,0.0,0
22.787,-0.9129258531859972,-1.2034326769592452,0.2469790416440761,0.0,0.0,1e-12,0.22,1.0,0.2,-0.2,1.4984929402167286,7,1.5776700698166781,2820.4187193784423,2791.6040059018587,28.66431620279205,0.1503972737916055,0.0,0
22.883,-0.8818725627024391,-1.1951776492225539,0.3469790416324073,0.0,0.0,1e-12,0.22,1.0,0.2,-0.2,1.4699751002790733,7,1.5776700698166781,2820.4187193784423,2791.6040059018587,28.66431620279205,0.1503972737916055,0.0,0
22.986,-0.9019110007246666,-1.2116228529119575,0.4469790416227055,0.0,0.0,1e-12,0.22,1.0,0.2,-0.2,1.4958571623158958,7,1.5776700698166781,2820.4187193784423,2791.6040059018587,28.66431620279205,0.1503972737916055,0.0,0
23.085,-0.9096104816601065,-1.1533032335914322,0.5469790416127225,0.0,0.0,1e-12,0.22,1.0,0.2,-0.2,1.4628815660147796,7,1.5776700698166781,2820.4187193784423,2791.6040059018587,28.66431620279205,0.1503972737916055,0.0,0
23.184,-0.8550277346913201,-1.1044427649625703,0.6469790416025184,0.0,0.0,1e-12,0.22,1.0,0.2,-0.2,1.3896403261495538,7,1.5776700698166781,2820.4187193784423,2791.6040059018587,28.66431620279205,0.1503972737916055,0.0,0
23.283,-0.7802973762614446,-1.1511358187003966,0.7469790416063298,0.0,0.0,1e-12,0.22,1.0,0.2,-0.2,1.3658851677648258,7,1.476042443858358,2323.2247473012076,2294.3641610317554,28.66431620510142,0.19627006435094604,0.0,0
23.383,-0.8027460597647392,-1.080143603951078,0.8469790416081913,0.0,0.0,1e-12,0.22,1.0,0.2,-0.2,1.3342235284800303,7,1.476042443858358,2323.2247473012076,2294.3641610317554,28.66431620510142,0.19627006435094604,0.0,0
23.483,-0.8084467500778679,-1.1374261598811963,0.9469790416080953,0.0,0.0,1e-12,0.22,1.0,0.2,-0.2,1.3768560756201864,7,1.476042443858358,2323.2247473012076,2294.3641610317554,28.66431620510142,0.19627006435094604,0.0,0
23.583,-0.8334128912681789,-1.1239691139710513,1.0469790416060265,0.0,0.0,1e-12,0.22,1.0,0.2,-0.2,1.3862399241876229,7,1.476042443858358,2323.2247473012076,2294.3641610317554,28.66431620510142,0.19627006435094604,0.0,0
23.683,-0.7870214591249591,-1.0976847912456218,1.1469790416019872,0.0,0.0,1e-12,0.22,1.0,0.2,-0.2,1.3341848991825904,7,1.476042443858358,2323.2247473012076,2294.3641610317554,28.66431620510142,0.19627006435094604,0.0,0
23.785,-0.7866875015619493,-1.0469983140375863,1.24697904159601,0.0,0.0,1e-12,0.22,-0.8208699121657042,0.2,-0.2,1.3003685514964884,7,1.365949841062392,1847.2119170786134,1818.455715624969,28.664316203202958,0.09188525044143442,0.0,0
23.883,-0.7553828156611685,-1.0548751678100672,1.1885633592738503,0.0,0.0,1e-12,0.22,-0.8208699121657042,0.2,-0.2,1.2820171125998876,7,1.365949841062392,1847.2119170786134,1818.455715624969,28.664316203202958,0.09188525044143442,0.0,0
23.983,-0.7096151153779112,-0.9774796671266774,1.1064763680618646,0.0,0.0,1e-12,0.22,-0.8208699121657042,0.2,-0.2,1.1966094980900746,7,1.365949841062392,1847.2119170786134,1818.455715624969,28.664316203202958,0.09188525044143442,0.0,0
24.09,-0.6894545773425906,-1.0460998921666254,1.0243893768416252,0.0,0.0,1e-12,0.22,-0.8208699121657042,0.2,-0.2,1.227605177848343,7,1.365949841062392,1847.2119170786134,1818.455715624969,28.664316203202958,0.09188525044143442,0.0,0
24.163,-0.7474923425405486,-0.9726165288743982,0.9587197838667529,0.0,0.0,1e-12,0.22,-0.8208699121657042,0.2,-0.2,1.2225702596836308,7,1.365949841062392,1847.2119170786134,1818.455715624969,28.664316203202958,0.09188525044143442,0.0,0
24.292,-0.7269087511492482,-0.9641550483283984,0.8568119227405389,0.0,0.0,1e-12,0.22,-1.0,0.2,-0.2,1.2012879633305396,7,1.2670365675698885,1485.560409176954,1456.7078163109556,28.66431620063107,0.18827666536730114,0.0,0
24.391,-0.6632068841350056,-0.9092873720724439,0.7568119227422594,0.0,0.0,1e-12,0.22,-1.0,0.2,-0.2,1.1172352934809653,7,1.2670365675698885,1485.560409176954,1456.7078163109556,28.66431620063107,0.18827666536730114,0.0,0
24.484,-0.7377890723130958,-0.9618265815917482,0.6568119227460177,0.0,0.0,1e-12,0.22,-1.0,0.2,-0.2,1.2082334561539112,7,1.2670365675698885,1485.560409176954,1456.7078163109556,28.66431620063107,0.18827666536730114,0.0,0
24.583,-0.6538846616827825,-0.930434616176224,0.556811922751764,0.0,0.0,1e-12,0.22,-1.0,0.2,-0.2,1.1236786657962443,7,1.2670365675698885,1485.560409176954,1456.7078163109556,28.66431620063107,0.18827666536730114,0.0,0
24.664,-0.6597359190020025,-0.9463280189550792,0.4768119227577353,0.0,0.0,1e-12,0.22,-1.0,0.2,-0.2,1.1384864348333847,7,1.2670365675698885,1485.560409176954,1456.7078163109556,28.66431620063107,0.18827666536730114,0.0,0
24.783,-0.599445133470758,-0.9095822635730111,0.3568119227689077,0.0,0.0,1e-12,0.22,-1.0,0.2,-0.2,1.0689338193768014,7,1.2670365675698885,1485.560409176954,1456.7078163109556,28.66431620063107,0.18827666536730114,0.0,0
24.883,-0.604251870692783,-0.9183764149252801,0.2884222009258745,0.0,0.0,1e-12,0.22,0.5052513415718911,0.2,-0.2,1.0783718027812759,7,1.1551296951158196,1149.403241863425,1120.6891612324212,28.664316200172912,0.04976443083102611,0.0,0
24.986,-0.6548491739370407,-0.9028885924225156,0.3389473350954332,0.0,0.0,1e-12,0.22,0.5052513415718911,0.2,-0.2,1.1067156290296736,7,1.1551296951158196,1149.403241863425,1120.6891612324212,28.664316200172912,0.04976443083102611,0.0,0
25.065,-0.5683830001249583,-0.8740517006760057,0.3793674424308677,0.0,0.0,1e-12,0.22,0.5052513415718911,0.2,-0.2,1.0221341057147282,7,1.1551296951158196,1149.403241863425,1120.6891612324212,28.664316200172912,0.04976443083102611,0.0,0
25.187,-0.6328299432770738,-0.8804620701883011,0.4399976034318123,0.0,0.0,1e-12,0.22,1.0,0.2,-0.2,1.0754693595746196,7,1.055834435354492,904.943137564694,876.0326388108749,28.66431620148642,0.24618255233274877,0.0,0
25.285,-0.5842976212178155,-0.8395928225608337,0.5345553681734714,0.0,0.0,1e-12,0.22,1.0,0.2,-0.2,1.0120285259414668,7,1.055834435354492,904.943137564694,876.0326388108749,28.66431620148642,0.24618255233274877,0.0,0
25.383,-0.5436591927505824,-0.8215816620430663,0.6345553681618653,0.0,0.0,1e-12,0.22,1.0,0.2,-0.2,0.9692227595092207,7,1.055834435354492,904.943137564694,876.0326388108749,28.66431620148642,0.24618255233274877,0.0,0
25.483,-0.48632047545465096,-0.8441513860447852,0.7345553681655554,0.0,0.0,1e-12,0.22,1.0,0.2,-0.2,0.9412580959395335,7,1.055834435354492,904.943137564694,876.0326388108749,28.66431620148642,0.24618255233274877,0.0,0
25.584,-0.4677159441553452,-0.7915106968547347,0.8345553681676214,0.0,0.0,1e-12,0.22,1.0,0.2,-0.2,0.8920367069649309,7,1.055834435354492,904.943137564694,876.0326388108749,28.66431620148642,0.24618255233274877,0.0,0
25.683,-0.4200769780096846,-0.8259240356135052,0.934555368167726,0.0,0.0,1e-12,0.22,1.0,0.2,-0.2,0.8810654669298528,7,1.055834435354492,904.943137564694,876.0326388108749,28.66431620148642,0.24618255233274877,0.0,0
25.783,-0.4256143400486118,-0.8358250626871746,1.0321848209731732,0.0,0.0,1e-12,0.22,0.2098175982574877,0.2,-0.2,0.8920015766889707,7,0.9452827017859631,672.644446451587,643.9514760734921,28.6643162016262,0.028654176468600474,0.0,0
25.884,-0.4648087684611863,-0.7738341427937747,1.0531665807957864,0.0,0.0,1e-12,0.22,0.2098175982574877,0.2,-0.2,0.8782120029120221,7,0.9452827017859631,672.644446451587,643.9514760734921,28.6643162016262,0.028654176468600474,0.0,0
25.983,-0.468870790058858,-0.7877249992995214,1.07414834061793,0.0,0.0,1e-12,0.22,0.2098175982574877,0.2,-0.2,0.8903981180323683,7,0.9452827017859631,672.644446451587,643.9514760734921,28.6643162016262,0.028654176468600474,0.0,0
26.083,-0.4871485725762005,-0.7552622906444634,1.0951301004397462,0.0,0.0,1e-12,0.22,0.2098175982574877,0.2,-0.2,0.8834530956452903,7,0.9452827017859631,672.644446451587,643.9514760734921,28.6643162016262,0.028654176468600474,0.0,0
26.183,-0.4287269264954898,-0.6900036024680611,1.0882860555243852,0.0,0.0,1e-12,0.22,-1.0,0.2,-0.2,0.7971204918531092,7,0.8154984375201559,456.6811366754877,427.6654148236349,28.66431620036243,0.3514056514904404,0.0,0
26.283,-0.3625011576363949,-0.6715371041501453,0.9882860555310625,0.0,0.0,1e-12,0.22,-1.0,0.2,-0.2,0.733999177746535,7,0.8154984375201559,456.6811366754877,427.6654148236349,28.66431620036243,0.3514056514904404,0.0,0
26.383,-0.3866943302089042,-0.7230147763500278,0.888286055529977,0.0,0.0,1e-12,0.22,-1.0,0.2,-0.2,0.7859737230847761,7,0.8154984375201559,456.6811366754877,427.6654148236349,28.66431620036243,0.3514056514904404,0.0,0
26.483,-0.40740790174207014,-0.620540781342482,0.7882860555311011,0.0,0.0,1e-12,0.22,-1.0,0.2,-0.2,0.7387820435492796,7,0.8154984375201559,456.6811366754877,427.6654148236349,28.66431620036243,0.3514056514904404,0.0,0
26.583,-0.4314461140821737,-0.6513885753483007,0.6882860555342655,0.0,0.0,1e-12,0.22,-1.0,0.2,-0.2,0.7761931724412718,7,0.8154984375201559,456.6811366754877,427.6654148236349,28.66431620036243,0.3514056514904404,0.0,0
26.683,-0.3131836882803956,-0.6244354038736284,0.5882860555394182,0.0,0.0,1e-12,0.22,-1.0,0.2,-0.2,0.6659601414337349,7,0.8154984375201559,456.6811366754877,427.6654148236349,28.66431620036243,0.3514056514904404,0.0,0
26.784,-0.30628653516594384,-0.6458534323372882,0.4882860555465058,0.0,0.0,1e-12,0.22,-1.0,0.2,-0.2,0.674619402935668,7,0.8154984375201559,456.6811366754877,427.6654148236349,28.66431620036243,0.3514056514904404,0.0,0
26.885,-0.28205596963926083,-0.5982114785324133,0.3882860555554554,0.0,0.0,1e-12,0.22,-1.0,0.2,-0.2,0.6252602174293664,7,0.7110609528061853,325.8334647488792,296.94072149828224,28.664316199931704,0.22842705066525787,0.0,0
26.983,-0.3050221039187893,-0.6442941090465628,0.28828605556616904,0.0,0.0,1e-12,0.22,-1.0,0.2,-0.2,0.6726400083105669,7,0.7110609528061853,325.8334647488792,296.94072149828224,28.664316199931704,0.22842705066525787,0.0,0
27.084,-0.289189401169231,-0.5736744149441859,0.1882860555785299,0.0,0.0,1e-12,0.22,-1.0,0.2,-0.2,0.6155800830112931,7,0.7110609528061853,325.8334647488792,296.94072149828224,28.664316199931704,0.22842705066525787,0.0,0
27.185,-0.21083983279640808,-0.534621900947483,0.08828605559244093,0.0,0.0,1e-12,0.22,-1.0,0.2,-0.2,0.5298690260865299,7,0.7110609528061853,325.8334647488792,296.94072149828224,28.664316199931704,0.22842705066525787,0.0,0
27.293,-0.23211275673005816,-0.6368915404642591,-0.011713944392257536,0.0,0.0,1e-12,0.22,0.8774614211945405,0.2,-0.2,0.6144881224711213,7,0.5979625441980482,211.50222401588724,182.73480589980605,28.66431619890072,0.10310191718047579,0.0,0
27.383,-0.2646483984149925,-0.6362158871413108,0.04036043069190815,0.0,0.0,1e-12,0.22,0.8774614211945405,0.2,-0.2,0.637324434133902,7,0.5979625441980482,211.50222401588724,182.73480589980605,28.66431619890072,0.10310191718047579,0.0,0
27.484,-0.19025367861432058,-0.6774880777589308,0.12810657279968055,0.0,0.0,1e-12,0.22,0.8774614211945405,0.2,-0.2,0.6166788451649109,7,0.5979625441980482,211.50222401588724,182.73480589980605,28.66431619890072,0.10310191718047579,0.0,0
27.594,-0.19348231677682443,-0.567966618530161,0.2158527149044831,0.0,0.0,1e-12,0.22,0.8774614211945405,0.2,-0.2,0.5387279145993626,7,0.5979625441980482,211.50222401588724,182.73480589980605,28.66431619890072,0.10310191718047579,0.0,0
27.683,-0.10443395135089328,-0.5258882986602329,0.3051918585300926,0.0,0.0,1e-12,0.22,1.0,0.2,-0.2,0.4459632428113097,7,0.5081563845344097,147.4438529917873,118.43543744964573,28.664316199908303,0.3440993422332818,0.0,0
27.793,-0.08412378862706989,-0.5758258808881705,0.40519185851692957,0.0,0.0,1e-12,0.22,1.0,0.2,-0.2,0.4711384297732135,7,0.5081563845344097,147.4438529917873,118.43543744964573,28.664316199908303,0.3440993422332818,0.0,0
27.884,-0.15892803505522668,-0.5964969326993161,0.5051918585083839,0.0,0.0,1e-12,0.22,1.0,0.2,-0.2,0.5348262820660294,7,0.5081563845344097,147.4438529917873,118.43543744964573,28.664316199908303,0.3440993422332818,0.0,0
27.983,-0.109279148728504,-0.5777693506631527,0.6051918584975926,0.0,0.0,1e-12,0.22,1.0,0.2,-0.2,0.48822461443344717,7,0.5081563845344097,147.4438529917873,118.43543744964573,28.664316199908303,0.3440993422332818,0.0,0
28.083,-0.12490642949425246,-0.596085299020438,0.7051918584961049,0.0,0.0,1e-12,0.22,1.0,0.2,-0.2,0.5122965469596819,7,0.5081563845344097,147.4438529917873,118.43543744964573,28.664316199908303,0.3440993422332818,0.0,0
28.183,-0.12144808847905646,-0.5792903134973764,0.8051918584990192,0.0,0.0,1e-12,0.22,1.0,0.2,-0.2,0.4971820747973295,7,0.5081563845344097,147.4438529917873,118.43543744964573,28.664316199908303,0.3440993422332818,0.0,0
28.283,-0.016826986405813798,-0.4528041399272858,0.905191858499952,0.0,0.0,1e-12,0.22,1.0,0.2,-0.2,0.33305236104582964,7,0.4007729501514984,89.28046938720081,60.46765206737674,28.664316198846976,0.14850112097710713,0.0,0
28.383,-0.05062461980149121,-0.500727838224443,1.0051918584988535,0.0,0.0,1e-12,0.22,1.0,0.2,-0.2,0.39147149670670633,7,0.4007729501514984,89.28046938720081,60.46765206737674,28.664316198846976,0.14850112097710713,0.0,0
28.485,-0.02847048861717632,-0.4439016055077271,1.1051918584957334,0.0,0.0,1e-12,0.22,1.0,0.2,-0.2,0.3341956871927258,7,0.4007729501514984,89.28046938720081,60.46765206737674,28.664316198846976,0.14850112097710713,0.0,0
28.585,0.05192344003962195,-0.4471778683161184,1.2051918584906516,0.0,0.0,1e-12,0.22,1.0,0.2,-0.2,0.2881381026435063,7,0.4007729501514984,89.28046938720081,60.46765206737674,28.664316198846976,0.14850112097710713,0.0,0
28.668,0.035275654438527995,-0.4450754633406815,1.2851918584851858,0.0,0.0,1e-12,0.22,1.0,0.2,-0.2,0.2952898453254107,7,0.4007729501514984,89.28046938720081,60.46765206737674,28.664316198846976,0.14850112097710713,0.0,0
28.783,0.04438018901087341,-0.49442872138572946,1.405191858474766,0.0,0.0,1e-12,0.22,1.0,0.2,-0.2,0.3330252205901634,7,0.4007729501514984,89.28046938720081,60.46765206737674,28.664316198846976,0.14850112097710713,0.0,0
28.883,0.02874453781542646,-0.44294361958227124,1.3671918585144565,0.0,0.0,1e-12,0.22,-1.0,0.2,-0.2,0.2972373388788616,7,0.29659343184021375,51.80706947979179,22.98609233366313,28.664316197999856,0.1566609481288025,0.0,0
28.983,0.1501040145107358,-0.35173629128095835,1.2671918585324797,0.0,0.0,1e-12,0.22,-1.0,0.2,-0.2,0.15972949464530556,7,0.29659343184021375,51.80706947979179,22.98609233366313,28.664316197999856,0.1566609481288025,0.0,0
29.086,0.07627625817880422,-0.2643593330127609,1.1671918585422278,0.0,0.0,1e-12,0.22,-1.0,0.2,-0.2,0.13946213836050758,7,0.29659343184021375,51.80706947979179,22.98609233366313,28.664316197999856,0.1566609481288025,0.0,0
29.188,0.11146167469528549,-0.35852015406456506,1.0671918585541187,0.0,0.0,1e-12,0.22,-1.0,0.2,-0.2,0.1815700258644496,7,0.2560185233743297,39.013617291718816,9.92510109321316,28.66431619846019,0.4242000000454635,0.0,0
29.283,0.07170513439068481,-0.24297821802383585,0.9671918585578434,0.0,0.0,1e-12,0.22,-1.0,0.2,-0.2,0.13530225336710625,7,0.2560185233743297,39.013617291718816,9.92510109321316,28.66431619846019,0.4242000000454635,0.0,0
29.384,0.11747643037309123,-0.24007862349811196,0.8671918585573801,0.0,0.0,1e-12,0.22,-1.0,0.2,-0.2,0.09174113366135538,7,0.2560185233743297,39.013617291718816,9.92510109321316,28.66431619846019,0.4242000000454635,0.0,0
29.483,0.04016602920967786,-0.29493653902988337,0.7671918585589508,0.0,0.0,1e-12,0.22,-1.0,0.2,-0.2,0.18590278282364178,7,0.2560185233743297,39.013617291718816,9.92510109321316,28.66431619846019,0.4242000000454635,0.0,0
29.583,0.10298934417223034,-0.238435110873098,0.6671918585625312,0.0,0.0,1e-12,0.22,-1.0,0.2,-0.2,0.1043471374401872,7,0.2560185233743297,39.013617291718816,9.92510109321316,28.66431619846019,0.4242000000454635,0.0,0
29.683,0.08718506201579113,-0.2904947104584473,0.5671918585680905,0.0,0.0,1e-12,0.22,-1.0,0.2,-0.2,0.1446253879971947,7,0.2560185233743297,39.013617291718816,9.92510109321316,28.66431619846019,0.4242000000454635,0.0,0
29.783,0.16948122287123177,-0.24333544940445967,0.46719185857556494,0.0,0.0,1e-12,0.22,-1.0,0.2,-0.2,0.053003367180981156,7,0.2560185233743297,39.013617291718816,9.92510109321316,28.66431619846019,0.4242000000454635,0.0,0
29.883,0.14341334403755973,-0.3102191031476702,0.3671918585848853,0.0,0.0,1e-12,0.22,-1.0,0.2,-0.2,0.12389632896776377,7,0.2560185233743297,39.013617291718816,9.92510109321316,28.66431619846019,0.4242000000454635,0.0,0
29.984,0.1564859281674657,-0.21882892178962768,0.2671918585959486,0.0,0.0,1e-12,0.22,-1.0,0.2,-0.2,0.04741310729330942,7,0.2560185233743297,39.013617291718816,9.92510109321316,28.66431619846019,0.4242000000454635,0.0,0
30.085,0.23850406091399004,-0.19837328604249443,0.16719185860865496,0.0,0.0,1e-12,0.22,-1.0,0.2,-0.2,0.03853840818155049,7,0.2560185233743297,39.013617291718816,9.92510109321316,28.66431619846019,0.4242000000454635,0.0,0
30.183,0.3500609313292101,-0.11657398799059096,0.06719185862284072,0.0,0.0,1e-12,0.22,-1.0,0.2,-0.2,0.17169211569313245,7,0.14173873398736475,30.488094946775423,1.6122697594004805,28.664316196650766,0.21150899072417517,0.0,0
30.283,0.16193567975702222,-0.3164958915743456,-0.03280814136154686,0.0,0.0,1e-12,0.22,-1.0,0.2,-0.2,0.12255686528816594,7,0.14173873398736475,30.488094946775423,1.6122697594004805,28.664316196650766,0.21150899072417517,0.0,0
30.383,0.21477103487822288,-0.23043786158635593,-0.12980790307677145,0.0,0.0,1e-12,0.0,7.94241158829228e-05,0.2,-0.2,0.03383263054100047,7,0.03609679632898197,29.566917962582693,0.9026017359305822,28.664316194762122,3.18899902057453e-08,0.0,0
30.484,0.20650668935113473,-0.2034281565481539,-0.12979996068508273,0.0,0.0,1e-12,0.0,7.94241158829228e-05,0.2,-0.2,0.007354540341232778,7,0.03609679632898197,29.566917962582693,0.9026017359305822,28.664316194762122,3.18899902057453e-08,0.0,0
30.587,0.2599877446487223,-0.1743516154377273,-0.1297920182740871,0.0,0.0,1e-12,0.0,7.94241158829228e-05,0.2,-0.2,0.06524085482804882,7,0.03609679632898197,29.566917962582693,0.9026017359305822,28.664316194762122,3.18899902057453e-08,0.0,0
30.693,0.29682352114525407,-0.1319422711101829,-0.1297840760770815,0.0,0.0,1e-12,0.0,7.941974647576355e-05,0.2,-0.2,0.11834968824887249,7,0.0884858696282279,35.970974708821366,7.306658481957688,28.664316194977197,3.1886481535447804e-08,0.0,0
30.769,0.29460103332660376,-0.19578280694974015,-0.12977772249788547,0.0,0.0,1e-12,0.0,7.941974647576355e-05,0.2,-0.2,0.09469498520874457,7,0.0884858696282279,35.970974708821366,7.306658481957688,28.664316194977197,3.1886481535447804e-08,0.0,0
30.883,0.2337696504741722,-0.20906550008270222,-0.12976819212900803,0.0,0.0,1e-12,0.0,7.941974647576355e-05,0.2,-0.2,0.03496530544550171,7,0.0884858696282279,35.970974708821366,7.306658481957688,28.664316194977197,3.1886481535447804e-08,0.0,0
30.984,0.31586051207016236,-0.19230548301599495,-0.12976025015499348,0.0,0.0,1e-12,0.0,7.941974647576355e-05,0.2,-0.2,0.11611573471660668,7,0.0884858696282279,35.970974708821366,7.306658481957688,28.664316194977197,3.1886481535447804e-08,0.0,0
31.09,0.23303878832372316,-0.22223375226133654,-0.12975230820377742,0.0,0.0,1e-12,0.0,7.941974647576355e-05,0.2,-0.2,0.039823375968371544,7,0.0884858696282279,35.970974708821366,7.306658481957688,28.664316194977197,3.1886481535447804e-08,0.0,0
31.187,0.28017428679264417,-0.248337408829413,-0.12974436643590623,0.0,0.0,1e-12,0.0,7.941537731269251e-05,0.2,-0.2,0.09361848831855259,7,0.08872097019718782,36.19422524253994,7.529909017322365,28.6643161933346,3.188297325438123e-08,0.0,0
31.286,0.29060147172504125,-0.1688557015858234,-0.12973642492149903,0.0,0.0,1e-12,0.0,7.941537731269251e-05,0.2,-0.2,0.09580497900659825,7,0.08872097019718782,36.19422524253994,7.529909017322365,28.6643161933346,3.188297325438123e-08,0.0,0
31.383,0.3391051383963484,-0.15188514396056668,-0.12972848340709472,0.0,0.0,1e-12,0.0,7.941537731269251e-05,0.2,-0.2,0.14719130035420788,7,0.08872097019718782,36.19422524253994,7.529909017322365,28.6643161933346,3.188297325438123e-08,0.0,0
31.483,0.28044181200471074,-0.27307373106637406,-0.12972054189268753,0.0,0.0,1e-12,0.0,7.941537731269251e-05,0.2,-0.2,0.10867683879540288,7,0.08872097019718782,36.19422524253994,7.529909017322365,28.6643161933346,3.188297325438123e-08,0.0,0
31.588,0.27225028801976825,-0.1980097721469326,-0.12971260037828025,0.0,0.0,1e-12,0.0,7.941537731269251e-05,0.2,-0.2,0.07227769452498185,7,0.08872097019718782,36.19422524253994,7.529909017322365,28.6643161933346,3.188297325438123e-08,0.0,0
31.689,0.27231048796363605,-0.19913600045534494,-0.12970465899497927,0.0,0.0,1e-12,0.0,7.941100839401796e-05,0.2,-0.2,0.07231564951483403,7,0.08964185332370692,36.512238122720795,7.847921898461371,28.664316192379957,3.187946536236743e-08,0.0,0
31.783,0.32368372250200417,-0.1007971257942061,-0.12969671791758364,0.0,0.0,1e-12,0.0,7.941100839401796e-05,0.2,-0.2,0.15855243127320168,7,0.08964185332370692,36.512238122720795,7.847921898461371,28.664316192379957,3.187946536236743e-08,0.0,0
31.89,0.3103756262560855,-0.2250357423454773,-0.1296887768401852,0.0,0.0,1e-12,0.0,7.941100839401796e-05,0.2,-0.2,0.11317935883460462,7,0.08964185332370692,36.512238122720795,7.847921898461371,28.664316192379957,3.187946536236743e-08,0.0,0
31.983,0.2846328716439664,-0.19712231414056028,-0.12968083576278952,0.0,0.0,1e-12,0.0,7.941100839401796e-05,0.2,-0.2,0.08468178103116224,7,0.08964185332370692,36.512238122720795,7.847921898461371,28.664316192379957,3.187946536236743e-08,0.0,0
32.084,0.36056658081680937,-0.19495540387353208,-0.1296728946853967,0.0,0.0,1e-12,0.0,7.941100839401796e-05,0.2,-0.2,0.16064580550166924,7,0.08964185332370692,36.512238122720795,7.847921898461371,28.664316192379957,3.187946536236743e-08,0.0,0
32.183,0.3309253164996438,-0.2289306912247695,-0.1296649538831309,0.0,0.0,1e-12,0.0,7.94066397190265e-05,0.2,-0.2,0.13408364328013633,7,0.0902508042738878,36.74683024077707,8.082514017084021,28.664316191817097,3.1875957859193955e-08,0.0,0
32.283,0.29228286865386616,-0.19961973183277557,-0.12965701324245257,0.0,0.0,1e-12,0.0,7.94066397190265e-05,0.2,-0.2,0.09228365213224775,7,0.0902508042738878,36.74683024077707,8.082514017084021,28.664316191817097,3.1875957859193955e-08,0.0,0
32.384,0.27023319748157515,-0.24309955936770927,-0.12964907260177705,0.0,0.0,1e-12,0.0,7.94066397190265e-05,0.2,-0.2,0.08240311915320092,7,0.0902508042738878,36.74683024077707,8.082514017084021,28.664316191817097,3.1875957859193955e-08,0.0,0
32.483,0.27305624894411074,-0.17454704991837575,-0.12964113196109872,0.0,0.0,1e-12,0.0,7.94066397190265e-05,0.2,-0.2,0.07736322238403423,7,0.0902508042738878,36.74683024077707,8.082514017084021,28.664316191817097,3.1875957859193955e-08,0.0,0
32.584,0.3653561395829595,-0.19915480775485564,-0.1296331913204176,0.0,0.0,1e-12,0.0,7.94066397190265e-05,0.2,-0.2,0.16535829960334747,7,0.0902508042738878,36.74683024077707,8.082514017084021,28.664316191817097,3.1875957859193955e-08,0.0,0
32.683,0.35027279727337557,-0.1375414224353899,-0.12962525078018677,0.0,0.0,1e-12,0.0,7.940227128435437e-05,0.2,-0.2,0.16273594412962197,7,0.09098760008579244,37.13065225531785,8.466336032029865,28.66431619141553,3.1872450741511886e-08,0.0,0
32.785,0.3179901678027617,-0.22052245897266742,-0.12961731057622572,0.0,0.0,1e-12,0.0,7.940227128435437e-05,0.2,-0.2,0.11976164252551262,7,0.09098760008579244,37.13065225531785,8.466336032029865,28.66431619141553,3.1872450741511886e-08,0.0,0
32.883,0.27555222825519593,-0.20190646125141073,-0.12960937037226195,0.0,0.0,1e-12,0.0,7.940227128435437e-05,0.2,-0.2,0.07557627795034864,7,0.09098760008579244,37.13065225531785,8.466336032029865,28.66431619141553,3.1872450741511886e-08,0.0,0
32.983,0.277096630814004,-0.1789295707692662,-0.129601430168301,0.0,0.0,1e-12,0.0,7.940227128435437e-05,0.2,-0.2,0.07992404813845573,7,0.09098760008579244,37.13065225531785,8.466336032029865,28.66431619141553,3.1872450741511886e-08,0.0,0
33.083,0.2832926571236693,-0.1952164701593418,-0.12959348996434272,0.0,0.0,1e-12,0.0,7.940227128435437e-05,0.2,-0.2,0.08342990404200165,7,0.09098760008579244,37.13065225531785,8.466336032029865,28.66431619141553,3.1872450741511886e-08,0.0,0
33.183,0.39138139427976604,-0.1970618480063129,-0.12958555007065853,0.0,0.0,1e-12,0.0,7.939790309378133e-05,0.2,-0.2,0.19140394670331454,7,0.09018221022750965,37.01121075540222,8.346894532402972,28.664316191130304,3.1868944012940355e-08,0.0,0
33.283,0.2561173082839291,-0.24187524177140035,-0.1295776103037063,0.0,0.0,1e-12,0.0,7.939790309378133e-05,0.2,-0.2,0.07001919852759504,7,0.09018221022750965,37.01121075540222,8.346894532402972,28.664316191130304,3.1868944012940355e-08,0.0,0
33.384,0.25361453561055936,-0.2073258356572004,-0.12956967053675683,0.0,0.0,1e-12,0.0,7.939790309378133e-05,0.2,-0.2,0.05411271843857269,7,0.09018221022750965,37.01121075540222,8.346894532402972,28.664316191130304,3.1868944012940355e-08,0.0,0
33.484,0.2660160243090937,-0.185287048453814,-0.1295617307698046,0.0,0.0,1e-12,0.0,7.939790309378133e-05,0.2,-0.2,0.06763568886896376,7,0.09018221022750965,37.01121075540222,8.346894532402972,28.664316191130304,3.1868944012940355e-08,0.0,0
33.583,0.20161391538610623,-0.3329928012988342,-0.12955379100285516,0.0,0.0,1e-12,0.0,7.939790309378133e-05,0.2,-0.2,0.13300259365961514,7,0.09018221022750965,37.01121075540222,8.346894532402972,28.664316191130304,3.1868944012940355e-08,0.0,0
33.684,0.24006568533455716,-0.2420616251559922,-0.1295458512359057,0.0,0.0,1e-12,0.0,7.939353514618934e-05,0.2,-0.2,0.05808992556451542,7,0.09041071730891165,37.161177284641326,8.496861061855112,28.664316190920772,3.186543767210247e-08,0.0,0
33.783,0.19867427987983569,-0.19421103683428922,-0.12953791182706145,0.0,0.0,1e-12,0.0,7.939353514618934e-05,0.2,-0.2,0.005938823820502235,7,0.09041071730891165,37.161177284641326,8.496861061855112,28.664316190920772,3.186543767210247e-08,0.0,0
33.883,0.3097406046455734,-0.20121525578006416,-0.12952997249682927,0.0,0.0,1e-12,0.0,7.939353514618934e-05,0.2,-0.2,0.1097473332459018,7,0.09041071730891165,37.161177284641326,8.496861061855112,28.664316190920772,3.186543767210247e-08,0.0,0
33.983,0.3043194507813044,-0.19997336233554536,-0.12952203316659433,0.0,0.0,1e-12,0.0,7.939353514618934e-05,0.2,-0.2,0.1043194541822289,7,0.09041071730891165,37.161177284641326,8.496861061855112,28.664316190920772,3.186543767210247e-08,0.0,0
34.083,0.24389154485771472,-0.24128939885395292,-0.12951409383636225,0.0,0.0,1e-12,0.0,7.939353514618934e-05,0.2,-0.2,0.06026012087373864,7,0.09041071730891165,37.161177284641326,8.496861061855112,28.664316190920772,3.186543767210247e-08,0.0,0
34.185,0.27434552239277926,-0.20318953534753043,-0.12950615451050163,0.0,0.0,1e-12,0.0,7.938916744312352e-05,0.2,-0.2,0.07441390888529098,7,0.08840847658752547,36.701305166564964,8.036988943940823,28.664316190762207,3.186193172025968e-08,0.0,0
34.287,0.24595868149996025,-0.289152728144053,-0.12949821561727545,0.0,0.0,1e-12,0.0,7.938916744312352e-05,0.2,-0.2,0.10030159191529418,7,0.08840847658752547,36.701305166564964,8.036988943940823,28.664316190762207,3.186193172025968e-08,0.0,0
34.39,0.2305381945508422,-0.22497055819326994,-0.1294902767240521,0.0,0.0,1e-12,0.0,7.938916744312352e-05,0.2,-0.2,0.03944756143171043,7,0.08840847658752547,36.701305166564964,8.036988943940823,28.664316190762207,3.186193172025968e-08,0.0,0
34.484,0.31832064557878426,-0.18356416995200558,-0.12948233783083152,0.0,0.0,1e-12,0.0,7.938916744312352e-05,0.2,-0.2,0.11945673559723131,7,0.08840847658752547,36.701305166564964,8.036988943940823,28.664316190762207,3.186193172025968e-08,0.0,0
34.583,0.26026239003244067,-0.18436841620248554,-0.12947439893760818,0.0,0.0,1e-12,0.0,7.938916744312352e-05,0.2,-0.2,0.062256743124265025,7,0.08840847658752547,36.701305166564964,8.036988943940823,28.664316190762207,3.186193172025968e-08,0.0,0
34.663,0.23828121567333377,-0.21723663179088476,-0.12946804782302948,0.0,0.0,1e-12,0.0,7.938479998430853e-05,0.2,-0.2,0.041982769667124546,7,0.0879512826753624,36.72022582669246,8.055909604192568,28.664316190641465,3.185842615755228e-08,0.0,0
34.784,0.18455262799908137,-0.21381706692879798,-0.12945852165775346,0.0,0.0,1e-12,0.0,7.938479998430853e-05,0.2,-0.2,0.02072516924538007,7,0.0879512826753624,36.72022582669246,8.055909604192568,28.664316190641465,3.185842615755228e-08,0.0,0
34.883,0.13031083891467482,-0.3121292261333132,-0.12945058320125016,0.0,0.0,1e-12,0.0,7.938479998430853e-05,0.2,-0.2,0.13202099274748727,7,0.0879512826753624,36.72022582669246,8.055909604192568,28.664316190641465,3.185842615755228e-08,0.0,0
34.984,0.31381574010850805,-0.13207998960563525,-0.12944264474474407,0.0,0.0,1e-12,0.0,7.938479998430853e-05,0.2,-0.2,0.13254112761108555,7,0.0879512826753624,36.72022582669246,8.055909604192568,28.664316190641465,3.185842615755228e-08,0.0,0
35.083,0.2912242843099637,-0.15622240777848762,-0.12943470628823803,0.0,0.0,1e-12,0.0,7.938479998430853e-05,0.2,-0.2,0.10118472033157039,7,0.0879512826753624,36.72022582669246,8.055909604192568,28.664316190641465,3.185842615755228e-08,0.0,0
35.183,0.2184028290641747,-0.25048274705512663,-0.12942676783173204,0.0,0.0,1e-12,0.0,7.938479998430853e-05,0.2,-0.2,0.05373240984542875,7,0.0879512826753624,36.72022582669246,8.055909604192568,28.664316190641465,3.185842615755228e-08,0.0,0
35.285,0.20126858742003412,-0.25735545378699193,-0.1294188296372581,0.0,0.0,1e-12,0.0,7.938043276598675e-05,0.2,-0.2,0.05736948137428152,7,0.08743442442845342,36.63473435378177,7.970418131371202,28.664316190555642,3.185492098093201e-08,0.0,0
35.383,0.20393100903308464,-0.3041349241686102,-0.1294108916174693,0.0,0.0,1e-12,0.0,7.938043276598675e-05,0.2,-0.2,0.10420909395835082,7,0.08743442442845342,36.63473435378177,7.970418131371202,28.664316190555642,3.185492098093201e-08,0.0,0
35.483,0.2666369093931099,-0.20340421953925575,-0.1294029535976806,0.0,0.0,1e-12,0.0,7.938043276598675e-05,0.2,-0.2,0.06672380687683362,7,0.08743442442845342,36.63473435378177,7.970418131371202,28.664316190555642,3.185492098093201e-08,0.0,0
35.584,0.24368889602480798,-0.23171088086456237,-0.12939501557789476,0.0,0.0,1e-12,0.0,7.938043276598675e-05,0.2,-0.2,0.053984253269568794,7,0.08743442442845342,36.63473435378177,7.970418131371202,28.664316190555642,3.185492098093201e-08,0.0,0
35.684,0.27363814633384664,-0.18497529130778115,-0.12938707762361185,0.0,0.0,1e-12,0.0,7.937606579054171e-05,0.2,-0.2,0.07515529566684605,7,0.08687719431724557,36.565870513395225,7.901554291065893,28.664316190477916,3.185141619183297e-08,0.0,0
35.784,0.24369871517218153,-0.14130673816860934,-0.1293791400405405,0.0,0.0,1e-12,0.0,7.937606579054171e-05,0.2,-0.2,0.07317428982988239,7,0.08687719431724557,36.565870513395225,7.901554291065893,28.664316190477916,3.185141619183297e-08,0.0,0
35.883,0.29907371001336364,-0.14626006637723435,-0.12937120245747197,0.0,0.0,1e-12,0.0,7.937606579054171e-05,0.2,-0.2,0.1127101613945758,7,0.08687719431724557,36.565870513395225,7.901554291065893,28.664316190477916,3.185141619183297e-08,0.0,0
35.984,0.3155446148066565,-0.2262828593399228,-0.12936326487440059,0.0,0.0,1e-12,0.0,7.937606579054171e-05,0.2,-0.2,0.11849618857119748,7,0.08687719431724557,36.565870513395225,7.901554291065893,28.664316190477916,3.185141619183297e-08,0.0,0
36.083,0.26713324818232664,-0.1959696329549331,-0.12935532729132912,0.0,0.0,1e-12,0.0,7.937606579054171e-05,0.2,-0.2,0.06725412158394327,7,0.08687719431724557,36.565870513395225,7.901554291065893,28.664316190477916,3.185141619183297e-08,0.0,0
36.184,0.19860082312134872,-0.2820661541655898,-0.12934738970825774,0.0,0.0,1e-12,0.0,7.937169904446139e-05,0.2,-0.2,0.08207808084664321,7,0.08602225614613351,36.40822139947135,7.743905177207105,28.664316190416333,3.1847911779826504e-08,0.0,0
36.285,0.36678255436743,-0.15545437007986856,-0.12933945250489093,0.0,0.0,1e-12,0.0,7.937169904446139e-05,0.2,-0.2,0.17262888977893026,7,0.08602225614613351,36.40822139947135,7.743905177207105,28.664316190416333,3.1847911779826504e-08,0.0,0
36.383,0.3061429375963725,-0.12488780348375149,-0.12933151535828713,0.0,0.0,1e-12,0.0,7.937169904446139e-05,0.2,-0.2,0.13003140108098107,7,0.08602225614613351,36.40822139947135,7.743905177207105,28.664316190416333,3.1847911779826504e-08,0.0,0
36.483,0.35623854481842465,-0.14060352503165224,-0.1293235782117249,0.0,0.0,1e-12,0.0,7.937169904446139e-05,0.2,-0.2,0.16714791092216633,7,0.08602225614613351,36.40822139947135,7.743905177207105,28.664316190416333,3.1847911779826504e-08,0.0,0
36.584,0.2942459626619871,-0.28932902690107987,-0.1293156410652931,0.0,0.0,1e-12,0.0,7.936733254251417e-05,0.2,-0.2,0.12985367351437738,7,0.08635544776221989,36.572995707761976,7.90867948555162,28.664316190365945,3.18444077567332e-08,0.0,0
36.683,0.2759475677993053,-0.2098298344960654,-0.12930770430734778,0.0,0.0,1e-12,0.0,7.936733254251417e-05,0.2,-0.2,0.07658105967437451,7,0.08635544776221989,36.572995707761976,7.90867948555162,28.664316190365945,3.18444077567332e-08,0.0,0
36.795,0.39446692154991236,-0.15855288707148918,-0.1292997675974169,0.0,0.0,1e-12,0.0,7.936733254251417e-05,0.2,-0.2,0.19883472218706796,7,0.08635544776221989,36.572995707761976,7.90867948555162,28.664316190365945,3.18444077567332e-08,0.0,0
36.891,0.25849751709267715,-0.21250811456851454,-0.12929183088748875,0.0,0.0,1e-12,0.0,7.936733254251417e-05,0.2,-0.2,0.059819833133059976,7,0.08635544776221989,36.572995707761976,7.90867948555162,28.664316190365945,3.18444077567332e-08,0.0,0
36.987,0.20926616998320594,-0.2873959197972195,-0.12928389417755778,0.0,0.0,1e-12,0.0,7.936733254251417e-05,0.2,-0.2,0.08788577076728456,7,0.08635544776221989,36.572995707761976,7.90867948555162,28.664316190365945,3.18444077567332e-08,0.0,0
37.086,0.3251805006695184,-0.1883041202032527,-0.12927595746762965,0.0,0.0,1e-12,0.0,7.936733254251417e-05,0.2,-0.2,0.1257256988530637,7,0.08635544776221989,36.572995707761976,7.90867948555162,28.664316190365945,3.18444077567332e-08,0.0,0
37.183,0.12486348035167844,-0.24508784753372093,-0.12926802077515695,0.0,0.0,1e-12,0.0,7.936296628355255e-05,0.2,-0.2,0.08762654038638452,7,0.08646716260578761,36.75925527560819,8.09493905343881,28.66431619032847,3.184090412115304e-08,0.0,0
37.283,0.2566242647626682,-0.23705775809072466,-0.12926008450165197,0.0,0.0,1e-12,0.0,7.936296628355255e-05,0.2,-0.2,0.06767262958259723,7,0.08646716260578761,36.75925527560819,8.09493905343881,28.66431619032847,3.184090412115304e-08,0.0,0
37.385,0.1457958558239132,-0.2121078539292203,-0.12925214822814693,0.0,0.0,1e-12,0.0,7.936296628355255e-05,0.2,-0.2,0.05553997994808192,7,0.08646716260578761,36.75925527560819,8.09493905343881,28.66431619032847,3.184090412115304e-08,0.0,0
37.483,0.23698967488199163,-0.20070353864442564,-0.1292442119546419,0.0,0.0,1e-12,0.0,7.936296628355255e-05,0.2,-0.2,0.03699636488223731,7,0.08646716260578761,36.75925527560819,8.09493905343881,28.66431619032847,3.184090412115304e-08,0.0,0
37.583,0.23915670607743136,-0.11953786654430239,-0.1292362756811396,0.0,0.0,1e-12,0.0,7.936296628355255e-05,0.2,-0.2,0.08948409105017967,7,0.08646716260578761,36.75925527560819,8.09493905343881,28.66431619032847,3.184090412115304e-08,0.0,0
37.663,0.19803638621867173,-0.26631876726891013,-0.12922992666233163,0.0,0.0,1e-12,0.0,7.935860026511723e-05,0.2,-0.2,0.06634783094532998,7,0.08502732421064624,36.47809967092641,7.813783448794002,28.66431619029501,3.183740087152747e-08,0.0,0
37.783,0.15544515514329113,-0.2508153521710721,-0.12922040357084405,0.0,0.0,1e-12,0.0,7.935860026511723e-05,0.2,-0.2,0.06758205543245542,7,0.08502732421064624,36.47809967092641,7.813783448794002,28.66431619029501,3.183740087152747e-08,0.0,0
37.884,0.2833088916601844,-0.2025940503288264,-0.1292124677340564,0.0,0.0,1e-12,0.0,7.935860026511723e-05,0.2,-0.2,0.08334926830366796,7,0.08502732421064624,36.47809967092641,7.813783448794002,28.66431619029501,3.183740087152747e-08,0.0,0
37.983,0.4126400002184723,-0.2092015986491052,-0.12920453189726866,0.0,0.0,1e-12,0.0,7.935860026511723e-05,0.2,-0.2,0.21283899809623966,7,0.08502732421064624,36.47809967092641,7.813783448794002,28.66431619029501,3.183740087152747e-08,0.0,0
38.083,0.19303250910589764,-0.18591379074038936,-0.12919659606048373,0.0,0.0,1e-12,0.0,7.935860026511723e-05,0.2,-0.2,0.015715190761328365,7,0.08502732421064624,36.47809967092641,7.813783448794002,28.66431619029501,3.183740087152747e-08,0.0,0
38.187,0.28733993515755524,-0.27534907209438064,-0.12918866040274724,0.0,0.0,1e-12,0.0,7.935423449045696e-05,0.2,-0.2,0.11535053939540171,7,0.08389767566731648,36.32627324181298,7.661957019701259,28.664316190277816,3.183389801020718e-08,0.0,0
38.284,0.2555934570269474,-0.20766843139855043,-0.12918072500267683,0.0,0.0,1e-12,0.0,7.935423449045696e-05,0.2,-0.2,0.05611984768619139,7,0.08389767566731648,36.32627324181298,7.661957019701259,28.664316190277816,3.183389801020718e-08,0.0,0
38.385,0.2374902267758027,-0.21162140670602603,-0.12917278960260922,0.0,0.0,1e-12,0.0,7.935423449045696e-05,0.2,-0.2,0.039250149012812416,7,0.08389767566731648,36.32627324181298,7.661957019701259,28.664316190277816,3.183389801020718e-08,0.0,0
38.485,0.3399997796640959,-0.2047940455852016,-0.1291648542025361,0.0,0.0,1e-12,0.0,7.935423449045696e-05,0.2,-0.2,0.1400818374346524,7,0.08389767566731648,36.32627324181298,7.661957019701259,28.664316190277816,3.183389801020718e-08,0.0,0
38.583,0.24603530347493635,-0.23245913342576266,-0.12915691880246574,0.0,0.0,1e-12,0.0,7.935423449045696e-05,0.2,-0.2,0.0563280082088915,7,0.08389767566731648,36.32627324181298,7.661957019701259,28.664316190277816,3.183389801020718e-08,0.0,0
38.684,0.28683069130927297,-0.2318071989433717,-0.12914898356834872,0.0,0.0,1e-12,0.0,7.934986895950116e-05,0.2,-0.2,0.09247306017359583,7,0.08395366811050156,36.414247606751445,7.749931384664896,28.664316190256155,3.1830395537103835e-08,0.0,0
38.784,0.27213394105534333,-0.17574497813744622,-0.12914104860499567,0.0,0.0,1e-12,0.0,7.934986895950116e-05,0.2,-0.2,0.07610263817850671,7,0.08395366811050156,36.414247606751445,7.749931384664896,28.664316190256155,3.1830395537103835e-08,0.0,0
38.883,0.2919384143921222,-0.230287898409816,-0.1291331136416426,0.0,0.0,1e-12,0.0,7.934986895950116e-05,0.2,-0.2,0.0967989092449957,7,0.08395366811050156,36.414247606751445,7.749931384664896,28.664316190256155,3.1830395537103835e-08,0.0,0
38.983,0.3385205361189213,-0.20223475269711114,-0.12912517867828954,0.0,0.0,1e-12,0.0,7.934986895950116e-05,0.2,-0.2,0.1385385615859015,7,0.08395366811050156,36.414247606751445,7.749931384664896,28.664316190256155,3.1830395537103835e-08,0.0,0
39.083,0.18032437182764663,-0.253540143301125,-0.12911724371493646,0.0,0.0,1e-12,0.0,7.934986895950116e-05,0.2,-0.2,0.057041014092332774,7,0.08395366811050156,36.414247606751445,7.749931384664896,28.664316190256155,3.1830395537103835e-08,0.0,0
39.183,0.1896706257278829,-0.27146761566766564,-0.12910930891295158,0.0,0.0,1e-12,0.0,7.93455036726468e-05,0.2,-0.2,0.07221022131301524,7,0.08371522425551944,36.47706980901004,7.812753586944784,28.66431619023836,3.182689345250361e-08,0.0,0
39.283,0.2610146872979936,-0.2469491518841072,-0.12910137438573024,0.0,0.0,1e-12,0.0,7.93455036726468e-05,0.2,-0.2,0.07698710884757855,7,0.08371522425551944,36.47706980901004,7.812753586944784,28.66431619023836,3.182689345250361e-08,0.0,0
39.383,0.33341141747865577,-0.1412817782873867,-0.1290934398585061,0.0,0.0,1e-12,0.0,7.93455036726468e-05,0.2,-0.2,0.14576157200975773,7,0.08371522425551944,36.47706980901004,7.812753586944784,28.66431619023836,3.182689345250361e-08,0.0,0
39.484,0.2465092641520142,-0.19595728542471177,-0.1290855053312875,0.0,0.0,1e-12,0.0,7.93455036726468e-05,0.2,-0.2,0.04668463551425759,7,0.08371522425551944,36.47706980901004,7.812753586944784,28.66431619023836,3.182689345250361e-08,0.0,0
39.583,0.20107264226064045,-0.2884411376452099,-0.12907757080406607,0.0,0.0,1e-12,0.0,7.93455036726468e-05,0.2,-0.2,0.0884476420793583,7,0.08371522425551944,36.47706980901004,7.812753586944784,28.66431619023836,3.182689345250361e-08,0.0,0
39.683,0.29690533291027266,-0.1935257753602052,-0.12906963627684198,0.0,0.0,1e-12,0.0,7.934113862927997e-05,0.2,-0.2,0.09712136289785732,7,0.08314352467711163,36.405710006542826,7.741393784496092,28.664316190223346,3.182339175588173e-08,0.0,0
39.783,0.2987828161807253,-0.26108563480341107,-0.12906170215139923,0.0,0.0,1e-12,0.0,7.934113862927997e-05,0.2,-0.2,0.11614430486223017,7,0.08314352467711163,36.405710006542826,7.741393784496092,28.664316190223346,3.182339175588173e-08,0.0,0
39.883,0.2241802340375908,-0.18346706753032682,-0.12905376806089797,0.0,0.0,1e-12,0.0,7.934113862927997e-05,0.2,-0.2,0.02929200529426823,7,0.08314352467711163,36.405710006542826,7.741393784496092,28.664316190223346,3.182339175588173e-08,0.0,0
39.983,0.2364741101136367,-0.1896009444831703,-0.1290458339703911,0.0,0.0,1e-12,0.0,7.934113862927997e-05,0.2,-0.2,0.03792757656671199,7,0.08314352467711163,36.405710006542826,7.741393784496092,28.664316190223346,3.182339175588173e-08,0.0,0
40.084,0.17014092189578392,-0.2570931794577912,-0.12903789987988715,0.0,0.0,1e-12,0.0,7.934113862927997e-05,0.2,-0.2,0.06442977328714751,7,0.08314352467711163,36.405710006542826,7.741393784496092,28.664316190223346,3.182339175588173e-08,0.0,0
40.184,0.15961039738909083,-0.31873531542336675,-0.1290299659683177,0.0,0.0,1e-12,0.0,7.933677382605471e-05,0.2,-0.2,0.1254168853374758,7,0.08235429174129402,36.32352432715502,7.659208105121819,28.664316190213317,3.1819890444522e-08,0.0,0
40.285,0.20986292883003888,-0.27046093142689137,-0.12902203231423673,0.0,0.0,1e-12,0.0,7.933677382605471e-05,0.2,-0.2,0.07114787574236843,7,0.08235429174129402,36.32352432715502,7.659208105121819,28.664316190213317,3.1819890444522e-08,0.0,0
40.39,0.30289188576868936,-0.266567892841124,-0.12901409866015592,0.0,0.0,1e-12,0.0,7.933677382605471e-05,0.2,-0.2,0.12254804981860944,7,0.08235429174129402,36.32352432715502,7.659208105121819,28.664316190213317,3.1819890444522e-08,0.0,0
40.483,0.23605512910081572,-0.29467879708108935,-0.12900616500607498,0.0,0.0,1e-12,0.0,7.933677382605471e-05,0.2,-0.2,0.10131163285229677,7,0.08235429174129402,36.32352432715502,7.659208105121819,28.664316190213317,3.1819890444522e-08,0.0,0
40.583,0.29722168594735626,-0.14215409184139854,-0.12899823135199406,0.0,0.0,1e-12,0.0,7.933677382605471e-05,0.2,-0.2,0.11312915322382522,7,0.08235429174129402,36.32352432715502,7.659208105121819,28.664316190213317,3.1819890444522e-08,0.0,0
40.663,0.19282147645676934,-0.209161304178397,-0.12899188442872933,0.0,0.0,1e-12,0.0,7.933240926675767e-05,0.2,-0.2,0.011638758289002802,7,0.0822703247034489,36.384199779708986,7.719883557688381,28.664316190204215,3.181638952142934e-08,0.0,0
40.788,0.25981528597263487,-0.26277112982716483,-0.12898236453699324,0.0,0.0,1e-12,0.0,7.933240926675767e-05,0.2,-0.2,0.08670688078674535,7,0.0822703247034489,36.384199779708986,7.719883557688381,28.664316190204215,3.181638952142934e-08,0.0,0
40.883,0.26805981851246474,-0.26745250365605744,-0.1289744313193383,0.0,0.0,1e-12,0.0,7.933240926675767e-05,0.2,-0.2,0.09582264422056029,7,0.0822703247034489,36.384199779708986,7.719883557688381,28.664316190204215,3.181638952142934e-08,0.0,0
40.984,0.29680985486108874,-0.21017284799246932,-0.12896649810168045,0.0,0.0,1e-12,0.0,7.933240926675767e-05,0.2,-0.2,0.09734287254084376,7,0.0822703247034489,36.384199779708986,7.719883557688381,28.664316190204215,3.181638952142934e-08,0.0,0
41.085,0.2831700428106807,-0.16854122152873152,-0.12895856488402554,0.0,0.0,1e-12,0.0,7.933240926675767e-05,0.2,-0.2,0.08892081175987321,7,0.0822703247034489,36.384199779708986,7.719883557688381,28.664316190204215,3.181638952142934e-08,0.0,0
41.184,0.2950726165173183,-0.2429031352280079,-0.12895063180172334,0.0,0.0,1e-12,0.0,7.932804495163669e-05,0.2,-0.2,0.10430475264263751,7,0.08183943114924289,36.34353444986067,7.67921822785042,28.66431619019736,3.181288898677083e-08,0.0,0
41.29,0.3500973262023476,-0.15842323180430537,-0.1289426990206913,0.0,0.0,1e-12,0.0,7.932804495163669e-05,0.2,-0.2,0.155749269618488,7,0.08183943114924289,36.34353444986067,7.67921822785042,28.66431619019736,3.181288898677083e-08,0.0,0
41.383,0.28898724043687946,-0.2155994050882817,-0.12893476623966196,0.0,0.0,1e-12,0.0,7.932804495163669e-05,0.2,-0.2,0.0903441774531115,7,0.08183943114924289,36.34353444986067,7.67921822785042,28.66431619019736,3.181288898677083e-08,0.0,0
41.489,0.26902266225394766,-0.17388224877352987,-0.12892683345863548,0.0,0.0,1e-12,0.0,7.932804495163669e-05,0.2,-0.2,0.07379881322724853,7,0.08183943114924289,36.34353444986067,7.67921822785042,28.66431619019736,3.181288898677083e-08,0.0,0
41.583,0.3172398613643178,-0.22295183521167777,-0.12891890067760894,0.0,0.0,1e-12,0.0,7.932804495163669e-05,0.2,-0.2,0.11946535829397771,7,0.08183943114924289,36.34353444986067,7.67921822785042,28.66431619019736,3.181288898677083e-08,0.0,0
41.688,0.27531565103162603,-0.18312800657981107,-0.12891096807106506,0.0,0.0,1e-12,0.0,7.932368088049841e-05,0.2,-0.2,0.07718232603574841,7,0.08140076897985112,36.256689898484964,7.592373676482784,28.664316190192796,3.180938884035849e-08,0.0,0
41.783,0.21227477298213954,-0.1878838643496647,-0.12890303572625908,0.0,0.0,1e-12,0.0,7.932368088049841e-05,0.2,-0.2,0.01724734167517965,7,0.08140076897985112,36.256689898484964,7.592373676482784,28.664316190192796,3.180938884035849e-08,0.0,0
41.887,0.2227307743283525,-0.20505784543884412,-0.1288951033814503,0.0,0.0,1e-12,0.0,7.932368088049841e-05,0.2,-0.2,0.023286689375042663,7,0.08140076897985112,36.256689898484964,7.592373676482784,28.664316190192796,3.180938884035849e-08,0.0,0
41.984,0.27080633465533926,-0.1962970498953249,-0.12888717103664427,0.0,0.0,1e-12,0.0,7.932368088049841e-05,0.2,-0.2,0.07090309490284334,7,0.08140076897985112,36.256689898484964,7.592373676482784,28.664316190192796,3.180938884035849e-08,0.0,0
42.083,0.22698909392930516,-0.22836333799381497,-0.1288792386918355,0.0,0.0,1e-12,0.0,7.932368088049841e-05,0.2,-0.2,0.03915214085176242,7,0.08140076897985112,36.256689898484964,7.592373676482784,28.664316190192796,3.180938884035849e-08,0.0,0
42.183,0.288423380867271,-0.22416773178206614,-0.12887130634702668,0.0,0.0,1e-12,0.0,7.931931705218059e-05,0.2,-0.2,0.09166664357053962,7,0.08062458996821878,36.141307017379255,7.476990795386101,28.664316190187265,3.1805889081005183e-08,0.0,0
42.283,0.2784104816079696,-0.22155936009121754,-0.12886337440373008,0.0,0.0,1e-12,0.0,7.931931705218059e-05,0.2,-0.2,0.08132041338763915,7,0.08062458996821878,36.141307017379255,7.476990795386101,28.664316190187265,3.1805889081005183e-08,0.0,0
42.383,0.35946233462044314,-0.1471634412656116,-0.12885544249534714,0.0,0.0,1e-12,0.0,7.931931705218059e-05,0.2,-0.2,0.16798791058137086,7,0.08062458996821878,36.141307017379255,7.476990795386101,28.664316190187265,3.1805889081005183e-08,0.0,0
42.483,0.25769760197201497,-0.16477887786306591,-0.12884751058696425,0.0,0.0,1e-12,0.0,7.931931705218059e-05,0.2,-0.2,0.06759837807156244,7,0.08062458996821878,36.141307017379255,7.476990795386101,28.664316190187265,3.1805889081005183e-08,0.0,0
42.583,0.27285531686427034,-0.2439518086350949,-0.1288395786785787,0.0,0.0,1e-12,0.0,7.931931705218059e-05,0.2,-0.2,0.08508618382375152,7,0.08062458996821878,36.141307017379255,7.476990795386101,28.664316190187265,3.1805889081005183e-08,0.0,0
42.683,0.279418269708152,-0.14421198183162423,-0.12883164683566006,0.0,0.0,1e-12,0.0,7.93149534684543e-05,0.2,-0.2,0.09705444108639127,7,0.0800593974640302,36.060693705483885,7.396377483497542,28.664316190183953,3.1802389710545695e-08,0.0,0
42.783,0.300954242121992,-0.24644778557204525,-0.128823715363703,0.0,0.0,1e-12,0.0,7.93149534684543e-05,0.2,-0.2,0.11112675549557126,7,0.0800593974640302,36.060693705483885,7.396377483497542,28.664316190183953,3.1802389710545695e-08,0.0,0
42.884,0.26209139229814016,-0.18620968530026422,-0.12881578389174328,0.0,0.0,1e-12,0.0,7.93149534684543e-05,0.2,-0.2,0.0636043534440787,7,0.0800593974640302,36.060693705483885,7.396377483497542,28.664316190183953,3.1802389710545695e-08,0.0,0
42.984,0.2745153078012585,-0.12329731095892572,-0.12880785241978354,0.0,0.0,1e-12,0.0,7.93149534684543e-05,0.2,-0.2,0.10693845708092123,7,0.0800593974640302,36.060693705483885,7.396377483497542,28.664316190183953,3.1802389710545695e-08,0.0,0
43.083,0.2573487346855543,-0.20405863093949286,-0.1287999209478238,0.0,0.0,1e-12,0.0,7.93149534684543e-05,0.2,-0.2,0.057492172120534,7,0.0800593974640302,36.060693705483885,7.396377483497542,28.664316190183953,3.1802389710545695e-08,0.0,0
43.184,0.186377581220562,-0.25312831138245623,-0.12879198947586407,0.0,0.0,1e-12,0.0,7.93149534684543e-05,0.2,-0.2,0.05484694853639181,7,0.0800593974640302,36.060693705483885,7.396377483497542,28.664316190183953,3.1802389710545695e-08,0.0,0
43.283,0.21067863951079457,-0.21226703405463998,-0.12878405831355935,0.0,0.0,1e-12,0.0,7.931059012444882e-05,0.2,-0.2,0.016263869966868263,7,0.08013233078048768,36.108678441408685,7.444362219428218,28.664316190181573,3.179889072459472e-08,0.0,0
43.383,0.23148930472797347,-0.2601909050621834,-0.12877612727773122,0.0,0.0,1e-12,0.0,7.931059012444882e-05,0.2,-0.2,0.0679302683967607,7,0.08013233078048768,36.108678441408685,7.444362219428218,28.664316190181573,3.179889072459472e-08,0.0,0
43.484,0.3168333548509617,-0.1760051197000769,-0.12876819624190317,0.0,0.0,1e-12,0.0,7.931059012444882e-05,0.2,-0.2,0.11927190401070309,7,0.08013233078048768,36.108678441408685,7.444362219428218,28.664316190181573,3.179889072459472e-08,0.0,0
43.59,0.26168124610460375,-0.2251990102007357,-0.12876026520607228,0.0,0.0,1e-12,0.0,7.931059012444882e-05,0.2,-0.2,0.0666300700593469,7,0.08013233078048768,36.108678441408685,7.444362219428218,28.664316190181573,3.179889072459472e-08,0.0,0
43.683,0.3096700482913381,-0.21893960341814214,-0.12875233439718775,0.0,0.0,1e-12,0.0,7.930622702350223e-05,0.2,-0.2,0.11129343228538209,7,0.07947298076863188,35.987942684863114,7.323626462887545,28.664316190180173,3.179539212619099e-08,0.0,0
43.783,0.31895654819406,-0.1689050418185498,-0.12874440379778282,0.0,0.0,1e-12,0.0,7.930622702350223e-05,0.2,-0.2,0.12295347405645704,7,0.07947298076863188,35.987942684863114,7.323626462887545,28.664316190180173,3.179539212619099e-08,0.0,0
43.883,0.3076965397969449,-0.25246768239339673,-0.12873647319837778,0.0,0.0,1e-12,0.0,7.930622702350223e-05,0.2,-0.2,0.11979733878500509,7,0.07947298076863188,35.987942684863114,7.323626462887545,28.664316190180173,3.179539212619099e-08,0.0,0
43.983,0.22079754633065152,-0.34326318532555683,-0.1287285425989756,0.0,0.0,1e-12,0.0,7.930622702350223e-05,0.2,-0.2,0.14476490666940117,7,0.07947298076863188,35.987942684863114,7.323626462887545,28.664316190180173,3.179539212619099e-08,0.0,0
44.089,0.2940793808260141,-0.22952281246696432,-0.1287206119995734,0.0,0.0,1e-12,0.0,7.930622702350223e-05,0.2,-0.2,0.09860287192858902,7,0.07947298076863188,35.987942684863114,7.323626462887545,28.664316190180173,3.179539212619099e-08,0.0,0
44.164,0.27912468268392227,-0.16441827012764448,-0.1287142675200484,0.0,0.0,1e-12,0.0,7.930186416604933e-05,0.2,-0.2,0.08675698767557956,7,0.07879802451156712,35.91089155694638,7.246575334974396,28.664316190180095,3.179189391525714e-08,0.0,0
44.283,0.24030519279755674,-0.24273052383963142,-0.12870475121536518,0.0,0.0,1e-12,0.0,7.930186416604933e-05,0.2,-0.2,0.05874015861450774,7,0.07879802451156712,35.91089155694638,7.246575334974396,28.664316190180095,3.179189391525714e-08,0.0,0
44.385,0.21793406657345665,-0.2500606106957976,-0.12869682105238897,0.0,0.0,1e-12,0.0,7.930186416604933e-05,0.2,-0.2,0.053176080027559185,7,0.07879802451156712,35.91089155694638,7.246575334974396,28.664316190180095,3.179189391525714e-08,0.0,0
44.483,0.22981085801439338,-0.2295483065437481,-0.128688890889407,0.0,0.0,1e-12,0.0,7.930186416604933e-05,0.2,-0.2,0.04197367836105895,7,0.07879802451156712,35.91089155694638,7.246575334974396,28.664316190180095,3.179189391525714e-08,0.0,0
44.583,0.30476715629996515,-0.1600461690028762,-0.12868096072642793,0.0,0.0,1e-12,0.0,7.930186416604933e-05,0.2,-0.2,0.11212700678484223,7,0.07879802451156712,35.91089155694638,7.246575334974396,28.664316190180095,3.179189391525714e-08,0.0,0
44.683,0.3287315883645507,-0.17719394239764982,-0.12867303090799279,0.0,0.0,1e-12,0.0,7.929750155329699e-05,0.2,-0.2,0.13073613925086602,7,0.07860942481072167,35.97998078127249,7.315664559302755,28.66431619018134,3.1788396093175113e-08,0.0,0
44.792,0.23721814356218038,-0.23018069128749016,-0.1286651011811426,0.0,0.0,1e-12,0.0,7.929750155329699e-05,0.2,-0.2,0.04791726553973893,7,0.07860942481072167,35.97998078127249,7.315664559302755,28.66431619018134,3.1788396093175113e-08,0.0,0
44.889,0.28312867380691886,-0.17207589941362533,-0.12865717145429523,0.0,0.0,1e-12,0.0,7.929750155329699e-05,0.2,-0.2,0.08769339657269005,7,0.07860942481072167,35.97998078127249,7.315664559302755,28.66431619018134,3.1788396093175113e-08,0.0,0
44.983,0.34253974419281574,-0.2239839634136492,-0.12864924172744788,0.0,0.0,1e-12,0.0,7.929750155329699e-05,0.2,-0.2,0.14454345082216838,7,0.07860942481072167,35.97998078127249,7.315664559302755,28.66431619018134,3.1788396093175113e-08,0.0,0
45.084,0.24249901000690033,-0.27318576285411494,-0.12864131200059775,0.0,0.0,1e-12,0.0,7.929750155329699e-05,0.2,-0.2,0.08463050121620079,7,0.07860942481072167,35.97998078127249,7.315664559302755,28.66431619018134,3.1788396093175113e-08,0.0,0
45.184,0.24783241925948307,-0.2604276253370499,-0.1286333822737503,0.0,0.0,1e-12,0.0,7.929750155329699e-05,0.2,-0.2,0.07706775094739587,7,0.07860942481072167,35.97998078127249,7.315664559302755,28.66431619018134,3.1788396093175113e-08,0.0,0
45.284,0.3283486634074361,-0.16836720368324803,-0.1286254528085798,0.0,0.0,1e-12,0.0,7.929313918364706e-05,0.2,-0.2,0.13218930819583122,7,0.07825846641961183,35.956518398565834,7.29220217659898,28.664316190181953,3.178489865857849e-08,0.0,0
45.383,0.19826837037363174,-0.2705364032343499,-0.1286175235178613,0.0,0.0,1e-12,0.0,7.929313918364706e-05,0.2,-0.2,0.07055765530686038,7,0.07825846641961183,35.956518398565834,7.29220217659898,28.664316190181953,3.178489865857849e-08,0.0,0
45.483,0.2617116876265221,-0.2087272056020968,-0.12860959422714555,0.0,0.0,1e-12,0.0,7.929313918364706e-05,0.2,-0.2,0.06232572909589351,7,0.07825846641961183,35.956518398565834,7.29220217659898,28.664316190181953,3.178489865857849e-08,0.0,0
45.583,0.1921944119238914,-0.2514151341339056,-0.12860166493642705,0.0,0.0,1e-12,0.0,7.929313918364706e-05,0.2,-0.2,0.052004261587117954,7,0.07825846641961183,35.956518398565834,7.29220217659898,28.664316190181953,3.178489865857849e-08,0.0,0
45.686,0.24943166327886584,-0.20891801098512874,-0.12859373571985208,0.0,0.0,1e-12,0.0,7.928877705363935e-05,0.2,-0.2,0.050229675038228644,7,0.07841682562807123,36.115457529747864,7.4511413077823905,28.664316190184067,3.178140160826748e-08,0.0,0
45.783,0.2234017305607357,-0.2711156327659397,-0.12858580686526808,0.0,0.0,1e-12,0.0,7.928877705363935e-05,0.2,-0.2,0.0748670435968809,7,0.07841682562807123,36.115457529747864,7.4511413077823905,28.664316190184067,3.178140160826748e-08,0.0,0
45.884,0.31941992295264987,-0.19125766439768332,-0.1285778780106785,0.0,0.0,1e-12,0.0,7.928877705363935e-05,0.2,-0.2,0.11973949402682627,7,0.07841682562807123,36.115457529747864,7.4511413077823905,28.664316190184067,3.178140160826748e-08,0.0,0
45.984,0.244684742222222,-0.14898279268294762,-0.12856994915609452,0.0,0.0,1e-12,0.0,7.928877705363935e-05,0.2,-0.2,0.06781947824849092,7,0.07841682562807123,36.115457529747864,7.4511413077823905,28.664316190184067,3.178140160826748e-08,0.0,0
46.083,0.31326592294501826,-0.13953063910632196,-0.12856202030150773,0.0,0.0,1e-12,0.0,7.928877705363935e-05,0.2,-0.2,0.12839670131072953,7,0.07841682562807123,36.115457529747864,7.4511413077823905,28.664316190184067,3.178140160826748e-08,0.0,0
46.186,0.2755921285499169,-0.1962573017532806,-0.12855409167386167,0.0,0.0,1e-12,0.0,7.928441516756331e-05,0.2,-0.2,0.07568472559818892,7,0.0778113510679845,35.978496336597324,7.314180114634695,28.66431619018472,3.1777904946265806e-08,0.0,0
46.283,0.2716394838779519,-0.13321136963792665,-0.12854616325569806,0.0,0.0,1e-12,0.0,7.928441516756331e-05,0.2,-0.2,0.09794353881671315,7,0.0778113510679845,35.978496336597324,7.314180114634695,28.66431619018472,3.1777904946265806e-08,0.0,0
46.383,0.262181104011481,-0.20690608427298146,-0.1285382348375399,0.0,0.0,1e-12,0.0,7.928441516756331e-05,0.2,-0.2,0.06256343737417355,7,0.0778113510679845,35.978496336597324,7.314180114634695,28.66431619018472,3.1777904946265806e-08,0.0,0
46.483,0.33462933026973396,-0.21759909279179943,-0.12853030641937624,0.0,0.0,1e-12,0.0,7.928441516756331e-05,0.2,-0.2,0.13577475699102343,7,0.0778113510679845,35.978496336597324,7.314180114634695,28.66431619018472,3.1777904946265806e-08,0.0,0
46.586,0.24721760428077197,-0.20143582742263064,-0.12852237800121263,0.0,0.0,1e-12,0.0,7.928441516756331e-05,0.2,-0.2,0.04723943008126953,7,0.0778113510679845,35.978496336597324,7.314180114634695,28.66431619018472,3.1777904946265806e-08,0.0,0
46.683,0.13360023625930895,-0.23158186914467047,-0.12851444958305167,0.0,0.0,1e-12,0.0,7.928005352499067e-05,0.2,-0.2,0.0735278388332656,7,0.07772184167053633,35.99253315964497,7.328216937682714,28.66431619018785,3.177440867158095e-08,0.0,0
46.783,0.35201210456471027,-0.05829169480001463,-0.12850652155740738,0.0,0.0,1e-12,0.0,7.928005352499067e-05,0.2,-0.2,0.20781944975589897,7,0.07772184167053633,35.99253315964497,7.328216937682714,28.66431619018785,3.177440867158095e-08,0.0,0
46.883,0.19885844871538308,-0.23235272517926903,-0.12849859357537824,0.0,0.0,1e-12,0.0,7.928005352499067e-05,0.2,-0.2,0.03237285847528324,7,0.07772184167053633,35.99253315964497,7.328216937682714,28.66431619018785,3.177440867158095e-08,0.0,0
46.987,0.3015682409500371,-0.22266529886686096,-0.12849066559334618,0.0,0.0,1e-12,0.0,7.928005352499067e-05,0.2,-0.2,0.10406643715631336,7,0.07772184167053633,35.99253315964497,7.328216937682714,28.66431619018785,3.177440867158095e-08,0.0,0
47.083,0.3009256621946614,-0.18275923685073828,-0.12848273761131426,0.0,0.0,1e-12,0.0,7.928005352499067e-05,0.2,-0.2,0.10238766138260919,7,0.07772184167053633,35.99253315964497,7.328216937682714,28.66431619018785,3.177440867158095e-08,0.0,0
47.184,0.2072239158392831,-0.18083072445333387,-0.12847480962928498,0.0,0.0,1e-12,0.0,7.927569211040072e-05,0.2,-0.2,0.02048526507119343,7,0.07686511147379176,35.84771231622173,7.183396094262031,28.664316190188792,3.1770912772133555e-08,0.0,0
47.283,0.272063610844008,-0.24222145697070369,-0.12846688201796486,0.0,0.0,1e-12,0.0,7.927569211040072e-05,0.2,-0.2,0.08352134719103617,7,0.07686511147379176,35.84771231622173,7.183396094262031,28.664316190188792,3.1770912772133555e-08,0.0,0
47.384,0.3016838952079968,-0.17711423473905977,-0.12845895447206734,0.0,0.0,1e-12,0.0,7.927569211040072e-05,0.2,-0.2,0.10422750498908499,7,0.07686511147379176,35.84771231622173,7.183396094262031,28.664316190188792,3.1770912772133555e-08,0.0,0
47.483,0.28865200172168504,-0.19751514859948643,-0.12845102692616708,0.0,0.0,1e-12,0.0,7.927569211040072e-05,0.2,-0.2,0.08868681917705855,7,0.07686511147379176,35.84771231622173,7.183396094262031,28.664316190188792,3.1770912772133555e-08,0.0,0
47.595,0.20832080339910264,-0.28064976698353794,-0.12844309938026682,0.0,0.0,1e-12,0.0,7.927569211040072e-05,0.2,-0.2,0.08107786802639474,7,0.07686511147379176,35.84771231622173,7.183396094262031,28.664316190188792,3.1770912772133555e-08,0.0,0
47.687,0.2651107346482939,-0.21613800442625847,-0.12843517206551489,0.0,0.0,1e-12,0.0,7.927133093965057e-05,0.2,-0.2,0.06708086875780958,7,0.07665157870869183,35.816098737201514,7.151782515245605,28.664316190188487,3.176741726021014e-08,0.0,0
47.795,0.20109415885812662,-0.2104317498977498,-0.1284272449557463,0.0,0.0,1e-12,0.0,7.927133093965057e-05,0.2,-0.2,0.010488974665620062,7,0.07665157870869183,35.816098737201514,7.151782515245605,28.664316190188487,3.176741726021014e-08,0.0,0
47.883,0.26522697103057713,-0.21265672491782717,-0.12841931784598046,0.0,0.0,1e-12,0.0,7.927133093965057e-05,0.2,-0.2,0.06644358836990438,7,0.07665157870869183,35.816098737201514,7.151782515245605,28.664316190188487,3.176741726021014e-08,0.0,0
47.983,0.3082410811172405,-0.24516261478604973,-0.1284113907362091,0.0,0.0,1e-12,0.0,7.927133093965057e-05,0.2,-0.2,0.11728509460175303,7,0.07665157870869183,35.816098737201514,7.151782515245605,28.664316190188487,3.176741726021014e-08,0.0,0
48.085,0.28301983128684277,-0.2034986868361534,-0.12840346362644048,0.0,0.0,1e-12,0.0,7.927133093965057e-05,0.2,-0.2,0.08309352078515694,7,0.07665157870869183,35.816098737201514,7.151782515245605,28.664316190188487,3.176741726021014e-08,0.0,0
48.19,0.35328884941825955,-0.23985419268709895,-0.1283955365166719,0.0,0.0,1e-12,0.0,7.927133093965057e-05,0.2,-0.2,0.15838506252394594,7,0.07665157870869183,35.816098737201514,7.151782515245605,28.664316190188487,3.176741726021014e-08,0.0,0
48.286,0.22035988460866363,-0.2316104029757103,-0.1283876094069033,0.0,0.0,1e-12,0.0,7.927133093965057e-05,0.2,-0.2,0.03759976698817284,7,0.07665157870869183,35.816098737201514,7.151782515245605,28.664316190188487,3.176741726021014e-08,0.0,0
48.391,0.24615095470964965,-0.2238420057206671,-0.1283796826285946,0.0,0.0,1e-12,0.0,7.926697000898157e-05,0.2,-0.2,0.05194566254651541,7,0.07652363669970211,35.86901138316117,7.20469516120613,28.66431619019112,3.17639221327656e-08,0.0,0
48.495,0.22486907620323043,-0.19541690293450095,-0.12837175595495767,0.0,0.0,1e-12,0.0,7.926697000898157e-05,0.2,-0.2,0.025287857361070903,7,0.07652363669970211,35.86901138316117,7.20469516120613,28.66431619019112,3.17639221327656e-08,0.0,0
48.583,0.2612152806109421,-0.251003168806085,-0.12836382928132076,0.0,0.0,1e-12,0.0,7.926697000898157e-05,0.2,-0.2,0.07967831454378527,7,0.07652363669970211,35.86901138316117,7.20469516120613,28.66431619019112,3.17639221327656e-08,0.0,0
48.683,0.2931147755297736,-0.2990996952106939,-0.1283559026076838,0.0,0.0,1e-12,0.0,7.926697000898157e-05,0.2,-0.2,0.13598202459447553,7,0.07652363669970211,35.86901138316117,7.20469516120613,28.66431619019112,3.17639221327656e-08,0.0,0
48.784,0.25183257081321303,-0.15606465658156882,-0.12834797620862168,0.0,0.0,1e-12,0.0,7.926260932256769e-05,0.2,-0.2,0.0679479933360966,7,0.07686367250677859,35.98177441674253,7.317458194785279,28.66431619019682,3.176042739333637e-08,0.0,0
48.884,0.3580140352638635,-0.24208560779029775,-0.12834004997082232,0.0,0.0,1e-12,0.0,7.926260932256769e-05,0.2,-0.2,0.163522578635026,7,0.07686367250677859,35.98177441674253,7.317458194785279,28.66431619019682,3.176042739333637e-08,0.0,0
48.985,0.29169003252216624,-0.17405779619652442,-0.12833212373302563,0.0,0.0,1e-12,0.0,7.926260932256769e-05,0.2,-0.2,0.09528934883866594,7,0.07686367250677859,35.98177441674253,7.317458194785279,28.66431619019682,3.176042739333637e-08,0.0,0
49.084,0.30366620104777037,-0.1350285476059743,-0.12832419749522614,0.0,0.0,1e-12,0.0,7.926260932256769e-05,0.2,-0.2,0.12234365887068235,7,0.07686367250677859,35.98177441674253,7.317458194785279,28.66431619019682,3.176042739333637e-08,0.0,0
49.193,0.2091320765848013,-0.32161140944140537,-0.12831627125742673,0.0,0.0,1e-12,0.0,7.925824887926742e-05,0.2,-0.2,0.12195380161797259,7,0.07628179175330307,35.89318891235416,7.228872690401726,28.664316190195503,3.1756933041145273e-08,0.0,0
49.283,0.33410589288783255,-0.16250936399584978,-0.12830834545139586,0.0,0.0,1e-12,0.0,7.925824887926742e-05,0.2,-0.2,0.13924775867222602,7,0.07628179175330307,35.89318891235416,7.228872690401726,28.664316190195503,3.1756933041145273e-08,0.0,0
49.383,0.28001304409417616,-0.1506618482837105,-0.12830041964972805,0.0,0.0,1e-12,0.0,7.925824887926742e-05,0.2,-0.2,0.09400181083360139,7,0.07628179175330307,35.89318891235416,7.228872690401726,28.664316190195503,3.1756933041145273e-08,0.0,0
49.484,0.26162277360951064,-0.1615724277754833,-0.12829249384806027,0.0,0.0,1e-12,0.0,7.925824887926742e-05,0.2,-0.2,0.07262261723732798,7,0.07628179175330307,35.89318891235416,7.228872690401726,28.664316190195503,3.1756933041145273e-08,0.0,0
49.595,0.2754881787606546,-0.27602330896545313,-0.12828456804639254,0.0,0.0,1e-12,0.0,7.925824887926742e-05,0.2,-0.2,0.10713546863040872,7,0.07628179175330307,35.89318891235416,7.228872690401726,28.664316190195503,3.1756933041145273e-08,0.0,0
49.683,0.24329892913965598,-0.24766752705023334,-0.12827664237120145,0.0,0.0,1e-12,0.0,7.925388867904442e-05,0.2,-0.2,0.0643971303687181,7,0.07616885437706575,35.87477659554991,7.210460373593309,28.664316190203163,3.175343907613157e-08,0.0,0
49.783,0.2562943573935468,-0.2058639244774701,-0.12826871700566528,0.0,0.0,1e-12,0.0,7.925388867904442e-05,0.2,-0.2,0.05659894243384629,7,0.07616885437706575,35.87477659554991,7.210460373593309,28.664316190203163,3.175343907613157e-08,0.0,0
49.883,0.17207759281309995,-0.2957789596249289,-0.1282607916401265,0.0,0.0,1e-12,0.0,7.925388867904442e-05,0.2,-0.2,0.0997660760476466,7,0.07616885437706575,35.87477659554991,7.210460373593309,28.664316190203163,3.175343907613157e-08,0.0,0
49.988,0.24683937031673991,-0.23698123051769204,-0.12825286627459048,0.0,0.0,1e-12,0.0,7.925388867904442e-05,0.2,-0.2,0.059678622824855566,7,0.07616885437706575,35.87477659554991,7.210460373593309,28.664316190203163,3.175343907613157e-08,0.0,0
50.09,0.32322082061090884,-0.20284252269211506,-0.1282449409090544,0.0,0.0,1e-12,0.0,7.925388867904442e-05,0.2,-0.2,0.12325360265436854,7,0.07616885437706575,35.87477659554991,7.210460373593309,28.664316190203163,3.175343907613157e-08,0.0,0
50.184,0.3296392621267397,-0.23845164589084133,-0.1282370157266884,0.0,0.0,1e-12,0.0,7.924952872235508e-05,0.2,-0.2,0.13522154915722634,7,0.07585653161470472,35.867208838808196,7.202892616851507,28.664316190206737,3.174994549862822e-08,0.0,0
50.283,0.27572492456807074,-0.21666164582859604,-0.12822909079728406,0.0,0.0,1e-12,0.0,7.924952872235508e-05,0.2,-0.2,0.07753627952486225,7,0.07585653161470472,35.867208838808196,7.202892616851507,28.664316190206737,3.174994549862822e-08,0.0,0
50.394,0.20674187003926978,-0.25509725218302715,-0.12822116586787694,0.0,0.0,1e-12,0.0,7.924952872235508e-05,0.2,-0.2,0.0555081976805813,7,0.07585653161470472,35.867208838808196,7.202892616851507,28.664316190206737,3.174994549862822e-08,0.0,0
50.483,0.19821699883122318,-0.241891615384182,-0.12821324093847253,0.0,0.0,1e-12,0.0,7.924952872235508e-05,0.2,-0.2,0.041929542480977446,7,0.07585653161470472,35.867208838808196,7.202892616851507,28.664316190206737,3.174994549862822e-08,0.0,0
50.583,0.25957128037012045,-0.220045858462793,-0.12820531600906535,0.0,0.0,1e-12,0.0,7.924952872235508e-05,0.2,-0.2,0.06285359087948617,7,0.07585653161470472,35.867208838808196,7.202892616851507,28.664316190206737,3.174994549862822e-08,0.0,0
50.683,0.25990488779006476,-0.15444005941254374,-0.12819739121912724,0.0,0.0,1e-12,0.0,7.924516900587905e-05,0.2,-0.2,0.07526156899422702,7,0.0765735325677427,36.03560317278992,7.371286950838272,28.66431619020519,3.1746452305549696e-08,0.0,0
50.789,0.32647306292179473,-0.21394313401120485,-0.1281894667255603,0.0,0.0,1e-12,0.0,7.924516900587905e-05,0.2,-0.2,0.12723932816104722,7,0.0765735325677427,36.03560317278992,7.371286950838272,28.66431619020519,3.1746452305549696e-08,0.0,0
50.884,0.3551589339633965,-0.19034189159550605,-0.1281815422319906,0.0,0.0,1e-12,0.0,7.924516900587905e-05,0.2,-0.2,0.15545923532106604,7,0.0765735325677427,36.03560317278992,7.371286950838272,28.66431619020519,3.1746452305549696e-08,0.0,0
50.983,0.2490939622369503,-0.22236629201145278,-0.1281736177384265,0.0,0.0,1e-12,0.0,7.924516900587905e-05,0.2,-0.2,0.05394875481848192,7,0.0765735325677427,36.03560317278992,7.371286950838272,28.66431619020519,3.1746452305549696e-08,0.0,0
51.083,0.30549964754784864,-0.23749579766929846,-0.1281656932448568,0.0,0.0,1e-12,0.0,7.924516900587905e-05,0.2,-0.2,0.11196477336902554,7,0.0765735325677427,36.03560317278992,7.371286950838272,28.66431619020519,3.1746452305549696e-08,0.0,0
51.19,0.24989540982903516,-0.265919663029391,-0.12815776889075617,0.0,0.0,1e-12,0.0,7.924080953294046e-05,0.2,-0.2,0.08267377997839362,7,0.07591554678866312,35.93236225223785,7.268046030287587,28.664316190207305,3.174295950014352e-08,0.0,0
51.283,0.24250800704618006,-0.25435025097124203,-0.12814984483302672,0.0,0.0,1e-12,0.0,7.924080953294046e-05,0.2,-0.2,0.06899913364438054,7,0.07591554678866312,35.93236225223785,7.268046030287587,28.664316190207305,3.174295950014352e-08,0.0,0
51.383,0.2580102040661363,-0.24389230964770534,-0.12814192077529452,0.0,0.0,1e-12,0.0,7.924080953294046e-05,0.2,-0.2,0.07274419992002674,7,0.07591554678866312,35.93236225223785,7.268046030287587,28.664316190207305,3.174295950014352e-08,0.0,0
51.489,0.22825095350824262,-0.2807126215241206,-0.12813399671756512,0.0,0.0,1e-12,0.0,7.924080953294046e-05,0.2,-0.2,0.08551399679245975,7,0.07591554678866312,35.93236225223785,7.268046030287587,28.664316190207305,3.174295950014352e-08,0.0,0
51.583,0.22224358876316697,-0.2225764390833848,-0.12812607265983844,0.0,0.0,1e-12,0.0,7.924080953294046e-05,0.2,-0.2,0.031693419549658444,7,0.07591554678866312,35.93236225223785,7.268046030287587,28.664316190207305,3.174295950014352e-08,0.0,0
51.683,0.25045733458415137,-0.10329051371029939,-0.12811814860210624,0.0,0.0,1e-12,0.0,7.924080953294046e-05,0.2,-0.2,0.10908101279212065,7,0.07591554678866312,35.93236225223785,7.268046030287587,28.664316190207305,3.174295950014352e-08,0.0,0
51.786,0.29123729006288873,-0.22658598629199733,-0.12811022480605638,0.0,0.0,1e-12,0.0,7.923645030306849e-05,0.2,-0.2,0.09503187762607851,7,0.07550518290137927,35.84474124496013,7.18042502301016,28.664316190210506,3.173946708093806e-08,0.0,0
51.883,0.246015938482972,-0.2691754356573712,-0.12810230118445587,0.0,0.0,1e-12,0.0,7.923645030306849e-05,0.2,-0.2,0.08308253422263769,7,0.07550518290137927,35.84474124496013,7.18042502301016,28.664316190210506,3.173946708093806e-08,0.0,0
51.983,0.30902756798531533,-0.1740494396910334,-0.1280943775628581,0.0,0.0,1e-12,0.0,7.923645030306849e-05,0.2,-0.2,0.11207337846759982,7,0.07550518290137927,35.84474124496013,7.18042502301016,28.664316190210506,3.173946708093806e-08,0.0,0
52.083,0.28140148131884496,-0.18451174756873903,-0.12808645394126036,0.0,0.0,1e-12,0.0,7.923645030306849e-05,0.2,-0.2,0.08286185566517759,7,0.07550518290137927,35.84474124496013,7.18042502301016,28.664316190210506,3.173946708093806e-08,0.0,0
52.183,0.3183255592609711,-0.2498506921985367,-0.12807853042862,0.0,0.0,1e-12,0.0,7.923209131651563e-05,0.2,-0.2,0.12839793412315803,7,0.07497318249547022,35.73621592457633,7.071899702559,28.664316190281355,3.173597504894261e-08,0.0,0
52.283,0.3476425984069829,-0.17501436577979912,-0.12807060724285974,0.0,0.0,1e-12,0.0,7.923209131651563e-05,0.2,-0.2,0.14974184045132913,7,0.07497318249547022,35.73621592457633,7.071899702559,28.664316190281355,3.173597504894261e-08,0.0,0
52.384,0.28960225944391976,-0.19076780487235714,-0.1280626840570967,0.0,0.0,1e-12,0.0,7.923209131651563e-05,0.2,-0.2,0.09007662473877659,7,0.07497318249547022,35.73621592457633,7.071899702559,28.664316190281355,3.173597504894261e-08,0.0,0
52.483,0.27822250176165036,-0.2691387751250259,-0.12805476087133635,0.0,0.0,1e-12,0.0,7.923209131651563e-05,0.2,-0.2,0.10439794062930689,7,0.07497318249547022,35.73621592457633,7.071899702559,28.664316190281355,3.173597504894261e-08,0.0,0
52.583,0.27728719762098514,-0.29597765160462,-0.12804683768557618,0.0,0.0,1e-12,0.0,7.923209131651563e-05,0.2,-0.2,0.12322751528633132,7,0.07497318249547022,35.73621592457633,7.071899702559,28.664316190281355,3.173597504894261e-08,0.0,0
52.686,0.181677328151983,-0.2205851645367275,-0.128038914661073,0.0,0.0,1e-12,0.0,7.922773257392288e-05,0.2,-0.2,0.027558470615298262,7,0.07501920448561929,35.80152751902858,7.137211297011155,28.664316190284946,3.173248340486148e-08,0.0,0
52.783,0.2627406182962104,-0.1836721115646648,-0.128030991911153,0.0,0.0,1e-12,0.0,7.922773257392288e-05,0.2,-0.2,0.06483043363226508,7,0.07501920448561929,35.80152751902858,7.137211297011155,28.664316190284946,3.173248340486148e-08,0.0,0
52.883,0.2796697930250252,-0.193843993927633,-0.12802306916123027,0.0,0.0,1e-12,0.0,7.922773257392288e-05,0.2,-0.2,0.07990727333236551,7,0.07501920448561929,35.80152751902858,7.137211297011155,28.664316190284946,3.173248340486148e-08,0.0,0
52.983,0.2005809825269016,-0.24556661932923404,-0.1280151464113074,0.0,0.0,1e-12,0.0,7.922773257392288e-05,0.2,-0.2,0.045570322994158044,7,0.07501920448561929,35.80152751902858,7.137211297011155,28.664316190284946,3.173248340486148e-08,0.0,0
53.084,0.3068256340695008,-0.17475804779323997,-0.12800722366138464,0.0,0.0,1e-12,0.0,7.922773257392288e-05,0.2,-0.2,0.1097673550995889,7,0.07501920448561929,35.80152751902858,7.137211297011155,28.664316190284946,3.173248340486148e-08,0.0,0
53.184,0.34290375623712516,-0.1480941906639053,-0.12799930095504364,0.0,0.0,1e-12,0.0,7.922337407116322e-05,0.2,-0.2,0.1520384707549859,7,0.07453833789881237,35.744814983057566,7.080498761047011,28.66431619028156,3.172899214513357e-08,0.0,0
53.283,0.29476594204931644,-0.23749599958447518,-0.12799137864095833,0.0,0.0,1e-12,0.0,7.922337407116322e-05,0.2,-0.2,0.10191434519896285,7,0.07453833789881237,35.744814983057566,7.080498761047011,28.66431619028156,3.172899214513357e-08,0.0,0
53.389,0.3767624648781369,-0.1751113174388003,-0.127983456326873,0.0,0.0,1e-12,0.0,7.922337407116322e-05,0.2,-0.2,0.17850606574967348,7,0.07453833789881237,35.744814983057566,7.080498761047011,28.66431619028156,3.172899214513357e-08,0.0,0
53.483,0.23598182063869724,-0.22994680766520906,-0.12797553401279052,0.0,0.0,1e-12,0.0,7.922337407116322e-05,0.2,-0.2,0.04681348850291336,7,0.07453833789881237,35.744814983057566,7.080498761047011,28.66431619028156,3.172899214513357e-08,0.0,0
53.592,0.19391505204501538,-0.2578151820173824,-0.12796761169870519,0.0,0.0,1e-12,0.0,7.921901581072743e-05,0.2,-0.2,0.058134515249702805,7,0.07449640624474163,35.72650302082301,7.0621867988206235,28.664316190276885,3.172550127127612e-08,0.0,0
53.684,0.16622739595673694,-0.2703520469398433,-0.12795968979866926,0.0,0.0,1e-12,0.0,7.921901581072743e-05,0.2,-0.2,0.07803844752741398,7,0.07449640624474163,35.72650302082301,7.0621867988206235,28.664316190276885,3.172550127127612e-08,0.0,0
53.783,0.2308482849112024,-0.22547968783333194,-0.12795176792042143,0.0,0.0,1e-12,0.0,7.921901581072743e-05,0.2,-0.2,0.040010388326617886,7,0.07449640624474163,35.72650302082301,7.0621867988206235,28.664316190276885,3.172550127127612e-08,0.0,0
53.888,0.31799638949469605,-0.2127755788785674,-0.1279438460421736,0.0,0.0,1e-12,0.0,7.921901581072743e-05,0.2,-0.2,0.11868598632301335,7,0.07449640624474163,35.72650302082301,7.0621867988206235,28.664316190276885,3.172550127127612e-08,0.0,0
53.986,0.298161555815477,-0.15725388716668828,-0.12793592416392852,0.0,0.0,1e-12,0.0,7.921901581072743e-05,0.2,-0.2,0.10706503258521533,7,0.07449640624474163,35.72650302082301,7.0621867988206235,28.664316190276885,3.172550127127612e-08,0.0,0
54.084,0.2981774953028055,-0.23737889760676043,-0.1279280022856807,0.0,0.0,1e-12,0.0,7.921901581072743e-05,0.2,-0.2,0.10505238012643539,7,0.07449640624474163,35.72650302082301,7.0621867988206235,28.664316190276885,3.172550127127612e-08,0.0,0
54.185,0.2062656608980258,-0.25710228911091015,-0.12792008055997756,0.0,0.0,1e-12,0.0,7.921465779467675e-05,0.2,-0.2,0.057445016565364625,7,0.07423120552652872,35.71448613933694,7.050169917332624,28.664316190282307,3.172201078518422e-08,0.0,0
54.284,0.2577998990991299,-0.16485243514924916,-0.12791215911756715,0.0,0.0,1e-12,0.0,7.921465779467675e-05,0.2,-0.2,0.06764746595998505,7,0.07423120552652872,35.71448613933694,7.050169917332624,28.664316190282307,3.172201078518422e-08,0.0,0
54.384,0.21126598884255554,-0.22144779179879,-0.12790423767515954,0.0,0.0,1e-12,0.0,7.921465779467675e-05,0.2,-0.2,0.024226643961655716,7,0.07423120552652872,35.71448613933694,7.050169917332624,28.664316190282307,3.172201078518422e-08,0.0,0
54.483,0.28578807508220966,-0.2113267911778278,-0.1278963162327492,0.0,0.0,1e-12,0.0,7.921465779467675e-05,0.2,-0.2,0.08653259515752984,7,0.07423120552652872,35.71448613933694,7.050169917332624,28.664316190282307,3.172201078518422e-08,0.0,0
54.595,0.31676812341269234,-0.16315859029291777,-0.1278883947903444,0.0,0.0,1e-12,0.0,7.921465779467675e-05,0.2,-0.2,0.12244216640735674,7,0.07423120552652872,35.71448613933694,7.050169917332624,28.664316190282307,3.172201078518422e-08,0.0,0
54.684,0.2478748094107856,-0.25670292203046624,-0.12788047343946085,0.0,0.0,1e-12,0.0,7.92103000223144e-05,0.2,-0.2,0.07421063766679395,7,0.07462081833901783,35.84022432441387,7.175908102417683,28.664316190277663,3.171852068643679e-08,0.0,0
54.783,0.2730575806241616,-0.23194533134013143,-0.127872552432888,0.0,0.0,1e-12,0.0,7.92103000223144e-05,0.2,-0.2,0.07973653040537097,7,0.07462081833901783,35.84022432441387,7.175908102417683,28.664316190277663,3.171852068643679e-08,0.0,0
54.883,0.2043850276899278,-0.30434501534249236,-0.1278646314263179,0.0,0.0,1e-12,0.0,7.92103000223144e-05,0.2,-0.2,0.10443711358835228,7,0.07462081833901783,35.84022432441387,7.175908102417683,28.664316190277663,3.171852068643679e-08,0.0,0
54.983,0.2726556291575741,-0.19827025544226567,-0.12785671041974772,0.0,0.0,1e-12,0.0,7.92103000223144e-05,0.2,-0.2,0.07267621663596653,7,0.07462081833901783,35.84022432441387,7.175908102417683,28.664316190277663,3.171852068643679e-08,0.0,0
55.086,0.1784491994999794,-0.2628441853809506,-0.12784878941317773,0.0,0.0,1e-12,0.0,7.92103000223144e-05,0.2,-0.2,0.06643665131828194,7,0.07462081833901783,35.84022432441387,7.175908102417683,28.664316190277663,3.171852068643679e-08,0.0,0
55.185,0.31718582861595523,-0.15684220852837608,-0.12784086840660763,0.0,0.0,1e-12,0.0,7.920594249227804e-05,0.2,-0.2,0.12488039635233468,7,0.0745440395591169,35.878732866470024,7.214416644479783,28.66431619027521,3.171503097346515e-08,0.0,0
55.283,0.3924422323082325,-0.1075959359902457,-0.12783294783122598,0.0,0.0,1e-12,0.0,7.920594249227804e-05,0.2,-0.2,0.2134772208487231,7,0.0745440395591169,35.878732866470024,7.214416644479783,28.66431619027521,3.171503097346515e-08,0.0,0
55.384,0.2466313970883693,-0.19707059265641094,-0.1278250272601991,0.0,0.0,1e-12,0.0,7.920594249227804e-05,0.2,-0.2,0.04672331989272432,7,0.0745440395591169,35.878732866470024,7.214416644479783,28.66431619027521,3.171503097346515e-08,0.0,0
55.486,0.2654669670616088,-0.13979251914478108,-0.12781710668917218,0.0,0.0,1e-12,0.0,7.920594249227804e-05,0.2,-0.2,0.08894304091483114,7,0.0745440395591169,35.878732866470024,7.214416644479783,28.66431619027521,3.171503097346515e-08,0.0,0
55.583,0.2646153759253058,-0.22423920082347484,-0.12780918611814818,0.0,0.0,1e-12,0.0,7.920594249227804e-05,0.2,-0.2,0.06901221386486114,7,0.0745440395591169,35.878732866470024,7.214416644479783,28.66431619027521,3.171503097346515e-08,0.0,0
55.683,0.2065519179324829,-0.2544623991799179,-0.12780126574325054,0.0,0.0,1e-12,0.0,7.920158520271578e-05,0.2,-0.2,0.054855086847317214,7,0.0741415262605229,35.739437620403315,7.07512139842002,28.664316190271748,3.1711541645423306e-08,0.0,0
55.783,0.22087166694877775,-0.30393939824736127,-0.12779334560806122,0.0,0.0,1e-12,0.0,7.920158520271578e-05,0.2,-0.2,0.10601426785694587,7,0.0741415262605229,35.739437620403315,7.07512139842002,28.664316190271748,3.1711541645423306e-08,0.0,0
55.883,0.24295564350899929,-0.25969763947299435,-0.12778542547287466,0.0,0.0,1e-12,0.0,7.920158520271578e-05,0.2,-0.2,0.07354587322154686,7,0.0741415262605229,35.739437620403315,7.07512139842002,28.664316190271748,3.1711541645423306e-08,0.0,0
55.983,0.2738295013408262,-0.20540852183622774,-0.12777750533768534,0.0,0.0,1e-12,0.0,7.920158520271578e-05,0.2,-0.2,0.07402734208850135,7,0.0741415262605229,35.739437620403315,7.07512139842002,28.664316190271748,3.1711541645423306e-08,0.0,0
56.083,0.3871284722643655,-0.2160514180174593,-0.12776958520249873,0.0,0.0,1e-12,0.0,7.920158520271578e-05,0.2,-0.2,0.18781563606996785,7,0.0741415262605229,35.739437620403315,7.07512139842002,28.664316190271748,3.1711541645423306e-08,0.0,0
56.183,0.25522750478516354,-0.21283270784993,-0.12776166526343583,0.0,0.0,1e-12,0.0,7.919722815582187e-05,0.2,-0.2,0.0566988154687284,7,0.07387449272054333,35.72443924088606,7.060123018909275,28.664316190268735,3.1708052703367535e-08,0.0,0
56.283,0.35707552663185693,-0.1244351263668634,-0.1277537455640895,0.0,0.0,1e-12,0.0,7.919722815582187e-05,0.2,-0.2,0.17430654374941607,7,0.07387449272054333,35.72443924088606,7.060123018909275,28.664316190268735,3.1708052703367535e-08,0.0,0
56.383,0.2631362180306978,-0.1765451145931463,-0.1277458258647404,0.0,0.0,1e-12,0.0,7.919722815582187e-05,0.2,-0.2,0.06735216163322784,7,0.07387449272054333,35.72443924088606,7.060123018909275,28.664316190268735,3.1708052703367535e-08,0.0,0
56.483,0.25172559780409964,-0.25141073003423325,-0.12773790616538852,0.0,0.0,1e-12,0.0,7.919722815582187e-05,0.2,-0.2,0.07292873666014164,7,0.07387449272054333,35.72443924088606,7.060123018909275,28.664316190268735,3.1708052703367535e-08,0.0,0
56.583,0.21710242905993266,-0.1788073201371371,-0.12772998646603942,0.0,0.0,1e-12,0.0,7.919722815582187e-05,0.2,-0.2,0.027232751596557844,7,0.07387449272054333,35.72443924088606,7.060123018909275,28.664316190268735,3.1708052703367535e-08,0.0,0
56.683,0.25092002837404825,-0.25336313775905517,-0.127722066845086,0.0,0.0,1e-12,0.0,7.91928713530186e-05,0.2,-0.2,0.07375956725134561,7,0.07398621453014459,35.76871199507506,7.1043957730970675,28.66431619027342,3.170456414845727e-08,0.0,0
56.788,0.2711552365094539,-0.2531453511878361,-0.12771414758128288,0.0,0.0,1e-12,0.0,7.91928713530186e-05,0.2,-0.2,0.08881157602246877,7,0.07398621453014459,35.76871199507506,7.1043957730970675,28.66431619027342,3.170456414845727e-08,0.0,0
56.888,0.22425668145308442,-0.26154461572260274,-0.12770622831747705,0.0,0.0,1e-12,0.0,7.91928713530186e-05,0.2,-0.2,0.06615229640427646,7,0.07398621453014459,35.76871199507506,7.1043957730970675,28.66431619027342,3.170456414845727e-08,0.0,0
56.99,0.2940192208737643,-0.2147045975348759,-0.12769830905367405,0.0,0.0,1e-12,0.0,7.91928713530186e-05,0.2,-0.2,0.09516217253915736,7,0.07398621453014459,35.76871199507506,7.1043957730970675,28.66431619027342,3.170456414845727e-08,0.0,0
57.088,0.18197865174121713,-0.2715775120355097,-0.12769038978986813,0.0,0.0,1e-12,0.0,7.91928713530186e-05,0.2,-0.2,0.07381130822751941,7,0.07398621453014459,35.76871199507506,7.1043957730970675,28.66431619027342,3.170456414845727e-08,0.0,0
57.186,0.3068642350212317,-0.275770973673007,-0.12768247052606232,0.0,0.0,1e-12,0.0,7.918851479324246e-05,0.2,-0.2,0.13100078311990568,7,0.07310402222140358,35.61692129295368,6.952605070978256,28.66431619027434,3.1701075979979104e-08,0.0,0
57.293,0.24611494770177136,-0.22332673754393384,-0.1276745516673158,0.0,0.0,1e-12,0.0,7.918851479324246e-05,0.2,-0.2,0.05167905848581879,7,0.07310402222140358,35.61692129295368,6.952605070978256,28.66431619027434,3.1701075979979104e-08,0.0,0
57.395,0.29444797649938215,-0.1866884184193208,-0.127666632839056,0.0,0.0,1e-12,0.0,7.918851479324246e-05,0.2,-0.2,0.09538143671075058,7,0.07310402222140358,35.61692129295368,6.952605070978256,28.66431619027434,3.1701075979979104e-08,0.0,0
57.489,0.2460946720996972,-0.2082562184797131,-0.1276587140107962,0.0,0.0,1e-12,0.0,7.918851479324246e-05,0.2,-0.2,0.04682823869806934,7,0.07310402222140358,35.61692129295368,6.952605070978256,28.66431619027434,3.1701075979979104e-08,0.0,0
57.588,0.28918578698318637,-0.19493163272438488,-0.12765079518253647,0.0,0.0,1e-12,0.0,7.918851479324246e-05,0.2,-0.2,0.08932968681603456,7,0.07310402222140358,35.61692129295368,6.952605070978256,28.66431619027434,3.1701075979979104e-08,0.0,0
57.683,0.363191815789289,-0.2461305866039392,-0.1276428764892964,0.0,0.0,1e-12,0.0,7.9184158476476e-05,0.2,-0.2,0.16958655536636377,7,0.07225325820209265,35.500861728410705,6.836545506439883,28.664316190273237,3.169758819850199e-08,0.0,0
57.788,0.3270165626591003,-0.2305487675218654,-0.12763495809658268,0.0,0.0,1e-12,0.0,7.9184158476476e-05,0.2,-0.2,0.13063856393438394,7,0.07225325820209265,35.500861728410705,6.836545506439883,28.664316190273237,3.169758819850199e-08,0.0,0
57.884,0.1909568274185569,-0.18627921370953185,-0.12762703970386613,0.0,0.0,1e-12,0.0,7.9184158476476e-05,0.2,-0.2,0.01643286179478375,7,0.07225325820209265,35.500861728410705,6.836545506439883,28.664316190273237,3.169758819850199e-08,0.0,0
57.986,0.2674764815733161,-0.16337406278318745,-0.1276191213111524,0.0,0.0,1e-12,0.0,7.9184158476476e-05,0.2,-0.2,0.07677587409156578,7,0.07225325820209265,35.500861728410705,6.836545506439883,28.664316190273237,3.169758819850199e-08,0.0,0
58.092,0.24213241889888656,-0.2235682278530093,-0.12761120291843586,0.0,0.0,1e-12,0.0,7.9184158476476e-05,0.2,-0.2,0.04827630978443377,7,0.07225325820209265,35.500861728410705,6.836545506439883,28.664316190273237,3.169758819850199e-08,0.0,0
58.186,0.18450915129581225,-0.27002519745319664,-0.12760328469569998,0.0,0.0,1e-12,0.0,7.917980239922575e-05,0.2,-0.2,0.07171816138144656,7,0.07205002385535754,35.465749442526935,6.801433220563221,28.664316190269616,3.169410080058198e-08,0.0,0
58.283,0.3257846257327041,-0.22166855828446352,-0.12759536673882102,0.0,0.0,1e-12,0.0,7.917980239922575e-05,0.2,-0.2,0.1276373710511292,7,0.07205002385535754,35.465749442526935,6.801433220563221,28.664316190269616,3.169410080058198e-08,0.0,0
58.383,0.2687451365725807,-0.2617128883936963,-0.1275874487819447,0.0,0.0,1e-12,0.0,7.917980239922575e-05,0.2,-0.2,0.0923816778169545,7,0.07205002385535754,35.465749442526935,6.801433220563221,28.664316190269616,3.169410080058198e-08,0.0,0
58.483,0.24985613751500607,-0.22530405793402447,-0.12757953082506845,0.0,0.0,1e-12,0.0,7.917980239922575e-05,0.2,-0.2,0.05591001516583286,7,0.07205002385535754,35.465749442526935,6.801433220563221,28.664316190269616,3.169410080058198e-08,0.0,0
58.583,0.26381004506014294,-0.16563446256890882,-0.12757161286819219,0.0,0.0,1e-12,0.0,7.917980239922575e-05,0.2,-0.2,0.0724755959858572,7,0.07205002385535754,35.465749442526935,6.801433220563221,28.664316190269616,3.169410080058198e-08,0.0,0
58.683,0.24861794704154067,-0.12355556811043271,-0.12756369491131592,0.0,0.0,1e-12,0.0,7.917544655014239e-05,0.2,-0.2,0.09059501057703313,7,0.07190998919489221,35.45844811798176,6.79413189602457,28.66431619026658,3.169061377648606e-08,0.0,0
58.783,0.3344937671723259,-0.21181607864632368,-0.12755577732465184,0.0,0.0,1e-12,0.0,7.917544655014239e-05,0.2,-0.2,0.13501182586269952,7,0.07190998919489221,35.45844811798176,6.79413189602457,28.66431619026658,3.169061377648606e-08,0.0,0
58.884,0.23017561915763762,-0.2438443447578702,-0.12754785980331884,0.0,0.0,1e-12,0.0,7.917544655014239e-05,0.2,-0.2,0.053224943013532346,7,0.07190998919489221,35.45844811798176,6.79413189602457,28.66431619026658,3.169061377648606e-08,0.0,0
58.983,0.23374874562778827,-0.1618730349386219,-0.12753994228198587,0.0,0.0,1e-12,0.0,7.917544655014239e-05,0.2,-0.2,0.050918005619237525,7,0.07190998919489221,35.45844811798176,6.79413189602457,28.66431619026658,3.169061377648606e-08,0.0,0
59.086,0.23295820997405886,-0.18956496108902396,-0.1275320247606556,0.0,0.0,1e-12,0.0,7.917544655014239e-05,0.2,-0.2,0.034570704964864925,7,0.07190998919489221,35.45844811798176,6.79413189602457,28.66431619026658,3.169061377648606e-08,0.0,0
59.184,0.24166710151591733,-0.2091836934974207,-0.12752410739611938,0.0,0.0,1e-12,0.0,7.91710909449948e-05,0.2,-0.2,0.04266717209978096,7,0.07237364345419083,35.52508632511255,6.8607701031624195,28.664316190263,3.168712714026116e-08,0.0,0
59.284,0.20523458625843663,-0.2566977616522295,-0.12751619031033243,0.0,0.0,1e-12,0.0,7.91710909449948e-05,0.2,-0.2,0.05693888890442138,7,0.07237364345419083,35.52508632511255,6.8607701031624195,28.664316190263,3.168712714026116e-08,0.0,0
59.383,0.308991573255698,-0.18116495794615903,-0.12750827322454553,0.0,0.0,1e-12,0.0,7.91710909449948e-05,0.2,-0.2,0.11060706057897993,7,0.07237364345419083,35.52508632511255,6.8607701031624195,28.664316190263,3.168712714026116e-08,0.0,0
59.484,0.2796886541720708,-0.2584590697036929,-0.1275003561387586,0.0,0.0,1e-12,0.0,7.91710909449948e-05,0.2,-0.2,0.09883189988246265,7,0.07237364345419083,35.52508632511255,6.8607701031624195,28.664316190263,3.168712714026116e-08,0.0,0
59.584,0.2754180296684091,-0.12032622272038053,-0.1274924390529716,0.0,0.0,1e-12,0.0,7.91710909449948e-05,0.2,-0.2,0.10970774806305818,7,0.07237364345419083,35.52508632511255,6.8607701031624195,28.664316190263,3.168712714026116e-08,0.0,0
59.685,0.3257094776379494,-0.2521011224683676,-0.12748452212397868,0.0,0.0,1e-12,0.0,7.916673558253288e-05,0.2,-0.2,0.13607865273609204,7,0.07198533831763973,35.43420642946259,6.769890207510776,28.664316190268174,3.168364088981312e-08,0.0,0
59.783,0.16281777878639317,-0.28151293466004973,-0.1274766054737378,0.0,0.0,1e-12,0.0,7.916673558253288e-05,0.2,-0.2,0.08959283504427756,7,0.07198533831763973,35.43420642946259,6.769890207510776,28.664316190268174,3.168364088981312e-08,0.0,0
59.883,0.24547816458293625,-0.20420798876324767,-0.12746868882349682,0.0,0.0,1e-12,0.0,7.916673558253288e-05,0.2,-0.2,0.04567242738528635,7,0.07198533831763973,35.43420642946259,6.769890207510776,28.664316190268174,3.168364088981312e-08,0.0,0
59.983,0.2599192524694015,-0.19352153219469706,-0.1274607721732559,0.0,0.0,1e-12,0.0,7.916673558253288e-05,0.2,-0.2,0.06026846075350045,7,0.07198533831763973,35.43420642946259,6.769890207510776,28.664316190268174,3.168364088981312e-08,0.0,0
60.084,0.24501674909025525,-0.2675885510227033,-0.12745285552301225,0.0,0.0,1e-12,0.0,7.916673558253288e-05,0.2,-0.2,0.08120788094762454,7,0.07198533831763973,35.43420642946259,6.769890207510776,28.664316190268174,3.168364088981312e-08,0.0,0
60.183,0.28547489819980865,-0.2291114292358124,-0.1274449389598794,0.0,0.0,1e-12,0.0,7.916238046333912e-05,0.2,-0.2,0.09029636501221609,7,0.07142907310429221,35.2851350963442,6.620818874399143,28.664316190264902,3.168015502579896e-08,0.0,0
60.285,0.1839694889925779,-0.24078627435775102,-0.1274370227451817,0.0,0.0,1e-12,0.0,7.916238046333912e-05,0.2,-0.2,0.043823480682675345,7,0.07142907310429221,35.2851350963442,6.620818874399143,28.664316190264902,3.168015502579896e-08,0.0,0
60.383,0.19792603529757974,-0.1397066174398325,-0.12742910653048412,0.0,0.0,1e-12,0.0,7.916238046333912e-05,0.2,-0.2,0.06032904201239728,7,0.07142907310429221,35.2851350963442,6.620818874399143,28.664316190264902,3.168015502579896e-08,0.0,0
60.484,0.22230296795834334,-0.2623795535541436,-0.12742119031578653,0.0,0.0,1e-12,0.0,7.916238046333912e-05,0.2,-0.2,0.06624674393028807,7,0.07142907310429221,35.2851350963442,6.620818874399143,28.664316190264902,3.168015502579896e-08,0.0,0
60.583,0.264609349106972,-0.2164743042582726,-0.1274132741010888,0.0,0.0,1e-12,0.0,7.916238046333912e-05,0.2,-0.2,0.06667661278754881,7,0.07142907310429221,35.2851350963442,6.620818874399143,28.664316190264902,3.168015502579896e-08,0.0,0
60.686,0.26066757481904396,-0.22299021914851147,-0.12740535788639393,0.0,0.0,1e-12,0.0,7.915802558416826e-05,0.2,-0.2,0.06487761409701252,7,0.07119288836288762,35.268658645698885,6.604342423758185,28.66431619026403,3.167666954581159e-08,0.0,0
60.783,0.3099896031875165,-0.24477481988134314,-0.12739744207212875,0.0,0.0,1e-12,0.0,7.915802558416826e-05,0.2,-0.2,0.11875393595478871,7,0.07119288836288762,35.268658645698885,6.604342423758185,28.66431619026403,3.167666954581159e-08,0.0,0
60.89,0.2651638593804334,-0.1907915324745361,-0.12738952629268296,0.0,0.0,1e-12,0.0,7.915802558416826e-05,0.2,-0.2,0.06581127899927505,7,0.07119288836288762,35.268658645698885,6.604342423758185,28.66431619026403,3.167666954581159e-08,0.0,0
60.983,0.18468801807341031,-0.23595746269999904,-0.12738161051323713,0.0,0.0,1e-12,0.0,7.915802558416826e-05,0.2,-0.2,0.03908191287977126,7,0.07119288836288762,35.268658645698885,6.604342423758185,28.66431619026403,3.167666954581159e-08,0.0,0
61.084,0.3071532139552562,-0.09439451809723216,-0.12737369473379406,0.0,0.0,1e-12,0.0,7.915802558416826e-05,0.2,-0.2,0.15044709724304,7,0.07119288836288762,35.268658645698885,6.604342423758185,28.66431619026403,3.167666954581159e-08,0.0,0
61.189,0.22833815640948077,-0.25420931673770814,-0.12736577895434822,0.0,0.0,1e-12,0.0,7.91536709484539e-05,0.2,-0.2,0.061169446048312044,7,0.07128289115953987,35.31376861177793,6.6494523898426126,28.664316190262134,3.167318445234432e-08,0.0,0
61.283,0.25030766892468376,-0.22017504631510862,-0.12735786357995904,0.0,0.0,1e-12,0.0,7.91536709484539e-05,0.2,-0.2,0.05420234355129276,7,0.07128289115953987,35.31376861177793,6.6494523898426126,28.664316190262134,3.167318445234432e-08,0.0,0
61.389,0.2815324807770368,-0.16100538730133546,-0.12734994823605927,0.0,0.0,1e-12,0.0,7.91536709484539e-05,0.2,-0.2,0.09037768110090413,7,0.07128289115953987,35.31376861177793,6.6494523898426126,28.664316190262134,3.167318445234432e-08,0.0,0
61.483,0.3779058448645427,-0.17673339365145704,-0.12734203289215953,0.0,0.0,1e-12,0.0,7.91536709484539e-05,0.2,-0.2,0.17942080316380482,7,0.07128289115953987,35.31376861177793,6.6494523898426126,28.664316190262134,3.167318445234432e-08,0.0,0
61.583,0.24969863093361516,-0.309564506504237,-0.1273341175482597,0.0,0.0,1e-12,0.0,7.91536709484539e-05,0.2,-0.2,0.12030933048684411,7,0.07128289115953987,35.31376861177793,6.6494523898426126,28.664316190262134,3.167318445234432e-08,0.0,0
61.683,0.25346748715793177,-0.2172374282977916,-0.1273262022043572,0.0,0.0,1e-12,0.0,7.91536709484539e-05,0.2,-0.2,0.056177407534569485,7,0.07128289115953987,35.31376861177793,6.6494523898426126,28.664316190262134,3.167318445234432e-08,0.0,0
61.787,0.2004591311312315,-0.2628812539346897,-0.1273182870085445,0.0,0.0,1e-12,0.0,7.914931655491046e-05,0.2,-0.2,0.06288293009867299,7,0.07143085501941952,35.32775325044442,6.663437028515105,28.664316190259616,3.166969974450639e-08,0.0,0
