diag_stamp,log_stamp,detected,true_available,true_x,true_y,true_yaw,state_available,state_x,state_y,state_yaw,state_pos_error,state_yaw_error_deg,obs_u,obs_v,obs_yaw,obs_yaw_error_deg,pixel_pose_available,pixel_pose_stamp,pixel_pose_u,pixel_pose_v,pixel_pose_yaw,pixel_pose_age_s,u_red,v_red,red_area_px,u_blue,v_blue,blue_area_px,separation_px,border_margin_px,seed
5.913,5.968,1,1,-4.999999999995931,2.4,-4.891721570712553e-12,0,nan,nan,nan,nan,nan,125.94243703251325,319.71039921900297,-4.907185768843224e-12,-8.860332864415565e-13,1,5.913,125.94243703251325,319.71039921900297,-4.907185768843224e-12,0.054999999999999716,133.09132348448853,317.6776589097626,36.0,118.79355058053797,321.7431395282433,36.0,14.864536409595324,118.79355058053797,0
5.933,5.968,1,1,-4.999999999995931,2.4,-4.891721570712553e-12,1,-5.000337892166803,2.4000000000000123,-4.907185768843224e-12,0.0003378921708714344,-8.860332864415565e-13,125.94243703251325,319.71039921900297,-4.907185768843224e-12,-8.860332864415565e-13,1,5.933,125.94243703251325,319.71039921900297,-4.907185768843224e-12,0.03500000000000014,133.09132348448853,317.6776589097626,36.0,118.79355058053797,321.7431395282433,36.0,14.864536409595324,118.79355058053797,0
5.953,5.98,1,1,-4.999999999995931,2.4,-4.891721570169745e-12,1,-5.000337892166803,2.4000000000000123,-4.907185768843224e-12,0.0003378921708714344,-8.860333175421752e-13,125.94243703251325,319.71039921900297,-4.907185768843224e-12,-8.860333175421752e-13,1,5.953,125.94243703251325,319.71039921900297,-4.907185768843224e-12,0.027000000000000135,133.09132348448853,317.6776589097626,36.0,118.79355058053797,321.7431395282433,36.0,14.864536409595324,118.79355058053797,0
5.973,5.987,1,1,-4.999999999995931,2.4,-4.891721570169745e-12,1,-5.000337892166803,2.4000000000000123,-4.907185768843224e-12,0.0003378921708714344,-8.860333175421752e-13,125.94243703251325,319.71039921900297,-4.907185768843224e-12,-8.860333175421752e-13,1,5.973,125.94243703251325,319.71039921900297,-4.907185768843224e-12,0.014000000000000234,133.09132348448853,317.6776589097626,36.0,118.79355058053797,321.7431395282433,36.0,14.864536409595324,118.79355058053797,0
5.993,6.013000000000001,1,1,-4.999999999995931,2.4,-4.891721571853959e-12,1,-5.000337892166803,2.4000000000000123,-4.907185768843224e-12,0.0003378921708714344,-8.860332210438186e-13,125.94243703251325,319.71039921900297,-4.907185768843224e-12,-8.860332210438186e-13,1,5.973,125.94243703251325,319.71039921900297,-4.907185768843224e-12,0.040000000000000924,133.09132348448853,317.6776589097626,36.0,118.79355058053797,321.7431395282433,36.0,14.864536409595324,118.79355058053797,0
6.013,6.014,1,1,-4.999999999995931,2.4,-4.891721571585535e-12,1,-5.000337892166803,2.4000000000000123,-4.907185768843224e-12,0.0003378921708714344,-8.860332364233895e-13,125.94243703251325,319.71039921900297,-4.907185768843224e-12,-8.860332364233895e-13,1,6.013,125.94243703251325,319.71039921900297,-4.907185768843224e-12,0.001000000000000334,133.09132348448853,317.6776589097626,36.0,118.79355058053797,321.7431395282433,36.0,14.864536409595324,118.79355058053797,0
6.033,6.047000000000001,1,1,-4.999999999995931,2.4,-4.891721577575078e-12,1,-5.000337892166803,2.4000000000000123,-4.907185768843224e-12,0.0003378921708714344,-8.860328932478588e-13,125.94243703251325,319.71039921900297,-4.907185768843224e-12,-8.860328932478588e-13,1,6.033,125.94243703251325,319.71039921900297,-4.907185768843224e-12,0.014000000000000234,133.09132348448853,317.6776589097626,36.0,118.79355058053797,321.7431395282433,36.0,14.864536409595324,118.79355058053797,0
6.053,6.056,1,1,-4.999999999995931,2.4,-4.891721572986164e-12,1,-5.000337892166803,2.4000000000000123,-4.907185768843224e-12,0.0003378921708714344,-8.860331561732461e-13,125.94243703251325,319.71039921900297,-4.907185768843224e-12,-8.860331561732461e-13,1,6.033,125.94243703251325,319.71039921900297,-4.907185768843224e-12,0.022999999999999687,133.09132348448853,317.6776589097626,36.0,118.79355058053797,321.7431395282433,36.0,14.864536409595324,118.79355058053797,0
6.073,6.083,1,1,-4.999999999995931,2.4,-4.891721571876476e-12,1,-5.000337892166803,2.4000000000000123,-4.907185768843224e-12,0.0003378921708714344,-8.860332197536755e-13,125.94243703251325,319.71039921900297,-4.907185768843224e-12,-8.860332197536755e-13,1,6.053,125.94243703251325,319.71039921900297,-4.907185768843224e-12,0.03000000000000025,133.09132348448853,317.6776589097626,36.0,118.79355058053797,321.7431395282433,36.0,14.864536409595324,118.79355058053797,0
6.093,6.11,1,1,-4.999999999995931,2.4,-4.891721567706733e-12,1,-5.000337892166803,2.4000000000000123,-4.907185768843224e-12,0.0003378921708714344,-8.860334586623598e-13,125.94243703251325,319.71039921900297,-4.907185768843224e-12,-8.860334586623598e-13,1,6.093,125.94243703251325,319.71039921900297,-4.907185768843224e-12,0.017000000000000348,133.09132348448853,317.6776589097626,36.0,118.79355058053797,321.7431395282433,36.0,14.864536409595324,118.79355058053797,0
6.113,6.12,1,1,-4.999999999995931,2.4,-4.891721578181812e-12,1,-5.000337892166803,2.4000000000000123,-4.907185768843224e-12,0.0003378921708714344,-8.860328584845295e-13,125.94243703251325,319.71039921900297,-4.907185768843224e-12,-8.860328584845295e-13,1,6.113,125.94243703251325,319.71039921900297,-4.907185768843224e-12,0.006999999999999673,133.09132348448853,317.6776589097626,36.0,118.79355058053797,321.7431395282433,36.0,14.864536409595324,118.79355058053797,0
6.133,6.1370000000000005,1,1,-4.999999999995931,2.4,-4.891721578890303e-12,1,-5.000337892166803,2.4000000000000123,-4.907185768843224e-12,0.0003378921708714344,-8.860328178910027e-13,125.94243703251325,319.71039921900297,-4.907185768843224e-12,-8.860328178910027e-13,1,6.133,125.94243703251325,319.71039921900297,-4.907185768843224e-12,0.004000000000000448,133.09132348448853,317.6776589097626,36.0,118.79355058053797,321.7431395282433,36.0,14.864536409595324,118.79355058053797,0
6.153,6.159000000000001,1,1,-4.999999999995931,2.4,-4.891721568966127e-12,1,-5.000337892166803,2.4000000000000123,-4.907185768843224e-12,0.0003378921708714344,-8.860333865044107e-13,125.94243703251325,319.71039921900297,-4.907185768843224e-12,-8.860333865044107e-13,1,6.153,125.94243703251325,319.71039921900297,-4.907185768843224e-12,0.0060000000000011156,133.09132348448853,317.6776589097626,36.0,118.79355058053797,321.7431395282433,36.0,14.864536409595324,118.79355058053797,0
6.173,6.181,1,1,-4.999999999995931,2.4,-4.891721569263197e-12,1,-5.000337892166803,2.4000000000000123,-4.907185768843224e-12,0.0003378921708714344,-8.860333694835465e-13,125.94243703251325,319.71039921900297,-4.907185768843224e-12,-8.860333694835465e-13,1,6.173,125.94243703251325,319.71039921900297,-4.907185768843224e-12,0.008000000000000007,133.09132348448853,317.6776589097626,36.0,118.79355058053797,321.7431395282433,36.0,14.864536409595324,118.79355058053797,0
6.193,6.197,1,1,-4.999999999995931,2.4,-4.8917215653095555e-12,1,-5.000337892166803,2.4000000000000123,-4.907185768843224e-12,0.0003378921708714344,-8.860335960105128e-13,125.94243703251325,319.71039921900297,-4.907185768843224e-12,-8.860335960105128e-13,1,6.193,125.94243703251325,319.71039921900297,-4.907185768843224e-12,0.004000000000000448,133.09132348448853,317.6776589097626,36.0,118.79355058053797,321.7431395282433,36.0,14.864536409595324,118.79355058053797,0
6.213,6.235,1,1,-4.999999999995931,2.4,-4.891721559227004e-12,1,-5.000337892166803,2.4000000000000123,-4.907185768843224e-12,0.0003378921708714344,-8.860339445150405e-13,125.94243703251325,319.71039921900297,-4.907185768843224e-12,-8.860339445150405e-13,1,6.213,125.94243703251325,319.71039921900297,-4.907185768843224e-12,0.02200000000000024,133.09132348448853,317.6776589097626,36.0,118.79355058053797,321.7431395282433,36.0,14.864536409595324,118.79355058053797,0
6.233,6.238,1,1,-4.999999999995931,2.4,-4.891721559227004e-12,1,-5.000337892166803,2.4000000000000123,-4.907185768843224e-12,0.0003378921708714344,-8.860339445150405e-13,125.94243703251325,319.71039921900297,-4.907185768843224e-12,-8.860339445150405e-13,1,6.233,125.94243703251325,319.71039921900297,-4.907185768843224e-12,0.005000000000000782,133.09132348448853,317.6776589097626,36.0,118.79355058053797,321.7431395282433,36.0,14.864536409595324,118.79355058053797,0
6.253,6.258,1,1,-4.999999999995931,2.4,-4.8917215567926575e-12,1,-5.000337892166803,2.4000000000000123,-4.907185768843224e-12,0.0003378921708714344,-8.860340839928207e-13,125.94243703251325,319.71039921900297,-4.907185768843224e-12,-8.860340839928207e-13,1,6.253,125.94243703251325,319.71039921900297,-4.907185768843224e-12,0.004999999999999893,133.09132348448853,317.6776589097626,36.0,118.79355058053797,321.7431395282433,36.0,14.864536409595324,118.79355058053797,0
6.273,6.276000000000001,1,1,-4.999999999995931,2.4,-4.891721554462884e-12,1,-5.000337892166803,2.4000000000000123,-4.907185768843224e-12,0.0003378921708714344,-8.860342174790142e-13,125.94243703251325,319.71039921900297,-4.907185768843224e-12,-8.860342174790142e-13,1,6.253,125.94243703251325,319.71039921900297,-4.907185768843224e-12,0.023000000000000576,133.09132348448853,317.6776589097626,36.0,118.79355058053797,321.7431395282433,36.0,14.864536409595324,118.79355058053797,0
6.293,6.297000000000001,1,1,-4.999999999995931,2.4,-4.891721546479244e-12,1,-5.000337892166803,2.4000000000000123,-4.907185768843224e-12,0.0003378921708714344,-8.860346749079091e-13,125.94243703251325,319.71039921900297,-4.907185768843224e-12,-8.860346749079091e-13,1,6.273,125.94243703251325,319.71039921900297,-4.907185768843224e-12,0.02400000000000091,133.09132348448853,317.6776589097626,36.0,118.79355058053797,321.7431395282433,36.0,14.864536409595324,118.79355058053797,0
6.313,6.3180000000000005,1,1,-4.999999999995931,2.4,-4.891721537503882e-12,1,-5.000337892166803,2.4000000000000123,-4.907185768843224e-12,0.0003378921708714344,-8.860351891582719e-13,125.94243703251325,319.71039921900297,-4.907185768843224e-12,-8.860351891582719e-13,1,6.293,125.94243703251325,319.71039921900297,-4.907185768843224e-12,0.025000000000000355,133.09132348448853,317.6776589097626,36.0,118.79355058053797,321.7431395282433,36.0,14.864536409595324,118.79355058053797,0
6.333,6.3340000000000005,1,1,-4.999999999995931,2.4,-4.891721542826048e-12,1,-5.000337892166803,2.4000000000000123,-4.907185768843224e-12,0.0003378921708714344,-8.860348842205939e-13,125.94243703251325,319.71039921900297,-4.907185768843224e-12,-8.860348842205939e-13,1,6.313,125.94243703251325,319.71039921900297,-4.907185768843224e-12,0.021000000000000796,133.09132348448853,317.6776589097626,36.0,118.79355058053797,321.7431395282433,36.0,14.864536409595324,118.79355058053797,0
6.353,6.353000000000001,1,1,-4.999999999995931,2.4,-4.891721543934882e-12,1,-5.000337892166803,2.4000000000000123,-4.907185768843224e-12,0.0003378921708714344,-8.860348206890858e-13,125.94243703251325,319.71039921900297,-4.907185768843224e-12,-8.860348206890858e-13,1,6.333,125.94243703251325,319.71039921900297,-4.907185768843224e-12,0.020000000000000462,133.09132348448853,317.6776589097626,36.0,118.79355058053797,321.7431395282433,36.0,14.864536409595324,118.79355058053797,0
6.373,6.376,1,1,-4.999999999995931,2.4,-4.89172154187883e-12,1,-5.000337892166803,2.4000000000000123,-4.907185768843224e-12,0.0003378921708714344,-8.860349384921835e-13,125.94243703251325,319.71039921900297,-4.907185768843224e-12,-8.860349384921835e-13,1,6.373,125.94243703251325,319.71039921900297,-4.907185768843224e-12,0.0030000000000001137,133.09132348448853,317.6776589097626,36.0,118.79355058053797,321.7431395282433,36.0,14.864536409595324,118.79355058053797,0
6.393,6.3950000000000005,1,1,-4.999999999995931,2.4,-4.8917215362757026e-12,1,-5.000337892166803,2.4000000000000123,-4.907185768843224e-12,0.0003378921708714344,-8.86035259527747e-13,125.94243703251325,319.71039921900297,-4.907185768843224e-12,-8.86035259527747e-13,1,6.373,125.94243703251325,319.71039921900297,-4.907185768843224e-12,0.02200000000000024,133.09132348448853,317.6776589097626,36.0,118.79355058053797,321.7431395282433,36.0,14.864536409595324,118.79355058053797,0
6.413,6.426,1,1,-4.999999999995931,2.4,-4.89172153901445e-12,1,-5.000337892166803,2.4000000000000123,-4.907185768843224e-12,0.0003378921708714344,-8.860351026090828e-13,125.94243703251325,319.71039921900297,-4.907185768843224e-12,-8.860351026090828e-13,1,6.413,125.94243703251325,319.71039921900297,-4.907185768843224e-12,0.0129999999999999,133.09132348448853,317.6776589097626,36.0,118.79355058053797,321.7431395282433,36.0,14.864536409595324,118.79355058053797,0
6.433,6.448,1,1,-4.999999999995931,2.4,-4.891721547418981e-12,1,-5.000337892166803,2.4000000000000123,-4.907185768843224e-12,0.0003378921708714344,-8.860346210649017e-13,125.94243703251325,319.71039921900297,-4.907185768843224e-12,-8.860346210649017e-13,1,6.433,125.94243703251325,319.71039921900297,-4.907185768843224e-12,0.015000000000000568,133.09132348448853,317.6776589097626,36.0,118.79355058053797,321.7431395282433,36.0,14.864536409595324,118.79355058053797,0
6.453,6.458,1,1,-4.999999999995931,2.4,-4.8917215446158254e-12,1,-5.000337892166803,2.4000000000000123,-4.907185768843224e-12,0.0003378921708714344,-8.860347816739075e-13,125.94243703251325,319.71039921900297,-4.907185768843224e-12,-8.860347816739075e-13,1,6.453,125.94243703251325,319.71039921900297,-4.907185768843224e-12,0.004999999999999893,133.09132348448853,317.6776589097626,36.0,118.79355058053797,321.7431395282433,36.0,14.864536409595324,118.79355058053797,0
6.473,6.486000000000001,1,1,-4.999999999995931,2.4,-4.8917215320420904e-12,1,-5.000337892166803,2.4000000000000123,-4.907185768843224e-12,0.0003378921708714344,-8.860355020958557e-13,125.94243703251325,319.71039921900297,-4.907185768843224e-12,-8.860355020958557e-13,1,6.473,125.94243703251325,319.71039921900297,-4.907185768843224e-12,0.013000000000000789,133.09132348448853,317.6776589097626,36.0,118.79355058053797,321.7431395282433,36.0,14.864536409595324,118.79355058053797,0
6.493,6.503,1,1,-4.999999999995931,2.4,-4.8917215386772615e-12,1,-5.000337892166803,2.4000000000000123,-4.907185768843224e-12,0.0003378921708714344,-8.86035121928554e-13,125.94243703251325,319.71039921900297,-4.907185768843224e-12,-8.86035121928554e-13,1,6.473,125.94243703251325,319.71039921900297,-4.907185768843224e-12,0.03000000000000025,133.09132348448853,317.6776589097626,36.0,118.79355058053797,321.7431395282433,36.0,14.864536409595324,118.79355058053797,0
6.513,6.518000000000001,1,1,-4.999999999995931,2.4,-4.891721529486244e-12,1,-5.000337892166803,2.4000000000000123,-4.907185768843224e-12,0.0003378921708714344,-8.860356485350864e-13,125.94243703251325,319.71039921900297,-4.907185768843224e-12,-8.860356485350864e-13,1,6.513,125.94243703251325,319.71039921900297,-4.907185768843224e-12,0.005000000000000782,133.09132348448853,317.6776589097626,36.0,118.79355058053797,321.7431395282433,36.0,14.864536409595324,118.79355058053797,0
6.533,6.543,1,1,-4.999999999995931,2.4,-4.891721531823339e-12,1,-5.000337892166803,2.4000000000000123,-4.907185768843224e-12,0.0003378921708714344,-8.860355146293823e-13,125.94243703251325,319.71039921900297,-4.907185768843224e-12,-8.860355146293823e-13,1,6.533,125.94243703251325,319.71039921900297,-4.907185768843224e-12,0.009999999999999787,133.09132348448853,317.6776589097626,36.0,118.79355058053797,321.7431395282433,36.0,14.864536409595324,118.79355058053797,0
6.553,6.558000000000001,1,1,-4.999999999995931,2.4,-4.891721526478285e-12,1,-5.000337892166803,2.4000000000000123,-4.907185768843224e-12,0.0003378921708714344,-8.860358208784474e-13,125.94243703251325,319.71039921900297,-4.907185768843224e-12,-8.860358208784474e-13,1,6.533,125.94243703251325,319.71039921900297,-4.907185768843224e-12,0.025000000000000355,133.09132348448853,317.6776589097626,36.0,118.79355058053797,321.7431395282433,36.0,14.864536409595324,118.79355058053797,0
6.573,6.578,1,1,-4.999999999995931,2.4,-4.8917215278681185e-12,1,-5.000337892166803,2.4000000000000123,-4.907185768843224e-12,0.0003378921708714344,-8.860357412468322e-13,125.94243703251325,319.71039921900297,-4.907185768843224e-12,-8.860357412468322e-13,1,6.573,125.94243703251325,319.71039921900297,-4.907185768843224e-12,0.004999999999999893,133.09132348448853,317.6776589097626,36.0,118.79355058053797,321.7431395282433,36.0,14.864536409595324,118.79355058053797,0
6.593,6.601,1,1,-4.999999999995931,2.4,-4.89172152606124e-12,1,-5.000337892166803,2.4000000000000123,-4.907185768843224e-12,0.0003378921708714344,-8.860358447733332e-13,125.94243703251325,319.71039921900297,-4.907185768843224e-12,-8.860358447733332e-13,1,6.593,125.94243703251325,319.71039921900297,-4.907185768843224e-12,0.008000000000000007,133.09132348448853,317.6776589097626,36.0,118.79355058053797,321.7431395282433,36.0,14.864536409595324,118.79355058053797,0
6.6129999999999995,6.623,1,1,-4.999999999995931,2.4,-4.891721538246614e-12,1,-5.000337892166803,2.4000000000000123,-4.907185768843224e-12,0.0003378921708714344,-8.860351466028482e-13,125.94243703251325,319.71039921900297,-4.907185768843224e-12,-8.860351466028482e-13,1,6.6129999999999995,125.94243703251325,319.71039921900297,-4.907185768843224e-12,0.010000000000000675,133.09132348448853,317.6776589097626,36.0,118.79355058053797,321.7431395282433,36.0,14.864536409595324,118.79355058053797,0
6.633,6.639,1,1,-4.999999999995931,2.4,-4.891721546735166e-12,1,-5.000337892166803,2.4000000000000123,-4.907185768843224e-12,0.0003378921708714344,-8.860346602446166e-13,125.94243703251325,319.71039921900297,-4.907185768843224e-12,-8.860346602446166e-13,1,6.6129999999999995,125.94243703251325,319.71039921900297,-4.907185768843224e-12,0.02600000000000069,133.09132348448853,317.6776589097626,36.0,118.79355058053797,321.7431395282433,36.0,14.864536409595324,118.79355058053797,0
6.6530000000000005,6.659000000000001,1,1,-4.999999999995931,2.4,-4.891721552577559e-12,1,-5.000337892166803,2.4000000000000123,-4.907185768843224e-12,0.0003378921708714344,-8.860343255001656e-13,125.94243703251325,319.71039921900297,-4.907185768843224e-12,-8.860343255001656e-13,1,6.6530000000000005,125.94243703251325,319.71039921900297,-4.907185768843224e-12,0.006000000000000227,133.09132348448853,317.6776589097626,36.0,118.79355058053797,321.7431395282433,36.0,14.864536409595324,118.79355058053797,0
6.673,6.675000000000001,1,1,-4.999999999995931,2.4,-4.891721548185712e-12,1,-5.000337892166803,2.4000000000000123,-4.907185768843224e-12,0.0003378921708714344,-8.860345771344514e-13,125.94243703251325,319.71039921900297,-4.907185768843224e-12,-8.860345771344514e-13,1,6.673,125.94243703251325,319.71039921900297,-4.907185768843224e-12,0.002000000000000668,133.09132348448853,317.6776589097626,36.0,118.79355058053797,321.7431395282433,36.0,14.864536409595324,118.79355058053797,0
6.693,6.715000000000001,1,1,-4.999999999995931,2.4,-4.891721550599465e-12,1,-5.000337892166803,2.4000000000000123,-4.907185768843224e-12,0.0003378921708714344,-8.860344388366142e-13,125.94243703251325,319.71039921900297,-4.907185768843224e-12,-8.860344388366142e-13,1,6.673,125.94243703251325,319.71039921900297,-4.907185768843224e-12,0.0420000000000007,133.09132348448853,317.6776589097626,36.0,118.79355058053797,321.7431395282433,36.0,14.864536409595324,118.79355058053797,0
6.713,6.722,1,1,-4.999999999995931,2.4,-4.8917215496955585e-12,1,-5.000337892166803,2.4000000000000123,-4.907185768843224e-12,0.0003378921708714344,-8.860344906266395e-13,125.94243703251325,319.71039921900297,-4.907185768843224e-12,-8.860344906266395e-13,1,6.713,125.94243703251325,319.71039921900297,-4.907185768843224e-12,0.009000000000000341,133.09132348448853,317.6776589097626,36.0,118.79355058053797,321.7431395282433,36.0,14.864536409595324,118.79355058053797,0
6.7330000000000005,6.742,1,1,-4.999999999995931,2.4,-4.8917215550044174e-12,1,-5.000337892166803,2.4000000000000123,-4.907185768843224e-12,0.0003378921708714344,-8.860341864514302e-13,125.94243703251325,319.71039921900297,-4.907185768843224e-12,-8.860341864514302e-13,1,6.7330000000000005,125.94243703251325,319.71039921900297,-4.907185768843224e-12,0.008999999999999453,133.09132348448853,317.6776589097626,36.0,118.79355058053797,321.7431395282433,36.0,14.864536409595324,118.79355058053797,0
6.753,6.755000000000001,1,1,-4.999999999995931,2.4,-4.8917215548812855e-12,1,-5.000337892166803,2.4000000000000123,-4.907185768843224e-12,0.0003378921708714344,-8.860341935063727e-13,125.94243703251325,319.71039921900297,-4.907185768843224e-12,-8.860341935063727e-13,1,6.753,125.94243703251325,319.71039921900297,-4.907185768843224e-12,0.002000000000000668,133.09132348448853,317.6776589097626,36.0,118.79355058053797,321.7431395282433,36.0,14.864536409595324,118.79355058053797,0
6.773,6.785,1,1,-4.999999999995931,2.4,-4.891721560174798e-12,1,-5.000337892166803,2.4000000000000123,-4.907185768843224e-12,0.0003378921708714344,-8.86033890210451e-13,125.94243703251325,319.71039921900297,-4.907185768843224e-12,-8.86033890210451e-13,1,6.753,125.94243703251325,319.71039921900297,-4.907185768843224e-12,0.03200000000000003,133.09132348448853,317.6776589097626,36.0,118.79355058053797,321.7431395282433,36.0,14.864536409595324,118.79355058053797,0
6.793,6.7940000000000005,1,1,-4.999999999995931,2.4,-4.891721560378373e-12,1,-5.000337892166803,2.4000000000000123,-4.907185768843224e-12,0.0003378921708714344,-8.860338785464461e-13,125.94243703251325,319.71039921900297,-4.907185768843224e-12,-8.860338785464461e-13,1,6.773,125.94243703251325,319.71039921900297,-4.907185768843224e-12,0.021000000000000796,133.09132348448853,317.6776589097626,36.0,118.79355058053797,321.7431395282433,36.0,14.864536409595324,118.79355058053797,0
6.813,6.817,1,1,-4.999999999995931,2.4,-4.891721554244695e-12,1,-5.000337892166803,2.4000000000000123,-4.907185768843224e-12,0.0003378921708714344,-8.860342299803277e-13,125.94243703251325,319.71039921900297,-4.907185768843224e-12,-8.860342299803277e-13,1,6.813,125.94243703251325,319.71039921900297,-4.907185768843224e-12,0.004000000000000448,133.09132348448853,317.6776589097626,36.0,118.79355058053797,321.7431395282433,36.0,14.864536409595324,118.79355058053797,0
6.833,6.855,1,1,-4.999999999995931,2.4,-4.891721546413781e-12,1,-5.000337892166803,2.4000000000000123,-4.907185768843224e-12,0.0003378921708714344,-8.860346786586503e-13,125.94243703251325,319.71039921900297,-4.907185768843224e-12,-8.860346786586503e-13,1,6.833,125.94243703251325,319.71039921900297,-4.907185768843224e-12,0.02200000000000024,133.09132348448853,317.6776589097626,36.0,118.79355058053797,321.7431395282433,36.0,14.864536409595324,118.79355058053797,0
6.853,6.86,1,1,-4.999999999995931,2.4,-4.891721546413781e-12,1,-5.000337892166803,2.4000000000000123,-4.907185768843224e-12,0.0003378921708714344,-8.860346786586503e-13,125.94243703251325,319.71039921900297,-4.907185768843224e-12,-8.860346786586503e-13,1,6.833,125.94243703251325,319.71039921900297,-4.907185768843224e-12,0.027000000000000135,133.09132348448853,317.6776589097626,36.0,118.79355058053797,321.7431395282433,36.0,14.864536409595324,118.79355058053797,0
6.873,6.883,1,1,-4.999999999995931,2.4,-4.891721548654147e-12,1,-5.000337892166803,2.4000000000000123,-4.907185768843224e-12,0.0003378921708714344,-8.860345502951235e-13,125.94243703251325,319.71039921900297,-4.907185768843224e-12,-8.860345502951235e-13,1,6.853,125.94243703251325,319.71039921900297,-4.907185768843224e-12,0.03000000000000025,133.09132348448853,317.6776589097626,36.0,118.79355058053797,321.7431395282433,36.0,14.864536409595324,118.79355058053797,0
6.893,6.896000000000001,1,1,-4.999999999995931,2.4,-4.891721554970059e-12,1,-5.000337892166803,2.4000000000000123,-4.907185768843224e-12,0.0003378921708714344,-8.860341884200383e-13,125.94243703251325,319.71039921900297,-4.907185768843224e-12,-8.860341884200383e-13,1,6.893,125.94243703251325,319.71039921900297,-4.907185768843224e-12,0.003000000000001002,133.09132348448853,317.6776589097626,36.0,118.79355058053797,321.7431395282433,36.0,14.864536409595324,118.79355058053797,0
6.913,6.920000000000001,1,1,-4.999999999995931,2.4,-4.891721562934601e-12,1,-5.000337892166803,2.4000000000000123,-4.907185768843224e-12,0.0003378921708714344,-8.860337320853699e-13,125.94243703251325,319.71039921900297,-4.907185768843224e-12,-8.860337320853699e-13,1,6.913,125.94243703251325,319.71039921900297,-4.907185768843224e-12,0.007000000000000561,133.09132348448853,317.6776589097626,36.0,118.79355058053797,321.7431395282433,36.0,14.864536409595324,118.79355058053797,0
6.933,6.9430000000000005,1,1,-4.999999999995931,2.4,-4.8917215619921904e-12,1,-5.000337892166803,2.4000000000000123,-4.907185768843224e-12,0.0003378921708714344,-8.860337860815283e-13,125.94243703251325,319.71039921900297,-4.907185768843224e-12,-8.860337860815283e-13,1,6.933,125.94243703251325,319.71039921900297,-4.907185768843224e-12,0.010000000000000675,133.09132348448853,317.6776589097626,36.0,118.79355058053797,321.7431395282433,36.0,14.864536409595324,118.79355058053797,0
6.953,6.954000000000001,1,1,-4.999999999995931,2.4,-4.891721562191806e-12,1,-5.000337892166803,2.4000000000000123,-4.907185768843224e-12,0.0003378921708714344,-8.860337746444036e-13,125.94243703251325,319.71039921900297,-4.907185768843224e-12,-8.860337746444036e-13,1,6.953,125.94243703251325,319.71039921900297,-4.907185768843224e-12,0.001000000000000334,133.09132348448853,317.6776589097626,36.0,118.79355058053797,321.7431395282433,36.0,14.864536409595324,118.79355058053797,0
6.973,6.976000000000001,1,1,-4.999999999995931,2.4,-4.8917215497560316e-12,1,-5.000337892166803,2.4000000000000123,-4.907185768843224e-12,0.0003378921708714344,-8.860344871617894e-13,125.94243703251325,319.71039921900297,-4.907185768843224e-12,-8.860344871617894e-13,1,6.953,125.94243703251325,319.71039921900297,-4.907185768843224e-12,0.023000000000000576,133.09132348448853,317.6776589097626,36.0,118.79355058053797,321.7431395282433,36.0,14.864536409595324,118.79355058053797,0
6.993,6.996,1,1,-4.999999999995931,2.4,-4.89172155150562e-12,1,-5.000337892166803,2.4000000000000123,-4.907185768843224e-12,0.0003378921708714344,-8.860343869177366e-13,125.94243703251325,319.71039921900297,-4.907185768843224e-12,-8.860343869177366e-13,1,6.973,125.94243703251325,319.71039921900297,-4.907185768843224e-12,0.023000000000000576,133.09132348448853,317.6776589097626,36.0,118.79355058053797,321.7431395282433,36.0,14.864536409595324,118.79355058053797,0
7.013,7.018000000000001,1,1,-4.999999999995931,2.4,-4.891721553348399e-12,1,-5.000337892166803,2.4000000000000123,-4.907185768843224e-12,0.0003378921708714344,-8.860342813343193e-13,125.94243703251325,319.71039921900297,-4.907185768843224e-12,-8.860342813343193e-13,1,6.993,125.94243703251325,319.71039921900297,-4.907185768843224e-12,0.025000000000000355,133.09132348448853,317.6776589097626,36.0,118.79355058053797,321.7431395282433,36.0,14.864536409595324,118.79355058053797,0
7.033,7.041,1,1,-4.999999999995931,2.4,-4.891721551133949e-12,1,-5.000337892166803,2.4000000000000123,-4.907185768843224e-12,0.0003378921708714344,-8.860344082129434e-13,125.94243703251325,319.71039921900297,-4.907185768843224e-12,-8.860344082129434e-13,1,7.033,125.94243703251325,319.71039921900297,-4.907185768843224e-12,0.008000000000000007,133.09132348448853,317.6776589097626,36.0,118.79355058053797,321.7431395282433,36.0,14.864536409595324,118.79355058053797,0
7.053,7.066000000000001,1,1,-4.999999999995931,2.4,-4.891721542741869e-12,1,-5.000337892166803,2.4000000000000123,-4.907185768843224e-12,0.0003378921708714344,-8.860348890437159e-13,125.94243703251325,319.71039921900297,-4.907185768843224e-12,-8.860348890437159e-13,1,7.033,125.94243703251325,319.71039921900297,-4.907185768843224e-12,0.03300000000000036,133.09132348448853,317.6776589097626,36.0,118.79355058053797,321.7431395282433,36.0,14.864536409595324,118.79355058053797,0
7.073,7.075,1,1,-4.999999999995931,2.4,-4.891721544493372e-12,1,-5.000337892166803,2.4000000000000123,-4.907185768843224e-12,0.0003378921708714344,-8.860347886899721e-13,125.94243703251325,319.71039921900297,-4.907185768843224e-12,-8.860347886899721e-13,1,7.053,125.94243703251325,319.71039921900297,-4.907185768843224e-12,0.02200000000000024,133.09132348448853,317.6776589097626,36.0,118.79355058053797,321.7431395282433,36.0,14.864536409595324,118.79355058053797,0
7.093,7.105,1,1,-4.999999999995931,2.4,-4.891721539939648e-12,1,-5.000337892166803,2.4000000000000123,-4.907185768843224e-12,0.0003378921708714344,-8.860350495991259e-13,125.94243703251325,319.71039921900297,-4.907185768843224e-12,-8.860350495991259e-13,1,7.073,125.94243703251325,319.71039921900297,-4.907185768843224e-12,0.03200000000000003,133.09132348448853,317.6776589097626,36.0,118.79355058053797,321.7431395282433,36.0,14.864536409595324,118.79355058053797,0
7.113,7.119000000000001,1,1,-4.999999999995931,2.4,-4.891721534328093e-12,1,-5.000337892166803,2.4000000000000123,-4.907185768843224e-12,0.0003378921708714344,-8.860353711175616e-13,125.94243703251325,319.71039921900297,-4.907185768843224e-12,-8.860353711175616e-13,1,7.093,125.94243703251325,319.71039921900297,-4.907185768843224e-12,0.02600000000000069,133.09132348448853,317.6776589097626,36.0,118.79355058053797,321.7431395282433,36.0,14.864536409595324,118.79355058053797,0
7.133,7.143000000000001,1,1,-4.999999999995931,2.4,-4.891721525650375e-12,1,-5.000337892166803,2.4000000000000123,-4.907185768843224e-12,0.0003378921708714344,-8.860358683141528e-13,125.94243703251325,319.71039921900297,-4.907185768843224e-12,-8.860358683141528e-13,1,7.113,125.94243703251325,319.71039921900297,-4.907185768843224e-12,0.03000000000000025,133.09132348448853,317.6776589097626,36.0,118.79355058053797,321.7431395282433,36.0,14.864536409595324,118.79355058053797,0
7.153,7.159000000000001,1,1,-4.999999999995931,2.4,-4.891721519670851e-12,1,-5.000337892166803,2.4000000000000123,-4.907185768843224e-12,0.0003378921708714344,-8.860362109156797e-13,125.94243703251325,319.71039921900297,-4.907185768843224e-12,-8.860362109156797e-13,1,7.133,125.94243703251325,319.71039921900297,-4.907185768843224e-12,0.02600000000000069,133.09132348448853,317.6776589097626,36.0,118.79355058053797,321.7431395282433,36.0,14.864536409595324,118.79355058053797,0
7.173,7.176,1,1,-4.999999999995931,2.4,-4.891721521721661e-12,1,-5.000337892166803,2.4000000000000123,-4.907185768843224e-12,0.0003378921708714344,-8.860360934129134e-13,125.94243703251325,319.71039921900297,-4.907185768843224e-12,-8.860360934129134e-13,1,7.153,125.94243703251325,319.71039921900297,-4.907185768843224e-12,0.023000000000000576,133.09132348448853,317.6776589097626,36.0,118.79355058053797,321.7431395282433,36.0,14.864536409595324,118.79355058053797,0
7.193,7.2,1,1,-4.999999999995931,2.4,-4.891721519720969e-12,1,-5.000337892166803,2.4000000000000123,-4.907185768843224e-12,0.0003378921708714344,-8.860362080441335e-13,125.94243703251325,319.71039921900297,-4.907185768843224e-12,-8.860362080441335e-13,1,7.173,125.94243703251325,319.71039921900297,-4.907185768843224e-12,0.027000000000000135,133.09132348448853,317.6776589097626,36.0,118.79355058053797,321.7431395282433,36.0,14.864536409595324,118.79355058053797,0
7.213,7.218000000000001,1,1,-4.999999999995931,2.4,-4.891721513306568e-12,1,-5.000337892166803,2.4000000000000123,-4.907185768843224e-12,0.0003378921708714344,-8.860365755622007e-13,125.94243703251325,319.71039921900297,-4.907185768843224e-12,-8.860365755622007e-13,1,7.193,125.94243703251325,319.71039921900297,-4.907185768843224e-12,0.025000000000001243,133.09132348448853,317.6776589097626,36.0,118.79355058053797,321.7431395282433,36.0,14.864536409595324,118.79355058053797,0
7.233,7.239000000000001,1,1,-4.999999999995931,2.4,-4.891721517607519e-12,1,-5.000337892166803,2.4000000000000123,-4.907185768843224e-12,0.0003378921708714344,-8.860363291358813e-13,125.94243703251325,319.71039921900297,-4.907185768843224e-12,-8.860363291358813e-13,1,7.233,125.94243703251325,319.71039921900297,-4.907185768843224e-12,0.0060000000000011156,133.09132348448853,317.6776589097626,36.0,118.79355058053797,321.7431395282433,36.0,14.864536409595324,118.79355058053797,0
7.253,7.255000000000001,1,1,-4.999999999995931,2.4,-4.891721494151753e-12,1,-5.000337892166803,2.4000000000000123,-4.907185768843224e-12,0.0003378921708714344,-8.860376730522837e-13,125.94243703251325,319.71039921900297,-4.907185768843224e-12,-8.860376730522837e-13,1,7.253,125.94243703251325,319.71039921900297,-4.907185768843224e-12,0.002000000000000668,133.09132348448853,317.6776589097626,36.0,118.79355058053797,321.7431395282433,36.0,14.864536409595324,118.79355058053797,0
7.273,7.275,1,1,-4.999999999995931,2.4,-4.891721491710597e-12,1,-5.000337892166803,2.4000000000000123,-4.907185768843224e-12,0.0003378921708714344,-8.860378129202311e-13,125.94243703251325,319.71039921900297,-4.907185768843224e-12,-8.860378129202311e-13,1,7.273,125.94243703251325,319.71039921900297,-4.907185768843224e-12,0.002000000000000668,133.09132348448853,317.6776589097626,36.0,118.79355058053797,321.7431395282433,36.0,14.864536409595324,118.79355058053797,0
7.293,7.304,1,1,-4.999999999995931,2.4,-4.8917214984017325e-12,1,-5.000337892166803,2.4000000000000123,-4.907185768843224e-12,0.0003378921708714344,-8.860374295463856e-13,125.94243703251325,319.71039921900297,-4.907185768843224e-12,-8.860374295463856e-13,1,7.273,125.94243703251325,319.71039921900297,-4.907185768843224e-12,0.031000000000000583,133.09132348448853,317.6776589097626,36.0,118.79355058053797,321.7431395282433,36.0,14.864536409595324,118.79355058053797,0
7.313,7.315,1,1,-4.999999999995931,2.4,-4.891721477834506e-12,1,-5.000337892166803,2.4000000000000123,-4.907185768843224e-12,0.0003378921708714344,-8.860386079616519e-13,125.94243703251325,319.71039921900297,-4.907185768843224e-12,-8.860386079616519e-13,1,7.313,125.94243703251325,319.71039921900297,-4.907185768843224e-12,0.002000000000000668,133.09132348448853,317.6776589097626,36.0,118.79355058053797,321.7431395282433,36.0,14.864536409595324,118.79355058053797,0
7.333,7.339,1,1,-4.999999999995931,2.4,-4.8917214671577685e-12,1,-5.000337892166803,2.4000000000000123,-4.907185768843224e-12,0.0003378921708714344,-8.860392196936571e-13,125.94243703251325,319.71039921900297,-4.907185768843224e-12,-8.860392196936571e-13,1,7.333,125.94243703251325,319.71039921900297,-4.907185768843224e-12,0.006000000000000227,133.09132348448853,317.6776589097626,36.0,118.79355058053797,321.7431395282433,36.0,14.864536409595324,118.79355058053797,0
7.353,7.353000000000001,1,1,-4.999999999995931,2.4,-4.891721448757459e-12,1,-5.000337892166803,2.4000000000000123,-4.907185768843224e-12,0.0003378921708714344,-8.860402739537394e-13,125.94243703251325,319.71039921900297,-4.907185768843224e-12,-8.860402739537394e-13,1,7.333,125.94243703251325,319.71039921900297,-4.907185768843224e-12,0.020000000000000462,133.09132348448853,317.6776589097626,36.0,118.79355058053797,321.7431395282433,36.0,14.864536409595324,118.79355058053797,0
7.373,7.3790000000000004,1,1,-4.999999999995931,2.4,-4.891721440498112e-12,1,-5.000337892166803,2.4000000000000123,-4.907185768843224e-12,0.0003378921708714344,-8.860407471794479e-13,125.94243703251325,319.71039921900297,-4.907185768843224e-12,-8.860407471794479e-13,1,7.353,125.94243703251325,319.71039921900297,-4.907185768843224e-12,0.02600000000000069,133.09132348448853,317.6776589097626,36.0,118.79355058053797,321.7431395282433,36.0,14.864536409595324,118.79355058053797,0
7.393,7.393000000000001,1,1,-4.999999999995931,2.4,-4.891721431615831e-12,1,-5.000337892166803,2.4000000000000123,-4.907185768843224e-12,0.0003378921708714344,-8.860412560966945e-13,125.94243703251325,319.71039921900297,-4.907185768843224e-12,-8.860412560966945e-13,1,7.373,125.94243703251325,319.71039921900297,-4.907185768843224e-12,0.020000000000000462,133.09132348448853,317.6776589097626,36.0,118.79355058053797,321.7431395282433,36.0,14.864536409595324,118.79355058053797,0
7.413,7.416,1,1,-4.999999999995931,2.4,-4.891721412166695e-12,1,-5.000337892166803,2.4000000000000123,-4.907185768843224e-12,0.0003378921708714344,-8.860423704500939e-13,125.94243703251325,319.71039921900297,-4.907185768843224e-12,-8.860423704500939e-13,1,7.413,125.94243703251325,319.71039921900297,-4.907185768843224e-12,0.0030000000000001137,133.09132348448853,317.6776589097626,36.0,118.79355058053797,321.7431395282433,36.0,14.864536409595324,118.79355058053797,0
7.433,7.441000000000001,1,1,-4.999999999995931,2.4,-4.8917214191883555e-12,1,-5.000337892166803,2.4000000000000123,-4.907185768843224e-12,0.0003378921708714344,-8.860419681385671e-13,125.94243703251325,319.71039921900297,-4.907185768843224e-12,-8.860419681385671e-13,1,7.433,125.94243703251325,319.71039921900297,-4.907185768843224e-12,0.008000000000000895,133.09132348448853,317.6776589097626,36.0,118.79355058053797,321.7431395282433,36.0,14.864536409595324,118.79355058053797,0
7.453,7.458,1,1,-4.999999999995931,2.4,-4.891721411795089e-12,1,-5.000337892166803,2.4000000000000123,-4.907185768843224e-12,0.0003378921708714344,-8.860423917415519e-13,125.94243703251325,319.71039921900297,-4.907185768843224e-12,-8.860423917415519e-13,1,7.453,125.94243703251325,319.71039921900297,-4.907185768843224e-12,0.004999999999999893,133.09132348448853,317.6776589097626,36.0,118.79355058053797,321.7431395282433,36.0,14.864536409595324,118.79355058053797,0
7.473,7.477,1,1,-4.999999999995931,2.4,-4.89172140865852e-12,1,-5.000337892166803,2.4000000000000123,-4.907185768843224e-12,0.0003378921708714344,-8.860425714537014e-13,125.94243703251325,319.71039921900297,-4.907185768843224e-12,-8.860425714537014e-13,1,7.473,125.94243703251325,319.71039921900297,-4.907185768843224e-12,0.004000000000000448,133.09132348448853,317.6776589097626,36.0,118.79355058053797,321.7431395282433,36.0,14.864536409595324,118.79355058053797,0
7.493,7.494000000000001,1,1,-4.999999999995931,2.4,-4.891721406562618e-12,1,-5.000337892166803,2.4000000000000123,-4.907185768843224e-12,0.0003378921708714344,-8.860426915400401e-13,125.94243703251325,319.71039921900297,-4.907185768843224e-12,-8.860426915400401e-13,1,7.473,125.94243703251325,319.71039921900297,-4.907185768843224e-12,0.021000000000000796,133.09132348448853,317.6776589097626,36.0,118.79355058053797,321.7431395282433,36.0,14.864536409595324,118.79355058053797,0
7.513,7.5280000000000005,1,1,-4.999999999995931,2.4,-4.891721404134739e-12,1,-5.000337892166803,2.4000000000000123,-4.907185768843224e-12,0.0003378921708714344,-8.860428306472773e-13,125.94243703251325,319.71039921900297,-4.907185768843224e-12,-8.860428306472773e-13,1,7.513,125.94243703251325,319.71039921900297,-4.907185768843224e-12,0.015000000000000568,133.09132348448853,317.6776589097626,36.0,118.79355058053797,321.7431395282433,36.0,14.864536409595324,118.79355058053797,0
7.533,7.537000000000001,1,1,-4.999999999995931,2.4,-4.891721397573283e-12,1,-5.000337892166803,2.4000000000000123,-4.907185768843224e-12,0.0003378921708714344,-8.86043206591009e-13,125.94243703251325,319.71039921900297,-4.907185768843224e-12,-8.86043206591009e-13,1,7.533,125.94243703251325,319.71039921900297,-4.907185768843224e-12,0.004000000000000448,133.09132348448853,317.6776589097626,36.0,118.79355058053797,321.7431395282433,36.0,14.864536409595324,118.79355058053797,0
7.553,7.562,1,1,-4.999999999995931,2.4,-4.891721398543132e-12,1,-5.000337892166803,2.4000000000000123,-4.907185768843224e-12,0.0003378921708714344,-8.860431510227504e-13,125.94243703251325,319.71039921900297,-4.907185768843224e-12,-8.860431510227504e-13,1,7.553,125.94243703251325,319.71039921900297,-4.907185768843224e-12,0.009000000000000341,133.09132348448853,317.6776589097626,36.0,118.79355058053797,321.7431395282433,36.0,14.864536409595324,118.79355058053797,0
7.573,7.578,1,1,-4.999999999995931,2.4,-4.89172138487124e-12,1,-5.000337892166803,2.4000000000000123,-4.907185768843224e-12,0.0003378921708714344,-8.860439343644359e-13,125.94243703251325,319.71039921900297,-4.907185768843224e-12,-8.860439343644359e-13,1,7.573,125.94243703251325,319.71039921900297,-4.907185768843224e-12,0.004999999999999893,133.09132348448853,317.6776589097626,36.0,118.79355058053797,321.7431395282433,36.0,14.864536409595324,118.79355058053797,0
7.593,7.596,1,1,-4.999999999995931,2.4,-4.8917213780025716e-12,1,-5.000337892166803,2.4000000000000123,-4.907185768843224e-12,0.0003378921708714344,-8.860443279101633e-13,125.94243703251325,319.71039921900297,-4.907185768843224e-12,-8.860443279101633e-13,1,7.573,125.94243703251325,319.71039921900297,-4.907185768843224e-12,0.022999999999999687,133.09132348448853,317.6776589097626,36.0,118.79355058053797,321.7431395282433,36.0,14.864536409595324,118.79355058053797,0
7.6129999999999995,7.613,1,1,-4.999999999995931,2.4,-4.891721376131591e-12,1,-5.000337892166803,2.4000000000000123,-4.907185768843224e-12,0.0003378921708714344,-8.860444351094646e-13,125.94243703251325,319.71039921900297,-4.907185768843224e-12,-8.860444351094646e-13,1,7.593,125.94243703251325,319.71039921900297,-4.907185768843224e-12,0.020000000000000462,133.09132348448853,317.6776589097626,36.0,118.79355058053797,321.7431395282433,36.0,14.864536409595324,118.79355058053797,0
7.633,7.635000000000001,1,1,-4.999999999995931,2.4,-4.8917213882980694e-12,1,-5.000337892166803,2.4000000000000123,-4.907185768843224e-12,0.0003378921708714344,-8.86043738021589e-13,125.94243703251325,319.71039921900297,-4.907185768843224e-12,-8.86043738021589e-13,1,7.6129999999999995,125.94243703251325,319.71039921900297,-4.907185768843224e-12,0.02200000000000113,133.09132348448853,317.6776589097626,36.0,118.79355058053797,321.7431395282433,36.0,14.864536409595324,118.79355058053797,0
7.6530000000000005,7.658,1,1,-4.999999999995931,2.4,-4.891721382352157e-12,1,-5.000337892166803,2.4000000000000123,-4.907185768843224e-12,0.0003378921708714344,-8.860440786972735e-13,125.94243703251325,319.71039921900297,-4.907185768843224e-12,-8.860440786972735e-13,1,7.633,125.94243703251325,319.71039921900297,-4.907185768843224e-12,0.025000000000000355,133.09132348448853,317.6776589097626,36.0,118.79355058053797,321.7431395282433,36.0,14.864536409595324,118.79355058053797,0
7.673,7.679,1,1,-4.999999999995931,2.4,-4.891721369102238e-12,1,-5.000337892166803,2.4000000000000123,-4.907185768843224e-12,0.0003378921708714344,-8.860448378616997e-13,125.94243703251325,319.71039921900297,-4.907185768843224e-12,-8.860448378616997e-13,1,7.673,125.94243703251325,319.71039921900297,-4.907185768843224e-12,0.006000000000000227,133.09132348448853,317.6776589097626,36.0,118.79355058053797,321.7431395282433,36.0,14.864536409595324,118.79355058053797,0
7.693,7.694000000000001,1,1,-4.999999999995931,2.4,-4.891721368585296e-12,1,-5.000337892166803,2.4000000000000123,-4.907185768843224e-12,0.0003378921708714344,-8.860448674803316e-13,125.94243703251325,319.71039921900297,-4.907185768843224e-12,-8.860448674803316e-13,1,7.693,125.94243703251325,319.71039921900297,-4.907185768843224e-12,0.0010000000000012221,133.09132348448853,317.6776589097626,36.0,118.79355058053797,321.7431395282433,36.0,14.864536409595324,118.79355058053797,0
7.713,7.715000000000001,1,1,-4.999999999995931,2.4,-4.891721359556246e-12,1,-5.000337892166803,2.4000000000000123,-4.907185768843224e-12,0.0003378921708714344,-8.860453848067659e-13,125.94243703251325,319.71039921900297,-4.907185768843224e-12,-8.860453848067659e-13,1,7.713,125.94243703251325,319.71039921900297,-4.907185768843224e-12,0.002000000000000668,133.09132348448853,317.6776589097626,36.0,118.79355058053797,321.7431395282433,36.0,14.864536409595324,118.79355058053797,0
7.7330000000000005,7.743,1,1,-4.999999999995931,2.4,-4.891721361759689e-12,1,-5.000337892166803,2.4000000000000123,-4.907185768843224e-12,0.0003378921708714344,-8.860452585587961e-13,125.94243703251325,319.71039921900297,-4.907185768843224e-12,-8.860452585587961e-13,1,7.713,125.94243703251325,319.71039921900297,-4.907185768843224e-12,0.03000000000000025,133.09132348448853,317.6776589097626,36.0,118.79355058053797,321.7431395282433,36.0,14.864536409595324,118.79355058053797,0
7.753,7.756,1,1,-4.999999999995931,2.4,-4.8917213568609095e-12,1,-5.000337892166803,2.4000000000000123,-4.907185768843224e-12,0.0003378921708714344,-8.86045539238173e-13,125.94243703251325,319.71039921900297,-4.907185768843224e-12,-8.86045539238173e-13,1,7.753,125.94243703251325,319.71039921900297,-4.907185768843224e-12,0.0030000000000001137,133.09132348448853,317.6776589097626,36.0,118.79355058053797,321.7431395282433,36.0,14.864536409595324,118.79355058053797,0
7.773,7.777,1,1,-4.998020025943434,2.3999912218290045,-0.008866897489638278,1,-5.000337892166803,2.4000000000000123,-4.907185768843224e-12,0.0023178828455549107,0.5080358032502568,126.17880990807328,319.6434222934505,-0.00886689748964539,-4.0750856856251306e-13,1,7.773,126.17880990807328,319.6434222934505,-0.00886689748964539,0.004000000000000448,133.33682160126583,317.6295322448608,36.0,119.02079821488073,321.65731234204014,36.0,14.871837079216512,119.02079821488073,0
7.793,7.800000000000001,1,1,-4.993620867974913,2.39990886434585,-0.02857111411105014,1,-4.998354833695841,2.3999941906128375,-0.00886689748964539,0.004734734630236345,1.1289684510180185,126.70512877807218,319.496827687257,-0.028571114111034253,9.102349929013403e-13,1,7.793,126.70512877807218,319.496827687257,-0.028571114111034253,0.007000000000000561,133.8815141667828,317.5253184010833,36.0,119.52874338936155,321.4683369734307,36.0,14.88453642042889,119.52874338936155,0
7.813,7.816000000000001,1,1,-4.989224186660051,2.3997398464973885,-0.04827533074767562,1,-4.993948642210913,2.3999182317700027,-0.028571114111034253,0.004727822073382143,1.1289684518910121,127.23273191487431,319.3533675768698,-0.0482753307476802,-2.6239576122074014e-13,1,7.793,126.70512877807218,319.496827687257,-0.028571114111034253,0.023000000000000576,134.4248642792903,317.4249035648281,36.0,120.04059955045831,321.28183158891153,36.0,14.892379446283245,120.04059955045831,0
7.833,7.847,1,1,-4.984831688985393,2.3994842339037112,-0.06797954738631286,1,-4.989544689065326,2.3997553308877193,-0.0482753307476802,0.00472079054059678,1.1289684520051049,127.76142557337525,319.2130907670323,-0.0679795473863129,-2.3854160110976376e-15,1,7.833,127.76142557337525,319.2130907670323,-0.0679795473863129,0.014000000000000234,134.96667927373906,317.32832036157345,36.0,120.55617187301144,321.0978611724912,36.0,14.89537382785676,120.55617187301144,0
7.853,7.855,1,1,-4.980445080310276,2.3991421258047763,-0.08768376402488522,1,-4.985144692480626,2.399505544576871,-0.0679795473863129,0.004713642726767526,1.1289684520016476,128.29101607380616,319.0760448660797,-0.08768376402488082,2.520589585059837e-13,1,7.853,128.29101607380616,319.0760448660797,-0.08768376402488082,0.002000000000000668,135.50676731130392,317.2356001150709,36.0,121.0752648363084,320.91648961708853,36.0,14.893529172491832,121.0752648363084,0
7.873,7.878,1,1,-4.976066063707409,2.398713655021861,-0.10738798066339607,1,-4.98075036938196,2.399168963515051,-0.08768376402488082,0.004706381356903292,1.128968451998378,128.8213098586697,318.94227627761467,-0.10738798066340549,-5.39899157178432e-13,1,7.873,128.8213098586697,318.94227627761467,-0.1073879806634055,0.004999999999999893,136.04493742644817,317.14677284393423,36.0,121.59768229089126,320.7377797112951,36.0,14.886856997812151,121.59768229089126,0
7.893,7.902,1,1,-4.971696339301925,2.3981989879060013,-0.12709219730184887,1,-4.976363434721025,2.398745712419922,-0.1073879806634055,0.0046990091875951275,1.1289684519942589,129.3521135492818,318.81183019247203,-0.12709219730185,-6.52013709700021e-14,1,7.873,128.8213098586697,318.94227627761467,-0.1073879806634055,0.028999999999999915,136.58099957371698,317.06186725837875,36.0,122.12322752484658,320.56179312656536,36.0,14.875370707982368,122.12322752484658,0
7.913,7.917000000000001,1,1,-4.96733746593941,2.397599268075402,-0.14390613989647788,1,-4.96761965098104,2.397640158894975,-0.14390613989646908,0.0002851323496988358,5.041179170119674e-13,129.88310008876786,318.6847770074968,-0.14390613989646908,5.041179170119674e-13,1,7.913,129.88310008876786,318.6847770074968,-0.14390613989646908,0.004000000000000448,137.11366692272745,316.9743107850102,36.0,122.65253325480826,320.3952432299834,36.0,14.860254565602041,122.65253325480826,0
7.933,7.9350000000000005,1,1,-4.962983084727859,2.3969673155787263,-0.14434186283858355,1,-4.96761965098104,2.397640158894975,-0.14390613989646908,0.004685132308521944,0.024965085620182164,130.4132057037728,318.55940795123183,-0.1443418628385905,-3.975693351829396e-13,1,7.933,130.4132057037728,318.55940795123183,-0.1443418628385905,0.002000000000000668,137.6388866122733,316.85113036915817,36.0,123.18752479527234,320.2676855333055,36.0,14.849737625814639,123.18752479527234,0
7.953,7.960000000000001,1,1,-4.958628979286031,2.3963334658383504,-0.1447775857771307,1,-4.963264989067657,2.39700829114179,-0.1443418628385905,0.004684866688123832,0.024965085415392607,130.94295324171068,318.43419931525176,-0.14477758577713243,-9.859719512536902e-14,1,7.953,130.94295324171068,318.43419931525176,-0.14477758577713243,0.007000000000000561,138.16375635980677,316.7281073712643,36.0,123.72215012361461,320.14029125923923,36.0,14.839238173389496,123.72215012361461,0
7.973,7.973000000000001,1,1,-4.954275150440389,2.3956977189745854,-0.14521330871570004,1,-4.958910603090529,2.3963745259352836,-0.14477758577713243,0.004684601256642796,0.024965085416962213,131.4723432987942,318.3091508795371,-0.14521330871570043,-2.2263882770244617e-14,1,7.953,130.94295324171068,318.43419931525176,-0.14477758577713243,0.020000000000000462,138.68827674615716,316.6052415775185,36.0,124.25640985143121,320.0130601815557,36.0,14.828756175253165,124.25640985143121,0
7.993,8.005,1,1,-4.949921599017527,2.3950600751081312,-0.14564903165428955,1,-4.954556493875931,2.3957388633959695,-0.14521330871570043,0.004684336013584296,0.024965085418194678,132.00137647008668,318.18426242452813,-0.1456490316542932,-2.0832633163586035e-13,1,7.993,132.00137647008668,318.18426242452813,-0.1456490316542932,0.012000000000000455,139.2124483510421,316.4825327745471,36.0,124.79030458913125,319.8859920745092,36.0,14.81829159841722,124.79030458913125,0
8.013,8.015,1,1,-4.945569164512015,2.39441490661897,-0.15183212240842112,1,-4.950202662250264,2.395101303644745,-0.1456490316542932,0.004684062570820224,0.3542650045578917,132.5303400617345,318.05962674390184,-0.15183212240840813,7.44249795462463e-13,1,8.013,132.5303400617345,318.05962674390184,-0.1518321224084081,0.002000000000000668,139.73842189118724,316.3732385607009,36.0,125.32225823228177,319.74601492710286,36.0,14.805451531719884,125.32225823228177,0
8.033,8.039,1,1,-4.941224304958679,2.3937207063388923,-0.16503977384845897,1,-4.945847532480305,2.394457499621273,-0.1518321224084081,0.004681569935147974,0.756742684794799,133.05950182604693,317.9368268840833,-0.16503977384845772,7.156248033292912e-14,1,8.033,133.05950182604693,317.9368268840833,-0.16503977384845775,0.006000000000000227,140.2660598586071,316.2820359797356,36.0,125.85294379348674,319.59161778843094,36.0,14.788213092022893,125.85294379348674,0
8.053,8.056000000000001,1,1,-4.936888992851711,2.3929691828846504,-0.17824742528845325,1,-4.941496974610361,2.393766120761853,-0.16503977384845775,0.004676388122063295,0.7567426847916264,133.5885211506772,317.8163555840695,-0.1782474252884385,8.444372679285637e-13,1,8.033,133.05950182604693,317.9368268840833,-0.16503977384845775,0.023000000000001464,140.79243546993513,316.193387413327,36.0,126.38460683141925,319.43932375481205,36.0,14.768941357111949,126.38460683141925,0
8.073,8.076,1,1,-4.932563984440876,2.3921604673516343,-0.1914550767284116,1,-4.93715589681385,2.3930172681681934,-0.17824742528843854,0.004671163332652846,0.7567426847903415,134.11731559086158,317.69822937546496,-0.19145507672841222,-3.498610149609868e-14,1,8.073,134.11731559086158,317.69822937546496,-0.19145507672841225,0.0030000000000001137,141.31746898610598,316.1073045494497,36.0,126.91716219561717,319.28915420148024,36.0,14.747643976863737,126.91716219561717,0
8.093,8.103,1,1,-4.928250034178571,2.3912947008117946,-0.20466272816833936,1,-4.932825059273342,2.392211071266212,-0.19145507672841225,0.004665896422715683,0.7567426847877079,134.64580289906968,317.5824644322334,-0.20466272816834702,-4.389165460419653e-13,1,8.093,134.64580289906968,317.5824644322334,-0.20466272816834702,0.009999999999999787,141.8410809679695,316.02379871846745,36.0,127.45052483016988,319.14113014599934,36.0,14.724328887397224,127.45052483016988,0
8.113,8.123000000000001,1,1,-4.923947894588212,2.3903720342890318,-0.21787037960824113,1,-4.928505220412881,2.3913476695605493,-0.20466272816834702,0.004660588252058929,0.7567426847858171,135.1739010327317,317.4690765706239,-0.21787037960823652,2.639860385614719e-13,1,8.113,135.1739010327317,317.4690765706239,-0.21787037960823655,0.010000000000001563,142.36319228245853,315.9428808933579,36.0,127.98460978300487,318.99527224788994,36.0,14.699004308959742,127.98460978300487,0
8.133,8.135,1,1,-4.919654594444141,2.3894089353648114,-0.22157462677719333,1,-4.928505220412881,2.3913476695605493,-0.20466272816834702,0.009060478481860344,0.9689804138400622,135.70111721248364,317.3576033629459,-0.22157462677720438,-6.329303816112399e-13,1,8.113,135.1739010327317,317.4690765706239,-0.21787037960823655,0.02200000000000024,142.8853217752649,315.8412290036922,36.0,128.51691264970236,318.8739777221996,36.0,14.684983676843407,128.51691264970236,0
8.153,8.16,1,1,-4.9153628064851596,2.388439114109982,-0.22290302286688637,1,-4.919902104843858,2.38946469286724,-0.22157462677720438,0.004653712644396674,0.07611148946046023,136.22787050350553,317.2465229513257,-0.2229030228668747,6.695067604480702e-13,1,8.153,136.22787050350553,317.2465229513257,-0.2229030228668747,0.006999999999999673,143.4073849651734,315.73427291051985,36.0,129.04835604183768,318.75877299213147,36.0,14.674103460343352,129.04835604183768,0
8.173,8.174000000000001,1,1,-4.911072310619283,2.3874635925181775,-0.22423141895659898,1,-4.9156096460686465,2.388495065139789,-0.2229030228668747,0.0046531009820531275,0.07611148946288382,136.75427998376674,317.13574492768237,-0.22423141895659027,4.993470849897721e-13,1,8.153,136.22787050350553,317.2465229513257,-0.2229030228668747,0.021000000000000796,143.92911006639008,315.62761509015206,36.0,129.5794499011434,318.64387476521273,36.0,14.663238703828862,129.5794499011434,0
8.193,8.197000000000001,1,1,-4.906783114417675,2.386482372310838,-0.2255598150463281,1,-4.911318479404523,2.387519735413288,-0.22423141895659024,0.004652489416457372,0.07611148946366147,137.28034607262288,317.0252689905666,-0.22555981504631561,7.156248033292913e-13,1,8.193,137.28034607262288,317.0252689905666,-0.22555981504631564,0.004000000000001336,144.4504974889704,315.52125525342086,36.0,130.11019465627533,318.52928272771226,36.0,14.65238938260563,130.11019465627533,0
8.213,8.232000000000001,1,1,-4.902495225449205,2.385495455219461,-0.22688821113607208,1,-4.902740052703906,2.3855519768608326,-0.22688821113606206,0.0002512669508463266,5.740901200041647e-13,137.8060691887479,316.9150948394287,-0.22688821113606203,5.756803973448965e-13,1,8.213,137.8060691887479,316.9150948394287,-0.22688821113606206,0.019000000000001904,144.97154764229535,315.4151931120392,36.0,130.64059073520045,318.4149965668182,36.0,14.641555472022604,130.64059073520045,0
8.233,8.238000000000001,1,1,-4.898208416959742,2.3845038544782744,-0.2279346834972499,1,-4.902740052703906,2.3855519768608326,-0.22688821113606206,0.004651266821695437,0.05995844967315371,138.33143950522378,316.80518629835103,-0.2279346834972489,5.724998426634331e-14,1,8.233,138.33143950522378,316.80518629835103,-0.2279346834972489,0.005000000000000782,145.49230830930313,315.3087160296617,36.0,131.17057070114447,318.3016565670403,36.0,14.63112644936234,131.17057070114447,0
8.253,8.269,1,1,-4.893923658445592,2.383503439005294,-0.2308118123892436,1,-4.898452699917404,2.384560519786759,-0.2279346834972489,0.00465076729496665,0.164847342626446,138.8565458688201,316.6956705800409,-0.23081181238924675,-1.8129161684342046e-13,1,8.233,138.33143950522378,316.80518629835103,-0.2279346834972489,0.03599999999999959,146.01241916142382,315.2070236409454,36.0,131.7006725762164,318.18431751913636,36.0,14.618152043138348,131.7006725762164,0
8.273,8.290000000000001,1,1,-4.889641795986059,2.3824906998874575,-0.23368894128124043,1,-4.894166575440754,2.383560524461227,-0.23081181238924675,0.00464953263589652,0.16484734262638873,139.38128511100172,316.5867288044063,-0.23368894128123543,2.862499213317165e-13,1,8.273,139.38128511100172,316.5867288044063,-0.23368894128123543,0.017000000000001236,146.53213865520976,315.10590403028954,36.0,132.23043156679364,318.067553578523,36.0,14.605142713763653,132.23043156679364,0
8.293,8.296000000000001,1,1,-4.885362865025822,2.381465645508083,-0.23656607017323855,1,-4.889883345700515,2.3825481978801477,-0.23368894128123543,0.004648297018105674,0.16484734262692943,139.9056554535877,316.4783608866243,-0.23656607017323592,1.5107634736951704e-13,1,8.273,139.38128511100172,316.5867288044063,-0.23368894128123543,0.023000000000001464,147.05146507685072,315.00535710860476,36.0,132.75984583032468,317.95136466464373,36.0,14.592098588205614,132.75984583032468,0
8.313,8.318000000000001,1,1,-4.881086900985293,2.380428284352431,-0.2394431990652385,1,-4.885603046180178,2.381523548421445,-0.23656607017323592,0.004647060447438768,0.1648473426268992,140.42965512310644,316.3705667415596,-0.23944319906523406,2.5444437451708134e-13,1,8.293,139.9056554535877,316.4783608866243,-0.23656607017323592,0.02500000000000213,147.57039671674931,314.9053827866613,36.0,133.28891352946354,317.8357506964579,36.0,14.579019792684697,133.28891352946354,0
8.333,8.337,1,1,-4.876813939260327,2.379378625007638,-0.24232032795723796,1,-4.881325712338976,2.3804865845651864,-0.23944319906523406,0.004645822929727811,0.16484734262697395,140.95328235075874,316.26334628377776,-0.24232032795723832,-2.067360542951286e-14,1,8.333,140.95328235075874,316.26334628377776,-0.24232032795723832,0.0039999999999995595,148.08893186948444,314.8059809751008,36.0,133.81763283203307,317.7207115924548,36.0,14.565906452675756,133.81763283203307,0
8.353,8.358,1,1,-4.872544015221921,2.378316676162642,-0.24519745684923547,1,-4.87705137961159,2.3794373148935044,-0.24232032795723832,0.004644584470796496,0.1648473426265875,141.47653537238278,316.15669942755716,-0.24519745684924762,-6.965414752405102e-13,1,8.353,141.47653537238278,316.15669942755716,-0.24519745684924762,0.005000000000000782,148.6070688337775,314.70715158444733,36.0,134.3460019109881,317.606247270667,36.0,14.552758692912338,134.3460019109881,0
8.373,8.379000000000001,1,1,-4.8682771642159315,2.377242446608113,-0.24807458574123087,1,-4.8727800834078465,2.3783757480905128,-0.24519745684924762,0.0046433450764428695,0.1648473426257908,141.99941242841618,316.0506260869015,-0.24807458574122018,6.12256776181727e-13,1,8.353,141.47653537238278,316.15669942755716,-0.24519745684924762,0.026000000000001577,149.12480591245543,314.6088945251188,36.0,134.87401894437696,317.4923576486842,36.0,14.539576637389306,134.87401894437696,0
8.393,8.395000000000001,1,1,-4.864013421562775,2.3761559452363765,-0.25095171463322347,1,-4.868511859112438,2.3773018929422696,-0.24807458574122015,0.004642104752465214,0.16484734262694056,142.521911763861,315.9451261755525,-0.25095171463324456,-1.2086107789561364e-12,1,8.393,142.521911763861,315.9451261755525,-0.25095171463324456,0.002000000000000668,149.642141412417,314.5112097074383,36.0,135.40168211530502,317.3790426436667,36.0,14.526360409366813,135.40168211530502,0
8.413,8.42,1,1,-4.859752731953212,2.375057530967995,-0.25328116762874026,1,-4.8642467420846165,2.3762157583366608,-0.25095171463324456,0.004640863895730181,0.13346782521601055,143.0440065263577,315.84019561254706,-0.2532811676287497,-5.406942958487979e-13,1,8.413,143.0440065263577,315.84019561254706,-0.25328116762874975,0.006999999999999673,150.15924359220494,314.4127650882221,36.0,135.92876946051044,317.267626136872,36.0,14.51401480018279,135.92876946051044,0
8.433,8.437000000000001,1,1,-4.855493692524737,2.3739527317279214,-0.25433271019419695,1,-4.859984925990087,2.375117632063828,-0.25328116762874975,0.004639845992365952,0.060248950978484025,143.56569295359148,315.7356178015812,-0.25433271019420817,-6.424720456556304e-13,1,8.433,143.56569295359148,315.7356178015812,-0.25433271019420817,0.004000000000001336,150.6763889825939,314.3115718666522,36.0,136.45499692458907,317.15966373651025,36.0,14.50377948559045,136.45499692458907,0
8.453,8.459000000000001,1,1,-4.8512358171941745,2.372843454538238,-0.255384252759657,1,-4.855725340669258,2.3740129515036723,-0.25433271019420817,0.004639347387885837,0.06024895097857626,144.08704655626195,315.6312881240444,-0.2553842527596614,-2.5444437451708134e-13,1,8.433,143.56569295359148,315.7356178015812,-0.25433271019420817,0.026000000000001577,151.1932088415525,314.21062314632985,36.0,136.98088427097144,317.0519531017589,36.0,14.493561522799016,136.98088427097144,0
8.473,8.48,1,1,-4.846979110669634,2.3717297006255182,-0.25643579532512,1,-4.851466919601457,2.3729037919509333,-0.2553842527596614,0.004638848935777602,0.06024895097913604,144.60806786889322,315.5272063138391,-0.2564357953251172,1.6220828875463936e-13,1,8.473,144.60806786889322,315.5272063138391,-0.2564357953251172,0.006999999999999673,151.70970369044363,314.1099186713675,36.0,137.5064320473428,316.9444939563107,36.0,14.483360881153345,137.5064320473428,0
8.493,8.494,1,1,-4.842723577657933,2.370611471221286,-0.25748733789058176,1,-4.8472096674959895,2.371790154632709,-0.2564357953251172,0.004638350635675872,0.060248950979479535,145.12875742504428,315.42337210561635,-0.25748733789058204,-1.5902773407317584e-14,1,8.493,145.12875742504428,315.42337210561635,-0.2574873378905821,0.0009999999999994458,152.22587404969548,314.00945818660534,36.0,138.0316408003931,316.83728602462736,36.0,14.47317753007589,138.0316408003931,0
8.513,8.517000000000001,1,1,-4.8384692228645925,2.3694887675620144,-0.2585388804560438,1,-4.842953589060873,2.370672040781042,-0.2574873378905821,0.0046378524872194545,0.060248950979314146,145.64911575731264,315.3197852347739,-0.25853888045604373,3.1805546814635168e-15,1,8.513,145.64911575731264,315.3197852347739,-0.25853888045604373,0.004000000000001336,152.7417204388058,313.90924143760975,36.0,138.55651107581951,316.7303290319381,36.0,14.463011439068524,138.55651107581951,0
8.533,8.539,1,1,-4.834216050993829,2.3683615908891236,-0.2595904230215084,1,-4.838698689002815,2.3695494516329263,-0.25853888045604373,0.004637354490037312,0.0602489509794859,146.16914339733506,315.2164454374548,-0.2595904230215081,1.90833280887811e-14,1,8.533,146.16914339733506,315.2164454374548,-0.2595904230215081,0.006000000000000227,153.25724337634202,313.809268170672,36.0,139.08104341832814,316.62362270423756,36.0,14.45286257771082,139.08104341832814,0
8.553,8.556000000000001,1,1,-4.829964066748553,2.36722994244898,-0.26064196558697317,1,-4.8344449720272324,2.3684223884303064,-0.2595904230215081,0.004636856643770624,0.060248950979508165,146.68884087579116,315.1133524505459,-0.2606419655869695,2.0991660897659211e-13,1,8.533,146.16914339733506,315.2164454374548,-0.2595904230215081,0.023000000000001464,153.772443379945,313.7095381328069,36.0,139.6052383716373,316.5171667682848,36.0,14.442730915660444,139.6052383716373,0
8.573,8.575000000000001,1,1,-4.82571327483036,2.366093823492894,-0.2616935081524363,1,-4.830192442838223,2.367290852420072,-0.2606419655869695,0.004636358948050581,0.06024895097960676,147.20820872240444,315.0105060116765,-0.2616935081524208,8.873747561283211e-13,1,8.573,147.20820872240444,315.0105060116765,-0.2616935081524208,0.002000000000000668,154.2873209663301,313.61005107175134,36.0,140.1290964784788,316.4109609516016,36.0,14.43261642265307,140.1290964784788,0
8.593,8.598,1,1,-4.821463679939526,2.3649532352771203,-0.2627450507178974,1,-4.821690966629773,2.3650143669890364,-0.262745050717904,0.00023536424062581667,-3.784860070941585e-13,147.727247465946,314.9079058592166,-0.262745050717904,-3.784860070941585e-13,1,8.593,147.727247465946,314.9079058592166,-0.262745050717904,0.005000000000000782,154.80187665129074,313.5108067359626,36.0,140.65261828060122,316.3050049824706,36.0,14.422519068502424,140.65261828060122,0
8.613,8.624,1,1,-4.817215286775007,2.3638081790628545,-0.26379659328335836,1,-4.821690966629773,2.3650143669890364,-0.262745050717904,0.004635364006809158,0.060248950978894315,148.2459576342348,314.80555173227566,-0.2637965932833538,2.608054838800084e-13,1,8.613,148.2459576342348,314.80555173227566,-0.26379659328335375,0.011000000000001009,155.31611094969813,313.41180487461725,36.0,141.1758043187715,316.1992985899341,36.0,14.412438823098555,141.1758043187715,0
8.633,8.633000000000001,1,1,-4.812968035627739,2.362658893802601,-0.2645283201833831,1,-4.817442029011948,2.363869420086738,-0.26379659328335375,0.004634866846689039,0.041924863127874155,148.7643254856897,314.70343947840223,-0.2645283201833824,4.134721085902572e-14,1,8.633,148.7643254856897,314.70343947840223,-0.2645283201833824,1.7763568394002505e-15,155.8301363948939,313.3122658227306,36.0,141.6985145764855,316.0946131340739,36.0,14.402923029005459,141.6985145764855,0
8.653,8.658000000000001,1,1,-4.808721164798641,2.3615082035191755,-0.26466610370261856,1,-4.813194379366005,2.362720204934526,-0.2645283201833824,0.004634500619968464,0.00789441413869136,149.28235716467336,314.6014558290484,-0.26466610370262544,-3.9438878050147607e-13,1,8.653,149.28235716467336,314.6014558290484,-0.26466610370262544,0.005000000000000782,156.34406580773128,313.2114131374963,36.0,142.22064852161543,315.9914985206005,36.0,14.394436097850638,142.22064852161543,0
8.673,8.688,1,1,-4.804474452556011,2.360356928097863,-0.2648038872218541,1,-4.8089473808997765,2.3615695135343207,-0.26466610370262544,0.004634377132815989,0.007894414138261986,149.80008815599422,314.49955508034714,-0.2648038872218568,-1.5584717939171232e-13,1,8.673,149.80008815599422,314.49955508034714,-0.26480388722185677,0.015000000000000568,156.85769938027687,313.11064212087604,36.0,142.7424769317116,315.88846803981824,36.0,14.385959182773604,142.7424769317116,0
8.693,8.698,1,1,-4.800227627126166,2.3592060713817515,-0.2635910451587088,1,-4.804700541104157,2.360418236983787,-0.26480388722185677,0.004634253435156955,-0.06949073143431846,150.31745860576495,314.3977207266064,-0.2635910451587022,3.784860070941585e-13,1,8.693,150.31745860576495,314.3977207266064,-0.2635910451587022,0.005000000000000782,157.37149182723522,313.0066675453704,36.0,143.26342538429472,315.7887739078424,36.0,14.379765456033383,143.26342538429472,0
8.713000000000001,8.727,1,1,-4.79597747747114,2.3580675611410182,-0.259869898433765,1,-4.800454203226383,2.359267217566685,-0.2635910451587022,0.004634678956227638,-0.21320600228782874,150.83448809224362,314.2954771211188,-0.2598698984337688,-2.1627771833951915e-13,1,8.713000000000001,150.83448809224362,314.2954771211188,-0.2598698984337688,0.013999999999999346,157.88580965356044,312.8962358484274,36.0,143.7831665309268,315.69471839381015,36.0,14.37762315548638,143.7831665309268,0
8.733,8.736,1,1,-4.791723120687972,2.356944874176683,-0.25614875170884605,1,-4.796205680156169,2.3581282361816482,-0.2598698984337688,0.004636128236009201,-0.21320600228700182,151.35131489560078,314.1926344916358,-0.25614875170883306,7.44249795462463e-13,1,8.713000000000001,150.83448809224362,314.2954771211188,-0.2598698984337688,0.022999999999999687,158.39979039374333,312.7852393466265,36.0,144.30283939745823,315.60002963664505,36.0,14.375224233675322,144.30283939745823,0
8.753,8.761000000000001,1,1,-4.787464615686386,2.3558380260344993,-0.25242760498395045,1,-4.791952945175419,2.357005065658249,-0.25614875170883306,0.004637572973606254,-0.21320600228470224,151.8679291806646,314.0891953479074,-0.25242760498394046,5.72499842663433e-13,1,8.733,151.35131489560078,314.1926344916358,-0.25614875170883306,0.02800000000000047,158.9134244954474,312.67368070216315,36.0,144.8224338658818,315.5047099936516,36.0,14.372569143050626,144.8224338658818,0
8.773,8.779,1,1,-4.78320202143355,2.354747032040901,-0.24870645825907609,1,-4.787696057096471,2.355897721581746,-0.2524276049839404,0.0046390131449494795,-0.21320600228365424,152.38432113304373,313.9851622107994,-0.2487064582590913,-8.714719827210036e-13,1,8.773,152.38432113304373,313.9851622107994,-0.24870645825909127,0.006000000000000227,159.42670243131576,312.5615625867172,36.0,145.34193983477172,315.4087618348816,36.0,14.369658345268828,145.34193983477172,0
8.793,8.797,1,1,-4.7789353969532495,2.3536719073027923,-0.24498531153422257,1,-4.7834350747895,2.3548062193188555,-0.24870645825909127,0.004640448726128458,-0.21320600228390552,152.90048095943357,313.8805376121737,-0.2449853115342186,2.2740965972464147e-13,1,8.793,152.90048095943357,313.8805376121737,-0.2449853115342186,0.004000000000001336,159.93961469924847,312.44888768133006,36.0,145.86134721961866,315.3121875430174,36.0,14.366492311136378,145.86134721961866,0
8.813,8.821,1,1,-4.774664902221017,2.3526122576534547,-0.24203018937476567,1,-4.7791700571817035,2.3537305740175443,-0.2449853115342186,0.004641880298972875,-0.16931602768223863,153.41643422125176,313.7753260321257,-0.24203018937476017,3.1487491346488817e-13,1,8.813,153.41643422125176,313.7753260321257,-0.24203018937476017,0.007999999999999119,160.4520336522709,312.33748361945374,36.0,146.38083479023263,315.2131684447977,36.0,14.362040266958617,146.38083479023263,0
8.833,8.835,1,1,-4.770392801152944,2.3515590949092497,-0.24137314092143214,1,-4.774900820434799,2.3526704986755806,-0.24203018937476017,0.004643000772925694,-0.03764610331129487,153.9322151949996,313.66986745799915,-0.24137314092142534,3.896179484792808e-13,1,8.813,153.41643422125176,313.7753260321257,-0.24203018937476017,0.02200000000000024,160.96376599911406,312.2313163242211,36.0,146.90066439088514,315.1084185917772,36.0,14.354391115660297,146.90066439088514,0
8.853,8.856,1,1,-4.766120009028129,2.350508739369573,-0.2407160924681009,1,-4.770628944033164,2.351617226808037,-0.24137314092142534,0.004643192789542446,-0.037646103311088135,154.44769911833617,313.5643569982459,-0.24071609246810385,-1.6856939811756638e-13,1,8.853,154.44769911833617,313.5643569982459,-0.24071609246810383,0.0030000000000001137,161.47519506222355,312.12509978847936,36.0,147.42020317444883,315.0036142080124,36.0,14.346729321656301,147.42020317444883,0
8.873,8.88,1,1,-4.7618465276911905,2.3494611914878782,-0.24005904401477143,1,-4.766356376244169,2.3505667618039756,-0.24071609246810383,0.0046433845085927595,-0.03764610331154455,154.96288553479724,313.4587948467427,-0.24005904401475683,8.364858812249049e-13,1,8.873,154.96288553479724,313.4587948467427,-0.24005904401475686,0.0070000000000014495,161.98632040394423,312.0188342042633,36.0,147.93945066565024,314.8987554892221,36.0,14.339054921861413,147.93945066565024,0
8.893,8.895000000000001,1,1,-4.757572358987043,2.3484164517164032,-0.23940199556144454,1,-4.762083118912036,2.3495191041174235,-0.24005904401475686,0.004643575930077822,-0.03764610331039477,155.47777398929767,313.3531811972311,-0.23940199556143452,5.740901200041647e-13,1,8.893,155.47777398929767,313.3531811972311,-0.23940199556143452,0.002000000000000668,162.49714158799338,311.9125197634644,36.0,148.45840639060197,314.7938426309978,36.0,14.33136795318045,148.45840639060197,0
8.913,8.914,1,1,-4.7532975047609005,2.3473745205061762,-0.2387449471081179,1,-4.7578091738812756,2.3484742542011956,-0.23940199556143452,0.004643767053988241,-0.03764610331064127,155.99236402812994,313.2475162433167,-0.2387449471081178,4.770832022195275e-15,1,8.893,155.47777398929767,313.3531811972311,-0.23940199556143452,0.02099999999999902,163.00765817945882,311.8061566578303,36.0,148.9770698768011,314.68887582880313,36.0,14.323668452507897,148.9770698768011,0
8.933,8.935,1,1,-4.7490224058601,2.3463335934306064,-0.23902602933255548,1,-4.75353454299671,2.3474322125069014,-0.23874494710811778,0.00464395794709335,0.01610482515642955,156.50669482892562,313.14185540309154,-0.2390260293325353,1.1561316267119884e-12,1,8.933,156.50669482892562,313.14185540309154,-0.2390260293325353,0.002000000000000668,163.5177625011466,311.70202033437096,36.0,149.49562715670461,314.58169047181207,36.0,14.314774874873828,149.49562715670461,0
8.953,8.956000000000001,1,1,-4.74474770293521,2.3452910414355,-0.23941134829990757,1,-4.749259247767083,2.3463913081678824,-0.2390260293325353,0.0046437725668239385,0.02207715059676964,157.02071965201282,313.03632149458764,-0.23941134829991204,-2.560346518578131e-13,1,8.933,156.50669482892562,313.14185540309154,-0.2390260293325353,0.023000000000001464,164.027550602022,311.5982556697143,36.0,150.0138887020036,314.47438731946096,36.0,14.305762933681692,150.0138887020036,0
8.973,8.975000000000001,1,1,-4.740473402042703,2.3442468423937113,-0.23979666726725965,1,-4.744984302043536,2.3453487935953143,-0.23941134829991204,0.004643545549278852,0.022077150595357475,157.53443397290258,312.9309172709974,-0.23979666726724413,8.889650334690529e-13,1,8.973,157.53443397290258,312.9309172709974,-0.23979666726724413,0.002000000000000668,164.5370349092716,311.49461850998244,36.0,150.53183303653356,314.3672160320123,36.0,14.296765229229909,150.53183303653356,0
8.993,8.994,1,1,-4.736199503817185,2.3432009964602742,-0.2401819862346076,1,-4.740709758499506,2.344304631831952,-0.23979666726724413,0.004643318676659034,0.022077150596265523,158.04783828326205,312.82564257256473,-0.24018198623460796,-2.067360542951286e-14,1,8.993,158.04783828326205,312.82564257256473,-0.24018198623460799,0.0009999999999994458,165.04621590304072,311.3911086996237,36.0,151.0494606634834,314.26017644550575,36.0,14.28778173708348,151.0494606634834,0
9.013,9.015,1,1,-4.731926008893206,2.3421535037904655,-0.24056730520195002,1,-4.736435617769445,2.343258823032948,-0.24018198623460799,0.004643091948740038,0.02207715059503783,158.56093307391396,312.72049723984196,-0.24056730520193617,7.935483930251474e-13,1,8.993,158.04783828326205,312.82564257256473,-0.24018198623460799,0.02200000000000024,165.55509406265725,311.2877260833851,36.0,151.56677208517067,314.15326839629876,36.0,14.278812432864735,151.56677208517067,0
9.033,9.044,1,1,-4.727652917905254,2.3411043645398073,-0.24095262416929122,1,-4.732161880487744,2.342211367353696,-0.24056730520193614,0.004642865365294347,0.022077150595785258,159.0737188348386,312.6154811136886,-0.24095262416928706,2.3854160110976374e-13,1,9.013,158.56093307391396,312.72049723984196,-0.24056730520193614,0.031000000000000583,166.06366986663326,311.1844705063119,36.0,152.08376780304388,314.0464917210653,36.0,14.2698572922524,152.08376780304388,0
9.053,9.056000000000001,1,1,-4.723380231487758,2.3400535788640657,-0.24133794313663207,1,-4.727888547288736,2.341162264949845,-0.24095262416928706,0.0046426389261007795,0.022077150595207987,159.58619605517595,312.5105940352711,-0.24133794313662757,2.5762492919854486e-13,1,9.033,159.0737188348386,312.6154811136886,-0.24095262416928706,0.023000000000001464,166.57194379266795,311.0813418137465,36.0,152.60044831768397,313.93984625679565,36.0,14.26091629098318,152.60044831768397,0
9.073,9.076,1,1,-4.71910795027509,2.3390011469192524,-0.24172326210397355,1,-4.7236156188067,2.340111515977273,-0.24133794313662757,0.004642412630936197,0.022077150595263648,160.0983652232276,312.4058358460617,-0.2417232621039642,5.359234638266026e-13,1,9.073,160.0983652232276,312.4058358460617,-0.2417232621039642,0.0030000000000001137,167.07991631764844,310.97833985132814,36.0,153.11681412880677,313.83333184079515,36.0,14.251989404849974,153.11681412880677,0
9.093,9.103,1,1,-4.714836074901556,2.3379470688616224,-0.24210858107130945,1,-4.719343095675845,2.339059120592114,-0.2417232621039642,0.004642186479576579,0.022077150595222302,160.61022682645876,312.3012063878381,-0.24210858107128028,1.671381485109078e-12,1,9.093,160.61022682645876,312.3012063878381,-0.24210858107128028,0.009999999999999787,167.58758791765277,310.875464464992,36.0,153.63286573526474,313.7269483106842,36.0,14.243076609703255,153.63286573526474,0
9.113,9.128,1,1,-4.710564606258081,2.3368913438100205,-0.24250361758670466,1,-4.715070978530331,2.3380050789507436,-0.24210858107128028,0.004641960471588429,0.022633925087371914,161.1217818072604,312.19670535993225,-0.24250361758669678,4.5163876476781937e-13,1,9.113,161.1217818072604,312.19670535993225,-0.24250361758669678,0.015000000000000568,168.09495802369804,310.77273829224794,36.0,154.1486055908227,313.6206724276166,36.0,14.234165764854849,154.1486055908227,0
9.133,9.14,1,1,-4.706293657548742,2.335833517464072,-0.24308328751842945,1,-4.710799263917605,2.336949391517579,-0.24250361758669678,0.004641730674481839,0.03321264059891844,161.63303770346812,312.09234769265754,-0.24308328751842656,1.6538884343610288e-13,1,9.133,161.63303770346812,312.09234769265754,-0.24308328751842656,0.0070000000000014495,168.60200753441072,310.670588793689,36.0,154.66406787252552,313.51410659162616,36.0,14.225039735815782,154.66406787252552,0
9.153,9.159,1,1,-4.702023322747051,2.3347732155554395,-0.2436629574501543,1,-4.7022573239042105,2.334831388833173,-0.24366295745015207,0.0002411237686215909,1.2722218725854067e-13,162.14398533417025,311.98815188942086,-0.24366295745015207,1.2722218725854067e-13,1,9.153,162.14398533417025,311.98815188942086,-0.24366295745015207,0.006000000000000227,169.10875609355068,310.56859847237564,36.0,155.17921457478982,313.4077053064661,36.0,14.215929605138792,155.17921457478982,0
9.173,9.174000000000001,1,1,-4.697753559443205,2.333710614488133,-0.24391276308713983,1,-4.7022573239042105,2.334831388833173,-0.24366295745015207,0.0046411237273653915,0.014312808697975774,162.65461016677233,311.8841168686797,-0.24391276308714685,-4.0234016720513487e-13,1,9.173,162.65461016677233,311.8841168686797,-0.24391276308714682,0.0010000000000012221,169.61524016676938,310.4659884348944,36.0,155.69398016677528,313.30224530246494,36.0,14.207245792421443,155.69398016677528,0
9.193,9.195,1,1,-4.693483404723668,2.332649587727696,-0.24317297583560799,1,-4.697987380044555,2.3337688049027014,-0.24391276308714682,0.004640952572046554,-0.04238668725075838,163.16489178897936,311.78009813939747,-0.2431729758356011,3.9438878050147607e-13,1,9.173,162.65461016677233,311.8841168686797,-0.24391276308714682,0.02200000000000024,170.12153189415457,310.361062181438,36.0,156.20825168380415,313.19913409735693,36.0,14.199789379130115,156.20825168380415,0
9.213,9.222000000000001,1,1,-4.689212466238628,2.331591720263336,-0.2424331885840808,1,-4.693717486921073,2.3327076593825087,-0.24317297583560107,0.004641177810314708,-0.04238668724969449,163.67488062326038,311.6760129628509,-0.24243318858407292,4.5163876476781937e-13,1,9.213,163.67488062326038,311.6760129628509,-0.24243318858407295,0.009000000000002117,170.62752300373694,310.2560725993637,36.0,156.72223824278385,313.0959533263382,36.0,14.19231717608635,156.72223824278385,0
9.233,9.234,1,1,-4.684940746325505,2.330537012674009,-0.2416934013325585,1,-4.689446809642536,2.3316496727186635,-0.24243318858407295,0.004641402696606879,-0.042386687249360525,164.18457609621427,311.5718615676322,-0.24169340133256448,-3.4190962825732804e-13,1,9.233,164.18457609621427,311.5718615676322,-0.24169340133256448,0.0009999999999994458,171.13321294444916,310.15101991558623,36.0,157.2359392479794,312.99270321967816,36.0,14.184829226865768,157.2359392479794,0
9.253,9.255,1,1,-4.680668247322149,2.32948546553694,-0.24095361408104032,1,-4.685175350545743,2.330594845490869,-0.24169340133256448,0.004641627230864825,-0.04238668724991712,164.69397763607665,311.46764418221005,-0.2409536140810502,-5.661387333005059e-13,1,9.233,164.18457609621427,311.5718615676322,-0.24169340133256448,0.02200000000000024,171.63860116685868,310.04590435688505,36.0,157.74935410529463,312.88938400753506,36.0,14.177325575045044,157.74935410529463,0
9.273,9.284,1,1,-4.676394971566835,2.3284370794276263,-0.24021382682952783,1,-4.680903111967922,2.3295431782771048,-0.2409536140810502,0.0046418514130385285,-0.04238668724981535,165.20308467272065,311.3633610349291,-0.24021382682952336,2.560346518578131e-13,1,9.273,165.20308467272065,311.3633610349291,-0.24021382682952333,0.011000000000001009,172.14368712316784,309.9407261499033,36.0,158.26248222227346,312.78599591995487,36.0,14.169806264200767,158.26248222227346,0
9.293,9.308,1,1,-4.672120921398264,2.3273918549198327,-0.23947403957801489,1,-4.676630096246725,2.3284946716536203,-0.24021382682952333,0.004642075243068836,-0.04238668724901703,165.71189663765568,311.2590123540089,-0.23947403957799815,9.589372364612503e-13,1,9.293,165.71189663765568,311.2590123540089,-0.23947403957799818,0.015000000000000568,172.64847026721287,309.83548552114723,36.0,158.7753230080985,312.6825391868706,36.0,14.162271337909804,158.7753230080985,0
9.313,9.314,1,1,-4.667846099155559,2.326349792585596,-0.23873425232650286,1,-4.67235630572024,2.3274493261949356,-0.23947403957799818,0.004642298720909366,-0.042386687248264825,166.22041296402793,311.15459836754326,-0.23873425232649023,7.235761900329501e-13,1,9.313,166.22041296402793,311.15459836754326,-0.23873425232649023,0.0009999999999994458,173.15295005446401,309.73018269698514,36.0,159.28787587359184,312.5790140381013,36.0,14.15472083974862,159.28787587359184,0
9.333,9.345,1,1,-4.663570758433616,2.325309859094118,-0.23853183519750756,1,-4.663806422122564,2.325367163353113,-0.2385318351975066,0.0002425307246252936,5.565970692561154e-14,166.7286564283974,311.05015061650295,-0.23853183519750656,5.724998426634331e-14,1,9.333,166.7286564283974,311.05015061650295,-0.2385318351975066,0.012000000000000455,173.65710320289625,309.6261056810719,36.0,159.80020965389852,312.47419555193403,36.0,14.146558406225958,159.80020965389852,0
9.353,9.356,1,1,-4.659295266243133,2.3242705485080055,-0.2383891258604431,1,-4.663806422122564,2.325367163353113,-0.2385318351975066,0.004642530720096112,-0.008176642710847245,167.23660239004863,310.9457386550066,-0.23838912586044797,-2.7829853462805774e-13,1,9.353,167.23660239004863,310.9457386550066,-0.23838912586044797,0.0030000000000001137,174.16095529741077,309.52220409558356,36.0,160.31224948268647,312.3692732144296,36.0,14.138332833480238,160.31224948268647,0
9.373,9.377,1,1,-4.655019625776863,2.3232318480851304,-0.2382464165233787,1,-4.659530923486015,2.3243278155818294,-0.23838912586044797,0.0046425156730402345,-0.008176642711179613,167.74424820720537,310.8413641160314,-0.23824641652338652,-4.4845821008635585e-13,1,9.353,167.23660239004863,310.9457386550066,-0.23838912586044797,0.02400000000000091,174.66450930297793,309.4183398044611,36.0,160.8239871114328,312.2643884276017,36.0,14.130111368985512,160.8239871114328,0
9.393,9.394,1,1,-4.650743837121882,2.3221937578466467,-0.2381037071863142,1,-4.655255276555368,2.32328907797376,-0.23824641652338654,0.0046425006131255745,-0.008176642711354544,168.25159403058373,310.73702699017724,-0.2381037071863018,7.10853971307096e-13,1,9.373,167.74424820720537,310.8413641160314,-0.23824641652338654,0.021000000000000796,175.1677653697487,309.3145127982162,36.0,161.33542269141876,312.15954118213835,36.0,14.121894011642738,161.33542269141876,0
9.413,9.42,1,1,-4.646467900365272,2.3211562778136985,-0.23796099784924976,1,-4.650979481417716,2.322250950550063,-0.2381037071863018,0.004642485540366752,-0.008176642710192052,168.7586400108584,310.63272726803746,-0.23796099784922647,1.3342426888739453e-12,1,9.413,168.7586400108584,310.63272726803746,-0.23796099784922647,0.006999999999999673,175.67072364783232,309.21072306735414,36.0,161.84655637388445,312.0547314687207,36.0,14.113680760352164,161.84655637388445,0
9.433,9.442,1,1,-4.642191879898101,2.320119142838244,-0.23798365500207525,1,-4.646703538160151,2.321213433331891,-0.23796099784922647,0.004642470458496378,0.0012981592340173696,169.26539360584368,310.52847242698795,-0.2379836550020552,1.1481802400083295e-12,1,9.433,169.26539360584368,310.52847242698795,-0.23798365500205523,0.009000000000000341,176.17338058630327,309.10736353256567,36.0,162.3574066253841,311.9495813214102,36.0,14.105294695539715,162.3574066253841,0
9.453,9.455,1,1,-4.637915932963693,2.319081704742504,-0.2380614343184368,1,-4.642427437830341,2.3201762846363247,-0.23798365500205523,0.004642389611584192,0.004456426562076127,169.77184919976042,310.4242904219947,-0.23806143431843646,1.90833280887811e-14,1,9.433,169.26539360584368,310.52847242698795,-0.23798365500205523,0.02200000000000024,176.67573994681817,309.00420436965203,36.0,162.8679584527027,311.8443764743374,36.0,14.09685806743724,162.8679584527027,0
9.473,9.481,1,1,-4.633640066733447,2.318043934069672,-0.23813921363479823,1,-4.6381513866435595,2.3191388406424274,-0.23806143431843646,0.004642286907811771,0.004456426560942259,170.27800453611897,310.32018339326225,-0.2381392136347868,6.551942643814845e-13,1,9.473,170.27800453611897,310.32018339326225,-0.2381392136347868,0.007999999999999119,177.1778034279844,308.90111912234363,36.0,163.37820564425354,311.73924766418094,36.0,14.088430452422344,163.37820564425354,0
9.493,9.494,1,1,-4.6293642812332285,2.3170058308260337,-0.23821699295116014,1,-4.633875416229845,2.3181010640717266,-0.2381392136347868,0.004642184272534735,0.004456426561605405,170.78385993581355,310.2161512630514,-0.2382169929511661,-3.4190962825732804e-13,1,9.473,170.27800453611897,310.32018339326225,-0.2381392136347868,0.02099999999999902,177.67957134463657,308.79810771437695,36.0,163.8881485269905,311.6341948117258,36.0,14.080011838021914,163.8881485269905,0
9.513,9.516,1,1,-4.6250885764889045,2.3159673950178536,-0.2382947722675216,1,-4.629599526614994,2.3170629549305017,-0.2382169929511661,0.0046420817056864955,0.0044564265605828565,171.289415719295,310.1121939537318,-0.23829477226753312,-6.599650964036798e-13,1,9.513,171.289415719295,310.1121939537318,-0.2382947722675331,0.0030000000000001137,178.1810440111761,308.6951700695948,36.0,164.3977874274139,311.52921783786877,36.0,14.071602211783954,164.3977874274139,0
9.533,9.542,1,1,-4.620812972742234,2.3149285434580817,-0.23843741093451562,1,-4.625323717824804,2.316024513225022,-0.2382947722675331,0.004641979203957475,0.008172593613470742,171.79467510040072,310.00831348971724,-0.23843741093452278,-4.1029155390879367e-13,1,9.513,171.289415719295,310.1121939537318,-0.2382947722675331,0.028999999999999915,178.68222116804037,308.5924589971764,36.0,164.90712903276108,311.42416798225804,36.0,14.063134043008539,164.90712903276108,0
9.553,9.555,1,1,-4.616537553180854,2.3138889341485234,-0.2386232891687448,1,-4.621047981367237,2.314985664928914,-0.23843741093452278,0.004641851013246251,0.010650038324266567,172.29963710965663,309.9045238292157,-0.23862328916873243,7.092636939663642e-13,1,9.553,172.29963710965663,309.9045238292157,-0.2386232891687324,0.0019999999999988916,179.18310370935717,308.4899378716273,36.0,165.4161705099561,311.31910978680406,36.0,14.054631387638613,165.4161705099561,0
9.573,9.586,1,1,-4.612262326934074,2.3128485301494925,-0.23880916740297387,1,-4.616772410033827,2.313946064965407,-0.2386232891687324,0.004641705746686945,0.01065003832537976,172.80430011252918,309.8008271519669,-0.2388091674029728,6.043053894780682e-14,1,9.573,172.80430011252918,309.8008271519669,-0.2388091674029728,0.0129999999999999,179.68369248278503,308.3875082716942,36.0,165.9249077422733,311.21414603223974,36.0,14.046139632122445,165.9249077422733,0
9.593,9.596,1,1,-4.6079872941496065,2.3118073314969334,-0.23899504563719612,1,-4.612497032116107,2.312905670281456,-0.2388091674029728,0.004641560579383396,0.010650038324339719,173.30866449295155,309.69722335114216,-0.2389950456371836,7.17215080670023e-13,1,9.593,173.30866449295155,309.69722335114216,-0.2389950456371836,0.0030000000000001137,180.18398786414915,308.2851700928819,36.0,166.43334112175398,311.1092766094024,36.0,14.037658759593644,166.43334112175398,0
9.613,9.619,1,1,-4.603712454975158,2.3107653382268185,-0.23918092387141804,1,-4.608221847761667,2.311864480913033,-0.2389950456371836,0.004641415511208155,0.01065003832497742,173.81273063426295,309.59371232008345,-0.23918092387143422,-9.271316896466151e-13,1,9.613,173.81273063426295,309.59371232008345,-0.23918092387143422,0.006000000000000227,180.68399022869693,308.182923230862,36.0,166.94147103982894,311.00450140930485,36.0,14.029188753219827,166.94147103982894,0
9.633,9.636000000000001,1,1,-4.599437828943579,2.309722470933835,-0.23941990099480087,1,-4.603946857118103,2.310822496896138,-0.23918092387143422,0.004641270536867824,0.013692380569086341,174.3165012801489,309.49029612373056,-0.2394199009947952,3.2441657750927873e-13,1,9.633,174.3165012801489,309.49029612373056,-0.23941990099479524,0.00300000000000189,181.1837000110151,308.0808929024015,36.0,167.44930254928272,310.8996993450596,36.0,14.020675568531349,167.44930254928272,0
9.653,9.656,1,1,-4.595163425137666,2.308678693143556,-0.23956079546606332,1,-4.599672056214724,2.309779646267697,-0.23941990099479524,0.0046411046067261,0.008072658560388375,174.81996990432845,309.38697892184325,-0.239560795466068,-2.687568705836672e-13,1,9.633,174.3165012801489,309.49029612373056,-0.23941990099479524,0.023000000000001464,181.68311745143785,307.97873254891726,36.0,167.95682235721907,310.79522529476924,36.0,14.012273491514911,167.95682235721907,0
9.673,9.679,1,1,-4.590889131629251,2.3076344637694755,-0.23966141016415382,1,-4.5953975210600975,2.3087358713642705,-0.23956079546606798,0.0046409776933355185,0.00576479755730152,175.32313985813857,309.283741276111,-0.23966141016416626,-7.124442486478278e-13,1,9.673,175.32313985813857,309.283741276111,-0.23966141016416626,0.006000000000000227,182.18224255505478,307.87655717298236,36.0,168.4640371612224,310.6909253792397,36.0,14.003921865954698,168.4640371612224,0
9.693,9.696,1,1,-4.586614943207295,2.3065898043439264,-0.23976202486224418,1,-4.591123114110337,2.307691639229179,-0.23966141016416626,0.004640866837713562,0.005764797556848292,175.82601332551067,309.18058149616274,-0.23976202486224338,4.6118042881220995e-14,1,9.693,175.82601332551067,309.18058149616274,-0.23976202486224338,0.0030000000000001137,182.68107567698695,307.77445853344824,36.0,168.9709509740344,310.58670445887725,36.0,13.995579534824628,168.9709509740344,0
9.713000000000001,9.714,1,1,-4.582340859915066,2.3055447148774917,-0.23986263956033502,1,-4.586848812322389,2.3066469770380764,-0.23976202486224338,0.004640756056651391,0.005764797557633888,176.328590636611,309.077499499223,-0.23986263956032733,4.4050682338269705e-13,1,9.713000000000001,176.328590636611,309.077499499223,-0.2398626395603273,0.0009999999999994458,183.179617141,307.67243654915967,36.0,169.47756413222203,310.48256244928626,36.0,13.987246484920597,169.47756413222203,0
9.733,9.734,1,1,-4.578066881795831,2.304499195380749,-0.23996325425842543,1,-4.582574615739438,2.3056018848015474,-0.2398626395603273,0.004640645350066224,0.005764797558006013,176.83087212113662,308.97449520263524,-0.23996325425842213,1.8924300354707926e-13,1,9.733,176.83087212113662,308.97449520263524,-0.23996325425842213,0.0009999999999994458,183.67786727040206,307.5704911390773,36.0,169.9838769718712,310.3784992661931,36.0,13.978922703062826,169.9838769718712,0
9.753,9.756,1,1,-4.573793008892859,2.3034532458642762,-0.24006386895651588,1,-4.578300524404673,2.3045563625301737,-0.23996325425842213,0.004640534717877245,0.00576479755775475,177.33285810831643,308.8715685238618,-0.24006386895652332,-4.2619432731611127e-13,1,9.753,177.33285810831643,308.8715685238618,-0.24006386895652332,0.0030000000000001137,184.17582638804433,307.468622222278,36.0,170.4898898285885,310.2745148254457,36.0,13.970608176094583,170.4898898285885,0
9.773,9.776,1,1,-4.569519241249415,2.3024068663386714,-0.24016448365460633,1,-4.574026538361283,2.303510410234537,-0.24006386895652332,0.004640424160004612,0.0057647975571393124,177.83454892691188,308.7687193804827,-0.2401644836546028,2.0196522227293331e-13,1,9.773,177.83454892691188,308.7687193804827,-0.24016448365460283,0.0030000000000001137,184.67349481632212,307.36682971795284,36.0,170.99560303750164,310.1706090430125,36.0,13.962302890882901,170.99560303750164,0
9.793,9.8,1,1,-4.565245578908762,2.3013600568145196,-0.2402650983526967,1,-4.56975265765245,2.302464027925237,-0.24016448365460283,0.004640313676369838,0.00576479755776111,178.33594490521824,308.66594769019645,-0.24026509835271878,-1.2658607632224797e-12,1,9.773,177.83454892691188,308.7687193804827,-0.24016448365460283,0.027000000000001023,185.17087287717604,307.26511354540935,36.0,171.50101693326047,310.06678183498354,36.0,13.954006834318568,171.50101693326047,0
9.813,9.815000000000001,1,1,-4.560972028939523,2.3003127886398316,-0.24040403903883864,1,-4.56547888232136,2.3014172156128656,-0.24026509835271878,0.004640203265389952,0.007960714917319844,178.83704809183132,308.56325379826666,-0.2404040390388381,3.021526947390341e-14,1,9.813,178.83704809183132,308.56325379826666,-0.24040403903883809,0.002000000000000668,185.6679618171995,307.1635625321133,36.0,172.00613436646316,309.96294506442,36.0,13.945682911061663,172.00613436646316,0
9.833,9.844000000000001,1,1,-4.556698674873163,2.299264721394651,-0.24061415656019022,1,-4.561205202505619,2.300369949969158,-0.24040403903883809,0.004640077747624109,0.012038847175227454,179.33786018653623,308.46065049783766,-0.2406141565602071,-9.66888623164909e-13,1,9.833,179.33786018653623,308.46065049783766,-0.24061415656020707,0.011000000000001009,186.1647632249959,307.062265045228,36.0,172.51095714807656,309.8590359504473,36.0,13.93730059525162,172.51095714807656,0
9.853,9.858,1,1,-4.552425541118425,2.2982157562660475,-0.24082427408154147,1,-4.556931687245493,2.2993218951130947,-0.24061415656020707,0.004639924144577802,0.012038847174211267,179.838378320246,308.3581429130983,-0.24082427408153922,1.2881246459927243e-13,1,9.853,179.838378320246,308.3581429130983,-0.2408242740815392,0.005000000000000782,186.66127597912367,306.96106176103865,36.0,173.01548066136831,309.7552240651579,36.0,13.928929349947722,173.01548066136831,0
9.873,9.875,1,1,-4.548152627863968,2.297165893300333,-0.2410343916028932,1,-4.548385318166514,2.2972230916757144,-0.2410343916028858,0.0002396172594896665,4.2301377263464775e-13,180.3386028819376,308.2557309331635,-0.24103439160288578,4.246040499753795e-13,1,9.873,180.3386028819376,308.2557309331635,-0.2410343916028858,0.002000000000000668,187.15750046025087,306.8599525711351,36.0,173.5197053036243,309.6515092951919,36.0,13.92056915782302,173.5197053036243,0
9.893,9.896,1,1,-4.543879935298439,2.296115132543857,-0.24124450912423911,1,-4.548385318166514,2.2972230916757144,-0.2410343916028858,0.004639617249925858,0.012038847175294246,180.83853425997904,308.1534144473298,-0.24124450912423884,1.5902773407317584e-14,1,9.873,180.3386028819376,308.2557309331635,-0.2410343916028858,0.023000000000001464,187.6534370484535,306.75893736728364,36.0,174.02363147150461,309.54789152737595,36.0,13.912220001585768,174.02363147150461,0
9.913,9.921000000000001,1,1,-4.539607463610472,2.2950634740430136,-0.24145462664558323,1,-4.544112464724722,2.296172343187129,-0.24124450912423884,0.004639463958062898,0.012038847174783767,181.33817284213137,308.05119334507435,-0.24145462664559425,-6.313401042705081e-13,1,9.913,181.33817284213137,308.05119334507435,-0.24145462664559422,0.008000000000000895,188.14908612321744,306.65801604142615,36.0,174.52725956104533,309.44437064872255,36.0,13.90388186397956,174.52725956104533,0
9.933,9.939,1,1,-4.535335212988696,2.2940109178442327,-0.24166474416692688,1,-4.539839832266078,2.295120696913837,-0.24145462664559422,0.004639310769661212,0.01203884717411108,181.83751901554834,307.9490675160552,-0.24166474416690448,1.283353813970529e-12,1,9.933,181.83751901554834,307.9490675160552,-0.24166474416690448,0.006000000000000227,188.6444480634381,306.55718848568057,36.0,175.03058996765859,309.34094654642985,36.0,13.89555472778283,175.03058996765859,0
9.953,9.957,1,1,-4.531063183621725,2.292957463993981,-0.24187486168827074,1,-4.535567420979091,2.2940681529023035,-0.24166474416690448,0.004639157684597348,0.012038847176036906,182.33657316677935,307.84703685011067,-0.2418748616882639,3.927985031607443e-13,1,9.953,182.33657316677935,307.84703685011067,-0.2418748616882639,0.004000000000001336,189.1395232474233,306.45645459234026,36.0,175.53362308613538,309.2376191078811,36.0,13.887238575809029,175.53362308613538,0
9.973,9.98,1,1,-4.526791375698168,2.2919031125387663,-0.2420849792096085,1,-4.531295231052254,2.2930147111990298,-0.2418748616882639,0.00463900470273829,0.012038847174796488,182.83533568176944,307.7451012372589,-0.24208497920960745,6.043053894780682e-14,1,9.973,182.83533568176944,307.7451012372589,-0.24208497920960745,0.006999999999999673,189.63431205289342,306.35581425387335,36.0,176.03635931064545,309.13438822064444,36.0,13.878933390906777,176.03635931064545,0
9.993,9.997,1,1,-4.522519789406621,2.2908478635251424,-0.2422950967309453,1,-4.527023262674052,2.2919603718505597,-0.24208497920960745,0.004638851823952777,0.012038847174408462,183.33380694586086,307.64326056769755,-0.24229509673094682,-8.746525374024671e-14,1,9.973,182.83533568176944,307.7451012372589,-0.24208497920960745,0.023999999999999133,190.1288148569824,306.2552673629226,36.0,176.53879903473933,309.0312537724725,36.0,13.870639155958978,176.53879903473933,0
10.013,10.016,1,1,-4.518248424935675,2.289791716999694,-0.24250521425228225,1,-4.522751516032961,2.290905134903479,-0.24229509673094682,0.004638699048108669,0.012038847174270107,183.83198734379425,307.54151473180366,-0.24250521425229388,-6.663262057666067e-13,1,9.993,183.33380694586086,307.64326056769755,-0.24229509673094682,0.022999999999999687,190.62303203623947,306.1548138123054,36.0,177.04094265134907,308.9282156513019,36.0,13.862355853883622,177.04094265134907,0
10.033,10.033000000000001,1,1,-4.513977286010942,2.2887346587227437,-0.24273763124491388,1,-4.5184799913174505,2.2898490004044088,-0.24250521425229388,0.004638546373677659,0.013316512764249158,184.32987825671626,307.43986377656773,-0.24273763124491832,-2.5444437451708134e-13,1,10.013,183.83198734379425,307.54151473180366,-0.24250521425229388,0.02000000000000135,191.1169649517589,306.054504875838,36.0,177.54279156167362,308.82522267729746,36.0,13.854062954939362,177.54279156167362,0
10.053,10.066,1,1,-4.5097064286717705,2.287676463345695,-0.2430220803374379,1,-4.514208682419184,2.288791957155261,-0.24273763124491832,0.004638384982435318,0.016297732487699085,184.82748140067713,307.3383159377698,-0.24302208033746694,-1.6634300984054193e-12,1,10.053,184.82748140067713,307.3383159377698,-0.24302208033746694,0.0129999999999999,191.61061560850186,305.9544169301259,36.0,178.0443471928524,308.72221494541367,36.0,13.845733804276287,178.0443471928524,0
10.073,10.08,1,1,-4.50543587250809,2.28661705316998,-0.24330652942996114,1,-4.509937632276919,2.2877337838393133,-0.24302208033746694,0.004638203143898838,0.01629773248624398,185.32479486102864,307.2368751085828,-0.24330652942995343,4.420971007234288e-13,1,10.053,184.82748140067713,307.3383159377698,-0.24302208033746694,0.026999999999999247,192.10398227902132,305.8544342610801,36.0,178.54560744303595,308.61931595608553,36.0,13.837416629575682,178.54560744303595,0
10.093,10.097000000000001,1,1,-4.501165617865436,2.2855564282813132,-0.24359097852248873,1,-4.505666883432122,2.2866743956483933,-0.2433065294299534,0.004638021424669302,0.016297732488600773,185.82181905533332,307.13554116200595,-0.24359097852247993,5.041179170119674e-13,1,10.073,185.32479486102864,307.2368751085828,-0.2433065294299534,0.02400000000000091,192.59706537163697,305.75455674473477,36.0,179.04657273902964,308.51652557927713,36.0,13.829111411415008,179.04657273902964,0
10.113,10.128,1,1,-4.496895665089321,2.2844945887655146,-0.24387542761500494,1,-4.501396436230188,2.2856137926682822,-0.24359097852247993,0.004637839824576801,0.016297732488009187,186.31855440047582,307.0343139712606,-0.2438754276149942,6.154373308631905e-13,1,10.113,186.31855440047582,307.0343139712606,-0.24387542761499423,0.015000000000000568,193.08986529401088,305.65478425733954,36.0,179.5472435069408,308.41384368518163,36.0,13.820818130414342,179.5472435069408,0
10.133,10.141,1,1,-4.492626049343608,2.2834313949190155,-0.24424685773506405,1,-4.497126291016491,2.2845519749848657,-0.24387542761499423,0.00463765833134909,0.021281378264038163,186.81500520104305,306.9331973357748,-0.24424685773505309,6.281595495890446e-13,1,10.133,186.81500520104305,306.9331973357748,-0.24424685773505306,0.008000000000000895,193.582386912269,305.55531997735335,36.0,180.04762348981714,308.3110746941963,36.0,13.812458324322378,180.04762348981714,0
10.153,10.153,1,1,-4.488356862220495,2.282366481292866,-0.24465955955810012,1,-4.492856444620157,2.2834888146286136,-0.24424685773505306,0.004637442602112174,0.02364607265795161,187.31116988916932,306.8322063454427,-0.24465955955810698,-3.927985031607443e-13,1,10.133,186.81500520104305,306.9331973357748,-0.24424685773505306,0.02000000000000135,194.0746288799921,305.4560739042827,36.0,180.54771089834657,308.2083387866028,36.0,13.804074473307434,180.54771089834657,0
10.173,10.177000000000001,1,1,-4.4840881149527325,2.2812998058561478,-0.24507226138113625,1,-4.4885870087971504,2.2824239399126327,-0.24465955955810698,0.0046372107133804885,0.023646072656932242,187.80704709075314,306.7313432584507,-0.2450722613811361,7.951386703658792e-15,1,10.173,187.80704709075314,306.7313432584507,-0.2450722613811361,0.004000000000001336,194.56658966213257,305.3569536293408,36.0,181.0475045193737,308.1057328875606,36.0,13.795704059872522,181.0475045193737,0
10.193,10.193000000000001,1,1,-4.47981980826739,2.2802313687905404,-0.24548496320415777,1,-4.484318012973725,2.281357303224873,-0.2450722613811361,0.004636978965933879,0.023646072656496504,188.30263726759284,306.63060792052374,-0.24548496320416285,-2.9102075335391177e-13,1,10.193,188.30263726759284,306.63060792052374,-0.24548496320416283,1.7763568394002505e-15,195.0582697098422,305.2579590023422,36.0,181.54700482534346,308.0032568387052,36.0,13.78734706132503,181.54700482534346,0
10.213,10.214,1,1,-4.475551942891453,2.2791611702780217,-0.24589766502717939,1,-4.4800494578768095,2.2802889047471453,-0.24548496320416283,0.004636747359556514,0.023646072656203894,188.79794088070747,306.5300001776865,-0.24589766502717014,5.295623544636756e-13,1,10.213,188.79794088070747,306.5300001776865,-0.24589766502717017,0.0010000000000012221,195.54966947351866,305.15908987339174,36.0,182.04621228789628,307.9009104819812,36.0,13.779003455026153,182.04621228789628,0
10.233,10.235000000000001,1,1,-4.47128451955184,2.278089210500871,-0.24631036685020036,1,-4.475781344233252,2.279218744661556,-0.24589766502717017,0.004636515894021698,0.02364607265698472,189.29295839033713,306.4295198762627,-0.24631036685020719,-3.9120822582001255e-13,1,10.213,188.79794088070747,306.5300001776865,-0.24589766502717017,0.022000000000002018,196.04078940280573,305.0603460928845,36.0,182.54512737786854,307.79869365964095,36.0,13.770673218390328,182.54512737786854,0
10.253,10.255,1,1,-4.467017538975387,2.27701548964167,-0.24672306867322172,1,-4.471513672769833,2.2781468231505118,-0.2463103668502072,0.00463628456911157,0.023646072656086214,189.78769025594573,306.32916686287444,-0.24672306867321747,2.43312433131959e-13,1,10.253,189.78769025594573,306.32916686287444,-0.24672306867321747,0.002000000000000668,196.53162994659573,304.9617275115047,36.0,183.04375056529577,307.6966062142442,36.0,13.762356328884767,183.04375056529577,0
10.273,10.276,1,1,-4.46275100188886,2.275940007883294,-0.24713577049624272,1,-4.46724644421325,2.2770731403967184,-0.24672306867321747,0.0046360533846037605,0.023646072656701652,190.2821369362227,306.22894098444146,-0.2471357704962501,-4.2301377263464775e-13,1,10.273,190.2821369362227,306.22894098444146,-0.2471357704962501,0.0030000000000001137,197.02219155303166,304.86323398022546,36.0,183.54208231941377,307.5946479886574,36.0,13.754052764030272,183.54208231941377,0
10.293,10.297,1,1,-4.458484909018947,2.2748627654089244,-0.24754847231926422,1,-4.4629796592901325,2.2759976965831803,-0.2471357704962501,0.004635822340278268,0.02364607265606395,190.77629888908416,306.12884208818036,-0.2475484723192682,-2.2740965972464147e-13,1,10.293,190.77629888908416,306.12884208818036,-0.2475484723192682,0.004000000000001336,197.51247466950772,304.76486535030773,36.0,184.04012310866062,307.492818826053,36.0,13.745762501399842,184.04012310866062,0
10.313,10.315000000000001,1,1,-4.454219265903505,2.273783743392514,-0.24797737986992488,1,-4.458713318727029,2.2749204918932104,-0.2475484723192682,0.004635591433082016,0.024574592453922073,191.27017729241572,306.028870478023,-0.24797737986991683,4.611804288122099e-13,1,10.313,191.27017729241572,306.028870478023,-0.24797737986991683,0.002000000000000668,198.00248062740698,304.6666589690287,36.0,184.53787395742444,307.3910819870174,36.0,13.73747114858791,184.53787395742444,0
10.333,10.337000000000002,1,1,-4.4499540970899805,2.272702848080833,-0.24841954665232288,1,-4.454447420921559,2.2738415096276356,-0.24797737986991683,0.004635354266245325,0.02533429047274612,191.7637724900378,305.92902974529574,-0.24841954665230137,1.2324649390671127e-12,1,10.333,191.7637724900378,305.92902974529574,-0.24841954665230137,0.004000000000001336,198.49220982118996,304.5686116339,36.0,185.03533515888566,307.2894478566915,36.0,13.7291815279798,185.03533515888566,0
10.353,10.354000000000001,1,1,-4.445689406629388,2.2716200669589064,-0.24886171343471825,1,-4.450181991722411,2.2727606556283875,-0.24841954665230137,0.004635112008463209,0.025334290473366328,192.2570843605411,305.8293204704928,-0.24886171343472988,-6.663262057666067e-13,1,10.353,192.2570843605411,305.8293204704928,-0.2488617134347299,0.0010000000000012221,198.98166201099247,304.47069360634424,36.0,185.5325067100898,307.1879473346413,36.0,13.720905441396454,185.5325067100898,0
10.373,10.377,1,1,-4.441425195355522,2.2705354002384315,-0.249303880217113,1,-4.4459170410233,2.271677915635253,-0.2488617134347299,0.004634869894086827,0.02533429047143096,192.75011336735187,305.72974249603305,-0.24930388021712718,-8.126317211139285e-13,1,10.373,192.75011336735187,305.72974249603305,-0.24930388021712718,0.004000000000001336,199.47083764954897,304.37290473303955,36.0,186.02938908515478,307.0865802590265,36.0,13.712642865968446,186.02938908515478,0
10.393,10.399000000000001,1,1,-4.437161464102085,2.26944884813147,-0.2497460469995075,1,-4.4416525696578875,2.270593289860069,-0.24930388021712718,0.004634627922877467,0.02533429047127193,193.24285997311293,305.6302956646475,-0.24974604699949535,6.965414752405102e-13,1,10.373,192.75011336735187,305.72974249603305,-0.24930388021712718,0.026000000000001577,199.95973718883636,304.2752448609666,36.0,186.5259827573895,306.98534646832843,36.0,13.7043937788814,186.5259827573895,0
10.413,10.417,1,1,-4.432898214243426,2.268360408734096,-0.250192185331003,1,-4.437388578459752,2.2695067785150442,-0.24974604699949532,0.004634386094180492,0.025561843474399323,193.73532481538544,305.5309798317227,-0.25019218533099713,3.3713879623513276e-13,1,10.393,193.24285997311293,305.6302956646475,-0.24974604699949532,0.023999999999999133,200.44836129911747,304.177722913734,36.0,187.0222883316534,306.8842367497114,36.0,13.696154660049887,187.0222883316534,0
10.433,10.439,1,1,-4.4286354585252266,2.267270035703176,-0.2506502383098469,1,-4.433125067053429,2.268418380209064,-0.25019218533099713,0.0046341428377545,0.02624450248148673,194.2275087150639,305.43179652677077,-0.25065023830984495,1.1131941385122308e-13,1,10.433,194.2275087150639,305.43179652677077,-0.25065023830984495,0.006000000000000227,200.93671091374662,304.08035852626205,36.0,187.51830651638116,306.78323452727943,36.0,13.687918587137803,187.51830651638116,0
10.453,10.456000000000001,1,1,-4.424373202702814,2.2661777102187575,-0.2511082912886909,1,-4.428862044686398,2.2673280496161556,-0.25065023830984495,0.004633895022850305,0.026244502481267272,194.7194116136019,305.3327465509494,-0.2511082912886963,-3.0851380410196113e-13,1,10.433,194.2275087150639,305.43179652677077,-0.25065023830984495,0.023000000000001464,201.4247858552959,303.9831252960145,36.0,188.01403737190785,306.68236780588427,36.0,13.679696086236095,188.01403737190785,0
10.473,10.477,1,1,-4.420111447670463,2.2650834325100218,-0.2515663442675349,1,-4.4245995223636765,2.2662357663734998,-0.25110829128869633,0.004633647352225143,0.026244502480844256,195.2110339747876,305.2338297450991,-0.25156634426753705,-1.2404163257707715e-13,1,10.453,194.7194116136019,305.3327465509494,-0.25110829128869633,0.02400000000000091,201.9125865768562,303.88602306817864,36.0,188.50948137271897,306.58163642201964,36.0,13.671487134418717,188.50948137271897,0
10.493,10.497,1,1,-4.415850194322344,2.263987202806564,-0.25202439724637865,1,-4.420337500979421,2.265141530710425,-0.25156634426753705,0.0046333998256438596,0.02624450248101919,195.70237626162537,305.13504595037875,-0.2520243972463612,9.986941699795442e-13,1,10.473,195.2110339747876,305.2338297450991,-0.25156634426753705,0.023999999999999133,202.4001135307603,303.78905168825037,36.0,189.0046389924904,306.4810402125072,36.0,13.663291708814809,189.0046389924904,0
10.513,10.517000000000001,1,1,-4.411589443552521,2.2628890213383857,-0.25248245022522336,1,-4.416075981427675,2.2640453428566745,-0.2520243972463612,0.004633152442867682,0.026244502482195994,196.19343893633766,305.036395008265,-0.25248245022522164,9.859719512536902e-14,1,10.493,195.70237626162537,305.13504595037875,-0.2520243972463612,0.02400000000000091,202.8873671685848,303.692211002034,36.0,189.49951070409054,306.38057901449605,36.0,13.65510978660845,189.49951070409054,0
10.533,10.547,1,1,-4.407329196254953,2.2617888883358996,-0.25294050320406736,1,-4.41181496460239,2.262947203042401,-0.25248245022522164,0.004632905203667143,0.02624450248125455,196.68422246036695,304.93787676055166,-0.2529405032040765,-5.247915224414803e-13,1,10.513,196.19343893633766,305.036395008265,-0.25248245022522164,0.034000000000000696,203.37434794115168,303.5955008556412,36.0,189.99409697958222,306.2802526654621,36.0,13.646941345038348,189.99409697958222,0
10.553,10.566,1,1,-4.403069453323491,2.260686804029928,-0.2533985561829111,1,-4.4075544513974,2.261847111498166,-0.25294050320407646,0.004632658107805116,0.02624450248062162,197.1747272943774,304.8394910493489,-0.25339855618291324,-1.2086107789561363e-13,1,10.533,196.68422246036695,304.93787676055166,-0.25294050320407646,0.03300000000000125,203.86105629853023,303.4989210954906,36.0,190.48839829022455,306.1800610032073,36.0,13.638786361397894,190.48839829022455,0
10.573,10.59,1,1,-4.398810215651886,2.259582768651701,-0.2538566091617552,1,-4.4032944427064376,2.260745068454944,-0.25339855618291324,0.004632411155045791,0.02624450248103827,197.6649538982565,304.74123771708287,-0.2538566091617537,8.587497639951495e-14,1,10.553,197.1747272943774,304.8394910493489,-0.25339855618291324,0.036999999999999034,204.34749269003834,303.40247156830696,36.0,190.9824151064747,306.08000386585877,36.0,13.630644813034655,190.9824151064747,0
10.593,10.596,1,1,-4.394551484133777,2.2584767824328593,-0.25431466214059906,1,-4.399034939423133,2.259641074144108,-0.2538566091617537,0.0046321643451562354,0.026244502481235468,198.15490273111772,304.64311660649435,-0.25431466214060083,-1.0177774980683254e-13,1,10.573,197.6649538982565,304.74123771708287,-0.2538566091617537,0.022999999999999687,204.83365756424527,303.3061521211206,36.0,191.47614789799016,305.98008109186816,36.0,13.622516677350845,191.47614789799016,0
10.613,10.615,1,1,-4.390293259662701,2.2573688456054533,-0.25477271511944016,1,-4.394775942441007,2.258535128797456,-0.25431466214060083,0.004631917677903095,0.026244502480888787,198.64457425130172,304.5451275606389,-0.2547727151194453,-2.9579158537610705e-13,1,10.593,198.15490273111772,304.64311660649435,-0.25431466214060083,0.02200000000000024,205.3195513689728,303.2099626012666,36.0,191.96959713363063,305.8802925200111,36.0,13.614401931802679,191.96959713363063,0
10.633,10.653,1,1,-4.386035546731102,2.256258944603025,-0.2552407405031708,1,-4.386259470160703,2.2563173733660493,-0.2552407405031786,0.00023142087778107973,-4.4527765540489233e-13,199.13396935676377,304.44727078854123,-0.2552407405031786,-4.4527765540489233e-13,1,10.633,199.13396935676377,304.44727078854123,-0.2552407405031786,0.02000000000000135,205.80517512415554,303.1139259041371,36.0,192.46276358937197,305.7806156729454,36.0,13.606291922731641,192.46276358937197,0
10.653,10.657,1,1,-4.381778358654154,2.255147032145129,-0.25571413564340534,1,-4.386259470160703,2.2563173733660493,-0.2552407405031786,0.004631420830318937,0.027123543576997255,199.62308831413952,304.34954807583443,-0.2557141356433962,5.247915224414803e-13,1,10.653,199.62308831413952,304.34954807583443,-0.2557141356433961,0.0039999999999995595,206.29052906823443,303.018033317866,36.0,192.95564756004458,305.68106283380286,36.0,13.598190726718554,192.95564756004458,0
10.673,10.676,1,1,-4.377521697428166,2.254033104479751,-0.2561875307836406,1,-4.382002010306485,2.2552055030909695,-0.2557141356433961,0.004631168534098614,0.027123543578011854,200.1119313485164,304.2519595147521,-0.2561875307836347,3.3713879623513276e-13,1,10.673,200.1119313485164,304.2519595147521,-0.2561875307836347,0.0030000000000001137,206.77561335362614,302.9222727185943,36.0,193.44824934340667,305.5816463109099,36.0,13.59010299314905,193.44824934340667,0
10.693,10.700000000000001,1,1,-4.373265564007064,2.2529171618565287,-0.2566609259238751,1,-4.377745077452373,2.25409161740057,-0.2561875307836347,0.004630916381412664,0.02712354357777967,200.60049891901292,304.154504946669,-0.2566609259238615,7.792358969585616e-13,1,10.673,200.1119313485164,304.2519595147521,-0.2561875307836347,0.027000000000001023,207.26042842891243,302.8266439520671,36.0,193.9405694091134,305.4823659412709,36.0,13.582028699397675,193.9405694091134,0
10.713000000000001,10.713000000000001,1,1,-4.369009959179445,2.2517992051539655,-0.25713313965476225,1,-4.37348867255218,2.2529757165446447,-0.2566609259238615,0.004630664372151368,0.027055853808738095,201.0887914321479,304.05718420929094,-0.25713313965474704,8.714719827210036e-13,1,10.693,200.60049891901292,304.154504946669,-0.2566609259238615,0.02000000000000135,207.74497467492768,302.73114417603074,36.0,194.43260818936815,305.38322424255114,36.0,13.57396884205512,194.43260818936815,0
10.733,10.742,1,1,-4.36475492904923,2.2506790631871505,-0.2577106593536759,1,-4.369232796914711,2.2518578012572084,-0.25713313965474704,0.004630412946867048,0.03308944133428793,201.57681404085616,303.96000200049286,-0.2577106593536642,6.679164831073385e-13,1,10.733,201.57681404085616,303.96000200049286,-0.2577106593536642,0.009000000000000341,208.22925865854143,302.6360199518318,36.0,194.9243694231709,305.2839840491539,36.0,13.565831763153527,194.9243694231709,0
10.753,10.765,1,1,-4.360500574030741,2.2495563598493313,-0.2583153916017499,1,-4.364977449746544,2.2507377133407367,-0.2577106593536642,0.00463012011144392,0.03464860555076656,202.06456387927153,303.8629742548445,-0.2583153916017501,-1.2722218725854067e-14,1,10.753,202.06456387927153,303.8629742548445,-0.2583153916017501,0.012000000000000455,208.71327674780656,302.5411095658574,36.0,195.4158510107365,305.18483894383155,36.0,13.557685505161144,195.4158510107365,0
10.773,10.777000000000001,1,1,-4.356246898725036,2.248431083971281,-0.25892012384982044,1,-4.360722765865285,2.2496150670479476,-0.2583153916017501,0.004629816689998735,0.03464860554988873,202.55204023884147,303.7661017202611,-0.2589201238498079,7.188053580107548e-13,1,10.773,202.55204023884147,303.7661017202611,-0.2589201238498079,0.004000000000001336,209.19702789059724,302.4463519335722,36.0,195.9070525870857,305.0858515069499,36.0,13.549553555959239,195.9070525870857,0
10.793,10.795,1,1,-4.35199390468769,2.247303235964516,-0.2595248560978809,1,-4.356468761857625,2.2484898478779445,-0.2589201238498079,0.004629513421992662,0.0346486055500414,203.03924359833707,303.66938421667476,-0.2595248560978782,1.5584717939171232e-13,1,10.793,203.03924359833707,303.66938421667476,-0.25952485609787823,0.002000000000000668,209.68051255455822,302.3517468803242,36.0,196.39797464211594,304.9870215530254,36.0,13.54143589122095,196.39797464211594,0
10.813,10.816,1,1,-4.347741593474026,2.24617281624149,-0.26012958834593986,1,-4.352215439279128,2.247362056242473,-0.25952485609787823,0.004629210307144233,0.03464860554938939,203.52617443571472,303.57282156441465,-0.2601295883459337,3.5304156964245036e-13,1,10.813,203.52617443571472,303.57282156441465,-0.2601295883459337,0.0030000000000001137,210.16373120654794,302.2572942318459,36.0,196.88861766488154,304.8883488969834,36.0,13.533332486681784,196.88861766488154,0
10.833,10.835,1,1,-4.343489966639113,2.2450398252155983,-0.2607343205939862,1,-4.347962799685108,2.2462316925542205,-0.2601295883459337,0.004628907345175986,0.03464860554886778,204.0128332281178,303.4764135842057,-0.2607343205939884,-1.2404163257707715e-13,1,10.833,204.0128332281178,303.4764135842057,-0.2607343205939883,0.002000000000000668,210.64668431264002,302.162993814254,36.0,197.37898214359564,304.7898333541574,36.0,13.52524331813905,197.37898214359564,0
10.853,10.856,1,1,-4.33923902573778,2.2439042633011765,-0.2613390528420319,1,-4.3394595756704915,2.2439632506748177,-0.2613390528420298,0.00022830195590078085,1.2086107789561363e-13,204.4992204518777,303.3801600971681,-0.2613390528420298,1.2086107789561363e-13,1,10.853,204.4992204518777,303.3801600971681,-0.2613390528420298,0.0030000000000001137,211.1293723381239,302.0688454540483,36.0,197.8690685656315,304.6914747402879,36.0,13.51716836145121,197.8690685656315,0
10.873,10.877,1,1,-4.334988772324601,2.242766130913502,-0.2619437850900777,1,-4.3394595756704915,2.2439632506748177,-0.2613390528420298,0.004628301878719688,0.034648605548603786,204.98533658251702,303.28406092481623,-0.26194378509007454,1.8129161684342046e-13,1,10.873,204.98533658251702,303.28406092481623,-0.26194378509007454,0.004000000000001336,211.61179574750818,301.97484897811097,36.0,198.35887741752586,304.59327287152155,36.0,13.50910759253789,198.35887741752586,0
10.893,10.897,1,1,-4.330739207953899,2.2416254284687915,-0.26254851733812345,1,-4.335208994359279,2.2428251733137436,-0.26194378509007454,0.004627999373672263,0.03464860554866104,205.47118209475127,303.188115889058,-0.2625485173381147,5.025276396712356e-13,1,10.893,205.47118209475127,303.188115889058,-0.2625485173381147,0.0039999999999995595,212.0939550045223,301.8810042137055,36.0,198.84840918498026,304.49522756441047,36.0,13.501060987380153,198.84840918498026,0
10.913,10.922,1,1,-4.326490334179747,2.2404821563842017,-0.26315324958616865,1,-4.330959102251298,2.241684525560038,-0.2625485173381147,0.004627697020367507,0.03464860554895047,205.95675746249083,303.0923248121936,-0.2631532495861726,-2.2581938238390969e-13,1,10.893,205.47118209475127,303.188115889058,-0.2625485173381147,0.028999999999999915,212.57585057211804,301.78731098847635,36.0,199.33766435286358,304.39733863591096,36.0,13.493028522019499,199.33766435286358,0
10.933,10.934000000000001,1,1,-4.322242105989925,2.2393364876523165,-0.2636623954117028,1,-4.326709900900612,2.2405413078310867,-0.2631532495861726,0.004627394842363145,0.029171906959583955,206.44205898114396,302.9966824043691,-0.2636623954116997,1.7493050748049342e-13,1,10.933,206.44205898114396,302.9966824043691,-0.2636623954116998,0.0010000000000012221,213.05747822087739,301.693547376951,36.0,199.82663974141053,304.2998174317872,36.0,13.485092898029158,199.82663974141053,0
10.953,10.956000000000001,1,1,-4.31799444375276,2.238188722377509,-0.2641546730449211,1,-4.322461387411141,2.239395682004832,-0.2636623954116998,0.00462713055674195,0.02820543073226928,206.92709051838816,302.901175413442,-0.2641546730449291,-4.611804288122099e-13,1,10.953,206.92709051838816,302.901175413442,-0.2641546730449291,0.00300000000000189,213.5388419894195,301.59987878612344,36.0,200.31533904735682,304.20247204076054,36.0,13.477185229409844,200.31533904735682,0
10.973,10.976,1,1,-4.31374734704943,2.237038866212746,-0.2646469506781396,1,-4.318213447457375,2.238247957443587,-0.2641546730449291,0.004626873075668081,0.02820543073164907,207.41185326114328,302.8058031818949,-0.264646950678122,1.0082358340239348e-12,1,10.973,207.41185326114328,302.8058031818949,-0.26464695067812205,0.0030000000000001137,214.0199431254543,301.50634281341263,36.0,200.80376339683227,304.1052635503771,36.0,13.469290835684845,200.80376339683227,0
10.993,10.995000000000001,1,1,-4.309500816909162,2.235886919436681,-0.26513922831135783,1,-4.313966073187333,2.2370981417703866,-0.26464695067812205,0.004626615736303563,0.028205430733099404,207.8963476610313,302.710565552816,-0.2651392283113706,-7.315275767366089e-13,1,10.993,207.8963476610313,302.710565552816,-0.2651392283113706,0.002000000000000668,214.50078207033047,301.4129393062779,36.0,201.29191325173218,304.008191799354,36.0,13.461409694744301,201.29191325173218,0
11.013,11.021,1,1,-4.305254854361051,2.2347328823284722,-0.26563150594457596,1,-4.309719265630146,2.235946235264048,-0.2651392283113706,0.004626358538406967,0.028205430731356458,208.3805741689212,302.61546236961397,-0.26563150594458534,-5.375137411673344e-13,1,11.013,208.3805741689212,302.61546236961397,-0.26563150594458534,0.008000000000000895,214.9813592646683,301.3196681124894,36.0,201.77978907317413,303.9112566267386,36.0,13.453541784531522,201.77978907317413,0
11.033,11.036000000000001,1,1,-4.3010094403341235,2.233576828949285,-0.26608289033614785,1,-4.305473025814809,2.2347922382038887,-0.26563150594458534,0.004626101490408921,0.025862420574612032,208.86453145263192,302.5204912879259,-0.2660828903361647,-9.66888623164909e-13,1,11.033,208.86453145263192,302.5204912879259,-0.2660828903361647,0.00300000000000189,215.46167314071755,301.22643433918864,36.0,202.26738976454632,303.81454823666314,36.0,13.445722269815374,202.26738976454632,0
11.053,11.054,1,1,-4.296764540834058,2.232418887709793,-0.2665270582732648,1,-4.3012273526857525,2.2336362199888944,-0.2660828903361647,0.004625860730865943,0.025448948190865628,209.3482214082886,302.4256465695149,-0.26652705827327494,-5.820415067078235e-13,1,11.053,209.3482214082886,302.4256465695149,-0.26652705827327494,0.0009999999999994458,215.94172561992067,301.13330858522477,36.0,202.75471719665651,303.71798455380514,36.0,13.43792175218314,202.75471719665651,0
11.073,11.074,1,1,-4.292520156073073,2.231259061136332,-0.2669712262103819,1,-4.296982197406257,2.2324783129077144,-0.26652705827327494,0.0046256229570797065,0.025448948191260017,209.83164478603496,302.3309278546409,-0.2669712262103845,-1.4948607002878528e-13,1,11.073,209.83164478603496,302.3309278546409,-0.2669712262103845,0.0009999999999994458,216.42151747018605,301.0403068368145,36.0,203.24177210188387,303.6215488724673,36.0,13.430133968799556,203.24177210188387,0
11.093,11.103000000000002,1,1,-4.288276286888526,2.2300973494577176,-0.2674153941474983,1,-4.292737557008734,2.231318520312684,-0.2669712262103845,0.004625385318271344,0.025448948191654407,210.3148020218799,302.23633499688873,-0.2674153941474961,1.2722218725854067e-13,1,11.093,210.3148020218799,302.23633499688873,-0.2674153941474961,0.010000000000001563,216.90104911772838,300.94742895147414,36.0,203.72855492603142,303.5252410423033,36.0,13.422358898715052,203.72855492603142,0
11.113,11.114,1,1,-4.284032934117668,2.2289337529031386,-0.2678595620846152,1,-4.288493432330423,2.230156842432755,-0.2674153941474961,0.004625147814226476,0.025448948191956557,210.79769355111512,302.1418678501313,-0.26785956208460915,3.466804602795233e-13,1,11.093,210.3148020218799,302.23633499688873,-0.2674153941474961,0.021000000000000796,217.38032098806852,300.8546747869992,36.0,204.2150661141617,303.42906091326336,36.0,13.41459652102995,204.2150661141617,0
11.133,11.134,1,1,-4.279790098597649,2.2277682717021547,-0.2683037300217324,1,-4.2842498242084615,2.228993279497252,-0.26785956208460915,0.00462491044473105,0.0254489481921951,211.28031980831616,302.04752626852894,-0.26830373002173974,-4.1983321795318423e-13,1,11.133,211.28031980831616,302.04752626852894,-0.26830373002173974,0.0010000000000012221,217.85933350603418,300.7620442014643,36.0,204.70130611059818,303.3330083355936,36.0,13.40684681489363,204.70130611059818,0
11.153,11.156,1,1,-4.275547781165518,2.2266009060846983,-0.2687478979588493,1,-4.280006733479883,2.227827831735866,-0.26830373002173974,0.00462467320956628,0.025448948191409502,211.76268122734444,301.9533101065288,-0.2687478979588556,-3.625832336868409e-13,1,11.133,211.28031980831616,302.04752626852894,-0.26830373002173974,0.023000000000001464,218.33808709576178,300.66953705322214,36.0,205.1872753589271,303.2370831598355,36.0,13.399109759504691,205.1872753589271,0
11.173,11.173,1,1,-4.271305982658221,2.2254316562810734,-0.2691920658959567,1,-4.275764160981619,2.2266604993786627,-0.26874789795885556,0.0046244361085113735,0.02544894819092606,212.2447782413483,301.8592192188645,-0.2691920658959601,-1.9719439025073803e-13,1,11.173,212.2447782413483,301.8592192188645,-0.2691920658959601,0.0,218.81658218069768,300.57715320090364,36.0,205.67297430199895,303.1412852368253,36.0,13.391385334110549,205.67297430199895,0
11.193,11.206000000000001,1,1,-4.267064701460483,2.224260531395933,-0.2696153098778288,1,-4.271522107550503,2.225491282656077,-0.2691920658959601,0.004624199143169678,0.02425009386538573,212.72661037742057,301.76525346680285,-0.26961530987782556,1.8447217152488398e-13,1,11.193,212.72661037742057,301.76525346680285,-0.26961530987782556,0.013000000000001677,219.29481813791264,300.48484525762143,36.0,206.15840261692847,303.0456616759842,36.0,13.383691324463152,206.15840261692847,0
11.213,11.225000000000001,1,1,-4.262823857405586,2.223087824478527,-0.26995485803834524,1,-4.267280580786185,2.2243201883576047,-0.26961530987782556,0.004623970590481256,0.019454676539208036,213.20817531654507,301.67140233077737,-0.26995485803832586,1.1100135838307674e-12,1,11.213,213.20817531654507,301.67140233077737,-0.26995485803832586,0.012000000000002231,219.77279194415192,300.3924611212376,36.0,206.6435586889382,302.9503435403171,36.0,13.376080455037842,206.6435586889382,0
11.233,11.234,1,1,-4.2585834117856285,2.221913677657953,-0.27029440619886164,1,-4.263039528156174,2.223147502632049,-0.26995485803832586,0.004623775208046495,0.0194546765401304,213.68947706347302,301.57765872750394,-0.2702944061988519,5.565970692561155e-13,1,11.213,213.20817531654507,301.67140233077737,-0.26995485803832586,0.021000000000000796,220.2505079742668,300.3001828330208,36.0,207.12844615267923,302.85513462198713,36.0,13.368481031647109,207.12844615267923,0
11.253,11.261000000000001,1,1,-4.254343365089504,2.220738091069582,-0.2706339543593786,1,-4.258798874085075,2.221973376900002,-0.2702944061988519,0.004623579943339561,0.01945467653960879,214.1705160151563,301.484022533528,-0.2706339543593804,-1.0495830448829606e-13,1,11.233,213.68947706347302,301.57765872750394,-0.2702944061988519,0.02800000000000047,220.72796661659095,300.20801027254873,36.0,207.61306541372164,302.7600347945073,36.0,13.36089303608485,207.61306541372164,0
11.273,11.275,1,1,-4.2501037178060574,2.219561064848951,-0.27097350251989505,1,-4.254558619061652,2.220797811296914,-0.2706339543593804,0.004623384796190556,0.019454676538918608,214.65129256791516,301.3904936256169,-0.2709735025198881,3.975693351829396e-13,1,11.253,214.1705160151563,301.484022533528,-0.2706339543593804,0.02200000000000024,221.2051682588457,300.1159433196147,36.0,208.09741687698465,302.6650439316191,36.0,13.353316450185753,208.09741687698465,0
11.293,11.294,1,1,-4.245864470424093,2.2183825991317616,-0.2713130506804121,1,-4.2503187635746205,2.219620805958399,-0.2709735025198881,0.004623189766424318,0.01945467653945612,215.1318071174395,301.29707188076003,-0.2713130506804069,2.9897214005757057e-13,1,11.273,214.65129256791516,301.3904936256169,-0.2709735025198881,0.021000000000000796,221.6821132881408,300.0239818542279,36.0,208.5815009467382,302.5701619072922,36.0,13.345751255824185,208.5815009467382,0
11.313,11.323,1,1,-4.241625623432364,2.2172026940538845,-0.27165259884092846,1,-4.24607930811266,2.218442361020242,-0.27131305068040695,0.004622994853877334,0.019454676539312998,215.61206005879052,301.20375717616787,-0.271652598840934,-3.180554681463517e-13,1,11.293,215.1318071174395,301.29707188076003,-0.27131305068040695,0.030000000000001137,222.1588020909762,299.9321257566121,36.0,209.06531802660484,302.4753885957236,36.0,13.33819743491421,209.06531802660484,0
11.333,11.334000000000001,1,1,-4.237387177319582,2.216021349751355,-0.2719921470014448,1,-4.241840253164393,2.2172624766183904,-0.271652598840934,0.004622800058375602,0.01945467653869915,216.09205178640212,301.1105493892717,-0.2719921470014645,-1.1290969119195484e-12,1,11.333,216.09205178640212,301.1105493892717,-0.2719921470014645,0.0010000000000012221,222.63523505324332,299.84037490720584,36.0,209.54886851956093,302.3807238713376,36.0,13.330654969409709,209.54886851956093,0
11.353,11.362,1,1,-4.2331491325744075,2.214838566360371,-0.27233169516196193,1,-4.2376015992184035,2.2160811528889615,-0.2719921470014645,0.004622605379754129,0.019454676537932637,216.57178269408251,301.0174483977234,-0.2723316951619612,4.134721085902572e-14,1,11.333,216.09205178640212,301.1105493892717,-0.2719921470014645,0.028999999999999915,223.1114125602268,299.7487291866616,36.0,210.0321528279382,302.2861676087852,36.0,13.323123841304449,210.0321528279382,0
11.373,11.383000000000001,1,1,-4.2289114896854585,2.2136543440173,-0.27267124332247766,1,-4.233363346763226,2.2148983899682286,-0.2723316951619612,0.004622410817840589,0.019454676539023566,217.05125317501478,300.92445407939465,-0.2726712433224832,-3.180554681463517e-13,1,11.353,216.57178269408251,301.0174483977234,-0.2723316951619612,0.030000000000001137,223.58733499660477,299.65718847584577,36.0,210.5151713534248,302.19171968294347,36.0,13.31560403263136,210.5151713534248,0
11.393,11.396,1,1,-4.224674249141307,2.212468682858676,-0.2730107914829947,1,-4.229125496287354,2.213714187992638,-0.2726712433224832,0.004622216372468733,0.019454676538737316,217.53046362175886,300.8315663123764,-0.2730107914829947,0.0,1,11.373,217.05125317501478,300.92445407939465,-0.2726712433224832,0.023000000000001464,224.06300274645088,299.5657526558378,36.0,210.99792449706683,302.09737996891505,36.0,13.308095525462942,210.99792449706683,0
11.413,11.416,1,1,-4.22043741177184,2.21128158180356,-0.27335417171484916,1,-4.224888048279229,2.2125285470988088,-0.2730107914829947,0.004622022043267778,0.01967423805348562,218.00941459094952,300.73878495864955,-0.2733541717148508,-9.54166404439055e-14,1,11.393,217.53046362175886,300.8315663123764,-0.2730107914829947,0.022999999999999687,224.5384164229106,299.4744302119884,36.0,211.48041275898848,302.0031397053107,36.0,13.300595151669766,211.48041275898848,0
11.433,11.438,1,1,-4.216200997123012,2.2100929730764287,-0.27371926701775917,1,-4.220651001882882,2.2113414666160796,-0.2733541717148508,0.004621826314500437,0.020918419976698653,218.488107261753,300.6461122433647,-0.27371926701777954,-1.1672635680971106e-12,1,11.413,218.00941459094952,300.73878495864955,-0.2733541717148508,0.025000000000000355,225.01357757090037,299.38326356026914,36.0,211.96263695260564,301.9089609264603,36.0,13.293088362297157,211.96263695260564,0
11.453,11.455,1,1,-4.211965016711981,2.2089028177334615,-0.27408436232066924,1,-4.216414368780184,2.2101528806737694,-0.27371926701777954,0.004621622137469385,0.020918419975629987,218.96654111231481,300.55354992487423,-0.2740843623206761,-3.9438878050147607e-13,1,11.453,218.96654111231481,300.55354992487423,-0.2740843623206761,0.002000000000000668,225.48848534418707,299.2922055832461,36.0,212.44459688044253,301.81489426650234,36.0,13.28559311612534,212.44459688044253,0
11.473,11.474,1,1,-4.207729471103385,2.207711115933297,-0.27444945762357875,1,-4.212178170042727,2.2089627479965968,-0.2740843623206761,0.004621418080501101,0.020918419976371058,219.44471654174725,300.4610978769757,-0.27444945762358,-6.997220299219736e-14,1,11.453,218.96654111231481,300.55354992487423,-0.2740843623206761,0.021000000000000796,225.96314013320523,299.2012561578782,36.0,212.9262929502893,301.7209395960732,36.0,13.278109394767649,212.9262929502893,0
11.493,11.494000000000002,1,1,-4.203494360861795,2.206517867834784,-0.2748145529264889,1,-4.207942406235026,2.2077710687432925,-0.27444945762358003,0.004621214143427269,0.02091841997672728,219.92263394852756,300.3687559736983,-0.27481455292649537,-3.721248977312315e-13,1,11.493,219.92263394852756,300.3687559736983,-0.27481455292649537,0.0010000000000012221,226.4375423277731,299.1104151613495,36.0,213.40772556928206,301.6270967860471,36.0,13.270637179877385,213.40772556928206,0
11.513,11.538,1,1,-4.195025473732111,2.2041266449340893,-0.2755810711668226,1,-4.203707077921522,2.206577843072794,-0.27481455292649537,0.00902101012175454,0.04391826009054607,220.40029393356497,300.2765240695072,-0.2751843866165025,0.022728350531386846,1,11.493,219.92263394852756,300.3687559736983,-0.27481455292649537,0.04499999999999993,226.9116926183671,299.01969309257106,36.0,213.8888952487628,301.5333550464434,36.0,13.263172612467892,213.8888952487628,0
11.533,11.541,1,1,-4.195025473732111,2.2041266449340893,-0.2755810711668226,1,-4.199472184008024,2.2053830701383186,-0.27518438661650246,0.004620804753691308,0.022728350531390027,220.8776978704332,300.1844049373915,-0.27558107116681674,3.3713879623513276e-13,1,11.513,220.40029393356497,300.2765240695072,-0.27518438661650246,0.02800000000000047,227.3855929088895,298.92914233844647,36.0,214.3698028319769,301.4396675363365,36.0,13.25569794825973,214.3698028319769,0
11.553,11.557,1,1,-4.190791735424939,2.2029285382232473,-0.27597775571715816,1,-4.1952377390592765,2.204186668484305,-0.2755810711668167,0.004620588714691484,0.02272835053261136,221.3548450335897,300.09240077045206,-0.2759777557171378,1.1672635680971106e-12,1,11.533,220.8776978704332,300.1844049373915,-0.2755810711668167,0.02400000000000091,227.85924196808972,298.8387047587652,36.0,214.85044809908965,301.346096782139,36.0,13.248235078115597,214.85044809908965,0
11.573,11.592,1,1,-4.186558472721285,2.2017287521481403,-0.2763744402674934,1,-4.191003769180317,2.202988587136888,-0.27597775571713784,0.004620372799629408,0.02272835053341922,221.83173582924636,300.0005114374585,-0.27637444026747005,1.3390135208961405e-12,1,11.573,221.83173582924636,300.0005114374585,-0.27637444026747005,0.019000000000000128,228.3326401932972,298.74838022567036,36.0,215.3308314651955,301.2526426492466,36.0,13.240783983143807,215.3308314651955,0
11.593,11.595,1,1,-4.182325686287288,2.200527286897563,-0.2767711248178179,1,-4.186770275037246,2.201788826284705,-0.27637444026747005,0.004620157008324277,0.022728350532977122,222.30837066296482,299.9087368074275,-0.2767711248178318,-7.951386703658792e-13,1,11.573,221.83173582924636,300.0005114374585,-0.27637444026747005,0.02200000000000024,228.80578798121132,298.6581686115454,36.0,215.81095334471829,301.15930500330956,36.0,13.233344644495816,215.81095334471829,0
11.613,11.615,1,1,-4.178093376831975,2.1993241425095604,-0.27716923672055765,1,-4.182537257296078,2.200587386116662,-0.2767711248178317,0.0046199413405492796,0.02281013180011847,222.7847500005341,299.8170767320492,-0.2771692367205551,1.4630551534732177e-13,1,11.613,222.7847500005341,299.8170767320492,-0.2771692367205551,0.002000000000000668,229.27868582203746,298.5680729719511,36.0,216.29081417903075,301.0660804921473,36.0,13.225915899708976,216.29081417903075,0
11.633,11.643,1,1,-4.173861563856848,2.1981192530333455,-0.2775944683197007,1,-4.1783047160383635,2.199384266818493,-0.2771692367205551,0.004619725228270558,0.02436397594664127,223.2608753683504,299.72553322858045,-0.2775944683196653,2.0291938867737237e-12,1,11.633,223.2608753683504,299.72553322858045,-0.2775944683196653,0.010000000000001563,229.751335892459,298.4781528979732,36.0,216.7704148442418,300.9729135591877,36.0,13.218477295694528,216.7704148442418,0
11.653,11.66,1,1,-4.169630263621386,2.1969125641655203,-0.27801969991884407,1,-4.174072659475632,2.1981794050849843,-0.2775944683196653,0.004619498548658013,0.02436397594854324,223.73674604296443,299.6341087263753,-0.27801969991884634,-1.304027419400042e-13,1,11.653,223.73674604296443,299.6341087263753,-0.27801969991884634,0.006999999999999673,230.22373688284924,298.3883499777064,36.0,217.24975520307962,300.87986747504425,36.0,13.211050679886835,217.24975520307962,0
11.673,11.677000000000001,1,1,-4.165399476890702,2.1957040761242825,-0.27844493151798777,1,-4.169841115789252,2.1969727437984163,-0.27801969991884634,0.004619271995943124,0.024363975946402727,224.2123624357771,299.5428030900414,-0.2784449315179902,-1.3994440598439473e-13,1,11.653,223.73674604296443,299.6341087263753,-0.27801969991884634,0.02400000000000091,230.69588919558154,298.2986640793186,36.0,217.72883567597268,300.7869421007642,36.0,13.203636033017945,217.72883567597268,0
11.693,11.698,1,1,-4.161169204429813,2.1944937891281517,-0.2788701631171311,1,-4.165610085744223,2.1957642831771,-0.27844493151799016,0.004619045569930429,0.0243639759463741,224.68772495752836,299.4516161844469,-0.278870163117117,8.078608890917333e-13,1,11.693,224.68772495752836,299.4516161844469,-0.278870163117117,0.005000000000000782,231.16779323238939,298.2090950712309,36.0,218.20765668266736,300.6941372976629,36.0,13.196233335864857,218.20765668266736,0
11.713000000000001,11.715,1,1,-4.156939447003646,2.193281703395976,-0.279295394716275,1,-4.161379570105446,2.1945540234396748,-0.278870163117117,0.0046188192704123675,0.024363975947353712,225.1628340182976,299.3605478747205,-0.2792953947162747,1.90833280887811e-14,1,11.693,224.68772495752836,299.4516161844469,-0.278870163117117,0.02200000000000024,231.6394493943667,298.1196428221172,36.0,218.6862186422285,300.6014529273238,36.0,13.188842569249353,218.6862186422285,0
11.733,11.749,1,1,-4.152710224923583,2.1920677510685653,-0.27975451573303833,1,-4.157149569637734,2.1933419648051085,-0.2792953947162747,0.004618593090699414,0.026305696546312422,225.63769149725613,299.26960011620173,-0.2797545157330339,2.5444437451708134e-13,1,11.733,225.63769149725613,299.26960011620173,-0.2797545157330339,0.016000000000000014,232.11086045864803,298.0303851262823,36.0,219.16452253586422,300.5088151061212,36.0,13.181436976895746,219.16452253586422,0
11.753,11.756,1,1,-4.148481562754834,2.1908518497905307,-0.28021542040338127,1,-4.152920089764852,2.1921280428369876,-0.2797545157330339,0.004618353679666195,0.02640789236877297,226.11229648185662,299.1787765006193,-0.2802154204033987,-9.986941699795442e-13,1,11.733,225.63769149725613,299.26960011620173,-0.2797545157330339,0.022999999999999687,232.5820247697587,297.94125364856643,36.0,219.6425681939545,300.4162993526721,36.0,13.174042193439895,219.6425681939545,0
11.773,11.787,1,1,-4.1442534614497974,2.1896339996315723,-0.2806763250737239,1,-4.148691169161298,2.190912171909579,-0.2802154204033987,0.0046181136955443245,0.026407892367503925,226.58664931393196,299.0880769238124,-0.280676325073724,-3.1805546814635168e-15,1,11.773,226.58664931393196,299.0880769238124,-0.28067632507372403,0.014000000000001123,233.05294261581773,297.8522442950531,36.0,220.12035601204616,300.3239095525718,36.0,13.166659614696394,220.12035601204616,0
11.793,11.796000000000001,1,1,-4.140025921906662,2.1884142008503997,-0.28113722974406674,1,-4.144462809563064,2.1896943519118643,-0.28067632507372403,0.0046178738414664215,0.0264078923685058,227.06075041033102,298.9975012454797,-0.28113722974407,-1.876527262063475e-13,1,11.773,226.58664931393196,299.0880769238124,-0.28067632507372403,0.023000000000001464,233.52361440449994,297.7633569292336,36.0,220.59788641616214,300.2316455617258,36.0,13.159289220994777,220.59788641616214,0
11.813,11.829,1,1,-4.135798945023496,2.18719245370614,-0.28159813441440956,1,-4.136007776974773,2.187252865741309,-0.28159813441441567,0.00021739456724404512,-3.4986101496098684e-13,227.53460018723047,298.90704932559737,-0.2815981344144156,-3.466804602795233e-13,1,11.813,227.53460018723047,298.90704932559737,-0.28159813441441567,0.016000000000000014,233.9940405428292,297.67459141486887,36.0,221.0751598316317,300.13950723632587,36.0,13.15193099271052,221.0751598316317,0
11.833,11.841000000000001,1,1,-4.131572558333536,2.1859686665083187,-0.28211343116112775,1,-4.136007776974773,2.187252865741309,-0.28159813441441567,0.004617394510498914,0.029524328783423936,228.00820140547216,298.81672371049694,-0.2821134311611318,-2.321804917468367e-13,1,11.833,228.00820140547216,298.81672371049694,-0.2821134311611318,0.008000000000000895,234.46422524511456,297.5860718559209,36.0,221.55217756582974,300.04737556507297,36.0,13.144542259843448,221.55217756582974,0
11.853,11.862,1,1,-4.1273468178234625,2.1847426499145133,-0.2826423259270103,1,-4.131781108527415,2.1860291135111347,-0.2821134311611318,0.004617133594838888,0.030303437891396327,228.4815528450231,298.72653227226044,-0.28264232592701427,-2.2899993706537323e-13,1,11.853,228.4815528450231,298.72653227226044,-0.28264232592701427,0.009000000000000341,234.9341663640442,297.49771481981827,36.0,222.028939326002,299.9553497247026,36.0,13.13715548469764,222.028939326002,0
11.873,11.875,1,1,-4.123121726338151,2.1835143985202494,-0.28317122069288325,1,-4.1275550804374985,2.184803132984951,-0.28264232592701427,0.0046168674543150415,0.030303437890852453,228.95465436110237,298.6364753033216,-0.2831712206928796,2.0991660897659211e-13,1,11.873,228.95465436110237,298.6364753033216,-0.2831712206928796,0.002000000000000668,235.40386339957342,297.40949019889524,36.0,222.50544532263135,299.863460407748,36.0,13.129781364269666,222.50544532263135,0
11.893,11.9,1,1,-4.118897285059483,2.182283912669108,-0.2837001154587506,1,-4.1233297015228745,2.1835749174089476,-0.2831712206928796,0.0046166014494681265,0.030303437890970134,229.42750638174675,298.5465526531577,-0.2837001154587568,-3.5304156964245036e-13,1,11.893,229.42750638174675,298.5465526531577,-0.28370011545875673,0.006999999999999673,235.8733167702557,297.32139784691213,36.0,222.9816959932378,299.7717074594032,36.0,13.122419878037219,222.9816959932378,0
11.913,11.914000000000001,1,1,-4.1146734951691615,2.181051192705291,-0.2842290102246183,1,-4.119104972965358,2.182344467126877,-0.28370011545875673,0.004616335580058333,0.030303437890426256,229.90010933429772,298.4567641715599,-0.2842290102246236,-3.053332494204976e-13,1,11.913,229.90010933429772,298.4567641715599,-0.2842290102246236,0.0010000000000012221,236.34252689397238,297.23343761793393,36.0,223.4576917746231,299.68009072518583,36.0,13.115071005528025,223.4576917746231,0
11.933,11.939,1,1,-4.11045033581425,2.1798163142874727,-0.28470303018847604,1,-4.114880895946589,2.181111782483113,-0.2842290102246236,0.004616069857810467,0.02715934333368834,230.37246129498652,298.3671076702484,-0.2847030301884731,1.6856939811756638e-13,1,11.913,229.90010933429772,298.4567641715599,-0.2842290102246236,0.0259999999999998,236.81149045932898,297.14548483674093,36.0,223.93343213064406,299.5887305037559,36.0,13.107777679927228,223.93343213064406,0
11.953,11.961,1,1,-4.106227732136659,2.178579537079847,-0.2851475021819147,1,-4.110657473710838,2.1798769338497226,-0.28470303018847304,0.004615825905782576,0.02546636933597376,230.84456364252847,298.27757254144944,-0.28514750218191875,-2.321804917468367e-13,1,11.953,230.84456364252847,298.27757254144944,-0.2851475021819188,0.008000000000000895,237.28020926119373,297.057585597257,36.0,224.4089180238632,299.4975594856419,36.0,13.10051948176795,224.4089180238632,0
11.973,11.985000000000001,1,1,-4.102005678588979,2.1773408831653738,-0.2855919741753527,1,-4.102212317093284,2.177401556053186,-0.2855919741753518,0.00021536172077885429,5.088887490341627e-14,231.31641802326567,298.18815732830564,-0.2855919741753518,5.088887490341627e-14,1,11.973,231.31641802326567,298.18815732830564,-0.2855919741753518,0.012000000000000455,237.74868563443522,296.9698044376792,36.0,224.88415041209615,299.40651021893206,36.0,13.093273141242934,224.88415041209615,0
11.993,11.993,1,1,-4.097784176005301,2.176100352788758,-0.28603644616879154,1,-4.102212317093284,2.177401556053186,-0.2855919741753518,0.00461536167926634,0.025466369335862438,231.7880248431057,298.0988618962906,-0.28603644616878177,5.597776239375789e-13,1,11.993,231.7880248431057,298.0988618962906,-0.2860364461687817,0.0,238.21691997612479,296.88214122706455,36.0,225.3591297100866,299.3155825655167,36.0,13.086038639447553,225.3591297100866,0
12.013,12.015,1,1,-4.0935632252196035,2.1748579461950706,-0.28648091816222876,1,-4.0979905650203765,2.176161052077635,-0.2860364461687817,0.004615129754696322,0.025466369336282272,232.25938450730922,298.0096861111408,-0.2864809181622435,-8.460275452692955e-13,1,11.993,231.7880248431057,298.0988618962906,-0.2860364461687817,0.02200000000000024,238.68491268270802,296.79459583472493,36.0,225.8338563319104,299.2247763875567,36.0,13.078815957522206,225.8338563319104,0
12.033,12.037,1,1,-4.089342827065759,2.1736136636297587,-0.2869253901556673,1,-4.093769364883255,2.174918671710697,-0.28648091816224347,0.0046148979556471445,0.0254663693349528,232.73049742049056,297.9206298388544,-0.2869253901556614,3.403193509165963e-13,1,12.033,232.73049742049056,297.9206298388544,-0.2869253901556614,0.004000000000001336,239.15266415000428,296.70716813022665,36.0,226.30833069097682,299.1340915474821,36.0,13.071605076650513,226.30833069097682,0
12.053,12.058000000000002,1,1,-4.08512298237753,2.172367505338635,-0.2873698621491054,1,-4.089548717515685,2.1736744151979455,-0.2869253901556614,0.004614666281917288,0.025466369336110524,233.20136398661984,297.8316929456912,-0.28736986214909316,7.029025846034372e-13,1,12.053,233.20136398661984,297.8316929456912,-0.28736986214909316,0.005000000000000782,239.62017477320944,296.61985798339015,36.0,226.78255320003024,299.04352790799226,36.0,13.06440597806027,226.78255320003024,0
12.073,12.087000000000002,1,1,-4.080903691988569,2.1711194715678843,-0.2878143341425434,1,-4.085328623751327,2.172428282785318,-0.28736986214909316,0.004614434733306226,0.025466369336466746,233.67198460902407,297.74287529817207,-0.28781433414254376,-1.90833280887811e-14,1,12.073,233.67198460902407,297.74287529817207,-0.28781433414254376,0.014000000000001123,240.0874449468966,296.5326652642893,36.0,227.25652427115153,298.95308533205485,36.0,13.057218643022887,227.25652427115153,0
12.093,12.094000000000001,1,1,-4.076684956732419,2.169869562564064,-0.28825880613598204,1,-4.081109084423727,2.171180274719122,-0.28781433414254376,0.0046142033096102176,0.025466369335779743,234.14235969038896,297.654176763078,-0.2882588061359812,4.770832022195275e-14,1,12.073,233.67198460902407,297.74287529817207,-0.28781433414254376,0.021000000000000796,240.55447506501795,296.44558984325056,36.0,227.73024431575996,298.86276368290544,36.0,13.050043052853356,227.73024431575996,0
12.113,12.116000000000001,1,1,-4.072466777442514,2.168617778574099,-0.28870327812942015,1,-4.076890100366329,2.1699303912460386,-0.2882588061359812,0.00461397201063053,0.02546636933581791,234.61248963276012,297.56559720744997,-0.28870327812942914,-5.152498583970897e-13,1,12.093,234.14235969038896,297.654176763078,-0.2882588061359812,0.023000000000001464,241.02126552090604,296.35863159085307,36.0,228.20371374461416,298.77256282404693,36.0,13.042879188910398,228.20371374461416,0
12.133,12.134,1,1,-4.0682494459255185,2.1673631418126487,-0.289635979132391,1,-4.072671672412461,2.1686786326131164,-0.28870327812942914,0.004613740689281825,0.05343983101733194,235.08239580089673,297.4771666268613,-0.28963597913238565,3.053332494204976e-13,1,12.113,234.61248963276012,297.56559720744997,-0.28870327812942914,0.021000000000000796,241.48785062488753,296.27290729383253,36.0,228.6769409769059,298.68142595988996,36.0,13.0353507115649,228.6769409769059,0
12.153,12.158000000000001,1,1,-4.06403331797829,2.1661044664578584,-0.29059437639945757,1,-4.068453878112624,2.1674240659555943,-0.28963597913238565,0.004613317107644898,0.05491211850009339,235.55205970345497,297.38893813595314,-0.2905943763994577,-6.3611093629270335e-15,1,12.153,235.55205970345497,297.38893813595314,-0.2905943763994577,0.005000000000000782,241.95419973265462,296.18743958498624,36.0,229.14991967425536,298.59043668692,36.0,13.027815737329988,229.14991967425536,0
12.173,12.178,1,1,-4.059818364430807,2.164841863805235,-0.2913742650214508,1,-4.064237276278039,2.1661654622692534,-0.2905943763994577,0.004612883567526646,0.04468432653047998,236.0214731341594,297.3009104908742,-0.29137426502146596,-8.6829142803954e-13,1,12.173,236.0214731341594,297.3009104908742,-0.29137426502146596,0.005000000000000782,242.42030066003696,296.1017725506698,36.0,229.62264560828189,298.50004843107854,36.0,13.020434018198564,229.62264560828189,0
12.193,12.199000000000002,1,1,-4.055604054184366,2.1635771152405905,-0.29173763347000536,1,-4.060021927386647,2.164902914380515,-0.29137426502146596,0.00461252067646958,0.02081947850952443,236.4906259314132,297.21301826595413,-0.29173763347000425,6.361109362927034e-14,1,12.193,236.4906259314132,297.21301826595413,-0.29173763347000425,0.006000000000002004,242.88613854495168,296.0153115609217,36.0,230.0951133178747,298.4107249709865,36.0,13.013390479227072,230.0951133178747,0
12.213,12.226,1,1,-4.051390203785862,2.1623108354121023,-0.29210100191856014,1,-4.055807404799205,2.1636381826788704,-0.29173763347000425,0.004612322143875335,0.02081947851046905,236.95953578413946,297.1252309540803,-0.29210100191855726,1.6538884343610288e-13,1,12.193,236.4906259314132,297.21301826595413,-0.29173763347000425,0.03300000000000125,243.35173858212514,295.9289538989964,36.0,230.5673329861538,298.32150800916423,36.0,13.006357738136556,230.5673329861538,0
12.233,12.233,1,1,-4.0471768137916735,2.1610430244869634,-0.2924643703671134,1,-4.051593342181779,2.1623719195994417,-0.29210100191855726,0.004612123723468396,0.020819478510484955,237.42820306589564,297.03754843908075,-0.29246437036712414,-6.138470535224587e-13,1,12.213,236.95953578413946,297.1252309540803,-0.29210100191855726,0.02000000000000135,243.8171011372252,295.84269945159764,36.0,231.0393049945661,298.23239742656386,36.0,12.999335778220033,231.0393049945661,0
12.253,12.255,1,1,-4.042963884758126,2.159773682632572,-0.29282773881566804,1,-4.047379740090635,2.1611041253094996,-0.29246437036712414,0.004611925415078034,0.020819478509782052,237.89662814966047,296.94997060499423,-0.2928277388156603,4.420971007234288e-13,1,12.253,237.89662814966047,296.94997060499423,-0.2928277388156603,0.002000000000000668,244.28222657535852,295.7565481056341,36.0,231.51102972396242,298.14339310435435,36.0,12.992324582807548,231.51102972396242,0
12.273,12.283000000000001,1,1,-4.038751417241479,2.158502810016526,-0.29319110726422276,1,-4.043166599081982,2.1598347999765286,-0.2928277388156603,0.004611727218542976,0.02081947851084436,238.364811407836,296.8624973360699,-0.29319110726423325,-6.011248347966047e-13,1,12.273,238.364811407836,296.8624973360699,-0.29319110726423325,0.010000000000001563,244.74711526107228,295.67049974821913,36.0,231.9825075545997,298.0544949239207,36.0,12.985324135265461,231.9825075545997,0
12.293,12.296000000000001,1,1,-4.034539411797933,2.15723040680663,-0.29355447571277665,1,-4.038953919711965,2.158563943768205,-0.29319110726423325,0.004611529133696624,0.020819478509753426,238.8327532122488,296.77512851676653,-0.2935544757127782,-8.905553108097847e-14,1,12.293,238.8327532122488,296.77512851676653,-0.2935544757127782,0.00300000000000189,245.2117675583555,295.5845542666695,36.0,232.4537388661421,297.96570276686356,36.0,12.978334418996791,232.4537388661421,0
12.313,12.323,1,1,-4.030327868983626,2.1559564731708853,-0.29391784416133127,1,-4.034741702536665,2.1572915568524165,-0.2935544757127782,0.00461133116037224,0.020819478510306844,239.30045393415105,296.6878640317526,-0.29391784416132705,2.4172215579122726e-13,1,12.313,239.30045393415105,296.6878640317526,-0.29391784416132705,0.009999999999999787,245.67618383064016,295.49871154850615,36.0,232.92472403766195,297.87701651499907,36.0,12.97135541744134,232.92472403766195,0
12.333,12.334000000000001,1,1,-4.026116789354638,2.1546810092774993,-0.2942812126098862,1,-4.030529948112113,2.156017639397249,-0.29391784416132705,0.0046111332984096745,0.020819478510656703,239.76791394422168,296.60070376590556,-0.29428121260988654,-1.90833280887811e-14,1,12.313,239.30045393415105,296.6878640317526,-0.29391784416132705,0.021000000000000796,246.14036444080205,295.412971481453,36.0,233.3954634476413,297.7884360503582,36.0,12.964387114074992,233.3954634476413,0
12.353,12.356000000000002,1,1,-4.0219061734669825,2.1534040152948783,-0.2946445810584406,1,-4.02631865699427,2.1547421915709917,-0.29428121260988654,0.004610935547645307,0.020819478510364094,240.23513361256832,296.51364760431153,-0.29464458105844815,-4.325554366790383e-13,1,12.353,240.23513361256832,296.51364760431153,-0.2946445810584482,0.00300000000000189,246.60430975116296,295.3273339534368,36.0,233.86595747397368,297.6999612551863,36.0,12.957429492410151,233.86595747397368,0
12.373,12.375,1,1,-4.017696021876618,2.152125491391634,-0.29500794950699405,1,-4.0221078297390385,2.1534652135421255,-0.2946445810584482,0.004610737907909621,0.020819478509893373,240.7021133087275,296.42669543226464,-0.295007949506976,1.033680271475643e-12,1,12.353,240.23513361256832,296.51364760431153,-0.2946445810584482,0.02200000000000024,247.06802012349047,295.24179885258656,36.0,234.3362064939645,297.61159201194266,36.0,12.950482535995096,234.3362064939645,0
12.393,12.396,1,1,-4.013486335139437,2.150845437736578,-0.2953713179555487,1,-4.017897466902263,2.1521867054793478,-0.295007949506976,0.004610540379045011,0.02081947851143276,241.16885340166672,296.3398471352667,-0.2953713179555589,-5.820415067078235e-13,1,12.373,240.7021133087275,296.42669543226464,-0.295007949506976,0.023000000000001464,247.53149591900058,295.1563660672334,36.0,234.80621088433287,297.5233282033,36.0,12.943546228414796,234.80621088433287,0
12.413,12.424000000000001,1,1,-4.009277113811272,2.149563854498724,-0.29573468640410344,1,-4.013687569039719,2.150906667551555,-0.2953713179555588,0.00461034296088572,0.020819478509823398,241.63535425978574,296.2531025990271,-0.2957346864041174,-7.983192250473427e-13,1,12.413,241.63535425978574,296.2531025990271,-0.2957346864041174,0.011000000000001009,247.99473749835818,295.0710354859098,36.0,235.27597102121334,297.4351697121444,36.0,12.936620553289684,235.27597102121334,0
12.433,12.435,1,1,-4.005068130690526,2.1482814890721658,-0.2957429799439548,1,-4.00947813670713,2.149625099927839,-0.2957346864041174,0.004610145680774852,0.0004751848299092176,242.10160106969064,296.1664383562506,-0.29574297994394066,8.110414437731968e-13,1,12.433,242.10160106969064,296.1664383562506,-0.29574297994394066,0.002000000000000668,248.4577190447387,294.9849966131348,36.0,235.7454830946426,297.34788009936636,36.0,12.929971431539265,235.7454830946426,0
12.453,12.454,1,1,-4.000859158205276,2.1469990887382853,-0.2957512734835238,1,-4.005269098333147,2.1483427194887863,-0.29574297994394066,0.004610088450897956,0.0004751848153390966,242.56760850947734,296.07981995814623,-0.29575127348350816,8.969164201727117e-13,1,12.453,242.56760850947734,296.07981995814623,-0.2957512734835081,0.0010000000000012221,248.9204638111177,294.89900308939457,36.0,236.214753207837,297.2606368268979,36.0,12.923327584040965,236.214753207837,0
12.473,12.48,1,1,-3.9966501963558096,2.1457166534971686,-0.2957595670230927,1,-4.001060070623822,2.1470603041503025,-0.2957512734835081,0.004610031251233151,0.000475184815421791,243.03337676900424,295.9932473683833,-0.2957595670230808,6.806387018331926e-13,1,12.473,243.03337676900424,295.9932473683833,-0.2957595670230808,0.006999999999999673,249.3829719846171,294.8130548788826,36.0,236.6837815533914,297.17343985788403,36.0,12.916689005222246,236.6837815533914,0
12.493,12.505,1,1,-3.992441245142415,2.1444341833489045,-0.29576786056266174,1,-3.9968510535794155,2.1457778539124686,-0.2957595670230808,0.00460997408175231,0.0004751848152118744,243.49890603792883,295.90672055066955,-0.29576786056266785,-3.4986101496098684e-13,1,12.493,243.49890603792883,295.90672055066955,-0.29576786056266785,0.012000000000000455,249.84524375216168,294.7271519458296,36.0,237.152568323696,297.08628915550946,36.0,12.910055689518652,237.152568323696,0
12.513,12.518,1,1,-3.9882323037025413,2.1431516811252584,-0.2957626985532794,1,-3.992642047200194,2.144495368775367,-0.29576786056266785,0.004609916942434501,-0.00029576135176437426,243.96419594542633,295.8202395678404,-0.29576269855329396,-8.333053265434414e-13,1,12.493,243.49890603792883,295.90672055066955,-0.29576786056266785,0.025000000000000355,250.30727816501815,294.6412645857779,36.0,237.6211137258345,296.999214549903,36.0,12.903437379680083,237.6211137258345,0
12.533,12.536000000000001,1,1,-3.9840232702349807,2.1418694809687713,-0.2956364366022502,1,-3.9884330565153734,2.1432128504140318,-0.2957626985532939,0.004609865128742809,-0.007234276907891695,244.42924195445835,295.73379317519266,-0.2956364366022494,4.4527765540489235e-14,1,12.533,244.42924195445835,295.73379317519266,-0.2956364366022494,0.00300000000000189,250.76906535170534,294.55514367416805,36.0,238.0894185572114,296.9124426762173,36.0,12.896910537728916,238.0894185572114,0
12.553,12.558000000000002,1,1,-3.97981407490788,2.14058781226328,-0.2955101746512209,1,-3.9842240268327873,2.1419306237106253,-0.2956364366022494,0.004609861013426965,-0.007234276907020223,244.89404902884198,295.64737065003317,-0.29551017465121093,5.72499842663433e-13,1,12.553,244.89404902884198,295.64737065003317,-0.295510174651211,0.005000000000000782,251.23061485434064,294.46904661320735,36.0,238.5574832033433,296.82569468685904,36.0,12.890386184539103,238.5574832033433,0
12.573,12.584000000000001,1,1,-3.9756047177883387,2.139306675029217,-0.2953839127001917,1,-3.9800148352737845,2.14064892845416,-0.295510174651211,0.004609856884134943,-0.0072342769064922515,245.35861726028435,295.5609719911235,-0.29538391270017894,7.315275767366089e-13,1,12.573,245.35861726028435,295.5609719911235,-0.29538391270017894,0.011000000000001009,251.69192676463916,294.3829734015412,36.0,239.0253077559295,296.73897058070577,36.0,12.883864320150076,239.0253077559295,0
12.593,12.594000000000001,1,1,-3.971395198943462,2.138026069287006,-0.29525765074916244,1,-3.9758054819054705,2.1393677646650793,-0.29538391270017894,0.004609852740872108,-0.007234276906333223,245.82294674049274,295.47459719721667,-0.2952576507491621,1.90833280887811e-14,1,12.593,245.82294674049274,295.47459719721667,-0.29525765074916205,0.0010000000000012221,252.15300117431528,294.2969240378068,36.0,239.49289230667023,296.65227035662656,36.0,12.877344944599518,239.49289230667023,0
12.613,12.622000000000002,1,1,-3.9671855184403637,2.1367459950570633,-0.2951313887981333,1,-3.971595966794965,2.1380871323638186,-0.29525765074916205,0.004609848583649768,-0.007234276907036126,246.2870375611748,295.3882462670575,-0.29513138879813416,-5.088887490341627e-14,1,12.593,245.82294674049274,295.47459719721667,-0.29525765074916205,0.02900000000000169,252.61383817508266,294.21089852063307,36.0,239.96023694726694,296.5655940134819,36.0,12.870828057923173,239.96023694726694,0
12.633,12.635000000000002,1,1,-3.96297567634615,2.135466452359799,-0.2950051268471054,1,-3.9673862900093892,2.1368070315707994,-0.2951313887981342,0.004609844412485107,-0.007234276907039307,246.7508898140391,295.3019191993818,-0.2950051268470948,6.074859441595317e-13,1,12.613,246.2870375611748,295.3882462670575,-0.2951313887981342,0.022000000000002018,253.07443785865533,294.1248968486402,36.0,240.4273417694229,296.4789415501234,36.0,12.864313660155345,240.4273417694229,0
12.653,12.669,1,1,-3.958765743663407,2.1341872077371224,-0.29500210554434053,1,-3.958966468772646,2.134248201778966,-0.2950021055443358,0.00020978761312182007,2.7034714792439894e-13,247.2145089423678,295.21562305517926,-0.2950021055443358,2.7034714792439894e-13,1,12.653,247.2145089423678,295.21562305517926,-0.2950021055443358,0.016000000000000014,253.5348143458265,294.0391975758801,36.0,240.89420353890904,296.3920485344784,36.0,12.85771944029483,240.89420353890904,0
12.673,12.673,1,1,-3.9545558237572447,2.1329079210680915,-0.29501277764706424,1,-3.958966468772646,2.134248201778966,-0.2950021055443358,0.004609787612875978,0.0006114664448688733,247.67789098601583,295.12937255770635,-0.295012777647065,-4.4527765540489235e-14,1,12.653,247.2145089423678,295.21562305517926,-0.2950021055443358,0.019999999999999574,253.994957234602,293.9535736397881,36.0,241.36082473742968,296.30517147562466,36.0,12.851121209358226,241.36082473742968,0
12.693,12.696000000000002,1,1,-3.9503457400353224,2.131629173739545,-0.29462693860759165,1,-3.9547564927507763,2.1329689003974486,-0.295012777647065,0.004609729605387037,-0.022106948533205557,248.14101852624333,295.0431516927577,-0.2946269386075818,5.629581786190424e-13,1,12.673,247.67789098601583,295.12937255770635,-0.295012777647065,0.023000000000001464,254.45481772877227,293.86710624595037,36.0,241.82721932371442,296.21919713956504,36.0,12.844787777586857,241.82721932371442,0
12.713000000000001,12.716000000000001,1,1,-3.9461349788273408,2.1303526591297284,-0.294071166220806,1,-3.9505465260872925,2.1316901040255347,-0.2946269386075819,0.0046098273369082005,-0.031843412132171414,248.60389863466793,294.9568920935013,-0.29407116622079704,5.120693037156262e-13,1,12.693,248.14101852624333,295.0431516927577,-0.2946269386075819,0.023000000000001464,254.91441431188176,293.7802275894438,36.0,242.29338295745407,296.1335565975588,36.0,12.838558714664286,242.29338295745407,0
12.733,12.735000000000001,1,1,-3.9419235088181406,2.1290784849417452,-0.2935153938340272,1,-3.946335955972483,2.1304135254417056,-0.294071166220797,0.0046099916514455745,-0.031843412131821555,249.06653783668492,294.87058715733764,-0.2935153938340361,-5.088887490341627e-13,1,12.733,249.06653783668492,294.87058715733764,-0.2935153938340361,0.002000000000000668,255.37376552252093,293.69330537643236,36.0,242.7593101508489,296.0478689382429,36.0,12.832320674395225,242.7593101508489,0
12.753,12.755,1,1,-3.937711331308571,2.1278066515691645,-0.29295962144727467,1,-3.9421246768509555,2.129139287026762,-0.2935153938340361,0.004610155760853489,-0.031843412131341294,249.52893580519927,294.7842370147799,-0.2929596214472917,-9.764302872092996e-13,1,12.733,249.06653783668492,294.87058715733764,-0.2935153938340361,0.02200000000000024,255.83287104544863,293.6063397365923,36.0,243.2250005649499,295.96213429296745,36.0,12.82607368000347,243.2250005649499,0
12.773,12.776000000000002,1,1,-3.9334984475997055,2.1265371594048355,-0.2924038490605471,1,-3.93791269002328,2.1278673891745767,-0.29295962144729165,0.004610319665098343,-0.03184341213037441,249.99109221398425,294.6978417962796,-0.29240384906054406,1.7493050748049342e-13,1,12.753,249.52893580519927,294.7842370147799,-0.29295962144729165,0.023000000000001464,256.29173056628946,293.51933079953346,36.0,243.690453861679,295.87635279302566,36.0,12.819817754709467,243.690453861679,0
12.793,12.796000000000001,1,1,-3.9292848589928298,2.1252700088408822,-0.2918480766738181,1,-3.9336999967902537,2.1265978322783137,-0.292403849060544,0.004610483364164113,-0.03184341212930574,250.45300673768236,294.61140163222643,-0.29184807667382323,-2.9261103069464353e-13,1,12.793,250.45300673768236,294.61140163222643,-0.2918480766738232,0.00300000000000189,256.75034377153435,293.4322786947992,36.0,244.15566970383037,295.79052456965366,36.0,12.813552921729517,244.15566970383037,0
12.813,12.815000000000001,1,1,-3.9250705667894508,2.1240052002687064,-0.29129230428708947,1,-3.9294865984528875,2.1253306167304102,-0.2918480766738232,0.004610646858026679,-0.031843412129754195,250.91467905180446,294.52491665294804,-0.29129230428708386,3.212360228278152e-13,1,12.813,250.91467905180446,294.52491665294804,-0.29129230428708386,0.002000000000000668,257.2087103485396,293.3451835518657,36.0,244.62064775506926,295.7046497540303,36.0,12.807279204276172,244.62064775506926,0
12.833,12.834000000000001,1,1,-3.9208555722912903,2.122742734078984,-0.29073653190036197,1,-3.925272496312409,2.124065742922578,-0.29129230428708386,0.004610810146662242,-0.03184341212907674,251.37610883273004,294.4383869887094,-0.29073653190036824,-3.594026790053774e-13,1,12.813,250.91467905180446,294.52491665294804,-0.29129230428708386,0.021000000000000796,257.6668299855275,293.2580455001424,36.0,245.08538767993255,295.6187284772764,36.0,12.800996625557902,245.08538767993255,0
12.853,12.855,1,1,-3.9166398768002884,2.121482610661671,-0.29018075951363304,1,-3.9210576916702675,2.1228032112458046,-0.29073653190036824,0.004610973230048447,-0.03184341212984007,251.83729575770633,294.35181276971264,-0.29018075951363576,-1.5584717939171232e-13,1,12.833,251.37610883273004,294.4383869887094,-0.29073653190036824,0.02200000000000024,258.12470237158476,293.17086466897064,36.0,245.5498891438279,295.53276087045464,36.0,12.794705208778884,245.5498891438279,0
12.873,12.874,1,1,-3.9124234816186014,2.1202248304059976,-0.28962498712690415,1,-3.9168421858281284,2.121543022090359,-0.29018075951363576,0.004611136108163604,-0.03184341212963334,252.2982395048486,294.2651941260966,-0.2896249871268965,4.389165460419653e-13,1,12.873,252.2982395048486,294.2651941260966,-0.2896249871268965,0.0010000000000012221,258.58232719666324,293.0836411876241,36.0,246.01415181303398,295.4467470645692,36.0,12.788404977139141,246.01415181303398,0
12.893,12.896,1,1,-3.908206388048602,2.1189693937004703,-0.28906921474017794,1,-3.908409075751608,2.119029672900909,-0.28906921474017405,0.0002114613131410643,2.2263882770244617e-13,252.75893975313994,294.17853118793676,-0.28906921474017405,2.2263882770244617e-13,1,12.893,252.75893975313994,294.17853118793676,-0.28906921474017405,0.0030000000000001137,259.03970415157966,292.9963751853083,36.0,246.4781753547002,295.3606871905653,36.0,12.782095953834572,246.4781753547002,0
12.913,12.924000000000001,1,1,-3.9039886071021987,2.1177162682269715,-0.28857547265425054,1,-3.908409075751608,2.119029672900909,-0.28906921474017405,0.00461146125625384,-0.028289337691402763,253.219398766918,294.0918243711699,-0.28857547265426126,-6.138470535224587e-13,1,12.913,253.219398766918,294.0918243711699,-0.28857547265426126,0.011000000000001009,259.496844726477,292.9092023716713,36.0,246.941952807359,295.2744463706685,36.0,12.775746172945285,246.941952807359,0
12.933,12.937000000000001,1,1,-3.899770353451847,2.1164647347729,-0.2882678214715337,1,-3.9041914568889218,2.1177764866331388,-0.28857547265426126,0.0046115993477484135,-0.01762711433249815,253.67962312679936,294.00509916383675,-0.28826782147154956,-9.096386388985659e-13,1,12.913,253.219398766918,294.0918243711699,-0.28857547265426126,0.02400000000000091,259.95377615579775,292.82241813984007,36.0,247.405470097801,295.1877801878334,36.0,12.76929608644289,247.405470097801,0
12.953,12.959000000000001,1,1,-3.8955517149653804,2.1152144991287622,-0.2879601702888182,1,-3.899973284362403,2.1165249093339775,-0.28826782147154956,0.004611664649410187,-0.017627114332714425,254.1396059941144,293.9183696496852,-0.2879601702888245,-3.594026790053774e-13,1,12.933,253.67962312679936,294.00509916383675,-0.28826782147154956,0.026000000000001577,260.4104652935915,292.73563027913127,36.0,247.86874669463725,295.1011090202391,36.0,12.76284431817566,247.86874669463725,0
12.973,12.975000000000001,1,1,-3.891332692042092,2.1139655614128907,-0.28765251910610135,1,-3.89575472691063,2.1152746297764353,-0.2879601702888244,0.004611729866221682,-0.017627114332240523,254.5993473104097,293.8316358784046,-0.28765251910611017,-5.057081943526992e-13,1,12.953,254.1396059941144,293.9183696496852,-0.2879601702888244,0.022000000000002018,260.86691208574683,292.6488388385321,36.0,248.33178253507256,295.0144329182771,36.0,12.75639087682375,248.33178253507256,0
12.993,13.004000000000001,1,1,-3.8871132850813073,2.1127179217434953,-0.2873448679233845,1,-3.8915357849328847,2.1140256480789317,-0.2876525191061101,0.0046117949982188025,-0.01762711433238683,255.05884701755045,293.74489789963286,-0.287344867923389,-2.5762492919854486e-13,1,12.973,254.5993473104097,293.8316358784046,-0.2876525191061101,0.031000000000000583,261.323116478466,292.5620438669778,36.0,248.79457755663492,294.927751932288,36.0,12.749935771058205,248.79457755663492,0
13.013,13.015,1,1,-3.882893494482391,2.111471580238666,-0.287037216740669,1,-3.8873164588284816,2.1127779643597586,-0.2873448679233889,0.004611860045429685,-0.017627114332059234,255.51810505771937,293.6581557629563,-0.28703721674068344,-8.269442171805144e-13,1,12.993,255.05884701755045,293.74489789963286,-0.2873448679233889,0.02200000000000024,261.77907841826396,292.475245413352,36.0,249.2571316971748,294.84106611256055,36.0,12.743479009540499,249.2571316971748,0
13.033,13.048,1,1,-3.878673510246615,2.11022589449471,-0.28716457377021076,1,-3.8830967489967736,2.1115315787370887,-0.28703721674068344,0.004611925019088942,0.007297020283238423,255.97714073001413,293.5714270997661,-0.287164573770206,2.7352770260586246e-13,1,13.033,255.97714073001413,293.5714270997661,-0.287164573770206,0.015000000000000568,262.23489414992895,292.3894060336153,36.0,249.71938731009928,294.7534481659169,36.0,12.736820900881053,249.71938731009928,0
13.053,13.057,1,1,-3.8744538822395977,2.108979002630279,-0.28747836289144485,1,-3.8788766569299957,2.1102858892902336,-0.287164573770206,0.004611820541173822,0.01797879230410564,256.4359498764322,293.48478601007196,-0.28747836289145434,-5.438748505302614e-13,1,13.053,256.4359498764322,293.48478601007196,-0.2874783628914543,0.0039999999999995595,262.6905201753423,292.3040580913729,36.0,250.18137957752205,294.6655139287711,36.0,12.730085316603969,250.18137957752205,0
13.073,13.099,1,1,-3.8660158010475123,2.1064812469884506,-0.28810594113391136,1,-3.874656840382254,2.109039010991615,-0.2874783628914543,0.009011643439486157,0.035957584607028116,256.8945257312892,293.3982397109155,-0.28779215201268027,0.01797879230366036,1,13.073,256.8945257312892,293.3982397109155,-0.2877921520126803,0.0259999999999998,263.14591756370186,292.2188035239783,36.0,250.64313389887658,294.57767589785277,36.0,12.72335955027798,250.64313389887658,0
13.093,13.099,1,1,-3.8660158010475123,2.1064812469884506,-0.28810594113391136,1,-3.8704374154129377,2.1077908085976618,-0.2877921520126803,0.00461146670863579,0.017978792303657183,257.3528686357272,293.31178809854595,-0.28810594113392884,-1.0018747246610078e-12,1,13.093,257.3528686357272,293.31178809854595,-0.2881059411339289,0.006000000000000227,263.6010866491227,292.1336422301138,36.0,251.10465062233163,294.48993396697807,36.0,12.716643587082885,251.10465062233163,0
13.113,13.131,1,1,-3.8617973486932877,2.105230383456994,-0.28841973025514556,1,-3.866218382437379,2.1065412822313387,-0.2881059411339289,0.004611289945663023,0.01797879230283342,257.8109789303736,293.2254310693909,-0.2884197302551323,7.601525688697806e-13,1,13.113,257.8109789303736,293.2254310693909,-0.28841973025513223,0.018000000000000682,264.0560277652202,292.0485741086352,36.0,251.56593009552705,294.4022880301465,36.0,12.709937412229493,251.56593009552705,0
13.133,13.148000000000001,1,1,-3.8575792945292404,2.103978177851302,-0.2888209166462508,1,-3.857781461747421,2.1040382476263586,-0.28882091664623727,0.00021090273109230929,7.760553422770981e-13,258.26886049646436,293.1391678823269,-0.2888209166462372,7.792358969585616e-13,1,13.133,258.26886049646436,293.1391678823269,-0.28882091664623727,0.015000000000002345,264.5107604473948,291.96378799318353,36.0,252.02696054553394,294.3145477714703,36.0,12.703201624980666,252.02696054553394,0
13.153,13.157,1,1,-3.8533622861513437,2.1027224557232964,-0.29000867847333095,1,-3.857781461747421,2.1040382476263586,-0.28882091664623727,0.004610902436739273,0.06805373975921535,258.72654830535237,293.05306979922443,-0.29000867847333184,-5.088887490341627e-14,1,13.153,258.72654830535237,293.05306979922443,-0.29000867847333184,0.0039999999999995595,264.9654446599662,291.8808709634181,36.0,252.4876519507385,294.2252686350308,36.0,12.696121901475212,252.4876519507385,0
13.173,13.185,1,1,-3.849146772246537,2.1014617256806662,-0.2911964403004058,1,-3.853563886834044,2.1027826178501976,-0.29000867847333184,0.004610385819288209,0.06805373975808625,259.1840159558343,292.967204949294,-0.2911964403004158,-5.72499842663433e-13,1,13.153,258.72654830535237,293.05306979922443,-0.29000867847333184,0.03200000000000003,265.41991280849743,291.79818437943516,36.0,252.94811910317114,294.1362255191528,36.0,12.689053337393954,252.94811910317114,0
13.193,13.200000000000001,1,1,-3.844932758761977,2.100195989502021,-0.292384202127457,1,-3.845133226827431,2.100256332626146,-0.29238420212746036,0.0002093531415961832,-1.90833280887811e-13,259.6412637480154,292.881573128357,-0.29238420212746036,-1.90833280887811e-13,1,13.193,259.6412637480154,292.881573128357,-0.29238420212746036,0.0070000000000014495,265.8741651874666,291.7157280453657,36.0,253.4083623085641,294.0474182113483,36.0,12.681995917275533,253.4083623085641,0
13.213,13.219000000000001,1,1,-3.8407202597920893,2.098925222012709,-0.2936573126806808,1,-3.845133226827431,2.100256332626146,-0.29238420212746036,0.004609352830953485,0.07294386155309635,260.0982954640696,292.79617386225016,-0.29365731268068435,-2.0355549961366507e-13,1,13.193,259.6412637480154,292.881573128357,-0.29238420212746036,0.026000000000001577,266.3282192980305,291.63368672441334,36.0,253.86837163010878,293.95866100008703,36.0,12.674908650178054,253.86837163010878,0
13.233,13.24,1,1,-3.83650907013997,2.097650121425527,-0.2940209092450041,1,-3.8409201247750326,2.0989856612141806,-0.2936573126806844,0.004608803480360815,0.02083254858097714,260.5550697734078,292.7109956349309,-0.2940209092450001,2.321804917468367e-13,1,13.213,260.0982954640696,292.79617386225016,-0.2936573126806844,0.027000000000001023,266.7818749646597,291.5498900489221,36.0,254.32826458215592,293.8721012209396,36.0,12.668270453643197,254.32826458215592,0
13.253,13.258000000000001,1,1,-3.832297825972381,2.096375200823051,-0.2939201202160965,1,-3.836708726542681,2.0977105767938564,-0.2940209092450001,0.004608608556221509,-0.005774785977397875,261.011592167748,292.6258610443441,-0.2939201202160968,-1.90833280887811e-14,1,13.253,261.011592167748,292.6258610443441,-0.2939201202160968,0.005000000000000782,267.23520658822974,291.46512881418704,36.0,254.78797774726627,293.78659327450123,36.0,12.661860173758624,254.78797774726627,0
13.273,13.275,1,1,-3.828086453328173,2.095100704674266,-0.2938193311871905,1,-3.8324974751613317,2.096435632040351,-0.2939201202160968,0.004608594654048526,-0.005774785977553721,261.46788062397604,292.5407538292569,-0.2938193311871856,2.7988881196878945e-13,1,13.253,261.011592167748,292.6258610443441,-0.2939201202160968,0.02200000000000024,267.68830575406827,291.38039484838475,36.0,255.24745549388376,293.701112810129,36.0,12.655452858522894,255.24745549388376,0
13.293,13.297,1,1,-3.8238749522501276,2.0938266329921102,-0.2937185421582842,1,-3.828286095295698,2.09516111174114,-0.29381933118718556,0.004608580746834582,-0.005774785977270653,261.92393525063375,292.4556739818545,-0.29371854215829585,-6.679164831073385e-13,1,13.273,261.46788062397604,292.5407538292569,-0.29381933118718556,0.02400000000000091,268.141172570191,291.2956881436921,36.0,255.70669793107652,293.6156598200169,36.0,12.64904850689292,255.70669793107652,0
13.313,13.318000000000001,1,1,-3.8196633227810253,2.09255298578953,-0.293617753129378,1,-3.81986295028272,2.0926133445573987,-0.29361775312936417,0.00020855291964287995,7.919581156844157e-13,262.37975615622406,292.3706214943212,-0.29361775312936417,7.919581156844157e-13,1,13.313,262.37975615622406,292.3706214943212,-0.29361775312936417,0.005000000000000782,268.5938071445743,291.2110086922846,36.0,256.16570516787374,293.53023429635783,36.0,12.642647117825359,256.16570516787374,0
13.333,13.336,1,1,-3.8154515649636496,2.0912797630794584,-0.29351696410047035,1,-3.81986295028272,2.0926133445573987,-0.29361775312936417,0.004608552917306789,-0.0057747859768380976,262.83534344921156,292.28559635884113,-0.2935169641004847,-8.237636624990509e-13,1,13.333,262.83534344921156,292.28559635884113,-0.2935169641004847,0.0030000000000001137,269.0462095851565,291.12635648633807,36.0,256.6244773132666,293.4448362313442,36.0,12.636248690276487,256.6244773132666,0
13.353,13.356000000000002,1,1,-3.811239678840785,2.090006964874834,-0.2934161750715628,1,-3.815651185220953,2.09134009769875,-0.2935169641004847,0.004608538995003422,-0.005774785978447457,263.2906972380218,292.20059856759735,-0.2934161750715479,8.555692093136861e-13,1,13.353,263.2906972380218,292.20059856759735,-0.2934161750715479,0.00300000000000189,269.4983799998363,291.04173151802706,36.0,257.08301447620727,293.35946561716764,36.0,12.629853223202362,257.08301447620727,0
13.373,13.378,1,1,-3.807027664455222,2.0887345911885897,-0.29331538604265656,1,-3.811439291846053,2.0900672753461706,-0.2934161750715479,0.004608525067675945,-0.0057747859766949725,263.7458176310414,292.1156281127724,-0.2933153860426466,5.693192879819695e-13,1,13.373,263.7458176310414,292.1156281127724,-0.2933153860426467,0.005000000000000782,269.9503184964738,290.9571337795258,36.0,257.54131676560894,293.274122446019,36.0,12.623460715559162,257.54131676560894,0
13.393,13.395000000000001,1,1,-3.8028155218497424,2.087462642033648,-0.29321459701374897,1,-3.807227270200815,2.088794877512596,-0.2933153860426467,0.004608511135340964,-0.005774785977060736,264.2007047366195,292.03068498654835,-0.29321459701372454,1.3994440598439474e-12,1,13.393,264.2007047366195,292.03068498654835,-0.29321459701372454,0.002000000000000668,270.40202518289124,290.8725632630081,36.0,257.99938429034773,293.1888067100886,36.0,12.617071166302255,257.99938429034773,0
13.413,13.415000000000001,1,1,-3.7986033104039687,2.086190920889266,-0.2933804258231069,1,-3.8030151203280296,2.0875229042109518,-0.29321459701372454,0.004608497192718165,0.009501290899289425,264.6553698500643,291.94577256876846,-0.29338042582309576,6.392914909741669e-13,1,13.413,264.6553698500643,291.94577256876846,-0.29338042582309576,0.002000000000000668,270.85356267678134,290.7885988936994,36.0,258.4571770233472,293.1029462438376,36.0,12.610574171137488,258.4571770233472,0
13.433,13.435,1,1,-3.7943917354827685,2.0849170935947234,-0.29404140204814605,1,-3.7988027863239964,2.0862511821600767,-0.29338042582309576,0.004608379522576566,0.037871148053870984,265.10982997543783,291.86097513227077,-0.2940414020481531,-4.0393044454586663e-13,1,13.433,265.10982997543783,291.86097513227077,-0.2940414020481531,0.002000000000000668,271.3049946529138,290.70581690688437,36.0,258.91466529796185,293.01613335765717,36.0,12.603881292161395,258.91466529796185,0
13.453,13.455,1,1,-3.7901810034510612,2.083640482827752,-0.2947023782731716,1,-3.794590874851161,2.0849773968617056,-0.2940414020481531,0.004608069541532745,0.037871148052048526,265.56406819123845,291.7763254435174,-0.2947023782731776,-3.434999055980598e-13,1,13.453,265.56406819123845,291.7763254435174,-0.2947023782731775,0.002000000000000668,271.756210159451,290.62318054692633,36.0,259.37192622302587,292.9294703401084,36.0,12.597200531393188,259.37192622302587,0
13.473,13.476,1,1,-3.7859711161484695,2.082361089146089,-0.29536335449819684,1,-3.7903798064259653,2.08370082771073,-0.2947023782731775,0.004607759692570006,0.03787114805209624,266.0180848961935,291.69182334710354,-0.2953633544981997,-1.6538884343610288e-13,1,13.473,266.0180848961935,291.69182334710354,-0.2953633544981997,0.0030000000000001137,272.20720958659285,290.5406896632332,36.0,259.8289602057941,292.8429570309738,36.0,12.590531869853963,259.8289602057941,0
13.493,13.5,1,1,-3.7817620754142514,2.0810789131086884,-0.29602433072322215,1,-3.7861695828881174,2.082421475265127,-0.2953633544981997,0.004607449975429592,0.037871148052274345,266.47188048840536,291.6074686879773,-0.29602433072322876,-3.784860070941585e-13,1,13.493,266.47188048840536,291.6074686879773,-0.2960243307232287,0.006999999999999673,272.65799332393607,290.4583441055557,36.0,260.28576765287465,292.75659327039887,36.0,12.58387528861334,260.28576765287465,0
13.513,13.516,1,1,-3.7775538830872906,2.0797939552757194,-0.2966853069482461,1,-3.7819602060769606,2.081139340084083,-0.2960243307232287,0.0046071403898589915,0.03787114805198492,266.9254553653535,291.5232613114386,-0.2966853069482484,-1.335832966214677e-13,1,13.513,266.9254553653535,291.5232613114386,-0.2966853069482484,0.0030000000000001137,273.1085617604755,290.3761437239865,36.0,260.7423489702316,292.6703788988907,36.0,12.577230768788453,260.7423489702316,0
13.533,13.539000000000001,1,1,-3.7733467027342993,2.078505688401036,-0.29773231794006866,1,-3.777751677831462,2.0798544227280047,-0.2966853069482484,0.0046068307860574545,0.059989310935106795,267.37882684440854,291.43921517805376,-0.29773231794007216,-2.0037494493220155e-13,1,13.533,267.37882684440854,291.43921517805376,-0.29773231794007216,0.006000000000002004,273.5590031325289,290.2949351232164,36.0,261.1986505562881,292.5834952328911,36.0,12.57043448670638,261.1986505562881,0
13.553,13.56,1,1,-3.769141095322535,2.0772122960569988,-0.2989871938070564,1,-3.773543994777073,2.078566228117996,-0.29773231794007216,0.0046063712000407675,0.07189909099101766,267.83199406668956,291.3554011316361,-0.29898719380706223,-3.3395824155366924e-13,1,13.533,267.37882684440854,291.43921517805376,-0.29773231794007216,0.027000000000001023,274.00928228861,290.2144043325922,36.0,261.6547058447691,292.49639793067996,36.0,12.563560557756754,261.6547058447691,0
13.573,13.574000000000002,1,1,-3.7649371142684984,2.075913627217461,-0.3002420696740249,1,-3.7693377949280644,2.0772729241619863,-0.29898719380706223,0.004605830918615455,0.07189909098978042,268.28494958555893,291.2718278191561,-0.30024206967399497,1.7143189733088356e-12,1,13.573,268.28494958555893,291.2718278191561,-0.30024206967399497,0.0010000000000012221,274.45935325703744,290.1341115516405,36.0,262.1105459140805,292.4095440866717,36.0,12.55669685924391,262.1105459140805,0
13.593,13.594000000000001,1,1,-3.760734766192252,2.074609683927453,-0.3014969455409919,1,-3.7651332215938633,2.075974342340063,-0.30024206967399497,0.004605290707769689,0.07189909099174283,268.73769365870805,291.1884950410723,-0.3014969455409785,7.665136782327075e-13,1,13.573,268.28494958555893,291.2718278191561,-0.30024206967399497,0.021000000000000796,274.9092162910656,290.0540565892412,36.0,262.5661710263505,292.3229334929034,36.0,12.549843377938135,262.5661710263505,0
13.613,13.618,1,1,-3.7565340577112893,2.0733004682403124,-0.30275182140795887,1,-3.760930281396852,2.0746704846978266,-0.3014969455409785,0.004604750567334015,0.07189909099079501,269.1902265435026,291.1054025984607,-0.30275182140797885,-1.144999685326866e-12,1,13.613,269.1902265435026,291.1054025984607,-0.30275182140797885,0.005000000000000782,275.3588716436244,289.97423925488016,36.0,263.02158144338085,292.23656594204124,36.0,12.543000100632502,263.02158144338085,0
13.633,13.644,1,1,-3.752335079446375,2.071985714101767,-0.3041344100958625,1,-3.75672898095684,2.0733613532891817,-0.30275182140797885,0.004604210427165597,0.0792164966182638,269.6425542938135,291.0225585301815,-0.30413441009586806,-3.180554681463517e-13,1,13.633,269.6425542938135,291.0225585301815,-0.30413441009586806,0.011000000000001009,275.80834559492035,289.8949432933104,36.0,263.4767629927066,292.1501737670527,36.0,12.536107608221817,263.4767629927066,0
13.653,13.656,1,1,-3.7481379229583607,2.07066515576183,-0.3055169987838637,1,-3.7525293556043575,2.0720466919681972,-0.30413441009586806,0.004603620637479828,0.07921649662467897,270.0946728223554,290.93997462770346,-0.30551699878387484,-6.392914909741669e-13,1,13.653,270.0946728223554,290.93997462770346,-0.30551699878387484,0.0030000000000001137,276.2576128570562,289.81590477542164,36.0,263.93173278765454,292.0640444799852,36.0,12.529223903199593,263.93173278765454,0
13.673,13.685,1,1,-3.743942596270327,2.0693387957448177,-0.3068995874718644,1,-3.7441355787176285,2.069399954263963,-0.30689958747185697,0.00020244157041115379,4.2619432731611127e-13,270.546582314738,290.8576506916647,-0.30689958747185697,4.2619432731611127e-13,1,13.673,270.546582314738,290.8576506916647,-0.30689958747185697,0.012000000000000455,276.7066736131575,289.737123510728,36.0,264.3864910163184,291.97817787260135,36.0,12.52234897582429,264.3864910163184,0
13.693,13.707,1,1,-3.73974910313449,2.0680066499980967,-0.30826938117295083,1,-3.7441355787176285,2.069399954263963,-0.30689958747185697,0.004602441180368451,0.07848339787628267,270.99828241659657,290.77558620257173,-0.30826938117294755,1.876527262063475e-13,1,13.673,270.546582314738,290.8576506916647,-0.30689958747185697,0.034000000000000696,277.1555257089042,289.65857134492995,36.0,264.84103912428895,291.8926010602135,36.0,12.515489147909411,264.84103912428895,0
13.713000000000001,13.713000000000001,1,1,-3.735557425852525,2.0666688015047985,-0.30962637988706054,1,-3.7399414445090726,2.0680678954084795,-0.30826938117294755,0.004601856509309749,0.07775029912335407,271.4497731194729,290.69377792014313,-0.3096263798870471,7.69694232914171e-13,1,13.713000000000001,271.4497731194729,290.69377792014313,-0.3096263798870471,0.0,277.60416928975565,289.5802450492202,36.0,265.2953769491902,291.80731079106613,36.0,12.508644638875404,265.2953769491902,0
13.733,13.736,1,1,-3.7313675678880602,2.065325266144352,-0.31098337860116176,1,-3.735749131863635,2.066730131247839,-0.3096263798870471,0.004601276869636209,0.07775029912344948,271.90105509639636,290.6122249538862,-0.31098337860115066,6.361109362927034e-13,1,13.733,271.90105509639636,290.6122249538862,-0.31098337860115066,0.0030000000000001137,278.05260687548247,289.5021713864253,36.0,265.74950331731026,291.7222785213471,36.0,12.501809183219862,265.74950331731026,0
13.753,13.765,1,1,-3.7271795369564895,2.063976046390804,-0.3123403773152631,1,-3.73155863870481,2.0653866786225334,-0.31098337860115066,0.004600697274907201,0.07775029912332226,272.3521285475093,290.53092710728396,-0.31234037731526587,-1.5902773407317584e-13,1,13.753,272.3521285475093,290.53092710728396,-0.31234037731526587,0.012000000000000455,278.50083866328964,289.4243501687782,36.0,266.20341843172895,291.63750404578974,36.0,12.494982770493506,266.20341843172895,0
13.773,13.775,1,1,-3.7229933407698423,2.0626211447286686,-0.31369737602936426,1,-3.727369972751052,2.064037540007255,-0.31234037731526587,0.004600117725031515,0.07775029912251757,272.8029936727383,290.4498841844611,-0.31369737602935627,4.579998741307465e-13,1,13.773,272.8029936727383,290.4498841844611,-0.31369737602935627,0.002000000000000668,278.9488648501589,289.34678120914384,36.0,266.6571224953177,291.55298715977835,36.0,12.488165390256954,266.6571224953177,0
13.793,13.794,1,1,-3.718808987036769,2.061260563652923,-0.31505437474346565,1,-3.7231831417174437,2.0626827178871663,-0.31369737602935627,0.004599538219913586,0.07775029912314732,273.2536506717938,290.3690959901829,-0.3150543747434593,3.625832336868409e-13,1,13.793,273.2536506717938,290.3690959901829,-0.3150543747434593,0.0010000000000012221,279.39668563284835,289.26946432101846,36.0,267.11061571073924,291.46872765934734,36.0,12.481357032080748,267.11061571073924,0
13.813,13.834000000000001,1,1,-3.710445837748972,2.058522373292796,-0.3177683721716681,1,-3.718998153315694,2.061322214757905,-0.3150543747434593,0.008998956260730303,0.15550059824572213,273.7040997441695,290.28856232985504,-0.3164113734575428,0.07775029912406016,1,13.793,273.2536506717938,290.3690959901829,-0.3150543747434593,0.041000000000002146,279.8443012078923,289.1923993185291,36.0,267.56389828044684,291.38472534118097,36.0,12.474557685545687,267.56389828044684,0
13.833,13.837000000000002,1,1,-3.710445837748972,2.058522373292796,-0.3177683721716681,1,-3.7148150152541146,2.0599560331255637,-0.31641137345754283,0.004598379343587875,0.07775029912405697,274.1543410891423,290.2082830095224,-0.317768372171665,1.7811106216195694e-13,1,13.813,273.7040997441695,290.28856232985504,-0.31641137345754283,0.02400000000000091,280.2917117716004,289.1155860164328,36.0,268.0169704066842,291.300980002612,36.0,12.467767340242283,268.0169704066842,0
13.853,13.866000000000001,1,1,-3.7062670575945296,2.0571447690506433,-0.3191253708857696,1,-3.706454320967643,2.0572066444283115,-0.3191253708857652,0.00019722102644348618,2.512638198356178e-13,274.6043749057707,290.1282578358688,-0.31912537088576526,2.480832651541543e-13,1,13.853,274.6043749057707,290.1282578358688,-0.3191253708857652,0.013000000000001677,280.73891752005716,289.03902423011596,36.0,268.4698322914843,291.21749144162163,36.0,12.460985985771355,268.4698322914843,0
13.873,13.877,1,1,-3.702090150694197,2.055761495479326,-0.3204823695998624,1,-3.706454320967643,2.0572066444283115,-0.3191253708857652,0.004597220645170947,0.07775029912245078,275.05420139289544,290.048486616216,-0.32048236959985527,4.1029155390879367e-13,1,13.873,275.05420139289544,290.048486616216,-0.3204823695998553,0.004000000000001336,281.18591864912173,288.96271377559356,36.0,268.92248413666914,291.1342594568384,36.0,12.454213611743873,268.92248413666914,0
13.893,13.908000000000001,1,1,-3.6979151247395188,2.0543725551260676,-0.3218393683139331,1,-3.7022767801422773,2.0558234424278674,-0.3204823695998553,0.004596641362444628,0.07775029912133759,275.5038207491382,289.968969158523,-0.3218393683139471,-8.014997797288062e-13,1,13.893,275.5038207491382,289.968969158523,-0.3218393683139471,0.015000000000000568,281.63271535442703,288.88665446950876,36.0,269.3749261438493,291.0512838475372,36.0,12.447450207780719,269.3749261438493,0
13.913,13.914000000000001,1,1,-3.693741987418577,2.052977950548525,-0.32319636702800536,1,-3.698101120456096,2.054434572053266,-0.3218393683139471,0.004596062123912806,0.07775029912021802,275.95323317290126,289.8897052713857,-0.3231963670280176,-6.997220299219737e-13,1,13.913,275.95323317290126,289.8897052713857,-0.3231963670280175,0.0010000000000012221,282.07930783137954,288.810846129132,36.0,269.82715851442305,290.9685644136394,36.0,12.440695763513183,269.82715851442305,0
13.933,13.936000000000002,1,1,-3.689570825420472,2.0515774492723393,-0.3247036475913492,1,-3.6939273496002265,2.0530400358628533,-0.3231963670280175,0.004595482832470952,0.08636081482100526,276.40244516323276,289.8107015998492,-0.32470364759134485,2.480832651541543e-13,1,13.913,275.95323317290126,289.8897052713857,-0.3231963670280175,0.023000000000001464,282.52571390686836,288.7356208762579,36.0,270.27917641959715,290.88578232344054,36.0,12.43386000709714,270.27917641959715,0
13.953,13.967,1,1,-3.6854018407912967,2.0501704797464706,-0.32626102210466734,1,-3.6897554890158366,2.051639610323833,-0.3247036475913448,0.004594844667274449,0.08923098673462279,276.8514536408711,289.7319812568553,-0.3262610221046841,-9.60527513801982e-13,1,13.953,276.8514536408711,289.7319812568553,-0.3262610221046841,0.014000000000001123,282.9719213530529,288.6607848609319,36.0,270.73098592868934,290.8031776527787,36.0,12.427000721734732,270.73098592868934,0
13.973,13.976,1,1,-3.6812350523954747,2.048757019259061,-0.32781839661798584,1,-3.6855857842442297,2.0502327174818227,-0.3262610221046841,0.00459418685562882,0.08923098673343008,277.30025671290184,289.65354575492483,-0.3278183966179905,-2.671665932429354e-13,1,13.953,276.8514536408711,289.7319812568553,-0.3262610221046841,0.023000000000001464,283.417924272854,288.58623111650326,36.0,271.18258915294973,290.7208603933464,36.0,12.420147649924253,271.18258915294973,0
13.993,13.996,1,1,-3.6770704703391983,2.0473370712383394,-0.32937577113128585,1,-3.681418275903699,2.0488193315821257,-0.3278183966179905,0.0045935290304365455,0.08923098673306432,277.7488544436926,289.5753949058685,-0.3293757711312911,-2.9897214005757057e-13,1,13.993,277.7488544436926,289.5753949058685,-0.3293757711312911,0.0030000000000001137,283.8637227310661,288.51195946399093,36.0,271.63398615631905,290.6388303477461,36.0,12.413300787617736,271.63398615631905,0
14.013,14.017000000000001,1,1,-3.672908104723307,2.0459106391282686,-0.3309331456445736,1,-3.6772529741053495,2.047399456053798,-0.3293757711312911,0.004592871191831131,0.08923098673232961,278.19724689764166,289.49752852217216,-0.3309331456445769,-1.876527262063475e-13,1,14.013,278.19724689764166,289.49752852217216,-0.3309331456445769,0.004000000000001336,284.30931679248476,288.43796972508477,36.0,272.08517700279856,290.55708731925955,36.0,12.406460130743605,272.08517700279856,0
14.033,14.036000000000001,1,1,-3.6687476722749937,2.0444785777766965,-0.33208119526826146,1,-3.673089888954928,2.0459730943416377,-0.3309331456445769,0.0045922135684638,0.06577839810870931,278.64541711718095,289.4199195400221,-0.33208119526825663,2.76708257287326e-13,1,14.013,278.19724689764166,289.49752852217216,-0.3309331456445769,0.023000000000001464,284.75467166992064,288.3633471683547,36.0,272.5361625644413,290.47649191168944,36.0,12.399892961915599,272.5361625644413,0
14.053,14.059000000000001,1,1,-3.664588886645581,2.0430417409870114,-0.3332292448916164,1,-3.668928915047204,2.044541079690643,-0.33208119526825663,0.004591716789513589,0.06577839809009987,279.0933809842779,289.34252952473526,-0.3332292448916183,-1.0813885916975958e-13,1,14.053,279.0933809842779,289.34252952473526,-0.3332292448916183,0.006000000000000227,285.1998242423038,288.28894112178864,36.0,272.98693772625205,290.3961179276818,36.0,12.393336562252028,272.98693772625205,0
14.073,14.084000000000001,1,1,-3.6604317533164186,2.041600130652988,-0.33437729451496984,1,-3.6647695881726117,2.043104288468944,-0.3332292448916183,0.004591220096543558,0.06577839808962598,279.54113879559856,289.2653582963668,-0.33437729451498077,-6.265692722483128e-13,1,14.053,279.0933809842779,289.34252952473526,-0.3332292448916183,0.031000000000000583,285.6447748006706,288.2147514130444,36.0,273.43750279052654,290.31596517968916,36.0,12.386790917052874,273.43750279052654,0
14.093,14.102,1,1,-3.656276277766681,2.040153748674694,-0.33552534413832463,1,-3.660611913814138,2.0416627225708868,-0.33437729451498077,0.004590723489320733,0.06577839808918706,279.9886908473959,289.188405675529,-0.3355253441383353,-6.106664988409952e-13,1,14.093,279.9886908473959,289.188405675529,-0.33552534413833535,0.009000000000000341,286.089523635653,288.1407778703249,36.0,273.8878580591388,290.23603348073317,36.0,12.380256011651726,273.8878580591388,0
14.113,14.125,1,1,-3.652122454586289,2.038702628073571,-0.33657350048523027,1,-3.6564558974525907,2.0402163838971163,-0.33552534413833535,0.004590226984454982,0.06005493494692939,280.43603342841044,289.1116716622096,-0.33657350048524914,-1.0813885916975958e-12,1,14.113,280.43603342841044,289.1116716622096,-0.33657350048524914,0.012000000000000455,286.53406427712866,288.0668037749299,36.0,274.3380025796922,290.1565395494892,36.0,12.3737995997652,274.3380025796922,0
14.133,14.136000000000001,1,1,-3.647969681000212,2.0372485059446475,-0.33705559492864473,1,-3.652301577093145,2.038765300580017,-0.33657350048524914,0.004589770116885229,0.02762197693327567,280.8831473759693,289.03509598071474,-0.33705559492864634,-9.223608576244199e-14,1,14.133,280.8831473759693,289.03509598071474,-0.33705559492864634,0.00300000000000189,286.97836514775184,287.9917579725947,36.0,274.78792960418684,290.0784339888348,36.0,12.367737688783848,274.78792960418684,0
14.153,14.154000000000002,1,1,-3.64381760892089,2.035792381955711,-0.3375376893720592,1,-3.648148552509816,2.0373111874365724,-0.33705559492864634,0.004589536192160871,0.02762197693426482,281.3300551716642,288.9586324493033,-0.3375376893720498,5.375137411673344e-13,1,14.153,281.3300551716642,288.9586324493033,-0.3375376893720498,0.0010000000000012221,287.42246464902985,287.9168227733334,36.0,275.2376456942985,290.0004421252732,36.0,12.361686072836413,275.2376456942985,0
14.173,14.179,1,1,-3.6396662393133274,2.0343342564451863,-0.3380197838154724,1,-3.643996229568458,2.035855072241557,-0.3375376893720498,0.0045893023757447434,0.02762197693482142,281.7767571660347,288.8822809546118,-0.33801978381546877,2.067360542951286e-13,1,14.173,281.7767571660347,288.8822809546118,-0.33801978381546877,0.006000000000000227,287.8663631244725,287.84199806687565,36.0,275.68715120759686,289.92256384234804,36.0,12.355644736808884,275.68715120759686,0
14.193,14.214,1,1,-3.6355155731423645,2.032874129751965,-0.3385018782588853,1,-3.6356936924712544,2.0329368370514693,-0.33850187825888994,0.0001888351152072516,-2.671665932429354e-13,282.22325370910556,288.8060413835036,-0.33850187825888994,-2.671665932429354e-13,1,14.193,282.22325370910556,288.8060413835036,-0.33850187825888994,0.021000000000000796,288.31006091709116,287.7672837431717,36.0,276.13644650111996,289.8447990238356,36.0,12.34961366562266,276.13644650111996,0
14.213,14.216000000000001,1,1,-3.631365698499547,2.0314117551255086,-0.33924862014383333,1,-3.6315434524291126,2.03147448301238,-0.33924862014384366,0.00018849734021313596,-5.915831707522141e-13,282.66955582302,288.72991948142857,-0.33924862014384366,-5.915831707522141e-13,1,14.213,282.66955582302,288.72991948142857,-0.33924862014384366,0.00300000000000189,288.75357630777904,287.6932590440882,36.0,276.58553533826097,289.7665799187689,36.0,12.343414458133417,276.58553533826097,0
14.233,14.238000000000001,1,1,-3.627217260909556,2.0299453091796384,-0.34031882001394015,1,-3.6315434524291126,2.03147448301238,-0.33924862014384366,0.0045884971041316195,0.061317935791977765,283.1156670725008,288.65398419960144,-0.34031882001392816,6.869998111961196e-13,1,14.213,282.66955582302,288.72991948142857,-0.33924862014384366,0.02500000000000213,289.19691418261857,287.62011977668163,36.0,277.034419962383,289.68784862252124,36.0,12.337008074779728,277.034419962383,0
14.253,14.255,1,1,-3.623070395085186,2.028474424417027,-0.34138901988404835,1,-3.627394509149733,2.030008072007346,-0.34031882001392816,0.0045880319718264355,0.06131793579333586,283.5615750582259,288.57825391951576,-0.34138901988404585,1.4312496066585825e-13,1,14.233,283.1156670725008,288.65398419960144,-0.34031882001392816,0.02200000000000024,289.6400531469986,287.54718316860374,36.0,277.4830969694533,289.6093246704278,36.0,12.330612761590624,277.4830969694533,0
14.273,14.276000000000002,1,1,-3.6189251057759586,2.0269991025223186,-0.34245921975414273,1,-3.6232471378551354,2.028537221207146,-0.34138901988404585,0.004587566934884806,0.061317935792000025,284.00728009928844,288.5027284695906,-0.3424592197541607,-1.0304997167941794e-12,1,14.253,283.5615750582259,288.57825391951576,-0.34138901988404585,0.023000000000001464,290.08299351381777,287.47444905532353,36.0,277.93156668475916,289.5310078838577,36.0,12.324228503122907,277.93156668475916,0
14.293,14.297,1,1,-3.614781397729588,2.0255193451852413,-0.3435294196242216,1,-3.619101343296085,2.0270619322969394,-0.3424592197541607,0.0045871019930532105,0.06131793578993903,284.4527825143273,288.4274076787617,-0.3435294196242213,1.90833280887811e-14,1,14.293,284.4527825143273,288.4274076787617,-0.34352941962422134,0.004000000000001336,290.52573559553264,287.4019172728156,36.0,278.37982943312187,289.45289808470784,36.0,12.317855283970424,278.37982943312187,0
14.313,14.324000000000002,1,1,-3.610639275691977,2.024035154100601,-0.34459961949430085,1,-3.614957130221538,2.025582206966977,-0.34352941962422134,0.004586637146080982,0.061317935791004516,284.8980826215283,288.3522913764807,-0.34459961949428625,8.364858812249049e-13,1,14.293,284.4527825143273,288.4274076787617,-0.34352941962422134,0.03100000000000236,290.96827970415933,287.32958765755956,36.0,278.8278855388973,289.37499509540186,36.0,12.311493088765017,278.8278855388973,0
14.333,14.337000000000002,1,1,-3.6064987444072125,2.022546530968283,-0.3456698193643784,1,-3.610814503378639,2.024098046912594,-0.34459961949428625,0.00458617239371811,0.06131793579172968,285.3431807386255,288.27737939271464,-0.34566981936439173,-7.63333123551244e-13,1,14.313,284.8980826215283,288.3522913764807,-0.34459961949428625,0.02400000000000091,291.41062615127373,287.25746004653934,36.0,279.27573532597734,289.29729873888994,36.0,12.305141902175416,279.27573532597734,0
14.353,14.358,1,1,-3.602359808617559,2.0210534774932483,-0.3467400192344573,1,-3.606673467512717,2.022609453834192,-0.3456698193643917,0.004585707735710032,0.061317935790209374,285.78807718290136,288.20267155794465,-0.3467400192344552,1.2086107789561363e-13,1,14.353,285.78807718290136,288.20267155794465,-0.3467400192344552,0.005000000000000782,291.8527752480129,287.18553427724186,36.0,279.72337911778976,289.2198088386475,36.0,12.298801708908648,279.72337911778976,0
14.373,14.376000000000001,1,1,-3.598222473063454,2.0195559953855318,-0.34781021910453513,1,-3.602534027367273,2.021116429437264,-0.3467400192344552,0.004585243171804982,0.06131793579102996,286.23277227118786,288.1281677031657,-0.3478102191045405,-3.0851380410196113e-13,1,14.373,286.23277227118786,288.1281677031657,-0.3478102191045405,0.00300000000000189,292.29472730507536,287.11381018765695,36.0,280.1708172373003,289.14252521867445,36.0,12.292472493708242,280.1708172373003,0
14.393,14.396,1,1,-3.594086742483503,2.0180540863602427,-0.34888041897461297,1,-3.598396187683986,2.0196189754323672,-0.3478102191045405,0.004584778701749851,0.06131793579060058,286.6772663198676,288.05386765988544,-0.3488804189746056,4.2301377263464775e-13,1,14.393,286.6772663198676,288.05386765988544,-0.3488804189746056,0.0030000000000001137,292.7364826327224,287.0422876162763,36.0,280.61805000701276,289.0654477034945,36.0,12.286154241355467,280.61805000701276,0
14.413,14.416,1,1,-3.589952511127054,2.016548055133714,-0.3496840798068898,1,-3.5942599532027026,2.018117093535135,-0.3488804189746056,0.0045843144242300625,0.04604637384985721,287.12154904883994,287.9797631486199,-0.3496840798068857,2.353610464283002e-13,1,14.413,287.12154904883994,287.9797631486199,-0.3496840798068857,0.0030000000000001137,293.17803310204454,286.97038042210954,36.0,281.0650649956353,288.98914587513025,36.0,12.280041135973352,281.0650649956353,0
14.433,14.436000000000002,1,1,-3.5858192363558077,2.015039400398482,-0.3502696632438818,1,-3.5901253339134787,2.016611078509267,-0.3496840798068857,0.00458395552553681,0.03355145949264186,287.56562294158437,287.90579575764997,-0.3502696632438793,1.4312496066585825e-13,1,14.413,287.12154904883994,287.9797631486199,-0.3496840798068857,0.023000000000001464,293.61938126622914,286.8981357370131,36.0,281.51186461693965,288.91345577828685,36.0,12.274097697247726,281.51186461693965,0
14.453,14.454,1,1,-3.581686845736402,2.013528325544808,-0.35085524668087636,1,-3.5859917660772034,2.0151024313923744,-0.3502696632438793,0.004583682838066669,0.033551459492695924,288.0094970903433,287.8319546566058,-0.3508552466808853,-5.120693037156262e-13,1,14.433,287.56562294158437,287.90579575764997,-0.3502696632438793,0.021000000000000796,294.0605345813391,286.8260156726133,36.0,281.9584595993475,288.8378936405982,36.0,12.268164973940037,281.9584595993475,0
14.473,14.477,1,1,-3.5775553406858673,2.012014831090849,-0.35144083011787125,1,-3.5818590825477834,2.0135913638737324,-0.35085524668088536,0.004583410261968059,0.03355145949205664,288.4531718539022,287.7582397231769,-0.3514408301178818,-6.043053894780682e-13,1,14.473,288.4531718539022,287.7582397231769,-0.3514408301178818,0.0039999999999995595,294.5014933990171,286.75402011027177,36.0,282.4048503087872,288.7624593360821,36.0,12.262242950462994,282.4048503087872,0
14.493,14.496,1,1,-3.5734247226209295,2.0104989175555956,-0.3520264135548645,1,-3.5777272847422625,2.0120778764716727,-0.3514408301178818,0.004583137797032656,0.033551459491875345,288.8966475905229,287.6846508353219,-0.35202641355484865,9.096386388985659e-13,1,14.473,288.4531718539022,287.7582397231769,-0.3514408301178818,0.022999999999999687,294.9422580703999,286.6821489316117,36.0,282.8510371106459,288.6871527390321,36.0,12.256331611267866,282.8510371106459,0
14.513,14.516000000000002,1,1,-3.56929499328029,2.008980584583071,-0.35262048072813246,1,-3.5735963740773733,2.0105619697053583,-0.3520264135548487,0.0045828654427668425,0.034037541776425935,289.3399249957603,287.61118779310596,-0.35262048072813396,-8.587497639951495e-14,1,14.493,288.8966475905229,287.6846508353219,-0.3520264135548487,0.023000000000001464,295.38282918947414,286.61042031821046,36.0,283.2970208020465,288.6119552680015,36.0,12.250424749079146,283.2970208020465,0
14.533,14.543000000000001,1,1,-3.565166295410698,2.007459449158679,-0.35337573889339335,1,-3.569466348610161,2.009043643514763,-0.35262048072813396,0.004582589800108501,0.04327310531215758,289.78301043429235,287.53786321983245,-0.35337573889338025,7.5061090482539e-13,1,14.513,289.3399249957603,287.61118779310596,-0.35262048072813396,0.030000000000001137,295.82321147255294,286.53917755973237,36.0,283.7428093960318,288.5365488799325,36.0,12.244411236199722,283.7428093960318,0
14.553,14.566,1,1,-3.5610387475684817,2.0059351959356446,-0.3541309970586556,1,-3.565337284833728,2.007522520107144,-0.3533757388933803,0.0045822506092681,0.04327310531306721,290.22589778372975,287.46469127006407,-0.35413099705865453,6.043053894780682e-14,1,14.553,290.22589778372975,287.46469127006407,-0.35413099705865453,0.0129999999999999,296.26340063817963,286.4680855104917,36.0,284.18839492927987,288.46129702963646,36.0,12.238409007302108,284.18839492927987,0
14.573,14.582,1,1,-3.556912352108056,2.004407825783424,-0.35488625522391637,1,-3.5570826102766917,2.004470919333916,-0.3548862552239177,0.00018157268544814363,-7.63333123551244e-14,290.66858740849017,287.3916718035522,-0.35488625522391776,-7.951386703658792e-14,1,14.573,290.66858740849017,287.3916718035522,-0.3548862552239177,0.009000000000000341,296.7033970435136,286.3971440350562,36.0,284.63377777346676,288.3861995720482,36.0,12.23241804604159,284.63377777346676,0
14.593,14.607000000000001,1,1,-3.5527871113831786,2.0028773395732524,-0.35564151338917876,1,-3.5570826102766917,2.004470919333916,-0.3548862552239177,0.004581572568209429,0.043273105312252994,291.1110796724593,287.31880468040106,-0.35564151338915895,1.1354580212824754e-12,1,14.593,291.1110796724593,287.31880468040106,-0.3556415133891589,0.014000000000001123,297.1432010452005,286.3263529983376,36.0,285.0789582997181,288.31125636246446,36.0,12.22643833611597,285.0789582997181,0
14.613,14.620000000000001,1,1,-3.548663061254734,2.0013436481911095,-0.3566877506822131,1,-3.5529570042047522,2.002940443709556,-0.3556415133891589,0.004581233675085915,0.05994498126119739,291.55338648989573,287.2460894283365,-0.3566877506822038,5.311526318044073e-13,1,14.593,291.1110796724593,287.31880468040106,-0.3556415133891589,0.027000000000001023,297.58281870669083,286.2563419881525,36.0,285.5239542731006,288.2358368685205,36.0,12.220254146666095,285.5239542731006,0
14.633,14.635000000000002,1,1,-3.5445420791453826,1.9998017355043225,-0.3593828697098338,1,-3.5488324627064993,2.0014067715799935,-0.3566877506822038,0.00458077852615757,0.1544189455686,291.9955601922617,287.17370159318256,-0.3593828697098161,1.0145969433868618e-12,1,14.613,291.55338648989573,287.2460894283365,-0.3566877506822038,0.022000000000002018,298.0222616548178,286.1902274192761,36.0,285.96885872970563,288.15717576708903,36.0,12.21283783066271,285.96885872970563,0
14.653,14.653,1,1,-3.5404252676359342,1.9982487218936529,-0.36207798873742975,1,-3.540592256811391,1.998311973570682,-0.3620779887374286,0.0001785669604566577,6.679164831073386e-14,292.4375330282769,287.1017739789976,-0.3620779887374286,6.679164831073386e-14,1,14.653,292.4375330282769,287.1017739789976,-0.3620779887374286,0.0,298.4614853496762,286.12457223256524,36.0,286.41358070687755,288.0789757254299,36.0,12.205396318632621,286.12457223256524,0
14.673,14.677000000000001,1,1,-3.5363114445149586,1.9966878062187194,-0.3631414035789005,1,-3.540592256811391,1.998311973570682,-0.3620779887374286,0.004578566752212748,0.06092918228791523,292.87924143471633,287.03020421177195,-0.36314140357889446,3.466804602795233e-13,1,14.673,292.87924143471633,287.03020421177195,-0.3631414035788945,0.004000000000001336,298.90051569482,286.05573432650016,36.0,286.85796717461267,288.00467409704373,36.0,12.19923526663677,286.05573432650016,0
14.693,14.699000000000002,1,1,-3.5321991525655276,1.9951228610506822,-0.3641189392512076,1,-3.5364779359773095,1.9967510719062282,-0.3631414035788945,0.004578106385292729,0.056008668347022235,293.32075044172825,286.958822533151,-0.3641189392512263,-1.0718469276532052e-12,1,14.693,293.32075044172825,286.958822533151,-0.3641189392512263,0.006000000000002004,299.33935532259636,285.9868961241069,36.0,287.30214556086014,287.9307489421951,36.0,12.193153104362597,285.9868961241069,0
14.713000000000001,14.719000000000001,1,1,-3.5280883923703854,1.9935538967189215,-0.36509647492348984,1,-3.5323651838064882,1.9951861376630948,-0.3641189392512263,0.004577680142578594,0.05600866834418518,293.7620638197676,286.8876273380862,-0.36509647492348285,4.007498898644031e-13,1,14.713000000000001,293.7620638197676,286.8876273380862,-0.36509647492348285,0.006000000000000227,299.7780038622958,285.9182422960233,36.0,287.7461237772394,287.85701238014906,36.0,12.18708200597164,285.9182422960233,0
14.733,14.735000000000001,1,1,-3.523979167857674,1.9919809147227023,-0.3660740105957691,1,-3.528253963621009,1.993617183452595,-0.36509647492348285,0.00457725399935931,0.056008668345486026,294.20318190168337,286.81661847207226,-0.3660740105957692,-6.3611093629270335e-15,1,14.713000000000001,293.7620638197676,286.8876273380862,-0.36509647492348285,0.02200000000000024,300.21646164029505,285.84977269396614,36.0,288.18990216307174,287.7834642501783,36.0,12.181021956049346,285.84977269396614,0
14.753,14.759,1,1,-3.519871482954069,1.9904039165651286,-0.3670515462680471,1,-3.5241442793498687,1.9920442107744545,-0.36607401059576916,0.004576827955375623,0.05600866834500894,294.64410501985026,286.7457957810601,-0.3670515462680413,3.3077768687220577e-13,1,14.753,294.64410501985026,286.7457957810601,-0.36705154626804126,0.006000000000000227,300.6547289825111,285.781487170098,36.0,288.6334810571895,287.71010439202223,36.0,12.174972939220483,285.781487170098,0
14.773,14.785,1,1,-3.5157653415847743,1.988822903753141,-0.3680290819403251,1,-3.5200361349205886,1.9904672211322383,-0.36705154626804126,0.004576402010361146,0.05600866834534608,295.08483350616973,286.675159111456,-0.3680290819403286,-2.0037494493220155e-13,1,14.773,295.08483350616973,286.675159111456,-0.36802908194032863,0.012000000000000455,301.0928062144027,285.7133855770267,36.0,289.07686079793683,287.63693264588534,36.0,12.168934940149914,285.7133855770267,0
14.793,14.794,1,1,-3.5116607476735204,1.9872378777975173,-0.3690066176126015,1,-3.515929534259226,1.9888862160333456,-0.36802908194032863,0.004575976164054385,0.05600866834471951,295.52536769207103,286.60470831012094,-0.36900661761260656,-2.8943047601318e-13,1,14.793,295.52536769207103,286.60470831012094,-0.3690066176126065,0.0010000000000012221,301.5306936609711,285.6454677678048,36.0,289.52004172317095,287.5639488524371,36.0,12.1629079435419,285.6454677678048,0
14.813,14.82,1,1,-3.5075578029567542,1.9856485880753607,-0.3704758729623776,1,-3.511824481290357,1.9873011969890129,-0.3690066176126065,0.004575550264604179,0.0841821305689018,295.96572722119754,286.534446778344,-0.3704758729623814,-2.1627771833951915e-13,1,14.793,295.52536769207103,286.60470831012094,-0.3690066176126065,0.027000000000001023,301.9683750473778,285.57880377215145,36.0,289.96307939501736,287.4900897845365,36.0,12.15648542637726,285.57880377215145,0
14.833,14.835,1,1,-3.503458671504842,1.9840494922836716,-0.37342028735105565,1,-3.5077208645934235,1.9857119229638944,-0.3704758729623814,0.00457492794379286,0.1687025176086278,296.4059440467533,286.46457718348074,-0.3734202873510685,-7.378886860995359e-13,1,14.813,295.96572722119754,286.534446778344,-0.3704758729623814,0.02200000000000024,302.4057923699817,285.5157306929124,36.0,290.40609572352486,287.4134236740491,36.0,12.148825385922857,285.5157306929124,0
14.853,14.861,1,1,-3.4993642662156383,1.9824383338995302,-0.37636470173973097,1,-3.5036204220693827,1.9841128666776309,-0.3734202873510685,0.004573720878704374,0.16870251760795035,296.8459547631281,286.3952062432596,-0.3763647017397119,1.0909302557419863e-12,1,14.833,296.4059440467533,286.46457718348074,-0.3734202873510685,0.02800000000000047,302.84297911443116,285.4531560905216,36.0,290.848930411825,287.3372563959977,36.0,12.141130023254995,285.4531560905216,0
14.873,14.873000000000001,1,1,-3.4952746225858755,1.9808151268909868,-0.3793091161283993,1,-3.4995247062061434,1.982501740357401,-0.3763647017397119,0.0045725130688013624,0.1687025176093784,297.2857575748688,286.32633394501056,-0.3793091161284077,-4.80263756900991e-13,1,14.873,297.2857575748688,286.32633394501056,-0.3793091161284076,1.7763568394002505e-15,303.2799335282187,285.3910799484538,36.0,291.2915816215189,287.26158794156737,36.0,12.133399424364725,285.3910799484538,0
14.893,14.897,1,1,-3.4911897760710056,1.9791798853305487,-0.38225353051704686,1,-3.495433752539045,1.980878557974652,-0.3793091161284076,0.004571304519838747,0.1687025176066209,297.72535068966147,286.25796027578065,-0.3822535305170523,-3.1169435878342465e-13,1,14.893,297.72535068966147,286.25796027578065,-0.3822535305170523,0.0039999999999995595,303.71665386160714,285.32950225001406,36.0,291.73404751771574,287.18641830154723,36.0,12.12563367478616,285.32950225001406,0
14.913,14.925,1,1,-3.4871099026104684,1.977532276892226,-0.38604774940139236,1,-3.4913475965621124,1.9792433336054829,-0.3822535305170523,0.004570094649324124,0.21739272862152137,298.1647656181159,286.1900883860915,-0.38604774940138836,2.2899993706537323e-13,1,14.913,298.1647656181159,286.1900883860915,-0.3860477494013884,0.012000000000000455,304.15304362046766,285.2702779230922,36.0,292.1764876157641,287.1098988490908,36.0,12.117016913629094,285.2702779230922,0
14.933,14.933000000000002,1,1,-3.483039717035613,1.975860898448687,-0.3932411862859165,1,-3.4872660459175275,1.9775957401429514,-0.3860477494013884,0.004568537131540487,0.4121535736771935,298.6040693907719,286.1231362556202,-0.3932411862859094,4.0393044454586663e-13,1,14.913,298.1647656181159,286.1900883860915,-0.3860477494013884,0.02000000000000135,304.58865364726984,285.21939709994786,36.0,292.61948513427393,287.0268754112925,36.0,12.104873924930981,285.21939709994786,0
14.953,14.954,1,1,-3.4789816596189214,1.9741602848776116,-0.40043462317040446,1,-3.48319271091793,1.9759243677802605,-0.3932411862859094,0.004565626083058219,0.4121535736753011,299.0430944372288,286.05736505455917,-0.4004346231704013,1.8129161684342046e-13,1,14.933,298.6040693907719,286.1231362556202,-0.3932411862859094,0.021000000000000796,305.0237408337703,285.169724642932,36.0,293.0624480406873,286.94500546618633,36.0,12.09231769692124,285.169724642932,0
14.973,14.987,1,1,-3.4749359403458397,1.9724305241777789,-0.4076280600548676,1,-3.4791315059387067,1.9742237156679399,-0.40043462317040124,0.004562708226967256,0.41215357367365985,299.4818228196192,285.99277678898045,-0.40762806005487,-1.3676385130293123e-13,1,14.953,299.0430944372288,286.05736505455917,-0.40043462317040124,0.034000000000000696,305.4582876829383,285.12126202538917,36.0,293.5053579563001,286.8642915525717,36.0,12.079349360896124,285.12126202538917,0
14.993,15.003,1,1,-3.4709027685633673,1.9706717058561933,-0.4148214969392782,1,-3.4750826415774685,1.9724938718372085,-0.40762806005487,0.004559783687454927,0.4121535736703267,299.9202366323635,285.92937342571435,-0.4148214969392688,5.406942958487979e-13,1,14.973,299.4818228196192,285.99277678898045,-0.40762806005487,0.02999999999999936,305.8922767311093,285.0740106829985,36.0,293.9481965336178,286.7847361684302,36.0,12.065970058416912,285.0740106829985,0
15.013,15.020000000000001,1,1,-3.4668823529692343,1.968883920923457,-0.42201493382367455,1,-3.471046327792642,1.9707349258358122,-0.41482149693926873,0.004556852588743481,0.4121535736701899,300.35831800225327,285.86715689246364,-0.4220149338236752,-3.81666561775622e-14,1,14.993,299.9202366323635,285.92937342571435,-0.41482149693926873,0.027000000000001023,306.3256905480277,285.0279720138642,36.0,294.39094545647885,286.706341771063,36.0,12.052180941312198,285.0279720138642,0
15.033,15.035,1,1,-3.4628749016010962,1.9670672618890572,-0.4292083707080375,1,-3.467022773892543,1.9689469687233696,-0.4220149338236752,0.004553915055105046,0.41215357366769645,300.7960490885335,285.8061290779153,-0.4292083707080207,9.637080684834455e-13,1,15.013,300.35831800225327,285.86715689246364,-0.4220149338236752,0.02200000000000024,306.7585117368914,284.9831473786028,36.0,294.83358644017557,286.62911077722777,36.0,12.037983171688971,284.9831473786028,0
15.053,15.062000000000001,1,1,-3.4588806218257693,1.9652218227565814,-0.43640180759235925,1,-3.463012188524464,1.9671300930666447,-0.42920837070802076,0.004550971210855135,0.41215357366633193,301.2334120829813,285.7462918318504,-0.436401807592375,-9.032775295356387e-13,1,15.033,300.7960490885335,285.8061290779153,-0.42920837070802076,0.02900000000000169,307.1907229343931,284.93953810042876,36.0,295.27610123156956,286.55304556327206,36.0,12.023377921950402,284.93953810042876,0
15.073,15.075000000000001,1,1,-3.4548997203285055,1.9633476990188514,-0.44359524447666837,1,-3.459014779663797,1.9652843929347514,-0.43640180759237496,0.004548021180343528,0.41215357366374933,301.6703892099818,285.68764696525284,-0.4435952444766722,-2.1945827302098265e-13,1,15.073,301.6703892099818,285.68764696525284,-0.4435952444766722,0.002000000000000668,307.62230681076005,284.8971454652382,36.0,295.71847160920356,286.47814846526745,36.0,12.008366374820383,284.8971454652382,0
15.093,15.101,1,1,-3.4509324031022883,1.9614449876529831,-0.45078868136093847,1,-3.451060319941817,1.961506903004255,-0.4507886813609388,0.0001421134355299455,-1.90833280887811e-14,302.1069627266022,285.63019625041534,-0.4507886813609388,-1.90833280887811e-14,1,15.093,302.1069627266022,285.63019625041534,-0.4507886813609388,0.008000000000000895,308.0532460697953,284.8559707216901,36.0,296.16067938340916,286.4044217791406,36.0,11.99294972337753,284.8559707216901,0
15.113,15.117,1,1,-3.4469788754371824,1.9595137871153683,-0.4579821182451767,1,-3.451060319941817,1.961506903004255,-0.4507886813609388,0.004542103058159815,0.4121535736605687,302.5431149226623,285.57394142104465,-0.4579821182451815,-2.7352770260586246e-13,1,15.113,302.5431149226623,285.57394142104465,-0.4579821182451815,0.004000000000001336,308.48352344891435,284.81601508128557,36.0,296.60270639641027,286.3318677608037,36.0,11.977129171094134,284.81601508128557,0
15.133,15.135000000000002,1,1,-3.4432802378120595,1.9576489374313657,-0.47602033523210735,1,-3.4471036815744553,1.959575308811268,-0.4579821182451815,0.004281311586127582,1.0335137032920407,302.9535553800339,285.5228338533883,-0.4760203352321056,1.0177774980683254e-13,1,15.133,302.9535553800339,285.5228338533883,-0.4760203352321056,0.0020000000000024443,308.8812086665352,284.8055061671252,36.0,297.0259020935325,286.24016153965147,36.0,11.941797602446584,284.8055061671252,0
15.153,15.155000000000001,1,1,-3.439615838636264,1.9557176779190169,-0.4940585522261711,1,-3.4433973075042035,1.9577092942307497,-0.4760203352321056,0.004273879073202334,1.0335137037011142,303.3630587397042,285.47454511203273,-0.49405855222618944,-1.0495830448829606e-12,1,15.133,302.9535553800339,285.5228338533883,-0.4760203352321056,0.022000000000002018,309.2761865644296,284.79801250679566,36.0,297.4499309149787,286.15107771726974,36.0,11.903407417624779,284.79801250679566,0
15.173,15.183000000000002,1,1,-3.4359868701894305,1.9537206369491127,-0.5120967692201919,1,-3.439725221913689,1.9557765931422395,-0.49405855222618944,0.004266407092897055,1.033513703697498,303.7715020467698,285.4290885702301,-0.512096769220178,7.951386703658792e-13,1,15.173,303.7715020467698,285.4290885702301,-0.512096769220178,0.010000000000001563,309.6683397793418,284.7935361226028,36.0,297.87466431419784,286.06464101785735,36.0,11.86197659042871,284.7935361226028,0
15.193,15.200000000000001,1,1,-3.4323945132233957,1.9516584642957777,-0.5301349862141586,1,-3.4360886268472073,1.9537778358686972,-0.512096769220178,0.004258897900834151,1.0335137036962447,304.1787627421488,285.3864768057365,-0.5301349862141509,4.389165460419653e-13,1,15.193,304.1787627421488,285.3864768057365,-0.530134986214151,0.0070000000000014495,310.05755172353525,284.79207822244825,36.0,298.2999737607623,285.9808753890247,36.0,11.817524201538312,284.79207822244825,0
15.213,15.228000000000002,1,1,-3.428839936577776,1.949531830924932,-0.5481732032080693,1,-3.432488712743311,1.9517136744793342,-0.530134986214151,0.004251353761104738,1.0335137036926763,304.5847186897754,285.3467215993538,-0.5481732032080621,4.134721085902572e-13,1,15.213,304.5847186897754,285.3467215993538,-0.5481732032080621,0.015000000000002345,310.443706609462,284.79363919970615,36.0,298.72573077008883,285.8998039990015,36.0,11.770070447339476,284.79363919970615,0
15.233,15.248000000000001,1,1,-3.425141486901675,1.9472448383376824,-0.5576532266208751,1,-3.4252243082239757,1.9472964927642347,-0.5576532266208637,9.760917584987913e-05,6.551942643814845e-13,305.00925580086977,285.30750579758114,-0.5576532266208638,6.488331550185575e-13,1,15.233,305.00925580086977,285.30750579758114,-0.5576532266208637,0.015000000000000568,310.856443875436,284.776261782906,36.0,299.1620677263035,285.83874981225625,36.0,11.742542924337624,284.776261782906,0
15.253,15.254000000000001,1,1,-3.421416669265841,1.9449026926019934,-0.564993701628058,1,-3.4252243082239757,1.9472964927642347,-0.5576532266208637,0.004497598653976344,0.4205782375334936,305.43801017364547,285.2691155860356,-0.5649937016280748,-9.66888623164909e-13,1,15.253,305.43801017364547,285.2691155860356,-0.5649937016280748,0.0010000000000012221,311.2754400826913,284.7548322547236,36.0,299.6005802645996,285.7833989173476,36.0,11.72008110686755,284.7548322547236,0
15.273,15.292000000000002,1,1,-3.417709144288778,1.9425332682812206,-0.572334176635182,1,-3.4177859743042758,1.9425827672974323,-0.5723341766351662,9.139476947444831e-05,9.096386388985659e-13,305.86603979301503,285.23197143599805,-0.5723341766351662,9.096386388985659e-13,1,15.273,305.86603979301503,285.23197143599805,-0.5723341766351662,0.019000000000001904,311.6934667307615,284.7346647722314,36.0,300.0386128552686,285.72927809976466,36.0,11.69721652917474,284.7346647722314,0
15.293,15.296000000000001,1,1,-3.4140191117405747,1.9401366930454709,-0.5796746516422586,1,-3.4177859743042758,1.9425827672974323,-0.5723341766351662,0.004491384287713665,0.4205782375276604,306.29332666853065,285.19607450810923,-0.5796746516422718,-7.56972014188317e-13,1,15.273,305.86603979301503,285.23197143599805,-0.5723341766351662,0.023000000000001464,312.11050632352806,284.71575995399616,36.0,300.4761470135333,285.6763890622223,36.0,11.673950695357288,284.71575995399616,0
15.313,15.316,1,1,-3.410346770448786,1.9377130960278048,-0.5870151266492832,1,-3.414092971800829,1.9401850494887716,-0.5796746516422717,0.004488271213199064,0.4205782375230232,306.719852846111,285.16142592301753,-0.5870151266492748,4.834443115824545e-13,1,15.293,306.29332666853065,285.19607450810923,-0.5796746516422717,0.023000000000001464,312.5265414020469,284.69811837956945,36.0,300.9131642901751,285.6247334664656,36.0,11.650285123627333,284.69811837956945,0
15.333,15.338000000000001,1,1,-3.4066994178200467,1.9352520918415135,-0.6001229625089584,1,-3.410417678485956,1.9377602669790324,-0.5870151266492748,0.004485131536545722,0.7510236733101031,307.1455685001332,285.1284788246236,-0.600122962508957,7.63333123551244e-14,1,15.333,307.1455685001332,285.1284788246236,-0.600122962508957,0.005000000000000782,312.93381918916486,284.69550745676895,36.0,301.3573178111016,285.56145019247816,36.0,11.60884322307042,284.69550745676895,0
15.353,15.366000000000001,1,1,-3.403084636037563,1.9327434915407613,-0.6132307983732661,1,-3.406765106113568,1.9352970434796695,-0.600122962508957,0.004479563314104682,0.751023673575126,307.56989901597046,285.0977639497146,-0.6132307983732629,1.8447217152488398e-13,1,15.353,307.56989901597046,285.0977639497146,-0.6132307983732628,0.013000000000001677,313.33884109451475,284.6951854266997,36.0,301.8009569374262,285.50034247272947,36.0,11.56594348469535,284.6951854266997,0
15.373,15.387,1,1,-3.3995030461675375,1.93018772613548,-0.6263386342374966,1,-3.4031451658849097,1.9327860887408455,-0.6132307983732628,0.004473983042506117,0.7510236735708131,307.9927803031658,285.0692853524382,-0.6263386342375015,-2.7988881196878945e-13,1,15.353,307.56989901597046,285.0977639497146,-0.6132307983732628,0.034000000000000696,313.7415460691502,284.6971523311126,36.0,302.2440145371813,285.4414183737638,36.0,11.521595517586261,284.6971523311126,0
15.393,15.396,1,1,-3.395955263573314,1.9275852347391391,-0.6394464701016659,1,-3.3995584822850007,1.930227835378119,-0.6263386342375015,0.004468391569836427,0.7510236735668375,308.41414849805733,285.0430467894675,-0.6394464701016678,-1.0813885916975958e-13,1,15.393,308.41414849805733,285.0430467894675,-0.6394464701016678,0.0030000000000001137,314.1418733636244,284.70140791493407,36.0,302.6864236324902,285.3846856640009,36.0,11.47580921002583,284.70140791493407,0
15.413,15.424000000000001,1,1,-3.392441897809714,1.924936464493335,-0.6525543059657697,1,-3.3960056740534754,1.92762272419659,-0.6394464701016678,0.004462789745095501,0.7510236735632562,308.8339399692761,285.019051720029,-0.6525543059657736,-2.2263882770244617e-13,1,15.413,308.8339399692761,285.019051720029,-0.6525543059657736,0.011000000000001009,314.53976253321525,284.70795162625217,36.0,303.12811740533704,285.3301518138058,36.0,11.428594734175256,284.70795162625217,0
15.433,15.435,1,1,-3.3889635525183004,1.9222418704909683,-0.6656621418298155,1,-3.392487354076806,1.92497120411438,-0.6525543059657736,0.004457178418193897,0.7510236735598211,309.25209132323084,284.99730330592763,-0.665662141829817,-8.269442171805144e-14,1,15.413,308.8339399692761,285.019051720029,-0.6525543059657736,0.02200000000000024,314.9351534431597,284.71678261630626,36.0,303.5690292033019,285.277823995549,36.0,11.379962551129326,284.71678261630626,0
15.453,15.461,1,1,-3.385520825323668,1.9195019156980513,-0.6787699776938014,1,-3.3890041292814788,1.92227373208467,-0.6656621418298171,0.00445155843987546,0.7510236735565197,309.66853940957355,284.97780441157204,-0.6787699776937949,3.75305452412695e-13,1,15.433,309.25209132323084,284.99730330592763,-0.6656621418298171,0.02800000000000047,315.327986273898,284.7278997394733,36.0,304.00909254524913,285.22770908367085,36.0,11.329923416378124,284.7278997394733,0
15.473,15.484000000000002,1,1,-3.382114307730765,1.9167170708741663,-0.6918778135577308,1,-3.385556600528233,1.919530773016293,-0.6787699776937949,0.004445930661639863,0.7510236735537462,310.08322132665,284.96055760399713,-0.6918778135577337,-1.6538884343610288e-13,1,15.453,309.66853940957355,284.97780441157204,-0.6787699776937949,0.03100000000000236,315.7182015263278,284.7413015532476,36.0,304.4482411269723,285.1798136547466,36.0,11.278488385692585,284.7413015532476,0
15.493,15.495000000000001,1,1,-3.3787445850232585,1.9138878144915816,-0.7049856494216089,1,-3.3821453625073468,1.9167427996929527,-0.6918778135577337,0.00444029593567024,0.7510236735502667,310.4960744269353,284.9455651528855,-0.7049856494216229,-8.014997797288062e-13,1,15.493,310.4960744269353,284.9455651528855,-0.704985649421623,0.002000000000000668,316.1057400270733,284.75698631821695,36.0,304.8864088267973,285.134143987554,36.0,11.225668821456729,284.75698631821695,0
15.513,15.518,1,1,-3.375412236162984,1.9110146326530435,-0.7180934852854339,1,-3.378771003635015,1.9139102926910423,-0.704985649421623,0.004434655114756418,0.7510236735465836,310.9070363224567,284.9328290305871,-0.7180934852854219,6.869998111961196e-13,1,15.493,310.4960744269353,284.9455651528855,-0.704985649421623,0.025000000000000355,316.4905429337673,284.77495199803326,36.0,305.3235297111461,285.09070606314083,36.0,11.17147639946615,284.77495199803326,0
15.533,15.536000000000001,1,1,-3.3721245291776514,1.9080905170357756,-0.7360125032459515,1,-3.37543410595083,1.9110337402960789,-0.7180934852854218,0.0044289797445410265,1.0266841021574682,311.3158964595297,284.92273527146966,-0.7360125032459569,-3.1169435878342465e-13,1,15.533,311.3158964595297,284.92273527146966,-0.7360125032459569,0.00300000000000189,316.86239844558736,284.8068589194157,36.0,305.76939447347206,285.03861162352365,36.0,11.095424572373386,284.8068589194157,0
15.553,15.556000000000001,1,1,-3.3688904811204723,1.9051071631519771,-0.7541847413210868,1,-3.3689003021625674,1.9051163894677081,-0.7541847413210836,1.3475079584246911e-05,1.8447217152488398e-13,311.7219471129741,284.9157757298455,-0.7541847413210836,1.8447217152488398e-13,1,15.553,311.7219471129741,284.9157757298455,-0.7541847413210836,0.0030000000000001137,317.2292698037747,284.8425247471366,36.0,306.2146244221735,284.9890267125544,36.0,11.015619624347066,284.8425247471366,0
15.573,15.576,1,1,-3.365711178272052,1.9020655351947573,-0.7723569793961464,1,-3.3689003021625674,1.9051163894677081,-0.7541847413210836,0.004413413982829966,1.041192546008041,312.1250540629076,284.91195398800784,-0.7723569793961427,2.1627771833951915e-13,1,15.573,312.1250540629076,284.91195398800784,-0.7723569793961427,0.0030000000000001137,317.59153935077717,284.88134834351024,36.0,306.6585687750381,284.94255963250544,36.0,10.933141928644172,284.88134834351024,0
15.593,15.594000000000001,1,1,-3.3625876705054294,1.898966637573995,-0.7905292174711354,1,-3.3657152110098902,1.9020694640974993,-0.7723569793961427,0.004405569434477753,1.0411925460040206,312.5250952391537,284.9112711000354,-0.7905292174711483,-7.44249795462463e-13,1,15.573,312.1250540629076,284.91195398800784,-0.7723569793961427,0.021000000000000796,317.9490962685606,284.9233191364692,36.0,307.1010942097468,284.8992230636015,36.0,10.848028820424284,284.8992230636015,0
15.613,15.616000000000001,1,1,-3.3595209892689297,1.895811493611224,-0.8087014555460448,1,-3.362586111364782,1.8989650623506256,-0.7905292174711483,0.004397723190085215,1.0411925459985054,312.92194942201485,284.9137272542679,-0.8087014555460382,3.75305452412695e-13,1,15.613,312.92194942201485,284.9137272542679,-0.8087014555460382,0.00300000000000189,318.30183093930333,284.9684256875329,36.0,307.54206790472637,284.85902882100294,36.0,10.760319151152322,284.85902882100294,0
15.633,15.638000000000002,1,1,-3.357675498741478,1.893845329622901,-0.8280819039032593,1,-3.359514041899128,1.8958042146613256,-0.8087014555460382,0.0026865352289345452,1.1104178959400175,313.1635378254382,284.9170872384609,-0.8280819039032556,2.0991660897659211e-13,1,15.633,313.1635378254382,284.9170872384609,-0.8280819039032556,0.005000000000002558,318.49447890418776,285.0172533645076,36.0,307.8325967466887,284.8169211124142,36.0,10.663764070515894,284.8169211124142,0
15.653,15.659,1,1,-3.355802998910316,1.8917594557928075,-0.8473858739058618,1,-3.355785291392467,1.8917394047028402,-0.8473858739058677,2.6750745732506877e-05,-3.3713879623513276e-13,313.41194542486016,284.9230242675036,-0.8473858739058676,-3.3077768687220577e-13,1,15.653,313.41194542486016,284.9230242675036,-0.8473858739058677,0.006000000000000227,318.6922598624992,285.06844544668695,36.0,308.1316309872211,284.77760308832023,36.0,10.564633051780731,284.77760308832023,0
15.673,15.689000000000002,1,1,-3.352920561002934,1.8884351484714839,-0.8655542511515438,1,-3.3528981472604547,1.8884088192984627,-0.8655542511515504,3.457746670749891e-05,-3.75305452412695e-13,313.7980348984719,284.93529258048386,-0.8655542511515504,-3.75305452412695e-13,1,15.673,313.7980348984719,284.93529258048386,-0.8655542511515504,0.01600000000000179,319.02915910208134,285.1232680919982,36.0,308.56691069486243,284.7473170689695,36.0,10.46900095071497,284.7473170689695,0
15.693,15.699000000000002,1,1,-3.35009899276076,1.8850590234565843,-0.883722628396784,1,-3.3528981472604547,1.8884088192984627,-0.8655542511515504,0.004365363455134959,1.0409713367534046,314.18044406025604,284.9506907590393,-0.883722628396792,-4.643609834936734e-13,1,15.673,313.7980348984719,284.93529258048386,-0.8655542511515504,0.026000000000001577,319.36079514391554,285.1811693559329,36.0,309.0000929765966,284.7202121621457,36.0,10.370951303250427,284.7202121621457,0
15.713000000000001,15.728000000000002,1,1,-3.347339225530762,1.8816321951439445,-0.9018910056361641,1,-3.350072103346342,1.8850262486068843,-0.883722628396792,0.004357547482722777,1.0409713364175635,314.55905652637705,284.96921455526046,-0.9018910056361541,5.72499842663433e-13,1,15.693,314.18044406025604,284.9506907590393,-0.883722628396792,0.03500000000000192,319.6870649892921,285.24213338343924,36.0,309.43104806346196,284.6962957270817,36.0,10.270531725768238,284.6962957270817,0
15.733,15.74,1,1,-3.344642170257552,1.878155794661875,-0.9200593828805796,1,-3.3446070441092655,1.8781096590826505,-0.9200593828805851,5.798567033177292e-05,-3.1169435878342465e-13,314.93375692580736,284.9908588573245,-0.920059382880585,-3.053332494204976e-13,1,15.733,314.93375692580736,284.9908588573245,-0.9200593828805851,0.006999999999999673,320.0078669971934,285.30614346073423,36.0,309.8596468544213,284.6755742539147,36.0,10.167791775540724,284.6755742539147,0
15.753,15.755,1,1,-3.3420087171881843,1.87463096950452,-0.9382277601249241,1,-3.3446070441092655,1.8781096590826505,-0.9200593828805851,0.004341956237666245,1.0409713367021531,315.3044309257276,285.01561768995055,-0.9382277601249255,-7.63333123551244e-14,1,15.733,314.93375692580736,284.9908588573245,-0.9200593828805851,0.02200000000000024,320.32310090936676,285.3731820166666,36.0,310.2857609420884,284.65805336323444,36.0,10.0627830449475,284.65805336323444,0
15.773,15.792000000000002,1,1,-3.33943973557509,1.8710588831491703,-0.9563961373691916,1,-3.3419698407022547,1.8745779360697237,-0.9382277601249254,0.0043341856688608425,1.0409713366979803,315.6709652580669,285.04348421499446,-0.9563961373691916,0.0,1,15.773,315.6709652580669,285.04348421499446,-0.9563961373691916,0.019000000000001904,320.6326678764623,285.44323062435984,36.0,310.70926263967146,284.64373780562903,36.0,9.955559264088054,284.64373780562903,0
15.793,15.798000000000002,1,1,-3.3369360733899085,1.867440714673133,-0.9745645146133909,1,-3.339397360739301,1.870998818638468,-0.9563961373691916,0.004326434934725374,1.0409713366941444,316.0332477454623,285.0744507321067,-0.9745645146133878,1.7811106216195694e-13,1,15.793,316.0332477454623,285.0744507321067,-0.9745645146133878,0.005000000000002558,320.93647048373623,285.51627000287675,36.0,311.1300250071883,284.6326314613366,36.0,9.846176413034792,284.6326314613366,0
15.813,15.841000000000001,1,1,-3.333791899233234,1.8626585997618759,-1.01271989618677,1,-3.3368904567728035,1.867373494911513,-0.9745645146133878,0.0056419229964699375,2.1861423298660347,316.34973078650773,285.10441437374243,-0.9930359963731535,1.1278043836785738,1,15.793,316.0332477454623,285.0744507321067,-0.9745645146133878,0.04800000000000182,321.1918231325547,285.588870592331,36.0,311.50763844046077,284.6199581551539,36.0,9.732534328811946,284.6199581551539,0
15.833,15.841000000000001,1,1,-3.333791899233234,1.8626585997618759,-1.01271989618677,1,-3.334730908888356,1.864131949259105,-0.9930359963731535,0.0017471399123706276,1.1278043836785738,316.4974511789293,285.12007343347716,-1.0127198961867632,3.9438878050147607e-13,1,15.833,316.4974511789293,285.12007343347716,-1.0127198961867632,0.008000000000000895,321.2721152065948,285.6497472107768,36.0,311.72278715126384,284.5903996561775,36.0,9.607907344982358,284.5903996561775,0
15.853,15.862000000000002,1,1,-3.3328349044727776,1.8610914993888286,-1.0324037959994457,1,-3.333740332945864,1.8625759976326333,-1.0127198961867632,0.0017388317215114826,1.1278043836250577,316.64305564003564,285.1371252591908,-1.0324037959994448,5.088887490341627e-14,1,15.833,316.4974511789293,285.12007343347716,-1.0127198961867632,0.02900000000000169,321.3484918980756,285.7118248737551,36.0,311.9376193819957,284.56242564462644,36.0,9.480803768765059,284.56242564462644,0
15.873,15.879000000000001,1,1,-3.331908939757801,1.8595058664245645,-1.0520876958121188,1,-3.332780732406123,1.8610007963850166,-1.0324037959994448,0.0017305600273685483,1.1278043836245744,316.78648865859253,285.1555635064466,-1.0520876958121208,-1.1449996853268662e-13,1,15.853,316.64305564003564,285.1371252591908,-1.0324037959994448,0.026000000000001577,321.4209221937116,285.7750808715089,36.0,312.1520551234735,284.5360461413842,36.0,9.351315620178788,284.5360461413842,0
15.893,15.896,1,1,-3.331014363847221,1.857902315212113,-1.0717715956247922,1,-3.3318524821009077,1.8594069651073013,-1.0520876958121208,0.0017223279345853426,1.1278043836244218,316.927695520092,285.1753813135054,-1.0717715956247962,-2.2899993706537323e-13,1,15.893,316.927695520092,285.1753813135054,-1.0717715956247962,0.0030000000000001137,321.48937649124775,285.8394920357934,36.0,312.36601454893633,284.5112705912174,36.0,9.219539323428691,284.5112705912174,0
15.913,15.916,1,1,-3.3301515233385715,1.8562814670368097,-1.091455495437449,1,-3.3309559443526653,1.857795130722199,-1.0717715956247962,0.0017141385359362691,1.1278043836233531,317.06662232673193,285.19657130355347,-1.091455495437444,2.7988881196878945e-13,1,15.913,317.06662232673193,285.19657130355347,-1.0914554954374438,0.0030000000000001137,321.553826613264,285.905034746834,36.0,312.57941804019987,284.488107860273,36.0,9.085575988243477,284.488107860273,0
15.933,15.936000000000002,1,1,-3.329649191610301,1.8553009165585221,-1.110172868860634,1,-3.3300914688291834,1.8561659272258089,-1.0914554954374438,0.000971520762959972,1.072426500719135,317.14900923961363,285.21001080099416,-1.1101728688606254,4.961665303083086e-13,1,15.933,317.14900923961363,285.21001080099416,-1.1101728688606254,0.00300000000000189,321.56360146236455,285.96037451601063,36.0,312.7344170168627,284.4596470859776,36.0,8.955818264789926,284.4596470859776,0
15.953,15.955000000000002,1,1,-3.3296491916102653,1.8553009165584489,-1.1274404526875248,1,-3.329587889364433,1.8551773794871704,-1.1101728688606254,0.0001379107440490234,0.9893596756696951,317.1493621261311,285.2101916928332,-1.1274404526875301,-3.053332494204976e-13,1,15.953,317.1493621261311,285.2101916928332,-1.1274404526875301,0.0020000000000024443,321.49526232133906,285.99892442239764,36.0,312.8034619309232,284.4214589632687,36.0,8.833786917374546,284.4214589632687,0
15.973,15.973,1,1,-3.3296491916102298,1.8553009165583743,-1.1447080365144149,1,-3.329587006536405,1.8551699693738615,-1.1274404526875301,0.00014496257633761468,0.9893596756688556,317.14969250268285,285.210380412419,-1.1447080365144189,-2.2899993706537323e-13,1,15.973,317.14969250268285,285.210380412419,-1.1447080365144189,0.0,321.4256049135503,286.0372470485866,36.0,312.87378009181543,284.38351377625145,36.0,8.710254962839405,284.38351377625145,0
15.993,15.995000000000001,1,1,-3.329649191610196,1.8553009165582983,-1.1619756203412757,1,-3.329586380093423,1.8551625331964985,-1.1447080365144189,0.0001519711862899121,0.9893596756672524,317.14999997525905,285.2105767347192,-1.1619756203412719,2.1627771833951915e-13,1,15.973,317.14969250268285,285.210380412419,-1.1447080365144189,0.02200000000000024,321.3546497032705,286.07533080132976,36.0,312.9453502472476,284.3458226681086,36.0,8.585308132149128,284.3458226681086,0
16.013,16.017,1,1,-3.329649191610165,1.8553009165582228,-1.1792432041681074,1,-3.329586010782564,1.8551550798231629,-1.1619756203412719,0.0001589344842042638,0.989359675666031,317.15028417715985,285.21078042563477,-1.1792432041680987,4.961665303083086e-13,1,16.013,317.15028417715985,285.21078042563477,-1.179243204168099,0.003999999999997783,321.2824175621649,286.1131641516309,36.0,313.01815079215487,284.3083966996386,36.0,8.45903604447117,284.3083966996386,0
16.033,16.034000000000002,1,1,-3.3296491916101054,1.8553009165580776,-1.190917315223788,1,-3.3295858990442513,1.8551476181424438,-1.179243204168099,0.00016585039381394933,0.6688772930579966,317.1504629608519,285.21092218758224,-1.1909173152237797,4.707220928566004e-13,1,16.033,317.1504629608519,285.21092218758224,-1.1909173152237797,0.0010000000000012221,321.2328707756753,286.13859451294474,36.0,313.0680551460285,284.2832498622198,36.0,8.3729635159302,284.2832498622198,0
16.053,16.060000000000002,1,1,-3.3296491916100743,1.8553009165580017,-1.2007269353478205,1,-3.329585969514349,1.8551425733075482,-1.1909173152237797,0.00017049814764998625,0.5620498317341337,317.1506047750553,285.21104377037193,-1.200726935347833,-7.124442486478278e-13,1,16.053,317.1506047750553,285.21104377037193,-1.200726935347833,0.0070000000000014495,321.19079831250224,286.1598682268641,36.0,313.11041123760833,284.2622193138798,36.0,8.300224495582205,284.2622193138798,0
16.073,16.076,1,1,-3.329649191610046,1.8553009165579257,-1.2105365554718373,1,-3.3295861197819385,1.8551383364133678,-1.200726935347833,0.00017438566140967488,0.5620498317320471,317.15073884576645,285.211167551662,-1.210536555471825,6.997220299219737e-13,1,16.073,317.15073884576645,285.211167551662,-1.210536555471825,0.0030000000000001137,321.1483293219287,286.18105285817495,36.0,313.15314836960414,284.2412822451491,36.0,8.227127596650757,284.2412822451491,0
16.093,16.099,1,1,-3.329649191610019,1.8553009165578502,-1.220346175595839,1,-3.329586353139922,1.855134103282527,-1.210536555471825,0.0001782563944102584,0.562049831732594,317.1508651213751,285.2112934838135,-1.2203461755958378,6.361109362927034e-14,1,16.093,317.1508651213751,285.2112934838135,-1.2203461755958378,0.006000000000000227,321.1054678502155,286.20214633280864,36.0,313.19626239253466,284.22044063481843,36.0,8.15369170653732,284.22044063481843,0
16.113,16.125,1,1,-3.329649191609981,1.8553009165577445,-1.2297849216692802,1,-3.329586669498479,1.8551298755443735,-1.2203461755958378,0.00018210997414118204,0.5408003139039282,317.1509792189179,285.21141664007916,-1.229784921669278,1.2722218725854067e-13,1,16.113,317.1509792189179,285.21141664007916,-1.2297849216692778,0.012000000000000455,321.06386015454774,286.22235434469127,36.0,313.23809828328797,284.2004789354671,36.0,8.082730295889414,284.2004789354671,0
16.133,16.155,1,1,-3.329649191609926,1.8553009165575869,-1.234569199715436,1,-3.3295870521360458,1.855125814252558,-1.2297849216692778,0.0001858013224940981,0.27411894006196164,317.151006977261,285.21144815652644,-1.2321770606931046,0.13705946998813873,1,16.113,317.1509792189179,285.21141664007916,-1.2297849216692778,0.04200000000000159,321.0532584977565,286.2274618999076,36.0,313.2487554567655,284.19543441314534,36.0,8.06470107467072,284.19543441314534,0
16.153,16.159000000000002,1,1,-3.329649191609926,1.8553009165575869,-1.234569199715436,1,-3.329587161282816,1.8551247861709133,-1.2321770606931044,0.00018673423518779343,0.13705946998815147,317.1510342659034,285.2114797944571,-1.2345691997154347,7.63333123551244e-14,1,16.153,317.1510342659034,285.2114797944571,-1.2345691997154344,0.00600000000000378,321.04263404070775,286.23256376400127,36.0,313.259434491099,284.19039582491286,36.0,8.046654281157512,284.19039582491286,0
16.173,16.185000000000002,1,1,-3.3296491916099633,1.8553009165576952,-1.2503492390479236,1,-3.3295881507961087,1.8551169953455249,-1.2503492390479074,0.0001937859469679119,9.287219669873468e-13,317.15120246628857,285.21169148961,-1.2503492390479076,9.15999748261493e-13,1,16.173,317.15120246628857,285.21169148961,-1.2503492390479074,0.012000000000004007,320.971981562407,286.2660741094013,36.0,313.33042337017014,284.15730886981873,36.0,7.927187549251875,284.15730886981873,0
16.193,16.195,1,1,-3.3296491916099384,1.8553009165576202,-1.267616822874782,1,-3.3295881507961087,1.8551169953455249,-1.2503492390479074,0.00019378594688884782,0.9893596756682702,317.15136287589735,285.2119289123044,-1.267616822874778,2.2899993706537323e-13,1,16.173,317.15120246628857,285.21169148961,-1.2503492390479074,0.022000000000002018,320.8935556622085,286.30244809706477,36.0,313.4091700895862,284.12140972754406,36.0,7.795701108238949,284.12140972754406,0
16.213,16.223000000000003,1,1,-3.3296491916099162,1.8553009165575443,-1.284884406701639,1,-3.329590808339163,1.855102311078086,-1.2848844067016474,0.0002070090403211178,-4.834443115824545e-13,317.1514983892741,285.2121720912252,-1.2848844067016474,-4.834443115824545e-13,1,16.213,317.1514983892741,285.2121720912252,-1.2848844067016474,0.010000000000001563,320.8139890353893,286.33850276171125,36.0,313.4890077431589,284.0858414207392,36.0,7.663539263854229,284.0858414207392,0
16.233,16.241,1,1,-3.329649191609894,1.8553009165574657,-1.3021519905284547,1,-3.329590808339163,1.855102311078086,-1.2848844067016474,0.00020700904023944258,0.9893596756644153,317.15160884476245,285.21242073639235,-1.302151990528469,-8.269442171805144e-13,1,16.233,317.15160884476245,285.21242073639235,-1.302151990528469,0.007999999999999119,320.7333052754044,286.37422713610465,36.0,313.56991241412044,284.05061433668,36.0,7.530828223160068,284.05061433668,0
16.253,16.253,1,1,-3.32964919160996,1.8553009165577143,-1.319419574343811,1,-3.3295925157553765,1.8550950465137912,-1.302151990528469,0.00021352898509969745,0.9893596750075035,317.1516941105656,285.2126745512991,-1.3194195743438102,5.088887490341627e-14,1,16.253,317.1516941105656,285.2126745512991,-1.3194195743438102,0.0,320.6515283313977,286.4096103463743,36.0,313.6518598897335,284.0157387562238,36.0,7.39770095930886,284.0157387562238,0
16.273,16.276,1,1,-3.3296491916099735,1.855300916557762,-1.3366871581657835,1,-3.3295944729866553,1.8550878452357265,-1.3194195743438102,0.00021998526316971382,0.9893596753874526,317.15175408497635,285.2129332332903,-1.3366871581657775,3.434999055980598e-13,1,16.253,317.1516941105656,285.2126745512991,-1.3194195743438102,0.022999999999999687,320.5686825010823,286.4446416156298,36.0,313.7348256688704,283.98122485095087,36.0,7.264297719647121,283.98122485095087,0
16.293,16.3,1,1,-3.3296491916099837,1.8553009165578065,-1.353954741987746,1,-3.329596677698743,1.8550807158313087,-1.3366871581657775,0.00022637595018894875,0.9893596753871727,317.1517886964025,285.2131964738909,-1.3539547419877476,-8.905553108097847e-14,1,16.273,317.15175408497635,285.2129332332903,-1.3366871581657775,0.027000000000001023,320.48479242376976,286.4793102673017,36.0,313.81878496903516,283.94708268048015,36.0,7.13076657436192,283.94708268048015,0
16.313,16.318,1,1,-3.329649191609974,1.85530091655776,-1.3678662421498087,1,-3.329599127262442,1.8550736668029697,-1.3539547419877476,0.00023269914040688038,0.7970702459816623,317.1517981039269,285.21341165407034,-1.3678662421498113,-1.526666247102488e-13,1,16.293,317.1517886964025,285.2131964738909,-1.3539547419877476,0.02500000000000213,320.4164644510034,286.5069698623132,36.0,313.88713175685047,283.91985344582747,36.0,7.023201320151955,283.91985344582747,0
16.333,16.342000000000002,1,1,-3.329649191609983,1.8553009165578,-1.377675862268977,1,-3.3296012768507253,1.855068051989097,-1.3678662421498111,0.00023774299466437592,0.56204983145483,317.1517948198418,285.2135649533835,-1.3776758622689684,4.961665303083086e-13,1,16.333,317.1517948198418,285.2135649533835,-1.3776758622689684,0.009000000000003894,320.36789277257554,286.52632528424385,36.0,313.93569686710816,283.90080462252325,36.0,6.947409798725934,283.90080462252325,0
16.353,16.372,1,1,-3.3296491916099917,1.8553009165578391,-1.3874854823881368,1,-3.329602886130291,1.8550641297357922,-1.3776758622689684,0.00024127203846577912,0.5620498314549699,317.1517833340479,285.21371948086744,-1.3874854823881475,-6.106664988409952e-13,1,16.353,317.1517833340479,285.21371948086744,-1.3874854823881475,0.01899999999999835,320.31900338032125,286.5455556331924,36.0,313.98456328777456,283.8818833285424,36.0,6.8717014947261985,283.8818833285424,0
16.373,16.378,1,1,-3.329649191609997,1.8553009165578753,-1.397295102507294,1,-3.3296045720468443,1.8550602398081435,-1.3874854823881475,0.00024477786517047606,0.5620498314537103,317.1517636509547,285.21387517704727,-1.3972951025072937,1.2722218725854067e-14,1,16.373,317.1517636509547,285.21387517704727,-1.397295102507294,0.004999999999999005,320.26980098065695,286.5646590139071,36.0,314.03372632125246,283.8630913401875,36.0,6.796108817062415,283.8630913401875,0
16.393,16.394000000000002,1,1,-3.3296491916100015,1.8553009165579097,-1.4071047226264524,1,-3.3296063339514657,1.8550563837033944,-1.397295102507294,0.00024826013742157936,0.5620498314543975,317.15173577812595,285.21403198199874,-1.4071047226264448,4.325554366790383e-13,1,16.393,317.15173577812595,285.21403198199874,-1.4071047226264448,0.0010000000000012221,320.2202903125146,286.583633542997,36.0,314.0831812437373,283.8444304210005,36.0,6.7206652546919905,283.8444304210005,0
