stamp,x,y,yaw,cov_x,cov_y,cov_yaw,cmd_v,cmd_w,goal_x,goal_y,goal_dist,plan_points,plan_length,efe_total,efe_risk,efe_ambiguity,efe_control,efe_boundary,seed
5.9830000000000005,-3.9999999999959317,-1.6719646232181713e-23,-4.891722863074887e-12,1e-12,1e-12,1e-12,0.0,0.0,0.0,0.0,0.0,0,0.0,0.0,0.0,0.0,0.0,0.0,0
6.083,-3.9999999999959317,-1.6719651223051115e-23,-4.891723027067422e-12,1e-12,1e-12,1e-12,0.0,0.0,0.0,0.0,0.0,0,0.0,0.0,0.0,0.0,0.0,0.0,0
6.183,-3.9999999999959317,-1.6719651942472953e-23,-4.891723047212249e-12,1e-12,1e-12,1e-12,0.0,0.0,0.0,0.0,0.0,0,0.0,0.0,0.0,0.0,0.0,0.0,0
6.283,-3.9999999999959317,-1.671965206248944e-23,-4.89172304125388e-12,1e-12,1e-12,1e-12,0.0,0.0,0.0,0.0,0.0,0,0.0,0.0,0.0,0.0,0.0,0.0,0
6.383,-3.9999999999959317,-1.671965209600372e-23,-4.891723037339589e-12,1e-12,1e-12,1e-12,0.0,0.0,0.0,0.0,0.0,0,0.0,0.0,0.0,0.0,0.0,0.0,0
6.483,-3.9999999999959317,-1.671965209793594e-23,-4.891723034842899e-12,1e-12,1e-12,1e-12,0.0,0.0,0.0,0.0,0.0,0,0.0,0.0,0.0,0.0,0.0,0.0,0
6.583,-3.9999999999959317,-1.6719652090111917e-23,-4.89172304508192e-12,1e-12,1e-12,1e-12,0.0,0.0,0.0,0.0,0.0,0,0.0,0.0,0.0,0.0,0.0,0.0,0
6.683,-3.9999999999959317,-1.6719652083829573e-23,-4.891723039492792e-12,1e-12,1e-12,1e-12,0.0,0.0,0.0,0.0,0.0,0,0.0,0.0,0.0,0.0,0.0,0.0,0
6.783,-3.9999999999959317,-1.6719652083072587e-23,-4.891723054969093e-12,1e-12,1e-12,1e-12,0.0,0.0,0.0,0.0,0.0,0,0.0,0.0,0.0,0.0,0.0,0.0,0
6.883,-3.9999999999959317,-1.6719652065045996e-23,-4.891723023227442e-12,1e-12,1e-12,1e-12,0.0,0.0,0.0,0.0,0.0,0,0.0,0.0,0.0,0.0,0.0,0.0,0
6.9830000000000005,-3.9999999999959317,-1.6719652063967518e-23,-4.891723032654286e-12,1e-12,1e-12,1e-12,0.0,0.0,0.0,0.0,0.0,0,0.0,0.0,0.0,0.0,0.0,0.0,0
7.083,-3.9999999999959317,-1.6719652065476905e-23,-4.891723011933785e-12,1e-12,1e-12,1e-12,0.0,0.0,0.0,0.0,0.0,0,0.0,0.0,0.0,0.0,0.0,0.0,0
7.183,-3.9999999999959317,-1.671965207175737e-23,-4.891722998460903e-12,1e-12,1e-12,1e-12,0.0,0.0,0.0,0.0,0.0,0,0.0,0.0,0.0,0.0,0.0,0.0,0
7.283,-3.9999999999959317,-1.671965208045157e-23,-4.89172301709765e-12,1e-12,1e-12,1e-12,0.0,0.0,0.0,0.0,0.0,0,0.0,0.0,0.0,0.0,0.0,0.0,0
7.383,-3.9999999999959317,-1.6719652081642986e-23,-4.891723001468192e-12,1e-12,1e-12,1e-12,0.0,0.0,0.0,0.0,0.0,0,0.0,0.0,0.0,0.0,0.0,0.0,0
7.483,-3.9999999999959317,-1.6719652077041566e-23,-4.891723014951109e-12,1e-12,1e-12,1e-12,0.0,0.0,0.0,0.0,0.0,0,0.0,0.0,0.0,0.0,0.0,0.0,0
7.583,-3.9999999999959317,-1.6719652067445894e-23,-4.891723003139973e-12,1e-12,1e-12,1e-12,0.0,0.0,0.0,0.0,0.0,0,0.0,0.0,0.0,0.0,0.0,0.0,0
7.683,-3.9999999999959317,-1.6719652052147722e-23,-4.891722984023326e-12,1e-12,1e-12,1e-12,0.0,0.0,0.0,0.0,0.0,0,0.0,0.0,0.0,0.0,0.0,0.0,0
7.783,-3.9999999999959317,-1.6719652044589596e-23,-4.891722967471198e-12,1e-12,1e-12,1e-12,0.0,0.0,0.0,0.0,0.0,0,0.0,0.0,0.0,0.0,0.0,0.0,0
7.883,-3.9999999999959317,-1.6719652041473872e-23,-4.8917229286325376e-12,1e-12,1e-12,1e-12,0.0,0.0,0.0,0.0,0.0,0,0.0,0.0,0.0,0.0,0.0,0.0,0
7.9830000000000005,-3.9999999999959317,-1.6719652032742994e-23,-4.891722900398119e-12,1e-12,1e-12,1e-12,0.0,0.0,0.0,0.0,0.0,0,0.0,0.0,0.0,0.0,0.0,0.0,0
8.083,-3.9999999999959317,-1.6719652021557454e-23,-4.891722895713121e-12,1e-12,1e-12,1e-12,0.0,0.0,0.0,0.0,0.0,0,0.0,0.0,0.0,0.0,0.0,0.0,0
8.183,-3.9999999999959317,-1.671965201686176e-23,-4.891722879143152e-12,1e-12,1e-12,1e-12,0.0,0.0,0.0,0.0,0.0,0,0.0,0.0,0.0,0.0,0.0,0.0,0
8.283,-3.9999999999959317,-1.6719652017736427e-23,-4.891722885183879e-12,1e-12,1e-12,1e-12,0.0,0.0,0.0,0.0,0.0,0,0.0,0.0,0.0,0.0,0.0,0.0,0
8.383,-3.9999999999959317,-1.6719652011799813e-23,-4.891722849659051e-12,1e-12,1e-12,1e-12,0.0,0.0,4.0,4.0,8.944271909995521,0,0.0,0.0,0.0,0.0,0.0,0.0,0
8.483,-3.9999999999959317,-1.6719652005269052e-23,-4.891722845876802e-12,1e-12,1e-12,1e-12,0.0,0.0,4.0,4.0,8.944271909995521,0,0.0,0.0,0.0,0.0,0.0,0.0,0
8.583,-3.9999999999959317,-1.671965200204218e-23,-4.891722805552052e-12,1e-12,1e-12,1e-12,0.0,0.0,4.0,4.0,8.944271909995521,0,0.0,0.0,0.0,0.0,0.0,0.0,0
8.683,-3.9999999999959317,-1.6719651992940508e-23,-4.8917227452505515e-12,1e-12,1e-12,1e-12,0.0,0.0,4.0,4.0,8.944271909995521,0,0.0,0.0,0.0,0.0,0.0,0.0,0
8.783,-3.9999999999959317,-1.671965198470948e-23,-4.891722744291323e-12,1e-12,1e-12,1e-12,0.0,0.0,4.0,4.0,8.944271909995521,0,0.0,0.0,0.0,0.0,0.0,0.0,0
8.883,-3.9999999999959317,-1.671965197881395e-23,-4.8917227380402055e-12,1e-12,1e-12,1e-12,0.0,0.0,4.0,4.0,8.944271909995521,0,0.0,0.0,0.0,0.0,0.0,0.0,0
8.983,-3.9999999999959317,-1.6719651967638498e-23,-4.891722726782046e-12,1e-12,1e-12,1e-12,0.0,0.0,4.0,4.0,8.944271909995521,0,0.0,0.0,0.0,0.0,0.0,0.0,0
9.083,-3.9999999999959317,-1.671965195962798e-23,-4.8917227002726e-12,1e-12,1e-12,1e-12,0.0,0.0,4.0,4.0,8.944271909995521,0,0.0,0.0,0.0,0.0,0.0,0.0,0
9.183,-3.9999999999959317,-1.6719651941722415e-23,-4.891722678335162e-12,1e-12,1e-12,1e-12,0.0,0.0,4.0,4.0,8.944271909995521,0,0.0,0.0,0.0,0.0,0.0,0.0,0
9.283,-3.9999999999959317,-1.6719651941387943e-23,-4.8917226627063484e-12,1e-12,1e-12,1e-12,0.0,0.0,4.0,4.0,8.944271909995521,0,0.0,0.0,0.0,0.0,0.0,0.0,0
9.383,-3.9999999999959317,-1.671965192971115e-23,-4.891722651265556e-12,1e-12,1e-12,1e-12,0.0,0.0,4.0,4.0,8.944271909995521,0,0.0,0.0,0.0,0.0,0.0,0.0,0
9.483,-3.9999999999959317,-1.6719651927891343e-23,-4.8917226287996755e-12,1e-12,1e-12,1e-12,0.0,0.0,4.0,4.0,8.944271909995521,0,0.0,0.0,0.0,0.0,0.0,0.0,0
9.583,-3.9999999999959317,-1.671965192908322e-23,-4.891722620744518e-12,1e-12,1e-12,1e-12,0.0,0.0,4.0,4.0,8.944271909995521,0,0.0,0.0,0.0,0.0,0.0,0.0,0
9.683,-3.9999999999959317,-1.6719651928651793e-23,-4.891722609885909e-12,1e-12,1e-12,1e-12,0.0,0.0,4.0,4.0,8.944271909995521,0,0.0,0.0,0.0,0.0,0.0,0.0,0
9.783,-3.9999999999959317,-1.6719651917564257e-23,-4.891722619201833e-12,1e-12,1e-12,1e-12,0.0,0.0,4.0,4.0,8.944271909995521,0,0.0,0.0,0.0,0.0,0.0,0.0,0
9.883,-3.9999999999959317,-1.671965190738696e-23,-4.891722585036311e-12,1e-12,1e-12,1e-12,0.0,0.0,4.0,4.0,8.944271909995521,0,0.0,0.0,0.0,0.0,0.0,0.0,0
9.983,-3.9999999999959317,-1.6719651902906927e-23,-4.891722558447216e-12,1e-12,1e-12,1e-12,0.0,0.0,4.0,4.0,8.944271909995521,0,0.0,0.0,0.0,0.0,0.0,0.0,0
10.083,-3.9999999999959317,-1.671965188527434e-23,-4.891722537422612e-12,1e-12,1e-12,1e-12,0.0,0.0,4.0,4.0,8.944271909995521,0,0.0,0.0,0.0,0.0,0.0,0.0,0
10.183,-3.9999999999959317,-1.6719651878082814e-23,-4.891722525385544e-12,1e-12,1e-12,1e-12,0.0,0.0,4.0,4.0,8.944271909995521,0,0.0,0.0,0.0,0.0,0.0,0.0,0
10.283,-3.9999999999959317,-1.6719651870893326e-23,-4.891722518150291e-12,1e-12,1e-12,1e-12,0.0,0.0,4.0,4.0,8.944271909995521,0,0.0,0.0,0.0,0.0,0.0,0.0,0
10.383,-3.9999999999959317,-1.6719651870562648e-23,-4.891722480975101e-12,1e-12,1e-12,1e-12,0.0,0.0,4.0,4.0,8.944271909995521,0,0.0,0.0,0.0,0.0,0.0,0.0,0
10.483,-3.9999999999959317,-1.6719651870178525e-23,-4.891722452730213e-12,1e-12,1e-12,1e-12,0.0,0.0,4.0,4.0,8.944271909995521,0,0.0,0.0,0.0,0.0,0.0,0.0,0
10.583,-3.9999999999959317,-1.6719651875108093e-23,-4.8917224085460386e-12,1e-12,1e-12,1e-12,0.0,0.0,4.0,4.0,8.944271909995521,0,0.0,0.0,0.0,0.0,0.0,0.0,0
10.683,-3.9999999999959317,-1.671965186079812e-23,-4.891722375949845e-12,1e-12,1e-12,1e-12,0.0,0.0,4.0,4.0,8.944271909995521,0,0.0,0.0,0.0,0.0,0.0,0.0,0
10.783,-3.9999999999959317,-1.6719651863502626e-23,-4.891722348081689e-12,1e-12,1e-12,1e-12,0.0,0.0,4.0,4.0,8.944271909995521,0,0.0,0.0,0.0,0.0,0.0,0.0,0
10.883,-3.9999999999959317,-1.6719651872782954e-23,-4.8917223027042475e-12,1e-12,1e-12,1e-12,0.0,0.0,4.0,4.0,8.944271909995521,0,0.0,0.0,0.0,0.0,0.0,0.0,0
10.983,-3.9999999999959317,-1.6719651844501224e-23,-4.891722257157037e-12,1e-12,1e-12,1e-12,0.0,0.0,4.0,4.0,8.944271909995521,0,0.0,0.0,0.0,0.0,0.0,0.0,0
11.083,-3.9999999999959317,-1.6719651850881487e-23,-4.891722226931918e-12,1e-12,1e-12,1e-12,0.0,0.0,4.0,4.0,8.944271909995521,0,0.0,0.0,0.0,0.0,0.0,0.0,0
11.183,-3.9999999999959317,-1.6719651838542296e-23,-4.891722200680692e-12,1e-12,1e-12,1e-12,0.0,0.0,4.0,4.0,8.944271909995521,0,0.0,0.0,0.0,0.0,0.0,0.0,0
11.283,-3.9999999999959317,-1.6719651842967968e-23,-4.891722169504496e-12,1e-12,1e-12,1e-12,0.0,0.0,4.0,4.0,8.944271909995521,0,0.0,0.0,0.0,0.0,0.0,0.0,0
11.383,-3.9999999999959317,-1.6719651843202182e-23,-4.891722153685089e-12,1e-12,1e-12,1e-12,0.0,0.0,4.0,4.0,8.944271909995521,0,0.0,0.0,0.0,0.0,0.0,0.0,0
11.483,-3.9999999999959317,-1.671965183878526e-23,-4.891722134774067e-12,1e-12,1e-12,1e-12,0.0,0.0,4.0,4.0,8.944271909995521,0,0.0,0.0,0.0,0.0,0.0,0.0,0
11.583,-3.9999999999959317,-1.6719651831408383e-23,-4.89172211718935e-12,1e-12,1e-12,1e-12,0.0,0.0,4.0,4.0,8.944271909995521,0,0.0,0.0,0.0,0.0,0.0,0.0,0
11.683,-3.9999999999959317,-1.6719651827038385e-23,-4.891722115258164e-12,1e-12,1e-12,1e-12,0.0,0.0,4.0,4.0,8.944271909995521,0,0.0,0.0,0.0,0.0,0.0,0.0,0
11.783,-3.9999999999959317,-1.6719651823794935e-23,-4.891722079338158e-12,1e-12,1e-12,1e-12,0.0,0.0,4.0,4.0,8.944271909995521,0,0.0,0.0,0.0,0.0,0.0,0.0,0
11.883,-3.9999999999959317,-1.671965182295632e-23,-4.891722045763025e-12,1e-12,1e-12,1e-12,0.0,0.0,4.0,4.0,8.944271909995521,0,0.0,0.0,0.0,0.0,0.0,0.0,0
11.983,-3.9999999999959317,-1.6719651817935413e-23,-4.89172202868473e-12,1e-12,1e-12,1e-12,0.0,0.0,4.0,4.0,8.944271909995521,0,0.0,0.0,0.0,0.0,0.0,0.0,0
12.083,-3.9999999999959317,-1.6719651818087304e-23,-4.8917220073019094e-12,1e-12,1e-12,1e-12,0.0,0.0,4.0,4.0,8.944271909995521,0,0.0,0.0,0.0,0.0,0.0,0.0,0
12.183,-3.9999999999959317,-1.6719651809426632e-23,-4.8917219928231056e-12,1e-12,1e-12,1e-12,0.0,0.0,4.0,4.0,8.944271909995521,0,0.0,0.0,0.0,0.0,0.0,0.0,0
12.283,-3.9999999999959317,-1.671965180083681e-23,-4.891721974728023e-12,1e-12,1e-12,1e-12,0.0,0.0,4.0,4.0,8.944271909995521,0,0.0,0.0,0.0,0.0,0.0,0.0,0
12.383,-3.9999999999959317,-1.6719651793733254e-23,-4.8917219345413426e-12,1e-12,1e-12,1e-12,0.0,0.0,4.0,4.0,8.944271909995521,0,0.0,0.0,0.0,0.0,0.0,0.0,0
12.483,-3.9999999999959317,-1.671965179123745e-23,-4.891721908400318e-12,1e-12,1e-12,1e-12,0.0,0.0,4.0,4.0,8.944271909995521,0,0.0,0.0,0.0,0.0,0.0,0.0,0
12.583,-3.9999999999959317,-1.671965178533911e-23,-4.891721876573097e-12,1e-12,1e-12,1e-12,0.0,0.0,4.0,4.0,8.944271909995521,0,0.0,0.0,0.0,0.0,0.0,0.0,0
12.683,-3.9999999999959317,-1.6719651769413128e-23,-4.8917218294223046e-12,1e-12,1e-12,1e-12,0.0,0.0,4.0,4.0,8.944271909995521,0,0.0,0.0,0.0,0.0,0.0,0.0,0
12.783,-3.9999999999959317,-1.671965175417596e-23,-4.8917218224181245e-12,1e-12,1e-12,1e-12,0.0,0.0,4.0,4.0,8.944271909995521,0,0.0,0.0,0.0,0.0,0.0,0.0,0
12.883,-3.9999999999959317,-1.6719651754234434e-23,-4.891721774460113e-12,1e-12,1e-12,1e-12,0.0,0.0,4.0,4.0,8.944271909995521,0,0.0,0.0,0.0,0.0,0.0,0.0,0
12.983,-3.9999999999959317,-1.671965175534135e-23,-4.8917217519326274e-12,1e-12,1e-12,1e-12,0.0,0.0,4.0,4.0,8.944271909995521,0,0.0,0.0,0.0,0.0,0.0,0.0,0
13.083,-3.9999999999959317,-1.67196517561047e-23,-4.891721726252538e-12,1e-12,1e-12,1e-12,0.0,0.0,4.0,4.0,8.944271909995521,0,0.0,0.0,0.0,0.0,0.0,0.0,0
13.183,-3.9999999999959317,-1.6719651752496336e-23,-4.891721718115274e-12,1e-12,1e-12,1e-12,0.0,0.0,4.0,4.0,8.944271909995521,0,0.0,0.0,0.0,0.0,0.0,0.0,0
13.283,-3.9999999999959317,-1.671965173269538e-23,-4.891721666594665e-12,1e-12,1e-12,1e-12,0.0,0.0,4.0,4.0,8.944271909995521,0,0.0,0.0,0.0,0.0,0.0,0.0,0
13.383,-3.9999999999959317,-1.6719651732102214e-23,-4.891721653692233e-12,1e-12,1e-12,1e-12,0.0,0.0,4.0,4.0,8.944271909995521,0,0.0,0.0,0.0,0.0,0.0,0.0,0
13.483,-3.9999999999959317,-1.6719651730856234e-23,-4.891721622940651e-12,1e-12,1e-12,1e-12,0.0,0.0,4.0,4.0,8.944271909995521,0,0.0,0.0,0.0,0.0,0.0,0.0,0
13.583,-3.9999999999959317,-1.6719651726648732e-23,-4.89172160168917e-12,1e-12,1e-12,1e-12,0.0,0.0,4.0,4.0,8.944271909995521,0,0.0,0.0,0.0,0.0,0.0,0.0,0
13.683,-3.9999999999959317,-1.671965172277417e-23,-4.891721569171344e-12,1e-12,1e-12,1e-12,0.0,0.0,4.0,4.0,8.944271909995521,0,0.0,0.0,0.0,0.0,0.0,0.0,0
13.783,-3.9999999999959317,-1.6719651714073508e-23,-4.891721544416089e-12,1e-12,1e-12,1e-12,0.0,0.0,4.0,4.0,8.944271909995521,0,0.0,0.0,0.0,0.0,0.0,0.0,0
13.883,-3.9999999999959317,-1.6719651712729306e-23,-4.891721573106003e-12,1e-12,1e-12,1e-12,0.0,0.0,4.0,4.0,8.944271909995521,0,0.0,0.0,0.0,0.0,0.0,0.0,0
13.983,-3.9999999999959317,-1.6719651703880485e-23,-4.891721543193902e-12,1e-12,1e-12,1e-12,0.0,0.0,4.0,4.0,8.944271909995521,0,0.0,0.0,0.0,0.0,0.0,0.0,0
14.083,-3.9999999999959317,-1.671965169928038e-23,-4.891721508479131e-12,1e-12,1e-12,1e-12,0.0,0.0,4.0,4.0,8.944271909995521,0,0.0,0.0,0.0,0.0,0.0,0.0,0
14.183,-3.9999999999959317,-1.6719651688832385e-23,-4.891721512016104e-12,1e-12,1e-12,1e-12,0.0,0.0,4.0,4.0,8.944271909995521,0,0.0,0.0,0.0,0.0,0.0,0.0,0
14.283,-3.9999999999959317,-1.6719651676867016e-23,-4.8917214900365834e-12,1e-12,1e-12,1e-12,0.0,0.0,4.0,4.0,8.944271909995521,0,0.0,0.0,0.0,0.0,0.0,0.0,0
14.383,-3.9999999999959317,-1.671965166642831e-23,-4.8917214736245284e-12,1e-12,1e-12,1e-12,0.0,0.0,4.0,4.0,8.944271909995521,0,0.0,0.0,0.0,0.0,0.0,0.0,0
14.483,-3.9999999999959317,-1.6719651657901355e-23,-4.8917214600117835e-12,1e-12,1e-12,1e-12,0.0,0.0,4.0,4.0,8.944271909995521,0,0.0,0.0,0.0,0.0,0.0,0.0,0
14.583,-3.9999999999959317,-1.6719651657400412e-23,-4.891721427238552e-12,1e-12,1e-12,1e-12,0.0,0.0,4.0,4.0,8.944271909995521,0,0.0,0.0,0.0,0.0,0.0,0.0,0
14.683,-3.9999999999959317,-1.6719651658922957e-23,-4.891721389623712e-12,1e-12,1e-12,1e-12,0.0,0.0,4.0,4.0,8.944271909995521,0,0.0,0.0,0.0,0.0,0.0,0.0,0
14.783,-3.9999999999959317,-1.6719651649734778e-23,-4.891721384331453e-12,1e-12,1e-12,1e-12,0.0,0.0,4.0,4.0,8.944271909995521,0,0.0,0.0,0.0,0.0,0.0,0.0,0
14.883,-3.9999999999959317,-1.6719651650872628e-23,-4.8917213358022514e-12,1e-12,1e-12,1e-12,0.0,0.0,4.0,4.0,8.944271909995521,0,0.0,0.0,0.0,0.0,0.0,0.0,0
14.983,-3.9999999999959317,-1.6719651645180628e-23,-4.891721307002383e-12,1e-12,1e-12,1e-12,0.0,0.0,4.0,4.0,8.944271909995521,0,0.0,0.0,0.0,0.0,0.0,0.0,0
15.083,-3.9999999999959317,-1.671965162647877e-23,-4.8917212967649916e-12,1e-12,1e-12,1e-12,0.0,0.0,4.0,4.0,8.944271909995521,0,0.0,0.0,0.0,0.0,0.0,0.0,0
15.183,-3.9999999999959317,-1.6719651626090303e-23,-4.891721281651446e-12,1e-12,1e-12,1e-12,0.0,0.0,4.0,4.0,8.944271909995521,0,0.0,0.0,0.0,0.0,0.0,0.0,0
15.283,-3.9999999999959317,-1.6719651619115105e-23,-4.891721261848379e-12,1e-12,1e-12,1e-12,0.0,0.0,4.0,4.0,8.944271909995521,0,0.0,0.0,0.0,0.0,0.0,0.0,0
15.383,-3.9999999999959317,-1.6719651611739563e-23,-4.891721226398618e-12,1e-12,1e-12,1e-12,0.0,0.0,4.0,4.0,8.944271909995521,0,0.0,0.0,0.0,0.0,0.0,0.0,0
15.483,-3.9999999999959317,-1.671965160656914e-23,-4.891721199381722e-12,1e-12,1e-12,1e-12,0.0,0.0,4.0,4.0,8.944271909995521,0,0.0,0.0,0.0,0.0,0.0,0.0,0
15.583,-3.9999999999959317,-1.6719651613711493e-23,-4.891721178895941e-12,1e-12,1e-12,1e-12,0.0,0.0,4.0,4.0,8.944271909995521,0,0.0,0.0,0.0,0.0,0.0,0.0,0
15.683,-3.9999999999959317,-1.6719651620532725e-23,-4.891721148232929e-12,1e-12,1e-12,1e-12,0.0,0.0,4.0,4.0,8.944271909995521,0,0.0,0.0,0.0,0.0,0.0,0.0,0
15.783,-3.9999999999959317,-1.6719651623125795e-23,-4.891721151731271e-12,1e-12,1e-12,1e-12,0.0,0.0,4.0,4.0,8.944271909995521,0,0.0,0.0,0.0,0.0,0.0,0.0,0
15.883,-3.9999999999959317,-1.671965161228962e-23,-4.891721139948407e-12,1e-12,1e-12,1e-12,0.0,0.0,4.0,4.0,8.944271909995521,0,0.0,0.0,0.0,0.0,0.0,0.0,0
15.983,-3.9999999999959317,-1.6719651603584397e-23,-4.891721092768465e-12,1e-12,1e-12,1e-12,0.0,0.0,4.0,4.0,8.944271909995521,0,0.0,0.0,0.0,0.0,0.0,0.0,0
16.083,-3.9999999999959317,-1.671965158814345e-23,-4.8917210756099806e-12,1e-12,1e-12,1e-12,0.0,0.0,4.0,4.0,8.944271909995521,0,0.0,0.0,0.0,0.0,0.0,0.0,0
16.183,-3.9999999999959317,-1.6719651585330633e-23,-4.891721061286254e-12,1e-12,1e-12,1e-12,0.0,0.0,4.0,4.0,8.944271909995521,0,0.0,0.0,0.0,0.0,0.0,0.0,0
16.283,-3.9999999999959317,-1.671965157714615e-23,-4.891721045130631e-12,1e-12,1e-12,1e-12,0.0,0.0,4.0,4.0,8.944271909995521,0,0.0,0.0,0.0,0.0,0.0,0.0,0
16.383,-3.9999999999959317,-1.671965157388471e-23,-4.891721036262292e-12,1e-12,1e-12,1e-12,0.0,0.0,4.0,4.0,8.944271909995521,0,0.0,0.0,0.0,0.0,0.0,0.0,0
16.483,-3.9999999999959317,-1.6719651576427886e-23,-4.8917210265404755e-12,1e-12,1e-12,1e-12,0.0,0.0,4.0,4.0,8.944271909995521,0,0.0,0.0,0.0,0.0,0.0,0.0,0
16.583,-3.9999999999959317,-1.6719651566037747e-23,-4.891721012847124e-12,1e-12,1e-12,1e-12,0.0,0.0,4.0,4.0,8.944271909995521,0,0.0,0.0,0.0,0.0,0.0,0.0,0
16.683,-3.9999999999959317,-1.6719651561224903e-23,-4.891721005542522e-12,1e-12,1e-12,1e-12,0.0,0.0,4.0,4.0,8.944271909995521,0,0.0,0.0,0.0,0.0,0.0,0.0,0
16.783,-3.9999999999959317,-1.6719651562057902e-23,-4.89172099148433e-12,1e-12,1e-12,1e-12,0.0,0.0,4.0,4.0,8.944271909995521,0,0.0,0.0,0.0,0.0,0.0,0.0,0
16.883,-3.9999999999959317,-1.6719651554953928e-23,-4.89172095465523e-12,1e-12,1e-12,1e-12,0.0,0.0,4.0,4.0,8.944271909995521,0,0.0,0.0,0.0,0.0,0.0,0.0,0
16.983,-3.9999999999959317,-1.6719651546586313e-23,-4.891720925395234e-12,1e-12,1e-12,1e-12,0.0,0.0,4.0,4.0,8.944271909995521,0,0.0,0.0,0.0,0.0,0.0,0.0,0
17.083,-3.9999999999959317,-1.6719651548470004e-23,-4.891720895701558e-12,1e-12,1e-12,1e-12,0.0,0.0,4.0,4.0,8.944271909995521,0,0.0,0.0,0.0,0.0,0.0,0.0,0
17.183,-3.9999999999959317,-1.6719651548544933e-23,-4.891720891621571e-12,1e-12,1e-12,1e-12,0.0,0.0,4.0,4.0,8.944271909995521,0,0.0,0.0,0.0,0.0,0.0,0.0,0
17.283,-3.9999999999959317,-1.6719651549865687e-23,-4.891720863599936e-12,1e-12,1e-12,1e-12,0.0,0.0,4.0,4.0,8.944271909995521,0,0.0,0.0,0.0,0.0,0.0,0.0,0
17.383,-3.9999999999959317,-1.6719651545267153e-23,-4.891720837562881e-12,1e-12,1e-12,1e-12,0.0,0.0,4.0,4.0,8.944271909995521,0,0.0,0.0,0.0,0.0,0.0,0.0,0
17.483,-3.9999999999959317,-1.671965153681037e-23,-4.891720823440431e-12,1e-12,1e-12,1e-12,0.0,0.0,4.0,4.0,8.944271909995521,0,0.0,0.0,0.0,0.0,0.0,0.0,0
17.583,-3.9999999999959317,-1.671965153552458e-23,-4.891720807237725e-12,1e-12,1e-12,1e-12,0.0,0.0,4.0,4.0,8.944271909995521,0,0.0,0.0,0.0,0.0,0.0,0.0,0
17.683,-3.9999999999959317,-1.6719651523949848e-23,-4.89172078562089e-12,1e-12,1e-12,1e-12,0.0,0.0,4.0,4.0,8.944271909995521,0,0.0,0.0,0.0,0.0,0.0,0.0,0
17.783,-3.9999999999959317,-1.6719651525602196e-23,-4.891720765451076e-12,1e-12,1e-12,1e-12,0.0,0.0,4.0,4.0,8.944271909995521,0,0.0,0.0,0.0,0.0,0.0,0.0,0
17.883,-3.9999999999959317,-1.6719651528702216e-23,-4.891720773356829e-12,1e-12,1e-12,1e-12,0.0,0.0,4.0,4.0,8.944271909995521,0,0.0,0.0,0.0,0.0,0.0,0.0,0
17.983,-3.9999999999959317,-1.6719651507479673e-23,-4.891720739663198e-12,1e-12,1e-12,1e-12,0.0,0.0,4.0,4.0,8.944271909995521,0,0.0,0.0,0.0,0.0,0.0,0.0,0
18.083,-3.9999999999959317,-1.671965149918217e-23,-4.891720700945471e-12,1e-12,1e-12,1e-12,0.0,0.0,4.0,4.0,8.944271909995521,0,0.0,0.0,0.0,0.0,0.0,0.0,0
18.183,-3.9999999999959317,-1.6719651498091993e-23,-4.891720664767009e-12,1e-12,1e-12,1e-12,0.0,0.0,4.0,4.0,8.944271909995521,0,0.0,0.0,0.0,0.0,0.0,0.0,0
18.283,-3.9999999999959317,-1.6719651488248897e-23,-4.891720644509509e-12,1e-12,1e-12,1e-12,0.0,0.0,4.0,4.0,8.944271909995521,0,0.0,0.0,0.0,0.0,0.0,0.0,0
18.383,-3.9999999999959317,-1.671965148147956e-23,-4.891720602912315e-12,1e-12,1e-12,1e-12,0.0,0.0,4.0,4.0,8.944271909995521,0,0.0,0.0,0.0,0.0,0.0,0.0,0
18.483,-3.9999999999959317,-1.6719651486413933e-23,-4.8917205744297155e-12,1e-12,1e-12,1e-12,0.0,0.0,4.0,4.0,8.944271909995521,0,0.0,0.0,0.0,0.0,0.0,0.0,0
18.583,-3.9999999999959317,-1.6719651487711458e-23,-4.891720556375083e-12,1e-12,1e-12,1e-12,0.0,0.0,4.0,4.0,8.944271909995521,0,0.0,0.0,0.0,0.0,0.0,0.0,0
18.683,-3.9999999999959317,-1.6719651473797822e-23,-4.891720524420979e-12,1e-12,1e-12,1e-12,0.0,0.0,4.0,4.0,8.944271909995521,0,0.0,0.0,0.0,0.0,0.0,0.0,0
18.783,-3.9999999999959317,-1.6719651471498432e-23,-4.891720517098943e-12,1e-12,1e-12,1e-12,0.0,0.0,4.0,4.0,8.944271909995521,0,0.0,0.0,0.0,0.0,0.0,0.0,0
18.883,-3.9999999999959317,-1.6719651467301608e-23,-4.891720485976073e-12,1e-12,1e-12,1e-12,0.0,0.0,4.0,4.0,8.944271909995521,0,0.0,0.0,0.0,0.0,0.0,0.0,0
18.983,-3.9999999999959317,-1.6719651452972482e-23,-4.89172044567255e-12,1e-12,1e-12,1e-12,0.0,0.0,4.0,4.0,8.944271909995521,0,0.0,0.0,0.0,0.0,0.0,0.0,0
19.083,-3.9999999999959317,-1.671965144290567e-23,-4.891720415169561e-12,1e-12,1e-12,1e-12,0.0,0.0,4.0,4.0,8.944271909995521,0,0.0,0.0,0.0,0.0,0.0,0.0,0
19.183,-3.9999999999959317,-1.6719651432867182e-23,-4.891720402051433e-12,1e-12,1e-12,1e-12,0.0,0.0,4.0,4.0,8.944271909995521,0,0.0,0.0,0.0,0.0,0.0,0.0,0
19.283,-3.9999999999959317,-1.6719651427890295e-23,-4.891720366240844e-12,1e-12,1e-12,1e-12,0.0,0.0,4.0,4.0,8.944271909995521,0,0.0,0.0,0.0,0.0,0.0,0.0,0
19.383,-3.9999999999959317,-1.6719651430987008e-23,-4.8917203476891e-12,1e-12,1e-12,1e-12,0.0,0.0,4.0,4.0,8.944271909995521,0,0.0,0.0,0.0,0.0,0.0,0.0,0
19.483,-3.9999999999959317,-1.6719651415607372e-23,-4.891720310325379e-12,1e-12,1e-12,1e-12,0.0,0.0,4.0,4.0,8.944271909995521,0,0.0,0.0,0.0,0.0,0.0,0.0,0
19.583,-3.9999999999959317,-1.6719651410630884e-23,-4.891720286965205e-12,1e-12,1e-12,1e-12,0.0,0.0,4.0,4.0,8.944271909995521,0,0.0,0.0,0.0,0.0,0.0,0.0,0
19.683,-3.9999999999959317,-1.671965140274078e-23,-4.891720277068794e-12,1e-12,1e-12,1e-12,0.0,0.0,4.0,4.0,8.944271909995521,0,0.0,0.0,0.0,0.0,0.0,0.0,0
19.783,-3.9999999999959317,-1.6719651389578733e-23,-4.8917202725619165e-12,1e-12,1e-12,1e-12,0.0,0.0,4.0,4.0,8.944271909995521,0,0.0,0.0,0.0,0.0,0.0,0.0,0
19.883,-3.9999999999959317,-1.6719651387525282e-23,-4.891720236222058e-12,1e-12,1e-12,1e-12,0.0,0.0,4.0,4.0,8.944271909995521,0,0.0,0.0,0.0,0.0,0.0,0.0,0
19.983,-3.9999999999959317,-1.6719651384597905e-23,-4.891720191362529e-12,1e-12,1e-12,1e-12,0.0,0.0,4.0,4.0,8.944271909995521,0,0.0,0.0,0.0,0.0,0.0,0.0,0
20.083,-3.9999999999959317,-1.6719651386035205e-23,-4.891720176622894e-12,1e-12,1e-12,1e-12,0.0,0.0,4.0,4.0,8.944271909995521,0,0.0,0.0,0.0,0.0,0.0,0.0,0
20.183,-3.9999999999959317,-1.6719651376406746e-23,-4.891720153979925e-12,1e-12,1e-12,1e-12,0.0,0.0,4.0,4.0,8.944271909995521,0,0.0,0.0,0.0,0.0,0.0,0.0,0
20.283,-3.9999999999959317,-1.6719651369112145e-23,-4.8917201107413415e-12,1e-12,1e-12,1e-12,0.0,0.0,4.0,4.0,8.944271909995521,0,0.0,0.0,0.0,0.0,0.0,0.0,0
20.383,-3.9999999999959317,-1.67196513606327e-23,-4.891720093493511e-12,1e-12,1e-12,1e-12,0.0,0.0,4.0,4.0,8.944271909995521,0,0.0,0.0,0.0,0.0,0.0,0.0,0
20.483,-3.9999999999959317,-1.6719651369623982e-23,-4.891720077396527e-12,1e-12,1e-12,1e-12,0.0,0.0,4.0,4.0,8.944271909995521,0,0.0,0.0,0.0,0.0,0.0,0.0,0
20.583,-3.9999999999959317,-1.6719651379073792e-23,-4.891720058314825e-12,1e-12,1e-12,1e-12,0.0,0.0,4.0,4.0,8.944271909995521,0,0.0,0.0,0.0,0.0,0.0,0.0,0
20.683,-3.9999999999959317,-1.671965136982861e-23,-4.891720025305562e-12,1e-12,1e-12,1e-12,0.0,0.0,4.0,4.0,8.944271909995521,0,0.0,0.0,0.0,0.0,0.0,0.0,0
20.783,-3.9999999999959317,-1.6719651361861105e-23,-4.89171999979741e-12,1e-12,1e-12,1e-12,0.0,0.0,4.0,4.0,8.944271909995521,0,0.0,0.0,0.0,0.0,0.0,0.0,0
20.883,-3.9999999999959317,-1.6719651353574575e-23,-4.891719951952503e-12,1e-12,1e-12,1e-12,0.0,0.0,4.0,4.0,8.944271909995521,0,0.0,0.0,0.0,0.0,0.0,0.0,0
20.983,-3.9999999999959317,-1.671965134161023e-23,-4.891719938898152e-12,1e-12,1e-12,1e-12,0.0,0.0,4.0,4.0,8.944271909995521,0,0.0,0.0,0.0,0.0,0.0,0.0,0
21.083,-3.9999999999959317,-1.6719651343958026e-23,-4.891719916463821e-12,1e-12,1e-12,1e-12,0.0,0.0,4.0,4.0,8.944271909995521,0,0.0,0.0,0.0,0.0,0.0,0.0,0
21.183,-3.9999999999959317,-1.671965133034783e-23,-4.891719883566641e-12,1e-12,1e-12,1e-12,0.0,0.0,4.0,4.0,8.944271909995521,0,0.0,0.0,0.0,0.0,0.0,0.0,0
21.283,-3.9999999999959317,-1.671965132191888e-23,-4.89171984235094e-12,1e-12,1e-12,1e-12,0.0,0.0,4.0,4.0,8.944271909995521,0,0.0,0.0,0.0,0.0,0.0,0.0,0
21.383,-3.9999999999959317,-1.6719651319838916e-23,-4.891719832182052e-12,1e-12,1e-12,1e-12,0.0,0.0,4.0,4.0,8.944271909995521,0,0.0,0.0,0.0,0.0,0.0,0.0,0
21.483,-3.9999999999959317,-1.6719651308943843e-23,-4.891719839150105e-12,1e-12,1e-12,1e-12,0.0,0.0,4.0,4.0,8.944271909995521,0,0.0,0.0,0.0,0.0,0.0,0.0,0
21.583,-3.9999999999959317,-1.671965130779929e-23,-4.891719827695495e-12,1e-12,1e-12,1e-12,0.0,0.0,4.0,4.0,8.944271909995521,0,0.0,0.0,0.0,0.0,0.0,0.0,0
21.683,-3.9999999999959317,-1.6719651303123942e-23,-4.8917198165247345e-12,1e-12,1e-12,1e-12,0.0,0.0,4.0,4.0,8.944271909995521,0,0.0,0.0,0.0,0.0,0.0,0.0,0
21.783,-3.9999999999959317,-1.671965130985333e-23,-4.891719801060585e-12,1e-12,1e-12,1e-12,0.0,0.0,4.0,4.0,8.944271909995521,0,0.0,0.0,0.0,0.0,0.0,0.0,0
21.883,-3.9999999999959317,-1.6719651304216602e-23,-4.89171977805224e-12,1e-12,1e-12,1e-12,0.0,0.0,4.0,4.0,8.944271909995521,0,0.0,0.0,0.0,0.0,0.0,0.0,0
21.983,-3.9999999999959317,-1.6719651292563662e-23,-4.891719761656291e-12,1e-12,1e-12,1e-12,0.0,0.0,4.0,4.0,8.944271909995521,0,0.0,0.0,0.0,0.0,0.0,0.0,0
22.083,-3.9999999999959317,-1.671965130489873e-23,-4.891719761456527e-12,1e-12,1e-12,1e-12,0.0,0.0,4.0,4.0,8.944271909995521,0,0.0,0.0,0.0,0.0,0.0,0.0,0
22.183,-3.9999999999959317,-1.671965130248349e-23,-4.89171974269222e-12,1e-12,1e-12,1e-12,0.0,0.0,4.0,4.0,8.944271909995521,0,0.0,0.0,0.0,0.0,0.0,0.0,0
22.283,-3.9999999999959317,-1.6719651301607057e-23,-4.8917197008262875e-12,1e-12,1e-12,1e-12,0.0,0.0,4.0,4.0,8.944271909995521,0,0.0,0.0,0.0,0.0,0.0,0.0,0
22.383,-3.9999999999959317,-1.6719651279489117e-23,-4.89171964876498e-12,1e-12,1e-12,1e-12,0.0,0.0,4.0,4.0,8.944271909995521,0,0.0,0.0,0.0,0.0,0.0,0.0,0
22.483,-3.9999999999959317,-1.6719651268802116e-23,-4.891719628213185e-12,1e-12,1e-12,1e-12,0.0,0.0,4.0,4.0,8.944271909995521,0,0.0,0.0,0.0,0.0,0.0,0.0,0
22.583,-3.9999999999959317,-1.6719651258948923e-23,-4.891719602504125e-12,1e-12,1e-12,1e-12,0.0,0.0,4.0,4.0,8.944271909995521,0,0.0,0.0,0.0,0.0,0.0,0.0,0
22.683,-3.9999999999959317,-1.6719651257789183e-23,-4.891719560972558e-12,1e-12,1e-12,1e-12,0.0,0.0,4.0,4.0,8.944271909995521,0,0.0,0.0,0.0,0.0,0.0,0.0,0
22.783,-3.9999999999959317,-1.6719651260872778e-23,-4.8917195580162495e-12,1e-12,1e-12,1e-12,0.0,0.0,4.0,4.0,8.944271909995521,0,0.0,0.0,0.0,0.0,0.0,0.0,0
22.883,-3.9999999999959317,-1.6719651249030175e-23,-4.891719548851943e-12,1e-12,1e-12,1e-12,0.0,0.0,4.0,4.0,8.944271909995521,0,0.0,0.0,0.0,0.0,0.0,0.0,0
22.983,-3.9999999999959317,-1.6719651237552254e-23,-4.891719528728928e-12,1e-12,1e-12,1e-12,0.0,0.0,4.0,4.0,8.944271909995521,0,0.0,0.0,0.0,0.0,0.0,0.0,0
23.083,-3.9999999999959317,-1.671965122724735e-23,-4.891719490992882e-12,1e-12,1e-12,1e-12,0.0,0.0,4.0,4.0,8.944271909995521,0,0.0,0.0,0.0,0.0,0.0,0.0,0
23.183,-3.9999999999959317,-1.6719651224662885e-23,-4.8917194746225465e-12,1e-12,1e-12,1e-12,0.0,0.0,4.0,4.0,8.944271909995521,0,0.0,0.0,0.0,0.0,0.0,0.0,0
23.283,-3.9999999999959317,-1.6719651213488027e-23,-4.8917194677425025e-12,1e-12,1e-12,1e-12,0.0,0.0,4.0,4.0,8.944271909995521,0,0.0,0.0,0.0,0.0,0.0,0.0,0
23.383,-3.9999999999959317,-1.67196512161567e-23,-4.8917194080472865e-12,1e-12,1e-12,1e-12,0.0,0.0,4.0,4.0,8.944271909995521,0,0.0,0.0,0.0,0.0,0.0,0.0,0
23.483,-3.9999999999959317,-1.671965122089892e-23,-4.891719393444299e-12,1e-12,1e-12,1e-12,0.0,0.0,4.0,4.0,8.944271909995521,0,0.0,0.0,0.0,0.0,0.0,0.0,0
23.583,-3.9999999999959317,-1.6719651209775834e-23,-4.891719347265444e-12,1e-12,1e-12,1e-12,0.0,0.0,4.0,4.0,8.944271909995521,0,0.0,0.0,0.0,0.0,0.0,0.0,0
23.683,-3.9999999999959317,-1.6719651195002403e-23,-4.8917193251493135e-12,1e-12,1e-12,1e-12,0.0,0.0,4.0,4.0,8.944271909995521,0,0.0,0.0,0.0,0.0,0.0,0.0,0
23.783,-3.9999999999959317,-1.671965120915253e-23,-4.8917192975182975e-12,1e-12,1e-12,1e-12,0.0,0.0,4.0,4.0,8.944271909995521,0,0.0,0.0,0.0,0.0,0.0,0.0,0
23.883,-3.9999999999959317,-1.6719651198954912e-23,-4.8917192422631795e-12,1e-12,1e-12,1e-12,0.0,0.0,4.0,4.0,8.944271909995521,0,0.0,0.0,0.0,0.0,0.0,0.0,0
23.983,-3.9999999999959317,-1.6719651189934603e-23,-4.891719227952225e-12,1e-12,1e-12,1e-12,0.0,0.0,4.0,4.0,8.944271909995521,0,0.0,0.0,0.0,0.0,0.0,0.0,0
24.083,-3.9999999999959317,-1.6719651185746132e-23,-4.891719214158814e-12,1e-12,1e-12,1e-12,0.0,0.0,4.0,4.0,8.944271909995521,0,0.0,0.0,0.0,0.0,0.0,0.0,0
24.183,-3.9999999999959317,-1.6719651180629616e-23,-4.8917192122434064e-12,1e-12,1e-12,1e-12,0.0,0.0,4.0,4.0,8.944271909995521,0,0.0,0.0,0.0,0.0,0.0,0.0,0
24.283,-3.9999999999959317,-1.6719651178250122e-23,-4.89171919001224e-12,1e-12,1e-12,1e-12,0.0,0.0,4.0,4.0,8.944271909995521,0,0.0,0.0,0.0,0.0,0.0,0.0,0
24.383,-3.9999999999959317,-1.6719651173116876e-23,-4.891719180139117e-12,1e-12,1e-12,1e-12,0.0,0.0,4.0,4.0,8.944271909995521,0,0.0,0.0,0.0,0.0,0.0,0.0,0
24.483,-3.9999999999959317,-1.6719651158291744e-23,-4.891719152235224e-12,1e-12,1e-12,1e-12,0.0,0.0,4.0,4.0,8.944271909995521,0,0.0,0.0,0.0,0.0,0.0,0.0,0
24.583,-3.9999999999959317,-1.6719651161853883e-23,-4.891719141854113e-12,1e-12,1e-12,1e-12,0.0,0.0,4.0,4.0,8.944271909995521,0,0.0,0.0,0.0,0.0,0.0,0.0,0
24.683,-3.9999999999959317,-1.6719651160974604e-23,-4.891719129045421e-12,1e-12,1e-12,1e-12,0.0,0.0,4.0,4.0,8.944271909995521,0,0.0,0.0,0.0,0.0,0.0,0.0,0
24.783,-3.9999999999959317,-1.6719651156560558e-23,-4.891719136426772e-12,1e-12,1e-12,1e-12,0.0,0.0,4.0,4.0,8.944271909995521,0,0.0,0.0,0.0,0.0,0.0,0.0,0
24.883,-3.9999999999959317,-1.6719651157254382e-23,-4.8917191158453304e-12,1e-12,1e-12,1e-12,0.0,0.0,4.0,4.0,8.944271909995521,0,0.0,0.0,0.0,0.0,0.0,0.0,0
24.983,-3.9999999999959317,-1.671965115626773e-23,-4.891719111620003e-12,1e-12,1e-12,1e-12,0.0,0.0,4.0,4.0,8.944271909995521,0,0.0,0.0,0.0,0.0,0.0,0.0,0
25.083,-3.9999999999959317,-1.6719651147361433e-23,-4.891719109472049e-12,1e-12,1e-12,1e-12,0.0,0.0,4.0,4.0,8.944271909995521,0,0.0,0.0,0.0,0.0,0.0,0.0,0
25.183,-3.9999999999959317,-1.6719651132016072e-23,-4.891719069097488e-12,1e-12,1e-12,1e-12,0.0,0.0,4.0,4.0,8.944271909995521,0,0.0,0.0,0.0,0.0,0.0,0.0,0
25.283,-3.9999999999959317,-1.67196511382e-23,-4.891719057540239e-12,1e-12,1e-12,1e-12,0.0,0.0,4.0,4.0,8.944271909995521,0,0.0,0.0,0.0,0.0,0.0,0.0,0
25.383,-3.9999999999959317,-1.67196511302786e-23,-4.891719037172648e-12,1e-12,1e-12,1e-12,0.0,0.0,4.0,4.0,8.944271909995521,0,0.0,0.0,0.0,0.0,0.0,0.0,0
25.483,-3.9999999999959317,-1.671965112701986e-23,-4.891719005889316e-12,1e-12,1e-12,1e-12,0.0,0.0,4.0,4.0,8.944271909995521,0,0.0,0.0,0.0,0.0,0.0,0.0,0
25.583,-3.9999999999959317,-1.6719651121619227e-23,-4.891718994287643e-12,1e-12,1e-12,1e-12,0.0,0.0,4.0,4.0,8.944271909995521,0,0.0,0.0,0.0,0.0,0.0,0.0,0
25.683,-3.9999999999959317,-1.6719651116140297e-23,-4.891718969557316e-12,1e-12,1e-12,1e-12,0.0,0.0,4.0,4.0,8.944271909995521,0,0.0,0.0,0.0,0.0,0.0,0.0,0
25.783,-3.9999999999959317,-1.671965111205416e-23,-4.891718967925061e-12,1e-12,1e-12,1e-12,0.0,0.0,4.0,4.0,8.944271909995521,0,0.0,0.0,0.0,0.0,0.0,0.0,0
25.883,-3.9999999999959317,-1.6719651093605974e-23,-4.891718943605544e-12,1e-12,1e-12,1e-12,0.0,0.0,4.0,4.0,8.944271909995521,0,0.0,0.0,0.0,0.0,0.0,0.0,0
25.983,-3.9999999999959317,-1.6719651099715611e-23,-4.891718914819617e-12,1e-12,1e-12,1e-12,0.0,0.0,4.0,4.0,8.944271909995521,0,0.0,0.0,0.0,0.0,0.0,0.0,0
26.083,-3.9999999999959317,-1.6719651097564407e-23,-4.891718880882661e-12,1e-12,1e-12,1e-12,0.0,0.0,4.0,4.0,8.944271909995521,0,0.0,0.0,0.0,0.0,0.0,0.0,0
26.183,-3.9999999999959317,-1.6719651093350427e-23,-4.891718847944405e-12,1e-12,1e-12,1e-12,0.0,0.0,4.0,4.0,8.944271909995521,0,0.0,0.0,0.0,0.0,0.0,0.0,0
26.283,-3.9999999999959317,-1.6719651083439417e-23,-4.891718808703343e-12,1e-12,1e-12,1e-12,0.0,0.0,4.0,4.0,8.944271909995521,0,0.0,0.0,0.0,0.0,0.0,0.0,0
26.383,-3.9999999999959317,-1.671965108591573e-23,-4.891718799991937e-12,1e-12,1e-12,1e-12,0.0,0.0,4.0,4.0,8.944271909995521,0,0.0,0.0,0.0,0.0,0.0,0.0,0
26.483,-3.9999999999959317,-1.6719651088182316e-23,-4.8917187973102726e-12,1e-12,1e-12,1e-12,0.0,0.0,4.0,4.0,8.944271909995521,0,0.0,0.0,0.0,0.0,0.0,0.0,0
26.583,-3.9999999999959317,-1.671965107579311e-23,-4.891718781189547e-12,1e-12,1e-12,1e-12,0.0,0.0,4.0,4.0,8.944271909995521,0,0.0,0.0,0.0,0.0,0.0,0.0,0
26.683,-3.9999999999959317,-1.6719651074784854e-23,-4.891718744680581e-12,1e-12,1e-12,1e-12,0.0,0.0,4.0,4.0,8.944271909995521,0,0.0,0.0,0.0,0.0,0.0,0.0,0
26.783,-3.9999999999959317,-1.6719651061674734e-23,-4.891718725166164e-12,1e-12,1e-12,1e-12,0.0,0.0,4.0,4.0,8.944271909995521,0,0.0,0.0,0.0,0.0,0.0,0.0,0
26.883,-3.9999999999959317,-1.6719651063790165e-23,-4.891718693361771e-12,1e-12,1e-12,1e-12,0.0,0.0,4.0,4.0,8.944271909995521,0,0.0,0.0,0.0,0.0,0.0,0.0,0
26.983,-3.9999999999959317,-1.6719651058098692e-23,-4.891718663345833e-12,1e-12,1e-12,1e-12,0.0,0.0,4.0,4.0,8.944271909995521,0,0.0,0.0,0.0,0.0,0.0,0.0,0
27.083,-3.9999999999959317,-1.6719651053453958e-23,-4.891718619308197e-12,1e-12,1e-12,1e-12,0.0,0.0,4.0,4.0,8.944271909995521,0,0.0,0.0,0.0,0.0,0.0,0.0,0
27.183,-3.9999999999959317,-1.6719651045849053e-23,-4.891718577585509e-12,1e-12,1e-12,1e-12,0.0,0.0,4.0,4.0,8.944271909995521,0,0.0,0.0,0.0,0.0,0.0,0.0,0
27.283,-3.9999999999959317,-1.6719651060847944e-23,-4.891718546051253e-12,1e-12,1e-12,1e-12,0.0,0.0,4.0,4.0,8.944271909995521,0,0.0,0.0,0.0,0.0,0.0,0.0,0
27.383,-3.9999999999959317,-1.6719651054139538e-23,-4.891718500952623e-12,1e-12,1e-12,1e-12,0.0,0.0,4.0,4.0,8.944271909995521,0,0.0,0.0,0.0,0.0,0.0,0.0,0
27.483,-3.9999999999959317,-1.671965105598919e-23,-4.8917184665247345e-12,1e-12,1e-12,1e-12,0.0,0.0,4.0,4.0,8.944271909995521,0,0.0,0.0,0.0,0.0,0.0,0.0,0
27.583,-3.9999999999959317,-1.6719651050710445e-23,-4.891718443639119e-12,1e-12,1e-12,1e-12,0.0,0.0,4.0,4.0,8.944271909995521,0,0.0,0.0,0.0,0.0,0.0,0.0,0
27.683,-3.9999999999959317,-1.6719651019341068e-23,-4.891718413016473e-12,1e-12,1e-12,1e-12,0.0,0.0,4.0,4.0,8.944271909995521,0,0.0,0.0,0.0,0.0,0.0,0.0,0
27.783,-3.9999999999959317,-1.6719651016725913e-23,-4.8917183605749414e-12,1e-12,1e-12,1e-12,0.0,0.0,4.0,4.0,8.944271909995521,0,0.0,0.0,0.0,0.0,0.0,0.0,0
27.883,-3.9999999999959317,-1.6719651016500486e-23,-4.891718328631358e-12,1e-12,1e-12,1e-12,0.0,0.0,4.0,4.0,8.944271909995521,0,0.0,0.0,0.0,0.0,0.0,0.0,0
27.983,-3.9951601229439775,-2.9875532990114938e-05,-0.01234541836835309,1e-12,1e-12,1e-12,0.22,-0.561155380634115,4.0,4.0,8.939956621632458,12,9.034519385763058,122604.87874245018,122562.46458817834,42.241896867643334,0.17225740419484073,0.0,0
28.083,-3.97318096116789,-0.0009183872514872157,-0.06846095640878955,1e-12,1e-12,1e-12,0.22,-0.561155380634115,4.0,4.0,8.920704152754823,12,9.034519385763058,122604.87874245018,122562.46458817834,42.241896867643334,0.17225740419484073,0.0,0
28.183,-3.951286229140994,-0.003038225681372635,-0.12457649445597185,1e-12,1e-12,1e-12,0.22,-0.561155380634115,4.0,4.0,8.902093446712042,12,9.034519385763058,122604.87874245018,122562.46458817834,42.241896867643334,0.17225740419484073,0.0,0
28.283,-3.9295448542694382,-0.006382717301243669,-0.18069203250245272,1e-12,1e-12,1e-12,0.22,-0.561155380634115,4.0,4.0,8.88418730517097,12,9.034519385763058,122604.87874245018,122562.46458817834,42.241896867643334,0.17225740419484073,0.0,0
28.383,-3.9080252811705956,-0.010941333225478507,-0.23680757055144974,1e-12,1e-12,1e-12,0.22,-0.561155380634115,4.0,4.0,8.867046533441101,12,9.034519385763058,122604.87874245018,122562.46458817834,42.241896867643334,0.17225740419484073,0.0,0
28.483,-3.886795256201715,-0.016699722350636936,-0.29292310860785886,1e-12,1e-12,1e-12,0.22,-0.561155380634115,4.0,4.0,8.850729691543945,12,9.034519385763058,122604.87874245018,122562.46458817834,42.241896867643334,0.17225740419484073,0.0,0
28.583,-3.865921614185633,-0.0236397565343903,-0.34903864667519097,1e-12,1e-12,1e-12,0.22,-0.561155380634115,4.0,4.0,8.835292849185976,12,9.034519385763058,122604.87874245018,122562.46458817834,42.241896867643334,0.17225740419484073,0.0,0
28.683,-3.8454700680061187,-0.031739587665374165,-0.40515418474510345,1e-12,1e-12,1e-12,0.22,-0.561155380634115,4.0,4.0,8.820789346239264,12,9.034519385763058,122604.87874245018,122562.46458817834,42.241896867643334,0.17225740419484073,0.0,0
28.783,-3.8255050017354715,-0.040973716443484395,-0.46126972281397155,1e-12,1e-12,1e-12,0.22,-0.561155380634115,4.0,4.0,8.807269560378742,12,9.034519385763058,122604.87874245018,122562.46458817834,42.241896867643334,0.17225740419484073,0.0,0
28.883,-3.8060892679453224,-0.051313072655119585,-0.5173852608817672,1e-12,1e-12,1e-12,0.22,-0.561155380634115,4.0,4.0,8.794780683553025,12,9.034519385763058,122604.87874245018,122562.46458817834,42.241896867643334,0.17225740419484073,0.0,0
28.983,-3.78728398983868,-0.06272510668994288,-0.5735007989484672,1e-12,1e-12,1e-12,0.22,-0.561155380634115,4.0,4.0,8.783366508971753,12,9.034519385763058,122604.87874245018,122562.46458817834,42.241896867643334,0.17225740419484073,0.0,0
29.083,-3.7691483688263,-0.07517389201120143,-0.6296163370140582,1e-12,1e-12,1e-12,0.22,-0.561155380634115,4.0,4.0,8.773067230277338,12,9.034519385763058,122604.87874245018,122562.46458817834,42.241896867643334,0.17225740419484073,0.0,0
29.183,-3.7517394981531087,-0.08862023825704086,-0.6857318750785301,1e-12,1e-12,1e-12,0.22,-0.561155380634115,4.0,4.0,8.763919254529451,12,9.034519385763058,122604.87874245018,122562.46458817834,42.241896867643334,0.17225740419484073,0.0,0
29.283,-3.73511218316139,-0.10302181461675632,-0.7418474131418759,1e-12,1e-12,1e-12,0.22,-0.561155380634115,4.0,4.0,8.755955030567067,12,9.034519385763058,122604.87874245018,122562.46458817834,42.241896867643334,0.17225740419484073,0.0,0
29.383,-3.719318768756591,-0.11833328309357696,-0.7979629512040985,1e-12,1e-12,1e-12,0.22,-0.561155380634115,4.0,4.0,8.749202894224942,12,9.034519385763058,122604.87874245018,122562.46458817834,42.241896867643334,0.17225740419484073,0.0,0
29.483,-3.704408974618893,-0.134506441234455,-0.8540784892652011,1e-12,1e-12,1e-12,0.22,-0.561155380634115,4.0,4.0,8.743686931769535,12,9.034519385763058,122604.87874245018,122562.46458817834,42.241896867643334,0.17225740419484073,0.0,0
29.583,-3.6904297386793243,-0.15149037387752765,-0.9101940273251907,1e-12,1e-12,1e-12,0.22,-0.561155380634115,4.0,4.0,8.739426862784603,12,9.034519385763058,122604.87874245018,122562.46458817834,42.241896867643334,0.17225740419484073,0.0,0
29.683,-3.677425069353175,-0.16923161343953252,-0.9663095653840791,1e-12,1e-12,1e-12,0.22,-0.561155380634115,4.0,4.0,8.736437943580679,12,9.034519385763058,122604.87874245018,122562.46458817834,42.241896867643334,0.17225740419484073,0.0,0
29.783,-3.665435906995903,-0.1876743082385692,-1.0224251034418839,1e-12,1e-12,1e-12,0.22,-0.561155380634115,4.0,4.0,8.734730892027727,12,9.034519385763058,122604.87874245018,122562.46458817834,42.241896867643334,0.17225740419484073,0.0,0
29.883,-3.654499995017677,-0.2067603983223101,-1.0785406414986234,1e-12,1e-12,1e-12,0.22,-0.561155380634115,4.0,4.0,8.73431183451899,12,9.034519385763058,122604.87874245018,122562.46458817834,42.241896867643334,0.17225740419484073,0.0,0
29.983,-3.6446517610623186,-0.22642979824812215,-1.1346561795543106,1e-12,1e-12,1e-12,0.22,-0.561155380634115,4.0,4.0,8.735182275570034,12,9.034519385763058,122604.87874245018,122562.46458817834,42.241896867643334,0.17225740419484073,0.0,0
30.083,-3.63592220862469,-0.2466205862396986,-1.1907717176089805,1e-12,1e-12,1e-12,0.22,-0.561155380634115,4.0,4.0,8.737339090343385,12,9.034519385763058,122604.87874245018,122562.46458817834,42.241896867643334,0.17225740419484073,0.0,0
30.183,-3.6283388194477486,-0.26726919912469294,-1.2468872556626565,1e-12,1e-12,1e-12,0.22,-0.561155380634115,4.0,4.0,8.74077454017044,12,9.034519385763058,122604.87874245018,122562.46458817834,42.241896867643334,0.17225740419484073,0.0,0
30.283,-3.6219254670065166,-0.28831063243968424,-1.3030027937153679,1e-12,1e-12,1e-12,0.22,-0.561155380634115,4.0,4.0,8.745476310921992,12,9.034519385763058,122604.87874245018,122562.46458817834,42.241896867643334,0.17225740419484073,0.0,0
30.383,-3.616702341351343,-0.30967864507250753,-1.3591183317671516,1e-12,1e-12,1e-12,0.22,-0.561155380634115,4.0,4.0,8.751427573861365,12,9.034519385763058,122604.87874245018,122562.46458817834,42.241896867643334,0.17225740419484073,0.0,0
30.483,-3.612685885547053,-0.3313059677977099,-1.415233869818039,1e-12,1e-12,1e-12,0.22,-0.561155380634115,4.0,4.0,8.758607068403478,12,9.034519385763058,122604.87874245018,122562.46458817834,42.241896867643334,0.17225740419484073,0.0,0
30.583,-3.609888743908086,-0.3531245150486449,-1.471349407868076,1e-12,1e-12,1e-12,0.22,-0.561155380634115,4.0,4.0,8.766989206003192,12,9.034519385763058,122604.87874245018,122562.46458817834,42.241896867643334,0.17225740419484073,0.0,0
30.683,-3.6083197221925847,-0.37506559925950356,-1.5274649459173113,1e-12,1e-12,1e-12,0.22,-0.561155380634115,4.0,4.0,8.776544194210416,12,9.034519385763058,122604.87874245018,122562.46458817834,42.241896867643334,0.17225740419484073,0.0,0
30.783,-3.6079837598807454,-0.3970601471025223,-1.583580483965773,1e-12,1e-12,1e-12,0.22,-0.561155380634115,4.0,4.0,8.78723817976083,12,9.034519385763058,122604.87874245018,122562.46458817834,42.241896867643334,0.17225740419484073,0.0,0
30.883,-3.6088819146247078,-0.4190389169396159,-1.6396960220135197,1e-12,1e-12,1e-12,0.22,-0.561155380634115,4.0,4.0,8.7990334094223,12,9.034519385763058,122604.87874245018,122562.46458817834,42.241896867643334,0.17225740419484073,0.0,0
30.983,-3.611011358918929,-0.44093271680387597,-1.6958115600606065,1e-12,1e-12,1e-12,0.22,-0.561155380634115,4.0,4.0,8.811888407190143,12,9.034519385763058,122604.87874245018,122562.46458817834,42.241896867643334,0.17225740419484073,0.0,0
31.083,-3.6143653890015335,-0.4626726222246884,-1.7519270981070694,1e-12,1e-12,1e-12,0.22,-0.561155380634115,4.0,4.0,8.825758166320798,12,9.034519385763058,122604.87874245018,122562.46458817834,42.241896867643334,0.17225740419484073,0.0,0
31.183,-3.6189334459586053,-0.48419019321070184,-1.808042636156074,1e-12,1e-12,1e-12,0.22,-0.561155380634115,4.0,4.0,8.840594354614044,12,9.034519385763058,122604.87874245018,122562.46458817834,42.241896867643334,0.17225740419484073,0.0,0
31.283,-3.624701148965129,-0.5054176897075718,-1.864158174212447,1e-12,1e-12,1e-12,0.22,-0.561155380634115,4.0,4.0,8.856345531299016,12,9.034519385763058,122604.87874245018,122562.46458817834,42.241896867643334,0.17225740419484073,0.0,0
31.383,-3.6316503405574934,-0.5262882848524092,-1.920273712280001,1e-12,1e-12,1e-12,0.22,-0.561155380634115,4.0,4.0,8.872957373847994,12,9.034519385763058,122604.87874245018,122562.46458817834,42.241896867643334,0.17225740419484073,0.0,0
31.483,-3.6397591437956462,-0.5467362753533886,-1.976389250349989,1e-12,1e-12,1e-12,0.22,-0.561155380634115,4.0,4.0,8.89037291303484,12,9.034519385763058,122604.87874245018,122562.46458817834,42.241896867643334,0.17225740419484073,0.0,0
31.583,-3.6490020311341462,-0.5666972883319394,-2.0325047884189034,1e-12,1e-12,1e-12,0.22,-0.561155380634115,4.0,4.0,8.90853277456802,12,9.034519385763058,122604.87874245018,122562.46458817834,42.241896867643334,0.17225740419484073,0.0,0
31.683,-3.6593499047863274,-0.5861084839767083,-2.088620326486721,1e-12,1e-12,1e-12,0.22,-0.561155380634115,4.0,4.0,8.927375425664223,12,9.034519385763058,122604.87874245018,122562.46458817834,42.241896867643334,0.17225740419484073,0.0,0
31.783,-3.6707701883278645,-0.6049087533713486,-2.144735864553433,1e-12,1e-12,1e-12,0.22,-0.561155380634115,4.0,4.0,8.946837424979599,12,9.034519385763058,122604.87874245018,122562.46458817834,42.241896867643334,0.17225740419484073,0.0,0
31.883,-3.683226929251506,-0.6230389108731653,-2.2008514026190276,1e-12,1e-12,1e-12,0.22,-0.561155380634115,4.0,4.0,8.966853674384502,12,9.034519385763058,122604.87874245018,122562.46458817834,42.241896867643334,0.17225740419484073,0.0,0
31.983,-3.696680912150149,-0.6404418804370627,-2.2569669406834967,1e-12,1e-12,1e-12,0.22,-0.561155380634115,4.0,4.0,8.987357671149553,12,9.034519385763058,122604.87874245018,122562.46458817834,42.241896867643334,0.17225740419484073,0.0,0
32.083,-3.711089782171932,-0.6570628752981984,-2.3130824787468387,1e-12,1e-12,1e-12,0.22,-0.561155380634115,4.0,4.0,9.008281759203422,12,9.034519385763058,122604.87874245018,122562.46458817834,42.241896867643334,0.17225740419484073,0.0,0
32.183,-3.726408178358708,-0.6728495704477023,-2.3691980168090585,1e-12,1e-12,1e-12,0.22,-0.561155380634115,4.0,4.0,9.02955737822412,12,9.034519385763058,122604.87874245018,122562.46458817834,42.241896867643334,0.17225740419484073,0.0,0
32.283,-3.7425878764481153,-0.687752267358464,-2.4253135548701548,1e-12,1e-12,1e-12,0.22,-0.561155380634115,4.0,4.0,9.051115309432632,12,9.034519385763058,122604.87874245018,122562.46458817834,42.241896867643334,0.17225740419484073,0.0,0
32.383,-3.7595779406896987,-0.7017240504424297,-2.4814290929301337,1e-12,1e-12,1e-12,0.22,-0.561155380634115,4.0,4.0,9.072885917068888,12,9.034519385763058,122604.87874245018,122562.46458817834,42.241896867643334,0.17225740419484073,0.0,0
32.483,-3.777324884197144,-0.7147209347468484,-2.5375446309890206,1e-12,1e-12,1e-12,0.22,-0.561155380634115,4.0,4.0,9.09479938464243,12,9.034519385763058,122604.87874245018,122562.46458817834,42.241896867643334,0.17225740419484073,0.0,0
32.583,-3.7957728373318056,-0.7267020044245033,-2.5936601690468213,1e-12,1e-12,1e-12,0.22,-0.561155380634115,4.0,4.0,9.116785945162418,12,9.034519385763058,122604.87874245018,122562.46458817834,42.241896867643334,0.17225740419484073,0.0,0
32.683,-3.814863723587443,-0.73762954154201,-2.6497757071035473,1e-12,1e-12,1e-12,0.22,-0.561155380634115,4.0,4.0,9.138776104661638,12,9.034519385763058,122604.87874245018,122562.46458817834,42.241896867643334,0.17225740419484073,0.0,0
32.783,-3.8345374424224654,-0.7474691448206768,-2.705891245159226,1e-12,1e-12,1e-12,0.22,-0.561155380634115,4.0,4.0,9.160700858435664,12,9.034519385763058,122604.87874245018,122562.46458817834,42.241896867643334,0.17225740419484073,0.0,0
32.883,-3.854732058464088,-0.7561898379361096,-2.762006783213894,1e-12,1e-12,1e-12,0.22,-0.561155380634115,4.0,4.0,9.182491899519988,12,9.034519385763058,122604.87874245018,122562.46458817834,42.241896867643334,0.17225740419484073,0.0,0
32.983,-3.8753839964887753,-0.763764167035626,-2.8181223212675635,1e-12,1e-12,1e-12,0.22,-0.561155380634115,4.0,4.0,9.204081819023783,12,9.034519385763058,122604.87874245018,122562.46458817834,42.241896867643334,0.17225740419484073,0.0,0
33.083,-3.8964282415651423,-0.7701682871664818,-2.874237859320261,1e-12,1e-12,1e-12,0.22,-0.561155380634115,4.0,4.0,9.225404298028156,12,9.034519385763058,122604.87874245018,122562.46458817834,42.241896867643334,0.17225740419484073,0.0,0
33.183,-3.9177985437292437,-0.7753820373428179,-2.930353397372037,1e-12,1e-12,1e-12,0.22,-0.561155380634115,4.0,4.0,9.246394290838856,12,9.034519385763058,122604.87874245018,122562.46458817834,42.241896867643334,0.17225740419484073,0.0,0
33.283,-3.939427626547889,-0.7793890040150094,-2.986468935422917,1e-12,1e-12,1e-12,0.22,-0.561155380634115,4.0,4.0,9.266988199457872,12,9.034519385763058,122604.87874245018,122562.46458817834,42.241896867643334,0.17225740419484073,0.0,0
33.383,-3.961247398913434,-0.7821765727416138,-3.0425844734729486,1e-12,1e-12,1e-12,0.22,-0.561155380634115,4.0,4.0,9.287124039205283,12,9.034519385763058,122604.87874245018,122562.46458817834,42.241896867643334,0.17225740419484073,0.0,0
33.483,-3.9831891694032526,-0.7837359679012355,-3.098700011522173,1e-12,1e-12,1e-12,0.22,-0.561155380634115,4.0,4.0,9.306741595481705,12,9.034519385763058,122604.87874245018,122562.46458817834,42.241896867643334,0.17225740419484073,0.0,0
33.583,-4.005183862529087,-0.7840622803193026,3.12836975760896,1e-12,1e-12,1e-12,0.22,-0.561155380634115,4.0,4.0,9.32578257171322,12,9.034519385763058,122604.87874245018,122562.46458817834,42.241896867643334,0.17225740419484073,0.0,0
33.683,-4.027162236195487,-0.7831544827227702,3.0722542195611835,1e-12,1e-12,1e-12,0.22,-0.561155380634115,4.0,4.0,9.344190728564666,12,9.034519385763058,122604.87874245018,122562.46458817834,42.241896867643334,0.17225740419484073,0.0,0
33.783,-4.0490550996827395,-0.7810154329741074,3.016138681514069,1e-12,1e-12,1e-12,0.22,-0.561155380634115,4.0,4.0,9.361912014544107,12,9.034519385763058,122604.87874245018,122562.46458817834,42.241896867643334,0.17225740419484073,0.0,0
33.883,-4.070793531468054,-0.7776518650743871,2.960023143467626,1e-12,1e-12,1e-12,0.22,-0.561155380634115,4.0,4.0,9.378894688151442,12,9.034519385763058,122604.87874245018,122562.46458817834,42.241896867643334,0.17225740419484073,0.0,0
33.983,-4.0923090961992825,-0.7730743679637855,2.9039076054184982,1e-12,1e-12,1e-12,0.22,-0.561155380634115,4.0,4.0,9.395089431747978,12,9.034519385763058,122604.87874245018,122562.46458817834,42.241896867643334,0.17225740419484073,0.0,0
34.083,-4.113534060138021,-0.767297352186123,2.8477920673621298,1e-12,1e-12,1e-12,0.22,-0.561155380634115,4.0,4.0,9.410449457341588,12,9.034519385763058,122604.87874245018,122562.46458817834,42.241896867643334,0.17225740419484073,0.0,0
34.183,-4.134401604394193,-0.7603390045228026,2.7916765292944303,1e-12,1e-12,1e-12,0.22,-0.561155380634115,4.0,4.0,9.42493060449529,12,9.034519385763058,122604.87874245018,122562.46458817834,42.241896867643334,0.17225740419484073,0.0,0
34.283,-4.154846035280566,-0.752221230738352,2.735560991224446,1e-12,1e-12,1e-12,0.22,-0.561155380634115,4.0,4.0,9.438491430573613,12,9.034519385763058,122604.87874245018,122562.46458817834,42.241896867643334,0.17225740419484073,0.0,0
34.383,-4.174802991124689,-0.7429695866186369,2.679445453155551,1e-12,1e-12,1e-12,0.22,-0.561155380634115,4.0,4.0,9.451093293544961,12,9.034519385763058,122604.87874245018,122562.46458817834,42.241896867643334,0.17225740419484073,0.0,0
34.483,-4.194209644887581,-0.7326131975177874,2.6233299150877394,1e-12,1e-12,1e-12,0.22,-0.561155380634115,4.0,4.0,9.462700427557042,12,9.034519385763058,122604.87874245018,122562.46458817834,42.241896867643334,0.17225740419484073,0.0,0
34.583,-4.21300490195132,-0.721184666667844,2.5672143770210387,1e-12,1e-12,1e-12,0.22,-0.561155380634115,4.0,4.0,9.473280011498444,12,9.034519385763058,122604.87874245018,122562.46458817834,42.241896867643334,0.17225740419484073,0.0,0
34.683,-4.2311295924526675,-0.7087199725396357,2.5110988389554545,1e-12,1e-12,1e-12,0.22,-0.561155380634115,4.0,4.0,9.482802230751398,12,9.034519385763058,122604.87874245018,122562.46458817834,42.241896867643334,0.17225740419484073,0.0,0
34.783,-4.24852665755734,-0.6952583555779674,2.4549833008909907,1e-12,1e-12,1e-12,0.22,-0.561155380634115,4.0,4.0,9.491240332330586,12,9.034519385763058,122604.87874245018,122562.46458817834,42.241896867643334,0.17225740419484073,0.0,0
34.883,-4.265141329088487,-0.6808421946677029,2.398867762827665,1e-12,1e-12,1e-12,0.22,-0.561155380634115,4.0,4.0,9.49857067359022,12,9.034519385763058,122604.87874245018,122562.46458817834,42.241896867643334,0.17225740419484073,0.0,0
34.983,-4.280921301943885,-0.6655168737196349,2.3427522247654564,1e-12,1e-12,1e-12,0.22,-0.561155380634115,4.0,4.0,9.50477276466674,12,9.034519385763058,122604.87874245018,122562.46458817834,42.241896867643334,0.17225740419484073,0.0,0
35.083,-4.295816898759063,-0.6493306387961564,2.2866366867043717,1e-12,1e-12,1e-12,0.22,-0.561155380634115,4.0,4.0,9.509829304808006,12,9.034519385763058,122604.87874245018,122562.46458817834,42.241896867643334,0.17225740419484073,0.0,0
35.183,-4.309781226297972,-0.632334446226507,2.230521148644401,1e-12,1e-12,1e-12,0.22,-0.561155380634115,4.0,4.0,9.513726212721851,12,9.034519385763058,122604.87874245018,122562.46458817834,42.241896867643334,0.17225740419484073,0.0,0
35.283,-4.322770323078864,-0.6145818021897603,2.1744056105855267,1e-12,1e-12,1e-12,0.22,-0.561155380634115,4.0,4.0,9.516452651057701,12,9.034519385763058,122604.87874245018,122562.46458817834,42.241896867643334,0.17225740419484073,0.0,0
35.383,-4.3347432977706415,-0.5961285942705553,2.118290072527746,1e-12,1e-12,1e-12,0.22,-0.561155380634115,4.0,4.0,9.518001045114676,12,9.034519385763058,122604.87874245018,122562.46458817834,42.241896867643334,0.17225740419484073,0.0,0
35.483,-4.345662457923966,-0.577032915517858,2.062174534471022,1e-12,1e-12,1e-12,0.22,-0.561155380634115,4.0,4.0,9.51836709584871,12,9.034519385763058,122604.87874245018,122562.46458817834,42.241896867643334,0.17225740419484073,0.0,0
35.583,-4.355493428631896,-0.5573548815606546,2.0060589964153546,1e-12,1e-12,1e-12,0.22,-0.561155380634115,4.0,4.0,9.517549787229669,12,9.034519385763058,122604.87874245018,122562.46458817834,42.241896867643334,0.17225740419484073,0.0,0
35.683,-4.36420526074647,-0.5371564413562818,1.9499434583606974,1e-12,1e-12,1e-12,0.22,-0.561155380634115,4.0,4.0,9.515551387977458,12,9.034519385763058,122604.87874245018,122562.46458817834,42.241896867643334,0.17225740419484073,0.0,0
35.783,-4.371770528310563,-0.5165011821672293,1.8938279203070416,1e-12,1e-12,1e-12,0.22,-0.561155380634115,4.0,4.0,9.512377447684008,12,9.034519385763058,122604.87874245018,122562.46458817834,42.241896867643334,0.17225740419484073,0.0,0
35.883,-4.378165414898302,-0.49545412938032773,1.8377123822543517,1e-12,1e-12,1e-12,0.22,-0.561155380634115,4.0,4.0,9.508036787305814,12,9.034519385763058,122604.87874245018,122562.46458817834,42.241896867643334,0.17225740419484073,0.0,0
35.983,-4.383369788592194,-0.4740815417985519,1.7815968442025492,1e-12,1e-12,1e-12,0.22,-0.561155380634115,4.0,4.0,9.502541483989578,12,9.034519385763058,122604.87874245018,122562.46458817834,42.241896867643334,0.17225740419484073,0.0,0
36.083,-4.387367265360978,-0.4524507030498827,1.725481306151707,1e-12,1e-12,1e-12,0.22,-0.561155380634115,4.0,4.0,9.495906850171725,12,9.034519385763058,122604.87874245018,122562.46458817834,42.241896867643334,0.17225740419484073,0.0,0
36.183,-4.390145260638634,-0.43062970976984677,1.669365768101608,1e-12,1e-12,1e-12,0.22,-0.561155380634115,4.0,4.0,9.48815140687121,12,9.034519385763058,122604.87874245018,122562.46458817834,42.241896867643334,0.17225740419484073,0.0,0
36.283,-4.391695028942204,-0.40868725722468535,1.6132502300524778,1e-12,1e-12,1e-12,0.22,-0.561155380634115,4.0,4.0,9.479296851074377,12,9.034519385763058,122604.87874245018,122562.46458817834,42.241896867643334,0.17225740419484073,0.0,0
36.383,-4.3920116914036855,-0.386692423049832,1.5571346920040325,1e-12,1e-12,1e-12,0.22,-0.561155380634115,4.0,4.0,9.46936801709063,12,9.034519385763058,122604.87874245018,122562.46458817834,42.241896867643334,0.17225740419484073,0.0,0
36.483,-4.391094251129325,-0.36471444978478146,1.5010191539562572,1e-12,1e-12,1e-12,0.22,-0.561155380634115,4.0,4.0,9.458392831739209,12,9.034519385763058,122604.87874245018,122562.46458817834,42.241896867643334,0.17225740419484073,0.0,0
36.583,-4.3889455963379715,-0.34282252688874304,1.4449036159091577,1e-12,1e-12,1e-12,0.22,-0.561155380634115,4.0,4.0,9.446402263209555,12,9.034519385763058,122604.87874245018,122562.46458817834,42.241896867643334,0.17225740419484073,0.0,0
36.683,-4.385572491268592,-0.3210855729233879,1.3887880778627049,1e-12,1e-12,1e-12,0.22,-0.561155380634115,4.0,4.0,9.433430263422059,12,9.034519385763058,122604.87874245018,122562.46458817834,42.241896867643334,0.17225740419484073,0.0,0
36.783,-4.380985554885594,-0.2995720185885255,1.3326725398135344,1e-12,1e-12,1e-12,0.22,-0.561155380634115,4.0,4.0,9.419513703702034,12,9.034519385763058,122604.87874245018,122562.46458817834,42.241896867643334,0.17225740419484073,0.0,0
36.883,-4.375199227448823,-0.2783495912935483,1.27655700175718,1e-12,1e-12,1e-12,0.22,-0.561155380634115,4.0,4.0,9.40469230356746,12,9.034519385763058,122604.87874245018,122562.46458817834,42.241896867643334,0.17225740419484073,0.0,0
36.983,-4.368231725053973,-0.25748510194286944,1.2204414636895033,1e-12,1e-12,1e-12,0.22,-0.561155380634115,4.0,4.0,9.38900855242263,12,9.034519385763058,122604.87874245018,122562.46458817834,42.241896867643334,0.17225740419484073,0.0,0
37.083,-4.360104982285833,-0.2370442346064814,1.1643259256195115,1e-12,1e-12,1e-12,0.22,-0.561155380634115,4.0,4.0,9.37250762394208,12,9.034519385763058,122604.87874245018,122562.46458817834,42.241896867643334,0.17225740419484073,0.0,0
37.183,-4.350844583165774,-0.2170913397383377,1.1082103875506375,1e-12,1e-12,1e-12,0.22,-0.561155380634115,4.0,4.0,9.355237282927956,12,9.034519385763058,122604.87874245018,122562.46458817834,42.241896867643334,0.17225740419484073,0.0,0
37.283,-4.340479680609778,-0.19768923159293866,1.0520948494828293,1e-12,1e-12,1e-12,0.22,-0.561155380634115,4.0,4.0,9.337247784422127,12,9.034519385763058,122604.87874245018,122562.46458817834,42.241896867643334,0.17225740419484073,0.0,0
37.383,-4.32904290465133,-0.17889899047803048,0.995979311416136,1e-12,1e-12,1e-12,0.22,-0.561155380634115,4.0,4.0,9.318591764861308,12,9.034519385763058,122604.87874245018,122562.46458817834,42.241896867643334,0.17225740419484073,0.0,0
37.483,-4.316570259717912,-0.16077977046600442,0.9398637733505695,1e-12,1e-12,1e-12,0.22,-0.561155380634115,4.0,4.0,9.299324125071864,12,9.034519385763058,122604.87874245018,122562.46458817834,42.241896867643334,0.17225740419484073,0.0,0
37.583,-4.303101011284472,-0.14338861316934384,0.883748235286113,1e-12,1e-12,1e-12,0.22,-0.561155380634115,4.0,4.0,9.279501904915726,12,9.034519385763058,122604.87874245018,122562.46458817834,42.241896867643334,0.17225740419484073,0.0,0
37.683,-4.2886775622607205,-0.12678026816636817,0.8276326972227878,1e-12,1e-12,1e-12,0.22,-0.561155380634115,4.0,4.0,9.259184149418974,12,9.034519385763058,122604.87874245018,122562.46458817834,42.241896867643334,0.17225740419484073,0.0,0
37.783,-4.273345319501363,-0.1110070206425877,0.7715171591605964,1e-12,1e-12,1e-12,0.22,-0.561155380634115,4.0,4.0,9.238431766240835,12,9.034519385763058,122604.87874245018,122562.46458817834,42.241896867643334,0.17225740419484073,0.0,0
37.883,-4.257152550859531,-0.09611852679026911,0.7154016210995151,1e-12,1e-12,1e-12,0.22,-0.561155380634115,4.0,4.0,9.217307374373522,12,9.034519385763058,122604.87874245018,122562.46458817834,42.241896867643334,0.17225740419484073,0.0,0
37.983,-4.240150233233441,-0.08216165748442907,0.659286083039529,1e-12,1e-12,1e-12,0.22,-0.561155380634115,4.0,4.0,9.195875144003052,12,9.034519385763058,122604.87874245018,122562.46458817834,42.241896867643334,0.17225740419484073,0.0,0
38.083,-4.222391892084631,-0.0691803507273509,0.6031705449806728,1e-12,1e-12,1e-12,0.22,-0.561155380634115,4.0,4.0,9.174200627507807,12,9.034519385763058,122604.87874245018,122562.46458817834,42.241896867643334,0.17225740419484073,0.0,0
38.183,-4.203933432932969,-0.05721547332614477,0.5470550069228912,1e-12,1e-12,1e-12,0.22,-0.561155380634115,4.0,4.0,9.152350581626145,12,9.034519385763058,122604.87874245018,122562.46458817834,42.241896867643334,0.17225740419484073,0.0,0
38.283,-4.184832965358973,-0.046304692238845965,0.49093946886617806,1e-12,1e-12,1e-12,0.22,-0.561155380634115,4.0,4.0,9.130392780886321,12,9.034519385763058,122604.87874245018,122562.46458817834,42.241896867643334,0.17225740419484073,0.0,0
38.383,-4.165150620067445,-0.03648235599402857,0.43482393081048476,1e-12,1e-12,1e-12,0.22,-0.561155380634115,4.0,4.0,9.108395822461762,12,9.034519385763058,122604.87874245018,122562.46458817834,42.241896867643334,0.17225740419484073,0.0,0
38.483,-4.1449483595883585,-0.027779386557267385,0.3787083927558527,1e-12,1e-12,1e-12,0.22,-0.561155380634115,4.0,4.0,9.086428922692168,12,9.034519385763058,122604.87874245018,122562.46458817834,42.241896867643334,0.17225740419484073,0.0,0
38.583,-4.1242897832109096,-0.020223181984844546,0.3225928547022135,1e-12,1e-12,1e-12,0.22,-0.561155380634115,4.0,4.0,9.064561705595782,12,9.034519385763058,122604.87874245018,122562.46458817834,42.241896867643334,0.17225740419484073,0.0,0
38.683,-4.103239926764858,-0.013837530171183592,0.2664773166495176,1e-12,1e-12,1e-12,0.22,-0.561155380634115,4.0,4.0,9.042863983790028,12,9.034519385763058,122604.87874245018,122562.46458817834,42.241896867643334,0.17225740419484073,0.0,0
38.783,-4.081865057879461,-0.008642533961530554,0.21036177859775076,1e-12,1e-12,1e-12,0.22,-0.561155380634115,4.0,4.0,9.021405532335773,12,9.034519385763058,122604.87874245018,122562.46458817834,42.241896867643334,0.17225740419484073,0.0,0
38.883,-4.060232467364528,-0.004654547865633544,0.15424624054691916,1e-12,1e-12,1e-12,0.22,-0.561155380634115,4.0,4.0,9.000255856124213,12,9.034519385763058,122604.87874245018,122562.46458817834,42.241896867643334,0.17225740419484073,0.0,0
38.983,-4.03841025737037,-0.0018861265716629745,0.09813070249683008,1e-12,1e-12,1e-12,0.22,-0.561155380634115,4.0,4.0,8.97948395153329,12,9.034519385763058,122604.87874245018,122562.46458817834,42.241896867643334,0.17225740419484073,0.0,0
39.083,-4.0164671269936,-0.00034598542245887603,0.042015164447706504,1e-12,1e-12,1e-12,0.22,-0.561155380634115,4.0,4.0,8.959158063191797,12,9.034519385763058,122604.87874245018,122562.46458817834,42.241896867643334,0.17225740419484073,0.0,0
39.183,-3.9944721560035505,-3.897297851440064e-05,-0.01410037360073322,1e-12,1e-12,1e-12,0.22,-0.561155380634115,4.0,4.0,8.939345436801458,12,9.034519385763058,122604.87874245018,122562.46458817834,42.241896867643334,0.17225740419484073,0.0,0
39.283,-3.97249458737043,-0.0009660557540990575,-0.07021591164850326,1e-12,1e-12,1e-12,0.22,-0.561155380634115,4.0,4.0,8.920112069080036,12,9.034519385763058,122604.87874245018,122562.46458817834,42.241896867643334,0.17225740419484073,0.0,0
39.383,-3.9506036092796135,-0.0031243151745424724,-0.12633144969559917,1e-12,1e-12,1e-12,0.22,-0.561155380634115,4.0,4.0,8.90152245599772,12,9.034519385763058,122604.87874245018,122562.46458817834,42.241896867643334,0.17225740419484073,0.0,0
39.483,-3.9288681373184047,-0.006506956764281202,-0.1824469877420502,1e-12,1e-12,1e-12,0.22,-0.561155380634115,4.0,4.0,8.883639340584669,12,9.034519385763058,122604.87874245018,122562.46458817834,42.241896867643334,0.17225740419484073,0.0,0
39.583,-3.907356597521084,-0.01110333153672654,-0.23856252579131773,1e-12,1e-12,1e-12,0.22,-0.561155380634115,4.0,4.0,8.866523461685828,12,9.034519385763058,122604.87874245018,122562.46458817834,42.241896867643334,0.17225740419484073,0.0,0
39.683,-3.886136710955012,-0.016898969518784463,-0.29467806384765777,1e-12,1e-12,1e-12,0.22,-0.561155380634115,4.0,4.0,8.850233305127803,12,9.034519385763058,122604.87874245018,122562.46458817834,42.241896867643334,0.17225740419484073,0.0,0
39.783,-3.86527528052606,-0.02387562530397977,-0.35079360191550857,1e-12,1e-12,1e-12,0.22,-0.561155380634115,4.0,4.0,8.834824858839578,12,9.034519385763058,122604.87874245018,122562.46458817834,42.241896867643334,0.17225740419484073,0.0,0
39.883,-3.8448379806743658,-0.03201133549147714,-0.40690913998547684,1e-12,1e-12,1e-12,0.22,-0.561155380634115,4.0,4.0,8.820351373531716,12,9.034519385763058,122604.87874245018,122562.46458817834,42.241896867643334,0.17225740419484073,0.0,0
39.983,-3.8248891506229596,-0.04128048782933611,-0.46302467805436354,1e-12,1e-12,1e-12,0.22,-0.561155380634115,4.0,4.0,8.806863130584409,12,9.034519385763058,122604.87874245018,122562.46458817834,42.241896867643334,0.17225740419484073,0.0,0
40.083,-3.8054915918298065,-0.05165390184531798,-0.5191402161221629,1e-12,1e-12,1e-12,0.22,-0.561155380634115,4.0,4.0,8.794407218821755,12,9.034519385763058,122604.87874245018,122562.46458817834,42.241896867643334,0.17225740419484073,0.0,0
40.183,-3.786706370280691,-0.06309892071078904,-0.5752557541888359,1e-12,1e-12,1e-12,0.22,-0.561155380634115,4.0,4.0,8.78302732185498,12,9.034519385763058,122604.87874245018,122562.46458817834,42.241896867643334,0.17225740419484073,0.0,0
40.283,-3.76859262424579,-0.07557951404853704,-0.6313712922543996,1e-12,1e-12,1e-12,0.22,-0.561155380634115,4.0,4.0,8.77276351766182,12,9.034519385763058,122604.87874245018,122562.46458817834,42.241896867643334,0.17225740419484073,0.0,0
40.383,-3.7512073781047905,-0.08905639136103528,-0.687486830318853,1e-12,1e-12,1e-12,0.22,-0.561155380634115,4.0,4.0,8.763652092028567,12,9.034519385763058,122604.87874245018,122562.46458817834,42.241896867643334,0.17225740419484073,0.0,0
40.483,-3.7346053628269615,-0.10348712572187702,-0.7436023683821541,1e-12,1e-12,1e-12,0.22,-0.561155380634115,4.0,4.0,8.755725367417412,12,9.034519385763058,122604.87874245018,122562.46458817834,42.241896867643334,0.17225740419484073,0.0,0
40.583,-3.718838843671015,-0.11882628734120076,-0.7997179064443515,1e-12,1e-12,1e-12,0.22,-0.561155380634115,4.0,4.0,8.749011548732657,12,9.034519385763058,122604.87874245018,122562.46458817834,42.241896867643334,0.17225740419484073,0.0,0
40.683,-3.703957455647473,-0.13502558658440883,-0.8558334445054168,1e-12,1e-12,1e-12,0.22,-0.561155380634115,4.0,4.0,8.743534587347042,12,9.034519385763058,122604.87874245018,122562.46458817834,42.241896867643334,0.17225740419484073,0.0,0
40.783,-3.690008047261287,-0.1520340259941311,-0.9119489825653948,1e-12,1e-12,1e-12,0.22,-0.561155380634115,4.0,4.0,8.739314064613788,12,9.034519385763058,122604.87874245018,122562.46458817834,42.241896867643334,0.17225740419484073,0.0,0
40.883,-3.6770345330268226,-0.16979806083666765,-0.9680645206242319,1e-12,1e-12,1e-12,0.22,-0.561155380634115,4.0,4.0,8.736365095933412,12,9.034519385763058,122604.87874245018,122562.46458817834,42.241896867643334,0.17225740419484073,0.0,0
40.983,-3.6650777552193285,-0.18826176766768618,-1.0241800586820164,1e-12,1e-12,1e-12,0.22,-0.561155380634115,4.0,4.0,8.734698256268791,12,9.034519385763058,122604.87874245018,122562.46458817834,42.241896867643334,0.17225740419484073,0.0,0
41.083,-3.654175355298296,-0.20736702038629087,-1.080295596738712,1e-12,1e-12,1e-12,0.22,-0.561155380634115,4.0,4.0,8.734319527810396,12,9.034519385763058,122604.87874245018,122562.46458817834,42.241896867643334,0.17225740419484073,0.0,0
41.183,-3.644361655407309,-0.2270536732234574,-1.1364111347944157,1e-12,1e-12,1e-12,0.22,-0.561155380634115,4.0,4.0,8.735230270289014,12,9.034519385763058,122604.87874245018,122562.46458817834,42.241896867643334,0.17225740419484073,0.0,0
41.283,-3.635667550323613,-0.2472597500884844,-1.1925266728490058,1e-12,1e-12,1e-12,0.22,-0.561155380634115,4.0,4.0,8.73742721421968,12,9.034519385763058,122604.87874245018,122562.46458817834,42.241896867643334,0.17225740419484073,0.0,0
41.383,-3.6281204101973663,-0.267921639677732,-1.2486422109026551,1e-12,1e-12,1e-12,0.22,-0.561155380634115,4.0,4.0,8.74090247714154,12,9.034519385763058,122604.87874245018,122562.46458817834,42.241896867643334,0.17225740419484073,0.0,0
41.483,-3.621743994386971,-0.28897429573100214,-1.3047577489553368,1e-12,1e-12,1e-12,0.22,-0.561155380634115,4.0,4.0,8.745643602698152,12,9.034519385763058,122604.87874245018,122562.46458817834,42.241896867643334,0.17225740419484073,0.0,0
41.583,-3.6165583766615503,-0.31035144180554136,-1.360873287007095,1e-12,1e-12,1e-12,0.22,-0.561155380634115,4.0,4.0,8.751633622185537,12,9.034519385763058,122604.87874245018,122562.46458817834,42.241896867643334,0.17225740419484073,0.0,0
41.683,-3.6125798820061945,-0.3319857799226466,-1.4169888250579228,1e-12,1e-12,1e-12,0.22,-0.561155380634115,4.0,4.0,8.758851137984792,12,9.034519385763058,122604.87874245018,122562.46458817834,42.241896867643334,0.17225740419484073,0.0,0
41.783,-3.60982103522881,-0.3538092024303239,-1.4731043631080023,1e-12,1e-12,1e-12,0.22,-0.561155380634115,4.0,4.0,8.76727042809664,12,9.034519385763058,122604.87874245018,122562.46458817834,42.241896867643334,0.17225740419484073,0.0,0
41.883,-3.608290521530436,-0.3757530064148413,-1.5292199011571295,1e-12,1e-12,1e-12,0.22,-0.561155380634115,4.0,4.0,8.77686157080983,12,9.034519385763058,122604.87874245018,122562.46458817834,42.241896867643334,0.17225740419484073,0.0,0
41.983,-3.6079931591631276,-0.39774810998623356,-1.5853354392055565,1e-12,1e-12,1e-12,0.22,-0.561155380634115,4.0,4.0,8.787590588367237,12,9.034519385763058,122604.87874245018,122562.46458817834,42.241896867643334,0.17225740419484073,0.0,0
42.083,-3.608929884261482,-0.4197252697569158,-1.641450977253317,1e-12,1e-12,1e-12,0.22,-0.561155380634115,4.0,4.0,8.7994196083455,12,9.034519385763058,122604.87874245018,122562.46458817834,42.241896867643334,0.17225740419484073,0.0,0
42.183,-3.61109774789557,-0.4416152988286839,-1.697566515300417,1e-12,1e-12,1e-12,0.22,-0.561155380634115,4.0,4.0,8.812307041337702,12,9.034519385763058,122604.87874245018,122562.46458817834,42.241896867643334,0.17225740419484073,0.0,0
42.283,-3.6144899253545386,-0.46334928460184627,-1.7536820533468531,1e-12,1e-12,1e-12,0.22,-0.561155380634115,4.0,4.0,8.826207773425775,12,9.034519385763058,122604.87874245018,122562.46458817834,42.241896867643334,0.17225740419484073,0.0,0
42.383,-3.619095737631672,-0.4848588057208462,-1.8097975913962774,1e-12,1e-12,1e-12,0.22,-0.561155380634115,4.0,4.0,8.841073371850781,12,9.034519385763058,122604.87874245018,122562.46458817834,42.241896867643334,0.17225740419484073,0.0,0
42.483,-3.624900685043407,-0.506076147473364,-1.865913129452595,1e-12,1e-12,1e-12,0.22,-0.561155380634115,4.0,4.0,8.856852302234909,12,9.034519385763058,122604.87874245018,122562.46458817834,42.241896867643334,0.17225740419484073,0.0,0
42.583,-3.631886492875996,-0.5269345149649209,-1.9220286675206066,1e-12,1e-12,1e-12,0.22,-0.561155380634115,4.0,4.0,8.873490155678528,12,9.034519385763058,122604.87874245018,122562.46458817834,42.241896867643334,0.17225740419484073,0.0,0
42.683,-3.6400311689168023,-0.5473682433979281,-1.9781442055905656,1e-12,1e-12,1e-12,0.22,-0.561155380634115,4.0,4.0,8.890929884049486,12,9.034519385763058,122604.87874245018,122562.46458817834,42.241896867643334,0.17225740419484073,0.0,0
42.783,-3.6493090726882187,-0.5673130047925926,-2.0342597436594154,1e-12,1e-12,1e-12,0.22,-0.561155380634115,4.0,4.0,8.909112041795066,12,9.034519385763058,122604.87874245018,122562.46458817834,42.241896867643334,0.17225740419484073,0.0,0
42.883,-3.6596909961673934,-0.5867060104996322,-2.090375281727215,1e-12,1e-12,1e-12,0.22,-0.561155380634115,4.0,4.0,8.927975032644373,12,9.034519385763058,122604.87874245018,122562.46458817834,42.241896867643334,0.17225740419484073,0.0,0
43.003,-3.673560353141529,-0.6091634728113797,-2.1577139274070536,1e-12,1e-12,1e-12,0.22,-0.561155380634115,4.0,4.0,8.95141979869139,12,9.034519385763058,122604.87874245018,122562.46458817834,42.241896867643334,0.17225740419484073,0.0,0
43.083,-3.6836327950764867,-0.6235944774379831,-2.2026063578594335,1e-12,1e-12,1e-12,0.22,-0.561155380634115,4.0,4.0,8.96748787684544,12,9.034519385763058,122604.87874245018,122562.46458817834,42.241896867643334,0.17225740419484073,0.0,0
43.183,-3.697117298673844,-0.6409738090767869,-2.25872189592385,1e-12,1e-12,1e-12,0.22,-0.561155380634115,4.0,4.0,8.988006041724763,12,9.034519385763058,122604.87874245018,122562.46458817834,42.241896867643334,0.17225740419484073,0.0,0
43.283,-3.7115553155939853,-0.6575694914337257,-2.314837433987161,1e-12,1e-12,1e-12,0.22,-0.561155380634115,4.0,4.0,9.008942166148035,12,9.034519385763058,122604.87874245018,122562.46458817834,42.241896867643334,0.17225740419484073,0.0,0
43.383,-3.7269013931206114,-0.6733292791869094,-2.370952972049355,1e-12,1e-12,1e-12,0.22,-0.561155380634115,4.0,4.0,9.030227665497414,12,9.034519385763058,122604.87874245018,122562.46458817834,42.241896867643334,0.17225740419484073,0.0,0
43.483,-3.7431072198469773,-0.6882035585171403,-2.4270685101104377,1e-12,1e-12,1e-12,0.22,-0.561155380634115,4.0,4.0,9.051793304320375,12,9.034519385763058,122604.87874245018,122562.46458817834,42.241896867643334,0.17225740419484073,0.0,0
43.583,-3.7601217777663414,-0.7021455032985188,-2.4831840481703864,1e-12,1e-12,1e-12,0.22,-0.561155380634115,4.0,4.0,9.073569437655388,12,9.034519385763058,122604.87874245018,122562.46458817834,42.241896867643334,0.17225740419484073,0.0,0
43.683,-3.7778915028831856,-0.7151112225130823,-2.539299586229244,1e-12,1e-12,1e-12,0.22,-0.561155380634115,4.0,4.0,9.095486247105828,12,9.034519385763058,122604.87874245018,122562.46458817834,42.241896867643334,0.17225740419484073,0.0,0
43.783,-3.7963604538394446,-0.7270598984252787,-2.595415124287006,1e-12,1e-12,1e-12,0.22,-0.561155380634115,4.0,4.0,9.117473970870002,12,9.034519385763058,122604.87874245018,122562.46458817834,42.241896867643334,0.17225740419484073,0.0,0
43.883,-3.8154704880250687,-0.7379539150814274,-2.6515306623437094,1e-12,1e-12,1e-12,0.22,-0.561155380634115,4.0,4.0,9.139463127045605,12,9.034519385763058,122604.87874245018,122562.46458817834,42.241896867643334,0.17225740419484073,0.0,0
43.983,-3.835161444618339,-0.747758976729517,-2.7076462003993735,1e-12,1e-12,1e-12,0.22,-0.561155380634115,4.0,4.0,9.161384729632822,12,9.034519385763058,122604.87874245018,122562.46458817834,42.241896867643334,0.17225740419484073,0.0,0
44.083,-3.855371333979826,-0.7564442157866117,-2.763761738453986,1e-12,1e-12,1e-12,0.22,-0.561155380634115,4.0,4.0,9.183170496762102,12,9.034519385763058,122604.87874245018,122562.46458817834,42.241896867643334,0.17225740419484073,0.0,0
44.183,-3.8760365328036293,-0.7639822900139169,-2.819877276507689,1e-12,1e-12,1e-12,0.22,-0.561155380634115,4.0,4.0,9.204753050768048,12,9.034519385763058,122604.87874245018,122562.46458817834,42.241896867643334,0.17225740419484073,0.0,0
44.283,-3.8970919844116687,-0.7703494685936393,-2.875992814560318,1e-12,1e-12,1e-12,0.22,-0.561155380634115,4.0,4.0,9.226066109820081,12,9.034519385763058,122604.87874245018,122562.46458817834,42.241896867643334,0.17225740419484073,0.0,0
44.383,-3.9184714035604222,-0.7755257068366341,-2.932108352612063,1e-12,1e-12,1e-12,0.22,-0.561155380634115,4.0,4.0,9.24704467090225,12,9.034519385763058,122604.87874245018,122562.46458817834,42.241896867643334,0.17225740419484073,0.0,0
44.483,-3.940107485115277,-0.7794947092856183,-2.9882238906630807,1e-12,1e-12,1e-12,0.22,-0.561155380634115,4.0,4.0,9.26762518400873,12,9.034519385763058,122604.87874245018,122562.46458817834,42.241896867643334,0.17225740419484073,0.0,0
44.583,-3.9619321159356384,-0.7822439810153567,-3.0443394287128918,1e-12,1e-12,1e-12,0.22,-0.561155380634115,4.0,4.0,9.287745717488447,12,9.034519385763058,122604.87874245018,122562.46458817834,42.241896867643334,0.17225740419484073,0.0,0
44.683,-3.9838765893038794,-0.7837648669682863,-3.100454966761974,1e-12,1e-12,1e-12,0.22,-0.561155380634115,4.0,4.0,9.307346114530965,12,9.034519385763058,122604.87874245018,122562.46458817834,42.241896867643334,0.17225740419484073,0.0,0
44.783,-4.005871821222747,-0.7840525792017189,3.1266148023691707,1e-12,1e-12,1e-12,0.22,-0.561155380634115,4.0,4.0,9.326368140836767,12,9.034519385763058,122604.87874245018,122562.46458817834,42.241896867643334,0.17225740419484073,0.0,0
44.883,-4.027848567900589,-0.7831062119609057,3.0704992643213846,1e-12,1e-12,1e-12,0.22,-0.561155380634115,4.0,4.0,9.344755623559267,12,9.034519385763058,122604.87874245018,122562.46458817834,42.241896867643334,0.17225740419484073,0.0,0
44.983,-4.049737643739637,-0.7809287445304702,3.0143837262743305,1e-12,1e-12,1e-12,0.22,-0.561155380634115,4.0,4.0,9.362454581642394,12,9.034519385763058,122604.87874245018,122562.46458817834,42.241896867643334,0.17225740419484073,0.0,0
45.083,-4.071470139141135,-0.7775270318552377,2.9582681882279123,1e-12,1e-12,1e-12,0.22,-0.561155380634115,4.0,4.0,9.379413347707548,12,9.034519385763058,122604.87874245018,122562.46458817834,42.241896867643334,0.17225740419484073,0.0,0
45.183,-4.092977637441402,-0.7729117829599991,2.902152650178483,1e-12,1e-12,1e-12,0.22,-0.561155380634115,4.0,4.0,9.395582681667221,12,9.034519385763058,122604.87874245018,122562.46458817834,42.241896867643334,0.17225740419484073,0.0,0
45.283,-4.114192430296193,-0.767097527235996,2.8460371121221884,1e-12,1e-12,1e-12,0.22,-0.561155380634115,4.0,4.0,9.410915876260693,12,9.034519385763058,122604.87874245018,122562.46458817834,42.241896867643334,0.17225740419484073,0.0,0
45.383,-4.135047730835297,-0.760102568700724,2.7899215740540098,1e-12,1e-12,1e-12,0.22,-0.561155380634115,4.0,4.0,9.425368854719679,12,9.034519385763058,122604.87874245018,122562.46458817834,42.241896867643334,0.17225740419484073,0.0,0
45.483,-4.1554778839162765,-0.7519489283744013,2.733806035984101,1e-12,1e-12,1e-12,0.22,-0.561155380634115,4.0,4.0,9.43890026077859,12,9.034519385763058,122604.87874245018,122562.46458817834,42.241896867643334,0.17225740419484073,0.0,0
45.583,-4.175418572815011,-0.7426622749553452,2.67769049791526,1e-12,1e-12,1e-12,0.22,-0.561155380634115,4.0,4.0,9.451471541247598,12,9.034519385763058,122604.87874245018,122562.46458817834,42.241896867643334,0.17225740419484073,0.0,0
45.683,-4.194807021702953,-0.7322718440114105,2.6215749598474507,1e-12,1e-12,1e-12,0.22,-0.561155380634115,4.0,4.0,9.463047021365538,12,9.034519385763058,122604.87874245018,122562.46458817834,42.241896867643334,0.17225740419484073,0.0,0
45.783,-4.213582193273432,-0.7208103459427042,2.565459421780805,1e-12,1e-12,1e-12,0.22,-0.561155380634115,4.0,4.0,9.473593973145464,12,9.034519385763058,122604.87874245018,122562.46458817834,42.241896867643334,0.17225740419484073,0.0,0
45.883,-4.231684980894916,-0.7083138630050485,2.509343883715207,1e-12,1e-12,1e-12,0.22,-0.561155380634115,4.0,4.0,9.483082676917693,12,9.034519385763058,122604.87874245018,122562.46458817834,42.241896867643334,0.17225740419484073,0.0,0
45.983,-4.24905839468616,-0.6948217357184806,2.4532283456507913,1e-12,1e-12,1e-12,0.22,-0.561155380634115,4.0,4.0,9.491486476264763,12,9.034519385763058,122604.87874245018,122562.46458817834,42.241896867643334,0.17225740419484073,0.0,0
46.083,-4.2656477409276725,-0.680376439018245,2.397112807587496,1e-12,1e-12,1e-12,0.22,-0.561155380634115,4.0,4.0,9.49878182653017,12,9.034519385763058,122604.87874245018,122562.46458817834,42.241896867643334,0.17225740419484073,0.0,0
46.183,-4.281400794244461,-0.6650234485383177,2.340997269525318,1e-12,1e-12,1e-12,0.22,-0.561155380634115,4.0,4.0,9.504948337067653,12,9.034519385763058,122604.87874245018,122562.46458817834,42.241896867643334,0.17225740419484073,0.0,0
46.283,-4.2962679620182005,-0.6488110974482925,2.284881731464259,1e-12,1e-12,1e-12,0.22,-0.561155380634115,4.0,4.0,9.509968807381442,12,9.034519385763058,122604.87874245018,122562.46458817834,42.241896867643334,0.17225740419484073,0.0,0
46.383,-4.310202440511068,-0.631790424294446,2.228766193404358,1e-12,1e-12,1e-12,0.22,-0.561155380634115,4.0,4.0,9.513829257289718,12,9.034519385763058,122604.87874245018,122562.46458817834,42.241896867643334,0.17225740419484073,0.0,0
46.483,-4.323160362209928,-0.6140150123238369,2.172650655345555,1e-12,1e-12,1e-12,0.22,-0.561155380634115,4.0,4.0,9.516518951224352,12,9.034519385763058,122604.87874245018,122562.46458817834,42.241896867643334,0.17225740419484073,0.0,0
46.583,-4.335100933926812,-0.5955408207974558,2.1165351172878095,1e-12,1e-12,1e-12,0.22,-0.561155380634115,4.0,4.0,9.518030416759728,12,9.034519385763058,122604.87874245018,122562.46458817834,42.241896867643334,0.17225740419484073,0.0,0
46.683,-4.345986565221073,-0.5764260088233387,2.0604195792310573,1e-12,1e-12,1e-12,0.22,-0.561155380634115,4.0,4.0,9.518359457442514,12,9.034519385763058,122604.87874245018,122562.46458817834,42.241896867643334,0.17225740419484073,0.0,0
46.783,-4.355782986738881,-0.5567307522643062,2.0043040411754647,1e-12,1e-12,1e-12,0.22,-0.561155380634115,4.0,4.0,9.517505159972657,12,9.034519385763058,122604.87874245018,122562.46458817834,42.241896867643334,0.17225740419484073,0.0,0
46.883,-4.364459358097537,-0.5365170542966122,1.9481885031208577,1e-12,1e-12,1e-12,0.22,-0.561155380634115,4.0,4.0,9.515469895763923,12,9.034519385763058,122604.87874245018,122562.46458817834,42.241896867643334,0.17225740419484073,0.0,0
46.983,-4.371988364974887,-0.5158485502161397,1.8920729650671557,1e-12,1e-12,1e-12,0.22,-0.561155380634115,4.0,4.0,9.512259316890182,12,9.034519385763058,122604.87874245018,122562.46458817834,42.241896867643334,0.17225740419484073,0.0,0
47.083,-4.378346305098312,-0.49479030710633665,1.835957427014537,1e-12,1e-12,1e-12,0.22,-0.561155380634115,4.0,4.0,9.507882346401411,12,9.034519385763058,122604.87874245018,122562.46458817834,42.241896867643334,0.17225740419484073,0.0,0
47.183,-4.383513162862505,-0.47340861899872977,1.779841888962802,1e-12,1e-12,1e-12,0.22,-0.561155380634115,4.0,4.0,9.502351162971246,12,9.034519385763058,122604.87874245018,122562.46458817834,42.241896867643334,0.17225740419484073,0.0,0
47.283,-4.387472672341122,-0.451770798170903,1.7237263509117866,1e-12,1e-12,1e-12,0.22,-0.561155380634115,4.0,4.0,9.49568117981624,12,9.034519385763058,122604.87874245018,122562.46458817834,42.241896867643334,0.17225740419484073,0.0,0
47.383,-4.390212368494011,-0.4299449632389026,1.667610812861974,1e-12,1e-12,1e-12,0.22,-0.561155380634115,4.0,4.0,9.48789101780557,12,9.034519385763058,122604.87874245018,122562.46458817834,42.241896867643334,0.17225740419484073,0.0,0
47.483,-4.3917236264087425,-0.4079998247110537,1.6114952748128983,1e-12,1e-12,1e-12,0.22,-0.561155380634115,4.0,4.0,9.479002472659207,12,9.034519385763058,122604.87874245018,122562.46458817834,42.241896867643334,0.17225740419484073,0.0,0
47.583,-4.39200168845292,-0.38600446867861665,1.55537973676446,1e-12,1e-12,1e-12,0.22,-0.561155380634115,4.0,4.0,9.469040476112955,12,9.034519385763058,122604.87874245018,122562.46458817834,42.241896867643334,0.17225740419484073,0.0,0
47.683,-4.391045679251818,-0.36402813932396794,1.4992641987166757,1e-12,1e-12,1e-12,0.22,-0.561155380634115,4.0,4.0,9.458033050909792,12,9.034519385763058,122604.87874245018,122562.46458817834,42.241896867643334,0.17225740419484073,0.0,0
47.783,-4.388858608444182,-0.34214002093109047,1.4431486606696289,1e-12,1e-12,1e-12,0.22,-0.561155380634115,4.0,4.0,9.446011259459704,12,9.034519385763058,122604.87874245018,122562.46458817834,42.241896867643334,0.17225740419484073,0.0,0
47.883,-4.38544736120749,-0.32040902008457817,1.3870331226232127,1e-12,1e-12,1e-12,0.22,-0.561155380634115,4.0,4.0,9.433009145994179,12,9.034519385763058,122604.87874245018,122562.46458817834,42.241896867643334,0.17225740419484073,0.0,0
47.983,-4.380822676582546,-0.29890354874306146,1.3309175845736692,1e-12,1e-12,1e-12,0.22,-0.561155380634115,4.0,4.0,9.419063672027912,12,9.034519385763058,122604.87874245018,122562.46458817834,42.241896867643334,0.17225740419484073,0.0,0
48.083,-4.374999113665471,-0.2776913088696619,1.2748020465173924,1e-12,1e-12,1e-12,0.22,-0.561155380634115,4.0,4.0,9.404214644927904,12,9.034519385763058,122604.87874245018,122562.46458817834,42.241896867643334,0.17225740419484073,0.0,0
48.183,-4.367995005773988,-0.25683907929748256,1.2186865084490648,1e-12,1e-12,1e-12,0.22,-0.561155380634115,4.0,4.0,9.38850463938175,12,9.034519385763058,122604.87874245018,122562.46458817834,42.241896867643334,0.17225740419484073,0.0,0
48.283,-4.359832402731655,-0.23641250550116033,1.1625709703791685,1e-12,1e-12,1e-12,0.22,-0.561155380634115,4.0,4.0,9.37197891154951,12,9.034519385763058,122604.87874245018,122562.46458817834,42.241896867643334,0.17225740419484073,0.0,0
48.383,-4.350537001452563,-0.2164758929367749,1.1064554323103324,1e-12,1e-12,1e-12,0.22,-0.561155380634115,4.0,4.0,9.354685305682137,12,9.034519385763058,122604.87874245018,122562.46458817834,42.241896867643334,0.17225740419484073,0.0,0
48.483,-4.340138065043943,-0.19709200460005213,1.0503398942425286,1e-12,1e-12,1e-12,0.22,-0.561155380634115,4.0,4.0,9.336674152987916,12,9.034519385763058,122604.87874245018,122562.46458817834,42.241896867643334,0.17225740419484073,0.0,0
48.583,-4.328668330682189,-0.1783218634404663,0.9942243561758919,1e-12,1e-12,1e-12,0.22,-0.561155380634115,4.0,4.0,9.317998162535396,12,9.034519385763058,122604.87874245018,122562.46458817834,42.241896867643334,0.17225740419484073,0.0,0
48.683,-4.316163906552024,-0.16022456025317874,0.9381088181103,1e-12,1e-12,1e-12,0.22,-0.561155380634115,4.0,4.0,9.298712303989857,12,9.034519385763058,122604.87874245018,122562.46458817834,42.241896867643334,0.17225740419484073,0.0,0
48.783,-4.30266415817337,-0.14285706765373438,0.8819932800458887,1e-12,1e-12,1e-12,0.22,-0.561155380634115,4.0,4.0,9.27887368199531,12,9.034519385763058,122604.87874245018,122562.46458817834,42.241896867643334,0.17225740419484073,0.0,0
48.883,-4.28821158447364,-0.1262740607209596,0.8258777419826091,1e-12,1e-12,1e-12,0.22,-0.561155380634115,4.0,4.0,9.258541402034215,12,9.034519385763058,122604.87874245018,122562.46458817834,42.241896867643334,0.17225740419484073,0.0,0
48.983,-4.2728516839957305,-0.110527744872894,0.7697622039204439,1e-12,1e-12,1e-12,0.22,-0.561155380634115,4.0,4.0,9.237776427623741,12,9.034519385763058,122604.87874245018,122562.46458817834,42.241896867643334,0.17225740419484073,0.0,0
49.083,-4.256632811662789,-0.09566769151745398,0.7136466658593849,1e-12,1e-12,1e-12,0.22,-0.561155380634115,4.0,4.0,9.21664142874,12,9.034519385763058,122604.87874245018,122562.46458817834,42.241896867643334,0.17225740419484073,0.0,0
49.183,-4.239606026550796,-0.08174068199536645,0.6575311277994914,1e-12,1e-12,1e-12,0.22,-0.561155380634115,4.0,4.0,9.195200621401808,12,9.034519385763058,122604.87874245018,122562.46458817834,42.241896867643334,0.17225740419484073,0.0,0
49.283,-4.221824931148031,-0.06879056030649536,0.6014155897406951,1e-12,1e-12,1e-12,0.22,-0.561155380634115,4.0,4.0,9.173519598392243,12,9.034519385763058,122604.87874245018,122562.46458817834,42.241896867643334,0.17225740419484073,0.0,0
49.383,-4.203345502607656,-0.056858095083386656,0.5453000516829456,1e-12,1e-12,1e-12,0.22,-0.561155380634115,4.0,4.0,9.151665151151285,12,9.034519385763058,122604.87874245018,122562.46458817834,42.241896867643334,0.17225740419484073,0.0,0
49.483,-4.184225916524493,-0.045980851246411,0.48918451362619797,1e-12,1e-12,1e-12,0.22,-0.561155380634115,4.0,4.0,9.129705082934706,12,9.034519385763058,122604.87874245018,122562.46458817834,42.241896867643334,0.17225740419484073,0.0,0
49.583,-4.164526363790866,-0.036193071744616126,0.43306897557061197,1e-12,1e-12,1e-12,0.22,-0.561155380634115,4.0,4.0,9.107708013404654,12,9.034519385763058,122604.87874245018,122562.46458817834,42.241896867643334,0.17225740419484073,0.0,0
49.683,-4.144308861107935,-0.027525569754532353,0.37695343751601174,1e-12,1e-12,1e-12,0.22,-0.561155380634115,4.0,4.0,9.08574317489482,12,9.034519385763058,122604.87874245018,122562.46458817834,42.241896867643334,0.17225740419484073,0.0,0
49.783,-4.123637055749309,-0.02000563167641002,0.32083789946231234,1e-12,1e-12,1e-12,0.22,-0.561155380634115,4.0,4.0,9.063880200678591,12,9.034519385763058,122604.87874245018,122562.46458817834,42.241896867643334,0.17225740419484073,0.0,0
49.883,-4.102576025191281,-0.013656931233135416,0.2647223614097106,1e-12,1e-12,1e-12,0.22,-0.561155380634115,4.0,4.0,9.042188905659975,12,9.034519385763058,122604.87874245018,122562.46458817834,42.241896867643334,0.17225740419484073,0.0,0
49.983,-4.0811920722406185,-0.008499454942325135,0.20860682335797212,1e-12,1e-12,1e-12,0.22,-0.561155380634115,4.0,4.0,9.020739060005978,12,9.034519385763058,122604.87874245018,122562.46458817834,42.241896867643334,0.17225740419484073,0.0,0
50.083,-4.0595525163049215,-0.00454943919624808,0.1524912853069727,1e-12,1e-12,1e-12,0.22,-0.561155380634115,4.0,4.0,8.999600156342725,12,9.034519385763058,122604.87874245018,122562.46458817834,42.241896867643334,0.17225740419484073,0.0,0
50.183,-4.037725481462576,-0.0018193191475797481,0.09637574725716697,1e-12,1e-12,1e-12,0.22,-0.561155380634115,4.0,4.0,8.97884117124563,12,9.034519385763058,122604.87874245018,122562.46458817834,42.241896867643334,0.17225740419484073,0.0,0
50.283,-4.015779681999377,-0.00031768956195224734,0.04026020920809129,1e-12,1e-12,1e-12,0.22,-0.561155380634115,4.0,4.0,8.958530321865094,12,9.034519385763058,122604.87874245018,122562.46458817834,42.241896867643334,0.17225740419484073,0.0,0
50.383,-3.9937842060872963,-4.927776055664842e-05,-0.01585532884033421,1e-12,1e-12,1e-12,0.22,-0.561155380634115,4.0,4.0,8.938734818642034,12,9.034519385763058,122604.87874245018,122562.46458817834,42.241896867643334,0.17225740419484073,0.0,0
50.483,-3.9718082982861036,-0.001014928737923839,-0.0719708668881131,1e-12,1e-12,1e-12,0.22,-0.561155380634115,4.0,4.0,8.91952061517921,12,9.034519385763058,122604.87874245018,122562.46458817834,42.241896867643334,0.17225740419484073,0.0,0
50.583,-3.949921141552679,-0.0032116025017701853,-0.12808640493514778,1e-12,1e-12,1e-12,0.22,-0.561155380634115,4.0,4.0,8.900952156444333,12,9.034519385763058,122604.87874245018,122562.46458817834,42.241896867643334,0.17225740419484073,0.0,0
50.683,-3.9281916394441905,-0.00663238364328713,-0.18420194298156595,1e-12,1e-12,1e-12,0.22,-0.561155380634115,4.0,4.0,8.883092126585868,12,9.034519385763058,122604.87874245018,122562.46458817834,42.241896867643334,0.17225740419484073,0.0,0
50.783,-3.906688199201051,-0.011266503107724578,-0.24031748103121892,1e-12,1e-12,1e-12,0.22,-0.561155380634115,4.0,4.0,8.866001197740683,12,9.034519385763058,122604.87874245018,122562.46458817834,42.241896867643334,0.17225740419484073,0.0,0
50.883,-3.885478516392214,-0.01709937209688967,-0.29643301908751724,1e-12,1e-12,1e-12,0.22,-0.561155380634115,4.0,4.0,8.849737781300888,12,9.034519385763058,122604.87874245018,122562.46458817834,42.241896867643334,0.17225740419484073,0.0,0
50.983,-3.864629361800851,-0.02411262799634629,-0.3525485571558025,1e-12,1e-12,1e-12,0.22,-0.561155380634115,4.0,4.0,8.834357783183775,12,9.034519385763058,122604.87874245018,122562.46458817834,42.241896867643334,0.17225740419484073,0.0,0
51.083,-3.844206371221139,-0.03228419218345068,-0.408664095225681,1e-12,1e-12,1e-12,0.22,-0.561155380634115,4.0,4.0,8.819914364711193,12,9.034519385763058,122604.87874245018,122562.46458817834,42.241896867643334,0.17225740419484073,0.0,0
51.183,-3.824273838828719,-0.04158833953329684,-0.4647796332945523,1e-12,1e-12,1e-12,0.22,-0.561155380634115,4.0,4.0,8.806457710750163,12,9.034519385763058,122604.87874245018,122562.46458817834,42.241896867643334,0.17225740419484073,0.0,0
51.283,-3.8048945147744515,-0.05199577940489178,-0.520895171362358,1e-12,1e-12,1e-12,0.22,-0.561155380634115,4.0,4.0,8.794034806792123,12,9.034519385763058,122604.87874245018,122562.46458817834,42.241896867643334,0.17225740419484073,0.0,0
51.383,-3.786129407638866,-0.06347374785185754,-0.5770107094289645,1e-12,1e-12,1e-12,0.22,-0.561155380634115,4.0,4.0,8.782689226653757,12,9.034519385763058,122604.87874245018,122562.46458817834,42.241896867643334,0.17225740419484073,0.0,0
51.483,-3.7680375923693648,-0.07598611076752579,-0.6331262474945194,1e-12,1e-12,1e-12,0.22,-0.561155380634115,4.0,4.0,8.772460932465497,12,9.034519385763058,122604.87874245018,122562.46458817834,42.241896867643334,0.17225740419484073,0.0,0
51.583,-3.750676024304805,-0.08949347763968477,-0.6892417855589607,1e-12,1e-12,1e-12,0.22,-0.561155380634115,4.0,4.0,8.763386088572776,12,9.034519385763058,122604.87874245018,122562.46458817834,42.241896867643334,0.17225740419484073,0.0,0
51.683,-3.7340993598728502,-0.10395332555691565,-0.7453573236222576,1e-12,1e-12,1e-12,0.22,-0.561155380634115,4.0,4.0,8.755496890910035,12,9.034519385763058,122604.87874245018,122562.46458817834,42.241896867643334,0.17225740419484073,0.0,0
51.783,-3.7183597845245546,-0.11932013307614095,-0.8014728616843734,1e-12,1e-12,1e-12,0.22,-0.561155380634115,4.0,4.0,8.748821413318046,12,9.034519385763058,122604.87874245018,122562.46458817834,42.241896867643334,0.17225740419484073,0.0,0
51.883,-3.70350684844786,-0.13554552352998817,-0.8575883997453917,1e-12,1e-12,1e-12,0.22,-0.561155380634115,4.0,4.0,8.743383472161792,12,9.034519385763058,122604.87874245018,122562.46458817834,42.241896867643334,0.17225740419484073,0.0,0
51.983,-3.689587310577375,-0.15257841732262367,-0.9137039378053223,1e-12,1e-12,1e-12,0.22,-0.561155380634115,4.0,4.0,8.739202510470063,12,9.034519385763058,122604.87874245018,122562.46458817834,42.241896867643334,0.17225740419484073,0.0,0
52.083,-3.6766449913912886,-0.170365192734822,-0.9698194758640919,1e-12,1e-12,1e-12,0.22,-0.561155380634115,4.0,4.0,8.736293502660445,12,9.034519385763058,122604.87874245018,122562.46458817834,42.241896867643334,0.17225740419484073,0.0,0
52.183,-3.6647206349588655,-0.18884985473203428,-1.0259350139217576,1e-12,1e-12,1e-12,0.22,-0.561155380634115,4.0,4.0,8.734666880737514,12,9.034519385763058,122604.87874245018,122562.46458817834,42.241896867643334,0.17225740419484073,0.0,0
52.283,-3.6538517806729556,-0.20797421124387105,-1.082050551978447,1e-12,1e-12,1e-12,0.22,-0.561155380634115,4.0,4.0,8.734328482659903,12,9.034519385763058,122604.87874245018,122562.46458817834,42.241896867643334,0.17225740419484073,0.0,0
52.383,-3.6440726450712275,-0.22767805636010552,-1.1381660900340596,1e-12,1e-12,1e-12,0.22,-0.561155380634115,4.0,4.0,8.73527952336701,12,9.034519385763058,122604.87874245018,122562.46458817834,42.241896867643334,0.17225740419484073,0.0,0
52.483,-3.6354140141181293,-0.2478993598665847,-1.1942816280886883,1e-12,1e-12,1e-12,0.22,-0.561155380634115,4.0,4.0,8.737516588742277,12,9.034519385763058,122604.87874245018,122562.46458817834,42.241896867643334,0.17225740419484073,0.0,0
52.583,-3.62790314628676,-0.2685744625242092,-1.2503971661423787,1e-12,1e-12,1e-12,0.22,-0.561155380634115,4.0,4.0,8.74103165257084,12,9.034519385763058,122604.87874245018,122562.46458817834,42.241896867643334,0.17225740419484073,0.0,0
52.683,-3.6215636867457093,-0.2896382764763718,-1.306512704194936,1e-12,1e-12,1e-12,0.22,-0.561155380634115,4.0,4.0,8.74581211632928,12,9.034519385763058,122604.87874245018,122562.46458817834,42.241896867643334,0.17225740419484073,0.0,0
52.783,-3.61641559292105,-0.311024490153852,-1.36262824224671,1e-12,1e-12,1e-12,0.22,-0.561155380634115,4.0,4.0,8.751840871427977,12,9.034519385763058,122604.87874245018,122562.46458817834,42.241896867643334,0.17225740419484073,0.0,0
52.883,-3.6124750716678533,-0.33266577703199707,-1.4187437802977312,1e-12,1e-12,1e-12,0.22,-0.561155380634115,4.0,4.0,8.759096383316534,12,9.034519385763058,122604.87874245018,122562.46458817834,42.241896867643334,0.17225740419484073,0.0,0
52.983,-3.6097545282489287,-0.35449400758316146,-1.4748593183474747,1e-12,1e-12,1e-12,0.22,-0.561155380634115,4.0,4.0,8.767552796663544,12,9.034519385763058,122604.87874245018,122562.46458817834,42.241896867643334,0.17225740419484073,0.0,0
53.083,-3.6082625272814544,-0.37644046375730866,-1.5309748563965129,1e-12,1e-12,1e-12,0.22,-0.561155380634115,4.0,4.0,8.777180060637212,12,9.034519385763058,122604.87874245018,122562.46458817834,42.241896867643334,0.17225740419484073,0.0,0
53.183,-3.6080037657745034,-0.3984360553150679,-1.587090394444885,1e-12,1e-12,1e-12,0.22,-0.561155380634115,4.0,4.0,8.787944073145585,12,9.034519385763058,122604.87874245018,122562.46458817834,42.241896867643334,0.17225740419484073,0.0,0
53.283,-3.6089790583422503,-0.4204115373326109,-1.6432059324926287,1e-12,1e-12,1e-12,0.22,-0.561155380634115,4.0,4.0,8.79980684274798,12,9.034519385763058,122604.87874245018,122562.46458817834,42.241896867643334,0.17225740419484073,0.0,0
53.383,-3.611185334639461,-0.44229772819349805,-1.6993214705397326,1e-12,1e-12,1e-12,0.22,-0.561155380634115,4.0,4.0,8.812726666823608,12,9.034519385763058,122604.87874245018,122562.46458817834,42.241896867643334,0.17225740419484073,0.0,0
53.483,-3.6146156490273285,-0.46402572738122805,-1.7554370085862128,1e-12,1e-12,1e-12,0.22,-0.561155380634115,4.0,4.0,8.826658324481206,12,9.034519385763058,122604.87874245018,122562.46458817834,42.241896867643334,0.17225740419484073,0.0,0
53.583,-3.6192592024392267,-0.4855271323867637,-1.811552546635912,1e-12,1e-12,1e-12,0.22,-0.561155380634115,4.0,4.0,8.841553282615711,12,9.034519385763058,122604.87874245018,122562.46458817834,42.241896867643334,0.17225740419484073,0.0,0
53.683,-3.625101376377695,-0.5067342540483392,-1.8676680846921851,1e-12,1e-12,1e-12,0.22,-0.561155380634115,4.0,4.0,8.857359913464602,12,9.034519385763058,122604.87874245018,122562.46458817834,42.241896867643334,0.17225740419484073,0.0,0
53.783,-3.632123778935133,-0.5275803296456042,-1.9237836227606355,1e-12,1e-12,1e-12,0.22,-0.561155380634115,4.0,4.0,8.8740237219866,12,9.034519385763058,122604.87874245018,122562.46458817834,42.241896867643334,0.17225740419484073,0.0,0
53.883,-3.6403043026940543,-0.5479997330774563,-1.979899160830493,1e-12,1e-12,1e-12,0.22,-0.561155380634115,4.0,4.0,8.891487581380176,12,9.034519385763058,122604.87874245018,122562.46458817834,42.241896867643334,0.17225740419484073,0.0,0
53.983,-3.649617194323671,-0.5679281814610387,-2.0360146988994408,1e-12,1e-12,1e-12,0.22,-0.561155380634115,4.0,4.0,8.909691975072892,12,9.034519385763058,122604.87874245018,122562.46458817834,42.241896867643334,0.17225740419484073,0.0,0
54.083,-3.660033135654894,-0.5873029375024933,-2.092130236967154,1e-12,1e-12,1e-12,0.22,-0.561155380634115,4.0,4.0,8.928575243550897,12,9.034519385763058,122604.87874245018,122562.46458817834,42.241896867643334,0.17225740419484073,0.0,0
54.183,-3.671519335977662,-0.6060630070019611,-2.1482457750337582,1e-12,1e-12,1e-12,0.22,-0.561155380634115,4.0,4.0,8.948073834449016,12,9.034519385763058,122604.87874245018,122562.46458817834,42.241896867643334,0.17225740419484073,0.0,0
54.283,-3.684039635270313,-0.6241493308711613,-2.2043613130992976,1e-12,1e-12,1e-12,0.22,-0.561155380634115,4.0,4.0,8.968122554392382,12,9.034519385763058,122604.87874245018,122562.46458817834,42.241896867643334,0.17225740419484073,0.0,0
54.383,-3.6975546180359085,-0.6415049710588637,-2.2604768511637547,1e-12,1e-12,1e-12,0.22,-0.561155380634115,4.0,4.0,8.988654821162624,12,9.034519385763058,122604.87874245018,122562.46458817834,42.241896867643334,0.17225740419484073,0.0,0
54.483,-3.7120217373872277,-0.6580752897991177,-2.316592389227071,1e-12,1e-12,1e-12,0.22,-0.561155380634115,4.0,4.0,9.009602914855362,12,9.034519385763058,122604.87874245018,122562.46458817834,42.241896867643334,0.17225740419484073,0.0,0
54.583,-3.7273954489897942,-0.6738081216179169,-2.372707927289192,1e-12,1e-12,1e-12,0.22,-0.561155380634115,4.0,4.0,9.030898226797254,12,9.034519385763058,122604.87874245018,122562.46458817834,42.241896867643334,0.17225740419484073,0.0,0
54.683,-3.7436273544413026,-0.6886539375568094,-2.4288234653502156,1e-12,1e-12,1e-12,0.22,-0.561155380634115,4.0,4.0,9.052471505098405,12,9.034519385763058,122604.87874245018,122562.46458817834,42.241896867643334,0.17225740419484073,0.0,0
54.783,-3.7606663536358758,-0.702566001096285,-2.4849390034101253,1e-12,1e-12,1e-12,0.22,-0.561155380634115,4.0,4.0,9.074253095826823,12,9.034519385763058,122604.87874245018,122562.46458817834,42.241896867643334,0.17225740419484073,0.0,0
54.883,-3.7784588056337047,-0.7155005152883012,-2.5410545414688754,1e-12,1e-12,1e-12,0.22,-0.561155380634115,4.0,4.0,9.096173178904673,12,9.034519385763058,122604.87874245018,122562.46458817834,42.241896867643334,0.17225740419484073,0.0,0
54.983,-3.7969486975296265,-0.7274167606347085,-2.5971700795265256,1e-12,1e-12,1e-12,0.22,-0.561155380634115,4.0,4.0,9.118161997937902,12,9.034519385763058,122604.87874245018,122562.46458817834,42.241896867643334,0.17225740419484073,0.0,0
55.083,-3.816077820788864,-0.7382772232773901,-2.653285617583204,1e-12,1e-12,1e-12,0.22,-0.561155380634115,4.0,4.0,9.140150083300432,12,9.034519385763058,122604.87874245018,122562.46458817834,42.241896867643334,0.17225740419484073,0.0,0
55.183,-3.835785954494863,-0.7480477130966382,-2.709401155638811,1e-12,1e-12,1e-12,0.22,-0.561155380634115,4.0,4.0,9.162068467900749,12,9.034519385763058,122604.87874245018,122562.46458817834,42.241896867643334,0.17225740419484073,0.0,0
55.283,-3.8560110549324422,-0.7566974713460295,-2.7655166936934275,1e-12,1e-12,1e-12,0.22,-0.561155380634115,4.0,4.0,9.18384889515994,12,9.034519385763058,122604.87874245018,122562.46458817834,42.241896867643334,0.17225740419484073,0.0,0
55.383,-3.876689450909281,-0.7641992674848672,-2.8216322317471056,1e-12,1e-12,1e-12,0.22,-0.561155380634115,4.0,4.0,9.205424018825472,12,9.034519385763058,122604.87874245018,122562.46458817834,42.241896867643334,0.17225740419484073,0.0,0
55.483,-3.8977560442009835,-0.7705294849034033,-2.8777477697996576,1e-12,1e-12,1e-12,0.22,-0.561155380634115,4.0,4.0,9.226727594334077,12,9.034519385763058,122604.87874245018,122562.46458817834,42.241896867643334,0.17225740419484073,0.0,0
55.583,-3.919144514488614,-0.7756681952709452,-2.9338633078514262,1e-12,1e-12,1e-12,0.22,-0.561155380634115,4.0,4.0,9.247694661518489,12,9.034519385763058,122604.87874245018,122562.46458817834,42.241896867643334,0.17225740419484073,0.0,0
55.683,-3.940787528143425,-0.7795992212727401,-2.9899788459024257,1e-12,1e-12,1e-12,0.22,-0.561155380634115,4.0,4.0,9.268261718526789,12,9.034519385763058,122604.87874245018,122562.46458817834,42.241896867643334,0.17225740419484073,0.0,0
55.783,-3.962616950201657,-0.7823101875382392,-3.04609438395218,1e-12,1e-12,1e-12,0.22,-0.561155380634115,4.0,4.0,9.288366886889792,12,9.034519385763058,122604.87874245018,122562.46458817834,42.241896867643334,0.17225740419484073,0.0,0
55.883,-3.9845640588622566,-0.7837925596003624,-3.102209922001206,1e-12,1e-12,1e-12,0.22,-0.561155380634115,4.0,4.0,9.307950067730419,12,9.034519385763058,122604.87874245018,122562.46458817834,42.241896867643334,0.17225740419484073,0.0,0
55.983,-4.006559761831744,-0.784041670763058,3.124859847130014,1e-12,1e-12,1e-12,0.22,-0.561155380634115,4.0,4.0,9.326953089159426,12,9.034519385763058,122604.87874245018,122562.46458817834,42.241896867643334,0.17225740419484073,0.0,0
56.083,-4.0285348138355515,-0.7830567367926633,3.068744309082276,1e-12,1e-12,1e-12,0.22,-0.561155380634115,4.0,4.0,9.345319844946301,12,9.034519385763058,122604.87874245018,122562.46458817834,42.241896867643334,0.17225740419484073,0.0,0
56.183,-4.050420034610978,-0.7808408583867765,3.0126287710351773,1e-12,1e-12,1e-12,0.22,-0.561155380634115,4.0,4.0,9.36299642459006,12,9.034519385763058,122604.87874245018,122562.46458817834,42.241896867643334,0.17225740419484073,0.0,0
56.283,-4.072146526695475,-0.7774010114128661,2.9565132329887023,1e-12,1e-12,1e-12,0.22,-0.561155380634115,4.0,4.0,9.379931234944662,12,9.034519385763058,122604.87874245018,122562.46458817834,42.241896867643334,0.17225740419484073,0.0,0
56.383,-4.093645892324558,-0.7727480249473522,2.900397694939008,1e-12,1e-12,1e-12,0.22,-0.561155380634115,4.0,4.0,9.396075113577,12,9.034519385763058,122604.87874245018,122562.46458817834,42.241896867643334,0.17225740419484073,0.0,0
56.483,-4.114850448756673,-0.7668965471841529,2.8442821568827563,1e-12,1e-12,1e-12,0.22,-0.561155380634115,4.0,4.0,9.41138143405327,12,9.034519385763058,122604.87874245018,122562.46458817834,42.241896867643334,0.17225740419484073,0.0,0
56.583,-4.13569344134716,-0.7598649993204839,2.7881666188141105,1e-12,1e-12,1e-12,0.22,-0.561155380634115,4.0,4.0,9.425806203361885,12,9.034519385763058,122604.87874245018,122562.46458817834,42.241896867643334,0.17225740419484073,0.0,0
56.683,-4.156109253700584,-0.7516755175644316,2.7320510807442817,1e-12,1e-12,1e-12,0.22,-0.561155380634115,4.0,4.0,9.439308151687893,12,9.034519385763058,122604.87874245018,122562.46458817834,42.241896867643334,0.17225740419484073,0.0,0
56.783,-4.176033614239262,-0.7423538834477028,2.6759355426753797,1e-12,1e-12,1e-12,0.22,-0.561155380634115,4.0,4.0,9.451848814756923,12,9.034519385763058,122604.87874245018,122562.46458817834,42.241896867643334,0.17225740419484073,0.0,0
56.883,-4.1954037985384085,-0.7319294426618428,2.6198200046076967,1e-12,1e-12,1e-12,0.22,-0.561155380634115,4.0,4.0,9.46339260896576,12,9.034519385763058,122604.87874245018,122562.46458817834,42.241896867643334,0.17225740419484073,0.0,0
56.983,-4.214158826790622,-0.7204350126742585,2.563704466541041,1e-12,1e-12,1e-12,0.22,-0.561155380634115,4.0,4.0,9.47390689951212,12,9.034519385763058,122604.87874245018,122562.46458817834,42.241896867643334,0.17225740419484073,0.0,0
57.083,-4.232239655778067,-0.7079067794146694,2.5075889284754638,1e-12,1e-12,1e-12,0.22,-0.561155380634115,4.0,4.0,9.483362061728087,12,9.034519385763058,122604.87874245018,122562.46458817834,42.241896867643334,0.17225740419484073,0.0,0
57.183,-4.249589364748065,-0.6943841833571835,2.4514733904111283,1e-12,1e-12,1e-12,0.22,-0.561155380634115,4.0,4.0,9.491731535811496,12,9.034519385763058,122604.87874245018,122562.46458817834,42.241896867643334,0.17225740419484073,0.0,0
57.283,-4.2661533346069636,-0.6799097953565846,2.3953578523478436,1e-12,1e-12,1e-12,0.22,-0.561155380634115,4.0,4.0,9.498991875136452,12,9.034519385763058,122604.87874245018,122562.46458817834,42.241896867643334,0.17225740419484073,0.0,0
57.383,-4.2818794198678525,-0.6645291826299641,2.3392423142856456,1e-12,1e-12,1e-12,0.22,-0.561155380634115,4.0,4.0,9.505122788309325,12,9.034519385763058,122604.87874245018,122562.46458817834,42.241896867643334,0.17225740419484073,0.0,0
57.483,-4.296718112811249,-0.6482907653052992,2.283126776224624,1e-12,1e-12,1e-12,0.22,-0.561155380634115,4.0,4.0,9.510107175120202,12,9.034519385763058,122604.87874245018,122562.46458817834,42.241896867643334,0.17225740419484073,0.0,0
57.583,-4.310622699341735,-0.6312456639886852,2.2270112381648213,1e-12,1e-12,1e-12,0.22,-0.561155380634115,4.0,4.0,9.513931156521373,12,9.034519385763058,122604.87874245018,122562.46458817834,42.241896867643334,0.17225740419484073,0.0,0
57.683,-4.323549406049894,-0.613447538830131,2.1708957001060947,1e-12,1e-12,1e-12,0.22,-0.561155380634115,4.0,4.0,9.516584098745271,12,9.034519385763058,122604.87874245018,122562.46458817834,42.241896867643334,0.17225740419484073,0.0,0
57.783,-4.335457538016527,-0.594952420594624,2.11478016204837,1e-12,1e-12,1e-12,0.22,-0.561155380634115,4.0,4.0,9.51805863165409,12,9.034519385763058,122604.87874245018,122562.46458817834,42.241896867643334,0.17225740419484073,0.0,0
57.883,-4.346309606925448,-0.575818534270154,2.0586646239916075,1e-12,1e-12,1e-12,0.22,-0.561155380634115,4.0,4.0,9.518350661392251,12,9.034519385763058,122604.87874245018,122562.46458817834,42.241896867643334,0.17225740419484073,0.0,0
57.983,-4.356071449081459,-0.5561061157680831,2.002549085936111,1e-12,1e-12,1e-12,0.22,-0.561155380634115,4.0,4.0,9.517459377391303,12,9.034519385763058,122604.87874245018,122562.46458817834,42.241896867643334,0.17225740419484073,0.0,0
58.083,-4.3647123329621325,-0.5358772222925842,1.9464335478815475,1e-12,1e-12,1e-12,0.22,-0.561155380634115,4.0,4.0,9.515387253754914,12,9.034519385763058,122604.87874245018,122562.46458817834,42.241896867643334,0.17225740419484073,0.0,0
58.183,-4.372205055964408,-0.515195536976947,1.8903180098278551,1e-12,1e-12,1e-12,0.22,-0.561155380634115,4.0,4.0,9.512140045029431,12,9.034519385763058,122604.87874245018,122562.46458817834,42.241896867643334,0.17225740419484073,0.0,0
58.283,-4.378526030041918,-0.49412616840084933,1.834202471775314,1e-12,1e-12,1e-12,0.22,-0.561155380634115,4.0,4.0,9.507726776343295,12,9.034519385763058,122604.87874245018,122562.46458817834,42.241896867643334,0.17225740419484073,0.0,0
58.383,-4.383655355963186,-0.47273544562017694,1.7780869337235579,1e-12,1e-12,1e-12,0.22,-0.561155380634115,4.0,4.0,9.502159727876464,12,9.034519385763058,122604.87874245018,122562.46458817834,42.241896867643334,0.17225740419484073,0.0,0
58.483,-4.3875768859568876,-0.4510907093548279,1.7219713956726366,1e-12,1e-12,1e-12,0.22,-0.561155380634115,4.0,4.0,9.495454413599335,12,9.034519385763058,122604.87874245018,122562.46458817834,42.241896867643334,0.17225740419484073,0.0,0
58.583,-4.390278274547127,-0.4292600999915044,1.6658558576228808,1e-12,1e-12,1e-12,0.22,-0.561155380634115,4.0,4.0,9.487629554199208,12,9.034519385763058,122604.87874245018,122562.46458817834,42.241896867643334,0.17225740419484073,0.0,0
58.683,-4.391751017418558,-0.4073123430690658,1.6097403195737854,1e-12,1e-12,1e-12,0.22,-0.561155380634115,4.0,4.0,9.478707044091738,12,9.034519385763058,122604.87874245018,122562.46458817834,42.241896867643334,0.17225740419484073,0.0,0
58.783,-4.391990478189047,-0.3853165329218114,1.553624781525333,1e-12,1e-12,1e-12,0.22,-0.561155380634115,4.0,4.0,9.468711912395108,12,9.034519385763058,122604.87874245018,122562.46458817834,42.241896867643334,0.17225740419484073,0.0,0
58.883,-4.390995903005595,-0.3633419151617283,1.4975092434775314,1e-12,1e-12,1e-12,0.22,-0.561155380634115,4.0,4.0,9.457672277725841,12,9.034519385763058,122604.87874245018,122562.46458817834,42.241896867643334,0.17225740419484073,0.0,0
58.983,-4.388770422917573,-0.3414576686845139,1.4413937054304966,1e-12,1e-12,1e-12,0.22,-0.561155380634115,4.0,4.0,9.44561929665791,12,9.034519385763058,122604.87874245018,122562.46458817834,42.241896867643334,0.17225740419484073,0.0,0
59.083,-4.385321044019767,-0.31973268788544734,1.3852781673841121,1e-12,1e-12,1e-12,0.22,-0.561155380634115,4.0,4.0,9.432587105670786,12,9.034519385763058,122604.87874245018,122562.46458817834,42.241896867643334,0.17225740419484073,0.0,0
59.183,-4.380658625396304,-0.2982353657712858,1.3291626293343457,1e-12,1e-12,1e-12,0.22,-0.561155380634115,4.0,4.0,9.418612756398709,12,9.034519385763058,122604.87874245018,122562.46458817834,42.241896867643334,0.17225740419484073,0.0,0
59.283,-4.374797844934727,-0.27703337865030725,1.273047091278053,1e-12,1e-12,1e-12,0.22,-0.561155380634115,4.0,4.0,9.403736143980868,12,9.034519385763058,122604.87874245018,122562.46458817834,42.241896867643334,0.17225740419484073,0.0,0
59.383,-4.367757153118347,-0.25619347307872337,1.2169315532092753,1e-12,1e-12,1e-12,0.22,-0.561155380634115,4.0,4.0,9.387999928304282,12,9.034519385763058,122604.87874245018,122562.46458817834,42.241896867643334,0.17225740419484073,0.0,0
59.483,-4.359558714941572,-0.23578125573361006,1.160816015139468,1e-12,1e-12,1e-12,0.22,-0.561155380634115,4.0,4.0,9.371449447923187,12,9.034519385763058,122604.87874245018,122562.46458817834,42.241896867643334,0.17225740419484073,0.0,0
59.583,-4.35022834013207,-0.21586098687511202,1.1047004770706301,1e-12,1e-12,1e-12,0.22,-0.561155380634115,4.0,4.0,9.354132626438455,12,9.034519385763058,122604.87874245018,122562.46458817834,42.241896867643334,0.17225740419484073,0.0,0
59.683,-4.339795401898178,-0.19649537804685002,1.0485849390029118,1e-12,1e-12,1e-12,0.22,-0.561155380634115,4.0,4.0,9.336099871118057,12,9.034519385763058,122604.87874245018,122562.46458817834,42.241896867643334,0.17225740419484073,0.0,0
59.783,-4.328292744458376,-0.17774539465210437,0.992469400936266,1e-12,1e-12,1e-12,0.22,-0.561155380634115,4.0,4.0,9.317403963547727,12,9.034519385763058,122604.87874245018,122562.46458817834,42.241896867643334,0.17225740419484073,0.0,0
59.883,-4.315756579643443,-0.15967006402684122,0.9363538628707113,1e-12,1e-12,1e-12,0.22,-0.561155380634115,4.0,4.0,9.298099942108832,12,9.034519385763058,122604.87874245018,122562.46458817834,42.241896867643334,0.17225740419484073,0.0,0
59.983,-4.302226372897013,-0.14232628961417307,0.8802383248063321,1e-12,1e-12,1e-12,0.22,-0.561155380634115,4.0,4.0,9.278244976096257,12,9.034519385763058,122604.87874245018,122562.46458817834,42.241896867643334,0.17225740419484073,0.0,0
60.083,-4.287744719033324,-0.12576867182505125,0.8241227867430295,1e-12,1e-12,1e-12,0.22,-0.561155380634115,4.0,4.0,9.257898231309188,12,9.034519385763058,122604.87874245018,122562.46458817834,42.241896867643334,0.17225740419484073,0.0,0
60.183,-4.272357208143318,-0.11004933614924693,0.7680072486808998,1e-12,1e-12,1e-12,0.22,-0.561155380634115,4.0,4.0,9.237120726974483,12,9.034519385763058,122604.87874245018,122562.46458817834,42.241896867643334,0.17225740419484073,0.0,0
60.283,-4.256112282071254,-0.09521776905767046,0.7118917106198603,1e-12,1e-12,1e-12,0.22,-0.561155380634115,4.0,4.0,9.21597518389527,12,9.034519385763058,122604.87874245018,122562.46458817834,42.241896867643334,0.17225740419484073,0.0,0
60.383,-4.239061081913594,-0.08132066221266074,0.6557761725599327,1e-12,1e-12,1e-12,0.22,-0.561155380634115,4.0,4.0,9.194525863757587,12,9.034519385763058,122604.87874245018,122562.46458817834,42.241896867643334,0.17225740419484073,0.0,0
60.483,-4.221257287020288,-0.06840176547663526,0.5996606345012595,1e-12,1e-12,1e-12,0.22,-0.561155380634115,4.0,4.0,9.172838399574998,12,9.034519385763058,122604.87874245018,122562.46458817834,42.241896867643334,0.17225740419484073,0.0,0
60.583,-4.2027569460053735,-0.056501749182012125,0.5435450964432506,1e-12,1e-12,1e-12,0.22,-0.561155380634115,4.0,4.0,9.15097961730634,12,9.034519385763058,122604.87874245018,122562.46458817834,42.241896867643334,0.17225740419484073,0.0,0
60.683,-4.1836183002988605,-0.04565807609583129,0.487429558386922,1e-12,1e-12,1e-12,0.22,-0.561155380634115,4.0,4.0,9.12901734874383,12,9.034519385763058,122604.87874245018,122562.46458817834,42.241896867643334,0.17225740419484073,0.0,0
60.783,-4.163901600795135,-0.03590488348210074,0.43131402033136806,1e-12,1e-12,1e-12,0.22,-0.561155380634115,4.0,4.0,9.107020235838945,12,9.034519385763058,122604.87874245018,122562.46458817834,42.241896867643334,0.17225740419484073,0.0,0
60.883,-4.143668918175588,-0.027272875633439553,0.37519848227649244,1e-12,1e-12,1e-12,0.22,-0.561155380634115,4.0,4.0,9.08505752671231,12,9.034519385763058,122604.87874245018,122562.46458817834,42.241896867643334,0.17225740419484073,0.0,0
61.003,-4.118798386501629,-0.018432438392066177,0.3078598366125441,1e-12,1e-12,1e-12,0.22,-0.561155380634115,4.0,4.0,9.058845759951048,12,9.034519385763058,122604.87874245018,122562.46458817834,42.241896867643334,0.17225740419484073,0.0,0
61.083,-4.10191180769742,-0.013477497690282721,0.26296740617068165,1e-12,1e-12,1e-12,0.22,-0.561155380634115,4.0,4.0,9.041514063704879,12,9.034519385763058,122604.87874245018,122562.46458817834,42.241896867643334,0.17225740419484073,0.0,0
61.183,-4.080518836541239,-0.0083575572026427,0.20685186811893244,1e-12,1e-12,1e-12,0.22,-0.561155380634115,4.0,4.0,9.020072891838584,12,9.034519385763058,122604.87874245018,122562.46458817834,42.241896867643334,0.17225740419484073,0.0,0
61.283,-4.058872381831763,-0.004445523971894211,0.15073633006797205,1e-12,1e-12,1e-12,0.22,-0.561155380634115,4.0,4.0,8.998944828206763,12,9.034519385763058,122604.87874245018,122562.46458817834,42.241896867643334,0.17225740419484073,0.0,0
61.383,-4.037040589365529,-0.001753713576915072,0.09462079201764771,1e-12,1e-12,1e-12,0.22,-0.561155380634115,4.0,4.0,8.978198829344093,12,9.034519385763058,122604.87874245018,122562.46458817834,42.241896867643334,0.17225740419484073,0.0,0
61.483,-4.0150921884059985,-0.00029060017968452525,0.038505253968001814,1e-12,1e-12,1e-12,0.22,-0.561155380634115,4.0,4.0,8.957903084680744,12,9.034519385763058,122604.87874245018,122562.46458817834,42.241896867643334,0.17225740419484073,0.0,0
61.583,-3.9930962753150387,-6.078984752346666e-05,-0.017610284080375724,1e-12,1e-12,1e-12,0.22,-0.561155380634115,4.0,4.0,8.938124769152125,12,9.034519385763058,122604.87874245018,122562.46458817834,42.241896867643334,0.17225740419484073,0.0,0
61.683,-3.9711220960287137,-0.0010650060525965613,-0.07372582212751694,1e-12,1e-12,1e-12,0.22,-0.561155380634115,4.0,4.0,8.918929792999597,12,9.034519385763058,122604.87874245018,122562.46458817834,42.241896867643334,0.17225740419484073,0.0,0
61.783,-3.9492388280622635,-0.003300087394367136,-0.12984136017396178,1e-12,1e-12,1e-12,0.22,-0.561155380634115,4.0,4.0,8.900382549941572,12,9.034519385763058,122604.87874245018,122562.46458817834,42.241896867643334,0.17225740419484073,0.0,0
61.883,-3.9275153627304453,-0.006758997552099524,-0.1859568982206518,1e-12,1e-12,1e-12,0.22,-0.561155380634115,4.0,4.0,8.882545664998966,12,9.034519385763058,122604.87874245018,122562.46458817834,42.241896867643334,0.17225740419484073,0.0,0
61.983,-3.906020088269241,-0.011430847436046651,-0.2420724362707417,1e-12,1e-12,1e-12,0.22,-0.561155380634115,4.0,4.0,8.865479743357279,12,9.034519385763058,122604.87874245018,122562.46458817834,42.241896867643334,0.17225740419484073,0.0,0
62.083,-3.884820674540652,-0.017300929467844204,-0.2981879743268677,1e-12,1e-12,1e-12,0.22,-0.561155380634115,4.0,4.0,8.849243121734588,12,9.034519385763058,122604.87874245018,122562.46458817834,42.241896867643334,0.17225740419484073,0.0,0
62.183,-3.8639838599994727,-0.02435076388166911,-0.35430351239586877,1e-12,1e-12,1e-12,0.22,-0.561155380634115,4.0,4.0,8.833891623802455,12,9.034519385763058,122604.87874245018,122562.46458817834,42.241896867643334,0.17225740419484073,0.0,0
62.283,-3.843575241591849,-0.03255815690104147,-0.4104190504656054,1e-12,1e-12,1e-12,0.22,-0.561155380634115,4.0,4.0,8.81947832126718,12,9.034519385763058,122604.87874245018,122562.46458817834,42.241896867643334,0.17225740419484073,0.0,0
62.383,-3.823659068247986,-0.04189727060732274,-0.4665345885346596,1e-12,1e-12,1e-12,0.22,-0.561155380634115,4.0,4.0,8.806053302264408,12,9.034519385763058,122604.87874245018,122562.46458817834,42.241896867643334,0.17225740419484073,0.0,0
62.483,-3.8042980386183576,-0.052338704280984284,-0.5226501266021579,1e-12,1e-12,1e-12,0.22,-0.561155380634115,4.0,4.0,8.793663448745127,12,9.034519385763058,122604.87874245018,122562.46458817834,42.241896867643334,0.17225740419484073,0.0,0
62.583,-3.7855531036902996,-0.06384958695884517,-0.5787656646688283,1e-12,1e-12,1e-12,0.22,-0.561155380634115,4.0,4.0,8.782352224535703,12,9.034519385763058,122604.87874245018,122562.46458817834,42.241896867643334,0.17225740419484073,0.0,0
62.683,-3.767483274906577,-0.07639368091601667,-0.6348812027343192,1e-12,1e-12,1e-12,0.22,-0.561155380634115,4.0,4.0,8.77215947573717,12,9.034519385763058,122604.87874245018,122562.46458817834,42.241896867643334,0.17225740419484073,0.0,0
62.783,-3.7501454383897936,-0.08993149574692498,-0.6909967407986983,1e-12,1e-12,1e-12,0.22,-0.561155380634115,4.0,4.0,8.763121245087095,12,9.034519385763058,122604.87874245018,122562.46458817834,42.241896867643334,0.17225740419484073,0.0,0
62.883,-3.7335941758576556,-0.10442041268610833,-0.7471122788619936,1e-12,1e-12,1e-12,0.22,-0.561155380634115,4.0,4.0,8.75526960184173,12,9.034519385763058,122604.87874245018,122562.46458817834,42.241896867643334,0.17225740419484073,0.0,0
62.983,-3.7178815927927755,-0.11981481877753804,-0.8032278169240953,1e-12,1e-12,1e-12,0.22,-0.561155380634115,4.0,4.0,8.748632488645786,12,9.034519385763058,122604.87874245018,122562.46458817834,42.241896867643334,0.17225740419484073,0.0,0
63.083,-3.7030571544079818,-0.13606625046998524,-0.8593433549851414,1e-12,1e-12,1e-12,0.22,-0.561155380634115,4.0,4.0,8.743233586743113,12,9.034519385763058,122604.87874245018,122562.46458817834,42.241896867643334,0.17225740419484073,0.0,0
63.183,-3.689167529923541,-0.15312354618646049,-0.9154588930450372,1e-12,1e-12,1e-12,0.22,-0.561155380634115,4.0,4.0,8.739092200744818,12,9.034519385763058,122604.87874245018,122562.46458817834,42.241896867643334,0.17225740419484073,0.0,0
63.283,-3.6762564456464415,-0.17093300738742528,-0.9715744311037141,1e-12,1e-12,1e-12,0.22,-0.561155380634115,4.0,4.0,8.736223164013294,12,9.034519385763058,122604.87874245018,122562.46458817834,42.241896867643334,0.17225740419484073,0.0,0
63.383,-3.6643645473144875,-0.189438567620581,-1.0276899691617196,1e-12,1e-12,1e-12,0.22,-0.561155380634115,4.0,4.0,8.73463676554429,12,9.034519385763058,122604.87874245018,122562.46458817834,42.241896867643334,0.17225740419484073,0.0,0
63.483,-3.6535292721383414,-0.20858196902514803,-1.0838055072180122,1e-12,1e-12,1e-12,0.22,-0.561155380634115,4.0,4.0,8.734338699036238,12,9.034519385763058,122604.87874245018,122562.46458817834,42.241896867643334,0.17225740419484073,0.0,0
63.583,-3.6437847309443163,-0.2283029457352061,-1.139921045273556,1e-12,1e-12,1e-12,0.22,-0.561155380634115,4.0,4.0,8.735330034631232,12,9.034519385763058,122604.87874245018,122562.46458817834,42.241896867643334,0.17225740419484073,0.0,0
63.683,-3.635161600789262,-0.24853941360417178,-1.1960365833284423,1e-12,1e-12,1e-12,0.22,-0.561155380634115,4.0,4.0,8.737607213597721,12,9.034519385763058,122604.87874245018,122562.46458817834,42.241896867643334,0.17225740419484073,0.0,0
63.783,-3.6276870283852496,-0.2692276656535871,-1.2521521213818076,1e-12,1e-12,1e-12,0.22,-0.561155380634115,4.0,4.0,8.741162066005788,12,9.034519385763058,122604.87874245018,122562.46458817834,42.241896867643334,0.17225740419484073,0.0,0
63.883,-3.6213845446382265,-0.29030257263089754,-1.308267659434221,1e-12,1e-12,1e-12,0.22,-0.561155380634115,4.0,4.0,8.745981851225952,12,9.034519385763058,122604.87874245018,122562.46458817834,42.241896867643334,0.17225740419484073,0.0,0
63.983,-3.6162739905697663,-0.3116977880446174,-1.3643831974859633,1e-12,1e-12,1e-12,0.22,-0.561155380634115,4.0,4.0,8.752049320865277,12,9.034519385763058,122604.87874245018,122562.46458817834,42.241896867643334,0.17225740419484073,0.0,0
64.083,-3.612371454855008,-0.3333459570314738,-1.4204987355369407,1e-12,1e-12,1e-12,0.22,-0.561155380634115,4.0,4.0,8.759342803544817,12,9.034519385763058,122604.87874245018,122562.46458817834,42.241896867643334,0.17225740419484073,0.0,0
64.183,-3.609689223173444,-0.3551789283981387,-1.4766142735872587,1e-12,1e-12,1e-12,0.22,-0.561155380634115,4.0,4.0,8.767836310723713,12,9.034519385763058,122604.87874245018,122562.46458817834,42.241896867643334,0.17225740419484073,0.0,0
64.283,-3.608235739532042,-0.37712796916983793,-1.5327298116368933,1e-12,1e-12,1e-12,0.22,-0.561155380634115,4.0,4.0,8.777499662590795,12,9.034519385763058,122604.87874245018,122562.46458817834,42.241896867643334,0.17225740419484073,0.0,0
64.383,-3.608015579682424,-0.39912398097049173,-1.5888453496852606,1e-12,1e-12,1e-12,0.22,-0.561155380634115,4.0,4.0,8.788298632877705,12,9.034519385763058,122604.87874245018,122562.46458817834,42.241896867643334,0.17225740419484073,0.0,0
64.483,-3.609029436715807,-0.421097717553288,-1.644960887732412,1e-12,1e-12,1e-12,0.22,-0.561155380634115,4.0,4.0,8.800195111300804,12,9.034519385763058,122604.87874245018,122562.46458817834,42.241896867643334,0.17225740419484073,0.0,0
64.583,-3.611274118881099,-0.44298000279666744,-1.701076425778857,1e-12,1e-12,1e-12,0.22,-0.561155380634115,4.0,4.0,8.813147282214244,12,9.034519385763058,122604.87874245018,122562.46458817834,42.241896867643334,0.17225740419484073,0.0,0
64.683,-3.614742559632949,-0.46470194847961754,-1.7571919638255504,1e-12,1e-12,1e-12,0.22,-0.561155380634115,4.0,4.0,8.827109817955312,12,9.034519385763058,122604.87874245018,122562.46458817834,42.241896867643334,0.17225740419484073,0.0,0
64.783,-3.6194238398780847,-0.48619517115019284,-1.8133075018757439,1e-12,1e-12,1e-12,0.22,-0.561155380634115,4.0,4.0,8.842034085285682,12,9.034519385763058,122604.87874245018,122562.46458817834,42.241896867643334,0.17225740419484073,0.0,0
64.883,-3.6253032223501673,-0.5073920074057059,-1.8694230399318732,1e-12,1e-12,1e-12,0.22,-0.561155380634115,4.0,4.0,8.857868363280677,12,9.034519385763058,122604.87874245018,122562.46458817834,42.241896867643334,0.17225740419484073,0.0,0
64.983,-3.6323621980043996,-0.5282257269055642,-1.925538578000871,1e-12,1e-12,1e-12,0.22,-0.561155380634115,4.0,4.0,8.874558070987872,12,9.034519385763058,122604.87874245018,122562.46458817834,42.241896867643334,0.17225740419484073,0.0,0
65.083,-3.640578544286511,-0.548630742447208,-1.9816541160705756,1e-12,1e-12,1e-12,0.22,-0.561155380634115,4.0,4.0,8.892046003173128,12,9.034519385763058,122604.87874245018,122562.46458817834,42.241896867643334,0.17225740419484073,0.0,0
65.183,-3.649926395091854,-0.5685428164427168,-2.037769654139608,1e-12,1e-12,1e-12,0.22,-0.561155380634115,4.0,4.0,8.91027257248584,12,9.034519385763058,122604.87874245018,122562.46458817834,42.241896867643334,0.17225740419484073,0.0,0
65.283,-3.6603763221953995,-0.5878992631468882,-2.093885192207117,1e-12,1e-12,1e-12,0.22,-0.561155380634115,4.0,4.0,8.929176056413922,12,9.034519385763058,122604.87874245018,122562.46458817834,42.241896867643334,0.17225740419484073,0.0,0
65.383,-3.671895427895567,-0.6066391460000176,-2.1500007302737845,1e-12,1e-12,1e-12,0.22,-0.561155380634115,4.0,4.0,8.948692847451223,12,9.034519385763058,122604.87874245018,122562.46458817834,42.241896867643334,0.17225740419484073,0.0,0
65.483,-3.6844474485803484,-0.6247034694639179,-2.206116268339272,1e-12,1e-12,1e-12,0.22,-0.561155380634115,4.0,4.0,8.968757704970328,12,9.034519385763058,122604.87874245018,122562.46458817834,42.241896867643334,0.17225740419484073,0.0,0
65.583,-3.6979928688898163,-0.6420353647474268,-2.2622318064036366,1e-12,1e-12,1e-12,0.22,-0.561155380634115,4.0,4.0,8.989304007377003,12,9.034519385763058,122604.87874245018,122562.46458817834,42.241896867643334,0.17225740419484073,0.0,0
65.683,-3.712489046115498,-0.6585802688366021,-2.318347344466928,1e-12,1e-12,1e-12,0.22,-0.561155380634115,4.0,4.0,9.010264003215736,12,9.034519385763058,122604.87874245018,122562.46458817834,42.241896867643334,0.17225740419484073,0.0,0
65.783,-3.7278903444450533,-0.6742860962660165,-2.3744628825290333,1e-12,1e-12,1e-12,0.22,-0.561155380634115,4.0,4.0,9.031569059997985,12,9.034519385763058,122604.87874245018,122562.46458817834,42.241896867643334,0.17225740419484073,0.0,0
65.883,-3.7441482786296127,-0.689103403090445,-2.430578420590059,1e-12,1e-12,1e-12,0.22,-0.561155380634115,4.0,4.0,9.053149909632358,12,9.034519385763058,122604.87874245018,122562.46458817834,42.241896867643334,0.17225740419484073,0.0,0
65.983,-3.7612116666215147,-0.7029855425406811,-2.4866939586499326,1e-12,1e-12,1e-12,0.22,-0.561155380634115,4.0,4.0,9.074936889447143,12,9.034519385763058,122604.87874245018,122562.46458817834,42.241896867643334,0.17225740419484073,0.0,0
66.083,-3.779026790701963,-0.7158888118735798,-2.542809496708606,1e-12,1e-12,1e-12,0.22,-0.561155380634115,4.0,4.0,9.096860177908269,12,9.034519385763058,122604.87874245018,122562.46458817834,42.241896867643334,0.17225740419484073,0.0,0
66.183,-3.79753756659119,-0.7277725899537731,-2.5989250347666113,1e-12,1e-12,1e-12,0.22,-0.561155380634115,4.0,4.0,9.118850024247523,12,9.034519385763058,122604.87874245018,122562.46458817834,42.241896867643334,0.17225740419484073,0.0,0
66.283,-3.816685720008869,-0.7385994651341876,-2.6550405728229007,1e-12,1e-12,1e-12,0.22,-0.561155380634115,4.0,4.0,9.140836971326017,12,9.034519385763058,122604.87874245018,122562.46458817834,42.241896867643334,0.17225740419484073,0.0,0
66.383,-3.836410970129137,-0.7483353530327654,-2.711156110878444,1e-12,1e-12,1e-12,0.22,-0.561155380634115,4.0,4.0,9.16275207116405,12,9.034519385763058,122604.87874245018,122562.46458817834,42.241896867643334,0.17225740419484073,0.0,0
66.483,-3.8566512193521683,-0.756949603834334,-2.7672716489333196,1e-12,1e-12,1e-12,0.22,-0.561155380634115,4.0,4.0,9.184527092668818,12,9.034519385763058,122604.87874245018,122562.46458817834,42.241896867643334,0.17225740419484073,0.0,0
66.583,-3.8773427487953196,-0.7644150987801558,-2.8233871869866745,1e-12,1e-12,1e-12,0.22,-0.561155380634115,4.0,4.0,9.206094721187835,12,9.034519385763058,122604.87874245018,122562.46458817834,42.241896867643334,0.17225740419484073,0.0,0
66.683,-3.898420418888385,-0.7707083355412788,-2.879502725039067,1e-12,1e-12,1e-12,0.22,-0.561155380634115,4.0,4.0,9.227388749603866,12,9.034519385763058,122604.87874245018,122562.46458817834,42.241896867643334,0.17225740419484073,0.0,0
66.783,-3.9198178744412435,-0.7758095022068217,-2.935618263090812,1e-12,1e-12,1e-12,0.22,-0.561155380634115,4.0,4.0,9.248344260768409,12,9.034519385763058,122604.87874245018,122562.46458817834,42.241896867643334,0.17225740419484073,0.0,0
66.883,-3.941467753538372,-0.7797025396543825,-2.9917338011417725,1e-12,1e-12,1e-12,0.22,-0.561155380634115,4.0,4.0,9.268897801144877,12,9.034519385763058,122604.87874245018,122562.46458817834,42.241896867643334,0.17225740419484073,0.0,0
66.983,-3.963301899602802,-0.7823751921062249,-3.04784933919209,1e-12,1e-12,1e-12,0.22,-0.561155380634115,4.0,4.0,9.288987545598856,12,9.034519385763058,122604.87874245018,122562.46458817834,42.241896867643334,0.17225740419484073,0.0,0
67.083,-3.9852515759616596,-0.7838190457120172,-3.1039648772417285,1e-12,1e-12,1e-12,0.22,-0.561155380634115,4.0,4.0,9.308553453330717,12,9.034519385763058,122604.87874245018,122562.46458817834,42.241896867643334,0.17225740419484073,0.0,0
67.183,-4.007247682237954,-0.7840295550367147,3.1231048918895192,1e-12,1e-12,1e-12,0.22,-0.561155380634115,4.0,4.0,9.32753741499705,12,9.034519385763058,122604.87874245018,122562.46458817834,42.241896867643334,0.17225740419484073,0.0,0
67.283,-4.029220971887449,-0.7830060573701831,3.0669893538423887,1e-12,1e-12,1e-12,0.22,-0.561155380634115,4.0,4.0,9.345883391110608,12,9.034519385763058,122604.87874245018,122562.46458817834,42.241896867643334,0.17225740419484073,0.0,0
67.383,-4.051102270195597,-0.7807517748134564,3.010873815795958,1e-12,1e-12,1e-12,0.22,-0.561155380634115,4.0,4.0,9.363537541844465,12,9.034519385763058,122604.87874245018,122562.46458817834,42.241896867643334,0.17225740419484073,0.0,0
67.483,-4.072822692048382,-0.7772738041351382,2.954758277749261,1e-12,1e-12,1e-12,0.22,-0.561155380634115,4.0,4.0,9.380448348396099,12,9.034519385763058,122604.87874245018,122562.46458817834,42.241896867643334,0.17225740419484073,0.0,0
67.583,-4.094313858791067,-0.7725830944299227,2.8986427396989543,1e-12,1e-12,1e-12,0.22,-0.561155380634115,4.0,4.0,9.396566726089665,12,9.034519385763058,122604.87874245018,122562.46458817834,42.241896867643334,0.17225740419484073,0.0,0
67.683,-4.115508113493283,-0.7666944126492904,2.842527201642839,1e-12,1e-12,1e-12,0.22,-0.561155380634115,4.0,4.0,9.411846129413574,12,9.034519385763058,122604.87874245018,122562.46458817834,42.241896867643334,0.17225740419484073,0.0,0
67.783,-4.1363387339415,-0.7596262971134461,2.7864116635736886,1e-12,1e-12,1e-12,0.22,-0.561155380634115,4.0,4.0,9.42624264920072,12,9.034519385763058,122604.87874245018,122562.46458817834,42.241896867643334,0.17225740419484073,0.0,0
67.883,-4.156740142689362,-0.7514009991501751,2.7302961255040232,1e-12,1e-12,1e-12,0.22,-0.561155380634115,4.0,4.0,9.439715102167298,12,9.034519385763058,122604.87874245018,122562.46458817834,42.241896867643334,0.17225740419484073,0.0,0
67.983,-4.1766481135036,-0.7420444130451564,2.674180587435008,1e-12,1e-12,1e-12,0.22,-0.561155380634115,4.0,4.0,9.452225113027872,12,9.034519385763058,122604.87874245018,122562.46458817834,42.241896867643334,0.17225740419484073,0.0,0
68.083,-4.195999973556358,-0.7315859945232516,2.618065049367503,1e-12,1e-12,1e-12,0.22,-0.561155380634115,4.0,4.0,9.463737189403792,12,9.034519385763058,122604.87874245018,122562.46458817834,42.241896867643334,0.17225740419484073,0.0,0
68.183,-4.214734800727283,-0.7200586680181127,2.561949511300868,1e-12,1e-12,1e-12,0.22,-0.561155380634115,4.0,4.0,9.47421878973738,12,9.034519385763058,122604.87874245018,122562.46458817834,42.241896867643334,0.17225740419484073,0.0,0
68.283,-4.232793615394127,-0.7074987230218827,2.50583397323537,1e-12,1e-12,1e-12,0.22,-0.561155380634115,4.0,4.0,9.483640384416047,12,9.034519385763058,122604.87874245018,122562.46458817834,42.241896867643334,0.17225740419484073,0.0,0
68.383,-4.250119566108116,-0.6939456998412364,2.4497184351710195,1e-12,1e-12,1e-12,0.22,-0.561155380634115,4.0,4.0,9.49197551030016,12,9.034519385763058,122604.87874245018,122562.46458817834,42.241896867643334,0.17225740419484073,0.0,0
68.483,-4.266658108569571,-0.6794422651194532,2.3936028971077348,1e-12,1e-12,1e-12,0.22,-0.561155380634115,4.0,4.0,9.499200818835515,12,9.034519385763058,122604.87874245018,122562.46458817834,42.241896867643334,0.17225740419484073,0.0,0
68.583,-4.28235717734028,-0.6640340775163917,2.3374873590456398,1e-12,1e-12,1e-12,0.22,-0.561155380634115,4.0,4.0,9.505296117916277,12,9.034519385763058,122604.87874245018,122562.46458817834,42.241896867643334,0.17225740419484073,0.0,0
68.683,-4.297167349752137,-0.6477696439692328,2.281371820984611,1e-12,1e-12,1e-12,0.22,-0.561155380634115,4.0,4.0,9.510244407647722,12,9.034519385763058,122604.87874245018,122562.46458817834,42.241896867643334,0.17225740419484073,0.0,0
68.783,-4.3110420014959745,-0.6307001669864618,2.225256282924744,1e-12,1e-12,1e-12,0.22,-0.561155380634115,4.0,4.0,9.514031910139815,12,9.034519385763058,122604.87874245018,122562.46458817834,42.241896867643334,0.17225740419484073,0.0,0
68.883,-4.323937453400898,-0.6128793834557946,2.1691407448660778,1e-12,1e-12,1e-12,0.22,-0.561155380634115,4.0,4.0,9.516648093443496,12,9.034519385763058,122604.87874245018,122562.46458817834,42.241896867643334,0.17225740419484073,0.0,0
68.983,-4.335813108941802,-0.5943633954736661,2.113025206808076,1e-12,1e-12,1e-12,0.22,-0.561155380634115,4.0,4.0,9.518085689721138,12,9.034519385763058,122604.87874245018,122562.46458817834,42.241896867643334,0.17225740419484073,0.0,0
69.083,-4.346631582042398,-0.5752104937287401,2.056909668751801,1e-12,1e-12,1e-12,0.22,-0.561155380634115,4.0,4.0,9.51834070772176,12,9.034519385763058,122604.87874245018,122562.46458817834,42.241896867643334,0.17225740419484073,0.0,0
69.183,-4.35635881477145,-0.5554809739952126,2.0007941306962715,1e-12,1e-12,1e-12,0.22,-0.561155380634115,4.0,4.0,9.51741243960988,12,9.034519385763058,122604.87874245018,122562.46458817834,42.241896867643334,0.17225740419484073,0.0,0
69.283,-4.36496418456136,-0.5352369473141971,1.9446785926414032,1e-12,1e-12,1e-12,0.22,-0.561155380634115,4.0,4.0,9.515303462174924,12,9.034519385763058,122604.87874245018,122562.46458817834,42.241896867643334,0.17225740419484073,0.0,0
69.383,-4.372420600611946,-0.5145421444602569,1.8885630545880594,1e-12,1e-12,1e-12,0.22,-0.561155380634115,4.0,4.0,9.512019632426076,12,9.034519385763058,122604.87874245018,122562.46458817834,42.241896867643334,0.17225740419484073,0.0,0
69.483,-4.378704589175775,-0.49346171530871163,1.832447516535674,1e-12,1e-12,1e-12,0.22,-0.561155380634115,4.0,4.0,9.507570077555059,12,9.034519385763058,122604.87874245018,122562.46458817834,42.241896867643334,0.17225740419484073,0.0,0
69.583,-4.383796367456467,-0.4720620237355512,1.776331978483946,1e-12,1e-12,1e-12,0.22,-0.561155380634115,4.0,4.0,9.50196717922736,12,9.034519385763058,122604.87874245018,122562.46458817834,42.241896867643334,0.17225740419484073,0.0,0
69.683,-4.387679905887454,-0.450410438695568,1.7202164404329716,1e-12,1e-12,1e-12,0.22,-0.561155380634115,4.0,4.0,9.495226552140746,12,9.034519385763058,122604.87874245018,122562.46458817834,42.241896867643334,0.17225740419484073,0.0,0
69.783,-4.390342978595112,-0.4285751221362657,1.6641009023826754,1e-12,1e-12,1e-12,0.22,-0.561155380634115,4.0,4.0,9.48736701676838,12,9.034519385763058,122604.87874245018,122562.46458817834,42.241896867643334,0.17225740419484073,0.0,0
69.883,-4.391777201887365,-0.40662481441537973,1.6079853643330335,1e-12,1e-12,1e-12,0.22,-0.561155380634115,4.0,4.0,9.478410566183442,12,9.034519385763058,122604.87874245018,122562.46458817834,42.241896867643334,0.17225740419484073,0.0,0
69.983,-4.391978060646621,-0.38462861789751257,1.551869826284702,1e-12,1e-12,1e-12,0.22,-0.561155380634115,4.0,4.0,9.468382326842326,12,9.034519385763058,122604.87874245018,122562.46458817834,42.241896867643334,0.17225740419484073,0.0,0
70.083,-4.390944922543954,-0.36265577941097854,1.4957542882375574,1e-12,1e-12,1e-12,0.22,-0.561155380634115,4.0,4.0,9.457310513184717,12,9.034519385763058,122604.87874245018,122562.46458817834,42.241896867643334,0.17225740419484073,0.0,0
70.183,-4.388681040029721,-0.34077547225002836,1.4396387501911265,1e-12,1e-12,1e-12,0.22,-0.561155380634115,4.0,4.0,9.44522637589177,12,9.034519385763058,122604.87874245018,122562.46458817834,42.241896867643334,0.17225740419484073,0.0,0
70.283,-4.385193540094413,-0.3190565784084109,1.3835232121444223,1e-12,1e-12,1e-12,0.22,-0.561155380634115,4.0,4.0,9.432164143627594,12,9.034519385763058,122604.87874245018,122562.46458817834,42.241896867643334,0.17225740419484073,0.0,0
70.383,-4.380493401832041,-0.2975674717304905,1.3274076740941438,1e-12,1e-12,1e-12,0.22,-0.561155380634115,4.0,4.0,9.418160958075964,12,9.034519385763058,122604.87874245018,122562.46458817834,42.241896867643334,0.17225740419484073,0.0,0
70.483,-4.374595421876383,-0.27637580266128564,1.271292136038032,1e-12,1e-12,1e-12,0.22,-0.561155380634115,4.0,4.0,9.403256802071281,12,9.034519385763058,122604.87874245018,122562.46458817834,42.241896867643334,0.17225740419484073,0.0,0
70.583,-4.367518167819481,-0.2555482852744314,1.2151765979687181,1e-12,1e-12,1e-12,0.22,-0.561155380634115,4.0,4.0,9.387494420615718,12,9.034519385763058,122604.87874245018,122562.46458817834,42.241896867643334,0.17225740419484073,0.0,0
70.683,-4.35928391975835,-0.2351504872474424,1.159061059899064,1e-12,1e-12,1e-12,0.22,-0.561155380634115,4.0,4.0,9.3709192345662,12,9.034519385763058,122604.87874245018,122562.46458817834,42.241896867643334,0.17225740419484073,0.0,0
70.783,-4.349918600154714,-0.21524662344657577,1.1029455218300381,1e-12,1e-12,1e-12,0.22,-0.561155380634115,4.0,4.0,9.353579246774329,12,9.034519385763058,122604.87874245018,122562.46458817834,42.241896867643334,0.17225740419484073,0.0,0
70.883,-4.339451692227609,-0.19589935377030515,1.0468299837625328,1e-12,1e-12,1e-12,0.22,-0.561155380634115,4.0,4.0,9.335524940460926,12,9.034519385763058,122604.87874245018,122562.46458817834,42.241896867643334,0.17225740419484073,0.0,0
70.983,-4.327916147136411,-0.17716958588788193,0.990714445695905,1e-12,1e-12,1e-12,0.22,-0.561155380634115,4.0,4.0,9.316809169613924,12,9.034519385763058,122604.87874245018,122562.46458817834,42.241896867643334,0.17225740419484073,0.0,0
71.083,-4.315348280246424,-0.15911628349427373,0.9345989076304282,1e-12,1e-12,1e-12,0.22,-0.561155380634115,4.0,4.0,9.29748704120766,12,9.034519385763058,122604.87874245018,122562.46458817834,42.241896867643334,0.17225740419484073,0.0,0
71.183,-4.301787656803445,-0.14179628068490918,0.8784833695660885,1e-12,1e-12,1e-12,0.22,-0.561155380634115,4.0,4.0,9.27761578905644,12,9.034519385763058,122604.87874245018,122562.46458817834,42.241896867643334,0.17225740419484073,0.0,0
71.283,-4.287276967377351,-0.1252641030347065,0.8223678315028069,1e-12,1e-12,1e-12,0.22,-0.561155380634115,4.0,4.0,9.257254639136265,12,9.034519385763058,122604.87874245018,122562.46458817834,42.241896867643334,0.17225740419484073,0.0,0
71.383,-4.271861893466737,-0.10957179594464739,0.7662522934407552,1e-12,1e-12,1e-12,0.22,-0.561155380634115,4.0,4.0,9.236464666235173,12,9.034519385763058,122604.87874245018,122562.46458817834,42.241896867643334,0.17225740419484073,0.0,0
71.483,-4.2555909636877525,-0.09476876079619881,0.7101367553797192,1e-12,1e-12,1e-12,0.22,-0.561155380634115,4.0,4.0,9.215308641826127,12,9.034519385763058,122604.87874245018,122562.46458817834,42.241896867643334,0.17225740419484073,0.0,0
71.583,-4.238515400999847,-0.08090159942951736,0.654021217319863,1e-12,1e-12,1e-12,0.22,-0.561155380634115,4.0,4.0,9.193850873096544,12,9.034519385763058,122604.87874245018,122562.46458817834,42.241896867643334,0.17225740419484073,0.0,0
71.683,-4.220688961449317,-0.06801396743483684,0.5979056792612145,1e-12,1e-12,1e-12,0.22,-0.561155380634115,4.0,4.0,9.172157033116013,12,9.034519385763058,122604.87874245018,122562.46458817834,42.241896867643334,0.17225740419484073,0.0,0
71.783,-4.202167764938461,-0.05614643671918706,0.5417901412032164,1e-12,1e-12,1e-12,0.22,-0.561155380634115,4.0,4.0,9.150293982179226,12,9.034519385763058,122604.87874245018,122562.46458817834,42.241896867643334,0.17225740419484073,0.0,0
71.883,-4.183010118553058,-0.04533636778087188,0.4856746031469409,1e-12,1e-12,1e-12,0.22,-0.561155380634115,4.0,4.0,9.128329580423369,12,9.034519385763058,122604.87874245018,122562.46458817834,42.241896867643334,0.17225740419484073,0.0,0
71.983,-4.163276333004047,-0.03561779209375981,0.42955906509142233,1e-12,1e-12,1e-12,0.22,-0.561155380634115,4.0,4.0,9.10633249188979,12,9.034519385763058,122604.87874245018,122562.46458817834,42.241896867643334,0.17225740419484073,0.0,0
72.083,-4.143028532761855,-0.02702130497197049,0.3734435270365646,1e-12,1e-12,1e-12,0.22,-0.561155380634115,4.0,4.0,9.08437198027865,12,9.034519385763058,122604.87874245018,122562.46458817834,42.241896867643334,0.17225740419484073,0.0,0
72.183,-4.122330460480706,-0.019573969251918944,0.3173279889832383,1e-12,1e-12,1e-12,0.22,-0.561155380634115,4.0,4.0,9.062517696729774,12,9.034519385763058,122604.87874245018,122562.46458817834,42.241896867643334,0.17225740419484073,0.0,0
72.283,-4.101247276328493,-0.013299230095000785,0.261212450930871,1e-12,1e-12,1e-12,0.22,-0.561155380634115,4.0,4.0,9.04083946005574,12,9.034519385763058,122604.87874245018,122562.46458817834,42.241896867643334,0.17225740419484073,0.0,0
72.383,-4.0798453528542895,-0.008216841179282033,0.20509691287913967,1e-12,1e-12,1e-12,0.22,-0.561155380634115,4.0,4.0,9.019407029952372,12,9.034519385763058,122604.87874245018,122562.46458817834,42.241896867643334,0.17225740419484073,0.0,0
72.483,-4.0581920660392115,-0.004342802512417972,0.14898137482818993,1e-12,1e-12,1e-12,0.22,-0.561155380634115,4.0,4.0,8.998289873815486,12,9.034519385763058,122604.87874245018,122562.46458817834,42.241896867643334,0.17225740419484073,0.0,0
72.583,-4.036355583188154,-0.0016893100615630746,0.0928658367778975,1e-12,1e-12,1e-12,0.22,-0.561155380634115,4.0,4.0,8.977556927900842,12,9.034519385763058,122604.87874245018,122562.46458817834,42.241896867643334,0.17225740419484073,0.0,0
72.683,-4.014404648330494,-0.00026471735892590975,0.036750298728255165,1e-12,1e-12,1e-12,0.22,-0.561155380634115,4.0,4.0,8.957276353676273,12,9.034519385763058,122604.87874245018,122562.46458817834,42.241896867643334,0.17225740419484073,0.0,0
72.783,-3.9924083658051406,-7.350920377409564e-05,-0.01936523932006553,1e-12,1e-12,1e-12,0.22,-0.561155380634115,4.0,4.0,8.937515290326825,12,9.034519385763058,122604.87874245018,122562.46458817834,42.241896867643334,0.17225740419484073,0.0,0
72.883,-3.9704359827111766,-0.0011162875437020073,-0.07548077736718184,1e-12,1e-12,1e-12,0.22,-0.561155380634115,4.0,4.0,8.91833960448606,12,9.034519385763058,122604.87874245018,122562.46458817834,42.241896867643334,0.17225740419484073,0.0,0
72.983,-3.9485566709092037,-0.0033897695796610327,-0.13159631541361247,1e-12,1e-12,1e-12,0.22,-0.561155380634115,4.0,4.0,8.899813638376385,12,9.034519385763058,122604.87874245018,122562.46458817834,42.241896867643334,0.17225740419484073,0.0,0
73.083,-3.92683930925946,-0.0068867981006411946,-0.18771185346031674,1e-12,1e-12,1e-12,0.22,-0.561155380634115,4.0,4.0,8.881999957645474,12,9.034519385763058,122604.87874245018,122562.46458817834,42.241896867643334,0.17225740419484073,0.0,0
73.183,-3.9053522667827796,-0.011596364015431257,-0.24382739151070876,1e-12,1e-12,1e-12,0.22,-0.561155380634115,4.0,4.0,8.864959100284077,12,9.034519385763058,122604.87874245018,122562.46458817834,42.241896867643334,0.17225740419484073,0.0,0
73.283,-3.8841631874258074,-0.017503641010803542,-0.29994292956682755,1e-12,1e-12,1e-12,0.22,-0.561155380634115,4.0,4.0,8.848749328096899,12,9.034519385763058,122604.87874245018,122562.46458817834,42.241896867643334,0.17225740419484073,0.0,0
73.383,-3.8633387771094436,-0.02459003222644999,-0.3560584676362799,1e-12,1e-12,1e-12,0.22,-0.561155380634115,4.0,4.0,8.833426382275993,12,9.034519385763058,122604.87874245018,122562.46458817834,42.241896867643334,0.17225740419484073,0.0,0
73.483,-3.842944593729737,-0.03283322880041833,-0.41217400570593093,1e-12,1e-12,1e-12,0.22,-0.561155380634115,4.0,4.0,8.819043244685407,12,9.034519385763058,122604.87874245018,122562.46458817834,42.241896867643334,0.17225740419484073,0.0,0
73.583,-3.8230448407735853,-0.042207280099919905,-0.46828954377493576,1e-12,1e-12,1e-12,0.22,-0.561155380634115,4.0,4.0,8.805649906511558,12,9.034519385763058,122604.87874245018,122562.46458817834,42.241896867643334,0.17225740419484073,0.0,0
73.683,-3.803702165198005,-0.05268267541742419,-0.5244050818423946,1e-12,1e-12,1e-12,0.22,-0.561155380634115,4.0,4.0,8.79329314595758,12,9.034519385763058,122604.87874245018,122562.46458817834,42.241896867643334,0.17225740419484073,0.0,0
73.783,-3.784977460209431,-0.06422643687416796,-0.5805206199089517,1e-12,1e-12,1e-12,0.22,-0.561155380634115,4.0,4.0,8.782016316664173,12,9.034519385763058,122604.87874245018,122562.46458817834,42.241896867643334,0.17225740419484073,0.0,0
73.883,-3.7669296735641717,-0.07680222323869795,-0.6366361579743891,1e-12,1e-12,1e-12,0.22,-0.561155380634115,4.0,4.0,8.771859148521232,12,9.034519385763058,122604.87874245018,122562.46458817834,42.241896867643334,0.17225740419484073,0.0,0
73.983,-3.749615621993375,-0.09037044433370767,-0.6927516960387502,1e-12,1e-12,1e-12,0.22,-0.561155380634115,4.0,4.0,8.762857562491957,12,9.034519385763058,122604.87874245018,122562.46458817834,42.241896867643334,0.17225740419484073,0.0,0
74.083,-3.733089812336707,-0.10488838567094722,-0.7488672341021204,1e-12,1e-12,1e-12,0.22,-0.561155380634115,4.0,4.0,8.75504350100455,12,9.034519385763058,122604.87874245018,122562.46458817834,42.241896867643334,0.17225740419484073,0.0,0
74.183,-3.717404269947917,-0.1203103429218598,-0.804982772164229,1e-12,1e-12,1e-12,0.22,-0.561155380634115,4.0,4.0,8.748444775375747,12,9.034519385763058,122604.87874245018,122562.46458817834,42.241896867643334,0.17225740419484073,0.0,0
74.283,-3.7026083749123293,-0.13658776580066684,-0.8610983102252935,1e-12,1e-12,1e-12,0.22,-0.561155380634115,4.0,4.0,8.74308493161546,12,9.034519385763058,122604.87874245018,122562.46458817834,42.241896867643334,0.17225740419484073,0.0,0
74.383,-3.6887487065921207,-0.15366941090680158,-0.9172138482851463,1e-12,1e-12,1e-12,0.22,-0.561155380634115,4.0,4.0,8.73898313582449,12,9.034519385763058,122604.87874245018,122562.46458817834,42.241896867643334,0.17225740419484073,0.0,0
74.483,-3.675868896988474,-0.1715015030457176,-0.9733293863436845,1e-12,1e-12,1e-12,0.22,-0.561155380634115,4.0,4.0,8.736154080238496,12,9.034519385763058,122604.87874245018,122562.46458817834,42.241896867643334,0.17225740419484073,0.0,0
74.583,-3.664009493382493,-0.19002790452010065,-1.0294449244016155,1e-12,1e-12,1e-12,0.22,-0.561155380634115,4.0,4.0,8.734607910794512,12,9.034519385763058,122604.87874245018,122562.46458817834,42.241896867643334,0.17225740419484073,0.0,0
74.683,-3.65320783068731,-0.20919029185828583,-1.085560462457862,1e-12,1e-12,1e-12,0.22,-0.561155380634115,4.0,4.0,8.734350176903122,12,9.034519385763058,122604.87874245018,122562.46458817834,42.241896867643334,0.17225740419484073,0.0,0
74.783,-3.6434979139128685,-0.228928339424221,-1.1416760005134376,1e-12,1e-12,1e-12,0.22,-0.561155380634115,4.0,4.0,8.735381803903918,12,9.034519385763058,122604.87874245018,122562.46458817834,42.241896867643334,0.17225740419484073,0.0,0
74.883,-3.6349103111139396,-0.24917990933009,-1.1977915385683842,1e-12,1e-12,1e-12,0.22,-0.561155380634115,4.0,4.0,8.737699088467652,12,9.034519385763058,122604.87874245018,122562.46458817834,42.241896867643334,0.17225740419484073,0.0,0
74.983,-3.6274720571579664,-0.26988124705426997,-1.2539070766217777,1e-12,1e-12,1e-12,0.22,-0.561155380634115,4.0,4.0,8.741293716988997,12,9.034519385763058,122604.87874245018,122562.46458817834,42.241896867643334,0.17225740419484073,0.0,0
75.083,-3.621206568615794,-0.29096718214882944,-1.3100226146741953,1e-12,1e-12,1e-12,0.22,-0.561155380634115,4.0,4.0,8.746152806794013,12,9.034519385763058,122604.87874245018,122562.46458817834,42.241896867643334,0.17225740419484073,0.0,0
75.183,-3.616133570043379,-0.31237133340435136,-1.3661381527258407,1e-12,1e-12,1e-12,0.22,-0.561155380634115,4.0,4.0,8.752258969769423,12,9.034519385763058,122604.87874245018,122562.46458817834,42.241896867643334,0.17225740419484073,0.0,0
75.283,-3.6122690318863646,-0.3340263178264336,-1.4222536907767411,1e-12,1e-12,1e-12,0.22,-0.561155380634115,4.0,4.0,8.759590397811323,12,9.034519385763058,122604.87874245018,122562.46458817834,42.241896867643334,0.17225740419484073,0.0,0
75.383,-3.6096251202030945,-0.3558639627658664,-1.4783692288269337,1e-12,1e-12,1e-12,0.22,-0.561155380634115,4.0,4.0,8.768120969292584,12,9.034519385763058,122604.87874245018,122562.46458817834,42.241896867643334,0.17225740419484073,0.0,0
75.483,-3.608210158364297,-0.37781552053489526,-1.5344847668764838,1e-12,1e-12,1e-12,0.22,-0.561155380634115,4.0,4.0,8.77782037556442,12,9.034519385763058,122604.87874245018,122562.46458817834,42.241896867643334,0.17225740419484073,0.0,0
75.583,-3.608028600850054,-0.3998118848336198,-1.5906003049247548,1e-12,1e-12,1e-12,0.22,-0.561155380634115,4.0,4.0,8.7886542663411,12,9.034519385763058,122604.87874245018,122562.46458817834,42.241896867643334,0.17225740419484073,0.0,0
75.683,-3.609081019226517,-0.4217838083055288,-1.6467158429718962,1e-12,1e-12,1e-12,0.22,-0.561155380634115,4.0,4.0,8.800584412670911,12,9.034519385763058,122604.87874245018,122562.46458817834,42.241896867643334,0.17225740419484073,0.0,0
75.783,-3.611364100346579,-0.44366212053697224,-1.7028313810184086,1e-12,1e-12,1e-12,0.22,-0.561155380634115,4.0,4.0,8.813568886072192,12,9.034519385763058,122604.87874245018,122562.46458817834,42.241896867643334,0.17225740419484073,0.0,0
75.883,-3.6148706567800857,-0.4653779458144398,-1.7589469190651337,1e-12,1e-12,1e-12,0.22,-0.561155380634115,4.0,4.0,8.827562252312717,12,9.034519385763058,122604.87874245018,122562.46458817834,42.241896867643334,0.17225740419484073,0.0,0
75.983,-3.6195896494407487,-0.48686291995382464,-1.8150624571157,1e-12,1e-12,1e-12,0.22,-0.561155380634115,4.0,4.0,8.84251577823422,12,9.034519385763058,122604.87874245018,122562.46458817834,42.241896867643334,0.17225740419484073,0.0,0
76.083,-3.625506222338734,-0.5080494055198352,-1.871177995171787,1e-12,1e-12,1e-12,0.22,-0.561155380634115,4.0,4.0,8.858377649972622,12,9.034519385763058,122604.87874245018,122562.46458817834,42.241896867643334,0.17225740419484073,0.0,0
76.183,-3.6326017493490705,-0.5288707047572293,-1.9272935332413672,1e-12,1e-12,1e-12,0.22,-0.561155380634115,4.0,4.0,8.875093200895117,12,9.034519385763058,122604.87874245018,122562.46458817834,42.241896867643334,0.17225740419484073,0.0,0
76.283,-3.6408538928491194,-0.5492612695639068,-1.9834090713114265,1e-12,1e-12,1e-12,0.22,-0.561155380634115,4.0,4.0,8.89260514757187,12,9.034519385763058,122604.87874245018,122562.46458817834,42.241896867643334,0.17225740419484073,0.0,0
76.383,-3.6502366740400745,-0.5691569078448231,-2.0395246093800017,1e-12,1e-12,1e-12,0.22,-0.561155380634115,4.0,4.0,8.910853832115855,12,9.034519385763058,122604.87874245018,122562.46458817834,42.241896867643334,0.17225740419484073,0.0,0
76.483,-3.6607205547315456,-0.5884949855963957,-2.0956401474473796,1e-12,1e-12,1e-12,0.22,-0.561155380634115,4.0,4.0,8.929777469261463,12,9.034519385763058,122604.87874245018,122562.46458817834,42.241896867643334,0.17225740419484073,0.0,0
76.583,-3.6722725303317585,-0.6072146240867627,-2.1517556855142344,1e-12,1e-12,1e-12,0.22,-0.561155380634115,4.0,4.0,8.949312396608033,12,9.034519385763058,122604.87874245018,122562.46458817834,42.241896867643334,0.17225740419484073,0.0,0
76.683,-3.6848562337501236,-0.6252568915096536,-2.2078712235793736,1e-12,1e-12,1e-12,0.22,-0.561155380634115,4.0,4.0,8.969393326522463,12,9.034519385763058,122604.87874245018,122562.46458817834,42.241896867643334,0.17225740419484073,0.0,0
76.783,-3.698432049885378,-0.6425649885090441,-2.2639867616438627,1e-12,1e-12,1e-12,0.22,-0.561155380634115,4.0,4.0,8.98995359828027,12,9.034519385763058,122604.87874245018,122562.46458817834,42.241896867643334,0.17225740419484073,0.0,0
76.883,-3.71295724033917,-0.6590844269910786,-2.320102299707073,1e-12,1e-12,1e-12,0.22,-0.561155380634115,4.0,4.0,9.010925429118322,12,9.034519385763058,122604.87874245018,122562.46458817834,42.241896867643334,0.17225740419484073,0.0,0
76.983,-3.728386077961762,-0.6747632016592398,-2.376217837769228,1e-12,1e-12,1e-12,0.22,-0.561155380634115,4.0,4.0,9.03224016297289,12,9.034519385763058,122604.87874245018,122562.46458817834,42.241896867643334,0.17225740419484073,0.0,0
77.083,-3.7446699908071035,-0.6895519537338598,-2.4323333758302033,1e-12,1e-12,1e-12,0.22,-0.561155380634115,4.0,4.0,9.053828515786963,12,9.034519385763058,122604.87874245018,122562.46458817834,42.241896867643334,0.17225740419484073,0.0,0
77.183,-3.761757715043392,-0.7034041263397264,-2.488448913890088,1e-12,1e-12,1e-12,0.22,-0.561155380634115,4.0,4.0,9.075620816379736,12,9.034519385763058,122604.87874245018,122562.46458817834,42.241896867643334,0.17225740419484073,0.0,0
77.283,-3.7795954563382055,-0.7162761110731111,-2.5445644519485837,1e-12,1e-12,1e-12,0.22,-0.561155380634115,4.0,4.0,9.097547241985444,12,9.034519385763058,122604.87874245018,122562.46458817834,42.241896867643334,0.17225740419484073,0.0,0
77.383,-3.7981270592099503,-0.7281273852865935,-2.6006799900065998,1e-12,1e-12,1e-12,0.22,-0.561155380634115,4.0,4.0,9.119538047679798,12,9.034519385763058,122604.87874245018,122562.46458817834,42.241896867643334,0.17225740419484073,0.0,0
77.483,-3.8172941838123275,-0.7389206396594151,-2.6567955280627507,1e-12,1e-12,1e-12,0.22,-0.561155380634115,4.0,4.0,9.141523789022049,12,9.034519385763058,122604.87874245018,122562.46458817834,42.241896867643334,0.17225740419484073,0.0,0
77.583,-3.8370364895957336,-0.7486218956520853,-2.712911066118528,1e-12,1e-12,1e-12,0.22,-0.561155380634115,4.0,4.0,9.16343553734741,12,9.034519385763058,122604.87874245018,122562.46458817834,42.241896867643334,0.17225740419484073,0.0,0
77.683,-3.8572918252670036,-0.7572006124751034,-2.7690266041732725,1e-12,1e-12,1e-12,0.22,-0.561155380634115,4.0,4.0,9.185205087244443,12,9.034519385763058,122604.87874245018,122562.46458817834,42.241896867643334,0.17225740419484073,0.0,0
77.783,-3.8779964244493343,-0.7646297832351818,-2.8251421422268157,1e-12,1e-12,1e-12,0.22,-0.561155380634115,4.0,4.0,9.206765155847531,12,9.034519385763058,122604.87874245018,122562.46458817834,42.241896867643334,0.17225740419484073,0.0,0
77.883,-3.8990851064273584,-0.770886019956553,-2.8812576802790195,1e-12,1e-12,1e-12,0.22,-0.561155380634115,4.0,4.0,9.228049573663949,12,9.034519385763058,122604.87874245018,122562.46458817834,42.241896867643334,0.17225740419484073,0.0,0
77.983,-3.920491481344118,-0.7759496272091646,-2.937373218330687,1e-12,1e-12,1e-12,0.22,-0.561155380634115,4.0,4.0,9.248993466733777,12,9.034519385763058,122604.87874245018,122562.46458817834,42.241896867643334,0.17225740419484073,0.0,0
78.083,-3.9421481592048098,-0.7798046641124423,-2.993488756381679,1e-12,1e-12,1e-12,0.22,-0.561155380634115,4.0,4.0,9.26953342999697,12,9.034519385763058,122604.87874245018,122562.46458817834,42.241896867643334,0.17225740419484073,0.0,0
78.183,-3.963986962029102,-0.7824389945191994,-3.049604294431801,1e-12,1e-12,1e-12,0.22,-0.561155380634115,4.0,4.0,9.28960769180633,12,9.034519385763058,122604.87874245018,122562.46458817834,42.241896867643334,0.17225740419484073,0.0,0
78.283,-3.985939138484014,-0.7838443252217869,-3.1057198324815856,1e-12,1e-12,1e-12,0.22,-0.561155380634115,4.0,4.0,9.30915626958359,12,9.034519385763058,122604.87874245018,122562.46458817834,42.241896867643334,0.17225740419484073,0.0,0
78.383,-4.0079355803220285,-0.7840162320601687,3.121349936649986,1e-12,1e-12,1e-12,0.22,-0.561155380634115,4.0,4.0,9.328121116666672,12,9.034519385763058,122604.87874245018,122562.46458817834,42.241896867643334,0.17225740419484073,0.0,0
78.483,-4.029907039942451,-0.7829541738497467,3.0652343986027595,1e-12,1e-12,1e-12,0.22,-0.561155380634115,4.0,4.0,9.346446260438459,12,9.034519385763058,122604.87874245018,122562.46458817834,42.241896867643334,0.17225740419484073,0.0,0
78.583,-4.051784348391946,-0.7806614940850576,3.009118860556343,1e-12,1e-12,1e-12,0.22,-0.561155380634115,4.0,4.0,9.364077931864786,12,9.034519385763058,122604.87874245018,122562.46458817834,42.241896867643334,0.17225740419484073,0.0,0
78.683,-4.073498633117008,-0.7771454104140056,2.9530033225096175,1e-12,1e-12,1e-12,0.22,-0.561155380634115,4.0,4.0,9.380964686597098,12,9.034519385763058,122604.87874245018,122562.46458817834,42.241896867643334,0.17225740419484073,0.0,0
78.783,-4.094981534783379,-0.7724169919158457,2.8968877844588135,1e-12,1e-12,1e-12,0.22,-0.561155380634115,4.0,4.0,9.397057517819658,12,9.034519385763058,122604.87874245018,122562.46458817834,42.241896867643334,0.17225740419484073,0.0,0
78.883,-4.116165422480221,-0.7664911242541326,2.840772246402865,1e-12,1e-12,1e-12,0.22,-0.561155380634115,4.0,4.0,9.412309961038098,12,9.034519385763058,122604.87874245018,122562.46458817834,42.241896867643334,0.17225740419484073,0.0,0
78.983,-4.136983606630673,-0.7593864628149513,2.7846567083331357,1e-12,1e-12,1e-12,0.22,-0.561155380634115,4.0,4.0,9.42667819101737,12,9.034519385763058,122604.87874245018,122562.46458817834,42.241896867643334,0.17225740419484073,0.0,0
79.083,-4.157370548939345,-0.7511253739772785,2.728541170263051,1e-12,1e-12,1e-12,0.22,-0.561155380634115,4.0,4.0,9.440121111085054,12,9.034519385763058,122604.87874245018,122562.46458817834,42.241896867643334,0.17225740419484073,0.0,0
79.183,-4.17726206871526,-0.7417338647009915,2.6724256321945226,1e-12,1e-12,1e-12,0.22,-0.561155380634115,4.0,4.0,9.452600435017953,12,9.034519385763058,122604.87874245018,122562.46458817834,42.241896867643334,0.17225740419484073,0.0,0
79.283,-4.196595544920428,-0.7312415006535996,2.6163100941271344,1e-12,1e-12,1e-12,0.22,-0.561155380634115,4.0,4.0,9.464080761728331,12,9.034519385763058,122604.87874245018,122562.46458817834,42.241896867643334,0.17225740419484073,0.0,0
79.383,-4.215310113309242,-0.719681313133561,2.5601945560603006,1e-12,1e-12,1e-12,0.22,-0.561155380634115,4.0,4.0,9.47452964296293,12,9.034519385763058,122604.87874245018,122562.46458817834,42.241896867643334,0.17225740419484073,0.0,0
79.483,-4.233346858036751,-0.707089695083638,2.5040790179951613,1e-12,1e-12,1e-12,0.22,-0.561155380634115,4.0,4.0,9.483917644217826,12,9.034519385763058,122604.87874245018,122562.46458817834,42.241896867643334,0.17225740419484073,0.0,0
79.583,-4.250648997133081,-0.69350628652136,2.447963479930683,1e-12,1e-12,1e-12,0.22,-0.561155380634115,4.0,4.0,9.49221839906292,12,9.034519385763058,122604.87874245018,122562.46458817834,42.241896867643334,0.17225740419484073,0.0,0
79.683,-4.267162061260614,-0.678973849747006,2.3918479418674616,1e-12,1e-12,1e-12,0.22,-0.561155380634115,4.0,4.0,9.499408657056668,12,9.034519385763058,122604.87874245018,122562.46458817834,42.241896867643334,0.17225740419484073,0.0,0
79.783,-4.282834065190114,-0.6635381347226548,2.3357324038053213,1e-12,1e-12,1e-12,0.22,-0.561155380634115,4.0,4.0,9.505468325415968,12,9.034519385763058,122604.87874245018,122562.46458817834,42.241896867643334,0.17225740419484073,0.0,0
79.883,-4.297615671457065,-0.6472477350452872,2.279616865744331,1e-12,1e-12,1e-12,0.22,-0.561155380634115,4.0,4.0,9.510380504590414,12,9.034519385763058,122604.87874245018,122562.46458817834,42.241896867643334,0.17225740419484073,0.0,0
79.983,-4.311460345682155,-0.6301539349680934,2.223501327684468,1e-12,1e-12,1e-12,0.22,-0.561155380634115,4.0,4.0,9.514131517871059,12,9.034519385763058,122604.87874245018,122562.46458817834,42.241896867643334,0.17225740419484073,0.0,0
80.083,-4.324324503067525,-0.6123105479510021,2.1673857896259934,1e-12,1e-12,1e-12,0.22,-0.561155380634115,4.0,4.0,9.516710935145108,12,9.034519385763058,122604.87874245018,122562.46458817834,42.241896867643334,0.17225740419484073,0.0,0
80.183,-4.336167645607238,-0.5937737472490682,2.1112702515679564,1e-12,1e-12,1e-12,0.22,-0.561155380634115,4.0,4.0,9.518111590887326,12,9.034519385763058,122604.87874245018,122562.46458817834,42.241896867643334,0.17225740419484073,0.0,0
80.283,-4.346952489580083,-0.5746018890720169,2.0551547135118375,1e-12,1e-12,1e-12,0.22,-0.561155380634115,4.0,4.0,9.518329596458006,12,9.034519385763058,122604.87874245018,122562.46458817834,42.241896867643334,0.17225740419484073,0.0,0
80.383,-4.356645082923577,-0.5548553288713525,1.9990391754560592,1e-12,1e-12,1e-12,0.22,-0.561155380634115,4.0,4.0,9.517364346755805,12,9.034519385763058,122604.87874245018,122562.46458817834,42.241896867643334,0.17225740419484073,0.0,0
80.483,-4.365214912119344,-0.5345962313336836,1.9429236374013263,1e-12,1e-12,1e-12,0.22,-0.561155380634115,4.0,4.0,9.515218521251601,12,9.034519385763058,122604.87874245018,122562.46458817834,42.241896867643334,0.17225740419484073,0.0,0
80.583,-4.372634998253478,-0.5138883746786529,1.8868080993478118,1e-12,1e-12,1e-12,0.22,-0.561155380634115,4.0,4.0,9.511898079407606,12,9.034519385763058,122604.87874245018,122562.46458817834,42.241896867643334,0.17225740419484073,0.0,0
80.683,-4.378881981949771,-0.4927969498765628,1.8306925612956149,1e-12,1e-12,1e-12,0.22,-0.561155380634115,4.0,4.0,9.50741225046346,12,9.034519385763058,122604.87874245018,122562.46458817834,42.241896867643334,0.17225740419484073,0.0,0
80.783,-4.383936196907873,-0.47138835541913315,1.7745770232439722,1e-12,1e-12,1e-12,0.22,-0.561155380634115,4.0,4.0,9.50177351754923,12,9.034519385763058,122604.87874245018,122562.46458817834,42.241896867643334,0.17225740419484073,0.0,0
80.883,-4.387781731815351,-0.449729988288554,1.7184614851929694,1e-12,1e-12,1e-12,0.22,-0.561155380634115,4.0,4.0,9.494997596063403,12,9.034519385763058,122604.87874245018,122562.46458817834,42.241896867643334,0.17225740419484073,0.0,0
80.983,-4.390406480438509,-0.42789003178320695,1.6623459471428654,1e-12,1e-12,1e-12,0.22,-0.561155380634115,4.0,4.0,9.487103406232569,12,9.034519385763058,122604.87874245018,122562.46458817834,42.241896867643334,0.17225740419484073,0.0,0
81.083,-4.3918021797343725,-0.4059372408679984,1.6062304090931017,1e-12,1e-12,1e-12,0.22,-0.561155380634115,4.0,4.0,9.47811303974911,12,9.034519385763058,122604.87874245018,122562.46458817834,42.241896867643334,0.17225740419484073,0.0,0
81.183,-4.391964435863803,-0.38394072572485305,1.550114871045087,1e-12,1e-12,1e-12,0.22,-0.561155380634115,4.0,4.0,9.46805172036316,12,9.034519385763058,122604.87874245018,122562.46458817834,42.241896867643334,0.17225740419484073,0.0,0
81.283,-4.390892738023861,-0.36196973418523115,1.4939993329978818,1e-12,1e-12,1e-12,0.22,-0.561155380634115,4.0,4.0,9.456947758287003,12,9.034519385763058,122604.87874245018,122562.46458817834,42.241896867643334,0.17225740419484073,0.0,0
81.383,-4.388590460055865,-0.34009343372889683,1.4378837949514653,1e-12,1e-12,1e-12,0.22,-0.561155380634115,4.0,4.0,9.444832498251992,12,9.034519385763058,122604.87874245018,122562.46458817834,42.241896867643334,0.17225740419484073,0.0,0
81.483,-4.385064849824087,-0.3183806937360612,1.381768256904729,1e-12,1e-12,1e-12,0.22,-0.561155380634115,4.0,4.0,9.431740261043439,12,9.034519385763058,122604.87874245018,122562.46458817834,42.241896867643334,0.17225740419484073,0.0,0
81.583,-4.380327006398608,-0.2968998686779725,1.3256527188538254,1e-12,1e-12,1e-12,0.22,-0.561155380634115,4.0,4.0,9.417708278324332,12,9.034519385763058,122604.87874245018,122562.46458817834,42.241896867643334,0.17225740419484073,0.0,0
81.683,-4.374391845113852,-0.2757185829280353,1.2695371807978773,1e-12,1e-12,1e-12,0.22,-0.561155380634115,4.0,4.0,9.402776620547014,12,9.034519385763058,122604.87874245018,122562.46458817834,42.241896867643334,0.17225740419484073,0.0,0
81.783,-4.367278050613415,-0.2549035178718598,1.213421642727995,1e-12,1e-12,1e-12,0.22,-0.561155380634115,4.0,4.0,9.386988117744442,12,9.034519385763058,122604.87874245018,122562.46458817834,42.241896867643334,0.17225740419484073,0.0,0
81.883,-4.359008018028304,-0.23452020198550189,1.1573061046578783,1e-12,1e-12,1e-12,0.22,-0.561155380634115,4.0,4.0,9.370388272984467,12,9.034519385763058,122604.87874245018,122562.46458817834,42.241896867643334,0.17225740419484073,0.0,0
81.983,-4.349607782474468,-0.21463280454353376,1.1011905665893393,1e-12,1e-12,1e-12,0.22,-0.561155380634115,4.0,4.0,9.353025168270035,12,9.034519385763058,122604.87874245018,122562.46458817834,42.241896867643334,0.17225740419484073,0.0,0
82.083,-4.339106937090846,-0.19530393360630444,1.0450750285219514,1e-12,1e-12,1e-12,0.22,-0.561155380634115,4.0,4.0,9.334949362667652,12,9.034519385763058,122604.87874245018,122562.46458817834,42.241896867643334,0.17225740419484073,0.0,0
82.183,-4.327538539876222,-0.17659443892144808,0.9889594904551281,1e-12,1e-12,1e-12,0.22,-0.561155380634115,4.0,4.0,9.316213782452257,12,9.034519385763058,122604.87874245018,122562.46458817834,42.241896867643334,0.17225740419484073,0.0,0
82.283,-4.314939009618522,-0.1585632203612483,0.9328439523899887,1e-12,1e-12,1e-12,0.22,-0.561155380634115,4.0,4.0,9.29687360306771,12,9.034519385763058,122604.87874245018,122562.46458817834,42.241896867643334,0.17225740419484073,0.0,0
82.383,-4.3013480112439115,-0.14126704249849764,0.8767284143254995,1e-12,1e-12,1e-12,0.22,-0.561155380634115,4.0,4.0,9.276986122716123,12,9.034519385763058,122604.87874245018,122562.46458817834,42.241896867643334,0.17225740419484073,0.0,0
82.483,-4.286808330946366,-0.12476035590409332,0.8206128762623001,1e-12,1e-12,1e-12,0.22,-0.561155380634115,4.0,4.0,9.256610627410021,12,9.034519385763058,122604.87874245018,122562.46458817834,42.241896867643334,0.17225740419484073,0.0,0
82.583,-4.271365741491503,-0.10909512572998799,0.7644973382001699,1e-12,1e-12,1e-12,0.22,-0.561155380634115,4.0,4.0,9.235808247349944,12,9.034519385763058,122604.87874245018,122562.46458817834,42.241896867643334,0.17225740419484073,0.0,0
82.683,-4.255068858117875,-0.09432066811604513,0.7083818001391802,1e-12,1e-12,1e-12,0.22,-0.561155380634115,4.0,4.0,9.214641804521204,12,9.034519385763058,122604.87874245018,122562.46458817834,42.241896867643334,0.17225740419484073,0.0,0
82.783,-4.237968985490193,-0.08048349493672037,0.6522662620793453,1e-12,1e-12,1e-12,0.22,-0.561155380634115,4.0,4.0,9.193175651446529,12,9.034519385763058,122604.87874245018,122562.46458817834,42.241896867643334,0.17225740419484073,0.0,0
82.883,-4.22011995618553,-0.06762716737561209,0.59615072402086,1e-12,1e-12,1e-12,0.22,-0.561155380634115,4.0,4.0,9.17147550107679,12,9.034519385763058,122604.87874245018,122562.46458817834,42.241896867643334,0.17225740419484073,0.0,0
82.983,-4.201577961221585,-0.05579215878937664,0.5400351859628337,1e-12,1e-12,1e-12,0.22,-0.561155380634115,4.0,4.0,9.149608247859193,12,9.034519385763058,122604.87874245018,122562.46458817834,42.241896867643334,0.17225740419484073,0.0,0
83.083,-4.1824013731602845,-0.04501572729250488,0.4839196479067358,1e-12,1e-12,1e-12,0.22,-0.561155380634115,4.0,4.0,9.12764178008422,12,9.034519385763058,122604.87874245018,122562.46458817834,42.241896867643334,0.17225740419484073,0.0,0
83.183,-4.162650562343409,-0.0353317984639327,0.42780410985094763,1e-12,1e-12,1e-12,0.22,-0.561155380634115,4.0,4.0,9.105644783683324,12,9.034519385763058,122604.87874245018,122562.46458817834,42.241896867643334,0.17225740419484073,0.0,0
83.283,-4.142387706839051,-0.026770858545040445,0.3716885717962139,1e-12,1e-12,1e-12,0.22,-0.561155380634115,4.0,4.0,9.08368653772857,12,9.034519385763058,122604.87874245018,122562.46458817834,42.241896867643334,0.17225740419484073,0.0,0
83.383,-4.121676596697409,-0.019359858465159207,0.31557303374273843,1e-12,1e-12,1e-12,0.22,-0.561155380634115,4.0,4.0,9.061836701970714,12,9.034519385763058,122604.87874245018,122562.46458817834,42.241896867643334,0.17225740419484073,0.0,0
83.483,-4.100582433131172,-0.013122128996436779,0.25945749569053106,1e-12,1e-12,1e-12,0.22,-0.561155380634115,4.0,4.0,9.040165096843875,12,9.034519385763058,122604.87874245018,122562.46458817834,42.241896867643334,0.17225740419484073,0.0,0
83.583,-4.079171623254042,-0.00807730730573995,0.20334195763887072,1e-12,1e-12,1e-12,0.22,-0.561155380634115,4.0,4.0,9.018741476466246,12,9.034519385763058,122604.87874245018,122562.46458817834,42.241896867643334,0.17225740419484073,0.0,0
83.683,-4.0575115710226335,-0.004241275134299357,0.14722641958787133,1e-12,1e-12,1e-12,0.22,-0.561155380634115,4.0,4.0,8.997635295268017,12,9.034519385763058,122604.87874245018,122562.46458817834,42.241896867643334,0.17225740419484073,0.0,0
83.783,-4.035670465040241,-0.0016261087999868617,0.09111088153778489,1e-12,1e-12,1e-12,0.22,-0.561155380634115,4.0,4.0,8.97691546898765,12,9.034519385763058,122604.87874245018,122562.46458817834,42.241896867643334,0.17225740419484073,0.0,0
83.883,-4.013717063890469,-0.00024004117951061024,0.03499534348804312,1e-12,1e-12,1e-12,0.22,-0.561155380634115,4.0,4.0,8.956650130888507,12,9.034519385763058,122604.87874245018,122562.46458817834,42.241896867643334,0.17225740419484073,0.0,0
83.983,-3.9917204796763377,-8.743579026944914e-05,-0.021120194559982715,1e-12,1e-12,1e-12,0.22,-0.561155380634115,4.0,4.0,8.936906384160313,12,9.034519385763058,122604.87874245018,122562.46458817834,42.241896867643334,0.17225740419484073,0.0,0
84.083,-3.9697499604467534,-0.0011687730534414463,-0.0772357326071879,1e-12,1e-12,1e-12,0.22,-0.561155380634115,4.0,4.0,8.917750051582463,12,9.034519385763058,122604.87874245018,122562.46458817834,42.241896867643334,0.17225740419484073,0.0,0
84.183,-3.9478746721945877,-0.0034806487815773946,-0.13335127065361493,1e-12,1e-12,1e-12,0.22,-0.561155380634115,4.0,4.0,8.899245423634568,12,9.034519385763058,122604.87874245018,122562.46458817834,42.241896867643334,0.17225740419484073,0.0,0
84.283,-3.9261634811135,-0.0070157848954342395,-0.18946680870032978,1e-12,1e-12,1e-12,0.22,-0.561155380634115,4.0,4.0,8.881455006345439,12,9.034519385763058,122604.87874245018,122562.46458817834,42.241896867643334,0.17225740419484073,0.0,0
84.383,-3.9046847367985738,-0.011763052336240427,-0.24558234675124402,1e-12,1e-12,1e-12,0.22,-0.561155380634115,4.0,4.0,8.864439270267834,12,9.034519385763058,122604.87874245018,122562.46458817834,42.241896867643334,0.17225740419484073,0.0,0
84.483,-3.8835060570727613,-0.017707506101571825,-0.30169788480718174,1e-12,1e-12,1e-12,0.22,-0.561155380634115,4.0,4.0,8.8482564020539,12,9.034519385763058,122604.87874245018,122562.46458817834,42.241896867643334,0.17225740419484073,0.0,0
84.583,-3.8626941151175878,-0.024830432293922063,-0.3578134228772095,1e-12,1e-12,1e-12,0.22,-0.561155380634115,4.0,4.0,8.832962060182531,12,9.034519385763058,122604.87874245018,122562.46458817834,42.241896867643334,0.17225740419484073,0.0,0
84.683,-3.8423144295771934,-0.03310940703454481,-0.41392896094728693,1e-12,1e-12,1e-12,0.22,-0.561155380634115,4.0,4.0,8.818609136449194,12,9.034519385763058,122604.87874245018,122562.46458817834,42.241896867643334,0.17225740419484073,0.0,0
84.783,-3.8224311582973356,-0.04251836705645986,-0.4700444990158049,1e-12,1e-12,1e-12,0.22,-0.561155380634115,4.0,4.0,8.80524752487344,12,9.034519385763058,122604.87874245018,122562.46458817834,42.241896867643334,0.17225740419484073,0.0,0
84.883,-3.8031068963486923,-0.05302769175498533,-0.526160037083193,1e-12,1e-12,1e-12,0.22,-0.561155380634115,4.0,4.0,8.792923899703515,12,9.034519385763058,122604.87874245018,122562.46458817834,42.241896867643334,0.17225740419484073,0.0,0
84.983,-3.7844024789692146,-0.06460429643737438,-0.5822755751499952,1e-12,1e-12,1e-12,0.22,-0.561155380634115,4.0,4.0,8.78168150419948,12,9.034519385763058,122604.87874245018,122562.46458817834,42.241896867643334,0.17225740419484073,0.0,0
85.083,-3.7663767900471834,-0.07721173647754537,-0.6383911132151271,1e-12,1e-12,1e-12,0.22,-0.561155380634115,4.0,4.0,8.771559951858839,12,9.034519385763058,122604.87874245018,122562.46458817834,42.241896867643334,0.17225740419484073,0.0,0
85.183,-3.749086576747421,-0.09081032204829999,-0.694506651279474,1e-12,1e-12,1e-12,0.22,-0.561155380634115,4.0,4.0,8.762595041704483,12,9.034519385763058,122604.87874245018,122562.46458817834,42.241896867643334,0.17225740419484073,0.0,0
85.283,-3.732586270863591,-0.10535724307022018,-0.7506221893424995,1e-12,1e-12,1e-12,0.22,-0.561155380634115,4.0,4.0,8.754818589187169,12,9.034519385763058,122604.87874245018,122562.46458817834,42.241896867643334,0.17225740419484073,0.0,0
85.383,-3.7169278174603417,-0.12080670398297892,-0.8067377274044802,1e-12,1e-12,1e-12,0.22,-0.561155380634115,4.0,4.0,8.748258274164309,12,9.034519385763058,122604.87874245018,122562.46458817834,42.241896867643334,0.17225740419484073,0.0,0
85.483,-3.7021605113433824,-0.13711006791581737,-0.862853265465388,1e-12,1e-12,1e-12,0.22,-0.561155380634115,4.0,4.0,8.742937507299693,12,9.034519385763058,122604.87874245018,122562.46458817834,42.241896867643334,0.17225740419484073,0.0,0
85.583,-3.6883308418733263,-0.15421600980243402,-0.9189688035253233,1e-12,1e-12,1e-12,0.22,-0.561155380634115,4.0,4.0,8.738875316091852,12,9.034519385763058,122604.87874245018,122562.46458817834,42.241896867643334,0.17225740419484073,0.0,0
85.683,-3.675482346611167,-0.17207067795893286,-0.9750843415839712,1e-12,1e-12,1e-12,0.22,-0.561155380634115,4.0,4.0,8.736086251578815,12,9.034519385763058,122604.87874245018,122562.46458817834,42.241896867643334,0.17225740419484073,0.0,0
85.783,-3.663655474256508,-0.19061786361576702,-1.0311998796421864,1e-12,1e-12,1e-12,0.22,-0.561155380634115,4.0,4.0,8.734580316589764,12,9.034519385763058,122604.87874245018,122562.46458817834,42.241896867643334,0.17225740419484073,0.0,0
85.883,-3.652887457309966,-0.2097991778700096,-1.0873154176983548,1e-12,1e-12,1e-12,0.22,-0.561155380634115,4.0,4.0,8.734362916220462,12,9.034519385763058,122604.87874245018,122562.46458817834,42.241896867643334,0.17225740419484073,0.0,0
85.983,-3.643212194860371,-0.22955423550127202,-1.1434309557542606,1e-12,1e-12,1e-12,0.22,-0.561155380634115,4.0,4.0,8.735434831003495,12,9.034519385763058,122604.87874245018,122562.46458817834,42.241896867643334,0.17225740419484073,0.0,0
86.083,-3.634660145866289,-0.24982084507182917,-1.1995464938088165,1e-12,1e-12,1e-12,0.22,-0.561155380634115,4.0,4.0,8.737792213029909,12,9.034519385763058,122604.87874245018,122562.46458817834,42.241896867643334,0.17225740419484073,0.0,0
86.183,-3.6272582332672294,-0.27053520471331755,-1.2556620318621357,1e-12,1e-12,1e-12,0.22,-0.561155380634115,4.0,4.0,8.7414266050593,12,9.034519385763058,122604.87874245018,122562.46458817834,42.241896867643334,0.17225740419484073,0.0,0
86.283,-3.621029759226789,-0.29163210298323594,-1.3117775699143326,1e-12,1e-12,1e-12,0.22,-0.561155380634115,4.0,4.0,8.746324982435574,12,9.034519385763058,122604.87874245018,122562.46458817834,42.241896867643334,0.17225740419484073,0.0,0
86.383,-3.6159943317745733,-0.3130451241586888,-1.3678931079660464,1e-12,1e-12,1e-12,0.22,-0.561155380634115,4.0,4.0,8.752469817408768,12,9.034519385763058,122604.87874245018,122562.46458817834,42.241896867643334,0.17225740419484073,0.0,0
86.483,-3.612167803077564,-0.33470685732159094,-1.4240086460171701,1e-12,1e-12,1e-12,0.22,-0.561155380634115,4.0,4.0,8.759839165254208,12,9.034519385763058,122604.87874245018,122562.46458817834,42.241896867643334,0.17225740419484073,0.0,0
86.583,-3.609562219535489,-0.3565491085768514,-1.480124184067384,1e-12,1e-12,1e-12,0.22,-0.561155380634115,4.0,4.0,8.768406771382338,12,9.034519385763058,122604.87874245018,122562.46458817834,42.241896867643334,0.17225740419484073,0.0,0
86.683,-3.6081857838572065,-0.37850311573539824,-1.5362397221172785,1e-12,1e-12,1e-12,0.22,-0.561155380634115,4.0,4.0,8.778142198449025,12,9.034519385763058,122604.87874245018,122562.46458817834,42.241896867643334,0.17225740419484073,0.0,0
86.783,-3.6080428292375357,-0.4004997647863934,-1.5923552601653972,1e-12,1e-12,1e-12,0.22,-0.561155380634115,4.0,4.0,8.789010972310695,12,9.034519385763058,122604.87874245018,122562.46458817834,42.241896867643334,0.17225740419484073,0.0,0
86.883,-3.6091338057157962,-0.42246980747678103,-1.6484707982125488,1e-12,1e-12,1e-12,0.22,-0.561155380634115,4.0,4.0,8.800974745522831,12,9.034519385763058,122604.87874245018,122562.46458817834,42.241896867643334,0.17225740419484073,0.0,0
86.983,-3.6114552787590517,-0.4443440793138858,-1.7045863362587554,1e-12,1e-12,1e-12,0.22,-0.561155380634115,4.0,4.0,8.813991476957613,12,9.034519385763058,122604.87874245018,122562.46458817834,42.241896867643334,0.17225740419484073,0.0,0
87.083,-3.614999940074496,-0.46605371730395206,-1.7607018743053602,1e-12,1e-12,1e-12,0.22,-0.561155380634115,4.0,4.0,8.828015626015793,12,9.034519385763058,122604.87874245018,122562.46458817834,42.241896867643334,0.17225740419484073,0.0,0
87.183,-3.6197566306168087,-0.48753037674119376,-1.8168174123562781,1e-12,1e-12,1e-12,0.22,-0.561155380634115,4.0,4.0,8.842998359832698,12,9.034519385763058,122604.87874245018,122562.46458817834,42.241896867643334,0.17225740419484073,0.0,0
87.283,-3.6257103757184748,-0.5087064463662172,-1.8729329504123544,1e-12,1e-12,1e-12,0.22,-0.561155380634115,4.0,4.0,8.858887771828057,12,9.034519385763058,122604.87874245018,122562.46458817834,42.241896867643334,0.17225740419484073,0.0,0
87.383,-3.6328424322316195,-0.5295152612142195,-1.9290484884824353,1e-12,1e-12,1e-12,0.22,-0.561155380634115,4.0,4.0,8.875629109919366,12,9.034519385763058,122604.87874245018,122562.46458817834,42.241896867643334,0.17225740419484073,0.0,0
87.483,-3.6411303475341152,-0.5498913124857141,-1.985164026552424,1e-12,1e-12,1e-12,0.22,-0.561155380634115,4.0,4.0,8.893165012718464,12,9.034519385763058,122604.87874245018,122562.46458817834,42.241896867643334,0.17225740419484073,0.0,0
87.583,-3.6505480302129847,-0.5697704537761403,-2.0412795646210484,1e-12,1e-12,1e-12,0.22,-0.561155380634115,4.0,4.0,8.911435752043616,12,9.034519385763058,122604.87874245018,122562.46458817834,42.241896867643334,0.17225740419484073,0.0,0
87.683,-3.661065832203487,-0.5890901030164853,-2.0973951026885858,1e-12,1e-12,1e-12,0.22,-0.561155380634115,4.0,4.0,8.930379480120628,12,9.034519385763058,122604.87874245018,122562.46458817834,42.241896867643334,0.17225740419484073,0.0,0
87.783,-3.6726506421252774,-0.607789439490186,-2.153510640755519,1e-12,1e-12,1e-12,0.22,-0.561155380634115,4.0,4.0,8.949932479900768,12,9.034519385763058,122604.87874245018,122562.46458817834,42.241896867643334,0.17225740419484073,0.0,0
87.883,-3.6852659895210973,-0.6258095953042461,-2.2096261788206335,1e-12,1e-12,1e-12,0.22,-0.561155380634115,4.0,4.0,8.970029416991816,12,9.034519385763058,122604.87874245018,122562.46458817834,42.241896867643334,0.17225740419484073,0.0,0
87.983,-3.6988721596704157,-0.6430938407128243,-2.2657417168849805,1e-12,1e-12,1e-12,0.22,-0.561155380634115,4.0,4.0,8.99060359178479,12,9.034519385763058,122604.87874245018,122562.46458817834,42.241896867643334,0.17225740419484073,0.0,0
88.083,-3.7134263186166057,-0.6595877627099517,-2.321857254948013,1e-12,1e-12,1e-12,0.22,-0.561155380634115,4.0,4.0,9.011587190452282,12,9.034519385763058,122604.87874245018,122562.46458817834,42.241896867643334,0.17225740419484073,0.0,0
88.183,-3.7288826480134216,-0.6752394363282542,-2.377972793009973,1e-12,1e-12,1e-12,0.22,-0.561155380634115,4.0,4.0,9.03291153359546,12,9.034519385763058,122604.87874245018,122562.46458817834,42.241896867643334,0.17225740419484073,0.0,0
88.283,-3.7451924893672492,-0.6899995881056555,-2.4340883310709023,1e-12,1e-12,1e-12,0.22,-0.561155380634115,4.0,4.0,9.054507321427382,12,9.034519385763058,122604.87874245018,122562.46458817834,42.241896867643334,0.17225740419484073,0.0,0
88.383,-3.7623044972200317,-0.7038217512043086,-2.4902038691308364,1e-12,1e-12,1e-12,0.22,-0.561155380634115,4.0,4.0,9.076304874488576,12,9.034519385763058,122604.87874245018,122562.46458817834,42.241896867643334,0.17225740419484073,0.0,0
88.483,-3.7801648007914266,-0.7166624116942244,-2.5463194071894137,1e-12,1e-12,1e-12,0.22,-0.561155380634115,4.0,4.0,9.09823436900606,12,9.034519385763058,122604.87874245018,122562.46458817834,42.241896867643334,0.17225740419484073,0.0,0
88.583,-3.798717173570863,-0.7284811455406522,-2.602434945247487,1e-12,1e-12,1e-12,0.22,-0.561155380634115,4.0,4.0,9.12022606611714,12,9.034519385763058,122604.87874245018,122562.46458817834,42.241896867643334,0.17225740419484073,0.0,0
88.683,-3.8179032103257837,-0.7392407458640927,-2.658550483303648,1e-12,1e-12,1e-12,0.22,-0.561155380634115,4.0,4.0,9.142210534289868,12,9.034519385763058,122604.87874245018,122562.46458817834,42.241896867643334,0.17225740419484073,0.0,0
88.783,-3.837662510968716,-0.7489073400722822,-2.7146660213595823,1e-12,1e-12,1e-12,0.22,-0.561155380634115,4.0,4.0,9.164118864377352,12,9.034519385763058,122604.87874245018,122562.46458817834,42.241896867643334,0.17225740419484073,0.0,0
88.883,-3.857932870704439,-0.7574504964953993,-2.7707815594143015,1e-12,1e-12,1e-12,0.22,-0.561155380634115,4.0,4.0,9.185882876844317,12,9.034519385763058,122604.87874245018,122562.46458817834,42.241896867643334,0.17225740419484073,0.0,0
88.983,-3.8786504758585183,-0.7648433201888477,-2.826897097467706,1e-12,1e-12,1e-12,0.22,-0.561155380634115,4.0,4.0,9.207435320798835,12,9.034519385763058,122604.87874245018,122562.46458817834,42.241896867643334,0.17225740419484073,0.0,0
89.083,-3.899750104771107,-0.7710625376020526,-2.883012635519782,1e-12,1e-12,1e-12,0.22,-0.561155380634115,4.0,4.0,9.228710064550778,12,9.034519385763058,122604.87874245018,122562.46458817834,42.241896867643334,0.17225740419484073,0.0,0
89.183,-3.9211653331230125,-0.7760885698464874,-2.939128173571446,1e-12,1e-12,1e-12,0.22,-0.561155380634115,4.0,4.0,9.249642277498523,12,9.034519385763058,122604.87874245018,122562.46458817834,42.241896867643334,0.17225740419484073,0.0,0
89.283,-3.942828743047698,-0.779905594332478,-2.9952437116226833,1e-12,1e-12,1e-12,0.22,-0.561155380634115,4.0,4.0,9.270168603219448,12,9.034519385763058,122604.87874245018,122562.46458817834,42.241896867643334,0.17225740419484073,0.0,0
89.383,-3.964672135371308,-0.7825015945807464,-3.051359249672869,1e-12,1e-12,1e-12,0.22,-0.561155380634115,4.0,4.0,9.290227323705677,12,9.034519385763058,122604.87874245018,122562.46458817834,42.241896867643334,0.17225740419484073,0.0,0
89.483,-3.986626744312574,-0.7838683980518715,-3.1074747877226785,1e-12,1e-12,1e-12,0.22,-0.561155380634115,4.0,4.0,9.30975851474399,12,9.034519385763058,122604.87874245018,122562.46458817834,42.241896867643334,0.17225740419484073,0.0,0
89.583,-4.008623453966244,-0.7840017018744535,3.119594981408747,1e-12,1e-12,1e-12,0.22,-0.561155380634115,4.0,4.0,9.328704192488681,12,9.034519385763058,122604.87874245018,122562.46458817834,42.241896867643334,0.17225740419484073,0.0,0
89.683,-4.0305930158884316,-0.782901086391104,3.063479443361524,1e-12,1e-12,1e-12,0.22,-0.561155380634115,4.0,4.0,9.347008451319452,12,9.034519385763058,122604.87874245018,122562.46458817834,42.241896867643334,0.17225740419484073,0.0,0
89.783,-4.052466267099981,-0.780570016479575,3.0073639053152106,1e-12,1e-12,1e-12,0.22,-0.561155380634115,4.0,4.0,9.364617593113271,12,9.034519385763058,122604.87874245018,122562.46458817834,42.241896867643334,0.17225740419484073,0.0,0
89.883,-4.0741743478201515,-0.7770158306448417,2.9512483672685916,1e-12,1e-12,1e-12,0.22,-0.561155380634115,4.0,4.0,9.381480248086033,12,9.034519385763058,122604.87874245018,122562.46458817834,42.241896867643334,0.17225740419484073,0.0,0
89.983,-4.0956489182456846,-0.7722497179166173,2.8951328292175247,1e-12,1e-12,1e-12,0.22,-0.561155380634115,4.0,4.0,9.397547487384555,12,9.034519385763058,122604.87874245018,122562.46458817834,42.241896867643334,0.17225740419484073,0.0,0
90.083,-4.116822373693639,-0.7662866826246655,2.8390172911614555,1e-12,1e-12,1e-12,0.22,-0.561155380634115,4.0,4.0,9.412772927626527,12,9.034519385763058,122604.87874245018,122562.46458817834,42.241896867643334,0.17225740419484073,0.0,0
90.183,-4.137628057428961,-0.7591454971635713,2.7829017530914313,1e-12,1e-12,1e-12,0.22,-0.561155380634115,4.0,4.0,9.42711282759612,12,9.034519385763058,122604.87874245018,122562.46458817834,42.241896867643334,0.17225740419484073,0.0,0
90.283,-4.1580004705093625,-0.7508486428945343,2.726786215021457,1e-12,1e-12,1e-12,0.22,-0.561155380634115,4.0,4.0,9.440526177312567,12,9.034519385763058,122604.87874245018,122562.46458817834,42.241896867643334,0.17225740419484073,0.0,0
90.383,-4.177875477983752,-0.7414222393715406,2.6706706769527897,1e-12,1e-12,1e-12,0.22,-0.561155380634115,4.0,4.0,9.452974779687874,12,9.034519385763058,122604.87874245018,122562.46458817834,42.241896867643334,0.17225740419484073,0.0,0
90.483,-4.197190510796904,-0.7308959621136527,2.61455513888516,1e-12,1e-12,1e-12,0.22,-0.561155380634115,4.0,4.0,9.464423324991444,12,9.034519385763058,122604.87874245018,122562.46458817834,42.241896867643334,0.17225740419484073,0.0,0
90.583,-4.2158847627653175,-0.7193029491824564,2.5584396008182053,1e-12,1e-12,1e-12,0.22,-0.561155380634115,4.0,4.0,9.474839458333927,12,9.034519385763058,122604.87874245018,122562.46458817834,42.241896867643334,0.17225740419484073,0.0,0
90.683,-4.233899382002699,-0.7066796968593105,2.5023240627529844,1e-12,1e-12,1e-12,0.22,-0.561155380634115,4.0,4.0,9.484193840373154,12,9.034519385763058,122604.87874245018,122562.46458817834,42.241896867643334,0.17225740419484073,0.0,0
90.783,-4.251177656193062,-0.693065944750455,2.4462085246885312,1e-12,1e-12,1e-12,0.22,-0.561155380634115,4.0,4.0,9.492460201435458,12,9.034519385763058,122604.87874245018,122562.46458817834,42.241896867643334,0.17225740419484073,0.0,0
90.883,-4.267665191128506,-0.6785045506815668,2.3900929866255765,1e-12,1e-12,1e-12,0.22,-0.561155380634115,4.0,4.0,9.499615389232666,12,9.034519385763058,122604.87874245018,122562.46458817834,42.241896867643334,0.17225740419484073,0.0,0
90.983,-4.283310081949008,-0.6630413557759304,2.333977448563702,1e-12,1e-12,1e-12,0.22,-0.561155380634115,4.0,4.0,9.50563941033925,12,9.034519385763058,122604.87874245018,122562.46458817834,42.241896867643334,0.17225740419484073,0.0,0
91.083,-4.2980630765456365,-0.6467250401406189,2.2778619105027658,1e-12,1e-12,1e-12,0.22,-0.561155380634115,4.0,4.0,9.51051546557808,12,9.034519385763058,122604.87874245018,122562.46458817834,42.241896867643334,0.17225740419484073,0.0,0
91.183,-4.311877730612247,-0.6296069696155577,2.221746372442746,1e-12,1e-12,1e-12,0.22,-0.561155380634115,4.0,4.0,9.514229979444513,12,9.034519385763058,122604.87874245018,122562.46458817834,42.241896867643334,0.17225740419484073,0.0,0
91.283,-4.324710553858199,-0.6117410340672076,2.1656308343841832,1e-12,1e-12,1e-12,0.22,-0.561155380634115,4.0,4.0,9.516772623679593,12,9.034519385763058,122604.87874245018,122562.46458817834,42.241896867643334,0.17225740419484073,0.0,0
91.383,-4.336521146921407,-0.5931834777362918,2.109515296326131,1e-12,1e-12,1e-12,0.22,-0.561155380634115,4.0,4.0,9.518136335082486,12,9.034519385763058,122604.87874245018,122562.46458817834,42.241896867643334,0.17225740419484073,0.0,0
91.483,-4.3472723285505985,-0.5739927221738402,2.053399758269934,1e-12,1e-12,1e-12,0.22,-0.561155380634115,4.0,4.0,9.518317327631276,12,9.034519385763058,122604.87874245018,122562.46458817834,42.241896867643334,0.17225740419484073,0.0,0
91.583,-4.356930252656621,-0.5542291823227496,1.9972842202140142,1e-12,1e-12,1e-12,0.22,-0.561155380634115,4.0,4.0,9.51731509895977,12,9.034519385763058,122604.87874245018,122562.46458817834,42.241896867643334,0.17225740419484073,0.0,0
91.683,-4.36546451486425,-0.5339550763237924,1.9411686821593097,1e-12,1e-12,1e-12,0.22,-0.561155380634115,4.0,4.0,9.515132431215829,12,9.034519385763058,122604.87874245018,122562.46458817834,42.241896867643334,0.17225740419484073,0.0,0
91.783,-4.372848248229008,-0.5132342296451231,1.8850531441059044,1e-12,1e-12,1e-12,0.22,-0.561155380634115,4.0,4.0,9.511775386304702,12,9.034519385763058,122604.87874245018,122562.46458817834,42.241896867643334,0.17225740419484073,0.0,0
91.883,-4.379058207817833,-0.4921318741513208,1.828937606053829,1e-12,1e-12,1e-12,0.22,-0.561155380634115,4.0,4.0,9.507253295498424,12,9.034519385763058,122604.87874245018,122562.46458817834,42.241896867643334,0.17225740419484073,0.0,0
91.983,-4.384074843887008,-0.4707144427451992,1.7728220680021725,1e-12,1e-12,1e-12,0.22,-0.561155380634115,4.0,4.0,9.501578743370466,12,9.034519385763058,122604.87874245018,122562.46458817834,42.241896867643334,0.17225740419484073,0.0,0
92.083,-4.3878823634272175,-0.44904936022879627,1.7167065299509348,1e-12,1e-12,1e-12,0.22,-0.561155380634115,4.0,4.0,9.494767545993193,12,9.034519385763058,122604.87874245018,122562.46458817834,42.241896867643334,0.17225740419484073,0.0,0
92.183,-4.390468779881961,-0.42720483104149665,1.6605909919007633,1e-12,1e-12,1e-12,0.22,-0.561155380634115,4.0,4.0,9.486838723314055,12,9.034519385763058,122604.87874245018,122562.46458817834,42.241896867643334,0.17225740419484073,0.0,0
92.283,-4.391825950882823,-0.4052496245435585,1.604475453850961,1e-12,1e-12,1e-12,0.22,-0.561155380634115,4.0,4.0,9.477814465606063,12,9.034519385763058,122604.87874245018,122562.46458817834,42.241896867643334,0.17225740419484073,0.0,0
92.383,-4.3919496038826376,-0.38325285852133495,1.5483599158020114,1e-12,1e-12,1e-12,0.22,-0.561155380634115,4.0,4.0,9.467720093868502,12,9.034519385763058,122604.87874245018,122562.46458817834,42.241896867643334,0.17225740419484073,0.0,0
92.483,-4.390839349606013,-0.36128378159622304,1.4922443777535805,1e-12,1e-12,1e-12,0.22,-0.561155380634115,4.0,4.0,9.456584014035455,12,9.034519385763058,122604.87874245018,122562.46458817834,42.241896867643334,0.17225740419484073,0.0,0
92.583,-4.388498683274851,-0.33941155522060745,1.4361288397060947,1e-12,1e-12,1e-12,0.22,-0.561155380634115,4.0,4.0,9.444437664831401,12,9.034519385763058,122604.87874245018,122562.46458817834,42.241896867643334,0.17225740419484073,0.0,0
92.683,-4.384934973604898,-0.31770503594896876,1.380013301659298,1e-12,1e-12,1e-12,0.22,-0.561155380634115,4.0,4.0,9.4313154590991,12,9.034519385763058,122604.87874245018,122562.46458817834,42.241896867643334,0.17225740419484073,0.0,0
92.783,-4.380159439608121,-0.29623255866884324,1.3238977636077338,1e-12,1e-12,1e-12,0.22,-0.561155380634115,4.0,4.0,9.41725471841021,12,9.034519385763058,122604.87874245018,122562.46458817834,42.241896867643334,0.17225740419484073,0.0,0
92.883,-4.374187115273642,-0.27506172147374697,1.2677822255515154,1e-12,1e-12,1e-12,0.22,-0.561155380634115,4.0,4.0,9.40229560075757,12,9.034519385763058,122604.87874245018,122562.46458817834,42.241896867643334,0.17225740419484073,0.0,0
92.983,-4.367036802239126,-0.2542591728560506,1.2116666874814486,1e-12,1e-12,1e-12,0.22,-0.561155380634115,4.0,4.0,9.386481021120419,12,9.034519385763058,122604.87874245018,122562.46458817834,42.241896867643334,0.17225740419484073,0.0,0
93.083,-4.358731010600507,-0.23389040188824903,1.1555511494105215,1e-12,1e-12,1e-12,0.22,-0.561155380634115,4.0,4.0,9.36985656468529,12,9.034519385763058,122604.87874245018,122562.46458817834,42.241896867643334,0.17225740419484073,0.0,0
93.183,-4.349295888047836,-0.21401953205578786,1.0994356113428283,1e-12,1e-12,1e-12,0.22,-0.561155380634115,4.0,4.0,9.352470392507009,12,9.034519385763058,122604.87874245018,122562.46458817834,42.241896867643334,0.17225740419484073,0.0,0
93.283,-4.338761137548722,-0.19470911938789376,1.0433200732751913,1e-12,1e-12,1e-12,0.22,-0.561155380634115,4.0,4.0,9.334373139390177,12,9.034519385763058,122604.87874245018,122562.46458817834,42.241896867643334,0.17225740419484073,0.0,0
93.383,-4.327159923839586,-0.17601995552328367,0.9872045352077394,1e-12,1e-12,1e-12,0.22,-0.561155380634115,4.0,4.0,9.31561780378139,12,9.034519385763058,122604.87874245018,122562.46458817834,42.241896867643334,0.17225740419484073,0.0,0
93.483,-4.314528769018932,-0.15801087633035063,0.9310889971426604,1e-12,1e-12,1e-12,0.22,-0.561155380634115,4.0,4.0,9.296259629470605,12,9.034519385763058,122604.87874245018,122562.46458817834,42.241896867643334,0.17225740419484073,0.0,0
93.583,-4.300907437571073,-0.14073857668426543,0.874973459078683,1e-12,1e-12,1e-12,0.22,-0.561155380634115,4.0,4.0,9.276355978915642,12,9.034519385763058,122604.87874245018,122562.46458817834,42.241896867643334,0.17225740419484073,0.0,0
93.683,-4.286338811182349,-0.12425743198424737,0.8188579210157286,1e-12,1e-12,1e-12,0.22,-0.561155380634115,4.0,4.0,9.255966198025153,12,9.034519385763058,122604.87874245018,122562.46458817834,42.241896867643334,0.17225740419484073,0.0,0
93.783,-4.270868753744304,-0.10861932697306137,0.7627423829531152,1e-12,1e-12,1e-12,0.22,-0.561155380634115,4.0,4.0,9.235151472262945,12,9.034519385763058,122604.87874245018,122562.46458817834,42.241896867643334,0.17225740419484073,0.0,0
93.883,-4.254545966968212,-0.09387349239712789,0.7066268448924775,1e-12,1e-12,1e-12,0.22,-0.561155380634115,4.0,4.0,9.213974673969048,12,9.034519385763058,122604.87874245018,122562.46458817834,42.241896867643334,0.17225740419484073,0.0,0
93.983,-4.2374218370659635,-0.08006635002188059,0.6505113068330122,1e-12,1e-12,1e-12,0.22,-0.561155380634115,4.0,4.0,9.19250020083503,12,9.034519385763058,122604.87874245018,122562.46458817834,42.241896867643334,0.17225740419484073,0.0,0
94.083,-4.219550272979654,-0.0672413664901722,0.5943957687744487,1e-12,1e-12,1e-12,0.22,-0.561155380634115,4.0,4.0,9.170793805518077,12,9.034519385763058,122604.87874245018,122562.46458817834,42.241896867643334,0.17225740419484073,0.0,0
94.183,-4.200987536669388,-0.05543891648369385,0.5382802307163617,1e-12,1e-12,1e-12,0.22,-0.561155380634115,4.0,4.0,9.148922416434466,12,9.034519385763058,122604.87874245018,122562.46458817834,42.241896867643334,0.17225740419484073,0.0,0
94.283,-4.181792065993362,-0.04469615561831489,0.48216469265908457,1e-12,1e-12,1e-12,0.22,-0.561155380634115,4.0,4.0,9.12695394983592,12,9.034519385763058,122604.87874245018,122562.46458817834,42.241896867643334,0.17225740419484073,0.0,0
94.383,-4.16202429073845,-0.03504690347365849,0.42604915460347714,1e-12,1e-12,1e-12,0.22,-0.561155380634115,4.0,4.0,9.104957113344184,12,9.034519385763058,122604.87874245018,122562.46458817834,42.241896867643334,0.17225740419484073,0.0,0
94.483,-4.141746442378895,-0.026521537124404464,0.3699336165499161,1e-12,1e-12,1e-12,0.22,-0.561155380634115,4.0,4.0,9.083001201195344,12,9.034519385763058,122604.87874245018,122562.46458817834,42.241896867643334,0.17225740419484073,0.0,0
94.583,-4.121022358164212,-0.019146895509716252,0.3138180784966891,1e-12,1e-12,1e-12,0.22,-0.561155380634115,4.0,4.0,9.061155881535667,12,9.034519385763058,122604.87874245018,122562.46458817834,42.241896867643334,0.17225740419484073,0.0,0
94.683,-4.099917280151205,-0.012946194940706436,0.2577025404446134,1e-12,1e-12,1e-12,0.22,-0.561155380634115,4.0,4.0,9.039490976198891,12,9.034519385763058,122604.87874245018,122562.46458817834,42.241896867643334,0.17225740419484073,0.0,0
94.783,-4.0784976498135315,-0.007938956012520195,0.2015870023929495,1e-12,1e-12,1e-12,0.22,-0.561155380634115,4.0,4.0,9.018076233497114,12,9.034519385763058,122604.87874245018,122562.46458817834,42.241896867643334,0.17225740419484073,0.0,0
94.883,-4.0568308988757495,-0.004140942151079642,0.1454714643417333,1e-12,1e-12,1e-12,0.22,-0.561155380634115,4.0,4.0,8.996981094661116,12,9.034519385763058,122604.87874245018,122562.46458817834,42.241896867643334,0.17225740419484073,0.0,0
94.983,-4.034985237029644,-0.0015641099877950614,0.08935592629157589,1e-12,1e-12,1e-12,0.22,-0.561155380634115,4.0,4.0,8.976274454673652,12,9.034519385763058,122604.87874245018,122562.46458817834,42.241896867643334,0.17225740419484073,0.0,0
95.083,-4.013029437201224,-0.00021657171851325563,0.0332403882417808,1e-12,1e-12,1e-12,0.22,-0.561155380634115,4.0,4.0,8.956024418351303,12,9.034519385763058,122604.87874245018,122562.46458817834,42.241896867643334,0.17225740419484073,0.0,0
95.183,-3.99103261904473,-0.00010256956533208665,-0.022875149807168732,1e-12,1e-12,1e-12,0.22,-0.561155380634115,4.0,4.0,8.936298052643503,12,9.034519385763058,122604.87874245018,122562.46458817834,42.241896867643334,0.17225740419484073,0.0,0
95.283,-3.969064031345673,-0.0012224624215511912,-0.07899068785563512,1e-12,1e-12,1e-12,0.22,-0.561155380634115,4.0,4.0,8.91716113622907,12,9.034519385763058,122604.87874245018,122562.46458817834,42.241896867643334,0.17225740419484073,0.0,0
95.383,-3.947192834016303,-0.0035727247217930912,-0.1351062259031138,1e-12,1e-12,1e-12,0.22,-0.561155380634115,4.0,4.0,8.898677907598204,12,9.034519385763058,122604.87874245018,122562.46458817834,42.241896867643334,0.17225740419484073,0.0,0
95.483,-3.9254878803715294,-0.0071459575409762175,-0.19122176394991747,1e-12,1e-12,1e-12,0.22,-0.561155380634115,4.0,4.0,8.880910812915136,12,9.034519385763058,122604.87874245018,122562.46458817834,42.241896867643334,0.17225740419484073,0.0,0
95.583,-3.9040175003700943,-0.011930911887048829,-0.24733730200148887,1e-12,1e-12,1e-12,0.22,-0.561155380634115,4.0,4.0,8.863920255051461,12,9.034519385763058,122604.87874245018,122562.46458817834,42.241896867643334,0.17225740419484073,0.0,0
95.683,-3.8828492855030143,-0.017912524114428903,-0.3034528400577144,1e-12,1e-12,1e-12,0.22,-0.561155380634115,4.0,4.0,8.847764345267734,12,9.034519385763058,122604.87874245018,122562.46458817834,42.241896867643334,0.17225740419484073,0.0,0
95.783,-3.8620498760072404,-0.02507196334598269,-0.35956837812797315,1e-12,1e-12,1e-12,0.22,-0.561155380634115,4.0,4.0,8.83249865909638,12,9.034519385763058,122604.87874245018,122562.46458817834,42.241896867643334,0.17225740419484073,0.0,0
95.883,-3.8416847510729104,-0.033386690755343895,-0.41568391619886436,1e-12,1e-12,1e-12,0.22,-0.561155380634115,4.0,4.0,8.818175998037903,12,9.034519385763058,122604.87874245018,122562.46458817834,42.241896867643334,0.17225740419484073,0.0,0
95.983,-3.821818022707288,-0.04283053052151692,-0.4717994542665296,1e-12,1e-12,1e-12,0.22,-0.561155380634115,4.0,4.0,8.8048461587279,12,9.034519385763058,122604.87874245018,122562.46458817834,42.241896867643334,0.17225740419484073,0.0,0
96.083,-3.8025122339017376,-0.053373752233993155,-0.5279149923341662,1e-12,1e-12,1e-12,0.22,-0.561155380634115,4.0,4.0,8.792555711252886,12,9.034519385763058,122604.87874245018,122562.46458817834,42.241896867643334,0.17225740419484073,0.0,0
96.183,-3.7838281617384673,-0.06498316448789498,-0.5840305304016257,1e-12,1e-12,1e-12,0.22,-0.561155380634115,4.0,4.0,8.781347788297811,12,9.034519385763058,122604.87874245018,122562.46458817834,42.241896867643334,0.17225740419484073,0.0,0
96.283,-3.7658246260565496,-0.07762221937465118,-0.6401460684666613,1e-12,1e-12,1e-12,0.22,-0.561155380634115,4.0,4.0,8.77126188678711,12,9.034519385763058,122604.87874245018,122562.46458817834,42.241896867643334,0.17225740419484073,0.0,0
96.383,-3.7485583042794683,-0.09125112753954182,-0.6962616065306603,1e-12,1e-12,1e-12,0.22,-0.561155380634115,4.0,4.0,8.762333683637703,12,9.034519385763058,122604.87874245018,122562.46458817834,42.241896867643334,0.17225740419484073,0.0,0
96.483,-3.7320835529873575,-0.10582698344374974,-0.7523771445935863,1e-12,1e-12,1e-12,0.22,-0.561155380634115,4.0,4.0,8.754594867174175,12,9.034519385763058,122604.87874245018,122562.46458817834,42.241896867643334,0.17225740419484073,0.0,0
96.583,-3.7164522367957162,-0.12130390043629759,-0.8084926826561996,1e-12,1e-12,1e-12,0.22,-0.561155380634115,4.0,4.0,8.748072985663816,12,9.034519385763058,122604.87874245018,122562.46458817834,42.241896867643334,0.17225740419484073,0.0,0
96.683,-3.701713565078895,-0.1376331552111622,-0.8646082207168305,1e-12,1e-12,1e-12,0.22,-0.561155380634115,4.0,4.0,8.742791314312777,12,9.034519385763058,122604.87874245018,122562.46458817834,42.241896867643334,0.17225740419484073,0.0,0
96.783,-3.687913937052739,-0.15476334119436475,-0.9207237587762748,1e-12,1e-12,1e-12,0.22,-0.561155380634115,4.0,4.0,8.738768741925965,12,9.034519385763058,122604.87874245018,122562.46458817834,42.241896867643334,0.17225740419484073,0.0,0
96.883,-3.675096795703969,-0.17264053037849827,-0.9768392968348376,1e-12,1e-12,1e-12,0.22,-0.561155380634115,4.0,4.0,8.736019678273548,12,9.034519385763058,122604.87874245018,122562.46458817834,42.241896867643334,0.17225740419484073,0.0,0
96.983,-3.663302491026087,-0.19120844309493398,-1.032954834892911,1e-12,1e-12,1e-12,0.22,-0.561155380634115,4.0,4.0,8.734553983028377,12,9.034519385763058,122604.87874245018,122562.46458817834,42.241896867643334,0.17225740419484073,0.0,0
97.083,-3.6525681529924254,-0.2104086251894991,-1.089070372950202,1e-12,1e-12,1e-12,0.22,-0.561155380634115,4.0,4.0,8.734376916945136,12,9.034519385763058,122604.87874245018,122562.46458817834,42.241896867643334,0.17225740419484073,0.0,0
97.183,-3.6429275746664764,-0.23018063204314015,-1.1451859110057523,1e-12,1e-12,1e-12,0.22,-0.561155380634115,4.0,4.0,8.735489115745613,12,9.034519385763058,122604.87874245018,122562.46458817834,42.241896867643334,0.17225740419484073,0.0,0
97.283,-3.6344111058166133,-0.2504622188600423,-1.2013014490593064,1e-12,1e-12,1e-12,0.22,-0.561155380634115,4.0,4.0,8.73788658695984,12,9.034519385763058,122604.87874245018,122562.46458817834,42.241896867643334,0.17225740419484073,0.0,0
97.383,-3.6270455573715488,-0.2711895366215311,-1.2574169871125191,1e-12,1e-12,1e-12,0.22,-0.561155380634115,4.0,4.0,8.741560729753374,12,9.034519385763058,122604.87874245018,122562.46458817834,42.241896867643334,0.17225740419484073,0.0,0
97.483,-3.620854117015937,-0.29229733309119005,-1.3135325251645953,1e-12,1e-12,1e-12,0.22,-0.561155380634115,4.0,4.0,8.746498377550898,12,9.034519385763058,122604.87874245018,122562.46458817834,42.241896867643334,0.17225740419484073,0.0,0
97.583,-3.615856276192592,-0.3137191582373148,-1.369648063216252,1e-12,1e-12,1e-12,0.22,-0.561155380634115,4.0,4.0,8.752681863050075,12,9.034519385763058,122604.87874245018,122562.46458817834,42.241896867643334,0.17225740419484073,0.0,0
97.683,-3.6120677687410057,-0.3353875734258057,-1.4257636012674682,1e-12,1e-12,1e-12,0.22,-0.561155380634115,4.0,4.0,8.760089105010323,12,9.034519385763058,122604.87874245018,122562.46458817834,42.241896867643334,0.17225740419484073,0.0,0
97.783,-3.6095005213651987,-0.3572343637256081,-1.4818791393176114,1e-12,1e-12,1e-12,0.22,-0.561155380634115,4.0,4.0,8.768693716004028,12,9.034519385763058,122604.87874245018,122562.46458817834,42.241896867643334,0.17225740419484073,0.0,0
97.883,-3.6081626160868865,-0.37919075265819824,-1.537994677367399,1e-12,1e-12,1e-12,0.22,-0.561155380634115,4.0,4.0,8.778465130134602,12,9.034519385763058,122604.87874245018,122562.46458817834,42.241896867643334,0.17225740419484073,0.0,0
97.983,-3.608058264802284,-0.4011876187147577,-1.5941102154163487,1e-12,1e-12,1e-12,0.22,-0.561155380634115,4.0,4.0,8.789368749560712,12,9.034519385763058,122604.87874245018,122562.46458817834,42.241896867643334,0.17225740419484073,0.0,0
98.083,-3.609187796022528,-0.4231557129589858,-1.650225753464815,1e-12,1e-12,1e-12,0.22,-0.561155380634115,4.0,4.0,8.801366108520876,12,9.034519385763058,122604.87874245018,122562.46458817834,42.241896867643334,0.17225740419484073,0.0,0
98.183,-3.611547653839441,-0.44502587703207663,-1.7063412915122795,1e-12,1e-12,1e-12,0.22,-0.561155380634115,4.0,4.0,8.814415053431139,12,9.034519385763058,122604.87874245018,122562.46458817834,42.241896867643334,0.17225740419484073,0.0,0
98.283,-3.615130409120039,-0.4667292608719743,-1.762456829559112,1e-12,1e-12,1e-12,0.22,-0.561155380634115,4.0,4.0,8.828469937527942,12,9.034519385763058,122604.87874245018,122562.46458817834,42.241896867643334,0.17225740419484073,0.0,0
98.383,-3.6199247828943433,-0.48819753946184635,-1.8185723676108039,1e-12,1e-12,1e-12,0.22,-0.561155380634115,4.0,4.0,8.84348182845415,12,9.034519385763058,122604.87874245018,122562.46458817834,42.241896867643334,0.17225740419484073,0.0,0
98.483,-3.625915681863214,-0.5093631279262014,-1.8746879056670012,1e-12,1e-12,1e-12,0.22,-0.561155380634115,4.0,4.0,8.85939872713649,12,9.034519385763058,122604.87874245018,122562.46458817834,42.241896867643334,0.17225740419484073,0.0,0
98.583,-3.6330842459136736,-0.5301593942963359,-1.9308034437374157,1e-12,1e-12,1e-12,0.22,-0.561155380634115,4.0,4.0,8.876165796274135,12,9.034519385763058,122604.87874245018,122562.46458817834,42.241896867643334,0.17225740419484073,0.0,0
98.683,-3.6414079074932615,-0.5505208692770751,-1.9869189818083002,1e-12,1e-12,1e-12,0.22,-0.561155380634115,4.0,4.0,8.893725596757903,12,9.034519385763058,122604.87874245018,122562.46458817834,42.241896867643334,0.17225740419484073,0.0,0
98.783,-3.6508604626550767,-0.5703834523516774,-2.043034519875972,1e-12,1e-12,1e-12,0.22,-0.561155380634115,4.0,4.0,8.912018330353046,12,9.034519385763058,122604.87874245018,122562.46458817834,42.241896867643334,0.17225740419484073,0.0,0
98.883,-3.6614121535514332,-0.589684613578677,-2.0991500579435876,1e-12,1e-12,1e-12,0.22,-0.561155380634115,4.0,4.0,8.930982087021922,12,9.034519385763058,122604.87874245018,122562.46458817834,42.241896867643334,0.17225740419484073,0.0,0
98.983,-3.6730297621153865,-0.6083635904440783,-2.155265596011026,1e-12,1e-12,1e-12,0.22,-0.561155380634115,4.0,4.0,8.95055309531423,12,9.034519385763058,122604.87874245018,122562.46458817834,42.241896867643334,0.17225740419484073,0.0,0
99.083,-3.6856767146353344,-0.6263615791494515,-2.2113811340760763,1e-12,1e-12,1e-12,0.22,-0.561155380634115,4.0,4.0,8.970665974325318,12,9.034519385763058,122604.87874245018,122562.46458817834,42.241896867643334,0.17225740419484073,0.0,0
99.183,-3.699313196893805,-0.6436219197339027,-2.267496672140068,1e-12,1e-12,1e-12,0.22,-0.561155380634115,4.0,4.0,8.991253985807335,12,9.034519385763058,122604.87874245018,122562.46458817834,42.241896867643334,0.17225740419484073,0.0,0
99.283,-3.7138962795077664,-0.660090274446852,-2.3236122102029944,1e-12,1e-12,1e-12,0.22,-0.561155380634115,4.0,4.0,9.012249285111785,12,9.034519385763058,122604.87874245018,122562.46458817834,42.241896867643334,0.17225740419484073,0.0,0
99.383,-3.72938005307564,-0.6757147988100474,-2.3797277482655925,1e-12,1e-12,1e-12,0.22,-0.561155380634115,4.0,4.0,9.033583169744709,12,9.034519385763058,122604.87874245018,122562.46458817834,42.241896867643334,0.17225740419484073,0.0,0
99.483,-3.7457157727060295,-0.6904463048306806,-2.435843286326224,1e-12,1e-12,1e-12,0.22,-0.561155380634115,4.0,4.0,9.055186324424625,12,9.034519385763058,122604.87874245018,122562.46458817834,42.241896867643334,0.17225740419484073,0.0,0
99.583,-3.762852011472769,-0.7042384158514305,-2.491958824385668,1e-12,1e-12,1e-12,0.22,-0.561155380634115,4.0,4.0,9.07698906164369,12,9.034519385763058,122604.87874245018,122562.46458817834,42.241896867643334,0.17225740419484073,0.0,0
99.683,-3.7807348223135184,-0.7170477125500663,-2.548074362444238,1e-12,1e-12,1e-12,0.22,-0.561155380634115,4.0,4.0,9.098921556845953,12,9.034519385763058,122604.87874245018,122562.46458817834,42.241896867643334,0.17225740419484073,0.0,0
99.783,-3.799307907861954,-0.728833869629043,-2.6041899005022895,1e-12,1e-12,1e-12,0.22,-0.561155380634115,4.0,4.0,9.120914077447983,12,9.034519385763058,122604.87874245018,122562.46458817834,42.241896867643334,0.17225740419484073,0.0,0
99.883,-3.81851279767917,-0.7395597827647079,-2.6603054385595595,1e-12,1e-12,1e-12,0.22,-0.561155380634115,4.0,4.0,9.142897205037013,12,9.034519385763058,122604.87874245018,122562.46458817834,42.241896867643334,0.17225740419484073,0.0,0
99.983,-3.8382890323256205,-0.74919168541623,-2.7164209766151672,1e-12,1e-12,1e-12,0.22,-0.561155380634115,4.0,4.0,9.164802050186506,12,9.034519385763058,122604.87874245018,122562.46458817834,42.241896867643334,0.17225740419484073,0.0,0
100.083,-3.858574353695829,-0.7576992551273464,-2.7725365146686856,1e-12,1e-12,1e-12,0.22,-0.561155380634115,4.0,4.0,9.186560459432307,12,9.034519385763058,122604.87874245018,122562.46458817834,42.241896867643334,0.17225740419484073,0.0,0
100.183,-3.8793049010142884,-0.7650557089849772,-2.828652052721884,1e-12,1e-12,1e-12,0.22,-0.561155380634115,4.0,4.0,9.208105214042577,12,9.034519385763058,122604.87874245018,122562.46458817834,42.241896867643334,0.17225740419484073,0.0,0
100.283,-3.9004154118775234,-0.7712378879353854,-2.8847675907739596,1e-12,1e-12,1e-12,0.22,-0.561155380634115,4.0,4.0,9.229370220307668,12,9.034519385763058,122604.87874245018,122562.46458817834,42.241896867643334,0.17225740419484073,0.0,0
100.383,-3.9218394277085755,-0.7762263296918426,-2.9408831288256096,1e-12,1e-12,1e-12,0.22,-0.561155380634115,4.0,4.0,9.250290691153428,12,9.034519385763058,122604.87874245018,122562.46458817834,42.241896867643334,0.17225740419484073,0.0,0
100.483,-3.943509502976787,-0.7800053300043146,-2.996998666876847,1e-12,1e-12,1e-12,0.22,-0.561155380634115,4.0,4.0,9.270803318955277,12,9.034519385763058,122604.87874245018,122562.46458817834,42.241896867643334,0.17225740419484073,0.0,0
100.583,-3.965357417524958,-0.7825629920984658,-3.053114204926955,1e-12,1e-12,1e-12,0.22,-0.561155380634115,4.0,4.0,9.290846439496764,12,9.034519385763058,122604.87874245018,122562.46458817834,42.241896867643334,0.17225740419484073,0.0,0
100.683,-3.9873143913352935,-0.7838912641282696,-3.109229742976743,1e-12,1e-12,1e-12,0.22,-0.561155380634115,4.0,4.0,9.310360187073037,12,9.034519385763058,122604.87874245018,122562.46458817834,42.241896867643334,0.17225740419484073,0.0,0
100.783,-4.009311301057703,-0.7839859645242033,3.1178400261538943,1e-12,1e-12,1e-12,0.22,-0.561155380634115,4.0,4.0,9.329286640789595,12,9.034519385763058,122604.87874245018,122562.46458817834,42.241896867643334,0.17225740419484073,0.0,0
100.883,-4.031278897618419,-0.7828467951573576,3.061724488105442,1e-12,1e-12,1e-12,0.22,-0.561155380634115,4.0,4.0,9.34756996214941,12,9.034519385763058,122604.87874245018,122562.46458817834,42.241896867643334,0.17225740419484073,0.0,0
100.983,-4.0531480242254165,-0.7804773422780206,3.005608950057942,1e-12,1e-12,1e-12,0.22,-0.561155380634115,4.0,4.0,9.365156524058701,12,9.034519385763058,122604.87874245018,122562.46458817834,42.241896867643334,0.17225740419484073,0.0,0
101.083,-4.074849834082687,-0.7768850652256613,2.949493412011174,1e-12,1e-12,1e-12,0.22,-0.561155380634115,4.0,4.0,9.381995031407829,12,9.034519385763058,122604.87874245018,122562.46458817834,42.241896867643334,0.17225740419484073,0.0,0
101.183,-4.096316007128526,-0.7720812729460009,2.893377873959368,1e-12,1e-12,1e-12,0.22,-0.561155380634115,4.0,4.0,9.398036633408465,12,9.034519385763058,122604.87874245018,122562.46458817834,42.241896867643334,0.17225740419484073,0.0,0
101.283,-4.117478965115952,-0.7660810883888369,2.8372623359032065,1e-12,1e-12,1e-12,0.22,-0.561155380634115,4.0,4.0,9.413235027884816,12,9.034519385763058,122604.87874245018,122562.46458817834,42.241896867643334,0.17225740419484073,0.0,0
101.383,-4.138272084357335,-0.7589034008993595,2.781146797832628,1e-12,1e-12,1e-12,0.22,-0.561155380634115,4.0,4.0,9.427546557727593,12,9.034519385763058,122604.87874245018,122562.46458817834,42.241896867643334,0.17225740419484073,0.0,0
101.483,-4.158629905465069,-0.7505708067517795,2.7250312597617583,1e-12,1e-12,1e-12,0.22,-0.561155380634115,4.0,4.0,9.440930299727418,12,9.034519385763058,122604.87874245018,122562.46458817834,42.241896867643334,0.17225740419484073,0.0,0
101.583,-4.178488339425268,-0.741109538013859,2.668915721694093,1e-12,1e-12,1e-12,0.22,-0.561155380634115,4.0,4.0,9.4533481460042,12,9.034519385763058,122604.87874245018,122562.46458817834,42.241896867643334,0.17225740419484073,0.0,0
101.683,-4.197784869358404,-0.7305493799647325,2.6128001836264563,1e-12,1e-12,1e-12,0.22,-0.561155380634115,4.0,4.0,9.46476487825061,12,9.034519385763058,122604.87874245018,122562.46458817834,42.241896867643334,0.17225740419484073,0.0,0
101.783,-4.21645874733038,-0.7189235773270225,2.556684645559047,1e-12,1e-12,1e-12,0.22,-0.561155380634115,4.0,4.0,9.475148235000589,12,9.034519385763058,122604.87874245018,122562.46458817834,42.241896867643334,0.17225740419484073,0.0,0
101.883,-4.234451185594741,-0.7062687296083147,2.5005691074940106,1e-12,1e-12,1e-12,0.22,-0.561155380634115,4.0,4.0,9.484468972126573,12,9.034519385763058,122604.87874245018,122562.46458817834,42.241896867643334,0.17225740419484073,0.0,0
101.983,-4.251705541664087,-0.6926246758811745,2.444453569430019,1e-12,1e-12,1e-12,0.22,-0.561155380634115,4.0,4.0,9.492700916758029,12,9.034519385763058,122604.87874245018,122562.46458817834,42.241896867643334,0.17225740419484073,0.0,0
102.083,-4.268167496627849,-0.6780343693645838,2.3883380313671143,1e-12,1e-12,1e-12,0.22,-0.561155380634115,4.0,4.0,9.499821014800728,12,9.034519385763058,122604.87874245018,122562.46458817834,42.241896867643334,0.17225740419484073,0.0,0
102.183,-4.283785226155007,-0.6625437422018825,2.332222493304501,1e-12,1e-12,1e-12,0.22,-0.561155380634115,4.0,4.0,9.505809372221279,12,9.034519385763058,122604.87874245018,122562.46458817834,42.241896867643334,0.17225740419484073,0.0,0
102.283,-4.298509563643757,-0.6462015608604569,2.27610695524392,1e-12,1e-12,1e-12,0.22,-0.561155380634115,4.0,4.0,9.510649290244544,12,9.034519385763058,122604.87874245018,122562.46458817834,42.241896867643334,0.17225740419484073,0.0,0
102.383,-4.312294155004231,-0.6290592726087645,2.2199914171844757,1e-12,1e-12,1e-12,0.22,-0.561155380634115,4.0,4.0,9.514327294593281,12,9.034519385763058,122604.87874245018,122562.46458817834,42.241896867643334,0.17225740419484073,0.0,0
102.483,-4.32509560458705,-0.6111708435536927,2.1638758791259267,1e-12,1e-12,1e-12,0.22,-0.561155380634115,4.0,4.0,9.51683315887981,12,9.034519385763058,122604.87874245018,122562.46458817834,42.241896867643334,0.17225740419484073,0.0,0
102.583,-4.336873611798383,-0.5925925887484205,2.1077603410678747,1e-12,1e-12,1e-12,0.22,-0.561155380634115,4.0,4.0,9.518159922239548,12,9.034519385763058,122604.87874245018,122562.46458817834,42.241896867643334,0.17225740419484073,0.0,0
102.683,-4.3475910979714065,-0.5733829949053244,2.0516448030105763,1e-12,1e-12,1e-12,0.22,-0.561155380634115,4.0,4.0,9.518303901274674,12,9.034519385763058,122604.87874245018,122562.46458817834,42.241896867643334,0.17225740419484073,0.0,0
102.783,-4.357214323094424,-0.5536025362728545,1.9955292649550476,1e-12,1e-12,1e-12,0.22,-0.561155380634115,4.0,4.0,9.517264696354998,12,9.034519385763058,122604.87874245018,122562.46458817834,42.241896867643334,0.17225740419484073,0.0,0
102.883,-4.36571299202916,-0.5333134842540911,1.939413726901501,1e-12,1e-12,1e-12,0.22,-0.561155380634115,4.0,4.0,9.515045192300741,12,9.034519385763058,122604.87874245018,122562.46458817834,42.241896867643334,0.17225740419484073,0.0,0
102.983,-4.3730603498833,-0.5125797113691228,1.883298188848338,1e-12,1e-12,1e-12,0.22,-0.561155380634115,4.0,4.0,9.511651553450015,12,9.034519385763058,122604.87874245018,122562.46458817834,42.241896867643334,0.17225740419484073,0.0,0
103.083,-4.379233266238487,-0.4914664901759114,1.8271826507962619,1e-12,1e-12,1e-12,0.22,-0.561155380634115,4.0,4.0,9.507093213091519,12,9.034519385763058,122604.87874245018,122562.46458817834,42.241896867643334,0.17225740419484073,0.0,0
103.183,-4.384212307967823,-0.47004028778388035,1.7710671127446123,1e-12,1e-12,1e-12,0.22,-0.561155380634115,4.0,4.0,9.501382857220843,12,9.034519385763058,122604.87874245018,122562.46458817834,42.241896867643334,0.17225740419484073,0.0,0
103.283,-4.387981800413753,-0.4483685566072602,1.7149515746933748,1e-12,1e-12,1e-12,0.22,-0.561155380634115,4.0,4.0,9.494536402557236,12,9.034519385763058,122604.87874245018,122562.46458817834,42.241896867643334,0.17225740419484073,0.0,0
103.383,-4.39052987673392,-0.42651952201626026,1.6588360366432455,1e-12,1e-12,1e-12,0.22,-0.561155380634115,4.0,4.0,9.48657296873616,12,9.034519385763058,122604.87874245018,122562.46458817834,42.241896867643334,0.17225740419484073,0.0,0
103.483,-4.391848515259533,-0.40456196755471474,1.6027204985934864,1e-12,1e-12,1e-12,0.22,-0.561155380634115,4.0,4.0,9.477514844572552,12,9.034519385763058,122604.87874245018,122562.46458817834,42.241896867643334,0.17225740419484073,0.0,0
103.583,-4.391933564748568,-0.382565018400679,1.5466049605445367,1e-12,1e-12,1e-12,0.22,-0.561155380634115,4.0,4.0,9.467387448270138,12,9.034519385763058,122604.87874245018,122562.46458817834,42.241896867643334,0.17225740419484073,0.0,0
103.683,-4.3907847574544006,-0.36059792375205735,1.4904894224961058,1e-12,1e-12,1e-12,0.22,-0.561155380634115,4.0,4.0,9.456219281433773,12,9.034519385763058,122604.87874245018,122562.46458817834,42.241896867643334,0.17225740419484073,0.0,0
103.783,-4.388405709968742,-0.33872983882079843,1.434373884448634,1e-12,1e-12,1e-12,0.22,-0.561155380634115,4.0,4.0,9.44404187672366,12,9.034519385763058,122604.87874245018,122562.46458817834,42.241896867643334,0.17225740419484073,0.0,0
103.883,-4.384803911836101,-0.31702960712355316,1.3782583464018374,1e-12,1e-12,1e-12,0.22,-0.561155380634115,4.0,4.0,9.430889738976028,12,9.034519385763058,122604.87874245018,122562.46458817834,42.241896867643334,0.17225740419484073,0.0,0
103.983,-4.3799907019757764,-0.29556554375381483,1.3221428083499251,1e-12,1e-12,1e-12,0.22,-0.561155380634115,4.0,4.0,9.416800279600576,12,9.034519385763058,122604.87874245018,122562.46458817834,42.241896867643334,0.17225740419484073,0.0,0
104.083,-4.3739812329853045,-0.2744052203170129,1.266027270293799,1e-12,1e-12,1e-12,0.22,-0.561155380634115,4.0,4.0,9.401813744052975,12,9.034519385763058,122604.87874245018,122562.46458817834,42.241896867643334,0.17225740419484073,0.0,0
104.183,-4.366794423438456,-0.25361525220687836,1.209911732223228,1e-12,1e-12,1e-12,0.22,-0.561155380634115,4.0,4.0,9.385973132173767,12,9.034519385763058,122604.87874245018,122562.46458817834,42.241896867643334,0.17225740419484073,0.0,0
104.283,-4.358452898326842,-0.2332610888908627,1.1537961941523651,1e-12,1e-12,1e-12,0.22,-0.561155380634115,4.0,4.0,9.369324111176102,12,9.034519385763058,122604.87874245018,122562.46458817834,42.241896867643334,0.17225740419484073,0.0,0
104.383,-4.348982917834036,-0.21340680786765145,1.0976806560847423,1e-12,1e-12,1e-12,0.22,-0.561155380634115,4.0,4.0,9.351914921066701,12,9.034519385763058,122604.87874245018,122562.46458817834,42.241896867643334,0.17225740419484073,0.0,0
104.483,-4.3384142946648865,-0.19411491294280112,1.0415651180171057,1e-12,1e-12,1e-12,0.22,-0.561155380634115,4.0,4.0,9.33379627228069,12,9.034519385763058,122604.87874245018,122562.46458817834,42.241896867643334,0.17225740419484073,0.0,0
104.583,-4.326780300191291,-0.17544613745880908,0.9854495799497031,1e-12,1e-12,1e-12,0.22,-0.561155380634115,4.0,4.0,9.315021235320586,12,9.034519385763058,122604.87874245018,122562.46458817834,42.241896867643334,0.17225740419484073,0.0,0
104.683,-4.314117559709779,-0.15745925309885164,0.9293340418846815,1e-12,1e-12,1e-12,0.22,-0.561155380634115,4.0,4.0,9.295645122198446,12,9.034519385763058,122604.87874245018,122562.46458817834,42.241896867643334,0.17225740419484073,0.0,0
104.783,-4.300465937140342,-0.1402108848659332,0.8732185038206968,1e-12,1e-12,1e-12,0.22,-0.561155380634115,4.0,4.0,9.275725359495581,12,9.034519385763058,122604.87874245018,122562.46458817834,42.241896867643334,0.17225740419484073,0.0,0
104.883,-4.285868409529634,-0.12375533282014221,0.8171029657577848,1e-12,1e-12,1e-12,0.22,-0.561155380634115,4.0,4.0,9.255321352876068,12,9.034519385763058,122604.87874245018,122562.46458817834,42.241896867643334,0.17225740419484073,0.0,0
104.983,-4.2703709317539245,-0.1081444011353049,0.7609874276951716,1e-12,1e-12,1e-12,0.22,-0.561155380634115,4.0,4.0,9.234494342917733,12,9.034519385763058,122604.87874245018,122562.46458817834,42.241896867643334,0.17225740419484073,0.0,0
105.083,-4.254022291847202,-0.09342723501274887,0.7048718896346261,1e-12,1e-12,1e-12,0.22,-0.561155380634115,4.0,4.0,9.213307252157321,12,9.034519385763058,122604.87874245018,122562.46458817834,42.241896867643334,0.17225740419484073,0.0,0
105.183,-4.236873957410307,-0.07965016596596565,0.6487563515751607,1e-12,1e-12,1e-12,0.22,-0.561155380634115,4.0,4.0,9.19182452328863,12,9.034519385763058,122604.87874245018,122562.46458817834,42.241896867643334,0.17225740419484073,0.0,0
105.283,-4.218979913584291,-0.06685656596313858,0.5926408135166472,1e-12,1e-12,1e-12,0.22,-0.561155380634115,4.0,4.0,9.17011194849984,12,9.034519385763058,122604.87874245018,122562.46458817834,42.241896867643334,0.17225740419484073,0.0,0
105.383,-4.200396493098346,-0.055086710886614806,0.5365252754585812,1e-12,1e-12,1e-12,0.22,-0.561155380634115,4.0,4.0,9.148236489992422,12,9.034519385763058,122604.87874245018,122562.46458817834,42.241896867643334,0.17225740419484073,0.0,0
105.483,-4.181182198927068,-0.04437765373926221,0.4804097374012971,1e-12,1e-12,1e-12,0.22,-0.561155380634115,4.0,4.0,9.1262660917873,12,9.034519385763058,122604.87874245018,122562.46458817834,42.241896867643334,0.17225740419484073,0.0,0
105.583,-4.161397520116141,-0.034763107997131,0.4242941993457892,1e-12,1e-12,1e-12,0.22,-0.561155380634115,4.0,4.0,9.104269482996017,12,9.034519385763058,122604.87874245018,122562.46458817834,42.241896867643334,0.17225740419484073,0.0,0
105.683,-4.141104741354304,-0.026273341474698404,0.36817866129224236,1e-12,1e-12,1e-12,0.22,-0.561155380634115,4.0,4.0,9.082315972810644,12,9.034519385763058,122604.87874245018,122562.46458817834,42.241896867643334,0.17225740419484073,0.0,0
105.783,-4.120367746893905,-0.0189350810383527,0.3120631232390938,1e-12,1e-12,1e-12,0.22,-0.561155380634115,4.0,4.0,9.060475237557661,12,9.034519385763058,122604.87874245018,122562.46458817834,42.241896867643334,0.17225740419484073,0.0,0
105.883,-4.099251819434837,-0.012771428466618778,0.25594758518701777,1e-12,1e-12,1e-12,0.22,-0.561155380634115,4.0,4.0,9.038817100248048,12,9.034519385763058,122604.87874245018,122562.46458817834,42.241896867643334,0.17225740419484073,0.0,0
105.983,-4.077823434606192,-0.0078017877228275,0.19983204713537528,1e-12,1e-12,1e-12,0.22,-0.561155380634115,4.0,4.0,9.017411303159419,12,9.034519385763058,122604.87874245018,122562.46458817834,42.241896867643334,0.17225740419484073,0.0,0
106.083,-4.056150051692794,-0.004041803869030627,0.14371650908413786,1e-12,1e-12,1e-12,0.22,-0.561155380634115,4.0,4.0,8.996327274089163,12,9.034519385763058,122604.87874245018,122562.46458817834,42.241896867643334,0.17225740419484073,0.0,0
106.183,-4.034299901264726,-0.00150331381332866,0.08760097103402299,1e-12,1e-12,1e-12,0.22,-0.561155380634115,4.0,4.0,8.975633887025554,12,9.034519385763058,122604.87874245018,122562.46458817834,42.241896867643334,0.17225740419484073,0.0,0
106.283,-4.012341770378618,-0.00019430904572982201,0.03148543298427058,1e-12,1e-12,1e-12,0.22,-0.561155380634115,4.0,4.0,8.955399218096076,12,9.034519385763058,122604.87874245018,122562.46458817834,42.241896867643334,0.17225740419484073,0.0,0
106.383,-3.990344786027187,-0.00011891047996122187,-0.024630105064678953,1e-12,1e-12,1e-12,0.22,-0.561155380634115,4.0,4.0,8.935690297764982,12,9.034519385763058,122604.87874245018,122562.46458817834,42.241896867643334,0.17225740419484073,0.0,0
106.483,-3.968378197519144,-0.0012773554803116613,-0.08074564311308853,1e-12,1e-12,1e-12,0.22,-0.561155380634115,4.0,4.0,8.916572860363894,12,9.034519385763058,122604.87874245018,122562.46458817834,42.241896867643334,0.17225740419484073,0.0,0
106.583,-3.946511158473035,-0.0036659971143424095,-0.13686118116056717,1e-12,1e-12,1e-12,0.22,-0.561155380634115,4.0,4.0,8.898111092146806,12,9.034519385763058,122604.87874245018,122562.46458817834,42.241896867643334,0.17225740419484073,0.0,0
106.683,-3.9248125091129444,-0.007277315633943608,-0.19297671920733528,1e-12,1e-12,1e-12,0.22,-0.561155380634115,4.0,4.0,8.880367379167788,12,9.034519385763058,122604.87874245018,122562.46458817834,42.241896867643334,0.17225740419484073,0.0,0
106.783,-3.9033505595509563,-0.012099942148427127,-0.2490922572593543,1e-12,1e-12,1e-12,0.22,-0.561155380634115,4.0,4.0,8.863402056374394,12,9.034519385763058,122604.87874245018,122562.46458817834,42.241896867643334,0.17225740419484073,0.0,0
106.883,-3.882192874737965,-0.018118694415430448,-0.30520779531545916,1e-12,1e-12,1e-12,0.22,-0.561155380634115,4.0,4.0,8.84727315939667,12,9.034519385763058,122604.87874245018,122562.46458817834,42.241896867643334,0.17225740419484073,0.0,0
106.983,-3.8614060617609827,-0.02531462463624664,-0.36132333338619393,1e-12,1e-12,1e-12,0.22,-0.561155380634115,4.0,4.0,8.83203618058728,12,9.034519385763058,122604.87874245018,122562.46458817834,42.241896867643334,0.17225740419484073,0.0,0
107.083,-3.841055560154694,-0.03366507910622032,-0.41743887145702113,1e-12,1e-12,1e-12,0.22,-0.561155380634115,4.0,4.0,8.817743830926018,12,9.034519385763058,122604.87874245018,122562.46458817834,42.241896867643334,0.17225740419484073,0.0,0
107.183,-3.8212054358902567,-0.043143769531019456,-0.4735544095246579,1e-12,1e-12,1e-12,0.22,-0.561155380634115,4.0,4.0,8.804445809447452,12,9.034519385763058,122604.87874245018,122562.46458817834,42.241896867643334,0.17225740419484073,0.0,0
107.283,-3.801918179687223,-0.05372085578581966,-0.5296699475922947,1e-12,1e-12,1e-12,0.22,-0.561155380634115,4.0,4.0,8.792188581870096,12,9.034519385763058,122604.87874245018,122562.46458817834,42.241896867643334,0.17225740419484073,0.0,0
107.383,-3.7832545102848014,-0.06536303985585332,-0.5857854856597184,1e-12,1e-12,1e-12,0.22,-0.561155380634115,4.0,4.0,8.781015170109589,12,9.034519385763058,122604.87874245018,122562.46458817834,42.241896867643334,0.17225740419484073,0.0,0
107.483,-3.765273183291581,-0.07803367066269216,-0.6419010237246906,1e-12,1e-12,1e-12,0.22,-0.561155380634115,4.0,4.0,8.770964954336895,12,9.034519385763058,122604.87874245018,122562.46458817834,42.241896867643334,0.17225740419484073,0.0,0
107.583,-3.7480308062152585,-0.09169285944660249,-0.698016561788668,1e-12,1e-12,1e-12,0.22,-0.561155380634115,4.0,4.0,8.762073489198032,12,9.034519385763058,122604.87874245018,122562.46458817834,42.241896867643334,0.17225740419484073,0.0,0
107.683,-3.7315816602549994,-0.10629760534152295,-0.7541320998515655,1e-12,1e-12,1e-12,0.22,-0.561155380634115,4.0,4.0,8.75437233574315,12,9.034519385763058,122604.87874245018,122562.46458817834,42.241896867643334,0.17225740419484073,0.0,0
107.783,-3.715977529417458,-0.1218019307471045,-0.8102476379141644,1e-12,1e-12,1e-12,0.22,-0.561155380634115,4.0,4.0,8.74788891051925,12,9.034519385763058,122604.87874245018,122562.46458817834,42.241896867643334,0.17225740419484073,0.0,0
107.883,-3.701267537494026,-0.13815702607214944,-0.8663631759746889,1e-12,1e-12,1e-12,0.22,-0.561155380634115,4.0,4.0,8.742646353163874,12,9.034519385763058,122604.87874245018,122562.46458817834,42.241896867643334,0.17225740419484073,0.0,0
107.983,-3.6874979934129075,-0.1553114033933347,-0.9224787140341548,1e-12,1e-12,1e-12,0.22,-0.561155380634115,4.0,4.0,8.738663413697667,12,9.034519385763058,122604.87874245018,122562.46458817834,42.241896867643334,0.17225740419484073,0.0,0
108.083,-3.674712245452735,-0.17321105854583785,-0.9785942520926751,1e-12,1e-12,1e-12,0.22,-0.561155380634115,4.0,4.0,8.73595436055337,12,9.034519385763058,122604.87874245018,122562.46458817834,42.241896867643334,0.17225740419484073,0.0,0
108.183,-3.6629505447766215,-0.19179964113530198,-1.034709790150727,1e-12,1e-12,1e-12,0.22,-0.561155380634115,4.0,4.0,8.7345289101997,12,9.034519385763058,122604.87874245018,122562.46458817834,42.241896867643334,0.17225740419484073,0.0,0
108.283,-3.6522499187163473,-0.21101863193616596,-1.0908253282080034,1e-12,1e-12,1e-12,0.22,-0.561155380634115,4.0,4.0,8.734392179024702,12,9.034519385763058,122604.87874245018,122562.46458817834,42.241896867643334,0.17225740419484073,0.0,0
108.383,-3.6426440542058205,-0.23080752711716693,-1.1469408662635039,1e-12,1e-12,1e-12,0.22,-0.561155380634115,4.0,4.0,8.735544657936268,12,9.034519385763058,122604.87874245018,122562.46458817834,42.241896867643334,0.17225740419484073,0.0,0
108.483,-3.634163191729901,-0.25110402871588994,-1.2030564043170298,1e-12,1e-12,1e-12,0.22,-0.561155380634115,4.0,4.0,8.737982209922846,12,9.034519385763058,122604.87874245018,122562.46458817834,42.241896867643334,0.17225740419484073,0.0,0
108.583,-3.626834030123904,-0.2718442407600172,-1.2591719423701926,1e-12,1e-12,1e-12,0.22,-0.561155380634115,4.0,4.0,8.741696090597669,12,9.034519385763058,122604.87874245018,122562.46458817834,42.241896867643334,0.17225740419484073,0.0,0
108.683,-3.6206796425220764,-0.29296287042029956,-1.3152874804222403,1e-12,1e-12,1e-12,0.22,-0.561155380634115,4.0,4.0,8.746672991529849,12,9.034519385763058,122604.87874245018,122562.46458817834,42.241896867643334,0.17225740419484073,0.0,0
108.783,-3.615719403720444,-0.3143934335607708,-1.371403018473876,1e-12,1e-12,1e-12,0.22,-0.561155380634115,4.0,4.0,8.752895105949595,12,9.034519385763058,122604.87874245018,122562.46458817834,42.241896867643334,0.17225740419484073,0.0,0
108.883,-3.611968929182547,-0.3360684640390009,-1.4275185565251132,1e-12,1e-12,1e-12,0.22,-0.561155380634115,4.0,4.0,8.760340216205877,12,9.034519385763058,122604.87874245018,122562.46458817834,42.241896867643334,0.17225740419484073,0.0,0
108.983,-3.6094400258799486,-0.3579197260981658,-1.4836340945752209,1e-12,1e-12,1e-12,0.22,-0.561155380634115,4.0,4.0,8.768981802158066,12,9.034519385763058,122604.87874245018,122562.46458817834,42.241896867643334,0.17225740419484073,0.0,0
109.083,-3.6081406551223374,-0.37987842918207687,-1.5397496326249804,1e-12,1e-12,1e-12,0.22,-0.561155380634115,4.0,4.0,8.77878916950053,12,9.034519385763058,122604.87874245018,122562.46458817834,42.241896867643334,0.17225740419484073,0.0,0
109.183,-3.6080749074943492,-0.40187544449666385,-1.5958651706739087,1e-12,1e-12,1e-12,0.22,-0.561155380634115,4.0,4.0,8.789727596854629,12,9.034519385763058,122604.87874245018,122562.46458817834,42.241896867643334,0.17225740419484073,0.0,0
109.283,-3.6092429899778926,-0.42384152263574626,-1.6519807087223257,1e-12,1e-12,1e-12,0.22,-0.561155380634115,4.0,4.0,8.80175850031821,12,9.034519385763058,122604.87874245018,122562.46458817834,42.241896867643334,0.17225740419484073,0.0,0
109.383,-3.611641225300503,-0.4457075115874785,-1.7080962467698042,1e-12,1e-12,1e-12,0.22,-0.561155380634115,4.0,4.0,8.814839614041736,12,9.034519385763058,122604.87874245018,122562.46458817834,42.241896867643334,0.17225740419484073,0.0,0
109.483,-3.615262063511916,-0.4674045744336034,-1.764211784816558,1e-12,1e-12,1e-12,0.22,-0.561155380634115,4.0,4.0,8.828925185300532,12,9.034519385763058,122604.87874245018,122562.46458817834,42.241896867643334,0.17225740419484073,0.0,0
109.583,-3.620094105752245,-0.4888644060566018,-1.8203273228685912,1e-12,1e-12,1e-12,0.22,-0.561155380634115,4.0,4.0,8.843966182459203,12,9.034519385763058,122604.87874245018,122562.46458817834,42.241896867643334,0.17225740419484073,0.0,0
109.683,-3.6261221401372183,-0.5100194481731017,-1.8764428609246744,1e-12,1e-12,1e-12,0.22,-0.561155380634115,4.0,4.0,8.85991051417511,12,9.034519385763058,122604.87874245018,122562.46458817834,42.241896867643334,0.17225740419484073,0.0,0
109.783,-3.6333271896468453,-0.5308031020156445,-1.932558398995566,1e-12,1e-12,1e-12,0.22,-0.561155380634115,4.0,4.0,8.876703258160452,12,9.034519385763058,122604.87874245018,122562.46458817834,42.241896867643334,0.17225740419484073,0.0,0
109.883,-3.641686571867784,-0.5511499379949029,-1.9886739370663715,1e-12,1e-12,1e-12,0.22,-0.561155380634115,4.0,4.0,8.894286897822411,12,9.034519385763058,122604.87874245018,122562.46458817834,42.241896867643334,0.17225740419484073,0.0,0
109.983,-3.651173970400007,-0.5709959016795851,-2.0447894751340225,1e-12,1e-12,1e-12,0.22,-0.561155380634115,4.0,4.0,8.91260156511544,12,9.034519385763058,122604.87874245018,122562.46458817834,42.241896867643334,0.17225740419484073,0.0,0
110.083,-3.661759517704455,-0.5902785154481637,-2.100905013201638,1e-12,1e-12,1e-12,0.22,-0.561155380634115,4.0,4.0,8.931585287983305,12,9.034519385763058,122604.87874245018,122562.46458817834,42.241896867643334,0.17225740419484073,0.0,0
110.183,-3.6734098891299003,-0.6089370751764106,-2.1570205512690475,1e-12,1e-12,1e-12,0.22,-0.561155380634115,4.0,4.0,8.951174240820711,12,9.034519385763058,122604.87874245018,122562.46458817834,42.241896867643334,0.17225740419484073,0.0,0
110.283,-3.6860884078230773,-0.6269128413416425,-2.2131360893340197,1e-12,1e-12,1e-12,0.22,-0.561155380634115,4.0,4.0,8.971302996457341,12,9.034519385763058,122604.87874245018,122562.46458817834,42.241896867643334,0.17225740419484073,0.0,0
110.383,-3.6997551601921828,-0.6441492239423585,-2.2692516273980043,1e-12,1e-12,1e-12,0.22,-0.561155380634115,4.0,4.0,8.991904778251968,12,9.034519385763058,122604.87874245018,122562.46458817834,42.241896867643334,0.17225740419484073,0.0,0
110.483,-3.714367121560022,-0.6605919606507613,-2.3253671654608876,1e-12,1e-12,1e-12,0.22,-0.561155380634115,4.0,4.0,9.012911710978242,12,9.034519385763058,122604.87874245018,122562.46458817834,42.241896867643334,0.17225740419484073,0.0,0
110.583,-3.729878291611021,-0.6761892876373405,-2.381482703523501,1e-12,1e-12,1e-12,0.22,-0.561155380634115,4.0,4.0,9.034255069286761,12,9.034519385763058,122604.87874245018,122562.46458817834,42.241896867643334,0.17225740419484073,0.0,0
110.683,-3.746239839206163,-0.6908921025300924,-2.437598241584018,1e-12,1e-12,1e-12,0.22,-0.561155380634115,4.0,4.0,9.055865522636912,12,9.034519385763058,122604.87874245018,122562.46458817834,42.241896867643334,0.17225740419484073,0.0,0
110.783,-3.7634002561095614,-0.704654118995022,-2.4937137796434836,1e-12,1e-12,1e-12,0.22,-0.561155380634115,4.0,4.0,9.077673375702544,12,9.034519385763058,122604.87874245018,122562.46458817834,42.241896867643334,0.17225740419484073,0.0,0
110.883,-3.7813055191430203,-0.7174320124513921,-2.549829317701983,1e-12,1e-12,1e-12,0.22,-0.561155380634115,4.0,4.0,9.099608803368792,12,9.034519385763058,122604.87874245018,122562.46458817834,42.241896867643334,0.17225740419484073,0.0,0
110.983,-3.7998992602578556,-0.7291855564630653,-2.6059448557600557,1e-12,1e-12,1e-12,0.22,-0.561155380634115,4.0,4.0,9.12160207954885,12,9.034519385763058,122604.87874245018,122562.46458817834,42.241896867643334,0.17225740419484073,0.0,0
111.083,-3.8191229439888126,-0.7398777493764818,-2.662060393817305,1e-12,1e-12,1e-12,0.22,-0.561155380634115,4.0,4.0,9.143583799159197,12,9.034519385763058,122604.87874245018,122562.46458817834,42.241896867643334,0.17225740419484073,0.0,0
111.183,-3.8389160517306906,-0.7494749308063541,-2.718175931872805,1e-12,1e-12,1e-12,0.22,-0.561155380634115,4.0,4.0,9.165485092696354,12,9.034519385763058,122604.87874245018,122562.46458817834,42.241896867643334,0.17225740419484073,0.0,0
111.283,-3.8592162722593875,-0.7579468876032638,-2.7742914699263306,1e-12,1e-12,1e-12,0.22,-0.561155380634115,4.0,4.0,9.187237832961566,12,9.034519385763058,122604.87874245018,122562.46458817834,42.241896867643334,0.17225740419484073,0.0,0
111.383,-3.879959697894925,-0.7652669489681075,-2.8304070079794794,1e-12,1e-12,1e-12,0.22,-0.561155380634115,4.0,4.0,9.208774833569127,12,9.034519385763058,122604.87874245018,122562.46458817834,42.241896867643334,0.17225740419484073,0.0,0
111.483,-3.9010810256912607,-0.7714120704153593,-2.8865225460315482,1e-12,1e-12,1e-12,0.22,-0.561155380634115,4.0,4.0,9.230030038967579,12,9.034519385763058,122604.87874245018,122562.46458817834,42.241896867643334,0.17225740419484073,0.0,0
111.583,-3.922513763018351,-0.7763629063200275,-2.942638084083155,1e-12,1e-12,1e-12,0.22,-0.561155380634115,4.0,4.0,9.250938705779273,12,9.034519385763058,122604.87874245018,122562.46458817834,42.241896867643334,0.17225740419484073,0.0,0
111.683,-3.9441904368891487,-0.7801038708200877,-2.9987536221343927,1e-12,1e-12,1e-12,0.22,-0.561155380634115,4.0,4.0,9.271437575338044,12,9.034519385763058,122604.87874245018,122562.46458817834,42.241896867643334,0.17225740419484073,0.0,0
111.783,-3.9660428063732205,-0.7826231868827881,-3.054869160184486,1e-12,1e-12,1e-12,0.22,-0.561155380634115,4.0,4.0,9.291465037370555,12,9.034519385763058,122604.87874245018,122562.46458817834,42.241896867643334,0.17225740419484073,0.0,0
111.883,-3.9880020774280647,-0.7839129233802933,-3.1109846982342457,1e-12,1e-12,1e-12,0.22,-0.561155380634115,4.0,4.0,9.31096128482339,12,9.034519385763058,122604.87874245018,122562.46458817834,42.241896867643334,0.17225740419484073,0.0,0
111.983,-4.0099991194715665,-0.7839690200578444,3.116085070896391,1e-12,1e-12,1e-12,0.22,-0.561155380634115,4.0,4.0,9.329868459887763,12,9.034519385763058,122604.87874245018,122562.46458817834,42.241896867643334,0.17225740419484073,0.0,0
112.083,-4.031964683013389,-0.7827913003159549,3.0599695328480383,1e-12,1e-12,1e-12,0.22,-0.561155380634115,4.0,4.0,9.348130791316109,12,9.034519385763058,122604.87874245018,122562.46458817834,42.241896867643334,0.17225740419484073,0.0,0
112.183,-4.053829617661731,-0.7803834717664049,3.003853994800524,1e-12,1e-12,1e-12,0.22,-0.561155380634115,4.0,4.0,9.365694723161903,12,9.034519385763058,122604.87874245018,122562.46458817834,42.241896867643334,0.17225740419484073,0.0,0
112.283,-4.075525089817398,-0.7767531145601579,2.947738456753777,1e-12,1e-12,1e-12,0.22,-0.561155380634115,4.0,4.0,9.382509035099856,12,9.034519385763058,122604.87874245018,122562.46458817834,42.241896867643334,0.17225740419484073,0.0,0
112.383,-4.096982799370554,-0.7719116575241124,2.8916229187016302,1e-12,1e-12,1e-12,0.22,-0.561155380634115,4.0,4.0,9.398524954508401,12,9.034519385763058,122604.87874245018,122562.46458817834,42.241896867643334,0.17225740419484073,0.0,0
112.483,-4.11813519471839,-0.765874342181513,2.835507380645426,1e-12,1e-12,1e-12,0.22,-0.561155380634115,4.0,4.0,9.41369626051263,12,9.034519385763058,122604.87874245018,122562.46458817834,42.241896867643334,0.17225740419484073,0.0,0
112.583,-4.138915685425814,-0.7586601747699845,2.7793918425745208,1e-12,1e-12,1e-12,0.22,-0.561155380634115,4.0,4.0,9.4279793801966,12,9.034519385763058,122604.87874245018,122562.46458817834,42.241896867643334,0.17225740419484073,0.0,0
112.683,-4.159258851861443,-0.7502918664071908,2.7232763045037363,1e-12,1e-12,1e-12,0.22,-0.561155380634115,4.0,4.0,9.441333477201916,12,9.034519385763058,122604.87874245018,122562.46458817834,42.241896867643334,0.17225740419484073,0.0,0
112.783,-4.1791006511461815,-0.740795761593789,2.6671607664361,1e-12,1e-12,1e-12,0.22,-0.561155380634115,4.0,4.0,9.453720532929115,12,9.034519385763058,122604.87874245018,122562.46458817834,42.241896867643334,0.17225740419484073,0.0,0
112.883,-4.1983786187685626,-0.7302017552773201,2.6110452283684626,1e-12,1e-12,1e-12,0.22,-0.561155380634115,4.0,4.0,9.46510542055978,12,9.034519385763058,122604.87874245018,122562.46458817834,42.241896867643334,0.17225740419484073,0.0,0
112.983,-4.217032065231017,-0.7185431987390606,2.554929690301096,1e-12,1e-12,1e-12,0.22,-0.561155380634115,4.0,4.0,9.475455972110332,12,9.034519385763058,122604.87874245018,122562.46458817834,42.241896867643334,0.17225740419484073,0.0,0
113.083,-4.235002267108064,-0.7058567946000597,2.498814152236152,1e-12,1e-12,1e-12,0.22,-0.561155380634115,4.0,4.0,9.48474303872058,12,9.034519385763058,122604.87874245018,122562.46458817834,42.241896867643334,0.17225740419484073,0.0,0
113.183,-4.252232651915307,-0.6921824812764983,2.442698614172175,1e-12,1e-12,1e-12,0.22,-0.561155380634115,4.0,4.0,9.492940544369548,12,9.034519385763058,122604.87874245018,122562.46458817834,42.241896867643334,0.17225740419484073,0.0,0
113.283,-4.2686689762067624,-0.6775633072484214,2.3865830761093196,1e-12,1e-12,1e-12,0.22,-0.561155380634115,4.0,4.0,9.500025533197316,12,9.034519385763058,122604.87874245018,122562.46458817834,42.241896867643334,0.17225740419484073,0.0,0
113.383,-4.284259496340023,-0.6620452955377772,2.3304675380467064,1e-12,1e-12,1e-12,0.22,-0.561155380634115,4.0,4.0,9.505978210597045,12,9.034519385763058,122604.87874245018,122562.46458817834,42.241896867643334,0.17225740419484073,0.0,0
113.483,-4.298955131371926,-0.6456772988219954,2.2743519999861963,1e-12,1e-12,1e-12,0.22,-0.561155380634115,4.0,4.0,9.510781978224212,12,9.034519385763058,122604.87874245018,122562.46458817834,42.241896867643334,0.17225740419484073,0.0,0
113.583,-4.312709617571591,-0.6285108456396219,2.2182364619267525,1e-12,1e-12,1e-12,0.22,-0.561155380634115,4.0,4.0,9.514423463051813,12,9.034519385763058,122604.87874245018,122562.46458817834,42.241896867643334,0.17225740419484073,0.0,0
113.683,-4.325479654064519,-0.6105999781718235,2.1621209238682457,1e-12,1e-12,1e-12,0.22,-0.561155380634115,4.0,4.0,9.516892540580685,12,9.034519385763058,122604.87874245018,122562.46458817834,42.241896867643334,0.17225740419484073,0.0,0
113.783,-4.33722503914929,-0.59200108211076,2.1060053858101946,1e-12,1e-12,1e-12,0.22,-0.561155380634115,4.0,4.0,9.518182352294176,12,9.034519385763058,122604.87874245018,122562.46458817834,42.241896867643334,0.17225740419484073,0.0,0
113.883,-4.34790879685769,-0.5727727091501087,2.049889847752953,1e-12,1e-12,1e-12,0.22,-0.561155380634115,4.0,4.0,9.518289317424747,12,9.034519385763058,122604.87874245018,122562.46458817834,42.241896867643334,0.17225740419484073,0.0,0
113.983,-4.357497293359524,-0.5529753926573752,1.9937743096975016,1e-12,1e-12,1e-12,0.22,-0.561155380634115,4.0,4.0,9.517213139078862,12,9.034519385763058,122604.87874245018,122562.46458817834,42.241896867643334,0.17225740419484073,0.0,0
114.083,-4.365960342846642,-0.5326714571063293,1.9376587716439762,1e-12,1e-12,1e-12,0.22,-0.561155380634115,4.0,4.0,9.51495680474426,12,9.034519385763058,122604.87874245018,122562.46458817834,42.241896867643334,0.17225740419484073,0.0,0
114.183,-4.3732713025612835,-0.5119248218723175,1.8815432335908346,1e-12,1e-12,1e-12,0.22,-0.561155380634115,4.0,4.0,9.511526581181586,12,9.034519385763058,122604.87874245018,122562.46458817834,42.241896867643334,0.17225740419484073,0.0,0
114.283,-4.379407156671075,-0.4908008000056111,1.8254276955387658,1e-12,1e-12,1e-12,0.22,-0.561155380634115,4.0,4.0,9.506932003680339,12,9.034519385763058,122604.87874245018,122562.46458817834,42.241896867643334,0.17225740419484073,0.0,0
114.383,-4.384348588725784,-0.4693658926175266,1.7693121574871373,1e-12,1e-12,1e-12,0.22,-0.561155380634115,4.0,4.0,9.501185859636728,12,9.034519385763058,122604.87874245018,122562.46458817834,42.241896867643334,0.17225740419484073,0.0,0
114.483,-4.388080042467902,-0.4476875795267441,1.7131966194359214,1e-12,1e-12,1e-12,0.22,-0.561155380634115,4.0,4.0,9.494304166389698,12,9.034519385763058,122604.87874245018,122562.46458817834,42.241896867643334,0.17225740419484073,0.0,0
114.583,-4.390589770805758,-0.42583410682416584,1.6570810813858416,1e-12,1e-12,1e-12,0.22,-0.561155380634115,4.0,4.0,9.486306143229738,12,9.034519385763058,122604.87874245018,122562.46458817834,42.241896867643334,0.17225740419484073,0.0,0
114.683,-4.391869872794895,-0.403874272025365,1.6009655433360896,1e-12,1e-12,1e-12,0.22,-0.561155380634115,4.0,4.0,9.477214177474812,12,9.034519385763058,122604.87874245018,122562.46458817834,42.241896867643334,0.17225740419484073,0.0,0
114.783,-4.3919163185112104,-0.38187720748719883,1.5448500052871401,1e-12,1e-12,1e-12,0.22,-0.561155380634115,4.0,4.0,9.467053784488106,12,9.034519385763058,122604.87874245018,122562.46458817834,42.241896867643334,0.17225740419484073,0.0,0
114.883,-4.3907289617376755,-0.3599121627708057,1.4887344672387517,1e-12,1e-12,1e-12,0.22,-0.561155380634115,4.0,4.0,9.455853561494077,12,9.034519385763058,122604.87874245018,122562.46458817834,42.241896867643334,0.17225740419484073,0.0,0
114.983,-4.388311540424673,-0.33804828663468733,1.432618929191266,1e-12,1e-12,1e-12,0.22,-0.561155380634115,4.0,4.0,9.443645135031066,12,9.034519385763058,122604.87874245018,122562.46458817834,42.241896867643334,0.17225740419484073,0.0,0
115.083,-4.384671664922407,-0.31635440934568293,1.3765033911445261,1e-12,1e-12,1e-12,0.22,-0.561155380634115,4.0,4.0,9.43046310186465,12,9.034519385763058,122604.87874245018,122562.46458817834,42.241896867643334,0.17225740419484073,0.0,0
115.183,-4.379820794022585,-0.29489882599279615,1.3203878530922513,1e-12,1e-12,1e-12,0.22,-0.561155380634115,4.0,4.0,9.416344963171623,12,9.034519385763058,122604.87874245018,122562.46458817834,42.241896867643334,0.17225740419484073,0.0,0
115.283,-4.373774198884491,-0.2737490814852759,1.2642723150360826,1e-12,1e-12,1e-12,0.22,-0.561155380634115,4.0,4.0,9.401331051792603,12,9.034519385763058,122604.87874245018,122562.46458817834,42.241896867643334,0.17225740419484073,0.0,0
115.383,-4.366550914959732,-0.2529717579130437,1.2081567769651564,1e-12,1e-12,1e-12,0.22,-0.561155380634115,4.0,4.0,9.385464452344353,12,9.034519385763058,122604.87874245018,122562.46458817834,42.241896867643334,0.17225740419484073,0.0,0
115.483,-4.358173682065914,-0.23263226493693018,1.1520412388943788,1e-12,1e-12,1e-12,0.22,-0.561155380634115,4.0,4.0,9.36879091397414,12,9.034519385763058,122604.87874245018,122562.46458817834,42.241896867643334,0.17225740419484073,0.0,0
115.583,-4.348668872799259,-0.21279463387151865,1.0959257008267633,1e-12,1e-12,1e-12,0.22,-0.561155380634115,4.0,4.0,9.351358755540497,12,9.034519385763058,122604.87874245018,122562.46458817834,42.241896867643334,0.17225740419484073,0.0,0
115.683,-4.338066409510032,-0.19352131610618484,1.0398101627591263,1e-12,1e-12,1e-12,0.22,-0.561155380634115,4.0,4.0,9.333218763001137,12,9.034519385763058,122604.87874245018,122562.46458817834,42.241896867643334,0.17225740419484073,0.0,0
115.783,-4.326399670103136,-0.1748729865001581,0.9836946246917738,1e-12,1e-12,1e-12,0.22,-0.561155380634115,4.0,4.0,9.314424078798558,12,9.034519385763058,122604.87874245018,122562.46458817834,42.241896867643334,0.17225740419484073,0.0,0
