stamp,x,y,yaw,cov_x,cov_y,cov_yaw,cmd_v,cmd_w,goal_x,goal_y,goal_dist,plan_points,plan_length,efe_total,efe_risk,efe_ambiguity,efe_control,efe_boundary,seed
6.501,1.8203485987338227e-05,-4.239421475495341e-12,-4.6590866778319324e-07,0.0,0.0,1e-12,0.0,0.0,0.0,0.0,0.0,0,0.0,0.0,0.0,0.0,0.0,0.0,0
6.58,1.8203485987338227e-05,-4.239421475495341e-12,-4.659086677831509e-07,0.0,0.0,1e-12,0.0,0.0,0.0,0.0,0.0,0,0.0,0.0,0.0,0.0,0.0,0.0,0
6.68,1.8203485987338227e-05,-4.239421475495341e-12,-4.659086677831509e-07,0.0,0.0,1e-12,0.0,0.0,0.0,0.0,0.0,0,0.0,0.0,0.0,0.0,0.0,0.0,0
6.779,1.8203485987338227e-05,-4.239421475495341e-12,-4.659086677831509e-07,0.0,0.0,1e-12,0.0,0.0,0.0,0.0,0.0,0,0.0,0.0,0.0,0.0,0.0,0.0,0
6.879,1.8203485987338227e-05,-4.239421475495341e-12,-4.659086677831509e-07,0.0,0.0,1e-12,0.0,0.0,0.0,0.0,0.0,0,0.0,0.0,0.0,0.0,0.0,0.0,0
6.979,1.8203485987338227e-05,-4.239421475495341e-12,-4.659086677831509e-07,0.0,0.0,1e-12,0.0,0.0,0.0,0.0,0.0,0,0.0,0.0,0.0,0.0,0.0,0.0,0
7.079,1.8203485987338227e-05,-4.239421475495341e-12,-4.659086677831509e-07,0.0,0.0,1e-12,0.0,0.0,0.0,0.0,0.0,0,0.0,0.0,0.0,0.0,0.0,0.0,0
7.179,1.8203485987338227e-05,-4.239421475495341e-12,-4.659086677831509e-07,0.0,0.0,1e-12,0.0,0.0,0.0,0.0,0.0,0,0.0,0.0,0.0,0.0,0.0,0.0,0
7.28,1.8203485987338227e-05,-4.239421475495341e-12,-4.659086677831509e-07,0.0,0.0,1e-12,0.0,0.0,0.0,0.0,0.0,0,0.0,0.0,0.0,0.0,0.0,0.0,0
7.379,1.8203485987338227e-05,-4.239421475495341e-12,-4.659086677831509e-07,0.0,0.0,1e-12,0.0,0.0,0.0,0.0,0.0,0,0.0,0.0,0.0,0.0,0.0,0.0,0
7.479,1.8203485987338227e-05,-4.239421475495341e-12,-4.659086677831509e-07,0.0,0.0,1e-12,0.0,0.0,0.0,0.0,0.0,0,0.0,0.0,0.0,0.0,0.0,0.0,0
7.58,1.8203485987338227e-05,-4.239421475495341e-12,-4.659086677831509e-07,0.0,0.0,1e-12,0.0,0.0,0.0,0.0,0.0,0,0.0,0.0,0.0,0.0,0.0,0.0,0
7.688,1.8203485987338227e-05,-4.239421475495341e-12,-4.659086677831509e-07,0.0,0.0,1e-12,0.0,0.0,0.0,0.0,0.0,0,0.0,0.0,0.0,0.0,0.0,0.0,0
7.78,1.8203485987338227e-05,-4.239421475495341e-12,-4.659086677831509e-07,0.0,0.0,1e-12,0.0,0.0,0.0,0.0,0.0,0,0.0,0.0,0.0,0.0,0.0,0.0,0
7.879,1.8203485987338227e-05,-4.239421475495341e-12,-4.659086677831509e-07,0.0,0.0,1e-12,0.0,0.0,0.0,0.0,0.0,0,0.0,0.0,0.0,0.0,0.0,0.0,0
7.965,1.8203485987338227e-05,-4.239421475495341e-12,-4.659086677831509e-07,0.0,0.0,1e-12,0.0,0.0,0.0,0.0,0.0,0,0.0,0.0,0.0,0.0,0.0,0.0,0
8.079,1.8203485987338227e-05,-4.239421475495341e-12,-4.659086677831509e-07,0.0,0.0,1e-12,0.0,0.0,0.0,0.0,0.0,0,0.0,0.0,0.0,0.0,0.0,0.0,0
8.186,1.8203485987338227e-05,-4.239421475495341e-12,-4.659086677831509e-07,0.0,0.0,1e-12,0.0,0.0,0.0,0.0,0.0,0,0.0,0.0,0.0,0.0,0.0,0.0,0
8.287,1.8203485987338227e-05,-4.239421475495341e-12,-4.659086677831509e-07,0.0,0.0,1e-12,0.0,0.0,0.0,0.0,0.0,0,0.0,0.0,0.0,0.0,0.0,0.0,0
8.39,1.8203485987338227e-05,-4.239421475495341e-12,-4.659086677831509e-07,0.0,0.0,1e-12,0.0,0.0,0.0,0.0,0.0,0,0.0,0.0,0.0,0.0,0.0,0.0,0
8.48,1.8203485987338227e-05,-4.239421475495341e-12,-4.659086677831509e-07,0.0,0.0,1e-12,0.0,0.0,0.0,0.0,0.0,0,0.0,0.0,0.0,0.0,0.0,0.0,0
8.579,1.8203485987338227e-05,-4.239421475495341e-12,-4.659086677831509e-07,0.0,0.0,1e-12,0.0,0.0,0.0,0.0,0.0,0,0.0,0.0,0.0,0.0,0.0,0.0,0
8.683,1.8203485987338227e-05,-4.239421475495341e-12,-4.659086677831509e-07,0.0,0.0,1e-12,0.0,0.0,0.0,0.0,0.0,0,0.0,0.0,0.0,0.0,0.0,0.0,0
8.79,1.8203485987338227e-05,-4.239421475495341e-12,-4.659086677831509e-07,0.0,0.0,1e-12,0.0,0.0,0.0,0.0,0.0,0,0.0,0.0,0.0,0.0,0.0,0.0,0
8.886,1.8203485987338227e-05,-4.239421475495341e-12,-4.659086677831509e-07,0.0,0.0,1e-12,0.0,0.0,0.6,0.6,0.8485152657161033,0,0.0,0.0,0.0,0.0,0.0,0.0,0
8.984,1.8203485987338227e-05,-4.239421475495341e-12,-4.659086677831509e-07,0.0,0.0,1e-12,0.0,0.0,0.6,0.6,0.8485152657161033,0,0.0,0.0,0.0,0.0,0.0,0.0,0
9.079,1.8203485987338227e-05,-4.239421475495341e-12,-4.659086677831509e-07,0.0,0.0,1e-12,0.0,0.0,0.6,0.6,0.8485152657161033,0,0.0,0.0,0.0,0.0,0.0,0.0,0
9.187,1.8203485987338227e-05,-4.239421475495341e-12,-4.659086677831509e-07,0.0,0.0,1e-12,0.0,0.0,0.6,0.6,0.8485152657161033,0,0.0,0.0,0.0,0.0,0.0,0.0,0
9.284,1.8203485987338227e-05,-4.239421475495341e-12,-4.659086677831509e-07,0.0,0.0,1e-12,0.0,0.0,0.6,0.6,0.8485152657161033,0,0.0,0.0,0.0,0.0,0.0,0.0,0
9.379,1.8203485987338227e-05,-4.239421475495341e-12,-4.659086677831509e-07,0.0,0.0,1e-12,0.0,0.0,0.6,0.6,0.8485152657161033,0,0.0,0.0,0.0,0.0,0.0,0.0,0
9.48,1.8203485987338227e-05,-4.239421475495341e-12,-4.659086677831509e-07,0.0,0.0,1e-12,0.0,0.0,0.6,0.6,0.8485152657161033,0,0.0,0.0,0.0,0.0,0.0,0.0,0
9.587,1.8203485987338227e-05,-4.239421475495341e-12,-4.659086677831509e-07,0.0,0.0,1e-12,0.0,0.0,0.6,0.6,0.8485152657161033,0,0.0,0.0,0.0,0.0,0.0,0.0,0
9.679,1.8203485987338227e-05,-4.239421475495341e-12,-4.659086677831509e-07,0.0,0.0,1e-12,0.0,0.0,0.6,0.6,0.8485152657161033,0,0.0,0.0,0.0,0.0,0.0,0.0,0
9.781,1.8203485987338227e-05,-4.239421475495341e-12,-4.659086677831509e-07,0.0,0.0,1e-12,0.0,0.0,0.6,0.6,0.8485152657161033,0,0.0,0.0,0.0,0.0,0.0,0.0,0
9.879,1.8203485987338227e-05,-4.239421475495341e-12,-4.659086677831509e-07,0.0,0.0,1e-12,0.0,0.0,0.6,0.6,0.8485152657161033,0,0.0,0.0,0.0,0.0,0.0,0.0,0
9.98,1.8203485987338227e-05,-4.239421475495341e-12,-4.659086677831509e-07,0.0,0.0,1e-12,0.0,0.0,0.6,0.6,0.8485152657161033,0,0.0,0.0,0.0,0.0,0.0,0.0,0
10.079,1.8203485987338227e-05,-4.239421475495341e-12,-4.659086677831509e-07,0.0,0.0,1e-12,0.0,0.0,0.6,0.6,0.8485152657161033,0,0.0,0.0,0.0,0.0,0.0,0.0,0
10.18,1.8203485987338227e-05,-4.239421475495341e-12,-4.659086677831509e-07,0.0,0.0,1e-12,0.0,0.0,0.6,0.6,0.8485152657161033,0,0.0,0.0,0.0,0.0,0.0,0.0,0
10.28,1.8203485987338227e-05,-4.239421475495341e-12,-4.659086677831509e-07,0.0,0.0,1e-12,0.0,0.0,0.6,0.6,0.8485152657161033,0,0.0,0.0,0.0,0.0,0.0,0.0,0
10.381,1.8203485987338227e-05,-4.239421475495341e-12,-4.659086677831509e-07,0.0,0.0,1e-12,0.0,0.0,0.6,0.6,0.8485152657161033,0,0.0,0.0,0.0,0.0,0.0,0.0,0
10.479,1.8203485987338227e-05,-4.239421475495341e-12,-4.659086677831509e-07,0.0,0.0,1e-12,0.0,0.0,0.6,0.6,0.8485152657161033,0,0.0,0.0,0.0,0.0,0.0,0.0,0
10.58,1.8203485987338227e-05,-4.239421475495341e-12,-4.659086677831509e-07,0.0,0.0,1e-12,0.0,0.0,0.6,0.6,0.8485152657161033,0,0.0,0.0,0.0,0.0,0.0,0.0,0
10.679,1.8203485987338227e-05,-4.239421475495341e-12,-4.659086677831509e-07,0.0,0.0,1e-12,0.0,0.0,0.6,0.6,0.8485152657161033,0,0.0,0.0,0.0,0.0,0.0,0.0,0
10.779,1.8203485987338227e-05,-4.239421475495341e-12,-4.659086677831509e-07,0.0,0.0,1e-12,0.0,0.0,0.6,0.6,0.8485152657161033,0,0.0,0.0,0.0,0.0,0.0,0.0,0
10.879,1.8203485987338227e-05,-4.239421475495341e-12,-4.659086677831509e-07,0.0,0.0,1e-12,0.0,0.0,0.6,0.6,0.8485152657161033,0,0.0,0.0,0.0,0.0,0.0,0.0,0
10.98,1.8203485987338227e-05,-4.239421475495341e-12,-4.659086677831509e-07,0.0,0.0,1e-12,0.0,0.0,0.6,0.6,0.8485152657161033,0,0.0,0.0,0.0,0.0,0.0,0.0,0
11.079,1.8203485987338227e-05,-4.239421475495341e-12,-4.659086677831509e-07,0.0,0.0,1e-12,0.0,0.0,0.6,0.6,0.8485152657161033,0,0.0,0.0,0.0,0.0,0.0,0.0,0
11.18,1.8203485987338227e-05,-4.239421475495341e-12,-4.659086677831509e-07,0.0,0.0,1e-12,0.0,0.0,0.6,0.6,0.8485152657161033,0,0.0,0.0,0.0,0.0,0.0,0.0,0
11.299,1.8203485987338227e-05,-4.239421475495341e-12,-4.659086677831509e-07,0.0,0.0,1e-12,0.0,0.0,0.6,0.6,0.8485152657161033,0,0.0,0.0,0.0,0.0,0.0,0.0,0
11.379,1.8203485987338227e-05,-4.239421475495341e-12,-4.659086677831509e-07,0.0,0.0,1e-12,0.0,0.0,0.6,0.6,0.8485152657161033,0,0.0,0.0,0.0,0.0,0.0,0.0,0
11.49,1.8203485987338227e-05,-4.239421475495341e-12,-4.659086677831509e-07,0.0,0.0,1e-12,0.0,0.0,0.6,0.6,0.8485152657161033,0,0.0,0.0,0.0,0.0,0.0,0.0,0
11.587,1.8203485987338227e-05,-4.239421475495341e-12,-4.659086677831509e-07,0.0,0.0,1e-12,0.0,0.0,0.6,0.6,0.8485152657161033,0,0.0,0.0,0.0,0.0,0.0,0.0,0
11.681000000000001,1.8203485987338227e-05,-4.239421475495341e-12,-4.659086677831509e-07,0.0,0.0,1e-12,0.0,0.0,0.6,0.6,0.8485152657161033,0,0.0,0.0,0.0,0.0,0.0,0.0,0
11.79,1.8203485987338227e-05,-4.239421475495341e-12,-4.659086677831509e-07,0.0,0.0,1e-12,0.0,0.0,0.6,0.6,0.8485152657161033,0,0.0,0.0,0.0,0.0,0.0,0.0,0
11.884,1.8203485987338227e-05,-4.239421475495341e-12,-4.659086677831509e-07,0.0,0.0,1e-12,0.0,0.0,0.6,0.6,0.8485152657161033,0,0.0,0.0,0.0,0.0,0.0,0.0,0
11.984,1.8203485987338227e-05,-4.239421475495341e-12,-4.659086677831509e-07,0.0,0.0,1e-12,0.0,0.0,0.6,0.6,0.8485152657161033,0,0.0,0.0,0.0,0.0,0.0,0.0,0
12.08,1.8203485987338227e-05,-4.239421475495341e-12,-4.659086677831509e-07,0.0,0.0,1e-12,0.0,0.0,0.6,0.6,0.8485152657161033,0,0.0,0.0,0.0,0.0,0.0,0.0,0
12.192,1.8203485987338227e-05,-4.239421475495341e-12,-4.659086677831509e-07,0.0,0.0,1e-12,0.0,0.0,0.6,0.6,0.8485152657161033,0,0.0,0.0,0.0,0.0,0.0,0.0,0
12.283,1.8203485987338227e-05,-4.239421475495341e-12,-4.659086677831509e-07,0.0,0.0,1e-12,0.0,0.0,0.6,0.6,0.8485152657161033,0,0.0,0.0,0.0,0.0,0.0,0.0,0
12.391,1.8203485987338227e-05,-4.239421475495341e-12,-4.659086677831509e-07,0.0,0.0,1e-12,0.0,0.0,0.6,0.6,0.8485152657161033,0,0.0,0.0,0.0,0.0,0.0,0.0,0
12.481,1.8203485987338227e-05,-4.239421475495341e-12,-4.659086677831509e-07,0.0,0.0,1e-12,0.0,0.0,0.6,0.6,0.8485152657161033,0,0.0,0.0,0.0,0.0,0.0,0.0,0
12.579,1.8203485987338227e-05,-4.239421475495341e-12,-4.659086677831509e-07,0.0,0.0,1e-12,0.0,0.0,0.6,0.6,0.8485152657161033,0,0.0,0.0,0.0,0.0,0.0,0.0,0
12.679,1.8203485987338227e-05,-4.239421475495341e-12,-4.659086677831509e-07,0.0,0.0,1e-12,0.0,0.0,0.6,0.6,0.8485152657161033,0,0.0,0.0,0.0,0.0,0.0,0.0,0
12.779,1.8203485987338227e-05,-4.239421475495341e-12,-4.659086677831509e-07,0.0,0.0,1e-12,0.0,0.0,0.6,0.6,0.8485152657161033,0,0.0,0.0,0.0,0.0,0.0,0.0,0
12.88,1.8203485987338227e-05,-4.239421475495341e-12,-4.659086677831509e-07,0.0,0.0,1e-12,0.0,0.0,0.6,0.6,0.8485152657161033,0,0.0,0.0,0.0,0.0,0.0,0.0,0
12.991,1.8203485987338227e-05,-4.239421475495341e-12,-4.659086677831509e-07,0.0,0.0,1e-12,0.0,0.0,0.6,0.6,0.8485152657161033,0,0.0,0.0,0.0,0.0,0.0,0.0,0
13.099,1.8203485987338227e-05,-4.239421475495341e-12,-4.659086677831509e-07,0.0,0.0,1e-12,0.0,0.0,0.6,0.6,0.8485152657161033,0,0.0,0.0,0.0,0.0,0.0,0.0,0
13.18,1.8203485987338227e-05,-4.239421475495341e-12,-4.659086677831509e-07,0.0,0.0,1e-12,0.0,0.0,0.6,0.6,0.8485152657161033,0,0.0,0.0,0.0,0.0,0.0,0.0,0
13.28,1.8203485987338227e-05,-4.239421475495341e-12,-4.659086677831509e-07,0.0,0.0,1e-12,0.0,0.0,0.6,0.6,0.8485152657161033,0,0.0,0.0,0.0,0.0,0.0,0.0,0
13.379,1.8203485987338227e-05,-4.239421475495341e-12,-4.659086677831509e-07,0.0,0.0,1e-12,0.0,0.0,0.6,0.6,0.8485152657161033,0,0.0,0.0,0.0,0.0,0.0,0.0,0
13.479,1.8203485987338227e-05,-4.239421475495341e-12,-4.659086677831509e-07,0.0,0.0,1e-12,0.0,0.0,0.6,0.6,0.8485152657161033,0,0.0,0.0,0.0,0.0,0.0,0.0,0
13.579,1.8203485987338227e-05,-4.239421475495341e-12,-4.659086677831509e-07,0.0,0.0,1e-12,0.0,0.0,0.6,0.6,0.8485152657161033,0,0.0,0.0,0.0,0.0,0.0,0.0,0
13.68,1.8203485987338227e-05,-4.239421475495341e-12,-4.659086677831509e-07,0.0,0.0,1e-12,0.0,0.0,0.6,0.6,0.8485152657161033,0,0.0,0.0,0.0,0.0,0.0,0.0,0
13.782,1.8203485987338227e-05,-4.239421475495341e-12,-4.659086677831509e-07,0.0,0.0,1e-12,0.0,0.0,0.6,0.6,0.8485152657161033,0,0.0,0.0,0.0,0.0,0.0,0.0,0
13.88,1.8203485987338227e-05,-4.239421475495341e-12,-4.659086677831509e-07,0.0,0.0,1e-12,0.0,0.0,0.6,0.6,0.8485152657161033,0,0.0,0.0,0.0,0.0,0.0,0.0,0
13.981,1.8203485987338227e-05,-4.239421475495341e-12,-4.659086677831509e-07,0.0,0.0,1e-12,0.0,0.0,0.6,0.6,0.8485152657161033,0,0.0,0.0,0.0,0.0,0.0,0.0,0
14.079,1.8203485987338227e-05,-4.239421475495341e-12,-4.659086677831509e-07,0.0,0.0,1e-12,0.0,0.0,0.6,0.6,0.8485152657161033,0,0.0,0.0,0.0,0.0,0.0,0.0,0
14.181,1.8203485987338227e-05,-4.239421475495341e-12,-4.659086677831509e-07,0.0,0.0,1e-12,0.0,0.0,0.6,0.6,0.8485152657161033,0,0.0,0.0,0.0,0.0,0.0,0.0,0
14.279,1.8203485987338227e-05,-4.239421475495341e-12,-4.659086677831509e-07,0.0,0.0,1e-12,0.0,0.0,0.6,0.6,0.8485152657161033,0,0.0,0.0,0.0,0.0,0.0,0.0,0
14.379,1.8203485987338227e-05,-4.239421475495341e-12,-4.659086677831509e-07,0.0,0.0,1e-12,0.0,0.0,0.6,0.6,0.8485152657161033,0,0.0,0.0,0.0,0.0,0.0,0.0,0
14.48,1.8203485987338227e-05,-4.239421475495341e-12,-4.659086677831509e-07,0.0,0.0,1e-12,0.0,0.0,0.6,0.6,0.8485152657161033,0,0.0,0.0,0.0,0.0,0.0,0.0,0
14.595,1.8203485987338227e-05,-4.239421475495341e-12,-4.659086677831509e-07,0.0,0.0,1e-12,0.0,0.0,0.6,0.6,0.8485152657161033,0,0.0,0.0,0.0,0.0,0.0,0.0,0
14.679,1.8203485987338227e-05,-4.239421475495341e-12,-4.659086677831509e-07,0.0,0.0,1e-12,0.0,0.0,0.6,0.6,0.8485152657161033,0,0.0,0.0,0.0,0.0,0.0,0.0,0
14.779,1.8203485987338227e-05,-4.239421475495341e-12,-4.659086677831509e-07,0.0,0.0,1e-12,0.0,0.0,0.6,0.6,0.8485152657161033,0,0.0,0.0,0.0,0.0,0.0,0.0,0
14.884,1.8203485987338227e-05,-4.239421475495341e-12,-4.659086677831509e-07,0.0,0.0,1e-12,0.0,0.0,0.6,0.6,0.8485152657161033,0,0.0,0.0,0.0,0.0,0.0,0.0,0
14.979,1.8203485987338227e-05,-4.239421475495341e-12,-4.659086677831509e-07,0.0,0.0,1e-12,0.0,0.0,0.6,0.6,0.8485152657161033,0,0.0,0.0,0.0,0.0,0.0,0.0,0
15.082,1.8203485987338227e-05,-4.239421475495341e-12,-4.659086677831509e-07,0.0,0.0,1e-12,0.0,0.0,0.6,0.6,0.8485152657161033,0,0.0,0.0,0.0,0.0,0.0,0.0,0
15.159,1.8203485987338227e-05,-4.239421475495341e-12,-4.659086677831509e-07,0.0,0.0,1e-12,0.0,0.0,0.6,0.6,0.8485152657161033,0,0.0,0.0,0.0,0.0,0.0,0.0,0
15.26,1.8203485987338227e-05,-4.239421475495341e-12,-4.659086677831509e-07,0.0,0.0,1e-12,0.0,0.0,0.6,0.6,0.8485152657161033,0,0.0,0.0,0.0,0.0,0.0,0.0,0
15.394,1.8203485987338227e-05,-4.239421475495341e-12,-4.659086677831509e-07,0.0,0.0,1e-12,0.0,0.0,0.6,0.6,0.8485152657161033,0,0.0,0.0,0.0,0.0,0.0,0.0,0
15.48,1.8203485987338227e-05,-4.239421475495341e-12,-4.659086677831509e-07,0.0,0.0,1e-12,0.0,0.0,0.6,0.6,0.8485152657161033,0,0.0,0.0,0.0,0.0,0.0,0.0,0
15.58,1.8203485987338227e-05,-4.239421475495341e-12,-4.659086677831509e-07,0.0,0.0,1e-12,0.0,0.0,0.6,0.6,0.8485152657161033,0,0.0,0.0,0.0,0.0,0.0,0.0,0
15.691,1.8203485987338227e-05,-4.239421475495341e-12,-4.659086677831509e-07,0.0,0.0,1e-12,0.0,0.0,0.6,0.6,0.8485152657161033,0,0.0,0.0,0.0,0.0,0.0,0.0,0
15.782,1.8203485987338227e-05,-4.239421475495341e-12,-4.659086677831509e-07,0.0,0.0,1e-12,0.0,0.0,0.6,0.6,0.8485152657161033,0,0.0,0.0,0.0,0.0,0.0,0.0,0
15.88,1.8203485987338227e-05,-4.239421475495341e-12,-4.659086677831509e-07,0.0,0.0,1e-12,0.0,0.0,0.6,0.6,0.8485152657161033,0,0.0,0.0,0.0,0.0,0.0,0.0,0
15.982,1.8203485987338227e-05,-4.239421475495341e-12,-4.659086677831509e-07,0.0,0.0,1e-12,0.0,0.0,0.6,0.6,0.8485152657161033,0,0.0,0.0,0.0,0.0,0.0,0.0,0
16.093,1.8203485987338227e-05,-4.239421475495341e-12,-4.659086677831509e-07,0.0,0.0,1e-12,0.0,0.0,0.6,0.6,0.8485152657161033,0,0.0,0.0,0.0,0.0,0.0,0.0,0
16.179,1.8203485987338227e-05,-4.239421475495341e-12,-4.659086677831509e-07,0.0,0.0,1e-12,0.0,0.0,0.6,0.6,0.8485152657161033,0,0.0,0.0,0.0,0.0,0.0,0.0,0
16.281,1.8203485987338227e-05,-4.239421475495341e-12,-4.659086677831509e-07,0.0,0.0,1e-12,0.0,0.0,0.6,0.6,0.8485152657161033,0,0.0,0.0,0.0,0.0,0.0,0.0,0
16.399,1.8203485987338227e-05,-4.239421475495341e-12,-4.659086677831509e-07,0.0,0.0,1e-12,0.0,0.0,0.6,0.6,0.8485152657161033,0,0.0,0.0,0.0,0.0,0.0,0.0,0
16.48,1.8203485987338227e-05,-4.239421475495341e-12,-4.659086677831509e-07,0.0,0.0,1e-12,0.0,0.0,0.6,0.6,0.8485152657161033,0,0.0,0.0,0.0,0.0,0.0,0.0,0
16.579,1.8203485987338227e-05,-4.239421475495341e-12,-4.659086677831509e-07,0.0,0.0,1e-12,0.0,0.0,0.6,0.6,0.8485152657161033,0,0.0,0.0,0.0,0.0,0.0,0.0,0
16.684,1.8203485987338227e-05,-4.239421475495341e-12,-4.659086677831509e-07,0.0,0.0,1e-12,0.0,0.0,0.6,0.6,0.8485152657161033,0,0.0,0.0,0.0,0.0,0.0,0.0,0
16.779,1.8203485987338227e-05,-4.239421475495341e-12,-4.659086677831509e-07,0.0,0.0,1e-12,0.0,0.0,0.6,0.6,0.8485152657161033,0,0.0,0.0,0.0,0.0,0.0,0.0,0
16.879,1.8203485987338227e-05,-4.239421475495341e-12,-4.659086677831509e-07,0.0,0.0,1e-12,0.0,0.0,0.6,0.6,0.8485152657161033,0,0.0,0.0,0.0,0.0,0.0,0.0,0
16.979,1.8203485987338227e-05,-4.239421475495341e-12,-4.659086677831509e-07,0.0,0.0,1e-12,0.0,0.0,0.6,0.6,0.8485152657161033,0,0.0,0.0,0.0,0.0,0.0,0.0,0
17.089,1.8203485987338227e-05,-4.239421475495341e-12,-4.659086677831509e-07,0.0,0.0,1e-12,0.0,0.0,0.6,0.6,0.8485152657161033,0,0.0,0.0,0.0,0.0,0.0,0.0,0
17.18,1.8203485987338227e-05,-4.239421475495341e-12,-4.659086677831509e-07,0.0,0.0,1e-12,0.0,0.0,0.6,0.6,0.8485152657161033,0,0.0,0.0,0.0,0.0,0.0,0.0,0
17.283,1.8203485987338227e-05,-4.239421475495341e-12,-4.659086677831509e-07,0.0,0.0,1e-12,0.0,0.0,0.6,0.6,0.8485152657161033,0,0.0,0.0,0.0,0.0,0.0,0.0,0
17.379,1.8203485987338227e-05,-4.239421475495341e-12,-4.659086677831509e-07,0.0,0.0,1e-12,0.0,0.0,0.6,0.6,0.8485152657161033,0,0.0,0.0,0.0,0.0,0.0,0.0,0
17.479,1.8203485987338227e-05,-4.239421475495341e-12,-4.659086677831509e-07,0.0,0.0,1e-12,0.0,0.0,0.6,0.6,0.8485152657161033,0,0.0,0.0,0.0,0.0,0.0,0.0,0
17.58,1.8203485987338227e-05,-4.239421475495341e-12,-4.659086677831509e-07,0.0,0.0,1e-12,0.0,0.0,0.6,0.6,0.8485152657161033,0,0.0,0.0,0.0,0.0,0.0,0.0,0
17.679,1.8203485987338227e-05,-4.239421475495341e-12,-4.659086677831509e-07,0.0,0.0,1e-12,0.0,0.0,0.6,0.6,0.8485152657161033,0,0.0,0.0,0.0,0.0,0.0,0.0,0
17.784,1.8203485987338227e-05,-4.239421475495341e-12,-4.659086677831509e-07,0.0,0.0,1e-12,0.0,0.0,0.6,0.6,0.8485152657161033,0,0.0,0.0,0.0,0.0,0.0,0.0,0
17.888,1.8203485987338227e-05,-4.239421475495341e-12,-4.659086677831509e-07,0.0,0.0,1e-12,0.0,0.0,0.6,0.6,0.8485152657161033,0,0.0,0.0,0.0,0.0,0.0,0.0,0
17.988,1.8203485987338227e-05,-4.239421475495341e-12,-4.659086677831509e-07,0.0,0.0,1e-12,0.0,0.0,0.6,0.6,0.8485152657161033,0,0.0,0.0,0.0,0.0,0.0,0.0,0
18.091,1.8203485987338227e-05,-4.239421475495341e-12,-4.659086677831509e-07,0.0,0.0,1e-12,0.0,0.0,0.6,0.6,0.8485152657161033,0,0.0,0.0,0.0,0.0,0.0,0.0,0
18.179,1.8203485987338227e-05,-4.239421475495341e-12,-4.659086677831509e-07,0.0,0.0,1e-12,0.0,0.0,0.6,0.6,0.8485152657161033,0,0.0,0.0,0.0,0.0,0.0,0.0,0
18.284,1.8203485987338227e-05,-4.239421475495341e-12,-4.659086677831509e-07,0.0,0.0,1e-12,0.0,0.0,0.6,0.6,0.8485152657161033,0,0.0,0.0,0.0,0.0,0.0,0.0,0
18.379,1.8203485987338227e-05,-4.239421475495341e-12,-4.659086677831509e-07,0.0,0.0,1e-12,0.0,0.0,0.6,0.6,0.8485152657161033,0,0.0,0.0,0.0,0.0,0.0,0.0,0
18.479,1.8203485987338227e-05,-4.239421475495341e-12,-4.659086677831509e-07,0.0,0.0,1e-12,0.0,0.0,0.6,0.6,0.8485152657161033,0,0.0,0.0,0.0,0.0,0.0,0.0,0
18.589,1.8203485987338227e-05,-4.239421475495341e-12,-4.659086677831509e-07,0.0,0.0,1e-12,0.0,0.0,0.6,0.6,0.8485152657161033,0,0.0,0.0,0.0,0.0,0.0,0.0,0
18.684,1.8203485987338227e-05,-4.239421475495341e-12,-4.659086677831509e-07,0.0,0.0,1e-12,0.0,0.0,0.6,0.6,0.8485152657161033,0,0.0,0.0,0.0,0.0,0.0,0.0,0
18.786,1.8203485987338227e-05,-4.239421475495341e-12,-4.659086677831509e-07,0.0,0.0,1e-12,0.0,0.0,0.6,0.6,0.8485152657161033,0,0.0,0.0,0.0,0.0,0.0,0.0,0
18.881,1.8203485987338227e-05,-4.239421475495341e-12,-4.659086677831509e-07,0.0,0.0,1e-12,0.0,0.0,0.6,0.6,0.8485152657161033,0,0.0,0.0,0.0,0.0,0.0,0.0,0
18.985,1.8203485987338227e-05,-4.239421475495341e-12,-4.659086677831509e-07,0.0,0.0,1e-12,0.0,0.0,0.6,0.6,0.8485152657161033,0,0.0,0.0,0.0,0.0,0.0,0.0,0
19.084,1.8203485987338227e-05,-4.239421475495341e-12,-4.659086677831509e-07,0.0,0.0,1e-12,0.0,0.0,0.6,0.6,0.8485152657161033,0,0.0,0.0,0.0,0.0,0.0,0.0,0
19.186,1.8203485987338227e-05,-4.239421475495341e-12,-4.659086677831509e-07,0.0,0.0,1e-12,0.0,0.0,0.6,0.6,0.8485152657161033,0,0.0,0.0,0.0,0.0,0.0,0.0,0
19.28,1.8203485987338227e-05,-4.239421475495341e-12,-4.659086677831509e-07,0.0,0.0,1e-12,0.0,0.0,0.6,0.6,0.8485152657161033,0,0.0,0.0,0.0,0.0,0.0,0.0,0
19.387,1.8203485987338227e-05,-4.239421475495341e-12,-4.659086677831509e-07,0.0,0.0,1e-12,0.0,0.0,0.6,0.6,0.8485152657161033,0,0.0,0.0,0.0,0.0,0.0,0.0,0
19.48,1.8203485987338227e-05,-4.239421475495341e-12,-4.659086677831509e-07,0.0,0.0,1e-12,0.0,0.0,0.6,0.6,0.8485152657161033,0,0.0,0.0,0.0,0.0,0.0,0.0,0
19.593,1.8203485987338227e-05,-4.239421475495341e-12,-4.659086677831509e-07,0.0,0.0,1e-12,0.0,0.0,0.6,0.6,0.8485152657161033,0,0.0,0.0,0.0,0.0,0.0,0.0,0
19.682,1.8203485987338227e-05,-4.239421475495341e-12,-4.659086677831509e-07,0.0,0.0,1e-12,0.0,0.0,0.6,0.6,0.8485152657161033,0,0.0,0.0,0.0,0.0,0.0,0.0,0
19.779,1.8203485987338227e-05,-4.239421475495341e-12,-4.659086677831509e-07,0.0,0.0,1e-12,0.0,0.0,0.6,0.6,0.8485152657161033,0,0.0,0.0,0.0,0.0,0.0,0.0,0
19.88,1.8203485987338227e-05,-4.239421475495341e-12,-4.659086677831509e-07,0.0,0.0,1e-12,0.0,0.0,0.6,0.6,0.8485152657161033,0,0.0,0.0,0.0,0.0,0.0,0.0,0
19.98,1.8203485987338227e-05,-4.239421475495341e-12,-4.659086677831509e-07,0.0,0.0,1e-12,0.0,0.0,0.6,0.6,0.8485152657161033,0,0.0,0.0,0.0,0.0,0.0,0.0,0
20.079,1.8203485987338227e-05,-4.239421475495341e-12,-4.659086677831509e-07,0.0,0.0,1e-12,0.0,0.0,0.6,0.6,0.8485152657161033,0,0.0,0.0,0.0,0.0,0.0,0.0,0
20.179,1.8203485987338227e-05,-4.239421475495341e-12,-4.659086677831509e-07,0.0,0.0,1e-12,0.0,0.0,0.6,0.6,0.8485152657161033,0,0.0,0.0,0.0,0.0,0.0,0.0,0
20.279,1.8203485987338227e-05,-4.239421475495341e-12,-4.659086677831509e-07,0.0,0.0,1e-12,0.0,0.0,0.6,0.6,0.8485152657161033,0,0.0,0.0,0.0,0.0,0.0,0.0,0
20.38,1.8203485987338227e-05,-4.239421475495341e-12,-4.659086677831509e-07,0.0,0.0,1e-12,0.0,0.0,0.6,0.6,0.8485152657161033,0,0.0,0.0,0.0,0.0,0.0,0.0,0
20.479,1.8203485987338227e-05,-4.239421475495341e-12,-4.659086677831509e-07,0.0,0.0,1e-12,0.0,0.0,0.6,0.6,0.8485152657161033,0,0.0,0.0,0.0,0.0,0.0,0.0,0
20.581,1.8203485987338227e-05,-4.239421475495341e-12,-4.659086677831509e-07,0.0,0.0,1e-12,0.0,0.0,0.6,0.6,0.8485152657161033,0,0.0,0.0,0.0,0.0,0.0,0.0,0
20.679,1.8203485987338227e-05,-4.239421475495341e-12,-4.659086677831509e-07,0.0,0.0,1e-12,0.0,0.0,0.6,0.6,0.8485152657161033,0,0.0,0.0,0.0,0.0,0.0,0.0,0
20.779,1.8203485987338227e-05,-4.239421475495341e-12,-4.659086677831509e-07,0.0,0.0,1e-12,0.0,0.0,0.6,0.6,0.8485152657161033,0,0.0,0.0,0.0,0.0,0.0,0.0,0
20.879,1.8203485987338227e-05,-4.239421475495341e-12,-4.659086677831509e-07,0.0,0.0,1e-12,0.0,0.0,0.6,0.6,0.8485152657161033,0,0.0,0.0,0.0,0.0,0.0,0.0,0
20.981,1.8203485987338227e-05,-4.239421475495341e-12,-4.659086677831509e-07,0.0,0.0,1e-12,0.0,0.0,0.6,0.6,0.8485152657161033,0,0.0,0.0,0.0,0.0,0.0,0.0,0
21.079,1.8203485987338227e-05,-4.239421475495341e-12,-4.659086677831509e-07,0.0,0.0,1e-12,0.0,0.0,0.6,0.6,0.8485152657161033,0,0.0,0.0,0.0,0.0,0.0,0.0,0
21.179,1.8203485987338227e-05,-4.239421475495341e-12,-4.659086677831509e-07,0.0,0.0,1e-12,0.0,0.0,0.6,0.6,0.8485152657161033,0,0.0,0.0,0.0,0.0,0.0,0.0,0
21.279,1.8203485987338227e-05,-4.239421475495341e-12,-4.659086677831509e-07,0.0,0.0,1e-12,0.0,0.0,0.6,0.6,0.8485152657161033,0,0.0,0.0,0.0,0.0,0.0,0.0,0
21.379,1.8203485987338227e-05,-4.239421475495341e-12,-4.659086677831509e-07,0.0,0.0,1e-12,0.0,0.0,0.6,0.6,0.8485152657161033,0,0.0,0.0,0.0,0.0,0.0,0.0,0
21.48,1.8203485987338227e-05,-4.239421475495341e-12,-4.659086677831509e-07,0.0,0.0,1e-12,0.0,0.0,0.6,0.6,0.8485152657161033,0,0.0,0.0,0.0,0.0,0.0,0.0,0
21.56,1.8203485987338227e-05,-4.239421475495341e-12,-4.659086677831509e-07,0.0,0.0,1e-12,0.0,0.0,0.6,0.6,0.8485152657161033,0,0.0,0.0,0.0,0.0,0.0,0.0,0
21.66,1.8203485987338227e-05,-4.239421475495341e-12,-4.659086677831509e-07,0.0,0.0,1e-12,0.0,0.0,0.6,0.6,0.8485152657161033,0,0.0,0.0,0.0,0.0,0.0,0.0,0
21.787,1.8203485987338227e-05,-4.239421475495341e-12,-4.659086677831509e-07,0.0,0.0,1e-12,0.0,0.0,0.6,0.6,0.8485152657161033,0,0.0,0.0,0.0,0.0,0.0,0.0,0
21.879,1.8203485987338227e-05,-4.239421475495341e-12,-4.659086677831509e-07,0.0,0.0,1e-12,0.0,0.0,0.6,0.6,0.8485152657161033,0,0.0,0.0,0.0,0.0,0.0,0.0,0
21.987000000000002,1.8203485987338227e-05,-4.239421475495341e-12,-4.659086677831509e-07,0.0,0.0,1e-12,0.0,0.0,0.6,0.6,0.8485152657161033,0,0.0,0.0,0.0,0.0,0.0,0.0,0
22.079,1.8203485987338227e-05,-4.239421475495341e-12,-4.659086677831509e-07,0.0,0.0,1e-12,0.0,0.0,0.6,0.6,0.8485152657161033,0,0.0,0.0,0.0,0.0,0.0,0.0,0
22.179,1.8203485987338227e-05,-4.239421475495341e-12,-4.659086677831509e-07,0.0,0.0,1e-12,0.0,0.0,0.6,0.6,0.8485152657161033,0,0.0,0.0,0.0,0.0,0.0,0.0,0
22.299,1.8203485987338227e-05,-4.239421475495341e-12,-4.659086677831509e-07,0.0,0.0,1e-12,0.0,0.0,0.6,0.6,0.8485152657161033,0,0.0,0.0,0.0,0.0,0.0,0.0,0
22.381,1.8203485987338227e-05,-4.239421475495341e-12,-4.659086677831509e-07,0.0,0.0,1e-12,0.0,0.0,0.6,0.6,0.8485152657161033,0,0.0,0.0,0.0,0.0,0.0,0.0,0
22.481,1.8203485987338227e-05,-4.239421475495341e-12,-4.659086677831509e-07,0.0,0.0,1e-12,0.0,0.0,0.6,0.6,0.8485152657161033,0,0.0,0.0,0.0,0.0,0.0,0.0,0
22.58,1.8203485987338227e-05,-4.239421475495341e-12,-4.659086677831509e-07,0.0,0.0,1e-12,0.0,0.0,0.6,0.6,0.8485152657161033,0,0.0,0.0,0.0,0.0,0.0,0.0,0
22.68,1.8203485987338227e-05,-4.239421475495341e-12,-4.659086677831509e-07,0.0,0.0,1e-12,0.0,0.0,0.6,0.6,0.8485152657161033,0,0.0,0.0,0.0,0.0,0.0,0.0,0
22.779,1.8203485987338227e-05,-4.239421475495341e-12,-4.659086677831509e-07,0.0,0.0,1e-12,0.0,0.0,0.6,0.6,0.8485152657161033,0,0.0,0.0,0.0,0.0,0.0,0.0,0
22.879,1.8203485987338227e-05,-4.239421475495341e-12,-4.659086677831509e-07,0.0,0.0,1e-12,0.0,0.0,0.6,0.6,0.8485152657161033,0,0.0,0.0,0.0,0.0,0.0,0.0,0
22.979,1.8203485987338227e-05,-4.239421475495341e-12,-4.659086677831509e-07,0.0,0.0,1e-12,0.0,0.0,0.6,0.6,0.8485152657161033,0,0.0,0.0,0.0,0.0,0.0,0.0,0
23.079,1.8203485987338227e-05,-4.239421475495341e-12,-4.659086677831509e-07,0.0,0.0,1e-12,0.0,0.0,0.6,0.6,0.8485152657161033,0,0.0,0.0,0.0,0.0,0.0,0.0,0
23.181,1.8203485987338227e-05,-4.239421475495341e-12,-4.659086677831509e-07,0.0,0.0,1e-12,0.0,0.0,0.6,0.6,0.8485152657161033,0,0.0,0.0,0.0,0.0,0.0,0.0,0
23.28,1.8203485987338227e-05,-4.239421475495341e-12,-4.659086677831509e-07,0.0,0.0,1e-12,0.0,0.0,0.6,0.6,0.8485152657161033,0,0.0,0.0,0.0,0.0,0.0,0.0,0
23.379,1.8203485987338227e-05,-4.239421475495341e-12,-4.659086677831509e-07,0.0,0.0,1e-12,0.0,0.0,0.6,0.6,0.8485152657161033,0,0.0,0.0,0.0,0.0,0.0,0.0,0
23.481,1.8203485987338227e-05,-4.239421475495341e-12,-4.659086677831509e-07,0.0,0.0,1e-12,0.0,0.0,0.6,0.6,0.8485152657161033,0,0.0,0.0,0.0,0.0,0.0,0.0,0
23.582,1.8203485987338227e-05,-4.239421475495341e-12,-4.659086677831509e-07,0.0,0.0,1e-12,0.0,0.0,0.6,0.6,0.8485152657161033,0,0.0,0.0,0.0,0.0,0.0,0.0,0
23.679,1.8203485987338227e-05,-4.239421475495341e-12,-4.659086677831509e-07,0.0,0.0,1e-12,0.0,0.0,0.6,0.6,0.8485152657161033,0,0.0,0.0,0.0,0.0,0.0,0.0,0
23.779,1.8203485987338227e-05,-4.239421475495341e-12,-4.659086677831509e-07,0.0,0.0,1e-12,0.0,0.0,0.6,0.6,0.8485152657161033,0,0.0,0.0,0.0,0.0,0.0,0.0,0
23.88,1.8203485987338227e-05,-4.239421475495341e-12,-4.659086677831509e-07,0.0,0.0,1e-12,0.0,0.0,0.6,0.6,0.8485152657161033,0,0.0,0.0,0.0,0.0,0.0,0.0,0
23.979,1.8203485987338227e-05,-4.239421475495341e-12,-4.659086677831509e-07,0.0,0.0,1e-12,0.0,0.0,0.6,0.6,0.8485152657161033,0,0.0,0.0,0.0,0.0,0.0,0.0,0
24.08,1.8203485987338227e-05,-4.239421475495341e-12,-4.659086677831509e-07,0.0,0.0,1e-12,0.0,0.0,0.6,0.6,0.8485152657161033,0,0.0,0.0,0.0,0.0,0.0,0.0,0
24.18,1.8203485987338227e-05,-4.239421475495341e-12,-4.659086677831509e-07,0.0,0.0,1e-12,0.0,0.0,0.6,0.6,0.8485152657161033,0,0.0,0.0,0.0,0.0,0.0,0.0,0
24.279,1.8203485987338227e-05,-4.239421475495341e-12,-4.659086677831509e-07,0.0,0.0,1e-12,0.0,0.0,0.6,0.6,0.8485152657161033,0,0.0,0.0,0.0,0.0,0.0,0.0,0
24.38,1.8203485987338227e-05,-4.239421475495341e-12,-4.659086677831509e-07,0.0,0.0,1e-12,0.0,0.0,0.6,0.6,0.8485152657161033,0,0.0,0.0,0.0,0.0,0.0,0.0,0
24.486,1.8203485987338227e-05,-4.239421475495341e-12,-4.659086677831509e-07,0.0,0.0,1e-12,0.0,0.0,0.6,0.6,0.8485152657161033,0,0.0,0.0,0.0,0.0,0.0,0.0,0
24.589,1.8203485987338227e-05,-4.239421475495341e-12,-4.659086677831509e-07,0.0,0.0,1e-12,0.0,0.0,0.6,0.6,0.8485152657161033,0,0.0,0.0,0.0,0.0,0.0,0.0,0
24.679,1.8203485987338227e-05,-4.239421475495341e-12,-4.659086677831509e-07,0.0,0.0,1e-12,0.0,0.0,0.6,0.6,0.8485152657161033,0,0.0,0.0,0.0,0.0,0.0,0.0,0
24.79,1.8203485987338227e-05,-4.239421475495341e-12,-4.659086677831509e-07,0.0,0.0,1e-12,0.0,0.0,0.6,0.6,0.8485152657161033,0,0.0,0.0,0.0,0.0,0.0,0.0,0
24.879,1.8203485987338227e-05,-4.239421475495341e-12,-4.659086677831509e-07,0.0,0.0,1e-12,0.0,0.0,0.6,0.6,0.8485152657161033,0,0.0,0.0,0.0,0.0,0.0,0.0,0
24.986,1.8203485987338227e-05,-4.239421475495341e-12,-4.659086677831509e-07,0.0,0.0,1e-12,0.0,0.0,0.6,0.6,0.8485152657161033,0,0.0,0.0,0.0,0.0,0.0,0.0,0
25.079,1.8203485987338227e-05,-4.239421475495341e-12,-4.659086677831509e-07,0.0,0.0,1e-12,0.0,0.0,0.6,0.6,0.8485152657161033,0,0.0,0.0,0.0,0.0,0.0,0.0,0
25.184,1.8203485987338227e-05,-4.239421475495341e-12,-4.659086677831509e-07,0.0,0.0,1e-12,0.0,0.0,0.6,0.6,0.8485152657161033,0,0.0,0.0,0.0,0.0,0.0,0.0,0
25.279,1.8203485987338227e-05,-4.239421475495341e-12,-4.659086677831509e-07,0.0,0.0,1e-12,0.0,0.0,0.6,0.6,0.8485152657161033,0,0.0,0.0,0.0,0.0,0.0,0.0,0
25.382,1.8203485987338227e-05,-4.239421475495341e-12,-4.659086677831509e-07,0.0,0.0,1e-12,0.0,0.0,0.6,0.6,0.8485152657161033,0,0.0,0.0,0.0,0.0,0.0,0.0,0
25.485,1.8203485987338227e-05,-4.239421475495341e-12,-4.659086677831509e-07,0.0,0.0,1e-12,0.0,0.0,0.6,0.6,0.8485152657161033,0,0.0,0.0,0.0,0.0,0.0,0.0,0
25.587,1.8203485987338227e-05,-4.239421475495341e-12,-4.659086677831509e-07,0.0,0.0,1e-12,0.0,0.0,0.6,0.6,0.8485152657161033,0,0.0,0.0,0.0,0.0,0.0,0.0,0
25.681,1.8203485987338227e-05,-4.239421475495341e-12,-4.659086677831509e-07,0.0,0.0,1e-12,0.0,0.0,0.6,0.6,0.8485152657161033,0,0.0,0.0,0.0,0.0,0.0,0.0,0
25.78,1.8203485987338227e-05,-4.239421475495341e-12,-4.659086677831509e-07,0.0,0.0,1e-12,0.0,0.0,0.6,0.6,0.8485152657161033,0,0.0,0.0,0.0,0.0,0.0,0.0,0
25.887,1.8203485987338227e-05,-4.239421475495341e-12,-4.659086677831509e-07,0.0,0.0,1e-12,0.0,0.0,0.6,0.6,0.8485152657161033,0,0.0,0.0,0.0,0.0,0.0,0.0,0
25.98,1.8203485987338227e-05,-4.239421475495341e-12,-4.659086677831509e-07,0.0,0.0,1e-12,0.0,0.0,0.6,0.6,0.8485152657161033,0,0.0,0.0,0.0,0.0,0.0,0.0,0
26.08,1.8203485987338227e-05,-4.239421475495341e-12,-4.659086677831509e-07,0.0,0.0,1e-12,0.0,0.0,0.6,0.6,0.8485152657161033,0,0.0,0.0,0.0,0.0,0.0,0.0,0
26.179,1.8203485987338227e-05,-4.239421475495341e-12,-4.659086677831509e-07,0.0,0.0,1e-12,0.0,0.0,0.6,0.6,0.8485152657161033,0,0.0,0.0,0.0,0.0,0.0,0.0,0
26.281,1.8203485987338227e-05,-4.239421475495341e-12,-4.659086677831509e-07,0.0,0.0,1e-12,0.0,0.0,0.6,0.6,0.8485152657161033,0,0.0,0.0,0.0,0.0,0.0,0.0,0
26.38,1.8203485987338227e-05,-4.239421475495341e-12,-4.659086677831509e-07,0.0,0.0,1e-12,0.0,0.0,0.6,0.6,0.8485152657161033,0,0.0,0.0,0.0,0.0,0.0,0.0,0
26.479,1.8203485987338227e-05,-4.239421475495341e-12,-4.659086677831509e-07,0.0,0.0,1e-12,0.0,0.0,0.6,0.6,0.8485152657161033,0,0.0,0.0,0.0,0.0,0.0,0.0,0
26.579,1.8203485987338227e-05,-4.239421475495341e-12,-4.659086677831509e-07,0.0,0.0,1e-12,0.0,0.0,0.6,0.6,0.8485152657161033,0,0.0,0.0,0.0,0.0,0.0,0.0,0
26.679,1.8203485987338227e-05,-4.239421475495341e-12,-4.659086677831509e-07,0.0,0.0,1e-12,0.0,0.0,0.6,0.6,0.8485152657161033,0,0.0,0.0,0.0,0.0,0.0,0.0,0
26.78,1.8203485987338227e-05,-4.239421475495341e-12,-4.659086677831509e-07,0.0,0.0,1e-12,0.0,0.0,0.6,0.6,0.8485152657161033,0,0.0,0.0,0.0,0.0,0.0,0.0,0
26.88,1.8203485987338227e-05,-4.239421475495341e-12,-4.659086677831509e-07,0.0,0.0,1e-12,0.0,0.0,0.6,0.6,0.8485152657161033,0,0.0,0.0,0.0,0.0,0.0,0.0,0
26.979,1.8203485987338227e-05,-4.239421475495341e-12,-4.659086677831509e-07,0.0,0.0,1e-12,0.0,0.0,0.6,0.6,0.8485152657161033,0,0.0,0.0,0.0,0.0,0.0,0.0,0
27.079,1.8203485987338227e-05,-4.239421475495341e-12,-4.659086677831509e-07,0.0,0.0,1e-12,0.0,0.0,0.6,0.6,0.8485152657161033,0,0.0,0.0,0.0,0.0,0.0,0.0,0
27.179,1.8203485987338227e-05,-4.239421475495341e-12,-4.659086677831509e-07,0.0,0.0,1e-12,0.0,0.0,0.6,0.6,0.8485152657161033,0,0.0,0.0,0.0,0.0,0.0,0.0,0
27.281,1.8203485987338227e-05,-4.239421475495341e-12,-4.659086677831509e-07,0.0,0.0,1e-12,0.0,0.0,0.6,0.6,0.8485152657161033,0,0.0,0.0,0.0,0.0,0.0,0.0,0
27.38,1.8203485987338227e-05,-4.239421475495341e-12,-4.659086677831509e-07,0.0,0.0,1e-12,0.0,0.0,0.6,0.6,0.8485152657161033,0,0.0,0.0,0.0,0.0,0.0,0.0,0
27.479,1.8203485987338227e-05,-4.239421475495341e-12,-4.659086677831509e-07,0.0,0.0,1e-12,0.0,0.0,0.6,0.6,0.8485152657161033,0,0.0,0.0,0.0,0.0,0.0,0.0,0
27.579,1.8203485987338227e-05,-4.239421475495341e-12,-4.659086677831509e-07,0.0,0.0,1e-12,0.0,0.0,0.6,0.6,0.8485152657161033,0,0.0,0.0,0.0,0.0,0.0,0.0,0
27.679,1.8203485987338227e-05,-4.239421475495341e-12,-4.659086677831509e-07,0.0,0.0,1e-12,0.0,0.0,0.6,0.6,0.8485152657161033,0,0.0,0.0,0.0,0.0,0.0,0.0,0
27.779,1.8203485987338227e-05,-4.239421475495341e-12,-4.659086677831509e-07,0.0,0.0,1e-12,0.0,0.0,0.6,0.6,0.8485152657161033,0,0.0,0.0,0.0,0.0,0.0,0.0,0
27.887,1.8203485987338227e-05,-4.239421475495341e-12,-4.659086677831509e-07,0.0,0.0,1e-12,0.0,0.0,0.6,0.6,0.8485152657161033,0,0.0,0.0,0.0,0.0,0.0,0.0,0
27.979,1.8203485987338227e-05,-4.239421475495341e-12,-4.659086677831509e-07,0.0,0.0,1e-12,0.0,0.0,0.6,0.6,0.8485152657161033,0,0.0,0.0,0.0,0.0,0.0,0.0,0
28.08,1.8203485987338227e-05,-4.239421475495341e-12,-4.659086677831509e-07,0.0,0.0,1e-12,0.0,0.0,0.6,0.6,0.8485152657161033,0,0.0,0.0,0.0,0.0,0.0,0.0,0
28.181,1.8203485987338227e-05,-4.239421475495341e-12,-4.659086677831509e-07,0.0,0.0,1e-12,0.0,0.0,0.6,0.6,0.8485152657161033,0,0.0,0.0,0.0,0.0,0.0,0.0,0
28.284,1.8203485987338227e-05,-4.239421475495341e-12,-4.659086677831509e-07,0.0,0.0,1e-12,0.0,0.0,0.6,0.6,0.8485152657161033,0,0.0,0.0,0.0,0.0,0.0,0.0,0
28.382,1.8203485987338227e-05,-4.239421475495341e-12,-4.659086677831509e-07,0.0,0.0,1e-12,0.0,0.0,0.6,0.6,0.8485152657161033,0,0.0,0.0,0.0,0.0,0.0,0.0,0
28.479,1.8203485987338227e-05,-4.239421475495341e-12,-4.659086677831509e-07,0.0,0.0,1e-12,0.0,0.0,0.6,0.6,0.8485152657161033,0,0.0,0.0,0.0,0.0,0.0,0.0,0
28.587,1.8203485987338227e-05,-4.239421475495341e-12,-4.659086677831509e-07,0.0,0.0,1e-12,0.0,0.0,0.6,0.6,0.8485152657161033,0,0.0,0.0,0.0,0.0,0.0,0.0,0
28.68,1.8203485987338227e-05,-4.239421475495341e-12,-4.659086677831509e-07,0.0,0.0,1e-12,0.0,0.0,0.6,0.6,0.8485152657161033,0,0.0,0.0,0.0,0.0,0.0,0.0,0
28.78,1.8203485987338227e-05,-4.239421475495341e-12,-4.659086677831509e-07,0.0,0.0,1e-12,0.0,0.0,0.6,0.6,0.8485152657161033,0,0.0,0.0,0.0,0.0,0.0,0.0,0
28.899,1.8203485987338227e-05,-4.239421475495341e-12,-4.659086677831509e-07,0.0,0.0,1e-12,0.0,0.0,0.6,0.6,0.8485152657161033,0,0.0,0.0,0.0,0.0,0.0,0.0,0
28.986,1.8203485987338227e-05,-4.239421475495341e-12,-4.659086677831509e-07,0.0,0.0,1e-12,0.0,0.0,0.6,0.6,0.8485152657161033,0,0.0,0.0,0.0,0.0,0.0,0.0,0
29.079,1.8203485987338227e-05,-4.239421475495341e-12,-4.659086677831509e-07,0.0,0.0,1e-12,0.0,0.0,0.6,0.6,0.8485152657161033,0,0.0,0.0,0.0,0.0,0.0,0.0,0
29.184,1.8203485987338227e-05,-4.239421475495341e-12,-4.659086677831509e-07,0.0,0.0,1e-12,0.0,0.0,0.6,0.6,0.8485152657161033,0,0.0,0.0,0.0,0.0,0.0,0.0,0
29.279,1.8203485987338227e-05,-4.239421475495341e-12,-4.659086677831509e-07,0.0,0.0,1e-12,0.0,0.0,0.6,0.6,0.8485152657161033,0,0.0,0.0,0.0,0.0,0.0,0.0,0
29.379,1.8203485987338227e-05,-4.239421475495341e-12,-4.659086677831509e-07,0.0,0.0,1e-12,0.0,0.0,0.6,0.6,0.8485152657161033,0,0.0,0.0,0.0,0.0,0.0,0.0,0
29.499,1.8203485987338227e-05,-4.239421475495341e-12,-4.659086677831509e-07,0.0,0.0,1e-12,0.0,0.0,0.6,0.6,0.8485152657161033,0,0.0,0.0,0.0,0.0,0.0,0.0,0
29.579,1.8203485987338227e-05,-4.239421475495341e-12,-4.659086677831509e-07,0.0,0.0,1e-12,0.0,0.0,0.6,0.6,0.8485152657161033,0,0.0,0.0,0.0,0.0,0.0,0.0,0
29.685,1.8203485987338227e-05,-4.239421475495341e-12,-4.659086677831509e-07,0.0,0.0,1e-12,0.0,0.0,0.6,0.6,0.8485152657161033,0,0.0,0.0,0.0,0.0,0.0,0.0,0
29.779,1.8203485987338227e-05,-4.239421475495341e-12,-4.659086677831509e-07,0.0,0.0,1e-12,0.0,0.0,0.6,0.6,0.8485152657161033,0,0.0,0.0,0.0,0.0,0.0,0.0,0
29.88,1.8203485987338227e-05,-4.239421475495341e-12,-4.659086677831509e-07,0.0,0.0,1e-12,0.0,0.0,0.6,0.6,0.8485152657161033,0,0.0,0.0,0.0,0.0,0.0,0.0,0
29.979,1.8203485987338227e-05,-4.239421475495341e-12,-4.659086677831509e-07,0.0,0.0,1e-12,0.0,0.0,0.6,0.6,0.8485152657161033,0,0.0,0.0,0.0,0.0,0.0,0.0,0
30.079,1.8203485987338227e-05,-4.239421475495341e-12,-4.659086677831509e-07,0.0,0.0,1e-12,0.0,0.0,0.6,0.6,0.8485152657161033,0,0.0,0.0,0.0,0.0,0.0,0.0,0
30.181,1.8203485987338227e-05,-4.239421475495341e-12,-4.659086677831509e-07,0.0,0.0,1e-12,0.0,0.0,0.6,0.6,0.8485152657161033,0,0.0,0.0,0.0,0.0,0.0,0.0,0
30.28,1.8203485987338227e-05,-4.239421475495341e-12,-4.659086677831509e-07,0.0,0.0,1e-12,0.0,0.0,0.6,0.6,0.8485152657161033,0,0.0,0.0,0.0,0.0,0.0,0.0,0
30.379,1.8203485987338227e-05,-4.239421475495341e-12,-4.659086677831509e-07,0.0,0.0,1e-12,0.0,0.0,0.6,0.6,0.8485152657161033,0,0.0,0.0,0.0,0.0,0.0,0.0,0
30.479,1.8203485987338227e-05,-4.239421475495341e-12,-4.659086677831509e-07,0.0,0.0,1e-12,0.0,0.0,0.6,0.6,0.8485152657161033,0,0.0,0.0,0.0,0.0,0.0,0.0,0
30.579,1.8203485987338227e-05,-4.239421475495341e-12,-4.659086677831509e-07,0.0,0.0,1e-12,0.0,0.0,0.6,0.6,0.8485152657161033,0,0.0,0.0,0.0,0.0,0.0,0.0,0
30.68,1.8203485987338227e-05,-4.239421475495341e-12,-4.659086677831509e-07,0.0,0.0,1e-12,0.0,0.0,0.6,0.6,0.8485152657161033,0,0.0,0.0,0.0,0.0,0.0,0.0,0
30.78,1.8203485987338227e-05,-4.239421475495341e-12,-4.659086677831509e-07,0.0,0.0,1e-12,0.0,0.0,0.6,0.6,0.8485152657161033,0,0.0,0.0,0.0,0.0,0.0,0.0,0
30.879,1.8203485987338227e-05,-4.239421475495341e-12,-4.659086677831509e-07,0.0,0.0,1e-12,0.0,0.0,0.6,0.6,0.8485152657161033,0,0.0,0.0,0.0,0.0,0.0,0.0,0
30.991,1.8203485987338227e-05,-4.239421475495341e-12,-4.659086677831509e-07,0.0,0.0,1e-12,0.0,0.0,0.6,0.6,0.8485152657161033,0,0.0,0.0,0.0,0.0,0.0,0.0,0
31.09,1.8203485987338227e-05,-4.239421475495341e-12,-4.659086677831509e-07,0.0,0.0,1e-12,0.0,0.0,0.6,0.6,0.8485152657161033,0,0.0,0.0,0.0,0.0,0.0,0.0,0
31.18,1.8203485987338227e-05,-4.239421475495341e-12,-4.659086677831509e-07,0.0,0.0,1e-12,0.0,0.0,0.6,0.6,0.8485152657161033,0,0.0,0.0,0.0,0.0,0.0,0.0,0
31.28,1.8203485987338227e-05,-4.239421475495341e-12,-4.659086677831509e-07,0.0,0.0,1e-12,0.0,0.0,0.6,0.6,0.8485152657161033,0,0.0,0.0,0.0,0.0,0.0,0.0,0
31.388,1.8203485987338227e-05,-4.239421475495341e-12,-4.659086677831509e-07,0.0,0.0,1e-12,0.0,0.0,0.6,0.6,0.8485152657161033,0,0.0,0.0,0.0,0.0,0.0,0.0,0
31.464,1.8203485987338227e-05,-4.239421475495341e-12,-4.659086677831509e-07,0.0,0.0,1e-12,0.0,0.0,0.6,0.6,0.8485152657161033,0,0.0,0.0,0.0,0.0,0.0,0.0,0
31.584,1.8203485987338227e-05,-4.239421475495341e-12,-4.659086677831509e-07,0.0,0.0,1e-12,0.0,0.0,0.6,0.6,0.8485152657161033,0,0.0,0.0,0.0,0.0,0.0,0.0,0
31.686,1.8203485987338227e-05,-4.239421475495341e-12,-4.659086677831509e-07,0.0,0.0,1e-12,0.0,0.0,0.6,0.6,0.8485152657161033,0,0.0,0.0,0.0,0.0,0.0,0.0,0
31.793,1.8203485987338227e-05,-4.239421475495341e-12,-4.659086677831509e-07,0.0,0.0,1e-12,0.0,0.0,0.6,0.6,0.8485152657161033,0,0.0,0.0,0.0,0.0,0.0,0.0,0
31.88,1.8203485987338227e-05,-4.239421475495341e-12,-4.659086677831509e-07,0.0,0.0,1e-12,0.0,0.0,0.6,0.6,0.8485152657161033,0,0.0,0.0,0.0,0.0,0.0,0.0,0
31.99,1.8203485987338227e-05,-4.239421475495341e-12,-4.659086677831509e-07,0.0,0.0,1e-12,0.0,0.0,0.6,0.6,0.8485152657161033,0,0.0,0.0,0.0,0.0,0.0,0.0,0
32.079,1.8203485987338227e-05,-4.239421475495341e-12,-4.659086677831509e-07,0.0,0.0,1e-12,0.0,0.0,0.6,0.6,0.8485152657161033,0,0.0,0.0,0.0,0.0,0.0,0.0,0
32.179,1.8203485987338227e-05,-4.239421475495341e-12,-4.659086677831509e-07,0.0,0.0,1e-12,0.0,0.0,0.6,0.6,0.8485152657161033,0,0.0,0.0,0.0,0.0,0.0,0.0,0
32.282,1.8203485987338227e-05,-4.239421475495341e-12,-4.659086677831509e-07,0.0,0.0,1e-12,0.0,0.0,0.6,0.6,0.8485152657161033,0,0.0,0.0,0.0,0.0,0.0,0.0,0
32.38,1.8203485987338227e-05,-4.239421475495341e-12,-4.659086677831509e-07,0.0,0.0,1e-12,0.0,0.0,0.6,0.6,0.8485152657161033,0,0.0,0.0,0.0,0.0,0.0,0.0,0
32.485,1.8203485987338227e-05,-4.239421475495341e-12,-4.659086677831509e-07,0.0,0.0,1e-12,0.0,0.0,0.6,0.6,0.8485152657161033,0,0.0,0.0,0.0,0.0,0.0,0.0,0
32.584,1.8203485987338227e-05,-4.239421475495341e-12,-4.659086677831509e-07,0.0,0.0,1e-12,0.0,0.0,0.6,0.6,0.8485152657161033,0,0.0,0.0,0.0,0.0,0.0,0.0,0
32.687,1.8203485987338227e-05,-4.239421475495341e-12,-4.659086677831509e-07,0.0,0.0,1e-12,0.0,0.0,0.6,0.6,0.8485152657161033,0,0.0,0.0,0.0,0.0,0.0,0.0,0
32.781,1.8203485987338227e-05,-4.239421475495341e-12,-4.659086677831509e-07,0.0,0.0,1e-12,0.0,0.0,0.6,0.6,0.8485152657161033,0,0.0,0.0,0.0,0.0,0.0,0.0,0
32.881,1.8203485987338227e-05,-4.239421475495341e-12,-4.659086677831509e-07,0.0,0.0,1e-12,0.0,0.0,0.6,0.6,0.8485152657161033,0,0.0,0.0,0.0,0.0,0.0,0.0,0
32.985,1.8203485987338227e-05,-4.239421475495341e-12,-4.659086677831509e-07,0.0,0.0,1e-12,0.0,0.0,0.6,0.6,0.8485152657161033,0,0.0,0.0,0.0,0.0,0.0,0.0,0
33.079,1.8203485987338227e-05,-4.239421475495341e-12,-4.659086677831509e-07,0.0,0.0,1e-12,0.0,0.0,0.6,0.6,0.8485152657161033,0,0.0,0.0,0.0,0.0,0.0,0.0,0
33.179,1.8203485987338227e-05,-4.239421475495341e-12,-4.659086677831509e-07,0.0,0.0,1e-12,0.0,0.0,0.6,0.6,0.8485152657161033,0,0.0,0.0,0.0,0.0,0.0,0.0,0
33.279,1.8203485987338227e-05,-4.239421475495341e-12,-4.659086677831509e-07,0.0,0.0,1e-12,0.0,0.0,0.6,0.6,0.8485152657161033,0,0.0,0.0,0.0,0.0,0.0,0.0,0
33.379,1.8203485987338227e-05,-4.239421475495341e-12,-4.659086677831509e-07,0.0,0.0,1e-12,0.0,0.0,0.6,0.6,0.8485152657161033,0,0.0,0.0,0.0,0.0,0.0,0.0,0
33.479,1.8203485987338227e-05,-4.239421475495341e-12,-4.659086677831509e-07,0.0,0.0,1e-12,0.0,0.0,0.6,0.6,0.8485152657161033,0,0.0,0.0,0.0,0.0,0.0,0.0,0
33.58,1.8203485987338227e-05,-4.239421475495341e-12,-4.659086677831509e-07,0.0,0.0,1e-12,0.0,0.0,0.6,0.6,0.8485152657161033,0,0.0,0.0,0.0,0.0,0.0,0.0,0
33.679,1.8203485987338227e-05,-4.239421475495341e-12,-4.659086677831509e-07,0.0,0.0,1e-12,0.0,0.0,0.6,0.6,0.8485152657161033,0,0.0,0.0,0.0,0.0,0.0,0.0,0
33.779,1.8203485987338227e-05,-4.239421475495341e-12,-4.659086677831509e-07,0.0,0.0,1e-12,0.0,0.0,0.6,0.6,0.8485152657161033,0,0.0,0.0,0.0,0.0,0.0,0.0,0
33.879,1.8203485987338227e-05,-4.239421475495341e-12,-4.659086677831509e-07,0.0,0.0,1e-12,0.0,0.0,0.6,0.6,0.8485152657161033,0,0.0,0.0,0.0,0.0,0.0,0.0,0
33.979,1.8203485987338227e-05,-4.239421475495341e-12,-4.659086677831509e-07,0.0,0.0,1e-12,0.0,0.0,0.6,0.6,0.8485152657161033,0,0.0,0.0,0.0,0.0,0.0,0.0,0
34.079,1.8203485987338227e-05,-4.239421475495341e-12,-4.659086677831509e-07,0.0,0.0,1e-12,0.0,0.0,0.6,0.6,0.8485152657161033,0,0.0,0.0,0.0,0.0,0.0,0.0,0
34.179,1.8203485987338227e-05,-4.239421475495341e-12,-4.659086677831509e-07,0.0,0.0,1e-12,0.0,0.0,0.6,0.6,0.8485152657161033,0,0.0,0.0,0.0,0.0,0.0,0.0,0
34.271,1.8203485987338227e-05,-4.239421475495341e-12,-4.659086677831509e-07,0.0,0.0,1e-12,0.0,0.0,0.6,0.6,0.8485152657161033,0,0.0,0.0,0.0,0.0,0.0,0.0,0
34.38,1.8203485987338227e-05,-4.239421475495341e-12,-4.659086677831509e-07,0.0,0.0,1e-12,0.0,0.0,0.6,0.6,0.8485152657161033,0,0.0,0.0,0.0,0.0,0.0,0.0,0
34.488,1.8203485987338227e-05,-4.239421475495341e-12,-4.659086677831509e-07,0.0,0.0,1e-12,0.0,0.0,0.6,0.6,0.8485152657161033,0,0.0,0.0,0.0,0.0,0.0,0.0,0
34.597,1.8203485987338227e-05,-4.239421475495341e-12,-4.659086677831509e-07,0.0,0.0,1e-12,0.0,0.0,0.6,0.6,0.8485152657161033,0,0.0,0.0,0.0,0.0,0.0,0.0,0
34.662,1.8203485987338227e-05,-4.239421475495341e-12,-4.659086677831509e-07,0.0,0.0,1e-12,0.0,0.0,0.6,0.6,0.8485152657161033,0,0.0,0.0,0.0,0.0,0.0,0.0,0
34.779,1.8203485987338227e-05,-4.239421475495341e-12,-4.659086677831509e-07,0.0,0.0,1e-12,0.0,0.0,0.6,0.6,0.8485152657161033,0,0.0,0.0,0.0,0.0,0.0,0.0,0
34.892,1.8203485987338227e-05,-4.239421475495341e-12,-4.659086677831509e-07,0.0,0.0,1e-12,0.22,1.0,0.6,0.6,0.8485152657161033,12,0.8784233963009052,1942.235173448911,1899.3472581001813,42.242247473167474,0.6456678755620959,0.0,0
34.991,0.019572365257213092,0.000870725899647298,0.088999534073881,0.0,0.0,1e-12,0.22,1.0,0.6,0.6,0.8341775148354944,12,0.8784233963009052,1942.235173448911,1899.3472581001813,42.242247473167474,0.6456678755620959,0.0,0
35.091,0.0413511005285075,0.003917608082159522,0.18899953405943817,0.0,0.0,1e-12,0.22,1.0,0.6,0.6,0.8169472509502701,12,0.8784233963009052,1942.235173448911,1899.3472581001813,42.242247473167474,0.6456678755620959,0.0,0
35.179,0.06271685217971433,0.009123514096954855,0.2889995340435167,0.0,0.0,1e-12,0.22,1.0,0.6,0.6,0.798628951719637,12,0.8784233963009052,1942.235173448911,1899.3472581001813,42.242247473167474,0.6456678755620959,0.0,0
35.281,0.08345614068291138,0.016436428251960563,0.3889995340290621,0.0,0.0,1e-12,0.22,1.0,0.6,0.6,0.7793356150398372,12,0.8784233963009052,1942.235173448911,1899.3472581001813,42.242247473167474,0.6456678755620959,0.0,0
35.385,0.10336174592268288,0.025783282326329475,0.48899953402081775,0.0,0.0,1e-12,0.22,1.0,0.6,0.6,0.7591932522545822,12,0.8784233963009052,1942.235173448911,1899.3472581001813,42.242247473167474,0.6456678755620959,0.0,0
35.483,0.12223477767163332,0.03707068564392444,0.5889995340103222,0.0,0.0,1e-12,0.22,1.0,0.6,0.6,0.7383420756179854,12,0.8784233963009052,1942.235173448911,1899.3472581001813,42.242247473167474,0.6456678755620959,0.0,0
35.58,0.1398866628349372,0.050185858201784644,0.6889995340067686,0.0,0.0,1e-12,0.22,1.0,0.6,0.6,0.7169378449757543,12,0.8784233963009052,1942.235173448911,1899.3472581001813,42.242247473167474,0.6456678755620959,0.0,0
35.682,0.15614102961084894,0.06499775753116607,0.7889995340099544,0.0,0.0,1e-12,0.22,1.0,0.6,0.6,0.6951533536145806,12,0.8784233963009052,1942.235173448911,1899.3472581001813,42.242247473167474,0.6456678755620959,0.0,0
35.78,0.17083546973971372,0.08135838803028003,0.8889995340111352,0.0,0.0,1e-12,0.22,1.0,0.6,0.6,0.6731800024511139,12,0.8784233963009052,1942.235173448911,1899.3472581001813,42.242247473167474,0.6456678755620959,0.0,0
35.88,0.18382316123314751,0.09910427968726038,0.9889995340102994,0.0,0.0,1e-12,0.22,1.0,0.6,0.6,0.6512293633994009,12,0.8784233963009052,1942.235173448911,1899.3472581001813,42.242247473167474,0.6456678755620959,0.0,0
35.99,0.19497433537094525,0.11805812141867603,1.0889995340074516,0.0,0.0,1e-12,0.22,1.0,0.6,0.6,0.6295345608770841,12,0.8784233963009052,1942.235173448911,1899.3472581001813,42.242247473167474,0.6456678755620959,0.0,0
36.079,0.204177573307254,0.13803053270324686,1.188999534002621,0.0,0.0,1e-12,0.22,1.0,0.6,0.6,0.6083511997090004,12,0.8784233963009052,1942.235173448911,1899.3472581001813,42.242247473167474,0.6456678755620959,0.0,0
36.179,0.2113409193308495,0.15882195580944544,1.2889995339958547,0.0,0.0,1e-12,0.22,1.0,0.6,0.6,0.587957436947941,12,0.8784233963009052,1942.235173448911,1899.3472581001813,42.242247473167474,0.6456678755620959,0.0,0
36.28,0.21639279965619282,0.1802246497103509,1.3889995339872223,0.0,0.0,1e-12,0.22,1.0,0.6,0.6,0.5686526434181164,12,0.8784233963009052,1942.235173448911,1899.3472581001813,42.242247473167474,0.6456678755620959,0.0,0
36.38,0.21928273756503616,0.2020247657633328,1.4889995339768125,0.0,0.0,1e-12,0.22,1.0,0.6,0.6,0.5507539568461612,12,0.8784233963009052,1942.235173448911,1899.3472581001813,42.242247473167474,0.6456678755620959,0.0,0
36.479,0.21998185775311546,0.22400448441500784,1.5889995339647316,0.0,0.0,1e-12,0.22,1.0,0.6,0.6,0.5345899514364233,12,0.8784233963009052,1942.235173448911,1899.3472581001813,42.242247473167474,0.6456678755620959,0.0,0
36.579,0.21848317484262927,0.24594419158219338,1.688999533951103,0.0,0.0,1e-12,0.22,1.0,0.6,0.6,0.5204907332052573,12,0.8784233963009052,1942.235173448911,1899.3472581001813,42.242247473167474,0.6456678755620959,0.0,0
36.68,0.21480166317782456,0.267624672963255,1.7889995339360587,0.0,0.0,1e-12,0.22,1.0,0.6,0.6,0.5087741313327097,12,0.8784233963009052,1942.235173448911,1899.3472581001813,42.242247473167474,0.6456678755620959,0.0,0
36.781,0.20897410720630843,0.28882930435491405,1.8889995339197696,0.0,0.0,1e-12,0.22,1.0,0.6,0.6,0.4997283768842332,12,0.8784233963009052,1942.235173448911,1899.3472581001813,42.242247473167474,0.6456678755620959,0.0,0
36.879,0.20105873394103904,0.30934621608952256,1.988999533908113,0.0,0.0,1e-12,0.22,1.0,0.6,0.6,0.49359270240371783,12,0.8784233963009052,1942.235173448911,1899.3472581001813,42.242247473167474,0.6456678755620959,0.0,0
36.979,0.19113463117507473,0.3289704099669906,2.0889995338991434,0.0,0.0,1e-12,0.22,1.0,0.6,0.6,0.49053840675099364,12,0.8784233963009052,1942.235173448911,1899.3472581001813,42.242247473167474,0.6456678755620959,0.0,0
37.079,0.17930095726272716,0.34750580752916715,2.1889995338879653,0.0,0.0,1e-12,0.22,1.0,0.6,0.6,0.4906536474862443,12,0.8784233963009052,1942.235173448911,1899.3472581001813,42.242247473167474,0.6456678755620959,0.0,0
37.179,0.16567595036222002,0.3647672092102475,2.2889995338890445,0.0,0.0,1e-12,0.22,1.0,0.6,0.6,0.49393506248948976,12,0.8784233963009052,1942.235173448911,1899.3472581001813,42.242247473167474,0.6456678755620959,0.0,0
37.28,0.1503957470383619,0.3805821447906102,2.3889995338916994,0.0,0.0,1e-12,0.22,1.0,0.6,0.6,0.5002880964663075,12,0.8784233963009052,1942.235173448911,1899.3472581001813,42.242247473167474,0.6456678755620959,0.0,0
37.379,0.13361302203176614,0.3947925966617667,2.4889995338923225,0.0,0.0,1e-12,0.22,1.0,0.6,0.6,0.5095359571248748,12,0.8784233963009052,1942.235173448911,1899.3472581001813,42.242247473167474,0.6456678755620959,0.0,0
37.479,0.11549546278308866,0.407256578686017,2.5889995338909175,0.0,0.0,1e-12,0.22,1.0,0.6,0.6,0.5214352050289595,12,0.8784233963009052,1942.235173448911,1899.3472581001813,42.242247473167474,0.6456678755620959,0.0,0
37.579,0.09622409395547962,0.41784955487505576,2.688999533887502,0.0,0.0,1e-12,0.22,1.0,0.6,0.6,0.5356948274626074,12,0.8784233963009052,1942.235173448911,1899.3472581001813,42.242247473167474,0.6456678755620959,0.0,0
37.681,0.07599146869599034,0.42646568371242644,2.788999533882106,0.0,0.0,1e-12,0.22,1.0,0.6,0.6,0.5519955614031519,12,0.8784233963009052,1942.235173448911,1899.3472581001813,42.242247473167474,0.6456678755620959,0.0,0
37.788,0.05499974470817628,0.4330188756869359,2.8889995338747925,0.0,0.0,1e-12,0.22,1.0,0.6,0.6,0.5700069948211232,12,0.8784233963009052,1942.235173448911,1899.3472581001813,42.242247473167474,0.6456678755620959,0.0,0
37.879,0.033458664359148335,0.4374436534706263,2.988999533865634,0.0,0.0,1e-12,0.22,1.0,0.6,0.6,0.5894010949995749,12,0.8784233963009052,1942.235173448911,1899.3472581001813,42.242247473167474,0.6456678755620959,0.0,0
37.963,0.015974769250402424,0.4394205808095409,3.068999533857044,0.0,0.0,1e-12,0.22,1.0,0.6,0.6,0.6056989516415443,12,0.8784233963009052,1942.235173448911,1899.3472581001813,42.242247473167474,0.6456678755620959,0.0,0
38.091,-0.010407301538854798,0.43975283094964424,-3.094185773337405,0.0,0.0,1e-12,0.22,1.0,0.6,0.6,0.6310913000197355,12,0.8784233963009052,1942.235173448911,1899.3472581001813,42.242247473167474,0.6456678755620959,0.0,0
38.185,-0.03229389285686279,0.43761415810696613,-2.9941857733514508,0.0,0.0,1e-12,0.22,1.0,0.6,0.6,0.6528129353738291,12,0.8784233963009052,1942.235173448911,1899.3472581001813,42.242247473167474,0.6456678755620959,0.0,0
38.286,-0.05385763136520501,0.43330115653059675,-2.894185773366883,0.0,0.0,1e-12,0.22,1.0,0.6,0.6,0.6747727813927833,12,0.8784233963009052,1942.235173448911,1899.3472581001813,42.242247473167474,0.6456678755620959,0.0,0
38.389,-0.07488305931680944,0.4268569203066043,-2.7941857733835165,0.0,0.0,1e-12,0.22,1.0,0.6,0.6,0.6967393126546898,12,0.8784233963009052,1942.235173448911,1899.3472581001813,42.242247473167474,0.6456678755620959,0.0,0
38.487,-0.09516009758543909,0.4183458381131643,-2.694185773392604,0.0,0.0,1e-12,0.22,1.0,0.6,0.6,0.718502467501543,12,0.8784233963009052,1942.235173448911,1899.3472581001813,42.242247473167474,0.6456678755620959,0.0,0
38.591,-0.1144861447075739,0.4078529498700047,-2.594185773402229,0.0,0.0,1e-12,0.22,1.0,0.6,0.6,0.7398722456294405,12,0.8784233963009052,1942.235173448911,1899.3472581001813,42.242247473167474,0.6456678755620959,0.0,0
38.679,-0.13266810120877526,0.3954830970479856,-2.4941857734122386,0.0,0.0,1e-12,0.22,1.0,0.6,0.6,0.7606771392134483,12,0.8784233963009052,1942.235173448911,1899.3472581001813,42.242247473167474,0.6456678755620959,0.0,0
38.785,-0.14952429898940894,0.3813598751276924,-2.394185773408159,0.0,0.0,1e-12,0.22,1.0,0.6,0.6,0.7807625624860243,12,0.8784233963009052,1942.235173448911,1899.3472581001813,42.242247473167474,0.6456678755620959,0.0,0
38.881,-0.16488631649347313,0.3656243986736966,-2.2941857734060953,0.0,0.0,1e-12,0.22,1.0,0.6,0.6,0.799989374714452,12,0.8784233963009052,1942.235173448911,1899.3472581001813,42.242247473167474,0.6456678755620959,0.0,0
38.979,-0.17860066152010645,0.34843389136530023,-2.194185773406066,0.0,0.0,1e-12,0.22,1.0,0.6,0.6,0.81823254465534,12,0.8784233963009052,1942.235173448911,1899.3472581001813,42.242247473167474,0.6456678755620959,0.0,0
39.087,-0.19053030486720574,0.3299601150691127,-2.094185773408062,0.0,0.0,1e-12,0.22,1.0,0.6,0.6,0.8353799748419422,12,0.8784233963009052,1942.235173448911,1899.3472581001813,42.242247473167474,0.6456678755620959,0.0,0
39.182,-0.20055604948190597,0.310387653651281,-1.9941857734120616,0.0,0.0,1e-12,0.22,1.0,0.6,0.6,0.851331486272936,12,0.8784233963009052,1942.235173448911,1899.3472581001813,42.242247473167474,0.6456678755620959,0.0,0
39.28,-0.2085777214381348,0.28991206867647823,-1.8941857734180236,0.0,0.0,1e-12,0.22,1.0,0.6,0.6,0.8659979542461905,12,0.8784233963009052,1942.235173448911,1899.3472581001813,42.242247473167474,0.6456678755620959,0.0,0
39.379,-0.21451517084136074,0.26873794542142254,-1.7941857734258897,0.0,0.0,1e-12,0.22,1.0,0.6,0.6,0.8793005813340233,12,0.8784233963009052,1942.235173448911,1899.3472581001813,42.242247473167474,0.6456678755620959,0.0,0
39.479,-0.21830907265984512,0.24707684872640773,-1.6941857734355703,0.0,0.0,1e-12,0.22,1.0,0.6,0.6,0.891170291864747,12,0.8784233963009052,1942.235173448911,1899.3472581001813,42.242247473167474,0.6456678755620959,0.0,0
39.584,-0.21992151948074964,0.22514520910935484,-1.594185773446972,0.0,0.0,1e-12,0.22,1.0,0.6,0.6,0.901547232462776,12,0.8784233963009052,1942.235173448911,1899.3472581001813,42.242247473167474,0.6456678755620959,0.0,0
39.68,-0.21933640026846896,0.20316216026362183,-1.4941857734599646,0.0,0.0,1e-12,0.22,1.0,0.6,0.6,0.9103803643815743,12,0.8784233963009052,1942.235173448911,1899.3472581001813,42.242247473167474,0.6456678755620959,0.0,0
39.781,-0.2165595613407693,0.18134734954658036,-1.3941857734744587,0.0,0.0,1e-12,0.22,1.0,0.6,0.6,0.9176271350329079,12,0.8784233963009052,1942.235173448911,1899.3472581001813,42.242247473167474,0.6456678755620959,0.0,0
39.88,-0.21161874795431665,0.15991874333582864,-1.2941857734902826,0.0,0.0,1e-12,0.22,1.0,0.6,0.6,0.9232532179732973,12,0.8784233963009052,1942.235173448911,1899.3472581001813,42.242247473167474,0.6456678755620959,0.0,0
39.979,-0.20456332708325542,0.13909044918122854,-1.1941857735058437,0.0,0.0,1e-12,0.22,1.0,0.6,0.6,0.9272323124887523,12,0.8784233963009052,1942.235173448911,1899.3472581001813,42.242247473167474,0.6456678755620959,0.0,0
40.08,-0.19546379416068638,0.11907057651329347,-1.0941857735138572,0.0,0.0,1e-12,0.22,1.0,0.6,0.6,0.9295459957397324,12,0.8784233963009052,1942.235173448911,1899.3472581001813,42.242247473167474,0.6456678755620959,0.0,0
40.179,-0.18441106871152763,0.10005915728177985,-0.9941857735241293,0.0,0.0,1e-12,0.22,1.0,0.6,0.6,0.9301836221601437,12,0.8784233963009052,1942.235173448911,1899.3472581001813,42.242247473167474,0.6456678755620959,0.0,0
40.281,-0.17151558591503188,0.08224614730342364,-0.8941857735295566,0.0,0.0,1e-12,0.22,1.0,0.6,0.6,0.9291422664436071,12,0.8784233963009052,1942.235173448911,1899.3472581001813,42.242247473167474,0.6456678755620959,0.0,0
40.38,-0.1569061931725321,0.06580952828596714,-0.7941857735260645,0.0,0.0,1e-12,0.22,1.0,0.6,0.6,0.9264267080201193,12,0.8784233963009052,1942.235173448911,1899.3472581001813,42.242247473167474,0.6456678755620959,0.0,0
40.48,-0.14072886270689647,0.05091352949316975,-0.6941857735245958,0.0,0.0,1e-12,0.22,1.0,0.6,0.6,0.9220494564505205,12,0.8784233963009052,1942.235173448911,1899.3472581001813,42.242247473167474,0.6456678755620959,0.0,0
40.579,-0.12314523305664286,0.037706986820973454,-0.5941857735251556,0.0,0.0,1e-12,0.22,1.0,0.6,0.6,0.916030818675057,12,0.8784233963009052,1942.235173448911,1899.3472581001813,42.242247473167474,0.6456678755620959,0.0,0
40.679,-0.10433099403687615,0.026321855678212953,-0.4941857735277389,0.0,0.0,1e-12,0.22,1.0,0.6,0.6,0.9083990105859115,12,0.8784233963009052,1942.235173448911,1899.3472581001813,42.242247473167474,0.6456678755620959,0.0,0
40.784,-0.08447413130472155,0.01687189253179841,-0.39418577353231604,0.0,0.0,1e-12,0.22,1.0,0.6,0.6,0.8991903169767786,12,0.8784233963009052,1942.235173448911,1899.3472581001813,42.242247473167474,0.6456678755620959,0.0,0
40.881,-0.06377304806877378,0.00945151828969548,-0.2941857735388357,0.0,0.0,1e-12,0.22,1.0,0.6,0.6,0.8884493055840927,12,0.8784233963009052,1942.235173448911,1899.3472581001813,42.242247473167474,0.6456678755620959,0.0,0
40.98,-0.0424345827098371,0.004134874878444336,-0.19418577354724084,0.0,0.0,1e-12,0.22,1.0,0.6,0.6,0.8762291026881552,12,0.8784233963009052,1942.235173448911,1899.3472581001813,42.242247473167474,0.6456678755620959,0.0,0
41.089,-0.020671942120174785,0.0009750844415220804,-0.09418577355743034,0.0,0.0,1e-12,0.22,1.0,0.6,0.6,0.8625917395819828,12,0.8784233963009052,1942.235173448911,1899.3472581001813,42.242247473167474,0.6456678755620959,0.0,0
41.186,0.0012974285892651133,3.71856045704252e-06,0.005814226430691715,0.0,0.0,1e-12,0.22,1.0,0.6,0.6,0.8476085811004425,12,0.8784233963009052,1942.235173448911,1899.3472581001813,42.242247473167474,0.6456678755620959,0.0,0
41.285,0.02325401872851979,0.0012304828020167102,0.10581422641724793,0.0,0.0,1e-12,0.22,1.0,0.6,0.6,0.8313608492335374,12,0.8784233963009052,1942.235173448911,1899.3472581001813,42.242247473167474,0.6456678755620959,0.0,0
41.383,0.04497844530686939,0.00464311974340643,0.20581422640233768,0.0,0.0,1e-12,0.22,1.0,0.6,0.6,0.8139402564333844,12,0.8784233963009052,1942.235173448911,1899.3472581001813,42.242247473167474,0.6456678755620959,0.0,0
41.49,0.06625364503516261,0.010207531444376234,0.30581422638617517,0.0,0.0,1e-12,0.22,1.0,0.6,0.6,0.7954497642234779,12,0.8784233963009052,1942.235173448911,1899.3472581001813,42.242247473167474,0.6456678755620959,0.0,0
41.587,0.08686704315029886,0.017868120142546483,0.40581422637331843,0.0,0.0,1e-12,0.22,1.0,0.6,0.6,0.7760044825590184,12,0.8784233963009052,1942.235173448911,1899.3472581001813,42.242247473167474,0.6456678755620959,0.0,0
41.689,0.10661267739209675,0.027548343768003265,0.5058142263646326,0.0,0.0,1e-12,0.22,1.0,0.6,0.6,0.7557327231455254,12,0.8784233963009052,1942.235173448911,1899.3472581001813,42.242247473167474,0.6456678755620959,0.0,0
41.779,0.12529325591045753,0.03915148072620728,0.6058142263537255,0.0,0.0,1e-12,0.22,1.0,0.6,0.6,0.7347772141647426,12,0.8784233963009052,1942.235173448911,1899.3472581001813,42.242247473167474,0.6456678755620959,0.0,0
41.887,0.14272212853952163,0.052561596308002584,0.7058142263529036,0.0,0.0,1e-12,0.22,1.0,0.6,0.6,0.7132964724182141,12,0.8784233963009052,1942.235173448911,1899.3472581001813,42.242247473167474,0.6456678755620959,0.0,0
41.989,0.15872515174520216,0.06764470107153753,0.8058142263557997,0.0,0.0,1e-12,0.22,1.0,0.6,0.6,0.6914663086510487,12,0.8784233963009052,1942.235173448911,1899.3472581001813,42.242247473167474,0.6456678755620959,0.0,0
42.081,0.17314242860968088,0.08425008961991193,0.9058142263566837,0.0,0.0,1e-12,0.22,1.0,0.6,0.6,0.6694814084874278,12,0.8784233963009052,1942.235173448911,1899.3472581001813,42.242247473167474,0.6456678755620959,0.0,0
42.199,0.18814835141095199,0.10595138751072818,1.025814226355047,0.0,0.0,1e-12,0.22,1.0,0.6,0.6,0.6431996672481193,12,0.8784233963009052,1942.235173448911,1899.3472581001813,42.242247473167474,0.6456678755620959,0.0,0
42.281,0.19666081623620227,0.12135050347462506,1.1058142263523532,0.0,0.0,1e-12,0.22,1.0,0.6,0.6,0.6259295788531178,12,0.8784233963009052,1942.235173448911,1899.3472581001813,42.242247473167474,0.6456678755620959,0.0,0
42.38,0.20552693904331848,0.1414748337094957,1.2058142263472023,0.0,0.0,1e-12,0.22,1.0,0.6,0.6,0.6048589289596942,12,0.8784233963009052,1942.235173448911,1899.3472581001813,42.242247473167474,0.6456678755620959,0.0,0
42.482,0.21233968752133228,0.16238376144886751,1.3058142263401151,0.0,0.0,1e-12,0.22,1.0,0.6,0.6,0.5846267955839006,12,0.8784233963009052,1942.235173448911,1899.3472581001813,42.242247473167474,0.6456678755620959,0.0,0
42.579,0.21703099093948997,0.18386837159838196,1.4058142263311932,0.0,0.0,1e-12,0.22,1.0,0.6,0.6,0.5655358468364063,12,0.8784233963009052,1942.235173448911,1899.3472581001813,42.242247473167474,0.6456678755620959,0.0,0
42.683,0.2195539753448095,0.20571399703533386,1.5058142263204963,0.0,0.0,1e-12,0.22,1.0,0.6,0.6,0.5479056760153069,12,0.8784233963009052,1942.235173448911,1899.3472581001813,42.242247473167474,0.6456678755620959,0.0,0
42.788,0.21988343191113396,0.22770236349161643,1.6058142263081663,0.0,0.0,1e-12,0.22,1.0,0.6,0.6,0.5320659127264084,12,0.8784233963009052,1942.235173448911,1899.3472581001813,42.242247473167474,0.6456678755620959,0.0,0
42.899,0.21738023479282909,0.2539675125199003,1.7258142262912712,0.0,0.0,1e-12,0.22,1.0,0.6,0.6,0.5158840636411014,12,0.8784233963009052,1942.235173448911,1899.3472581001813,42.242247473167474,0.6456678755620959,0.0,0
42.98,0.21397054413829492,0.27122928645902566,1.8058142262789327,0.0,0.0,1e-12,0.22,1.0,0.6,0.6,0.5070590920939348,12,0.8784233963009052,1942.235173448911,1899.3472581001813,42.242247473167474,0.6456678755620959,0.0,0
43.079,0.20778727941921846,0.29233293634410035,1.9058142262623876,0.0,0.0,1e-12,0.22,1.0,0.6,0.6,0.4984875527473295,12,0.8784233963009052,1942.235173448911,1899.3472581001813,42.242247473167474,0.6456678755620959,0.0,0
43.179,0.19952805579731894,0.3127138594393843,2.005814226252164,0.0,0.0,1e-12,0.22,1.0,0.6,0.6,0.4928601268632807,12,0.8784233963009052,1942.235173448911,1899.3472581001813,42.242247473167474,0.6456678755620959,0.0,0
43.28,0.18927539670473878,0.3321684162984179,2.1058142262428134,0.0,0.0,1e-12,0.22,1.0,0.6,0.6,0.49033504563731445,12,0.8784233963009052,1942.235173448911,1899.3472581001813,42.242247473167474,0.6456678755620959,0.0,0
43.379,0.17713174332202353,0.35050222342003334,2.2058142262312805,0.0,0.0,1e-12,0.22,1.0,0.6,0.6,0.4909854407456681,12,0.8784233963009052,1942.235173448911,1899.3472581001813,42.242247473167474,0.6456678755620959,0.0,0
43.479,0.1632184310198185,0.36753209546335214,2.305814226235073,0.0,0.0,1e-12,0.22,1.0,0.6,0.6,0.49479234598005767,12,0.8784233963009052,1942.235173448911,1899.3472581001813,42.242247473167474,0.6456678755620959,0.0,0
43.579,0.14767447701513267,0.3830878755765343,2.4058142262373834,0.0,0.0,1e-12,0.22,1.0,0.6,0.6,0.5016465373800907,12,0.8784233963009052,1942.235173448911,1899.3472581001813,42.242247473167474,0.6456678755620959,0.0,0
43.679,0.13065519135825293,0.39701413554679155,2.505814226237689,0.0,0.0,1e-12,0.22,1.0,0.6,0.6,0.5113587884907959,12,0.8784233963009052,1942.235173448911,1899.3472581001813,42.242247473167474,0.6456678755620959,0.0,0
43.78,0.11233062512565242,0.4091717287879466,2.6058142262359456,0.0,0.0,1e-12,0.22,1.0,0.6,0.6,0.5236762819568191,12,0.8784233963009052,1942.235173448911,1899.3472581001813,42.242247473167474,0.6456678755620959,0.0,0
43.88,0.09288387132584003,0.41943918064714686,2.705814226232167,0.0,0.0,1e-12,0.22,1.0,0.6,0.6,0.5383019389216807,12,0.8784233963009052,1942.235173448911,1899.3472581001813,42.242247473167474,0.6456678755620959,0.0,0
43.979,0.07250923549452502,0.4277139021394317,2.805814226226465,0.0,0.0,1e-12,0.22,1.0,0.6,0.6,0.5549135123193448,12,0.8784233963009052,1942.235173448911,1899.3472581001813,42.242247473167474,0.6456678755620959,0.0,0
44.079,0.05141029425796224,0.4339132149829548,2.905814226218831,0.0,0.0,1e-12,0.22,1.0,0.6,0.6,0.5731801509154287,12,0.8784233963009052,1942.235173448911,1899.3472581001813,42.242247473167474,0.6456678755620959,0.0,0
44.179,0.02979786126256389,0.4379751776930357,3.0058142262093592,0.0,0.0,1e-12,0.22,1.0,0.6,0.6,0.5927752711309318,12,0.8784233963009052,1942.235173448911,1899.3472581001813,42.242247473167474,0.6456678755620959,0.0,0
44.284,0.007887880794656042,0.4398592044810279,3.10581422619815,0.0,0.0,1e-12,0.22,1.0,0.6,0.6,0.6133855525681157,12,0.8784233963009052,1942.235173448911,1899.3472581001813,42.242247473167474,0.6456678755620959,0.0,0
44.379,-0.014100729863465594,0.4395464707740589,-3.0773710809942245,0.0,0.0,1e-12,0.22,1.0,0.6,0.6,0.634716504795567,12,0.8784233963009052,1942.235173448911,1899.3472581001813,42.242247473167474,0.6456678755620959,0.0,0
44.488,-0.0359482677826328,0.4370401013039684,-2.977371081008578,0.0,0.0,1e-12,0.22,1.0,0.6,0.6,0.6564953372863757,12,0.8784233963009052,1942.235173448911,1899.3472581001813,42.242247473167474,0.6456678755620959,0.0,0
44.579,-0.05743643958586481,0.43236513888601597,-2.8773710810242634,0.0,0.0,1e-12,0.22,1.0,0.6,0.6,0.6784718997541778,12,0.8784233963009052,1942.235173448911,1899.3472581001813,42.242247473167474,0.6456678755620959,0.0,0
44.679,-0.07835054256363087,0.42556829419932846,-2.7773710810409757,0.0,0.0,1e-12,0.22,1.0,0.6,0.6,0.7004183596857697,12,0.8784233963009052,1942.235173448911,1899.3472581001813,42.242247473167474,0.6456678755620959,0.0,0
44.796,-0.09848160991195531,0.41671747906929696,-2.6773710810487317,0.0,0.0,1e-12,0.22,1.0,0.6,0.6,0.7221281339650952,12,0.8784233963009052,1942.235173448911,1899.3472581001813,42.242247473167474,0.6456678755620959,0.0,0
44.884,-0.11762849866062368,0.4059011279148203,-2.577371081058724,0.0,0.0,1e-12,0.22,1.0,0.6,0.6,0.7434144431167851,12,0.8784233963009052,1942.235173448911,1899.3472581001813,42.242247473167474,0.6456678755620959,0.0,0
44.979,-0.13559989942632028,0.3932273141413234,-2.477371081066217,0.0,0.0,1e-12,0.22,1.0,0.6,0.6,0.7641087328732891,12,0.8784233963009052,1942.235173448911,1899.3472581001813,42.242247473167474,0.6456678755620959,0.0,0
45.079,-0.152216247912822,0.3788226703066189,-2.3773710810624746,0.0,0.0,1e-12,0.22,1.0,0.6,0.6,0.7840591143493829,12,0.8784233963009052,1942.235173448911,1899.3472581001813,42.242247473167474,0.6456678755620959,0.0,0
45.181,-0.16731151905895636,0.3628311228500992,-2.277371081060745,0.0,0.0,1e-12,0.22,1.0,0.6,0.6,0.8031289084381833,12,0.8784233963009052,1942.235173448911,1899.3472581001813,42.242247473167474,0.6456678755620959,0.0,0
45.286,-0.1807348859053,0.34541245402787474,-2.1773710810610383,0.0,0.0,1e-12,0.22,1.0,0.6,0.6,0.8211953364660998,12,0.8784233963009052,1942.235173448911,1899.3472581001813,42.242247473167474,0.6456678755620959,0.0,0
45.379,-0.19235222660753828,0.3267407054209887,-2.0773710810633714,0.0,0.0,1e-12,0.22,1.0,0.6,0.6,0.8381483717598827,12,0.8784233963009052,1942.235173448911,1899.3472581001813,42.242247473167474,0.6456678755620959,0.0,0
45.479,-0.20204746453760378,0.30700243896946433,-1.9773710810677145,0.0,0.0,1e-12,0.22,1.0,0.6,0.6,0.8538897505773455,12,0.8784233963009052,1942.235173448911,1899.3472581001813,42.242247473167474,0.6456678755620959,0.0,0
45.599,-0.21100959000761793,0.2821870333445422,-1.8573710810754889,0.0,0.0,1e-12,0.22,1.0,0.6,0.6,0.8710577689560364,12,0.8784233963009052,1942.235173448911,1899.3472581001813,42.242247473167474,0.6456678755620959,0.0,0
45.68,-0.2153043185557558,0.2651239112219016,-1.7773710810821783,0.0,0.0,1e-12,0.22,1.0,0.6,0.6,0.8813983927208979,12,0.8784233963009052,1942.235173448911,1899.3472581001813,42.242247473167474,0.6456678755620959,0.0,0
45.779,-0.21873347654070674,0.24340208633185104,-1.6773710810921603,0.0,0.0,1e-12,0.22,1.0,0.6,0.6,0.893021039864632,12,0.8784233963009052,1942.235173448911,1899.3472581001813,42.242247473167474,0.6456678755620959,0.0,0
45.883,-0.219976939024795,0.22144643553089083,-1.5773710811038417,0.0,0.0,1e-12,0.22,1.0,0.6,0.6,0.9031417284705321,12,0.8784233963009052,1942.235173448911,1899.3472581001813,42.242247473167474,0.6456678755620959,0.0,0
45.98,-0.2190222817419345,0.19947633242418022,-1.4773710811171026,0.0,0.0,1e-12,0.22,1.0,0.6,0.6,0.9117108676977315,12,0.8784233963009052,1942.235173448911,1899.3472581001813,42.242247473167474,0.6456678755620959,0.0,0
46.08,-0.21587904331214186,0.1777112950195543,-1.3773710811318594,0.0,0.0,1e-12,0.22,1.0,0.6,0.6,0.9186873046200202,12,0.8784233963009052,1942.235173448911,1899.3472581001813,42.242247473167474,0.6456678755620959,0.0,0
46.179,-0.2105786299347889,0.15636879237611942,-1.2773710811479233,0.0,0.0,1e-12,0.22,1.0,0.6,0.6,0.9240380748025386,12,0.8784233963009052,1942.235173448911,1899.3472581001813,42.242247473167474,0.6456678755620959,0.0,0
46.279,-0.20317400158827023,0.135662071725401,-1.177371081161859,0.0,0.0,1e-12,0.22,1.0,0.6,0.6,0.9277382111682483,12,0.8784233963009052,1942.235173448911,1899.3472581001813,42.242247473167474,0.6456678755620959,0.0,0
46.399,-0.19161649216214044,0.11194397683654986,-1.0573710811722359,0.0,0.0,1e-12,0.22,1.0,0.6,0.6,0.9299759956091417,12,0.8784233963009052,1942.235173448911,1899.3472581001813,42.242247473167474,0.6456678755620959,0.0,0
46.48,-0.1823683237733372,0.09697513548739971,-0.9773710811809148,0.0,0.0,1e-12,0.22,1.0,0.6,0.6,0.9301259099508095,12,0.8784233963009052,1942.235173448911,1899.3472581001813,42.242247473167474,0.6456678755620959,0.0,0
46.579,-0.16917515776025022,0.07938146697878876,-0.8773710811836347,0.0,0.0,1e-12,0.22,1.0,0.6,0.6,0.9288024979728811,12,0.8784233963009052,1942.235173448911,1899.3472581001813,42.242247473167474,0.6456678755620959,0.0,0
46.68,-0.15429146658557225,0.06319281236988646,-0.7773710811804749,0.0,0.0,1e-12,0.22,1.0,0.6,0.6,0.9258064448118545,12,0.8784233963009052,1942.235173448911,1899.3472581001813,42.242247473167474,0.6456678755620959,0.0,0
46.779,-0.13786596317150315,0.04857092334609929,-0.6773710811793402,0.0,0.0,1e-12,0.22,1.0,0.6,0.6,0.9211515652629504,12,0.8784233963009052,1942.235173448911,1899.3472581001813,42.242247473167474,0.6456678755620959,0.0,0
46.879,-0.12006276571862931,0.03566189698916685,-0.5773710811802305,0.0,0.0,1e-12,0.22,1.0,0.6,0.6,0.9148594870712262,12,0.8784233963009052,1942.235173448911,1899.3472581001813,42.242247473167474,0.6456678755620959,0.0,0
46.979,-0.101059757890959,0.024594716023246112,-0.4773710811831618,0.0,0.0,1e-12,0.22,1.0,0.6,0.6,0.9069597703109542,12,0.8784233963009052,1942.235173448911,1899.3472581001813,42.242247473167474,0.6456678755620959,0.0,0
47.081,-0.08104681146113979,0.01547996006217452,-0.3773710811880525,0.0,0.0,1e-12,0.22,1.0,0.6,0.6,0.8974900759842988,12,0.8784233963009052,1942.235173448911,1899.3472581001813,42.242247473167474,0.6456678755620959,0.0,0
47.18,-0.060223889174484985,0.008408700734540319,-0.27737108119489895,0.0,0.0,1e-12,0.22,1.0,0.6,0.6,0.8864963898422131,12,0.8784233963009052,1942.235173448911,1899.3472581001813,42.242247473167474,0.6456678755620959,0.0,0
47.279,-0.03879904678730557,0.003451591726049315,-0.17737108120361764,0.0,0.0,1e-12,0.22,1.0,0.6,0.6,0.8740333091996862,12,0.8784233963009052,1942.235173448911,1899.3472581001813,42.242247473167474,0.6456678755620959,0.0,0
47.379,-0.016986354242585728,0.00065816283127829,-0.0773710812140878,0.0,0.0,1e-12,0.22,1.0,0.6,0.6,0.8601644023687193,12,0.8784233963009052,1942.235173448911,1899.3472581001813,42.242247473167474,0.6456678755620959,0.0,0
47.479,0.004996243246140868,5.6325068326554044e-05,0.02262891877374913,0.0,0.0,1e-12,0.22,1.0,0.6,0.6,0.8449626522170829,12,0.8784233963009052,1942.235173448911,1899.3472581001813,42.242247473167474,0.6456678755620959,0.0,0
47.58,0.026929102831303724,0.0016520918011622345,0.1226289187600051,0.0,0.0,1e-12,0.22,1.0,0.6,0.6,0.828510997167605,12,0.8784233963009052,1942.235173448911,1899.3472581001813,42.242247473167474,0.6456678755620959,0.0,0
47.679,0.04859307863004592,0.0054295186560740245,0.22262891874487198,0.0,0.0,1e-12,0.22,1.0,0.6,0.6,0.8109029844686962,12,0.8784233963009052,1942.235173448911,1899.3472581001813,42.242247473167474,0.6456678755620959,0.0,0
47.796,0.06977171135741211,0.011350862832578431,0.3226289187284421,0.0,0.0,1e-12,0.22,1.0,0.6,0.6,0.7922435514188786,12,0.8784233963009052,1942.235173448911,1899.3472581001813,42.242247473167474,0.6456678755620959,0.0,0
47.882,0.09025339111580076,0.01935696021698589,0.4226289187171743,0.0,0.0,1e-12,0.22,1.0,0.6,0.6,0.7726499497944718,12,0.8784233963009052,1942.235173448911,1899.3472581001813,42.242247473167474,0.6456678755620959,0.0,0
47.99,0.10983347173140419,0.029367816530826943,0.5226289187081039,0.0,0.0,1e-12,0.22,1.0,0.6,0.6,0.7522528260137572,12,0.8784233963009052,1942.235173448911,1899.3472581001813,42.242247473167474,0.6456678755620959,0.0,0
48.079,0.1283163155111922,0.04128340660701277,0.6226289186968166,0.0,0.0,1e-12,0.22,1.0,0.6,0.6,0.7311974630327992,12,0.8784233963009052,1942.235173448911,1899.3472581001813,42.242247473167474,0.6456678755620959,0.0,0
48.184,0.1455172479893519,0.054984673808084375,0.7226289186987169,0.0,0.0,1e-12,0.22,1.0,0.6,0.6,0.7096451772958458,12,0.8784233963009052,1942.235173448911,1899.3472581001813,42.242247473167474,0.6456678755620959,0.0,0
48.28,0.161264403134598,0.07033471960153291,0.8226289187012797,0.0,0.0,1e-12,0.22,1.0,0.6,0.6,0.6877748419478771,12,0.8784233963009052,1942.235173448911,1899.3472581001813,42.242247473167474,0.6456678755620959,0.0,0
48.386,0.17540044057812137,0.08718017140386594,0.9226289187018089,0.0,0.0,1e-12,0.22,1.0,0.6,0.6,0.6657844714790379,12,0.8784233963009052,1942.235173448911,1899.3472581001813,42.242247473167474,0.6456678755620959,0.0,0
48.486,0.18778411770658995,0.10535271502902142,1.0226289187003341,0.0,0.0,1e-12,0.22,1.0,0.6,0.6,0.6438927473920598,12,0.8784233963009052,1942.235173448911,1899.3472581001813,42.242247473167474,0.6456678755620959,0.0,0
48.586,0.19829170091166903,0.12467077642813064,1.122628918696827,0.0,0.0,1e-12,0.22,1.0,0.6,0.6,0.6223402833963716,12,0.8784233963009052,1942.235173448911,1899.3472581001813,42.242247473167474,0.6456678755620959,0.0,0
48.684,0.20681820189537023,0.14494133591740088,1.222628918691338,0.0,0.0,1e-12,0.22,1.0,0.6,0.6,0.6013903176119728,12,0.8784233963009052,1942.235173448911,1899.3472581001813,42.242247473167474,0.6456678755620959,0.0,0
48.785,0.21327842667839408,0.16596185676699518,1.3226289186839322,0.0,0.0,1e-12,0.22,1.0,0.6,0.6,0.581328379707625,12,0.8784233963009052,1942.235173448911,1899.3472581001813,42.242247473167474,0.6456678755620959,0.0,0
48.888,0.21760782683021554,0.18752230888108076,1.4226289186747105,0.0,0.0,1e-12,0.22,1.0,0.6,0.6,0.5624603272874497,12,0.8784233963009052,1942.235173448911,1899.3472581001813,42.242247473167474,0.6456678755620959,0.0,0
48.983,0.2197631444156638,0.20940726734911727,1.5226289186637518,0.0,0.0,1e-12,0.22,1.0,0.6,0.6,0.5451080160338382,12,0.8784233963009052,1942.235173448911,1899.3472581001813,42.242247473167474,0.6456678755620959,0.0,0
49.082,0.21972284421390165,0.2313980649003373,1.6226289186510345,0.0,0.0,1e-12,0.22,1.0,0.6,0.6,0.5296018332407663,12,0.8784233963009052,1942.235173448911,1899.3472581001813,42.242247473167474,0.6456678755620959,0.0,0
49.18,0.21748732889124617,0.2532749767548849,1.722628918636848,0.0,0.0,1e-12,0.22,1.0,0.6,0.6,0.5162694890297889,12,0.8784233963009052,1942.235173448911,1899.3472581001813,42.242247473167474,0.6456678755620959,0.0,0
49.28,0.2130789349778407,0.2748194160411203,1.8226289186213225,0.0,0.0,1e-12,0.22,1.0,0.6,0.6,0.5054209361925167,12,0.8784233963009052,1942.235173448911,1899.3472581001813,42.242247473167474,0.6456678755620959,0.0,0
49.379,0.2065417096884367,0.2958161178434074,1.9226289186045247,0.0,0.0,1e-12,0.22,1.0,0.6,0.6,0.49733013218460254,12,0.8784233963009052,1942.235173448911,1899.3472581001813,42.242247473167474,0.6456678755620959,0.0,0
49.479,0.19794097081722853,0.3160552900576932,2.0226289185957316,0.0,0.0,1e-12,0.22,1.0,0.6,0.6,0.4922154622232152,12,0.8784233963009052,1942.235173448911,1899.3472581001813,42.242247473167474,0.6456678755620959,0.0,0
49.579,0.18736265410381342,0.33533470956558514,2.122628918586036,0.0,0.0,1e-12,0.22,1.0,0.6,0.6,0.49022167963991786,12,0.8784233963009052,1942.235173448911,1899.3472581001813,42.242247473167474,0.6456678755620959,0.0,0
49.679,0.17491245459210772,0.3534617427803131,2.2226289185766404,0.0,0.0,1e-12,0.22,1.0,0.6,0.6,0.49140668853183855,12,0.8784233963009052,1942.235173448911,1899.3472581001813,42.242247473167474,0.6456678755620959,0.0,0
49.779,0.1607147705602354,0.3702552703775991,2.322628918580619,0.0,0.0,1e-12,0.22,1.0,0.6,0.6,0.49573597165549393,12,0.8784233963009052,1942.235173448911,1899.3472581001813,42.242247473167474,0.6456678755620959,0.0,0
49.88,0.144911460573589,0.3855474969811807,2.4226289185825958,0.0,0.0,1e-12,0.22,1.0,0.6,0.6,0.503085931793268,12,0.8784233963009052,1942.235173448911,1899.3472581001813,42.242247473167474,0.6456678755620959,0.0,0
49.982,0.12766042608169953,0.3991856277178158,2.522628918582599,0.0,0.0,1e-12,0.22,1.0,0.6,0.6,0.5132553801027411,12,0.8784233963009052,1942.235173448911,1899.3472581001813,42.242247473167474,0.6456678755620959,0.0,0
50.08,0.10913403371880719,0.4110333948933816,2.6226289185804617,0.0,0.0,1e-12,0.22,1.0,0.6,0.6,0.5259826752837871,12,0.8784233963009052,1942.235173448911,1899.3472581001813,42.242247473167474,0.6456678755620959,0.0,0
50.179,0.0895173930733783,0.4209724195346609,2.7226289185763863,0.0,0.0,1e-12,0.22,1.0,0.6,0.6,0.5409652174972742,12,0.8784233963009052,1942.235173448911,1899.3472581001813,42.242247473167474,0.6456678755620959,0.0,0
50.279,0.06900650713433512,0.42890339419289253,2.8226289185703552,0.0,0.0,1e-12,0.22,1.0,0.6,0.6,0.5578782465595801,12,0.8784233963009052,1942.235173448911,1899.3472581001813,42.242247473167474,0.6456678755620959,0.0,0
50.379,0.04780631389396355,0.4347470751909628,2.9226289185624057,0.0,0.0,1e-12,0.22,1.0,0.6,0.6,0.5763908362676433,12,0.8784233963009052,1942.235173448911,1899.3472581001813,42.242247473167474,0.6456678755620959,0.0,0
50.479,0.026128638675230194,0.4384450744000389,3.0226289185526176,0.0,0.0,1e-12,0.22,1.0,0.6,0.6,0.5961781053798885,12,0.8784233963009052,1942.235173448911,1899.3472581001813,42.242247473167474,0.6456678755620959,0.0,0
50.579,0.004190077643173615,0.4399604426344573,3.122628918541277,0.0,0.0,1e-12,0.22,1.0,0.6,0.6,0.6169295936333468,12,0.8784233963009052,1942.235173448911,1899.3472581001813,42.242247473167474,0.6456678755620959,0.0,0
50.679,-0.01779016635231766,0.43927803883575983,-3.060556388651576,0.0,0.0,1e-12,0.22,1.0,0.6,0.6,0.6383543204538557,12,0.8784233963009052,1942.235173448911,1899.3472581001813,42.242247473167474,0.6456678755620959,0.0,0
50.783,-0.03959247397905376,0.4364046813571412,-2.9605563886661583,0.0,0.0,1e-12,0.22,1.0,0.6,0.6,0.6601832783799548,12,0.8784233963009052,1942.235173448911,1899.3472581001813,42.242247473167474,0.6456678755620959,0.0,0
50.88,-0.06099900378616997,0.4313690798367202,-2.860556388682059,0.0,0.0,1e-12,0.22,1.0,0.6,0.6,0.6821701182560136,12,0.8784233963009052,1942.235173448911,1899.3472581001813,42.242247473167474,0.6456678755620959,0.0,0
50.979,-0.08179586880390759,0.4242215483403524,-2.760556388697389,0.0,0.0,1e-12,0.22,1.0,0.6,0.6,0.7040906694353634,12,0.8784233963009052,1942.235173448911,1899.3472581001813,42.242247473167474,0.6456678755620959,0.0,0
51.086,-0.10177527363133448,0.41503350264004224,-2.660556388705502,0.0,0.0,1e-12,0.22,1.0,0.6,0.6,0.7257417859169649,12,0.8784233963009052,1942.235173448911,1899.3472581001813,42.242247473167474,0.6456678755620959,0.0,0
51.179,-0.1207375906599659,0.4038967466511367,-2.5605563887159137,0.0,0.0,1e-12,0.22,1.0,0.6,0.6,0.7469398640883622,12,0.8784233963009052,1942.235173448911,1899.3472581001813,42.242247473167474,0.6456678755620959,0.0,0
51.285,-0.13849335468602883,0.39092255515826396,-2.4605563887206836,0.0,0.0,1e-12,0.22,1.0,0.6,0.6,0.7675192589485778,12,0.8784233963009052,1942.235173448911,1899.3472581001813,42.242247473167474,0.6456678755620959,0.0,0
51.387,-0.15486515598444753,0.3762405619940137,-2.3605563887172147,0.0,0.0,1e-12,0.22,1.0,0.6,0.6,0.7873307372484444,12,0.8784233963009052,1942.235173448911,1899.3472581001813,42.242247473167474,0.6456678755620959,0.0,0
51.499,-0.17245523515201722,0.35657553811554793,-2.2405563887158566,0.0,0.0,1e-12,0.22,1.0,0.6,0.6,0.8099028083402929,12,0.8784233963009052,1942.235173448911,1899.3472581001813,42.242247473167474,0.6456678755620959,0.0,0
51.587,-0.18281800644354854,0.3423555591764279,-2.160556388716576,0.0,0.0,1e-12,0.22,1.0,0.6,0.6,0.8241266220063168,12,0.8784233963009052,1942.235173448911,1899.3472581001813,42.242247473167474,0.6456678755620959,0.0,0
51.69,-0.1941197599625314,0.32349111727036817,-2.0605563887192315,0.0,0.0,1e-12,0.22,1.0,0.6,0.6,0.8408824860771793,12,0.8784233963009052,1942.235173448911,1899.3472581001813,42.242247473167474,0.6456678755620959,0.0,0
51.788,-0.2034817501003345,0.30359262633029455,-1.9605563887238773,0.0,0.0,1e-12,0.22,1.0,0.6,0.6,0.8564112644693954,12,0.8784233963009052,1942.235173448911,1899.3472581001813,42.242247473167474,0.6456678755620959,0.0,0
51.886,-0.2108104349462091,0.2828589055001017,-1.8605563887304875,0.0,0.0,1e-12,0.22,1.0,0.6,0.6,0.8706273802484357,12,0.8784233963009052,1942.235173448911,1899.3472581001813,42.242247473167474,0.6456678755620959,0.0,0
51.979,-0.21603258870376074,0.26149711926463576,-1.760556388738931,0.0,0.0,1e-12,0.22,1.0,0.6,0.6,0.8834553673461389,12,0.8784233963009052,1942.235173448911,1899.3472581001813,42.242247473167474,0.6456678755620959,0.0,0
52.081,-0.21909603333889252,0.23972070753067343,-1.6605563887493033,0.0,0.0,1e-12,0.22,1.0,0.6,0.6,0.8948293023888447,12,0.8784233963009052,1942.235173448911,1899.3472581001813,42.242247473167474,0.6456678755620959,0.0,0
52.184,-0.2199701599254868,0.21774725300584782,-1.5605563887612321,0.0,0.0,1e-12,0.22,1.0,0.6,0.6,0.9046923376224668,12,0.8784233963009052,1942.235173448911,1899.3472581001813,42.242247473167474,0.6456678755620959,0.0,0
52.28,-0.21864623447965786,0.19579630718428745,-1.4605563887748696,0.0,0.0,1e-12,0.22,1.0,0.6,0.6,0.9129963211938928,12,0.8784233963009052,1942.235173448911,1899.3472581001813,42.242247473167474,0.6456678755620959,0.0,0
52.385,-0.21513748522683696,0.1740871966605183,-1.3605563887898213,0.0,0.0,1e-12,0.22,1.0,0.6,0.6,0.9197014928064583,12,0.8784233963009052,1942.235173448911,1899.3472581001813,42.242247473167474,0.6456678755620959,0.0,0
52.48,-0.20947897042971847,0.15283683169077159,-1.2605563888060987,0.0,0.0,1e-12,0.22,1.0,0.6,0.6,0.924776244645322,12,0.8784233963009052,1942.235173448911,1899.3472581001813,42.242247473167474,0.6456678755620959,0.0,0
52.579,-0.20172722809771798,0.13225753889744918,-1.160556388818535,0.0,0.0,1e-12,0.22,1.0,0.6,0.6,0.9281969393353554,12,0.8784233963009052,1942.235173448911,1899.3472581001813,42.242247473167474,0.6456678755620959,0.0,0
52.68,-0.19195971107771373,0.11255493977161145,-1.0605563888273657,0.0,0.0,1e-12,0.22,1.0,0.6,0.6,0.9299477784861648,12,0.8784233963009052,1942.235173448911,1899.3472581001813,42.242247473167474,0.6456678755620959,0.0,0
52.779,-0.18027401317099254,0.09392589617070757,-0.9605563888383529,0.0,0.0,1e-12,0.22,1.0,0.6,0.6,0.930020717079242,12,0.8784233963009052,1942.235173448911,1899.3472581001813,42.242247473167474,0.6456678755620959,0.0,0
52.879,-0.16678689400842525,0.07655654334075551,-0.8605563888385184,0.0,0.0,1e-12,0.22,1.0,0.6,0.6,0.9284154205647741,12,0.8784233963009052,1942.235173448911,1899.3472581001813,42.242247473167474,0.6456678755620959,0.0,0
52.979,-0.1516331124261689,0.06062043011366422,-0.7605563888357175,0.0,0.0,1e-12,0.0,-1.0,0.6,0.6,0.9251392630875733,12,2.156313987539097,55311.888656123396,55268.849434666416,42.288910397610096,0.7503110593649052,0.0,0
53.08,-0.15035323664433178,0.05941233182285071,-0.8445563888108517,0.0,0.0,1e-12,0.0,-1.0,0.6,0.6,0.9248053885698505,12,2.156313987539097,55311.888656123396,55268.849434666416,42.288910397610096,0.7503110593649052,0.0,0
53.183,-0.15035323664406858,0.05941233182252132,-0.9445563888114038,0.0,0.0,1e-12,0.0,-1.0,0.6,0.6,0.9248053885698295,12,2.156313987539097,55311.888656123396,55268.849434666416,42.288910397610096,0.7503110593649052,0.0,0
53.285,-0.1503532366438417,0.05941233182217221,-1.0445563888118634,0.0,0.0,1e-12,0.0,-1.0,0.6,0.6,0.9248053885698495,12,2.156313987539097,55311.888656123396,55268.849434666416,42.288910397610096,0.7503110593649052,0.0,0
53.379,-0.1503532366437748,0.05941233182206079,-1.1445563887968866,0.0,0.0,1e-12,0.0,-1.0,0.6,0.6,0.9248053885698604,12,2.156313987539097,55311.888656123396,55268.849434666416,42.288910397610096,0.7503110593649052,0.0,0
53.48,-0.15035323664381461,0.059412331822200445,-1.2445563887796396,0.0,0.0,1e-12,0.0,-1.0,0.6,0.6,0.924805388569811,12,2.156313987539097,55311.888656123396,55268.849434666416,42.288910397610096,0.7503110593649052,0.0,0
53.58,-0.15035323664388822,0.059412331822458246,-1.3445563887558485,0.0,0.0,1e-12,0.0,-1.0,0.6,0.6,0.92480538856972,12,2.156313987539097,55311.888656123396,55268.849434666416,42.288910397610096,0.7503110593649052,0.0,0
53.68,-0.150353236643922,0.0594123318226367,-1.4445563887315709,0.0,0.0,1e-12,0.0,-1.0,0.6,0.6,0.9248053885696431,12,2.156313987539097,55311.888656123396,55268.849434666416,42.288910397610096,0.7503110593649052,0.0,0
53.779,-0.15035323664392755,0.05941233182272924,-1.5445563887070868,0.0,0.0,1e-12,0.0,-1.0,0.6,0.6,0.9248053885695935,12,2.156313987539097,55311.888656123396,55268.849434666416,42.288910397610096,0.7503110593649052,0.0,0
53.893,-0.15035323664392955,0.05941233182272278,-1.6445563886826102,0.0,0.0,1e-12,0.0,-1.0,0.6,0.6,0.9248053885695989,12,2.156313987539097,55311.888656123396,55268.849434666416,42.288910397610096,0.7503110593649052,0.0,0
53.979,-0.15035323664394246,0.05941233182263004,-1.7445563886584317,0.0,0.0,1e-12,0.0,-1.0,0.6,0.6,0.9248053885696637,12,2.156313987539097,55311.888656123396,55268.849434666416,42.288910397610096,0.7503110593649052,0.0,0
54.079,-0.15035323664398134,0.05941233182245098,-1.8445563886348857,0.0,0.0,1e-12,0.0,-1.0,0.6,0.6,0.9248053885697999,12,2.156313987539097,55311.888656123396,55268.849434666416,42.288910397610096,0.7503110593649052,0.0,0
54.179,-0.1503532366440656,0.05941233182220691,-1.9445563886122281,0.0,0.0,1e-12,0.0,-1.0,0.6,0.6,0.9248053885700108,12,2.156313987539097,55311.888656123396,55268.849434666416,42.288910397610096,0.7503110593649052,0.0,0
54.28,-0.15035323664420602,0.059412331821897764,-2.044556388590565,0.0,0.0,1e-12,0.0,-1.0,0.6,0.6,0.9248053885703056,12,2.156313987539097,55311.888656123396,55268.849434666416,42.288910397610096,0.7503110593649052,0.0,0
54.379,-0.1503532366443746,0.059412331821599135,-2.144556388570021,0.0,0.0,1e-12,0.0,-1.0,0.6,0.6,0.9248053885706169,12,2.156313987539097,55311.888656123396,55268.849434666416,42.288910397610096,0.7503110593649052,0.0,0
54.487,-0.15035323664423628,0.059412331821796276,-2.2445563885497504,0.0,0.0,1e-12,0.0,-1.0,0.6,0.6,0.9248053885703894,12,2.156313987539097,55311.888656123396,55268.849434666416,42.288910397610096,0.7503110593649052,0.0,0
54.593,-0.15035323664416786,0.05941233182187225,-2.344556388529331,0.0,0.0,1e-12,0.0,-1.0,0.6,0.6,0.9248053885702895,12,2.156313987539097,55311.888656123396,55268.849434666416,42.288910397610096,0.7503110593649052,0.0,0
54.69,-0.1503532366441866,0.05941233182185487,-2.444556388509061,0.0,0.0,1e-12,0.0,-1.0,0.6,0.6,0.9248053885703148,12,2.156313987539097,55311.888656123396,55268.849434666416,42.288910397610096,0.7503110593649052,0.0,0
54.779,-0.15035323664394798,0.05941233182202919,-2.5445563884888647,0.0,0.0,1e-12,0.0,-1.0,0.6,0.6,0.9248053885700193,12,2.156313987539097,55311.888656123396,55268.849434666416,42.288910397610096,0.7503110593649052,0.0,0
54.884,-0.15035323664352138,0.05941233182228906,-2.6445563884674614,0.0,0.0,1e-12,0.0,-1.0,0.6,0.6,0.9248053885695213,12,2.156313987539097,55311.888656123396,55268.849434666416,42.288910397610096,0.7503110593649052,0.0,0
54.981,-0.15035323664314362,0.05941233182246889,-2.7445563884450843,0.0,0.0,1e-12,0.0,-1.0,0.6,0.6,0.9248053885691097,12,2.156313987539097,55311.888656123396,55268.849434666416,42.288910397610096,0.7503110593649052,0.0,0
55.079,-0.1503532366428319,0.05941233182258353,-2.844556388421741,0.0,0.0,1e-12,0.0,-1.0,0.6,0.6,0.9248053885687897,12,2.156313987539097,55311.888656123396,55268.849434666416,42.288910397610096,0.7503110593649052,0.0,0
55.179,-0.15035323664259093,0.059412331822645874,-2.944556388397829,0.0,0.0,1e-12,0.0,-1.0,0.6,0.6,0.9248053885685578,12,2.156313987539097,55311.888656123396,55268.849434666416,42.288910397610096,0.7503110593649052,0.0,0
55.286,-0.15035323664243672,0.05941233182267087,-3.044556388373519,0.0,0.0,1e-12,0.0,-1.0,0.6,0.6,0.924805388568418,12,2.156313987539097,55311.888656123396,55268.849434666416,42.288910397610096,0.7503110593649052,0.0,0
55.399,-0.15035323664237277,0.05941233182267144,3.11862891883549,0.0,0.0,1e-12,0.0,-1.0,0.6,0.6,0.9248053885683658,12,2.156313987539097,55311.888656123396,55268.849434666416,42.288910397610096,0.7503110593649052,0.0,0
55.48,-0.15035323664240077,0.05941233182267335,3.038628918854925,0.0,0.0,1e-12,0.0,-1.0,0.6,0.6,0.9248053885683875,12,2.156313987539097,55311.888656123396,55268.849434666416,42.288910397610096,0.7503110593649052,0.0,0
55.579,-0.15035323664252398,0.059412331822693815,2.9386289188790253,0.0,0.0,1e-12,0.0,-1.0,0.6,0.6,0.9248053885684755,12,2.156313987539097,55311.888656123396,55268.849434666416,42.288910397610096,0.7503110593649052,0.0,0
55.681,-0.15035323664271977,0.059412331822745995,2.8386289189023546,0.0,0.0,1e-12,0.0,-1.0,0.6,0.6,0.9248053885686037,12,2.156313987539097,55311.888656123396,55268.849434666416,42.288910397610096,0.7503110593649052,0.0,0
55.779,-0.15035323664298314,0.059412331822842814,2.738628918924753,0.0,0.0,1e-12,0.0,-1.0,0.6,0.6,0.9248053885687609,12,2.156313987539097,55311.888656123396,55268.849434666416,42.288910397610096,0.7503110593649052,0.0,0
55.879,-0.15035323664330924,0.059412331823003706,2.638628918946082,0.0,0.0,1e-12,0.0,-1.0,0.6,0.6,0.9248053885689315,12,2.156313987539097,55311.888656123396,55268.849434666416,42.288910397610096,0.7503110593649052,0.0,0
55.979,-0.15035323664343897,0.059412331823069375,2.5386289189663986,0.0,0.0,1e-12,0.0,-1.0,0.6,0.6,0.9248053885689983,12,2.156313987539097,55311.888656123396,55268.849434666416,42.288910397610096,0.7503110593649052,0.0,0
56.079,-0.1503532366432803,0.05941233182295443,2.438628918986795,0.0,0.0,1e-12,0.0,-1.0,0.6,0.6,0.9248053885689367,12,2.156313987539097,55311.888656123396,55268.849434666416,42.288910397610096,0.7503110593649052,0.0,0
56.187,-0.15035323664322908,0.05941233182290533,2.338628919007149,0.0,0.0,1e-12,0.0,-1.0,0.6,0.6,0.9248053885689239,12,2.156313987539097,55311.888656123396,55268.849434666416,42.288910397610096,0.7503110593649052,0.0,0
56.281,-0.15035323664326583,0.05941233182295239,2.2386289190272968,0.0,0.0,1e-12,0.0,-1.0,0.6,0.6,0.9248053885689262,12,2.156313987539097,55311.888656123396,55268.849434666416,42.288910397610096,0.7503110593649052,0.0,0
56.379,-0.15035323664299188,0.059412331822560636,2.138628919047757,0.0,0.0,1e-12,0.0,-1.0,0.6,0.6,0.9248053885689329,12,2.156313987539097,55311.888656123396,55268.849434666416,42.288910397610096,0.7503110593649052,0.0,0
56.48,-0.15035323664275688,0.05941233182214699,2.0386289190695073,0.0,0.0,1e-12,0.0,-1.0,0.6,0.6,0.9248053885689841,12,2.156313987539097,55311.888656123396,55268.849434666416,42.288910397610096,0.7503110593649052,0.0,0
56.582,-0.1503532366425979,0.05941233182179087,1.9386289190922894,0.0,0.0,1e-12,0.0,-1.0,0.6,0.6,0.9248053885690632,12,2.156313987539097,55311.888656123396,55268.849434666416,42.288910397610096,0.7503110593649052,0.0,0
56.679,-0.15035323664249942,0.05941233182149451,1.8386289191157943,0.0,0.0,1e-12,0.0,-1.0,0.6,0.6,0.9248053885691566,12,2.156313987539097,55311.888656123396,55268.849434666416,42.288910397610096,0.7503110593649052,0.0,0
56.78,-0.15035323664245295,0.05941233182128386,1.738628919139925,0.0,0.0,1e-12,0.0,-1.0,0.6,0.6,0.9248053885692419,12,2.156313987539097,55311.888656123396,55268.849434666416,42.288910397610096,0.7503110593649052,0.0,0
56.879,-0.15035323664243588,0.05941233182115479,1.6386289191643626,0.0,0.0,1e-12,0.0,-1.0,0.6,0.6,0.9248053885693036,12,2.156313987539097,55311.888656123396,55268.849434666416,42.288910397610096,0.7503110593649052,0.0,0
56.98,-0.1503532366424348,0.059412331821116035,1.538628919188834,0.0,0.0,1e-12,0.0,-1.0,0.6,0.6,0.9248053885693254,12,2.156313987539097,55311.888656123396,55268.849434666416,42.288910397610096,0.7503110593649052,0.0,0
57.081,-0.1503532366424288,0.05941233182116563,1.4386289192130601,0.0,0.0,1e-12,0.0,-1.0,0.6,0.6,0.9248053885692915,12,2.156313987539097,55311.888656123396,55268.849434666416,42.288910397610096,0.7503110593649052,0.0,0
57.179,-0.1503532366424011,0.05941233182131874,1.338628919237027,0.0,0.0,1e-12,0.0,-1.0,0.6,0.6,0.9248053885691795,12,2.156313987539097,55311.888656123396,55268.849434666416,42.288910397610096,0.7503110593649052,0.0,0
57.279,-0.15035323664233824,0.059412331821534645,1.2386289192600866,0.0,0.0,1e-12,0.0,-1.0,0.6,0.6,0.9248053885690023,12,2.156313987539097,55311.888656123396,55268.849434666416,42.288910397610096,0.7503110593649052,0.0,0
57.38,-0.1503532366422234,0.05941233182181559,1.1386289192821955,0.0,0.0,1e-12,0.0,-1.0,0.6,0.6,0.924805388568745,12,2.156313987539097,55311.888656123396,55268.849434666416,42.288910397610096,0.7503110593649052,0.0,0
57.479,-0.1503532366420432,0.059412331822159534,1.0386289193031817,0.0,0.0,1e-12,0.0,-1.0,0.6,0.6,0.9248053885683976,12,2.156313987539097,55311.888656123396,55268.849434666416,42.288910397610096,0.7503110593649052,0.0,0
57.58,-0.15035323664207462,0.05941233182212481,0.9386289193234626,0.0,0.0,1e-12,0.0,-1.0,0.6,0.6,0.9248053885684435,12,2.156313987539097,55311.888656123396,55268.849434666416,42.288910397610096,0.7503110593649052,0.0,0
57.68,-0.15035323664217476,0.05941233182200121,0.8386289193438272,0.0,0.0,1e-12,0.0,-1.0,0.6,0.6,0.924805388568597,12,2.156313987539097,55311.888656123396,55268.849434666416,42.288910397610096,0.7503110593649052,0.0,0
57.779,-0.1503532366421982,0.05941233182197515,0.7386289193641188,0.0,0.0,1e-12,0.0,-1.0,0.6,0.6,0.9248053885686313,12,2.156313987539097,55311.888656123396,55268.849434666416,42.288910397610096,0.7503110593649052,0.0,0
57.889,-0.15035323664222994,0.05941233182195336,0.6386289193842293,0.0,0.0,1e-12,0.0,-1.0,0.6,0.6,0.9248053885686697,12,2.156313987539097,55311.888656123396,55268.849434666416,42.288910397610096,0.7503110593649052,0.0,0
57.979,-0.1503532366426727,0.0594123318216567,0.5386289194051234,0.0,0.0,1e-12,0.0,-1.0,0.6,0.6,0.9248053885692022,12,2.156313987539097,55311.888656123396,55268.849434666416,42.288910397610096,0.7503110593649052,0.0,0
58.1,-0.15035323664314373,0.0594123318214115,0.41862891943171426,0.0,0.0,1e-12,0.0,-1.0,0.6,0.6,0.9248053885697278,12,2.156313987539097,55311.888656123396,55268.849434666416,42.288910397610096,0.7503110593649052,0.0,0
58.179,-0.15035323664341405,0.05941233182130368,0.33862891945020074,0.0,0.0,1e-12,0.0,-1.0,0.6,0.6,0.9248053885700102,12,2.156313987539097,55311.888656123396,55268.849434666416,42.288910397610096,0.7503110593649052,0.0,0
58.279,-0.15035323664368233,0.05941233182122385,0.23862891947392792,0.0,0.0,1e-12,0.0,-1.0,0.6,0.6,0.9248053885702745,12,2.156313987539097,55311.888656123396,55268.849434666416,42.288910397610096,0.7503110593649052,0.0,0
58.384,-0.15035323664387418,0.05941233182118777,0.13862891949814712,0.0,0.0,1e-12,0.0,-1.0,0.6,0.6,0.9248053885704512,12,2.156313987539097,55311.888656123396,55268.849434666416,42.288910397610096,0.7503110593649052,0.0,0
58.492,-0.1503532366439756,0.05941233182117828,0.0386289195225848,0.0,0.0,1e-12,0.0,-1.0,0.6,0.6,0.9248053885705392,12,2.156313987539097,55311.888656123396,55268.849434666416,42.288910397610096,0.7503110593649052,0.0,0
58.588,-0.150353236643986,0.05941233182117389,-0.06137108045294554,0.0,0.0,1e-12,0.0,-1.0,0.6,0.6,0.9248053885705502,12,2.156313987539097,55311.888656123396,55268.849434666416,42.288910397610096,0.7503110593649052,0.0,0
58.661,-0.1503532366439326,0.059412331821170034,-0.14137108043359756,0.0,0.0,1e-12,0.0,-1.0,0.6,0.6,0.9248053885705091,12,2.156313987539097,55311.888656123396,55268.849434666416,42.288910397610096,0.7503110593649052,0.0,0
58.784,-0.15035323664373543,0.05941233182112863,-0.26137108040504886,0.0,0.0,1e-12,0.0,-1.0,0.6,0.6,0.9248053885703733,12,2.156313987539097,55311.888656123396,55268.849434666416,42.288910397610096,0.7503110593649052,0.0,0
58.879,-0.15035323664350128,0.05941233182105097,-0.3613710803822579,0.0,0.0,1e-12,0.0,-1.0,0.6,0.6,0.9248053885702286,12,2.156313987539097,55311.888656123396,55268.849434666416,42.288910397610096,0.7503110593649052,0.0,0
58.986,-0.15035323664320113,0.05941233182092214,-0.4613710803604723,0.0,0.0,1e-12,0.0,-1.0,0.6,0.6,0.9248053885700604,12,2.156313987539097,55311.888656123396,55268.849434666416,42.288910397610096,0.7503110593649052,0.0,0
59.079,-0.15035323664283753,0.059412331820716355,-0.5613710803398022,0.0,0.0,1e-12,0.0,-1.0,0.6,0.6,0.9248053885698857,12,2.156313987539097,55311.888656123396,55268.849434666416,42.288910397610096,0.7503110593649052,0.0,0
59.179,-0.15035323664303274,0.05941233182085253,-0.6613710803195161,0.0,0.0,1e-12,0.0,-1.0,0.6,0.6,0.9248053885699646,12,2.156313987539097,55311.888656123396,55268.849434666416,42.288910397610096,0.7503110593649052,0.0,0
59.279,-0.15035323664312736,0.05941233182093138,-0.7613710802991513,0.0,0.0,1e-12,0.0,-1.0,0.6,0.6,0.9248053885699952,12,2.156313987539097,55311.888656123396,55268.849434666416,42.288910397610096,0.7503110593649052,0.0,0
59.379,-0.15035323664312175,0.05941233182092497,-0.8613710802788386,0.0,0.0,1e-12,0.0,-1.0,0.6,0.6,0.9248053885699944,12,2.156313987539097,55311.888656123396,55268.849434666416,42.288910397610096,0.7503110593649052,0.0,0
59.486,-0.15035323664325073,0.05941233182110479,-0.9613710802587137,0.0,0.0,1e-12,0.0,-1.0,0.6,0.6,0.924805388569994,12,2.156313987539097,55311.888656123396,55268.849434666416,42.288910397610096,0.7503110593649052,0.0,0
59.579,-0.15035323664352424,0.05941233182153746,-1.0613710802375038,0.0,0.0,1e-12,0.0,-1.0,0.6,0.6,0.9248053885699629,12,2.156313987539097,55311.888656123396,55268.849434666416,42.288910397610096,0.7503110593649052,0.0,0
59.679,-0.15035323664371175,0.059412331821917054,-1.1613710802151052,0.0,0.0,1e-12,0.0,-1.0,0.6,0.6,0.9248053885698932,12,2.156313987539097,55311.888656123396,55268.849434666416,42.288910397610096,0.7503110593649052,0.0,0
59.78,-0.1503532366438346,0.05941233182224334,-1.2613710801917957,0.0,0.0,1e-12,0.0,-1.0,0.6,0.6,0.9248053885698021,12,2.156313987539097,55311.888656123396,55268.849434666416,42.288910397610096,0.7503110593649052,0.0,0
59.881,-0.15035323664390193,0.059412331822490415,-1.3613710801679384,0.0,0.0,1e-12,0.0,-1.0,0.6,0.6,0.9248053885697123,12,2.156313987539097,55311.888656123396,55268.849434666416,42.288910397610096,0.7503110593649052,0.0,0
59.98,-0.1503532366439292,0.05941233182265601,-1.4613710801437054,0.0,0.0,1e-12,0.0,-1.0,0.6,0.6,0.9248053885696377,12,2.156313987539097,55311.888656123396,55268.849434666416,42.288910397610096,0.7503110593649052,0.0,0
60.079,-0.15035323664393213,0.059412331822735656,-1.5613710801192355,0.0,0.0,1e-12,0.0,-1.0,0.6,0.6,0.9248053885695935,12,2.156313987539097,55311.888656123396,55268.849434666416,42.288910397610096,0.7503110593649052,0.0,0
60.18,-0.15035323664393432,0.05941233182271411,-1.6613710800947925,0.0,0.0,1e-12,0.0,-1.0,0.6,0.6,0.9248053885696078,12,2.156313987539097,55311.888656123396,55268.849434666416,42.288910397610096,0.7503110593649052,0.0,0
60.281,-0.15035323664395164,0.05941233182260414,-1.7613710800706532,0.0,0.0,1e-12,0.0,-1.0,0.6,0.6,0.9248053885696862,12,2.156313987539097,55311.888656123396,55268.849434666416,42.288910397610096,0.7503110593649052,0.0,0
60.379,-0.15035323664399886,0.05941233182241422,-1.8613710800472176,0.0,0.0,1e-12,0.0,-1.0,0.6,0.6,0.9248053885698355,12,2.156313987539097,55311.888656123396,55268.849434666416,42.288910397610096,0.7503110593649052,0.0,0
60.481,-0.15035323664408926,0.059412331822163635,-1.9613710800247017,0.0,0.0,1e-12,0.0,-1.0,0.6,0.6,0.9248053885700553,12,2.156313987539097,55311.888656123396,55268.849434666416,42.288910397610096,0.7503110593649052,0.0,0
60.58,-0.15035323664424072,0.059412331821843634,-2.0613710800032394,0.0,0.0,1e-12,0.0,-1.0,0.6,0.6,0.9248053885703653,12,2.156313987539097,55311.888656123396,55268.849434666416,42.288910397610096,0.7503110593649052,0.0,0
60.68,-0.15035323664435454,0.05941233182164021,-2.1613710799828145,0.0,0.0,1e-12,0.0,-1.0,0.6,0.6,0.9248053885705766,12,2.156313987539097,55311.888656123396,55268.849434666416,42.288910397610096,0.7503110593649052,0.0,0
60.779,-0.15035323664422848,0.05941233182181141,-2.26137107996248,0.0,0.0,1e-12,0.0,-1.0,0.6,0.6,0.9248053885703742,12,2.156313987539097,55311.888656123396,55268.849434666416,42.288910397610096,0.7503110593649052,0.0,0
60.879,-0.15035323664417255,0.0594123318218722,-2.3613710799420873,0.0,0.0,1e-12,0.0,-1.0,0.6,0.6,0.9248053885702933,12,2.156313987539097,55311.888656123396,55268.849434666416,42.288910397610096,0.7503110593649052,0.0,0
60.991,-0.1503532366442062,0.05941233182184392,-2.461371079921879,0.0,0.0,1e-12,0.0,-1.0,0.6,0.6,0.9248053885703371,12,2.156313987539097,55311.888656123396,55268.849434666416,42.288910397610096,0.7503110593649052,0.0,0
61.081,-0.15035323664387737,0.05941233182207929,-2.5613710799015306,0.0,0.0,1e-12,0.0,-1.0,0.6,0.6,0.9248053885699328,12,2.156313987539097,55311.888656123396,55268.849434666416,42.288910397610096,0.7503110593649052,0.0,0
61.179,-0.15035323664346173,0.05941233182232189,-2.6613710798799315,0.0,0.0,1e-12,0.0,-1.0,0.6,0.6,0.9248053885694537,12,2.156313987539097,55311.888656123396,55268.849434666416,42.288910397610096,0.7503110593649052,0.0,0
61.287,-0.15035323664309364,0.059412331822490845,-2.761371079857288,0.0,0.0,1e-12,0.0,-1.0,0.6,0.6,0.9248053885690563,12,2.156313987539097,55311.888656123396,55268.849434666416,42.288910397610096,0.7503110593649052,0.0,0
61.385,-0.15035323664279218,0.05941233182259679,-2.861371079833813,0.0,0.0,1e-12,0.0,-1.0,0.6,0.6,0.9248053885687498,12,2.156313987539097,55311.888656123396,55268.849434666416,42.288910397610096,0.7503110593649052,0.0,0
61.479,-0.1503532366425667,0.05941233182265038,-2.961371079809805,0.0,0.0,1e-12,0.0,-1.0,0.6,0.6,0.9248053885685356,12,2.156313987539097,55311.888656123396,55268.849434666416,42.288910397610096,0.7503110593649052,0.0,0
61.583,-0.1503532366424278,0.05941233182266879,-3.0613710797853817,0.0,0.0,1e-12,0.0,-1.0,0.6,0.6,0.924805388568412,12,2.156313987539097,55311.888656123396,55268.849434666416,42.288910397610096,0.7503110593649052,0.0,0
61.688,-0.15035323664237848,0.059412331822671374,3.121814227418676,0.0,0.0,1e-12,0.0,-1.0,0.6,0.6,0.9248053885683705,12,2.156313987539097,55311.888656123396,55268.849434666416,42.288910397610096,0.7503110593649052,0.0,0
61.781,-0.15035323664241695,0.05941233182267534,3.021814227442927,0.0,0.0,1e-12,0.0,-1.0,0.6,0.6,0.9248053885683993,12,2.156313987539097,55311.888656123396,55268.849434666416,42.288910397610096,0.7503110593649052,0.0,0
61.888,-0.1503532366425591,0.05941233182269783,2.9218142274669794,0.0,0.0,1e-12,0.0,-1.0,0.6,0.6,0.9248053885685016,12,2.156313987539097,55311.888656123396,55268.849434666416,42.288910397610096,0.7503110593649052,0.0,0
61.988,-0.1503532366427655,0.05941233182275639,2.8218142274901594,0.0,0.0,1e-12,0.0,-1.0,0.6,0.6,0.9248053885686348,12,2.156313987539097,55311.888656123396,55268.849434666416,42.288910397610096,0.7503110593649052,0.0,0
62.08,-0.15035323664303998,0.059412331822861715,2.721814227512389,0.0,0.0,1e-12,0.0,-1.0,0.6,0.6,0.9248053885687959,12,2.156313987539097,55311.888656123396,55268.849434666416,42.288910397610096,0.7503110593649052,0.0,0
62.199,-0.15035323664345224,0.05941233182308002,2.601814227537611,0.0,0.0,1e-12,0.0,-1.0,0.6,0.6,0.9248053885690029,12,2.156313987539097,55311.888656123396,55268.849434666416,42.288910397610096,0.7503110593649052,0.0,0
62.284,-0.15035323664340888,0.059412331823043785,2.5218142275538007,0.0,0.0,1e-12,0.0,-1.0,0.6,0.6,0.9248053885689889,12,2.1610166289252595,55282.550445830944,55239.26338645741,42.288923727076664,0.9981356464568208,0.0,0
62.394,-0.15035323664327077,0.05941233182293729,2.4218142275741843,0.0,0.0,1e-12,0.0,-1.0,0.6,0.6,0.9248053885689391,12,2.1610166289252595,55282.550445830944,55239.26338645741,42.288923727076664,0.9981356464568208,0.0,0
62.479,-0.15035323664323372,0.05941233182290313,2.321814227594487,0.0,0.0,1e-12,0.0,-1.0,0.6,0.6,0.9248053885689289,12,2.1610166289252595,55282.550445830944,55239.26338645741,42.288923727076664,0.9981356464568208,0.0,0
62.579,-0.15035323664326025,0.059412331822933075,2.221814227614617,0.0,0.0,1e-12,0.0,-1.0,0.6,0.6,0.924805388568933,12,2.1610166289252595,55282.550445830944,55239.26338645741,42.288923727076664,0.9981356464568208,0.0,0
62.686,-0.15035323664295216,0.0594123318224856,2.121814227635331,0.0,0.0,1e-12,0.0,-1.0,0.6,0.6,0.9248053885689446,12,2.1610166289252595,55282.550445830944,55239.26338645741,42.288923727076664,0.9981356464568208,0.0,0
62.779,-0.1503532366427294,0.05941233182208261,2.0218142276572357,0.0,0.0,1e-12,0.0,-1.0,0.6,0.6,0.9248053885689994,12,2.1610166289252595,55282.550445830944,55239.26338645741,42.288923727076664,0.9981356464568208,0.0,0
62.88,-0.15035323664258204,0.05941233182173285,1.9218142276801797,0.0,0.0,1e-12,0.0,-1.0,0.6,0.6,0.9248053885690842,12,2.1610166289252595,55282.550445830944,55239.26338645741,42.288923727076664,0.9981356464568208,0.0,0
62.979,-0.15035323664249386,0.05941233182145363,1.8218142277038107,0.0,0.0,1e-12,0.0,-1.0,0.6,0.6,0.9248053885691759,12,2.1610166289252595,55282.550445830944,55239.26338645741,42.288923727076664,0.9981356464568208,0.0,0
63.079,-0.15035323664245173,0.059412331821253696,1.7218142277280037,0.0,0.0,1e-12,0.0,-1.0,0.6,0.6,0.9248053885692585,12,2.1610166289252595,55282.550445830944,55239.26338645741,42.288923727076664,0.9981356464568208,0.0,0
63.183,-0.15035323664243924,0.059412331821141834,1.6218142277524128,0.0,0.0,1e-12,0.0,-1.0,0.6,0.6,0.9248053885693139,12,2.1610166289252595,55282.550445830944,55239.26338645741,42.288923727076664,0.9981356464568208,0.0,0
63.279,-0.15035323664243797,0.05941233182111815,1.5218142277768676,0.0,0.0,1e-12,0.0,-1.0,0.6,0.6,0.9248053885693267,12,2.1610166289252595,55282.550445830944,55239.26338645741,42.288923727076664,0.9981356464568208,0.0,0
63.379,-0.15035323664243233,0.05941233182118497,1.4218142278010557,0.0,0.0,1e-12,0.0,-1.0,0.6,0.6,0.9248053885692831,12,2.1610166289252595,55282.550445830944,55239.26338645741,42.288923727076664,0.9981356464568208,0.0,0
63.483,-0.1503532366423973,0.059412331821348925,1.3218142278248732,0.0,0.0,1e-12,0.0,-1.0,0.6,0.6,0.9248053885691587,12,2.1610166289252595,55282.550445830944,55239.26338645741,42.288923727076664,0.9981356464568208,0.0,0
63.579,-0.1503532366423265,0.0594123318215735,1.2218142278477875,0.0,0.0,1e-12,0.0,-1.0,0.6,0.6,0.9248053885689701,12,2.1610166289252595,55282.550445830944,55239.26338645741,42.288923727076664,0.9981356464568208,0.0,0
63.679,-0.1503532366422025,0.059412331821865304,1.1218142278696872,0.0,0.0,1e-12,0.0,-1.0,0.6,0.6,0.9248053885686989,12,2.1610166289252595,55282.550445830944,55239.26338645741,42.288923727076664,0.9981356464568208,0.0,0
63.779,-0.15035323664200917,0.05941233182222012,1.0218142278905151,0.0,0.0,1e-12,0.0,-1.0,0.6,0.6,0.9248053885683346,12,2.1610166289252595,55282.550445830944,55239.26338645741,42.288923727076664,0.9981356464568208,0.0,0
63.88,-0.15035323664210087,0.05941233182209229,0.9218142279107809,0.0,0.0,1e-12,0.0,-1.0,0.6,0.6,0.9248053885684838,12,2.1610166289252595,55282.550445830944,55239.26338645741,42.288923727076664,0.9981356464568208,0.0,0
63.979,-0.15035323664219313,0.059412331821981655,0.821814227931119,0.0,0.0,1e-12,0.0,-1.0,0.6,0.6,0.9248053885686233,12,2.1610166289252595,55282.550445830944,55239.26338645741,42.288923727076664,0.9981356464568208,0.0,0
64.086,-0.15035323664219621,0.05941233182197734,0.7218142279514461,0.0,0.0,1e-12,0.0,-1.0,0.6,0.6,0.9248053885686284,12,2.1610166289252595,55282.550445830944,55239.26338645741,42.288923727076664,0.9981356464568208,0.0,0
64.179,-0.15035323664230973,0.05941233182189668,0.6218142279714972,0.0,0.0,1e-12,0.0,-1.0,0.6,0.6,0.9248053885687676,12,2.1610166289252595,55282.550445830944,55239.26338645741,42.288923727076664,0.9981356464568208,0.0,0
64.279,-0.15035323664274525,0.059412331821615164,0.5218142279926494,0.0,0.0,1e-12,0.0,-1.0,0.6,0.6,0.9248053885692854,12,2.1610166289252595,55282.550445830944,55239.26338645741,42.288923727076664,0.9981356464568208,0.0,0
64.379,-0.15035323664313305,0.05941233182141588,0.4218142280148481,0.0,0.0,1e-12,0.0,-1.0,0.6,0.6,0.9248053885697166,12,2.1610166289252595,55282.550445830944,55239.26338645741,42.288923727076664,0.9981356464568208,0.0,0
64.479,-0.15035323664346797,0.059412331821283824,0.3218142280380068,0.0,0.0,1e-12,0.0,-1.0,0.6,0.6,0.9248053885700656,12,2.1610166289252595,55282.550445830944,55239.26338645741,42.288923727076664,0.9981356464568208,0.0,0
64.586,-0.1503532366437236,0.059412331821210584,0.22181422806183512,0.0,0.0,1e-12,0.0,-1.0,0.6,0.6,0.9248053885703157,12,2.1610166289252595,55282.550445830944,55239.26338645741,42.288923727076664,0.9981356464568208,0.0,0
64.679,-0.15035323664389885,0.059412331821181094,0.12181422808604987,0.0,0.0,1e-12,0.0,-1.0,0.6,0.6,0.9248053885704752,12,2.1610166289252595,55282.550445830944,55239.26338645741,42.288923727076664,0.9981356464568208,0.0,0
64.779,-0.15035323664398836,0.05941233182117388,0.02181422811048315,0.0,0.0,1e-12,0.0,-1.0,0.6,0.6,0.9248053885705521,12,2.1610166289252595,55282.550445830944,55239.26338645741,42.288923727076664,0.9981356464568208,0.0,0
64.899,-0.1503532366439708,0.05941233182117187,-0.0981857718602737,0.0,0.0,1e-12,0.0,-1.0,0.6,0.6,0.924805388570539,12,2.1610166289252595,55282.550445830944,55239.26338645741,42.288923727076664,0.9981356464568208,0.0,0
64.979,-0.1503532366438848,0.059412331821159674,-0.17818577184095677,0.0,0.0,1e-12,0.0,-1.0,0.6,0.6,0.9248053885704763,12,2.1610166289252595,55282.550445830944,55239.26338645741,42.288923727076664,0.9981356464568208,0.0,0
65.084,-0.15035323664370442,0.059412331821118144,-0.2781857718173851,0.0,0.0,1e-12,0.0,-1.0,0.6,0.6,0.9248053885703543,12,2.1610166289252595,55282.550445830944,55239.26338645741,42.288923727076664,0.9981356464568208,0.0,0
65.199,-0.15035323664340108,0.05941233182100875,-0.3981857717903525,0.0,0.0,1e-12,0.0,-1.0,0.6,0.6,0.924805388570172,12,2.1610166289252595,55282.550445830944,55239.26338645741,42.288923727076664,0.9981356464568208,0.0,0
65.283,-0.15035323664314615,0.05941233182089031,-0.4781857717731619,0.0,0.0,1e-12,0.0,-1.0,0.6,0.6,0.9248053885700345,12,2.1610166289252595,55282.550445830944,55239.26338645741,42.288923727076664,0.9981356464568208,0.0,0
65.38,-0.15035323664287115,0.0594123318207376,-0.5781857717526305,0.0,0.0,1e-12,0.0,-1.0,0.6,0.6,0.9248053885699006,12,2.1610166289252595,55282.550445830944,55239.26338645741,42.288923727076664,0.9981356464568208,0.0,0
65.496,-0.15035323664306027,0.05941233182086952,-0.6781857717323665,0.0,0.0,1e-12,0.0,-1.0,0.6,0.6,0.924805388569977,12,2.1610166289252595,55282.550445830944,55239.26338645741,42.288923727076664,0.9981356464568208,0.0,0
65.589,-0.1503532366431332,0.05941233182093563,-0.7781857717119467,0.0,0.0,1e-12,0.0,-1.0,0.6,0.6,0.9248053885699974,12,2.1610166289252595,55282.550445830944,55239.26338645741,42.288923727076664,0.9981356464568208,0.0,0
65.688,-0.15035323664311473,0.059412331820914266,-0.8781857716917101,0.0,0.0,1e-12,0.0,-1.0,0.6,0.6,0.924805388569995,12,2.1610166289252595,55282.550445830944,55239.26338645741,42.288923727076664,0.9981356464568208,0.0,0
65.799,-0.15035323664336145,0.0594123318212632,-0.9981857716672898,0.0,0.0,1e-12,0.0,-1.0,0.6,0.6,0.9248053885699912,12,2.1610166289252595,55282.550445830944,55239.26338645741,42.288923727076664,0.9981356464568208,0.0,0
65.879,-0.15035323664355682,0.059412331821597476,-1.078185771650024,0.0,0.0,1e-12,0.0,-1.0,0.6,0.6,0.9248053885699543,12,2.1610166289252595,55282.550445830944,55239.26338645741,42.288923727076664,0.9981356464568208,0.0,0
65.979,-0.1503532366437369,0.05941233182197068,-1.1781857716275763,0.0,0.0,1e-12,0.0,-1.0,0.6,0.6,0.9248053885698823,12,2.1610166289252595,55282.550445830944,55239.26338645741,42.288923727076664,0.9981356464568208,0.0,0
66.079,-0.15035323664384687,0.059412331822279854,-1.278185771604129,0.0,0.0,1e-12,0.0,-1.0,0.6,0.6,0.9248053885697907,12,2.1610166289252595,55282.550445830944,55239.26338645741,42.288923727076664,0.9981356464568208,0.0,0
66.18,-0.15035323664390646,0.059412331822520516,-1.3781857715802177,0.0,0.0,1e-12,0.0,-1.0,0.6,0.6,0.9248053885696984,12,2.1610166289252595,55282.550445830944,55239.26338645741,42.288923727076664,0.9981356464568208,0.0,0
66.28,-0.15035323664392947,0.05941233182266894,-1.4781857715558877,0.0,0.0,1e-12,0.0,-1.0,0.6,0.6,0.9248053885696303,12,2.1610166289252595,55282.550445830944,55239.26338645741,42.288923727076664,0.9981356464568208,0.0,0
66.379,-0.15035323664393152,0.05941233182272922,-1.5781857715314411,0.0,0.0,1e-12,0.0,-1.0,0.6,0.6,0.9248053885695968,12,2.1610166289252595,55282.550445830944,55239.26338645741,42.288923727076664,0.9981356464568208,0.0,0
66.479,-0.1503532366439327,0.059412331822699053,-1.6781857715071116,0.0,0.0,1e-12,0.0,-1.0,0.6,0.6,0.9248053885696155,12,2.1610166289252595,55282.550445830944,55239.26338645741,42.288923727076664,0.9981356464568208,0.0,0
66.579,-0.1503532366439556,0.05941233182257178,-1.7781857714830436,0.0,0.0,1e-12,0.0,-1.0,0.6,0.6,0.9248053885697084,12,2.1610166289252595,55282.550445830944,55239.26338645741,42.288923727076664,0.9981356464568208,0.0,0
66.679,-0.15035323664400738,0.05941233182237109,-1.8781857714597197,0.0,0.0,1e-12,0.0,-1.0,0.6,0.6,0.9248053885698676,12,2.1610166289252595,55282.550445830944,55239.26338645741,42.288923727076664,0.9981356464568208,0.0,0
66.779,-0.15035323664410793,0.05941233182210534,-1.9781857714374076,0.0,0.0,1e-12,0.0,-1.0,0.6,0.6,0.9248053885701045,12,2.1610166289252595,55282.550445830944,55239.26338645741,42.288923727076664,0.9981356464568208,0.0,0
66.88,-0.1503532366442704,0.05941233182177661,-2.0781857714161163,0.0,0.0,1e-12,0.0,-1.0,0.6,0.6,0.9248053885704285,12,2.1610166289252595,55282.550445830944,55239.26338645741,42.288923727076664,0.9981356464568208,0.0,0
66.979,-0.15035323664432648,0.05941233182167277,-2.1781857713958233,0.0,0.0,1e-12,0.0,-1.0,0.6,0.6,0.9248053885705347,12,2.1610166289252595,55282.550445830944,55239.26338645741,42.288923727076664,0.9981356464568208,0.0,0
67.079,-0.15035323664421257,0.059412331821822345,-2.2781857713754126,0.0,0.0,1e-12,0.0,-1.0,0.6,0.6,0.9248053885703549,12,2.1610166289252595,55282.550445830944,55239.26338645741,42.288923727076664,0.9981356464568208,0.0,0
67.179,-0.15035323664416675,0.0594123318218701,-2.378185771355074,0.0,0.0,1e-12,0.0,-1.0,0.6,0.6,0.9248053885702898,12,2.1610166289252595,55282.550445830944,55239.26338645741,42.288923727076664,0.9981356464568208,0.0,0
67.279,-0.15035323664421818,0.05941233182182875,-2.478185771334945,0.0,0.0,1e-12,0.0,-1.0,0.6,0.6,0.9248053885703558,12,2.1610166289252595,55282.550445830944,55239.26338645741,42.288923727076664,0.9981356464568208,0.0,0
67.381,-0.15035323664379807,0.05941233182212305,-2.5781857713144007,0.0,0.0,1e-12,0.0,-1.0,0.6,0.6,0.9248053885698428,12,2.1610166289252595,55282.550445830944,55239.26338645741,42.288923727076664,0.9981356464568208,0.0,0
67.489,-0.1503532366433892,0.05941233182235266,-2.678185771292632,0.0,0.0,1e-12,0.0,-1.0,0.6,0.6,0.9248053885693769,12,2.1610166289252595,55282.550445830944,55239.26338645741,42.288923727076664,0.9981356464568208,0.0,0
67.593,-0.15035323664303554,0.05941233182251073,-2.778185771269839,0.0,0.0,1e-12,0.0,-1.0,0.6,0.6,0.9248053885689975,12,2.1610166289252595,55282.550445830944,55239.26338645741,42.288923727076664,0.9981356464568208,0.0,0
67.693,-0.15035323664274194,0.059412331822605836,-2.8781857712463172,0.0,0.0,1e-12,0.0,-1.0,0.6,0.6,0.9248053885687036,12,2.1610166289252595,55282.550445830944,55239.26338645741,42.288923727076664,0.9981356464568208,0.0,0
67.782,-0.15035323664253353,0.05941233182265067,-2.9781857712221775,0.0,0.0,1e-12,0.0,-1.0,0.6,0.6,0.9248053885685084,12,2.1610166289252595,55282.550445830944,55239.26338645741,42.288923727076664,0.9981356464568208,0.0,0
67.883,-0.1503532366424092,0.0594123318226668,-3.0781857711977554,0.0,0.0,1e-12,0.0,-1.0,0.6,0.6,0.9248053885683981,12,2.1610166289252595,55282.550445830944,55239.26338645741,42.288923727076664,0.9981356464568208,0.0,0
67.979,-0.15035323664237604,0.059412331822667086,3.104999536006292,0.0,0.0,1e-12,0.0,-1.0,0.6,0.6,0.924805388568371,12,2.1610166289252595,55282.550445830944,55239.26338645741,42.288923727076664,0.9981356464568208,0.0,0
68.081,-0.1503532366424287,0.059412331822673095,3.004999536030504,0.0,0.0,1e-12,0.0,-1.0,0.6,0.6,0.9248053885684102,12,2.1610166289252595,55282.550445830944,55239.26338645741,42.288923727076664,0.9981356464568208,0.0,0
68.179,-0.150353236642578,0.059412331822701975,2.9049995360543495,0.0,0.0,1e-12,0.0,-1.0,0.6,0.6,0.9248053885685145,12,2.1610166289252595,55282.550445830944,55239.26338645741,42.288923727076664,0.9981356464568208,0.0,0
68.287,-0.15035323664280623,0.05941233182276895,2.804999536077554,0.0,0.0,1e-12,0.0,-1.0,0.6,0.6,0.9248053885686605,12,2.1610166289252595,55282.550445830944,55239.26338645741,42.288923727076664,0.9981356464568208,0.0,0
68.381,-0.15035323664311306,0.05941233182289341,2.7049995360998818,0.0,0.0,1e-12,0.0,-1.0,0.6,0.6,0.9248053885688368,12,2.1610166289252595,55282.550445830944,55239.26338645741,42.288923727076664,0.9981356464568208,0.0,0
68.489,-0.15035323664348121,0.05941233182309054,2.6049995361211327,0.0,0.0,1e-12,0.0,-1.0,0.6,0.6,0.9248053885690202,12,2.1610166289252595,55282.550445830944,55239.26338645741,42.288923727076664,0.9981356464568208,0.0,0
68.583,-0.1503532366434241,0.05941233182304794,2.504999536141415,0.0,0.0,1e-12,0.0,-1.0,0.6,0.6,0.9248053885689987,12,2.1610166289252595,55282.550445830944,55239.26338645741,42.288923727076664,0.9981356464568208,0.0,0
68.679,-0.15035323664330338,0.05941233182294991,2.404999536161801,0.0,0.0,1e-12,0.0,-1.0,0.6,0.6,0.9248053885689581,12,2.1610166289252595,55282.550445830944,55239.26338645741,42.288923727076664,0.9981356464568208,0.0,0
68.784,-0.15035323664328343,0.05941233182293284,2.3049995361821254,0.0,0.0,1e-12,0.0,-1.0,0.6,0.6,0.924805388568952,12,2.1610166289252595,55282.550445830944,55239.26338645741,42.288923727076664,0.9981356464568208,0.0,0
68.887,-0.15035323664325134,0.0594123318228836,2.2049995362022017,0.0,0.0,1e-12,0.0,-1.0,0.6,0.6,0.9248053885689546,12,2.1610166289252595,55282.550445830944,55239.26338645741,42.288923727076664,0.9981356464568208,0.0,0
68.979,-0.1503532366429572,0.05941233182243818,2.1049995362231986,0.0,0.0,1e-12,0.0,-1.0,0.6,0.6,0.9248053885689763,12,2.1610166289252595,55282.550445830944,55239.26338645741,42.288923727076664,0.9981356464568208,0.0,0
69.079,-0.1503532366427495,0.05941233182204368,2.004999536245259,0.0,0.0,1e-12,0.0,-1.0,0.6,0.6,0.9248053885690385,12,2.1610166289252595,55282.550445830944,55239.26338645741,42.288923727076664,0.9981356464568208,0.0,0
69.181,-0.15035323664261277,0.059412331821704585,1.9049995362683134,0.0,0.0,1e-12,0.0,-1.0,0.6,0.6,0.9248053885691258,12,2.1610166289252595,55282.550445830944,55239.26338645741,42.288923727076664,0.9981356464568208,0.0,0
69.284,-0.1503532366425322,0.05941233182143823,1.8049995362920486,0.0,0.0,1e-12,0.0,-1.0,0.6,0.6,0.924805388569216,12,2.1610166289252595,55282.550445830944,55239.26338645741,42.288923727076664,0.9981356464568208,0.0,0
69.379,-0.15035323664249692,0.05941233182125116,1.7049995363162787,0.0,0.0,1e-12,0.0,-1.0,0.6,0.6,0.9248053885692967,12,2.1610166289252595,55282.550445830944,55239.26338645741,42.288923727076664,0.9981356464568208,0.0,0
69.479,-0.15035323664248837,0.059412331821152194,1.6049995363406964,0.0,0.0,1e-12,0.0,-1.0,0.6,0.6,0.9248053885693477,12,2.1610166289252595,55282.550445830944,55239.26338645741,42.288923727076664,0.9981356464568208,0.0,0
69.579,-0.15035323664248712,0.05941233182114573,1.5049995363651527,0.0,0.0,1e-12,0.0,-1.0,0.6,0.6,0.9248053885693505,12,2.1610166289252595,55282.550445830944,55239.26338645741,42.288923727076664,0.9981356464568208,0.0,0
69.689,-0.1503532366424761,0.05941233182122981,1.4049995363892949,0.0,0.0,1e-12,0.0,-1.0,0.6,0.6,0.9248053885692924,12,2.1610166289252595,55282.550445830944,55239.26338645741,42.288923727076664,0.9981356464568208,0.0,0
69.779,-0.15035323664243788,0.05941233182140028,1.304999536412975,0.0,0.0,1e-12,0.0,-1.0,0.6,0.6,0.9248053885691617,12,2.1610166289252595,55282.550445830944,55239.26338645741,42.288923727076664,0.9981356464568208,0.0,0
69.883,-0.15035323664235492,0.05941233182165726,1.2049995364359813,0.0,0.0,1e-12,0.0,-1.0,0.6,0.6,0.9248053885689441,12,2.1610166289252595,55282.550445830944,55239.26338645741,42.288923727076664,0.9981356464568208,0.0,0
69.979,-0.15035323664220987,0.05941233182198153,1.1049995364580023,0.0,0.0,1e-12,0.0,-1.0,0.6,0.6,0.9248053885686369,12,2.1610166289252595,55282.550445830944,55239.26338645741,42.288923727076664,0.9981356464568208,0.0,0
70.08,-0.15035323664200548,0.05941233182234291,1.0049995364788509,0.0,0.0,1e-12,0.0,-1.0,0.6,0.6,0.9248053885682599,12,2.1610166289252595,55282.550445830944,55239.26338645741,42.288923727076664,0.9981356464568208,0.0,0
70.18,-0.1503532366421471,0.059412331822141416,0.9049995364991542,0.0,0.0,1e-12,0.0,-1.0,0.6,0.6,0.9248053885684925,12,2.1610166289252595,55282.550445830944,55239.26338645741,42.288923727076664,0.9981356464568208,0.0,0
70.279,-0.15035323664222233,0.059412331822054625,0.8049995365195238,0.0,0.0,1e-12,0.0,-1.0,0.6,0.6,0.9248053885686043,12,2.1610166289252595,55282.550445830944,55239.26338645741,42.288923727076664,0.9981356464568208,0.0,0
70.38,-0.1503532366422125,0.059412331822059024,0.7049995365398077,0.0,0.0,1e-12,0.0,-1.0,0.6,0.6,0.9248053885685938,12,2.1610166289252595,55282.550445830944,55239.26338645741,42.288923727076664,0.9981356464568208,0.0,0
70.48,-0.15035323664240746,0.05941233182192169,0.6049995365600082,0.0,0.0,1e-12,0.0,-1.0,0.6,0.6,0.9248053885688322,12,2.1610166289252595,55282.550445830944,55239.26338645741,42.288923727076664,0.9981356464568208,0.0,0
70.593,-0.15035323664283703,0.059412331821655305,0.5049995365813271,0.0,0.0,1e-12,0.0,-1.0,0.6,0.6,0.9248053885693365,12,2.1610166289252595,55282.550445830944,55239.26338645741,42.288923727076664,0.9981356464568208,0.0,0
70.68,-0.15035323664321573,0.059412331821469024,0.40499953660368126,0.0,0.0,1e-12,0.0,-1.0,0.6,0.6,0.9248053885697527,12,2.1610166289252595,55282.550445830944,55239.26338645741,42.288923727076664,0.9981356464568208,0.0,0
70.78,-0.1503532366435396,0.05941233182134782,0.3049995366270043,0.0,0.0,1e-12,0.0,-1.0,0.6,0.6,0.9248053885700862,12,2.1610166289252595,55282.550445830944,55239.26338645741,42.288923727076664,0.9981356464568208,0.0,0
70.88,-0.15035323664378336,0.05941233182128328,0.20499953665089052,0.0,0.0,1e-12,0.0,-1.0,0.6,0.6,0.9248053885703217,12,2.1610166289252595,55282.550445830944,55239.26338645741,42.288923727076664,0.9981356464568208,0.0,0
70.979,-0.15035323664394282,0.059412331821258255,0.10499953667518491,0.0,0.0,1e-12,0.0,-1.0,0.6,0.6,0.9248053885704658,12,2.1610166289252595,55282.550445830944,55239.26338645741,42.288923727076664,0.9981356464568208,0.0,0
71.085,-0.15035323664401512,0.059412331821255465,0.004999536699651365,0.0,0.0,1e-12,0.0,-1.0,0.6,0.6,0.9248053885705261,12,2.1610166289252595,55282.550445830944,55239.26338645741,42.288923727076664,0.9981356464568208,0.0,0
71.192,-0.1503532366439952,0.05941233182125134,-0.09500046327597655,0.0,0.0,1e-12,0.0,-1.0,0.6,0.6,0.9248053885705122,12,2.1610166289252595,55282.550445830944,55239.26338645741,42.288923727076664,0.9981356464568208,0.0,0
71.287,-0.15035323664388403,0.059412331821232914,-0.19500046325190978,0.0,0.0,1e-12,0.0,-1.0,0.6,0.6,0.9248053885704328,12,2.1610166289252595,55282.550445830944,55239.26338645741,42.288923727076664,0.9981356464568208,0.0,0
71.386,-0.15035323664368883,0.059412331821185035,-0.2950004632284536,0.0,0.0,1e-12,0.0,-1.0,0.6,0.6,0.9248053885703025,12,2.1610166289252595,55282.550445830944,55239.26338645741,42.288923727076664,0.9981356464568208,0.0,0
71.48,-0.15035323664341024,0.059412331821086184,-0.3950004632056887,0.0,0.0,1e-12,0.0,-1.0,0.6,0.6,0.9248053885701343,12,2.1610166289252595,55282.550445830944,55239.26338645741,42.288923727076664,0.9981356464568208,0.0,0
71.586,-0.15035323664306702,0.05941233182091898,-0.49500046318398383,0.0,0.0,1e-12,0.0,-1.0,0.6,0.6,0.9248053885699534,12,2.1610166289252595,55282.550445830944,55239.26338645741,42.288923727076664,0.9981356464568208,0.0,0
71.684,-0.15035323664288194,0.05941233182081718,-0.5950004631634642,0.0,0.0,1e-12,0.0,-1.0,0.6,0.6,0.9248053885698628,12,2.1610166289252595,55282.550445830944,55239.26338645741,42.288923727076664,0.9981356464568208,0.0,0
71.799,-0.1503532366430691,0.05941233182095772,-0.7150004631390344,0.0,0.0,1e-12,0.0,-1.0,0.6,0.6,0.9248053885699326,12,2.1610166289252595,55282.550445830944,55239.26338645741,42.288923727076664,0.9981356464568208,0.0,0
71.899,-0.1503532366431088,0.05941233182099185,-0.815000463118687,0.0,0.0,1e-12,0.0,-1.0,0.6,0.6,0.9248053885699448,12,2.1610166289252595,55282.550445830944,55239.26338645741,42.288923727076664,0.9981356464568208,0.0,0
71.98,-0.1503532366430759,0.05941233182095552,-0.8950004631025493,0.0,0.0,1e-12,0.0,-1.0,0.6,0.6,0.9248053885699393,12,2.1610166289252595,55282.550445830944,55239.26338645741,42.288923727076664,0.9981356464568208,0.0,0
72.082,-0.15035323664331934,0.0594123318213023,-0.995000463082088,0.0,0.0,1e-12,0.0,-1.0,0.6,0.6,0.9248053885699341,12,2.1610166289252595,55282.550445830944,55239.26338645741,42.288923727076664,0.9981356464568208,0.0,0
72.185,-0.1503532366435622,0.05941233182171589,-1.0950004630604548,0.0,0.0,1e-12,0.0,-1.0,0.6,0.6,0.9248053885698894,12,2.1610166289252595,55282.550445830944,55239.26338645741,42.288923727076664,0.9981356464568208,0.0,0
72.279,-0.1503532366437266,0.05941233182208058,-1.1950004630378062,0.0,0.0,1e-12,0.0,-1.0,0.6,0.6,0.9248053885698096,12,2.1610166289252595,55282.550445830944,55239.26338645741,42.288923727076664,0.9981356464568208,0.0,0
72.381,-0.15035323664382935,0.05941233182238121,-1.2950004630143126,0.0,0.0,1e-12,0.0,-1.0,0.6,0.6,0.9248053885697173,12,2.1610166289252595,55282.550445830944,55239.26338645741,42.288923727076664,0.9981356464568208,0.0,0
72.489,-0.15035323664388178,0.05941233182260043,-1.3950004629902673,0.0,0.0,1e-12,0.0,-1.0,0.6,0.6,0.9248053885696317,12,2.1610166289252595,55282.550445830944,55239.26338645741,42.288923727076664,0.9981356464568208,0.0,0
72.579,-0.15035323664389855,0.059412331822740264,-1.495000462965872,0.0,0.0,1e-12,0.0,-1.0,0.6,0.6,0.9248053885695635,12,2.1610166289252595,55282.550445830944,55239.26338645741,42.288923727076664,0.9981356464568208,0.0,0
72.68,-0.1503532366439002,0.05941233182278332,-1.5950004629414134,0.0,0.0,1e-12,0.0,-1.0,0.6,0.6,0.9248053885695398,12,2.1610166289252595,55282.550445830944,55239.26338645741,42.288923727076664,0.9981356464568208,0.0,0
72.779,-0.15035323664390568,0.05941233182273373,-1.6950004629170958,0.0,0.0,1e-12,0.0,-1.0,0.6,0.6,0.9248053885695732,12,2.1610166289252595,55282.550445830944,55239.26338645741,42.288923727076664,0.9981356464568208,0.0,0
72.879,-0.1503532366439303,0.05941233182259571,-1.7950004628931804,0.0,0.0,1e-12,0.0,-1.0,0.6,0.6,0.9248053885696738,12,2.1610166289252595,55282.550445830944,55239.26338645741,42.288923727076664,0.9981356464568208,0.0,0
72.98,-0.15035323664399342,0.059412331822377665,-1.8950004628699062,0.0,0.0,1e-12,0.0,-1.0,0.6,0.6,0.9248053885698524,12,2.1610166289252595,55282.550445830944,55239.26338645741,42.288923727076664,0.9981356464568208,0.0,0
73.079,-0.15035323664411085,0.05941233182208163,-1.9950004628474312,0.0,0.0,1e-12,0.0,-1.0,0.6,0.6,0.9248053885701208,12,2.1610166289252595,55282.550445830944,55239.26338645741,42.288923727076664,0.9981356464568208,0.0,0
73.179,-0.15035323664429687,0.05941233182171824,-2.0950004628260546,0.0,0.0,1e-12,0.0,-1.0,0.6,0.6,0.9248053885704842,12,2.1610166289252595,55282.550445830944,55239.26338645741,42.288923727076664,0.9981356464568208,0.0,0
73.281,-0.1503532366442938,0.059412331821707506,-2.19500046280573,0.0,0.0,1e-12,0.0,-1.0,0.6,0.6,0.924805388570488,12,2.1610166289252595,55282.550445830944,55239.26338645741,42.288923727076664,0.9981356464568208,0.0,0
73.38,-0.1503532366441878,0.05941233182183976,-2.295000462785364,0.0,0.0,1e-12,0.0,-1.0,0.6,0.6,0.9248053885703246,12,2.1610166289252595,55282.550445830944,55239.26338645741,42.288923727076664,0.9981356464568208,0.0,0
73.479,-0.1503532366441607,0.059412331821867996,-2.395000462765013,0.0,0.0,1e-12,0.0,-1.0,0.6,0.6,0.9248053885702862,12,2.1610166289252595,55282.550445830944,55239.26338645741,42.288923727076664,0.9981356464568208,0.0,0
73.579,-0.15035323664417485,0.05941233182185711,-2.495000462744893,0.0,0.0,1e-12,0.0,-1.0,0.6,0.6,0.924805388570304,12,2.1610166289252595,55282.550445830944,55239.26338645741,42.288923727076664,0.9981356464568208,0.0,0
73.679,-0.15035323664372777,0.059412331822160255,-2.595000462724082,0.0,0.0,1e-12,0.0,-1.0,0.6,0.6,0.9248053885697641,12,2.1610166289252595,55282.550445830944,55239.26338645741,42.288923727076664,0.9981356464568208,0.0,0
73.779,-0.15035323664332625,0.05941233182237904,-2.695000462702144,0.0,0.0,1e-12,0.0,-1.0,0.6,0.6,0.9248053885693104,12,2.1610166289252595,55282.550445830944,55239.26338645741,42.288923727076664,0.9981356464568208,0.0,0
73.879,-0.1503532366429778,0.059412331822524145,-2.79500046267922,0.0,0.0,1e-12,0.0,-1.0,0.6,0.6,0.9248053885689429,12,2.1610166289252595,55282.550445830944,55239.26338645741,42.288923727076664,0.9981356464568208,0.0,0
73.983,-0.15035323664270128,0.059412331822610485,-2.89500046265555,0.0,0.0,1e-12,0.0,-1.0,0.6,0.6,0.924805388568668,12,2.1610166289252595,55282.550445830944,55239.26338645741,42.288923727076664,0.9981356464568208,0.0,0
74.08,-0.15035323664250477,0.05941233182264877,-2.995000462631362,0.0,0.0,1e-12,0.0,-1.0,0.6,0.6,0.9248053885684862,12,2.1610166289252595,55282.550445830944,55239.26338645741,42.288923727076664,0.9981356464568208,0.0,0
74.179,-0.15035323664239056,0.059412331822662645,-3.095000462606862,0.0,0.0,1e-12,0.0,-1.0,0.6,0.6,0.9248053885683855,12,2.1610166289252595,55282.550445830944,55239.26338645741,42.288923727076664,0.9981356464568208,0.0,0
74.289,-0.1503532366423744,0.059412331822662805,3.08818484459716,0.0,0.0,1e-12,0.0,-1.0,0.6,0.6,0.9248053885683722,12,2.1610166289252595,55282.550445830944,55239.26338645741,42.288923727076664,0.9981356464568208,0.0,0
74.388,-0.15035323664244876,0.05941233182267077,2.9881848446213244,0.0,0.0,1e-12,0.0,-1.0,0.6,0.6,0.9248053885684279,12,2.1610166289252595,55282.550445830944,55239.26338645741,42.288923727076664,0.9981356464568208,0.0,0
74.484,-0.15035323664260974,0.05941233182270603,2.8881848446450937,0.0,0.0,1e-12,0.0,-1.0,0.6,0.6,0.9248053885685379,12,2.1610166289252595,55282.550445830944,55239.26338645741,42.288923727076664,0.9981356464568208,0.0,0
74.586,-0.15035323664285646,0.05941233182278359,2.788184844668162,0.0,0.0,1e-12,0.0,-1.0,0.6,0.6,0.9248053885686928,12,2.1610166289252595,55282.550445830944,55239.26338645741,42.288923727076664,0.9981356464568208,0.0,0
74.69,-0.1503532366431737,0.05941233182291873,2.688184844690322,0.0,0.0,1e-12,0.0,-1.0,0.6,0.6,0.9248053885688711,12,2.1610166289252595,55282.550445830944,55239.26338645741,42.288923727076664,0.9981356464568208,0.0,0
74.786,-0.15035323664354988,0.05941233182312656,2.5881848447113347,0.0,0.0,1e-12,0.0,-1.0,0.6,0.6,0.9248053885690549,12,2.1610166289252595,55282.550445830944,55239.26338645741,42.288923727076664,0.9981356464568208,0.0,0
74.886,-0.15035323664340083,0.0594123318230223,2.488184844731568,0.0,0.0,1e-12,0.0,-1.0,0.6,0.6,0.9248053885689949,12,2.1610166289252595,55282.550445830944,55239.26338645741,42.288923727076664,0.9981356464568208,0.0,0
74.979,-0.15035323664330238,0.059412331822937016,2.3881848447519207,0.0,0.0,1e-12,0.0,-1.0,0.6,0.6,0.9248053885689648,12,2.1610166289252595,55282.550445830944,55239.26338645741,42.288923727076664,0.9981356464568208,0.0,0
75.082,-0.150353236643296,0.05941233182293061,2.288184844772245,0.0,0.0,1e-12,0.0,-1.0,0.6,0.6,0.9248053885689634,12,2.1610166289252595,55282.550445830944,55239.26338645741,42.288923727076664,0.9981356464568208,0.0,0
75.183,-0.15035323664320363,0.05941233182280217,2.1881848447923464,0.0,0.0,1e-12,0.0,-1.0,0.6,0.6,0.9248053885689635,12,2.1610166289252595,55282.550445830944,55239.26338645741,42.288923727076664,0.9981356464568208,0.0,0
75.279,-0.1503532366429297,0.05941233182237595,2.0881848448133944,0.0,0.0,1e-12,0.0,-1.0,0.6,0.6,0.9248053885689905,12,2.1610166289252595,55282.550445830944,55239.26338645741,42.288923727076664,0.9981356464568208,0.0,0
75.38,-0.15035323664272418,0.05941233182197067,1.9881848448359112,0.0,0.0,1e-12,0.0,-1.0,0.6,0.6,0.9248053885690606,12,2.1610166289252595,55282.550445830944,55239.26338645741,42.288923727076664,0.9981356464568208,0.0,0
75.48,-0.15035323664260122,0.05941233182165085,1.8881848448589562,0.0,0.0,1e-12,0.0,-1.0,0.6,0.6,0.9248053885691477,12,2.1610166289252595,55282.550445830944,55239.26338645741,42.288923727076664,0.9981356464568208,0.0,0
75.58,-0.15035323664253247,0.059412331821399475,1.788184844882758,0.0,0.0,1e-12,0.0,-1.0,0.6,0.6,0.924805388569239,12,2.1610166289252595,55282.550445830944,55239.26338645741,42.288923727076664,0.9981356464568208,0.0,0
75.679,-0.1503532366425009,0.05941233182122745,1.6881848449070127,0.0,0.0,1e-12,0.0,-1.0,0.6,0.6,0.9248053885693138,12,2.1610166289252595,55282.550445830944,55239.26338645741,42.288923727076664,0.9981356464568208,0.0,0
75.781,-0.15035323664249445,0.059412331821145664,1.5881848449314735,0.0,0.0,1e-12,0.0,-1.0,0.6,0.6,0.9248053885693565,12,2.1610166289252595,55282.550445830944,55239.26338645741,42.288923727076664,0.9981356464568208,0.0,0
75.888,-0.1503532366424933,0.059412331821152145,1.4881848449558392,0.0,0.0,1e-12,0.0,-1.0,0.6,0.6,0.9248053885693518,12,2.1610166289252595,55282.550445830944,55239.26338645741,42.288923727076664,0.9981356464568208,0.0,0
75.979,-0.1503532366424787,0.059412331821253495,1.3881848449799636,0.0,0.0,1e-12,0.0,-1.0,0.6,0.6,0.9248053885692806,12,2.1610166289252595,55282.550445830944,55239.26338645741,42.288923727076664,0.9981356464568208,0.0,0
76.079,-0.1503532366424352,0.05941233182143475,1.2881848450034996,0.0,0.0,1e-12,0.0,-1.0,0.6,0.6,0.9248053885691393,12,2.1610166289252595,55282.550445830944,55239.26338645741,42.288923727076664,0.9981356464568208,0.0,0
76.179,-0.15035323664234176,0.059412331821702594,1.1881848450264187,0.0,0.0,1e-12,0.0,-1.0,0.6,0.6,0.924805388568907,12,2.1610166289252595,55282.550445830944,55239.26338645741,42.288923727076664,0.9981356464568208,0.0,0
76.28,-0.150353236642185,0.05941233182204204,1.0881848450482292,0.0,0.0,1e-12,0.0,-1.0,0.6,0.6,0.9248053885685814,12,2.1610166289252595,55282.550445830944,55239.26338645741,42.288923727076664,0.9981356464568208,0.0,0
76.379,-0.15035323664203534,0.059412331822308206,0.9881848450688155,0.0,0.0,1e-12,0.0,-1.0,0.6,0.6,0.9248053885683044,12,2.1610166289252595,55282.550445830944,55239.26338645741,42.288923727076664,0.9981356464568208,0.0,0
76.48,-0.15035323664216588,0.059412331822128336,0.8881848450891259,0.0,0.0,1e-12,0.0,-1.0,0.6,0.6,0.9248053885685155,12,2.1610166289252595,55282.550445830944,55239.26338645741,42.288923727076664,0.9981356464568208,0.0,0
76.58,-0.1503532366422299,0.05941233182205456,0.7881848451095508,0.0,0.0,1e-12,0.0,-1.0,0.6,0.6,0.9248053885686105,12,2.1610166289252595,55282.550445830944,55239.26338645741,42.288923727076664,0.9981356464568208,0.0,0
76.679,-0.1503532366422022,0.059412331822078494,0.688184845129737,0.0,0.0,1e-12,0.0,-1.0,0.6,0.6,0.9248053885685741,12,2.1610166289252595,55282.550445830944,55239.26338645741,42.288923727076664,0.9981356464568208,0.0,0
76.781,-0.15035323664247846,0.05941233182188017,0.5881848451499744,0.0,0.0,1e-12,0.0,-1.0,0.6,0.6,0.924805388568914,12,2.1610166289252595,55282.550445830944,55239.26338645741,42.288923727076664,0.9981356464568208,0.0,0
76.879,-0.15035323664290262,0.0594123318216289,0.4881848451715032,0.0,0.0,1e-12,0.22,1.0,0.6,0.6,0.9248053885694052,12,1.006915580133505,2780.170585072831,2736.8670271048986,42.272622437241935,1.0309355306902248,0.0,0
76.979,-0.1326826748144966,0.06971093449714315,0.574184845144884,0.0,0.0,1e-12,0.22,1.0,0.6,0.6,0.9044503275278408,12,1.006915580133505,2780.170585072831,2736.8670271048986,42.272622437241935,1.0309355306902248,0.0,0
77.079,-0.11483843659581519,0.08256317023407644,0.6741848451406522,0.0,0.0,1e-12,0.22,1.0,0.6,0.6,0.8824595533127615,12,1.006915580133505,2780.170585072831,2736.8670271048986,42.272622437241935,1.0309355306902248,0.0,0
77.179,-0.098366427847443,0.0971326495941335,0.7741848451442019,0.0,0.0,1e-12,0.22,1.0,0.6,0.6,0.8605761091551486,12,1.006915580133505,2780.170585072831,2736.8670271048986,42.272622437241935,1.0309355306902248,0.0,0
77.279,-0.08343123143563749,0.11327379915574055,0.8741848451455038,0.0,0.0,1e-12,0.22,1.0,0.6,0.6,0.8390355431624564,12,1.006915580133505,2780.170585072831,2736.8670271048986,42.272622437241935,1.0309355306902248,0.0,0
77.379,-0.07018207490598695,0.1308253418880061,0.9741848451446606,0.0,0.0,1e-12,0.22,1.0,0.6,0.6,0.8180885485934882,12,1.006915580133505,2780.170585072831,2736.8670271048986,42.272622437241935,1.0309355306902248,0.0,0
77.491,-0.05875133945090272,0.14961190857771278,1.0741848451417915,0.0,0.0,1e-12,0.22,1.0,0.6,0.6,0.7979992231345648,12,1.006915580133505,2780.170585072831,2736.8670271048986,42.272622437241935,1.0309355306902248,0.0,0
77.588,-0.04925323720050618,0.16944579006050525,1.1741848451370012,0.0,0.0,1e-12,0.22,1.0,0.6,0.6,0.7790421642709457,12,1.006915580133505,2780.170585072831,2736.8670271048986,42.272622437241935,1.0309355306902248,0.0,0
77.681,-0.041782670052785305,0.1901288127488341,1.2741848451302984,0.0,0.0,1e-12,0.22,1.0,0.6,0.6,0.7614981193140024,12,1.006915580133505,2780.170585072831,2736.8670271048986,42.272622437241935,1.0309355306902248,0.0,0
77.78,-0.03641428144519708,0.21145431871692483,1.374184845121752,0.0,0.0,1e-12,0.22,1.0,0.6,0.6,0.7456479625608424,12,1.006915580133505,2780.170585072831,2736.8670271048986,42.272622437241935,1.0309355306902248,0.0,0
77.88,-0.033201710542115265,0.2332092305584637,1.4741848451114097,0.0,0.0,1e-12,0.22,1.0,0.6,0.6,0.731764904037475,12,1.006915580133505,2780.170585072831,2736.8670271048986,42.272622437241935,1.0309355306902248,0.0,0
77.985,-0.032177056290041355,0.2551761803855899,1.5741848450993834,0.0,0.0,1e-12,0.22,1.0,0.6,0.6,0.7201050597468491,12,1.006915580133505,2780.170585072831,2736.8670271048986,42.272622437241935,1.0309355306902248,0.0,0
78.079,-0.03335055669553302,0.2771356816970054,1.674184845085812,0.0,0.0,1e-12,0.22,1.0,0.6,0.6,0.7108968249329849,12,1.006915580133505,2780.170585072831,2736.8670271048986,42.272622437241935,1.0309355306902248,0.0,0
78.182,-0.03671048653043489,0.2988683224145253,1.7741848450708155,0.0,0.0,1e-12,0.22,1.0,0.6,0.6,0.7043298452452978,12,1.006915580133505,2780.170585072831,2736.8670271048986,42.272622437241935,1.0309355306902248,0.0,0
78.285,-0.04222327448648375,0.3201569571760215,1.8741848450544787,0.0,0.0,1e-12,0.22,1.0,0.6,0.6,0.700544690158397,12,1.006915580133505,2780.170585072831,2736.8670271048986,42.272622437241935,1.0309355306902248,0.0,0
78.392,-0.04983383860869667,0.34078887697997173,1.9741848450423014,0.0,0.0,1e-12,0.22,1.0,0.6,0.6,0.69962448792064,12,1.006915580133505,2780.170585072831,2736.8670271048986,42.272622437241935,1.0309355306902248,0.0,0
78.49,-0.059466136656195795,0.36055793450363927,2.0741848450334364,0.0,0.0,1e-12,0.22,1.0,0.6,0.6,0.7015896864445855,12,1.006915580133505,2780.170585072831,2736.8670271048986,42.272622437241935,1.0309355306902248,0.0,0
78.583,-0.07102392589096883,0.37926660385921435,2.174184845022373,0.0,0.0,1e-12,0.22,1.0,0.6,0.6,0.7063967308035715,12,1.006915580133505,2780.170585072831,2736.8670271048986,42.272622437241935,1.0309355306902248,0.0,0
78.681,-0.08439172470330762,0.3967279542064389,2.274184845022688,0.0,0.0,1e-12,0.22,1.0,0.6,0.6,0.713940864108133,12,1.006915580133505,2780.170585072831,2736.8670271048986,42.272622437241935,1.0309355306902248,0.0,0
78.78,-0.09943596646657214,0.412767517504666,2.374184845025478,0.0,0.0,1e-12,0.22,1.0,0.6,0.6,0.7240626172427308,12,1.006915580133505,2780.170585072831,2736.8670271048986,42.272622437241935,1.0309355306902248,0.0,0
78.879,-0.11600633409007935,0.4272250317395289,2.474184845026219,0.0,0.0,1e-12,0.22,1.0,0.6,0.6,0.7365570311350785,12,1.006915580133505,2780.170585072831,2736.8670271048986,42.272622437241935,1.0309355306902248,0.0,0
78.979,-0.13393726193795236,0.4399560422078487,2.57418484502491,0.0,0.0,1e-12,0.22,1.0,0.6,0.6,0.7511843800870425,12,1.006915580133505,2780.170585072831,2736.8670271048986,42.272622437241935,1.0309355306902248,0.0,0
79.082,-0.1530495901063072,0.4508333448613792,2.67418484502161,0.0,0.0,1e-12,0.22,1.0,0.6,0.6,0.7676811683013474,12,1.006915580133505,2780.170585072831,2736.8670271048986,42.272622437241935,1.0309355306902248,0.0,0
79.181,-0.1731523545297766,0.45974825728761276,2.774184845016291,0.0,0.0,1e-12,0.22,1.0,0.6,0.6,0.7857703956301733,12,1.006915580133505,2780.170585072831,2736.8670271048986,42.272622437241935,1.0309355306902248,0.0,0
79.28,-0.1940446950313525,0.46661170462851,2.8741848450090086,0.0,0.0,1e-12,0.22,1.0,0.6,0.6,0.8051704260897474,12,1.006915580133505,2780.170585072831,2736.8670271048986,42.272622437241935,1.0309355306902248,0.0,0
79.38,-0.21551786225087663,0.4713551095870351,2.9741848449999613,0.0,0.0,1e-12,0.22,1.0,0.6,0.6,0.8256021387324548,12,1.006915580133505,2780.170585072831,2736.8670271048986,42.272622437241935,1.0309355306902248,0.0,0
79.48,-0.2373573033996101,0.4739310776288421,3.074184844989194,0.0,0.0,1e-12,0.22,1.0,0.6,0.6,0.8467943237554746,12,1.006915580133505,2780.170585072831,2736.8670271048986,42.272622437241935,1.0309355306902248,0.0,0
79.579,-0.2593448060008065,0.47431387053278545,-3.1090004622029173,0.0,0.0,1e-12,0.22,1.0,0.6,0.6,0.8684874775959714,12,1.006915580133505,2780.170585072831,2736.8670271048986,42.272622437241935,1.0309355306902248,0.0,0
79.679,-0.2812606781966404,0.47249966355872225,-3.0090004622169912,0.0,0.0,1e-12,0.22,1.0,0.6,0.6,0.8904362519171384,12,1.006915580133505,2780.170585072831,2736.8670271048986,42.272622437241935,1.0309355306902248,0.0,0
79.779,-0.30288594383663603,0.4685065836630486,-2.909000462232373,0.0,0.0,1e-12,0.22,1.0,0.6,0.6,0.9124108428321838,12,1.006915580133505,2780.170585072831,2736.8670271048986,42.272622437241935,1.0309355306902248,0.0,0
79.879,-0.32400453041494354,0.46237452838013965,-2.8090004622490508,0.0,0.0,1e-12,0.22,1.0,0.6,0.6,0.9341975929459085,12,1.006915580133505,2780.170585072831,2736.8670271048986,42.272622437241935,1.0309355306902248,0.0,0
79.98,-0.3444054279951571,0.45416476717940873,-2.7090004622586488,0.0,0.0,1e-12,0.22,1.0,0.6,0.6,0.9555990412084724,12,1.006915580133505,2780.170585072831,2736.8670271048986,42.272622437241935,1.0309355306902248,0.0,0
80.082,-0.36388479755242537,0.44395932928082604,-2.6090004622680802,0.0,0.0,1e-12,0.22,1.0,0.6,0.6,0.9764336095563128,12,1.006915580133505,2780.170585072831,2736.8670271048986,42.272622437241935,1.0309355306902248,0.0,0
80.179,-0.3822480076652455,0.43186018404640536,-2.509000462279115,0.0,0.0,1e-12,0.22,1.0,0.6,0.6,0.9965350702665978,12,1.006915580133505,2780.170585072831,2736.8670271048986,42.272622437241935,1.0309355306902248,0.0,0
80.28,-0.3993115792077804,0.4179882221360509,-2.409000462274898,0.0,0.0,1e-12,0.22,1.0,0.6,0.6,1.015751898654363,12,1.006915580133505,2780.170585072831,2736.8670271048986,42.272622437241935,1.0309355306902248,0.0,0
80.38,-0.4033541136138792,0.4142591015773764,-2.4190354418490476,0.0,0.0,1e-12,0.0,-0.4671330612164531,0.6,0.6,1.0204014693505377,12,0.9919546547485368,5927.8243849318915,5884.736368653018,42.48041546678569,0.6076008120880151,0.0,0
80.482,-0.4033541136142015,0.4142591015771058,-2.4657487479713573,0.0,0.0,1e-12,0.0,-0.4671330612164531,0.6,0.6,1.020401469350904,12,0.9919546547485368,5927.8243849318915,5884.736368653018,42.48041546678569,0.6076008120880151,0.0,0
80.579,-0.40335411361453577,0.41425910157684837,-2.512462054093668,0.0,0.0,1e-12,0.0,-0.4671330612164531,0.6,0.6,1.0204014693512797,12,0.9919546547485368,5927.8243849318915,5884.736368653018,42.48041546678569,0.6076008120880151,0.0,0
80.679,-0.40335411361482937,0.41425910157664625,-2.559175360215722,0.0,0.0,1e-12,0.0,-0.4671330612164531,0.6,0.6,1.020401469351605,12,0.9919546547485368,5927.8243849318915,5884.736368653018,42.48041546678569,0.6076008120880151,0.0,0
80.78,-0.403354113615083,0.4142591015764903,-2.605888666330886,0.0,0.0,1e-12,0.0,-0.4671330612164531,0.6,0.6,1.0204014693518828,12,0.9919546547485368,5927.8243849318915,5884.736368653018,42.48041546678569,0.6076008120880151,0.0,0
80.881,-0.4033541136149094,0.41425910157658385,-2.6526019724329526,0.0,0.0,1e-12,0.0,-0.4671330612164531,0.6,0.6,1.020401469351695,12,0.9919546547485368,5927.8243849318915,5884.736368653018,42.48041546678569,0.6076008120880151,0.0,0
80.99,-0.4033541136145425,0.41425910157676965,-2.6993152785328354,0.0,0.0,1e-12,0.0,-0.4671330612164531,0.6,0.6,1.0204014693513006,12,0.9919546547485368,5927.8243849318915,5884.736368653018,42.48041546678569,0.6076008120880151,0.0,0
81.082,-0.4033541136141993,0.414259101576922,-2.7460285846322803,0.0,0.0,1e-12,0.0,-0.4671330612164531,0.6,0.6,1.0204014693509353,12,0.9919546547485368,5927.8243849318915,5884.736368653018,42.48041546678569,0.6076008120880151,0.0,0
81.18,-0.4033541136138922,0.41425910157703977,-2.7927418907311745,0.0,0.0,1e-12,0.0,-0.4671330612164531,0.6,0.6,1.0204014693506118,12,0.9919546547485368,5927.8243849318915,5884.736368653018,42.48041546678569,0.6076008120880151,0.0,0
81.281,-0.4033541136136055,0.4142591015771379,-2.839455196829711,0.0,0.0,1e-12,0.0,-0.4671330612164531,0.6,0.6,1.020401469350312,12,0.9919546547485368,5927.8243849318915,5884.736368653018,42.48041546678569,0.6076008120880151,0.0,0
81.379,-0.4033541136133383,0.4142591015772165,-2.8861685029279465,0.0,0.0,1e-12,0.0,-0.4671330612164531,0.6,0.6,1.020401469350035,12,0.9919546547485368,5927.8243849318915,5884.736368653018,42.48041546678569,0.6076008120880151,0.0,0
81.479,-0.40335411361313067,0.4142591015772638,-2.9328818090258957,0.0,0.0,1e-12,0.0,-0.4671330612164531,0.6,0.6,1.0204014693498225,12,0.9919546547485368,5927.8243849318915,5884.736368653018,42.48041546678569,0.6076008120880151,0.0,0
81.583,-0.4033541136129657,0.4142591015772946,-2.9795951151239297,0.0,0.0,1e-12,0.0,-0.4671330612164531,0.6,0.6,1.0204014693496544,12,0.9919546547485368,5927.8243849318915,5884.736368653018,42.48041546678569,0.6076008120880151,0.0,0
81.683,-0.40335411361282525,0.41425910157731477,-3.026308421221619,0.0,0.0,1e-12,0.0,-0.4671330612164531,0.6,0.6,1.0204014693495127,12,0.9919546547485368,5927.8243849318915,5884.736368653018,42.48041546678569,0.6076008120880151,0.0,0
81.787,-0.40335411361273044,0.414259101577323,-3.073021727319226,0.0,0.0,1e-12,0.0,-0.4671330612164531,0.6,0.6,1.0204014693494179,12,0.9919546547485368,5927.8243849318915,5884.736368653018,42.48041546678569,0.6076008120880151,0.0,0
81.88,-0.4033541136126829,0.41425910157732593,-3.1197350334169167,0.0,0.0,1e-12,0.0,-0.4671330612164531,0.6,0.6,1.0204014693493706,12,0.9919546547485368,5927.8243849318915,5884.736368653018,42.48041546678569,0.6076008120880151,0.0,0
81.982,-0.4033541136126629,0.4142591015773249,3.1167369676650485,0.0,0.0,1e-12,0.0,-0.4671330612164531,0.6,0.6,1.0204014693493513,12,0.9919546547485368,5927.8243849318915,5884.736368653018,42.48041546678569,0.6076008120880151,0.0,0
82.099,-0.40335411361271806,0.41425910157732604,3.0606810003478224,0.0,0.0,1e-12,0.0,-0.4671330612164531,0.6,0.6,1.0204014693494052,12,0.9919546547485368,5927.8243849318915,5884.736368653018,42.48041546678569,0.6076008120880151,0.0,0
82.187,-0.4033541136127738,0.4142591015773341,3.0233103554694414,0.0,0.0,1e-12,0.0,-0.4671330612164531,0.6,0.6,1.0204014693494585,12,0.9919546547485368,5927.8243849318915,5884.736368653018,42.48041546678569,0.6076008120880151,0.0,0
82.28,-0.40335411361288354,0.41425910157735024,2.9765970493713563,0.0,0.0,1e-12,0.0,-0.4671330612164531,0.6,0.6,1.0204014693495633,12,0.9919546547485368,5927.8243849318915,5884.736368653018,42.48041546678569,0.6076008120880151,0.0,0
82.381,-0.40335411361305734,0.4142591015773833,2.929883743273217,0.0,0.0,1e-12,0.0,-0.4671330612164531,0.6,0.6,1.0204014693497283,12,0.9919546547485368,5927.8243849318915,5884.736368653018,42.48041546678569,0.6076008120880151,0.0,0
82.479,-0.4033541136132535,0.4142591015774333,2.8831704371747553,0.0,0.0,1e-12,0.0,-0.4671330612164531,0.6,0.6,1.0204014693499124,12,0.9919546547485368,5927.8243849318915,5884.736368653018,42.48041546678569,0.6076008120880151,0.0,0
82.581,-0.4033541136134794,0.4142591015774975,2.836457131075895,0.0,0.0,1e-12,0.0,-0.4671330612164531,0.6,0.6,1.0204014693501227,12,0.9919546547485368,5927.8243849318915,5884.736368653018,42.48041546678569,0.6076008120880151,0.0,0
82.685,-0.4033541136137418,0.4142591015775872,2.789743824976489,0.0,0.0,1e-12,0.0,-0.4671330612164531,0.6,0.6,1.0204014693503645,12,0.9919546547485368,5927.8243849318915,5884.736368653018,42.48041546678569,0.6076008120880151,0.0,0
82.779,-0.40335411361403095,0.41425910157770035,2.7430305188766613,0.0,0.0,1e-12,0.0,-0.4671330612164531,0.6,0.6,1.020401469350628,12,0.9919546547485368,5927.8243849318915,5884.736368653018,42.48041546678569,0.6076008120880151,0.0,0
82.879,-0.4033541136143497,0.41425910157784634,2.6963172127763637,0.0,0.0,1e-12,0.0,-0.4671330612164531,0.6,0.6,1.020401469350915,12,0.9919546547485368,5927.8243849318915,5884.736368653018,42.48041546678569,0.6076008120880151,0.0,0
82.979,-0.4033541136146961,0.4142591015780205,2.6496039066755785,0.0,0.0,1e-12,0.0,-0.4671330612164531,0.6,0.6,1.020401469351224,12,0.9919546547485368,5927.8243849318915,5884.736368653018,42.48041546678569,0.6076008120880151,0.0,0
83.079,-0.4033541136150695,0.41425910157822987,2.6028906005742956,0.0,0.0,1e-12,0.0,-0.4671330612164531,0.6,0.6,1.0204014693515528,12,0.9919546547485368,5927.8243849318915,5884.736368653018,42.48041546678569,0.6076008120880151,0.0,0
83.179,-0.40335411361513773,0.4142591015782715,2.556177294472499,0.0,0.0,1e-12,0.0,-0.4671330612164531,0.6,0.6,1.0204014693516124,12,0.9919546547485368,5927.8243849318915,5884.736368653018,42.48041546678569,0.6076008120880151,0.0,0
83.279,-0.4033541136149364,0.4142591015781277,2.5094639883708205,0.0,0.0,1e-12,0.0,-0.4671330612164531,0.6,0.6,1.0204014693514407,12,0.9919546547485368,5927.8243849318915,5884.736368653018,42.48041546678569,0.6076008120880151,0.0,0
83.379,-0.4033541136147873,0.4142591015780127,2.46275068226903,0.0,0.0,1e-12,0.0,-0.4671330612164531,0.6,0.6,1.0204014693513148,12,0.9919546547485368,5927.8243849318915,5884.736368653018,42.48041546678569,0.6076008120880151,0.0,0
83.479,-0.4033541136147034,0.4142591015779397,2.41603737616748,0.0,0.0,1e-12,0.0,-0.4671330612164531,0.6,0.6,1.0204014693512455,12,0.9919546547485368,5927.8243849318915,5884.736368653018,42.48041546678569,0.6076008120880151,0.0,0
83.579,-0.40335411361464774,0.4142591015778946,2.3693240700658906,0.0,0.0,1e-12,0.0,-0.4671330612164531,0.6,0.6,1.0204014693511991,12,0.9919546547485368,5927.8243849318915,5884.736368653018,42.48041546678569,0.6076008120880151,0.0,0
83.66,-0.40335411361464774,0.4142591015778946,2.3319534251844622,0.0,0.0,1e-12,0.0,-0.4671330612164531,0.6,0.6,1.0204014693511991,12,0.9919546547485368,5927.8243849318915,5884.736368653018,42.48041546678569,0.6076008120880151,0.0,0
83.791,-0.4033541136146889,0.4142591015779382,2.2758974578623117,0.0,0.0,1e-12,0.0,-0.4671330612164531,0.6,0.6,1.0204014693512318,12,0.9919546547485368,5927.8243849318915,5884.736368653018,42.48041546678569,0.6076008120880151,0.0,0
83.88,-0.40335411361475315,0.41425910157801926,2.229184151760323,0.0,0.0,1e-12,0.0,-0.4671330612164531,0.6,0.6,1.02040146935128,12,0.9919546547485368,5927.8243849318915,5884.736368653018,42.48041546678569,0.6076008120880151,0.0,0
83.989,-0.4033541136144248,0.4142591015775727,2.1824708456586572,0.0,0.0,1e-12,0.0,-0.4671330612164531,0.6,0.6,1.0204014693510386,12,0.9919546547485368,5927.8243849318915,5884.736368653018,42.48041546678569,0.6076008120880151,0.0,0
84.08,-0.4033541136141411,0.4142591015771463,2.1357575395574915,0.0,0.0,1e-12,0.0,-0.4671330612164531,0.6,0.6,1.0204014693508372,12,0.9919546547485368,5927.8243849318915,5884.736368653018,42.48041546678569,0.6076008120880151,0.0,0
84.179,-0.40335411361389845,0.414259101576745,2.089044233456856,0.0,0.0,1e-12,0.0,-0.4671330612164531,0.6,0.6,1.0204014693506716,12,0.9919546547485368,5927.8243849318915,5884.736368653018,42.48041546678569,0.6076008120880151,0.0,0
84.289,-0.403354113613694,0.4142591015763689,2.0423309273567427,0.0,0.0,1e-12,0.0,-0.4671330612164531,0.6,0.6,1.020401469350539,12,0.9919546547485368,5927.8243849318915,5884.736368653018,42.48041546678569,0.6076008120880151,0.0,0
84.38,-0.4033541136135254,0.4142591015760137,1.9956176212570917,0.0,0.0,1e-12,0.0,-0.4671330612164531,0.6,0.6,1.020401469350438,12,0.9919546547485368,5927.8243849318915,5884.736368653018,42.48041546678569,0.6076008120880151,0.0,0
84.479,-0.4033541136133842,0.4142591015756843,1.9489043151578476,0.0,0.0,1e-12,0.0,-0.4671330612164531,0.6,0.6,1.020401469350359,12,0.9919546547485368,5927.8243849318915,5884.736368653018,42.48041546678569,0.6076008120880151,0.0,0
84.588,-0.40335411361327006,0.41425910157537627,1.902191009058987,0.0,0.0,1e-12,0.0,-0.4671330612164531,0.6,0.6,1.020401469350303,12,0.9919546547485368,5927.8243849318915,5884.736368653018,42.48041546678569,0.6076008120880151,0.0,0
84.687,-0.4033541136131843,0.41425910157510554,1.8554777029606486,0.0,0.0,1e-12,0.0,-0.4671330612164531,0.6,0.6,1.0204014693502679,12,0.9919546547485368,5927.8243849318915,5884.736368653018,42.48041546678569,0.6076008120880151,0.0,0
84.78,-0.40335411361311607,0.4142591015748499,1.808764396862602,0.0,0.0,1e-12,0.0,-0.4671330612164531,0.6,0.6,1.0204014693502474,12,0.9919546547485368,5927.8243849318915,5884.736368653018,42.48041546678569,0.6076008120880151,0.0,0
84.887,-0.4033541136130739,0.4142591015746594,1.76205109076442,0.0,0.0,1e-12,0.0,-0.4671330612164531,0.6,0.6,1.0204014693502406,12,0.9919546547485368,5927.8243849318915,5884.736368653018,42.48041546678569,0.6076008120880151,0.0,0
84.981,-0.40335411361304874,0.4142591015745114,1.7153377846665958,0.0,0.0,1e-12,0.0,-0.4671330612164531,0.6,0.6,1.0204014693502426,12,0.9919546547485368,5927.8243849318915,5884.736368653018,42.48041546678569,0.6076008120880151,0.0,0
85.081,-0.40335411361303297,0.4142591015743722,1.6686244785688926,0.0,0.0,1e-12,0.0,-0.4671330612164531,0.6,0.6,1.0204014693502528,12,0.9919546547485368,5927.8243849318915,5884.736368653018,42.48041546678569,0.6076008120880151,0.0,0
85.188,-0.40335411361302725,0.41425910157431034,1.6219111724712687,0.0,0.0,1e-12,0.0,-0.4671330612164531,0.6,0.6,1.0204014693502583,12,0.9919546547485368,5927.8243849318915,5884.736368653018,42.48041546678569,0.6076008120880151,0.0,0
85.292,-0.4033541136130261,0.41425910157426443,1.5751978663735655,0.0,0.0,1e-12,0.0,-0.4671330612164531,0.6,0.6,1.0204014693502652,12,0.9919546547485368,5927.8243849318915,5884.736368653018,42.48041546678569,0.6076008120880151,0.0,0
85.388,-0.40335411361302753,0.4142591015742781,1.5284845602759227,0.0,0.0,1e-12,0.0,-0.4671330612164531,0.6,0.6,1.0204014693502643,12,0.9919546547485368,5927.8243849318915,5884.736368653018,42.48041546678569,0.6076008120880151,0.0,0
85.48,-0.4033541136130231,0.41425910157432216,1.4817712541782149,0.0,0.0,1e-12,0.0,-0.4671330612164531,0.6,0.6,1.0204014693502519,12,0.9919546547485368,5927.8243849318915,5884.736368653018,42.48041546678569,0.6076008120880151,0.0,0
85.579,-0.4033541136130129,0.41425910157440554,1.4350579480800596,0.0,0.0,1e-12,0.0,-0.4671330612164531,0.6,0.6,1.0204014693502268,12,0.9919546547485368,5927.8243849318915,5884.736368653018,42.48041546678569,0.6076008120880151,0.0,0
85.688,-0.4033541136129914,0.41425910157454027,1.3883446419821015,0.0,0.0,1e-12,0.0,-0.4671330612164531,0.6,0.6,1.020401469350181,12,0.9919546547485368,5927.8243849318915,5884.736368653018,42.48041546678569,0.6076008120880151,0.0,0
85.783,-0.4033541136129535,0.41425910157472423,1.3416313358838061,0.0,0.0,1e-12,0.0,-0.4671330612164531,0.6,0.6,1.0204014693501104,12,0.9919546547485368,5927.8243849318915,5884.736368653018,42.48041546678569,0.6076008120880151,0.0,0
85.88,-0.40335411361289764,0.4142591015749347,1.2949180297851322,0.0,0.0,1e-12,0.0,-0.4671330612164531,0.6,0.6,1.0204014693500172,12,0.9919546547485368,5927.8243849318915,5884.736368653018,42.48041546678569,0.6076008120880151,0.0,0
85.979,-0.4033541136128249,0.4142591015751714,1.2482047236860956,0.0,0.0,1e-12,0.0,-0.4671330612164531,0.6,0.6,1.0204014693499024,12,0.9919546547485368,5927.8243849318915,5884.736368653018,42.48041546678569,0.6076008120880151,0.0,0
86.081,-0.40335411361272955,0.41425910157543727,1.201491417586665,0.0,0.0,1e-12,0.0,-0.4671330612164531,0.6,0.6,1.0204014693497603,12,0.9919546547485368,5927.8243849318915,5884.736368653018,42.48041546678569,0.6076008120880151,0.0,0
86.18,-0.40335411361260287,0.41425910157573936,1.1547781114866251,0.0,0.0,1e-12,0.0,-0.4671330612164531,0.6,0.6,1.0204014693495806,12,0.9919546547485368,5927.8243849318915,5884.736368653018,42.48041546678569,0.6076008120880151,0.0,0
86.279,-0.4033541136124469,0.41425910157607315,1.1080648053861124,0.0,0.0,1e-12,0.0,-0.4671330612164531,0.6,0.6,1.0204014693493666,12,0.9919546547485368,5927.8243849318915,5884.736368653018,42.48041546678569,0.6076008120880151,0.0,0
86.38,-0.4033541136122579,0.41425910157642987,1.0613514992851132,0.0,0.0,1e-12,0.0,-0.4671330612164531,0.6,0.6,1.020401469349116,12,0.9919546547485368,5927.8243849318915,5884.736368653018,42.48041546678569,0.6076008120880151,0.0,0
86.479,-0.403354113612031,0.41425910157681417,1.0146381931836077,0.0,0.0,1e-12,0.0,-0.4671330612164531,0.6,0.6,1.0204014693488228,12,0.9919546547485368,5927.8243849318915,5884.736368653018,42.48041546678569,0.6076008120880151,0.0,0
86.579,-0.4033541136121416,0.41425910157665086,0.9679248870818394,0.0,0.0,1e-12,0.0,-0.4671330612164531,0.6,0.6,1.0204014693489614,12,0.9919546547485368,5927.8243849318915,5884.736368653018,42.48041546678569,0.6076008120880151,0.0,0
86.679,-0.4033541136122661,0.4142591015764776,0.9212115809801767,0.0,0.0,1e-12,0.0,-0.4671330612164531,0.6,0.6,1.0204014693491152,12,0.9919546547485368,5927.8243849318915,5884.736368653018,42.48041546678569,0.6076008120880151,0.0,0
86.792,-0.40335411361237083,0.41425910157634477,0.8744982748786116,0.0,0.0,1e-12,0.0,-0.4671330612164531,0.6,0.6,1.0204014693492425,12,0.9919546547485368,5927.8243849318915,5884.736368653018,42.48041546678569,0.6076008120880151,0.0,0
86.879,-0.4033541136124343,0.4142591015762718,0.8277849687768584,0.0,0.0,1e-12,0.0,-0.4671330612164531,0.6,0.6,1.020401469349318,12,0.9919546547485368,5927.8243849318915,5884.736368653018,42.48041546678569,0.6076008120880151,0.0,0
86.981,-0.40335411361245865,0.41425910157624496,0.7810716626752703,0.0,0.0,1e-12,0.0,-0.4671330612164531,0.6,0.6,1.0204014693493468,12,0.9919546547485368,5927.8243849318915,5884.736368653018,42.48041546678569,0.6076008120880151,0.0,0
87.082,-0.4033541136124569,0.41425910157624507,0.7343583565734797,0.0,0.0,1e-12,0.0,-0.4671330612164531,0.6,0.6,1.0204014693493453,12,0.9919546547485368,5927.8243849318915,5884.736368653018,42.48041546678569,0.6076008120880151,0.0,0
87.179,-0.4033541136123882,0.41425910157630685,0.6876450504716937,0.0,0.0,1e-12,0.0,-0.4671330612164531,0.6,0.6,1.0204014693492665,12,0.9919546547485368,5927.8243849318915,5884.736368653018,42.48041546678569,0.6076008120880151,0.0,0
87.279,-0.4033541136125043,0.4142591015762214,0.640931744369713,0.0,0.0,1e-12,0.0,-0.4671330612164531,0.6,0.6,1.020401469349396,12,0.9919546547485368,5927.8243849318915,5884.736368653018,42.48041546678569,0.6076008120880151,0.0,0
87.38,-0.40335411361294204,0.4142591015759071,0.5942184382682634,0.0,0.0,1e-12,0.0,-0.4671330612164531,0.6,0.6,1.0204014693498837,12,0.9919546547485368,5927.8243849318915,5884.736368653018,42.48041546678569,0.6076008120880151,0.0,0
87.489,-0.40335411361335866,0.4142591015756422,0.5475051321673112,0.0,0.0,1e-12,0.0,-0.4671330612164531,0.6,0.6,1.0204014693503416,12,0.9919546547485368,5927.8243849318915,5884.736368653018,42.48041546678569,0.6076008120880151,0.0,0
87.593,-0.4033541136137537,0.4142591015754132,0.5007918260668237,0.0,0.0,1e-12,0.0,-0.4671330612164531,0.6,0.6,1.0204014693507717,12,0.9919546547485368,5927.8243849318915,5884.736368653018,42.48041546678569,0.6076008120880151,0.0,0
87.679,-0.4033541136141287,0.4142591015752176,0.45407851996679083,0.0,0.0,1e-12,0.0,-0.4671330612164531,0.6,0.6,1.020401469351176,12,0.9919546547485368,5927.8243849318915,5884.736368653018,42.48041546678569,0.6076008120880151,0.0,0
87.79,-0.40335411361446916,0.414259101575061,0.4073652138673655,0.0,0.0,1e-12,0.0,-0.4671330612164531,0.6,0.6,1.0204014693515395,12,0.9919546547485368,5927.8243849318915,5884.736368653018,42.48041546678569,0.6076008120880151,0.0,0
87.884,-0.40335411361478646,0.4142591015749311,0.36065190776833445,0.0,0.0,1e-12,0.0,-0.4671330612164531,0.6,0.6,1.0204014693518748,12,0.9919546547485368,5927.8243849318915,5884.736368653018,42.48041546678569,0.6076008120880151,0.0,0
87.984,-0.4033541136150819,0.41425910157483,0.31393860166964443,0.0,0.0,1e-12,0.0,-0.4671330612164531,0.6,0.6,1.020401469352184,12,0.9919546547485368,5927.8243849318915,5884.736368653018,42.48041546678569,0.6076008120880151,0.0,0
88.086,-0.40335411361535295,0.41425910157474904,0.2672252955713488,0.0,0.0,1e-12,0.0,-0.4671330612164531,0.6,0.6,1.0204014693524652,12,0.9919546547485368,5927.8243849318915,5884.736368653018,42.48041546678569,0.6076008120880151,0.0,0
88.183,-0.4033541136155791,0.41425910157469126,0.22051198947343334,0.0,0.0,1e-12,0.0,-0.4671330612164531,0.6,0.6,1.020401469352698,12,0.9919546547485368,5927.8243849318915,5884.736368653018,42.48041546678569,0.6076008120880151,0.0,0
88.285,-0.40335411361575596,0.41425910157465523,0.17379868337522833,0.0,0.0,1e-12,0.0,-0.4671330612164531,0.6,0.6,1.0204014693528787,12,0.9919546547485368,5927.8243849318915,5884.736368653018,42.48041546678569,0.6076008120880151,0.0,0
88.379,-0.40335411361589624,0.41425910157463497,0.1270853772775216,0.0,0.0,1e-12,0.0,-0.4671330612164531,0.6,0.6,1.0204014693530201,12,0.9919546547485368,5927.8243849318915,5884.736368653018,42.48041546678569,0.6076008120880151,0.0,0
88.488,-0.4033541136160149,0.4142591015746229,0.08037207117989832,0.0,0.0,1e-12,0.0,-0.4671330612164531,0.6,0.6,1.0204014693531391,12,0.9919546547485368,5927.8243849318915,5884.736368653018,42.48041546678569,0.6076008120880151,0.0,0
88.584,-0.40335411361606194,0.4142591015746225,0.03365876508219514,0.0,0.0,1e-12,0.0,-0.4671330612164531,0.6,0.6,1.0204014693531853,12,0.9919546547485368,5927.8243849318915,5884.736368653018,42.48041546678569,0.6076008120880151,0.0,0
88.68,-0.40335411361610435,0.4142591015746199,-0.013054541015467191,0.0,0.0,1e-12,0.0,-0.4671330612164531,0.6,0.6,1.0204014693532275,12,0.9919546547485368,5927.8243849318915,5884.736368653018,42.48041546678569,0.6076008120880151,0.0,0
88.78,-0.4033541136160598,0.4142591015746203,-0.05976784711314996,0.0,0.0,1e-12,0.0,-0.4671330612164531,0.6,0.6,1.0204014693531835,12,0.9919546547485368,5927.8243849318915,5884.736368653018,42.48041546678569,0.6076008120880151,0.0,0
88.88,-0.4033541136160048,0.4142591015746145,-0.10648115321093753,0.0,0.0,1e-12,0.0,-0.4671330612164531,0.6,0.6,1.0204014693531307,12,0.9919546547485368,5927.8243849318915,5884.736368653018,42.48041546678569,0.6076008120880151,0.0,0
88.979,-0.40335411361589,0.4142591015745986,-0.15319445930895423,0.0,0.0,1e-12,0.0,-0.4671330612164531,0.6,0.6,1.0204014693530206,12,0.9919546547485368,5927.8243849318915,5884.736368653018,42.48041546678569,0.6076008120880151,0.0,0
89.099,-0.4033541136157119,0.41425910157456586,-0.20925042662689622,0.0,0.0,1e-12,0.0,-0.4671330612164531,0.6,0.6,1.0204014693528514,12,0.9919546547485368,5927.8243849318915,5884.736368653018,42.48041546678569,0.6076008120880151,0.0,0
89.179,-0.40335411361556495,0.4142591015745334,-0.24662107150556145,0.0,0.0,1e-12,0.0,-0.4671330612164531,0.6,0.6,1.0204014693527128,12,0.9919546547485368,5927.8243849318915,5884.736368653018,42.48041546678569,0.6076008120880151,0.0,0
