stamp,x,y,yaw,cov_x,cov_y,cov_yaw,cmd_v,cmd_w,goal_x,goal_y,goal_dist,plan_points,plan_length,efe_total,efe_risk,efe_ambiguity,efe_control,efe_boundary,seed
5.992,1.8203485987338227e-05,-4.239421475495341e-12,-4.659086677831509e-07,0.0,0.0,1e-12,0.0,0.0,0.0,0.0,0.0,0,0.0,0.0,0.0,0.0,0.0,0.0,0
6.085,1.8203485987338227e-05,-4.239421475495341e-12,-4.659086677831509e-07,0.0,0.0,1e-12,0.0,0.0,0.0,0.0,0.0,0,0.0,0.0,0.0,0.0,0.0,0.0,0
6.185,1.8203485987338227e-05,-4.239421475495341e-12,-4.659086677831509e-07,0.0,0.0,1e-12,0.0,0.0,0.0,0.0,0.0,0,0.0,0.0,0.0,0.0,0.0,0.0,0
6.284,1.8203485987338227e-05,-4.239421475495341e-12,-4.659086677831509e-07,0.0,0.0,1e-12,0.0,0.0,0.0,0.0,0.0,0,0.0,0.0,0.0,0.0,0.0,0.0,0
6.384,1.8203485987338227e-05,-4.239421475495341e-12,-4.659086677831509e-07,0.0,0.0,1e-12,0.0,0.0,0.0,0.0,0.0,0,0.0,0.0,0.0,0.0,0.0,0.0,0
6.484,1.8203485987338227e-05,-4.239421475495341e-12,-4.659086677831509e-07,0.0,0.0,1e-12,0.0,0.0,0.0,0.0,0.0,0,0.0,0.0,0.0,0.0,0.0,0.0,0
6.584,1.8203485987338227e-05,-4.239421475495341e-12,-4.659086677831509e-07,0.0,0.0,1e-12,0.0,0.0,0.0,0.0,0.0,0,0.0,0.0,0.0,0.0,0.0,0.0,0
6.684,1.8203485987338227e-05,-4.239421475495341e-12,-4.659086677831509e-07,0.0,0.0,1e-12,0.0,0.0,0.0,0.0,0.0,0,0.0,0.0,0.0,0.0,0.0,0.0,0
6.785,1.8203485987338227e-05,-4.239421475495341e-12,-4.659086677831509e-07,0.0,0.0,1e-12,0.0,0.0,0.0,0.0,0.0,0,0.0,0.0,0.0,0.0,0.0,0.0,0
6.884,1.8203485987338227e-05,-4.239421475495341e-12,-4.659086677831509e-07,0.0,0.0,1e-12,0.0,0.0,0.0,0.0,0.0,0,0.0,0.0,0.0,0.0,0.0,0.0,0
6.985,1.8203485987338227e-05,-4.239421475495341e-12,-4.659086677831509e-07,0.0,0.0,1e-12,0.0,0.0,0.0,0.0,0.0,0,0.0,0.0,0.0,0.0,0.0,0.0,0
7.084,1.8203485987338227e-05,-4.239421475495341e-12,-4.659086677831509e-07,0.0,0.0,1e-12,0.0,0.0,0.0,0.0,0.0,0,0.0,0.0,0.0,0.0,0.0,0.0,0
7.184,1.8203485987338227e-05,-4.239421475495341e-12,-4.659086677831509e-07,0.0,0.0,1e-12,0.0,0.0,0.0,0.0,0.0,0,0.0,0.0,0.0,0.0,0.0,0.0,0
7.2940000000000005,1.8203485987338227e-05,-4.239421475495341e-12,-4.659086677831509e-07,0.0,0.0,1e-12,0.0,0.0,0.0,0.0,0.0,0,0.0,0.0,0.0,0.0,0.0,0.0,0
7.384,1.8203485987338227e-05,-4.239421475495341e-12,-4.659086677831509e-07,0.0,0.0,1e-12,0.0,0.0,0.0,0.0,0.0,0,0.0,0.0,0.0,0.0,0.0,0.0,0
7.484,1.8203485987338227e-05,-4.239421475495341e-12,-4.659086677831509e-07,0.0,0.0,1e-12,0.0,0.0,0.0,0.0,0.0,0,0.0,0.0,0.0,0.0,0.0,0.0,0
7.589,1.8203485987338227e-05,-4.239421475495341e-12,-4.659086677831509e-07,0.0,0.0,1e-12,0.0,0.0,0.0,0.0,0.0,0,0.0,0.0,0.0,0.0,0.0,0.0,0
7.695,1.8203485987338227e-05,-4.239421475495341e-12,-4.659086677831509e-07,0.0,0.0,1e-12,0.0,0.0,0.0,0.0,0.0,0,0.0,0.0,0.0,0.0,0.0,0.0,0
7.793,1.8203485987338227e-05,-4.239421475495341e-12,-4.659086677831509e-07,0.0,0.0,1e-12,0.0,0.0,0.0,0.0,0.0,0,0.0,0.0,0.0,0.0,0.0,0.0,0
7.884,1.8203485987338227e-05,-4.239421475495341e-12,-4.659086677831509e-07,0.0,0.0,1e-12,0.0,0.0,0.0,0.0,0.0,0,0.0,0.0,0.0,0.0,0.0,0.0,0
7.991,1.8203485987338227e-05,-4.239421475495341e-12,-4.659086677831509e-07,0.0,0.0,1e-12,0.0,0.0,0.0,0.0,0.0,0,0.0,0.0,0.0,0.0,0.0,0.0,0
8.085,1.8203485987338227e-05,-4.239421475495341e-12,-4.659086677831509e-07,0.0,0.0,1e-12,0.0,0.0,0.0,0.0,0.0,0,0.0,0.0,0.0,0.0,0.0,0.0,0
8.184,1.8203485987338227e-05,-4.239421475495341e-12,-4.659086677831509e-07,0.0,0.0,1e-12,0.0,0.0,0.0,0.0,0.0,0,0.0,0.0,0.0,0.0,0.0,0.0,0
8.284,1.8203485987338227e-05,-4.239421475495341e-12,-4.659086677831509e-07,0.0,0.0,1e-12,0.0,0.0,0.0,0.0,0.0,0,0.0,0.0,0.0,0.0,0.0,0.0,0
8.384,1.8203485987338227e-05,-4.239421475495341e-12,-4.659086677831509e-07,0.0,0.0,1e-12,0.0,0.0,0.6,0.6,0.8485152657161033,0,0.0,0.0,0.0,0.0,0.0,0.0,0
8.484,1.8203485987338227e-05,-4.239421475495341e-12,-4.659086677831509e-07,0.0,0.0,1e-12,0.0,0.0,0.6,0.6,0.8485152657161033,0,0.0,0.0,0.0,0.0,0.0,0.0,0
8.595,1.8203485987338227e-05,-4.239421475495341e-12,-4.659086677831509e-07,0.0,0.0,1e-12,0.0,0.0,0.6,0.6,0.8485152657161033,0,0.0,0.0,0.0,0.0,0.0,0.0,0
8.684,1.8203485987338227e-05,-4.239421475495341e-12,-4.659086677831509e-07,0.0,0.0,1e-12,0.0,0.0,0.6,0.6,0.8485152657161033,0,0.0,0.0,0.0,0.0,0.0,0.0,0
8.784,1.8203485987338227e-05,-4.239421475495341e-12,-4.659086677831509e-07,0.0,0.0,1e-12,0.0,0.0,0.6,0.6,0.8485152657161033,0,0.0,0.0,0.0,0.0,0.0,0.0,0
8.89,1.8203485987338227e-05,-4.239421475495341e-12,-4.659086677831509e-07,0.0,0.0,1e-12,0.0,0.0,0.6,0.6,0.8485152657161033,0,0.0,0.0,0.0,0.0,0.0,0.0,0
8.984,1.8203485987338227e-05,-4.239421475495341e-12,-4.659086677831509e-07,0.0,0.0,1e-12,0.0,0.0,0.6,0.6,0.8485152657161033,0,0.0,0.0,0.0,0.0,0.0,0.0,0
9.091,1.8203485987338227e-05,-4.239421475495341e-12,-4.659086677831509e-07,0.0,0.0,1e-12,0.0,0.0,0.6,0.6,0.8485152657161033,0,0.0,0.0,0.0,0.0,0.0,0.0,0
9.185,1.8203485987338227e-05,-4.239421475495341e-12,-4.659086677831509e-07,0.0,0.0,1e-12,0.0,0.0,0.6,0.6,0.8485152657161033,0,0.0,0.0,0.0,0.0,0.0,0.0,0
9.284,1.8203485987338227e-05,-4.239421475495341e-12,-4.659086677831509e-07,0.0,0.0,1e-12,0.0,0.0,0.6,0.6,0.8485152657161033,0,0.0,0.0,0.0,0.0,0.0,0.0,0
9.385,1.8203485987338227e-05,-4.239421475495341e-12,-4.659086677831509e-07,0.0,0.0,1e-12,0.0,0.0,0.6,0.6,0.8485152657161033,0,0.0,0.0,0.0,0.0,0.0,0.0,0
9.485,1.8203485987338227e-05,-4.239421475495341e-12,-4.659086677831509e-07,0.0,0.0,1e-12,0.0,0.0,0.6,0.6,0.8485152657161033,0,0.0,0.0,0.0,0.0,0.0,0.0,0
9.584,1.8203485987338227e-05,-4.239421475495341e-12,-4.659086677831509e-07,0.0,0.0,1e-12,0.0,0.0,0.6,0.6,0.8485152657161033,0,0.0,0.0,0.0,0.0,0.0,0.0,0
9.685,1.8203485987338227e-05,-4.239421475495341e-12,-4.659086677831509e-07,0.0,0.0,1e-12,0.0,0.0,0.6,0.6,0.8485152657161033,0,0.0,0.0,0.0,0.0,0.0,0.0,0
9.785,1.8203485987338227e-05,-4.239421475495341e-12,-4.659086677831509e-07,0.0,0.0,1e-12,0.0,0.0,0.6,0.6,0.8485152657161033,0,0.0,0.0,0.0,0.0,0.0,0.0,0
9.884,1.8203485987338227e-05,-4.239421475495341e-12,-4.659086677831509e-07,0.0,0.0,1e-12,0.0,0.0,0.6,0.6,0.8485152657161033,0,0.0,0.0,0.0,0.0,0.0,0.0,0
9.986,1.8203485987338227e-05,-4.239421475495341e-12,-4.659086677831509e-07,0.0,0.0,1e-12,0.0,0.0,0.6,0.6,0.8485152657161033,0,0.0,0.0,0.0,0.0,0.0,0.0,0
10.085,1.8203485987338227e-05,-4.239421475495341e-12,-4.659086677831509e-07,0.0,0.0,1e-12,0.0,0.0,0.6,0.6,0.8485152657161033,0,0.0,0.0,0.0,0.0,0.0,0.0,0
10.184,1.8203485987338227e-05,-4.239421475495341e-12,-4.659086677831509e-07,0.0,0.0,1e-12,0.0,0.0,0.6,0.6,0.8485152657161033,0,0.0,0.0,0.0,0.0,0.0,0.0,0
10.284,1.8203485987338227e-05,-4.239421475495341e-12,-4.659086677831509e-07,0.0,0.0,1e-12,0.0,0.0,0.6,0.6,0.8485152657161033,0,0.0,0.0,0.0,0.0,0.0,0.0,0
10.385,1.8203485987338227e-05,-4.239421475495341e-12,-4.659086677831509e-07,0.0,0.0,1e-12,0.0,0.0,0.6,0.6,0.8485152657161033,0,0.0,0.0,0.0,0.0,0.0,0.0,0
10.484,1.8203485987338227e-05,-4.239421475495341e-12,-4.659086677831509e-07,0.0,0.0,1e-12,0.0,0.0,0.6,0.6,0.8485152657161033,0,0.0,0.0,0.0,0.0,0.0,0.0,0
10.585,1.8203485987338227e-05,-4.239421475495341e-12,-4.659086677831509e-07,0.0,0.0,1e-12,0.0,0.0,0.6,0.6,0.8485152657161033,0,0.0,0.0,0.0,0.0,0.0,0.0,0
10.686,1.8203485987338227e-05,-4.239421475495341e-12,-4.659086677831509e-07,0.0,0.0,1e-12,0.0,0.0,0.6,0.6,0.8485152657161033,0,0.0,0.0,0.0,0.0,0.0,0.0,0
10.784,1.8203485987338227e-05,-4.239421475495341e-12,-4.659086677831509e-07,0.0,0.0,1e-12,0.0,0.0,0.6,0.6,0.8485152657161033,0,0.0,0.0,0.0,0.0,0.0,0.0,0
10.884,1.8203485987338227e-05,-4.239421475495341e-12,-4.659086677831509e-07,0.0,0.0,1e-12,0.0,0.0,0.6,0.6,0.8485152657161033,0,0.0,0.0,0.0,0.0,0.0,0.0,0
10.984,1.8203485987338227e-05,-4.239421475495341e-12,-4.659086677831509e-07,0.0,0.0,1e-12,0.0,0.0,0.6,0.6,0.8485152657161033,0,0.0,0.0,0.0,0.0,0.0,0.0,0
11.087,1.8203485987338227e-05,-4.239421475495341e-12,-4.659086677831509e-07,0.0,0.0,1e-12,0.0,0.0,0.6,0.6,0.8485152657161033,0,0.0,0.0,0.0,0.0,0.0,0.0,0
11.195,1.8203485987338227e-05,-4.239421475495341e-12,-4.659086677831509e-07,0.0,0.0,1e-12,0.0,0.0,0.6,0.6,0.8485152657161033,0,0.0,0.0,0.0,0.0,0.0,0.0,0
11.304,1.8203485987338227e-05,-4.239421475495341e-12,-4.659086677831509e-07,0.0,0.0,1e-12,0.0,0.0,0.6,0.6,0.8485152657161033,0,0.0,0.0,0.0,0.0,0.0,0.0,0
11.392,1.8203485987338227e-05,-4.239421475495341e-12,-4.659086677831509e-07,0.0,0.0,1e-12,0.0,0.0,0.6,0.6,0.8485152657161033,0,0.0,0.0,0.0,0.0,0.0,0.0,0
11.484,1.8203485987338227e-05,-4.239421475495341e-12,-4.659086677831509e-07,0.0,0.0,1e-12,0.0,0.0,0.6,0.6,0.8485152657161033,0,0.0,0.0,0.0,0.0,0.0,0.0,0
11.591,1.8203485987338227e-05,-4.239421475495341e-12,-4.659086677831509e-07,0.0,0.0,1e-12,0.0,0.0,0.6,0.6,0.8485152657161033,0,0.0,0.0,0.0,0.0,0.0,0.0,0
11.685,1.8203485987338227e-05,-4.239421475495341e-12,-4.659086677831509e-07,0.0,0.0,1e-12,0.0,0.0,0.6,0.6,0.8485152657161033,0,0.0,0.0,0.0,0.0,0.0,0.0,0
11.786,1.8203485987338227e-05,-4.239421475495341e-12,-4.659086677831509e-07,0.0,0.0,1e-12,0.0,0.0,0.6,0.6,0.8485152657161033,0,0.0,0.0,0.0,0.0,0.0,0.0,0
11.895,1.8203485987338227e-05,-4.239421475495341e-12,-4.659086677831509e-07,0.0,0.0,1e-12,0.0,0.0,0.6,0.6,0.8485152657161033,0,0.0,0.0,0.0,0.0,0.0,0.0,0
11.986,1.8203485987338227e-05,-4.239421475495341e-12,-4.659086677831509e-07,0.0,0.0,1e-12,0.0,0.0,0.6,0.6,0.8485152657161033,0,0.0,0.0,0.0,0.0,0.0,0.0,0
12.085,1.8203485987338227e-05,-4.239421475495341e-12,-4.659086677831509e-07,0.0,0.0,1e-12,0.0,0.0,0.6,0.6,0.8485152657161033,0,0.0,0.0,0.0,0.0,0.0,0.0,0
12.192,1.8203485987338227e-05,-4.239421475495341e-12,-4.659086677831509e-07,0.0,0.0,1e-12,0.0,0.0,0.6,0.6,0.8485152657161033,0,0.0,0.0,0.0,0.0,0.0,0.0,0
12.265,1.8203485987338227e-05,-4.239421475495341e-12,-4.659086677831509e-07,0.0,0.0,1e-12,0.0,0.0,0.6,0.6,0.8485152657161033,0,0.0,0.0,0.0,0.0,0.0,0.0,0
12.386,1.8203485987338227e-05,-4.239421475495341e-12,-4.659086677831509e-07,0.0,0.0,1e-12,0.0,0.0,0.6,0.6,0.8485152657161033,0,0.0,0.0,0.0,0.0,0.0,0.0,0
12.485,1.8203485987338227e-05,-4.239421475495341e-12,-4.659086677831509e-07,0.0,0.0,1e-12,0.0,0.0,0.6,0.6,0.8485152657161033,0,0.0,0.0,0.0,0.0,0.0,0.0,0
12.584,1.8203485987338227e-05,-4.239421475495341e-12,-4.659086677831509e-07,0.0,0.0,1e-12,0.0,0.0,0.6,0.6,0.8485152657161033,0,0.0,0.0,0.0,0.0,0.0,0.0,0
12.684,1.8203485987338227e-05,-4.239421475495341e-12,-4.659086677831509e-07,0.0,0.0,1e-12,0.0,0.0,0.6,0.6,0.8485152657161033,0,0.0,0.0,0.0,0.0,0.0,0.0,0
12.784,1.8203485987338227e-05,-4.239421475495341e-12,-4.659086677831509e-07,0.0,0.0,1e-12,0.0,0.0,0.6,0.6,0.8485152657161033,0,0.0,0.0,0.0,0.0,0.0,0.0,0
12.886,1.8203485987338227e-05,-4.239421475495341e-12,-4.659086677831509e-07,0.0,0.0,1e-12,0.0,0.0,0.6,0.6,0.8485152657161033,0,0.0,0.0,0.0,0.0,0.0,0.0,0
12.984,1.8203485987338227e-05,-4.239421475495341e-12,-4.659086677831509e-07,0.0,0.0,1e-12,0.0,0.0,0.6,0.6,0.8485152657161033,0,0.0,0.0,0.0,0.0,0.0,0.0,0
13.084,1.8203485987338227e-05,-4.239421475495341e-12,-4.659086677831509e-07,0.0,0.0,1e-12,0.0,0.0,0.6,0.6,0.8485152657161033,0,0.0,0.0,0.0,0.0,0.0,0.0,0
13.184,1.8203485987338227e-05,-4.239421475495341e-12,-4.659086677831509e-07,0.0,0.0,1e-12,0.0,0.0,0.6,0.6,0.8485152657161033,0,0.0,0.0,0.0,0.0,0.0,0.0,0
13.284,1.8203485987338227e-05,-4.239421475495341e-12,-4.659086677831509e-07,0.0,0.0,1e-12,0.0,0.0,0.6,0.6,0.8485152657161033,0,0.0,0.0,0.0,0.0,0.0,0.0,0
13.384,1.8203485987338227e-05,-4.239421475495341e-12,-4.659086677831509e-07,0.0,0.0,1e-12,0.0,0.0,0.6,0.6,0.8485152657161033,0,0.0,0.0,0.0,0.0,0.0,0.0,0
13.485,1.8203485987338227e-05,-4.239421475495341e-12,-4.659086677831509e-07,0.0,0.0,1e-12,0.0,0.0,0.6,0.6,0.8485152657161033,0,0.0,0.0,0.0,0.0,0.0,0.0,0
13.584,1.8203485987338227e-05,-4.239421475495341e-12,-4.659086677831509e-07,0.0,0.0,1e-12,0.0,0.0,0.6,0.6,0.8485152657161033,0,0.0,0.0,0.0,0.0,0.0,0.0,0
13.684,1.8203485987338227e-05,-4.239421475495341e-12,-4.659086677831509e-07,0.0,0.0,1e-12,0.0,0.0,0.6,0.6,0.8485152657161033,0,0.0,0.0,0.0,0.0,0.0,0.0,0
13.784,1.8203485987338227e-05,-4.239421475495341e-12,-4.659086677831509e-07,0.0,0.0,1e-12,0.0,0.0,0.6,0.6,0.8485152657161033,0,0.0,0.0,0.0,0.0,0.0,0.0,0
13.885,1.8203485987338227e-05,-4.239421475495341e-12,-4.659086677831509e-07,0.0,0.0,1e-12,0.0,0.0,0.6,0.6,0.8485152657161033,0,0.0,0.0,0.0,0.0,0.0,0.0,0
13.995000000000001,1.8203485987338227e-05,-4.239421475495341e-12,-4.659086677831509e-07,0.0,0.0,1e-12,0.0,0.0,0.6,0.6,0.8485152657161033,0,0.0,0.0,0.0,0.0,0.0,0.0,0
14.086,1.8203485987338227e-05,-4.239421475495341e-12,-4.659086677831509e-07,0.0,0.0,1e-12,0.0,0.0,0.6,0.6,0.8485152657161033,0,0.0,0.0,0.0,0.0,0.0,0.0,0
14.185,1.8203485987338227e-05,-4.239421475495341e-12,-4.659086677831509e-07,0.0,0.0,1e-12,0.0,0.0,0.6,0.6,0.8485152657161033,0,0.0,0.0,0.0,0.0,0.0,0.0,0
14.296,1.8203485987338227e-05,-4.239421475495341e-12,-4.659086677831509e-07,0.0,0.0,1e-12,0.0,0.0,0.6,0.6,0.8485152657161033,0,0.0,0.0,0.0,0.0,0.0,0.0,0
14.384,1.8203485987338227e-05,-4.239421475495341e-12,-4.659086677831509e-07,0.0,0.0,1e-12,0.0,0.0,0.6,0.6,0.8485152657161033,0,0.0,0.0,0.0,0.0,0.0,0.0,0
14.492,1.8203485987338227e-05,-4.239421475495341e-12,-4.659086677831509e-07,0.0,0.0,1e-12,0.0,0.0,0.6,0.6,0.8485152657161033,0,0.0,0.0,0.0,0.0,0.0,0.0,0
14.586,1.8203485987338227e-05,-4.239421475495341e-12,-4.659086677831509e-07,0.0,0.0,1e-12,0.0,0.0,0.6,0.6,0.8485152657161033,0,0.0,0.0,0.0,0.0,0.0,0.0,0
14.689,1.8203485987338227e-05,-4.239421475495341e-12,-4.659086677831509e-07,0.0,0.0,1e-12,0.0,0.0,0.6,0.6,0.8485152657161033,0,0.0,0.0,0.0,0.0,0.0,0.0,0
14.764,1.8203485987338227e-05,-4.239421475495341e-12,-4.659086677831509e-07,0.0,0.0,1e-12,0.0,0.0,0.6,0.6,0.8485152657161033,0,0.0,0.0,0.0,0.0,0.0,0.0,0
14.864,1.8203485987338227e-05,-4.239421475495341e-12,-4.659086677831509e-07,0.0,0.0,1e-12,0.0,0.0,0.6,0.6,0.8485152657161033,0,0.0,0.0,0.0,0.0,0.0,0.0,0
14.994,1.8203485987338227e-05,-4.239421475495341e-12,-4.659086677831509e-07,0.0,0.0,1e-12,0.0,0.0,0.6,0.6,0.8485152657161033,0,0.0,0.0,0.0,0.0,0.0,0.0,0
15.089,1.8203485987338227e-05,-4.239421475495341e-12,-4.659086677831509e-07,0.0,0.0,1e-12,0.0,0.0,0.6,0.6,0.8485152657161033,0,0.0,0.0,0.0,0.0,0.0,0.0,0
15.192,1.8203485987338227e-05,-4.239421475495341e-12,-4.659086677831509e-07,0.0,0.0,1e-12,0.0,0.0,0.6,0.6,0.8485152657161033,0,0.0,0.0,0.0,0.0,0.0,0.0,0
15.285,1.8203485987338227e-05,-4.239421475495341e-12,-4.659086677831509e-07,0.0,0.0,1e-12,0.0,0.0,0.6,0.6,0.8485152657161033,0,0.0,0.0,0.0,0.0,0.0,0.0,0
15.394,1.8203485987338227e-05,-4.239421475495341e-12,-4.659086677831509e-07,0.0,0.0,1e-12,0.0,0.0,0.6,0.6,0.8485152657161033,0,0.0,0.0,0.0,0.0,0.0,0.0,0
15.485,1.8203485987338227e-05,-4.239421475495341e-12,-4.659086677831509e-07,0.0,0.0,1e-12,0.0,0.0,0.6,0.6,0.8485152657161033,0,0.0,0.0,0.0,0.0,0.0,0.0,0
15.588000000000001,1.8203485987338227e-05,-4.239421475495341e-12,-4.659086677831509e-07,0.0,0.0,1e-12,0.0,0.0,0.6,0.6,0.8485152657161033,0,0.0,0.0,0.0,0.0,0.0,0.0,0
15.684,1.8203485987338227e-05,-4.239421475495341e-12,-4.659086677831509e-07,0.0,0.0,1e-12,0.0,0.0,0.6,0.6,0.8485152657161033,0,0.0,0.0,0.0,0.0,0.0,0.0,0
15.785,1.8203485987338227e-05,-4.239421475495341e-12,-4.659086677831509e-07,0.0,0.0,1e-12,0.0,0.0,0.6,0.6,0.8485152657161033,0,0.0,0.0,0.0,0.0,0.0,0.0,0
15.884,1.8203485987338227e-05,-4.239421475495341e-12,-4.659086677831509e-07,0.0,0.0,1e-12,0.0,0.0,0.6,0.6,0.8485152657161033,0,0.0,0.0,0.0,0.0,0.0,0.0,0
15.986,1.8203485987338227e-05,-4.239421475495341e-12,-4.659086677831509e-07,0.0,0.0,1e-12,0.0,0.0,0.6,0.6,0.8485152657161033,0,0.0,0.0,0.0,0.0,0.0,0.0,0
16.084,1.8203485987338227e-05,-4.239421475495341e-12,-4.659086677831509e-07,0.0,0.0,1e-12,0.0,0.0,0.6,0.6,0.8485152657161033,0,0.0,0.0,0.0,0.0,0.0,0.0,0
16.186,1.8203485987338227e-05,-4.239421475495341e-12,-4.659086677831509e-07,0.0,0.0,1e-12,0.0,0.0,0.6,0.6,0.8485152657161033,0,0.0,0.0,0.0,0.0,0.0,0.0,0
16.284,1.8203485987338227e-05,-4.239421475495341e-12,-4.659086677831509e-07,0.0,0.0,1e-12,0.0,0.0,0.6,0.6,0.8485152657161033,0,0.0,0.0,0.0,0.0,0.0,0.0,0
16.384,1.8203485987338227e-05,-4.239421475495341e-12,-4.659086677831509e-07,0.0,0.0,1e-12,0.0,0.0,0.6,0.6,0.8485152657161033,0,0.0,0.0,0.0,0.0,0.0,0.0,0
16.485,1.8203485987338227e-05,-4.239421475495341e-12,-4.659086677831509e-07,0.0,0.0,1e-12,0.0,0.0,0.6,0.6,0.8485152657161033,0,0.0,0.0,0.0,0.0,0.0,0.0,0
16.587,1.8203485987338227e-05,-4.239421475495341e-12,-4.659086677831509e-07,0.0,0.0,1e-12,0.0,0.0,0.6,0.6,0.8485152657161033,0,0.0,0.0,0.0,0.0,0.0,0.0,0
16.686,1.8203485987338227e-05,-4.239421475495341e-12,-4.659086677831509e-07,0.0,0.0,1e-12,0.0,0.0,0.6,0.6,0.8485152657161033,0,0.0,0.0,0.0,0.0,0.0,0.0,0
16.785,1.8203485987338227e-05,-4.239421475495341e-12,-4.659086677831509e-07,0.0,0.0,1e-12,0.0,0.0,0.6,0.6,0.8485152657161033,0,0.0,0.0,0.0,0.0,0.0,0.0,0
16.885,1.8203485987338227e-05,-4.239421475495341e-12,-4.659086677831509e-07,0.0,0.0,1e-12,0.0,0.0,0.6,0.6,0.8485152657161033,0,0.0,0.0,0.0,0.0,0.0,0.0,0
16.986,1.8203485987338227e-05,-4.239421475495341e-12,-4.659086677831509e-07,0.0,0.0,1e-12,0.0,0.0,0.6,0.6,0.8485152657161033,0,0.0,0.0,0.0,0.0,0.0,0.0,0
17.084,1.8203485987338227e-05,-4.239421475495341e-12,-4.659086677831509e-07,0.0,0.0,1e-12,0.0,0.0,0.6,0.6,0.8485152657161033,0,0.0,0.0,0.0,0.0,0.0,0.0,0
17.184,1.8203485987338227e-05,-4.239421475495341e-12,-4.659086677831509e-07,0.0,0.0,1e-12,0.0,0.0,0.6,0.6,0.8485152657161033,0,0.0,0.0,0.0,0.0,0.0,0.0,0
17.284,1.8203485987338227e-05,-4.239421475495341e-12,-4.659086677831509e-07,0.0,0.0,1e-12,0.0,0.0,0.6,0.6,0.8485152657161033,0,0.0,0.0,0.0,0.0,0.0,0.0,0
17.385,1.8203485987338227e-05,-4.239421475495341e-12,-4.659086677831509e-07,0.0,0.0,1e-12,0.0,0.0,0.6,0.6,0.8485152657161033,0,0.0,0.0,0.0,0.0,0.0,0.0,0
17.484,1.8203485987338227e-05,-4.239421475495341e-12,-4.659086677831509e-07,0.0,0.0,1e-12,0.0,0.0,0.6,0.6,0.8485152657161033,0,0.0,0.0,0.0,0.0,0.0,0.0,0
17.584,1.8203485987338227e-05,-4.239421475495341e-12,-4.659086677831509e-07,0.0,0.0,1e-12,0.0,0.0,0.6,0.6,0.8485152657161033,0,0.0,0.0,0.0,0.0,0.0,0.0,0
17.695,1.8203485987338227e-05,-4.239421475495341e-12,-4.659086677831509e-07,0.0,0.0,1e-12,0.0,0.0,0.6,0.6,0.8485152657161033,0,0.0,0.0,0.0,0.0,0.0,0.0,0
17.784,1.8203485987338227e-05,-4.239421475495341e-12,-4.659086677831509e-07,0.0,0.0,1e-12,0.0,0.0,0.6,0.6,0.8485152657161033,0,0.0,0.0,0.0,0.0,0.0,0.0,0
17.87,1.8203485987338227e-05,-4.239421475495341e-12,-4.659086677831509e-07,0.0,0.0,1e-12,0.0,0.0,0.6,0.6,0.8485152657161033,0,0.0,0.0,0.0,0.0,0.0,0.0,0
17.984,1.8203485987338227e-05,-4.239421475495341e-12,-4.659086677831509e-07,0.0,0.0,1e-12,0.0,0.0,0.6,0.6,0.8485152657161033,0,0.0,0.0,0.0,0.0,0.0,0.0,0
18.065,1.8203485987338227e-05,-4.239421475495341e-12,-4.659086677831509e-07,0.0,0.0,1e-12,0.0,0.0,0.6,0.6,0.8485152657161033,0,0.0,0.0,0.0,0.0,0.0,0.0,0
18.164,1.8203485987338227e-05,-4.239421475495341e-12,-4.659086677831509e-07,0.0,0.0,1e-12,0.0,0.0,0.6,0.6,0.8485152657161033,0,0.0,0.0,0.0,0.0,0.0,0.0,0
18.285,1.8203485987338227e-05,-4.239421475495341e-12,-4.659086677831509e-07,0.0,0.0,1e-12,0.0,0.0,0.6,0.6,0.8485152657161033,0,0.0,0.0,0.0,0.0,0.0,0.0,0
18.39,1.8203485987338227e-05,-4.239421475495341e-12,-4.659086677831509e-07,0.0,0.0,1e-12,0.0,0.0,0.6,0.6,0.8485152657161033,0,0.0,0.0,0.0,0.0,0.0,0.0,0
18.495,1.8203485987338227e-05,-4.239421475495341e-12,-4.659086677831509e-07,0.0,0.0,1e-12,0.0,0.0,0.6,0.6,0.8485152657161033,0,0.0,0.0,0.0,0.0,0.0,0.0,0
18.588,1.8203485987338227e-05,-4.239421475495341e-12,-4.659086677831509e-07,0.0,0.0,1e-12,0.0,0.0,0.6,0.6,0.8485152657161033,0,0.0,0.0,0.0,0.0,0.0,0.0,0
18.696,1.8203485987338227e-05,-4.239421475495341e-12,-4.659086677831509e-07,0.0,0.0,1e-12,0.0,0.0,0.6,0.6,0.8485152657161033,0,0.0,0.0,0.0,0.0,0.0,0.0,0
18.793,1.8203485987338227e-05,-4.239421475495341e-12,-4.659086677831509e-07,0.0,0.0,1e-12,0.0,0.0,0.6,0.6,0.8485152657161033,0,0.0,0.0,0.0,0.0,0.0,0.0,0
18.894,1.8203485987338227e-05,-4.239421475495341e-12,-4.659086677831509e-07,0.0,0.0,1e-12,0.0,0.0,0.6,0.6,0.8485152657161033,0,0.0,0.0,0.0,0.0,0.0,0.0,0
18.984,1.8203485987338227e-05,-4.239421475495341e-12,-4.659086677831509e-07,0.0,0.0,1e-12,0.0,0.0,0.6,0.6,0.8485152657161033,0,0.0,0.0,0.0,0.0,0.0,0.0,0
19.091,1.8203485987338227e-05,-4.239421475495341e-12,-4.659086677831509e-07,0.0,0.0,1e-12,0.0,0.0,0.6,0.6,0.8485152657161033,0,0.0,0.0,0.0,0.0,0.0,0.0,0
19.184,1.8203485987338227e-05,-4.239421475495341e-12,-4.659086677831509e-07,0.0,0.0,1e-12,0.0,0.0,0.6,0.6,0.8485152657161033,0,0.0,0.0,0.0,0.0,0.0,0.0,0
19.284,1.8203485987338227e-05,-4.239421475495341e-12,-4.659086677831509e-07,0.0,0.0,1e-12,0.0,0.0,0.6,0.6,0.8485152657161033,0,0.0,0.0,0.0,0.0,0.0,0.0,0
19.388,1.8203485987338227e-05,-4.239421475495341e-12,-4.659086677831509e-07,0.0,0.0,1e-12,0.0,0.0,0.6,0.6,0.8485152657161033,0,0.0,0.0,0.0,0.0,0.0,0.0,0
19.484,1.8203485987338227e-05,-4.239421475495341e-12,-4.659086677831509e-07,0.0,0.0,1e-12,0.0,0.0,0.6,0.6,0.8485152657161033,0,0.0,0.0,0.0,0.0,0.0,0.0,0
19.597,1.8203485987338227e-05,-4.239421475495341e-12,-4.659086677831509e-07,0.0,0.0,1e-12,0.0,0.0,0.6,0.6,0.8485152657161033,0,0.0,0.0,0.0,0.0,0.0,0.0,0
19.684,1.8203485987338227e-05,-4.239421475495341e-12,-4.659086677831509e-07,0.0,0.0,1e-12,0.0,0.0,0.6,0.6,0.8485152657161033,0,0.0,0.0,0.0,0.0,0.0,0.0,0
19.784,1.8203485987338227e-05,-4.239421475495341e-12,-4.659086677831509e-07,0.0,0.0,1e-12,0.0,0.0,0.6,0.6,0.8485152657161033,0,0.0,0.0,0.0,0.0,0.0,0.0,0
19.884,1.8203485987338227e-05,-4.239421475495341e-12,-4.659086677831509e-07,0.0,0.0,1e-12,0.0,0.0,0.6,0.6,0.8485152657161033,0,0.0,0.0,0.0,0.0,0.0,0.0,0
19.987000000000002,1.8203485987338227e-05,-4.239421475495341e-12,-4.659086677831509e-07,0.0,0.0,1e-12,0.0,0.0,0.6,0.6,0.8485152657161033,0,0.0,0.0,0.0,0.0,0.0,0.0,0
20.086,1.8203485987338227e-05,-4.239421475495341e-12,-4.659086677831509e-07,0.0,0.0,1e-12,0.0,0.0,0.6,0.6,0.8485152657161033,0,0.0,0.0,0.0,0.0,0.0,0.0,0
20.186,1.8203485987338227e-05,-4.239421475495341e-12,-4.659086677831509e-07,0.0,0.0,1e-12,0.0,0.0,0.6,0.6,0.8485152657161033,0,0.0,0.0,0.0,0.0,0.0,0.0,0
20.284,1.8203485987338227e-05,-4.239421475495341e-12,-4.659086677831509e-07,0.0,0.0,1e-12,0.0,0.0,0.6,0.6,0.8485152657161033,0,0.0,0.0,0.0,0.0,0.0,0.0,0
20.387,1.8203485987338227e-05,-4.239421475495341e-12,-4.659086677831509e-07,0.0,0.0,1e-12,0.0,0.0,0.6,0.6,0.8485152657161033,0,0.0,0.0,0.0,0.0,0.0,0.0,0
20.484,1.8203485987338227e-05,-4.239421475495341e-12,-4.659086677831509e-07,0.0,0.0,1e-12,0.0,0.0,0.6,0.6,0.8485152657161033,0,0.0,0.0,0.0,0.0,0.0,0.0,0
20.584,1.8203485987338227e-05,-4.239421475495341e-12,-4.659086677831509e-07,0.0,0.0,1e-12,0.0,0.0,0.6,0.6,0.8485152657161033,0,0.0,0.0,0.0,0.0,0.0,0.0,0
20.684,1.8203485987338227e-05,-4.239421475495341e-12,-4.659086677831509e-07,0.0,0.0,1e-12,0.0,0.0,0.6,0.6,0.8485152657161033,0,0.0,0.0,0.0,0.0,0.0,0.0,0
20.765,1.8203485987338227e-05,-4.239421475495341e-12,-4.659086677831509e-07,0.0,0.0,1e-12,0.0,0.0,0.6,0.6,0.8485152657161033,0,0.0,0.0,0.0,0.0,0.0,0.0,0
20.89,1.8203485987338227e-05,-4.239421475495341e-12,-4.659086677831509e-07,0.0,0.0,1e-12,0.0,0.0,0.6,0.6,0.8485152657161033,0,0.0,0.0,0.0,0.0,0.0,0.0,0
20.985,1.8203485987338227e-05,-4.239421475495341e-12,-4.659086677831509e-07,0.0,0.0,1e-12,0.0,0.0,0.6,0.6,0.8485152657161033,0,0.0,0.0,0.0,0.0,0.0,0.0,0
21.095,1.8203485987338227e-05,-4.239421475495341e-12,-4.659086677831509e-07,0.0,0.0,1e-12,0.0,0.0,0.6,0.6,0.8485152657161033,0,0.0,0.0,0.0,0.0,0.0,0.0,0
21.189,1.8203485987338227e-05,-4.239421475495341e-12,-4.659086677831509e-07,0.0,0.0,1e-12,0.0,0.0,0.6,0.6,0.8485152657161033,0,0.0,0.0,0.0,0.0,0.0,0.0,0
21.286,1.8203485987338227e-05,-4.239421475495341e-12,-4.659086677831509e-07,0.0,0.0,1e-12,0.0,0.0,0.6,0.6,0.8485152657161033,0,0.0,0.0,0.0,0.0,0.0,0.0,0
21.392,1.8203485987338227e-05,-4.239421475495341e-12,-4.659086677831509e-07,0.0,0.0,1e-12,0.0,0.0,0.6,0.6,0.8485152657161033,0,0.0,0.0,0.0,0.0,0.0,0.0,0
21.49,1.8203485987338227e-05,-4.239421475495341e-12,-4.659086677831509e-07,0.0,0.0,1e-12,0.0,0.0,0.6,0.6,0.8485152657161033,0,0.0,0.0,0.0,0.0,0.0,0.0,0
21.564,1.8203485987338227e-05,-4.239421475495341e-12,-4.659086677831509e-07,0.0,0.0,1e-12,0.0,0.0,0.6,0.6,0.8485152657161033,0,0.0,0.0,0.0,0.0,0.0,0.0,0
21.668,1.8203485987338227e-05,-4.239421475495341e-12,-4.659086677831509e-07,0.0,0.0,1e-12,0.0,0.0,0.6,0.6,0.8485152657161033,0,0.0,0.0,0.0,0.0,0.0,0.0,0
21.786,1.8203485987338227e-05,-4.239421475495341e-12,-4.659086677831509e-07,0.0,0.0,1e-12,0.0,0.0,0.6,0.6,0.8485152657161033,0,0.0,0.0,0.0,0.0,0.0,0.0,0
21.885,1.8203485987338227e-05,-4.239421475495341e-12,-4.659086677831509e-07,0.0,0.0,1e-12,0.0,0.0,0.6,0.6,0.8485152657161033,0,0.0,0.0,0.0,0.0,0.0,0.0,0
21.989,1.8203485987338227e-05,-4.239421475495341e-12,-4.659086677831509e-07,0.0,0.0,1e-12,0.0,0.0,0.6,0.6,0.8485152657161033,0,0.0,0.0,0.0,0.0,0.0,0.0,0
22.095,1.8203485987338227e-05,-4.239421475495341e-12,-4.659086677831509e-07,0.0,0.0,1e-12,0.0,0.0,0.6,0.6,0.8485152657161033,0,0.0,0.0,0.0,0.0,0.0,0.0,0
22.192,1.8203485987338227e-05,-4.239421475495341e-12,-4.659086677831509e-07,0.0,0.0,1e-12,0.0,0.0,0.6,0.6,0.8485152657161033,0,0.0,0.0,0.0,0.0,0.0,0.0,0
22.284,1.8203485987338227e-05,-4.239421475495341e-12,-4.659086677831509e-07,0.0,0.0,1e-12,0.0,0.0,0.6,0.6,0.8485152657161033,0,0.0,0.0,0.0,0.0,0.0,0.0,0
22.386,1.8203485987338227e-05,-4.239421475495341e-12,-4.659086677831509e-07,0.0,0.0,1e-12,0.0,0.0,0.6,0.6,0.8485152657161033,0,0.0,0.0,0.0,0.0,0.0,0.0,0
22.485,1.8203485987338227e-05,-4.239421475495341e-12,-4.659086677831509e-07,0.0,0.0,1e-12,0.0,0.0,0.6,0.6,0.8485152657161033,0,0.0,0.0,0.0,0.0,0.0,0.0,0
22.591,1.8203485987338227e-05,-4.239421475495341e-12,-4.659086677831509e-07,0.0,0.0,1e-12,0.0,0.0,0.6,0.6,0.8485152657161033,0,0.0,0.0,0.0,0.0,0.0,0.0,0
22.686,1.8203485987338227e-05,-4.239421475495341e-12,-4.659086677831509e-07,0.0,0.0,1e-12,0.0,0.0,0.6,0.6,0.8485152657161033,0,0.0,0.0,0.0,0.0,0.0,0.0,0
22.784,1.8203485987338227e-05,-4.239421475495341e-12,-4.659086677831509e-07,0.0,0.0,1e-12,0.0,0.0,0.6,0.6,0.8485152657161033,0,0.0,0.0,0.0,0.0,0.0,0.0,0
22.885,1.8203485987338227e-05,-4.239421475495341e-12,-4.659086677831509e-07,0.0,0.0,1e-12,0.0,0.0,0.6,0.6,0.8485152657161033,0,0.0,0.0,0.0,0.0,0.0,0.0,0
22.984,1.8203485987338227e-05,-4.239421475495341e-12,-4.659086677831509e-07,0.0,0.0,1e-12,0.0,0.0,0.6,0.6,0.8485152657161033,0,0.0,0.0,0.0,0.0,0.0,0.0,0
23.085,1.8203485987338227e-05,-4.239421475495341e-12,-4.659086677831509e-07,0.0,0.0,1e-12,0.0,0.0,0.6,0.6,0.8485152657161033,0,0.0,0.0,0.0,0.0,0.0,0.0,0
23.192,1.8203485987338227e-05,-4.239421475495341e-12,-4.659086677831509e-07,0.0,0.0,1e-12,0.0,0.0,0.6,0.6,0.8485152657161033,0,0.0,0.0,0.0,0.0,0.0,0.0,0
23.287,1.8203485987338227e-05,-4.239421475495341e-12,-4.659086677831509e-07,0.0,0.0,1e-12,0.0,0.0,0.6,0.6,0.8485152657161033,0,0.0,0.0,0.0,0.0,0.0,0.0,0
23.386,1.8203485987338227e-05,-4.239421475495341e-12,-4.659086677831509e-07,0.0,0.0,1e-12,0.0,0.0,0.6,0.6,0.8485152657161033,0,0.0,0.0,0.0,0.0,0.0,0.0,0
23.487,1.8203485987338227e-05,-4.239421475495341e-12,-4.659086677831509e-07,0.0,0.0,1e-12,0.0,0.0,0.6,0.6,0.8485152657161033,0,0.0,0.0,0.0,0.0,0.0,0.0,0
23.584,1.8203485987338227e-05,-4.239421475495341e-12,-4.659086677831509e-07,0.0,0.0,1e-12,0.0,0.0,0.6,0.6,0.8485152657161033,0,0.0,0.0,0.0,0.0,0.0,0.0,0
23.686,1.8203485987338227e-05,-4.239421475495341e-12,-4.659086677831509e-07,0.0,0.0,1e-12,0.0,0.0,0.6,0.6,0.8485152657161033,0,0.0,0.0,0.0,0.0,0.0,0.0,0
23.785,1.8203485987338227e-05,-4.239421475495341e-12,-4.659086677831509e-07,0.0,0.0,1e-12,0.0,0.0,0.6,0.6,0.8485152657161033,0,0.0,0.0,0.0,0.0,0.0,0.0,0
23.885,1.8203485987338227e-05,-4.239421475495341e-12,-4.659086677831509e-07,0.0,0.0,1e-12,0.0,0.0,0.6,0.6,0.8485152657161033,0,0.0,0.0,0.0,0.0,0.0,0.0,0
23.984,1.8203485987338227e-05,-4.239421475495341e-12,-4.659086677831509e-07,0.0,0.0,1e-12,0.0,0.0,0.6,0.6,0.8485152657161033,0,0.0,0.0,0.0,0.0,0.0,0.0,0
24.084,1.8203485987338227e-05,-4.239421475495341e-12,-4.659086677831509e-07,0.0,0.0,1e-12,0.0,0.0,0.6,0.6,0.8485152657161033,0,0.0,0.0,0.0,0.0,0.0,0.0,0
24.196,1.8203485987338227e-05,-4.239421475495341e-12,-4.659086677831509e-07,0.0,0.0,1e-12,0.0,0.0,0.6,0.6,0.8485152657161033,0,0.0,0.0,0.0,0.0,0.0,0.0,0
24.268,1.8203485987338227e-05,-4.239421475495341e-12,-4.659086677831509e-07,0.0,0.0,1e-12,0.0,0.0,0.6,0.6,0.8485152657161033,0,0.0,0.0,0.0,0.0,0.0,0.0,0
24.365,1.8203485987338227e-05,-4.239421475495341e-12,-4.659086677831509e-07,0.0,0.0,1e-12,0.0,0.0,0.6,0.6,0.8485152657161033,0,0.0,0.0,0.0,0.0,0.0,0.0,0
24.489,1.8203485987338227e-05,-4.239421475495341e-12,-4.659086677831509e-07,0.0,0.0,1e-12,0.0,0.0,0.6,0.6,0.8485152657161033,0,0.0,0.0,0.0,0.0,0.0,0.0,0
24.564,1.8203485987338227e-05,-4.239421475495341e-12,-4.659086677831509e-07,0.0,0.0,1e-12,0.0,0.0,0.6,0.6,0.8485152657161033,0,0.0,0.0,0.0,0.0,0.0,0.0,0
24.664,1.8203485987338227e-05,-4.239421475495341e-12,-4.659086677831509e-07,0.0,0.0,1e-12,0.0,0.0,0.6,0.6,0.8485152657161033,0,0.0,0.0,0.0,0.0,0.0,0.0,0
24.788,1.8203485987338227e-05,-4.239421475495341e-12,-4.659086677831509e-07,0.0,0.0,1e-12,0.0,0.0,0.6,0.6,0.8485152657161033,0,0.0,0.0,0.0,0.0,0.0,0.0,0
24.865,1.8203485987338227e-05,-4.239421475495341e-12,-4.659086677831509e-07,0.0,0.0,1e-12,0.0,0.0,0.6,0.6,0.8485152657161033,0,0.0,0.0,0.0,0.0,0.0,0.0,0
24.991,1.8203485987338227e-05,-4.239421475495341e-12,-4.659086677831509e-07,0.0,0.0,1e-12,0.0,0.0,0.6,0.6,0.8485152657161033,0,0.0,0.0,0.0,0.0,0.0,0.0,0
25.096,1.8203485987338227e-05,-4.239421475495341e-12,-4.659086677831509e-07,0.0,0.0,1e-12,0.0,0.0,0.6,0.6,0.8485152657161033,0,0.0,0.0,0.0,0.0,0.0,0.0,0
25.19,1.8203485987338227e-05,-4.239421475495341e-12,-4.659086677831509e-07,0.0,0.0,1e-12,0.0,0.0,0.6,0.6,0.8485152657161033,0,0.0,0.0,0.0,0.0,0.0,0.0,0
25.294,1.8203485987338227e-05,-4.239421475495341e-12,-4.659086677831509e-07,0.0,0.0,1e-12,0.0,0.0,0.6,0.6,0.8485152657161033,0,0.0,0.0,0.0,0.0,0.0,0.0,0
25.375,1.8203485987338227e-05,-4.239421475495341e-12,-4.659086677831509e-07,0.0,0.0,1e-12,0.0,0.0,0.6,0.6,0.8485152657161033,0,0.0,0.0,0.0,0.0,0.0,0.0,0
25.489,1.8203485987338227e-05,-4.239421475495341e-12,-4.659086677831509e-07,0.0,0.0,1e-12,0.0,0.0,0.6,0.6,0.8485152657161033,0,0.0,0.0,0.0,0.0,0.0,0.0,0
25.593,1.8203485987338227e-05,-4.239421475495341e-12,-4.659086677831509e-07,0.0,0.0,1e-12,0.0,0.0,0.6,0.6,0.8485152657161033,0,0.0,0.0,0.0,0.0,0.0,0.0,0
25.689,1.8203485987338227e-05,-4.239421475495341e-12,-4.659086677831509e-07,0.0,0.0,1e-12,0.0,0.0,0.6,0.6,0.8485152657161033,0,0.0,0.0,0.0,0.0,0.0,0.0,0
25.786,1.8203485987338227e-05,-4.239421475495341e-12,-4.659086677831509e-07,0.0,0.0,1e-12,0.0,0.0,0.6,0.6,0.8485152657161033,0,0.0,0.0,0.0,0.0,0.0,0.0,0
25.887,1.8203485987338227e-05,-4.239421475495341e-12,-4.659086677831509e-07,0.0,0.0,1e-12,0.0,0.0,0.6,0.6,0.8485152657161033,0,0.0,0.0,0.0,0.0,0.0,0.0,0
25.984,1.8203485987338227e-05,-4.239421475495341e-12,-4.659086677831509e-07,0.0,0.0,1e-12,0.0,0.0,0.6,0.6,0.8485152657161033,0,0.0,0.0,0.0,0.0,0.0,0.0,0
26.09,1.8203485987338227e-05,-4.239421475495341e-12,-4.659086677831509e-07,0.0,0.0,1e-12,0.0,0.0,0.6,0.6,0.8485152657161033,0,0.0,0.0,0.0,0.0,0.0,0.0,0
26.184,1.8203485987338227e-05,-4.239421475495341e-12,-4.659086677831509e-07,0.0,0.0,1e-12,0.0,0.0,0.6,0.6,0.8485152657161033,0,0.0,0.0,0.0,0.0,0.0,0.0,0
26.287,1.8203485987338227e-05,-4.239421475495341e-12,-4.659086677831509e-07,0.0,0.0,1e-12,0.0,0.0,0.6,0.6,0.8485152657161033,0,0.0,0.0,0.0,0.0,0.0,0.0,0
26.386,1.8203485987338227e-05,-4.239421475495341e-12,-4.659086677831509e-07,0.0,0.0,1e-12,0.0,0.0,0.6,0.6,0.8485152657161033,0,0.0,0.0,0.0,0.0,0.0,0.0,0
26.485,1.8203485987338227e-05,-4.239421475495341e-12,-4.659086677831509e-07,0.0,0.0,1e-12,0.0,0.0,0.6,0.6,0.8485152657161033,0,0.0,0.0,0.0,0.0,0.0,0.0,0
26.584,1.8203485987338227e-05,-4.239421475495341e-12,-4.659086677831509e-07,0.0,0.0,1e-12,0.0,0.0,0.6,0.6,0.8485152657161033,0,0.0,0.0,0.0,0.0,0.0,0.0,0
26.685,1.8203485987338227e-05,-4.239421475495341e-12,-4.659086677831509e-07,0.0,0.0,1e-12,0.0,0.0,0.6,0.6,0.8485152657161033,0,0.0,0.0,0.0,0.0,0.0,0.0,0
26.785,1.8203485987338227e-05,-4.239421475495341e-12,-4.659086677831509e-07,0.0,0.0,1e-12,0.0,0.0,0.6,0.6,0.8485152657161033,0,0.0,0.0,0.0,0.0,0.0,0.0,0
26.884,1.8203485987338227e-05,-4.239421475495341e-12,-4.659086677831509e-07,0.0,0.0,1e-12,0.0,0.0,0.6,0.6,0.8485152657161033,0,0.0,0.0,0.0,0.0,0.0,0.0,0
26.985,1.8203485987338227e-05,-4.239421475495341e-12,-4.659086677831509e-07,0.0,0.0,1e-12,0.0,0.0,0.6,0.6,0.8485152657161033,0,0.0,0.0,0.0,0.0,0.0,0.0,0
27.084,1.8203485987338227e-05,-4.239421475495341e-12,-4.659086677831509e-07,0.0,0.0,1e-12,0.0,0.0,0.6,0.6,0.8485152657161033,0,0.0,0.0,0.0,0.0,0.0,0.0,0
27.194,1.8203485987338227e-05,-4.239421475495341e-12,-4.659086677831509e-07,0.0,0.0,1e-12,0.0,0.0,0.6,0.6,0.8485152657161033,0,0.0,0.0,0.0,0.0,0.0,0.0,0
27.285,1.8203485987338227e-05,-4.239421475495341e-12,-4.659086677831509e-07,0.0,0.0,1e-12,0.0,0.0,0.6,0.6,0.8485152657161033,0,0.0,0.0,0.0,0.0,0.0,0.0,0
27.385,1.8203485987338227e-05,-4.239421475495341e-12,-4.659086677831509e-07,0.0,0.0,1e-12,0.0,0.0,0.6,0.6,0.8485152657161033,0,0.0,0.0,0.0,0.0,0.0,0.0,0
27.494,1.8203485987338227e-05,-4.239421475495341e-12,-4.659086677831509e-07,0.0,0.0,1e-12,0.0,0.0,0.6,0.6,0.8485152657161033,0,0.0,0.0,0.0,0.0,0.0,0.0,0
27.584,1.8203485987338227e-05,-4.239421475495341e-12,-4.659086677831509e-07,0.0,0.0,1e-12,0.0,0.0,0.6,0.6,0.8485152657161033,0,0.0,0.0,0.0,0.0,0.0,0.0,0
27.687,1.8203485987338227e-05,-4.239421475495341e-12,-4.659086677831509e-07,0.0,0.0,1e-12,0.0,0.0,0.6,0.6,0.8485152657161033,0,0.0,0.0,0.0,0.0,0.0,0.0,0
27.795,1.8203485987338227e-05,-4.239421475495341e-12,-4.659086677831509e-07,0.0,0.0,1e-12,0.0,0.0,0.6,0.6,0.8485152657161033,0,0.0,0.0,0.0,0.0,0.0,0.0,0
27.884,1.8203485987338227e-05,-4.239421475495341e-12,-4.659086677831509e-07,0.0,0.0,1e-12,0.0,0.0,0.6,0.6,0.8485152657161033,0,0.0,0.0,0.0,0.0,0.0,0.0,0
27.965,1.8203485987338227e-05,-4.239421475495341e-12,-4.659086677831509e-07,0.0,0.0,1e-12,0.0,0.0,0.6,0.6,0.8485152657161033,0,0.0,0.0,0.0,0.0,0.0,0.0,0
28.084,1.8203485987338227e-05,-4.239421475495341e-12,-4.659086677831509e-07,0.0,0.0,1e-12,0.0,0.0,0.6,0.6,0.8485152657161033,0,0.0,0.0,0.0,0.0,0.0,0.0,0
28.195,1.8203485987338227e-05,-4.239421475495341e-12,-4.659086677831509e-07,0.0,0.0,1e-12,0.0,0.0,0.6,0.6,0.8485152657161033,0,0.0,0.0,0.0,0.0,0.0,0.0,0
28.285,1.8203485987338227e-05,-4.239421475495341e-12,-4.659086677831509e-07,0.0,0.0,1e-12,0.0,0.0,0.6,0.6,0.8485152657161033,0,0.0,0.0,0.0,0.0,0.0,0.0,0
28.366,1.8203485987338227e-05,-4.239421475495341e-12,-4.659086677831509e-07,0.0,0.0,1e-12,0.0,0.0,0.6,0.6,0.8485152657161033,0,0.0,0.0,0.0,0.0,0.0,0.0,0
28.492,1.8203485987338227e-05,-4.239421475495341e-12,-4.659086677831509e-07,0.0,0.0,1e-12,0.0,0.0,0.6,0.6,0.8485152657161033,0,0.0,0.0,0.0,0.0,0.0,0.0,0
28.589,1.8203485987338227e-05,-4.239421475495341e-12,-4.659086677831509e-07,0.0,0.0,1e-12,0.0,0.0,0.6,0.6,0.8485152657161033,0,0.0,0.0,0.0,0.0,0.0,0.0,0
28.685,1.8203485987338227e-05,-4.239421475495341e-12,-4.659086677831509e-07,0.0,0.0,1e-12,0.0,0.0,0.6,0.6,0.8485152657161033,0,0.0,0.0,0.0,0.0,0.0,0.0,0
28.784,1.8203485987338227e-05,-4.239421475495341e-12,-4.659086677831509e-07,0.0,0.0,1e-12,0.0,0.0,0.6,0.6,0.8485152657161033,0,0.0,0.0,0.0,0.0,0.0,0.0,0
28.889,1.8203485987338227e-05,-4.239421475495341e-12,-4.659086677831509e-07,0.0,0.0,1e-12,0.0,0.0,0.6,0.6,0.8485152657161033,0,0.0,0.0,0.0,0.0,0.0,0.0,0
28.992,1.8203485987338227e-05,-4.239421475495341e-12,-4.659086677831509e-07,0.0,0.0,1e-12,0.0,0.0,0.6,0.6,0.8485152657161033,0,0.0,0.0,0.0,0.0,0.0,0.0,0
29.084,1.8203485987338227e-05,-4.239421475495341e-12,-4.659086677831509e-07,0.0,0.0,1e-12,0.0,0.0,0.6,0.6,0.8485152657161033,0,0.0,0.0,0.0,0.0,0.0,0.0,0
29.185,1.8203485987338227e-05,-4.239421475495341e-12,-4.659086677831509e-07,0.0,0.0,1e-12,0.0,0.0,0.6,0.6,0.8485152657161033,0,0.0,0.0,0.0,0.0,0.0,0.0,0
29.286,1.8203485987338227e-05,-4.239421475495341e-12,-4.659086677831509e-07,0.0,0.0,1e-12,0.0,0.0,0.6,0.6,0.8485152657161033,0,0.0,0.0,0.0,0.0,0.0,0.0,0
29.384,1.8203485987338227e-05,-4.239421475495341e-12,-4.659086677831509e-07,0.0,0.0,1e-12,0.0,0.0,0.6,0.6,0.8485152657161033,0,0.0,0.0,0.0,0.0,0.0,0.0,0
29.484,1.8203485987338227e-05,-4.239421475495341e-12,-4.659086677831509e-07,0.0,0.0,1e-12,0.0,0.0,0.6,0.6,0.8485152657161033,0,0.0,0.0,0.0,0.0,0.0,0.0,0
29.587,1.8203485987338227e-05,-4.239421475495341e-12,-4.659086677831509e-07,0.0,0.0,1e-12,0.0,0.0,0.6,0.6,0.8485152657161033,0,0.0,0.0,0.0,0.0,0.0,0.0,0
29.685,1.8203485987338227e-05,-4.239421475495341e-12,-4.659086677831509e-07,0.0,0.0,1e-12,0.0,0.0,0.6,0.6,0.8485152657161033,0,0.0,0.0,0.0,0.0,0.0,0.0,0
29.786,1.8203485987338227e-05,-4.239421475495341e-12,-4.659086677831509e-07,0.0,0.0,1e-12,0.0,0.0,0.6,0.6,0.8485152657161033,0,0.0,0.0,0.0,0.0,0.0,0.0,0
29.886,1.8203485987338227e-05,-4.239421475495341e-12,-4.659086677831509e-07,0.0,0.0,1e-12,0.0,0.0,0.6,0.6,0.8485152657161033,0,0.0,0.0,0.0,0.0,0.0,0.0,0
29.985,1.8203485987338227e-05,-4.239421475495341e-12,-4.659086677831509e-07,0.0,0.0,1e-12,0.0,0.0,0.6,0.6,0.8485152657161033,0,0.0,0.0,0.0,0.0,0.0,0.0,0
30.091,1.8203485987338227e-05,-4.239421475495341e-12,-4.659086677831509e-07,0.0,0.0,1e-12,0.0,0.0,0.6,0.6,0.8485152657161033,0,0.0,0.0,0.0,0.0,0.0,0.0,0
30.185,1.8203485987338227e-05,-4.239421475495341e-12,-4.659086677831509e-07,0.0,0.0,1e-12,0.0,0.0,0.6,0.6,0.8485152657161033,0,0.0,0.0,0.0,0.0,0.0,0.0,0
30.287,1.8203485987338227e-05,-4.239421475495341e-12,-4.659086677831509e-07,0.0,0.0,1e-12,0.0,0.0,0.6,0.6,0.8485152657161033,0,0.0,0.0,0.0,0.0,0.0,0.0,0
30.385,1.8203485987338227e-05,-4.239421475495341e-12,-4.659086677831509e-07,0.0,0.0,1e-12,0.0,0.0,0.6,0.6,0.8485152657161033,0,0.0,0.0,0.0,0.0,0.0,0.0,0
30.484,1.8203485987338227e-05,-4.239421475495341e-12,-4.659086677831509e-07,0.0,0.0,1e-12,0.0,0.0,0.6,0.6,0.8485152657161033,0,0.0,0.0,0.0,0.0,0.0,0.0,0
30.576,1.8203485987338227e-05,-4.239421475495341e-12,-4.659086677831509e-07,0.0,0.0,1e-12,0.0,0.0,0.6,0.6,0.8485152657161033,0,0.0,0.0,0.0,0.0,0.0,0.0,0
30.686,1.8203485987338227e-05,-4.239421475495341e-12,-4.659086677831509e-07,0.0,0.0,1e-12,0.0,0.0,0.6,0.6,0.8485152657161033,0,0.0,0.0,0.0,0.0,0.0,0.0,0
30.795,1.8203485987338227e-05,-4.239421475495341e-12,-4.659086677831509e-07,0.0,0.0,1e-12,0.0,0.0,0.6,0.6,0.8485152657161033,0,0.0,0.0,0.0,0.0,0.0,0.0,0
30.864,1.8203485987338227e-05,-4.239421475495341e-12,-4.659086677831509e-07,0.0,0.0,1e-12,0.0,0.0,0.6,0.6,0.8485152657161033,0,0.0,0.0,0.0,0.0,0.0,0.0,0
30.984,1.8203485987338227e-05,-4.239421475495341e-12,-4.659086677831509e-07,0.0,0.0,1e-12,0.0,0.0,0.6,0.6,0.8485152657161033,0,0.0,0.0,0.0,0.0,0.0,0.0,0
31.065,1.8203485987338227e-05,-4.239421475495341e-12,-4.659086677831509e-07,0.0,0.0,1e-12,0.0,0.0,0.6,0.6,0.8485152657161033,0,0.0,0.0,0.0,0.0,0.0,0.0,0
31.187,1.8203485987338227e-05,-4.239421475495341e-12,-4.659086677831509e-07,0.0,0.0,1e-12,0.0,0.0,0.6,0.6,0.8485152657161033,0,0.0,0.0,0.0,0.0,0.0,0.0,0
31.285,1.8203485987338227e-05,-4.239421475495341e-12,-4.659086677831509e-07,0.0,0.0,1e-12,0.0,0.0,0.6,0.6,0.8485152657161033,0,0.0,0.0,0.0,0.0,0.0,0.0,0
31.364,1.8203485987338227e-05,-4.239421475495341e-12,-4.659086677831509e-07,0.0,0.0,1e-12,0.0,0.0,0.6,0.6,0.8485152657161033,0,0.0,0.0,0.0,0.0,0.0,0.0,0
31.464,1.8203485987338227e-05,-4.239421475495341e-12,-4.659086677831509e-07,0.0,0.0,1e-12,0.0,0.0,0.6,0.6,0.8485152657161033,0,0.0,0.0,0.0,0.0,0.0,0.0,0
31.598,1.8203485987338227e-05,-4.239421475495341e-12,-4.659086677831509e-07,0.0,0.0,1e-12,0.0,0.0,0.6,0.6,0.8485152657161033,0,0.0,0.0,0.0,0.0,0.0,0.0,0
31.687,1.8203485987338227e-05,-4.239421475495341e-12,-4.659086677831509e-07,0.0,0.0,1e-12,0.0,0.0,0.6,0.6,0.8485152657161033,0,0.0,0.0,0.0,0.0,0.0,0.0,0
31.788,1.8203485987338227e-05,-4.239421475495341e-12,-4.659086677831509e-07,0.0,0.0,1e-12,0.0,0.0,0.6,0.6,0.8485152657161033,0,0.0,0.0,0.0,0.0,0.0,0.0,0
31.867,1.8203485987338227e-05,-4.239421475495341e-12,-4.659086677831509e-07,0.0,0.0,1e-12,0.0,0.0,0.6,0.6,0.8485152657161033,0,0.0,0.0,0.0,0.0,0.0,0.0,0
31.984,1.8203485987338227e-05,-4.239421475495341e-12,-4.659086677831509e-07,0.0,0.0,1e-12,0.0,0.0,0.6,0.6,0.8485152657161033,0,0.0,0.0,0.0,0.0,0.0,0.0,0
32.086,1.8203485987338227e-05,-4.239421475495341e-12,-4.659086677831509e-07,0.0,0.0,1e-12,0.0,0.0,0.6,0.6,0.8485152657161033,0,0.0,0.0,0.0,0.0,0.0,0.0,0
32.187,1.8203485987338227e-05,-4.239421475495341e-12,-4.659086677831509e-07,0.0,0.0,1e-12,0.0,0.0,0.6,0.6,0.8485152657161033,0,0.0,0.0,0.0,0.0,0.0,0.0,0
32.284,1.8203485987338227e-05,-4.239421475495341e-12,-4.659086677831509e-07,0.0,0.0,1e-12,0.0,0.0,0.6,0.6,0.8485152657161033,0,0.0,0.0,0.0,0.0,0.0,0.0,0
32.387,1.8203485987338227e-05,-4.239421475495341e-12,-4.659086677831509e-07,0.0,0.0,1e-12,0.0,0.0,0.6,0.6,0.8485152657161033,0,0.0,0.0,0.0,0.0,0.0,0.0,0
32.488,0.00507775739645139,5.8185073262959785e-05,0.022999534088665438,0.0,0.0,1e-12,0.22,1.0,0.6,0.6,0.8449039330255379,12,0.8788442663466872,1946.783723957876,1904.052870447481,42.24230463222669,0.48854887816835835,0.0,0
32.589,0.027010024058811016,0.0016620803498325293,0.12299953406915565,0.0,0.0,1e-12,0.22,1.0,0.6,0.6,0.8284478128526712,12,0.8788442663466872,1946.783723957876,1904.052870447481,42.24230463222669,0.48854887816835835,0.0,0
32.684,0.048672598397529535,0.005447535946222387,0.22299953405417608,0.0,0.0,1e-12,0.22,1.0,0.6,0.6,0.8108357023899171,12,0.8788442663466872,1946.783723957876,1904.052870447481,42.24230463222669,0.48854887816835835,0.0,0
32.785,0.06984903512964637,0.011376728841403281,0.322999534037815,0.0,0.0,1e-12,0.22,1.0,0.6,0.6,0.792172582776262,12,0.8788442663466872,1946.783723957876,1904.052870447481,42.24230463222669,0.48854887816835835,0.0,0
32.884,0.09032774629920431,0.019390416499875406,0.4229995340265143,0.0,0.0,1e-12,0.22,1.0,0.6,0.6,0.772575753337261,12,0.8788442663466872,1946.783723957876,1904.052870447481,42.24230463222669,0.48854887816835835,0.0,0
32.985,0.1099041153935607,0.029408528803661682,0.5229995340174989,0.0,0.0,1e-12,0.22,1.0,0.6,0.6,0.7521759123437615,12,0.8788442663466872,1946.783723957876,1904.052870447481,42.24230463222669,0.48854887816835835,0.0,0
33.085,0.12838254180398276,0.04133096808621525,0.6229995340062571,0.0,0.0,1e-12,0.22,1.0,0.6,0.6,0.7311183995050031,12,0.8788442663466872,1946.783723957876,1904.052870447481,42.24230463222669,0.48854887816835835,0.0,0
33.185,0.14557839520155352,0.05503860927507548,0.7229995340080739,0.0,0.0,1e-12,0.22,1.0,0.6,0.6,0.709564593457452,12,0.8788442663466872,1946.783723957876,1904.052870447481,42.24230463222669,0.48854887816835835,0.0,0
33.285,0.16131986030347648,0.07039449015096204,0.8229995340105816,0.0,0.0,1e-12,0.22,1.0,0.6,0.6,0.6876934353522802,12,0.8788442663466872,1946.783723957876,1904.052870447481,42.24230463222669,0.48854887816835835,0.0,0
33.385,0.17544965359398357,0.08724517982815264,0.9229995340110767,0.0,0.0,1e-12,0.22,1.0,0.6,0.6,0.6657030135450283,12,0.8788442663466872,1946.783723957876,1904.052870447481,42.24230463222669,0.48854887816835835,0.0,0
33.486,0.18782659484924286,0.1054223117854798,1.0229995340095555,0.0,0.0,1e-12,0.22,1.0,0.6,0.6,0.6438120887286828,12,0.8788442663466872,1946.783723957876,1904.052870447481,42.24230463222669,0.48854887816835835,0.0,0
33.586,0.19832701776355077,0.12474426612897366,1.1229995340060304,0.0,0.0,1e-12,0.22,1.0,0.6,0.6,0.6222613576593123,12,0.8788442663466872,1946.783723957876,1904.052870447481,42.24230463222669,0.48854887816835835,0.0,0
33.684,0.20684600558216865,0.1450179842778347,1.2229995340005342,0.0,0.0,1e-12,0.22,1.0,0.6,0.6,0.6013141424890162,12,0.8788442663466872,1946.783723957876,1904.052870447481,42.24230463222669,0.48854887816835835,0.0,0
33.772,0.2121766746930646,0.16178637110255423,1.3029995339947564,0.0,0.0,1e-12,0.22,1.0,0.6,0.6,0.5851821222522073,12,0.8788442663466872,1946.783723957876,1904.052870447481,42.24230463222669,0.48854887816835835,0.0,0
33.884,0.21761984861590913,0.18760295311723765,1.422999533983877,0.0,0.0,1e-12,0.22,1.0,0.6,0.6,0.5623930160040606,12,0.8788442663466872,1946.783723957876,1904.052870447481,42.24230463222669,0.48854887816835835,0.0,0
33.985,0.21976705515287104,0.20948870887593218,1.5229995339728863,0.0,0.0,1e-12,0.22,1.0,0.6,0.6,0.5450469345317944,12,0.8788442663466872,1946.783723957876,1904.052870447481,42.24230463222669,0.48854887816835835,0.0,0
34.089,0.21971860482783023,0.23147948998101267,1.622999533960265,0.0,0.0,1e-12,0.22,1.0,0.6,0.6,0.529548209154508,12,0.8788442663466872,1946.783723957876,1904.052870447481,42.24230463222669,0.48854887816835835,0.0,0
34.194,0.21747498174043625,0.2533555718169185,1.722999533946138,0.0,0.0,1e-12,0.22,1.0,0.6,0.6,0.5162245143199373,12,0.8788442663466872,1946.783723957876,1904.052870447481,42.24230463222669,0.48854887816835835,0.0,0
34.294,0.2130586034309403,0.27489837580529486,1.8229995339306582,0.0,0.0,1e-12,0.22,1.0,0.6,0.6,0.5053857046186107,12,0.8788442663466872,1946.783723957876,1904.052870447481,42.24230463222669,0.48854887816835835,0.0,0
34.384,0.20651359689154103,0.2958926533698669,1.922999533913971,0.0,0.0,1e-12,0.22,1.0,0.6,0.6,0.49730556774045126,12,0.8788442663466872,1946.783723957876,1904.052870447481,42.24230463222669,0.48854887816835835,0.0,0
34.466,0.19978822613640076,0.3121519343530146,2.002999533906994,0.0,0.0,1e-12,0.22,1.0,0.6,0.6,0.4929766453248672,12,0.8788442663466872,1946.783723957876,1904.052870447481,42.24230463222669,0.48854887816835835,0.0,0
34.589,0.1873198964293267,0.3354041343265309,2.1229995338955856,0.0,0.0,1e-12,0.22,1.0,0.6,0.6,0.4902201954373097,12,0.8788442663466872,1946.783723957876,1904.052870447481,42.24230463222669,0.48854887816835835,0.0,0
34.69,0.1748629796168011,0.3535265520618959,2.22299953388619,0.0,0.0,1e-12,0.22,1.0,0.6,0.6,0.49141697837864917,12,0.8788442663466872,1946.783723957876,1904.052870447481,42.24230463222669,0.48854887816835835,0.0,0
34.785,0.1606590726217077,0.370314816626893,2.3229995338901728,0.0,0.0,1e-12,0.22,1.0,0.6,0.6,0.4957577371365531,12,0.8788442663466872,1946.783723957876,1904.052870447481,42.24230463222669,0.48854887816835835,0.0,0
34.885,0.14485009618723305,0.385601185231752,2.4229995338921375,0.0,0.0,1e-12,0.22,1.0,0.6,0.6,0.5031185612902792,12,0.8788442663466872,1946.783723957876,1904.052870447481,42.24230463222669,0.48854887816835835,0.0,0
34.993,0.12759400838018273,0.3992329215344055,2.522999533892073,0.0,0.0,1e-12,0.22,1.0,0.6,0.6,0.513298003808619,12,0.8788442663466872,1946.783723957876,1904.052870447481,42.24230463222669,0.48854887816835835,0.0,0
35.064,0.11286263974303233,0.40885485522501114,2.602999533890559,0.0,0.0,1e-12,0.22,1.0,0.6,0.6,0.5232965451148881,12,0.8788442663466872,1946.783723957876,1904.052870447481,42.24230463222669,0.48854887816835835,0.0,0
35.19,0.08944290347303091,0.42100557546332446,2.7229995338858846,0.0,0.0,1e-12,0.22,1.0,0.6,0.6,0.5410245399510676,12,0.8788442663466872,1946.783723957876,1904.052870447481,42.24230463222669,0.48854887816835835,0.0,0
35.284,0.06892907960207383,0.42892894792870573,2.822999533879831,0.0,0.0,1e-12,0.22,1.0,0.6,0.6,0.5579441077286146,12,0.8788442663466872,1946.783723957876,1904.052870447481,42.24230463222669,0.48854887816835835,0.0,0
35.384,0.04772672206009348,0.4347647714094461,2.92299953387188,0.0,0.0,1e-12,0.22,1.0,0.6,0.6,0.5764620146148937,12,0.8788442663466872,1946.783723957876,1904.052870447481,42.24230463222669,0.48854887816835835,0.0,0
35.486,0.0260476777950456,0.43845473628642495,3.022999533862113,0.0,0.0,1e-12,0.22,1.0,0.6,0.6,0.5962534196067544,12,0.8788442663466872,1946.783723957876,1904.052870447481,42.24230463222669,0.48854887816835835,0.0,0
35.59,0.004108556651036526,0.43996197365037104,3.122999533850636,0.0,0.0,1e-12,0.22,1.0,0.6,0.6,0.6170079271244377,12,0.8788442663466872,1946.783723957876,1904.052870447481,42.24230463222669,0.48854887816835835,0.0,0
35.685,-0.01787143292562749,0.4392714236837941,-3.060185773342026,0.0,0.0,1e-12,0.22,1.0,0.6,0.6,0.6384346347671017,12,0.8788442663466872,1946.783723957876,1904.052870447481,42.24230463222669,0.48854887816835835,0.0,0
35.785,-0.039672674144784335,0.43638998613370594,-2.9601857733565664,0.0,0.0,1e-12,0.22,1.0,0.6,0.6,0.6602646186831976,12,0.8788442663466872,1946.783723957876,1904.052870447481,42.24230463222669,0.48854887816835835,0.0,0
35.885,-0.061077336210775476,0.4313464513716285,-2.8601857733724185,0.0,0.0,1e-12,0.22,1.0,0.6,0.6,0.6822516133483871,12,0.8788442663466872,1946.783723957876,1904.052870447481,42.24230463222669,0.48854887816835835,0.0,0
35.99,-0.08187155081569927,0.42419121272974425,-2.7601857733875055,0.0,0.0,1e-12,0.22,1.0,0.6,0.6,0.704171528459682,12,0.8788442663466872,1946.783723957876,1904.052870447481,42.24230463222669,0.48854887816835835,0.0,0
36.087,-0.10184754904065797,0.414995762987305,-2.660185773395633,0.0,0.0,1e-12,0.22,1.0,0.6,0.6,0.7258212932995478,12,0.8788442663466872,1946.783723957876,1904.052870447481,42.24230463222669,0.48854887816835835,0.0,0
36.184,-0.12080573731482518,0.40385198003840184,-2.5601857734060127,0.0,0.0,1e-12,0.22,1.0,0.6,0.6,0.747017373747642,12,0.8788442663466872,1946.783723957876,1904.052870447481,42.24230463222669,0.48854887816835835,0.0,0
36.285,-0.1385566916875632,0.3908712088787372,-2.4601857734106365,0.0,0.0,1e-12,0.22,1.0,0.6,0.6,0.7675941884305267,12,0.8788442663466872,1946.783723957876,1904.052870447481,42.24230463222669,0.48854887816835835,0.0,0
36.386,-0.15492305049026922,0.3761831490827471,-2.360185773407236,0.0,0.0,1e-12,0.22,1.0,0.6,0.6,0.787402562172647,12,0.8788442663466872,1946.783723957876,1904.052870447481,42.24230463222669,0.48854887816835835,0.0,0
36.489,-0.16974128647600623,0.35993455888850445,-2.2601857734058663,0.0,0.0,1e-12,0.22,1.0,0.6,0.6,0.8063082934720405,12,0.8788442663466872,1946.783723957876,1904.052870447481,42.24230463222669,0.48854887816835835,0.0,0
36.584,-0.1828633407291034,0.3422877888381944,-2.1601857734065306,0.0,0.0,1e-12,0.22,1.0,0.6,0.6,0.8241908723344606,12,0.8788442663466872,1946.783723957876,1904.052870447481,42.24230463222669,0.48854887816835835,0.0,0
36.684,-0.1941581020210789,0.3234191596249158,-2.060185773409209,0.0,0.0,1e-12,0.22,1.0,0.6,0.6,0.8409423596586808,12,0.8788442663466872,1946.783723957876,1904.052870447481,42.24230463222669,0.48854887816835835,0.0,0
36.785,-0.2035127168306993,0.30351720035463403,-1.9601857734138808,0.0,0.0,1e-12,0.22,1.0,0.6,0.6,0.8564664246741992,12,0.8788442663466872,1946.783723957876,1904.052870447481,42.24230463222669,0.48854887816835835,0.0,0
36.887,-0.21083371693905978,0.28278076482564346,-1.8601857734204883,0.0,0.0,1e-12,0.22,1.0,0.6,0.6,0.8706775291058194,12,0.8788442663466872,1946.783723957876,1904.052870447481,42.24230463222669,0.48854887816835835,0.0,0
36.985,-0.21604795333311685,0.26141704464717497,-1.7601857734289867,0.0,0.0,1e-12,0.22,1.0,0.6,0.6,0.883500243234048,12,0.8788442663466872,1946.783723957876,1904.052870447481,42.24230463222669,0.48854887816835835,0.0,0
37.093,-0.2191033270864602,0.23963949904929355,-1.660185773439262,0.0,0.0,1e-12,0.22,1.0,0.6,0.6,0.8948686781252055,12,0.8788442663466872,1946.783723957876,1904.052870447481,42.24230463222669,0.48854887816835835,0.0,0
37.184,-0.21996930991454616,0.21766572206887608,-1.560185773451218,0.0,0.0,1e-12,0.22,1.0,0.6,0.6,0.9047260189045361,12,0.8788442663466872,1946.783723957876,1904.052870447481,42.24230463222669,0.48854887816835835,0.0,0
37.286,-0.21863724920323516,0.19571526842187176,-1.4601857734647292,0.0,0.0,1e-12,0.22,1.0,0.6,0.6,0.9130241453380293,12,0.8788442663466872,1946.783723957876,1904.052870447481,42.24230463222669,0.48854887816835835,0.0,0
37.386,-0.21512045446284345,0.17400745978520527,-1.3601857734797078,0.0,0.0,1e-12,0.22,1.0,0.6,0.6,0.9197233277471905,12,0.8788442663466872,1946.783723957876,1904.052870447481,42.24230463222669,0.48854887816835835,0.0,0
37.464,-0.21075689774545103,0.15696180923555544,-1.2801857734925906,0.0,0.0,1e-12,0.22,1.0,0.6,0.6,0.9239099445929024,12,0.8788442663466872,1946.783723957876,1904.052870447481,42.24230463222669,0.48854887816835835,0.0,0
37.597,-0.20169469554347697,0.1321827749413955,-1.1601857735083219,0.0,0.0,1e-12,0.22,1.0,0.6,0.6,0.9282065184667048,12,0.8788442663466872,1946.783723957876,1904.052870447481,42.24230463222669,0.48854887816835835,0.0,0
37.686,-0.19191987710956587,0.11248379715995205,-1.0601857735171152,0.0,0.0,1e-12,0.22,1.0,0.6,0.6,0.9299511491432272,12,0.8788442663466872,1946.783723957876,1904.052870447481,42.24230463222669,0.48854887816835835,0.0,0
37.794,-0.18022727579677722,0.09385908573690628,-0.9601857735281308,0.0,0.0,1e-12,0.22,1.0,0.6,0.6,0.9300178638006588,12,0.8788442663466872,1946.783723957876,1904.052870447481,42.24230463222669,0.48854887816835835,0.0,0
37.893,-0.1667337202125396,0.0764947326325931,-0.8601857735281506,0.0,0.0,1e-12,0.22,1.0,0.6,0.6,0.9284063564368682,12,0.8788442663466872,1946.783723957876,1904.052870447481,42.24230463222669,0.48854887816835835,0.0,0
37.991,-0.15157403350359794,0.06056423672329346,-0.7601857735253417,0.0,0.0,1e-12,0.22,1.0,0.6,0.6,0.9251240298137273,12,0.8788442663466872,1946.783723957876,1904.052870447481,42.24230463222669,0.48854887816835835,0.0,0
38.067,-0.13834793645089183,0.04895970370287993,-0.68018577352456,0.0,0.0,1e-12,0.22,1.0,0.6,0.6,0.9213050978934764,12,0.8788442663466872,1946.783723957876,1904.052870447481,42.24230463222669,0.48854887816835835,0.0,0
38.184,-0.1168772830128178,0.033625588462484216,-0.5601857735258132,0.0,0.0,1e-12,0.22,1.0,0.6,0.6,0.9136153528396439,12,0.8788442663466872,1946.783723957876,1904.052870447481,42.24230463222669,0.48854887816835835,0.0,0
38.29,-0.09768689769269227,0.022886598179579408,-0.46018577352908024,0.0,0.0,1e-12,0.22,1.0,0.6,0.6,0.905442922426804,12,0.8788442663466872,1946.783723957876,1904.052870447481,42.24230463222669,0.48854887816835835,0.0,0
38.394,-0.07752027427459954,0.014117099850383964,-0.3601857735343217,0.0,0.0,1e-12,0.22,1.0,0.6,0.6,0.8957078177290033,12,0.8788442663466872,1946.783723957876,1904.052870447481,42.24230463222669,0.48854887816835835,0.0,0
38.493,-0.05657891099351184,0.0074047154033504885,-0.26018577354149325,0.0,0.0,1e-12,0.22,1.0,0.6,0.6,0.8844574821254043,12,0.8788442663466872,1946.783723957876,1904.052870447481,42.24230463222669,0.48854887816835835,0.0,0
38.585,-0.03507204702901391,0.0028165127650096877,-0.16018577355051747,0.0,0.0,1e-12,0.22,1.0,0.6,0.6,0.8717480268654273,12,0.8788442663466872,1946.783723957876,1904.052870447481,42.24230463222669,0.48854887816835835,0.0,0
38.686,-0.013214571856565882,0.0003983357394281585,-0.060185773561296764,0.0,0.0,1e-12,0.22,1.0,0.6,0.6,0.8576446040880097,12,0.8788442663466872,1946.783723957876,1904.052870447481,42.24230463222669,0.48854887816835835,0.0,0
38.784,0.00877512185708319,0.000174345952080426,0.039814226426271054,0.0,0.0,1e-12,0.22,1.0,0.6,0.6,0.8422218661309627,12,0.8788442663466872,1946.783723957876,1904.052870447481,42.24230463222669,0.48854887816835835,0.0,0
38.887,0.030677320361236122,0.0021467814348630496,0.13981422641231742,0.0,0.0,1e-12,0.22,1.0,0.6,0.6,0.8255645247342911,12,0.8788442663466872,1946.783723957876,1904.052870447481,42.24230463222669,0.48854887816835835,0.0,0
38.986,0.052273184128413044,0.006295934264417938,0.23981422639695868,0.0,0.0,1e-12,0.22,1.0,0.6,0.6,0.8077680251754136,12,0.8788442663466872,1946.783723957876,1904.052870447481,42.24230463222669,0.48854887816835835,0.0,0
39.088,0.07334693442657458,0.01258034747721175,0.33981422638041153,0.0,0.0,1e-12,0.22,1.0,0.6,0.6,0.7889393510580393,12,0.8788442663466872,1946.783723957876,1904.052870447481,42.24230463222669,0.48854887816835835,0.0,0
39.184,0.09368800930860062,0.020937229293752736,0.439814226370611,0.0,0.0,1e-12,0.22,1.0,0.6,0.6,0.7691979747346476,12,0.8788442663466872,1946.783723957876,1904.052870447481,42.24230463222669,0.48854887816835835,0.0,0
39.287,0.11309316747824527,0.03128308051350851,0.5398142263611568,0.0,0.0,1e-12,0.22,1.0,0.6,0.6,0.7486769650968117,12,0.8788442663466872,1946.783723957876,1904.052870447481,42.24230463222669,0.48854887816835835,0.0,0
39.388,0.1313685190096923,0.04351452881098429,0.6398142263498741,0.0,0.0,1e-12,0.22,1.0,0.6,0.6,0.7275242570661338,12,0.8788442663466872,1946.783723957876,1904.052870447481,42.24230463222669,0.48854887816835835,0.0,0
39.484,0.14833146263098568,0.05750936159778679,0.7398142263541085,0.0,0.0,1e-12,0.22,1.0,0.6,0.6,0.7059040730886212,12,0.8788442663466872,1946.783723957876,1904.052870447481,42.24230463222669,0.48854887816835835,0.0,0
39.584,0.1638125102169861,0.07312774713116825,0.8398142263563224,0.0,0.0,1e-12,0.22,1.0,0.6,0.6,0.6839984627806448,12,0.8788442663466872,1946.783723957876,1904.052870447481,42.24230463222669,0.48854887816835835,0.0,0
39.684,0.17765698025760038,0.09021363166560557,0.9398142263565104,0.0,0.0,1e-12,0.22,1.0,0.6,0.6,0.662008887904611,12,0.8788442663466872,1946.783723957876,1904.052870447481,42.24230463222669,0.48854887816835835,0.0,0
39.784,0.18972654338459688,0.10859629869065297,1.0398142263546688,0.0,0.0,1e-12,0.22,1.0,0.6,0.6,0.6401577203031117,12,0.8788442663466872,1946.783723957876,1904.052870447481,42.24230463222669,0.48854887816835835,0.0,0
39.885,0.19990060451292335,0.12809207467389463,1.1398142263508093,0.0,0.0,1e-12,0.22,1.0,0.6,0.6,0.6186894344133519,12,0.8788442663466872,1946.783723957876,1904.052870447481,42.24230463222669,0.48854887816835835,0.0,0
39.984,0.20807750778692738,0.1485061642661632,1.2398142263450065,0.0,0.0,1e-12,0.22,1.0,0.6,0.6,0.5978711597059677,12,0.8788442663466872,1946.783723957876,1904.052870447481,42.24230463222669,0.48854887816835835,0.0,0
40.084,0.21417555229206436,0.16963459663227295,1.3398142263372772,0.0,0.0,1e-12,0.22,1.0,0.6,0.6,0.5779921148813364,12,0.8788442663466872,1946.783723957876,1904.052870447481,42.24230463222669,0.48854887816835835,0.0,0
40.185,0.2181338083834248,0.1912662634601924,1.4398142263277307,0.0,0.0,1e-12,0.22,1.0,0.6,0.6,0.5593612926235957,12,0.8788442663466872,1946.783723957876,1904.052870447481,42.24230463222669,0.48854887816835835,0.0,0
40.284,0.2199127264746043,0.21318502828549835,1.5398142263164416,0.0,0.0,1e-12,0.22,1.0,0.6,0.6,0.5423026441374407,12,0.8788442663466872,1946.783723957876,1904.052870447481,42.24230463222669,0.48854887816835835,0.0,0
40.384,0.21949453220408857,0.23517188605550265,1.6398142263035833,0.0,0.0,1e-12,0.22,1.0,0.6,0.6,0.5271470039247919,12,0.8788442663466872,1946.783723957876,1904.052870447481,42.24230463222669,0.48854887816835835,0.0,0
40.485,0.21688340403081363,0.25700715135530594,1.7398142262891678,0.0,0.0,1e-12,0.22,1.0,0.6,0.6,0.5142202060678078,12,0.8788442663466872,1946.783723957876,1904.052870447481,42.24230463222669,0.48854887816835835,0.0,0
40.584,0.21210543148435881,0.2784726534318994,1.8398142262734287,0.0,0.0,1e-12,0.22,1.0,0.6,0.6,0.5038273820219172,12,0.8788442663466872,1946.783723957876,1904.052870447481,42.24230463222669,0.48854887816835835,0.0,0
40.668,0.20675429036362789,0.2952345184413376,1.91981422626001,0.0,0.0,1e-12,0.22,1.0,0.6,0.6,0.4975180267056634,12,0.8788442663466872,1946.783723957876,1904.052870447481,42.24230463222669,0.48854887816835835,0.0,0
40.768,0.198210552529915,0.31549781888523276,2.0198142262509893,0.0,0.0,1e-12,0.22,1.0,0.6,0.6,0.49231722614324186,12,0.8788442663466872,1946.783723957876,1904.052870447481,42.24230463222669,0.48854887816835835,0.0,0
40.89,0.18535302522560093,0.33853709059490417,2.139814226239139,0.0,0.0,1e-12,0.22,1.0,0.6,0.6,0.4901989052253569,12,0.8788442663466872,1946.783723957876,1904.052870447481,42.24230463222669,0.48854887816835835,0.0,0
40.987,0.17259316084813198,0.3564474971261399,2.2398142262324434,0.0,0.0,1e-12,0.22,1.0,0.6,0.6,0.4919292914737975,12,0.8788442663466872,1946.783723957876,1904.052870447481,42.24230463222669,0.48854887816835835,0.0,0
41.089,0.15810898556685174,0.37299456536951037,2.3398142262360846,0.0,0.0,1e-12,0.22,1.0,0.6,0.6,0.4967888243394112,12,0.8788442663466872,1946.783723957876,1904.052870447481,42.24230463222669,0.48854887816835835,0.0,0
41.185,0.14204522047309523,0.3880129624891109,2.4398142262377203,0.0,0.0,1e-12,0.22,1.0,0.6,0.6,0.504639558659623,12,0.8788442663466872,1946.783723957876,1904.052870447481,42.24230463222669,0.48854887816835835,0.0,0
41.284,0.12456236939774003,0.4013526296253895,2.539814226237318,0.0,0.0,1e-12,0.22,1.0,0.6,0.6,0.5152685885530368,12,0.8788442663466872,1946.783723957876,1904.052870447481,42.24230463222669,0.48854887816835835,0.0,0
41.391,0.10583511520967778,0.4128802812338673,2.639814226234875,0.0,0.0,1e-12,0.22,1.0,0.6,0.6,0.5284058312613034,12,0.8788442663466872,1946.783723957876,1904.052870447481,42.24230463222669,0.48854887816835835,0.0,0
41.486,0.08605057444235138,0.42248073683024767,2.739814226230436,0.0,0.0,1e-12,0.22,1.0,0.6,0.6,0.5437435984242653,12,0.8788442663466872,1946.783723957876,1904.052870447481,42.24230463222669,0.48854887816835835,0.0,0
41.564,0.06959423186331613,0.42870838637031145,2.8198142262254993,0.0,0.0,1e-12,0.22,1.0,0.6,0.6,0.5573787722657978,12,0.8788442663466872,1946.783723957876,1904.052870447481,42.24230463222669,0.48854887816835835,0.0,0
41.686,0.044108944434506525,0.4355365760237818,2.9398142262157907,0.0,0.0,1e-12,0.22,1.0,0.6,0.6,0.5797094819680801,12,0.8788442663466872,1946.783723957876,1904.052870447481,42.24230463222669,0.48854887816835835,0.0,0
41.788,0.022370922096900413,0.43886150999147666,3.039814226205731,0.0,0.0,1e-12,0.22,1.0,0.6,0.6,0.5996840539829387,12,0.8788442663466872,1946.783723957876,1904.052870447481,42.24230463222669,0.48854887816835835,0.0,0
41.889,0.00040955980788787567,0.43999965209774433,3.139814226193964,0.0,0.0,1e-12,0.22,1.0,0.6,0.6,0.6205713555253848,12,0.8788442663466872,1946.783723957876,1904.052870447481,42.24230463222669,0.48854887816835835,0.0,0
41.965,-0.01717289640624331,0.4393272955265086,-3.0633710809961614,0.0,0.0,1e-12,0.22,1.0,0.6,0.6,0.6377445429176932,12,0.8788442663466872,1946.783723957876,1904.052870447481,42.24230463222669,0.48854887816835835,0.0,0
42.089,-0.04330542287425661,0.4356920362933339,-2.9433710810137748,0.0,0.0,1e-12,0.22,1.0,0.6,0.6,0.6639570573740874,12,0.8788442663466872,1946.783723957876,1904.052870447481,42.24230463222669,0.48854887816835835,0.0,0
42.184,-0.06462225761081977,0.4302893186558735,-2.8433710810299044,0.0,0.0,1e-12,0.22,1.0,0.6,0.6,0.6859478556523013,12,0.8788442663466872,1946.783723957876,1904.052870447481,42.24230463222669,0.48854887816835835,0.0,0
42.288,-0.08529322520344582,0.42278545965926684,-2.743371081043373,0.0,0.0,1e-12,0.22,1.0,0.6,0.6,0.707835996412953,12,0.8788442663466872,1946.783723957876,1904.052870447481,42.24230463222669,0.48854887816835835,0.0,0
42.388,-0.10511178817671803,0.41325543538207316,-2.6433710810519,0.0,0.0,1e-12,0.22,1.0,0.6,0.6,0.7294218026903967,12,0.8788442663466872,1946.783723957876,1904.052870447481,42.24230463222669,0.48854887816835835,0.0,0
42.485,-0.12387992600077795,0.40179446667657165,-2.543371081062635,0.0,0.0,1e-12,0.22,1.0,0.6,0.6,0.7505248701454978,12,0.8788442663466872,1946.783723957876,1904.052870447481,42.24230463222669,0.48854887816835835,0.0,0
42.588,-0.14141011364617215,0.38851706775372424,-2.4433710810647296,0.0,0.0,1e-12,0.22,1.0,0.6,0.6,0.7709824818037779,12,0.8788442663466872,1946.783723957876,1904.052870447481,42.24230463222669,0.48854887816835835,0.0,0
42.684,-0.1575271952725874,0.37355590199443794,-2.3433710810616675,0.0,0.0,1e-12,0.22,1.0,0.6,0.6,0.7906480766428926,12,0.8788442663466872,1946.783723957876,1904.052870447481,42.24230463222669,0.48854887816835835,0.0,0
42.784,-0.17207013432819618,0.3570604564213599,-2.2433710810606287,0.0,0.0,1e-12,0.22,1.0,0.6,0.6,0.8093898406551424,12,0.8788442663466872,1946.783723957876,1904.052870447481,42.24230463222669,0.48854887816835835,0.0,0
42.885,-0.18489362257324632,0.339195548074011,-2.1433710810616096,0.0,0.0,1e-12,0.22,1.0,0.6,0.6,0.8270894515713335,12,0.8788442663466872,1946.783723957876,1904.052870447481,42.24230463222669,0.48854887816835835,0.0,0
42.984,-0.1958695319521153,0.3201396772112609,-2.043371081064642,0.0,0.0,1e-12,0.22,1.0,0.6,0.6,0.8436409853492753,12,0.8788442663466872,1946.783723957876,1904.052870447481,42.24230463222669,0.48854887816835835,0.0,0
43.084,-0.20488819480649167,0.30008324379572443,-1.9433710810696323,0.0,0.0,1e-12,0.22,1.0,0.6,0.6,0.858949979213544,12,0.8788442663466872,1946.783723957876,1904.052870447481,42.24230463222669,0.48854887816835835,0.0,0
43.184,-0.21185949963835,0.2792266450803019,-1.8433710810765729,0.0,0.0,1e-12,0.22,1.0,0.6,0.6,0.8729326390847523,12,0.8788442663466872,1946.783723957876,1904.052870447481,42.24230463222669,0.48854887816835835,0.0,0
43.286,-0.21671379147426184,0.25777827330505226,-1.743371081085384,0.0,0.0,1e-12,0.22,1.0,0.6,0.6,0.8855151762710425,12,0.8788442663466872,1946.783723957876,1904.052870447481,42.24230463222669,0.48854887816835835,0.0,0
43.392,-0.21940256783485781,0.23595243351082174,-1.6433710810959485,0.0,0.0,1e-12,0.22,1.0,0.6,0.6,0.896633257715244,12,0.8788442663466872,1946.783723957876,1904.052870447481,42.24230463222669,0.48854887816835835,0.0,0
43.484,-0.21989896335555822,0.21396720227411203,-1.5433710811081722,0.0,0.0,1e-12,0.22,1.0,0.6,0.6,0.9062315548642054,12,0.8788442663466872,1946.783723957876,1904.052870447481,42.24230463222669,0.48854887816835835,0.0,0
43.584,-0.21819801821642784,0.19204224875803466,-1.4433710811219904,0.0,0.0,1e-12,0.22,1.0,0.6,0.6,0.9142633777045273,12,0.8788442663466872,1946.783723957876,1904.052870447481,42.24230463222669,0.48854887816835835,0.0,0
43.665,-0.21526586318763766,0.17469297509106974,-1.3633710811340538,0.0,0.0,1e-12,0.22,1.0,0.6,0.6,0.9195349330590814,12,0.8788442663466872,1946.783723957876,1904.052870447481,42.24230463222669,0.48854887816835835,0.0,0
43.794,-0.20829387237528033,0.14924665132092438,-1.2433710811536636,0.0,0.0,1e-12,0.22,1.0,0.6,0.6,0.9254823420599801,12,0.8788442663466872,1946.783723957876,1904.052870447481,42.24230463222669,0.48854887816835835,0.0,0
43.885,-0.20018963062464254,0.12880360686319828,-1.1433710811644802,0.0,0.0,1e-12,0.22,1.0,0.6,0.6,0.9286169747879549,12,0.8788442663466872,1946.783723957876,1904.052870447481,42.24230463222669,0.48854887816835835,0.0,0
43.994,-0.19008497735166363,0.10927176662007451,-1.0433710811736554,0.0,0.0,1e-12,0.22,1.0,0.6,0.6,0.9300798194095824,12,0.8788442663466872,1946.783723957876,1904.052870447481,42.24230463222669,0.48854887816835835,0.0,0
44.088,-0.17808087491165553,0.0908462862827396,-0.9433710811850475,0.0,0.0,1e-12,0.22,1.0,0.6,0.6,0.9298641578721943,12,0.8788442663466872,1946.783723957876,1904.052870447481,42.24230463222669,0.48854887816835835,0.0,0
44.184,-0.16429726432835912,0.07371126716047824,-0.8433710811823444,0.0,0.0,1e-12,0.22,1.0,0.6,0.6,0.9279709793811675,12,0.8788442663466872,1946.783723957876,1904.052870447481,42.24230463222669,0.48854887816835835,0.0,0
44.264,-0.15208111556070103,0.06104791297779889,-0.7633710811802038,0.0,0.0,1e-12,0.22,1.0,0.6,0.6,0.9252542118189004,12,0.8788442663466872,1946.783723957876,1904.052870447481,42.24230463222669,0.48854887816835835,0.0,0
44.384,-0.13195880804523974,0.043982837838317995,-0.6433710811794265,0.0,0.0,1e-12,0.22,1.0,0.6,0.6,0.9191946373284269,12,0.8788442663466872,1946.783723957876,1904.052870447481,42.24230463222669,0.48854887816835835,0.0,0
44.487,-0.11372707751094294,0.03168646427717611,-0.5433710811810042,0.0,0.0,1e-12,0.22,1.0,0.6,0.6,0.9123522434115504,12,0.8788442663466872,1946.783723957876,1904.052870447481,42.24230463222669,0.48854887816835835,0.0,0
44.59,-0.09435884070412422,0.02127165731659006,-0.44337108118462304,0.0,0.0,1e-12,0.22,1.0,0.6,0.6,0.9039140967420862,12,0.8788442663466872,1946.783723957876,1904.052870447481,42.24230463222669,0.48854887816835835,0.0,0
44.687,-0.07404761864465029,0.01284247826497783,-0.34337108119018517,0.0,0.0,1e-12,0.22,1.0,0.6,0.6,0.8939206606464227,12,0.8788442663466872,1946.783723957876,1904.052870447481,42.24230463222669,0.48854887816835835,0.0,0
44.785,-0.052996354349328194,0.006483148693068558,-0.2433710811976747,0.0,0.0,1e-12,0.22,1.0,0.6,0.6,0.8824208132058126,12,0.8788442663466872,1946.783723957876,1904.052870447481,42.24230463222669,0.48854887816835835,0.0,0
44.884,-0.031415385092340486,0.0022572089197854966,-0.14337108120699557,0.0,0.0,1e-12,0.22,1.0,0.6,0.6,0.8694721575873914,12,0.8788442663466872,1946.783723957876,1904.052870447481,42.24230463222669,0.48854887816835835,0.0,0
44.988,-0.009520340784737865,0.0002068831383981414,-0.04337108121808214,0.0,0.0,1e-12,0.22,1.0,0.6,0.6,0.855141408695017,12,0.8794229625922398,1943.252253816613,1900.1959745157728,42.242303880156975,0.8139754206832702,0.0,0
45.087,0.012470010528361747,0.00035265752634118926,0.05662891876925919,0.0,0.0,1e-12,0.22,1.0,0.6,0.6,0.8395048682790737,12,0.8794229625922398,1943.252253816613,1900.1959745157728,42.242303880156975,0.8139754206832702,0.0,0
45.197,0.03433594852573635,0.002693075554104131,0.15662891875500537,0.0,0.0,1e-12,0.22,1.0,0.6,0.6,0.8226490023827255,12,0.8794229625922398,1943.252253816613,1900.1959745157728,42.242303880156975,0.8139754206832702,0.0,0
45.29,0.055858995982907916,0.007204752538381783,0.25662891873941923,0.0,0.0,1e-12,0.22,1.0,0.6,0.6,0.8046711363444138,12,0.8794229625922398,1943.252253816613,1900.1959745157728,42.242303880156975,0.8139754206832702,0.0,0
45.388,0.07682410172434244,0.013842609294129444,0.356628918722675,0.0,0.0,1e-12,0.22,1.0,0.6,0.6,0.7856802830768097,12,0.8794229625922398,1943.252253816613,1900.1959745157728,42.242303880156975,0.8139754206832702,0.0,0
45.484,0.09702178934333731,0.02254032255079361,0.45662891871435246,0.0,0.0,1e-12,0.22,1.0,0.6,0.6,0.765798119268466,12,0.8794229625922398,1943.252253816613,1900.1959745157728,42.242303880156975,0.8139754206832702,0.0,0
45.585,0.11625025022190272,0.033210987632784725,0.5566289187045236,0.0,0.0,1e-12,0.22,1.0,0.6,0.6,0.7451601203436581,12,0.8794229625922398,1943.252253816613,1900.1959745157728,42.242303880156975,0.8139754206832702,0.0,0
45.686,0.13431735993502028,0.04574798678179544,0.6566289186959396,0.0,0.0,1e-12,0.22,1.0,0.6,0.6,0.7239168566999405,12,0.8794229625922398,1943.252253816613,1900.1959745157728,42.242303880156975,0.8139754206832702,0.0,0
45.784,0.15104259789425706,0.0600260544464511,0.7566289186998243,0.0,0.0,1e-12,0.22,1.0,0.6,0.6,0.7022354382842015,12,0.8794229625922398,1943.252253816613,1900.1959745157728,42.242303880156975,0.8139754206832702,0.0,0
45.887,0.1662588510508347,0.07590252889464817,0.856628918701682,0.0,0.0,1e-12,0.22,1.0,0.6,0.6,0.6803010682857752,12,0.8794229625922398,1943.252253816613,1900.1959745157728,42.242303880156975,0.8139754206832702,0.0,0
45.984,0.17981408363307833,0.09321877764173837,0.9566289187015448,0.0,0.0,1e-12,0.22,1.0,0.6,0.6,0.6583186247160591,12,0.8794229625922398,1943.252253816613,1900.1959745157728,42.242303880156975,0.8139754206832702,0.0,0
46.086,0.19157285623782416,0.11180178245421363,1.0566289186993614,0.0,0.0,1e-12,0.22,1.0,0.6,0.6,0.6365141250409232,12,8.80424534384881,489292102762634.1,489292102762424.56,208.47882569101637,1.0484000000000002,0.0,0
46.186,0.20141767909618738,0.13146586809070673,1.1566289186951884,0.0,0.0,1e-12,0.22,1.0,0.6,0.6,0.6151358380886818,12,8.80424534384881,489292102762634.1,489292102762424.56,208.47882569101637,1.0484000000000002,0.0,0
46.284,0.20925018599247805,0.15201455750763826,1.2566289186890398,0.0,0.0,1e-12,0.22,1.0,0.6,0.6,0.5944546861048284,12,8.80424534384881,489292102762634.1,489292102762424.56,208.47882569101637,1.0484000000000002,0.0,0
46.384,0.2149921171069137,0.1732425349928679,1.3566289186810176,0.0,0.0,1e-12,0.22,1.0,0.6,0.6,0.574763432926217,12,8.80424534384881,489292102762634.1,489292102762424.56,208.47882569101637,1.0484000000000002,0.0,0
46.485,0.21858610096187017,0.1949376976124407,1.4566289186711714,0.0,0.0,1e-12,0.22,1.0,0.6,0.6,0.5563740029826871,12,8.80424534384881,489292102762634.1,489292102762424.56,208.47882569101637,1.0484000000000002,0.0,0
46.585,0.21999622765871168,0.21688327447298578,1.5566289186596793,0.0,0.0,1e-12,0.22,1.0,0.6,0.6,0.5396121684804293,12,8.80424534384881,489292102762634.1,489292102762424.56,208.47882569101637,1.0484000000000002,0.0,0
46.684,0.21920840767763478,0.23885999262478338,1.6566289186463723,0.0,0.0,1e-12,0.22,1.0,0.6,0.6,0.5248088620730159,12,8.80424534384881,489292102762634.1,489292102762424.56,208.47882569101637,1.0484000000000002,0.0,0
46.784,0.21623051265548912,0.26064826796470003,1.7566289186317152,0.0,0.0,1e-12,0.22,1.0,0.6,0.6,0.5122876315626083,12,8.80424534384881,489292102762634.1,489292102762424.56,208.47882569101637,1.0484000000000002,0.0,0
46.884,0.21109229673496713,0.2820303992478456,1.856628918615749,0.0,0.0,1e-12,0.22,1.0,0.6,0.6,0.5023483538953495,12,8.80424534384881,489292102762634.1,489292102762424.56,208.47882569101637,1.0484000000000002,0.0,0
46.985,0.20384509927109631,0.30279274328643424,1.9566289186008983,0.0,0.0,1e-12,0.22,1.0,0.6,0.6,0.49524827997150167,12,8.80424534384881,489292102762634.1,489292102762424.56,208.47882569101637,1.0484000000000002,0.0,0
47.084,0.19456133186526267,0.3227278496017672,2.0566289185926787,0.0,0.0,1e-12,0.22,1.0,0.6,0.6,0.4911826126862899,12,8.80424534384881,489292102762634.1,489292102762424.56,208.47882569101637,1.0484000000000002,0.0,0
47.184,0.18333375485246436,0.3416365332014458,2.1566289185821907,0.0,0.0,1e-12,0.22,1.0,0.6,0.6,0.49026772361793697,12,8.80424534384881,489292102762634.1,489292102762424.56,208.47882569101637,1.0484000000000002,0.0,0
47.284,0.17027455047100032,0.3593298647691611,2.256628918578206,0.0,0.0,1e-12,0.22,1.0,0.6,0.6,0.49253027923664866,12,8.80424534384881,489292102762634.1,489292102762424.56,208.47882569101637,1.0484000000000002,0.0,0
47.394,0.15551420197410717,0.3756310583843457,2.356628918581524,0.0,0.0,1e-12,0.22,1.0,0.6,0.6,0.4979046561425628,12,8.80424534384881,489292102762634.1,489292102762424.56,208.47882569101637,1.0484000000000002,0.0,0
47.494,0.13920018988468433,0.390377237909085,2.456628918582847,0.0,0.0,1e-12,0.22,1.0,0.6,0.6,0.5062392392821158,12,8.80424534384881,489292102762634.1,489292102762424.56,208.47882569101637,1.0484000000000002,0.0,0
47.584,0.12149551841886178,0.4034210643920266,2.556628918582065,0.0,0.0,1e-12,0.22,1.0,0.6,0.6,0.5173101746708618,12,8.80424534384881,489292102762634.1,489292102762424.56,208.47882569101637,1.0484000000000002,0.0,0
47.684,0.1025770868015459,0.41463220823071983,2.6566289185793273,0.0,0.0,1e-12,0.22,1.0,0.6,0.6,0.5308396865346976,12,8.80424534384881,489292102762634.1,489292102762424.56,208.47882569101637,1.0484000000000002,0.0,0
47.785,0.08263392174785654,0.4238986513818867,2.7566289185745645,0.0,0.0,1e-12,0.22,1.0,0.6,0.6,0.5465156392191547,12,8.80424534384881,489292102762634.1,489292102762424.56,208.47882569101637,1.0484000000000002,0.0,0
47.889,0.061865288770661386,0.43112780660868494,2.8566289185678655,0.0,0.0,1e-12,0.22,1.0,0.6,0.6,0.5640095612050184,12,8.80424534384881,489292102762634.1,489292102762424.56,208.47882569101637,1.0484000000000002,0.0,0
47.985,0.040478701185438955,0.4362474425817649,2.9566289185593226,0.0,0.0,1e-12,0.22,1.0,0.6,0.6,0.5829914097893258,12,8.80424534384881,489292102762634.1,489292102762424.56,208.47882569101637,1.0484000000000002,0.0,0
48.084,0.018687846705839336,0.4392064055908601,3.05662891854892,0.0,0.0,1e-12,0.22,1.0,0.6,0.6,0.6031404476326427,12,8.80424534384881,489292102762634.1,489292102762424.56,208.47882569101637,1.0484000000000002,0.0,0
48.164,0.0011103232138304547,0.4399972897584785,3.1366289185394822,0.0,0.0,1e-12,0.22,1.0,0.6,0.6,0.6198949203257557,12,8.80424534384881,489292102762634.1,489292102762424.56,208.47882569101637,1.0484000000000002,0.0,0
48.284,-0.025233891032456,0.4385459369295878,-3.0265563886563926,0.0,0.0,1e-12,0.22,1.0,0.6,0.6,0.6457436279031561,12,8.80424534384881,489292102762634.1,489292102762424.56,208.47882569101637,1.0484000000000002,0.0,0
48.385,-0.046925922806401385,0.43493310444379785,-2.92655638867143,0.0,0.0,1e-12,0.22,1.0,0.6,0.6,0.6676527762298874,12,8.80424534384881,489292102762634.1,489292102762424.56,208.47882569101637,1.0484000000000002,0.0,0
48.487,-0.06814890336418478,0.4291727314262858,-2.826556388687764,0.0,0.0,1e-12,0.22,1.0,0.6,0.6,0.6896411478117577,12,8.80424534384881,489292102762634.1,489292102762424.56,208.47882569101637,1.0484000000000002,0.0,0
48.585,-0.08869077969936616,0.42132237362013397,-2.726556388699877,0.0,0.0,1e-12,0.22,1.0,0.6,0.6,0.7114918722035156,12,8.80424534384881,489292102762634.1,489292102762424.56,208.47882569101637,1.0484000000000002,0.0,0
48.684,-0.10834630417379784,0.4114604692054415,-2.626556388708811,0.0,0.0,1e-12,0.22,1.0,0.6,0.6,0.7330086229430802,12,8.80424534384881,489292102762634.1,489292102762424.56,208.47882569101637,1.0484000000000002,0.0,0
48.784,-0.12691908528437923,0.3996855550711355,-2.5265563887198796,0.0,0.0,1e-12,0.22,1.0,0.6,0.6,0.7540140803710748,12,8.80424534384881,489292102762634.1,489292102762424.56,208.47882569101637,1.0484000000000002,0.0,0
48.884,-0.14422354994125755,0.3861152822671616,-2.4265563887192636,0.0,0.0,1e-12,0.22,1.0,0.6,0.6,0.7743483484626433,12,8.80424534384881,489292102762634.1,489292102762424.56,208.47882569101637,1.0484000000000002,0.0,0
48.984,-0.16008679765375453,0.37088524047334775,-2.3265563887165515,0.0,0.0,1e-12,0.22,1.0,0.6,0.6,0.7938674404461334,12,8.80424534384881,489292102762634.1,489292102762424.56,208.47882569101637,1.0484000000000002,0.0,0
49.085,-0.17435032809454545,0.35414760323286854,-2.226556388715893,0.0,0.0,1e-12,0.22,1.0,0.6,0.6,0.812441894301539,12,8.80424534384881,489292102762634.1,489292102762424.56,208.47882569101637,1.0484000000000002,0.0,0
49.184,-0.18687162478240604,0.3360696074843249,-2.126556388717234,0.0,0.0,1e-12,0.22,1.0,0.6,0.6,0.8299555445812636,12,8.80424534384881,489292102762634.1,489292102762424.56,208.47882569101637,1.0484000000000002,0.0,0
49.284,-0.19752557905986787,0.3168318825854355,-2.0265563887205866,0.0,0.0,1e-12,0.22,1.0,0.6,0.6,0.8463044558401464,12,8.80424534384881,489292102762634.1,489292102762424.56,208.47882569101637,1.0484000000000002,0.0,0
49.384,-0.2062057401375551,0.29662664552425794,-1.9265563887259143,0.0,0.0,1e-12,0.22,1.0,0.6,0.6,0.8613960109244803,12,8.80424534384881,489292102762634.1,489292102762424.56,208.47882569101637,1.0484000000000002,0.0,0
49.485,-0.21282537871531068,0.27565578035052435,-1.8265563887331993,0.0,0.0,1e-12,0.22,1.0,0.6,0.6,0.8751481412330804,12,8.80424534384881,489292102762634.1,489292102762424.56,208.47882569101637,1.0484000000000002,0.0,0
49.585,-0.21731835355266854,0.2541288210169542,-1.7265563887422823,0.0,0.0,1e-12,0.22,1.0,0.6,0.6,0.8874886835927357,12,8.80424534384881,489292102762634.1,489292102762424.56,208.47882569101637,1.0484000000000002,0.0,0
49.684,-0.2196397723302678,0.23226085778531552,-1.6265563887531167,0.0,0.0,1e-12,0.22,1.0,0.6,0.6,0.8983548480986815,12,8.80424534384881,489292102762634.1,489292102762424.56,208.47882569101637,1.0484000000000002,0.0,0
49.784,-0.21976644019906658,0.21027038811557433,-1.526556388765688,0.0,0.0,1e-12,0.22,1.0,0.6,0.6,0.9076927821990405,12,8.80424534384881,489292102762634.1,489292102762424.56,208.47882569101637,1.0484000000000002,0.0,0
49.884,-0.21769709153561503,0.1883771335115158,-1.4265563887797734,0.0,0.0,1e-12,0.22,1.0,0.6,0.6,0.915457217854554,12,8.80424534384881,489292102762634.1,489292102762424.56,208.47882569101637,1.0484000000000002,0.0,0
49.985,-0.21345240258772555,0.16679984413612509,-1.326556388795187,0.0,0.0,1e-12,0.22,1.0,0.6,0.6,0.9216111904248063,12,8.80424534384881,489292102762634.1,489292102762424.56,208.47882569101637,1.0484000000000002,0.0,0
50.086,-0.20707478488424857,0.14575411313227277,-1.2265563888119082,0.0,0.0,1e-12,0.22,1.0,0.6,0.6,0.9261258198172666,12,8.80424534384881,489292102762634.1,489292102762424.56,208.47882569101637,1.0484000000000002,0.0,0
50.184,-0.19862796147314155,0.1254502224875556,-1.1265563888213108,0.0,0.0,1e-12,0.22,1.0,0.6,0.6,0.9289801462807782,12,8.80424534384881,489292102762634.1,489292102762424.56,208.47882569101637,1.0484000000000002,0.0,0
50.284,-0.1881963302216059,0.10609104196557918,-1.0265563888308094,0.0,0.0,1e-12,0.22,1.0,0.6,0.6,0.9301610149868967,12,8.80424534384881,489292102762634.1,489292102762424.56,208.47882569101637,1.0484000000000002,0.0,0
50.38,-0.17849136501618837,0.09141424121589936,-0.9465563888400232,0.0,0.0,1e-12,0.22,1.0,0.6,0.6,0.9298969187188263,12,8.80424534384881,489292102762634.1,489292102762424.56,208.47882569101637,1.0484000000000002,0.0,0
50.495,-0.16181435196037083,0.07096916149477057,-0.8265563888373261,0.0,0.0,1e-12,0.22,1.0,0.6,0.6,0.9274884015136501,12,8.80424534384881,489292102762634.1,489292102762424.56,208.47882569101637,1.0484000000000002,0.0,0
50.571,-0.14938700974058025,0.0585129985534095,-0.7465563888354197,0.0,0.0,1e-12,0.22,1.0,0.6,0.6,0.9245480317990777,12,8.80424534384881,489292102762634.1,489292102762424.56,208.47882569101637,1.0484000000000002,0.0,0
50.677,-0.13251880637974528,0.044404117789625545,-0.6465563888349742,0.0,0.0,1e-12,0.22,1.0,0.6,0.6,0.9193859831589402,12,8.80424534384881,489292102762634.1,489292102762424.56,208.47882569101637,1.0484000000000002,0.0,0
50.789,-0.11054471309350308,0.029800581453822618,-0.5265563888370836,0.0,0.0,1e-12,0.22,1.0,0.6,0.6,0.9110439979581268,12,8.80424534384881,489292102762634.1,489292102762424.56,208.47882569101637,1.0484000000000002,0.0,0
50.889,-0.09100410072768762,0.019712902364920074,-0.4265563888410221,0.0,0.0,1e-12,0.22,1.0,0.6,0.6,0.9023412785106447,12,8.80424534384881,489292102762634.1,489292102762424.56,208.47882569101637,1.0484000000000002,0.0,0
50.988,-0.0705540225621301,0.011626425749211257,-0.32655638884689336,0.0,0.0,1e-12,0.22,1.0,0.6,0.6,0.892090892258688,12,8.80424534384881,489292102762634.1,489292102762424.56,208.47882569101637,1.0484000000000002,0.0,0
51.085,-0.04939880901795379,0.005621949007959718,-0.2265563888547185,0.0,0.0,1e-12,0.22,1.0,0.6,0.6,0.8803431607362172,12,8.80424534384881,489292102762634.1,489292102762424.56,208.47882569101637,1.0484000000000002,0.0,0
51.189,-0.02774983599586492,0.0017594668879072181,-0.1265563888643698,0.0,0.0,1e-12,0.22,1.0,0.6,0.6,0.8671571899321808,12,8.80424534384881,489292102762634.1,489292102762424.56,208.47882569101637,1.0484000000000002,0.0,0
51.285,-0.005823412878041448,7.757203359769667e-05,-0.02655638887559493,0.0,0.0,1e-12,0.22,1.0,0.6,0.6,0.8526012709164237,12,8.80424534384881,489292102762634.1,489292102762424.56,208.47882569101637,1.0484000000000002,0.0,0
51.364,0.011770304181356031,0.0003141093739097868,0.053443611113993914,0.0,0.0,1e-12,0.22,1.0,0.6,0.6,0.8400222273600273,12,8.80424534384881,489292102762634.1,489292102762424.56,208.47882569101637,1.0484000000000002,0.0,0
51.492,0.037984874158461815,0.0033008082552771277,0.1734436110968034,0.0,0.0,1e-12,0.22,1.0,0.6,0.6,0.8197017305724598,12,8.80424534384881,489292102762634.1,489292102762424.56,208.47882569101637,1.0484000000000002,0.0,0
51.585,0.059429020154324115,0.008173733820384528,0.27344361108099874,0.0,0.0,1e-12,0.22,1.0,0.6,0.6,0.8015455779875647,12,8.80424534384881,489292102762634.1,489292102762424.56,208.47882569101637,1.0484000000000002,0.0,0
51.689,0.08027955393299666,0.015163157416280142,0.37344361106501295,0.0,0.0,1e-12,0.22,1.0,0.6,0.6,0.7823959831845889,12,8.80424534384881,489292102762634.1,489292102762424.56,208.47882569101637,1.0484000000000002,0.0,0
51.785,0.10032814385298636,0.024199243032807717,0.4734436110571096,0.0,0.0,1e-12,0.22,1.0,0.6,0.6,0.7623768592693468,12,8.80424534384881,489292102762634.1,489292102762424.56,208.47882569101637,1.0484000000000002,0.0,0
51.889,0.119374471031246,0.03519170508957042,0.5734436110468578,0.0,0.0,1e-12,0.22,1.0,0.6,0.6,0.7416261248743341,12,8.80424534384881,489292102762634.1,489292102762424.56,208.47882569101637,1.0484000000000002,0.0,0
51.986,0.13722823086239858,0.048030710539221755,0.6734436110410009,0.0,0.0,1e-12,0.22,1.0,0.6,0.6,0.7202970268011536,12,8.80424534384881,489292102762634.1,489292102762424.56,208.47882569101637,1.0484000000000002,0.0,0
52.084,0.1537110344796153,0.06258797628339022,0.7734436110446226,0.0,0.0,1e-12,0.22,1.0,0.6,0.6,0.6985596066052181,12,8.80424534384881,489292102762634.1,489292102762424.56,208.47882569101637,1.0484000000000002,0.0,0
52.189,0.1686581911578684,0.07871805093493804,0.8734436110460986,0.0,0.0,1e-12,0.22,1.0,0.6,0.6,0.6766022660886319,12,8.80424534384881,489292102762634.1,489292102762424.56,208.47882569101637,1.0484000000000002,0.0,0
52.284,0.18192035384856287,0.09625976811983962,0.9734436110455633,0.0,0.0,1e-12,0.22,1.0,0.6,0.6,0.6546333414521358,12,8.80424534384881,489292102762634.1,489292102762424.56,208.47882569101637,1.0484000000000002,0.0,0
52.384,0.19336501140602103,0.11503785679848766,1.0734436110430352,0.0,0.0,1e-12,0.22,1.0,0.6,0.6,0.6328825280314109,12,8.80424534384881,489292102762634.1,489292102762424.56,208.47882569101637,1.0484000000000002,0.0,0
52.484,0.2028778125950704,0.13486469251601865,1.173443611038567,0.0,0.0,1e-12,0.22,1.0,0.6,0.6,0.6116019015646484,12,8.80424534384881,489292102762634.1,489292102762424.56,208.47882569101637,1.0484000000000002,0.0,0
52.584,0.21036370865079146,0.15554217208383436,1.2734436110321028,0.0,0.0,1e-12,0.22,1.0,0.6,0.6,0.5910661556309252,12,8.80424534384881,489292102762634.1,489292102762424.56,208.47882569101637,1.0484000000000002,0.0,0
52.684,0.21574790297434263,0.17686369296117777,1.3734436110237693,0.0,0.0,1e-12,0.22,1.0,0.6,0.6,0.5715715251856652,12,8.80424534384881,489292102762634.1,489292102762424.56,208.47882569101637,1.0484000000000002,0.0,0
52.784,0.21897659847586023,0.19861621755944242,1.4734436110135358,0.0,0.0,1e-12,0.22,1.0,0.6,0.6,0.5534327179660727,12,8.80424534384881,489292102762634.1,489292102762424.56,208.47882569101637,1.0484000000000002,0.0,0
52.886,0.22001753509719174,0.22058240184333866,1.5734436110017738,0.0,0.0,1e-12,0.22,1.0,0.6,0.6,0.5369770827741009,12,8.80424534384881,489292102762634.1,489292102762424.56,208.47882569101637,1.0484000000000002,0.0,0
52.985,0.21886031214372786,0.2425427669605868,1.6734436109882183,0.0,0.0,1e-12,0.22,1.0,0.6,0.6,0.5225352955651608,12,8.80424534384881,489292102762634.1,489292102762424.56,208.47882569101637,1.0484000000000002,0.0,0
53.086,0.21551649220469893,0.26427789220216885,1.7734436109733764,0.0,0.0,1e-12,0.22,1.0,0.6,0.6,0.5104281550138059,12,8.80424534384881,489292102762634.1,489292102762424.56,208.47882569101637,1.0484000000000002,0.0,0
53.184,0.21001948562361591,0.2855706073814002,1.8734436109571955,0.0,0.0,1e-12,0.22,1.0,0.6,0.6,0.500949742524907,12,8.80424534384881,489292102762634.1,489292102762424.56,208.47882569101637,1.0484000000000002,0.0,0
53.285,0.20242421667318963,0.3062081627266016,1.973443610943977,0.0,0.0,1e-12,0.22,1.0,0.6,0.6,0.49434820434224885,12,8.80424534384881,489292102762634.1,489292102762424.56,208.47882569101637,1.0484000000000002,0.0,0
53.384,0.19280657477000354,0.3259843546065212,2.0734436109353167,0.0,0.0,1e-12,0.22,1.0,0.6,0.6,0.4908065397597524,12,8.80424534384881,489292102762634.1,489292102762424.56,208.47882569101637,1.0484000000000002,0.0,0
53.486,0.18126265621270737,0.3447015858492562,2.1734436109244823,0.0,0.0,1e-12,0.22,1.0,0.6,0.6,0.49042659323279153,12,8.80424534384881,489292102762634.1,489292102762424.56,208.47882569101637,1.0484000000000002,0.0,0
53.584,0.16790780401976552,0.3621728400670479,2.2734436109232194,0.0,0.0,1e-12,0.22,1.0,0.6,0.6,0.4932194479425921,12,8.80424534384881,489292102762634.1,489292102762424.56,208.47882569101637,1.0484000000000002,0.0,0
53.684,0.15287545545952977,0.37822355026295923,2.373443610926187,0.0,0.0,1e-12,0.22,1.0,0.6,0.6,0.4991043497992069,12,8.80424534384881,489292102762634.1,489292102762424.56,208.47882569101637,1.0484000000000002,0.0,0
53.789,0.13631580878969599,0.39269334304652914,2.4734436109271303,0.0,0.0,1e-12,0.22,1.0,0.6,0.6,0.5079164096537715,12,8.80424534384881,489292102762634.1,489292102762424.56,208.47882569101637,1.0484000000000002,0.0,0
53.895,0.11839432252591642,0.4054376410313858,2.5734436109259944,0.0,0.0,1e-12,0.22,1.0,0.6,0.6,0.5194213512195113,12,8.80424534384881,489292102762634.1,489292102762424.56,208.47882569101637,1.0484000000000002,0.0,0
53.984,0.09929006223488372,0.4163291074048182,2.673443610922912,0.0,0.0,1e-12,0.22,1.0,0.6,0.6,0.5333342653190937,12,8.80424534384881,489292102762634.1,489292102762424.56,208.47882569101637,1.0484000000000002,0.0,0
54.084,0.079193911370397,0.425258918235101,2.7734436109178047,0.0,0.0,1e-12,0.22,1.0,0.6,0.6,0.5493390825437718,12,8.80424534384881,489292102762634.1,489292102762424.56,208.47882569101637,1.0484000000000002,0.0,0
54.193,0.058306664028978036,0.43213784980426573,2.873443610910761,0.0,0.0,1e-12,0.22,1.0,0.6,0.6,0.5671061379528084,12,8.80424534384881,489292102762634.1,489292102762424.56,208.47882569101637,1.0484000000000002,0.0,0
54.286,0.03683701868161441,0.436897170101995,2.9734436109019198,0.0,0.0,1e-12,0.22,1.0,0.6,0.6,0.5863062993420333,12,8.80424534384881,489292102762634.1,489292102762424.56,208.47882569101637,1.0484000000000002,0.0,0
54.398,0.014999492927667668,0.43948932557312426,3.0734436108912595,0.0,0.0,1e-12,0.22,1.0,0.6,0.6,0.6066211914200298,12,8.80424534384881,489292102762634.1,489292102762424.56,208.47882569101637,1.0484000000000002,0.0,0
54.484,-0.006987719894114142,0.43988841625706965,-3.109741696300678,0.0,0.0,1e-12,0.22,1.0,0.6,0.6,0.6277497999608801,12,8.80424534384881,489292102762634.1,489292102762424.56,208.47882569101637,1.0484000000000002,0.0,0
54.585,-0.028904930821291773,0.4380904545716602,-3.009741696314582,0.0,0.0,1e-12,0.22,1.0,0.6,0.6,0.6494121287072989,12,8.80424534384881,489292102762634.1,489292102762424.56,208.47882569101637,1.0484000000000002,0.0,0
54.694,-0.050533150327214144,0.4341134051557349,-2.9097416963298466,0.0,0.0,1e-12,0.22,1.0,0.6,0.6,0.6713506848314635,12,8.80424534384881,489292102762634.1,489292102762424.56,208.47882569101637,1.0484000000000002,0.0,0
54.789,-0.07165627639198986,0.4279970053724147,-2.80974169634639,0.0,0.0,1e-12,0.22,1.0,0.6,0.6,0.6933305011158893,12,8.80424534384881,489292102762634.1,489292102762424.56,208.47882569101637,1.0484000000000002,0.0,0
54.887,-0.09206325372219869,0.4198023682665467,-2.7097416963569723,0.0,0.0,1e-12,0.22,1.0,0.6,0.6,0.7151382619010828,12,8.80424534384881,489292102762634.1,489292102762424.56,208.47882569101637,1.0484000000000002,0.0,0
54.984,-0.11155018254607017,0.4096113719431509,-2.609741696366222,0.0,0.0,1e-12,0.22,1.0,0.6,0.6,0.7365809473334991,12,8.80424534384881,489292102762634.1,489292102762424.56,208.47882569101637,1.0484000000000002,0.0,0
55.084,-0.12992235591245946,0.39752584146876163,-2.5097416963776995,0.0,0.0,1e-12,0.22,1.0,0.6,0.6,0.7574842774168505,12,8.80424534384881,489292102762634.1,489292102762424.56,208.47882569101637,1.0484000000000002,0.0,0
55.187,-0.14699620513767792,0.3836665314691317,-2.4097416963743656,0.0,0.0,1e-12,0.22,1.0,0.6,0.6,0.7776911341250381,12,8.80424534384881,489292102762634.1,489292102762424.56,208.47882569101637,1.0484000000000002,0.0,0
55.288,-0.16260113396438855,0.36817191958813067,-2.309741696371952,0.0,0.0,1e-12,0.22,1.0,0.6,0.6,0.7970600657360921,12,8.80424534384881,489292102762634.1,489292102762424.56,208.47882569101637,1.0484000000000002,0.0,0
55.387,-0.17658122310210442,0.3511968228658544,-2.2097416963716556,0.0,0.0,1e-12,0.22,1.0,0.6,0.6,0.8154639274834942,12,8.80424534384881,489292102762634.1,489292102762424.56,208.47882569101637,1.0484000000000002,0.0,0
55.485,-0.18879678812141898,0.3329108508575432,-2.109741696373356,0.0,0.0,1e-12,0.22,1.0,0.6,0.6,0.8327886806028936,12,8.80424534384881,489292102762634.1,489292102762424.56,208.47882569101637,1.0484000000000002,0.0,0
55.585,-0.19912577513463184,0.31349671095095927,-2.009741696377078,0.0,0.0,1e-12,0.22,1.0,0.6,0.6,0.8489323524995641,12,8.80424534384881,489292102762634.1,489292102762424.56,208.47882569101637,1.0484000000000002,0.0,0
55.684,-0.20746498031786176,0.2931483828145874,-1.9097416963827216,0.0,0.0,1e-12,0.22,1.0,0.6,0.6,0.8638041499142197,12,8.80424534384881,489292102762634.1,489292102762424.56,208.47882569101637,1.0484000000000002,0.0,0
55.784,-0.21373108108953048,0.2720691802168884,-1.8097416963903088,0.0,0.0,1e-12,0.22,1.0,0.6,0.6,0.8773237115767244,12,8.80424534384881,489292102762634.1,489292102762424.56,208.47882569101637,1.0484000000000002,0.0,0
55.884,-0.217861468642069,0.25046971958231473,-1.7097416963997296,0.0,0.0,1e-12,0.22,1.0,0.6,0.6,0.8894204848204407,12,8.80424534384881,489292102762634.1,489292102762424.56,208.47882569101637,1.0484000000000002,0.0,0
55.984,-0.2198148735084126,0.2285658155816517,-1.6097416964107873,0.0,0.0,1e-12,0.22,1.0,0.6,0.6,0.9000332105984412,12,8.80424534384881,489292102762634.1,489292102762424.56,208.47882569101637,1.0484000000000002,0.0,0
56.085,-0.21957177791287164,0.20657632478316784,-1.5097416964236932,0.0,0.0,1e-12,0.22,1.0,0.6,0.6,0.9091095024101248,12,8.80424534384881,489292102762634.1,489292102762424.56,208.47882569101637,1.0484000000000002,0.0,0
56.184,-0.21713461078629487,0.1847209589100664,-1.4097416964379876,0.0,0.0,1e-12,0.22,1.0,0.6,0.6,0.9166055062639785,12,8.80424534384881,489292102762634.1,489292102762424.56,208.47882569101637,1.0484000000000002,0.0,0
56.284,-0.21252772349699597,0.16321808955367148,-1.3097416964536326,0.0,0.0,1e-12,0.22,1.0,0.6,0.6,0.9224856306438357,12,8.80424534384881,489292102762634.1,489292102762424.56,208.47882569101637,1.0484000000000002,0.0,0
56.384,-0.20585795463827253,0.1422607845997497,-1.2270125761020845,0.0,0.0,1e-12,0.22,0.49203295149800913,0.6,0.6,0.9267859690182069,12,8.837097913658601,319241286746594.0,319241286746399.5,193.90792682582568,0.5936496115353357,0.0,0
56.486,-0.19793634204970262,0.12173883497824729,-1.1778092809423777,0.0,0.0,1e-12,0.22,0.49203295149800913,0.6,0.6,0.9302882069184926,12,8.837097913658601,319241286746594.0,319241286746399.5,193.90792682582568,0.5936496115353357,0.0,0
56.587,-0.1890149763305538,0.10163133399046657,-1.128605985783517,0.0,0.0,1e-12,0.22,0.49203295149800913,0.6,0.6,0.9332287823111899,12,8.837097913658601,319241286746594.0,319241286746399.5,193.90792682582568,0.5936496115353357,0.0,0
56.684,-0.17911545143129295,0.08198695135732675,-1.079402690625437,0.0,0.0,1e-12,0.22,0.49203295149800913,0.6,0.6,0.9356059027299175,12,8.837097913658601,319241286746594.0,319241286746399.5,193.90792682582568,0.5936496115353357,0.0,0
56.784,-0.1682617289130854,0.06285323583299315,-1.0301993954681745,0.0,0.0,1e-12,0.22,0.49203295149800913,0.6,0.6,0.9374181192870176,12,8.837097913658601,319241286746594.0,319241286746399.5,193.90792682582568,0.5936496115353357,0.0,0
56.896,-0.15648007994945404,0.04427650011426094,-0.9809961003119209,0.0,0.0,1e-12,0.22,0.49203295149800913,0.6,0.6,0.938664327481122,12,8.837097913658601,319241286746594.0,319241286746399.5,193.90792682582568,0.5936496115353357,0.0,0
56.968,-0.1464057435633014,0.02984640126541757,-0.9416334641876046,0.0,0.0,1e-12,0.22,0.49203295149800913,0.6,0.6,0.9392532460280774,12,8.837097913658601,319241286746594.0,319241286746399.5,193.90792682582568,0.5936496115353357,0.0,0
57.088,-0.13024924847247116,0.008972369263964459,-0.882589510002199,0.0,0.0,1e-12,0.22,0.49203295149800913,0.6,0.6,0.9394560262130742,12,8.837097913658601,319241286746594.0,319241286746399.5,193.90792682582568,0.5936496115353357,0.0,0
57.184,-0.1158635570538107,-0.007669573070762771,-0.8333862148487415,0.0,0.0,1e-12,0.22,0.49203295149800913,0.6,0.6,0.9390010342665963,12,8.837097913658601,319241286746594.0,319241286746399.5,193.90792682582568,0.5936496115353357,0.0,0
57.295,-0.10067676770043667,-0.02358383684267579,-0.7841829196961722,0.0,0.0,1e-12,0.22,0.49203295149800913,0.6,0.6,0.9379790692582456,12,8.837097913658601,319241286746594.0,319241286746399.5,193.90792682582568,0.5936496115353357,0.0,0
57.385,-0.08472563966954133,-0.03873190196032777,-0.7349796245445515,0.0,0.0,1e-12,0.22,0.49203295149800913,0.6,0.6,0.9363907540139,12,8.837097913658601,319241286746594.0,319241286746399.5,193.90792682582568,0.5936496115353357,0.0,0
57.464,-0.07144029906263707,-0.05027398718646618,-0.6956169884241002,0.0,0.0,1e-12,0.22,0.49203295149800913,0.6,0.6,0.9347129685720145,12,8.837097913658601,319241286746594.0,319241286746399.5,193.90792682582568,0.5936496115353357,0.0,0
57.584,-0.05068656146779787,-0.06658471744178017,-0.636573034244564,0.0,0.0,1e-12,0.22,0.49203295149800913,0.6,0.6,0.9315192895489197,12,8.837097913658601,319241286746594.0,319241286746399.5,193.90792682582568,0.5936496115353357,0.0,0
57.687,-0.032681002064390036,-0.07922205073784157,-0.5873697390960021,0.0,0.0,1e-12,0.22,0.49203295149800913,0.6,0.6,0.9282391095950008,12,8.837097913658601,319241286746594.0,319241286746399.5,193.90792682582568,0.5936496115353357,0.0,0
57.784,-0.014075686093519368,-0.09095851442549929,-0.5381664439482573,0.0,0.0,1e-12,0.22,0.49203295149800913,0.6,0.6,0.9243985162841399,12,8.837097913658601,319241286746594.0,319241286746399.5,193.90792682582568,0.5936496115353357,0.0,0
57.864,0.0012101747634558518,-0.0996798941483665,-0.49880380783103206,0.0,0.0,1e-12,0.22,0.49203295149800913,0.6,0.6,0.9209241060382123,12,8.837097913658601,319241286746594.0,319241286746399.5,193.90792682582568,0.5936496115353357,0.0,0
57.965,0.02078066154862252,-0.109724714169634,-0.4496005126851134,0.0,0.0,1e-12,0.22,0.49203295149800913,0.6,0.6,0.9160808981412176,12,8.837097913658601,319241286746594.0,319241286746399.5,193.90792682582568,0.5936496115353357,0.0,0
58.086,0.04488186282642266,-0.12048991935061748,-0.39055655851133964,0.0,0.0,1e-12,0.22,0.49203295149800913,0.6,0.6,0.9095393724874816,12,8.837097913658601,319241286746594.0,319241286746399.5,193.90792682582568,0.5936496115353357,0.0,0
58.186,0.0654230051936807,-0.12836163025213426,-0.34135326336767335,0.0,0.0,1e-12,0.22,0.49203295149800913,0.6,0.6,0.9034839388720213,12,8.837097913658601,319241286746594.0,319241286746399.5,193.90792682582568,0.5936496115353357,0.0,0
58.287,0.08632644574601972,-0.1352135303788409,-0.2921499682247142,0.0,0.0,1e-12,0.22,0.49203295149800913,0.6,0.6,0.8968831894912712,12,8.837097913658601,319241286746594.0,319241286746399.5,193.90792682582568,0.5936496115353357,0.0,0
58.384,0.10754158820992175,-0.14102903487181323,-0.2429466730828952,0.0,0.0,1e-12,0.22,0.49203295149800913,0.6,0.6,0.8897411521705946,12,8.837097913658601,319241286746594.0,319241286746399.5,193.90792682582568,0.5936496115353357,0.0,0
58.488,0.12901708184500935,-0.14579406744278472,-0.19374337794182947,0.0,0.0,1e-12,0.22,0.49203295149800913,0.6,0.6,0.8820621861448565,12,8.837097913658601,319241286746594.0,319241286746399.5,193.90792682582568,0.5936496115353357,0.0,0
58.564,0.14635001638969292,-0.14884191692803894,-0.15438074182955672,0.0,0.0,1e-12,0.22,0.49203295149800913,0.6,0.6,0.8755355641994743,12,8.837097913658601,319241286746594.0,319241286746399.5,193.90792682582568,0.5936496115353357,0.0,0
58.684,0.17254069461698154,-0.1521291527922038,-0.09533678766245855,0.0,0.0,1e-12,0.22,0.49203295149800913,0.6,0.6,0.8651125477291673,12,8.837097913658601,319241286746594.0,319241286746399.5,193.90792682582568,0.5936496115353357,0.0,0
58.784,0.19448346589940904,-0.15368387164946373,-0.046133492523940146,0.0,0.0,1e-12,0.22,0.49203295149800913,0.6,0.6,0.8558522289586451,12,8.837097913658601,319241286746594.0,319241286746399.5,193.90792682582568,0.5936496115353357,0.0,0
58.885,0.21647614763599468,-0.15415748785772704,0.003069802613896131,0.0,0.0,1e-12,0.22,0.49203295149800913,0.6,0.6,0.8460756832718956,12,8.837097913658601,319241286746594.0,319241286746399.5,193.90792682582568,0.5936496115353357,0.0,0
58.985,0.2384655070713109,-0.15354885504039495,0.05227309775089753,0.0,0.0,1e-12,0.22,0.49203295149800913,0.6,0.6,0.8357888887212455,12,8.837097913658601,319241286746594.0,319241286746399.5,193.90792682582568,0.5936496115353357,0.0,0
59.086,0.2603983194914283,-0.15185944637854268,0.10147639288686508,0.0,0.0,1e-12,0.22,0.49203295149800913,0.6,0.6,0.8249981384905632,12,8.837097913658601,319241286746594.0,319241286746399.5,193.90792682582568,0.5936496115353357,0.0,0
59.185,0.28222149705316607,-0.1490933510450742,0.15067968802218248,0.0,0.0,1e-12,0.22,0.49203295149800913,0.6,0.6,0.813710037737688,12,8.837097913658601,319241286746594.0,319241286746399.5,193.90792682582568,0.5936496115353357,0.0,0
59.284,0.3038822172818576,-0.14525726430700572,0.19988298315688527,0.0,0.0,1e-12,0.22,0.49203295149800913,0.6,0.6,0.8019315003441821,12,8.837097913658601,319241286746594.0,319241286746399.5,193.90792682582568,0.5936496115353357,0.0,0
59.384,0.3253280509267406,-0.14036047131969678,0.24908627829920862,0.0,0.0,1e-12,0.22,0.49203295149800913,0.6,0.6,0.7896697455901591,12,8.837097913658601,319241286746594.0,319241286746399.5,193.90792682582568,0.5936496115353357,0.0,0
59.484,0.3465070888649192,-0.13441482465223947,0.2982895734484917,0.0,0.0,1e-12,0.22,0.49203295149800913,0.6,0.6,0.7769322947752382,12,8.837097913658601,319241286746594.0,319241286746399.5,193.90792682582568,0.5936496115353357,0.0,0
59.585,0.36736806774592445,-0.12743471559874578,0.3474928686091826,0.0,0.0,1e-12,0.22,0.49203295149800913,0.6,0.6,0.763726967811464,12,8.837097913658601,319241286746594.0,319241286746399.5,193.90792682582568,0.5936496115353357,0.0,0
59.685,0.3878604940738176,-0.11943703934465273,0.39669616376897476,0.0,0.0,1e-12,0.22,0.49203295149800913,0.6,0.6,0.7500618798176616,12,8.837097913658601,319241286746594.0,319241286746399.5,193.90792682582568,0.5936496115353357,0.0,0
59.788,0.4079347664251462,-0.11044115407237895,0.44589945892785715,0.0,0.0,1e-12,0.22,0.49203295149800913,0.6,0.6,0.7359454377519143,12,8.837097913658601,319241286746594.0,319241286746399.5,193.90792682582568,0.5936496115353357,0.0,0
59.885,0.4275422955081169,-0.10046883410515933,0.4951027540859404,0.0,0.0,1e-12,0.22,0.49203295149800913,0.6,0.6,0.7213863371254343,12,8.837097913658601,319241286746594.0,319241286746399.5,193.90792682582568,0.5936496115353357,0.0,0
59.985,0.4466356217716964,-0.08954421720286905,0.5443060492432278,0.0,0.0,1e-12,0.22,0.49203295149800913,0.6,0.6,0.7063935588517718,12,8.837097913658601,319241286746594.0,319241286746399.5,193.90792682582568,0.5936496115353357,0.0,0
60.093,0.46516853028030913,-0.07769374613717688,0.5935093443995099,0.0,0.0,1e-12,0.22,0.49203295149800913,0.6,0.6,0.6909763662964257,12,8.837097913658601,319241286746594.0,319241286746399.5,193.90792682582568,0.5936496115353357,0.0,0
60.184,0.4830961625761009,-0.06494610468738099,0.64271263955479,0.0,0.0,1e-12,0.22,0.49203295149800913,0.6,0.6,0.6751443026074907,12,8.837097913658601,319241286746594.0,319241286746399.5,193.90792682582568,0.5936496115353357,0.0,0
60.286,0.5003751252577145,-0.05133214821202816,0.6919159347091676,0.0,0.0,1e-12,0.22,0.49203295149800913,0.6,0.6,0.658907188427863,12,8.837097913658601,319241286746594.0,319241286746399.5,193.90792682582568,0.5936496115353357,0.0,0
60.395,0.5169635950129121,-0.036884828964287984,0.7411192298625435,0.0,0.0,1e-12,0.22,0.49203295149800913,0.6,0.6,0.6422751201144646,12,8.837097913658601,319241286746594.0,319241286746399.5,193.90792682582568,0.5936496115353357,0.0,0
60.493,0.5328214198509291,-0.02163911633181869,0.790322525014985,0.0,0.0,1e-12,0.22,0.49203295149800913,0.6,0.6,0.6252584686228964,12,8.837097913658601,319241286746594.0,319241286746399.5,193.90792682582568,0.5936496115353357,0.0,0
60.584,0.5479102162893887,-0.0056319121942129645,0.8395258201664245,0.0,0.0,1e-12,0.22,0.49203295149800913,0.6,0.6,0.607867879259167,12,8.837097913658601,319241286746594.0,319241286746399.5,193.90792682582568,0.5936496115353357,0.0,0
60.684,0.5621934622606514,0.011098038397200766,0.8887291153169404,0.0,0.0,1e-12,0.22,0.49203295149800913,0.6,0.6,0.5901142725569867,12,8.837097913658601,319241286746594.0,319241286746399.5,193.90792682582568,0.5936496115353357,0.0,0
60.793,0.5756365855124502,0.028510241000616145,0.9379324104663905,0.0,0.0,1e-12,0.22,0.49203295149800913,0.6,0.6,0.5720088466157371,12,8.837097913658601,319241286746594.0,319241286746399.5,193.90792682582568,0.5936496115353357,0.0,0
60.887,0.5882070472893545,0.046562549799776254,0.987135705614839,0.0,0.0,1e-12,0.22,0.49203295149800913,0.6,0.6,0.5535630813355968,12,8.837097913658601,319241286746594.0,319241286746399.5,193.90792682582568,0.5936496115353357,0.0,0
60.967,0.5976145809621944,0.061435959516593364,1.0264983417330233,0.0,0.0,1e-12,0.22,0.49203295149800913,0.6,0.6,0.5385693232312795,12,8.837097913658601,319241286746594.0,319241286746399.5,193.90792682582568,0.5936496115353357,0.0,0
61.068,0.6085390438921483,0.08052937387752536,1.0757016368796632,0.0,0.0,1e-12,0.22,0.49203295149800913,0.6,0.6,0.5195408036667263,12,8.837097913658601,319241286746594.0,319241286746399.5,193.90792682582568,0.5936496115353357,0.0,0
61.192,0.6203891966458364,0.10411605285818315,1.1347455910545456,0.0,0.0,1e-12,0.22,0.49203295149800913,0.6,0.6,0.4963029401210623,12,8.837097913658601,319241286746594.0,319241286746399.5,193.90792682582568,0.5936496115353357,0.0,0
61.289,0.6291869428778423,0.1242779481933382,1.1839488861992953,0.0,0.0,1e-12,0.22,0.49203295149800913,0.6,0.6,0.4766165630878711,12,8.837097913658601,319241286746594.0,319241286746399.5,193.90792682582568,0.5936496115353357,0.0,0
61.387,0.6369824102872009,0.14484814629978734,1.233152181343292,0.0,0.0,1e-12,0.22,0.49203295149800913,0.6,0.6,0.4566518461556798,12,8.837097913658601,319241286746594.0,319241286746399.5,193.90792682582568,0.5936496115353357,0.0,0
61.484,0.643756730133175,0.16577685750937954,1.2823554764857146,0.0,0.0,1e-12,0.22,0.49203295149800913,0.6,0.6,0.4364222598658061,12,8.837097913658601,319241286746594.0,319241286746399.5,193.90792682582568,0.5936496115353357,0.0,0
61.591,0.6494935053380676,0.18701342438163235,1.331558771627349,0.0,0.0,1e-12,0.22,0.49203295149800913,0.6,0.6,0.41594172513903316,12,8.837097913658601,319241286746594.0,319241286746399.5,193.90792682582568,0.5936496115353357,0.0,0
61.69,0.6541788501759437,0.20850644431892143,1.3807620667684004,0.0,0.0,1e-12,0.22,0.49203295149800913,0.6,0.6,0.3952246853957899,12,8.837097913658601,319241286746594.0,319241286746399.5,193.90792682582568,0.5936496115353357,0.0,0
61.785,0.6578014238826825,0.23020389398506716,1.4299653619087518,0.0,0.0,1e-12,0.22,0.49203295149800913,0.6,0.6,0.37428620683465347,12,8.837097913658601,319241286746594.0,319241286746399.5,193.90792682582568,0.5936496115353357,0.0,0
61.888,0.6603524581060511,0.2520532552267368,1.4791686570484603,0.0,0.0,1e-12,0.22,0.49203295149800913,0.6,0.6,0.3531421192632691,12,8.837097913658601,319241286746594.0,319241286746399.5,193.90792682582568,0.5936496115353357,0.0,0
61.992,0.6618257781292872,0.27400164219221346,1.528371952186595,0.0,0.0,1e-12,0.22,0.49203295149800913,0.6,0.6,0.3318092164703468,12,8.837097913658601,319241286746594.0,319241286746399.5,193.90792682582568,0.5936496115353357,0.0,0
62.084,0.6622178178168587,0.2959959293405228,1.57757524732387,0.0,0.0,1e-12,0.22,0.49203295149800913,0.6,0.6,0.3103055459243747,12,8.837097913658601,319241286746594.0,319241286746399.5,193.90792682582568,0.5936496115353357,0.0,0
62.185,0.6615276282461691,0.3179828800303898,1.626778542460534,0.0,0.0,1e-12,0.22,0.49203295149800913,0.6,0.6,0.2886508357749069,12,8.837097913658601,319241286746594.0,319241286746399.5,193.90792682582568,0.5936496115353357,0.0,0
62.285,0.6597568800044291,0.3399092753781874,1.6759818375965088,0.0,0.0,1e-12,0.22,0.49203295149800913,0.6,0.6,0.26686713874541257,12,8.837097913658601,319241286746594.0,319241286746399.5,193.90792682582568,0.5936496115353357,0.0,0
62.384,0.6569098591450507,0.36172204307303335,1.7251851327317125,0.0,0.0,1e-12,0.22,0.49203295149800913,0.6,0.6,0.24497982942519753,12,8.837097913658601,319241286746594.0,319241286746399.5,193.90792682582568,0.5936496115353357,0.0,0
62.493,0.6529934568133138,0.38336838583720717,1.7743884278663584,0.0,0.0,1e-12,0.22,0.49203295149800913,0.6,0.6,0.22301919809693893,12,8.837097913658601,319241286746594.0,319241286746399.5,193.90792682582568,0.5936496115353357,0.0,0
62.586,0.6480171525665428,0.4047959092201522,1.8235917230092251,0.0,0.0,1e-12,0.22,0.49203295149800913,0.6,0.6,0.20102309319524886,12,8.837097913658601,319241286746594.0,319241286746399.5,193.90792682582568,0.5936496115353357,0.0,0
62.686,0.6419929914289021,0.4259527484185791,1.8727950181593789,0.0,0.0,1e-12,0.22,0.49203295149800913,0.6,0.6,0.17904149550367998,12,8.837097913658601,319241286746594.0,319241286746399.5,193.90792682582568,0.5936496115353357,0.0,0
62.785,0.6349355547368906,0.4467876938134978,1.9219983133198566,0.0,0.0,1e-12,0.22,0.49203295149800913,0.6,0.6,0.157144849587127,12,8.837097913658601,319241286746594.0,319241286746399.5,193.90792682582568,0.5936496115353357,0.0,0
62.884,0.6268619248456123,0.4672503149224539,1.9712016084798158,0.0,0.0,1e-12,0.22,0.49203295149800913,0.6,0.6,0.13544017828768162,12,8.837097913658601,319241286746594.0,319241286746399.5,193.90792682582568,0.5936496115353357,0.0,0
62.985,0.6177916437814575,0.48729108246478064,2.0204049036384957,0.0,0.0,1e-12,0.22,0.49203295149800913,0.6,0.6,0.11410452524070702,12,8.837097913658601,319241286746594.0,319241286746399.5,193.90792682582568,0.5936496115353357,0.0,0
63.084,0.6077466659408869,0.5068614882462181,2.06960819879665,0.0,0.0,1e-12,0.22,0.49203295149800913,0.6,0.6,0.09346011558364914,12,8.837097913658601,319241286746594.0,319241286746399.5,193.90792682582568,0.5936496115353357,0.0,0
63.196,0.5967513049504277,0.5259141625717838,2.118811493953589,0.0,0.0,1e-12,0.22,0.49203295149800913,0.6,0.6,0.07415703154094824,12,8.837097913658601,319241286746594.0,319241286746399.5,193.90792682582568,0.5936496115353357,0.0,0
63.294,0.5848321748160474,0.5444029889030156,2.1680147891098853,0.0,0.0,1e-12,0.22,0.49203295149800913,0.6,0.6,0.05762890389144275,12,8.837097913658601,319241286746594.0,319241286746399.5,193.90792682582568,0.5936496115353357,0.0,0
63.384,0.5720181255046918,0.5622832154818773,2.2172180842650198,0.0,0.0,1e-12,0.22,0.49203295149800913,0.6,0.6,0.04696318914487896,12,8.837097913658601,319241286746594.0,319241286746399.5,193.90792682582568,0.5936496115353357,0.0,0
63.497,0.5583401731134862,0.5795115636514503,2.2664213794196213,0.0,0.0,1e-12,0.22,0.49203295149800913,0.6,0.6,0.04642539391564569,12,8.837097913658601,319241286746594.0,319241286746399.5,193.90792682582568,0.5936496115353357,0.0,0
63.585,0.5438314247962801,0.5960463326105734,2.3156246745725815,0.0,0.0,1e-12,0.22,0.49203295149800913,0.6,0.6,0.05630755123642077,12,8.837097913658601,319241286746594.0,319241286746399.5,193.90792682582568,0.5936496115353357,0.0,0
63.684,0.5285269986282276,0.611847500350067,2.3648279697251153,0.0,0.0,1e-12,0.22,0.4920329531913585,0.6,0.6,0.07244827941113724,12,14.537971738429027,1631239.8503276233,1631190.5982103103,48.65846770364848,0.5936496092335006,0.0,0
63.784,0.5124639386026283,0.6268768205235765,2.4140312650272717,0.0,0.0,1e-12,0.22,0.4920329531913585,0.6,0.6,0.09156923897478329,12,14.537971738429027,1631239.8503276233,1631190.5982103103,48.65846770364848,0.5936496092335006,0.0,0
63.87,0.4990933424142808,0.6383200352806728,2.453393901282918,0.0,0.0,1e-12,0.22,0.4920329531913585,0.6,0.6,0.10793784623121579,12,14.537971738429027,1631239.8503276233,1631190.5982103103,48.65846770364848,0.5936496092335006,0.0,0
63.99,0.47821918011807896,0.6544763620305841,2.51243785566579,0.0,0.0,1e-12,0.22,0.4920329531913585,0.6,0.6,0.13341005251179597,12,14.537971738429027,1631239.8503276233,1631190.5982103103,48.65846770364848,0.5936496092335006,0.0,0
64.088,0.4601203702713793,0.6669797793393202,2.561641150983344,0.0,0.0,1e-12,0.22,0.4920329531913585,0.6,0.6,0.15508901203296138,12,14.537971738429027,1631239.8503276233,1631190.5982103103,48.65846770364848,0.5936496092335006,0.0,0
64.185,0.44142850316001264,0.6785779027287102,2.610844446299999,0.0,0.0,1e-12,0.22,0.4920329531913585,0.6,0.6,0.1769728973806915,12,14.537971738429027,1631239.8503276233,1631190.5982103103,48.65846770364848,0.5936496092335006,0.0,0
64.289,0.422188821997581,0.6892426592207724,2.660047741616096,0.0,0.0,1e-12,0.22,0.4920329531913585,0.6,0.6,0.1989499114033551,12,14.537971738429027,1631239.8503276233,1631190.5982103103,48.65846770364848,0.5936496092335006,0.0,0
64.365,0.4064339037531411,0.6970850158513336,2.699410377867923,0.0,0.0,1e-12,0.22,0.4920329531913585,0.6,0.6,0.21654868717935455,12,14.537971738429027,1631239.8503276233,1631190.5982103103,48.65846770364848,0.5936496092335006,0.0,0
64.464,0.3863263308119274,0.7060062193958125,2.7486136731818567,0.0,0.0,1e-12,0.22,0.4920329531913585,0.6,0.6,0.23852411923092184,12,14.537971738429027,1631239.8503276233,1631190.5982103103,48.65846770364848,0.5936496092335006,0.0,0
64.585,0.3616545366468697,0.7153902546844284,2.8076576275575915,0.0,0.0,1e-12,0.22,0.4920329531913585,0.6,0.6,0.26480836613890363,12,14.537971738429027,1631239.8503276233,1631190.5982103103,48.65846770364848,0.5936496092335006,0.0,0
64.664,0.34491753625382277,0.7208301833839362,2.84702026380761,0.0,0.0,1e-12,0.22,0.4920329531913585,0.6,0.6,0.28225342606851644,12,14.537971738429027,1631239.8503276233,1631190.5982103103,48.65846770364848,0.5936496092335006,0.0,0
64.795,0.31944314356930603,0.7277448679739311,2.906064218180666,0.0,0.0,1e-12,0.22,0.4920329531913585,0.6,0.6,0.30827082408809,12,14.537971738429027,1631239.8503276233,1631190.5982103103,48.65846770364848,0.5936496092335006,0.0,0
64.884,0.2979328930120915,0.7323504605784132,2.9552675134907664,0.0,0.0,1e-12,0.22,0.4920329531913585,0.6,0.6,0.3297896019272934,12,14.537971738429027,1631239.8503276233,1631190.5982103103,48.65846770364848,0.5936496092335006,0.0,0
64.991,0.2762221560681003,0.735892531106032,3.004470808800174,0.0,0.0,1e-12,0.22,0.4920329531913585,0.6,0.6,0.351139391455293,12,14.537971738429027,1631239.8503276233,1631190.5982103103,48.65846770364848,0.5936496092335006,0.0,0
65.086,0.2543634830525359,0.7383625060604985,3.0536741041089277,0.0,0.0,1e-12,0.22,0.4920329531913585,0.6,0.6,0.37230200769122385,12,14.537971738429027,1631239.8503276233,1631190.5982103103,48.65846770364848,0.5936496092335006,0.0,0
65.184,0.2324097823563914,0.7397544069270081,3.1028773994169603,0.0,0.0,1e-12,0.22,0.4920329531913585,0.6,0.6,0.39326055276724015,12,14.537971738429027,1631239.8503276233,1631190.5982103103,48.65846770364848,0.5936496092335006,0.0,0
65.285,0.21041419238277542,0.7400648646430827,-3.1311046124552155,0.0,0.0,1e-12,0.22,0.4920329531913585,0.6,0.6,0.41399911570467174,12,14.537971738429027,1631239.8503276233,1631190.5982103103,48.65846770364848,0.5936496092335006,0.0,0
65.384,0.18842995292690132,0.7392931277533324,-3.0819013171494993,0.0,0.0,1e-12,0.22,0.4920329531913585,0.6,0.6,0.4345025651098723,12,14.537971738429027,1631239.8503276233,1631190.5982103103,48.65846770364848,0.5936496092335006,0.0,0
65.485,0.16651027631017545,0.7374410642283118,-3.032698021844483,0.0,0.0,1e-12,0.22,0.4920329531913585,0.6,0.6,0.45475640367222026,12,14.537971738429027,1631239.8503276233,1631190.5982103103,48.65846770364848,0.5936496092335006,0.0,0
65.585,0.14470821858132554,0.7345131569431399,-2.9834947265402305,0.0,0.0,1e-12,0.22,0.4920329531913585,0.6,0.6,0.4747466646730652,12,14.537971738429027,1631239.8503276233,1631190.5982103103,48.65846770364848,0.5936496092335006,0.0,0
65.685,0.12307655109527689,0.7305164928267991,-2.9342914312365607,0.0,0.0,1e-12,0.22,0.4920329531913585,0.6,0.6,0.49445983761573997,12,14.537971738429027,1631239.8503276233,1631190.5982103103,48.65846770364848,0.5936496092335006,0.0,0
65.784,0.10166763278170672,0.7254607457083485,-2.8850881359232665,0.0,0.0,1e-12,0.22,0.4920329531913585,0.6,0.6,0.5138828143955417,12,14.537971738429027,1631239.8503276233,1631190.5982103103,48.65846770364848,0.5936496092335006,0.0,0
65.887,0.08053328341123502,0.7193581529016251,-2.8358848406022914,0.0,0.0,1e-12,0.22,0.4920329531913585,0.6,0.6,0.5330028501871261,12,14.537971738429027,1631239.8503276233,1631190.5982103103,48.65846770364848,0.5936496092335006,0.0,0
65.984,0.05972465816704831,0.712223485585161,-2.786681545272715,0.0,0.0,1e-12,0.22,0.4920329531913585,0.6,0.6,0.5518075350243015,12,14.537971738429027,1631239.8503276233,1631190.5982103103,48.65846770364848,0.5936496092335006,0.0,0
66.084,0.03929212382463688,0.704074013049064,-2.737478249943409,0.0,0.0,1e-12,0.22,0.4920329531913585,0.6,0.6,0.5702847732468604,12,14.537971738429027,1631239.8503276233,1631190.5982103103,48.65846770364848,0.5936496092335006,0.0,0
66.184,0.019285136840780297,0.6949294608951558,-2.6882749546154385,0.0,0.0,1e-12,0.22,0.4920329531913585,0.6,0.6,0.588422768797976,12,14.537971738429027,1631239.8503276233,1631190.5982103103,48.65846770364848,0.5936496092335006,0.0,0
66.285,-0.00024787635499521113,0.684811963291433,-2.639071659287937,0.0,0.0,1e-12,0.22,0.4920329531913585,0.6,0.6,0.6062100149172966,12,14.537971738429027,1631239.8503276233,1631190.5982103103,48.65846770364848,0.5936496092335006,0.0,0
66.384,-0.019259636575183293,0.6737460093969388,-2.5898683639618745,0.0,0.0,1e-12,0.22,0.4920329531913585,0.6,0.6,0.6236352871616562,12,14.537971738429027,1631239.8503276233,1631190.5982103103,48.65846770364848,0.5936496092335006,0.0,0
66.484,-0.03770412631265686,0.6617583840862421,-2.5406650686361494,0.0,0.0,1e-12,0.22,0.4920329531913585,0.6,0.6,0.6406876389638969,12,14.537971738429027,1631239.8503276233,1631190.5982103103,48.65846770364848,0.5936496092335006,0.0,0
66.585,-0.055536701124731615,0.6488781031173833,-2.491461773311927,0.0,0.0,1e-12,0.22,0.4920329531913585,0.6,0.6,0.6573563991366094,12,14.537971738429027,1631239.8503276233,1631190.5982103103,48.65846770364848,0.5936496092335006,0.0,0
66.694,-0.0727141976941021,0.6351363428998732,-2.4422584779882057,0.0,0.0,1e-12,0.22,0.4920329531913585,0.6,0.6,0.673631170872902,12,14.537971738429027,1631239.8503276233,1631190.5982103103,48.65846770364848,0.5936496092335006,0.0,0
66.789,-0.0891950383044504,0.6205663650330446,-2.393055182665728,0.0,0.0,1e-12,0.22,0.4920329531913585,0.6,0.6,0.6895018319005,12,14.537971738429027,1631239.8503276233,1631190.5982103103,48.65846770364848,0.5936496092335006,0.0,0
66.884,-0.10493933147853825,0.6052034357969883,-2.343851887344085,0.0,0.0,1e-12,0.22,0.4920329531913585,0.6,0.6,0.7049585355249639,12,14.537971738429027,1631239.8503276233,1631190.5982103103,48.65846770364848,0.5936496092335006,0.0,0
66.989,-0.11990896853438106,0.5890847407914984,-2.294648592023433,0.0,0.0,1e-12,0.22,0.4920329531913585,0.6,0.6,0.7199917123549584,12,14.537971738429027,1631239.8503276233,1631190.5982103103,48.65846770364848,0.5936496092335006,0.0,0
67.066,-0.13130251149941194,0.5756717923791205,-2.2552859557678255,0.0,0.0,1e-12,0.22,0.4920329531913585,0.6,0.6,0.7317070622943257,12,14.537971738429027,1631239.8503276233,1631190.5982103103,48.65846770364848,0.5936496092335006,0.0,0
67.184,-0.14738130244842293,0.5547378480007642,-2.1962420013850106,0.0,0.0,1e-12,0.22,0.4920329531913585,0.6,0.6,0.7487506084492372,12,14.537971738429027,1631239.8503276233,1631190.5982103103,48.65846770364848,0.5936496092335006,0.0,0
67.289,-0.15981750318478039,0.5365927860414333,-2.147038706067606,0.0,0.0,1e-12,0.22,0.4920329531913585,0.6,0.6,0.7624585975172299,12,14.537971738429027,1631239.8503276233,1631190.5982103103,48.65846770364848,0.5936496092335006,0.0,0
67.389,-0.17134621651163595,0.5178580287360333,-2.0978354107509753,0.0,0.0,1e-12,0.22,0.4920329531913585,0.6,0.6,0.7757076054609403,12,14.537971738429027,1631239.8503276233,1631190.5982103103,48.65846770364848,0.5936496092335006,0.0,0
67.495,-0.18193953745637423,0.49857892311287894,-2.0486321154349385,0.0,0.0,1e-12,0.22,0.4920329531913585,0.6,0.6,0.7884894895142431,12,14.537971738429027,1631239.8503276233,1631190.5982103103,48.65846770364848,0.5936496092335006,0.0,0
67.596,-0.19157182514108298,0.47880213378230835,-1.9994288201203871,0.0,0.0,1e-12,0.22,0.4920329531913585,0.6,0.6,0.8007964017981766,12,14.537971738429027,1631239.8503276233,1631190.5982103103,48.65846770364848,0.5936496092335006,0.0,0
67.693,-0.20021976484572396,0.45857552998599466,-1.950225524806656,0.0,0.0,1e-12,0.22,0.4920329531913585,0.6,0.6,0.8126207927246804,12,14.537971738429027,1631239.8503276233,1631190.5982103103,48.65846770364848,0.5936496092335006,0.0,0
67.785,-0.2078624244407712,0.4379480697307366,-1.9010222294936459,0.0,0.0,1e-12,0.22,0.4920329531913585,0.6,0.6,0.8239554144049998,12,14.537971738429027,1631239.8503276233,1631190.5982103103,48.65846770364848,0.5936496092335006,0.0,0
67.864,-0.21324023626380936,0.42119100714778723,-1.8616595932436772,0.0,0.0,1e-12,0.22,0.4920329531913585,0.6,0.6,0.8326658019897534,12,14.537971738429027,1631239.8503276233,1631190.5982103103,48.65846770364848,0.5936496092335006,0.0,0
67.985,-0.2200603858414818,0.39569114233713315,-1.8026156388707633,0.0,0.0,1e-12,0.22,0.4920329531913585,0.6,0.6,0.8451278872135184,12,14.537971738429027,1631239.8503276233,1631190.5982103103,48.65846770364848,0.5936496092335006,0.0,0
68.087,-0.2245861627757575,0.3741639570725841,-1.7534123435606985,0.0,0.0,1e-12,0.22,0.4920329531913585,0.6,0.6,0.854952781226169,12,14.537971738429027,1631239.8503276233,1631190.5982103103,48.65846770364848,0.5936496092335006,0.0,0
68.196,-0.22804768132188172,0.3524402315258697,-1.7042090482513763,0.0,0.0,1e-12,0.22,0.4920329531913585,0.6,0.6,0.8642619981866086,12,14.537971738429027,1631239.8503276233,1631190.5982103103,48.65846770364848,0.5936496092335006,0.0,0
68.284,-0.2304365629577006,0.33057254745079484,-1.6550057529426867,0.0,0.0,1e-12,0.22,0.4920329531913585,0.6,0.6,0.8730498481095758,12,14.537971738429027,1631239.8503276233,1631190.5982103103,48.65846770364848,0.5936496092335006,0.0,0
68.384,-0.23174702545282636,0.3086138350494054,-1.6058024576346963,0.0,0.0,1e-12,0.22,0.4920329531913585,0.6,0.6,0.8813109618484497,12,14.537971738429027,1631239.8503276233,1631190.5982103103,48.65846770364848,0.5936496092335006,0.0,0
68.485,-0.23197589686440176,0.28661724485550916,-1.556599162327328,0.0,0.0,1e-12,0.22,0.4920329531913585,0.6,0.6,0.8890402939042064,12,14.537971738429027,1631239.8503276233,1631190.5982103103,48.65846770364848,0.5936496092335006,0.0,0
68.585,-0.23112262321471733,0.2646360190853448,-1.50739586702174,0.0,0.0,1e-12,0.22,0.4920329531913585,0.6,0.6,0.8962331250931524,12,14.537971738429027,1631239.8503276233,1631190.5982103103,48.65846770364848,0.5936496092335006,0.0,0
68.684,-0.22918926983208682,0.24272336276575562,-1.4581925717167767,0.0,0.0,1e-12,0.22,0.4920329531913585,0.6,0.6,0.9028850650653599,12,14.537971738429027,1631239.8503276233,1631190.5982103103,48.65846770364848,0.5936496092335006,0.0,0
68.785,-0.22618051635177028,0.2209323149530075,-1.4089892764125704,0.0,0.0,1e-12,0.22,0.4920329531913585,0.6,0.6,0.908992054666136,12,14.537971738429027,1631239.8503276233,1631190.5982103103,48.65846770364848,0.5936496092335006,0.0,0
68.884,-0.22210364538901425,0.19931562035279002,-1.359785981108933,0.0,0.0,1e-12,0.22,0.4920329531913585,0.6,0.6,0.9145503681346236,12,14.537971738429027,1631239.8503276233,1631190.5982103103,48.65846770364848,0.5936496092335006,0.0,0
68.984,-0.21899112660787914,0.18581019753839792,-1.310559260723108,0.0,0.0,1e-12,0.0,0.4926660633856723,0.6,0.6,0.9177688477637623,12,27.05768094725452,734887.0400020679,734844.2285237804,42.24174504695975,0.5697332406872161,0.0,0
69.084,-0.21899112660777365,0.1858101975380382,-1.261292654385334,0.0,0.0,1e-12,0.0,0.4926660633856723,0.6,0.6,0.9177688477638306,12,27.05768094725452,734887.0400020679,734844.2285237804,42.24174504695975,0.5697332406872161,0.0,0
69.185,-0.21899112660764972,0.18581019753768338,-1.2120260480475635,0.0,0.0,1e-12,0.0,0.4926660633856723,0.6,0.6,0.9177688477638801,12,27.05768094725452,734887.0400020679,734844.2285237804,42.24174504695975,0.5697332406872161,0.0,0
69.284,-0.21899112660750947,0.18581019753733344,-1.162759441709793,0.0,0.0,1e-12,0.0,0.4926660633856723,0.6,0.6,0.9177688477639129,12,27.05768094725452,734887.0400020679,734844.2285237804,42.24174504695975,0.5697332406872161,0.0,0
69.385,-0.21899112660734404,0.1858101975369797,-1.1134928353794618,0.0,0.0,1e-12,0.0,0.4926660633856723,0.6,0.6,0.9177688477639249,12,27.05768094725452,734887.0400020679,734844.2285237804,42.24174504695975,0.5697332406872161,0.0,0
69.484,-0.21899112660717096,0.18581019753664615,-1.0642262290416806,0.0,0.0,1e-12,0.0,0.4926660633856723,0.6,0.6,0.917768847763921,12,27.05768094725452,734887.0400020679,734844.2285237804,42.24174504695975,0.5697332406872161,0.0,0
69.584,-0.2189911266069379,0.18581019753624783,-1.0149596227211162,0.0,0.0,1e-12,0.0,0.4926660633856723,0.6,0.6,0.9177688477638928,12,27.05768094725452,734887.0400020679,734844.2285237804,42.24174504695975,0.5697332406872161,0.0,0
69.685,-0.21899112660668027,0.18581019753585465,-0.9656930164033225,0.0,0.0,1e-12,0.0,0.4926660633856723,0.6,0.6,0.9177688477638404,12,27.05768094725452,734887.0400020679,734844.2285237804,42.24174504695975,0.5697332406872161,0.0,0
69.784,-0.21899112660640388,0.18581019753547515,-0.9164264100855289,0.0,0.0,1e-12,0.0,0.4926660633856723,0.6,0.6,0.9177688477637649,12,27.05768094725452,734887.0400020679,734844.2285237804,42.24174504695975,0.5697332406872161,0.0,0
69.884,-0.2189911266060618,0.18581019753505323,-0.8671598037665345,0.0,0.0,1e-12,0.0,0.4926660633856723,0.6,0.6,0.9177688477636501,12,27.05768094725452,734887.0400020679,734844.2285237804,42.24174504695975,0.5697332406872161,0.0,0
69.984,-0.21899112660615552,0.18581019753515904,-0.8178931974480624,0.0,0.0,1e-12,0.0,0.4926660633856723,0.6,0.6,0.917768847763686,12,27.05768094725452,734887.0400020679,734844.2285237804,42.24174504695975,0.5697332406872161,0.0,0
70.089,-0.2189911266061763,0.1858101975351806,-0.7686265911292423,0.0,0.0,1e-12,0.0,0.4926660633856723,0.6,0.6,0.9177688477636947,12,27.05768094725452,734887.0400020679,734844.2285237804,42.24174504695975,0.5697332406872161,0.0,0
70.191,-0.21899112660616152,0.18581019753516553,-0.7193599848105675,0.0,0.0,1e-12,0.0,0.4926660633856723,0.6,0.6,0.9177688477636884,12,27.05768094725452,734887.0400020679,734844.2285237804,42.24174504695975,0.5697332406872161,0.0,0
70.268,-0.21899112660613304,0.18581019753513975,-0.679946699755797,0.0,0.0,1e-12,0.0,0.4926660633856723,0.6,0.6,0.9177688477636746,12,27.05768094725452,734887.0400020679,734844.2285237804,42.24174504695975,0.5697332406872161,0.0,0
70.397,-0.21899112660600653,0.18581019753504807,-0.6208267721737369,0.0,0.0,1e-12,0.0,0.4926660633856723,0.6,0.6,0.917768847763603,12,27.05768094725452,734887.0400020679,734844.2285237804,42.24174504695975,0.5697332406872161,0.0,0
70.496,-0.21899112660583442,0.1858101975349311,-0.5715601658550552,0.0,0.0,1e-12,0.0,0.4926660633856723,0.6,0.6,0.9177688477635023,12,27.05768094725452,734887.0400020679,734844.2285237804,42.24174504695975,0.5697332406872161,0.0,0
70.568,-0.2189911266056746,0.18581019753483588,-0.5321468808002988,0.0,0.0,1e-12,0.0,0.4926660633856723,0.6,0.6,0.9177688477634027,12,27.05768094725452,734887.0400020679,734844.2285237804,42.24174504695975,0.5697332406872161,0.0,0
70.695,-0.21899112660600623,0.18581019753501052,-0.47302695321854077,0.0,0.0,1e-12,0.0,0.4926660633856723,0.6,0.6,0.9177688477636198,12,27.05768094725452,734887.0400020679,734844.2285237804,42.24174504695975,0.5697332406872161,0.0,0
70.764,-0.21899112660633172,0.1858101975351654,-0.433613668164463,0.0,0.0,1e-12,0.0,0.4926660633856723,0.6,0.6,0.9177688477638403,12,27.05768094725452,734887.0400020679,734844.2285237804,42.24174504695975,0.5697332406872161,0.0,0
70.889,-0.21899112660677922,0.18581019753535896,-0.3744937405839663,0.0,0.0,1e-12,0.0,0.4926660633856723,0.6,0.6,0.9177688477641524,12,27.05768094725452,734887.0400020679,734844.2285237804,42.24174504695975,0.5697332406872161,0.0,0
70.984,-0.21899112660712203,0.18581019753548453,-0.3252271342674694,0.0,0.0,1e-12,0.0,0.4926660633856723,0.6,0.6,0.9177688477644016,12,27.05768094725452,734887.0400020679,734844.2285237804,42.24174504695975,0.5697332406872161,0.0,0
71.087,-0.21899112660743175,0.18581019753558237,-0.2759605279513208,0.0,0.0,1e-12,0.0,0.4926660633856723,0.6,0.6,0.9177688477646337,12,27.05768094725452,734887.0400020679,734844.2285237804,42.24174504695975,0.5697332406872161,0.0,0
71.188,-0.21899112660770337,0.18581019753565017,-0.22669392163584715,0.0,0.0,1e-12,0.0,0.4926660633856723,0.6,0.6,0.9177688477648456,12,27.05768094725452,734887.0400020679,734844.2285237804,42.24174504695975,0.5697332406872161,0.0,0
71.285,-0.21899112660794276,0.18581019753570124,-0.17742731532071815,0.0,0.0,1e-12,0.0,0.4926660633856723,0.6,0.6,0.9177688477650361,12,27.05768094725452,734887.0400020679,734844.2285237804,42.24174504695975,0.5697332406872161,0.0,0
71.395,-0.21899112660813452,0.18581019753573366,-0.1281607090057241,0.0,0.0,1e-12,0.0,0.4926660633856723,0.6,0.6,0.9177688477651926,12,27.05768094725452,734887.0400020679,734844.2285237804,42.24174504695975,0.5697332406872161,0.0,0
71.489,-0.21899112660822848,0.18581019753574002,-0.078894102690254,0.0,0.0,1e-12,0.0,0.4926660633856723,0.6,0.6,0.9177688477652737,12,27.05768094725452,734887.0400020679,734844.2285237804,42.24174504695975,0.5697332406872161,0.0,0
71.589,-0.21899112660827766,0.18581019753574313,-0.029627496375185365,0.0,0.0,1e-12,0.0,0.4926660633856723,0.6,0.6,0.9177688477653161,12,27.05768094725452,734887.0400020679,734844.2285237804,42.24174504695975,0.5697332406872161,0.0,0
71.685,-0.21899112660831477,0.18581019753574649,0.01963910993967011,0.0,0.0,1e-12,0.0,0.4926660633856723,0.6,0.6,0.9177688477653477,12,27.05768094725452,734887.0400020679,734844.2285237804,42.24174504695975,0.5697332406872161,0.0,0
71.79,-0.21899112660831577,0.18581019753574426,0.06890571625397492,0.0,0.0,1e-12,0.0,0.4926660633856723,0.6,0.6,0.9177688477653496,12,27.05768094725452,734887.0400020679,734844.2285237804,42.24174504695975,0.5697332406872161,0.0,0
71.885,-0.21899112660830408,0.18581019753574463,0.11817232256812336,0.0,0.0,1e-12,0.0,0.4926660633856723,0.6,0.6,0.9177688477653391,12,27.05768094725452,734887.0400020679,734844.2285237804,42.24174504695975,0.5697332406872161,0.0,0
71.987,-0.2189911266081708,0.1858101975357659,0.16743892888307832,0.0,0.0,1e-12,0.0,0.4926660633856723,0.6,0.6,0.9177688477652104,12,27.05768094725452,734887.0400020679,734844.2285237804,42.24174504695975,0.5697332406872161,0.0,0
72.086,-0.2189911266080321,0.1858101975357895,0.21670553519810082,0.0,0.0,1e-12,0.0,0.4926660633856723,0.6,0.6,0.9177688477650761,12,27.05768094725452,734887.0400020679,734844.2285237804,42.24174504695975,0.5697332406872161,0.0,0
72.184,-0.21899112660786602,0.18581019753583156,0.26597214151264353,0.0,0.0,1e-12,0.0,0.4926660633856723,0.6,0.6,0.9177688477649089,12,27.05768094725452,734887.0400020679,734844.2285237804,42.24174504695975,0.5697332406872161,0.0,0
72.284,-0.2189911266076376,0.1858101975359018,0.31523874782759853,0.0,0.0,1e-12,0.0,0.4926660633856723,0.6,0.6,0.9177688477646733,12,27.05768094725452,734887.0400020679,734844.2285237804,42.24174504695975,0.5697332406872161,0.0,0
72.386,-0.2189911266073725,0.18581019753599295,0.3645053541431149,0.0,0.0,1e-12,0.0,0.4926660633856723,0.6,0.6,0.9177688477643956,12,27.05768094725452,734887.0400020679,734844.2285237804,42.24174504695975,0.5697332406872161,0.0,0
72.484,-0.2189911266071118,0.18581019753610165,0.4137719604586383,0.0,0.0,1e-12,0.0,0.4926660633856723,0.6,0.6,0.9177688477641139,12,27.05768094725452,734887.0400020679,734844.2285237804,42.24174504695975,0.5697332406872161,0.0,0
72.584,-0.2189911266067918,0.18581019753625172,0.4630385667750284,0.0,0.0,1e-12,0.0,0.4926660633856723,0.6,0.6,0.9177688477637606,12,27.05768094725452,734887.0400020679,734844.2285237804,42.24174504695975,0.5697332406872161,0.0,0
72.686,-0.2189911266064601,0.18581019753642872,0.5123051730916709,0.0,0.0,1e-12,0.0,0.4926660633856723,0.6,0.6,0.9177688477633849,12,27.05768094725452,734887.0400020679,734844.2285237804,42.24174504695975,0.5697332406872161,0.0,0
72.784,-0.21899112660611186,0.18581019753663708,0.5615717794086935,0.0,0.0,1e-12,0.0,0.4926660633856723,0.6,0.6,0.91776884776298,12,27.05768094725452,734887.0400020679,734844.2285237804,42.24174504695975,0.5697332406872161,0.0,0
72.884,-0.21899112660572198,0.18581019753689515,0.6108383857265937,0.0,0.0,1e-12,0.0,0.4926660633856723,0.6,0.6,0.9177688477625155,12,27.05768094725452,734887.0400020679,734844.2285237804,42.24174504695975,0.5697332406872161,0.0,0
72.985,-0.21899112660533637,0.18581019753718186,0.6601049920446501,0.0,0.0,1e-12,0.0,0.4926660633856723,0.6,0.6,0.917768847762042,12,27.05768094725452,734887.0400020679,734844.2285237804,42.24174504695975,0.5697332406872161,0.0,0
73.086,-0.21899112660497766,0.18581019753747002,0.7093715983634384,0.0,0.0,1e-12,0.0,0.4926660633856723,0.6,0.6,0.917768847761592,12,27.05768094725452,734887.0400020679,734844.2285237804,42.24174504695975,0.5697332406872161,0.0,0
73.185,-0.21899112660508196,0.18581019753737665,0.758638204681566,0.0,0.0,1e-12,0.0,0.4926660633856723,0.6,0.6,0.9177688477617272,12,27.05768094725452,734887.0400020679,734844.2285237804,42.24174504695975,0.5697332406872161,0.0,0
73.285,-0.21899112660509,0.18581019753736755,0.8079048110004111,0.0,0.0,1e-12,0.0,0.4926660633856723,0.6,0.6,0.9177688477617384,12,27.05768094725452,734887.0400020679,734844.2285237804,42.24174504695975,0.5697332406872161,0.0,0
73.385,-0.2189911266050744,0.18581019753738567,0.8571714173188513,0.0,0.0,1e-12,0.0,0.4926660633856723,0.6,0.6,0.9177688477617163,12,27.05768094725452,734887.0400020679,734844.2285237804,42.24174504695975,0.5697332406872161,0.0,0
73.489,-0.21899112660503967,0.1858101975374286,0.9064380236369646,0.0,0.0,1e-12,0.0,0.4926660633856723,0.6,0.6,0.9177688477616659,12,27.05768094725452,734887.0400020679,734844.2285237804,42.24174504695975,0.5697332406872161,0.0,0
73.585,-0.21899112660494627,0.18581019753755273,0.9557046299555612,0.0,0.0,1e-12,0.0,0.4926660633856723,0.6,0.6,0.9177688477615266,12,27.05768094725452,734887.0400020679,734844.2285237804,42.24174504695975,0.5697332406872161,0.0,0
73.684,-0.21899112660482709,0.18581019753773276,1.0049712362740368,0.0,0.0,1e-12,0.0,0.4926660633856723,0.6,0.6,0.917768847761339,12,27.05768094725452,734887.0400020679,734844.2285237804,42.24174504695975,0.5697332406872161,0.0,0
73.772,-0.21899112660472933,0.18581019753789457,1.0443845213285943,0.0,0.0,1e-12,0.0,0.4926660633856723,0.6,0.6,0.9177688477611787,12,27.05768094725452,734887.0400020679,734844.2285237804,42.24174504695975,0.5697332406872161,0.0,0
73.884,-0.2189911266049434,0.1858101975374931,1.103504448910249,0.0,0.0,1e-12,0.0,0.4926660633856723,0.6,0.6,0.917768847761551,12,27.05768094725452,734887.0400020679,734844.2285237804,42.24174504695975,0.5697332406872161,0.0,0
73.985,-0.21899112660513168,0.1858101975370945,1.1527710552278012,0.0,0.0,1e-12,0.0,0.4926660633856723,0.6,0.6,0.9177688477618988,12,27.05768094725452,734887.0400020679,734844.2285237804,42.24174504695975,0.5697332406872161,0.0,0
74.065,-0.21899112660525757,0.1858101975367993,1.1921843402814492,0.0,0.0,1e-12,0.0,0.4926660633856723,0.6,0.6,0.9177688477621444,12,27.05768094725452,734887.0400020679,734844.2285237804,42.24174504695975,0.5697332406872161,0.0,0
74.195,-0.21899112660540587,0.18581019753639072,1.2513042678611714,0.0,0.0,1e-12,0.0,0.4926660633856723,0.6,0.6,0.9177688477624611,12,27.05768094725452,734887.0400020679,734844.2285237804,42.24174504695975,0.5697332406872161,0.0,0
74.294,-0.2189911266054983,0.18581019753608538,1.3005708741770676,0.0,0.0,1e-12,0.0,0.4926660633856723,0.6,0.6,0.9177688477626814,12,27.05768094725452,734887.0400020679,734844.2285237804,42.24174504695975,0.5697332406872161,0.0,0
74.384,-0.21899112660556685,0.18581019753581163,1.3498374804928293,0.0,0.0,1e-12,0.0,0.4926660633856723,0.6,0.6,0.9177688477628662,12,27.05768094725452,734887.0400020679,734844.2285237804,42.24174504695975,0.5697332406872161,0.0,0
74.489,-0.21899112660561446,0.1858101975355782,1.3991040868079299,0.0,0.0,1e-12,0.0,0.4926660633856723,0.6,0.6,0.917768847763014,12,27.05768094725452,734887.0400020679,734844.2285237804,42.24174504695975,0.5697332406872161,0.0,0
74.594,-0.2189911266056401,0.18581019753539843,1.448370693123045,0.0,0.0,1e-12,0.0,0.4926660633856723,0.6,0.6,0.9177688477631181,12,27.05768094725452,734887.0400020679,734844.2285237804,42.24174504695975,0.5697332406872161,0.0,0
74.684,-0.2189911266056507,0.1858101975353075,1.497637299438806,0.0,0.0,1e-12,0.0,0.4926660633856723,0.6,0.6,0.9177688477631685,12,27.05768094725452,734887.0400020679,734844.2285237804,42.24174504695975,0.5697332406872161,0.0,0
74.786,-0.21899112660565165,0.18581019753526104,1.5469039057539138,0.0,0.0,1e-12,0.0,0.492666063439538,0.6,0.6,0.9177688477631903,12,30.1269095414883,354870.54751502495,354827.73604666477,42.24173511957066,0.5697332406185436,0.0,0
74.889,-0.21899112660565206,0.18581019753521458,1.5961705120735266,0.0,0.0,1e-12,0.0,0.492666063439538,0.6,0.6,0.9177688477632115,12,30.1269095414883,354870.54751502495,354827.73604666477,42.24173511957066,0.5697332406185436,0.0,0
74.984,-0.2189911266056533,0.18581019753520353,1.6454371183933947,0.0,0.0,1e-12,0.0,0.492666063439538,0.6,0.6,0.9177688477632178,12,30.1269095414883,354870.54751502495,354827.73604666477,42.24173511957066,0.5697332406185436,0.0,0
75.09,-0.21899112660566164,0.18581019753529834,1.6947037247137033,0.0,0.0,1e-12,0.0,0.492666063439538,0.6,0.6,0.9177688477631823,12,30.1269095414883,354870.54751502495,354827.73604666477,42.24173511957066,0.5697332406185436,0.0,0
75.184,-0.21899112660567568,0.18581019753539302,1.7439703310340124,0.0,0.0,1e-12,0.0,0.492666063439538,0.6,0.6,0.9177688477631522,12,30.1269095414883,354870.54751502495,354827.73604666477,42.24173511957066,0.5697332406185436,0.0,0
75.284,-0.2189911266057022,0.1858101975355272,1.7932369373536676,0.0,0.0,1e-12,0.0,0.492666063439538,0.6,0.6,0.9177688477631153,12,30.1269095414883,354870.54751502495,354827.73604666477,42.24173511957066,0.5697332406185436,0.0,0
75.384,-0.2189911266057512,0.1858101975357182,1.842503543674083,0.0,0.0,1e-12,0.0,0.492666063439538,0.6,0.6,0.9177688477630729,12,30.1269095414883,354870.54751502495,354827.73604666477,42.24173511957066,0.5697332406185436,0.0,0
75.485,-0.2189911266058185,0.18581019753594188,1.8917701499951025,0.0,0.0,1e-12,0.0,0.492666063439538,0.6,0.6,0.9177688477630319,12,30.1269095414883,354870.54751502495,354827.73604666477,42.24173511957066,0.5697332406185436,0.0,0
75.585,-0.21899112660590553,0.18581019753618055,1.9410367563158093,0.0,0.0,1e-12,0.0,0.492666063439538,0.6,0.6,0.9177688477630019,12,30.1269095414883,354870.54751502495,354827.73604666477,42.24173511957066,0.5697332406185436,0.0,0
75.685,-0.21899112660603842,0.18581019753649533,1.9903033626367077,0.0,0.0,1e-12,0.0,0.492666063439538,0.6,0.6,0.9177688477629784,12,30.1269095414883,354870.54751502495,354827.73604666477,42.24173511957066,0.5697332406185436,0.0,0
75.784,-0.21899112660620004,0.1858101975368359,2.039569968957912,0.0,0.0,1e-12,0.0,0.492666063439538,0.6,0.6,0.9177688477629689,12,30.1269095414883,354870.54751502495,354827.73604666477,42.24173511957066,0.5697332406185436,0.0,0
75.885,-0.2189911266063844,0.18581019753717798,2.0888365752792937,0.0,0.0,1e-12,0.0,0.492666063439538,0.6,0.6,0.9177688477629791,12,30.1269095414883,354870.54751502495,354827.73604666477,42.24173511957066,0.5697332406185436,0.0,0
75.985,-0.2189911266066246,0.18581019753758052,2.1381031816018834,0.0,0.0,1e-12,0.0,0.492666063439538,0.6,0.6,0.9177688477630117,12,30.1269095414883,354870.54751502495,354827.73604666477,42.24173511957066,0.5697332406185436,0.0,0
76.084,-0.21899112660688813,0.18581019753796915,2.1873697879244736,0.0,0.0,1e-12,0.0,0.492666063439538,0.6,0.6,0.9177688477630715,12,30.1269095414883,354870.54751502495,354827.73604666477,42.24173511957066,0.5697332406185436,0.0,0
76.185,-0.2189911266072162,0.1858101975384092,2.2366363942480723,0.0,0.0,1e-12,0.0,0.492666063439538,0.6,0.6,0.9177688477631657,12,30.1269095414883,354870.54751502495,354827.73604666477,42.24173511957066,0.5697332406185436,0.0,0
76.284,-0.2189911266074501,0.18581019753869907,2.2859030005721963,0.0,0.0,1e-12,0.0,0.492666063439538,0.6,0.6,0.9177688477632436,12,30.1269095414883,354870.54751502495,354827.73604666477,42.24173511957066,0.5697332406185436,0.0,0
76.384,-0.2189911266074034,0.1858101975386473,2.335169606896733,0.0,0.0,1e-12,0.0,0.492666063439538,0.6,0.6,0.9177688477632253,12,30.1269095414883,354870.54751502495,354827.73604666477,42.24173511957066,0.5697332406185436,0.0,0
76.485,-0.21899112660737652,0.1858101975386193,2.3844362132208294,0.0,0.0,1e-12,0.0,0.492666063439538,0.6,0.6,0.917768847763214,12,30.1269095414883,354870.54751502495,354827.73604666477,42.24173511957066,0.5697332406185436,0.0,0
76.584,-0.218991126607377,0.1858101975386171,2.4337028195446124,0.0,0.0,1e-12,0.0,0.492666063439538,0.6,0.6,0.9177688477632153,12,30.1269095414883,354870.54751502495,354827.73604666477,42.24173511957066,0.5697332406185436,0.0,0
76.684,-0.21899112660745854,0.18581019753868555,2.4829694258685877,0.0,0.0,1e-12,0.0,0.492666063439538,0.6,0.6,0.9177688477632573,12,30.1269095414883,354870.54751502495,354827.73604666477,42.24173511957066,0.5697332406185436,0.0,0
76.785,-0.21899112660758505,0.18581019753877723,2.5322360321926483,0.0,0.0,1e-12,0.0,0.492666063439538,0.6,0.6,0.9177688477633287,12,30.1269095414883,354870.54751502495,354827.73604666477,42.24173511957066,0.5697332406185436,0.0,0
76.896,-0.21899112660774062,0.1858101975388792,2.5815026385164743,0.0,0.0,1e-12,0.0,0.492666063439538,0.6,0.6,0.9177688477634215,12,30.1269095414883,354870.54751502495,354827.73604666477,42.24173511957066,0.5697332406185436,0.0,0
76.995,-0.218991126607907,0.1858101975389808,2.6307692448407196,0.0,0.0,1e-12,0.0,0.492666063439538,0.6,0.6,0.9177688477635242,12,30.1269095414883,354870.54751502495,354827.73604666477,42.24173511957066,0.5697332406185436,0.0,0
77.084,-0.2189911266075402,0.18581019753878514,2.680035851164837,0.0,0.0,1e-12,0.0,0.492666063439538,0.6,0.6,0.9177688477632852,12,30.1269095414883,354870.54751502495,354827.73604666477,42.24173511957066,0.5697332406185436,0.0,0
77.184,-0.21899112660720207,0.18581019753862837,2.7293024574886062,0.0,0.0,1e-12,0.0,0.492666063439538,0.6,0.6,0.9177688477630542,12,30.1269095414883,354870.54751502495,354827.73604666477,42.24173511957066,0.5697332406185436,0.0,0
77.27,-0.21899112660696,0.1858101975385288,2.768715742547164,0.0,0.0,1e-12,0.0,0.492666063439538,0.6,0.6,0.917768847762883,12,30.1269095414883,354870.54751502495,354827.73604666477,42.24173511957066,0.5697332406185436,0.0,0
77.392,-0.21899112660663117,0.1858101975384094,2.827835670134468,0.0,0.0,1e-12,0.0,0.492666063439538,0.6,0.6,0.9177688477626436,12,30.1269095414883,354870.54751502495,354827.73604666477,42.24173511957066,0.5697332406185436,0.0,0
77.485,-0.21899112660639644,0.18581019753834052,2.877102276456539,0.0,0.0,1e-12,0.0,0.492666063439538,0.6,0.6,0.9177688477624651,12,30.1269095414883,354870.54751502495,354827.73604666477,42.24173511957066,0.5697332406185436,0.0,0
77.585,-0.21899112660619374,0.1858101975382929,2.92636888277802,0.0,0.0,1e-12,0.0,0.492666063439538,0.6,0.6,0.9177688477623058,12,30.1269095414883,354870.54751502495,354827.73604666477,42.24173511957066,0.5697332406185436,0.0,0
77.685,-0.2189911266060201,0.18581019753825342,2.975635489099125,0.0,0.0,1e-12,0.0,0.492666063439538,0.6,0.6,0.9177688477621686,12,30.1269095414883,354870.54751502495,354827.73604666477,42.24173511957066,0.5697332406185436,0.0,0
77.789,-0.21899112660588016,0.18581019753823724,3.024902095420073,0.0,0.0,1e-12,0.0,0.492666063439538,0.6,0.6,0.917768847762051,12,30.1269095414883,354870.54751502495,354827.73604666477,42.24173511957066,0.5697332406185436,0.0,0
77.888,-0.21899112660577594,0.18581019753822678,3.0741687017405526,0.0,0.0,1e-12,0.0,0.492666063439538,0.6,0.6,0.9177688477619628,12,30.1269095414883,354870.54751502495,354827.73604666477,42.24173511957066,0.5697332406185436,0.0,0
77.995,-0.21899112660569028,0.1858101975382247,3.123435308060769,0.0,0.0,1e-12,0.0,0.492666063439538,0.6,0.6,0.9177688477618873,12,30.1269095414883,354870.54751502495,354827.73604666477,42.24173511957066,0.5697332406185436,0.0,0
78.085,-0.21899112660564352,0.18581019753822373,-3.110483392799226,0.0,0.0,1e-12,0.0,0.492666063439538,0.6,0.6,0.9177688477618461,12,30.1269095414883,354870.54751502495,354827.73604666477,42.24173511957066,0.5697332406185436,0.0,0
78.185,-0.2189911266056513,0.18581019753822134,-3.0612167864792794,0.0,0.0,1e-12,0.0,0.492666063439538,0.6,0.6,0.917768847761854,12,30.1269095414883,354870.54751502495,354827.73604666477,42.24173511957066,0.5697332406185436,0.0,0
78.285,-0.2189911266057443,0.18581019753821443,-3.0119501801589776,0.0,0.0,1e-12,0.0,0.492666063439538,0.6,0.6,0.9177688477619401,12,30.1269095414883,354870.54751502495,354827.73604666477,42.24173511957066,0.5697332406185436,0.0,0
78.384,-0.21899112660583986,0.18581019753819855,-2.9626835738387114,0.0,0.0,1e-12,0.0,0.492666063439538,0.6,0.6,0.9177688477620325,12,30.1269095414883,354870.54751502495,354827.73604666477,42.24173511957066,0.5697332406185436,0.0,0
78.484,-0.21899112660597758,0.18581019753816833,-2.9134169675190917,0.0,0.0,1e-12,0.0,0.492666063439538,0.6,0.6,0.917768847762169,12,30.1269095414883,354870.54751502495,354827.73604666477,42.24173511957066,0.5697332406185436,0.0,0
78.584,-0.21899112660617834,0.18581019753811867,-2.8641503611985057,0.0,0.0,1e-12,0.0,0.492666063439538,0.6,0.6,0.9177688477623707,12,30.1269095414883,354870.54751502495,354827.73604666477,42.24173511957066,0.5697332406185436,0.0,0
78.711,-0.21899112660644604,0.1858101975380341,-2.805030433613284,0.0,0.0,1e-12,0.0,0.492666063439538,0.6,0.6,0.9177688477626477,12,30.1269095414883,354870.54751502495,354827.73604666477,42.24173511957066,0.5697332406185436,0.0,0
78.787,-0.21899112660664563,0.18581019753796021,-2.765617148556879,0.0,0.0,1e-12,0.0,0.492666063439538,0.6,0.6,0.9177688477628592,12,30.1269095414883,354870.54751502495,354827.73604666477,42.24173511957066,0.5697332406185436,0.0,0
78.886,-0.2189911266069729,0.18581019753781874,-2.716350542235881,0.0,0.0,1e-12,0.0,0.492666063439538,0.6,0.6,0.9177688477632151,12,30.1269095414883,354870.54751502495,354827.73604666477,42.24173511957066,0.5697332406185436,0.0,0
78.985,-0.21899112660730952,0.185810197537655,-2.667083935914691,0.0,0.0,1e-12,0.0,0.492666063439538,0.6,0.6,0.9177688477635894,12,30.1269095414883,354870.54751502495,354827.73604666477,42.24173511957066,0.5697332406185436,0.0,0
79.088,-0.21899112660766065,0.18581019753746641,-2.6178173295931386,0.0,0.0,1e-12,0.0,0.492666063439538,0.6,0.6,0.9177688477639877,12,30.1269095414883,354870.54751502495,354827.73604666477,42.24173511957066,0.5697332406185436,0.0,0
79.192,-0.2189911266080611,0.1858101975372213,-2.568550723270549,0.0,0.0,1e-12,0.0,0.492666063439538,0.6,0.6,0.9177688477644558,12,30.1269095414883,354870.54751502495,354827.73604666477,42.24173511957066,0.5697332406185436,0.0,0
79.287,-0.2189911266084474,0.1858101975369567,-2.519284116947959,0.0,0.0,1e-12,0.0,0.492666063439538,0.6,0.6,0.91776884776492,12,30.1269095414883,354870.54751502495,354827.73604666477,42.24173511957066,0.5697332406185436,0.0,0
79.385,-0.2189911266088949,0.18581019753661748,-2.470017510624204,0.0,0.0,1e-12,0.0,0.492666063439538,0.6,0.6,0.9177688477654723,12,30.1269095414883,354870.54751502495,354827.73604666477,42.24173511957066,0.5697332406185436,0.0,0
79.484,-0.21899112660912248,0.18581019753643446,-2.420750904299938,0.0,0.0,1e-12,0.0,0.492666063439538,0.6,0.6,0.917768847765758,12,30.1269095414883,354870.54751502495,354827.73604666477,42.24173511957066,0.5697332406185436,0.0,0
79.584,-0.21899112660907344,0.18581019753647782,-2.371484297975465,0.0,0.0,1e-12,0.0,0.492666063439538,0.6,0.6,0.9177688477656947,12,30.1269095414883,354870.54751502495,354827.73604666477,42.24173511957066,0.5697332406185436,0.0,0
79.684,-0.21899112660905326,0.1858101975365005,-2.32221769165139,0.0,0.0,1e-12,0.0,0.492666063439538,0.6,0.6,0.9177688477656665,12,30.1269095414883,354870.54751502495,354827.73604666477,42.24173511957066,0.5697332406185436,0.0,0
79.784,-0.21899112660905326,0.1858101975365005,-2.2729510853275285,0.0,0.0,1e-12,0.0,0.492666063439538,0.6,0.6,0.9177688477656665,12,30.1269095414883,354870.54751502495,354827.73604666477,42.24173511957066,0.5697332406185436,0.0,0
79.885,-0.21899112660912637,0.18581019753640782,-2.223684479003525,0.0,0.0,1e-12,0.0,0.492666063439538,0.6,0.6,0.9177688477657735,12,30.1269095414883,354870.54751502495,354827.73604666477,42.24173511957066,0.5697332406185436,0.0,0
79.984,-0.21899112660922163,0.18581019753627484,-2.1744178726795282,0.0,0.0,1e-12,0.0,0.492666063439538,0.6,0.6,0.9177688477659185,12,30.1269095414883,354870.54751502495,354827.73604666477,42.24173511957066,0.5697332406185436,0.0,0
80.084,-0.21899112660932524,0.1858101975361173,-2.125151266355695,0.0,0.0,1e-12,0.0,0.492666063439538,0.6,0.6,0.9177688477660821,12,30.1269095414883,354870.54751502495,354827.73604666477,42.24173511957066,0.5697332406185436,0.0,0
80.185,-0.218991126609388,0.1858101975360161,-2.0758846600314,0.0,0.0,1e-12,0.0,0.492666063439538,0.6,0.6,0.9177688477661837,12,30.1269095414883,354870.54751502495,354827.73604666477,42.24173511957066,0.5697332406185436,0.0,0
80.284,-0.21899112660919962,0.18581019753637712,-2.0266180537073253,0.0,0.0,1e-12,0.0,0.492666063439538,0.6,0.6,0.9177688477658527,12,30.1269095414883,354870.54751502495,354827.73604666477,42.24173511957066,0.5697332406185436,0.0,0
80.385,-0.218991126609046,0.18581019753671285,-1.9773514473836273,0.0,0.0,1e-12,0.0,0.492666063439538,0.6,0.6,0.9177688477655641,12,30.1269095414883,354870.54751502495,354827.73604666477,42.24173511957066,0.5697332406185436,0.0,0
80.492,-0.21899112660892417,0.1858101975370124,-1.9280848410604836,0.0,0.0,1e-12,0.0,0.492666063439538,0.6,0.6,0.9177688477653202,12,30.1269095414883,354870.54751502495,354827.73604666477,42.24173511957066,0.5697332406185436,0.0,0
80.594,-0.21899112660883252,0.18581019753728234,-1.8788182347378442,0.0,0.0,1e-12,0.0,0.492666063439538,0.6,0.6,0.9177688477651167,12,30.1269095414883,354870.54751502495,354827.73604666477,42.24173511957066,0.5697332406185436,0.0,0
80.685,-0.21899112660876544,0.18581019753750966,-1.8295516284158653,0.0,0.0,1e-12,0.0,0.492666063439538,0.6,0.6,0.9177688477649542,12,30.1269095414883,354870.54751502495,354827.73604666477,42.24173511957066,0.5697332406185436,0.0,0
80.795,-0.21899112660871922,0.1858101975377077,-1.7802850220944764,0.0,0.0,1e-12,0.0,0.492666063439538,0.6,0.6,0.9177688477648236,12,30.1269095414883,354870.54751502495,354827.73604666477,42.24173511957066,0.5697332406185436,0.0,0
80.884,-0.2189911266086861,0.18581019753787442,-1.7310184157733788,0.0,0.0,1e-12,0.0,0.492666063439538,0.6,0.6,0.9177688477647188,12,30.1269095414883,354870.54751502495,354827.73604666477,42.24173511957066,0.5697332406185436,0.0,0
80.988,-0.21899112660866657,0.18581019753801856,-1.6817518094524304,0.0,0.0,1e-12,0.0,0.492666063439538,0.6,0.6,0.9177688477646363,12,30.1269095414883,354870.54751502495,354827.73604666477,42.24173511957066,0.5697332406185436,0.0,0
81.087,-0.21899112660865933,0.1858101975381139,-1.632485203132008,0.0,0.0,1e-12,0.0,0.492666063439538,0.6,0.6,0.9177688477645868,12,30.1269095414883,354870.54751502495,354827.73604666477,42.24173511957066,0.5697332406185436,0.0,0
81.187,-0.21899112660865674,0.18581019753819353,-1.5832185968118695,0.0,0.0,1e-12,0.0,0.492666063439538,0.6,0.6,0.9177688477645485,12,30.1269095414883,354870.54751502495,354827.73604666477,42.24173511957066,0.5697332406185436,0.0,0
81.285,-0.2189911266086561,0.1858101975382422,-1.5339519904922712,0.0,0.0,1e-12,0.0,0.492666063439538,0.6,0.6,0.9177688477645259,12,30.1269095414883,354870.54751502495,354827.73604666477,42.24173511957066,0.5697332406185436,0.0,0
81.392,-0.21899112660865405,0.18581019753821792,-1.4846853841722394,0.0,0.0,1e-12,0.0,0.492666063439538,0.6,0.6,0.9177688477645352,12,30.1269095414883,354870.54751502495,354827.73604666477,42.24173511957066,0.5697332406185436,0.0,0
81.488,-0.21899112660864367,0.1858101975381253,-1.4354187778519376,0.0,0.0,1e-12,0.0,0.492666063439538,0.6,0.6,0.9177688477645676,12,30.1269095414883,354870.54751502495,354827.73604666477,42.24173511957066,0.5697332406185436,0.0,0
81.584,-0.21899112660862707,0.18581019753802408,-1.3861521715317495,0.0,0.0,1e-12,0.0,0.492666063439538,0.6,0.6,0.9177688477645985,12,30.1269095414883,354870.54751502495,354827.73604666477,42.24173511957066,0.5697332406185436,0.0,0
81.685,-0.21899112660859843,0.18581019753788558,-1.3368855652121514,0.0,0.0,1e-12,0.0,0.492666063439538,0.6,0.6,0.9177688477646354,12,30.1269095414883,354870.54751502495,354827.73604666477,42.24173511957066,0.5697332406185436,0.0,0
81.784,-0.2189911266085415,0.18581019753767705,-1.2876189588913944,0.0,0.0,1e-12,0.0,0.492666063439538,0.6,0.6,0.9177688477646787,12,30.1269095414883,354870.54751502495,354827.73604666477,42.24173511957066,0.5697332406185436,0.0,0
81.886,-0.2189911266084708,0.18581019753745126,-1.2383523525703823,0.0,0.0,1e-12,0.0,0.492666063439538,0.6,0.6,0.9177688477647177,12,30.1269095414883,354870.54751502495,354827.73604666477,42.24173511957066,0.5697332406185436,0.0,0
81.984,-0.21899112660838013,0.18581019753720387,-1.189085746249846,0.0,0.0,1e-12,0.0,0.492666063439538,0.6,0.6,0.9177688477647483,12,30.1269095414883,354870.54751502495,354827.73604666477,42.24173511957066,0.5697332406185436,0.0,0
82.084,-0.21899112660823455,0.18581019753686734,-1.1398191399287483,0.0,0.0,1e-12,0.0,0.492666063439538,0.6,0.6,0.9177688477647703,12,30.1269095414883,354870.54751502495,354827.73604666477,42.24173511957066,0.5697332406185436,0.0,0
82.185,-0.218991126608069,0.18581019753653355,-1.0905525336075657,0.0,0.0,1e-12,0.0,0.492666063439538,0.6,0.6,0.9177688477647732,12,30.1269095414883,354870.54751502495,354827.73604666477,42.24173511957066,0.5697332406185436,0.0,0
82.285,-0.21899112660787048,0.18581019753617406,-1.0412859272858357,0.0,0.0,1e-12,0.0,0.492666063439538,0.6,0.6,0.9177688477647582,12,30.1269095414883,354870.54751502495,354827.73604666477,42.24173511957066,0.5697332406185436,0.0,0
82.387,-0.21899112660762443,0.18581019753577613,-0.992019320963246,0.0,0.0,1e-12,0.0,0.492666063439538,0.6,0.6,0.9177688477647183,12,30.1269095414883,354870.54751502495,354827.73604666477,42.24173511957066,0.5697332406185436,0.0,0
82.485,-0.21899112660735204,0.18581019753537892,-0.9427527146405494,0.0,0.0,1e-12,0.0,0.492666063439538,0.6,0.6,0.9177688477646544,12,30.1269095414883,354870.54751502495,354827.73604666477,42.24173511957066,0.5697332406185436,0.0,0
82.585,-0.21899112660701003,0.18581019753493486,-0.8934861083167874,0.0,0.0,1e-12,0.0,0.492666063439538,0.6,0.6,0.9177688477645497,12,30.1269095414883,354870.54751502495,354827.73604666477,42.24173511957066,0.5697332406185436,0.0,0
82.685,-0.21899112660687609,0.18581019753476824,-0.8442195019923859,0.0,0.0,1e-12,0.0,0.492666063439538,0.6,0.6,0.9177688477645054,12,30.1269095414883,354870.54751502495,354827.73604666477,42.24173511957066,0.5697332406185436,0.0,0
82.785,-0.2189911266069163,0.1858101975348114,-0.7949528956680055,0.0,0.0,1e-12,0.0,0.492666063439538,0.6,0.6,0.9177688477645217,12,30.1269095414883,354870.54751502495,354827.73604666477,42.24173511957066,0.5697332406185436,0.0,0
82.884,-0.21431409280573635,0.18147109759657723,-0.7358957607409892,0.0,0.0,1e-12,0.22,0.8302704977984261,0.6,0.6,0.9155729811921293,12,31.852827152313296,276340.88722392905,276298.31506981084,42.241753736315445,0.3304003818744041,0.0,0
82.985,-0.19741306667196593,0.1673971023578504,-0.6528687109600014,0.0,0.0,1e-12,0.22,0.8302704977984261,0.6,0.6,0.9072005654471195,12,31.852827152313296,276340.88722392905,276298.31506981084,42.241753736315445,0.3304003818744041,0.0,0
83.085,-0.17940308038447408,0.15477321942593805,-0.5698416611809037,0.0,0.0,1e-12,0.22,0.8302704977984261,0.6,0.6,0.8976057307376947,12,31.852827152313296,276340.88722392905,276298.31506981084,42.241753736315445,0.3304003818744041,0.0,0
83.184,-0.16040821431809277,0.1436864214448062,-0.48681461140385235,0.0,0.0,1e-12,0.22,0.8302704977984261,0.6,0.6,0.8868160656958565,12,31.852827152313296,276340.88722392905,276298.31506981084,42.241753736315445,0.3304003818744041,0.0,0
83.284,-0.14055933420824257,0.1342130912626087,-0.4037875616282861,0.0,0.0,1e-12,0.22,0.8302704977984261,0.6,0.6,0.8748631732071538,12,31.852827152313296,276340.88722392905,276298.31506981084,42.241753736315445,0.3304003818744041,0.0,0
83.384,-0.119993189547387,0.1264184956896882,-0.32076051185450327,0.0,0.0,1e-12,0.22,0.8302704977984261,0.6,0.6,0.8617828231169599,12,31.852827152313296,276340.88722392905,276298.31506981084,42.241753736315445,0.3304003818744041,0.0,0
83.491,-0.0988514714449069,0.12035633584074032,-0.23773346208207055,0.0,0.0,1e-12,0.22,0.8302704977984261,0.6,0.6,0.847615138909654,12,31.852827152313296,276340.88722392905,276298.31506981084,42.241753736315445,0.3304003818744041,0.0,0
83.592,-0.07727983644181848,0.11606837715931843,-0.1547064123115917,0.0,0.0,1e-12,0.22,0.8302704977984261,0.6,0.6,0.8324048248513892,12,31.852827152313296,276340.88722392905,276298.31506981084,42.241753736315445,0.3304003818744041,0.0,0
83.664,-0.059812786427040424,0.1139357036373204,-0.0882847724958197,0.0,0.0,1e-12,0.22,0.8302704977984261,0.6,0.6,0.819519013404303,12,31.852827152313296,276340.88722392905,276298.31506981084,42.241753736315445,0.3304003818744041,0.0,0
83.79,-0.03344322761683581,0.11292080446491223,0.011347687226189814,0.0,0.0,1e-12,0.22,0.8302704977984261,0.6,0.6,0.7990597382778979,12,31.852827152313296,276340.88722392905,276298.31506981084,42.241753736315445,0.3304003818744041,0.0,0
83.885,-0.011480267509179956,0.11408287575435014,0.09437473699342855,0.0,0.0,1e-12,0.22,0.8302704977984261,0.6,0.6,0.7810400560715568,12,31.852827152313296,276340.88722392905,276298.31506981084,42.241753736315445,0.3304003818744041,0.0,0
83.992,0.0103106628037825,0.1170623694145471,0.17740178675951623,0.0,0.0,1e-12,0.22,0.8302704977984261,0.6,0.6,0.762208809604301,12,31.852827152313296,276340.88722392905,276298.31506981084,42.241753736315445,0.3304003818744041,0.0,0
84.095,0.03177943401291013,0.12183875812892597,0.2604288365246517,0.0,0.0,1e-12,0.22,0.8302704977984261,0.6,0.6,0.7426390676757966,12,31.852827152313296,276340.88722392905,276298.31506981084,42.241753736315445,0.3304003818744041,0.0,0
84.192,0.05277813633438229,0.1283791348151308,0.34345588628948176,0.0,0.0,1e-12,0.22,0.8302704977984261,0.6,0.6,0.7224112461412795,12,31.852827152313296,276340.88722392905,276298.31506981084,42.241753736315445,0.3304003818744041,0.0,0
84.268,0.06914129512041643,0.1348516279296653,0.4098775261082877,0.0,0.0,1e-12,0.22,0.8302704977984261,0.6,0.6,0.7058144037819796,12,31.852827152313296,276340.88722392905,276298.31506981084,42.241753736315445,0.3304003818744041,0.0,0
84.389,0.09279088466854436,0.14655976896012682,0.5095099858341129,0.0,0.0,1e-12,0.22,0.8302704977984261,0.6,0.6,0.680344860935108,12,31.852827152313296,276340.88722392905,276298.31506981084,42.241753736315445,0.3304003818744041,0.0,0
84.466,0.10785911131124773,0.15564793040298805,0.5759316256589727,0.0,0.0,1e-12,0.22,0.8302704977984261,0.6,0.6,0.6630621509892588,12,31.852827152313296,276340.88722392905,276298.31506981084,42.241753736315445,0.3304003818744041,0.0,0
84.564,0.12579188510209924,0.1683812587392697,0.6589586754447565,0.0,0.0,1e-12,0.22,0.8302704977984261,0.6,0.6,0.6412238876106519,12,31.852827152313296,276340.88722392905,276298.31506981084,42.241753736315445,0.3304003818744041,0.0,0
84.694,0.14582541707319258,0.18555802353708006,0.7585911351856097,0.0,0.0,1e-12,0.22,0.8302704977984261,0.6,0.6,0.6148468944633542,12,31.852827152313296,276340.88722392905,276298.31506981084,42.241753736315445,0.3304003818744041,0.0,0
84.785,0.1611469112068057,0.2013369285645918,0.8416181849677343,0.0,0.0,1e-12,0.22,0.8302704977984261,0.6,0.6,0.592894828843734,12,31.852827152313296,276340.88722392905,276298.31506981084,42.241753736315445,0.3304003818744041,0.0,0
84.893,0.17510705509341273,0.2183321163840645,0.9246452347482602,0.0,0.0,1e-12,0.22,0.8302704977984261,0.6,0.6,0.5711430538974097,12,31.852827152313296,276340.88722392905,276298.31506981084,42.241753736315445,0.3304003818744041,0.0,0
84.987,0.18760966987658825,0.2364264981070621,1.0076722845272301,0.0,0.0,1e-12,0.22,0.8302704977984261,0.6,0.6,0.5497740223564502,12,31.852827152313296,276340.88722392905,276298.31506981084,42.241753736315445,0.3304003818744041,0.0,0
85.086,0.19856861839315076,0.2554954119137231,1.0906993343042528,0.0,0.0,1e-12,0.22,0.8302704977984261,0.6,0.6,0.5289901372911211,12,31.852827152313296,276340.88722392905,276298.31506981084,42.241753736315445,0.3304003818744041,0.0,0
85.186,0.20790839861789026,0.27540748191434145,1.173726384079855,0.0,0.0,1e-12,0.22,0.8302704977984261,0.6,0.6,0.5090148589889846,12,31.852827152313296,276340.88722392905,276298.31506981084,42.241753736315445,0.3304003818744041,0.0,0
85.285,0.21556466383717143,0.29602552326770754,1.2567534338536661,0.0,0.0,1e-12,0.22,0.8302704977984261,0.6,0.6,0.490092858747501,12,31.852827152313296,276340.88722392905,276298.31506981084,42.241753736315445,0.3304003818744041,0.0,0
85.384,0.2214846659676675,0.3172074873205061,1.3397804836261342,0.0,0.0,1e-12,0.22,0.8302704977984261,0.6,0.6,0.4724885853914251,12,31.852827152313296,276340.88722392905,276298.31506981084,42.241753736315445,0.3304003818744041,0.0,0
85.486,0.22562761896596417,0.3388074402559683,1.4228075333965635,0.0,0.0,1e-12,0.22,0.8302704977984261,0.6,0.6,0.45648245634058365,12,31.852827152313296,276340.88722392905,276298.31506981084,42.241753736315445,0.3304003818744041,0.0,0
85.585,0.22796497982532038,0.3606765685097198,1.5058345831660263,0.0,0.0,1e-12,0.22,0.8302704977984261,0.6,0.6,0.4423638333958339,12,31.852827152313296,276340.88722392905,276298.31506981084,42.241753736315445,0.3304003818744041,0.0,0
85.685,0.22848064522356873,0.38266420402524914,1.5888616329341319,0.0,0.0,1e-12,0.22,0.8302704977984261,0.6,0.6,0.4304201194013523,12,31.852827152313296,276340.88722392905,276298.31506981084,42.241753736315445,0.3304003818744041,0.0,0
85.785,0.22717106246752142,0.40461886228671823,1.6718886827013208,0.0,0.0,1e-12,0.22,0.8302704977984261,0.6,0.6,0.4209218521717935,12,31.852827152313296,276340.88722392905,276298.31506981084,42.241753736315445,0.3304003818744041,0.0,0
85.887,0.22404525396934297,0.4263892859759462,1.7549157324673161,0.0,0.0,1e-12,0.22,0.8302704977984261,0.6,0.6,0.41410463784763096,12,31.852827152313296,276340.88722392905,276298.31506981084,42.241753736315445,0.3304003818744041,0.0,0
85.984,0.2191247550863461,0.4478254870648455,1.8379427822323877,0.0,0.0,1e-12,0.22,0.8302704977984261,0.6,0.6,0.4101500147203305,12,31.852827152313296,276340.88722392905,276298.31506981084,42.241753736315445,0.3304003818744041,0.0,0
86.086,0.21244346575249987,0.4687797801624383,1.920969831998113,0.0,0.0,1e-12,0.22,0.8302704977984261,0.6,0.6,0.40916844127101465,12,31.852827152313296,276340.88722392905,276298.31506981084,42.241753736315445,0.3304003818744041,0.0,0
86.184,0.20404741692367642,0.48910779999803256,2.0039968817711498,0.0,0.0,1e-12,0.22,0.8302704977984261,0.6,0.6,0.4111879473745421,12,31.852827152313296,276340.88722392905,276298.31506981084,42.241753736315445,0.3304003818744041,0.0,0
86.284,0.1939944534458708,0.5086694960310355,2.087023931542453,0.0,0.0,1e-12,0.22,0.8302704977984261,0.6,0.6,0.4161511321478559,12,31.852827152313296,276340.88722392905,276298.31506981084,42.241753736315445,0.3304003818744041,0.0,0
86.385,0.18235383553164095,0.5273300973325156,2.1700509813260696,0.0,0.0,1e-12,0.22,0.8302704977984261,0.6,0.6,0.42392125854789736,12,31.852827152313296,276340.88722392905,276298.31506981084,42.241753736315445,0.3304003818744041,0.0,0
86.484,0.16920576158900782,0.5449610410948883,2.253078031111278,0.0,0.0,1e-12,0.22,0.8302704977984261,0.6,0.6,0.4342959392458849,12,31.852827152313296,276340.88722392905,276298.31506981084,42.241753736315445,0.3304003818744041,0.0,0
86.593,0.15464081569260513,0.5614408583690305,2.3361050808950794,0.0,0.0,1e-12,0.22,0.8302704977984261,0.6,0.6,0.4470252906159396,12,31.852827152313296,276340.88722392905,276298.31506981084,42.241753736315445,0.3304003818744041,0.0,0
86.692,0.13875934350167635,0.5766560109283212,2.4191321306771685,0.0,0.0,1e-12,0.22,0.8302704977984261,0.6,0.6,0.46183101350253997,12,31.852827152313296,276340.88722392905,276298.31506981084,42.241753736315445,0.3304003818744041,0.0,0
86.785,0.12167076092531474,0.590501673494072,2.502159180457481,0.0,0.0,1e-12,0.22,0.8302704977984261,0.6,0.6,0.4784235353326387,12,31.852827152313296,276340.88722392905,276298.31506981084,42.241753736315445,0.3304003818744041,0.0,0
86.884,0.10349280029810722,0.6028824559325686,2.5851862302362947,0.0,0.0,1e-12,0.22,0.8302704977984261,0.6,0.6,0.49651556663212326,12,31.852827152313296,276340.88722392905,276298.31506981084,42.241753736315445,0.3304003818744041,0.0,0
86.994,0.08435069925942582,0.6137130604484663,2.6682132800132323,0.0,0.0,1e-12,0.22,0.8302704977984261,0.6,0.6,0.5158316095210784,12,31.852827152313296,276340.88722392905,276298.31506981084,42.241753736315445,0.3304003818744041,0.0,0
87.092,0.06437633792476066,0.6229188692466309,2.7512403297886494,0.0,0.0,1e-12,0.22,0.8302704977984261,0.6,0.6,0.5361137770496429,12,31.852827152313296,276340.88722392905,276298.31506981084,42.241753736315445,0.3304003818744041,0.0,0
87.184,0.043707330293451,0.6304364586138346,2.834267379562347,0.0,0.0,1e-12,0.22,0.8302704977984261,0.6,0.6,0.5571246829769717,12,31.852827152313296,276340.88722392905,276298.31506981084,42.241753736315445,0.3304003818744041,0.0,0
87.297,0.022486076152609485,0.6362140358784686,2.9172944293346803,0.0,0.0,1e-12,0.22,0.8302704977984261,0.6,0.6,0.5786482425724774,12,31.852827152313296,276340.88722392905,276298.31506981084,42.241753736315445,0.3304003818744041,0.0,0
87.364,0.005209602555445167,0.6395561299245833,2.983716069150985,0.0,0.0,1e-12,0.22,0.8302704977984261,0.6,0.6,0.5961042730151009,12,31.852827152313296,276340.88722392905,276298.31506981084,42.241753736315445,0.3304003818744041,0.0,0
87.464,-0.016635345692866663,0.6421096103717381,3.066743118920597,0.0,0.0,1e-12,0.22,0.8302704977984261,0.6,0.6,0.6180714916928467,12,31.852827152313296,276340.88722392905,276298.31506981084,42.241753736315445,0.3304003818744041,0.0,0
87.589,-0.043016159613692415,0.642770147312227,-3.1168097285372145,0.0,0.0,1e-12,0.22,0.8302704977984261,0.6,0.6,0.6444370155612192,12,31.852827152313296,276340.88722392905,276298.31506981084,42.241753736315445,0.3304003818744041,0.0,0
87.692,-0.06496152529791839,0.641313112186104,-3.033782678770125,0.0,0.0,1e-12,0.22,0.8302704977984261,0.6,0.6,0.6662436516508324,12,31.852827152313296,276340.88722392905,276298.31506981084,42.241753736315445,0.3304003818744041,0.0,0
87.785,-0.0867104599461726,0.6380411299059027,-2.9507556290042363,0.0,0.0,1e-12,0.22,0.8302704977984261,0.6,0.6,0.6877633192923287,12,31.852827152313296,276340.88722392905,276298.31506981084,42.241753736315445,0.3304003818744041,0.0,0
87.888,-0.10811312357981116,0.632976742897868,-2.867728579239243,0.0,0.0,1e-12,0.22,0.8302704977984261,0.6,0.6,0.7088805691779886,12,31.852827152313296,276340.88722392905,276298.31506981084,42.241753736315445,0.3304003818744041,0.0,0
87.984,-0.1290220618651876,0.6261548424178001,-2.7847015294727218,0.0,0.0,1e-12,0.22,0.8302704977984261,0.6,0.6,0.7294910845706541,12,31.852827152313296,276340.88722392905,276298.31506981084,42.241753736315445,0.3304003818744041,0.0,0
88.095,-0.14929322200507594,0.6176224281665258,-2.7016744796998697,0.0,0.0,1e-12,0.22,0.8302704977984261,0.6,0.6,0.7495004219593424,12,31.852827152313296,276340.88722392905,276298.31506981084,42.241753736315445,0.3304003818744041,0.0,0
88.184,-0.16878694519555715,0.6074382844839861,-2.6186474299287443,0.0,0.0,1e-12,0.22,0.8302704977984261,0.6,0.6,0.7688229283646406,12,31.852827152313296,276340.88722392905,276298.31506981084,42.241753736315445,0.3304003818744041,0.0,0
88.284,-0.18736892880871822,0.5956725753529366,-2.5356203801438273,0.0,0.0,1e-12,0.22,0.8302704977984261,0.6,0.6,0.7873808206055469,12,31.852827152313296,276340.88722392905,276298.31506981084,42.241753736315445,0.3304003818744041,0.0,0
88.384,-0.20491115167612062,0.5824063610013107,-2.452593330358761,0.0,0.0,1e-12,0.22,0.8302704977984261,0.6,0.6,0.8051034084052775,12,31.852827152313296,276340.88722392905,276298.31506981084,42.241753736315445,0.3304003818744041,0.0,0
88.484,-0.22129275609404064,0.5677310394358778,-2.3695662805750946,0.0,0.0,1e-12,0.22,0.8302704977984261,0.6,0.6,0.8219264425898671,12,31.852827152313296,276340.88722392905,276298.31506981084,42.241753736315445,0.3304003818744041,0.0,0
88.584,-0.23640088047647714,0.5517477167525644,-2.286539230793048,0.0,0.0,1e-12,0.22,0.8302704977984261,0.6,0.6,0.8377915705594183,12,31.852827152313296,276340.88722392905,276298.31506981084,42.241753736315445,0.3304003818744041,0.0,0
88.685,-0.25013143691876516,0.5345665105626921,-2.20351218101292,0.0,0.0,1e-12,0.22,0.8302704977984261,0.6,0.6,0.8526458828713751,12,31.852827152313296,276340.88722392905,276298.31506981084,42.241753736315445,0.3304003818744041,0.0,0
88.784,-0.2623898283145027,0.5163057913341783,-2.120485131234256,0.0,0.0,1e-12,0.22,0.8302704977984261,0.6,0.6,0.866441536714691,12,31.852827152313296,276340.88722392905,276298.31506981084,42.241753736315445,0.3304003818744041,0.0,0
88.885,-0.27309160008534106,0.4970913668744029,-2.037458081457382,0.0,0.0,1e-12,0.22,0.8302704977984261,0.6,0.6,0.8791354440081232,12,31.852827152313296,276340.88722392905,276298.31506981084,42.241753736315445,0.3304003818744041,0.0,0
88.985,-0.2821630220334426,0.4770556155734012,-1.9544310316821498,0.0,0.0,1e-12,0.22,0.8302704977984261,0.6,0.6,0.8906890136883981,12,31.852827152313296,276340.88722392905,276298.31506981084,42.241753736315445,0.3304003818744041,0.0,0
89.084,-0.2895415963080733,0.45633657437863534,-1.8714039819085944,0.0,0.0,1e-12,0.22,0.8302704977984261,0.6,0.6,0.9010679394050043,12,31.852827152313296,276340.88722392905,276298.31506981084,42.241753736315445,0.3304003818744041,0.0,0
89.185,-0.2951764879865384,0.43507698778502557,-1.7883769321364245,0.0,0.0,1e-12,0.22,0.8302704977984261,0.6,0.6,0.9102420252888644,12,31.852827152313296,276340.88722392905,276298.31506981084,42.241753736315445,0.3304003818744041,0.0,0
89.284,-0.29902887530297073,0.41342332439230345,-1.7053498823661233,0.0,0.0,1e-12,0.22,0.8302704977984261,0.6,0.6,0.9181850437190447,12,31.852827152313296,276340.88722392905,276298.31506981084,42.241753736315445,0.3304003818744041,0.0,0
89.384,-0.3010722171121518,0.3915247678047802,-1.6223228325968737,0.0,0.0,1e-12,0.22,0.8302704977984261,0.6,0.6,0.9248746200919666,12,31.852827152313296,276340.88722392905,276298.31506981084,42.241753736315445,0.3304003818744041,0.0,0
89.484,-0.3012924357455369,0.3695321888263962,-1.5392957828289882,0.0,0.0,1e-12,0.22,0.8302704977984261,0.6,0.6,0.9302921405232201,12,31.852827152313296,276340.88722392905,276298.31506981084,42.241753736315445,0.3304003818744041,0.0,0
89.584,-0.29968801399984585,0.347597106031113,-1.4562687330619628,0.0,0.0,1e-12,0.22,0.8302704977984261,0.6,0.6,0.9344226792083206,12,31.852827152313296,276340.88722392905,276298.31506981084,42.241753736315445,0.3304003818744041,0.0,0
89.684,-0.29627000558986105,0.3258706418713494,-1.3732416832961662,0.0,0.0,1e-12,0.22,0.8302704977984261,0.6,0.6,0.9372549428560383,12,31.852827152313296,276340.88722392905,276298.31506981084,42.241753736315445,0.3304003818744041,0.0,0
89.786,-0.2910619589935034,0.3045024815145832,-1.2902146335312725,0.0,0.0,1e-12,0.22,0.8302704977984261,0.6,0.6,0.9387812302109471,12,31.852827152313296,276340.88722392905,276298.31506981084,42.241753736315445,0.3304003818744041,0.0,0
89.892,-0.2840997552138943,0.28363984158307015,-1.2071875837639485,0.0,0.0,1e-12,0.22,0.8302704977984261,0.6,0.6,0.9389974052162512,12,31.852827152313296,276340.88722392905,276298.31506981084,42.241753736315445,0.3304003818744041,0.0,0
89.988,-0.2754313605758948,0.26342645590001784,-1.124160533991324,0.0,0.0,1e-12,0.22,0.8302704977984261,0.6,0.6,0.9379028828550346,12,31.852827152313296,276340.88722392905,276298.31506981084,42.241753736315445,0.3304003818744041,0.0,0
90.084,-0.26511649626067096,0.24400158523037324,-1.041133484220369,0.0,0.0,1e-12,0.22,0.8302704977984261,0.6,0.6,0.9355006271621772,12,31.852827152313296,276340.88722392905,276298.31506981084,42.241753736315445,0.3304003818744041,0.0,0
90.174,-0.2557265330194282,0.22911955838953094,-0.9747118443913525,0.0,0.0,1e-12,0.22,0.8302704977984261,0.6,0.6,0.9326415180993322,12,31.852827152313296,276340.88722392905,276298.31506981084,42.241753736315445,0.3304003818744041,0.0,0
90.284,-0.23984247074862255,0.20804634748249667,-0.8750793846492203,0.0,0.0,1e-12,0.22,0.8302704977984261,0.6,0.6,0.9268025903044091,12,31.852827152313296,276340.88722392905,276298.31506981084,42.241753736315445,0.3304003818744041,0.0,0
90.384,-0.22505743575615786,0.19176369516091296,-0.7920523348656888,0.0,0.0,1e-12,0.22,0.8302704977984261,0.6,0.6,0.9205306365815309,12,31.852827152313296,276340.88722392905,276298.31506981084,42.241753736315445,0.3304003818744041,0.0,0
90.484,-0.20897298384762625,0.17676328072809364,-0.7090252850837137,0.0,0.0,1e-12,0.22,0.8302704977984261,0.6,0.6,0.9129986906537042,12,31.852827152313296,276340.88722392905,276298.31506981084,42.241753736315445,0.3304003818744041,0.0,0
90.593,-0.19169992936737976,0.16314845001757797,-0.6259982353037703,0.0,0.0,1e-12,0.22,0.8302704977984261,0.6,0.6,0.9042278777400964,12,31.852827152313296,276340.88722392905,276298.31506981084,42.241753736315445,0.3304003818744041,0.0,0
90.693,-0.17335727557505495,0.15101300283964286,-0.5429711855253191,0.0,0.0,1e-12,0.22,0.8302704977984261,0.6,0.6,0.8942431432803642,12,31.852827152313296,276340.88722392905,276298.31506981084,42.241753736315445,0.3304003818744041,0.0,0
90.791,-0.15407139476882648,0.1404405467445277,-0.4599441357485236,0.0,0.0,1e-12,0.22,0.8302704977984261,0.6,0.6,0.8830733601944246,12,31.852827152313296,276340.88722392905,276298.31506981084,42.241753736315445,0.3304003818744041,0.0,0
90.886,-0.13397515763949358,0.13150392100559719,-0.37691708597347606,0.0,0.0,1e-12,0.22,0.8302704977984261,0.6,0.6,0.8707514617070987,12,31.852827152313296,276340.88722392905,276298.31506981084,42.241753736315445,0.3304003818744041,0.0,0
90.997,-0.11320701785355777,0.12426469479080424,-0.29389003620000576,0.0,0.0,1e-12,0.22,0.8302704977984261,0.6,0.6,0.8573146044119695,12,31.852827152313296,276340.88722392905,276298.31506981084,42.241753736315445,0.3304003818744041,0.0,0
91.089,-0.0919100581722686,0.11877274297994889,-0.21086298642802775,0.0,0.0,1e-12,0.22,0.8302704977984261,0.6,0.6,0.8428043672757008,12,31.852827152313296,276340.88722392905,276298.31506981084,42.241753736315445,0.3304003818744041,0.0,0
91.194,-0.07023100467840653,0.11506590255010962,-0.12783593665777632,0.0,0.0,1e-12,0.22,0.8302704977984261,0.6,0.6,0.8272669934801979,12,31.852827152313296,276340.88722392905,276298.31506981084,42.241753736315445,0.3304003818744041,0.0,0
91.29,-0.04831921590223102,0.1131697118966085,-0.044808886888597785,0.0,0.0,1e-12,0.22,0.8302704977984261,0.6,0.6,0.8107536833853515,12,31.852827152313296,276340.88722392905,276298.31506981084,42.241753736315445,0.3304003818744041,0.0,0
91.391,-0.0263256538112488,0.11309723488539507,0.03821816287918096,0.0,0.0,1e-12,0.22,0.8302704977984261,0.6,0.6,0.793320948480712,12,31.852827152313296,276340.88722392905,276298.31506981084,42.241753736315445,0.3304003818744041,0.0,0
91.484,-0.004401843752597327,0.11484897084914132,0.12124521264613547,0.0,0.0,1e-12,0.22,0.8302704977984261,0.6,0.6,0.7750310379705295,12,31.852827152313296,276340.88722392905,276298.31506981084,42.241753736315445,0.3304003818744041,0.0,0
91.587,0.01730116948516747,0.11841285114705975,0.20427226241183943,0.0,0.0,1e-12,0.22,0.8302704977984261,0.6,0.6,0.7559524515627009,12,31.852827152313296,276340.88722392905,276298.31506981084,42.241753736315445,0.3304003818744041,0.0,0
91.685,0.03863386230045245,0.12376432231221027,0.28729931217664106,0.0,0.0,1e-12,0.22,0.8302704977984261,0.6,0.6,0.7361605539951566,12,31.852827152313296,276340.88722392905,276298.31506981084,42.241753736315445,0.3304003818744041,0.0,0
91.785,0.05944926242571989,0.13086651521332424,0.3703263619447537,0.0,0.0,1e-12,0.22,0.8302704977984261,0.6,0.6,0.7157383086297591,12,31.852827152313296,276340.88722392905,276298.31506981084,42.241753736315445,0.3304003818744041,0.0,0
91.884,0.07960396149797716,0.13967049906603926,0.45335341171719357,0.0,0.0,1e-12,0.22,0.8302704977984261,0.6,0.6,0.6947771486733773,12,31.852827152313296,276340.88722392905,276298.31506981084,42.241753736315445,0.3304003818744041,0.0,0
91.984,0.0989591030754994,0.15011561854295216,0.5363804614890437,0.0,0.0,1e-12,0.22,0.8302704977984261,0.6,0.6,0.6733780045931843,12,31.852827152313296,276340.88722392905,276298.31506981084,42.241753736315445,0.3304003818744041,0.0,0
92.084,0.11738133881340594,0.16212991134559682,0.6194075117180714,0.0,0.0,1e-12,0.2199999925521492,0.8302705035444261,0.6,0.6,0.6516525045327113,12,64.98439826282625,478963.09693255165,478920.5247785403,42.24175364803219,0.33040036331264844,0.0,0
92.184,0.1347437484891525,0.17563060480367063,0.702434562077512,0.0,0.0,1e-12,0.2199999925521492,0.8302705035444261,0.6,0.6,0.6297243548960317,12,64.98439826282625,478963.09693255165,478920.5247785403,42.24175364803219,0.33040036331264844,0.0,0
92.284,0.15092671337225416,0.1905246855470274,0.7854616124353324,0.0,0.0,1e-12,0.2199999925521492,0.8302705035444261,0.6,0.6,0.6077309025456961,12,64.98439826282625,478963.09693255165,478920.5247785403,42.24175364803219,0.33040036331264844,0.0,0
92.384,0.1658187404086177,0.20670954033002772,0.8684886627916395,0.0,0.0,1e-12,0.2199999925521492,0.8302705035444261,0.6,0.6,0.5858248474141203,12,64.98439826282625,478963.09693255165,478920.5247785403,42.24175364803219,0.33040036331264844,0.0,0
92.484,0.17931723050169301,0.22407366307795817,0.9515157131463551,0.0,0.0,1e-12,0.2199999925521492,0.8302705035444261,0.6,0.6,0.5641760393214074,12,64.98439826282625,478963.09693255165,478920.5247785403,42.24175364803219,0.33040036331264844,0.0,0
92.584,0.19132918537231283,0.24249742311179642,1.0345427634990811,0.0,0.0,1e-12,0.2199999925521492,0.8302705035444261,0.6,0.6,0.5429732288153472,12,64.98439826282625,478963.09693255165,478920.5247785403,42.24175364803219,0.33040036331264844,0.0,0
92.684,0.2017718482732774,0.26185388934757864,1.11756981385045,0.0,0.0,1e-12,0.2199999925521492,0.8302705035444261,0.6,0.6,0.5224255477836446,12,64.98439826282625,478963.09693255165,478920.5247785403,42.24175364803219,0.33040036331264844,0.0,0
92.791,0.21057327414456845,0.28200970479205967,1.2005968641999072,0.0,0.0,1e-12,0.2199999925521492,0.8302705035444261,0.6,0.6,0.5027633664627073,12,64.98439826282625,478963.09693255165,478920.5247785403,42.24175364803219,0.33040036331264844,0.0,0
92.885,0.21767282528121473,0.30282600531017223,1.2836239145479151,0.0,0.0,1e-12,0.2199999925521492,0.8302705035444261,0.6,0.6,0.48423801136255124,12,64.98439826282625,478963.09693255165,478920.5247785403,42.24175364803219,0.33040036331264844,0.0,0
92.986,0.22302158909863204,0.3241593763337475,1.366650964894154,0.0,0.0,1e-12,0.2199999925521492,0.8302705035444261,0.6,0.6,0.46711965485334456,12,64.98439826282625,478963.09693255165,478920.5247785403,42.24175364803219,0.33040036331264844,0.0,0
93.085,0.22658271511747655,0.3458628409209002,1.4496780152393196,0.0,0.0,1e-12,0.2199999925521492,0.8302705035444261,0.6,0.6,0.45169255503476186,12,64.98439826282625,478963.09693255165,478920.5247785403,42.24175364803219,0.33040036331264844,0.0,0
93.184,0.2283316688461606,0.3677868723582367,1.532705065582972,0.0,0.0,1e-12,0.2199999925521492,0.8302705035444261,0.6,0.6,0.438246831171487,12,64.98439826282625,478963.09693255165,478920.5247785403,42.24175364803219,0.33040036331264844,0.0,0
93.284,0.2282564008120711,0.38978042432997123,1.6157321159246347,0.0,0.0,1e-12,0.2199999925521492,0.8302705035444261,0.6,0.6,0.427066240215827,12,64.98439826282625,478963.09693255165,478920.5247785403,42.24175364803219,0.33040036331264844,0.0,0
93.386,0.22635742957676339,0.4116919715565419,1.698759166265232,0.0,0.0,1e-12,0.2199999925521492,0.8302705035444261,0.6,0.6,0.41841209830589926,12,64.98439826282625,478963.09693255165,478920.5247785403,42.24175364803219,0.33040036331264844,0.0,0
93.484,0.22264783816329492,0.43337055373260247,1.7817862166047485,0.0,0.0,1e-12,0.2199999925521492,0.8302705035444261,0.6,0.6,0.4125045774366805,12,64.98439826282625,478963.09693255165,478920.5247785403,42.24175364803219,0.33040036331264844,0.0,0
93.591,0.217153183920347,0.4546668155729819,1.8648132669432211,0.0,0.0,1e-12,0.2199999925521492,0.8302705035444261,0.6,0.6,0.4095038694298569,12,64.98439826282625,478963.09693255165,478920.5247785403,42.24175364803219,0.33040036331264844,0.0,0
93.684,0.20991132244407515,0.475434035800538,1.947840317286099,0.0,0.0,1e-12,0.2199999925521492,0.8302705035444261,0.6,0.6,0.40949463463429153,12,64.98439826282625,478963.09693255165,478920.5247785403,42.24175364803219,0.33040036331264844,0.0,0
93.785,0.20097214677058012,0.4955291379872927,2.0308673676332685,0.0,0.0,1e-12,0.2199999925521492,0.8302705035444261,0.6,0.6,0.4124771371392087,12,64.98439826282625,478963.09693255165,478920.5247785403,42.24175364803219,0.33040036331264844,0.0,0
93.891,0.19039724363656735,0.5148136762840937,2.1138944179805303,0.0,0.0,1e-12,0.2199999925521492,0.8302705035444261,0.6,0.6,0.4183672164125109,12,64.98439826282625,478963.09693255165,478920.5247785403,42.24175364803219,0.33040036331264844,0.0,0
93.988,0.1782594691753747,0.5331547892472502,2.1969214683414986,0.0,0.0,1e-12,0.2199999925521492,0.8302705035444261,0.6,0.6,0.4270051024763243,12,64.98439826282625,478963.09693255165,478920.5247785403,42.24175364803219,0.33040036331264844,0.0,0
94.095,0.16464244697209446,0.5504261151926725,2.2799485187009036,0.0,0.0,1e-12,0.2199999925521492,0.8302705035444261,0.6,0.6,0.43817093586103556,12,64.98439826282625,478963.09693255165,478920.5247785403,42.24175364803219,0.33040036331264844,0.0,0
94.194,0.1496399919367321,0.5665086627678952,2.3629755690585963,0.0,0.0,1e-12,0.2199999925521492,0.8302705035444261,0.6,0.6,0.4516035944634866,12,64.98439826282625,478963.09693255165,478920.5247785403,42.24175364803219,0.33040036331264844,0.0,0
94.287,0.13335546396307166,0.5812916307470797,2.4460026194147115,0.0,0.0,1e-12,0.2199999925521492,0.8302705035444261,0.6,0.6,0.46701940654883256,12,64.98439826282625,478963.09693255165,478920.5247785403,42.24175364803219,0.33040036331264844,0.0,0
94.386,0.11590105582746152,0.5946731713995451,2.529029669769292,0.0,0.0,1e-12,0.2199999925521492,0.8302705035444261,0.6,0.6,0.4841282504170823,12,64.98439826282625,478963.09693255165,478920.5247785403,42.24175364803219,0.33040036331264844,0.0,0
94.489,0.09739702023297638,0.6065610921730358,2.6120567201219327,0.0,0.0,1e-12,0.2199999925521492,0.8302705035444261,0.6,0.6,0.50264580292806,12,64.98439826282625,478963.09693255165,478920.5247785403,42.24175364803219,0.33040036331264844,0.0,0
94.587,0.07797084132464337,0.6168734908572233,2.695083770473124,0.0,0.0,1e-12,0.2199999925521492,0.8302705035444261,0.6,0.6,0.5223017874763684,12,64.98439826282625,478963.09693255165,478920.5247785403,42.24175364803219,0.33040036331264844,0.0,0
94.69,0.05775635638337161,0.6255393198515897,2.778110820822567,0.0,0.0,1e-12,0.2199999925521492,0.8302705035444261,0.6,0.6,0.5428447530382133,12,64.98439826282625,478963.09693255165,478920.5247785403,42.24175364803219,0.33040036331264844,0.0,0
94.787,0.03689283374959459,0.6324988756501752,2.861137871170518,0.0,0.0,1e-12,0.2199999925521492,0.8302705035444261,0.6,0.6,0.5640441982691491,12,64.98439826282625,478963.09693255165,478920.5247785403,42.24175364803219,0.33040036331264844,0.0,0
94.867,0.019831176631217733,0.6368053786368771,2.9275595114475603,0.0,0.0,1e-12,0.2199999925521492,0.8302705035444261,0.6,0.6,0.581335100871882,12,64.98439826282625,478963.09693255165,478920.5247785403,42.24175364803219,0.33040036331264844,0.0,0
94.992,-0.006202883704404003,0.6411194610946974,3.0271919718617593,0.0,0.0,1e-12,0.2199999925521492,0.8302705035444261,0.6,0.6,0.6075958741567075,12,64.98439826282625,478963.09693255165,478920.5247785403,42.24175364803219,0.33040036331264844,0.0,0
95.085,-0.028138169201020163,0.6427210989415709,3.110219022205241,0.0,0.0,1e-12,0.2199999925521492,0.8302705035444261,0.6,0.6,0.6295892723847707,12,64.98439826282625,478963.09693255165,478920.5247785403,42.24175364803219,0.33040036331264844,0.0,0
95.184,-0.05013071930907007,0.6424980891762331,-3.089939234632782,0.0,0.0,1e-12,0.2199999925521492,0.8302705035444261,0.6,0.6,0.6515182574363975,12,64.98439826282625,478963.09693255165,478920.5247785403,42.24175364803219,0.33040036331264844,0.0,0
95.285,-0.0720290156513713,0.6404519682316148,-3.006912184292263,0.0,0.0,1e-12,0.2199999925521492,0.8302705035444261,0.6,0.6,0.673245393308534,12,64.98439826282625,478963.09693255165,478920.5247785403,42.24175364803219,0.33040036331264844,0.0,0
95.385,-0.09368218921495493,0.6365968329234131,-2.9238851339528242,0.0,0.0,1e-12,0.2199999925521492,0.8302705035444261,0.6,0.6,0.6946468943384666,12,64.98439826282625,478963.09693255165,478920.5247785403,42.24175364803219,0.33040036331264844,0.0,0
95.487,-0.11494105976811286,0.6309592433296183,-2.8408580836144157,0.0,0.0,1e-12,0.2199999925521492,0.8302705035444261,0.6,0.6,0.7156110631410716,12,64.98439826282625,478963.09693255165,478920.5247785403,42.24175364803219,0.33040036331264844,0.0,0
95.585,-0.13565916364215252,0.6235780398040457,-2.7578310332707137,0.0,0.0,1e-12,0.2199999925521492,0.8302705035444261,0.6,0.6,0.7360369073705968,12,64.98439826282625,478963.09693255165,478920.5247785403,42.24175364803219,0.33040036331264844,0.0,0
95.684,-0.15569376279779923,0.6145040753843067,-2.6748039829236365,0.0,0.0,1e-12,0.2199999925521492,0.8302705035444261,0.6,0.6,0.7558329387730136,12,64.98439826282625,478963.09693255165,478920.5247785403,42.24175364803219,0.33040036331264844,0.0,0
95.787,-0.17490682822342563,0.6037998654385102,-2.5917769325751454,0.0,0.0,1e-12,0.2199999925521492,0.8302705035444261,0.6,0.6,0.7749161447567345,12,64.98439826282625,478963.09693255165,478920.5247785403,42.24175364803219,0.33040036331264844,0.0,0
95.885,-0.1931659908900285,0.5915391569633616,-2.5087498822142913,0.0,0.0,1e-12,0.2199999925521492,0.8302705035444261,0.6,0.6,0.7932111162669441,12,64.98439826282625,478963.09693255165,478920.5247785403,42.24175364803219,0.33040036331264844,0.0,0
95.987,-0.21034545371268537,0.5778064205018033,-2.425722831854971,0.0,0.0,1e-12,0.2199999925521492,0.8302705035444261,0.6,0.6,0.8106493134048536,12,64.98439826282625,478963.09693255165,478920.5247785403,42.24175364803219,0.33040036331264844,0.0,0
96.084,-0.2263268582328521,0.5626962681809322,-2.342695781497428,0.0,0.0,1e-12,0.2199999925521492,0.8302705035444261,0.6,0.6,0.8271684502231724,12,64.98439826282625,478963.09693255165,478920.5247785403,42.24175364803219,0.33040036331264844,0.0,0
96.185,-0.24100010005301178,0.5463128018784154,-2.259668731141483,0.0,0.0,1e-12,0.2199999925521492,0.8302705035444261,0.6,0.6,0.8427119813621509,12,64.98439826282625,478963.09693255165,478920.5247785403,42.24175364803219,0.33040036331264844,0.0,0
96.285,-0.25426408740435147,0.5287688960094031,-2.1766416807870947,0.0,0.0,1e-12,0.2199999925521492,0.8302705035444261,0.6,0.6,0.8572286749779832,12,64.98439826282625,478963.09693255165,478920.5247785403,42.24175364803219,0.33040036331264844,0.0,0
96.391,-0.26602743762186665,0.5101854198744276,-2.0936146304345464,0.0,0.0,1e-12,0.2199999925521492,0.8302705035444261,0.6,0.6,0.8706722583825839,12,64.98439826282625,478963.09693255165,478920.5247785403,42.24175364803219,0.33040036331264844,0.0,0
96.464,-0.27430283549083956,0.49465596715686677,-2.027192990153518,0.0,0.0,1e-12,0.2199999925521492,0.8302705035444261,0.6,0.6,0.8806263756003321,12,64.98439826282625,478963.09693255165,478920.5247785403,42.24175364803219,0.33040036331264844,0.0,0
96.585,-0.28473894778797504,0.47041816269518116,-1.9275605297341891,0.0,0.0,1e-12,0.2199999925521492,0.8302705035444261,0.6,0.6,0.8941780909261117,12,64.98439826282625,478963.09693255165,478920.5247785403,42.24175364803219,0.33040036331264844,0.0,0
96.684,-0.2915581941889202,0.44950835944105744,-1.8445334793864367,0.0,0.0,1e-12,0.2199999925521492,0.8302705035444261,0.6,0.6,0.9041701983053468,12,64.98439826282625,478963.09693255165,478920.5247785403,42.24175364803219,0.33040036331264844,0.0,0
96.766,-0.29574998697242877,0.4324181580127635,-1.7781118391095296,0.0,0.0,1e-12,0.2199999925521492,0.8302705035444261,0.6,0.6,0.9112912338681534,12,64.98439826282625,478963.09693255165,478920.5247785403,42.24175364803219,0.33040036331264844,0.0,0
96.897,-0.2998890862258834,0.4063557048975642,-1.6784793786954444,0.0,0.0,1e-12,0.2199999925521492,0.8302705035444261,0.6,0.6,0.9204881751191455,12,64.98439826282625,478963.09693255165,478920.5247785403,42.24175364803219,0.33040036331264844,0.0,0
96.97,-0.3011983455301346,0.38880771493638344,-1.6120577384205907,0.0,0.0,1e-12,0.2199999925521492,0.8302705035444261,0.6,0.6,0.9256136555046299,12,64.98439826282625,478963.09693255165,478920.5247785403,42.24175364803219,0.33040036331264844,0.0,0
97.092,-0.30097259448186237,0.3624195994015438,-1.5124252780106837,0.0,0.0,1e-12,0.2199999925521492,0.8302705035444261,0.6,0.6,0.9317703916501646,12,64.98439826282625,478963.09693255165,478920.5247785403,42.24175364803219,0.33040036331264844,0.0,0
97.185,-0.2987794161619761,0.3405355421343704,-1.429398227670257,0.0,0.0,1e-12,0.2199999925521492,0.8302705035444261,0.6,0.6,0.9354818244156151,12,64.98439826282625,478963.09693255165,478920.5247785403,42.24175364803219,0.33040036331264844,0.0,0
97.298,-0.2947789109273409,0.3189087543126116,-1.346371177330918,0.0,0.0,1e-12,0.2199999925521492,0.8302705035444261,0.6,0.6,0.9378920981874226,12,64.98439826282625,478963.09693255165,478920.5247785403,42.24175364803219,0.33040036331264844,0.0,0
97.389,-0.28899864038671147,0.2976882343825695,-1.2633441269925518,0.0,0.0,1e-12,0.2199999925521492,0.8302705035444261,0.6,0.6,0.9389946678443651,12,64.98439826282625,478963.09693255165,478920.5247785403,42.24175364803219,0.33040036331264844,0.0,0
97.464,-0.28311934881698064,0.28110269724178033,-1.196922486717613,0.0,0.0,1e-12,0.2199999925521492,0.8302705035444261,0.6,0.6,0.9389330508408975,12,64.98439826282625,478963.09693255165,478920.5247785403,42.24175364803219,0.33040036331264844,0.0,0
97.592,-0.2722700842080565,0.2570469897595305,-1.0972900263012186,0.0,0.0,1e-12,0.2199999925521492,0.8302705035444261,0.6,0.6,0.9372683004547467,12,64.98439826282625,478963.09693255165,478920.5247785403,42.24175364803219,0.33040036331264844,0.0,0
97.691,-0.26143705049273475,0.23790626422119063,-1.0142629759514554,0.0,0.0,1e-12,0.2199999925521492,0.8302705035444261,0.6,0.6,0.9344440408349108,12,64.98439826282625,478963.09693255165,478920.5247785403,42.24175364803219,0.33040036331264844,0.0,0
97.79,-0.24905396128503232,0.21972987582106995,-0.9312359255907572,0.0,0.0,1e-12,0.2199999925521492,0.8302705035444261,0.6,0.6,0.9303214479505801,12,64.98439826282625,478963.09693255165,478920.5247785403,42.24175364803219,0.33040036331264844,0.0,0
97.89,-0.23520613027389692,0.20264305136815594,-0.8482088752315584,0.0,0.0,1e-12,0.2199999925521492,0.8302705035444261,0.6,0.6,0.9249117929149285,12,64.98439826282625,478963.09693255165,478920.5247785403,42.24175364803219,0.33040036331264844,0.0,0
97.99,-0.2199889625339989,0.18676351108598074,-0.7651818248741072,0.0,0.0,1e-12,0.2199999925521492,0.8302705035444261,0.6,0.6,0.9182299790616565,12,64.98439826282625,478963.09693255165,478920.5247785403,42.24175364803219,0.33040036331264844,0.0,0
98.086,-0.20350729722917296,0.17220065757513997,-0.6821547745182903,0.0,0.0,1e-12,0.2199999925521492,0.8302705035444261,0.6,0.6,0.9102945974132073,12,64.98439826282625,478963.09693255165,478920.5247785403,42.24175364803219,0.33040036331264844,0.0,0
98.184,-0.18587468531971402,0.15905482208065508,-0.5991277241640722,0.0,0.0,1e-12,0.2199999925521492,0.8302705035444261,0.6,0.6,0.9011279992080383,12,64.98439826282625,478963.09693255165,478920.5247785403,42.24175364803219,0.33040036331264844,0.0,0
98.284,-0.1672126072492811,0.14741657325653437,-0.5161006738115808,0.0,0.0,1e-12,0.2199999925521492,0.8302705035444261,0.6,0.6,0.8907563880686444,12,64.98439826282625,478963.09693255165,478920.5247785403,42.24175364803219,0.33040036331264844,0.0,0
98.385,-0.14764963600160783,0.137366093190243,-0.4330736234607733,0.0,0.0,1e-12,0.2199999925521492,0.8302705035444261,0.6,0.6,0.8792099350800101,12,64.98439826282625,478963.09693255165,478920.5247785403,42.24175364803219,0.33040036331264844,0.0,0
98.486,-0.12732055129278827,0.1289726249856011,-0.350046573111536,0.0,0.0,1e-12,0.2199999925521492,0.8302705035444261,0.6,0.6,0.866522920842721,12,64.98439826282625,478963.09693255165,478920.5247785403,42.24175364803219,0.33040036331264844,0.0,0
98.592,-0.10636541100204727,0.12229399571020229,-0.2670195227639544,0.0,0.0,1e-12,0.2199999925521492,0.8302705035444261,0.6,0.6,0.8527339094903024,12,64.98439826282625,478963.09693255165,478920.5247785403,42.24175364803219,0.33040036331264844,0.0,0
98.684,-0.08492858623860111,0.11737621799399024,-0.18399247241798575,0.0,0.0,1e-12,0.2199999925521492,0.8302705035444261,0.6,0.6,0.8378859607396422,12,64.98439826282625,478963.09693255165,478920.5247785403,42.24175364803219,0.33040036331264844,0.0,0
98.786,-0.06315776669217532,0.11425317302379913,-0.10096542207312549,0.0,0.0,1e-12,0.2199999925521492,0.8302705035444261,0.6,0.6,0.8220268872984635,12,64.98439826282625,478963.09693255165,478920.5247785403,42.24175364803219,0.33040036331264844,0.0,0
98.884,-0.0412029431203359,0.11294637711781087,-0.017938371730027398,0.0,0.0,1e-12,0.2199999925521492,0.8302705035444261,0.6,0.6,0.8052095664042042,12,64.98439826282625,478963.09693255165,478920.5247785403,42.24175364803219,0.33040036331264844,0.0,0
98.985,-0.019215373982218075,0.11346483348817775,0.06508867861136539,0.0,0.0,1e-12,0.2199999925521492,0.8302705035444261,0.6,0.6,0.7874923159171934,12,64.98439826282625,478963.09693255165,478920.5247785403,42.24175364803219,0.33040036331264844,0.0,0
99.085,0.002653456661518958,0.11580497021313552,0.14811572895169237,0.0,0.0,1e-12,0.2199999925521492,0.8302705035444261,0.6,0.6,0.7689393472236509,12,64.98439826282625,478963.09693255165,478920.5247785403,42.24175364803219,0.33040036331264844,0.0,0
99.184,0.024252882802790147,0.11995066484587752,0.2311427792909607,0.0,0.0,1e-12,0.2199999925521492,0.8302705035444261,0.6,0.6,0.7496213091573722,12,64.98439826282625,478963.09693255165,478920.5247785403,42.24175364803219,0.33040036331264844,0.0,0
99.285,0.04543409450445918,0.12587335549064926,0.3141698296292199,0.0,0.0,1e-12,0.2199999925521492,0.8302705035444261,0.6,0.6,0.7296159390883571,12,64.98439826282625,478963.09693255165,478920.5247785403,42.24175364803219,0.33040036331264844,0.0,0
99.391,0.0660511631309245,0.13353223758082317,0.39719687997446396,0.0,0.0,1e-12,0.2199999925521492,0.8302705035444261,0.6,0.6,0.7090088389929932,12,64.98439826282625,478963.09693255165,478920.5247785403,42.24175364803219,0.33040036331264844,0.0,0
99.485,0.08596204672856295,0.14287454500345376,0.48022393032114313,0.0,0.0,1e-12,0.2199999925521492,0.8302705035444261,0.6,0.6,0.687894395244857,12,64.98439826282625,478963.09693255165,478920.5247785403,42.24175364803219,0.33040036331264844,0.0,0
99.585,0.1050295686279445,0.15383591363269114,0.5632509806721566,0.0,0.0,1e-12,0.2199999925521492,0.8302705035444261,0.6,0.6,0.6663768602649811,12,64.98439826282625,478963.09693255165,478920.5247785403,42.24175364803219,0.33040036331264844,0.0,0
99.684,0.12312236252695953,0.166340824768946,0.6462780310327271,0.0,0.0,1e-12,0.2199999925521492,0.8302705035444261,0.6,0.6,0.6445716107492996,12,64.98439826282625,478963.09693255165,478920.5247785403,42.24175364803219,0.33040036331264844,0.0,0
99.765,0.13681078026778482,0.17739855199238666,0.7126996713201501,0.0,0.0,1e-12,0.2199999925521492,0.8302705035444261,0.6,0.6,0.6270057712128891,12,64.98439826282625,478963.09693255165,478920.5247785403,42.24175364803219,0.33040036331264844,0.0,0
99.893,0.1558927370015887,0.19562662189037774,0.8123321317491354,0.0,0.0,1e-12,0.2199999925521492,0.8302705035444261,0.6,0.6,0.6006239172491615,12,64.98439826282625,478963.09693255165,478920.5247785403,42.24175364803219,0.33040036331264844,0.0,0
99.985,0.17034454503423316,0.21220574243960297,0.895359182104796,0.0,0.0,1e-12,0.2199999925521492,0.8302705035444261,0.6,0.6,0.5787816481011294,12,64.98439826282625,478963.09693255165,478920.5247785403,42.24175364803219,0.33040036331264844,0.0,0
100.087,0.18337163544788662,0.22992626469353983,0.9783862324588364,0.0,0.0,1e-12,0.2199999925521492,0.8302705035444261,0.6,0.6,0.557255564093392,12,64.98439826282625,478963.09693255165,478920.5247785403,42.24175364803219,0.33040036331264844,0.0,0
100.184,0.1948842576865673,0.248666102547393,1.0614132828112852,0.0,0.0,1e-12,0.2199999925521492,0.8302705035444261,0.6,0.6,0.5362408714089244,12,64.98439826282625,478963.09693255165,478920.5247785403,42.24175364803219,0.33040036331264844,0.0,0
100.295,0.20480309517118217,0.26829614728890805,1.1444403331619009,0.0,0.0,1e-12,0.2199999925521492,0.8302705035444261,0.6,0.6,0.5159535245442747,12,64.98439826282625,478963.09693255165,478920.5247785403,42.24175364803219,0.33040036331264844,0.0,0
100.365,0.2115443368812941,0.28455043201026564,1.2108619734413164,0.0,0.0,1e-12,0.2199999925521492,0.8302705035444261,0.6,0.6,0.5004060672632812,12,64.98439826282625,478963.09693255165,478920.5247785403,42.24175364803219,0.33040036331264844,0.0,0
100.491,0.21959752252119585,0.3096806887947641,1.3104944338585065,0.0,0.0,1e-12,0.2199999925521492,0.8302705035444261,0.6,0.6,0.4785304037683443,12,64.98439826282625,478963.09693255165,478920.5247785403,42.24175364803219,0.33040036331264844,0.0,0
100.585,0.22437118570627593,0.33115006543683423,1.393521484204262,0.0,0.0,1e-12,0.2199999925521492,0.8302705035444261,0.6,0.6,0.4619278011143382,12,64.98439826282625,478963.09693255165,478920.5247785403,42.24175364803219,0.33040036331264844,0.0,0
100.665,0.2268974864778843,0.34856453976180163,1.4599431244802883,0.0,0.0,1e-12,0.2199999925521492,0.8302705035444261,0.6,0.6,0.4499169659634043,12,64.98439826282625,478963.09693255165,478920.5247785403,42.24175364803219,0.33040036331264844,0.0,0
100.79,0.2285071961558721,0.3749044797724891,1.5595755848920074,0.0,0.0,1e-12,0.2199999925521492,0.8302705035444261,0.6,0.6,0.43436723694872,12,64.98439826282625,478963.09693255165,478920.5247785403,42.24175364803219,0.33040036331264844,0.0,0
100.891,0.22784104824416296,0.3968880700291312,1.642602635233336,0.0,0.0,1e-12,0.2199999925521492,0.8302705035444261,0.6,0.6,0.4239772888593144,12,64.98439826282625,478963.09693255165,478920.5247785403,42.24175364803219,0.33040036331264844,0.0,0
100.988,0.2253540587160324,0.41874068718826896,1.7256296855736277,0.0,0.0,1e-12,0.2199999925521492,0.8302705035444261,0.6,0.6,0.41619048499639083,12,64.98439826282625,478963.09693255165,478920.5247785403,42.24175364803219,0.33040036331264844,0.0,0
101.09,0.22106336176538247,0.44031177694510554,1.8086567359127397,0.0,0.0,1e-12,0.2199999925521492,0.8302705035444261,0.6,0.6,0.41120956260644415,12,64.98439826282625,478963.09693255165,478920.5247785403,42.24175364803219,0.33040036331264844,0.0,0
101.184,0.21499851828606273,0.4614527245869891,1.891683786250949,0.0,0.0,1e-12,0.2199999925521492,0.8302705035444261,0.6,0.6,0.409171710222366,12,64.98439826282625,478963.09693255165,478920.5247785403,42.24175364803219,0.33040036331264844,0.0,0
101.29,0.2072013122112067,0.4820178788787629,1.974710836596932,0.0,0.0,1e-12,0.2199999925521492,0.8302705035444261,0.6,0.6,0.41013484371955544,12,64.98439826282625,478963.09693255165,478920.5247785403,42.24175364803219,0.33040036331264844,0.0,0
101.384,0.19772546264126237,0.5018655555323502,2.0577378869434053,0.0,0.0,1e-12,0.2199999925521492,0.8302705035444261,0.6,0.6,0.41407145832351283,12,64.98439826282625,478963.09693255165,478920.5247785403,42.24175364803219,0.33040036331264844,0.0,0
101.486,0.18663625374501475,0.5208590133445067,2.1407649372956197,0.0,0.0,1e-12,0.2199999925521492,0.8302705035444261,0.6,0.6,0.4208715748144091,12,64.98439826282625,478963.09693255165,478920.5247785403,42.24175364803219,0.33040036331264844,0.0,0
101.584,0.1740100849815985,0.5388673962800954,2.223791987655998,0.0,0.0,1e-12,0.2199999925521492,0.8302705035444261,0.6,0.6,0.4303540437069922,12,64.98439826282625,478963.09693255165,478920.5247785403,42.24175364803219,0.33040036331264844,0.0,0
101.685,0.15993394474437467,0.5557666350091466,2.306819038015105,0.0,0.0,1e-12,0.2199999925521492,0.8302705035444261,0.6,0.6,0.4422835330041818,12,64.98439826282625,478963.09693255165,478920.5247785403,42.24175364803219,0.33040036331264844,0.0,0
101.785,0.14450481105177015,0.5714403016859115,2.3898460883723924,0.0,0.0,1e-12,0.2199999925521492,0.8302705035444261,0.6,0.6,0.45638966193678765,12,64.98439826282625,478963.09693255165,478920.5247785403,42.24175364803219,0.33040036331264844,0.0,0
101.889,0.12782898341389304,0.5857804120825334,2.4728731387277043,0.0,0.0,1e-12,0.2199999925521492,0.8302705035444261,0.6,0.6,0.4723850818818268,12,64.98439826282625,478963.09693255165,478920.5247785403,42.24175364803219,0.33040036331264844,0.0,0
101.985,0.1100213504785352,0.5986881695499037,2.555900189081489,0.0,0.0,1e-12,0.2199999925521492,0.8302705035444261,0.6,0.6,0.48998040561435535,12,64.98439826282625,478963.09693255165,478920.5247785403,42.24175364803219,0.33040036331264844,0.0,0
102.09,0.0912045985023312,0.6100746456801688,2.6389272394338175,0.0,0.0,1e-12,0.2199999925521492,0.8302705035444261,0.6,0.6,0.5088951356328285,12,64.98439826282625,478963.09693255165,478920.5247785403,42.24175364803219,0.33040036331264844,0.0,0
102.185,0.07150836609988143,0.6198613929818644,2.721954289784142,0.0,0.0,1e-12,0.2199999925521492,0.8302705035444261,0.6,0.6,0.528864710520183,12,64.98439826282625,478963.09693255165,478920.5247785403,42.24175364803219,0.33040036331264844,0.0,0
102.284,0.05106835109414157,0.6279809853465373,2.8049813401333434,0.0,0.0,1e-12,0.2199999925521492,0.8302705035444261,0.6,0.6,0.5496443311010019,12,64.98439826282625,478963.09693255165,478920.5247785403,42.24175364803219,0.33040036331264844,0.0,0
102.385,0.030025375622323512,0.6343774825828997,2.888008390480513,0.0,0.0,1e-12,0.2199999925521492,0.8302705035444261,0.6,0.6,0.5710104059850494,12,64.98439826282625,478963.09693255165,478920.5247785403,42.24175364803219,0.33040036331264844,0.0,0
102.484,0.008524415936847933,0.6390068158187276,2.9710354408262543,0.0,0.0,1e-12,0.2199999925521492,0.8302705035444261,0.6,0.6,0.5927604054111264,12,64.98439826282625,478963.09693255165,478920.5247785403,42.24175364803219,0.33040036331264844,0.0,0
102.588,-0.0132863964129484,0.6418370911146669,3.0540624911709155,0.0,0.0,1e-12,0.2199999925521492,0.8302705035444261,0.6,0.6,0.6147117586463732,12,64.98439826282625,478963.09693255165,478920.5247785403,42.24175364803219,0.33040036331264844,0.0,0
102.684,-0.035256795137770636,0.6428488091985697,3.137089541513552,0.0,0.0,1e-12,0.2199999925521492,0.8302705035444261,0.6,0.6,0.6367002561790335,12,64.98439826282625,478963.09693255165,478920.5247785403,42.24175364803219,0.33040036331264844,0.0,0
102.786,-0.057235414473098725,0.6420349998063702,-3.0630687153246705,0.0,0.0,1e-12,0.2199999925521492,0.8302705035444261,0.6,0.6,0.6585782650880209,12,64.98439826282625,478963.09693255165,478920.5247785403,42.24175364803219,0.33040036331264844,0.0,0
102.884,-0.0790708320180953,0.6394012697039186,-2.980041664984507,0.0,0.0,1e-12,0.2199999925521492,0.8302705035444261,0.6,0.6,0.6802129482390269,12,64.98439826282625,478963.09693255165,478920.5247785403,42.24175364803219,0.33040036331264844,0.0,0
102.984,-0.10061261196535719,0.6349657640589765,-2.89701461464526,0.0,0.0,1e-12,0.2199999925521492,0.8302705035444261,0.6,0.6,0.7014845947710813,12,64.98439826282625,478963.09693255165,478920.5247785403,42.24175364803219,0.33040036331264844,0.0,0
103.084,-0.1217123415329865,0.6287590414295535,-2.813987564307157,0.0,0.0,1e-12,0.2199999925521492,0.8302705035444261,0.6,0.6,0.7222851143315726,12,64.98439826282625,478963.09693255165,478920.5247785403,42.24175364803219,0.33040036331264844,0.0,0
103.185,-0.14222465345911542,0.6208238632296985,-2.7309605139588222,0.0,0.0,1e-12,0.2199999925521492,0.8302705037099954,0.6,0.6,0.7425167132679998,12,64.98439826278047,478963.09688020847,478920.5247261971,42.241753647759204,0.33040036361328684,0.0,0
103.286,-0.16200822751473884,0.6112148991230477,-2.6479334635959852,0.0,0.0,1e-12,0.2199999925521492,0.8302705037099954,0.6,0.6,0.7620907510018043,12,64.98439826278047,478963.09688020847,478920.5247261971,42.241753647759204,0.33040036361328684,0.0,0
103.366,-0.1772186093106579,0.6023667130250537,-2.5815118233014354,0.0,0.0,1e-12,0.2199999925521492,0.8302705037099954,0.6,0.6,0.7772222127482822,12,64.98439826278047,478963.09688020847,478920.5247261971,42.241753647759204,0.33040036361328684,0.0,0
103.492,-0.19884992345195113,0.5872514937570278,-2.4818793628488103,0.0,0.0,1e-12,0.2199999925521492,0.8302705037099954,0.6,0.6,0.7989516409712262,12,64.98439826278047,478963.09688020847,478920.5247261971,42.241753647759204,0.33040036361328684,0.0,0
103.585,-0.2156542232910746,0.5730621491450771,-2.3988523124730343,0.0,0.0,1e-12,0.2199999925521492,0.8302705037099954,0.6,0.6,0.8160989276927451,12,64.98439826278047,478963.09688020847,478920.5247261971,42.241753647759204,0.33040036361328684,0.0,0
103.685,-0.2312238898895068,0.5575280744829081,-2.315825262099646,0.0,0.0,1e-12,0.2199999925521492,0.8302705037099954,0.6,0.6,0.8323082479347254,12,64.98439826278047,478963.09688020847,478920.5247261971,42.241753647759204,0.33040036361328684,0.0,0
103.791,-0.24545165553128886,0.5407562922747934,-2.232798211728133,0.0,0.0,1e-12,0.2199999925521492,0.8302705037099954,0.6,0.6,0.8475248189555435,12,64.98439826278047,478963.09688020847,478920.5247261971,42.241753647759204,0.33040036361328684,0.0,0
103.893,-0.2582394975700813,0.5228623522505782,-2.1497711613573807,0.0,0.0,1e-12,0.2199999925521492,0.8302705037099954,0.6,0.6,0.8616990494886596,12,64.98439826278047,478963.09688020847,478920.5247261971,42.241753647759204,0.33040036361328684,0.0,0
103.993,-0.2694993137590703,0.5039695352825377,-2.066744110988909,0.0,0.0,1e-12,0.2199999925521492,0.8302705037099954,0.6,0.6,0.874786206327778,12,64.98439826278047,478963.09688020847,478920.5247261971,42.241753647759204,0.33040036361328684,0.0,0
104.089,-0.27915352923456294,0.4842080040374219,-1.9837170606223207,0.0,0.0,1e-12,0.2199999925521492,0.8302705037099954,0.6,0.6,0.886746138584536,12,64.98439826278047,478963.09688020847,478920.5247261971,42.241753647759204,0.33040036361328684,0.0,0
104.185,-0.28713563097030415,0.4637139062167403,-1.9006900102567195,0.0,0.0,1e-12,0.2199999925521492,0.8302705037099954,0.6,0.6,0.897543050274347,12,64.98439826278047,478963.09688020847,478920.5247261971,42.241753647759204,0.33040036361328684,0.0,0
104.289,-0.2933906260210836,0.4426284365629458,-1.8176629598921985,0.0,0.0,1e-12,0.2199999925521492,0.8302705037099954,0.6,0.6,0.9071453134095807,12,64.98439826278047,478963.09688020847,478920.5247261971,42.241753647759204,0.33040036361328684,0.0,0
104.386,-0.2978754203984478,0.4210968640936445,-1.7346359095295392,0.0,0.0,1e-12,0.2199999925521492,0.8302705037099954,0.6,0.6,0.9155253151021098,12,64.98439826278047,478963.09688020847,478920.5247261971,42.241753647759204,0.33040036361328684,0.0,0
104.489,-0.3005591159681372,0.3992675312661257,-1.6516088591695943,0.0,0.0,1e-12,0.2199999925521492,0.8302705037099954,0.6,0.6,0.922659333317183,12,64.98439826278047,478963.09688020847,478920.5247261971,42.241753647759204,0.33040036361328684,0.0,0
104.584,-0.30142322332374527,0.37729083196694774,-1.5685818088108214,0.0,0.0,1e-12,0.2199999925521492,0.8302705037099954,0.6,0.6,0.9285274368985253,12,64.98439826278047,478963.09688020847,478920.5247261971,42.241753647759204,0.33040036361328684,0.0,0
104.687,-0.3004617891700158,0.3553181753687428,-1.4855547584529938,0.0,0.0,1e-12,0.2199999925521492,0.8302705037099954,0.6,0.6,0.9331134063232331,12,64.98439826278047,478963.09688020847,478920.5247261971,42.241753647759204,0.33040036361328684,0.0,0
104.788,-0.29768143733831026,0.3335009427919588,-1.4025277080963814,0.0,0.0,1e-12,0.2199999925521492,0.8302705037099954,0.6,0.6,0.9364046723690295,12,64.98439826278047,478963.09688020847,478920.5247261971,42.241753647759204,0.33040036361328684,0.0,0
104.885,-0.29310132315149595,0.31198944475815854,-1.3195006577406283,0.0,0.0,1e-12,0.2199999925521492,0.8302705037099954,0.6,0.6,0.9383922705061389,12,64.98439826278047,478963.09688020847,478920.5247261971,42.241753647759204,0.33040036361328684,0.0,0
104.984,-0.28675300145278115,0.2909318854211128,-1.2364736073862115,0.0,0.0,1e-12,0.2199999925521492,0.8302705037099954,0.6,0.6,0.9390708093827984,12,64.98439826278047,478963.09688020847,478920.5247261971,42.241753647759204,0.33040036361328684,0.0,0
105.085,-0.2786802092074872,0.2704733415094968,-1.1534465570213774,0.0,0.0,1e-12,0.2199999925521492,0.8302705037099954,0.6,0.6,0.9384384522752839,12,64.98439826278047,478963.09688020847,478920.5247261971,42.241753647759204,0.33040036361328684,0.0,0
105.184,-0.26893856417594086,0.25075476281598325,-1.0704195066596704,0.0,0.0,1e-12,0.2199999925521492,0.8302705037099954,0.6,0.6,0.936496910837332,12,64.98439826278047,478963.09688020847,478920.5247261971,42.241753647759204,0.33040036361328684,0.0,0
105.285,-0.257595181733175,0.2319120011191823,-0.9873924562879447,0.0,0.0,1e-12,0.2199999925521492,0.8302705037099954,0.6,0.6,0.9332514509241561,12,64.98439826278047,478963.09688020847,478920.5247261971,42.241753647759204,0.33040036361328684,0.0,0
105.385,-0.24472821247516027,0.21407487422862126,-0.9043654059114935,0.0,0.0,1e-12,0.2199999925521492,0.8302705037099954,0.6,0.6,0.9287109106999519,12,64.98439826278047,478963.09688020847,478920.5247261971,42.241753647759204,0.33040036361328684,0.0,0
105.487,-0.23042630379801915,0.19736627160031112,-0.821338355535867,0.0,0.0,1e-12,0.2199999925521492,0.8302705037099954,0.6,0.6,0.9228877316795766,12,64.98439826278047,478963.09688020847,478920.5247261971,42.241753647759204,0.33040036361328684,0.0,0
105.586,-0.21478798915916905,0.18190130768661308,-0.738311305162777,0.0,0.0,1e-12,0.2199999925521492,0.8302705037099954,0.6,0.6,0.9157980038153645,12,64.98439826278047,478963.09688020847,478920.5247261971,42.241753647759204,0.33040036361328684,0.0,0
105.685,-0.19792100922749462,0.16778652885095283,-0.6552842547911929,0.0,0.0,1e-12,0.2199999925521492,0.8302705037099954,0.6,0.6,0.9074615262419293,12,64.98439826278047,478963.09688020847,478920.5247261971,42.241753647759204,0.33040036361328684,0.0,0
105.786,-0.1799415696006602,0.1551191793134998,-0.5722572044203909,0.0,0.0,1e-12,0.2199999925521492,0.8302705037099954,0.6,0.6,0.8979018858460179,12,64.98439826278047,478963.09688020847,478920.5247261971,42.241753647759204,0.33040036361328684,0.0,0
105.884,-0.16097354020316448,0.14398653118411014,-0.4892301540523527,0.0,0.0,1e-12,0.2199999925521492,0.8302705037099954,0.6,0.6,0.8871465564554921,12,64.98439826278047,478963.09688020847,478920.5247261971,42.241753647759204,0.33040036361328684,0.0,0
105.985,-0.14114760188014921,0.13446528319803555,-0.4062031036858138,0.0,0.0,1e-12,0.2199999925521492,0.8302705037099954,0.6,0.6,0.8752270221608685,12,64.98439826278047,478963.09688020847,478920.5247261971,42.241753647759204,0.33040036361328684,0.0,0
106.09,-0.12060034606782208,0.12662103229779734,-0.3231760533203478,0.0,0.0,1e-12,0.2199999925521492,0.8302705037099954,0.6,0.6,0.8621789291184678,12,64.98439826278047,478963.09688020847,478920.5247261971,42.241753647759204,0.33040036361328684,0.0,0
106.184,-0.09947333374225097,0.12050782170084927,-0.24014900295585526,0.0,0.0,1e-12,0.2199999925521492,0.8302705037099954,0.6,0.6,0.8480422711554908,12,64.98439826278047,478963.09688020847,478920.5247261971,42.241753647759204,0.33040036361328684,0.0,0
106.284,-0.07791212013066477,0.11616776856711833,-0.15712195259346595,0.0,0.0,1e-12,0.2199999925521492,0.8302705037099954,0.6,0.6,0.8328616156321375,12,64.98439826278047,478963.09688020847,478920.5247261971,42.241753647759204,0.33040036361328684,0.0,0
106.385,-0.05606525190392512,0.11363077383143022,-0.07409490223364165,0.0,0.0,1e-12,0.2199999925521492,0.8302705037099954,0.6,0.6,0.8166863773319437,12,64.98439826278047,478963.09688020847,478920.5247261971,42.241753647759204,0.33040036361328684,0.0,0
106.469,-0.038483192186413495,0.11291154668261469,-0.007673261946602212,0.0,0.0,1e-12,0.2199999925521492,0.8302705037099954,0.6,0.6,0.8030665900532005,12,64.98439826278047,478963.09688020847,478920.5247261971,42.241753647759204,0.33040036361328684,0.0,0
106.596,-0.012117541444819139,0.11402333173091513,0.09195919848280233,0.0,0.0,1e-12,0.2199999925521492,0.8302705037099954,0.6,0.6,0.781576104193552,12,64.98439826278047,478963.09688020847,478920.5247261971,42.241753647759204,0.33040036361328684,0.0,0
106.684,0.009680521630749431,0.11695017982586782,0.17498624883932967,0.0,0.0,1e-12,0.2199999925521492,0.8302705037099954,0.6,0.6,0.7627674713255709,12,64.98439826278047,478963.09688020847,478920.5247261971,42.241753647759204,0.33040036361328684,0.0,0
106.785,0.03116076701478264,0.12167469587140436,0.2580132991949262,0.0,0.0,1e-12,0.2199999925521492,0.8302705037099954,0.6,0.6,0.7432181170779705,12,64.98439826278047,478963.09688020847,478920.5247261971,42.241753647759204,0.33040036361328684,0.0,0
106.884,0.052175205869615285,0.12816433016309853,0.34104034954989754,0.0,0.0,1e-12,0.2199999925521492,0.8302705037099954,0.6,0.6,0.7230082325910513,12,64.98439826278047,478963.09688020847,478920.5247261971,42.241753647759204,0.33040036361328684,0.0,0
106.994,0.07257905854650978,0.13637437215801007,0.424067399914852,0.0,0.0,1e-12,0.2199999925521492,0.8302705037099954,0.6,0.6,0.7022261546507401,12,64.98439826278047,478963.09688020847,478920.5247261971,42.241753647759204,0.33040036361328684,0.0,0
107.089,0.09223175204982974,0.14624825850926113,0.5070944502764242,0.0,0.0,1e-12,0.2199999925521492,0.8302705037099954,0.6,0.6,0.6809693359706176,12,64.98439826278047,478963.09688020847,478920.5247261971,42.241753647759204,0.33040036361328684,0.0,0
107.191,0.11099788851903812,0.15771796276101505,0.5901215006495852,0.0,0.0,1e-12,0.2199999925521492,0.8302705037099954,0.6,0.6,0.6593454826546595,12,64.98439826278047,478963.09688020847,478920.5247261971,42.241753647759204,0.33040036361328684,0.0,0
107.289,0.12874817805663563,0.17070446401918693,0.673148551025958,0.0,0.0,1e-12,0.2199999925521492,0.8302705037099954,0.6,0.6,0.6374738715414099,12,64.98439826278047,478963.09688020847,478920.5247261971,42.241753647759204,0.33040036361328684,0.0,0
107.364,0.14213456327966922,0.1821259701482985,0.739570191326441,0.0,0.0,1e-12,0.2199999925521492,0.8302705037099954,0.6,0.6,0.619886653322686,12,64.98439826278047,478963.09688020847,478920.5247261971,42.241753647759204,0.33040036361328684,0.0,0
107.495,0.16071989282632945,0.2008601402830046,0.839202651774348,0.0,0.0,1e-12,0.2199999925521492,0.8302705037099954,0.6,0.6,0.5935314988889926,12,64.98439826278047,478963.09688020847,478920.5247261971,42.241753647759204,0.33040036361328684,0.0,0
107.564,0.17203426002399416,0.21433720251888683,0.905624292071669,0.0,0.0,1e-12,0.2199999925521492,0.8302705037099954,0.6,0.6,0.5760993559744433,12,64.98439826278047,478963.09688020847,478920.5247261971,42.241753647759204,0.33040036361328684,0.0,0
107.665,0.18487876418009003,0.2321905133206114,0.988651342442521,0.0,0.0,1e-12,0.2199999925521492,0.8302705037099954,0.6,0.6,0.5546255123234096,12,64.98439826278047,478963.09688020847,478920.5247261971,42.241753647759204,0.33040036361328684,0.0,0
107.784,0.19827231100496207,0.25492807054310745,1.0882838028844173,0.0,0.0,1e-12,0.2199999925521492,0.8302705037099954,0.6,0.6,0.5295845282902405,12,64.98439826278047,478963.09688020847,478920.5247261971,42.241753647759204,0.33040036361328684,0.0,0
107.884,0.20766016184210287,0.2748175212710778,1.1713108532508636,0.0,0.0,1e-12,0.2199999925521492,0.8302705037099954,0.6,0.6,0.5095823712394796,12,64.98439826278047,478963.09688020847,478920.5247261971,42.241753647759204,0.33040036361328684,0.0,0
107.991,0.21536620792414735,0.2954170078516869,1.25433790361623,0.0,0.0,1e-12,0.2199999925521492,0.8302705037099954,0.6,0.6,0.4906260827887869,12,64.98439826278047,478963.09688020847,478920.5247261971,42.241753647759204,0.33040036361328684,0.0,0
108.09,0.2213373582001703,0.3165846094633248,1.337364953980616,0.0,0.0,1e-12,0.2199999925521492,0.8302705037099954,0.6,0.6,0.4729795766075764,12,64.98439826278047,478963.09688020847,478920.5247261971,42.241753647759204,0.33040036361328684,0.0,0
108.185,0.22553247423935935,0.33817449123756244,1.4203920043427354,0.0,0.0,1e-12,0.2199999925521492,0.8302705037099954,0.6,0.6,0.4569228872446699,12,64.98439826278047,478963.09688020847,478920.5247261971,42.241753647759204,0.33040036361328684,0.0,0
108.284,0.22792265365563893,0.36003790899333304,1.503419054702446,0.0,0.0,1e-12,0.2199999925521492,0.8302705037099954,0.6,0.6,0.4427452504352289,12,64.98439826278047,478963.09688020847,478920.5247261971,42.241753647759204,0.33040036361328684,0.0,0
108.385,0.22849142923152715,0.3820242340149029,1.5864461050610692,0.0,0.0,1e-12,0.2199999925521492,0.8302705037099954,0.6,0.6,0.43073431800963247,12,64.98439826278047,478963.09688020847,478920.5247261971,42.241753647759204,0.33040036361328684,0.0,0
108.489,0.2272348823695046,0.40398199081286307,1.669473155418705,0.0,0.0,1e-12,0.2199999925521492,0.8302705037099954,0.6,0.6,0.42116136200720683,12,64.98439826278047,478963.09688020847,478920.5247261971,42.241753647759204,0.33040036361328684,0.0,0
108.584,0.22416167008937538,0.42575990071944636,1.7525002057751684,0.0,0.0,1e-12,0.2199999925521492,0.8302705037099954,0.6,0.6,0.4142632767061361,12,64.98439826278047,478963.09688020847,478920.5247261971,42.241753647759204,0.33040036361328684,0.0,0
108.686,0.21929296538543924,0.44720792412788213,1.8355272561306513,0.0,0.0,1e-12,0.2199999925521492,0.8302705037099954,0.6,0.6,0.41022343260023963,12,64.98439826278047,478963.09688020847,478920.5247261971,42.241753647759204,0.33040036361328684,0.0,0
108.785,0.21266231135450048,0.4681782941948367,1.918554306486724,0.0,0.0,1e-12,0.2199999925521492,0.8302705037099954,0.6,0.6,0.4091545516875267,12,64.98439826278047,478963.09688020847,478920.5247261971,42.241753647759204,0.33040036361328684,0.0,0
108.888,0.20431539009948144,0.48852653488489345,2.00158135685138,0.0,0.0,1e-12,0.2199999925521492,0.8302705037099954,0.6,0.6,0.4110871488345196,12,64.98439826278047,478963.09688020847,478920.5247261971,42.241753647759204,0.33040036361328684,0.0,0
108.984,0.19430970800131858,0.5081124563430068,2.0846084072128384,0.0,0.0,1e-12,0.2199999925521492,0.8302705037099954,0.6,0.6,0.41596626510005735,12,64.98439826278047,478963.09688020847,478920.5247261971,42.241753647759204,0.33040036361328684,0.0,0
109.085,0.18271419952685883,0.5268011207367225,2.167635457587243,0.0,0.0,1e-12,0.2199999925521492,0.8302705037099954,0.6,0.6,0.42365730868463725,12,64.98439826278047,478963.09688020847,478920.5247261971,42.241753647759204,0.33040036361328684,0.0,0
109.184,0.1696087523023823,0.5444637719149528,2.2506625079635163,0.0,0.0,1e-12,0.2199999925521492,0.8302705037099954,0.6,0.6,0.4339595588584569,12,64.98439826278047,478963.09688020847,478920.5247261971,42.241753647759204,0.33040036361328684,0.0,0
109.286,0.15508365672565275,0.5609787224776062,2.333689558339143,0.0,0.0,1e-12,0.2199999925521492,0.8302705037099954,0.6,0.6,0.44662424095888087,12,64.98439826278047,478963.09688020847,478920.5247261971,42.241753647759204,0.33040036361328684,0.0,0
109.384,0.13923898390738693,0.5762321921444244,2.4167166087116008,0.0,0.0,1e-12,0.2199999925521492,0.8302705037099954,0.6,0.6,0.46137362586190034,12,64.98439826278047,478963.09688020847,478920.5247261971,42.241753647759204,0.33040036361328684,0.0,0
109.484,0.12218389622769162,0.5901190916484123,2.4997436590829927,0.0,0.0,1e-12,0.2199999925521492,0.8302705037099954,0.6,0.6,0.4779182580462917,12,64.98439826278047,478963.09688020847,478920.5247261971,42.241753647759204,0.33040036361328684,0.0,0
109.596,0.10403589525861,0.6025437467512944,2.582770709453603,0.0,0.0,1e-12,0.2199999925521492,0.8302705037099954,0.6,0.6,0.49597062800075487,12,64.98439826278047,478963.09688020847,478920.5247261971,42.241753647759204,0.33040036361328684,0.0,0
109.692,0.08492001223343192,0.613420557394292,2.6657977598212574,0.0,0.0,1e-12,0.2199999925521492,0.8302705037099954,0.6,0.6,0.515254796346799,12,64.98439826278047,478963.09688020847,478920.5247261971,42.241753647759204,0.33040036361328684,0.0,0
109.784,0.06496794663951122,0.62267458744273,2.7488248101876684,0.0,0.0,1e-12,0.2199999925521492,0.8302705037099954,0.6,0.6,0.5355123108191248,12,64.98439826278047,478963.09688020847,478920.5247261971,42.241753647759204,0.33040036361328684,0.0,0
109.864,0.048496446536750046,0.6288661781885395,2.815246450479902,0.0,0.0,1e-12,0.2199999925521492,0.8302705037099954,0.6,0.6,0.5522584772783523,12,64.98439826278047,478963.09688020847,478920.5247261971,42.241753647759204,0.33040036361328684,0.0,0
109.984,0.023109923190614653,0.6360709014592465,2.914878910917229,0.0,0.0,1e-12,0.2199999925521492,0.8302705037099954,0.6,0.6,0.5780166698748584,12,64.98439826278047,478963.09688020847,478920.5247261971,42.241753647759204,0.33040036361328684,0.0,0
110.084,0.0014923475270477782,0.6401208910934647,2.997905961279043,0.0,0.0,1e-12,0.2199999925521492,0.8302705037099954,0.6,0.6,0.5998508947820431,12,64.98439826278047,478963.09688020847,478920.5247261971,42.241753647759204,0.33040036361328684,0.0,0
110.193,-0.020386633140750867,0.6423641473301799,3.0809330116386398,0.0,0.0,1e-12,0.2199999925521492,0.8302705037099954,0.6,0.6,0.6218314044487699,12,64.98439826278047,478963.09688020847,478920.5247261971,42.241753647759204,0.33040036361328684,0.0,0
110.289,-0.0423762828758661,0.6427852151838481,-3.1192252451823803,0.0,0.0,1e-12,0.2199999925521492,0.8302705037099954,0.6,0.6,0.6437995522208314,12,64.98439826278047,478963.09688020847,478920.5247261971,42.241753647759204,0.33040036361328684,0.0,0
110.389,-0.06432510328314922,0.6413811936940238,-3.0361981948248866,0.0,0.0,1e-12,0.2199999925521492,0.8302705037099954,0.6,0.6,0.6656126847076378,12,64.98439826278047,478963.09688020847,478920.5247261971,42.241753647759204,0.33040036361328684,0.0,0
110.488,-0.0860818772623956,0.6381617559116792,-2.9531711444684943,0.0,0.0,1e-12,0.2199999925521492,0.8302705037099954,0.6,0.6,0.6871423883898848,12,64.98439826278047,478963.09688020847,478920.5247261971,42.241753647759204,0.33040036361328684,0.0,0
110.564,-0.10324822335717404,0.6342935944148117,-2.8867495041839986,0.0,0.0,1e-12,0.2199999925521492,0.8302705037099954,0.6,0.6,0.7040838829805077,12,64.98439826278047,478963.09688020847,478920.5247261971,42.241753647759204,0.33040036361328684,0.0,0
110.685,-0.12842206578555618,0.6263777077036433,-2.7871170437560933,0.0,0.0,1e-12,0.2199999925521492,0.8302705037099954,0.6,0.6,0.7288995056844227,12,64.98439826278047,478963.09688020847,478920.5247261971,42.241753647759204,0.33040036361328684,0.0,0
110.796,-0.14871377624623988,0.6178942838548995,-2.7040899933917073,0.0,0.0,1e-12,0.2199999925521492,0.8302705037099954,0.6,0.6,0.7489275827044858,12,64.98439826278047,478963.09688020847,478920.5247261971,42.241753647759204,0.33040036361328684,0.0,0
110.89,-0.16823204181731366,0.6077572575300864,-2.6210629430303767,0.0,0.0,1e-12,0.2199999925521492,0.8302705037099954,0.6,0.6,0.7682712054471303,12,64.98439826278047,478963.09688020847,478920.5247261971,42.241753647759204,0.33040036361328684,0.0,0
110.993,-0.18684239078367526,0.5960364680962972,-2.5380358926547286,0.0,0.0,1e-12,0.2199999925521492,0.8302705037099954,0.6,0.6,0.7868523733962564,12,64.98439826278047,478963.09688020847,478920.5247261971,42.241753647759204,0.33040036361328684,0.0,0
111.084,-0.20441660655094201,0.5828126663069758,-2.4550088422785548,0.0,0.0,1e-12,0.2199999925521492,0.8302705037099954,0.6,0.6,0.804600199685787,12,64.98439826278047,478963.09688020847,478920.5247261971,42.241753647759204,0.33040036361328684,0.0,0
111.185,-0.22083361099757506,0.568176957967469,-2.3719817919029493,0.0,0.0,1e-12,0.2199999925521492,0.8302705037099954,0.6,0.6,0.8214502559178629,12,64.98439826278047,478963.09688020847,478920.5247261971,42.241753647759204,0.33040036361328684,0.0,0
111.284,-0.23598029864622902,0.5522301762586692,-2.2889547415307687,0.0,0.0,1e-12,0.2199999925521492,0.8302705037099954,0.6,0.6,0.8373440247502314,12,64.98439826278047,478963.09688020847,478920.5247261971,42.241753647759204,0.33040036361328684,0.0,0
111.392,-0.24975231590804434,0.5350821870431238,-2.205927691159469,0.0,0.0,1e-12,0.2199999925521492,0.8302705037099954,0.6,0.6,0.8522284440396183,12,64.98439826278047,478963.09688020847,478920.5247261971,42.241753647759204,0.33040036361328684,0.0,0
111.486,-0.262054780029625,0.5168511319409865,-2.1229006407889512,0.0,0.0,1e-12,0.2199999925521492,0.8302705037099954,0.6,0.6,0.8660555282609887,12,64.98439826278047,478963.09688020847,478920.5247261971,42.241753647759204,0.33040036361328684,0.0,0
111.585,-0.27280293279085505,0.4976626143896734,-2.039873590421524,0.0,0.0,1e-12,0.2199999925521492,0.8302705037099954,0.6,0.6,0.8787820548815699,12,64.98439826278047,478963.09688020847,478920.5247261971,42.241753647759204,0.33040036361328684,0.0,0
111.686,-0.2819227244496593,0.4776488342944102,-1.9568465400551414,0.0,0.0,1e-12,0.2199999925521492,0.8302705037099954,0.6,0.6,0.8903693052044338,12,64.98439826278047,478963.09688020847,478920.5247261971,42.241753647759204,0.33040036361328684,0.0,0
111.784,-0.28935132390968726,0.4569476772333658,-1.8738194896899951,0.0,0.0,1e-12,0.2199999925521492,0.8302705037099954,0.6,0.6,0.9007828508518814,12,64.98439826278047,478963.09688020847,478920.5247261971,42.241753647759204,0.33040036361328684,0.0,0
111.885,-0.2950375515974007,0.4357017644901474,-1.7907924393257515,0.0,0.0,1e-12,0.2199999925521492,0.8302705037099954,0.6,0.6,0.9099923785181504,12,64.98439826278047,478963.09688020847,478920.5247261971,42.241753647759204,0.33040036361328684,0.0,0
111.985,-0.29894223206525883,0.414057470460292,-1.7077653889642217,0.0,0.0,1e-12,0.2199999925521492,0.8302705037099954,0.6,0.6,0.9179715468804547,12,64.98439826278047,478963.09688020847,478920.5247261971,42.241753647759204,0.33040036361328684,0.0,0
112.084,-0.301038463892368,0.39216391419977,-1.6247383386047525,0.0,0.0,1e-12,0.2199999925521492,0.8302705037099954,0.6,0.6,0.9246978706443952,12,64.98439826278047,478963.09688020847,478920.5247261971,42.241753647759204,0.33040036361328684,0.0,0
112.184,-0.30131180502254384,0.3701719320645074,-1.5417112882462432,0.0,0.0,1e-12,0.2199999925521492,0.8302705037099954,0.6,0.6,0.930152627628368,12,64.98439826278047,478963.09688020847,478920.5247261971,42.241753647759204,0.33040036361328684,0.0,0
112.285,-0.299760372263336,0.3482330385188273,-1.4586842378888558,0.0,0.0,1e-12,0.2199999925521492,0.8302705037099954,0.6,0.6,0.934320785591822,12,64.98439826278047,478963.09688020847,478920.5247261971,42.241753647759204,0.33040036361328684,0.0,0
112.384,-0.2963948542603621,0.32649838227147127,-1.3756571875325416,0.0,0.0,1e-12,0.2199999925521492,0.8302705037099954,0.6,0.6,0.9371909462028419,12,64.98439826278047,478963.09688020847,478920.5247261971,42.241753647759204,0.33040036361328684,0.0,0
112.484,-0.291238437857553,0.30511770493177987,-1.2926301371773004,0.0,0.0,1e-12,0.2199999925521492,0.8302705037099954,0.6,0.6,0.938755304144521,12,64.98439826278047,478963.09688020847,478920.5247261971,42.241753647759204,0.33040036361328684,0.0,0
112.586,-0.2843266483506633,0.28423830936019684,-1.2096030868194088,0.0,0.0,1e-12,0.2199999925521492,0.8302705037099954,0.6,0.6,0.9390096198968488,12,64.98439826278047,478963.09688020847,478920.5247261971,42.241753647759204,0.33040036361328684,0.0,0
112.684,-0.27570710473444565,0.26400404482043066,-1.1265760364552573,0.0,0.0,1e-12,0.2199999925521492,0.8302705037099954,0.6,0.6,0.9379532052183714,12,64.98439826278047,478963.09688020847,478920.5247261971,42.241753647759204,0.33040036361328684,0.0,0
112.784,-0.2654391916303351,0.24455431592515933,-1.043548986094005,0.0,0.0,1e-12,0.2199999925521492,0.8302705037099954,0.6,0.6,0.9355889208072096,12,64.98439826278047,478963.09688020847,478920.5247261971,42.241753647759204,0.33040036361328684,0.0,0
112.885,-0.25359365015407653,0.22602312220393037,-0.9605219357171205,0.0,0.0,1e-12,0.2199999925521492,0.8302705037099954,0.6,0.6,0.9319231860563704,12,64.98439826278047,478963.09688020847,478920.5247261971,42.241753647759204,0.33040036361328684,0.0,0
112.985,-0.24025209054227797,0.20853813490845227,-0.8774948853410247,0.0,0.0,1e-12,0.2199999925521492,0.8302705037099954,0.6,0.6,0.9269660012544265,12,64.98439826278047,478963.09688020847,478920.5247261971,42.241753647759204,0.33040036361328684,0.0,0
113.084,-0.2255064298965997,0.19221981741789188,-0.7944678349654264,0.0,0.0,1e-12,0.2199999925521492,0.8302705037099954,0.6,0.6,0.9207309830277937,12,64.98439826278047,478963.09688020847,478920.5247261971,42.241753647759204,0.33040036361328684,0.0,0
113.184,-0.20945825891788036,0.1771805953026728,-0.7114407845935442,0.0,0.0,1e-12,0.2199999925521492,0.8302705037099954,0.6,0.6,0.9132354142930335,12,64.98439826278047,478963.09688020847,478920.5247261971,42.241753647759204,0.33040036361328684,0.0,0
113.291,-0.19221814199324083,0.16352408176437802,-0.6284137342223299,0.0,0.0,1e-12,0.2199999925521492,0.8302705037099954,0.6,0.6,0.9045003105045636,12,64.98439826278047,478963.09688020847,478920.5247261971,42.241753647759204,0.33040036361328684,0.0,0
113.384,-0.1739048554596684,0.15134436378983657,-0.5453866838519257,0.0,0.0,1e-12,0.2199999925521492,0.8302705037099954,0.6,0.6,0.8945505045592432,12,64.98439826278047,478963.09688020847,478920.5247261971,42.241753647759204,0.33040036361328684,0.0,0
113.485,-0.15464456929064857,0.14072535393565294,-0.4623596334847615,0.0,0.0,1e-12,0.2199999925521492,0.8302705037099954,0.6,0.6,0.8834147533731818,12,64.98439826278047,478963.09688020847,478920.5247261971,42.241753647759204,0.33040036361328684,0.0,0
113.596,-0.13456997784359215,0.13174021220971235,-0.37933258311839313,0.0,0.0,1e-12,0.2199999925521492,0.8302705037099954,0.6,0.6,0.871125869900866,12,64.98439826278047,478963.09688020847,478920.5247261971,42.241753647759204,0.33040036361328684,0.0,0
113.665,-0.11801678119189006,0.12577047249937673,-0.3129109428263728,0.0,0.0,1e-12,0.2199999925521492,0.8302705037099954,0.6,0.6,0.8604892462004547,12,64.98439826278047,478963.09688020847,478920.5247261971,42.241753647759204,0.33040036361328684,0.0,0
113.795,-0.0925357546035875,0.11890746375548758,-0.213278482389202,0.0,0.0,1e-12,0.2199999925521492,0.8302705037099954,0.6,0.6,0.8432412465211471,12,64.98439826278047,478963.09688020847,478920.5247261971,42.241753647759204,0.33040036361328684,0.0,0
113.892,-0.07086571893619441,0.1151482686581,-0.13025143202798506,0.0,0.0,1e-12,0.2199999925521492,0.8302705037099954,0.6,0.6,0.827733057349418,12,64.98439826278047,478963.09688020847,478920.5247261971,42.241753647759204,0.33040036361328684,0.0,0
113.987,-0.048958575060000224,0.11319915583596123,-0.04722438166862975,0.0,0.0,1e-12,0.2199999925521492,0.8302705037099954,0.6,0.6,0.8112473691931005,12,64.98439826278047,478963.09688020847,478920.5247261971,42.241753647759204,0.33040036361328684,0.0,0
114.086,-0.026965252943243385,0.1130735537641723,0.03580266868980896,0.0,0.0,1e-12,0.2199999925521492,0.8302705037099954,0.6,0.6,0.7938405333831459,12,64.98439826278047,478963.09688020847,478920.5247261971,42.241753647759204,0.33040036361328684,0.0,0
114.187,-0.005037276282119776,0.11477232778221359,0.1188297190470895,0.0,0.0,1e-12,0.2199999925521492,0.8302705037099954,0.6,0.6,0.7755746254080117,12,64.98439826278047,478963.09688020847,478920.5247261971,42.241753647759204,0.33040036361328684,0.0,0
114.284,0.016674281426881595,0.11828377413215295,0.20185676940331843,0.0,0.0,1e-12,0.2199999925521492,0.8302705037099954,0.6,0.6,0.7565179549840225,12,64.98439826278047,478963.09688020847,478920.5247261971,42.241753647759204,0.33040036361328684,0.0,0
114.387,0.0380198377125129,0.12358370059204332,0.2848838197584602,0.0,0.0,1e-12,0.2199999925521492,0.8302705037099954,0.6,0.6,0.7367456773855154,12,64.98439826278047,478963.09688020847,478920.5247261971,42.241753647759204,0.33040036361328684,0.0,0
114.485,0.0588523316819575,0.13063559314900908,0.3679108701172187,0.0,0.0,1e-12,0.2199999925521492,0.8302705037099954,0.6,0.6,0.7163405233159972,12,64.98439826278047,478963.09688020847,478920.5247261971,42.241753647759204,0.33040036361328684,0.0,0
114.584,0.07902823720159519,0.1393908675638521,0.45093792048102904,0.0,0.0,1e-12,0.2199999925521492,0.8302705037099954,0.6,0.6,0.6953936658590284,12,64.98439826278047,478963.09688020847,478920.5247261971,42.241753647759204,0.33040036361328684,0.0,0
114.69,0.09840855172509896,0.14978920409345517,0.533964970842786,0.0,0.0,1e-12,0.2199999925521492,0.8302705037099954,0.6,0.6,0.6740057431011379,12,64.98439826278047,478963.09688020847,478920.5247261971,42.241753647759204,0.33040036361328684,0.0,0
114.784,0.11685975395541962,0.16175896306572365,0.6169920212203952,0.0,0.0,1e-12,0.2199999925521492,0.8302705037099954,0.6,0.6,0.652288052781321,12,64.98439826278047,478963.09688020847,478920.5247261971,42.241753647759204,0.33040036361328684,0.0,0
114.89,0.13425472374483746,0.17521767844363695,0.7000190715963913,0.0,0.0,1e-12,0.2199999925521492,0.8302705037099954,0.6,0.6,0.6303639290606745,12,64.98439826278047,478963.09688020847,478920.5247261971,42.241753647759204,0.33040036361328684,0.0,0
114.984,0.15047361789262992,0.1900726259771128,0.7830461219716773,0.0,0.0,1e-12,0.2199999925521492,0.8302705037099954,0.6,0.6,0.6083702985713892,12,64.98439826278047,478963.09688020847,478920.5247261971,42.241753647759204,0.33040036361328684,0.0,0
115.085,0.1654046958087068,0.20622146202981542,0.866073172343545,0.0,0.0,1e-12,0.2199999925521492,0.8302705037099954,0.6,0.6,0.5864593893792296,12,64.98439826278047,478963.09688020847,478920.5247261971,42.241753647759204,0.33040036361328684,0.0,0
115.184,0.17894508935439415,0.22355292867939358,0.9491002227147026,0.0,0.0,1e-12,0.2199999925521492,0.8302705037099954,0.6,0.6,0.5648005269868653,12,64.98439826278047,478963.09688020847,478920.5247261971,42.241753647759204,0.33040036361328684,0.0,0
115.285,0.19100151155524664,0.2419476202319686,1.032127273084787,0.0,0.0,1e-12,0.2199999925521492,0.8302705037099954,0.6,0.6,0.5435818891461006,12,64.98439826278047,478963.09688020847,478920.5247261971,42.241753647759204,0.33040036361328684,0.0,0
115.385,0.20149089930486752,0.26127880587161695,1.1151543234519086,0.0,0.0,1e-12,0.2199999925521492,0.8302705037099954,0.6,0.6,0.523011998608637,12,64.98439826278047,478963.09688020847,478920.5247261971,42.241753647759204,0.33040036361328684,0.0,0
115.484,0.210340985630973,0.2814133027767015,1.1981813738180709,0.0,0.0,1e-12,0.2199999925521492,0.8302705037099954,0.6,0.6,0.5033206047110442,12,64.98439826278047,478963.09688020847,478920.5247261971,42.241753647759204,0.33040036361328684,0.0,0
115.586,0.21749079758079312,0.3022123936869123,1.281208424183544,0.0,0.0,1e-12,0.2199999925521492,0.8302705037099954,0.6,0.6,0.48475844336025364,12,64.98439826278047,478963.09688020847,478920.5247261971,42.241753647759204,0.33040036361328684,0.0,0
115.684,0.22289107629618102,0.3235327826000707,1.3642354745478091,0.0,0.0,1e-12,0.2199999925521492,0.8302705037099954,0.6,0.6,0.46759519098672575,12,64.98439826278047,478963.09688020847,478920.5247261971,42.241753647759204,0.33040036361328684,0.0,0
115.785,0.2265046163841846,0.34522758201449893,1.4472625249082234,0.0,0.0,1e-12,0.2199999925521492,0.8302705037099954,0.6,0.6,0.45211479355192963,12,64.98439826278047,478963.09688020847,478920.5247261971,42.241753647759204,0.33040036361328684,0.0,0
115.884,0.228306522244942,0.3671473249162764,1.5302895752679124,0.0,0.0,1e-12,0.2199999925521492,0.8302705037099954,0.6,0.6,0.43860735253674893,12,64.98439826278047,478963.09688020847,478920.5247261971,42.241753647759204,0.33040036361328684,0.0,0
115.984,0.22828437959036926,0.38914099453542983,1.6133166256263938,0.0,0.0,1e-12,0.2199999925521492,0.8302705037099954,0.6,0.6,0.42735702011552856,12,64.98439826278047,478963.09688020847,478920.5247261971,42.241753647759204,0.33040036361328684,0.0,0
116.085,0.2264383409730127,0.41105706478166415,1.6963436759834967,0.0,0.0,1e-12,0.2199999925521492,0.8302705037099954,0.6,0.6,0.4186260214844693,12,64.98439826278047,478963.09688020847,478920.5247261971,42.241753647759204,0.33040036361328684,0.0,0
116.184,0.2227811247350005,0.4327445441881031,1.7793707263393064,0.0,0.0,1e-12,0.2199999925521492,0.8302705037099954,0.6,0.6,0.4126359986174699,12,64.98439826278047,478963.09688020847,478920.5247261971,42.241753647759204,0.33040036361328684,0.0,0
116.284,0.2173379273845764,0.4540540161717772,1.8623977766939224,0.0,0.0,1e-12,0.2199999925521492,0.8302705037099954,0.6,0.6,0.4095491326006192,12,64.98439826278047,478963.09688020847,478920.5247261971,42.241753647759204,0.33040036361328684,0.0,0
116.384,0.2101462500039719,0.47483866844390893,1.9454248270533987,0.0,0.0,1e-12,0.2199999925521492,0.8302705037099954,0.6,0.6,0.40945244571605544,12,64.98439826278047,478963.09688020847,478920.5247261971,42.241753647759204,0.33040036361328684,0.0,0
116.472,0.20316690180552655,0.49099214516983225,2.011846467344879,0.0,0.0,1e-12,0.2199999925521492,0.8302705037099954,0.6,0.6,0.4115327693359297,12,64.98439826278047,478963.09688020847,478920.5247261971,42.241753647759204,0.33040036361328684,0.0,0
116.592,0.19072734916860842,0.5142653300660104,2.111478927780394,0.0,0.0,1e-12,0.2199999925521492,0.8302705037099954,0.6,0.6,0.41815611480312503,12,64.98439826278047,478963.09688020847,478920.5247261971,42.241753647759204,0.33040036361328684,0.0,0
116.686,0.17863391285230376,0.5326357081693451,2.194505978157676,0.0,0.0,1e-12,0.2199999925521492,0.8302705037099954,0.6,0.6,0.4267169169508112,12,64.98439826278047,478963.09688020847,478920.5247261971,42.241753647759204,0.33040036361328684,0.0,0
116.785,0.16505864905145082,0.5499398754805992,2.277533028533566,0.0,0.0,1e-12,0.2199999925521492,0.8302705037099954,0.6,0.6,0.4378127394581465,12,64.98439826278047,478963.09688020847,478920.5247261971,42.241753647759204,0.33040036361328684,0.0,0
116.866,0.15319404559436178,0.5629351552545518,2.3439546688340984,0.0,0.0,1e-12,0.2199999925521492,0.8302705037099954,0.6,0.6,0.4483406780656172,12,64.98439826278047,478963.09688020847,478920.5247261971,42.241753647759204,0.33040036361328684,0.0,0
116.984,0.13384631259215402,0.5808808743169487,2.443587129280514,0.0,0.0,1e-12,0.2199999925521492,0.8302705037099954,0.6,0.6,0.46654560468491835,12,64.98439826278047,478963.09688020847,478920.5247261971,42.241753647759204,0.33040036361328684,0.0,0
117.085,0.11642427832416254,0.5943045368409601,2.526614179651202,0.0,0.0,1e-12,0.2199999925521492,0.8302705037099954,0.6,0.6,0.48360926055536096,12,64.98439826278047,478963.09688020847,478920.5247261971,42.241753647759204,0.33040036361328684,0.0,0
117.192,0.09794901183854934,0.6062371192053695,2.6096412300208813,0.0,0.0,1e-12,0.2199999925521492,0.8302705037099954,0.6,0.6,0.502089729400902,12,64.98439826278047,478963.09688020847,478920.5247261971,42.241753647759204,0.33040036361328684,0.0,0
117.286,0.07854779907484799,0.6165964115022669,2.692668280387747,0.0,0.0,1e-12,0.2199999925521492,0.8302705037099954,0.6,0.6,0.5217162434929908,12,64.98439826278047,478963.09688020847,478920.5247261971,42.241753647759204,0.33040036361328684,0.0,0
117.364,0.0624497795766766,0.6237027382489321,2.759089920680421,0.0,0.0,1e-12,0.2199999925521492,0.8302705037099954,0.6,0.6,0.5380725409065779,12,64.98439826278047,478963.09688020847,478920.5247261971,42.241753647759204,0.33040036361328684,0.0,0
117.491,0.03750765426149991,0.6323209741342317,2.8587223811189353,0.0,0.0,1e-12,0.2199999925521492,0.8302705037099954,0.6,0.6,0.5634201668234693,12,64.98439826278047,478963.09688020847,478920.5247261971,42.241753647759204,0.33040036361328684,0.0,0
117.586,0.016151469602157603,0.6375779095921091,2.9417494314831716,0.0,0.0,1e-12,0.2199999925521492,0.8302705037099954,0.6,0.6,0.585056583363552,12,64.98439826278047,478963.09688020847,478920.5247261971,42.241753647759204,0.33040036361328684,0.0,0
117.685,-0.005567114551548931,0.6410456316047797,3.024776481843231,0.0,0.0,1e-12,0.2199999925521492,0.8302705037099954,0.6,0.6,0.6069565668976027,12,64.98439826278047,478963.09688020847,478920.5247261971,42.241753647759204,0.33040036361328684,0.0,0
117.784,-0.027498467320054735,0.6427002491906779,3.107803532202906,0.0,0.0,1e-12,0.2199999925521492,0.8302705037099954,0.6,0.6,0.6289496305507809,12,64.98439826278047,478963.09688020847,478920.5247261971,42.241753647759204,0.33040036361328684,0.0,0
117.884,-0.04949149194676408,0.6425303628089969,-3.0923547246183274,0.0,0.0,1e-12,0.2199999925521492,0.8302705037099954,0.6,0.6,0.6508825008186181,12,64.98439826278047,478963.09688020847,478920.5247261971,42.241753647759204,0.33040036361328684,0.0,0
117.985,-0.07139466678510506,0.6405371428974139,-3.009327674261324,0.0,0.0,1e-12,0.2199999925521492,0.8302705037099954,0.6,0.6,0.6726173195374675,12,64.98439826278047,478963.09688020847,478920.5247261971,42.241753647759204,0.33040036361328684,0.0,0
118.086,-0.09305708921152904,0.6367343218082896,-2.9263006239055995,0.0,0.0,1e-12,0.2199999925521492,0.8302705037099954,0.6,0.6,0.6940299268079672,12,64.98439826278047,478963.09688020847,478920.5247261971,42.241753647759204,0.33040036361328684,0.0,0
118.185,-0.11432951527393778,0.6311480991991489,-2.843273573551026,0.0,0.0,1e-12,0.2199999925521492,0.8302705037099954,0.6,0.6,0.7150082939905095,12,64.98439826278047,478963.09688020847,478920.5247261971,42.241753647759204,0.33040036361328684,0.0,0
118.284,-0.1350653879125875,0.6238169615293043,-2.7602465231906548,0.0,0.0,1e-12,0.2199999925521492,0.8302705037099954,0.6,0.6,0.7354511351297046,12,64.98439826278047,478963.09688020847,478920.5247261971,42.241753647759204,0.33040036361328684,0.0,0
118.385,-0.155121846669613,0.6147914169060713,-2.677219472827214,0.0,0.0,1e-12,0.2199999925521492,0.8302705037099954,0.6,0.6,0.7552667007963583,12,64.98439826278047,478963.09688020847,478920.5247261971,42.241753647759204,0.33040036361328684,0.0,0
118.484,-0.17436071193086525,0.6041336471078871,-2.594192422462579,0.0,0.0,1e-12,0.2199999925521492,0.8302705037099954,0.6,0.6,0.7743717448490027,12,64.98439826278047,478963.09688020847,478920.5247261971,42.241753647759204,0.33040036361328684,0.0,0
118.584,-0.19264943691849085,0.5919170791806156,-2.5111653720855385,0.0,0.0,1e-12,0.2199999925521492,0.8302705037099954,0.6,0.6,0.7926906480186158,12,64.98439826278047,478963.09688020847,478920.5247261971,42.241753647759204,0.33040036361328684,0.0,0
118.684,-0.20986202087708739,0.5782258795594112,-2.428138321709734,0.0,0.0,1e-12,0.2199999925521492,0.8302705037099954,0.6,0.6,0.8101546797865709,12,64.98439826278047,478963.09688020847,478920.5247261971,42.241753647759204,0.33040036361328684,0.0,0
118.786,-0.22587987715884267,0.5631543742020666,-2.3451112713349387,0.0,0.0,1e-12,0.2199999925521492,0.8302705037099954,0.6,0.6,0.8267013799651882,12,64.98439826278047,478963.09688020847,478920.5247261971,42.241753647759204,0.33040036361328684,0.0,0
118.885,-0.24059265023050724,0.5468063987269498,-2.2620842209630565,0.0,0.0,1e-12,0.2199999925521492,0.8302705037099954,0.6,0.6,0.8422740426001172,12,64.98439826278047,478963.09688020847,478920.5247261971,42.241753647759204,0.33040036361328684,0.0,0
118.984,-0.2538989759715496,0.5292945830339129,-2.1790571705924817,0.0,0.0,1e-12,0.2199999925521492,0.8302705037099954,0.6,0.6,0.8568212865899221,12,64.98439826278047,478963.09688020847,478920.5247261971,42.241753647759204,0.33040036361328684,0.0,0
119.084,-0.2657071800252418,0.5107395753372179,-2.096030120223044,0.0,0.0,1e-12,0.2199999925521492,0.8302705037099954,0.6,0.6,0.8702966993837428,12,64.98439826278047,478963.09688020847,478920.5247261971,42.241753647759204,0.33040036361328684,0.0,0
119.185,-0.27593590939203233,0.4912692109560347,-2.013003069856306,0.0,0.0,1e-12,0.2199999925521492,0.8302705037099954,0.6,0.6,0.8826585420470193,12,64.98439826278047,478963.09688020847,478920.5247261971,42.241753647759204,0.33040036361328684,0.0,0
119.285,-0.2845146929138854,0.47101763158839843,-1.9299760194905486,0.0,0.0,1e-12,0.2199999925521492,0.8302705037099954,0.6,0.6,0.8938695057678224,12,64.98439826278047,478963.09688020847,478920.5247261971,42.241753647759204,0.33040036361328684,0.0,0
119.385,-0.29138442678740495,0.45012436113792,-1.8469489691252035,0.0,0.0,1e-12,0.2199999925521492,0.8302705037099954,0.6,0.6,0.9038965114676719,12,64.98439826278047,478963.09688020847,478920.5247261971,42.241753647759204,0.33040036361328684,0.0,0
119.487,-0.29649778176127495,0.42873334445980943,-1.7639219187611088,0.0,0.0,1e-12,0.2199999925521492,0.8302705037099954,0.6,0.6,0.9127105455744493,12,64.98439826278047,478963.09688020847,478920.5247261971,42.241753647759204,0.33040036361328684,0.0,0
119.584,-0.2998195292128535,0.4069919556480138,-1.6808948684012635,0.0,0.0,1e-12,0.2199999925521492,0.8302705037099954,0.6,0.6,0.9202865262174708,12,64.98439826278047,478963.09688020847,478920.5247261971,42.241753647759204,0.33040036361328684,0.0,0
119.689,-0.3013267838569832,0.38504998269544305,-1.5978678180416166,0.0,0.0,1e-12,0.2199999925521492,0.8302705037099954,0.6,0.6,0.926603195136517,12,64.98439826278047,478963.09688020847,478920.5247261971,42.241753647759204,0.33040036361328684,0.0,0
119.784,-0.3010091614145476,0.3630585955268751,-1.5148407676833768,0.0,0.0,1e-12,0.2199999925521492,0.8302705037099954,0.6,0.6,0.9316430314807508,12,64.98439826278047,478963.09688020847,478920.5247261971,42.241753647759204,0.33040036361328684,0.0,0
119.865,-0.2994421999804589,0.3455317377517324,-1.448419127397865,0.0,0.0,1e-12,0.2199999925521492,0.8302705037099954,0.6,0.6,0.9347461514215188,12,64.98439826278047,478963.09688020847,478920.5247261971,42.241753647759204,0.33040036361328684,0.0,0
119.984,-0.2949205958228846,0.3195329166079633,-1.3487866669709474,0.0,0.0,1e-12,0.2199999925521492,0.8302705037099954,0.6,0.6,0.9378404222971104,12,64.98439826278047,478963.09688020847,478920.5247261971,42.241753647759204,0.33040036361328684,0.0,0
120.085,-0.2891916000410615,0.2982984964145277,-1.2657596166165022,0.0,0.0,1e-12,0.2199999925521492,0.8302705037099954,0.6,0.6,0.9389810961086053,12,64.98439826278047,478963.09688020847,478920.5247261971,42.241753647759204,0.33040036361328684,0.0,0
120.164,-0.28335238777676525,0.2816988063047161,-1.1993379763283327,0.0,0.0,1e-12,0.2199999925521492,0.8302705037099954,0.6,0.6,0.9389499938222244,12,64.98439826278047,478963.09688020847,478920.5247261971,42.241753647759204,0.33040036361328684,0.0,0
120.293,-0.27256126107307416,0.2576169627396596,-1.0997055158921354,0.0,0.0,1e-12,0.2199999925521492,0.8302705037099954,0.6,0.6,0.9373309439728581,12,64.98439826278047,478963.09688020847,478920.5247261971,42.241753647759204,0.33040036361328684,0.0,0
120.385,-0.261774493139081,0.23845012598579743,-1.0166784655260512,0.0,0.0,1e-12,0.2199999925521492,0.8302705037099954,0.6,0.6,0.9345445887836522,12,64.98439826278047,478963.09688020847,478920.5247261971,42.241753647759204,0.33040036361328684,0.0,0
120.488,-0.2494353448903795,0.22024387941791554,-0.9336514151492095,0.0,0.0,1e-12,0.2199999925521492,0.8302705037099954,0.6,0.6,0.9304596263506508,12,64.98439826278047,478963.09688020847,478920.5247261971,42.241753647759204,0.33040036361328684,0.0,0
120.585,-0.2356288272831723,0.20312365555366255,-0.8506243647734478,0.0,0.0,1e-12,0.2199999925521492,0.8302705037099954,0.6,0.6,0.9250872227891473,12,64.98439826278047,478963.09688020847,478920.5247261971,42.241753647759204,0.33040036361328684,0.0,0
120.687,-0.22045006076224383,0.18720740472309247,-0.7675973143989934,0.0,0.0,1e-12,0.2199999925521492,0.8302705037099954,0.6,0.6,0.9184421750552477,12,64.98439826278047,478963.09688020847,478920.5247261971,42.241753647759204,0.33040036361328684,0.0,0
120.786,-0.20400361992514596,0.17260478244538904,-0.6845702640271112,0.0,0.0,1e-12,0.2199999925521492,0.8302705037099954,0.6,0.6,0.9105429659501476,12,64.98439826278047,478963.09688020847,478920.5247261971,42.241753647759204,0.33040036361328684,0.0,0
120.889,-0.1864028130519997,0.1594163939536977,-0.6015432136566501,0.0,0.0,1e-12,0.2199999925521492,0.8302705037099954,0.6,0.6,0.9014118361175771,12,64.98439826278047,478963.09688020847,478920.5247261971,42.241753647759204,0.33040036361328684,0.0,0
120.984,-0.1677689014646534,0.14773310107228127,-0.5185161632874539,0.0,0.0,1e-12,0.2199999925521492,0.8302705037099954,0.6,0.6,0.891074875597969,12,64.98439826278047,478963.09688020847,478920.5247261971,42.241753647759204,0.33040036361328684,0.0,0
121.084,-0.14823026409314688,0.1376353962211803,-0.4354891129208439,0.0,0.0,1e-12,0.2199999925521492,0.8302705037099954,0.6,0.6,0.8795621381872035,12,64.98439826278047,478963.09688020847,478920.5247261971,42.241753647759204,0.33040036361328684,0.0,0
121.185,-0.12792151300444493,0.12919284786082982,-0.35246206255510076,0.0,0.0,1e-12,0.2199999925521492,0.8302705037099954,0.6,0.6,0.8669077826390048,12,64.98439826278047,478963.09688020847,478920.5247261971,42.241753647759204,0.33040036361328684,0.0,0
121.29,-0.106982565988612,0.12246362119814323,-0.2694350121899119,0.0,0.0,1e-12,0.2199999925521492,0.8302705037099954,0.6,0.6,0.8531502456724914,12,64.98439826278047,478963.09688020847,478920.5247261971,42.241753647759204,0.33040036361328684,0.0,0
121.386,-0.08555768259100906,0.11749407745550422,-0.18640796182612987,0.0,0.0,1e-12,0.2199999925521492,0.8302705037099954,0.6,0.6,0.8383324528193273,12,64.98439826278047,478963.09688020847,478920.5247261971,42.241753647759204,0.33040036361328684,0.0,0
121.487,-0.06379447023134925,0.11431845446345888,-0.10338091146629849,0.0,0.0,1e-12,0.2199999925521492,0.8302705037099954,0.6,0.6,0.8225020743952448,12,64.98439826278047,478963.09688020847,478920.5247261971,42.241753647759204,0.33040036361328684,0.0,0
121.584,-0.0418428672566663,0.1129586307780544,-0.020353861106680277,0.0,0.0,1e-12,0.2199999925521492,0.8302705037099954,0.6,0.6,0.8057118353244205,12,64.98439826278047,478963.09688020847,478920.5247261971,42.241753647759204,0.33040036361328684,0.0,0
121.686,-0.019854109938043762,0.11342397494809034,0.06267318925147422,0.0,0.0,1e-12,0.2199999925521492,0.8302705037099954,0.6,0.6,0.7880198891921453,12,64.98439826278047,478963.09688020847,478920.5247261971,42.241753647759204,0.33040036361328684,0.0,0
121.786,0.0020203094777220083,0.1157112809699923,0.14570023960822184,0.0,0.0,1e-12,0.2199999925521492,0.8302705037099954,0.6,0.6,0.7694902687213433,12,64.98439826278047,478963.09688020847,478920.5247261971,42.241753647759204,0.33040036361328684,0.0,0
121.884,0.02362968647850498,0.11980479037575648,0.2287272899637331,0.0,0.0,1e-12,0.2199999925521492,0.8302705037099954,0.6,0.6,0.7501934268273334,12,64.98439826278047,478963.09688020847,478920.5247261971,42.241753647759204,0.33040036361328684,0.0,0
121.985,0.044825142570350474,0.12567630080139194,0.3117543403180791,0.0,0.0,1e-12,0.2199999925521492,0.8302705037099954,0.6,0.6,0.7302068843440763,12,64.98439826278047,478963.09688020847,478920.5247261971,42.241753647759204,0.33040036361328684,0.0,0
122.091,0.06546065098060141,0.13328536028808324,0.39478139068025525,0.0,0.0,1e-12,0.2199999925521492,0.8302705037099954,0.6,0.6,0.709616002195206,12,64.98439826278047,478963.09688020847,478920.5247261971,42.241753647759204,0.33040036361328684,0.0,0
122.186,0.08539404271386995,0.14257954597721667,0.47780844104299985,0.0,0.0,1e-12,0.2199999925521492,0.8302705037099954,0.6,0.6,0.6885148967399206,12,64.98439826278047,478963.09688020847,478920.5247261971,42.241753647759204,0.33040036361328684,0.0,0
122.284,0.10448798603028814,0.15349482527917885,0.5608354914105336,0.0,0.0,1e-12,0.2199999925521492,0.8302705037099954,0.6,0.6,0.6670075164799801,12,64.98439826278047,478963.09688020847,478920.5247261971,42.241753647759204,0.33040036361328684,0.0,0
122.385,0.12261093259632977,0.16595599702815084,0.6438625417871479,0.0,0.0,1e-12,0.2199999925521492,0.8302705037099954,0.6,0.6,0.6452088950040696,12,64.98439826278047,478963.09688020847,478920.5247261971,42.241753647759204,0.33040036361328684,0.0,0
122.484,0.13963802379241286,0.17987720958312473,0.7268895921628244,0.0,0.0,1e-12,0.2199999925521492,0.8302705037099954,0.6,0.6,0.6232465869665206,12,64.98439826278047,478963.09688020847,478920.5247261971,42.241753647759204,0.33040036361328684,0.0,0
122.584,0.1554519509289419,0.1951625523047753,0.8099166425369376,0.0,0.0,1e-12,0.2199999925521492,0.8302705037099954,0.6,0.6,0.6012622780361891,12,64.98439826278047,478963.09688020847,478920.5247261971,42.241753647759204,0.33040036361328684,0.0,0
122.685,0.16994376344912013,0.21170671633543348,0.8929436929087773,0.0,0.0,1e-12,0.2199999925521492,0.8302705037099954,0.6,0.6,0.5794135317157495,12,64.98439826278047,478963.09688020847,478920.5247261971,42.241753647759204,0.33040036361328684,0.0,0
122.784,0.1830136195471721,0.22939572012790266,0.9759707432791958,0.0,0.0,1e-12,0.2199999925521492,0.8302705037099954,0.6,0.6,0.5578755898429921,12,64.98439826278047,478963.09688020847,478920.5247261971,42.241753647759204,0.33040036361328684,0.0,0
122.884,0.19457147403153524,0.2481076947248329,1.0589977936480937,0.0,0.0,1e-12,0.2199999925521492,0.8302705037099954,0.6,0.6,0.5368430722108961,12,64.98439826278047,478963.09688020847,478920.5247261971,42.241753647759204,0.33040036361328684,0.0,0
122.969,0.2026752419012792,0.26372739567929854,1.1254194339414354,0.0,0.0,1e-12,0.2199999925521492,0.8302705037099954,0.6,0.6,0.5205249540750511,12,64.98439826278047,478963.09688020847,478920.5247261971,42.241753647759204,0.33040036361328684,0.0,0
123.084,0.2128436309111941,0.28807872972783255,1.2250518943803188,0.0,0.0,1e-12,0.2199999925521492,0.8302705037099954,0.6,0.6,0.49717696343880435,12,64.98439826278047,478963.09688020847,478920.5247261971,42.241753647759204,0.33040036361328684,0.0,0
123.185,0.2194320466973754,0.3090624084100441,1.3080789447454226,0.0,0.0,1e-12,0.2199999925521492,0.8302705037099954,0.6,0.6,0.47903721074788397,12,64.98439826278047,478963.09688020847,478920.5247261971,42.241753647759204,0.33040036361328684,0.0,0
123.275,0.22343525868084582,0.3261977638315053,1.3745005850367606,0.0,0.0,1e-12,0.2199999925521492,0.8302705037099954,0.6,0.6,0.4655842232460521,12,64.98439826278047,478963.09688020847,478920.5247261971,42.241753647759204,0.33040036361328684,0.0,0
123.393,0.22728691017935942,0.35230424551201694,1.4741330454686379,0.0,0.0,1e-12,0.2199999925521492,0.8302705037099954,0.6,0.6,0.44751338987232553,12,64.98439826278047,478963.09688020847,478920.5247261971,42.241753647759204,0.33040036361328684,0.0,0
123.488,0.22849924154211704,0.37426448791232503,1.5571600958281424,0.0,0.0,1e-12,0.2199999925521492,0.8302705037099954,0.6,0.6,0.4347060327994852,12,64.98439826278047,478963.09688020847,478920.5247261971,42.241753647759204,0.33040036361328684,0.0,0
123.564,0.22815481410772626,0.3918578810287221,1.6235817361146347,0.0,0.0,1e-12,0.2199999925521492,0.8302705037099954,0.6,0.6,0.4261361096658123,12,64.98439826278047,478963.09688020847,478920.5247261971,42.241753647759204,0.33040036361328684,0.0,0
123.692,0.225451999076827,0.41810818380659925,1.7232141965429308,0.0,0.0,1e-12,0.2199999925521492,0.8302705037099954,0.6,0.6,0.4163782388570266,12,64.98439826278047,478963.09688020847,478920.5247261971,42.241753647759204,0.33040036361328684,0.0,0
123.786,0.2212134193232539,0.4396895747555012,1.8062412468983002,0.0,0.0,1e-12,0.2199999925521492,0.8302705037099954,0.6,0.6,0.41131339164055075,12,64.98439826278047,478963.09688020847,478920.5247261971,42.241753647759204,0.33040036361328684,0.0,0
123.885,0.2151996592138494,0.46084511027144476,1.8892682972525183,0.0,0.0,1e-12,0.2199999925521492,0.8302705037099954,0.6,0.6,0.409188691931368,12,64.98439826278047,478963.09688020847,478920.5247261971,42.241753647759204,0.33040036361328684,0.0,0
123.985,0.20745215074115275,0.48142903861585024,1.9722953476156464,0.0,0.0,1e-12,0.2199999925521492,0.8302705037099954,0.6,0.6,0.410064491075865,12,64.98439826278047,478963.09688020847,478920.5247261971,42.241753647759204,0.33040036361328684,0.0,0
124.086,0.1980242706125374,0.5012995461558059,2.0553223979780357,0.0,0.0,1e-12,0.2199999925521492,0.8302705037099954,0.6,0.6,0.41391577235668664,12,64.98439826278047,478963.09688020847,478920.5247261971,42.241753647759204,0.33040036361328684,0.0,0
124.164,0.1893153698354585,0.5165901039892833,2.1217440382711503,0.0,0.0,1e-12,0.2199999925521492,0.8302705037099954,0.6,0.6,0.41906929761783407,12,64.98439826278047,478963.09688020847,478920.5247261971,42.241753647759204,0.33040036361328684,0.0,0
124.265,0.1770340000220993,0.5348353759549679,2.2047710886480774,0.0,0.0,1e-12,0.2199999925521492,0.8302705037099954,0.6,0.6,0.4279563825487778,12,64.98439826278047,478963.09688020847,478920.5247261971,42.241753647759204,0.33040036361328684,0.0,0
124.391,0.1603630602993519,0.5552917532921232,2.3044035490989687,0.0,0.0,1e-12,0.2199999925521492,0.8302705037099954,0.6,0.6,0.4419043630391577,12,64.98439826278047,478963.09688020847,478920.5247261971,42.241753647759204,0.33040036361328684,0.0,0
124.489,0.14497183114923473,0.5710026431092549,2.387430599472812,0.0,0.0,1e-12,0.2199999925521492,0.8302705037099954,0.6,0.6,0.45595118286317643,12,64.98439826278047,478963.09688020847,478920.5247261971,42.241753647759204,0.33040036361328684,0.0,0
124.564,0.13175352616810035,0.5826182586770319,2.453852239770332,0.0,0.0,1e-12,0.2199999925521492,0.8302705037099954,0.6,0.6,0.46856897591221985,12,64.98439826278047,478963.09688020847,478920.5247261971,42.241753647759204,0.33040036361328684,0.0,0
124.697,0.1105542880323375,0.5983337258178578,2.553484700214942,0.0,0.0,1e-12,0.2199999925521492,0.8302705037099954,0.6,0.6,0.4894485483002091,12,64.98439826278047,478963.09688020847,478920.5247261971,42.241753647759204,0.33040036361328684,0.0,0
124.793,0.091765094829593,0.6097656203409774,2.6365117505835984,0.0,0.0,1e-12,0.2199999925521492,0.8302705037099954,0.6,0.6,0.5083287186203596,12,64.98439826278047,478963.09688020847,478920.5247261971,42.241753647759204,0.33040036361328684,0.0,0
124.884,0.07209255964278796,0.6195999150751803,2.7195388009499952,0.0,0.0,1e-12,0.2199999925521492,0.8302705037099954,0.6,0.6,0.5282711635660777,12,63.30655881765904,459245.6412833078,459203.06911922374,42.24176372045021,0.33040036361328684,0.0,0
124.985,0.051672217032118224,0.6277688563324602,2.8025658513156673,0.0,0.0,1e-12,0.2199999925521492,0.8302705037099954,0.6,0.6,0.5490304790778789,12,63.30655881765904,459245.6412833078,459203.06911922374,42.24176372045021,0.33040036361328684,0.0,0
125.085,0.03064475360108743,0.6342161639307532,2.8855929016807,0.0,0.0,1e-12,0.2199999925521492,0.8302705037099954,0.6,0.6,0.570382452812236,12,63.30655881765904,459245.6412833078,459203.06911922374,42.24176372045021,0.33040036361328684,0.0,0
125.184,0.009155038731764648,0.6388974189380998,2.968619952043743,0.0,0.0,1e-12,0.2199999925521492,0.8302705037099954,0.6,0.6,0.5921239544690863,12,63.30655881765904,459245.6412833078,459203.06911922374,42.24176372045021,0.33040036361328684,0.0,0
125.285,-0.012648873497809014,0.6417803696984512,3.0516470024035316,0.0,0.0,1e-12,0.2199999925521492,0.8302705037099954,0.6,0.6,0.6140718536867437,12,63.30655881765904,459245.6412833078,459203.06911922374,42.24176372045021,0.33040036361328684,0.0,0
125.384,-0.03461676433739568,0.6428451540304269,3.1346740527629082,0.0,0.0,1e-12,0.2199999925521492,0.8302705037099954,0.6,0.6,0.6360614316258741,12,63.30655881765904,459245.6412833078,459203.06911922374,42.24176372045021,0.33040036361328684,0.0,0
125.484,-0.05659728530019639,0.6420844360682985,-3.0654842040587087,0.0,0.0,1e-12,0.2199999925521492,0.8302705037099954,0.6,0.6,0.6579445985968531,12,63.30655881765904,459245.6412833078,459203.06911922374,42.24176372045021,0.33040036361328684,0.0,0
125.584,-0.07843900088405394,0.6395034568028257,-2.982457153702103,0.0,0.0,1e-12,0.2199999925521492,0.8302705037099954,0.6,0.6,0.6795881112997241,12,63.30655881765904,459245.6412833078,459203.06911922374,42.24176372045021,0.33040036361328684,0.0,0
125.685,-0.09999143189092935,0.6351199979732234,-2.899430103346734,0.0,0.0,1e-12,0.2199999925521492,0.8302705037099954,0.6,0.6,0.7008718991216246,12,63.30655881765904,459245.6412833078,459203.06911922374,42.24176372045021,0.33040036361328684,0.0,0
125.784,-0.12110609215814898,0.6289642595592942,-2.8164030529925443,0.0,0.0,1e-12,0.2199999925521492,0.8302705037099954,0.6,0.6,0.7216875532246728,12,63.30655881765904,459245.6412833078,459203.06911922374,42.24176372045021,0.33040036361328684,0.0,0
125.886,-0.14163751155842924,0.621078651717646,-2.7333760026285208,0.0,0.0,1e-12,0.2199999925521492,0.8302705037099954,0.6,0.6,0.741936997398575,12,63.30655881765904,459245.6412833078,459203.06911922374,42.24176372045021,0.33040036361328684,0.0,0
125.986,-0.16144423822089268,0.611517502595695,-2.6503489522664725,0.0,0.0,1e-12,0.2199999925521492,0.8302705037099954,0.6,0.6,0.7615313393326879,12,63.30655881765904,459245.6412833078,459203.06911922374,42.24176372045021,0.33040036361328684,0.0,0
126.097,-0.18038981306877933,0.6003466840361229,-2.5673219018964093,0.0,0.0,1e-12,0.2199999925521492,0.8302705037099954,0.6,0.6,0.7803898900750478,12,63.30655881765904,459245.6412833078,459203.06911922374,42.24176372045021,0.33040036361328684,0.0,0
126.185,-0.19834370995793466,0.5876431577505914,-2.4842948515200507,0.0,0.0,1e-12,0.2199999925521492,0.8302705037099954,0.6,0.6,0.7984393344392395,12,63.30655881765904,459245.6412833078,459203.06911922374,42.24176372045021,0.33040036361328684,0.0,0
126.285,-0.2151822349418672,0.5734944450895011,-2.4012678011443596,0.0,0.0,1e-12,0.2199999925521492,0.8302705037099954,0.6,0.6,0.8156130336170033,12,63.30655881765904,459245.6412833078,459203.06911922374,42.24176372045021,0.33040036361328684,0.0,0
126.388,-0.23078937846393097,0.5579980240614548,-2.3182407507708436,0.0,0.0,1e-12,0.2199999925521492,0.8302705037099954,0.6,0.6,0.8318504416968394,12,63.30655881765904,459245.6412833078,459203.06911922374,42.24176372045021,0.33040036361328684,0.0,0
126.468,-0.24231593693021974,0.5447019885051013,-2.2518191104733236,0.0,0.0,1e-12,0.2199999925521492,0.8302705037099954,0.6,0.6,0.8441291415902688,12,63.30655881765904,459245.6412833078,459203.06911922374,42.24176372045021,0.33040036361328684,0.0,0
126.591,-0.25788864190993405,0.5233976587900911,-2.1521866500288414,0.0,0.0,1e-12,0.2199999925521492,0.8302705037099954,0.6,0.6,0.8613018289757142,12,63.30655881765904,459245.6412833078,459203.06911922374,42.24176372045021,0.33040036361328684,0.0,0
126.686,-0.2691940605917474,0.5045320948698899,-2.069159599660398,0.0,0.0,1e-12,0.2199999925521492,0.8302705037099954,0.6,0.6,0.8744212004965924,12,63.30655881765904,459245.6412833078,459203.06911922374,42.24176372045021,0.33040036361328684,0.0,0
126.791,-0.2788959816114821,0.4847939409004309,-1.9861325492941293,0.0,0.0,1e-12,0.2199999925521492,0.8302705037099954,0.6,0.6,0.8864144530331531,12,63.30655881765904,459245.6412833078,459203.06911922374,42.24176372045021,0.33040036361328684,0.0,0
126.866,-0.285457699140719,0.468466357654145,-1.9197109090015831,0.0,0.0,1e-12,0.2199999925521492,0.8302705037099954,0.6,0.6,0.8951739697044052,12,63.30655881765904,459245.6412833078,459203.06911922374,42.24176372045021,0.33040036361328684,0.0,0
126.964,-0.292112603113824,0.447503670643201,-1.8366838586364083,0.0,0.0,1e-12,0.2199999925521492,0.8302705037099954,0.6,0.6,0.9050524996384578,12,63.30655881765904,459245.6412833078,459203.06911922374,42.24176372045021,0.33040036361328684,0.0,0
127.089,-0.2977702622535177,0.42172820754219964,-1.7370513982008646,0.0,0.0,1e-12,0.2199999925521492,0.8302705037099954,0.6,0.6,0.915299008943453,12,63.30655881765904,459245.6412833078,459203.06911922374,42.24176372045021,0.33040036361328684,0.0,0
127.184,-0.3005066784489509,0.399905420827205,-1.6540243478410903,0.0,0.0,1e-12,0.2199999925521492,0.8302705037099954,0.6,0.6,0.9224695759457328,12,63.30655881765904,459245.6412833078,459203.06911922374,42.24176372045021,0.33040036361328684,0.0,0
127.288,-0.3014238677002769,0.377930872879845,-1.5709972974818414,0.0,0.0,1e-12,0.2199999925521492,0.8302705037099954,0.6,0.6,0.9283747554084146,12,63.30655881765904,459245.6412833078,459203.06911922374,42.24176372045021,0.33040036361328684,0.0,0
127.366,-0.3008431066463738,0.36034369493101137,-1.504575657195335,0.0,0.0,1e-12,0.2199999925521492,0.8302705037099954,0.6,0.6,0.9321767253861309,12,63.30655881765904,459245.6412833078,459203.06911922374,42.24176372045021,0.33040036361328684,0.0,0
